raw_location,raw_location_norm,canonical_id,canonical_name,country_code,admin1,lat,lon,confidence,match_method
"#Brighton, UK","brighton, united kingdom",COUNTRY_GB,united kingdom,GB,,55.3781,-3.436,1.0,fuzzy_name_or_alt
* Montreal  ✈️ San Francisco *,montreal san francisco,CITY_SANFRANCISCO_US,san francisco,US,California,37.7749,-122.4194,1.0,fuzzy_name_or_alt
152 City Rd London EC1V 2NX,152 city rd london ec1v 2nx,CITY_LONDON_GB,london,GB,England,51.5074,-0.1278,1.0,fuzzy_name_or_alt
"162 N 12th St, Brooklyn, NY 11249, USA","162 n 12th st, brooklyn, ny 11249, united states",COUNTRY_US,united states,US,,37.0902,-95.7129,1.0,fuzzy_name_or_alt
ATL via LA,atl via los angeles,CITY_LOSANGELES_US,los angeles,US,California,34.0522,-118.2437,1.0,fuzzy_name_or_alt
"Aiken, South Carolina USA","aiken, south carolina united states",COUNTRY_US,united states,US,,37.0902,-95.7129,1.0,fuzzy_name_or_alt
"Alameda, CA, USA","alameda, ca, united states",COUNTRY_US,united states,US,,37.0902,-95.7129,1.0,fuzzy_name_or_alt
"Alaska, USA","alaska, united states",COUNTRY_US,united states,US,,37.0902,-95.7129,1.0,fuzzy_name_or_alt
"Albany, NY, USA","albany, ny, united states",COUNTRY_US,united states,US,,37.0902,-95.7129,1.0,fuzzy_name_or_alt
"Amsterdam, Prague & London","amsterdam, prague london",CITY_LONDON_GB,london,GB,England,51.5074,-0.1278,1.0,fuzzy_name_or_alt
"Ann Arbor, MI USA","ann arbor, mi united states",COUNTRY_US,united states,US,,37.0902,-95.7129,1.0,fuzzy_name_or_alt
"Ann Arbor, MI, USA","ann arbor, mi, united states",COUNTRY_US,united states,US,,37.0902,-95.7129,1.0,fuzzy_name_or_alt
"Ann Arbor, Michigan, US","ann arbor, michigan, united states",COUNTRY_US,united states,US,,37.0902,-95.7129,1.0,fuzzy_name_or_alt
"Arizona, USA","arizona, united states",COUNTRY_US,united states,US,,37.0902,-95.7129,1.0,fuzzy_name_or_alt
"Arlington, VA, USA","arlington, va, united states",COUNTRY_US,united states,US,,37.0902,-95.7129,1.0,fuzzy_name_or_alt
"Atlanta, GA USA","atlanta, ga united states",COUNTRY_US,united states,US,,37.0902,-95.7129,1.0,fuzzy_name_or_alt
Austin & San Francisco,austin san francisco,CITY_SANFRANCISCO_US,san francisco,US,California,37.7749,-122.4194,1.0,fuzzy_name_or_alt
"Austin, TX USA","austin, tx united states",COUNTRY_US,united states,US,,37.0902,-95.7129,1.0,fuzzy_name_or_alt
"Austin, TX, US","austin, tx, united states",COUNTRY_US,united states,US,,37.0902,-95.7129,1.0,fuzzy_name_or_alt
"Austin, TX, USA","austin, tx, united states",COUNTRY_US,united states,US,,37.0902,-95.7129,1.0,fuzzy_name_or_alt
BKK | UTP | EDI,bangkok utp edi,CITY_BANGKOK_TH,bangkok,TH,Bangkok,13.7563,100.5018,1.0,fuzzy_name_or_alt
Baldock/London - UK,baldock london - united kingdom,CITY_LONDON_GB,london,GB,England,51.5074,-0.1278,1.0,fuzzy_name_or_alt
Bangkok,bangkok,CITY_BANGKOK_TH,bangkok,TH,Bangkok,13.7563,100.5018,1.0,fuzzy_name_or_alt
"Bangkok, Thailand","bangkok, thailand",COUNTRY_TH,thailand,TH,,15.87,100.9925,1.0,fuzzy_name_or_alt
Barcelona - San Francisco,barcelona - san francisco,CITY_SANFRANCISCO_US,san francisco,US,California,37.7749,-122.4194,1.0,fuzzy_name_or_alt
"Bath, UK","bath, united kingdom",COUNTRY_GB,united kingdom,GB,,55.3781,-3.436,1.0,fuzzy_name_or_alt
"Baton Rouge, LA","baton rouge, los angeles",CITY_LOSANGELES_US,los angeles,US,California,34.0522,-118.2437,1.0,fuzzy_name_or_alt
"Bedford, TX, USA","bedford, tx, united states",COUNTRY_US,united states,US,,37.0902,-95.7129,1.0,fuzzy_name_or_alt
"Bedford, UK","bedford, united kingdom",COUNTRY_GB,united kingdom,GB,,55.3781,-3.436,1.0,fuzzy_name_or_alt
"Berkeley, United States","berkeley, united states",COUNTRY_US,united states,US,,37.0902,-95.7129,1.0,fuzzy_name_or_alt
"Birmingham, AL USA","birmingham, al united states",COUNTRY_US,united states,US,,37.0902,-95.7129,1.0,fuzzy_name_or_alt
"Birmingham, UK","birmingham, united kingdom",COUNTRY_GB,united kingdom,GB,,55.3781,-3.436,1.0,fuzzy_name_or_alt
"Boca Raton, FL, USA","boca raton, fl, united states",COUNTRY_US,united states,US,,37.0902,-95.7129,1.0,fuzzy_name_or_alt
Boston / LA,boston los angeles,CITY_LOSANGELES_US,los angeles,US,California,34.0522,-118.2437,1.0,fuzzy_name_or_alt
"Boston, MA USA","boston, ma united states",COUNTRY_US,united states,US,,37.0902,-95.7129,1.0,fuzzy_name_or_alt
"Boston, Massachusetts USA","boston, massachusetts united states",COUNTRY_US,united states,US,,37.0902,-95.7129,1.0,fuzzy_name_or_alt
"Boston, United States","boston, united states",COUNTRY_US,united states,US,,37.0902,-95.7129,1.0,fuzzy_name_or_alt
"Boulder, CO  USA","boulder, co united states",COUNTRY_US,united states,US,,37.0902,-95.7129,1.0,fuzzy_name_or_alt
"Brentwood, Los Angeles","brentwood, los angeles",CITY_LOSANGELES_US,los angeles,US,California,34.0522,-118.2437,1.0,fuzzy_name_or_alt
"Bridgeport, CT, USA","bridgeport, ct, united states",COUNTRY_US,united states,US,,37.0902,-95.7129,1.0,fuzzy_name_or_alt
"Brighton, UK","brighton, united kingdom",COUNTRY_GB,united kingdom,GB,,55.3781,-3.436,1.0,fuzzy_name_or_alt
"Bristol & London, UK","bristol london, united kingdom",COUNTRY_GB,united kingdom,GB,,55.3781,-3.436,1.0,fuzzy_name_or_alt
Bristol : London,bristol london,CITY_LONDON_GB,london,GB,England,51.5074,-0.1278,1.0,fuzzy_name_or_alt
Bristol UK,bristol united kingdom,COUNTRY_GB,united kingdom,GB,,55.3781,-3.436,1.0,fuzzy_name_or_alt
"Bristol, London & Paris","bristol, london paris",CITY_LONDON_GB,london,GB,England,51.5074,-0.1278,1.0,fuzzy_name_or_alt
"Bristol, UK","bristol, united kingdom",COUNTRY_GB,united kingdom,GB,,55.3781,-3.436,1.0,fuzzy_name_or_alt
Brooklyn & Newark USA,brooklyn newark united states,COUNTRY_US,united states,US,,37.0902,-95.7129,1.0,fuzzy_name_or_alt
"Brooklyn, NY 11211, USA","brooklyn, ny 11211, united states",COUNTRY_US,united states,US,,37.0902,-95.7129,1.0,fuzzy_name_or_alt
"Brooklyn, NYC","brooklyn, new york city",CITY_NEWYORK_US,new york city,US,New York,40.7128,-74.006,1.0,fuzzy_name_or_alt
Budapest / London / Auckland,budapest london auckland,CITY_LONDON_GB,london,GB,England,51.5074,-0.1278,1.0,fuzzy_name_or_alt
"Buffalo, NY, USA","buffalo, ny, united states",COUNTRY_US,united states,US,,37.0902,-95.7129,1.0,fuzzy_name_or_alt
Buffalo/Rochester/Lockport/NYC,buffalo rochester lockport new york city,CITY_NEWYORK_US,new york city,US,New York,40.7128,-74.006,1.0,fuzzy_name_or_alt
"Burlington, NC USA","burlington, nc united states",COUNTRY_US,united states,US,,37.0902,-95.7129,1.0,fuzzy_name_or_alt
"Burlington, NJ, USA","burlington, nj, united states",COUNTRY_US,united states,US,,37.0902,-95.7129,1.0,fuzzy_name_or_alt
"Burnham-on-Crouch, Essex, UK","burnham-on-crouch, essex, united kingdom",COUNTRY_GB,united kingdom,GB,,55.3781,-3.436,1.0,fuzzy_name_or_alt
CA & London,ca london,CITY_LONDON_GB,london,GB,England,51.5074,-0.1278,1.0,fuzzy_name_or_alt
CAN~IRL~USA,can irl united states,COUNTRY_US,united states,US,,37.0902,-95.7129,1.0,fuzzy_name_or_alt
"Calderdale, UK","calderdale, united kingdom",COUNTRY_GB,united kingdom,GB,,55.3781,-3.436,1.0,fuzzy_name_or_alt
"California, USA","california, united states",COUNTRY_US,united states,US,,37.0902,-95.7129,1.0,fuzzy_name_or_alt
Cambridge UK,cambridge united kingdom,COUNTRY_GB,united kingdom,GB,,55.3781,-3.436,1.0,fuzzy_name_or_alt
"Cambridge, UK","cambridge, united kingdom",COUNTRY_GB,united kingdom,GB,,55.3781,-3.436,1.0,fuzzy_name_or_alt
"Camden, London, United Kingdom","camden, london, united kingdom",COUNTRY_GB,united kingdom,GB,,55.3781,-3.436,1.0,fuzzy_name_or_alt
"Canton, GA, USA","canton, ga, united states",COUNTRY_US,united states,US,,37.0902,-95.7129,1.0,fuzzy_name_or_alt
"Cardiff, South Wales, UK","cardiff, south wales, united kingdom",COUNTRY_GB,united kingdom,GB,,55.3781,-3.436,1.0,fuzzy_name_or_alt
"Cardiff, United Kingdom","cardiff, united kingdom",COUNTRY_GB,united kingdom,GB,,55.3781,-3.436,1.0,fuzzy_name_or_alt
"Charleston, WV 25311, United States","charleston, wv 25311, united states",COUNTRY_US,united states,US,,37.0902,-95.7129,1.0,fuzzy_name_or_alt
"Charlottesville, VA, USA","charlottesville, va, united states",COUNTRY_US,united states,US,,37.0902,-95.7129,1.0,fuzzy_name_or_alt
"Cheltenham, UK","cheltenham, united kingdom",COUNTRY_GB,united kingdom,GB,,55.3781,-3.436,1.0,fuzzy_name_or_alt
"Chicago, IL, USA","chicago, il, united states",COUNTRY_US,united states,US,,37.0902,-95.7129,1.0,fuzzy_name_or_alt
"Colchester, Essex, UK","colchester, essex, united kingdom",COUNTRY_GB,united kingdom,GB,,55.3781,-3.436,1.0,fuzzy_name_or_alt
"Colchester, UK","colchester, united kingdom",COUNTRY_GB,united kingdom,GB,,55.3781,-3.436,1.0,fuzzy_name_or_alt
"College Park, MD, USA","college park, md, united states",COUNTRY_US,united states,US,,37.0902,-95.7129,1.0,fuzzy_name_or_alt
"Colorado, USA","colorado, united states",COUNTRY_US,united states,US,,37.0902,-95.7129,1.0,fuzzy_name_or_alt
"Connecticut, USA","connecticut, united states",COUNTRY_US,united states,US,,37.0902,-95.7129,1.0,fuzzy_name_or_alt
Conway SC USA,conway sc united states,COUNTRY_US,united states,US,,37.0902,-95.7129,1.0,fuzzy_name_or_alt
"County Durham, UK","county durham, united kingdom",COUNTRY_GB,united kingdom,GB,,55.3781,-3.436,1.0,fuzzy_name_or_alt
"Coupeville, Washington, USA","coupeville, washington, united states",COUNTRY_US,united states,US,,37.0902,-95.7129,1.0,fuzzy_name_or_alt
DC & NYC,dc new york city,CITY_NEWYORK_US,new york city,US,New York,40.7128,-74.006,1.0,fuzzy_name_or_alt
"Dave TV, Trump Sucks, USA's PP","dave tv, trump sucks, united states s pp",COUNTRY_US,united states,US,,37.0902,-95.7129,1.0,fuzzy_name_or_alt
Debajo de la cama,debajo de los angeles cama,CITY_LOSANGELES_US,los angeles,US,California,34.0522,-118.2437,1.0,fuzzy_name_or_alt
"Denver, CO USA","denver, co united states",COUNTRY_US,united states,US,,37.0902,-95.7129,1.0,fuzzy_name_or_alt
"Detroit, MI, USA","detroit, mi, united states",COUNTRY_US,united states,US,,37.0902,-95.7129,1.0,fuzzy_name_or_alt
"Detroit, Michigan, USA","detroit, michigan, united states",COUNTRY_US,united states,US,,37.0902,-95.7129,1.0,fuzzy_name_or_alt
"Devon and Cornwall, UK","devon and cornwall, united kingdom",COUNTRY_GB,united kingdom,GB,,55.3781,-3.436,1.0,fuzzy_name_or_alt
Dorking & Sutton UK,dorking sutton united kingdom,COUNTRY_GB,united kingdom,GB,,55.3781,-3.436,1.0,fuzzy_name_or_alt
Dublin - New York - London,dublin - new york - london,CITY_LONDON_GB,london,GB,England,51.5074,-0.1278,1.0,fuzzy_name_or_alt
"EHT, NJ, USA","eht, nj, united states",COUNTRY_US,united states,US,,37.0902,-95.7129,1.0,fuzzy_name_or_alt
"Earth, USA","earth, united states",COUNTRY_US,united states,US,,37.0902,-95.7129,1.0,fuzzy_name_or_alt
East London,east london,CITY_LONDON_GB,london,GB,England,51.5074,-0.1278,1.0,fuzzy_name_or_alt
"East Midlands, UK","east midlands, united kingdom",COUNTRY_GB,united kingdom,GB,,55.3781,-3.436,1.0,fuzzy_name_or_alt
East Sussex UK,east sussex united kingdom,COUNTRY_GB,united kingdom,GB,,55.3781,-3.436,1.0,fuzzy_name_or_alt
"Eastern NC, USA","eastern nc, united states",COUNTRY_US,united states,US,,37.0902,-95.7129,1.0,fuzzy_name_or_alt
"Edinburgh, UK","edinburgh, united kingdom",COUNTRY_GB,united kingdom,GB,,55.3781,-3.436,1.0,fuzzy_name_or_alt
En mi nube: la novena,en mi nube los angeles novena,CITY_LOSANGELES_US,los angeles,US,California,34.0522,-118.2437,1.0,fuzzy_name_or_alt
"England, United Kingdom","england, united kingdom",COUNTRY_GB,united kingdom,GB,,55.3781,-3.436,1.0,fuzzy_name_or_alt
"Essex, UK","essex, united kingdom",COUNTRY_GB,united kingdom,GB,,55.3781,-3.436,1.0,fuzzy_name_or_alt
"Exeter, UK and  ✈️","exeter, united kingdom and",COUNTRY_GB,united kingdom,GB,,55.3781,-3.436,1.0,fuzzy_name_or_alt
"Fargo, ND, USA","fargo, nd, united states",COUNTRY_US,united states,US,,37.0902,-95.7129,1.0,fuzzy_name_or_alt
"Florida, USA","florida, united states",COUNTRY_US,united states,US,,37.0902,-95.7129,1.0,fuzzy_name_or_alt
"Florissant, Missouri, USA","florissant, missouri, united states",COUNTRY_US,united states,US,,37.0902,-95.7129,1.0,fuzzy_name_or_alt
"Fort Greene, Brooklyn, USA","fort greene, brooklyn, united states",COUNTRY_US,united states,US,,37.0902,-95.7129,1.0,fuzzy_name_or_alt
France / Paris - Brest,france paris - brest,CITY_PARIS_FR,paris,FR,Ile-de-France,48.8566,2.3522,1.0,fuzzy_name_or_alt
France and UK,france and united kingdom,COUNTRY_GB,united kingdom,GB,,55.3781,-3.436,1.0,fuzzy_name_or_alt
"France, Paris + Lille","france, paris lille",CITY_PARIS_FR,paris,FR,Ile-de-France,48.8566,2.3522,1.0,fuzzy_name_or_alt
"Fredericksburg, VA, USA","fredericksburg, va, united states",COUNTRY_US,united states,US,,37.0902,-95.7129,1.0,fuzzy_name_or_alt
"Frisco, TX USA","frisco, tx united states",COUNTRY_US,united states,US,,37.0902,-95.7129,1.0,fuzzy_name_or_alt
"GA, USA","ga, united states",COUNTRY_US,united states,US,,37.0902,-95.7129,1.0,fuzzy_name_or_alt
"Georgia, USA","georgia, united states",COUNTRY_US,united states,US,,37.0902,-95.7129,1.0,fuzzy_name_or_alt
"Gonzales, LA","gonzales, los angeles",CITY_LOSANGELES_US,los angeles,US,California,34.0522,-118.2437,1.0,fuzzy_name_or_alt
"Goshen/Elkhart, IN, USA","goshen elkhart, in, united states",COUNTRY_US,united states,US,,37.0902,-95.7129,1.0,fuzzy_name_or_alt
"Gotham, USA","gotham, united states",COUNTRY_US,united states,US,,37.0902,-95.7129,1.0,fuzzy_name_or_alt
Greater Los Angeles Area,greater los angeles area,CITY_LOSANGELES_US,los angeles,US,California,34.0522,-118.2437,1.0,fuzzy_name_or_alt
"Half Moon Bay, California, USA","half moon bay, california, united states",COUNTRY_US,united states,US,,37.0902,-95.7129,1.0,fuzzy_name_or_alt
"Halifax, UK","halifax, united kingdom",COUNTRY_GB,united kingdom,GB,,55.3781,-3.436,1.0,fuzzy_name_or_alt
"Hammond, Louisiana, USA","hammond, louisiana, united states",COUNTRY_US,united states,US,,37.0902,-95.7129,1.0,fuzzy_name_or_alt
"Hebden Bridge, UK","hebden bridge, united kingdom",COUNTRY_GB,united kingdom,GB,,55.3781,-3.436,1.0,fuzzy_name_or_alt
"Hertfordshire, UK","hertfordshire, united kingdom",COUNTRY_GB,united kingdom,GB,,55.3781,-3.436,1.0,fuzzy_name_or_alt
"Hollister, CA, USA","hollister, ca, united states",COUNTRY_US,united states,US,,37.0902,-95.7129,1.0,fuzzy_name_or_alt
Hollywood / Los Angeles,hollywood los angeles,CITY_LOSANGELES_US,los angeles,US,California,34.0522,-118.2437,1.0,fuzzy_name_or_alt
"Homer,AK~Vail,CO~La Quinta,CA","homer,ak vail,co los angeles quinta,ca",CITY_LOSANGELES_US,los angeles,US,California,34.0522,-118.2437,1.0,fuzzy_name_or_alt
"Houston, Texas United States","houston, texas united states",COUNTRY_US,united states,US,,37.0902,-95.7129,1.0,fuzzy_name_or_alt
"Hull, East Yorkshire UK","hull, east yorkshire united kingdom",COUNTRY_GB,united kingdom,GB,,55.3781,-3.436,1.0,fuzzy_name_or_alt
"Huntsville, AL, USA","huntsville, al, united states",COUNTRY_US,united states,US,,37.0902,-95.7129,1.0,fuzzy_name_or_alt
"Illinois, USA","illinois, united states",COUNTRY_US,united states,US,,37.0902,-95.7129,1.0,fuzzy_name_or_alt
"Indiana, USA","indiana, united states",COUNTRY_US,united states,US,,37.0902,-95.7129,1.0,fuzzy_name_or_alt
"Inverkip, Scotland, United Kingdom","inverkip, scotland, united kingdom",COUNTRY_GB,united kingdom,GB,,55.3781,-3.436,1.0,fuzzy_name_or_alt
"Iowa, USA","iowa, united states",COUNTRY_US,united states,US,,37.0902,-95.7129,1.0,fuzzy_name_or_alt
"Ipswich, UK","ipswich, united kingdom",COUNTRY_GB,united kingdom,GB,,55.3781,-3.436,1.0,fuzzy_name_or_alt
"Isleworth, UK","isleworth, united kingdom",COUNTRY_GB,united kingdom,GB,,55.3781,-3.436,1.0,fuzzy_name_or_alt
"Jacksonville, Florida, USA","jacksonville, florida, united states",COUNTRY_US,united states,US,,37.0902,-95.7129,1.0,fuzzy_name_or_alt
"Kensington, Greater London GB","kensington, greater london gb",CITY_LONDON_GB,london,GB,England,51.5074,-0.1278,1.0,fuzzy_name_or_alt
"Kentucky, USA","kentucky, united states",COUNTRY_US,united states,US,,37.0902,-95.7129,1.0,fuzzy_name_or_alt
"Kingston upon Thames, London","kingston upon thames, london",CITY_LONDON_GB,london,GB,England,51.5074,-0.1278,1.0,fuzzy_name_or_alt
Kuwait & Bangkok,kuwait bangkok,CITY_BANGKOK_TH,bangkok,TH,Bangkok,13.7563,100.5018,1.0,fuzzy_name_or_alt
LA,los angeles,CITY_LOSANGELES_US,los angeles,US,California,34.0522,-118.2437,1.0,fuzzy_name_or_alt
LA / Provo / Boise,los angeles provo boise,CITY_LOSANGELES_US,los angeles,US,California,34.0522,-118.2437,1.0,fuzzy_name_or_alt
LA by way of NYC,los angeles by way of new york city,CITY_NEWYORK_US,new york city,US,New York,40.7128,-74.006,1.0,fuzzy_name_or_alt
"LA now, pittsburgh always","los angeles now, pittsburgh always",CITY_LOSANGELES_US,los angeles,US,California,34.0522,-118.2437,1.0,fuzzy_name_or_alt
LA via Vegas & North Carolina,los angeles via vegas north carolina,CITY_LOSANGELES_US,los angeles,US,California,34.0522,-118.2437,1.0,fuzzy_name_or_alt
LA | NYC | PHL,los angeles new york city phl,CITY_NEWYORK_US,new york city,US,New York,40.7128,-74.006,1.0,fuzzy_name_or_alt
LA | Ulaanbaatar,los angeles ulaanbaatar,CITY_LOSANGELES_US,los angeles,US,California,34.0522,-118.2437,1.0,fuzzy_name_or_alt
LA  ✈ NYC  ✈ HI,los angeles new york city hi,CITY_NEWYORK_US,new york city,US,New York,40.7128,-74.006,1.0,fuzzy_name_or_alt
"LOCO, CO USA","loco, co united states",COUNTRY_US,united states,US,,37.0902,-95.7129,1.0,fuzzy_name_or_alt
LONDON,london,CITY_LONDON_GB,london,GB,England,51.5074,-0.1278,1.0,fuzzy_name_or_alt
LONDON city of the world,london city of the world,CITY_LONDON_GB,london,GB,England,51.5074,-0.1278,1.0,fuzzy_name_or_alt
La La Land,los angeles los angeles land,CITY_LOSANGELES_US,los angeles,US,California,34.0522,-118.2437,1.0,fuzzy_name_or_alt
"La Línea, Gibraltar & Estepona","los angeles línea, gibraltar estepona",CITY_LOSANGELES_US,los angeles,US,California,34.0522,-118.2437,1.0,fuzzy_name_or_alt
"La Mesa, CA","los angeles mesa, ca",CITY_LOSANGELES_US,los angeles,US,California,34.0522,-118.2437,1.0,fuzzy_name_or_alt
"La Mirada, CA 90638","los angeles mirada, ca 90638",CITY_LOSANGELES_US,los angeles,US,California,34.0522,-118.2437,1.0,fuzzy_name_or_alt
La Nucía,los angeles nucía,CITY_LOSANGELES_US,los angeles,US,California,34.0522,-118.2437,1.0,fuzzy_name_or_alt
La Palmera,los angeles palmera,CITY_LOSANGELES_US,los angeles,US,California,34.0522,-118.2437,1.0,fuzzy_name_or_alt
"La Plata, Argentina","los angeles plata, argentina",CITY_LOSANGELES_US,los angeles,US,California,34.0522,-118.2437,1.0,fuzzy_name_or_alt
"La Reunion, France  - Lille - Paris","los angeles reunion, france - lille - paris",CITY_LOSANGELES_US,los angeles,US,California,34.0522,-118.2437,1.0,fuzzy_name_or_alt
"La Spezia, Italy","los angeles spezia, italy",CITY_LOSANGELES_US,los angeles,US,California,34.0522,-118.2437,1.0,fuzzy_name_or_alt
La Tierra,los angeles tierra,CITY_LOSANGELES_US,los angeles,US,California,34.0522,-118.2437,1.0,fuzzy_name_or_alt
"La Verne, CA","los angeles verne, ca",CITY_LOSANGELES_US,los angeles,US,California,34.0522,-118.2437,1.0,fuzzy_name_or_alt
La ciudad de la furia,los angeles ciudad de los angeles furia,CITY_LOSANGELES_US,los angeles,US,California,34.0522,-118.2437,1.0,fuzzy_name_or_alt
La gris,los angeles gris,CITY_LOSANGELES_US,los angeles,US,California,34.0522,-118.2437,1.0,fuzzy_name_or_alt
La luna,los angeles luna,CITY_LOSANGELES_US,los angeles,US,California,34.0522,-118.2437,1.0,fuzzy_name_or_alt
"Lafayette, LA","lafayette, los angeles",CITY_LOSANGELES_US,los angeles,US,California,34.0522,-118.2437,1.0,fuzzy_name_or_alt
"Largo, Florida USA","largo, florida united states",COUNTRY_US,united states,US,,37.0902,-95.7129,1.0,fuzzy_name_or_alt
"Leeds, UK","leeds, united kingdom",COUNTRY_GB,united kingdom,GB,,55.3781,-3.436,1.0,fuzzy_name_or_alt
Lille / Saint Etienne / Paris,lille saint etienne paris,CITY_PARIS_FR,paris,FR,Ile-de-France,48.8566,2.3522,1.0,fuzzy_name_or_alt
"Lincoln, Lincolnshire, UK","lincoln, lincolnshire, united kingdom",COUNTRY_GB,united kingdom,GB,,55.3781,-3.436,1.0,fuzzy_name_or_alt
"Lincoln, NE, USA","lincoln, ne, united states",COUNTRY_US,united states,US,,37.0902,-95.7129,1.0,fuzzy_name_or_alt
"Lincoln, Nebraska  USA","lincoln, nebraska united states",COUNTRY_US,united states,US,,37.0902,-95.7129,1.0,fuzzy_name_or_alt
Livin' la Vida LA!,livin los angeles vida los angeles,CITY_LOSANGELES_US,los angeles,US,California,34.0522,-118.2437,1.0,fuzzy_name_or_alt
"Llanfyllin, Powys, Wales, UK","llanfyllin, powys, wales, united kingdom",COUNTRY_GB,united kingdom,GB,,55.3781,-3.436,1.0,fuzzy_name_or_alt
"Logroño, La Rioja","logroño, los angeles rioja",CITY_LOSANGELES_US,los angeles,US,California,34.0522,-118.2437,1.0,fuzzy_name_or_alt
"Logroño, La Rioja, España","logroño, los angeles rioja, españa",CITY_LOSANGELES_US,los angeles,US,California,34.0522,-118.2437,1.0,fuzzy_name_or_alt
"Logroño, La Rioja. España","logroño, los angeles rioja. españa",CITY_LOSANGELES_US,los angeles,US,California,34.0522,-118.2437,1.0,fuzzy_name_or_alt
London,london,CITY_LONDON_GB,london,GB,England,51.5074,-0.1278,1.0,fuzzy_name_or_alt
"London  | 51.547482, -0.007708","london 51.547482, -0.007708",CITY_LONDON_GB,london,GB,England,51.5074,-0.1278,1.0,fuzzy_name_or_alt
London & Cambridge,london cambridge,CITY_LONDON_GB,london,GB,England,51.5074,-0.1278,1.0,fuzzy_name_or_alt
"London & Farnham, UK","london farnham, united kingdom",CITY_LONDON_GB,london,GB,England,51.5074,-0.1278,1.0,fuzzy_name_or_alt
London & San Francisco,london san francisco,CITY_SANFRANCISCO_US,san francisco,US,California,37.7749,-122.4194,1.0,fuzzy_name_or_alt
London & Yorkshire (or  🍻),london yorkshire or,CITY_LONDON_GB,london,GB,England,51.5074,-0.1278,1.0,fuzzy_name_or_alt
London - Barcelona - Santiago,london - barcelona - santiago,CITY_LONDON_GB,london,GB,England,51.5074,-0.1278,1.0,fuzzy_name_or_alt
London - Svoronos,london - svoronos,CITY_LONDON_GB,london,GB,England,51.5074,-0.1278,1.0,fuzzy_name_or_alt
London - UK,london - united kingdom,CITY_LONDON_GB,london,GB,England,51.5074,-0.1278,1.0,fuzzy_name_or_alt
London /  LA,london los angeles,CITY_LOSANGELES_US,los angeles,US,California,34.0522,-118.2437,1.0,fuzzy_name_or_alt
"London City, UK.","london city, uk.",CITY_LONDON_GB,london,GB,England,51.5074,-0.1278,1.0,fuzzy_name_or_alt
London Ontario Canada,london ontario canada,CITY_LONDON_GB,london,GB,England,51.5074,-0.1278,1.0,fuzzy_name_or_alt
London Town,london town,CITY_LONDON_GB,london,GB,England,51.5074,-0.1278,1.0,fuzzy_name_or_alt
London UK.,london uk.,CITY_LONDON_GB,london,GB,England,51.5074,-0.1278,1.0,fuzzy_name_or_alt
London and Dubai,london and dubai,CITY_LONDON_GB,london,GB,England,51.5074,-0.1278,1.0,fuzzy_name_or_alt
London | Barcelona | Remote,london barcelona remote,CITY_LONDON_GB,london,GB,England,51.5074,-0.1278,1.0,fuzzy_name_or_alt
London | Turin,london turin,CITY_LONDON_GB,london,GB,England,51.5074,-0.1278,1.0,fuzzy_name_or_alt
London  ✈ via Sydney,london via sydney,CITY_LONDON_GB,london,GB,England,51.5074,-0.1278,1.0,fuzzy_name_or_alt
"London, UK","london, united kingdom",COUNTRY_GB,united kingdom,GB,,55.3781,-3.436,1.0,fuzzy_name_or_alt
"London, United Kingdom","london, united kingdom",COUNTRY_GB,united kingdom,GB,,55.3781,-3.436,1.0,fuzzy_name_or_alt
Los Angeles,los angeles,CITY_LOSANGELES_US,los angeles,US,California,34.0522,-118.2437,1.0,fuzzy_name_or_alt
"Los Angeles , CA","los angeles , ca",CITY_LOSANGELES_US,los angeles,US,California,34.0522,-118.2437,1.0,fuzzy_name_or_alt
Los Angeles - NYC - Chicago,los angeles - new york city - chicago,CITY_NEWYORK_US,new york city,US,New York,40.7128,-74.006,1.0,fuzzy_name_or_alt
"Los Angeles CA,","los angeles ca,",CITY_LOSANGELES_US,los angeles,US,California,34.0522,-118.2437,1.0,fuzzy_name_or_alt
Los Angeles | Seattle,los angeles seattle,CITY_LOSANGELES_US,los angeles,US,California,34.0522,-118.2437,1.0,fuzzy_name_or_alt
"Los Angeles, CA USA","los angeles, ca united states",COUNTRY_US,united states,US,,37.0902,-95.7129,1.0,fuzzy_name_or_alt
"Los Angeles, CA, USA","los angeles, ca, united states",COUNTRY_US,united states,US,,37.0902,-95.7129,1.0,fuzzy_name_or_alt
"Los Angeles, CA, United States","los angeles, ca, united states",COUNTRY_US,united states,US,,37.0902,-95.7129,1.0,fuzzy_name_or_alt
Los Angeles/Honolulu,los angeles honolulu,CITY_LOSANGELES_US,los angeles,US,California,34.0522,-118.2437,1.0,fuzzy_name_or_alt
Los Angeles/OC,los angeles oc,CITY_LOSANGELES_US,los angeles,US,California,34.0522,-118.2437,1.0,fuzzy_name_or_alt
Los Angeles/Orange County,los angeles orange county,CITY_LOSANGELES_US,los angeles,US,California,34.0522,-118.2437,1.0,fuzzy_name_or_alt
Los Angeles/San Francisco,los angeles san francisco,CITY_LOSANGELES_US,los angeles,US,California,34.0522,-118.2437,1.0,fuzzy_name_or_alt
"Louisiana, USA","louisiana, united states",COUNTRY_US,united states,US,,37.0902,-95.7129,1.0,fuzzy_name_or_alt
"Lower Haight, San Francisco","lower haight, san francisco",CITY_SANFRANCISCO_US,san francisco,US,California,37.7749,-122.4194,1.0,fuzzy_name_or_alt
"Maitland, Florida, USA","maitland, florida, united states",COUNTRY_US,united states,US,,37.0902,-95.7129,1.0,fuzzy_name_or_alt
Manchester UK,manchester united kingdom,COUNTRY_GB,united kingdom,GB,,55.3781,-3.436,1.0,fuzzy_name_or_alt
"Manchester, UK","manchester, united kingdom",COUNTRY_GB,united kingdom,GB,,55.3781,-3.436,1.0,fuzzy_name_or_alt
"Marlborough, UK","marlborough, united kingdom",COUNTRY_GB,united kingdom,GB,,55.3781,-3.436,1.0,fuzzy_name_or_alt
"Massachusetts, USA","massachusetts, united states",COUNTRY_US,united states,US,,37.0902,-95.7129,1.0,fuzzy_name_or_alt
Me gusta quedarme en la playa,me gusta quedarme en los angeles playa,CITY_LOSANGELES_US,los angeles,US,California,34.0522,-118.2437,1.0,fuzzy_name_or_alt
"Metro NYC Area, United States","metro new york city area, united states",CITY_NEWYORK_US,new york city,US,New York,40.7128,-74.006,1.0,fuzzy_name_or_alt
"Mexico, San Francisco de Campe","mexico, san francisco de campe",CITY_SANFRANCISCO_US,san francisco,US,California,37.7749,-122.4194,1.0,fuzzy_name_or_alt
"Miami, Fl. USA","miami, fl. united states",COUNTRY_US,united states,US,,37.0902,-95.7129,1.0,fuzzy_name_or_alt
"Michigan, USA","michigan, united states",COUNTRY_US,united states,US,,37.0902,-95.7129,1.0,fuzzy_name_or_alt
"Michigan, United States","michigan, united states",COUNTRY_US,united states,US,,37.0902,-95.7129,1.0,fuzzy_name_or_alt
"Milano, New York, London","milano, new york, london",CITY_LONDON_GB,london,GB,England,51.5074,-0.1278,1.0,fuzzy_name_or_alt
Milenio de Plata de la Luna,milenio de plata de los angeles luna,CITY_LOSANGELES_US,los angeles,US,California,34.0522,-118.2437,1.0,fuzzy_name_or_alt
"Milton Keynes, UK","milton keynes, united kingdom",COUNTRY_GB,united kingdom,GB,,55.3781,-3.436,1.0,fuzzy_name_or_alt
Minneapolis MN USA,minneapolis mn united states,COUNTRY_US,united states,US,,37.0902,-95.7129,1.0,fuzzy_name_or_alt
Minneapolis and Los Angeles,minneapolis and los angeles,CITY_LOSANGELES_US,los angeles,US,California,34.0522,-118.2437,1.0,fuzzy_name_or_alt
"Minneapolis, Minnesota, USA","minneapolis, minnesota, united states",COUNTRY_US,united states,US,,37.0902,-95.7129,1.0,fuzzy_name_or_alt
"Minnesota, USA","minnesota, united states",COUNTRY_US,united states,US,,37.0902,-95.7129,1.0,fuzzy_name_or_alt
"Mississippi, United States","mississippi, united states",COUNTRY_US,united states,US,,37.0902,-95.7129,1.0,fuzzy_name_or_alt
"Missoula, MT, USA","missoula, mt, united states",COUNTRY_US,united states,US,,37.0902,-95.7129,1.0,fuzzy_name_or_alt
"Missouri, USA","missouri, united states",COUNTRY_US,united states,US,,37.0902,-95.7129,1.0,fuzzy_name_or_alt
"Monk Sherborne, Hampshire, UK","monk sherborne, hampshire, united kingdom",COUNTRY_GB,united kingdom,GB,,55.3781,-3.436,1.0,fuzzy_name_or_alt
Montreal • NYC,montreal new york city,CITY_NEWYORK_US,new york city,US,New York,40.7128,-74.006,1.0,fuzzy_name_or_alt
Montréal- Paris,montréal- paris,CITY_PARIS_FR,paris,FR,Ile-de-France,48.8566,2.3522,1.0,fuzzy_name_or_alt
Málaga / London / París / N.Y.,málaga london parís n.y.,CITY_LONDON_GB,london,GB,England,51.5074,-0.1278,1.0,fuzzy_name_or_alt
México City & New York,méxico city new york,CITY_NEWYORK_US,new york city,US,New York,40.7128,-74.006,1.0,fuzzy_name_or_alt
"NC, USA","nc, united states",COUNTRY_US,united states,US,,37.0902,-95.7129,1.0,fuzzy_name_or_alt
"NE, USA","ne, united states",COUNTRY_US,united states,US,,37.0902,-95.7129,1.0,fuzzy_name_or_alt
NJ | USA,nj united states,COUNTRY_US,united states,US,,37.0902,-95.7129,1.0,fuzzy_name_or_alt
NJ/NYC/PA Pics & Filmz,nj new york city pa pics filmz,CITY_NEWYORK_US,new york city,US,New York,40.7128,-74.006,1.0,fuzzy_name_or_alt
NM/CA/SF/Los Angeles,nm ca san francisco los angeles,CITY_LOSANGELES_US,los angeles,US,California,34.0522,-118.2437,1.0,fuzzy_name_or_alt
NYC,new york city,CITY_NEWYORK_US,new york city,US,New York,40.7128,-74.006,1.0,fuzzy_name_or_alt
NYC & Cazenovia NY,new york city cazenovia ny,CITY_NEWYORK_US,new york city,US,New York,40.7128,-74.006,1.0,fuzzy_name_or_alt
NYC & Long Island,new york city long island,CITY_NEWYORK_US,new york city,US,New York,40.7128,-74.006,1.0,fuzzy_name_or_alt
NYC & Mystic,new york city mystic,CITY_NEWYORK_US,new york city,US,New York,40.7128,-74.006,1.0,fuzzy_name_or_alt
NYC -  MIAMI -  HONG KONG,new york city - miami - hong kong,CITY_NEWYORK_US,new york city,US,New York,40.7128,-74.006,1.0,fuzzy_name_or_alt
NYC Metro,new york city metro,CITY_NEWYORK_US,new york city,US,New York,40.7128,-74.006,1.0,fuzzy_name_or_alt
NYC | DFW | DMV,new york city dfw dmv,CITY_NEWYORK_US,new york city,US,New York,40.7128,-74.006,1.0,fuzzy_name_or_alt
NYC/Bay Area,new york city bay area,CITY_NEWYORK_US,new york city,US,New York,40.7128,-74.006,1.0,fuzzy_name_or_alt
Near Brighton UK,near brighton united kingdom,COUNTRY_GB,united kingdom,GB,,55.3781,-3.436,1.0,fuzzy_name_or_alt
"Nebraska, USA","nebraska, united states",COUNTRY_US,united states,US,,37.0902,-95.7129,1.0,fuzzy_name_or_alt
"New Fairfield, CT, USA","new fairfield, ct, united states",COUNTRY_US,united states,US,,37.0902,-95.7129,1.0,fuzzy_name_or_alt
"New Hampshire, USA","new hampshire, united states",COUNTRY_US,united states,US,,37.0902,-95.7129,1.0,fuzzy_name_or_alt
"New Jersey, USA","new jersey, united states",COUNTRY_US,united states,US,,37.0902,-95.7129,1.0,fuzzy_name_or_alt
"New Mexico, USA","new mexico, united states",COUNTRY_US,united states,US,,37.0902,-95.7129,1.0,fuzzy_name_or_alt
"New Orleans, LA","new orleans, los angeles",CITY_LOSANGELES_US,los angeles,US,California,34.0522,-118.2437,1.0,fuzzy_name_or_alt
New York,new york,CITY_NEWYORK_US,new york city,US,New York,40.7128,-74.006,1.0,fuzzy_name_or_alt
New York - Paris,new york - paris,CITY_PARIS_FR,paris,FR,Ile-de-France,48.8566,2.3522,1.0,fuzzy_name_or_alt
New York City,new york city,CITY_NEWYORK_US,new york city,US,New York,40.7128,-74.006,1.0,fuzzy_name_or_alt
New York City | Paris,new york city paris,CITY_NEWYORK_US,new york city,US,New York,40.7128,-74.006,1.0,fuzzy_name_or_alt
"New York City, USA","new york city, united states",COUNTRY_US,united states,US,,37.0902,-95.7129,1.0,fuzzy_name_or_alt
New York NY USA,new york ny united states,COUNTRY_US,united states,US,,37.0902,-95.7129,1.0,fuzzy_name_or_alt
"New York, LA","new york, los angeles",CITY_LOSANGELES_US,los angeles,US,California,34.0522,-118.2437,1.0,fuzzy_name_or_alt
"New York, NY #NYC","new york, ny new york city",CITY_NEWYORK_US,new york city,US,New York,40.7128,-74.006,1.0,fuzzy_name_or_alt
"New York, NY USA","new york, ny united states",COUNTRY_US,united states,US,,37.0902,-95.7129,1.0,fuzzy_name_or_alt
"New York, NY United States","new york, ny united states",COUNTRY_US,united states,US,,37.0902,-95.7129,1.0,fuzzy_name_or_alt
"New York, NY, US","new york, ny, united states",COUNTRY_US,united states,US,,37.0902,-95.7129,1.0,fuzzy_name_or_alt
"New York, NY, USA","new york, ny, united states",COUNTRY_US,united states,US,,37.0902,-95.7129,1.0,fuzzy_name_or_alt
"New York, USA","new york, united states",COUNTRY_US,united states,US,,37.0902,-95.7129,1.0,fuzzy_name_or_alt
"New York, USA & Jamaica","new york, united states jamaica",COUNTRY_US,united states,US,,37.0902,-95.7129,1.0,fuzzy_name_or_alt
"Newham, London","newham, london",CITY_LONDON_GB,london,GB,England,51.5074,-0.1278,1.0,fuzzy_name_or_alt
"Newtown, CT, USA","newtown, ct, united states",COUNTRY_US,united states,US,,37.0902,-95.7129,1.0,fuzzy_name_or_alt
"North Carolina, USA","north carolina, united states",COUNTRY_US,united states,US,,37.0902,-95.7129,1.0,fuzzy_name_or_alt
North Finchley - London,north finchley - london,CITY_LONDON_GB,london,GB,England,51.5074,-0.1278,1.0,fuzzy_name_or_alt
"Northamptonshire, UK","northamptonshire, united kingdom",COUNTRY_GB,united kingdom,GB,,55.3781,-3.436,1.0,fuzzy_name_or_alt
"Northern CA, USA","northern ca, united states",COUNTRY_US,united states,US,,37.0902,-95.7129,1.0,fuzzy_name_or_alt
Oakland / NYC / Madrid,oakland new york city madrid,CITY_NEWYORK_US,new york city,US,New York,40.7128,-74.006,1.0,fuzzy_name_or_alt
"Ohio, US","ohio, united states",COUNTRY_US,united states,US,,37.0902,-95.7129,1.0,fuzzy_name_or_alt
"Ohio, USA","ohio, united states",COUNTRY_US,united states,US,,37.0902,-95.7129,1.0,fuzzy_name_or_alt
"Omaha, NE USA","omaha, ne united states",COUNTRY_US,united states,US,,37.0902,-95.7129,1.0,fuzzy_name_or_alt
Oregon USA,oregon united states,COUNTRY_US,united states,US,,37.0902,-95.7129,1.0,fuzzy_name_or_alt
"Oregon, USA","oregon, united states",COUNTRY_US,united states,US,,37.0902,-95.7129,1.0,fuzzy_name_or_alt
Originally ATL now SF,originally atl now san francisco,CITY_SANFRANCISCO_US,san francisco,US,California,37.7749,-122.4194,1.0,fuzzy_name_or_alt
"Oundle, UK","oundle, united kingdom",COUNTRY_GB,united kingdom,GB,,55.3781,-3.436,1.0,fuzzy_name_or_alt
"Oxford, UK","oxford, united kingdom",COUNTRY_GB,united kingdom,GB,,55.3781,-3.436,1.0,fuzzy_name_or_alt
PHL / NYC,phl new york city,CITY_NEWYORK_US,new york city,US,New York,40.7128,-74.006,1.0,fuzzy_name_or_alt
Pacific NW USA,pacific nw united states,COUNTRY_US,united states,US,,37.0902,-95.7129,1.0,fuzzy_name_or_alt
Pamplona | La Rioja,pamplona los angeles rioja,CITY_LOSANGELES_US,los angeles,US,California,34.0522,-118.2437,1.0,fuzzy_name_or_alt
Parcours la francophonie Can,parcours los angeles francophonie can,CITY_LOSANGELES_US,los angeles,US,California,34.0522,-118.2437,1.0,fuzzy_name_or_alt
Paris,paris,CITY_PARIS_FR,paris,FR,Ile-de-France,48.8566,2.3522,1.0,fuzzy_name_or_alt
Paris & international,paris international,CITY_PARIS_FR,paris,FR,Ile-de-France,48.8566,2.3522,1.0,fuzzy_name_or_alt
Paris - Hyrule,paris - hyrule,CITY_PARIS_FR,paris,FR,Ile-de-France,48.8566,2.3522,1.0,fuzzy_name_or_alt
Paris - Madrid - London,paris - madrid - london,CITY_LONDON_GB,london,GB,England,51.5074,-0.1278,1.0,fuzzy_name_or_alt
Paris / Barcelona / Internet,paris barcelona internet,CITY_PARIS_FR,paris,FR,Ile-de-France,48.8566,2.3522,1.0,fuzzy_name_or_alt
Paris / Fontvieille,paris fontvieille,CITY_PARIS_FR,paris,FR,Ile-de-France,48.8566,2.3522,1.0,fuzzy_name_or_alt
Paris / Normandie,paris normandie,CITY_PARIS_FR,paris,FR,Ile-de-France,48.8566,2.3522,1.0,fuzzy_name_or_alt
Paris FRANCE,paris france,CITY_PARIS_FR,paris,FR,Ile-de-France,48.8566,2.3522,1.0,fuzzy_name_or_alt
Paris of the Plains,paris of the plains,CITY_PARIS_FR,paris,FR,Ile-de-France,48.8566,2.3522,1.0,fuzzy_name_or_alt
"Pennsylvania, USA","pennsylvania, united states",COUNTRY_US,united states,US,,37.0902,-95.7129,1.0,fuzzy_name_or_alt
Philly & NYC,philly new york city,CITY_NEWYORK_US,new york city,US,New York,40.7128,-74.006,1.0,fuzzy_name_or_alt
"Phuket Province, Thailand","phuket province, thailand",COUNTRY_TH,thailand,TH,,15.87,100.9925,1.0,fuzzy_name_or_alt
"Port St Lucie, FL, USA","port st lucie, fl, united states",COUNTRY_US,united states,US,,37.0902,-95.7129,1.0,fuzzy_name_or_alt
"Portsmouth, NH USA","portsmouth, nh united states",COUNTRY_US,united states,US,,37.0902,-95.7129,1.0,fuzzy_name_or_alt
"Portsmouth, UK","portsmouth, united kingdom",COUNTRY_GB,united kingdom,GB,,55.3781,-3.436,1.0,fuzzy_name_or_alt
"Portsmouth, Virginia - USA","portsmouth, virginia - united states",COUNTRY_US,united states,US,,37.0902,-95.7129,1.0,fuzzy_name_or_alt
"Puerto Rico, USA","puerto rico, united states",COUNTRY_US,united states,US,,37.0902,-95.7129,1.0,fuzzy_name_or_alt
"Q-borough, NYC","q-borough, new york city",CITY_NEWYORK_US,new york city,US,New York,40.7128,-74.006,1.0,fuzzy_name_or_alt
"RVA, Fist Nation, USA","rva, fist nation, united states",COUNTRY_US,united states,US,,37.0902,-95.7129,1.0,fuzzy_name_or_alt
"Rawai, Thailand","rawai, thailand",COUNTRY_TH,thailand,TH,,15.87,100.9925,1.0,fuzzy_name_or_alt
"Redding, CA, USA","redding, ca, united states",COUNTRY_US,united states,US,,37.0902,-95.7129,1.0,fuzzy_name_or_alt
"Rehoboth Beach, Delaware, USA","rehoboth beach, delaware, united states",COUNTRY_US,united states,US,,37.0902,-95.7129,1.0,fuzzy_name_or_alt
"Royal Tunbridge Wells, UK","royal tunbridge wells, united kingdom",COUNTRY_GB,united kingdom,GB,,55.3781,-3.436,1.0,fuzzy_name_or_alt
"Rubery, Worcs, UK","rubery, worcs, united kingdom",COUNTRY_GB,united kingdom,GB,,55.3781,-3.436,1.0,fuzzy_name_or_alt
Rugby (UK),rugby united kingdom,COUNTRY_GB,united kingdom,GB,,55.3781,-3.436,1.0,fuzzy_name_or_alt
SEA - PSP - BKK - DTW,sea - psp - bangkok - dtw,CITY_BANGKOK_TH,bangkok,TH,Bangkok,13.7563,100.5018,1.0,fuzzy_name_or_alt
SF,san francisco,CITY_SANFRANCISCO_US,san francisco,US,California,37.7749,-122.4194,1.0,fuzzy_name_or_alt
SF - NYC,san francisco - new york city,CITY_NEWYORK_US,new york city,US,New York,40.7128,-74.006,1.0,fuzzy_name_or_alt
SF Bay Area,san francisco bay area,CITY_SANFRANCISCO_US,san francisco,US,California,37.7749,-122.4194,1.0,fuzzy_name_or_alt
"SF Bay Area, CA","san francisco bay area, ca",CITY_SANFRANCISCO_US,san francisco,US,California,37.7749,-122.4194,1.0,fuzzy_name_or_alt
SF Bay Area. Where are you?,san francisco bay area. where are you,CITY_SANFRANCISCO_US,san francisco,US,California,37.7749,-122.4194,1.0,fuzzy_name_or_alt
"SF Bay Area: Berkeley, CA","san francisco bay area berkeley, ca",CITY_SANFRANCISCO_US,san francisco,US,California,37.7749,-122.4194,1.0,fuzzy_name_or_alt
SF CA,san francisco ca,CITY_SANFRANCISCO_US,san francisco,US,California,37.7749,-122.4194,1.0,fuzzy_name_or_alt
SF | NY | MNL | JED | World,san francisco ny mnl jed world,CITY_SANFRANCISCO_US,san francisco,US,California,37.7749,-122.4194,1.0,fuzzy_name_or_alt
SF/Oakland + Santa Monica,san francisco oakland santa monica,CITY_SANFRANCISCO_US,san francisco,US,California,37.7749,-122.4194,1.0,fuzzy_name_or_alt
Sacramento | USA | Worldwide,sacramento united states worldwide,COUNTRY_US,united states,US,,37.0902,-95.7129,1.0,fuzzy_name_or_alt
"Sacramento, California, USA","sacramento, california, united states",COUNTRY_US,united states,US,,37.0902,-95.7129,1.0,fuzzy_name_or_alt
"Saint Albans, UK","saint albans, united kingdom",COUNTRY_GB,united kingdom,GB,,55.3781,-3.436,1.0,fuzzy_name_or_alt
"Saint-Paul, La Réunion","saint-paul, los angeles réunion",CITY_LOSANGELES_US,los angeles,US,California,34.0522,-118.2437,1.0,fuzzy_name_or_alt
"Salford, United Kingdom","salford, united kingdom",COUNTRY_GB,united kingdom,GB,,55.3781,-3.436,1.0,fuzzy_name_or_alt
"Sammamish, WA, USA","sammamish, wa, united states",COUNTRY_US,united states,US,,37.0902,-95.7129,1.0,fuzzy_name_or_alt
"San Diego, CA, USA","san diego, ca, united states",COUNTRY_US,united states,US,,37.0902,-95.7129,1.0,fuzzy_name_or_alt
San Francisco,san francisco,CITY_SANFRANCISCO_US,san francisco,US,California,37.7749,-122.4194,1.0,fuzzy_name_or_alt
San Francisco & Silicon Valley,san francisco silicon valley,CITY_SANFRANCISCO_US,san francisco,US,California,37.7749,-122.4194,1.0,fuzzy_name_or_alt
San Francisco Bay Area,san francisco bay area,CITY_SANFRANCISCO_US,san francisco,US,California,37.7749,-122.4194,1.0,fuzzy_name_or_alt
"San Francisco Bay Area, CA","san francisco bay area, ca",CITY_SANFRANCISCO_US,san francisco,US,California,37.7749,-122.4194,1.0,fuzzy_name_or_alt
"San Francisco Bay Area, CA USA","san francisco bay area, ca united states",CITY_SANFRANCISCO_US,san francisco,US,California,37.7749,-122.4194,1.0,fuzzy_name_or_alt
"San Francisco Bay Area, CA, US","san francisco bay area, ca, united states",CITY_SANFRANCISCO_US,san francisco,US,California,37.7749,-122.4194,1.0,fuzzy_name_or_alt
San Francisco Bay Area.,san francisco bay area.,CITY_SANFRANCISCO_US,san francisco,US,California,37.7749,-122.4194,1.0,fuzzy_name_or_alt
San Francisco California,san francisco california,CITY_SANFRANCISCO_US,san francisco,US,California,37.7749,-122.4194,1.0,fuzzy_name_or_alt
San Francisco and Vancouver,san francisco and vancouver,CITY_SANFRANCISCO_US,san francisco,US,California,37.7749,-122.4194,1.0,fuzzy_name_or_alt
"San Francisco, CA, USA","san francisco, ca, united states",COUNTRY_US,united states,US,,37.0902,-95.7129,1.0,fuzzy_name_or_alt
San Juan de La Arena.Asturias,san juan de los angeles arena.asturias,CITY_LOSANGELES_US,los angeles,US,California,34.0522,-118.2437,1.0,fuzzy_name_or_alt
"Santa Ana la Real, España","santa ana los angeles real, españa",CITY_LOSANGELES_US,los angeles,US,California,34.0522,-118.2437,1.0,fuzzy_name_or_alt
"Santa Cruz, CA, USA","santa cruz, ca, united states",COUNTRY_US,united states,US,,37.0902,-95.7129,1.0,fuzzy_name_or_alt
"Scottsdale, AZ, USA","scottsdale, az, united states",COUNTRY_US,united states,US,,37.0902,-95.7129,1.0,fuzzy_name_or_alt
"Scottsdale, Arizona USA","scottsdale, arizona united states",COUNTRY_US,united states,US,,37.0902,-95.7129,1.0,fuzzy_name_or_alt
"Seattle, WA, USA","seattle, wa, united states",COUNTRY_US,united states,US,,37.0902,-95.7129,1.0,fuzzy_name_or_alt
"Sevilla la Nueva, España","sevilla los angeles nueva, españa",CITY_LOSANGELES_US,los angeles,US,California,34.0522,-118.2437,1.0,fuzzy_name_or_alt
"Sheffield, UK","sheffield, united kingdom",COUNTRY_GB,united kingdom,GB,,55.3781,-3.436,1.0,fuzzy_name_or_alt
"Silvelake, Los Angeles","silvelake, los angeles",CITY_LOSANGELES_US,los angeles,US,California,34.0522,-118.2437,1.0,fuzzy_name_or_alt
Sligo/London,sligo london,CITY_LONDON_GB,london,GB,England,51.5074,-0.1278,1.0,fuzzy_name_or_alt
"South Carolina, USA","south carolina, united states",COUNTRY_US,united states,US,,37.0902,-95.7129,1.0,fuzzy_name_or_alt
South East London,south east london,CITY_LONDON_GB,london,GB,England,51.5074,-0.1278,1.0,fuzzy_name_or_alt
Southampton - UK,southampton - united kingdom,COUNTRY_GB,united kingdom,GB,,55.3781,-3.436,1.0,fuzzy_name_or_alt
"Southampton, UK","southampton, united kingdom",COUNTRY_GB,united kingdom,GB,,55.3781,-3.436,1.0,fuzzy_name_or_alt
"Spring Hill, FL, USA","spring hill, fl, united states",COUNTRY_US,united states,US,,37.0902,-95.7129,1.0,fuzzy_name_or_alt
"St. Louis, Missouri - USA #STL","st. louis, missouri - united states stl",COUNTRY_US,united states,US,,37.0902,-95.7129,1.0,fuzzy_name_or_alt
"St. Louis, Missouri, USA","st. louis, missouri, united states",COUNTRY_US,united states,US,,37.0902,-95.7129,1.0,fuzzy_name_or_alt
Staffordshire UK/Ann Arbor USA,staffordshire united kingdom ann arbor united states,COUNTRY_US,united states,US,,37.0902,-95.7129,1.0,fuzzy_name_or_alt
"Stockton on Tees, UK","stockton on tees, united kingdom",COUNTRY_GB,united kingdom,GB,,55.3781,-3.436,1.0,fuzzy_name_or_alt
"Suan Luang, Bangkok","suan luang, bangkok",CITY_BANGKOK_TH,bangkok,TH,Bangkok,13.7563,100.5018,1.0,fuzzy_name_or_alt
"Suffolk, UK","suffolk, united kingdom",COUNTRY_GB,united kingdom,GB,,55.3781,-3.436,1.0,fuzzy_name_or_alt
"Surrey, UK","surrey, united kingdom",COUNTRY_GB,united kingdom,GB,,55.3781,-3.436,1.0,fuzzy_name_or_alt
TX|CA|FL|LA|IL|KY|PA|US,tx ca fl los angeles il ky pa united states,CITY_LOSANGELES_US,los angeles,US,California,34.0522,-118.2437,1.0,fuzzy_name_or_alt
"Texas, USA","texas, united states",COUNTRY_US,united states,US,,37.0902,-95.7129,1.0,fuzzy_name_or_alt
Thailand,thailand,COUNTRY_TH,thailand,TH,,15.87,100.9925,1.0,fuzzy_name_or_alt
Thailand Bangkok,thailand bangkok,CITY_BANGKOK_TH,bangkok,TH,Bangkok,13.7563,100.5018,1.0,fuzzy_name_or_alt
That London,that london,CITY_LONDON_GB,london,GB,England,51.5074,-0.1278,1.0,fuzzy_name_or_alt
The Republic of Texas! (USA),the republic of texas united states,COUNTRY_US,united states,US,,37.0902,-95.7129,1.0,fuzzy_name_or_alt
The United Kingdom,the united kingdom,COUNTRY_GB,united kingdom,GB,,55.3781,-3.436,1.0,fuzzy_name_or_alt
Tokyo - NYC - SFO,tokyo - new york city - sfo,CITY_NEWYORK_US,new york city,US,New York,40.7128,-74.006,1.0,fuzzy_name_or_alt
"Topeka, KS, USA","topeka, ks, united states",COUNTRY_US,united states,US,,37.0902,-95.7129,1.0,fuzzy_name_or_alt
Toronto // LA,toronto los angeles,CITY_LOSANGELES_US,los angeles,US,California,34.0522,-118.2437,1.0,fuzzy_name_or_alt
"Toronto, Canada & London, UK","toronto, canada london, united kingdom",COUNTRY_GB,united kingdom,GB,,55.3781,-3.436,1.0,fuzzy_name_or_alt
"Toronto, New York City","toronto, new york city",CITY_NEWYORK_US,new york city,US,New York,40.7128,-74.006,1.0,fuzzy_name_or_alt
"Tucson Arizona, USA","tucson arizona, united states",COUNTRY_US,united states,US,,37.0902,-95.7129,1.0,fuzzy_name_or_alt
UK,united kingdom,CITY_LONDON_GB,london,GB,England,51.5074,-0.1278,1.0,fuzzy_name_or_alt
UK - BH - SG - ??,united kingdom - bh - sg -,COUNTRY_GB,united kingdom,GB,,55.3781,-3.436,1.0,fuzzy_name_or_alt
UK Charity,united kingdom charity,COUNTRY_GB,united kingdom,GB,,55.3781,-3.436,1.0,fuzzy_name_or_alt
UK and SA,united kingdom and sa,COUNTRY_GB,united kingdom,GB,,55.3781,-3.436,1.0,fuzzy_name_or_alt
UK  ✈ Hong Kong,united kingdom hong kong,COUNTRY_GB,united kingdom,GB,,55.3781,-3.436,1.0,fuzzy_name_or_alt
US,united states,COUNTRY_US,united states,US,,37.0902,-95.7129,1.0,fuzzy_name_or_alt
"US: -12.904200,-38.425863","united states -12.904200,-38.425863",COUNTRY_US,united states,US,,37.0902,-95.7129,1.0,fuzzy_name_or_alt
USA,united states,COUNTRY_US,united states,US,,37.0902,-95.7129,1.0,fuzzy_name_or_alt
USA / CHINA / HONG KONG / 中,united states china hong kong 中,COUNTRY_US,united states,US,,37.0902,-95.7129,1.0,fuzzy_name_or_alt
United Kingdom,united kingdom,CITY_LONDON_GB,london,GB,England,51.5074,-0.1278,1.0,fuzzy_name_or_alt
United States,united states,COUNTRY_US,united states,US,,37.0902,-95.7129,1.0,fuzzy_name_or_alt
"United States Of Mind, So Cal","united states of mind, so cal",COUNTRY_US,united states,US,,37.0902,-95.7129,1.0,fuzzy_name_or_alt
United States of America,united states of america,COUNTRY_US,united states,US,,37.0902,-95.7129,1.0,fuzzy_name_or_alt
"Utah, USA","utah, united states",COUNTRY_US,united states,US,,37.0902,-95.7129,1.0,fuzzy_name_or_alt
"Venice, Los Angeles","venice, los angeles",CITY_LOSANGELES_US,los angeles,US,California,34.0522,-118.2437,1.0,fuzzy_name_or_alt
"Virginia, USA","virginia, united states",COUNTRY_US,united states,US,,37.0902,-95.7129,1.0,fuzzy_name_or_alt
"Wakefield, West Yorkshire, UK","wakefield, west yorkshire, united kingdom",COUNTRY_GB,united kingdom,GB,,55.3781,-3.436,1.0,fuzzy_name_or_alt
Walsall/Liverton UK,walsall liverton united kingdom,COUNTRY_GB,united kingdom,GB,,55.3781,-3.436,1.0,fuzzy_name_or_alt
"Warrington, UK","warrington, united kingdom",COUNTRY_GB,united kingdom,GB,,55.3781,-3.436,1.0,fuzzy_name_or_alt
"Washington Heights, NYC","washington heights, new york city",CITY_NEWYORK_US,new york city,US,New York,40.7128,-74.006,1.0,fuzzy_name_or_alt
"Washington State, USA","washington state, united states",COUNTRY_US,united states,US,,37.0902,-95.7129,1.0,fuzzy_name_or_alt
"Washington, D.C., USA","washington, d.c., united states",COUNTRY_US,united states,US,,37.0902,-95.7129,1.0,fuzzy_name_or_alt
"Washington, USA","washington, united states",COUNTRY_US,united states,US,,37.0902,-95.7129,1.0,fuzzy_name_or_alt
West Sussex and London,west sussex and london,CITY_LONDON_GB,london,GB,England,51.5074,-0.1278,1.0,fuzzy_name_or_alt
West USA: SEA • SFO • LAX,west united states sea sfo lax,COUNTRY_US,united states,US,,37.0902,-95.7129,1.0,fuzzy_name_or_alt
"West Virginia, USA","west virginia, united states",COUNTRY_US,united states,US,,37.0902,-95.7129,1.0,fuzzy_name_or_alt
"Westhouses, Derbyshire, UK","westhouses, derbyshire, united kingdom",COUNTRY_GB,united kingdom,GB,,55.3781,-3.436,1.0,fuzzy_name_or_alt
"Worcestershire, United Kingdom","worcestershire, united kingdom",COUNTRY_GB,united kingdom,GB,,55.3781,-3.436,1.0,fuzzy_name_or_alt
York,york,CITY_NEWYORK_US,new york city,US,New York,40.7128,-74.006,1.0,fuzzy_name_or_alt
"York, UK","york, united kingdom",COUNTRY_GB,united kingdom,GB,,55.3781,-3.436,1.0,fuzzy_name_or_alt
"Yorkshire, UK","yorkshire, united kingdom",COUNTRY_GB,united kingdom,GB,,55.3781,-3.436,1.0,fuzzy_name_or_alt
bangkok,bangkok,CITY_BANGKOK_TH,bangkok,TH,Bangkok,13.7563,100.5018,1.0,fuzzy_name_or_alt
"cardiff, wales, uk","cardiff, wales, united kingdom",COUNTRY_GB,united kingdom,GB,,55.3781,-3.436,1.0,fuzzy_name_or_alt
concrete bunghole / NYC,concrete bunghole new york city,CITY_NEWYORK_US,new york city,US,New York,40.7128,-74.006,1.0,fuzzy_name_or_alt
london,london,CITY_LONDON_GB,london,GB,England,51.5074,-0.1278,1.0,fuzzy_name_or_alt
"london, uk","london, united kingdom",COUNTRY_GB,united kingdom,GB,,55.3781,-3.436,1.0,fuzzy_name_or_alt
los angeles,los angeles,CITY_LOSANGELES_US,los angeles,US,California,34.0522,-118.2437,1.0,fuzzy_name_or_alt
los angeles / the web,los angeles the web,CITY_LOSANGELES_US,los angeles,US,California,34.0522,-118.2437,1.0,fuzzy_name_or_alt
mostly UK,mostly united kingdom,COUNTRY_GB,united kingdom,GB,,55.3781,-3.436,1.0,fuzzy_name_or_alt
new york,new york,CITY_NEWYORK_US,new york city,US,New York,40.7128,-74.006,1.0,fuzzy_name_or_alt
new york city,new york city,CITY_NEWYORK_US,new york city,US,New York,40.7128,-74.006,1.0,fuzzy_name_or_alt
nonthaburi thailand,nonthaburi thailand,COUNTRY_TH,thailand,TH,,15.87,100.9925,1.0,fuzzy_name_or_alt
nyc,new york city,CITY_NEWYORK_US,new york city,US,New York,40.7128,-74.006,1.0,fuzzy_name_or_alt
paris / clermont-fd,paris clermont-fd,CITY_PARIS_FR,paris,FR,Ile-de-France,48.8566,2.3522,1.0,fuzzy_name_or_alt
paris // bordeaux,paris bordeaux,CITY_PARIS_FR,paris,FR,Ile-de-France,48.8566,2.3522,1.0,fuzzy_name_or_alt
"san francisco, CA, USA","san francisco, ca, united states",COUNTRY_US,united states,US,,37.0902,-95.7129,1.0,fuzzy_name_or_alt
"segunda  ⭐️a la derecha, B612","segunda a los angeles derecha, b612",CITY_LOSANGELES_US,los angeles,US,California,34.0522,-118.2437,1.0,fuzzy_name_or_alt
"stoke on trent, uk","stoke on trent, united kingdom",COUNTRY_GB,united kingdom,GB,,55.3781,-3.436,1.0,fuzzy_name_or_alt
"surat thani, thailand","surat thani, thailand",COUNTRY_TH,thailand,TH,,15.87,100.9925,1.0,fuzzy_name_or_alt
usa,united states,COUNTRY_US,united states,US,,37.0902,-95.7129,1.0,fuzzy_name_or_alt
wdc - usa,wdc - united states,COUNTRY_US,united states,US,,37.0902,-95.7129,1.0,fuzzy_name_or_alt
while RVing through the USA,while rving through the united states,COUNTRY_US,united states,US,,37.0902,-95.7129,1.0,fuzzy_name_or_alt
{NYC | KC},new york city kc,CITY_NEWYORK_US,new york city,US,New York,40.7128,-74.006,1.0,fuzzy_name_or_alt
ॐ  ✈️ NYC  ✈️ El Caribe  ✈️ Gaia,ॐ new york city el caribe gaia,CITY_NEWYORK_US,new york city,US,New York,40.7128,-74.006,1.0,fuzzy_name_or_alt
⚫ Cork  ⚪ London  ⚪ Lisbon,cork london lisbon,CITY_LONDON_GB,london,GB,England,51.5074,-0.1278,1.0,fuzzy_name_or_alt
❤️Los Angeles ❤️Behind a Camera,los angeles behind a camera,CITY_LOSANGELES_US,los angeles,US,California,34.0522,-118.2437,1.0,fuzzy_name_or_alt
📍DC | SD | SF | NY,dc sd san francisco ny,CITY_SANFRANCISCO_US,san francisco,US,California,37.7749,-122.4194,1.0,fuzzy_name_or_alt
"New York , New York","new york , new york",CITY_NEWYORK_US,new york city,US,New York,40.7128,-74.006,0.888889,fuzzy_name_or_alt
"New York City, NY","new york city, ny",CITY_NEWYORK_US,new york city,US,New York,40.7128,-74.006,0.866667,fuzzy_name_or_alt
"San Francisco, CA","san francisco, ca",CITY_SANFRANCISCO_US,san francisco,US,California,37.7749,-122.4194,0.866667,fuzzy_name_or_alt
"San Francisco, Ca","san francisco, ca",CITY_SANFRANCISCO_US,san francisco,US,California,37.7749,-122.4194,0.866667,fuzzy_name_or_alt
"san francisco, CA","san francisco, ca",CITY_SANFRANCISCO_US,san francisco,US,California,37.7749,-122.4194,0.866667,fuzzy_name_or_alt
"Los Angeles, CA","los angeles, ca",CITY_LOSANGELES_US,los angeles,US,California,34.0522,-118.2437,0.846154,fuzzy_name_or_alt
"Los Angeles, Ca","los angeles, ca",CITY_LOSANGELES_US,los angeles,US,California,34.0522,-118.2437,0.846154,fuzzy_name_or_alt
"los angeles, ca","los angeles, ca",CITY_LOSANGELES_US,los angeles,US,California,34.0522,-118.2437,0.846154,fuzzy_name_or_alt
"Chiang Mai, TH","chiang mai, th",CITY_CHIANGMAI_TH,chiang mai,TH,Chiang Mai,18.7883,98.9853,0.833333,fuzzy_name_or_alt
Oakland-San Francisco,oakland-san francisco,CITY_SANFRANCISCO_US,san francisco,US,California,37.7749,-122.4194,0.818182,fuzzy_name_or_alt
"New York, NY","new york, ny",CITY_NEWYORK_US,new york city,US,New York,40.7128,-74.006,0.8,fuzzy_name_or_alt
"new york, ny","new york, ny",CITY_NEWYORK_US,new york city,US,New York,40.7128,-74.006,0.8,fuzzy_name_or_alt
"San Francisco, California","san francisco, california",CITY_SANFRANCISCO_US,san francisco,US,California,37.7749,-122.4194,0.790698,fuzzy_name_or_alt
San Fransokyo,san fransokyo,CITY_SANFRANCISCO_US,san francisco,US,California,37.7749,-122.4194,0.769231,fuzzy_name_or_alt
"Brooklyn, New York","brooklyn, new york",CITY_NEWYORK_US,new york city,US,New York,40.7128,-74.006,0.761905,fuzzy_name_or_alt
Central New York,central new york,CITY_NEWYORK_US,new york city,US,New York,40.7128,-74.006,0.761905,fuzzy_name_or_alt
Florida & New York,florida new york,CITY_NEWYORK_US,new york city,US,New York,40.7128,-74.006,0.761905,fuzzy_name_or_alt
Hong Kong & New York,hong kong new york,CITY_NEWYORK_US,new york city,US,New York,40.7128,-74.006,0.761905,fuzzy_name_or_alt
Kingdom of Bahrain,kingdom of bahrain,COUNTRY_TH,thailand,TH,,15.87,100.9925,0.761905,fuzzy_name_or_alt
"Long Island , New York","long island , new york",CITY_NEWYORK_US,new york city,US,New York,40.7128,-74.006,0.761905,fuzzy_name_or_alt
Milan via Austin via New York,milan via austin via new york,CITY_NEWYORK_US,new york city,US,New York,40.7128,-74.006,0.761905,fuzzy_name_or_alt
New York - Singapore - JKT-KDI,new york - singapore - jkt-kdi,CITY_NEWYORK_US,new york city,US,New York,40.7128,-74.006,0.761905,fuzzy_name_or_alt
New York / Athens,new york athens,CITY_NEWYORK_US,new york city,US,New York,40.7128,-74.006,0.761905,fuzzy_name_or_alt
New York / Madrid,new york madrid,CITY_NEWYORK_US,new york city,US,New York,40.7128,-74.006,0.761905,fuzzy_name_or_alt
New York / Miami,new york miami,CITY_NEWYORK_US,new york city,US,New York,40.7128,-74.006,0.761905,fuzzy_name_or_alt
New York Digital Labs,new york digital labs,CITY_NEWYORK_US,new york city,US,New York,40.7128,-74.006,0.761905,fuzzy_name_or_alt
New York State,new york state,CITY_NEWYORK_US,new york city,US,New York,40.7128,-74.006,0.761905,fuzzy_name_or_alt
New York via Toronto,new york via toronto,CITY_NEWYORK_US,new york city,US,New York,40.7128,-74.006,0.761905,fuzzy_name_or_alt
"New York, New York","new york, new york",CITY_NEWYORK_US,new york city,US,New York,40.7128,-74.006,0.761905,fuzzy_name_or_alt
Philippines - New York,philippines - new york,CITY_NEWYORK_US,new york city,US,New York,40.7128,-74.006,0.761905,fuzzy_name_or_alt
"Queens, New York","queens, new york",CITY_NEWYORK_US,new york city,US,New York,40.7128,-74.006,0.761905,fuzzy_name_or_alt
"Sea Cliff, New York","sea cliff, new york",CITY_NEWYORK_US,new york city,US,New York,40.7128,-74.006,0.761905,fuzzy_name_or_alt
Upstate New York,upstate new york,CITY_NEWYORK_US,new york city,US,New York,40.7128,-74.006,0.761905,fuzzy_name_or_alt
"London, KY","london, ky",CITY_LONDON_GB,london,GB,England,51.5074,-0.1278,0.75,fuzzy_name_or_alt
"San Francisco, Oakland","san francisco, oakland",,,,,,,0.742857,no_match
"SoMa, San Francisco, CA","soma, san francisco, ca",,,,,,,0.731707,no_match
"Los Angeles, California","los angeles, california",,,,,,,0.717949,no_match
China,china,,,,,,,0.714286,no_match
Kingdom of Duterte,kingdom of duterte,,,,,,,0.714286,no_match
"New York, New York.","new york, new york.",,,,,,,0.714286,no_match
Taiwan,taiwan,,,,,,,0.714286,no_match
"Francisco, CA","francisco, ca",,,,,,,0.709677,no_match
"Los Angeles, Detroit","los angeles, detroit",,,,,,,0.709677,no_match
Shanghai,shanghai,,,,,,,0.705882,no_match
Swaziland,swaziland,,,,,,,0.705882,no_match
"Los Angeles, CA 90026","los angeles, ca 90026",,,,,,,0.702703,no_match
Chicago IL,chicago il,,,,,,,0.7,no_match
North America,north america,,,,,,,0.7,no_match
United Arab Emirates,united arab emirates,,,,,,,0.681818,no_match
Kingdom of Saudi Arabia,kingdom of saudi arabia,,,,,,,0.680851,no_match
"Al Khobar, Kingdom of Saudi Arabia","al khobar, kingdom of saudi arabia",,,,,,,0.666667,no_match
"Bangkok,Yangon","bangkok,yangon",,,,,,,0.666667,no_match
"Chicago, IL","chicago, il",,,,,,,0.666667,no_match
"Chicago, Il","chicago, il",,,,,,,0.666667,no_match
"Dhahran, Kingdom of Saudi Arab","dhahran, kingdom of saudi arab",,,,,,,0.666667,no_match
"East Riffa, Kingdom of Bahrain","east riffa, kingdom of bahrain",,,,,,,0.666667,no_match
Finland,finland,,,,,,,0.666667,no_match
Gem City,gem city,,,,,,,0.666667,no_match
"Greater Los Angeles, CA","greater los angeles, ca",,,,,,,0.666667,no_match
Iceland,iceland,,,,,,,0.666667,no_match
Ireland,ireland,,,,,,,0.666667,no_match
Kingdom days in an evil age,kingdom days in an evil age,,,,,,,0.666667,no_match
"London, SW18","london, sw18",,,,,,,0.666667,no_match
Mars,mars,,,,,,,0.666667,no_match
"New York,NY","new york,ny",,,,,,,0.666667,no_match
Oakland,oakland,,,,,,,0.666667,no_match
"Riyadh, Kingdom of Saudi Arabia","riyadh, kingdom of saudi arabia",,,,,,,0.666667,no_match
San Antonio,san antonio,,,,,,,0.666667,no_match
"Shanghai, China","shanghai, china",,,,,,,0.666667,no_match
Thalwil,thalwil,,,,,,,0.666667,no_match
"chicago, il","chicago, il",,,,,,,0.666667,no_match
Internetwork,internetwork,,,,,,,0.64,no_match
Chicagoland,chicagoland,,,,,,,0.631579,no_match
Deutschland,deutschland,,,,,,,0.631579,no_match
Dubai - United Arab Emirates,dubai - united arab emirates,,,,,,,0.631579,no_match
"Dubai, United Arab Emirates","dubai, united arab emirates",,,,,,,0.631579,no_match
Milan (Italy),milan italy,,,,,,,0.631579,no_match
Netherlands,netherlands,,,,,,,0.631579,no_match
"New York, Washington D.C.","new york, washington d.c.",,,,,,,0.631579,no_match
United Arab Emirates - Dubai,united arab emirates - dubai,,,,,,,0.631579,no_match
Auckland,auckland,,,,,,,0.625,no_match
Bangalore,bangalore,,,,,,,0.625,no_match
Chennai,chennai,,,,,,,0.625,no_match
Chicago,chicago,,,,,,,0.625,no_match
Kuching,kuching,,,,,,,0.625,no_match
Landskrona,landskrona,,,,,,,0.625,no_match
Maryland,maryland,,,,,,,0.625,no_match
Orlando FL,orlando fl,,,,,,,0.625,no_match
Scotland,scotland,,,,,,,0.625,no_match
cagayan de oro city,cagayan de oro city,,,,,,,0.625,no_match
chicago,chicago,,,,,,,0.625,no_match
maryland,maryland,,,,,,,0.625,no_match
Asturias,asturias,,,,,,,0.615385,no_match
"Bangkok, Thailand.","bangkok, thailand.",,,,,,,0.615385,no_match
Cambrils,cambrils,,,,,,,0.615385,no_match
Cebu City,cebu city,,,,,,,0.615385,no_match
Lebanon,lebanon,,,,,,,0.615385,no_match
Milan,milan,,,,,,,0.615385,no_match
On Line @,on line,,,,,,,0.615385,no_match
Orlando,orlando,,,,,,,0.615385,no_match
Pakistan,pakistan,,,,,,,0.615385,no_match
Pigfarts,pigfarts,,,,,,,0.615385,no_match
"Bangor, Maine","bangor, maine",,,,,,,0.608696,no_match
Chilanga banda,chilanga banda,,,,,,,0.608696,no_match
"Frisco, TX","frisco, tx",,,,,,,0.608696,no_match
Muncie In,muncie in,,,,,,,0.608696,no_match
"New York, NY, U.S.A.","new york, ny, u.s.a.",,,,,,,0.606061,no_match
Florida/Wisconsin,florida wisconsin,,,,,,,0.6,no_match
Hoosier Land,hoosier land,,,,,,,0.6,no_match
"London, Canada","london, canada",,,,,,,0.6,no_match
Los Gatos,los gatos,,,,,,,0.6,no_match
"Magee, MS","magee, ms",,,,,,,0.6,no_match
"Malibu, CA","malibu, ca",,,,,,,0.6,no_match
"Milan, Italy","milan, italy",,,,,,,0.6,no_match
Reims,reims,,,,,,,0.6,no_match
"Shanghai,魔都","shanghai,魔都",,,,,,,0.6,no_match
Spain,spain,,,,,,,0.6,no_match
"USA, France, and Italy","usa, france, and italy",,,,,,,0.6,no_match
"Nantes, France","nantes, france",,,,,,,0.592593,no_match
San Antonio TX,san antonio tx,,,,,,,0.592593,no_match
"San Antonio,TX","san antonio,tx",,,,,,,0.592593,no_match
"Thailand, Chon Buri","thailand, chon buri",,,,,,,0.592593,no_match
Irelander,irelander,,,,,,,0.588235,no_match
Island...,island...,,,,,,,0.588235,no_match
Kathmandu,kathmandu,,,,,,,0.588235,no_match
"Les Anglais, Haiti","les anglais, haiti",,,,,,,0.588235,no_match
Lithuania,lithuania,,,,,,,0.588235,no_match
Ludhiana,ludhiana,,,,,,,0.588235,no_match
Mex/Can,mex can,,,,,,,0.588235,no_match
Michigan,michigan,,,,,,,0.588235,no_match
"Orlando, FL","orlando, fl",,,,,,,0.588235,no_match
Palm Springs,palm springs,,,,,,,0.588235,no_match
Chiapas Mexico,chiapas mexico,,,,,,,0.583333,no_match
Mexico City,mexico city,,,,,,,0.583333,no_match
Quezon City,quezon city,,,,,,,0.583333,no_match
Appalachian Mountains,appalachian mountains,,,,,,,0.580645,no_match
With #PartyStarters:),with partystarters,,,,,,,0.580645,no_match
State of Grace,state of grace,,,,,,,0.578947,no_match
#malang,malang,,,,,,,0.571429,no_match
"Ashland, MA","ashland, ma",,,,,,,0.571429,no_match
Bandung,bandung,,,,,,,0.571429,no_match
Bangladesh,bangladesh,,,,,,,0.571429,no_match
"Chicago, dreaming of Maui","chicago, dreaming of maui",,,,,,,0.571429,no_match
Chile / Spain,chile spain,,,,,,,0.571429,no_match
Chisinau MD,chisinau md,,,,,,,0.571429,no_match
Colorado,colorado,,,,,,,0.571429,no_match
Davao City,davao city,,,,,,,0.571429,no_match
Edmonton,edmonton,,,,,,,0.571429,no_match
El Mundo,el mundo,,,,,,,0.571429,no_match
Frascati,frascati,,,,,,,0.571429,no_match
Ghana,ghana,,,,,,,0.571429,no_match
Italia,italia,,,,,,,0.571429,no_match
Kailua,kailua,,,,,,,0.571429,no_match
"Kansas City, MO","kansas city, mo",,,,,,,0.571429,no_match
"Lansing, MI","lansing, mi",,,,,,,0.571429,no_match
"London, England","london, england",,,,,,,0.571429,no_match
"Los Angeles, (Hollywood) California","los angeles, hollywood california",,,,,,,0.571429,no_match
MIAMI,miami,,,,,,,0.571429,no_match
Manila,manila,,,,,,,0.571429,no_match
Miami,miami,,,,,,,0.571429,no_match
Milan - Italy,milan - italy,,,,,,,0.571429,no_match
Milano,milano,,,,,,,0.571429,no_match
"Milano, Italy","milano, italy",,,,,,,0.571429,no_match
Ohioan,ohioan,,,,,,,0.571429,no_match
PA,pa,,,,,,,0.571429,no_match
"Panama City, Panama","panama city, panama",,,,,,,0.571429,no_match
Poland,poland,,,,,,,0.571429,no_match
"Quillan, France","quillan, france",,,,,,,0.571429,no_match
SIN CITY NEVADA,sin city nevada,,,,,,,0.571429,no_match
"San Antonio, TX","san antonio, tx",,,,,,,0.571429,no_match
Taiwán,taiwán,,,,,,,0.571429,no_match
"Wheatland, CA","wheatland, ca",,,,,,,0.571429,no_match
italia,italia,,,,,,,0.571429,no_match
milano,milano,,,,,,,0.571429,no_match
"Black Rock City, NV","black rock city, nv",,,,,,,0.5625,no_match
"Los Alamitos, CA","los alamitos, ca",,,,,,,0.5625,no_match
#TEDx Speaker,tedx speaker,,,,,,,0.56,no_match
"Franklin, TN","franklin, tn",,,,,,,0.56,no_match
Kingston NY,kingston ny,,,,,,,0.56,no_match
"Lyon, France","lyon, france",,,,,,,0.56,no_match
"Mexico City, Mexico","mexico city, mexico",,,,,,,0.56,no_match
"Mexico, City","mexico, city",,,,,,,0.56,no_match
"Pune, India","pune, india",,,,,,,0.56,no_match
The Universe,the universe,,,,,,,0.56,no_match
chicago usually,chicago usually,,,,,,,0.56,no_match
"King of Prussia, PA","king of prussia, pa",,,,,,,0.55814,no_match
"London, Ontario (CANADA)","london, ontario canada",,,,,,,0.55814,no_match
Alexandrie,alexandrie,,,,,,,0.555556,no_match
Always on the run.,always on the run.,,,,,,,0.555556,no_match
Bananaland,bananaland,,,,,,,0.555556,no_match
"Ithaca, NY","ithaca, ny",,,,,,,0.555556,no_match
Los Alcazares. Spain,los alcazares. spain,,,,,,,0.555556,no_match
"Orlando, FL.","orlando, fl.",,,,,,,0.555556,no_match
Paradise Lost,paradise lost,,,,,,,0.555556,no_match
"Paris, France","paris, france",,,,,,,0.555556,no_match
"Paris, france","paris, france",,,,,,,0.555556,no_match
Ravello,ravello,,,,,,,0.555556,no_match
Zoutelande,zoutelande,,,,,,,0.555556,no_match
all around !,all around,,,,,,,0.555556,no_match
the island,the island,,,,,,,0.555556,no_match
Netherlands/ Indonesia/ Igbo,netherlands indonesia igbo,,,,,,,0.553191,no_match
"Algeciras, Spain","algeciras, spain",,,,,,,0.551724,no_match
"Pune, MH, India","pune, mh, india",,,,,,,0.551724,no_match
"Redwood City, CA","redwood city, ca",,,,,,,0.551724,no_match
"Santa Monica, CA","santa monica, ca",,,,,,,0.551724,no_match
Washington State,washington state,,,,,,,0.551724,no_match
"Zapopan, Jalisco","zapopan, jalisco",,,,,,,0.551724,no_match
in your timeline,in your timeline,,,,,,,0.551724,no_match
Cayman Islands,cayman islands,,,,,,,0.545455,no_match
"Champaign, IL","champaign, il",,,,,,,0.545455,no_match
Cyprus,cyprus,,,,,,,0.545455,no_match
Downtown Babylon,downtown babylon,,,,,,,0.545455,no_match
"Frankenhain, Sachsen","frankenhain, sachsen",,,,,,,0.545455,no_match
Kingston,kingston,,,,,,,0.545455,no_match
"London, Ontario, Canada","london, ontario, canada",,,,,,,0.545455,no_match
"MAUI, HAWAII","maui, hawaii",,,,,,,0.545455,no_match
Madrid,madrid,,,,,,,0.545455,no_match
Maine x Chicago x Detroit,maine x chicago x detroit,,,,,,,0.545455,no_match
"Maui, Hawaii","maui, hawaii",,,,,,,0.545455,no_match
Narnia,narnia,,,,,,,0.545455,no_match
San Diego,san diego,,,,,,,0.545455,no_match
"San Jose, California","san jose, california",,,,,,,0.545455,no_match
"San Leandro, CA","san leandro, ca",,,,,,,0.545455,no_match
The Great Miami Valley Ohio,the great miami valley ohio,,,,,,,0.545455,no_match
Wisconsin,wisconsin,,,,,,,0.545455,no_match
"Xiamen, China","xiamen, china",,,,,,,0.545455,no_match
pagadian city,pagadian city,,,,,,,0.545455,no_match
wisconsin,wisconsin,,,,,,,0.545455,no_match
"Hong Kong, London, Shanghai","hong kong, london, shanghai",,,,,,,0.541667,no_match
"Santo André, Brasil","santo andré, brasil",,,,,,,0.540541,no_match
"Hong Kong, China","hong kong, china",,,,,,,0.538462,no_match
"Iowa City, IA","iowa city, ia",,,,,,,0.538462,no_match
"Manitoba, Canada","manitoba, canada",,,,,,,0.538462,no_match
Maui | Santa Fe,maui santa fe,,,,,,,0.538462,no_match
"Near Chicago, IL","near chicago, il",,,,,,,0.538462,no_match
"Pune, India.","pune, india.",,,,,,,0.538462,no_match
"Reims, France","reims, france",,,,,,,0.538462,no_match
"San Diego, CA","san diego, ca",,,,,,,0.538462,no_match
Sunny Orlando,sunny orlando,,,,,,,0.538462,no_match
"West Whiteland, PA","west whiteland, pa",,,,,,,0.538462,no_match
"new haven, ct","new haven, ct",,,,,,,0.538462,no_match
"San Fernando Valley, CA","san fernando valley, ca",,,,,,,0.536585,no_match
abq | santafe | placitas NM,abq santafe placitas nm,,,,,,,0.536585,no_match
#citizenoftheworld,citizenoftheworld,,,,,,,0.533333,no_match
2D Land,2d land,,,,,,,0.533333,no_match
"Anniston, AL","anniston, al",,,,,,,0.533333,no_match
Apeldoorn,apeldoorn,,,,,,,0.533333,no_match
Atlanta,atlanta,,,,,,,0.533333,no_match
Bahrain,bahrain,,,,,,,0.533333,no_match
Canada,canada,,,,,,,0.533333,no_match
Catania,catania,,,,,,,0.533333,no_match
Cochin,cochin,,,,,,,0.533333,no_match
England,england,,,,,,,0.533333,no_match
"Florence, Tuscany","florence, tuscany",,,,,,,0.533333,no_match
"Florianópolis, SC","florianópolis, sc",,,,,,,0.533333,no_match
"Guyana, South America","guyana, south america",,,,,,,0.533333,no_match
HangZhou,hangzhou,,,,,,,0.533333,no_match
Hangzhou,hangzhou,,,,,,,0.533333,no_match
Hispano,hispano,,,,,,,0.533333,no_match
Hong Kong,hong kong,,,,,,,0.533333,no_match
Indonesia,indonesia,,,,,,,0.533333,no_match
Kansas City,kansas city,,,,,,,0.533333,no_match
"Miami Beach, Florida","miami beach, florida",,,,,,,0.533333,no_match
México City,méxico city,,,,,,,0.533333,no_match
Not Found,not found,,,,,,,0.533333,no_match
"Oss, Nederland","oss, nederland",,,,,,,0.533333,no_match
Panama,panama,,,,,,,0.533333,no_match
"San Juan, PR","san juan, pr",,,,,,,0.533333,no_match
Santiago,santiago,,,,,,,0.533333,no_match
"Sparks, NV","sparks, nv",,,,,,,0.533333,no_match
Taranto,taranto,,,,,,,0.533333,no_match
Ulldecona,ulldecona,,,,,,,0.533333,no_match
atlanta,atlanta,,,,,,,0.533333,no_match
eindhoven,eindhoven,,,,,,,0.533333,no_match
hong kong,hong kong,,,,,,,0.533333,no_match
"Sunshine Coast, Australia","sunshine coast, australia",,,,,,,0.530612,no_match
"Kansas City, Missouri","kansas city, missouri",,,,,,,0.529412,no_match
"San Diego, California","san diego, california",,,,,,,0.529412,no_match
"Santa Barbara,CA","santa barbara,ca",,,,,,,0.529412,no_match
"san diego, california","san diego, california",,,,,,,0.529412,no_match
América Latina,américa latina,,,,,,,0.526316,no_match
"Batavia, NY","batavia, ny",,,,,,,0.526316,no_match
Boston & beyond,boston beyond,,,,,,,0.526316,no_match
Cincinnati,cincinnati,,,,,,,0.526316,no_match
"Flint, MI","flint, mi",,,,,,,0.526316,no_match
France,france,,,,,,,0.526316,no_match
France ile-de-france,france ile-de-france,,,,,,,0.526316,no_match
"Garland, TX","garland, tx",,,,,,,0.526316,no_match
"Halifax, NS","halifax, ns",,,,,,,0.526316,no_match
Hurlingham,hurlingham,,,,,,,0.526316,no_match
"Midland, TX","midland, tx",,,,,,,0.526316,no_match
New Zealand,new zealand,,,,,,,0.526316,no_match
"Oakland, CA","oakland, ca",,,,,,,0.526316,no_match
"Pendleton, OR","pendleton, or",,,,,,,0.526316,no_match
Santa Maria da Feira,santa maria da feira,,,,,,,0.526316,no_match
"Sonoma, CA","sonoma, ca",,,,,,,0.526316,no_match
Switzerland,switzerland,,,,,,,0.526316,no_match
"Valparaiso, IN","valparaiso, in",,,,,,,0.526316,no_match
América Latina (ARG),américa latina arg,,,,,,,0.52381,no_match
Antarctica,antarctica,,,,,,,0.521739,no_match
Atlantic Canada,atlantic canada,,,,,,,0.521739,no_match
Bois Arnault,bois arnault,,,,,,,0.521739,no_match
Buenos Aires,buenos aires,,,,,,,0.521739,no_match
"Camarillo, CA","camarillo, ca",,,,,,,0.521739,no_match
"Cambridge, MA","cambridge, ma",,,,,,,0.521739,no_match
"Chantilly, VA","chantilly, va",,,,,,,0.521739,no_match
"Dalkey, Ireland","dalkey, ireland",,,,,,,0.521739,no_match
"Durham, England","durham, england",,,,,,,0.521739,no_match
East Coasting,east coasting,,,,,,,0.521739,no_match
Fantasista,fantasista,,,,,,,0.521739,no_match
"Galway, Ireland","galway, ireland",,,,,,,0.521739,no_match
IG: @bagladies,ig bagladies,,,,,,,0.521739,no_match
"Mar Vista, CA","mar vista, ca",,,,,,,0.521739,no_match
"Minot, ND","minot, nd",,,,,,,0.521739,no_match
"Mumbai, India","mumbai, india",,,,,,,0.521739,no_match
New Mexico,new mexico,,,,,,,0.521739,no_match
"Newark, DE","newark, de",,,,,,,0.521739,no_match
Normandie,normandie,,,,,,,0.521739,no_match
"Paris, Ile-de-France, France","paris, ile-de-france, france",,,,,,,0.521739,no_match
Roanoke Va,roanoke va,,,,,,,0.521739,no_match
Santiago / Chile,santiago chile,,,,,,,0.521739,no_match
The Netherlands,the netherlands,,,,,,,0.521739,no_match
aachen/germany,aachen germany,,,,,,,0.521739,no_match
the Netherlands,the netherlands,,,,,,,0.521739,no_match
"Johannesburg, South Africa","johannesburg, south africa",,,,,,,0.52,no_match
"South Africa, Johannesburg","south africa, johannesburg",,,,,,,0.52,no_match
The Windmills of Your Mind,the windmills of your mind,,,,,,,0.52,no_match
"Bobadela, Loures","bobadela, loures",,,,,,,0.518519,no_match
"Chicago, Illinois","chicago, illinois",,,,,,,0.518519,no_match
Funchal - Madeira,funchal - madeira,,,,,,,0.518519,no_match
"Granada, Spain","granada, spain",,,,,,,0.518519,no_match
"Monroe, MIichigan","monroe, miichigan",,,,,,,0.518519,no_match
"Ocean City, MD","ocean city, md",,,,,,,0.518519,no_match
"Planet Earth, most of the time","planet earth, most of the time",,,,,,,0.518519,no_match
"Ponca City, OK","ponca city, ok",,,,,,,0.518519,no_match
Salt Lake City,salt lake city,,,,,,,0.518519,no_match
Santo Domingo,santo domingo,,,,,,,0.518519,no_match
Shanghai/Kaohsiung,shanghai kaohsiung,,,,,,,0.518519,no_match
The Bronx,the bronx,,,,,,,0.518519,no_match
The Hague,the hague,,,,,,,0.518519,no_match
Tierras Australes y Antárticas,tierras australes y antárticas,,,,,,,0.518519,no_match
"Toulouse, France","toulouse, france",,,,,,,0.518519,no_match
"Trieste, Italy","trieste, italy",,,,,,,0.518519,no_match
"Union City, CA","union city, ca",,,,,,,0.518519,no_match
"Clovis, New Mexico","clovis, new mexico",,,,,,,0.516129,no_match
"Dumfries, Scotland","dumfries, scotland",,,,,,,0.516129,no_match
"Klaten, Indonesia","klaten, indonesia",,,,,,,0.516129,no_match
"San Antonio, Texas","san antonio, texas",,,,,,,0.516129,no_match
"Strasbourg, France","strasbourg, france",,,,,,,0.516129,no_match
"The Bronx, NY","the bronx, ny",,,,,,,0.516129,no_match
"The Hague, NL","the hague, nl",,,,,,,0.516129,no_match
"Medan Kota, Indonesia","medan kota, indonesia",,,,,,,0.514286,no_match
"Santa Barbara, CA","santa barbara, ca",,,,,,,0.514286,no_match
Santa Maria,santa maria,,,,,,,0.514286,no_match
"Canary Islands, Spain","canary islands, spain",,,,,,,0.512821,no_match
"Hamilton City, New Zealand","hamilton city, new zealand",,,,,,,0.512821,no_match
Third planet past the sun.,third planet past the sun.,,,,,,,0.512821,no_match
two steps ahead,two steps ahead,,,,,,,0.512821,no_match
Across The Universe  ☮,across the universe,,,,,,,0.511628,no_match
"Arco, Trento, Italy","arco, trento, italy",,,,,,,0.511628,no_match
"Balfron & Glasgow, Scotland","balfron glasgow, scotland",,,,,,,0.511628,no_match
Bangalore India,bangalore india,,,,,,,0.511628,no_match
"Brasil, SC, Florianópolis","brasil, sc, florianópolis",,,,,,,0.511628,no_match
Cassino (Fr) - Italia,cassino fr - italia,,,,,,,0.511628,no_match
Hull City Of Culture Yorkshire,hull city of culture yorkshire,,,,,,,0.511628,no_match
Local mountains and beaches :),local mountains and beaches,,,,,,,0.511628,no_match
Léognan - Bordeaux - France,léognan - bordeaux - france,,,,,,,0.511628,no_match
Savile Row/Reading/Anglesey,savile row reading anglesey,,,,,,,0.511628,no_match
"Taipei City, Taiwan","taipei city, taiwan",,,,,,,0.511628,no_match
"Greater Detroit, MI","greater detroit, mi",,,,,,,0.510638,no_match
"Haidian, Beijing, China","haidian, beijing, china",,,,,,,0.510638,no_match
"New Taipei City, Taiwan","new taipei city, taiwan",,,,,,,0.510638,no_match
"Grande Prairie, Alberta","grande prairie, alberta",,,,,,,0.509804,no_match
"In the studio, or on location.","in the studio, or on location.",,,,,,,0.509804,no_match
Soaring against the sun,soaring against the sun,,,,,,,0.509804,no_match
Belitang - Sumatera Selatan,belitang - sumatera selatan,,,,,,,0.509091,no_match
Germany (with my heart in Oz),germany with my heart in oz,,,,,,,0.509091,no_match
"Greater Vancouver, British Columbia","greater vancouver, british columbia",,,,,,,0.507937,no_match
"A Coruña, Spain","a coruña, spain",,,,,,,0.5,no_match
Alba,alba,,,,,,,0.5,no_match
Alemania,alemania,,,,,,,0.5,no_match
Algeria,algeria,,,,,,,0.5,no_match
Algún lugar de Jalisco,algún lugar de jalisco,,,,,,,0.5,no_match
"Alicante, Spain","alicante, spain",,,,,,,0.5,no_match
Altınoluk,altınoluk,,,,,,,0.5,no_match
"Antibes, France","antibes, france",,,,,,,0.5,no_match
Aquileia,aquileia,,,,,,,0.5,no_match
Arizona,arizona,,,,,,,0.5,no_match
Asia,asia,,,,,,,0.5,no_match
Austria,austria,,,,,,,0.5,no_match
Bamako | Toronto,bamako toronto,,,,,,,0.5,no_match
"Bangalore, India","bangalore, india",,,,,,,0.5,no_match
"Belfast, Ireland","belfast, ireland",,,,,,,0.5,no_match
Benidorm i Barcelona,benidorm i barcelona,,,,,,,0.5,no_match
Boston,boston,,,,,,,0.5,no_match
Brantford,brantford,,,,,,,0.5,no_match
Bristol,bristol,,,,,,,0.5,no_match
Bucaramanga,bucaramanga,,,,,,,0.5,no_match
"Bucharest, Romania","bucharest, romania",,,,,,,0.5,no_match
Calgary,calgary,,,,,,,0.5,no_match
"Cancun, Mexico","cancun, mexico",,,,,,,0.5,no_match
Cardiff,cardiff,,,,,,,0.5,no_match
"Chattanooga, TN","chattanooga, tn",,,,,,,0.5,no_match
"Chicago, IL| IA | Atlanta","chicago, il ia atlanta",,,,,,,0.5,no_match
Citizen of the World,citizen of the world,,,,,,,0.5,no_match
"Colima, Colima, Mexico","colima, colima, mexico",,,,,,,0.5,no_match
Concord NH,concord nh,,,,,,,0.5,no_match
"Cuiabá, MT","cuiabá, mt",,,,,,,0.5,no_match
"Culver City, CA","culver city, ca",,,,,,,0.5,no_match
DTLA,dtla,,,,,,,0.5,no_match
"Dammam, KSA | Tunisia | France","dammam, ksa tunisia france",,,,,,,0.5,no_match
Denton,denton,,,,,,,0.5,no_match
"Dhaka, Bangladesh","dhaka, bangladesh",,,,,,,0.5,no_match
"Dothan, AL","dothan, al",,,,,,,0.5,no_match
Dragonstone,dragonstone,,,,,,,0.5,no_match
"Edmond, OK","edmond, ok",,,,,,,0.5,no_match
"Eindhoven, Netherlands","eindhoven, netherlands",,,,,,,0.5,no_match
"Elmont, NY","elmont, ny",,,,,,,0.5,no_match
"Emporia, KS","emporia, ks",,,,,,,0.5,no_match
Fairchild Consortium,fairchild consortium,,,,,,,0.5,no_match
"Florianópolis - SC, Brasil","florianópolis - sc, brasil",,,,,,,0.5,no_match
"Frankfurt am Main, Germany","frankfurt am main, germany",,,,,,,0.5,no_match
"Frankfurt, Germany","frankfurt, germany",,,,,,,0.5,no_match
"Galle, Sri Lanka","galle, sri lanka",,,,,,,0.5,no_match
Gdansk/PL,gdansk pl,,,,,,,0.5,no_match
Greater Houston Area,greater houston area,,,,,,,0.5,no_match
Indian Archipelago,indian archipelago,,,,,,,0.5,no_match
Indiana,indiana,,,,,,,0.5,no_match
Indonesia.,indonesia.,,,,,,,0.5,no_match
"Inglewood, Ca","inglewood, ca",,,,,,,0.5,no_match
Jordan,jordan,,,,,,,0.5,no_match
"Khobar, Saudi Arabia","khobar, saudi arabia",,,,,,,0.5,no_match
"Kirkland, WA","kirkland, wa",,,,,,,0.5,no_match
"Kunming, Yunnan, China","kunming, yunnan, china",,,,,,,0.5,no_match
"Lakeland, FL","lakeland, fl",,,,,,,0.5,no_match
"Leawood, KS (Kansas City)","leawood, ks kansas city",,,,,,,0.5,no_match
"Lincoln, NE","lincoln, ne",,,,,,,0.5,no_match
Lisbon,lisbon,,,,,,,0.5,no_match
Little Red Dot,little red dot,,,,,,,0.5,no_match
"London, Bengaluru.","london, bengaluru.",,,,,,,0.5,no_match
"Long Island, NY","long island, ny",,,,,,,0.5,no_match
"Loomis, CA","loomis, ca",,,,,,,0.5,no_match
"Madison, NJ","madison, nj",,,,,,,0.5,no_match
Mainly on the road,mainly on the road,,,,,,,0.5,no_match
Manresa,manresa,,,,,,,0.5,no_match
Memphis,memphis,,,,,,,0.5,no_match
Mexico City /  other countries,mexico city other countries,,,,,,,0.5,no_match
"Mexico, Mexico City","mexico, mexico city",,,,,,,0.5,no_match
"Miami Beach, FL","miami beach, fl",,,,,,,0.5,no_match
"Miami, Florida","miami, florida",,,,,,,0.5,no_match
Minion Islands,minion islands,,,,,,,0.5,no_match
"Monroe, NC","monroe, nc",,,,,,,0.5,no_match
"Moraga, CA","moraga, ca",,,,,,,0.5,no_match
Mumbai - India,mumbai - india,,,,,,,0.5,no_match
Mundão,mundão,,,,,,,0.5,no_match
"Muskegon, Michigan","muskegon, michigan",,,,,,,0.5,no_match
Nairobi,nairobi,,,,,,,0.5,no_match
New Delhi,new delhi,,,,,,,0.5,no_match
New England,new england,,,,,,,0.5,no_match
New Orleans,new orleans,,,,,,,0.5,no_match
"New York, Singapore, Arnhem","new york, singapore, arnhem",,,,,,,0.5,no_match
"Newberg, OR","newberg, or",,,,,,,0.5,no_match
"Newburyport, MA","newburyport, ma",,,,,,,0.5,no_match
"Niterói, Brasil","niterói, brasil",,,,,,,0.5,no_match
Nor Cal,nor cal,,,,,,,0.5,no_match
"North Huntingdon, PA","north huntingdon, pa",,,,,,,0.5,no_match
Odense,odense,,,,,,,0.5,no_match
"On, Canada","on, canada",,,,,,,0.5,no_match
Ontario,ontario,,,,,,,0.5,no_match
Oregon,oregon,,,,,,,0.5,no_match
Oviedo,oviedo,,,,,,,0.5,no_match
Palo Alto,palo alto,,,,,,,0.5,no_match
"Parkland, FL","parkland, fl",,,,,,,0.5,no_match
"Patiala, IND","patiala, ind",,,,,,,0.5,no_match
"Pau, Aquitaine, France","pau, aquitaine, france",,,,,,,0.5,no_match
Peckham,peckham,,,,,,,0.5,no_match
"Penang,Malaysia","penang,malaysia",,,,,,,0.5,no_match
Philadelphia,philadelphia,,,,,,,0.5,no_match
Planet Earth,planet earth,,,,,,,0.5,no_match
"Portland, ME","portland, me",,,,,,,0.5,no_match
"Portland, OR","portland, or",,,,,,,0.5,no_match
"Poznan, Poland","poznan, poland",,,,,,,0.5,no_match
Principality of Asturias,principality of asturias,,,,,,,0.5,no_match
"Redlands, Ca","redlands, ca",,,,,,,0.5,no_match
Rennes - France,rennes - france,,,,,,,0.5,no_match
Rhode Island,rhode island,,,,,,,0.5,no_match
Romania,romania,,,,,,,0.5,no_match
Saint Louis,saint louis,,,,,,,0.5,no_match
Saint-Denis,saint-denis,,,,,,,0.5,no_match
"San Luis Obispo, CA","san luis obispo, ca",,,,,,,0.5,no_match
Santa Clara,santa clara,,,,,,,0.5,no_match
Santa Isabel-SP,santa isabel-sp,,,,,,,0.5,no_match
"Santa Rosa, CA","santa rosa, ca",,,,,,,0.5,no_match
Santiago en Chile.,santiago en chile.,,,,,,,0.5,no_match
"Santiago, Chile","santiago, chile",,,,,,,0.5,no_match
Santo André,santo andré,,,,,,,0.5,no_match
Santo André/SP,santo andré sp,,,,,,,0.5,no_match
"Sarnia, Ontario","sarnia, ontario",,,,,,,0.5,no_match
Saudi Arabia,saudi arabia,,,,,,,0.5,no_match
Seattle,seattle,,,,,,,0.5,no_match
South Africa,south africa,,,,,,,0.5,no_match
South Salem,south salem,,,,,,,0.5,no_match
St Albans,st albans,,,,,,,0.5,no_match
Sunny South Florida,sunny south florida,,,,,,,0.5,no_match
TUNISIE,tunisie,,,,,,,0.5,no_match
Taichung (｡◕‿◕｡),taichung,,,,,,,0.5,no_match
"Tainan, Taiwan","tainan, taiwan",,,,,,,0.5,no_match
"Tenerife, Islas Canarias","tenerife, islas canarias",,,,,,,0.5,no_match
Tenochtitlán,tenochtitlán,,,,,,,0.5,no_match
"Terre Haute, IN","terre haute, in",,,,,,,0.5,no_match
The Deep South… of California,the deep south of california,,,,,,,0.5,no_match
Thessaloniki,thessaloniki,,,,,,,0.5,no_match
Torino,torino,,,,,,,0.5,no_match
Toronto ON,toronto on,,,,,,,0.5,no_match
Tres Cantos,tres cantos,,,,,,,0.5,no_match
Treviso,treviso,,,,,,,0.5,no_match
Trieste,trieste,,,,,,,0.5,no_match
"USA, AZ, Tucson","usa, az, tucson",,,,,,,0.5,no_match
UTDallas,utdallas,,,,,,,0.5,no_match
Under your bed.,under your bed.,,,,,,,0.5,no_match
Valencia (Spain),valencia spain,,,,,,,0.5,no_match
Vatican City,vatican city,,,,,,,0.5,no_match
WICHITA,wichita,,,,,,,0.5,no_match
"Wells,  NV","wells, nv",,,,,,,0.5,no_match
Window Seat,window seat,,,,,,,0.5,no_match
Your future :),your future,,,,,,,0.5,no_match
earth planet,earth planet,,,,,,,0.5,no_match
in the South,in the south,,,,,,,0.5,no_match
new england,new england,,,,,,,0.5,no_match
on your map,on your map,,,,,,,0.5,no_match
online,online,,,,,,,0.5,no_match
outside of philadelphia.,outside of philadelphia.,,,,,,,0.5,no_match
planet earth,planet earth,,,,,,,0.5,no_match
"santiago, chile","santiago, chile",,,,,,,0.5,no_match
saudi arabia,saudi arabia,,,,,,,0.5,no_match
torino,torino,,,,,,,0.5,no_match
unicorn island,unicorn island,,,,,,,0.5,no_match
Çanakkale,çanakkale,,,,,,,0.5,no_match
İstanbul/Bursa,i stanbul bursa,,,,,,,0.5,no_match
İzmir,i zmir,,,,,,,0.5,no_match
"Cabo de Gata - Níjar, ALMERIA","cabo de gata - níjar, almeria",,,,,,,0.490566,no_match
"Quimper, Bretagne, France","quimper, bretagne, france",,,,,,,0.490566,no_match
"Rio Grande do Sul, Brasil","rio grande do sul, brasil",,,,,,,0.490566,no_match
"Charlotte, North Carolina","charlotte, north carolina",,,,,,,0.489796,no_match
"Ohio, The Heart of it All!","ohio, the heart of it all",,,,,,,0.489796,no_match
"South Dublin, Ireland","south dublin, ireland",,,,,,,0.489796,no_match
"Bangkok, KL, Milan, HK, Rio","bangkok, kl, milan, hk, rio",,,,,,,0.488889,no_match
"Brighton, England","brighton, england",,,,,,,0.488889,no_match
DF y estados aledaños,df y estados aledaños,,,,,,,0.488889,no_match
"London, UK. | Riyadh, KSA.","london, uk. riyadh, ksa.",,,,,,,0.488889,no_match
east or west of there,east or west of there,,,,,,,0.488889,no_match
middle of the Midwest,middle of the midwest,,,,,,,0.488889,no_match
Boskoop / the Netherlands,boskoop the netherlands,,,,,,,0.487805,no_match
"Kaiserslautern, Germany","kaiserslautern, germany",,,,,,,0.487805,no_match
"King's Lynn, Norfolk","king s lynn, norfolk",,,,,,,0.487805,no_match
"Staten Island, NY","staten island, ny",,,,,,,0.487805,no_match
Strategic Planner,strategic planner,,,,,,,0.487805,no_match
"Tarpon Springs, Florida","tarpon springs, florida",,,,,,,0.487805,no_match
Berlin | Ruhr York | München,berlin ruhr york münchen,,,,,,,0.486486,no_match
"Bol island Brac, Croatia","bol island brac, croatia",,,,,,,0.486486,no_match
Isle of Wight,isle of wight,,,,,,,0.486486,no_match
"Kota Serang, Banten","kota serang, banten",,,,,,,0.486486,no_match
Made in Italy,made in italy,,,,,,,0.486486,no_match
"Quezon City, Philippines","quezon city, philippines",,,,,,,0.486486,no_match
San Donato Milanese,san donato milanese,,,,,,,0.486486,no_match
San Jose Costa Rica,san jose costa rica,,,,,,,0.486486,no_match
"San Juan, Argentina","san juan, argentina",,,,,,,0.486486,no_match
vagabond on the run,vagabond on the run,,,,,,,0.486486,no_match
"Avignon, France","avignon, france",,,,,,,0.484848,no_match
Cannes - France,cannes - france,,,,,,,0.484848,no_match
"Chicago & Wintergreen, VA","chicago wintergreen, va",,,,,,,0.484848,no_match
China JiangSu Changzhou,china jiangsu changzhou,,,,,,,0.484848,no_match
"Dublin City, Ireland","dublin city, ireland",,,,,,,0.484848,no_match
"Global; Paris, France","global paris, france",,,,,,,0.484848,no_match
"Grand Forks, ND","grand forks, nd",,,,,,,0.484848,no_match
"Lombard, IL (Chicagoland)","lombard, il chicagoland",,,,,,,0.484848,no_match
"Milton Keynes, England","milton keynes, england",,,,,,,0.484848,no_match
"Morocco, Africa","morocco, africa",,,,,,,0.484848,no_match
"Santa Clara, CA","santa clara, ca",,,,,,,0.484848,no_match
"Val de Loire, France","val de loire, france",,,,,,,0.484848,no_match
"Valencia, Spain","valencia, spain",,,,,,,0.484848,no_match
Australia & New Zealand,australia new zealand,,,,,,,0.482759,no_match
"Barcelona, Spain","barcelona, spain",,,,,,,0.482759,no_match
"Bristol, England","bristol, england",,,,,,,0.482759,no_match
"Chennai, Tamil Nadu","chennai, tamil nadu",,,,,,,0.482759,no_match
"Chiaravalle, Marche","chiaravalle, marche",,,,,,,0.482759,no_match
Chicago thru and thru,chicago thru and thru,,,,,,,0.482759,no_match
Ciudad Autónoma de Buenos Aire,ciudad autónoma de buenos aire,,,,,,,0.482759,no_match
"Copenhagen, Denmark","copenhagen, denmark",,,,,,,0.482759,no_match
"Ilhota, Santa Catarina, Brasil","ilhota, santa catarina, brasil",,,,,,,0.482759,no_match
"Johnson City, TN","johnson city, tn",,,,,,,0.482759,no_match
"Lausanne, Suisse","lausanne, suisse",,,,,,,0.482759,no_match
Location: Planet Earth,location planet earth,,,,,,,0.482759,no_match
"Malibu Canyons, CA.","malibu canyons, ca.",,,,,,,0.482759,no_match
"Moscow, Scotland","moscow, scotland",,,,,,,0.482759,no_match
"Mount Kisco, NY","mount kisco, ny",,,,,,,0.482759,no_match
North-West Italy,north-west italy,,,,,,,0.482759,no_match
"Palo Alto, CA","palo alto, ca",,,,,,,0.482759,no_match
"Queensland, Australia","queensland, australia",,,,,,,0.482759,no_match
Russian Universe,russian universe,,,,,,,0.482759,no_match
Sophia Antipolis,sophia antipolis,,,,,,,0.482759,no_match
"Tenerife, España","tenerife, españa",,,,,,,0.482759,no_match
Trapped on Earth,trapped on earth,,,,,,,0.482759,no_match
"Viña del Mar, Chile","viña del mar, chile",,,,,,,0.482759,no_match
"Viña del mar, Chile","viña del mar, chile",,,,,,,0.482759,no_match
on the road!,on the road,,,,,,,0.482759,no_match
Campina Grande - PB - Brazil,campina grande - pb - brazil,,,,,,,0.481481,no_match
"Dublin, Ireland, sometimes","dublin, ireland, sometimes",,,,,,,0.481481,no_match
north shore of massa-who-setts,north shore of massa-who-setts,,,,,,,0.481481,no_match
"Amsterdam, The Netherlands","amsterdam, the netherlands",,,,,,,0.48,no_match
"Auburndale, FL","auburndale, fl",,,,,,,0.48,no_match
Canada/Haiti/DR,canada haiti dr,,,,,,,0.48,no_match
"Canoga Park, CA","canoga park, ca",,,,,,,0.48,no_match
"Charleston, SC","charleston, sc",,,,,,,0.48,no_match
Chicago (for now),chicago for now,,,,,,,0.48,no_match
"Chur, Switzerland","chur, switzerland",,,,,,,0.48,no_match
"Colima, México.","colima, méxico.",,,,,,,0.48,no_match
"Coslada, Madrid","coslada, madrid",,,,,,,0.48,no_match
"Denver, Chicago","denver, chicago",,,,,,,0.48,no_match
"Erding, Germany","erding, germany",,,,,,,0.48,no_match
Etna - Il vulcano,etna - il vulcano,,,,,,,0.48,no_match
"Gijon, Spain","gijon, spain",,,,,,,0.48,no_match
"Greenville, SC","greenville, sc",,,,,,,0.48,no_match
"Guangdong, China","guangdong, china",,,,,,,0.48,no_match
"Guangzhou, China","guangzhou, china",,,,,,,0.48,no_match
"HsinChu, Taiwan","hsinchu, taiwan",,,,,,,0.48,no_match
"Hsinchu, Taiwan","hsinchu, taiwan",,,,,,,0.48,no_match
"London, Sussex, EU and others","london, sussex, eu and others",,,,,,,0.48,no_match
Madrid (Spain),madrid spain,,,,,,,0.48,no_match
Madrid/Spain,madrid spain,,,,,,,0.48,no_match
"Maite, Guam","maite, guam",,,,,,,0.48,no_match
"Matthews, NC","matthews, nc",,,,,,,0.48,no_match
"Mesquite, TX","mesquite, tx",,,,,,,0.48,no_match
Minas Gerais,minas gerais,,,,,,,0.48,no_match
"Morgan Hill, CA","morgan hill, ca",,,,,,,0.48,no_match
Naples (Italy),naples italy,,,,,,,0.48,no_match
North Dublin via North Meath,north dublin via north meath,,,,,,,0.48,no_match
"Ontario, Canada","ontario, canada",,,,,,,0.48,no_match
"Orangeburg, SC","orangeburg, sc",,,,,,,0.48,no_match
"Richmond, VA","richmond, va",,,,,,,0.48,no_match
"Roanoke, Va.","roanoke, va.",,,,,,,0.48,no_match
"Roche,Switzerland","roche,switzerland",,,,,,,0.48,no_match
"San Jose, CA","san jose, ca",,,,,,,0.48,no_match
San Salvador,san salvador,,,,,,,0.48,no_match
"Santa Fe, NM","santa fe, nm",,,,,,,0.48,no_match
"Sarasota, FL","sarasota, fl",,,,,,,0.48,no_match
"Silicon Cape, South Africa","silicon cape, south africa",,,,,,,0.48,no_match
Strange Land,strange land,,,,,,,0.48,no_match
"Tehran, Iran","tehran, iran",,,,,,,0.48,no_match
"Tyler, Texas","tyler, texas",,,,,,,0.48,no_match
"Valdivia, Chile","valdivia, chile",,,,,,,0.48,no_match
Valenciastán,valenciastán,,,,,,,0.48,no_match
Verona (Italy),verona italy,,,,,,,0.48,no_match
Verona Italy,verona italy,,,,,,,0.48,no_match
emkwan@gmail.com,emkwan gmail.com,,,,,,,0.48,no_match
home of the midnight snack,home of the midnight snack,,,,,,,0.48,no_match
Amsterdam & in the Cloud,amsterdam in the cloud,,,,,,,0.478261,no_match
"Bandung, Indonesia","bandung, indonesia",,,,,,,0.478261,no_match
"London, Middle-east, Asia","london, middle-east, asia",,,,,,,0.478261,no_match
Salesianos - Santander,salesianos - santander,,,,,,,0.478261,no_match
"Taipei, Taiwan, R.O.C.","taipei, taiwan, r.o.c.",,,,,,,0.478261,no_match
"Villefranche-sur-Mer, France","villefranche-sur-mer, france",,,,,,,0.478261,no_match
"Allston, MA","allston, ma",,,,,,,0.47619,no_match
"Ames, IA","ames, ia",,,,,,,0.47619,no_match
Arkansas,arkansas,,,,,,,0.47619,no_match
"Ashland, Ohio","ashland, ohio",,,,,,,0.47619,no_match
"Bali, Indonesia","bali, indonesia",,,,,,,0.47619,no_match
"Barrington, RI","barrington, ri",,,,,,,0.47619,no_match
"Bloomington, IL","bloomington, il",,,,,,,0.47619,no_match
"Bloomington, IN","bloomington, in",,,,,,,0.47619,no_match
"Boja, Indonesia","boja, indonesia",,,,,,,0.47619,no_match
Brisbane,brisbane,,,,,,,0.47619,no_match
"Delft, Netherlands","delft, netherlands",,,,,,,0.47619,no_match
Denver Colorado,denver colorado,,,,,,,0.47619,no_match
Dubai/Cairo,dubai cairo,,,,,,,0.47619,no_match
Firenze / Toscana / Internet,firenze toscana internet,,,,,,,0.47619,no_match
Germania,germania,,,,,,,0.47619,no_match
Ghana/Japan,ghana japan,,,,,,,0.47619,no_match
"Hammond, IN","hammond, in",,,,,,,0.47619,no_match
In My Heart,in my heart,,,,,,,0.47619,no_match
Indianapoils,indianapoils,,,,,,,0.47619,no_match
Indianapolis,indianapolis,,,,,,,0.47619,no_match
Indianapolis!,indianapolis,,,,,,,0.47619,no_match
Kraków Poland,kraków poland,,,,,,,0.47619,no_match
"Lincolnshire, England","lincolnshire, england",,,,,,,0.47619,no_match
"Logan Square, Chicago","logan square, chicago",,,,,,,0.47619,no_match
"Manoa, Hawaii","manoa, hawaii",,,,,,,0.47619,no_match
"Mansfield, CT","mansfield, ct",,,,,,,0.47619,no_match
Mansoura,mansoura,,,,,,,0.47619,no_match
My World,my world,,,,,,,0.47619,no_match
NY to NC,ny to nc,,,,,,,0.47619,no_match
Northwest Arkansas,northwest arkansas,,,,,,,0.47619,no_match
"Oulu, Finland","oulu, finland",,,,,,,0.47619,no_match
"Padova, Italy","padova, italy",,,,,,,0.47619,no_match
"Paradise, Utopia","paradise, utopia",,,,,,,0.47619,no_match
Republic of Serbia,republic of serbia,,,,,,,0.47619,no_match
Riccione,riccione,,,,,,,0.47619,no_match
Richmond,richmond,,,,,,,0.47619,no_match
"Roma, Italy","roma, italy",,,,,,,0.47619,no_match
Sarasota,sarasota,,,,,,,0.47619,no_match
Scottsdale Arizona,scottsdale arizona,,,,,,,0.47619,no_match
Siracusa,siracusa,,,,,,,0.47619,no_match
"Talca, Chile","talca, chile",,,,,,,0.47619,no_match
Terrassa,terrassa,,,,,,,0.47619,no_match
"USA, BRA","usa, bra",,,,,,,0.47619,no_match
Valencia,valencia,,,,,,,0.47619,no_match
"Venice Area, Italy","venice area, italy",,,,,,,0.47619,no_match
"Visalia, CA","visalia, ca",,,,,,,0.47619,no_match
"Wollongong, NSW","wollongong, nsw",,,,,,,0.47619,no_match
brisbane,brisbane,,,,,,,0.47619,no_match
Ciudad Autónoma de Buenos Aires,ciudad autónoma de buenos aires,,,,,,,0.474576,no_match
Cosenza & Aiello Calabro,cosenza aiello calabro,,,,,,,0.473684,no_match
"Costa Mesa, CA","costa mesa, ca",,,,,,,0.473684,no_match
Dois Vizinhos / Pato Branco,dois vizinhos pato branco,,,,,,,0.473684,no_match
"Durban, South Africa","durban, south africa",,,,,,,0.473684,no_match
Ldn :: Van :: Syd :: Squamish,ldn van syd squamish,,,,,,,0.473684,no_match
Madrid / Donosti,madrid donosti,,,,,,,0.473684,no_match
"NY, NJ and Beyond","ny, nj and beyond",,,,,,,0.473684,no_match
Northern Colorado,northern colorado,,,,,,,0.473684,no_match
Oviedo | Caracas,oviedo caracas,,,,,,,0.473684,no_match
Road Not Taken,road not taken,,,,,,,0.473684,no_match
"San Jose, Costa Rica","san jose, costa rica",,,,,,,0.473684,no_match
"San José, Costa Rica","san josé, costa rica",,,,,,,0.473684,no_match
Silicon Valley (California),silicon valley california,,,,,,,0.473684,no_match
"Taipei, Taiwan","taipei, taiwan",,,,,,,0.473684,no_match
"Boston, MA via Kildare, Ire","boston, ma via kildare, ire",,,,,,,0.472727,no_match
DM[V] ✈Santa Barbara ✈Brooklyn,dm v santa barbara brooklyn,,,,,,,0.472727,no_match
Srinakharinwirot University,srinakharinwirot university,,,,,,,0.472727,no_match
#Australia,australia,,,,,,,0.470588,no_match
Ahmedabad,ahmedabad,,,,,,,0.470588,no_match
Around the World,around the world,,,,,,,0.470588,no_match
Australia,australia,,,,,,,0.470588,no_match
BUILD YOUR DIFFERENCE,build your difference,,,,,,,0.470588,no_match
Barquisimeto,barquisimeto,,,,,,,0.470588,no_match
Base Varsovia - México City,base varsovia - méxico city,,,,,,,0.470588,no_match
Bonifacio Global City,bonifacio global city,,,,,,,0.470588,no_match
"Bordeaux, France","bordeaux, france",,,,,,,0.470588,no_match
Canberra,canberra,,,,,,,0.470588,no_match
Catalonia,catalonia,,,,,,,0.470588,no_match
Ciutadella de Menorca,ciutadella de menorca,,,,,,,0.470588,no_match
"Concord, NC","concord, nc",,,,,,,0.470588,no_match
Culiacán,culiacán,,,,,,,0.470588,no_match
Cuxhaven,cuxhaven,,,,,,,0.470588,no_match
Dallas,dallas,,,,,,,0.470588,no_match
"Eisenstadt, Austria, Europe","eisenstadt, austria, europe",,,,,,,0.470588,no_match
Embu - Sampa City Brasil,embu - sampa city brasil,,,,,,,0.470588,no_match
"Fenerbahçe, İstanbul","fenerbahçe, i stanbul",,,,,,,0.470588,no_match
Fortaleza,fortaleza,,,,,,,0.470588,no_match
"Grand Canyon, AZ","grand canyon, az",,,,,,,0.470588,no_match
"Grand Rapids, MI","grand rapids, mi",,,,,,,0.470588,no_match
Guatemala,guatemala,,,,,,,0.470588,no_match
Guatemala City,guatemala city,,,,,,,0.470588,no_match
Helsinki,helsinki,,,,,,,0.470588,no_match
Hyderabad,hyderabad,,,,,,,0.470588,no_match
In the Middle of it ALL!,in the middle of it all,,,,,,,0.470588,no_match
Kansas,kansas,,,,,,,0.470588,no_match
"Lausanne, Switzerland","lausanne, switzerland",,,,,,,0.470588,no_match
Leobersdorf,leobersdorf,,,,,,,0.470588,no_match
"Leon, Spain","leon, spain",,,,,,,0.470588,no_match
Madrid-Spain,madrid-spain,,,,,,,0.470588,no_match
Metro Detroit The Motor City,metro detroit the motor city,,,,,,,0.470588,no_match
Mist Creature on tour,mist creature on tour,,,,,,,0.470588,no_match
"Moncton, NB","moncton, nb",,,,,,,0.470588,no_match
My head,my head,,,,,,,0.470588,no_match
Nederland,nederland,,,,,,,0.470588,no_match
Neverland,neverland,,,,,,,0.470588,no_match
"Noci, Bari","noci, bari",,,,,,,0.470588,no_match
"Norman, OK","norman, ok",,,,,,,0.470588,no_match
"Orlando, Florida","orlando, florida",,,,,,,0.470588,no_match
Pancasila,pancasila,,,,,,,0.470588,no_match
Parma.Italia,parma.italia,,,,,,,0.470588,no_match
"Redmond, OR","redmond, or",,,,,,,0.470588,no_match
Resistencia Chaco Argentina,resistencia chaco argentina,,,,,,,0.470588,no_match
Salamanca,salamanca,,,,,,,0.470588,no_match
Samarinda,samarinda,,,,,,,0.470588,no_match
Santander,santander,,,,,,,0.470588,no_match
Second star to the right...,second star to the right...,,,,,,,0.470588,no_match
Serra dè Conti (Ancona),serra dè conti ancona,,,,,,,0.470588,no_match
"Sha Tin District, Hong Kong","sha tin district, hong kong",,,,,,,0.470588,no_match
Sheffield,sheffield,,,,,,,0.470588,no_match
"Sils, España","sils, españa",,,,,,,0.470588,no_match
Singapur,singapur,,,,,,,0.470588,no_match
So Cal,so cal,,,,,,,0.470588,no_match
Soria / Madrid,soria madrid,,,,,,,0.470588,no_match
"South Orange, NJ","south orange, nj",,,,,,,0.470588,no_match
Tarragona,tarragona,,,,,,,0.470588,no_match
The World,the world,,,,,,,0.470588,no_match
The road to dawn,the road to dawn,,,,,,,0.470588,no_match
"Toronto, ON","toronto, on",,,,,,,0.470588,no_match
"Valencia, Gandia","valencia, gandia",,,,,,,0.470588,no_match
Where Nothing Gathers,where nothing gathers,,,,,,,0.470588,no_match
manhattan,manhattan,,,,,,,0.470588,no_match
virtualia,virtualia,,,,,,,0.470588,no_match
"Almere, The Netherlands","almere, the netherlands",,,,,,,0.468085,no_match
"Birmingham, England","birmingham, england",,,,,,,0.468085,no_match
"Cape Town, South Africa","cape town, south africa",,,,,,,0.468085,no_match
Cartagena de Indias,cartagena de indias,,,,,,,0.468085,no_match
EARTH as often as Possible!,earth as often as possible,,,,,,,0.468085,no_match
"Oshawa, Ontario, Canada","oshawa, ontario, canada",,,,,,,0.468085,no_match
"Ottawa, Ontario, Canada","ottawa, ontario, canada",,,,,,,0.468085,no_match
"Reutlingen, Germany","reutlingen, germany",,,,,,,0.468085,no_match
Saudi Arabia & Antarctica,saudi arabia antarctica,,,,,,,0.468085,no_match
"The Interwebz, or Texas","the interwebz, or texas",,,,,,,0.468085,no_match
"The Sierras, Arnold, CA","the sierras, arnold, ca",,,,,,,0.468085,no_match
The lowlands of Holland...,the lowlands of holland...,,,,,,,0.468085,no_match
somewhere under the sea,somewhere under the sea,,,,,,,0.468085,no_match
Al este del Moncayo,al este del moncayo,,,,,,,0.466667,no_match
Chicago (home airport ;^),chicago home airport,,,,,,,0.466667,no_match
"Depok, Indonesia","depok, indonesia",,,,,,,0.466667,no_match
"Des Moines, IA","des moines, ia",,,,,,,0.466667,no_match
"East Hartford, CT","east hartford, ct",,,,,,,0.466667,no_match
Fairbanks AK,fairbanks ak,,,,,,,0.466667,no_match
"Glasgow, Scotland","glasgow, scotland",,,,,,,0.466667,no_match
"Istanbul, Turkiye","istanbul, turkiye",,,,,,,0.466667,no_match
"Luanco, Asturias.","luanco, asturias.",,,,,,,0.466667,no_match
"Marseille, France","marseille, france",,,,,,,0.466667,no_match
"Missouri City, TX","missouri city, tx",,,,,,,0.466667,no_match
"Newport Beach, CA","newport beach, ca",,,,,,,0.466667,no_match
Northern Darkness,northern darkness,,,,,,,0.466667,no_match
Northern Ireland,northern ireland,,,,,,,0.466667,no_match
"Salerno, Campania","salerno, campania",,,,,,,0.466667,no_match
"San Sebastián, Cádiz","san sebastián, cádiz",,,,,,,0.466667,no_match
"Santa Clarita, CA","santa clarita, ca",,,,,,,0.466667,no_match
"Sao Paulo, Brazil","sao paulo, brazil",,,,,,,0.466667,no_match
The Internet,the internet,,,,,,,0.466667,no_match
Torino/Milano/Modena,torino milano modena,,,,,,,0.466667,no_match
Tres Cantos - Madrid,tres cantos - madrid,,,,,,,0.466667,no_match
Wandering So-Cal-ian,wandering so-cal-ian,,,,,,,0.466667,no_match
Western Australia,western australia,,,,,,,0.466667,no_match
"scranton, pa","scranton, pa",,,,,,,0.466667,no_match
"Edinburgh, Scotland","edinburgh, scotland",,,,,,,0.465116,no_match
Greater Boston Area,greater boston area,,,,,,,0.465116,no_match
Newcastle upon Tyne,newcastle upon tyne,,,,,,,0.465116,no_match
Republic of Croatia,republic of croatia,,,,,,,0.465116,no_match
"Scottsdale, Arizona","scottsdale, arizona",,,,,,,0.465116,no_match
"Silicone Slopes, UT","silicone slopes, ut",,,,,,,0.465116,no_match
"Steiermark, Austria","steiermark, austria",,,,,,,0.465116,no_match
Till the world ends,till the world ends,,,,,,,0.465116,no_match
Venice Area - Italy,venice area - italy,,,,,,,0.465116,no_match
brighton and misanthropia,brighton and misanthropia,,,,,,,0.465116,no_match
Beirut - Lebanon (Middle East),beirut - lebanon middle east,,,,,,,0.464286,no_match
#MadFerIt,madferit,,,,,,,0.461538,no_match
'The Interwebs',the interwebs,,,,,,,0.461538,no_match
"@Torino, Italy","torino, italy",,,,,,,0.461538,no_match
"Ahmedabad, Gujrat, India","ahmedabad, gujrat, india",,,,,,,0.461538,no_match
Amman,amman,,,,,,,0.461538,no_match
"Amsterdam NL | Rehab, Cairo EG","amsterdam nl rehab, cairo eg",,,,,,,0.461538,no_match
"Anacortes, WA","anacortes, wa",,,,,,,0.461538,no_match
Ankara,ankara,,,,,,,0.461538,no_match
"Auckland City, New Zealand","auckland city, new zealand",,,,,,,0.461538,no_match
"Aylmer, Ontario","aylmer, ontario",,,,,,,0.461538,no_match
"Bangalore/Kolkata, India","bangalore kolkata, india",,,,,,,0.461538,no_match
Barbados,barbados,,,,,,,0.461538,no_match
"Bay Shore, NY","bay shore, ny",,,,,,,0.461538,no_match
Belluno,belluno,,,,,,,0.461538,no_match
Bilbao,bilbao,,,,,,,0.461538,no_match
Bogota,bogota,,,,,,,0.461538,no_match
Bogotá,bogotá,,,,,,,0.461538,no_match
"British Columbia, Canada","british columbia, canada",,,,,,,0.461538,no_match
Brooklyn & Transylvania,brooklyn transylvania,,,,,,,0.461538,no_match
Bulgaria,bulgaria,,,,,,,0.461538,no_match
"Burgos, Spain","burgos, spain",,,,,,,0.461538,no_match
"Calistoga, CA","calistoga, ca",,,,,,,0.461538,no_match
"Chemnitz, Germany","chemnitz, germany",,,,,,,0.461538,no_match
Chile,chile,,,,,,,0.461538,no_match
Ciudad de México,ciudad de méxico,,,,,,,0.461538,no_match
"Clapham, London, SW4","clapham, london, sw4",,,,,,,0.461538,no_match
Cologne,cologne,,,,,,,0.461538,no_match
Corto Maltese,corto maltese,,,,,,,0.461538,no_match
"Corvera de Asturias, SPAIN","corvera de asturias, spain",,,,,,,0.461538,no_match
Córdoba (Spain),córdoba spain,,,,,,,0.461538,no_match
"England, The World","england, the world",,,,,,,0.461538,no_match
"Fair Oaks, California","fair oaks, california",,,,,,,0.461538,no_match
"Florianópolis, Brazil","florianópolis, brazil",,,,,,,0.461538,no_match
Florida,florida,,,,,,,0.461538,no_match
"Florida, USA.","florida, usa.",,,,,,,0.461538,no_match
Foligno,foligno,,,,,,,0.461538,no_match
Geldrop,geldrop,,,,,,,0.461538,no_match
God's plan,god s plan,,,,,,,0.461538,no_match
Greater Seattle  ☁,greater seattle,,,,,,,0.461538,no_match
"Guildford, England","guildford, england",,,,,,,0.461538,no_match
"Haarlem, Nederland","haarlem, nederland",,,,,,,0.461538,no_match
Hades,hades,,,,,,,0.461538,no_match
Haiti,haiti,,,,,,,0.461538,no_match
"Hobart, Tasmania","hobart, tasmania",,,,,,,0.461538,no_match
ITALY,italy,,,,,,,0.461538,no_match
In the woods,in the woods,,,,,,,0.461538,no_match
India,india,,,,,,,0.461538,no_match
Italy,italy,,,,,,,0.461538,no_match
"Jacksonville, Florida","jacksonville, florida",,,,,,,0.461538,no_match
Japan,japan,,,,,,,0.461538,no_match
"Joshua Tree, CA","joshua tree, ca",,,,,,,0.461538,no_match
Kittery Maine,kittery maine,,,,,,,0.461538,no_match
"Klang, Selangor","klang, selangor",,,,,,,0.461538,no_match
Lagos Nigeria,lagos nigeria,,,,,,,0.461538,no_match
"Lancaster, MA","lancaster, ma",,,,,,,0.461538,no_match
"Lancaster, PA","lancaster, pa",,,,,,,0.461538,no_match
Lansing Michigan,lansing michigan,,,,,,,0.461538,no_match
Lasne,lasne,,,,,,,0.461538,no_match
LiFe AdDiCtED,life addicted,,,,,,,0.461538,no_match
Lima,lima,,,,,,,0.461538,no_match
Lincolnshire,lincolnshire,,,,,,,0.461538,no_match
Llastres,llastres,,,,,,,0.461538,no_match
"Madrid, SPAIN","madrid, spain",,,,,,,0.461538,no_match
"Madrid, Spain","madrid, spain",,,,,,,0.461538,no_match
Madrid. Spain,madrid. spain,,,,,,,0.461538,no_match
Maine,maine,,,,,,,0.461538,no_match
Mainz,mainz,,,,,,,0.461538,no_match
"Montreal, Canada","montreal, canada",,,,,,,0.461538,no_match
"Montréal, Canada","montréal, canada",,,,,,,0.461538,no_match
NSTDA Academy,nstda academy,,,,,,,0.461538,no_match
"Napoli, Italy","napoli, italy",,,,,,,0.461538,no_match
Nation of TEXAS,nation of texas,,,,,,,0.461538,no_match
New Hampshire,new hampshire,,,,,,,0.461538,no_match
New Jersey,new jersey,,,,,,,0.461538,no_match
Orange County,orange county,,,,,,,0.461538,no_match
"Osorno, Chile","osorno, chile",,,,,,,0.461538,no_match
"Pacific Palisades, CA","pacific palisades, ca",,,,,,,0.461538,no_match
Paraguay,paraguay,,,,,,,0.461538,no_match
Pasadena,pasadena,,,,,,,0.461538,no_match
Porto Alegre-RS,porto alegre-rs,,,,,,,0.461538,no_match
Rivas Vaciamadrid,rivas vaciamadrid,,,,,,,0.461538,no_match
Salerno,salerno,,,,,,,0.461538,no_match
"San Telmo, Buenos Aires","san telmo, buenos aires",,,,,,,0.461538,no_match
Santiago de Chile,santiago de chile,,,,,,,0.461538,no_match
Sardigna,sardigna,,,,,,,0.461538,no_match
Sonoma County,sonoma county,,,,,,,0.461538,no_match
St.Petersburg,st.petersburg,,,,,,,0.461538,no_match
Staffordshire,staffordshire,,,,,,,0.461538,no_match
Teh internets,teh internets,,,,,,,0.461538,no_match
Tel Aviv Israel,tel aviv israel,,,,,,,0.461538,no_match
"Toledo, Ohio","toledo, ohio",,,,,,,0.461538,no_match
Topeka Kansas,topeka kansas,,,,,,,0.461538,no_match
Torino•Nizza•Mondo,torino nizza mondo,,,,,,,0.461538,no_match
Toronto,toronto,,,,,,,0.461538,no_match
"Toronto, New Jersey, Dubai","toronto, new jersey, dubai",,,,,,,0.461538,no_match
Tribune Tower,tribune tower,,,,,,,0.461538,no_match
"Triest, Italy","triest, italy",,,,,,,0.461538,no_match
Udine - Italy,udine - italy,,,,,,,0.461538,no_match
Up North,up north,,,,,,,0.461538,no_match
"Vancouver, WA","vancouver, wa",,,,,,,0.461538,no_match
"Verona, Italy","verona, italy",,,,,,,0.461538,no_match
"Vilnius, Lithuania","vilnius, lithuania",,,,,,,0.461538,no_match
Warszawa,warszawa,,,,,,,0.461538,no_match
Wuhan,wuhan,,,,,,,0.461538,no_match
"York, England","york, england",,,,,,,0.461538,no_match
bilbao,bilbao,,,,,,,0.461538,no_match
bogotá,bogotá,,,,,,,0.461538,no_match
cali,cali,,,,,,,0.461538,no_match
florida,florida,,,,,,,0.461538,no_match
italy,italy,,,,,,,0.461538,no_match
japan,japan,,,,,,,0.461538,no_match
kcgi,kcgi,,,,,,,0.461538,no_match
"rondonópolis, mt, brasil","rondonópolis, mt, brasil",,,,,,,0.461538,no_match
"the burbs of Toronto, Canada","the burbs of toronto, canada",,,,,,,0.461538,no_match
toronto,toronto,,,,,,,0.461538,no_match
tunbridge Wells / Ingelheim,tunbridge wells ingelheim,,,,,,,0.461538,no_match
unknown,unknown,,,,,,,0.461538,no_match
"Amsterdam, North Holland","amsterdam, north holland",,,,,,,0.458333,no_match
"Ballymoreircode, Ireland","ballymoreircode, ireland",,,,,,,0.458333,no_match
"Barrington, Illinois","barrington, illinois",,,,,,,0.458333,no_match
"Camrose, Alberta, Canada","camrose, alberta, canada",,,,,,,0.458333,no_match
Goiânia | Goiás | Brasil,goiânia goiás brasil,,,,,,,0.458333,no_match
Greater Seattle Area,greater seattle area,,,,,,,0.458333,no_match
I'm bad. I'm nationwide.,i m bad. i m nationwide.,,,,,,,0.458333,no_match
"Orillia, Ontario, Canada","orillia, ontario, canada",,,,,,,0.458333,no_match
Salento*Meridania*Italy*EuRoMe,salento meridania italy eurome,,,,,,,0.458333,no_match
"Seoul, Republic of Korea","seoul, republic of korea",,,,,,,0.458333,no_match
These tweets are my own.,these tweets are my own.,,,,,,,0.458333,no_match
"Windsor, Ontario, Canada","windsor, ontario, canada",,,,,,,0.458333,no_match
"Amsterdam, Netherlands","amsterdam, netherlands",,,,,,,0.457143,no_match
"Araras, São Paulo","araras, são paulo",,,,,,,0.457143,no_match
Australia / Texas (U.S.A.),australia texas u.s.a.,,,,,,,0.457143,no_match
Chavín Viveiro  Lugo Spain,chavín viveiro lugo spain,,,,,,,0.457143,no_match
Ciudad de Buenos Aires,ciudad de buenos aires,,,,,,,0.457143,no_match
Manila. Philippines,manila. philippines,,,,,,,0.457143,no_match
"Maritimes, now in Halifax","maritimes, now in halifax",,,,,,,0.457143,no_match
Miami + San Antonio + Lima,miami san antonio lima,,,,,,,0.457143,no_match
"Midland, Texas","midland, texas",,,,,,,0.457143,no_match
"Milano, (Milan) Italy","milano, milan italy",,,,,,,0.457143,no_match
"Oviedo (Asturias, Spain)","oviedo asturias, spain",,,,,,,0.457143,no_match
Phoenix / In your Kindle,phoenix in your kindle,,,,,,,0.457143,no_match
"Sacramento, California","sacramento, california",,,,,,,0.457143,no_match
Southern New Hampshire,southern new hampshire,,,,,,,0.457143,no_match
Souvlaki Space Station,souvlaki space station,,,,,,,0.457143,no_match
Terranuova Bracciolini,terranuova bracciolini,,,,,,,0.457143,no_match
Underground NY,underground ny,,,,,,,0.457143,no_match
"Zografos, Athens, Greece","zografos, athens, greece",,,,,,,0.457143,no_match
behind the scenes,behind the scenes,,,,,,,0.457143,no_match
daniela@hollywood.social,daniela hollywood.social,,,,,,,0.457143,no_match
"Greater Boston, Massachusetts","greater boston, massachusetts",,,,,,,0.45614,no_match
"Lucerne, Zurich and Singapore","lucerne, zurich and singapore",,,,,,,0.45614,no_match
"Alexandria, VA","alexandria, va",,,,,,,0.454545,no_match
Amsterdam,amsterdam,,,,,,,0.454545,no_match
"Autlán de Navarro, Jalisco","autlán de navarro, jalisco",,,,,,,0.454545,no_match
Bangalore-Shillong-Bangalore,bangalore-shillong-bangalore,,,,,,,0.454545,no_match
"Billings, MT","billings, mt",,,,,,,0.454545,no_match
"Bixby, OK","bixby, ok",,,,,,,0.454545,no_match
"Boise, ID","boise, id",,,,,,,0.454545,no_match
Campinas/SP,campinas sp,,,,,,,0.454545,no_match
"Capitola, CA","capitola, ca",,,,,,,0.454545,no_match
Chicago 'burbs,chicago burbs,,,,,,,0.454545,no_match
"Chico, CA","chico, ca",,,,,,,0.454545,no_match
"Cincinnati,OH","cincinnati,oh",,,,,,,0.454545,no_match
"Denver, Colorado","denver, colorado",,,,,,,0.454545,no_match
Dubai/Mumbai,dubai mumbai,,,,,,,0.454545,no_match
"El Granada, CA","el granada, ca",,,,,,,0.454545,no_match
El Salvador,el salvador,,,,,,,0.454545,no_match
Elche. Spain,elche. spain,,,,,,,0.454545,no_match
"Eugene, Or.","eugene, or.",,,,,,,0.454545,no_match
"Fredericton, New Brunswick","fredericton, new brunswick",,,,,,,0.454545,no_match
"Gdansk, Poland","gdansk, poland",,,,,,,0.454545,no_match
Gold Coast (Australia),gold coast australia,,,,,,,0.454545,no_match
"Greater Frankfurt, Germany","greater frankfurt, germany",,,,,,,0.454545,no_match
"Guelph, Ont","guelph, ont",,,,,,,0.454545,no_match
Highland Square Akron Ohio,highland square akron ohio,,,,,,,0.454545,no_match
Hongkong am Hell,hongkong am hell,,,,,,,0.454545,no_match
"Jeddah, Saudi Arabia","jeddah, saudi arabia",,,,,,,0.454545,no_match
Kota Bukittinggi,kota bukittinggi,,,,,,,0.454545,no_match
"Krakow, Poland","krakow, poland",,,,,,,0.454545,no_match
"Lafayette, CO by way of L.A.","lafayette, co by way of l.a.",,,,,,,0.454545,no_match
"Langley, BC","langley, bc",,,,,,,0.454545,no_match
"Marietta, GA","marietta, ga",,,,,,,0.454545,no_match
"Moorpark, Ca","moorpark, ca",,,,,,,0.454545,no_match
"Murrieta, CA","murrieta, ca",,,,,,,0.454545,no_match
"Muscat, Oman","muscat, oman",,,,,,,0.454545,no_match
"NSW, Australia","nsw, australia",,,,,,,0.454545,no_match
"New Philadelphia, OH","new philadelphia, oh",,,,,,,0.454545,no_match
"Orem, UT","orem, ut",,,,,,,0.454545,no_match
"Peyton, Colorado","peyton, colorado",,,,,,,0.454545,no_match
"Plainfield, IL","plainfield, il",,,,,,,0.454545,no_match
"Portland, Ore.","portland, ore.",,,,,,,0.454545,no_match
"Portugalete, Bizkaia","portugalete, bizkaia",,,,,,,0.454545,no_match
Prato / Milano,prato milano,,,,,,,0.454545,no_match
"Riyadh, Saudi Arabia","riyadh, saudi arabia",,,,,,,0.454545,no_match
"Roma, Italia","roma, italia",,,,,,,0.454545,no_match
Sao Paulo,sao paulo,,,,,,,0.454545,no_match
Sharon MA,sharon ma,,,,,,,0.454545,no_match
"Southampton, England","southampton, england",,,,,,,0.454545,no_match
Spirit and heart,spirit and heart,,,,,,,0.454545,no_match
Sunny South Carolina,sunny south carolina,,,,,,,0.454545,no_match
"Sureste CDMX, México","sureste cdmx, méxico",,,,,,,0.454545,no_match
Sırbistan,sırbistan,,,,,,,0.454545,no_match
"Temecula, CA","temecula, ca",,,,,,,0.454545,no_match
"Tianjin,China","tianjin,china",,,,,,,0.454545,no_match
"Torino, Italia","torino, italia",,,,,,,0.454545,no_match
Tuckahoe Prison for Ladies,tuckahoe prison for ladies,,,,,,,0.454545,no_match
"Tuscany, Italy","tuscany, italy",,,,,,,0.454545,no_match
Undefined,undefined,,,,,,,0.454545,no_match
"Vannes, Bretagne","vannes, bretagne",,,,,,,0.454545,no_match
Virgin Islands,virgin islands,,,,,,,0.454545,no_match
Washington DC,washington dc,,,,,,,0.454545,no_match
Winnipeg,winnipeg,,,,,,,0.454545,no_match
"Yokosuka, Japan","yokosuka, japan",,,,,,,0.454545,no_match
amsterdam,amsterdam,,,,,,,0.454545,no_match
arcugnano (VI),arcugnano vi,,,,,,,0.454545,no_match
duletan nDalan,duletan ndalan,,,,,,,0.454545,no_match
milky way,milky way,,,,,,,0.454545,no_match
mpls  ↔ denver,mpls denver,,,,,,,0.454545,no_match
westcoast,westcoast,,,,,,,0.454545,no_match
İstanbul,i stanbul,,,,,,,0.454545,no_match
"Belfast, Northern Ireland","belfast, northern ireland",,,,,,,0.45283,no_match
Kampung Taman - Ngayogyakarta,kampung taman - ngayogyakarta,,,,,,,0.45283,no_match
Shanghai and still earthbound,shanghai and still earthbound,,,,,,,0.45283,no_match
"Aberdeen, Scotland","aberdeen, scotland",,,,,,,0.451613,no_match
"Anchorage, AK","anchorage, ak",,,,,,,0.451613,no_match
"Asuncion, Paraguay","asuncion, paraguay",,,,,,,0.451613,no_match
"Avondale, Chicago, IL","avondale, chicago, il",,,,,,,0.451613,no_match
Baltimore area.,baltimore area.,,,,,,,0.451613,no_match
"Bekasi, Indonesia","bekasi, indonesia",,,,,,,0.451613,no_match
"Brest, France","brest, france",,,,,,,0.451613,no_match
"Bucaramanga, Colombia","bucaramanga, colombia",,,,,,,0.451613,no_match
"De Pere, Wisconsin","de pere, wisconsin",,,,,,,0.451613,no_match
"East Brunswick, NJ","east brunswick, nj",,,,,,,0.451613,no_match
Florida's 2nd,florida s 2nd,,,,,,,0.451613,no_match
"Interlaken, Switzerland","interlaken, switzerland",,,,,,,0.451613,no_match
"Johns Creek, GA","johns creek, ga",,,,,,,0.451613,no_match
"Kävlinge, Sverige","kävlinge, sverige",,,,,,,0.451613,no_match
"Lafayette, Louisiana","lafayette, louisiana",,,,,,,0.451613,no_match
"Lebanon, Ohio","lebanon, ohio",,,,,,,0.451613,no_match
"Marbella, Spain","marbella, spain",,,,,,,0.451613,no_match
"Mexico City, CDMX, Mexico","mexico city, cdmx, mexico",,,,,,,0.451613,no_match
Nakhon Pathom,nakhon pathom,,,,,,,0.451613,no_match
Newfoundlander (CFA),newfoundlander cfa,,,,,,,0.451613,no_match
"Oak Ridge, TN","oak ridge, tn",,,,,,,0.451613,no_match
"Orange, California","orange, california",,,,,,,0.451613,no_match
"Princeton, NJ","princeton, nj",,,,,,,0.451613,no_match
Riudoms - Manchester,riudoms - manchester,,,,,,,0.451613,no_match
"Salt Lake City, UT","salt lake city, ut",,,,,,,0.451613,no_match
Somewhere in Italy,somewhere in italy,,,,,,,0.451613,no_match
"The Dalles, Oregon","the dalles, oregon",,,,,,,0.451613,no_match
Vila Velha-ES / Brasil,vila velha-es brasil,,,,,,,0.451613,no_match
"anchorage, AK","anchorage, ak",,,,,,,0.451613,no_match
"in your dreams, no?","in your dreams, no",,,,,,,0.451613,no_match
☁ Seattle  ✈ Wine Folly,seattle wine folly,,,,,,,0.451613,no_match
Amsterdam/Leiden,amsterdam leiden,,,,,,,0.45,no_match
Ancón - Santa Elena - Ecuador,ancón - santa elena - ecuador,,,,,,,0.45,no_match
Barcelona / Valls / Prullans,barcelona valls prullans,,,,,,,0.45,no_match
"Baton Rouge, Louisiana","baton rouge, louisiana",,,,,,,0.45,no_match
"Buenos Aires, Argentina.","buenos aires, argentina.",,,,,,,0.45,no_match
Buenos Aires. Argentina.,buenos aires. argentina.,,,,,,,0.45,no_match
"Chilpancingo, Guerrero, México","chilpancingo, guerrero, méxico",,,,,,,0.45,no_match
Coastal Carolina,coastal carolina,,,,,,,0.45,no_match
"Farnborough, Hampshire","farnborough, hampshire",,,,,,,0.45,no_match
"Houston, TX Area","houston, tx area",,,,,,,0.45,no_match
"Issy-les-Moulineaux, France","issy-les-moulineaux, france",,,,,,,0.45,no_match
"Manchester, England","manchester, england",,,,,,,0.45,no_match
"Moncton, NB, Canada","moncton, nb, canada",,,,,,,0.45,no_match
"Palma, Islas Baleares ES","palma, islas baleares es",,,,,,,0.45,no_match
"Phoenix, Arizona","phoenix, arizona",,,,,,,0.45,no_match
"Portland, Oregon","portland, oregon",,,,,,,0.45,no_match
"South Bend, Indiana","south bend, indiana",,,,,,,0.45,no_match
"Sungai Buloh, Selangor","sungai buloh, selangor",,,,,,,0.45,no_match
"Sunset Strip, CA","sunset strip, ca",,,,,,,0.45,no_match
"Taoyuan , Taiwan","taoyuan , taiwan",,,,,,,0.45,no_match
"Tel Aviv, Israel","tel aviv, israel",,,,,,,0.45,no_match
"The Hague, Netherlands","the hague, netherlands",,,,,,,0.45,no_match
"The Hague, The Netherlands","the hague, the netherlands",,,,,,,0.45,no_match
"The Netherlands, Bunde","the netherlands, bunde",,,,,,,0.45,no_match
"Winchester, England","winchester, england",,,,,,,0.45,no_match
"#Spokane, Washington State","spokane, washington state",,,,,,,0.44898,no_match
Goiânia; Goiás; Brasil.,goiânia goiás brasil.,,,,,,,0.44898,no_match
Hurtling toward the void.,hurtling toward the void.,,,,,,,0.44898,no_match
Likely in the Lincoln Tunnel,likely in the lincoln tunnel,,,,,,,0.44898,no_match
LoCo (Loudoun County) Virginia,loco loudoun county virginia,,,,,,,0.44898,no_match
"London, Singapore, the world","london, singapore, the world",,,,,,,0.44898,no_match
"Mid-West, Heart of it All","mid-west, heart of it all",,,,,,,0.44898,no_match
On a train/In a Premier Inn,on a train in a premier inn,,,,,,,0.44898,no_match
"Thalassery, Kerala, India","thalassery, kerala, india",,,,,,,0.44898,no_match
"Trivandrum, Kerala, India","trivandrum, kerala, india",,,,,,,0.44898,no_match
"Ciudad Buenos Aires, Argentina","ciudad buenos aires, argentina",,,,,,,0.448276,no_match
"De Argentina, vivo en Bulgaria","de argentina, vivo en bulgaria",,,,,,,0.448276,no_match
under a little black raincloud,under a little black raincloud,,,,,,,0.448276,no_match
#UpstateAmerica,upstateamerica,,,,,,,0.444444,no_match
65 stations + @iHeartRadio,65 stations iheartradio,,,,,,,0.444444,no_match
Acre,acre,,,,,,,0.444444,no_match
"Akron, OH","akron, oh",,,,,,,0.444444,no_match
Always on Tour,always on tour,,,,,,,0.444444,no_match
"Amstelveen, Netherlands","amstelveen, netherlands",,,,,,,0.444444,no_match
Amsterdam / Milan / Turin,amsterdam milan turin,,,,,,,0.444444,no_match
"Arica, Chile","arica, chile",,,,,,,0.444444,no_match
"Athens, Greece","athens, greece",,,,,,,0.444444,no_match
Atlanta GA,atlanta ga,,,,,,,0.444444,no_match
"Auburn, AL","auburn, al",,,,,,,0.444444,no_match
"Auckland, New Zealand","auckland, new zealand",,,,,,,0.444444,no_match
"Backnang, Deutschland","backnang, deutschland",,,,,,,0.444444,no_match
Bali,bali,,,,,,,0.444444,no_match
Balikpapan,balikpapan,,,,,,,0.444444,no_match
"Baltimore, Maryland","baltimore, maryland",,,,,,,0.444444,no_match
"Bandung, West Java","bandung, west java",,,,,,,0.444444,no_match
"Bathurst, New Brunswick","bathurst, new brunswick",,,,,,,0.444444,no_match
Big Fan of MOGSAW,big fan of mogsaw,,,,,,,0.444444,no_match
"Brantford, Ontario","brantford, ontario",,,,,,,0.444444,no_match
Bratislava,bratislava,,,,,,,0.444444,no_match
"Bremen, Deutschland","bremen, deutschland",,,,,,,0.444444,no_match
BuenosAires/ARG/Alejandro Korn,buenosaires arg alejandro korn,,,,,,,0.444444,no_match
Capbreton - France,capbreton - france,,,,,,,0.444444,no_match
Cartagena,cartagena,,,,,,,0.444444,no_match
Central NJ,central nj,,,,,,,0.444444,no_match
"Chiclayo, Peru","chiclayo, peru",,,,,,,0.444444,no_match
"Chino, CA","chino, ca",,,,,,,0.444444,no_match
Constantinople,constantinople,,,,,,,0.444444,no_match
"Corrientes, Argentina","corrientes, argentina",,,,,,,0.444444,no_match
Costa Rica,costa rica,,,,,,,0.444444,no_match
East Tennessee,east tennessee,,,,,,,0.444444,no_match
"Edmonton, AB","edmonton, ab",,,,,,,0.444444,no_match
"Edmonton, Alberta","edmonton, alberta",,,,,,,0.444444,no_match
"Estación Central, Chile","estación central, chile",,,,,,,0.444444,no_match
FLN,fln,,,,,,,0.444444,no_match
Facebook.com/JugarTenis,facebook.com jugartenis,,,,,,,0.444444,no_match
"Farmgate, Dhaka, Bangladesh","farmgate, dhaka, bangladesh",,,,,,,0.444444,no_match
"Formosa, Argentina","formosa, argentina",,,,,,,0.444444,no_match
Frankfurt,frankfurt,,,,,,,0.444444,no_match
Gainesville & Orlando Florida,gainesville orlando florida,,,,,,,0.444444,no_match
"Gatesville, Tx","gatesville, tx",,,,,,,0.444444,no_match
"Geneva, Geneva, Switzerland","geneva, geneva, switzerland",,,,,,,0.444444,no_match
"Geneva, Switzerland","geneva, switzerland",,,,,,,0.444444,no_match
Global Citizen,global citizen,,,,,,,0.444444,no_match
"Gold Coast, Australia","gold coast, australia",,,,,,,0.444444,no_match
"Goldcoast, Australia","goldcoast, australia",,,,,,,0.444444,no_match
"Gorinchem, Netherlands","gorinchem, netherlands",,,,,,,0.444444,no_match
"Grand Falls-Windsor, NL","grand falls-windsor, nl",,,,,,,0.444444,no_match
"Greensboro, NC","greensboro, nc",,,,,,,0.444444,no_match
"Greenville, S.C.","greenville, s.c.",,,,,,,0.444444,no_match
"Halifax, Nova Scotia Canada","halifax, nova scotia canada",,,,,,,0.444444,no_match
Hamburg und Oldenburg,hamburg und oldenburg,,,,,,,0.444444,no_match
"Hamden, CT","hamden, ct",,,,,,,0.444444,no_match
"Huntsville, AL","huntsville, al",,,,,,,0.444444,no_match
"Jackson County, Georgia","jackson county, georgia",,,,,,,0.444444,no_match
"Jamaica Plain, Ma","jamaica plain, ma",,,,,,,0.444444,no_match
Kunming ／ Shanghai ／ Tokyo,kunming shanghai tokyo,,,,,,,0.444444,no_match
"Kyiv, Ukraine","kyiv, ukraine",,,,,,,0.444444,no_match
"Lagos, Nigeria","lagos, nigeria",,,,,,,0.444444,no_match
"Las Cruces, NM","las cruces, nm",,,,,,,0.444444,no_match
Las Vegas & Orange,las vegas orange,,,,,,,0.444444,no_match
"Lewiston, NY","lewiston, ny",,,,,,,0.444444,no_match
"Lexington, KY","lexington, ky",,,,,,,0.444444,no_match
"Lund, Sweden","lund, sweden",,,,,,,0.444444,no_match
Madrid (España),madrid españa,,,,,,,0.444444,no_match
Madrid - Spain,madrid - spain,,,,,,,0.444444,no_match
"Malacca, Malaysia","malacca, malaysia",,,,,,,0.444444,no_match
"Malang, ID","malang, id",,,,,,,0.444444,no_match
"Mannheim, Germany","mannheim, germany",,,,,,,0.444444,no_match
Medellin  Colombia,medellin colombia,,,,,,,0.444444,no_match
"Mesa, AZ","mesa, az",,,,,,,0.444444,no_match
"Miami, FL","miami, fl",,,,,,,0.444444,no_match
"Morristown, NJ","morristown, nj",,,,,,,0.444444,no_match
"Moscow, Russia","moscow, russia",,,,,,,0.444444,no_match
"Mountain View, CA","mountain view, ca",,,,,,,0.444444,no_match
"Munich, Airports & Lounges","munich, airports lounges",,,,,,,0.444444,no_match
NJ/NY/The Cloud,nj ny the cloud,,,,,,,0.444444,no_match
"Napier, New Zealand","napier, new zealand",,,,,,,0.444444,no_match
"New Delhi, IND","new delhi, ind",,,,,,,0.444444,no_match
New Zealand & Worldwide,new zealand worldwide,,,,,,,0.444444,no_match
Nicaragua,nicaragua,,,,,,,0.444444,no_match
"North Attleboro, Massachusetts","north attleboro, massachusetts",,,,,,,0.444444,no_match
North Carolina,north carolina,,,,,,,0.444444,no_match
North Olmsted,north olmsted,,,,,,,0.444444,no_match
Northwestern University,northwestern university,,,,,,,0.444444,no_match
"Oakland, California","oakland, california",,,,,,,0.444444,no_match
"Oceanside, California","oceanside, california",,,,,,,0.444444,no_match
Odessa Ukraine,odessa ukraine,,,,,,,0.444444,no_match
"Pacific Beach, CA","pacific beach, ca",,,,,,,0.444444,no_match
"Paris, Île-de-France FR","paris, île-de-france fr",,,,,,,0.444444,no_match
Peru,peru,,,,,,,0.444444,no_match
Perú,perú,,,,,,,0.444444,no_match
Pittsburgh PA,pittsburgh pa,,,,,,,0.444444,no_match
Playa del Carmen,playa del carmen,,,,,,,0.444444,no_match
"Ponte Vedra Beach, FL","ponte vedra beach, fl",,,,,,,0.444444,no_match
Porto Alegre- RS,porto alegre- rs,,,,,,,0.444444,no_match
"Puebla, Puebla Mexico","puebla, puebla mexico",,,,,,,0.444444,no_match
Putrajaya / Bangi / KB,putrajaya bangi kb,,,,,,,0.444444,no_match
"RN, Brazil","rn, brazil",,,,,,,0.444444,no_match
"Rabat, Morocco","rabat, morocco",,,,,,,0.444444,no_match
"Rabat, morocco","rabat, morocco",,,,,,,0.444444,no_match
República Separatista de Haedo,república separatista de haedo,,,,,,,0.444444,no_match
"Richmond, British Columbia","richmond, british columbia",,,,,,,0.444444,no_match
"Rio Verde, GO","rio verde, go",,,,,,,0.444444,no_match
"Riverside, CA","riverside, ca",,,,,,,0.444444,no_match
Rosario-Lipa and vice versa,rosario-lipa and vice versa,,,,,,,0.444444,no_match
"Russia, Moscow","russia, moscow",,,,,,,0.444444,no_match
Salerno / Milano / Torino,salerno milano torino,,,,,,,0.444444,no_match
"Saltillo, Coahuila, México","saltillo, coahuila, méxico",,,,,,,0.444444,no_match
Sammamish,sammamish,,,,,,,0.444444,no_match
"San Luis Potosí, Mexico","san luis potosí, mexico",,,,,,,0.444444,no_match
"Santa Cruz, CA","santa cruz, ca",,,,,,,0.444444,no_match
Santiago de Chile.,santiago de chile.,,,,,,,0.444444,no_match
"Scottsdale, AZ","scottsdale, az",,,,,,,0.444444,no_match
Singapore,singapore,,,,,,,0.444444,no_match
So. Cal,so. cal,,,,,,,0.444444,no_match
"Sonora, México","sonora, méxico",,,,,,,0.444444,no_match
Southern Chile,southern chile,,,,,,,0.444444,no_match
Spain: MAD / BCN / VLL,spain mad bcn vll,,,,,,,0.444444,no_match
Sri Lanka,sri lanka,,,,,,,0.444444,no_match
"Stanford, CA","stanford, ca",,,,,,,0.444444,no_match
"Statesboro, GA","statesboro, ga",,,,,,,0.444444,no_match
Stoke On Trent,stoke on trent,,,,,,,0.444444,no_match
Sugar Land,sugar land,,,,,,,0.444444,no_match
São Paulo / Brazil,são paulo brazil,,,,,,,0.444444,no_match
São Paulo | Brazil,são paulo brazil,,,,,,,0.444444,no_match
The Left Coast,the left coast,,,,,,,0.444444,no_match
"Toledo, España","toledo, españa",,,,,,,0.444444,no_match
"Ukraine, Kiev","ukraine, kiev",,,,,,,0.444444,no_match
Vacation Venue,vacation venue,,,,,,,0.444444,no_match
Valladolid,valladolid,,,,,,,0.444444,no_match
"Venezia, Italy","venezia, italy",,,,,,,0.444444,no_match
Video Village,video village,,,,,,,0.444444,no_match
Vienna/Austria,vienna austria,,,,,,,0.444444,no_match
West Vancouver,west vancouver,,,,,,,0.444444,no_match
WorldWide 80Million StealthRUs,worldwide 80million stealthrus,,,,,,,0.444444,no_match
"Xbata, University of Indonesia","xbata, university of indonesia",,,,,,,0.444444,no_match
aqui,aqui,,,,,,,0.444444,no_match
"burbank, ca","burbank, ca",,,,,,,0.444444,no_match
livin' the dream,livin the dream,,,,,,,0.444444,no_match
on a rocket,on a rocket,,,,,,,0.444444,no_match
singapore,singapore,,,,,,,0.444444,no_match
the Left Coast,the left coast,,,,,,,0.444444,no_match
the multiverse,the multiverse,,,,,,,0.444444,no_match
"Ştei, România","ştei, românia",,,,,,,0.444444,no_match
"Belo Horizonte, Brasil","belo horizonte, brasil",,,,,,,0.44,no_match
"Belo Horizonte, Brazil","belo horizonte, brazil",,,,,,,0.44,no_match
"Boadilla del Monte, España","boadilla del monte, españa",,,,,,,0.44,no_match
"Buenos Aires,Argentina","buenos aires,argentina",,,,,,,0.44,no_match
Juiz de Fora / MG / Brasil,juiz de fora mg brasil,,,,,,,0.44,no_match
MidWest  ✈ Costa Rica  ✈ Tijuana,midwest costa rica tijuana,,,,,,,0.44,no_match
NINGUN LUGAR (nothing place),ningun lugar nothing place,,,,,,,0.44,no_match
"Rio de Janeiro, Brasil","rio de janeiro, brasil",,,,,,,0.44,no_match
"Rio de Janeiro, Brazil","rio de janeiro, brazil",,,,,,,0.44,no_match
"Santo Domingo, Dominican Rep.","santo domingo, dominican rep.",,,,,,,0.44,no_match
"Seattle, WA and Ottawa, ON","seattle, wa and ottawa, on",,,,,,,0.44,no_match
The House on Ash Tree Lane,the house on ash tree lane,,,,,,,0.44,no_match
"Toronto and Hamilton, Ontario","toronto and hamilton, ontario",,,,,,,0.44,no_match
Tübingen bei Stuttgart,tübingen bei stuttgart,,,,,,,0.44,no_match
"Ujire, Karnatka, India","ujire, karnatka, india",,,,,,,0.44,no_match
"Wilmington, NC/Seattle","wilmington, nc seattle",,,,,,,0.44,no_match
"Adelaide, South Australia","adelaide, south australia",,,,,,,0.439024,no_match
Bandung / Seoul / Singapore,bandung seoul singapore,,,,,,,0.439024,no_match
"Cancún, Quintana Roo, México","cancún, quintana roo, méxico",,,,,,,0.439024,no_match
"Central Coast, CA","central coast, ca",,,,,,,0.439024,no_match
"Cosenza, Calabria","cosenza, calabria",,,,,,,0.439024,no_match
Emerging from the Ashes,emerging from the ashes,,,,,,,0.439024,no_match
"Green Bay, WI","green bay, wi",,,,,,,0.439024,no_match
I Don't Know Anymore,i don t know anymore,,,,,,,0.439024,no_match
"Indianapolis, IN / In the  ☁","indianapolis, in in the",,,,,,,0.439024,no_match
Italy/România,italy românia,,,,,,,0.439024,no_match
Lafayette IN (Indiana),lafayette in indiana,,,,,,,0.439024,no_match
"Milano, Lombardia","milano, lombardia",,,,,,,0.439024,no_match
"North Berwick, ME","north berwick, me",,,,,,,0.439024,no_match
Republic of Korea,republic of korea,,,,,,,0.439024,no_match
"Roggel, The Netherlands","roggel, the netherlands",,,,,,,0.439024,no_match
"San Salvador, El Salvador","san salvador, el salvador",,,,,,,0.439024,no_match
Valencia / Daganzo / Jaraíz,valencia daganzo jaraíz,,,,,,,0.439024,no_match
Alcázar de San Juan,alcázar de san juan,,,,,,,0.4375,no_match
Ankara/Türkiye,ankara türkiye,,,,,,,0.4375,no_match
Australia *currently*,australia currently,,,,,,,0.4375,no_match
Belo Horizonte,belo horizonte,,,,,,,0.4375,no_match
"Boca Raton, FL","boca raton, fl",,,,,,,0.4375,no_match
Brisbane Queensland,brisbane queensland,,,,,,,0.4375,no_match
"Brisbane, Australia","brisbane, australia",,,,,,,0.4375,no_match
"Burlington, VT","burlington, vt",,,,,,,0.4375,no_match
Corrientes ARG,corrientes arg,,,,,,,0.4375,no_match
"Des Moines, Iowa","des moines, iowa",,,,,,,0.4375,no_match
"Guigneville, France","guigneville, france",,,,,,,0.4375,no_match
"Gurgaon, India","gurgaon, india",,,,,,,0.4375,no_match
"Jakarta, Indonesia","jakarta, indonesia",,,,,,,0.4375,no_match
"Lehigh Acres, FL","lehigh acres, fl",,,,,,,0.4375,no_match
"Leysin, Switzerland","leysin, switzerland",,,,,,,0.4375,no_match
"Linköping, Sverige","linköping, sverige",,,,,,,0.4375,no_match
"Menorca, Ciutadella","menorca, ciutadella",,,,,,,0.4375,no_match
Munich (Germany),munich germany,,,,,,,0.4375,no_match
München (Bayern),münchen bayern,,,,,,,0.4375,no_match
"Niterói, RJ, Brasil","niterói, rj, brasil",,,,,,,0.4375,no_match
Sant Cugat del Vallès,sant cugat del vallès,,,,,,,0.4375,no_match
"Serpong, Indonesia","serpong, indonesia",,,,,,,0.4375,no_match
Southern California,southern california,,,,,,,0.4375,no_match
"USA, Augusta, GA","usa, augusta, ga",,,,,,,0.4375,no_match
"jakarta, Indonesia","jakarta, indonesia",,,,,,,0.4375,no_match
"jakarta, indonesia","jakarta, indonesia",,,,,,,0.4375,no_match
southern california,southern california,,,,,,,0.4375,no_match
"Asteroide K-22, Sobre Tempe, AZ","asteroide k-22, sobre tempe, az",,,,,,,0.436364,no_match
"Beirut, Saida, Tyre Lebanon","beirut, saida, tyre lebanon",,,,,,,0.436364,no_match
"En algún sitio, escribiendo","en algún sitio, escribiendo",,,,,,,0.436364,no_match
"Vancouver, British Columbia","vancouver, british columbia",,,,,,,0.436364,no_match
@ seven seas,seven seas,,,,,,,0.434783,no_match
ATL  ➡️ FSU  ➡️ VT,atl fsu vt,,,,,,,0.434783,no_match
Advance NC,advance nc,,,,,,,0.434783,no_match
"All of London, UK, World.","all of london, uk, world.",,,,,,,0.434783,no_match
"Ann Arbor, MI","ann arbor, mi",,,,,,,0.434783,no_match
"Athens, GR","athens, gr",,,,,,,0.434783,no_match
"Beijing, China","beijing, china",,,,,,,0.434783,no_match
"Bellingham, WA","bellingham, wa",,,,,,,0.434783,no_match
Bilbao - Donostia - Bilbao,bilbao - donostia - bilbao,,,,,,,0.434783,no_match
"Bodmin, England","bodmin, england",,,,,,,0.434783,no_match
"Bolton, England","bolton, england",,,,,,,0.434783,no_match
Brasília DF Brazil,brasília df brazil,,,,,,,0.434783,no_match
"Brazil, sp SP","brazil, sp sp",,,,,,,0.434783,no_match
Buitenzorg,buitenzorg,,,,,,,0.434783,no_match
"Burlingame, CA","burlingame, ca",,,,,,,0.434783,no_match
"Calcutta, India","calcutta, india",,,,,,,0.434783,no_match
"Calgary, Canada","calgary, canada",,,,,,,0.434783,no_match
Cali / Colombia,cali colombia,,,,,,,0.434783,no_match
Cali Colombia,cali colombia,,,,,,,0.434783,no_match
California,california,,,,,,,0.434783,no_match
Campinas • Brasil,campinas brasil,,,,,,,0.434783,no_match
"Canton, OH","canton, oh",,,,,,,0.434783,no_match
Cartagena & Medellín,cartagena medellín,,,,,,,0.434783,no_match
Cincinnati - Charlotte,cincinnati - charlotte,,,,,,,0.434783,no_match
"Cincinnati, OH","cincinnati, oh",,,,,,,0.434783,no_match
"College Station, Texas","college station, texas",,,,,,,0.434783,no_match
Dallas ★ Texas,dallas texas,,,,,,,0.434783,no_match
"Danville, VA","danville, va",,,,,,,0.434783,no_match
"Denver, CO","denver, co",,,,,,,0.434783,no_match
"Denver, Co","denver, co",,,,,,,0.434783,no_match
"Dublin, Ireland","dublin, ireland",,,,,,,0.434783,no_match
"Durban, ZA","durban, za",,,,,,,0.434783,no_match
"Graeagle, CA","graeagle, ca",,,,,,,0.434783,no_match
"Halifax, Nova Scotia, Canada","halifax, nova scotia, canada",,,,,,,0.434783,no_match
"Halstead, Essex","halstead, essex",,,,,,,0.434783,no_match
"Harlingen, TX","harlingen, tx",,,,,,,0.434783,no_match
"Hyattsville, MD","hyattsville, md",,,,,,,0.434783,no_match
"Idaho Falls, Idaho","idaho falls, idaho",,,,,,,0.434783,no_match
"Italia, Salerno","italia, salerno",,,,,,,0.434783,no_match
Juazeiro do Norte - CE,juazeiro do norte - ce,,,,,,,0.434783,no_match
"Kampala, Uganda","kampala, uganda",,,,,,,0.434783,no_match
Lake Tahoe,lake tahoe,,,,,,,0.434783,no_match
"Lansdale, PA","lansdale, pa",,,,,,,0.434783,no_match
"Lexington, VA","lexington, va",,,,,,,0.434783,no_match
"Lleida, Spain","lleida, spain",,,,,,,0.434783,no_match
"Lombardy, Italy","lombardy, italy",,,,,,,0.434783,no_match
"Long Beach, CA","long beach, ca",,,,,,,0.434783,no_match
"Malaga, Spain","malaga, spain",,,,,,,0.434783,no_match
Manchester,manchester,,,,,,,0.434783,no_match
"Manhattan, MT","manhattan, mt",,,,,,,0.434783,no_match
"Menai, New South Wales","menai, new south wales",,,,,,,0.434783,no_match
Metro Manila,metro manila,,,,,,,0.434783,no_match
"Miami, Beirut","miami, beirut",,,,,,,0.434783,no_match
"Milan, Lombardy","milan, lombardy",,,,,,,0.434783,no_match
"Monvrovia, CA","monvrovia, ca",,,,,,,0.434783,no_match
"Málaga, Spain","málaga, spain",,,,,,,0.434783,no_match
"Naples, IT","naples, it",,,,,,,0.434783,no_match
"Newton, MA","newton, ma",,,,,,,0.434783,no_match
"Oceanside, CA","oceanside, ca",,,,,,,0.434783,no_match
"Osaka, Japan","osaka, japan",,,,,,,0.434783,no_match
"Ramos Mejía, Bs. As, Argentina","ramos mejía, bs. as, argentina",,,,,,,0.434783,no_match
"Renton, WA","renton, wa",,,,,,,0.434783,no_match
Republic of Singlepoor,republic of singlepoor,,,,,,,0.434783,no_match
"Riyadh, SA","riyadh, sa",,,,,,,0.434783,no_match
Rome (Italy),rome italy,,,,,,,0.434783,no_match
"Ruston, Louisiana","ruston, louisiana",,,,,,,0.434783,no_match
"SC, Brasil","sc, brasil",,,,,,,0.434783,no_match
Sacramento,sacramento,,,,,,,0.434783,no_match
"St Louis, MO","st louis, mo",,,,,,,0.434783,no_match
"Suva, Fiji","suva, fiji",,,,,,,0.434783,no_match
"Tacoma, WA","tacoma, wa",,,,,,,0.434783,no_match
"Tayan, Kalimantan Raya","tayan, kalimantan raya",,,,,,,0.434783,no_match
The Magical New Jersey,the magical new jersey,,,,,,,0.434783,no_match
The beautiful Bay Area!,the beautiful bay area,,,,,,,0.434783,no_match
Toledo OH,toledo oh,,,,,,,0.434783,no_match
Trinidad & Tobago,trinidad tobago,,,,,,,0.434783,no_match
"Tucson, AZ","tucson, az",,,,,,,0.434783,no_match
"Unnāo, IN","unnāo, in",,,,,,,0.434783,no_match
Upstate NY,upstate ny,,,,,,,0.434783,no_match
"Venice, CA","venice, ca",,,,,,,0.434783,no_match
"Ventura, CA ~ ♥~ San Diego, CA","ventura, ca san diego, ca",,,,,,,0.434783,no_match
"Vic, Catalunya","vic, catalunya",,,,,,,0.434783,no_match
Vitória / ES,vitória es,,,,,,,0.434783,no_match
"Wallingford, CT","wallingford, ct",,,,,,,0.434783,no_match
"Washington, DC","washington, dc",,,,,,,0.434783,no_match
West Texas,west texas,,,,,,,0.434783,no_match
Wurundjeri land (Melbourne),wurundjeri land melbourne,,,,,,,0.434783,no_match
berlin/germany,berlin germany,,,,,,,0.434783,no_match
flat world,flat world,,,,,,,0.434783,no_match
fort wayne,fort wayne,,,,,,,0.434783,no_match
the future,the future,,,,,,,0.434783,no_match
"Shanghai, People's Republic of China","shanghai, people s republic of china",,,,,,,0.433333,no_match
"Assiniboia, Saskatchewan","assiniboia, saskatchewan",,,,,,,0.432432,no_match
Bergamo (Italy),bergamo italy,,,,,,,0.432432,no_match
"Boca Raton, Florida","boca raton, florida",,,,,,,0.432432,no_match
"Burlington, Vermont","burlington, vermont",,,,,,,0.432432,no_match
"Charlotte, NC","charlotte, nc",,,,,,,0.432432,no_match
"Chile, Santiago,Cerrillos.","chile, santiago,cerrillos.",,,,,,,0.432432,no_match
"Cotia, Sao Paulo, Brazil","cotia, sao paulo, brazil",,,,,,,0.432432,no_match
Currently In: New Zealand,currently in new zealand,,,,,,,0.432432,no_match
Esplugues de Llobregat (BCN),esplugues de llobregat bcn,,,,,,,0.432432,no_match
"Euskadi, Mexico City, Mx","euskadi, mexico city, mx",,,,,,,0.432432,no_match
"Greenville, South Carolina","greenville, south carolina",,,,,,,0.432432,no_match
Kauai & Seattle,kauai seattle,,,,,,,0.432432,no_match
"Koprivnica, Croatia","koprivnica, croatia",,,,,,,0.432432,no_match
Las Palmas de Gran Canaria,las palmas de gran canaria,,,,,,,0.432432,no_match
"Maryland to Chattanooga, TN","maryland to chattanooga, tn",,,,,,,0.432432,no_match
"Netherland,China,Russia.","netherland,china,russia.",,,,,,,0.432432,no_match
Northern California,northern california,,,,,,,0.432432,no_match
"Norwich, England","norwich, england",,,,,,,0.432432,no_match
"Nova Scotia, Canada","nova scotia, canada",,,,,,,0.432432,no_match
"Oxenhope, West Yorkshire","oxenhope, west yorkshire",,,,,,,0.432432,no_match
"Perth, Western Australia","perth, western australia",,,,,,,0.432432,no_match
"Ravensburg, Germany","ravensburg, germany",,,,,,,0.432432,no_match
"Richmond, Melbourne","richmond, melbourne",,,,,,,0.432432,no_match
"Rio de Janeiro, BRA","rio de janeiro, bra",,,,,,,0.432432,no_match
"Roseville, CA","roseville, ca",,,,,,,0.432432,no_match
"San Cristobal, Venezuela","san cristobal, venezuela",,,,,,,0.432432,no_match
Somerset West,somerset west,,,,,,,0.432432,no_match
"Telluride, CO","telluride, co",,,,,,,0.432432,no_match
"Terrassa, Barcelona","terrassa, barcelona",,,,,,,0.432432,no_match
"Utrecht, The Netherlands","utrecht, the netherlands",,,,,,,0.432432,no_match
Vancouver Island,vancouver island,,,,,,,0.432432,no_match
"Worcester, MA","worcester, ma",,,,,,,0.432432,no_match
"Zaltbommel, Nederland","zaltbommel, nederland",,,,,,,0.432432,no_match
"Alicante, Valencia, Badajoz","alicante, valencia, badajoz",,,,,,,0.431373,no_match
"Buenos Aires, Argentina","buenos aires, argentina",,,,,,,0.431373,no_match
From MZT but living @ MXL,from mzt but living mxl,,,,,,,0.431373,no_match
"Indonesia, Planet Earth","indonesia, planet earth",,,,,,,0.431373,no_match
National Capital Region,national capital region,,,,,,,0.431373,no_match
Rio de Janeiro - Brasil,rio de janeiro - brasil,,,,,,,0.431373,no_match
Southern & Central California,southern central california,,,,,,,0.431373,no_match
Tenerife / Canary Islands,tenerife canary islands,,,,,,,0.431373,no_match
"The Netherlands, Doetinchem","the netherlands, doetinchem",,,,,,,0.431373,no_match
"Vancouver, Earth Planet","vancouver, earth planet",,,,,,,0.431373,no_match
#HamOnt,hamont,,,,,,,0.428571,no_match
Algeciras,algeciras,,,,,,,0.428571,no_match
All Over The Place,all over the place,,,,,,,0.428571,no_match
"Almagro, Argentina","almagro, argentina",,,,,,,0.428571,no_match
"Amsterdam, Nederland","amsterdam, nederland",,,,,,,0.428571,no_match
"Antananarivo, Madagascar","antananarivo, madagascar",,,,,,,0.428571,no_match
"Antigua, Guatemala","antigua, guatemala",,,,,,,0.428571,no_match
Aradeo,aradeo,,,,,,,0.428571,no_match
Argentina,argentina,,,,,,,0.428571,no_match
Astana,astana,,,,,,,0.428571,no_match
"Astoria, Queens","astoria, queens",,,,,,,0.428571,no_match
Athens,athens,,,,,,,0.428571,no_match
Athens - Greece,athens - greece,,,,,,,0.428571,no_match
Austin,austin,,,,,,,0.428571,no_match
"Babson College, MA","babson college, ma",,,,,,,0.428571,no_match
Badajoz,badajoz,,,,,,,0.428571,no_match
Badalona,badalona,,,,,,,0.428571,no_match
Barbelith,barbelith,,,,,,,0.428571,no_match
Beijing,beijing,,,,,,,0.428571,no_match
"Berlin, Istanbul, Ankara","berlin, istanbul, ankara",,,,,,,0.428571,no_match
Bluffton,bluffton,,,,,,,0.428571,no_match
Brasil,brasil,,,,,,,0.428571,no_match
Brasil!,brasil,,,,,,,0.428571,no_match
"Brasil, São Paulo","brasil, são paulo",,,,,,,0.428571,no_match
Brazil,brazil,,,,,,,0.428571,no_match
Bronx NY,bronx ny,,,,,,,0.428571,no_match
Brooklyn,brooklyn,,,,,,,0.428571,no_match
Bucharest,bucharest,,,,,,,0.428571,no_match
CH-Ti,ch-ti,,,,,,,0.428571,no_match
Cairo,cairo,,,,,,,0.428571,no_match
Cincinnati | Aggieland,cincinnati aggieland,,,,,,,0.428571,no_match
"Ciudad Autónoma de Buenos Aires, Argentina","ciudad autónoma de buenos aires, argentina",,,,,,,0.428571,no_match
"Damascus, Syria","damascus, syria",,,,,,,0.428571,no_match
Darmstadt,darmstadt,,,,,,,0.428571,no_match
"Duneland Beach, IN","duneland beach, in",,,,,,,0.428571,no_match
Envigado,envigado,,,,,,,0.428571,no_match
Fake Manchester,fake manchester,,,,,,,0.428571,no_match
"Feistopolis, IN","feistopolis, in",,,,,,,0.428571,no_match
"Florence, ITALY","florence, italy",,,,,,,0.428571,no_match
"Florence, Italy","florence, italy",,,,,,,0.428571,no_match
"Fresno, CA","fresno, ca",,,,,,,0.428571,no_match
Germany between the wars,germany between the wars,,,,,,,0.428571,no_match
Gijón. Asturias,gijón. asturias,,,,,,,0.428571,no_match
Gotham,gotham,,,,,,,0.428571,no_match
Grinding,grinding,,,,,,,0.428571,no_match
Guarulhos,guarulhos,,,,,,,0.428571,no_match
"Guarulhos, Brasil","guarulhos, brasil",,,,,,,0.428571,no_match
"Guatemala City, Guatemala","guatemala city, guatemala",,,,,,,0.428571,no_match
"Gujarat, India","gujarat, india",,,,,,,0.428571,no_match
"Hamburg, Deutschland","hamburg, deutschland",,,,,,,0.428571,no_match
High Peak (Peak District),high peak peak district,,,,,,,0.428571,no_match
Honduras,honduras,,,,,,,0.428571,no_match
IG: superdeluxe,ig superdeluxe,,,,,,,0.428571,no_match
INDONESIA RAYA,indonesia raya,,,,,,,0.428571,no_match
Illinois,illinois,,,,,,,0.428571,no_match
Isleña,isleña,,,,,,,0.428571,no_match
"Knivsta, Sweden","knivsta, sweden",,,,,,,0.428571,no_match
Kolkata,kolkata,,,,,,,0.428571,no_match
Kraków / Dobczyce,kraków dobczyce,,,,,,,0.428571,no_match
"Kreuzlingen, TG, Switzerland","kreuzlingen, tg, switzerland",,,,,,,0.428571,no_match
"Lake Norman, NC","lake norman, nc",,,,,,,0.428571,no_match
Lima.,lima.,,,,,,,0.428571,no_match
"Little Rock, AR","little rock, ar",,,,,,,0.428571,no_match
"Los Olivos, Lima, Perú","los olivos, lima, perú",,,,,,,0.428571,no_match
Mahara,mahara,,,,,,,0.428571,no_match
Makanoa,makanoa,,,,,,,0.428571,no_match
Malaga,malaga,,,,,,,0.428571,no_match
"Manaus, Amazonas, Brasil","manaus, amazonas, brasil",,,,,,,0.428571,no_match
Manhattan Beach CA,manhattan beach ca,,,,,,,0.428571,no_match
"Manresa, Catalunya","manresa, catalunya",,,,,,,0.428571,no_match
"Marina del Rey, CA","marina del rey, ca",,,,,,,0.428571,no_match
"Medellin, Colombia","medellin, colombia",,,,,,,0.428571,no_match
"Merritt Island, FL","merritt island, fl",,,,,,,0.428571,no_match
Mohali,mohali,,,,,,,0.428571,no_match
"Monterrey, Mexico.","monterrey, mexico.",,,,,,,0.428571,no_match
"New Harmony, UT","new harmony, ut",,,,,,,0.428571,no_match
Nomad,nomad,,,,,,,0.428571,no_match
Nomad!,nomad,,,,,,,0.428571,no_match
Ottawa,ottawa,,,,,,,0.428571,no_match
"Ottawa, ON, Canada","ottawa, on, canada",,,,,,,0.428571,no_match
Paderno Dugnano,paderno dugnano,,,,,,,0.428571,no_match
Pamplona,pamplona,,,,,,,0.428571,no_match
Porto Alegre - RS,porto alegre - rs,,,,,,,0.428571,no_match
Prince Edward Island,prince edward island,,,,,,,0.428571,no_match
"Quito, Ecuador","quito, ecuador",,,,,,,0.428571,no_match
"Recife, Brasil","recife, brasil",,,,,,,0.428571,no_match
"Recife, Brazil","recife, brazil",,,,,,,0.428571,no_match
Riyadh,riyadh,,,,,,,0.428571,no_match
Roma-Bari,roma-bari,,,,,,,0.428571,no_match
"Rosario, Argentina","rosario, argentina",,,,,,,0.428571,no_match
"Russia, Ivanovo","russia, ivanovo",,,,,,,0.428571,no_match
Salisbury,salisbury,,,,,,,0.428571,no_match
Sampa,sampa,,,,,,,0.428571,no_match
"Sayada, Tunisia","sayada, tunisia",,,,,,,0.428571,no_match
"Seattle, WA.","seattle, wa.",,,,,,,0.428571,no_match
Solingen,solingen,,,,,,,0.428571,no_match
South Australia,south australia,,,,,,,0.428571,no_match
Southwest Ohio,southwest ohio,,,,,,,0.428571,no_match
SuperCali,supercali,,,,,,,0.428571,no_match
São Paulo,são paulo,,,,,,,0.428571,no_match
"São Paulo, Brasil","são paulo, brasil",,,,,,,0.428571,no_match
"São Paulo, Brazil","são paulo, brazil",,,,,,,0.428571,no_match
Taipei,taipei,,,,,,,0.428571,no_match
Tel Aviv // Eilat,tel aviv eilat,,,,,,,0.428571,no_match
The Loop,the loop,,,,,,,0.428571,no_match
Ticino,ticino,,,,,,,0.428571,no_match
"Tijuana, Baja California","tijuana, baja california",,,,,,,0.428571,no_match
Todmorden|Calderdale|W. Yorks,todmorden calderdale w. yorks,,,,,,,0.428571,no_match
"Treviso, Veneto","treviso, veneto",,,,,,,0.428571,no_match
"Tucson, Arizona","tucson, arizona",,,,,,,0.428571,no_match
"Twin Cities, MN","twin cities, mn",,,,,,,0.428571,no_match
"Udaipur, India","udaipur, india",,,,,,,0.428571,no_match
Urbino PU,urbino pu,,,,,,,0.428571,no_match
VA | ATL,va atl,,,,,,,0.428571,no_match
"Vienna, Austria","vienna, austria",,,,,,,0.428571,no_match
Villena - Alicante,villena - alicante,,,,,,,0.428571,no_match
Waterloo,waterloo,,,,,,,0.428571,no_match
"Woerden, Netherlands","woerden, netherlands",,,,,,,0.428571,no_match
bethatbetharnold.com,bethatbetharnold.com,,,,,,,0.428571,no_match
brooklyn,brooklyn,,,,,,,0.428571,no_match
cairo,cairo,,,,,,,0.428571,no_match
close to Nature,close to nature,,,,,,,0.428571,no_match
"coming and going, Chile⇄Japan","coming and going, chile japan",,,,,,,0.428571,no_match
fohns.dk,fohns.dk,,,,,,,0.428571,no_match
kolkata,kolkata,,,,,,,0.428571,no_match
on the way,on the way,,,,,,,0.428571,no_match
"studio city, ca","studio city, ca",,,,,,,0.428571,no_match
"são paulo, brasil","são paulo, brasil",,,,,,,0.428571,no_match
"İzmir, Türkiye","i zmir, türkiye",,,,,,,0.428571,no_match
"Bandra West, Mumbai","bandra west, mumbai",,,,,,,0.425532,no_match
Campina Grande - PB,campina grande - pb,,,,,,,0.425532,no_match
Central Asia | Tajikistan,central asia tajikistan,,,,,,,0.425532,no_match
"Dallas/Ft. Worth, Texas","dallas ft. worth, texas",,,,,,,0.425532,no_match
"Denia, Alicante, España","denia, alicante, españa",,,,,,,0.425532,no_match
Dominicana por el mundo,dominicana por el mundo,,,,,,,0.425532,no_match
"Earth Planet, localhost","earth planet, localhost",,,,,,,0.425532,no_match
"Greater Denver Area, CO","greater denver area, co",,,,,,,0.425532,no_match
Greater Denver area,greater denver area,,,,,,,0.425532,no_match
"Groningen, The Netherlands","groningen, the netherlands",,,,,,,0.425532,no_match
"Hot Springs Village, AR","hot springs village, ar",,,,,,,0.425532,no_match
"Itunes, Spotify, Amazon","itunes, spotify, amazon",,,,,,,0.425532,no_match
"Lheidli/Prince George, Canada","lheidli prince george, canada",,,,,,,0.425532,no_match
"Louisville, KY area","louisville, ky area",,,,,,,0.425532,no_match
"Ostrava, Czech Republic","ostrava, czech republic",,,,,,,0.425532,no_match
"Palma, Balearic Islands","palma, balearic islands",,,,,,,0.425532,no_match
Planning small things 3,planning small things 3,,,,,,,0.425532,no_match
"Siem Reap, Cambodia","siem reap, cambodia",,,,,,,0.425532,no_match
"Terrigal, Central Coast","terrigal, central coast",,,,,,,0.425532,no_match
"Umbrete, Sevilla, Spain","umbrete, sevilla, spain",,,,,,,0.425532,no_match
València (Estado español),valència estado español,,,,,,,0.425532,no_match
"Wellington, New Zealand","wellington, new zealand",,,,,,,0.425532,no_match
"Wellington, Ontario","wellington, ontario",,,,,,,0.425532,no_match
"Windsor, ON and Detroit MI","windsor, on and detroit mi",,,,,,,0.425532,no_match
in the middle of FF & ZRF  ❤️,in the middle of ff zrf,,,,,,,0.425532,no_match
"#Halifax, Nova Scotia","halifax, nova scotia",,,,,,,0.424242,no_match
"Baguio City, PH","baguio city, ph",,,,,,,0.424242,no_match
Belvidere New Jersey,belvidere new jersey,,,,,,,0.424242,no_match
"Boston/Worcester, MA","boston worcester, ma",,,,,,,0.424242,no_match
"Brisbane, Queensland","brisbane, queensland",,,,,,,0.424242,no_match
Campinas / SP - Brasil,campinas sp - brasil,,,,,,,0.424242,no_match
"Cary, North Carolina","cary, north carolina",,,,,,,0.424242,no_match
Central Florida,central florida,,,,,,,0.424242,no_match
"Chihuahua, Chih. Mexico","chihuahua, chih. mexico",,,,,,,0.424242,no_match
Denton Texas,denton texas,,,,,,,0.424242,no_match
Entre Cádiz y Málaga,entre cádiz y málaga,,,,,,,0.424242,no_match
"Germany,  Munich","germany, munich",,,,,,,0.424242,no_match
Indonesia - Jakarta,indonesia - jakarta,,,,,,,0.424242,no_match
Jakarta - Indonesia,jakarta - indonesia,,,,,,,0.424242,no_match
"Jakarta, Indonesia.","jakarta, indonesia.",,,,,,,0.424242,no_match
"Melbourne, Australia","melbourne, australia",,,,,,,0.424242,no_match
"Munich, Germany","munich, germany",,,,,,,0.424242,no_match
"München, Bayern","münchen, bayern",,,,,,,0.424242,no_match
Northern Nevada,northern nevada,,,,,,,0.424242,no_match
"Paris, Ile-de-France","paris, ile-de-france",,,,,,,0.424242,no_match
"Playa Del Rey, CA","playa del rey, ca",,,,,,,0.424242,no_match
"Portsmouth, England","portsmouth, england",,,,,,,0.424242,no_match
"Rancho Cucamonga, CA","rancho cucamonga, ca",,,,,,,0.424242,no_match
"Saint Petersburg, FL","saint petersburg, fl",,,,,,,0.424242,no_match
"Salt Lake City, Utah","salt lake city, utah",,,,,,,0.424242,no_match
Seattle | Vancouver BC,seattle vancouver bc,,,,,,,0.424242,no_match
"Semarang, Indonesia","semarang, indonesia",,,,,,,0.424242,no_match
Southern Oregon,southern oregon,,,,,,,0.424242,no_match
Valencia (España),valencia españa,,,,,,,0.424242,no_match
Villajoyosa - Alicante,villajoyosa - alicante,,,,,,,0.424242,no_match
apt-get dist-upgrade,apt-get dist-upgrade,,,,,,,0.424242,no_match
namashtey@gmail.com,namashtey gmail.com,,,,,,,0.424242,no_match
"Australia, International","australia, international",,,,,,,0.423077,no_match
"Burnham on Sea, Somerset","burnham on sea, somerset",,,,,,,0.423077,no_match
"Caucete, San Juan, Argentina","caucete, san juan, argentina",,,,,,,0.423077,no_match
Easthampton and Western Mass,easthampton and western mass,,,,,,,0.423077,no_match
"Fortaleza, Ceará, Brasil","fortaleza, ceará, brasil",,,,,,,0.423077,no_match
Founder dream build play,founder dream build play,,,,,,,0.423077,no_match
"Houston, TX / Edloe Island, SL","houston, tx edloe island, sl",,,,,,,0.423077,no_match
"Vicente López, Argentina","vicente lópez, argentina",,,,,,,0.423077,no_match
Washington DC Metro Area,washington dc metro area,,,,,,,0.423077,no_match
methemanandthekids@gmail.com,methemanandthekids gmail.com,,,,,,,0.423077,no_match
somewhere on a desert island,somewhere on a desert island,,,,,,,0.423077,no_match
"Was Costa Rica, then Portland, now New Zealand.","was costa rica, then portland, now new zealand.",,,,,,,0.422535,no_match
"Abilene, TX","abilene, tx",,,,,,,0.421053,no_match
Abu Dhabi,abu dhabi,,,,,,,0.421053,no_match
"Alameda, CA","alameda, ca",,,,,,,0.421053,no_match
Almagro - BsAs,almagro - bsas,,,,,,,0.421053,no_match
"Alton, IL","alton, il",,,,,,,0.421053,no_match
"Ama, Louisiana","ama, louisiana",,,,,,,0.421053,no_match
"Amman,Irbid","amman,irbid",,,,,,,0.421053,no_match
Ann Arbor,ann arbor,,,,,,,0.421053,no_match
"Astoria, NY","astoria, ny",,,,,,,0.421053,no_match
"Atlanta, GA","atlanta, ga",,,,,,,0.421053,no_match
"Atlanta, Ga","atlanta, ga",,,,,,,0.421053,no_match
"Auburn, GA","auburn, ga",,,,,,,0.421053,no_match
"Avissawella, Sri Lanka","avissawella, sri lanka",,,,,,,0.421053,no_match
"Bandung, West Java, Indonesia","bandung, west java, indonesia",,,,,,,0.421053,no_match
"Bandung, West java, Indonesia","bandung, west java, indonesia",,,,,,,0.421053,no_match
"Barcelona, the World","barcelona, the world",,,,,,,0.421053,no_match
"Barranquilla, Colombia","barranquilla, colombia",,,,,,,0.421053,no_match
"Bay Area, California","bay area, california",,,,,,,0.421053,no_match
"Bengaluru, Karnataka","bengaluru, karnataka",,,,,,,0.421053,no_match
Birmingham,birmingham,,,,,,,0.421053,no_match
"Bodoe, Norway","bodoe, norway",,,,,,,0.421053,no_match
"Bothell, WA","bothell, wa",,,,,,,0.421053,no_match
"Brampton, ON, Canada","brampton, on, canada",,,,,,,0.421053,no_match
Calpe Costa Blanca España,calpe costa blanca españa,,,,,,,0.421053,no_match
Cancun,cancun,,,,,,,0.421053,no_match
"Cardiff, Wales","cardiff, wales",,,,,,,0.421053,no_match
"Carmel, IN","carmel, in",,,,,,,0.421053,no_match
"Chatham, NY","chatham, ny",,,,,,,0.421053,no_match
Chelyabinsk,chelyabinsk,,,,,,,0.421053,no_match
"Cleveland, OH","cleveland, oh",,,,,,,0.421053,no_match
Copenhagen,copenhagen,,,,,,,0.421053,no_match
Dubai | Global,dubai global,,,,,,,0.421053,no_match
Find my workshops on my blog!,find my workshops on my blog,,,,,,,0.421053,no_match
"Finland, Helsinki","finland, helsinki",,,,,,,0.421053,no_match
"George, Western Cape","george, western cape",,,,,,,0.421053,no_match
"Gibsons, British Columbia","gibsons, british columbia",,,,,,,0.421053,no_match
"Guadalajara, Jalisco","guadalajara, jalisco",,,,,,,0.421053,no_match
"Hamilton, ON, Canada","hamilton, on, canada",,,,,,,0.421053,no_match
"Harrisburg, PA","harrisburg, pa",,,,,,,0.421053,no_match
"Helsinki, Finland","helsinki, finland",,,,,,,0.421053,no_match
"Hemel Hempstead, England","hemel hempstead, england",,,,,,,0.421053,no_match
"Henderson, NV","henderson, nv",,,,,,,0.421053,no_match
"Imperatriz, MA","imperatriz, ma",,,,,,,0.421053,no_match
KMITL,kmitl,,,,,,,0.421053,no_match
"Kensington, Brooklyn","kensington, brooklyn",,,,,,,0.421053,no_match
"Leander, TX","leander, tx",,,,,,,0.421053,no_match
Lisboa,lisboa,,,,,,,0.421053,no_match
Lucca (Italy),lucca italy,,,,,,,0.421053,no_match
"Madrid, España","madrid, españa",,,,,,,0.421053,no_match
Mementos,mementos,,,,,,,0.421053,no_match
"Merida, Mexico","merida, mexico",,,,,,,0.421053,no_match
"Miami, Fl.","miami, fl.",,,,,,,0.421053,no_match
"Minsk, Belarus","minsk, belarus",,,,,,,0.421053,no_match
"Moorea, Tahiti","moorea, tahiti",,,,,,,0.421053,no_match
Murcia,murcia,,,,,,,0.421053,no_match
Noida,noida,,,,,,,0.421053,no_match
North Wales,north wales,,,,,,,0.421053,no_match
Nottingham,nottingham,,,,,,,0.421053,no_match
"Omaha, NE","omaha, ne",,,,,,,0.421053,no_match
"Ottawa, Canada","ottawa, canada",,,,,,,0.421053,no_match
"Parangaba, Fortaleza","parangaba, fortaleza",,,,,,,0.421053,no_match
"Parkesburg, PA","parkesburg, pa",,,,,,,0.421053,no_match
"Parsippany, NJ","parsippany, nj",,,,,,,0.421053,no_match
Philippines,philippines,,,,,,,0.421053,no_match
"Pittsburgh, PA","pittsburgh, pa",,,,,,,0.421053,no_match
"Poland, Warsaw","poland, warsaw",,,,,,,0.421053,no_match
"Puebla, Mexico","puebla, mexico",,,,,,,0.421053,no_match
"Quad Cities, western Illinois","quad cities, western illinois",,,,,,,0.421053,no_match
Ragusa,ragusa,,,,,,,0.421053,no_match
"Research Triangle Park,NC","research triangle park,nc",,,,,,,0.421053,no_match
"Ridge Manor, Florida","ridge manor, florida",,,,,,,0.421053,no_match
"Ringgold, GA","ringgold, ga",,,,,,,0.421053,no_match
"Rivne, UA","rivne, ua",,,,,,,0.421053,no_match
Russia,russia,,,,,,,0.421053,no_match
"Sacramento, CA","sacramento, ca",,,,,,,0.421053,no_match
"Santa Cruz de Tenerife, Spain","santa cruz de tenerife, spain",,,,,,,0.421053,no_match
"Santiago, CL","santiago, cl",,,,,,,0.421053,no_match
"Shenzhen, Guangdong, PR China","shenzhen, guangdong, pr china",,,,,,,0.421053,no_match
Sitges,sitges,,,,,,,0.421053,no_match
South Carolina,south carolina,,,,,,,0.421053,no_match
South Florida,south florida,,,,,,,0.421053,no_match
Southampton,southampton,,,,,,,0.421053,no_match
"Southern Highlands, Australia","southern highlands, australia",,,,,,,0.421053,no_match
Sulaimaniya,sulaimaniya,,,,,,,0.421053,no_match
Sydney,sydney,,,,,,,0.421053,no_match
Szeged,szeged,,,,,,,0.421053,no_match
Tampere region,tampere region,,,,,,,0.421053,no_match
"Tokyo, Japan","tokyo, japan",,,,,,,0.421053,no_match
"Tokyo,Japan","tokyo,japan",,,,,,,0.421053,no_match
Tokyo←Nagoya,tokyo nagoya,,,,,,,0.421053,no_match
Trento,trento,,,,,,,0.421053,no_match
Tucson,tucson,,,,,,,0.421053,no_match
Tulsa Oklahoma,tulsa oklahoma,,,,,,,0.421053,no_match
Twickenham,twickenham,,,,,,,0.421053,no_match
Vancouver BC,vancouver bc,,,,,,,0.421053,no_match
"Warsaw, Poland","warsaw, poland",,,,,,,0.421053,no_match
Wolphaartsdijk,wolphaartsdijk,,,,,,,0.421053,no_match
copenhagen,copenhagen,,,,,,,0.421053,no_match
instragram/thestonebishop,instragram thestonebishop,,,,,,,0.421053,no_match
somewhere tending and minding,somewhere tending and minding,,,,,,,0.421053,no_match
st.louis,st.louis,,,,,,,0.421053,no_match
sydney,sydney,,,,,,,0.421053,no_match
venice,venice,,,,,,,0.421053,no_match
¿Tierra de Osos?,tierra de osos,,,,,,,0.421053,no_match
"Raised in WV, ruminates in Pittsburgh","raised in wv, ruminates in pittsburgh",,,,,,,0.419355,no_match
"Aberdeen & Dundee, Scotland","aberdeen dundee, scotland",,,,,,,0.418605,no_match
"Barcelona, Catalunya... #SQV!","barcelona, catalunya... sqv",,,,,,,0.418605,no_match
"Beirut, Lebanon","beirut, lebanon",,,,,,,0.418605,no_match
Bengaluru India,bengaluru india,,,,,,,0.418605,no_match
"Berlin, Germany","berlin, germany",,,,,,,0.418605,no_match
"Charlottesville, VA","charlottesville, va",,,,,,,0.418605,no_match
"Christchurch City, New Zealand","christchurch city, new zealand",,,,,,,0.418605,no_match
"College Station, TX","college station, tx",,,,,,,0.418605,no_match
"Goiânia, BRAZIL","goiânia, brazil",,,,,,,0.418605,no_match
"Goiânia, Brazil","goiânia, brazil",,,,,,,0.418605,no_match
"Hérouville-Saint-Clair, France","hérouville-saint-clair, france",,,,,,,0.418605,no_match
"Kalamazoo, Michigan","kalamazoo, michigan",,,,,,,0.418605,no_match
"Klagenfurt, Austria","klagenfurt, austria",,,,,,,0.418605,no_match
"Munich / Tuebingen, Germany","munich tuebingen, germany",,,,,,,0.418605,no_match
"Munich, Bavaria","munich, bavaria",,,,,,,0.418605,no_match
"Muro de Alcoy, Alicante, Spain","muro de alcoy, alicante, spain",,,,,,,0.418605,no_match
"Newcastle upon Tyne,England","newcastle upon tyne,england",,,,,,,0.418605,no_match
"P. Faliro, Athens, Hellas","p. faliro, athens, hellas",,,,,,,0.418605,no_match
Quito - Ecuador,quito - ecuador,,,,,,,0.418605,no_match
Reggio Calabria,reggio calabria,,,,,,,0.418605,no_match
"Saint John, NB, Canada","saint john, nb, canada",,,,,,,0.418605,no_match
Say no to the sad ones!,say no to the sad ones,,,,,,,0.418605,no_match
"Southend-on-Sea, Southend-on-S","southend-on-sea, southend-on-s",,,,,,,0.418605,no_match
"Tarumi, Kobe, Japan","tarumi, kobe, japan",,,,,,,0.418605,no_match
"Vila de Gracia, Barcelona","vila de gracia, barcelona",,,,,,,0.418605,no_match
"West Palm Beach, FL","west palm beach, fl",,,,,,,0.418605,no_match
West Palm Beach. FL,west palm beach. fl,,,,,,,0.418605,no_match
"di angkasa sana, di kejauhan","di angkasa sana, di kejauhan",,,,,,,0.418605,no_match
"planes, trains, & automobiles!","planes, trains, automobiles",,,,,,,0.418605,no_match
/usr/local/sin,usr local sin,,,,,,,0.416667,no_match
"8279 Lundy's Lane, Unit A-8","8279 lundy s lane, unit a-8",,,,,,,0.416667,no_match
"Acworth, GA","acworth, ga",,,,,,,0.416667,no_match
"Agudos, Brasil","agudos, brasil",,,,,,,0.416667,no_match
Alleli Aspili,alleli aspili,,,,,,,0.416667,no_match
"Anaheim, CA","anaheim, ca",,,,,,,0.416667,no_match
"Andrésy - Paris, Ile-de-France","andrésy - paris, ile-de-france",,,,,,,0.416667,no_match
"Asheville, NC","asheville, nc",,,,,,,0.416667,no_match
"Asti, Italy","asti, italy",,,,,,,0.416667,no_match
"Athens,Greece","athens,greece",,,,,,,0.416667,no_match
"Atlanta, Georgia and the World","atlanta, georgia and the world",,,,,,,0.416667,no_match
Barcelona - Girona,barcelona - girona,,,,,,,0.416667,no_match
Bern (Switzerland),bern switzerland,,,,,,,0.416667,no_match
"Bloomington, Indiana","bloomington, indiana",,,,,,,0.416667,no_match
Brasil - SP,brasil - sp,,,,,,,0.416667,no_match
Brasilia - DF - Brazil,brasilia - df - brazil,,,,,,,0.416667,no_match
"Brescia, Italy","brescia, italy",,,,,,,0.416667,no_match
"Brisbane, Qld","brisbane, qld",,,,,,,0.416667,no_match
"Brisbane, Qld, Australia","brisbane, qld, australia",,,,,,,0.416667,no_match
"Buffalo, NY","buffalo, ny",,,,,,,0.416667,no_match
"Cagliari, Italy","cagliari, italy",,,,,,,0.416667,no_match
"Cali, Colombia","cali, colombia",,,,,,,0.416667,no_match
"Campinas, Brasil","campinas, brasil",,,,,,,0.416667,no_match
Caracas Bogota Miami Sao Pablo,caracas bogota miami sao pablo,,,,,,,0.416667,no_match
"Chelva, España","chelva, españa",,,,,,,0.416667,no_match
"Cherokee, North Carolina","cherokee, north carolina",,,,,,,0.416667,no_match
Chieti - Italy,chieti - italy,,,,,,,0.416667,no_match
Cincinnati Ohio,cincinnati ohio,,,,,,,0.416667,no_match
Cologne (Germany),cologne germany,,,,,,,0.416667,no_match
Cologne / Germany,cologne germany,,,,,,,0.416667,no_match
Cologne Germany,cologne germany,,,,,,,0.416667,no_match
"Cox, España","cox, españa",,,,,,,0.416667,no_match
Crawley / Gatwick,crawley gatwick,,,,,,,0.416667,no_match
"Dallas, Texas","dallas, texas",,,,,,,0.416667,no_match
"Denpasar, Indonesia","denpasar, indonesia",,,,,,,0.416667,no_match
"East Java, Indonesia","east java, indonesia",,,,,,,0.416667,no_match
East Sussex,east sussex,,,,,,,0.416667,no_match
"Emeryville, CA","emeryville, ca",,,,,,,0.416667,no_match
"Fairfax, VA","fairfax, va",,,,,,,0.416667,no_match
"Fairway, KS","fairway, ks",,,,,,,0.416667,no_match
"Fort Lauderdale, Florida","fort lauderdale, florida",,,,,,,0.416667,no_match
"Gibsons, BC","gibsons, bc",,,,,,,0.416667,no_match
"Goyard Trunk, California","goyard trunk, california",,,,,,,0.416667,no_match
Guadalajara and Silicon Valley,guadalajara and silicon valley,,,,,,,0.416667,no_match
"Halmstad, Sweden","halmstad, sweden",,,,,,,0.416667,no_match
"Hanoi, Vietnam","hanoi, vietnam",,,,,,,0.416667,no_match
"Harleysville, PA","harleysville, pa",,,,,,,0.416667,no_match
High Arctic,high arctic,,,,,,,0.416667,no_match
"Hither, Thither and Yon.","hither, thither and yon.",,,,,,,0.416667,no_match
"Huntington Beach, CA","huntington beach, ca",,,,,,,0.416667,no_match
I go places! PDX is home.,i go places pdx is home.,,,,,,,0.416667,no_match
IMDB.me/KalNaga,imdb.me kalnaga,,,,,,,0.416667,no_match
"Illadelph, or Philly, PA","illadelph, or philly, pa",,,,,,,0.416667,no_match
In a hipster coffee shop,in a hipster coffee shop,,,,,,,0.416667,no_match
"Irving, TX","irving, tx",,,,,,,0.416667,no_match
Istanbul | TR,istanbul tr,,,,,,,0.416667,no_match
"Ithaca, NY 14850","ithaca, ny 14850",,,,,,,0.416667,no_match
"Jackson, Mich.","jackson, mich.",,,,,,,0.416667,no_match
"Jackson, WY","jackson, wy",,,,,,,0.416667,no_match
"Junín, BAs.","junín, bas.",,,,,,,0.416667,no_match
"Lahore, Pakistan","lahore, pakistan",,,,,,,0.416667,no_match
"Lancaster, OH","lancaster, oh",,,,,,,0.416667,no_match
"Loveland, Colorado","loveland, colorado",,,,,,,0.416667,no_match
"Madison, WI","madison, wi",,,,,,,0.416667,no_match
"Madrid, Spain, UE, World","madrid, spain, ue, world",,,,,,,0.416667,no_match
"Majuro, Marshall Islands","majuro, marshall islands",,,,,,,0.416667,no_match
Middle East,middle east,,,,,,,0.416667,no_match
"Natal-RN, Brasil","natal-rn, brasil",,,,,,,0.416667,no_match
Newburgh NY,newburgh ny,,,,,,,0.416667,no_match
NorthernVA / Washington DC,northernva washington dc,,,,,,,0.416667,no_match
Outside DC,outside dc,,,,,,,0.416667,no_match
Palma (Mallorca),palma mallorca,,,,,,,0.416667,no_match
"Philadelphia, PA","philadelphia, pa",,,,,,,0.416667,no_match
"Quezon, Calabarzon","quezon, calabarzon",,,,,,,0.416667,no_match
"Roeland Park, KS","roeland park, ks",,,,,,,0.416667,no_match
Roma e in giro per il mondo,roma e in giro per il mondo,,,,,,,0.416667,no_match
"Roma, Lazio","roma, lazio",,,,,,,0.416667,no_match
"Rome, Italy","rome, italy",,,,,,,0.416667,no_match
"SLP, México","slp, méxico",,,,,,,0.416667,no_match
"Saitama, Japan","saitama, japan",,,,,,,0.416667,no_match
Saudi Arabia - Al-Qassim,saudi arabia - al-qassim,,,,,,,0.416667,no_match
"Seattle, WA","seattle, wa",,,,,,,0.416667,no_match
"Seattle, Wa","seattle, wa",,,,,,,0.416667,no_match
"Sevilla, Spain","sevilla, spain",,,,,,,0.416667,no_match
"Shawnee, KS","shawnee, ks",,,,,,,0.416667,no_match
"Shelter Island & Brooklyn, NY","shelter island brooklyn, ny",,,,,,,0.416667,no_match
"Shibuya-ku, Tokyo","shibuya-ku, tokyo",,,,,,,0.416667,no_match
Snapchat: SebasMosquerasa,snapchat sebasmosquerasa,,,,,,,0.416667,no_match
"St. Louis, MO","st. louis, mo",,,,,,,0.416667,no_match
"Stgo, Chile","stgo, chile",,,,,,,0.416667,no_match
Stuttgart (Dettingen/Teck),stuttgart dettingen teck,,,,,,,0.416667,no_match
"São Paulo, SP","são paulo, sp",,,,,,,0.416667,no_match
Taipei | Vancouver,taipei vancouver,,,,,,,0.416667,no_match
"Tampa, Florida","tampa, florida",,,,,,,0.416667,no_match
"Templeton, MA","templeton, ma",,,,,,,0.416667,no_match
Tlaquepaque,tlaquepaque,,,,,,,0.416667,no_match
"Toledo, OH","toledo, oh",,,,,,,0.416667,no_match
"Toronto, Ontario, Canada","toronto, ontario, canada",,,,,,,0.416667,no_match
"Treviso, IT","treviso, it",,,,,,,0.416667,no_match
"Trondheim, Sør-Trøndelag, Norg","trondheim, sør-trøndelag, norg",,,,,,,0.416667,no_match
"Tunja, Colombia","tunja, colombia",,,,,,,0.416667,no_match
"Union, Ky.","union, ky.",,,,,,,0.416667,no_match
Victoria BC,victoria bc,,,,,,,0.416667,no_match
"Vienna/Pannonia, Austria","vienna pannonia, austria",,,,,,,0.416667,no_match
Viladecavalls,viladecavalls,,,,,,,0.416667,no_match
Vitoria-Gasteiz,vitoria-gasteiz,,,,,,,0.416667,no_match
West Switzerland,west switzerland,,,,,,,0.416667,no_match
Western Maryland,western maryland,,,,,,,0.416667,no_match
"asheville, nc","asheville, nc",,,,,,,0.416667,no_match
"brisbane, qld, australia","brisbane, qld, australia",,,,,,,0.416667,no_match
philadelphia-ish,philadelphia-ish,,,,,,,0.416667,no_match
"seattle, WA","seattle, wa",,,,,,,0.416667,no_match
"st louis,mo","st louis,mo",,,,,,,0.416667,no_match
"viyana, istanbul","viyana, istanbul",,,,,,,0.416667,no_match
✺☼ ☀ İzmir ₪ Sakarya ❆ ☃❅,i zmir sakarya,,,,,,,0.416667,no_match
"松山區, 台北市, Taiwan","松山區, 台北市, taiwan",,,,,,,0.416667,no_match
#TX - Everything's bigger.,tx - everything s bigger.,,,,,,,0.415094,no_match
Across the Salish Sea in B.C.,across the salish sea in b.c.,,,,,,,0.415094,no_match
"Ahmedabad - Sydney, Australia","ahmedabad - sydney, australia",,,,,,,0.415094,no_match
"Birmingham/Derby, England","birmingham derby, england",,,,,,,0.415094,no_match
"Canada - Riyadh, Saudi Arabia","canada - riyadh, saudi arabia",,,,,,,0.415094,no_match
"Edmonton, Alberta, Canada","edmonton, alberta, canada",,,,,,,0.415094,no_match
Harlem x Detroit x Trinidad  📸,harlem x detroit x trinidad,,,,,,,0.415094,no_match
"Huntington, West Virginia","huntington, west virginia",,,,,,,0.415094,no_match
"Newcastle Upon Tyne, England.","newcastle upon tyne, england.",,,,,,,0.415094,no_match
"Queen Anne, Seattle, Cascadia","queen anne, seattle, cascadia",,,,,,,0.415094,no_match
"Stamullen, Co. Meath, Ireland","stamullen, co. meath, ireland",,,,,,,0.415094,no_match
"Villahermosa, Tabasco, México","villahermosa, tabasco, méxico",,,,,,,0.415094,no_match
"Vitória da Conquista, BA, BRA","vitória da conquista, ba, bra",,,,,,,0.415094,no_match
"Western Sydney, NSW Australia","western sydney, nsw australia",,,,,,,0.415094,no_match
"Winnipeg, Manitoba,Canada","winnipeg, manitoba,canada",,,,,,,0.415094,no_match
bogor west java indonesia,bogor west java indonesia,,,,,,,0.415094,no_match
"de nube en nube, aveces caigo","de nube en nube, aveces caigo",,,,,,,0.415094,no_match
"#RVA Richmond, VA","rva richmond, va",,,,,,,0.413793,no_match
"A Coru-Vigo, Galiza","a coru-vigo, galiza",,,,,,,0.413793,no_match
"Alcorcón, España","alcorcón, españa",,,,,,,0.413793,no_match
Bournemouth,bournemouth,,,,,,,0.413793,no_match
"Brasília, Brasil","brasília, brasil",,,,,,,0.413793,no_match
Brazil - São Paulo,brazil - são paulo,,,,,,,0.413793,no_match
"Brazil, Sorocaba","brazil, sorocaba",,,,,,,0.413793,no_match
Cartagena de Indias - Colombia,cartagena de indias - colombia,,,,,,,0.413793,no_match
"Cascavel, Brasil","cascavel, brasil",,,,,,,0.413793,no_match
"Ciudad de México,DF","ciudad de méxico,df",,,,,,,0.413793,no_match
"Crown Point, Indiana","crown point, indiana",,,,,,,0.413793,no_match
"Dortmund, Deutschland","dortmund, deutschland",,,,,,,0.413793,no_match
"Dún Laoghaire, Dublin, Ireland","dún laoghaire, dublin, ireland",,,,,,,0.413793,no_match
"El Salvador, C. A.","el salvador, c. a.",,,,,,,0.413793,no_match
España. Spain,españa. spain,,,,,,,0.413793,no_match
Etziken - Switzerland,etziken - switzerland,,,,,,,0.413793,no_match
"Geelong, Australia","geelong, australia",,,,,,,0.413793,no_match
Germany / Schaalby,germany schaalby,,,,,,,0.413793,no_match
Global Citizen based in Austin,global citizen based in austin,,,,,,,0.413793,no_match
"Grenchen, Switzerland","grenchen, switzerland",,,,,,,0.413793,no_match
"Heredia, Costa Rica","heredia, costa rica",,,,,,,0.413793,no_match
"Hermosillo, Son.","hermosillo, son.",,,,,,,0.413793,no_match
"Holts Summit, MO","holts summit, mo",,,,,,,0.413793,no_match
"Istanbul, Turkey","istanbul, turkey",,,,,,,0.413793,no_match
"Jacksonville, FL","jacksonville, fl",,,,,,,0.413793,no_match
"Jacksonville, Fl","jacksonville, fl",,,,,,,0.413793,no_match
"Jacksonville, NC","jacksonville, nc",,,,,,,0.413793,no_match
"Jakarta Capital Region, Indone","jakarta capital region, indone",,,,,,,0.413793,no_match
Jesi - Marche - IT,jesi - marche - it,,,,,,,0.413793,no_match
"Key Biscayne, FL","key biscayne, fl",,,,,,,0.413793,no_match
"Maringá, PR","maringá, pr",,,,,,,0.413793,no_match
"Meridian, Idaho","meridian, idaho",,,,,,,0.413793,no_match
"Mount Laurel, NJ","mount laurel, nj",,,,,,,0.413793,no_match
"Murfreesboro, TN","murfreesboro, tn",,,,,,,0.413793,no_match
"New Delhi, India","new delhi, india",,,,,,,0.413793,no_match
"Newport News, VA","newport news, va",,,,,,,0.413793,no_match
"Nijmegen, Netherlands","nijmegen, netherlands",,,,,,,0.413793,no_match
Nocera Inferiore,nocera inferiore,,,,,,,0.413793,no_match
Northern VA,northern va,,,,,,,0.413793,no_match
"Novi Sad, Serbia","novi sad, serbia",,,,,,,0.413793,no_match
Orlando | Daytona Beach,orlando daytona beach,,,,,,,0.413793,no_match
Over there.,over there.,,,,,,,0.413793,no_match
Puerto Rico,puerto rico,,,,,,,0.413793,no_match
Saint Petersburg,saint petersburg,,,,,,,0.413793,no_match
Saint-Petersburg,saint-petersburg,,,,,,,0.413793,no_match
Salvador Bahia Brasil,salvador bahia brasil,,,,,,,0.413793,no_match
"Second Life, SecondLife","second life, secondlife",,,,,,,0.413793,no_match
"Selangor, Malaysia","selangor, malaysia",,,,,,,0.413793,no_match
South Beach,south beach,,,,,,,0.413793,no_match
South Korea,south korea,,,,,,,0.413793,no_match
"Springfield, MO","springfield, mo",,,,,,,0.413793,no_match
"Stephenville, TX","stephenville, tx",,,,,,,0.413793,no_match
"Stokes Dock Co-Osage Beach, MO","stokes dock co-osage beach, mo",,,,,,,0.413793,no_match
Syracuse NY,syracuse ny,,,,,,,0.413793,no_match
São Luís - Ma,são luís - ma,,,,,,,0.413793,no_match
São Paulo - Brasil,são paulo - brasil,,,,,,,0.413793,no_match
São Paulo - Brazil,são paulo - brazil,,,,,,,0.413793,no_match
"Torino, Piemonte","torino, piemonte",,,,,,,0.413793,no_match
Views are my own,views are my own,,,,,,,0.413793,no_match
"Voorburg, Netherlands","voorburg, netherlands",,,,,,,0.413793,no_match
"West Chester, PA","west chester, pa",,,,,,,0.413793,no_match
"Wiscasset, Maine","wiscasset, maine",,,,,,,0.413793,no_match
"Würselen, Deutschland","würselen, deutschland",,,,,,,0.413793,no_match
"Yerevan, Armenia","yerevan, armenia",,,,,,,0.413793,no_match
instagram: @vallmolina,instagram vallmolina,,,,,,,0.413793,no_match
#makeyourownlunch,makeyourownlunch,,,,,,,0.411765,no_match
20 mins in the Future,20 mins in the future,,,,,,,0.411765,no_match
"Arusha, Tanzania","arusha, tanzania",,,,,,,0.411765,no_match
BARCELONA Y ALREDEDORES,barcelona y alrededores,,,,,,,0.411765,no_match
Based in #Mexico & #Italy,based in mexico italy,,,,,,,0.411765,no_match
Brooklyn Heights,brooklyn heights,,,,,,,0.411765,no_match
"California (SF, LA, SD)","california sf, la, sd",,,,,,,0.411765,no_match
Central Virginia,central virginia,,,,,,,0.411765,no_match
China.Guangdong.Guangzhou,china.guangdong.guangzhou,,,,,,,0.411765,no_match
"Dallas, TX, U.S.A.","dallas, tx, u.s.a.",,,,,,,0.411765,no_match
"Dos Hermanas, Sevilla","dos hermanas, sevilla",,,,,,,0.411765,no_match
"Ekaterinburg, Russia","ekaterinburg, russia",,,,,,,0.411765,no_match
"Elche, Alicante, España","elche, alicante, españa",,,,,,,0.411765,no_match
"Helsingborg, Sverige","helsingborg, sverige",,,,,,,0.411765,no_match
"Home: Reykjavik, Iceland.","home reykjavik, iceland.",,,,,,,0.411765,no_match
"Jakarta, Parakan","jakarta, parakan",,,,,,,0.411765,no_match
"München, Germany","münchen, germany",,,,,,,0.411765,no_match
"New Brunswick, Canada","new brunswick, canada",,,,,,,0.411765,no_match
"New Grove, Mauritius","new grove, mauritius",,,,,,,0.411765,no_match
"Ottawa, ON","ottawa, on",,,,,,,0.411765,no_match
"Pachuca, Hidalgo, Mexico","pachuca, hidalgo, mexico",,,,,,,0.411765,no_match
"Provincetown, MA","provincetown, ma",,,,,,,0.411765,no_match
"Saint Louis, Missouri","saint louis, missouri",,,,,,,0.411765,no_match
"Sao Paulo, SP, Brazil","sao paulo, sp, brazil",,,,,,,0.411765,no_match
"Sometimes, New Jersey","sometimes, new jersey",,,,,,,0.411765,no_match
"Tilburg, Nederland","tilburg, nederland",,,,,,,0.411765,no_match
"Valencia, España","valencia, españa",,,,,,,0.411765,no_match
"València, España","valència, españa",,,,,,,0.411765,no_match
Vancouver Canada,vancouver canada,,,,,,,0.411765,no_match
Washington / California,washington california,,,,,,,0.411765,no_match
Western Massachusetts,western massachusetts,,,,,,,0.411765,no_match
"Winnipeg, MB, Canada","winnipeg, mb, canada",,,,,,,0.411765,no_match
"Yogyakarta, Indonesia","yogyakarta, indonesia",,,,,,,0.411765,no_match
YouTube World,youtube world,,,,,,,0.411765,no_match
"el Poble Sec, Barcelona","el poble sec, barcelona",,,,,,,0.411765,no_match
nDalem @cokelatndalem,ndalem cokelatndalem,,,,,,,0.411765,no_match
right where I am,right where i am,,,,,,,0.411765,no_match
wrong places at wrong times,wrong places at wrong times,,,,,,,0.411765,no_match
"Aqui, porno star alla","aqui, porno star alla",,,,,,,0.410256,no_match
"Australia, Asia","australia, asia",,,,,,,0.410256,no_match
Cesena (FC) Italy,cesena fc italy,,,,,,,0.410256,no_match
Córdoba - Andalucía - España,córdoba - andalucía - españa,,,,,,,0.410256,no_match
Dominican Republic,dominican republic,,,,,,,0.410256,no_match
"Harrogate, North Yorkshire","harrogate, north yorkshire",,,,,,,0.410256,no_match
Hyderabad | Mumbai | New Delhi,hyderabad mumbai new delhi,,,,,,,0.410256,no_match
Laniakea Supercluster,laniakea supercluster,,,,,,,0.410256,no_match
Longares / Zaragoza / Spain,longares zaragoza spain,,,,,,,0.410256,no_match
Makkah_SA - Sana'a_YE,makkah_sa - sana a_ye,,,,,,,0.410256,no_match
"Medan Selayang, Indonesia","medan selayang, indonesia",,,,,,,0.410256,no_match
"Mérida, Yucatán","mérida, yucatán",,,,,,,0.410256,no_match
"Osijek, Croatia","osijek, croatia",,,,,,,0.410256,no_match
"Ottawa, Ontario","ottawa, ontario",,,,,,,0.410256,no_match
"Sofia, Bulgaria","sofia, bulgaria",,,,,,,0.410256,no_match
Takeley & Norwich,takeley norwich,,,,,,,0.410256,no_match
"Tampico, México","tampico, méxico",,,,,,,0.410256,no_match
Toronto & Azeroth,toronto azeroth,,,,,,,0.410256,no_match
"Toronto, ON Canada","toronto, on canada",,,,,,,0.410256,no_match
"Tulsa, Oklahoma","tulsa, oklahoma",,,,,,,0.410256,no_match
"skåneland, sverige","skåneland, sverige",,,,,,,0.410256,no_match
the interwebs with kittens,the interwebs with kittens,,,,,,,0.410256,no_match
"Alezio, Lecce, Italy","alezio, lecce, italy",,,,,,,0.409091,no_match
Almería / Barcelona / 日本,almería barcelona 日本,,,,,,,0.409091,no_match
Amphoe Mueang Samut Prakan,amphoe mueang samut prakan,,,,,,,0.409091,no_match
"Bengaluru, India","bengaluru, india",,,,,,,0.409091,no_match
Berlin & Stockholm,berlin stockholm,,,,,,,0.409091,no_match
"Berlin, Germany.","berlin, germany.",,,,,,,0.409091,no_match
Bochum - Hoboken - Užupis,bochum - hoboken - užupis,,,,,,,0.409091,no_match
"Bridport, Dorset","bridport, dorset",,,,,,,0.409091,no_match
En el País de las Maravillas,en el país de las maravillas,,,,,,,0.409091,no_match
"Garden Grove, CA","garden grove, ca",,,,,,,0.409091,no_match
Goiânia - Brasil,goiânia - brasil,,,,,,,0.409091,no_match
"Jakarta Selatan, DKI Jakarta","jakarta selatan, dki jakarta",,,,,,,0.409091,no_match
Kalimantan Timur,kalimantan timur,,,,,,,0.409091,no_match
Kop van de Wedstrijd,kop van de wedstrijd,,,,,,,0.409091,no_match
"Kowloon, Asia/Hong_Kong","kowloon, asia hong_kong",,,,,,,0.409091,no_match
Right Behind You,right behind you,,,,,,,0.409091,no_match
S.Jersey/Philly area,s.jersey philly area,,,,,,,0.409091,no_match
Transnacional Multiestatal,transnacional multiestatal,,,,,,,0.409091,no_match
"Winnipeg, Canada","winnipeg, canada",,,,,,,0.409091,no_match
"Winnipeg, Manitoba, Canada","winnipeg, manitoba, canada",,,,,,,0.409091,no_match
BILBAO / BASQUE COUNTRY,bilbao basque country,,,,,,,0.408163,no_match
"Brasília, DF - BRAZIL","brasília, df - brazil",,,,,,,0.408163,no_match
"Ekaterinburg
, Russia","ekaterinburg , russia",,,,,,,0.408163,no_match
"Fort Greene, Brooklyn","fort greene, brooklyn",,,,,,,0.408163,no_match
"Hood River, OR & The Dalles,OR","hood river, or the dalles,or",,,,,,,0.408163,no_match
"Indianapolis, Indiana","indianapolis, indiana",,,,,,,0.408163,no_match
"Singapore, Orchard Rd","singapore, orchard rd",,,,,,,0.408163,no_match
"Somewhere north of SF, CA","somewhere north of sf, ca",,,,,,,0.408163,no_match
St. John's NL and Toronto ON,st. john s nl and toronto on,,,,,,,0.408163,no_match
A Rooftop View in Brooklyn,a rooftop view in brooklyn,,,,,,,0.407407,no_match
"Alicante, Comunidad Valenciana","alicante, comunidad valenciana",,,,,,,0.407407,no_match
"Avilés, Principado de Asturias","avilés, principado de asturias",,,,,,,0.407407,no_match
Belo Horizonte - MG / Brasil,belo horizonte - mg brasil,,,,,,,0.407407,no_match
"Capital Federal, Argentina","capital federal, argentina",,,,,,,0.407407,no_match
"Downtown Bentonville, Arkansas","downtown bentonville, arkansas",,,,,,,0.407407,no_match
"Kota Kinabalu, Sabah, Malaysia","kota kinabalu, sabah, malaysia",,,,,,,0.407407,no_match
"Mal C. Rondon - PR, Brazil","mal c. rondon - pr, brazil",,,,,,,0.407407,no_match
"Recanati (MC), Marche ITALY","recanati mc , marche italy",,,,,,,0.407407,no_match
"Rio de Janeiro, RJ, Brasil","rio de janeiro, rj, brasil",,,,,,,0.407407,no_match
"Rio de Janeiro, RJ, Brazil","rio de janeiro, rj, brazil",,,,,,,0.407407,no_match
Special District of Yogyakarta,special district of yogyakarta,,,,,,,0.407407,no_match
"Stratford, Ontario-Bieber home","stratford, ontario-bieber home",,,,,,,0.407407,no_match
"Varanasi, Uttar Pradesh, India","varanasi, uttar pradesh, india",,,,,,,0.407407,no_match
"Victoria, British Columbia","victoria, british columbia",,,,,,,0.407407,no_match
Washington DV / Northern Virginia,washington dv northern virginia,,,,,,,0.40678,no_match
#EastVan,eastvan,,,,,,,0.4,no_match
#NoEscuchoYSigo,noescuchoysigo,,,,,,,0.4,no_match
#bielefeld,bielefeld,,,,,,,0.4,no_match
"Adelaide, Australia","adelaide, australia",,,,,,,0.4,no_match
"Airports, Planes, and Taxis","airports, planes, and taxis",,,,,,,0.4,no_match
"Akron,Ohio","akron,ohio",,,,,,,0.4,no_match
Alabama,alabama,,,,,,,0.4,no_match
Alger,alger,,,,,,,0.4,no_match
Alicante-Villena,alicante-villena,,,,,,,0.4,no_match
Antwerp,antwerp,,,,,,,0.4,no_match
Anywhere. Better ask where!,anywhere. better ask where,,,,,,,0.4,no_match
"Araucania, Chile.","araucania, chile.",,,,,,,0.4,no_match
Aruba,aruba,,,,,,,0.4,no_match
Asturias - España,asturias - españa,,,,,,,0.4,no_match
"Auburn, CA","auburn, ca",,,,,,,0.4,no_match
Augusta GA,augusta ga,,,,,,,0.4,no_match
"Aurora, IL","aurora, il",,,,,,,0.4,no_match
"Austin,Texas","austin,texas",,,,,,,0.4,no_match
BCN-MAD-LEN,bcn-mad-len,,,,,,,0.4,no_match
"Baku, Azerbaijan","baku, azerbaijan",,,,,,,0.4,no_match
Barcelona,barcelona,,,,,,,0.4,no_match
"Barcelona, España","barcelona, españa",,,,,,,0.4,no_match
"Bauru, SP, Brasil","bauru, sp, brasil",,,,,,,0.4,no_match
"Bay Area, CA","bay area, ca",,,,,,,0.4,no_match
Bayankhongor aimag Mongolia,bayankhongor aimag mongolia,,,,,,,0.4,no_match
Belo Horizonte MG,belo horizonte mg,,,,,,,0.4,no_match
"Belo Horizonte, MG - Brazil","belo horizonte, mg - brazil",,,,,,,0.4,no_match
"Berlin, Moscow","berlin, moscow",,,,,,,0.4,no_match
"Bern, Switzerland","bern, switzerland",,,,,,,0.4,no_match
"Bethesda, MD","bethesda, md",,,,,,,0.4,no_match
Bhubaneswar,bhubaneswar,,,,,,,0.4,no_match
"Biel, Switzerland","biel, switzerland",,,,,,,0.4,no_match
Bielefeld,bielefeld,,,,,,,0.4,no_match
"Blue Ridge, Texas","blue ridge, texas",,,,,,,0.4,no_match
"Bologna, Italy","bologna, italy",,,,,,,0.4,no_match
"Bondi Beach, Australia","bondi beach, australia",,,,,,,0.4,no_match
"Boston, MA","boston, ma",,,,,,,0.4,no_match
Botswana,botswana,,,,,,,0.4,no_match
"Brasília, DF","brasília, df",,,,,,,0.4,no_match
Brescia,brescia,,,,,,,0.4,no_match
"Brisbane, Queensland, Aust.","brisbane, queensland, aust.",,,,,,,0.4,no_match
"Budapest, Hungary","budapest, hungary",,,,,,,0.4,no_match
"Cafarnaúm, Israel","cafarnaúm, israel",,,,,,,0.4,no_match
Cairo _ Aswan _ DOH,cairo _ aswan _ doh,,,,,,,0.4,no_match
"Cairo, Egypt","cairo, egypt",,,,,,,0.4,no_match
"Calgary, AB","calgary, ab",,,,,,,0.4,no_match
Campinas-SP,campinas-sp,,,,,,,0.4,no_match
Cape Town,cape town,,,,,,,0.4,no_match
"Carlsbad, CA","carlsbad, ca",,,,,,,0.4,no_match
"Carolina, PR","carolina, pr",,,,,,,0.4,no_match
Catania - Sicily,catania - sicily,,,,,,,0.4,no_match
"Cayce, SC","cayce, sc",,,,,,,0.4,no_match
"Chandler, AZ","chandler, az",,,,,,,0.4,no_match
"Chemnitz, Sachsen","chemnitz, sachsen",,,,,,,0.4,no_match
Chicago / Baltimore,chicago baltimore,,,,,,,0.4,no_match
"Chopwell, England","chopwell, england",,,,,,,0.4,no_match
"Cincinnati, Ohio","cincinnati, ohio",,,,,,,0.4,no_match
"Ciudad Guzmán, Jalisco. Mx.","ciudad guzmán, jalisco. mx.",,,,,,,0.4,no_match
"Ciudad de México, MX","ciudad de méxico, mx",,,,,,,0.4,no_match
"Cleveland, OH & Madison, WI","cleveland, oh madison, wi",,,,,,,0.4,no_match
"Cleveland, Ohio","cleveland, ohio",,,,,,,0.4,no_match
"Coimbatore, India","coimbatore, india",,,,,,,0.4,no_match
"Cologne, Germany","cologne, germany",,,,,,,0.4,no_match
Copywriter - Comunicazione,copywriter - comunicazione,,,,,,,0.4,no_match
"Coral Springs, FL","coral springs, fl",,,,,,,0.4,no_match
"Coron, Mimaropa","coron, mimaropa",,,,,,,0.4,no_match
"Corvallis, Oregon","corvallis, oregon",,,,,,,0.4,no_match
"Coventry, England","coventry, england",,,,,,,0.4,no_match
Croatia,croatia,,,,,,,0.4,no_match
"Croatia, Zagreb","croatia, zagreb",,,,,,,0.4,no_match
Cyberia,cyberia,,,,,,,0.4,no_match
Córdoba / Argentina,córdoba argentina,,,,,,,0.4,no_match
DC/NoVA,dc nova,,,,,,,0.4,no_match
Dalfsen,dalfsen,,,,,,,0.4,no_match
Dallas TX,dallas tx,,,,,,,0.4,no_match
"Dallas,TX","dallas,tx",,,,,,,0.4,no_match
"Danao City, Central Visayas","danao city, central visayas",,,,,,,0.4,no_match
"DeWitt, MI","dewitt, mi",,,,,,,0.4,no_match
"Delhi, India","delhi, india",,,,,,,0.4,no_match
Den Bosch,den bosch,,,,,,,0.4,no_match
"Detroit, Michigan","detroit, michigan",,,,,,,0.4,no_match
"Dillon, MT","dillon, mt",,,,,,,0.4,no_match
Dnepropetrovsk,dnepropetrovsk,,,,,,,0.4,no_match
Doha,doha,,,,,,,0.4,no_match
"Doha, Qatar","doha, qatar",,,,,,,0.4,no_match
"Dover, NH","dover, nh",,,,,,,0.4,no_match
Dubai,dubai,,,,,,,0.4,no_match
Dublin. A studio.,dublin. a studio.,,,,,,,0.4,no_match
Earth,earth,,,,,,,0.4,no_match
"Earth, England,Norwich","earth, england,norwich",,,,,,,0.4,no_match
"East Lansing, Michigan","east lansing, michigan",,,,,,,0.4,no_match
East TN,east tn,,,,,,,0.4,no_match
"Ehime, Japan","ehime, japan",,,,,,,0.4,no_match
"Eibar, Gipuzkoa, Spain","eibar, gipuzkoa, spain",,,,,,,0.4,no_match
"Emilia Romagna, Faenza","emilia romagna, faenza",,,,,,,0.4,no_match
"Emmen, The Netherlands","emmen, the netherlands",,,,,,,0.4,no_match
En el sur del norte,en el sur del norte,,,,,,,0.4,no_match
Entre Granada y Madrid,entre granada y madrid,,,,,,,0.4,no_match
Essex/Plymouth,essex plymouth,,,,,,,0.4,no_match
Estonia,estonia,,,,,,,0.4,no_match
"Eugene, Oregon","eugene, oregon",,,,,,,0.4,no_match
"Evanston, IL / Vail, CO","evanston, il vail, co",,,,,,,0.4,no_match
"Evansville, IN","evansville, in",,,,,,,0.4,no_match
Fayetteville,fayetteville,,,,,,,0.4,no_match
"Fleet, England","fleet, england",,,,,,,0.4,no_match
"Flower Mound, Texas","flower mound, texas",,,,,,,0.4,no_match
"Folsom, CA","folsom, ca",,,,,,,0.4,no_match
Fortaleza - CE. Brasil,fortaleza - ce. brasil,,,,,,,0.4,no_match
"Fortaleza, Brazil","fortaleza, brazil",,,,,,,0.4,no_match
"France, EU, Earth","france, eu, earth",,,,,,,0.4,no_match
"Fukushima, Japan","fukushima, japan",,,,,,,0.4,no_match
GDL Mexico,gdl mexico,,,,,,,0.4,no_match
"Gangtok, Sikkim, India","gangtok, sikkim, india",,,,,,,0.4,no_match
"Genève, Suisse","genève, suisse",,,,,,,0.4,no_match
"Gijón, Asturias (España)","gijón, asturias españa",,,,,,,0.4,no_match
Girona,girona,,,,,,,0.4,no_match
Gods Country,gods country,,,,,,,0.4,no_match
Gold Coast QLD,gold coast qld,,,,,,,0.4,no_match
"Gold Coast, Queensland","gold coast, queensland",,,,,,,0.4,no_match
Granada,granada,,,,,,,0.4,no_match
Guayaquil-Ecuador,guayaquil-ecuador,,,,,,,0.4,no_match
"Guelph, Ontario","guelph, ontario",,,,,,,0.4,no_match
Guinée,guinée,,,,,,,0.4,no_match
HELL,hell,,,,,,,0.4,no_match
Hacienda Heights California,hacienda heights california,,,,,,,0.4,no_match
Hackney,hackney,,,,,,,0.4,no_match
"Hartford, CT","hartford, ct",,,,,,,0.4,no_match
"Hill Valley, CA","hill valley, ca",,,,,,,0.4,no_match
"Houten, Nederland","houten, nederland",,,,,,,0.4,no_match
"Hudson, WI","hudson, wi",,,,,,,0.4,no_match
ID,id,,,,,,,0.4,no_match
IL,il,,,,,,,0.4,no_match
"Ibitinga, SP","ibitinga, sp",,,,,,,0.4,no_match
"Indianapolis, IN","indianapolis, in",,,,,,,0.4,no_match
Interwebs,interwebs,,,,,,,0.4,no_match
"Irvine, CA","irvine, ca",,,,,,,0.4,no_match
"Israel, Herzliya","israel, herzliya",,,,,,,0.4,no_match
"Jacksonville Beach, Florida","jacksonville beach, florida",,,,,,,0.4,no_match
Jakarta Capital Region,jakarta capital region,,,,,,,0.4,no_match
"Joinville, Brasil","joinville, brasil",,,,,,,0.4,no_match
Kansas - Missouri,kansas - missouri,,,,,,,0.4,no_match
"Kendallville, IN","kendallville, in",,,,,,,0.4,no_match
Keswick Ontario Canada,keswick ontario canada,,,,,,,0.4,no_match
"Kodiak, Alaska","kodiak, alaska",,,,,,,0.4,no_match
Kuwait,kuwait,,,,,,,0.4,no_match
Köln,köln,,,,,,,0.4,no_match
Köln  🌒 Jakarta,köln jakarta,,,,,,,0.4,no_match
"Laguna Niguel, CA","laguna niguel, ca",,,,,,,0.4,no_match
"Lake Worth, FL","lake worth, fl",,,,,,,0.4,no_match
Larnaca,larnaca,,,,,,,0.4,no_match
Las Vegas,las vegas,,,,,,,0.4,no_match
"Las Vegas, Nevada","las vegas, nevada",,,,,,,0.4,no_match
"Lawrence, KS","lawrence, ks",,,,,,,0.4,no_match
"Lecce, Italy","lecce, italy",,,,,,,0.4,no_match
Lecture Hall / Cadaver Lab,lecture hall cadaver lab,,,,,,,0.4,no_match
"Leeuwarden, The Netherlands","leeuwarden, the netherlands",,,,,,,0.4,no_match
Leganés,leganés,,,,,,,0.4,no_match
"Leirvík, Faroe Islands","leirvík, faroe islands",,,,,,,0.4,no_match
"Lisbon, WI","lisbon, wi",,,,,,,0.4,no_match
"Logan, UT","logan, ut",,,,,,,0.4,no_match
"Loganville, GA","loganville, ga",,,,,,,0.4,no_match
"Lompoc, CA","lompoc, ca",,,,,,,0.4,no_match
Lorca (Región de Murcia),lorca región de murcia,,,,,,,0.4,no_match
Loro Ciuffenna - Italy,loro ciuffenna - italy,,,,,,,0.4,no_match
"Louisville, CO","louisville, co",,,,,,,0.4,no_match
"Louisville, KY","louisville, ky",,,,,,,0.4,no_match
"Lower East Side, Manhattan","lower east side, manhattan",,,,,,,0.4,no_match
Luján (BA),luján ba,,,,,,,0.4,no_match
Luna,luna,,,,,,,0.4,no_match
MUMBAI,mumbai,,,,,,,0.4,no_match
Macedonia,macedonia,,,,,,,0.4,no_match
"Madrid , España","madrid , españa",,,,,,,0.4,no_match
"Madrid, España.","madrid, españa.",,,,,,,0.4,no_match
"Manchester & Liverpool, En","manchester liverpool, en",,,,,,,0.4,no_match
"Manchester, New Jersey","manchester, new jersey",,,,,,,0.4,no_match
"Manila, Philippines","manila, philippines",,,,,,,0.4,no_match
"Mar del Plata, Argentina","mar del plata, argentina",,,,,,,0.4,no_match
Maroc,maroc,,,,,,,0.4,no_match
"McKinney, TX","mckinney, tx",,,,,,,0.4,no_match
"Medina, WA","medina, wa",,,,,,,0.4,no_match
Melbourne,melbourne,,,,,,,0.4,no_match
Melbourne via Manchester,melbourne via manchester,,,,,,,0.4,no_match
Melilla,melilla,,,,,,,0.4,no_match
Met een doodgeslagen biertje bij de nooduitgang,met een doodgeslagen biertje bij de nooduitgang,,,,,,,0.4,no_match
"Mexicali, Baja California","mexicali, baja california",,,,,,,0.4,no_match
"Milan, Lombardy, Italy","milan, lombardy, italy",,,,,,,0.4,no_match
Minneapolis,minneapolis,,,,,,,0.4,no_match
"Minnetonka, MN","minnetonka, mn",,,,,,,0.4,no_match
Minsk,minsk,,,,,,,0.4,no_match
"Mississauga, Ontario","mississauga, ontario",,,,,,,0.4,no_match
"Mobile, AL","mobile, al",,,,,,,0.4,no_match
"Modesto, CA","modesto, ca",,,,,,,0.4,no_match
"Modesto, Ca","modesto, ca",,,,,,,0.4,no_match
Mons,mons,,,,,,,0.4,no_match
Monterrey N.L.,monterrey n.l.,,,,,,,0.4,no_match
"Montgomery, AL","montgomery, al",,,,,,,0.4,no_match
"Montreal, QC, Canada","montreal, qc, canada",,,,,,,0.4,no_match
"Montreal, West Island, Canada","montreal, west island, canada",,,,,,,0.4,no_match
"Moreno Valley, CA","moreno valley, ca",,,,,,,0.4,no_match
Mumbai,mumbai,,,,,,,0.4,no_match
"Mumbai, Maharashtra, INDIA","mumbai, maharashtra, india",,,,,,,0.4,no_match
"Mumbai,India","mumbai,india",,,,,,,0.4,no_match
Munich,munich,,,,,,,0.4,no_match
Málaga,málaga,,,,,,,0.4,no_match
"Münster, Germany","münster, germany",,,,,,,0.4,no_match
NOLA,nola,,,,,,,0.4,no_match
"NYC,USA","nyc,usa",,,,,,,0.4,no_match
"Nagoya, Japan","nagoya, japan",,,,,,,0.4,no_match
Napoli,napoli,,,,,,,0.4,no_match
Nepal,nepal,,,,,,,0.4,no_match
"Neuchâtel, Suisse","neuchâtel, suisse",,,,,,,0.4,no_match
"New Brunswick, NJ","new brunswick, nj",,,,,,,0.4,no_match
"New Delhi, India.","new delhi, india.",,,,,,,0.4,no_match
"New Westminster, BC, Canada","new westminster, bc, canada",,,,,,,0.4,no_match
Newcastle,newcastle,,,,,,,0.4,no_match
Nibelheim,nibelheim,,,,,,,0.4,no_match
"Nishio-shi, Aichi","nishio-shi, aichi",,,,,,,0.4,no_match
Niterói,niterói,,,,,,,0.4,no_match
NoVA,nova,,,,,,,0.4,no_match
Noia,noia,,,,,,,0.4,no_match
"Noord-Oost Brabant, Holland","noord-oost brabant, holland",,,,,,,0.4,no_match
North Dorset,north dorset,,,,,,,0.4,no_match
Northern Virginia,northern virginia,,,,,,,0.4,no_match
OKC,okc,,,,,,,0.4,no_match
"Oahu, Hawaii","oahu, hawaii",,,,,,,0.4,no_match
"Occidente, El Salvador","occidente, el salvador",,,,,,,0.4,no_match
"Oderzo, Veneto","oderzo, veneto",,,,,,,0.4,no_match
Oman,oman,,,,,,,0.4,no_match
"Orange County, CA","orange county, ca",,,,,,,0.4,no_match
Oslo,oslo,,,,,,,0.4,no_match
PDX | LAX,pdx lax,,,,,,,0.4,no_match
"Paraná, Argentina","paraná, argentina",,,,,,,0.4,no_match
"Parede, Lisbon","parede, lisbon",,,,,,,0.4,no_match
"Pasadena, CA","pasadena, ca",,,,,,,0.4,no_match
"Peoria, AZ","peoria, az",,,,,,,0.4,no_match
Pietragalla (PZ),pietragalla pz,,,,,,,0.4,no_match
Pittsburgh,pittsburgh,,,,,,,0.4,no_match
"Pittsburgh, Pa.","pittsburgh, pa.",,,,,,,0.4,no_match
"Plano, TX","plano, tx",,,,,,,0.4,no_match
"Plano, Texas","plano, texas",,,,,,,0.4,no_match
"Playa Vista, CA","playa vista, ca",,,,,,,0.4,no_match
"Playa del Carmen, MEXICO","playa del carmen, mexico",,,,,,,0.4,no_match
"Pleasanton, CA","pleasanton, ca",,,,,,,0.4,no_match
"Pontevedra, Galicia. Spain.","pontevedra, galicia. spain.",,,,,,,0.4,no_match
Poppi,poppi,,,,,,,0.4,no_match
Porto,porto,,,,,,,0.4,no_match
Porto Alegre/Brasil,porto alegre brasil,,,,,,,0.4,no_match
Poughkeepsie NY / Cape May NJ,poughkeepsie ny cape may nj,,,,,,,0.4,no_match
"Pozarevac, Serbia","pozarevac, serbia",,,,,,,0.4,no_match
Praha,praha,,,,,,,0.4,no_match
Qatar,qatar,,,,,,,0.4,no_match
"Recife, PE","recife, pe",,,,,,,0.4,no_match
"Redding, CA","redding, ca",,,,,,,0.4,no_match
"Richmond, KY","richmond, ky",,,,,,,0.4,no_match
Rimini,rimini,,,,,,,0.4,no_match
Rio de Janeiro,rio de janeiro,,,,,,,0.4,no_match
"Rio de Janeiro - RJ, Brazil","rio de janeiro - rj, brazil",,,,,,,0.4,no_match
"Riyadh,KSA","riyadh,ksa",,,,,,,0.4,no_match
"Roma, Lazio, Italia","roma, lazio, italia",,,,,,,0.4,no_match
"Rotterdam, Netherlands","rotterdam, netherlands",,,,,,,0.4,no_match
"SCL, Chile","scl, chile",,,,,,,0.4,no_match
"Salvador, BA","salvador, ba",,,,,,,0.4,no_match
"San Juan del Puerto, Huelva","san juan del puerto, huelva",,,,,,,0.4,no_match
Santiago de Compostela,santiago de compostela,,,,,,,0.4,no_match
"Santiago de cali , Colombia","santiago de cali , colombia",,,,,,,0.4,no_match
"Santiago,Chile","santiago,chile",,,,,,,0.4,no_match
"Saratoga, CA","saratoga, ca",,,,,,,0.4,no_match
"Seattle, WA - International","seattle, wa - international",,,,,,,0.4,no_match
Self Storage,self storage,,,,,,,0.4,no_match
"Serdang, Selangor, Malaysia","serdang, selangor, malaysia",,,,,,,0.4,no_match
Sevilla,sevilla,,,,,,,0.4,no_match
"Seville, Spain","seville, spain",,,,,,,0.4,no_match
Sherborne Dorset England,sherborne dorset england,,,,,,,0.4,no_match
"Silicon Beach, CA","silicon beach, ca",,,,,,,0.4,no_match
"Simi Valley, CA","simi valley, ca",,,,,,,0.4,no_match
Sivas,sivas,,,,,,,0.4,no_match
"Snellville, GA","snellville, ga",,,,,,,0.4,no_match
"Sparta, NJ","sparta, nj",,,,,,,0.4,no_match
"St. Louis, MO.","st. louis, mo.",,,,,,,0.4,no_match
St. Petersburg,st. petersburg,,,,,,,0.4,no_match
"Stamford, CT","stamford, ct",,,,,,,0.4,no_match
"Stockholm, Sweden","stockholm, sweden",,,,,,,0.4,no_match
"Stockton, CA","stockton, ca",,,,,,,0.4,no_match
"Sudbury, Ontario","sudbury, ontario",,,,,,,0.4,no_match
Sverige,sverige,,,,,,,0.4,no_match
"Sydney, Australia","sydney, australia",,,,,,,0.4,no_match
"Syracuse, NY","syracuse, ny",,,,,,,0.4,no_match
São Paulo - SP,são paulo - sp,,,,,,,0.4,no_match
São Paulo/SP/Brasil,são paulo sp brasil,,,,,,,0.4,no_match
Tejas,tejas,,,,,,,0.4,no_match
Tenorio (Cotobade) Pontevedra,tenorio cotobade pontevedra,,,,,,,0.4,no_match
Texas,texas,,,,,,,0.4,no_match
The Bay to└A,the bay to a,,,,,,,0.4,no_match
The Ham,the ham,,,,,,,0.4,no_match
Thessaloniki / Greece,thessaloniki greece,,,,,,,0.4,no_match
Tirol & Berlin,tirol berlin,,,,,,,0.4,no_match
Toronto West End Etobicoke,toronto west end etobicoke,,,,,,,0.4,no_match
"Toronto, GTA","toronto, gta",,,,,,,0.4,no_match
"Toronto, ON, Canada","toronto, on, canada",,,,,,,0.4,no_match
"Toronto, ON. Canada","toronto, on. canada",,,,,,,0.4,no_match
"Toronto, On, Canada","toronto, on, canada",,,,,,,0.4,no_match
"Toronto, Ontario","toronto, ontario",,,,,,,0.4,no_match
Traveling Europe,traveling europe,,,,,,,0.4,no_match
Trigolo,trigolo,,,,,,,0.4,no_match
"Trilladelphia, IN","trilladelphia, in",,,,,,,0.4,no_match
"Trujillo, Cáceres, Spain","trujillo, cáceres, spain",,,,,,,0.4,no_match
"Turin, Italy","turin, italy",,,,,,,0.4,no_match
"Tysons Corner, VA","tysons corner, va",,,,,,,0.4,no_match
"Uberlândia, MG, Brasil","uberlândia, mg, brasil",,,,,,,0.4,no_match
Ukraine,ukraine,,,,,,,0.4,no_match
"Ukraine, Mykolaiv","ukraine, mykolaiv",,,,,,,0.4,no_match
Uppsala,uppsala,,,,,,,0.4,no_match
"Valongo, Porto","valongo, porto",,,,,,,0.4,no_match
Valparaíso Chile,valparaíso chile,,,,,,,0.4,no_match
"Van, tx","van, tx",,,,,,,0.4,no_match
Vancity,vancity,,,,,,,0.4,no_match
Vancouver - Seattle - Calgary,vancouver - seattle - calgary,,,,,,,0.4,no_match
"Vancouver, BC","vancouver, bc",,,,,,,0.4,no_match
"Vancouver, Canada","vancouver, canada",,,,,,,0.4,no_match
"Vancouver, Canada & The World","vancouver, canada the world",,,,,,,0.4,no_match
"Veenendaal, The Netherlands","veenendaal, the netherlands",,,,,,,0.4,no_match
Venezuela,venezuela,,,,,,,0.4,no_match
"Ventura, CA","ventura, ca",,,,,,,0.4,no_match
Vernazza Cinque Terre Italy,vernazza cinque terre italy,,,,,,,0.4,no_match
"Victoria, BC","victoria, bc",,,,,,,0.4,no_match
Vienna,vienna,,,,,,,0.4,no_match
"Villahermosa, Tabasco.","villahermosa, tabasco.",,,,,,,0.4,no_match
WASH-DC | HAR-CT | SANDIEGO-CA,wash-dc har-ct sandiego-ca,,,,,,,0.4,no_match
"Washington, D.C.","washington, d.c.",,,,,,,0.4,no_match
"Waterloo, Ontario , Canada","waterloo, ontario , canada",,,,,,,0.4,no_match
"Waukegan, IL","waukegan, il",,,,,,,0.4,no_match
"Waukesha, WI","waukesha, wi",,,,,,,0.4,no_match
"Westford, MA","westford, ma",,,,,,,0.4,no_match
"Westwood, MA","westwood, ma",,,,,,,0.4,no_match
Where the #Data is,where the data is,,,,,,,0.4,no_match
"Whistler, BC","whistler, bc",,,,,,,0.4,no_match
"Wichita, KS","wichita, ks",,,,,,,0.4,no_match
Wielki Babilon,wielki babilon,,,,,,,0.4,no_match
"Wigan, England","wigan, england",,,,,,,0.4,no_match
"Wilmington, NC","wilmington, nc",,,,,,,0.4,no_match
"Winter Park, FL","winter park, fl",,,,,,,0.4,no_match
"Yokohama, Japan","yokohama, japan",,,,,,,0.4,no_match
"Youngstown, Ohio","youngstown, ohio",,,,,,,0.4,no_match
"Zagreb, Croatia","zagreb, croatia",,,,,,,0.4,no_match
"Zanesville, OH","zanesville, oh",,,,,,,0.4,no_match
"Zona Leste, São Paulo, Brasil","zona leste, são paulo, brasil",,,,,,,0.4,no_match
"Zürich, Schweiz","zürich, schweiz",,,,,,,0.4,no_match
[Omaha + Nebraska],omaha nebraska,,,,,,,0.4,no_match
"chandler, arizona","chandler, arizona",,,,,,,0.4,no_match
deidesheim/berlin,deidesheim berlin,,,,,,,0.4,no_match
dubai,dubai,,,,,,,0.4,no_match
earth,earth,,,,,,,0.4,no_match
floripa,floripa,,,,,,,0.4,no_match
"from out of nowhere, Chile","from out of nowhere, chile",,,,,,,0.4,no_match
hollywood,hollywood,,,,,,,0.4,no_match
internets,internets,,,,,,,0.4,no_match
kuwait,kuwait,,,,,,,0.4,no_match
localhost,localhost,,,,,,,0.4,no_match
"manila, philippines","manila, philippines",,,,,,,0.4,no_match
mouse street,mouse street,,,,,,,0.4,no_match
near Toronto,near toronto,,,,,,,0.4,no_match
online*remote*virtual,online remote virtual,,,,,,,0.4,no_match
the LBC,the lbc,,,,,,,0.4,no_match
vienna,vienna,,,,,,,0.4,no_match
Århus,århus,,,,,,,0.4,no_match
"İstanbul, Turkey","i stanbul, turkey",,,,,,,0.4,no_match
✈️Montreal/Lyon/Casablanca,montreal lyon casablanca,,,,,,,0.4,no_match
"Diamond Bar, CA, USA, Earth, Sol, Milky Way","diamond bar, ca, usa, earth, sol, milky way",,,,,,,0.394366,no_match
Germany (way too long already),germany way too long already,,,,,,,0.392857,no_match
cibinong - ciganjur - sumedang,cibinong - ciganjur - sumedang,,,,,,,0.392857,no_match
"Barquisimeto, Venezuela","barquisimeto, venezuela",,,,,,,0.392157,no_match
"Columbia, MO / Washington, DC","columbia, mo washington, dc",,,,,,,0.392157,no_match
"Educator, Maker, Artist","educator, maker, artist",,,,,,,0.392157,no_match
Follow me on InstaGram @EYEZ,follow me on instagram eyez,,,,,,,0.392157,no_match
"Hampton Roads, Virginia","hampton roads, virginia",,,,,,,0.392157,no_match
"Incline Village, Lake Tahoe","incline village, lake tahoe",,,,,,,0.392157,no_match
"Madrid, Comunidad de Madrid","madrid, comunidad de madrid",,,,,,,0.392157,no_match
"Metro Vancouver, Canada","metro vancouver, canada",,,,,,,0.392157,no_match
"Shenzhen city,Guang Dong,China","shenzhen city,guang dong,china",,,,,,,0.392157,no_match
Texas. Tennessee. Oklahoma.,texas. tennessee. oklahoma.,,,,,,,0.392157,no_match
"Bonita Springs, FL","bonita springs, fl",,,,,,,0.391304,no_match
Bosnia & Hercegovina,bosnia hercegovina,,,,,,,0.391304,no_match
"Boston, MA via Waltham","boston, ma via waltham",,,,,,,0.391304,no_match
"Estill Springs, TN","estill springs, tn",,,,,,,0.391304,no_match
Gelida - Barcelona,gelida - barcelona,,,,,,,0.391304,no_match
"Guadalajara, Jalisco, México","guadalajara, jalisco, méxico",,,,,,,0.391304,no_match
Malaysia & Singapore,malaysia singapore,,,,,,,0.391304,no_match
"Mankato, Minnesota","mankato, minnesota",,,,,,,0.391304,no_match
Mataram - Jogja - Taipei,mataram - jogja - taipei,,,,,,,0.391304,no_match
"Mendoza, Argentina","mendoza, argentina",,,,,,,0.391304,no_match
"Piove di Sacco, Veneto","piove di sacco, veneto",,,,,,,0.391304,no_match
"South 36th St Fort Smith, AR","south 36th st fort smith, ar",,,,,,,0.391304,no_match
Toronto/wish NY sometimes,toronto wish ny sometimes,,,,,,,0.391304,no_match
"Tucumán, Argentina","tucumán, argentina",,,,,,,0.391304,no_match
"Valencia, Madrid, Barcelona ES","valencia, madrid, barcelona es",,,,,,,0.391304,no_match
"Virginia Beach, VA","virginia beach, va",,,,,,,0.391304,no_match
"Wallington, Surrey","wallington, surrey",,,,,,,0.391304,no_match
"Winnipeg, Manitoba","winnipeg, manitoba",,,,,,,0.391304,no_match
"Wisbech St Mary, Cambs","wisbech st mary, cambs",,,,,,,0.391304,no_match
im schönen Münchner Süden,im schönen münchner süden,,,,,,,0.391304,no_match
revistabetoday.com,revistabetoday.com,,,,,,,0.391304,no_match
"İstanbul, Türkiye","i stanbul, türkiye",,,,,,,0.391304,no_match
"#Aachen, Germany, Europe","aachen, germany, europe",,,,,,,0.390244,no_match
#yvr when unsuccessfully lost,yvr when unsuccessfully lost,,,,,,,0.390244,no_match
@Salvador - Bahia - Brazil,salvador - bahia - brazil,,,,,,,0.390244,no_match
"Alba Adriatica, Abruzzo","alba adriatica, abruzzo",,,,,,,0.390244,no_match
"Apeldoorn, Nederland","apeldoorn, nederland",,,,,,,0.390244,no_match
Avaré - SP - Brasil - Terra,avaré - sp - brasil - terra,,,,,,,0.390244,no_match
"BSD City, Tangerang - Banten","bsd city, tangerang - banten",,,,,,,0.390244,no_match
"Baltimore, MD","baltimore, md",,,,,,,0.390244,no_match
"Colorado Springs, CO","colorado springs, co",,,,,,,0.390244,no_match
Córdoba Veracruz México,córdoba veracruz méxico,,,,,,,0.390244,no_match
DISTRITO FUNERAL MEXICO,distrito funeral mexico,,,,,,,0.390244,no_match
"Ferntree Gully, Melbourne","ferntree gully, melbourne",,,,,,,0.390244,no_match
Firenze - Arezzo - Lugano,firenze - arezzo - lugano,,,,,,,0.390244,no_match
"Hillerød, Denmark","hillerød, denmark",,,,,,,0.390244,no_match
Inner Peace / Outer Space,inner peace outer space,,,,,,,0.390244,no_match
"Jaén, Andalucía, España","jaén, andalucía, españa",,,,,,,0.390244,no_match
"Key West, Florida","key west, florida",,,,,,,0.390244,no_match
"Las Vegas, NV ex: Atlanta, GA","las vegas, nv ex atlanta, ga",,,,,,,0.390244,no_match
"Louisville, Kentucky","louisville, kentucky",,,,,,,0.390244,no_match
"Newfoundland, Canada","newfoundland, canada",,,,,,,0.390244,no_match
"North Hills, California","north hills, california",,,,,,,0.390244,no_match
Palma de Mallorca,palma de mallorca,,,,,,,0.390244,no_match
"Palma de Mallorca, España","palma de mallorca, españa",,,,,,,0.390244,no_match
Planet Prague,planet prague,,,,,,,0.390244,no_match
Playa del Carmen - Mexico,playa del carmen - mexico,,,,,,,0.390244,no_match
"Porto Alegre , RS, Brazil","porto alegre , rs, brazil",,,,,,,0.390244,no_match
"Prishtina, Kosovo","prishtina, kosovo",,,,,,,0.390244,no_match
"Queenstown, New Zealand","queenstown, new zealand",,,,,,,0.390244,no_match
"Querétaro, Mexico","querétaro, mexico",,,,,,,0.390244,no_match
"Salzburg, Austria","salzburg, austria",,,,,,,0.390244,no_match
"Shepton Mallet, England","shepton mallet, england",,,,,,,0.390244,no_match
Soomaa NP & Pärnu / Estonia,soomaa np pärnu estonia,,,,,,,0.390244,no_match
"State College, PA","state college, pa",,,,,,,0.390244,no_match
"Tampa Bay Area, Florida","tampa bay area, florida",,,,,,,0.390244,no_match
"Tamworth, England","tamworth, england",,,,,,,0.390244,no_match
"Urbandale, IA","urbandale, ia",,,,,,,0.390244,no_match
Valencia | VLC | BCN | LDN,valencia vlc bcn ldn,,,,,,,0.390244,no_match
"Västerås, Sverige","västerås, sverige",,,,,,,0.390244,no_match
"Waterloo, Ontario","waterloo, ontario",,,,,,,0.390244,no_match
jesus.martinez@elespanol.com,jesus.martinez elespanol.com,,,,,,,0.390244,no_match
"Aarhus, Central Jutland","aarhus, central jutland",,,,,,,0.388889,no_match
Asturies-Barcelona,asturies-barcelona,,,,,,,0.388889,no_match
Beautiful Botany Sydney,beautiful botany sydney,,,,,,,0.388889,no_match
"Belo Horizonte, MG","belo horizonte, mg",,,,,,,0.388889,no_match
"Brisbane, QLD. AU.","brisbane, qld. au.",,,,,,,0.388889,no_match
"Busselton, Australia","busselton, australia",,,,,,,0.388889,no_match
"Calamba City, Laguna PH","calamba city, laguna ph",,,,,,,0.388889,no_match
"Caracas, Venezuela","caracas, venezuela",,,,,,,0.388889,no_match
Caracas- Venezuela,caracas- venezuela,,,,,,,0.388889,no_match
"Cary, NC & World At Large","cary, nc world at large",,,,,,,0.388889,no_match
"Citrus Heights, CA","citrus heights, ca",,,,,,,0.388889,no_match
"Cuernavaca, México","cuernavaca, méxico",,,,,,,0.388889,no_match
Fort Myers/Southwest FL,fort myers southwest fl,,,,,,,0.388889,no_match
"Fredericksburg, VA","fredericksburg, va",,,,,,,0.388889,no_match
Goiânia - GO,goiânia - go,,,,,,,0.388889,no_match
"Heilbronn, Germany","heilbronn, germany",,,,,,,0.388889,no_match
"Ho Chi Minh city, Viet Nam","ho chi minh city, viet nam",,,,,,,0.388889,no_match
Juiz de Fora,juiz de fora,,,,,,,0.388889,no_match
"Kangra.UK.Mumbai.NCR, INDIA","kangra.uk.mumbai.ncr, india",,,,,,,0.388889,no_match
"Kefar-Saba, Israel","kefar-saba, israel",,,,,,,0.388889,no_match
"Koper, Slovenia","koper, slovenia",,,,,,,0.388889,no_match
"Macuspana, Tabasco","macuspana, tabasco",,,,,,,0.388889,no_match
"Managua, Nicaragua","managua, nicaragua",,,,,,,0.388889,no_match
"Metro Manila, Philippines","metro manila, philippines",,,,,,,0.388889,no_match
Miami & Worldwide,miami worldwide,,,,,,,0.388889,no_match
"NYC, Hoboken & JerseyCity","nyc, hoboken jerseycity",,,,,,,0.388889,no_match
"North Chelmsford, MA","north chelmsford, ma",,,,,,,0.388889,no_match
"North Pole, Alaska","north pole, alaska",,,,,,,0.388889,no_match
"Pasig City, Philippines","pasig city, philippines",,,,,,,0.388889,no_match
"Placilla Valparaiso, Chile","placilla valparaiso, chile",,,,,,,0.388889,no_match
"Porto Alegre, Brasil","porto alegre, brasil",,,,,,,0.388889,no_match
"Porto Alegre, Brazil","porto alegre, brazil",,,,,,,0.388889,no_match
"Regina, SK, Canada","regina, sk, canada",,,,,,,0.388889,no_match
Sabadell (Barcelona),sabadell barcelona,,,,,,,0.388889,no_match
"Sankt Ingbert, Deutschland","sankt ingbert, deutschland",,,,,,,0.388889,no_match
"Sardegna, Cagliari","sardegna, cagliari",,,,,,,0.388889,no_match
"Saskatoon, Saskatchewan","saskatoon, saskatchewan",,,,,,,0.388889,no_match
"Sevilla, Andalucía","sevilla, andalucía",,,,,,,0.388889,no_match
"Sydney, New South Wales","sydney, new south wales",,,,,,,0.388889,no_match
"Thessaloniki, Greece","thessaloniki, greece",,,,,,,0.388889,no_match
"Thirsk, England","thirsk, england",,,,,,,0.388889,no_match
"Toronto, Canada","toronto, canada",,,,,,,0.388889,no_match
"Vitoria, Basque Country","vitoria, basque country",,,,,,,0.388889,no_match
"bay city, michigan","bay city, michigan",,,,,,,0.388889,no_match
royaume des pays bas,royaume des pays bas,,,,,,,0.388889,no_match
"♥ Toronto, Canada","toronto, canada",,,,,,,0.388889,no_match
"Amman, Jordan","amman, jordan",,,,,,,0.387097,no_match
"Asunción, Paraguay","asunción, paraguay",,,,,,,0.387097,no_match
"Austin, Texas","austin, texas",,,,,,,0.387097,no_match
"Bahía Blanca, Argentina","bahía blanca, argentina",,,,,,,0.387097,no_match
"Bern, Schweiz","bern, schweiz",,,,,,,0.387097,no_match
Bilbao (España),bilbao españa,,,,,,,0.387097,no_match
"Bulle, Switzerland","bulle, switzerland",,,,,,,0.387097,no_match
"Celebration, FL","celebration, fl",,,,,,,0.387097,no_match
"Clarkston, Georgia","clarkston, georgia",,,,,,,0.387097,no_match
"Cramerton, NC","cramerton, nc",,,,,,,0.387097,no_match
"Denton, TX","denton, tx",,,,,,,0.387097,no_match
"Dortmund, Germany","dortmund, germany",,,,,,,0.387097,no_match
Earth (for now),earth for now,,,,,,,0.387097,no_match
"Faenza, Italy","faenza, italy",,,,,,,0.387097,no_match
"Fort Mill, SC","fort mill, sc",,,,,,,0.387097,no_match
"Gainesville, FL","gainesville, fl",,,,,,,0.387097,no_match
"Gentofte, Denmark","gentofte, denmark",,,,,,,0.387097,no_match
"Hermosillo, Sonora","hermosillo, sonora",,,,,,,0.387097,no_match
"Idaho Falls, ID","idaho falls, id",,,,,,,0.387097,no_match
"Manhattan, NY","manhattan, ny",,,,,,,0.387097,no_match
Montreal - Casablanca,montreal - casablanca,,,,,,,0.387097,no_match
"Mt Pleasant, SC","mt pleasant, sc",,,,,,,0.387097,no_match
Nebraska → Wydaho,nebraska wydaho,,,,,,,0.387097,no_match
Niagara Falls,niagara falls,,,,,,,0.387097,no_match
"Omaha, Nebraska","omaha, nebraska",,,,,,,0.387097,no_match
PSN ID: sornram9254,psn id sornram9254,,,,,,,0.387097,no_match
"Peshawar, Pakistan","peshawar, pakistan",,,,,,,0.387097,no_match
Posh Birmingham,posh birmingham,,,,,,,0.387097,no_match
Ruang Lord Zara | Johor,ruang lord zara johor,,,,,,,0.387097,no_match
"Schweiz, Bern","schweiz, bern",,,,,,,0.387097,no_match
"Sioux Falls, SD","sioux falls, sd",,,,,,,0.387097,no_match
"Stuttgart, Germany","stuttgart, germany",,,,,,,0.387097,no_match
"Surfside Beach, SC","surfside beach, sc",,,,,,,0.387097,no_match
"São Paulo, BR","são paulo, br",,,,,,,0.387097,no_match
"Tampa Bay, FL","tampa bay, fl",,,,,,,0.387097,no_match
"USA, EMEA, APAC","usa, emea, apac",,,,,,,0.387097,no_match
"Wenatchee, WA","wenatchee, wa",,,,,,,0.387097,no_match
"breew, lausanne","breew, lausanne",,,,,,,0.387097,no_match
cocoa florida,cocoa florida,,,,,,,0.387097,no_match
hendersonville nc,hendersonville nc,,,,,,,0.387097,no_match
ian.sherr@cnet.com,ian.sherr cnet.com,,,,,,,0.387097,no_match
"Bavaria, Germany. As for now.","bavaria, germany. as for now.",,,,,,,0.385965,no_match
"Bay Area, Northern California","bay area, northern california",,,,,,,0.385965,no_match
"Donostia-San Sebastián, Spain","donostia-san sebastián, spain",,,,,,,0.385965,no_match
Memphis Lady Living in Denver,memphis lady living in denver,,,,,,,0.385965,no_match
"300 Bath Street, Glasgow","300 bath street, glasgow",,,,,,,0.384615,no_match
A Coruña,a coruña,,,,,,,0.384615,no_match
"Aalborg, Denmark","aalborg, denmark",,,,,,,0.384615,no_match
"Ambler, PA","ambler, pa",,,,,,,0.384615,no_match
"Amsterdam, NL","amsterdam, nl",,,,,,,0.384615,no_match
"Arezzo, Italy","arezzo, italy",,,,,,,0.384615,no_match
Babab at intravelogy dot com,babab at intravelogy dot com,,,,,,,0.384615,no_match
Bay Area,bay area,,,,,,,0.384615,no_match
Beach or Bust!,beach or bust,,,,,,,0.384615,no_match
Belleville,belleville,,,,,,,0.384615,no_match
Berlin/Brussels,berlin brussels,,,,,,,0.384615,no_match
"Bilbao, Bizkaia.","bilbao, bizkaia.",,,,,,,0.384615,no_match
"Brockport, NY","brockport, ny",,,,,,,0.384615,no_match
"Calgary, AB  Canada","calgary, ab canada",,,,,,,0.384615,no_match
"Calgary, Alberta, Canada","calgary, alberta, canada",,,,,,,0.384615,no_match
"Campeche, Mexico","campeche, mexico",,,,,,,0.384615,no_match
"Campeche, México","campeche, méxico",,,,,,,0.384615,no_match
Cd. de México,cd. de méxico,,,,,,,0.384615,no_match
"Coimbra, Portugal","coimbra, portugal",,,,,,,0.384615,no_match
"Columbus, Indiana","columbus, indiana",,,,,,,0.384615,no_match
"Concepción, Chile","concepción, chile",,,,,,,0.384615,no_match
Curitiba - Paraná - Brazil,curitiba - paraná - brazil,,,,,,,0.384615,no_match
"Da Nang, Vietnam","da nang, vietnam",,,,,,,0.384615,no_match
"Dallas, TX","dallas, tx",,,,,,,0.384615,no_match
"Dallas, Tx","dallas, tx",,,,,,,0.384615,no_match
"Debrecen, Hungary","debrecen, hungary",,,,,,,0.384615,no_match
Detroit Metro,detroit metro,,,,,,,0.384615,no_match
"Edmonton, Canada","edmonton, canada",,,,,,,0.384615,no_match
Egypt - Cairo,egypt - cairo,,,,,,,0.384615,no_match
España. Cádiz,españa. cádiz,,,,,,,0.384615,no_match
"Ft. Worth, TX","ft. worth, tx",,,,,,,0.384615,no_match
Gelsenkirchen,gelsenkirchen,,,,,,,0.384615,no_match
Ghent (BE),ghent be,,,,,,,0.384615,no_match
Hermosillo,hermosillo,,,,,,,0.384615,no_match
"Hobbiton, The Shire, PNW","hobbiton, the shire, pnw",,,,,,,0.384615,no_match
"Houston,Texas","houston,texas",,,,,,,0.384615,no_match
JKT/BDG & the space in between,jkt bdg the space in between,,,,,,,0.384615,no_match
"Las Vegas, NV","las vegas, nv",,,,,,,0.384615,no_match
"Leeds,Yorkshire","leeds,yorkshire",,,,,,,0.384615,no_match
"Linz, Austria","linz, austria",,,,,,,0.384615,no_match
"Littleton, CO","littleton, co",,,,,,,0.384615,no_match
Madrid y Cerezo de Abajo,madrid y cerezo de abajo,,,,,,,0.384615,no_match
Makassar,makassar,,,,,,,0.384615,no_match
Malang - Yogyakarta,malang - yogyakarta,,,,,,,0.384615,no_match
Marie-Antoinette is my motto,marie-antoinette is my motto,,,,,,,0.384615,no_match
Marrakech - Tensift - Al Haouz,marrakech - tensift - al haouz,,,,,,,0.384615,no_match
Mesquita - RJ,mesquita - rj,,,,,,,0.384615,no_match
MexicoCity | 서울 |,mexicocity 서울,,,,,,,0.384615,no_match
"Midvale, Utah","midvale, utah",,,,,,,0.384615,no_match
"Minneapolis, MN","minneapolis, mn",,,,,,,0.384615,no_match
"Naples, FL","naples, fl",,,,,,,0.384615,no_match
"Nappanee, IN","nappanee, in",,,,,,,0.384615,no_match
"Natal, Brazil","natal, brazil",,,,,,,0.384615,no_match
"Niskayuna, NY","niskayuna, ny",,,,,,,0.384615,no_match
"Oliveira do Bairro, Portugal","oliveira do bairro, portugal",,,,,,,0.384615,no_match
Origgio (Va) - Rogoredo (Mi),origgio va - rogoredo mi,,,,,,,0.384615,no_match
"Port Orchard, WA","port orchard, wa",,,,,,,0.384615,no_match
"Redlands, CA 92374","redlands, ca 92374",,,,,,,0.384615,no_match
"Rehovot, Israel","rehovot, israel",,,,,,,0.384615,no_match
"Reno, NV","reno, nv",,,,,,,0.384615,no_match
"Reykjavík, Iceland","reykjavík, iceland",,,,,,,0.384615,no_match
"Russia, Vladimir","russia, vladimir",,,,,,,0.384615,no_match
"San Cristóbal, Venezuela","san cristóbal, venezuela",,,,,,,0.384615,no_match
"Saxapahaw, NC","saxapahaw, nc",,,,,,,0.384615,no_match
Serbia::Belgrade,serbia belgrade,,,,,,,0.384615,no_match
"Sunnyvale, CA","sunnyvale, ca",,,,,,,0.384615,no_match
"Valparaíso, Chile","valparaíso, chile",,,,,,,0.384615,no_match
"Veince Beach, CA","veince beach, ca",,,,,,,0.384615,no_match
"Venice Beach, California","venice beach, california",,,,,,,0.384615,no_match
Where ever I need to be.,where ever i need to be.,,,,,,,0.384615,no_match
"Wilmington, Ohio","wilmington, ohio",,,,,,,0.384615,no_match
"Ypsilanti, MI","ypsilanti, mi",,,,,,,0.384615,no_match
"Zwolle, NL","zwolle, nl",,,,,,,0.384615,no_match
alexandria virgina,alexandria virgina,,,,,,,0.384615,no_match
central chile,central chile,,,,,,,0.384615,no_match
http://kasihelia.com/,http kasihelia.com,,,,,,,0.384615,no_match
instagram.com/iLoveNateB,instagram.com ilovenateb,,,,,,,0.384615,no_match
pueblo quieto,pueblo quieto,,,,,,,0.384615,no_match
"tallinn, estonia","tallinn, estonia",,,,,,,0.384615,no_match
2° estrela à direita,2 estrela à direita,,,,,,,0.382979,no_match
A Traveling Pilgrim,a traveling pilgrim,,,,,,,0.382979,no_match
"Al Minufiyah, Egypt","al minufiyah, egypt",,,,,,,0.382979,no_match
"Albuquerque, New Mexico","albuquerque, new mexico",,,,,,,0.382979,no_match
Close to something good,close to something good,,,,,,,0.382979,no_match
"Diadema, SP, Brasil","diadema, sp, brasil",,,,,,,0.382979,no_match
"Green Bay, WI 54304","green bay, wi 54304",,,,,,,0.382979,no_match
"Hopatcong, NJ - San Diego, CA","hopatcong, nj - san diego, ca",,,,,,,0.382979,no_match
"Huzhou, Zhejiang, China","huzhou, zhejiang, china",,,,,,,0.382979,no_match
"Lisbon, Port - Current: SPaulo","lisbon, port - current spaulo",,,,,,,0.382979,no_match
"Miraflores, Lima - Peru","miraflores, lima - peru",,,,,,,0.382979,no_match
Palestine - Gaza - Turkey,palestine - gaza - turkey,,,,,,,0.382979,no_match
"Saint-Petersburg, Japan","saint-petersburg, japan",,,,,,,0.382979,no_match
Santiago de Nueva Extremadura,santiago de nueva extremadura,,,,,,,0.382979,no_match
Stockholm Skillinge,stockholm skillinge,,,,,,,0.382979,no_match
"Todi, Umbria, Italy","todi, umbria, italy",,,,,,,0.382979,no_match
Vitoria // Madrid (Malasaña),vitoria madrid malasaña,,,,,,,0.382979,no_match
"Wellington, for now","wellington, for now",,,,,,,0.382979,no_match
"Zurich, Switzerland","zurich, switzerland",,,,,,,0.382979,no_match
probabilmente al lavoro,probabilmente al lavoro,,,,,,,0.382979,no_match
#Leipzig #Berlin,leipzig berlin,,,,,,,0.380952,no_match
@tracedominguez,tracedominguez,,,,,,,0.380952,no_match
"Araraquara, São Paulo BR","araraquara, são paulo br",,,,,,,0.380952,no_match
Barcelona/Berna,barcelona berna,,,,,,,0.380952,no_match
"Bari, Apulia – Italy","bari, apulia italy",,,,,,,0.380952,no_match
"Beaver Dam, WI","beaver dam, wi",,,,,,,0.380952,no_match
Berguedà (Catalunya),berguedà catalunya,,,,,,,0.380952,no_match
Budapest,budapest,,,,,,,0.380952,no_match
"Burgas, Bulgaria","burgas, bulgaria",,,,,,,0.380952,no_match
"Bursa, Türkiye","bursa, türkiye",,,,,,,0.380952,no_match
"Cary, NC","cary, nc",,,,,,,0.380952,no_match
"Central Serbia, Ub","central serbia, ub",,,,,,,0.380952,no_match
"Dayton, OH","dayton, oh",,,,,,,0.380952,no_match
Detroit,detroit,,,,,,,0.380952,no_match
"Detroit, MI","detroit, mi",,,,,,,0.380952,no_match
"Distrito Federal, México","distrito federal, méxico",,,,,,,0.380952,no_match
"Dundas, Ontario","dundas, ontario",,,,,,,0.380952,no_match
Estepona,estepona,,,,,,,0.380952,no_match
"Farmington, CT","farmington, ct",,,,,,,0.380952,no_match
"Festus, MO","festus, mo",,,,,,,0.380952,no_match
Goiânia,goiânia,,,,,,,0.380952,no_match
"Guayaquil, Ecuador","guayaquil, ecuador",,,,,,,0.380952,no_match
Internet,internet,,,,,,,0.380952,no_match
Istanbul,istanbul,,,,,,,0.380952,no_match
"Jakarta Timur, DKI Jakarta","jakarta timur, dki jakarta",,,,,,,0.380952,no_match
Johannesburg,johannesburg,,,,,,,0.380952,no_match
"Katy, TX","katy, tx",,,,,,,0.380952,no_match
"Lehi, UT","lehi, ut",,,,,,,0.380952,no_match
Leinach / Würzburg / Franken,leinach würzburg franken,,,,,,,0.380952,no_match
Lisbon; Portugal,lisbon portugal,,,,,,,0.380952,no_match
Madrid-Málaga,madrid-málaga,,,,,,,0.380952,no_match
"Metropolitana de Santiago, Chile","metropolitana de santiago, chile",,,,,,,0.380952,no_match
Missouri,missouri,,,,,,,0.380952,no_match
Mundaka,mundaka,,,,,,,0.380952,no_match
"Nashville, TN","nashville, tn",,,,,,,0.380952,no_match
Nit - RJ,nit - rj,,,,,,,0.380952,no_match
Noo Joyzee,noo joyzee,,,,,,,0.380952,no_match
"Olympia, WA","olympia, wa",,,,,,,0.380952,no_match
"Palermo, Sicilia","palermo, sicilia",,,,,,,0.380952,no_match
"Palma de Mallorca, Spain","palma de mallorca, spain",,,,,,,0.380952,no_match
Paraguay-Capiatá,paraguay-capiatá,,,,,,,0.380952,no_match
Portugal - Madeira,portugal - madeira,,,,,,,0.380952,no_match
"Queens, NY","queens, ny",,,,,,,0.380952,no_match
"Raleigh, NC","raleigh, nc",,,,,,,0.380952,no_match
SCL - Chile,scl - chile,,,,,,,0.380952,no_match
"Saint Petersburg, Russia","saint petersburg, russia",,,,,,,0.380952,no_match
Salvador- Bahia - Brazil,salvador- bahia - brazil,,,,,,,0.380952,no_match
Shenzhen,shenzhen,,,,,,,0.380952,no_match
"Shippensburg, PA","shippensburg, pa",,,,,,,0.380952,no_match
Tel Aviv,tel aviv,,,,,,,0.380952,no_match
Tokyo of Japan,tokyo of japan,,,,,,,0.380952,no_match
Toronto & Planet Global,toronto planet global,,,,,,,0.380952,no_match
"Ufa, Russia","ufa, russia",,,,,,,0.380952,no_match
VIRGINIA,virginia,,,,,,,0.380952,no_match
Villafranca del Castillo,villafranca del castillo,,,,,,,0.380952,no_match
Virginia,virginia,,,,,,,0.380952,no_match
"Warszawa, Poland","warszawa, poland",,,,,,,0.380952,no_match
"West Hollywood, CA","west hollywood, ca",,,,,,,0.380952,no_match
between dreams,between dreams,,,,,,,0.380952,no_match
dc metro,dc metro,,,,,,,0.380952,no_match
"erie, pa","erie, pa",,,,,,,0.380952,no_match
global silicon valley,global silicon valley,,,,,,,0.380952,no_match
istanbul,istanbul,,,,,,,0.380952,no_match
late 90s,late 90s,,,,,,,0.380952,no_match
"sf, ca, us, earth, milky way, the 'verse","sf, ca, us, earth, milky way, the verse",,,,,,,0.380952,no_match
"wpg, mb, ca","wpg, mb, ca",,,,,,,0.380952,no_match
República de Curitiba - Brasil,república de curitiba - brasil,,,,,,,0.37931,no_match
Wondering continuum paved time,wondering continuum paved time,,,,,,,0.37931,no_match
#Stockerau (AT) & #Vienna (AT),stockerau at vienna at,,,,,,,0.378378,no_match
Asunción - Paraguay,asunción - paraguay,,,,,,,0.378378,no_match
"Augsburg, Bayern DE","augsburg, bayern de",,,,,,,0.378378,no_match
Belo Horizonte - Mg,belo horizonte - mg,,,,,,,0.378378,no_match
"Birmingham, Alabama","birmingham, alabama",,,,,,,0.378378,no_match
"Canberra, Australia","canberra, australia",,,,,,,0.378378,no_match
Caracas - Venezuela,caracas - venezuela,,,,,,,0.378378,no_match
"Casablanca, Morocco","casablanca, morocco",,,,,,,0.378378,no_match
Entre #Linares y #Cordobaesp,entre linares y cordobaesp,,,,,,,0.378378,no_match
Entre Zaragoza y Donosti,entre zaragoza y donosti,,,,,,,0.378378,no_match
Greece - Thessaloniki,greece - thessaloniki,,,,,,,0.378378,no_match
"Gurabo, Puerto Rico","gurabo, puerto rico",,,,,,,0.378378,no_match
"Ipswich, England","ipswich, england",,,,,,,0.378378,no_match
"Islamabad, Pakistan","islamabad, pakistan",,,,,,,0.378378,no_match
"Jackson Heights, NY","jackson heights, ny",,,,,,,0.378378,no_match
"Knoxville, TN","knoxville, tn",,,,,,,0.378378,no_match
"Makati City, Philippines","makati city, philippines",,,,,,,0.378378,no_match
"Melbourne, Victoria","melbourne, victoria",,,,,,,0.378378,no_match
Metropolitan Manila,metropolitan manila,,,,,,,0.378378,no_match
"Moravian-SilesiaCZ,","moravian-silesiacz,",,,,,,,0.378378,no_match
Pembrokeshire,pembrokeshire,,,,,,,0.378378,no_match
"Poza Rica, Veracruz","poza rica, veracruz",,,,,,,0.378378,no_match
"Roxborough Park, Co","roxborough park, co",,,,,,,0.378378,no_match
Somewhere near Ft. Meade,somewhere near ft. meade,,,,,,,0.378378,no_match
São Paulo - SP - Brasil,são paulo - sp - brasil,,,,,,,0.378378,no_match
"São Paulo, SP, Brazil","são paulo, sp, brazil",,,,,,,0.378378,no_match
São Paulo/SP - Brasil,são paulo sp - brasil,,,,,,,0.378378,no_match
"Toronto , Canada","toronto , canada",,,,,,,0.378378,no_match
https://about.me/HaniRajab,https about.me hanirajab,,,,,,,0.378378,no_match
"Albaida, Valencia, Madrid","albaida, valencia, madrid",,,,,,,0.377358,no_match
"Bacolod City, Western Visayas","bacolod city, western visayas",,,,,,,0.377358,no_match
Jeddah-KSA | Ireland-Dublin,jeddah-ksa ireland-dublin,,,,,,,0.377358,no_match
Seixezelo - Vila Nova de Gaia,seixezelo - vila nova de gaia,,,,,,,0.377358,no_match
"State College, PA - Abu Dhabi","state college, pa - abu dhabi",,,,,,,0.377358,no_match
Telfs/Innsbruck - Austria,telfs innsbruck - austria,,,,,,,0.377358,no_match
"Winter Springs, FL, US, 32708","winter springs, fl, us, 32708",,,,,,,0.377358,no_match
retno.palupi138@gmail.com,retno.palupi138 gmail.com,,,,,,,0.377358,no_match
#marchepride,marchepride,,,,,,,0.375,no_match
"Antipolo, Philippines","antipolo, philippines",,,,,,,0.375,no_match
"Bayamon, Puerto Rico","bayamon, puerto rico",,,,,,,0.375,no_match
Belgrade,belgrade,,,,,,,0.375,no_match
"Bellville (Cape Town), SA","bellville cape town , sa",,,,,,,0.375,no_match
"Bergen, Norway","bergen, norway",,,,,,,0.375,no_match
Bogotá DC,bogotá dc,,,,,,,0.375,no_match
Boulder Colorado,boulder colorado,,,,,,,0.375,no_match
"Boxmeer, Nederland","boxmeer, nederland",,,,,,,0.375,no_match
"Burgos, España","burgos, españa",,,,,,,0.375,no_match
"Calgary, Alberta","calgary, alberta",,,,,,,0.375,no_match
"Collado Villalba, Madrid","collado villalba, madrid",,,,,,,0.375,no_match
"Collegeville, PA","collegeville, pa",,,,,,,0.375,no_match
Curitiba,curitiba,,,,,,,0.375,no_match
"De Pere, WI","de pere, wi",,,,,,,0.375,no_match
Den Haag,den haag,,,,,,,0.375,no_match
Denmark,denmark,,,,,,,0.375,no_match
"Dogtown, ME","dogtown, me",,,,,,,0.375,no_match
"Düren, Germany","düren, germany",,,,,,,0.375,no_match
Elche,elche,,,,,,,0.375,no_match
Ennetbaden,ennetbaden,,,,,,,0.375,no_match
Entre Hendaya y Madrid,entre hendaya y madrid,,,,,,,0.375,no_match
"Ermesinde, Portugal","ermesinde, portugal",,,,,,,0.375,no_match
Essex,essex,,,,,,,0.375,no_match
Estado De México,estado de méxico,,,,,,,0.375,no_match
"Firenze, ITALY","firenze, italy",,,,,,,0.375,no_match
GERMANY,germany,,,,,,,0.375,no_match
"Genève, Switzerland","genève, switzerland",,,,,,,0.375,no_match
"Georgetown, TX","georgetown, tx",,,,,,,0.375,no_match
Germany,germany,,,,,,,0.375,no_match
Goiânia-Go,goiânia-go,,,,,,,0.375,no_match
"Guysborough, Nova Scotia","guysborough, nova scotia",,,,,,,0.375,no_match
HKG • LDN • FFM,hkg ldn ffm,,,,,,,0.375,no_match
Hamburg,hamburg,,,,,,,0.375,no_match
"Hamburg, Wilhelmsburg","hamburg, wilhelmsburg",,,,,,,0.375,no_match
"Harvest, AL","harvest, al",,,,,,,0.375,no_match
"Houston, Texas","houston, texas",,,,,,,0.375,no_match
Jersey Baby!,jersey baby,,,,,,,0.375,no_match
Jordan - Qatar,jordan - qatar,,,,,,,0.375,no_match
"Kitakami-shi, Iwate","kitakami-shi, iwate",,,,,,,0.375,no_match
Kutaraja,kutaraja,,,,,,,0.375,no_match
"Lalín, Km 0 de Galicia","lalín, km 0 de galicia",,,,,,,0.375,no_match
Leeds,leeds,,,,,,,0.375,no_match
"Levis, Quebec, Canada","levis, quebec, canada",,,,,,,0.375,no_match
Lexington | Kentucky,lexington kentucky,,,,,,,0.375,no_match
Malaysia,malaysia,,,,,,,0.375,no_match
"Mamaroneck, NY","mamaroneck, ny",,,,,,,0.375,no_match
Melbourne / Philippines,melbourne philippines,,,,,,,0.375,no_match
"Melbourne, Victoria, Australia","melbourne, victoria, australia",,,,,,,0.375,no_match
"Memphis,  TN","memphis, tn",,,,,,,0.375,no_match
"Memphis, TN","memphis, tn",,,,,,,0.375,no_match
Mexicali,mexicali,,,,,,,0.375,no_match
Minneapolis Minnesota,minneapolis minnesota,,,,,,,0.375,no_match
"Miyazaki-shi, Miyazaki","miyazaki-shi, miyazaki",,,,,,,0.375,no_match
Montreal,montreal,,,,,,,0.375,no_match
"Montreal, Quebec, Canada","montreal, quebec, canada",,,,,,,0.375,no_match
Montréal,montréal,,,,,,,0.375,no_match
Montréal  ✈  🌎,montréal,,,,,,,0.375,no_match
"Montréal, Québec, Canada","montréal, québec, canada",,,,,,,0.375,no_match
"México, mi inspiración","méxico, mi inspiración",,,,,,,0.375,no_match
München,münchen,,,,,,,0.375,no_match
"New Buffalo, MI","new buffalo, mi",,,,,,,0.375,no_match
"Norway, Bergen","norway, bergen",,,,,,,0.375,no_match
Orizaba,orizaba,,,,,,,0.375,no_match
"Pacific, MO","pacific, mo",,,,,,,0.375,no_match
"Pamplona, España","pamplona, españa",,,,,,,0.375,no_match
"Panamá, Panamá","panamá, panamá",,,,,,,0.375,no_match
Phoenix,phoenix,,,,,,,0.375,no_match
"Plano, Tx.","plano, tx.",,,,,,,0.375,no_match
"Portomar, Mira, Portugal","portomar, mira, portugal",,,,,,,0.375,no_match
"Portsmouth, NH","portsmouth, nh",,,,,,,0.375,no_match
Portugal,portugal,,,,,,,0.375,no_match
"Prague, Czech Republic","prague, czech republic",,,,,,,0.375,no_match
"Prague, Czech republic","prague, czech republic",,,,,,,0.375,no_match
"Redmond, WA","redmond, wa",,,,,,,0.375,no_match
Reus-Barcelona,reus-barcelona,,,,,,,0.375,no_match
Reutlingen,reutlingen,,,,,,,0.375,no_match
"Rioverde, San Luis Potosí, Méx","rioverde, san luis potosí, méx",,,,,,,0.375,no_match
Roskilde,roskilde,,,,,,,0.375,no_match
"Roswell, GA","roswell, ga",,,,,,,0.375,no_match
SCL & Viña del Mar,scl viña del mar,,,,,,,0.375,no_match
Schweiz,schweiz,,,,,,,0.375,no_match
Slovakia,slovakia,,,,,,,0.375,no_match
São Paulo - BR,são paulo - br,,,,,,,0.375,no_match
"Tilburg, The Netherlands","tilburg, the netherlands",,,,,,,0.375,no_match
Trabzon/Turkey,trabzon turkey,,,,,,,0.375,no_match
"Trier, Germany","trier, germany",,,,,,,0.375,no_match
Vancouver,vancouver,,,,,,,0.375,no_match
"Vancouver, BC Canada","vancouver, bc canada",,,,,,,0.375,no_match
"Vaze, Milan & everywhere","vaze, milan everywhere",,,,,,,0.375,no_match
"Vernon, BC","vernon, bc",,,,,,,0.375,no_match
Vietnam,vietnam,,,,,,,0.375,no_match
Vigo | Madrid,vigo madrid,,,,,,,0.375,no_match
"Villisca, Iowa","villisca, iowa",,,,,,,0.375,no_match
Vitória / Brazil,vitória brazil,,,,,,,0.375,no_match
"Walnut Creek, CA","walnut creek, ca",,,,,,,0.375,no_match
"West Palm Beach, Florida","west palm beach, florida",,,,,,,0.375,no_match
Wijchen,wijchen,,,,,,,0.375,no_match
"Winterthur, Schweiz","winterthur, schweiz",,,,,,,0.375,no_match
"Woodsville, New Hampshire","woodsville, new hampshire",,,,,,,0.375,no_match
"Wordwide (SF, Bay Area HQ)","wordwide sf, bay area hq",,,,,,,0.375,no_match
Worldwide from Rotterdam,worldwide from rotterdam,,,,,,,0.375,no_match
Wyoming,wyoming,,,,,,,0.375,no_match
"ghent, belgium","ghent, belgium",,,,,,,0.375,no_match
hamburg,hamburg,,,,,,,0.375,no_match
"north bay, on canada","north bay, on canada",,,,,,,0.375,no_match
somewhere in between,somewhere in between,,,,,,,0.375,no_match
tha' hood,tha hood,,,,,,,0.375,no_match
zhengzhou,zhengzhou,,,,,,,0.375,no_match
01877 Naundorf Hauptstraße 71b,01877 naundorf hauptstraße 71b,,,,,,,0.372093,no_match
"Bay View, Milwaukee","bay view, milwaukee",,,,,,,0.372093,no_match
"Bremen, Germany","bremen, germany",,,,,,,0.372093,no_match
"Campo Grande,MS","campo grande,ms",,,,,,,0.372093,no_match
Corn Country - Midwest,corn country - midwest,,,,,,,0.372093,no_match
Germany-Berlin / KSA-Makkah,germany-berlin ksa-makkah,,,,,,,0.372093,no_match
Guayaquil - Ecuador,guayaquil - ecuador,,,,,,,0.372093,no_match
"Hamburg, Berlin","hamburg, berlin",,,,,,,0.372093,no_match
"Hildesheim, Germany","hildesheim, germany",,,,,,,0.372093,no_match
"Houston, home of....me!","houston, home of....me",,,,,,,0.372093,no_match
"Laguna, Phils. | Doha, Qat.","laguna, phils. doha, qat.",,,,,,,0.372093,no_match
"Makassar, Indonesia","makassar, indonesia",,,,,,,0.372093,no_match
"Mérida, Yucatán, MX","mérida, yucatán, mx",,,,,,,0.372093,no_match
NJ | scott@scottneumyer.com,nj scott scottneumyer.com,,,,,,,0.372093,no_match
"Orvieto, Umbria","orvieto, umbria",,,,,,,0.372093,no_match
Ribarroja del Túria,ribarroja del túria,,,,,,,0.372093,no_match
Sector ZZ9 Plural Z Alpha,sector zz9 plural z alpha,,,,,,,0.372093,no_match
"Suburban Philadelphia, PA","suburban philadelphia, pa",,,,,,,0.372093,no_match
"Surabaya, Indonesia","surabaya, indonesia",,,,,,,0.372093,no_match
Taubaté - São Paulo,taubaté - são paulo,,,,,,,0.372093,no_match
"Valencia - Madrid, España","valencia - madrid, españa",,,,,,,0.372093,no_match
"Vitoria, Basque Country, Spain","vitoria, basque country, spain",,,,,,,0.372093,no_match
aix en provence,aix en provence,,,,,,,0.372093,no_match
/home/hexdsl,home hexdsl,,,,,,,0.37037,no_match
1711 Wabash Ave Terre Haute IN,1711 wabash ave terre haute in,,,,,,,0.37037,no_match
"3665 Otterbein Ave, Dayton, Oh","3665 otterbein ave, dayton, oh",,,,,,,0.37037,no_match
"Antwerp, Belgium","antwerp, belgium",,,,,,,0.37037,no_match
"Atlanta, Georgia","atlanta, georgia",,,,,,,0.37037,no_match
"Belgrade, Serbia","belgrade, serbia",,,,,,,0.37037,no_match
Berwick and Brockley,berwick and brockley,,,,,,,0.37037,no_match
"Breckenridge, CO","breckenridge, co",,,,,,,0.37037,no_match
"Brownsburg, IN","brownsburg, in",,,,,,,0.37037,no_match
"Cabimas, Venezuela","cabimas, venezuela",,,,,,,0.37037,no_match
"Calgary, AB, Canada","calgary, ab, canada",,,,,,,0.37037,no_match
Campbell River,campbell river,,,,,,,0.37037,no_match
"Catalunya, España","catalunya, españa",,,,,,,0.37037,no_match
"Colchester, VT","colchester, vt",,,,,,,0.37037,no_match
"Colombo, Sri Lanka","colombo, sri lanka",,,,,,,0.37037,no_match
"Deltona, Fl","deltona, fl",,,,,,,0.37037,no_match
"Denpasar, Bali","denpasar, bali",,,,,,,0.37037,no_match
"Earth, Solar System, Milky Way","earth, solar system, milky way",,,,,,,0.37037,no_match
"Ede, Nederland","ede, nederland",,,,,,,0.37037,no_match
Fort Lauderdale (via Boston),fort lauderdale via boston,,,,,,,0.37037,no_match
"Fort Worth, TX","fort worth, tx",,,,,,,0.37037,no_match
Fortaleza - CE,fortaleza - ce,,,,,,,0.37037,no_match
Ft. Lauderdale,ft. lauderdale,,,,,,,0.37037,no_match
"Havre Boucher, Nova Scotia","havre boucher, nova scotia",,,,,,,0.37037,no_match
"Izmir, Turkey","izmir, turkey",,,,,,,0.37037,no_match
"Joensuu, Suomi","joensuu, suomi",,,,,,,0.37037,no_match
"Kernersville, NC","kernersville, nc",,,,,,,0.37037,no_match
"Krefeld, Germany","krefeld, germany",,,,,,,0.37037,no_match
"Lehigh Valley, PA","lehigh valley, pa",,,,,,,0.37037,no_match
Little Elm TX.,little elm tx.,,,,,,,0.37037,no_match
"Lopez Mateos 1135, Guadalajara","lopez mateos 1135, guadalajara",,,,,,,0.37037,no_match
"Lund, Sverige","lund, sverige",,,,,,,0.37037,no_match
Mexico DF,mexico df,,,,,,,0.37037,no_match
"Moldova , Europe","moldova , europe",,,,,,,0.37037,no_match
"Myrtle Beach, SC","myrtle beach, sc",,,,,,,0.37037,no_match
México DF,méxico df,,,,,,,0.37037,no_match
NY NJ MD DC VA,ny nj md dc va,,,,,,,0.37037,no_match
"Naperville, IL","naperville, il",,,,,,,0.37037,no_match
"Neustadt, Hamburg, Germany","neustadt, hamburg, germany",,,,,,,0.37037,no_match
Online -  Perth,online - perth,,,,,,,0.37037,no_match
Planeta Tierra,planeta tierra,,,,,,,0.37037,no_match
"Pompano Beach, FL","pompano beach, fl",,,,,,,0.37037,no_match
"Providence, RI","providence, ri",,,,,,,0.37037,no_match
"Providencia, Chile","providencia, chile",,,,,,,0.37037,no_match
"Sevilla, ES","sevilla, es",,,,,,,0.37037,no_match
Silicon Valley,silicon valley,,,,,,,0.37037,no_match
"Skövde, Sweden","skövde, sweden",,,,,,,0.37037,no_match
Somewhere in NJ (via Boston),somewhere in nj via boston,,,,,,,0.37037,no_match
"Starkville, MS","starkville, ms",,,,,,,0.37037,no_match
"Torreón, Gómitoz,La Laguna","torreón, gómitoz,la laguna",,,,,,,0.37037,no_match
"Ukraine, Lviv","ukraine, lviv",,,,,,,0.37037,no_match
"Waco, Texas","waco, texas",,,,,,,0.37037,no_match
"Where ever need be, Sassenheim","where ever need be, sassenheim",,,,,,,0.37037,no_match
"Winchester, VA","winchester, va",,,,,,,0.37037,no_match
World Wide Web,world wide web,,,,,,,0.37037,no_match
méxico df,méxico df,,,,,,,0.37037,no_match
pr://ip - Primus Inter Pares,pr ip - primus inter pares,,,,,,,0.37037,no_match
♥ beside @novicoo  ♥,beside novicoo,,,,,,,0.37037,no_match
#Puyuhuapi - #Santiago,puyuhuapi - santiago,,,,,,,0.368421,no_match
Aydınlıkevler/Ankara,aydınlıkevler ankara,,,,,,,0.368421,no_match
"Brno, Czech Republic","brno, czech republic",,,,,,,0.368421,no_match
"Casablanca, Morocco.","casablanca, morocco.",,,,,,,0.368421,no_match
"Cibao, #ErreDé: Isla del Drama","cibao, erredé isla del drama",,,,,,,0.368421,no_match
Cosmos de Inneria,cosmos de inneria,,,,,,,0.368421,no_match
"Cremona, ITALY","cremona, italy",,,,,,,0.368421,no_match
"Cremona, Italy","cremona, italy",,,,,,,0.368421,no_match
"Ho Chi Minh City, Vietnam","ho chi minh city, vietnam",,,,,,,0.368421,no_match
"Kuala Lumpur, Malaysia","kuala lumpur, malaysia",,,,,,,0.368421,no_match
"Lake Forest Park, WA","lake forest park, wa",,,,,,,0.368421,no_match
"Pleasant Prairie, WI","pleasant prairie, wi",,,,,,,0.368421,no_match
"Rockport, Ontario CA","rockport, ontario ca",,,,,,,0.368421,no_match
"Somerville, MA","somerville, ma",,,,,,,0.368421,no_match
"São Paulo, SP - Brasil","são paulo, sp - brasil",,,,,,,0.368421,no_match
"São Paulo, SP - Brazil","são paulo, sp - brazil",,,,,,,0.368421,no_match
"Tallahassee, Florida","tallahassee, florida",,,,,,,0.368421,no_match
"Victoria, BC, Canada","victoria, bc, canada",,,,,,,0.368421,no_match
Vlaams-Brabant,vlaams-brabant,,,,,,,0.368421,no_match
"Wilwatikta, Bhumi Nuswantara","wilwatikta, bhumi nuswantara",,,,,,,0.368421,no_match
snapchat: KriziaBajos,snapchat kriziabajos,,,,,,,0.368421,no_match
"Ahmadabad City, India","ahmadabad city, india",,,,,,,0.367347,no_match
"Bitterroot Valley, MT","bitterroot valley, mt",,,,,,,0.367347,no_match
I live where the sky ends,i live where the sky ends,,,,,,,0.367347,no_match
In fila per il buffet,in fila per il buffet,,,,,,,0.367347,no_match
"Vancouver, BC, Canada","vancouver, bc, canada",,,,,,,0.367347,no_match
"Vancouver, BC. Canada","vancouver, bc. canada",,,,,,,0.367347,no_match
"Westmount, Québec, Canada","westmount, québec, canada",,,,,,,0.367347,no_match
"Zürich, Switzer·Choco·Land  ♥:.","zürich, switzer choco land .",,,,,,,0.367347,no_match
"mente en CCS, cuerpo en STGO","mente en ccs, cuerpo en stgo",,,,,,,0.367347,no_match
my movie poster portfolio,my movie poster portfolio,,,,,,,0.367347,no_match
./dist,. dist,,,,,,,0.363636,no_match
ATL,atl,,,,,,,0.363636,no_match
Abu Dhabi - UAE  ♥,abu dhabi - uae,,,,,,,0.363636,no_match
"Algarve, Portugal","algarve, portugal",,,,,,,0.363636,no_match
Almere,almere,,,,,,,0.363636,no_match
"Antwerp, Belgium.","antwerp, belgium.",,,,,,,0.363636,no_match
"Appleton, WI","appleton, wi",,,,,,,0.363636,no_match
Baltim,baltim,,,,,,,0.363636,no_match
"Barcelona, Madrid, Marbella","barcelona, madrid, marbella",,,,,,,0.363636,no_match
Batcave - Gotham,batcave - gotham,,,,,,,0.363636,no_match
"Battle Creek, MI","battle creek, mi",,,,,,,0.363636,no_match
"Beni Suef, Egypt","beni suef, egypt",,,,,,,0.363636,no_match
"Beograd, Srbija","beograd, srbija",,,,,,,0.363636,no_match
"Berkley, MI","berkley, mi",,,,,,,0.363636,no_match
Berlin,berlin,,,,,,,0.363636,no_match
Bilbao - Gijón,bilbao - gijón,,,,,,,0.363636,no_match
Blitar,blitar,,,,,,,0.363636,no_match
"Bodmin, Cornwall","bodmin, cornwall",,,,,,,0.363636,no_match
"Bonn, Germany","bonn, germany",,,,,,,0.363636,no_match
Boston/Cambridge,boston cambridge,,,,,,,0.363636,no_match
"Boulder, CO","boulder, co",,,,,,,0.363636,no_match
"Boulder, Colorado","boulder, colorado",,,,,,,0.363636,no_match
Brooklyn. Nomad.,brooklyn. nomad.,,,,,,,0.363636,no_match
CA,ca,,,,,,,0.363636,no_match
"Cabot, AR","cabot, ar",,,,,,,0.363636,no_match
"Campbell, CA","campbell, ca",,,,,,,0.363636,no_match
"Cartaya, España","cartaya, españa",,,,,,,0.363636,no_match
"Cedar Park, Texas","cedar park, texas",,,,,,,0.363636,no_match
Centerville,centerville,,,,,,,0.363636,no_match
Chez Chow,chez chow,,,,,,,0.363636,no_match
"Coyoacán, Distrito Federal","coyoacán, distrito federal",,,,,,,0.363636,no_match
Culemborg,culemborg,,,,,,,0.363636,no_match
Curicó,curicó,,,,,,,0.363636,no_match
"Curitiba, Brazil","curitiba, brazil",,,,,,,0.363636,no_match
"Dayton, Ohio","dayton, ohio",,,,,,,0.363636,no_match
Denmark & the www,denmark the www,,,,,,,0.363636,no_match
"Detroit, MI.","detroit, mi.",,,,,,,0.363636,no_match
EXCLUSIVE,exclusive,,,,,,,0.363636,no_match
"Edmonton, AB, CA","edmonton, ab, ca",,,,,,,0.363636,no_match
España,españa,,,,,,,0.363636,no_match
Extremadura - España,extremadura - españa,,,,,,,0.363636,no_match
"Fort Myers Beach, FL","fort myers beach, fl",,,,,,,0.363636,no_match
"Fort Thomas, KY","fort thomas, ky",,,,,,,0.363636,no_match
Fortaleza Ceará,fortaleza ceará,,,,,,,0.363636,no_match
"Gavà, Cataluña","gavà, cataluña",,,,,,,0.363636,no_match
Gaza Strip - Palestine,gaza strip - palestine,,,,,,,0.363636,no_match
Geneva,geneva,,,,,,,0.363636,no_match
"Gilbert, AZ","gilbert, az",,,,,,,0.363636,no_match
"Glenwood Springs, Colorado","glenwood springs, colorado",,,,,,,0.363636,no_match
Global,global,,,,,,,0.363636,no_match
"Granada, España","granada, españa",,,,,,,0.363636,no_match
"Guayaquil, EC","guayaquil, ec",,,,,,,0.363636,no_match
"Honolulu, HI","honolulu, hi",,,,,,,0.363636,no_match
I 38065 Mori,i 38065 mori,,,,,,,0.363636,no_match
I'll be there..,i ll be there..,,,,,,,0.363636,no_match
Impeach the fucker.,impeach the fucker.,,,,,,,0.363636,no_match
Innsbruck,innsbruck,,,,,,,0.363636,no_match
Israel,israel,,,,,,,0.363636,no_match
Jaipur,jaipur,,,,,,,0.363636,no_match
"Kalamazoo, MI","kalamazoo, mi",,,,,,,0.363636,no_match
"Kanagawa, Japan","kanagawa, japan",,,,,,,0.363636,no_match
Koeln,koeln,,,,,,,0.363636,no_match
Kyoto,kyoto,,,,,,,0.363636,no_match
Lahore,lahore,,,,,,,0.363636,no_match
"Lisbon, Portugal","lisbon, portugal",,,,,,,0.363636,no_match
"Liège, BE","liège, be",,,,,,,0.363636,no_match
MI,mi,,,,,,,0.363636,no_match
"Maarheeze, The Netherlands","maarheeze, the netherlands",,,,,,,0.363636,no_match
Manhattan - Upper West Side,manhattan - upper west side,,,,,,,0.363636,no_match
Mardel ♥,mardel,,,,,,,0.363636,no_match
"Marlborough, MA","marlborough, ma",,,,,,,0.363636,no_match
"Marysville, WA","marysville, wa",,,,,,,0.363636,no_match
"Minneapolis, Minnesota","minneapolis, minnesota",,,,,,,0.363636,no_match
"Missoula, MT","missoula, mt",,,,,,,0.363636,no_match
"Morrisville, NC","morrisville, nc",,,,,,,0.363636,no_match
"Mount Juliet, TN","mount juliet, tn",,,,,,,0.363636,no_match
NJ/NY,nj ny,,,,,,,0.363636,no_match
NM,nm,,,,,,,0.363636,no_match
Nancy,nancy,,,,,,,0.363636,no_match
Nashville,nashville,,,,,,,0.363636,no_match
Nearby,nearby,,,,,,,0.363636,no_match
"Oakville, Ontario","oakville, ontario",,,,,,,0.363636,no_match
Old Trafford  ✈,old trafford,,,,,,,0.363636,no_match
Olivos,olivos,,,,,,,0.363636,no_match
"Opwijk, Belgium","opwijk, belgium",,,,,,,0.363636,no_match
"Oroville, CA","oroville, ca",,,,,,,0.363636,no_match
Padova,padova,,,,,,,0.363636,no_match
"Papenveer, Nieuwkoop","papenveer, nieuwkoop",,,,,,,0.363636,no_match
"Perry Hall, MD","perry hall, md",,,,,,,0.363636,no_match
"Phillipston, MA","phillipston, ma",,,,,,,0.363636,no_match
"Poços de Caldas - MG, Brasil","poços de caldas - mg, brasil",,,,,,,0.363636,no_match
Prague,prague,,,,,,,0.363636,no_match
Prontera,prontera,,,,,,,0.363636,no_match
Puerta de Tannhäuser,puerta de tannhäuser,,,,,,,0.363636,no_match
"Quintana Roo, México","quintana roo, méxico",,,,,,,0.363636,no_match
Reggio Emilia,reggio emilia,,,,,,,0.363636,no_match
Rennes,rennes,,,,,,,0.363636,no_match
"River Forest, IL","river forest, il",,,,,,,0.363636,no_match
Rotterdam,rotterdam,,,,,,,0.363636,no_match
SGKR,sgkr,,,,,,,0.363636,no_match
"Saint-Petersburg, RU","saint-petersburg, ru",,,,,,,0.363636,no_match
"Salem, OH","salem, oh",,,,,,,0.363636,no_match
"Sant Boi de Llobregat, BCN.","sant boi de llobregat, bcn.",,,,,,,0.363636,no_match
"Sartell, MN","sartell, mn",,,,,,,0.363636,no_match
Sevilla (España),sevilla españa,,,,,,,0.363636,no_match
"Spring Hill, FL","spring hill, fl",,,,,,,0.363636,no_match
Stuttgart,stuttgart,,,,,,,0.363636,no_match
Temporarily .. on Earth!,temporarily .. on earth,,,,,,,0.363636,no_match
Togliatti,togliatti,,,,,,,0.363636,no_match
Tokyo,tokyo,,,,,,,0.363636,no_match
"Tokyo-to, Japan","tokyo-to, japan",,,,,,,0.363636,no_match
"Tulsa, OK","tulsa, ok",,,,,,,0.363636,no_match
"Turin, EU","turin, eu",,,,,,,0.363636,no_match
"Târgu Mureș, Mureș, România","târgu mureș, mureș, românia",,,,,,,0.363636,no_match
"Ulldecona, España","ulldecona, españa",,,,,,,0.363636,no_match
Univerzum,univerzum,,,,,,,0.363636,no_match
"Vancouver, B.C.","vancouver, b.c.",,,,,,,0.363636,no_match
Vigo,vigo,,,,,,,0.363636,no_match
Vila-seca,vila-seca,,,,,,,0.363636,no_match
"Waterloo, IA","waterloo, ia",,,,,,,0.363636,no_match
"Wayne, PA","wayne, pa",,,,,,,0.363636,no_match
West Hollywood | Beverly Hills,west hollywood beverly hills,,,,,,,0.363636,no_match
Weymouth - Greenwich,weymouth - greenwich,,,,,,,0.363636,no_match
World,world,,,,,,,0.363636,no_match
Zagreb,zagreb,,,,,,,0.363636,no_match
Zapopan Jal. mex.,zapopan jal. mex.,,,,,,,0.363636,no_match
Zaragoza España,zaragoza españa,,,,,,,0.363636,no_match
Zurich,zurich,,,,,,,0.363636,no_match
Zürich,zürich,,,,,,,0.363636,no_match
en Madrid pero de Ronda!,en madrid pero de ronda,,,,,,,0.363636,no_match
everywhere and nowhere,everywhere and nowhere,,,,,,,0.363636,no_match
planet bloomberg,planet bloomberg,,,,,,,0.363636,no_match
planet-earth-eh,planet-earth-eh,,,,,,,0.363636,no_match
scrivi@fabiopinna.me,scrivi fabiopinna.me,,,,,,,0.363636,no_match
siem reap,siem reap,,,,,,,0.363636,no_match
tokyo,tokyo,,,,,,,0.363636,no_match
world,world,,,,,,,0.363636,no_match
"HealthValley - Milan, Lombardy, Italy","healthvalley - milan, lombardy, italy",,,,,,,0.360656,no_match
"Pardubice, Česká republika","pardubice, česká republika",,,,,,,0.36,no_match
Petrópolis - RJ - Brasil,petrópolis - rj - brasil,,,,,,,0.36,no_match
"P█rt Moody, BC, Can█da","p rt moody, bc, can da",,,,,,,0.36,no_match
about.me/Schloss_Neubeuern,about.me schloss_neubeuern,,,,,,,0.36,no_match
"Ad Dawhah, Doha","ad dawhah, doha",,,,,,,0.358974,no_match
"Auburn, Alabama","auburn, alabama",,,,,,,0.358974,no_match
"Brussels (Vilvoorde), Belgium","brussels vilvoorde , belgium",,,,,,,0.358974,no_match
"Cuenca, Ecuador","cuenca, ecuador",,,,,,,0.358974,no_match
"Edertal, Hessen, Deutschland","edertal, hessen, deutschland",,,,,,,0.358974,no_match
It's Classified,it s classified,,,,,,,0.358974,no_match
Izmir Konak,izmir konak,,,,,,,0.358974,no_match
"Kuala Lumpur, Malaysia.","kuala lumpur, malaysia.",,,,,,,0.358974,no_match
MLG - CGK - JOG - TKG - DJB,mlg - cgk - jog - tkg - djb,,,,,,,0.358974,no_match
"Oakland, CA | SD, Vlogger","oakland, ca sd, vlogger",,,,,,,0.358974,no_match
Oaxaca vives en mí,oaxaca vives en mí,,,,,,,0.358974,no_match
"Pekanbaru - Yogyakarta, ID","pekanbaru - yogyakarta, id",,,,,,,0.358974,no_match
"Seaham, County Durham","seaham, county durham",,,,,,,0.358974,no_match
"Upper Marlboro, MD","upper marlboro, md",,,,,,,0.358974,no_match
"Warrenville, IL","warrenville, il",,,,,,,0.358974,no_match
malacca-selangor-perlis,malacca-selangor-perlis,,,,,,,0.358974,no_match
#ATX via #DC,atx via dc,,,,,,,0.357143,no_match
"Antalya, Turkey","antalya, turkey",,,,,,,0.357143,no_match
"Austin, TX","austin, tx",,,,,,,0.357143,no_match
"Austin, Tx","austin, tx",,,,,,,0.357143,no_match
"Bensalem, PA","bensalem, pa",,,,,,,0.357143,no_match
"Berkeley, CA","berkeley, ca",,,,,,,0.357143,no_match
"Brussels, Belgium","brussels, belgium",,,,,,,0.357143,no_match
Burghfield Common,burghfield common,,,,,,,0.357143,no_match
Cergy-Pontoise,cergy-pontoise,,,,,,,0.357143,no_match
"Córdoba, España","córdoba, españa",,,,,,,0.357143,no_match
"Dallas, Grapevine, Texas, TX","dallas, grapevine, texas, tx",,,,,,,0.357143,no_match
Dimension C-137,dimension c-137,,,,,,,0.357143,no_match
"Dubai, UAE","dubai, uae",,,,,,,0.357143,no_match
Dubai. UAE,dubai. uae,,,,,,,0.357143,no_match
"Durham, NC","durham, nc",,,,,,,0.357143,no_match
Earth. Just beneath surface.,earth. just beneath surface.,,,,,,,0.357143,no_match
Kazakhstan,kazakhstan,,,,,,,0.357143,no_match
"Kennesaw, GA","kennesaw, ga",,,,,,,0.357143,no_match
Kuala Lumpur,kuala lumpur,,,,,,,0.357143,no_match
"Leesburg, VA","leesburg, va",,,,,,,0.357143,no_match
"Liege, Belgium","liege, belgium",,,,,,,0.357143,no_match
Madiun - Depok,madiun - depok,,,,,,,0.357143,no_match
"Magnolia, TX","magnolia, tx",,,,,,,0.357143,no_match
"México, DF","méxico, df",,,,,,,0.357143,no_match
"Nordrhein-Westfalen, Deutschland","nordrhein-westfalen, deutschland",,,,,,,0.357143,no_match
"Norway, Oslo","norway, oslo",,,,,,,0.357143,no_match
"Olathe, KS","olathe, ks",,,,,,,0.357143,no_match
"Onalaska, WI","onalaska, wi",,,,,,,0.357143,no_match
Oosterzee-Buren,oosterzee-buren,,,,,,,0.357143,no_match
"Oslo, Norway","oslo, norway",,,,,,,0.357143,no_match
"Pop Culture, Zeitgest  ↔ NY, NY","pop culture, zeitgest ny, ny",,,,,,,0.357143,no_match
"Québec, Canada","québec, canada",,,,,,,0.357143,no_match
"Rahway, NJ","rahway, nj",,,,,,,0.357143,no_match
"Snoqualmie, WA","snoqualmie, wa",,,,,,,0.357143,no_match
"St Petersburg, FL","st petersburg, fl",,,,,,,0.357143,no_match
"St. Paul, MN","st. paul, mn",,,,,,,0.357143,no_match
Strawberry Land,strawberry land,,,,,,,0.357143,no_match
Strawberry Palace,strawberry palace,,,,,,,0.357143,no_match
"Tezoyuca, Morelos","tezoyuca, morelos",,,,,,,0.357143,no_match
Vaduz & Feldkirch,vaduz feldkirch,,,,,,,0.357143,no_match
Våler i Østfold,våler i østfold,,,,,,,0.357143,no_match
"Üsküdar, İstanbul","üsküdar, i stanbul",,,,,,,0.357143,no_match
"Bredbury, England","bredbury, england",,,,,,,0.355556,no_match
Dünyanın İçinden!,dünyanın i çinden,,,,,,,0.355556,no_match
Enframed by Games,enframed by games,,,,,,,0.355556,no_match
"Guadalajara, Jalisco,México","guadalajara, jalisco,méxico",,,,,,,0.355556,no_match
"Hillsboro, Oregon","hillsboro, oregon",,,,,,,0.355556,no_match
"Hudsonville, Michigan","hudsonville, michigan",,,,,,,0.355556,no_match
"Monterrey, Nuevo León","monterrey, nuevo león",,,,,,,0.355556,no_match
"Sombrerete, Zacatecas","sombrerete, zacatecas",,,,,,,0.355556,no_match
"Srinagar, Jammu and Kashmir","srinagar, jammu and kashmir",,,,,,,0.355556,no_match
"Tegucigalpa, Honduras","tegucigalpa, honduras",,,,,,,0.355556,no_match
"Valladolid, Munich, Anywhere.","valladolid, munich, anywhere.",,,,,,,0.355556,no_match
everywhere you see me,everywhere you see me,,,,,,,0.355556,no_match
#PortsmouthNH,portsmouthnh,,,,,,,0.352941,no_match
"Bologna, Emilia Romagna","bologna, emilia romagna",,,,,,,0.352941,no_match
COK | BLR | DXB,cok blr dxb,,,,,,,0.352941,no_match
"Cagayan de Oro, Philippines","cagayan de oro, philippines",,,,,,,0.352941,no_match
Colombia,colombia,,,,,,,0.352941,no_match
Connecticut,connecticut,,,,,,,0.352941,no_match
"DF y siempre que puedo, el mar","df y siempre que puedo, el mar",,,,,,,0.352941,no_match
Death Star,death star,,,,,,,0.352941,no_match
Donauwoerth,donauwoerth,,,,,,,0.352941,no_match
"Dresden, Germany","dresden, germany",,,,,,,0.352941,no_match
"Earth 34, Solar System 3...","earth 34, solar system 3...",,,,,,,0.352941,no_match
El país de Octubre,el país de octubre,,,,,,,0.352941,no_match
"Emerson College, Boston","emerson college, boston",,,,,,,0.352941,no_match
Ernakulam,ernakulam,,,,,,,0.352941,no_match
Everywhere sneakerheads are,everywhere sneakerheads are,,,,,,,0.352941,no_match
GREECE,greece,,,,,,,0.352941,no_match
Genève,genève,,,,,,,0.352941,no_match
Greece,greece,,,,,,,0.352941,no_match
Guatemaya,guatemaya,,,,,,,0.352941,no_match
Guayaquil,guayaquil,,,,,,,0.352941,no_match
Hier,hier,,,,,,,0.352941,no_match
"Hoboken, NJ","hoboken, nj",,,,,,,0.352941,no_match
"Houston, TX","houston, tx",,,,,,,0.352941,no_match
Iowa,iowa,,,,,,,0.352941,no_match
"Ipswich, Australia","ipswich, australia",,,,,,,0.352941,no_match
Izrael,izrael,,,,,,,0.352941,no_match
"Jackson Hole, WY","jackson hole, wy",,,,,,,0.352941,no_match
"Jasper, TN","jasper, tn",,,,,,,0.352941,no_match
Joao Pessoa - PB,joao pessoa - pb,,,,,,,0.352941,no_match
"Knoxville, Tennessee","knoxville, tennessee",,,,,,,0.352941,no_match
"Kolding, Denmark","kolding, denmark",,,,,,,0.352941,no_match
Küçükçekmece - Istanbul,küçükçekmece - istanbul,,,,,,,0.352941,no_match
"Leipzig, Germany","leipzig, germany",,,,,,,0.352941,no_match
"León, Guanajuato","león, guanajuato",,,,,,,0.352941,no_match
"Maceió, Alagoas - Brasil","maceió, alagoas - brasil",,,,,,,0.352941,no_match
"Medford, OR","medford, or",,,,,,,0.352941,no_match
"Ocala, FL","ocala, fl",,,,,,,0.352941,no_match
Oklahoma,oklahoma,,,,,,,0.352941,no_match
Pennsylvania,pennsylvania,,,,,,,0.352941,no_match
"Pinto,España","pinto,españa",,,,,,,0.352941,no_match
Pompeia - SP,pompeia - sp,,,,,,,0.352941,no_match
"Puerto Ordaz, Venezuela","puerto ordaz, venezuela",,,,,,,0.352941,no_match
Pune,pune,,,,,,,0.352941,no_match
RS-Brazil,rs-brazil,,,,,,,0.352941,no_match
Roma,roma,,,,,,,0.352941,no_match
Stockholm,stockholm,,,,,,,0.352941,no_match
"Stuart, FL","stuart, fl",,,,,,,0.352941,no_match
Szczecin,szczecin,,,,,,,0.352941,no_match
"Tampa, FL","tampa, fl",,,,,,,0.352941,no_match
"Topeka, KS","topeka, ks",,,,,,,0.352941,no_match
"Trelleborg, Sweden","trelleborg, sweden",,,,,,,0.352941,no_match
Vasai (Baçaím/Bassein) (वसई),vasai baçaím bassein वसई,,,,,,,0.352941,no_match
"Weston-super-Mare, Somerset","weston-super-mare, somerset",,,,,,,0.352941,no_match
Wuppertal,wuppertal,,,,,,,0.352941,no_match
"Zaragoza, España","zaragoza, españa",,,,,,,0.352941,no_match
alam bawah sadarmu,alam bawah sadarmu,,,,,,,0.352941,no_match
http://antoniovchanal.com,http antoniovchanal.com,,,,,,,0.352941,no_match
roma,roma,,,,,,,0.352941,no_match
stockholm,stockholm,,,,,,,0.352941,no_match
Bartki Portkih!!بارتكي بورتكيه,bartki portkih بارتكي بورتكيه,,,,,,,0.350877,no_match
"Monterrey, Nuevo León, México","monterrey, nuevo león, méxico",,,,,,,0.350877,no_match
"Airdrie, Alberta","airdrie, alberta",,,,,,,0.35,no_match
"Belmez, Córdoba, Sevilla","belmez, córdoba, sevilla",,,,,,,0.35,no_match
Cuenca - Ecuador,cuenca - ecuador,,,,,,,0.35,no_match
"Kumamoto-shi, Kumamoto","kumamoto-shi, kumamoto",,,,,,,0.35,no_match
"Menomonee Falls, WI","menomonee falls, wi",,,,,,,0.35,no_match
"Monterrey, N.L. México","monterrey, n.l. méxico",,,,,,,0.35,no_match
"Montevideo, Uruguay","montevideo, uruguay",,,,,,,0.35,no_match
"Montreal, Quebec","montreal, quebec",,,,,,,0.35,no_match
"Montréal, Québec","montréal, québec",,,,,,,0.35,no_match
Mostly NM. Occasionally NY.,mostly nm. occasionally ny.,,,,,,,0.35,no_match
"Perth, Australia","perth, australia",,,,,,,0.35,no_match
Porto - Portugal,porto - portugal,,,,,,,0.35,no_match
Stuttgart • Dallas • ATL • DMV,stuttgart dallas atl dmv,,,,,,,0.35,no_match
Vallès Occidental (Europa),vallès occidental europa,,,,,,,0.35,no_match
Vancouver & worldwide,vancouver worldwide,,,,,,,0.35,no_match
Vancouver / Islamabad,vancouver islamabad,,,,,,,0.35,no_match
"Veracruz, Poza Rica de Hidalgo","veracruz, poza rica de hidalgo",,,,,,,0.35,no_match
"bogota, colombia","bogota, colombia",,,,,,,0.35,no_match
henndorf a.w. | salzburg,henndorf a.w. salzburg,,,,,,,0.35,no_match
"#PDX, World","pdx, world",,,,,,,0.347826,no_match
"Catalonia, Europe","catalonia, europe",,,,,,,0.347826,no_match
"Columbus, OH","columbus, oh",,,,,,,0.347826,no_match
"Cupertino, CA","cupertino, ca",,,,,,,0.347826,no_match
Cyberspace,cyberspace,,,,,,,0.347826,no_match
De aquí mismo,de aquí mismo,,,,,,,0.347826,no_match
"Denville, NJ","denville, nj",,,,,,,0.347826,no_match
Derbyshire,derbyshire,,,,,,,0.347826,no_match
"Desoto, TX","desoto, tx",,,,,,,0.347826,no_match
"Elmira, NY","elmira, ny",,,,,,,0.347826,no_match
"Emmaus, PA","emmaus, pa",,,,,,,0.347826,no_match
Global.,global.,,,,,,,0.347826,no_match
"Izmir, TR","izmir, tr",,,,,,,0.347826,no_match
"Lima, Peru","lima, peru",,,,,,,0.347826,no_match
"Lima, Perú","lima, perú",,,,,,,0.347826,no_match
Lisbon - PORTUGAL,lisbon - portugal,,,,,,,0.347826,no_match
Lisbon - Portugal,lisbon - portugal,,,,,,,0.347826,no_match
"Lousada, Portugal","lousada, portugal",,,,,,,0.347826,no_match
MOnterrey,monterrey,,,,,,,0.347826,no_match
Megara/Greece,megara greece,,,,,,,0.347826,no_match
"Milwaukee, WI","milwaukee, wi",,,,,,,0.347826,no_match
"Minha casa, procura no Google.","minha casa, procura no google.",,,,,,,0.347826,no_match
Monterrey,monterrey,,,,,,,0.347826,no_match
"Montreal, QC","montreal, qc",,,,,,,0.347826,no_match
Málaga (España),málaga españa,,,,,,,0.347826,no_match
Nacka,nacka,,,,,,,0.347826,no_match
Novo Hamburgo,novo hamburgo,,,,,,,0.347826,no_match
"Odessa, TX","odessa, tx",,,,,,,0.347826,no_match
"Palermo, Sicily, Italy, Europe","palermo, sicily, italy, europe",,,,,,,0.347826,no_match
"Palm Beach, FL","palm beach, fl",,,,,,,0.347826,no_match
"Penryn, CA","penryn, ca",,,,,,,0.347826,no_match
"Peru, Lima","peru, lima",,,,,,,0.347826,no_match
"Podbořany, Czech Republic","podbořany, czech republic",,,,,,,0.347826,no_match
"Quincy, IL","quincy, il",,,,,,,0.347826,no_match
"Quincy, MA","quincy, ma",,,,,,,0.347826,no_match
"RJ, Brasil","rj, brasil",,,,,,,0.347826,no_match
"Raleigh-Durham, NC","raleigh-durham, nc",,,,,,,0.347826,no_match
"Seattle, NYC, Dallas, et al.","seattle, nyc, dallas, et al.",,,,,,,0.347826,no_match
"Sevilla, España","sevilla, españa",,,,,,,0.347826,no_match
"Slovenia, EU","slovenia, eu",,,,,,,0.347826,no_match
"Surrey, BC, Canada","surrey, bc, canada",,,,,,,0.347826,no_match
"Terrebonne, QC, Canada","terrebonne, qc, canada",,,,,,,0.347826,no_match
"Tomsk, Russia","tomsk, russia",,,,,,,0.347826,no_match
"Toulouse, FR","toulouse, fr",,,,,,,0.347826,no_match
"Vallda, Kungsbacka, Göteborg","vallda, kungsbacka, göteborg",,,,,,,0.347826,no_match
"Vienna, VA","vienna, va",,,,,,,0.347826,no_match
"Waxhaw, NC","waxhaw, nc",,,,,,,0.347826,no_match
Western NY,western ny,,,,,,,0.347826,no_match
Winterthur,winterthur,,,,,,,0.347826,no_match
"biloxi, ms","biloxi, ms",,,,,,,0.347826,no_match
deep thought,deep thought,,,,,,,0.347826,no_match
democracyfund.org,democracyfund.org,,,,,,,0.347826,no_match
Contact: me@mrbambang.com,contact me mrbambang.com,,,,,,,0.346154,no_match
"Sharewood - Terceira, Azores","sharewood - terceira, azores",,,,,,,0.346154,no_match
"St-Georges-de-Beauce, Québec","st-georges-de-beauce, québec",,,,,,,0.346154,no_match
Ya ipod's playlist Worldwide,ya ipod s playlist worldwide,,,,,,,0.346154,no_match
"Bor, Serbia","bor, serbia",,,,,,,0.344828,no_match
Brussel / Luxembourg,brussel luxembourg,,,,,,,0.344828,no_match
"Curitiba, PR, BR","curitiba, pr, br",,,,,,,0.344828,no_match
"Deerfield, IL","deerfield, il",,,,,,,0.344828,no_match
Digital Influencer - Denver CO,digital influencer - denver co,,,,,,,0.344828,no_match
Edinburgh  / Cape Town,edinburgh cape town,,,,,,,0.344828,no_match
Fukuoka-shi Chuo-ku,fukuoka-shi chuo-ku,,,,,,,0.344828,no_match
"Hamburg, Germany","hamburg, germany",,,,,,,0.344828,no_match
"Hollywood, CA","hollywood, ca",,,,,,,0.344828,no_match
"Hollywood, Ca","hollywood, ca",,,,,,,0.344828,no_match
Lapa/SãoPaulo,lapa sãopaulo,,,,,,,0.344828,no_match
"Leuven, Belgium","leuven, belgium",,,,,,,0.344828,no_match
"Listuguj, Québec","listuguj, québec",,,,,,,0.344828,no_match
"Lubbock, TX","lubbock, tx",,,,,,,0.344828,no_match
Medellín - Colombia,medellín - colombia,,,,,,,0.344828,no_match
Mexico D.F.,mexico d.f.,,,,,,,0.344828,no_match
México D.F.,méxico d.f.,,,,,,,0.344828,no_match
"Norfolk, VA","norfolk, va",,,,,,,0.344828,no_match
Outer Space,outer space,,,,,,,0.344828,no_match
Pale Blue Dot,pale blue dot,,,,,,,0.344828,no_match
"Poipu, Kauai, Hawaii","poipu, kauai, hawaii",,,,,,,0.344828,no_match
"Rothenburg, Schweiz","rothenburg, schweiz",,,,,,,0.344828,no_match
St. Louis Missouri,st. louis missouri,,,,,,,0.344828,no_match
"Tlapa, Gro.","tlapa, gro.",,,,,,,0.344828,no_match
Toulouse,toulouse,,,,,,,0.344828,no_match
"Venezia, Veneto","venezia, veneto",,,,,,,0.344828,no_match
Wetzikon / Zurich,wetzikon zurich,,,,,,,0.344828,no_match
"Woodstock, GA","woodstock, ga",,,,,,,0.344828,no_match
"zagreb, hrvatska","zagreb, hrvatska",,,,,,,0.344828,no_match
At my MacBook Pro,at my macbook pro,,,,,,,0.342857,no_match
Bogota D.C.,bogota d.c.,,,,,,,0.342857,no_match
"Carrollton, TX","carrollton, tx",,,,,,,0.342857,no_match
"Ciudad de México, México.","ciudad de méxico, méxico.",,,,,,,0.342857,no_match
"De Soto, Missouri","de soto, missouri",,,,,,,0.342857,no_match
"Deerfield Beach, FL","deerfield beach, fl",,,,,,,0.342857,no_match
"Dietikon, Schweiz","dietikon, schweiz",,,,,,,0.342857,no_match
"Doylestown, PA","doylestown, pa",,,,,,,0.342857,no_match
"Fortaleza, Ceará.","fortaleza, ceará.",,,,,,,0.342857,no_match
"Fuquay-Varina, NC","fuquay-varina, nc",,,,,,,0.342857,no_match
Hamburg - Germany,hamburg - germany,,,,,,,0.342857,no_match
I choose both.,i choose both.,,,,,,,0.342857,no_match
"Jakarta, ID","jakarta, id",,,,,,,0.342857,no_match
"Overland Park, KS","overland park, ks",,,,,,,0.342857,no_match
Penang - Malaysia,penang - malaysia,,,,,,,0.342857,no_match
"Phoenix, AZ","phoenix, az",,,,,,,0.342857,no_match
"Putnam Valley, NY","putnam valley, ny",,,,,,,0.342857,no_match
"Waltham, MA","waltham, ma",,,,,,,0.342857,no_match
Zaragoza y Tudela,zaragoza y tudela,,,,,,,0.342857,no_match
"Aurskog, Akershus, Norway","aurskog, akershus, norway",,,,,,,0.341463,no_match
"Grapevine, TX","grapevine, tx",,,,,,,0.341463,no_match
Madrid-Peñíscola-Madrid,madrid-peñíscola-madrid,,,,,,,0.341463,no_match
"Querétaro, México","querétaro, méxico",,,,,,,0.341463,no_match
Québec region,québec region,,,,,,,0.341463,no_match
From here y de allá,from here y de allá,,,,,,,0.340426,no_match
"Pickleberry Farm, Webster, MN","pickleberry farm, webster, mn",,,,,,,0.340426,no_match
"Wollongong, NSW, Australia","wollongong, nsw, australia",,,,,,,0.340426,no_match
"czech republic, havirov","czech republic, havirov",,,,,,,0.340426,no_match
"potenza, via sicilia 67","potenza, via sicilia 67",,,,,,,0.340426,no_match
youtube.com/c/tujuhrupa,youtube.com c tujuhrupa,,,,,,,0.340426,no_match
Etxebarri / Basauri (Bizkaia),etxebarri basauri bizkaia,,,,,,,0.339623,no_match
"Morocco,Casablanca,Mohammedia","morocco,casablanca,mohammedia",,,,,,,0.339623,no_match
"Rifleville, Wood$tock Academy","rifleville, wood tock academy",,,,,,,0.339623,no_match
"Trois-Rivières, #MTL, Le Monde","trois-rivières, mtl, le monde",,,,,,,0.339623,no_match
#NorCal,norcal,,,,,,,0.333333,no_match
(Jog)Jakarta,jog jakarta,,,,,,,0.333333,no_match
416-TOR-ONTO,416-tor-onto,,,,,,,0.333333,no_match
Away,away,,,,,,,0.333333,no_match
BIT Library,bit library,,,,,,,0.333333,no_match
"Baden-Württemberg, Germany","baden-württemberg, germany",,,,,,,0.333333,no_match
"Bedford, MA","bedford, ma",,,,,,,0.333333,no_match
Belém - Brasil,belém - brasil,,,,,,,0.333333,no_match
Bogotá Col.,bogotá col.,,,,,,,0.333333,no_match
Bogotá D.C.,bogotá d.c.,,,,,,,0.333333,no_match
Borehamwood,borehamwood,,,,,,,0.333333,no_match
"Brooklyn, NY","brooklyn, ny",,,,,,,0.333333,no_match
CA «» BK «» DC,ca bk dc,,,,,,,0.333333,no_match
CLT via BFLO,clt via bflo,,,,,,,0.333333,no_match
Cadaqués - Barcelona,cadaqués - barcelona,,,,,,,0.333333,no_match
Chandler AZ. 85248,chandler az. 85248,,,,,,,0.333333,no_match
"Clearwater Beach, FL","clearwater beach, fl",,,,,,,0.333333,no_match
"Clearwater, FL","clearwater, fl",,,,,,,0.333333,no_match
"ColaBora-Bora , Blue Ocean","colabora-bora , blue ocean",,,,,,,0.333333,no_match
"Cuautitlán Izcalli, México","cuautitlán izcalli, méxico",,,,,,,0.333333,no_match
Czech Republic,czech republic,,,,,,,0.333333,no_match
Dallas-Forth Worth Metro,dallas-forth worth metro,,,,,,,0.333333,no_match
Decatur,decatur,,,,,,,0.333333,no_match
Denver,denver,,,,,,,0.333333,no_match
Douglassville PA,douglassville pa,,,,,,,0.333333,no_match
Dresden,dresden,,,,,,,0.333333,no_match
Dublin,dublin,,,,,,,0.333333,no_match
"Duluth, GA","duluth, ga",,,,,,,0.333333,no_match
Ecuador,ecuador,,,,,,,0.333333,no_match
Edinburgh,edinburgh,,,,,,,0.333333,no_match
"Essen, Nordrhein-Westfalen, De","essen, nordrhein-westfalen, de",,,,,,,0.333333,no_match
Euskadi,euskadi,,,,,,,0.333333,no_match
"Ft. Lauderdale, FL","ft. lauderdale, fl",,,,,,,0.333333,no_match
Gallifrey,gallifrey,,,,,,,0.333333,no_match
Georgia,georgia,,,,,,,0.333333,no_match
"Gettysburg, PA","gettysburg, pa",,,,,,,0.333333,no_match
Gijón. España,gijón. españa,,,,,,,0.333333,no_match
"Greenville,SC & everywhere","greenville,sc everywhere",,,,,,,0.333333,no_match
"Heerlen-Centrum, Heerlen","heerlen-centrum, heerlen",,,,,,,0.333333,no_match
Heidelberg,heidelberg,,,,,,,0.333333,no_match
Hollywood/Everywhere,hollywood everywhere,,,,,,,0.333333,no_match
"Honolulu, Hawaii","honolulu, hawaii",,,,,,,0.333333,no_match
INTJ-ville,intj-ville,,,,,,,0.333333,no_match
Iraq,iraq,,,,,,,0.333333,no_match
JAKARTA,jakarta,,,,,,,0.333333,no_match
Jakarta,jakarta,,,,,,,0.333333,no_match
Jakarta - Solo,jakarta - solo,,,,,,,0.333333,no_match
Jet-Setting,jet-setting,,,,,,,0.333333,no_match
"Joliet, IL","joliet, il",,,,,,,0.333333,no_match
"Jundiaí, SP","jundiaí, sp",,,,,,,0.333333,no_match
"Kassel, Hessen","kassel, hessen",,,,,,,0.333333,no_match
Kiev,kiev,,,,,,,0.333333,no_match
"Lakeway, TX","lakeway, tx",,,,,,,0.333333,no_match
"Lewisville, TX","lewisville, tx",,,,,,,0.333333,no_match
Lima - Peru,lima - peru,,,,,,,0.333333,no_match
"Littlehampton, West Sussex","littlehampton, west sussex",,,,,,,0.333333,no_match
Lleida,lleida,,,,,,,0.333333,no_match
Lucca,lucca,,,,,,,0.333333,no_match
"Luleå, Sweden","luleå, sweden",,,,,,,0.333333,no_match
Luzern,luzern,,,,,,,0.333333,no_match
"Lynnwood, WA","lynnwood, wa",,,,,,,0.333333,no_match
Macau,macau,,,,,,,0.333333,no_match
"Mad, Bcn, Zgz, Vln, Grn, Alb,.","mad, bcn, zgz, vln, grn, alb,.",,,,,,,0.333333,no_match
"Malmö, Sweden","malmö, sweden",,,,,,,0.333333,no_match
"Medford, MA","medford, ma",,,,,,,0.333333,no_match
Mexico,mexico,,,,,,,0.333333,no_match
"Mill Creek, WA","mill creek, wa",,,,,,,0.333333,no_match
"Monterrey, MX","monterrey, mx",,,,,,,0.333333,no_match
"Monterrey, Mx","monterrey, mx",,,,,,,0.333333,no_match
Moscow,moscow,,,,,,,0.333333,no_match
"Moóca, SP/SP/BR","moóca, sp sp br",,,,,,,0.333333,no_match
Málaga - A45 - Córdoba,málaga - a45 - córdoba,,,,,,,0.333333,no_match
"México, D.F.","méxico, d.f.",,,,,,,0.333333,no_match
Navarra,navarra,,,,,,,0.333333,no_match
"Navarra, Comunidad Foral de Na","navarra, comunidad foral de na",,,,,,,0.333333,no_match
Norway,norway,,,,,,,0.333333,no_match
Novosibirsk,novosibirsk,,,,,,,0.333333,no_match
Oxford,oxford,,,,,,,0.333333,no_match
"Paphos, Cyprus","paphos, cyprus",,,,,,,0.333333,no_match
"Penzance, Cornwall","penzance, cornwall",,,,,,,0.333333,no_match
"Petersburg, VA","petersburg, va",,,,,,,0.333333,no_match
Porto Velho,porto velho,,,,,,,0.333333,no_match
Potsdam,potsdam,,,,,,,0.333333,no_match
"Poznań, Polska","poznań, polska",,,,,,,0.333333,no_match
"Praha, CZ","praha, cz",,,,,,,0.333333,no_match
"Praha, Czech Republic","praha, czech republic",,,,,,,0.333333,no_match
Puteaux,puteaux,,,,,,,0.333333,no_match
Raleigh,raleigh,,,,,,,0.333333,no_match
"Rochester, NY","rochester, ny",,,,,,,0.333333,no_match
Rome,rome,,,,,,,0.333333,no_match
Rotterdam    ///FX///,rotterdam fx,,,,,,,0.333333,no_match
"SF,CA~","sf,ca",,,,,,,0.333333,no_match
Sapporo,sapporo,,,,,,,0.333333,no_match
"Seabrook, TX","seabrook, tx",,,,,,,0.333333,no_match
Seoul,seoul,,,,,,,0.333333,no_match
"Seoul, Korea","seoul, korea",,,,,,,0.333333,no_match
Shoreham-by-Sea,shoreham-by-sea,,,,,,,0.333333,no_match
"Silverdale, WA","silverdale, wa",,,,,,,0.333333,no_match
SoCal,socal,,,,,,,0.333333,no_match
"Sorocaba, SP","sorocaba, sp",,,,,,,0.333333,no_match
"Speyer, Pfalz","speyer, pfalz",,,,,,,0.333333,no_match
Suiza,suiza,,,,,,,0.333333,no_match
Surat,surat,,,,,,,0.333333,no_match
Sweden,sweden,,,,,,,0.333333,no_match
"Syracuse, NY 13210","syracuse, ny 13210",,,,,,,0.333333,no_match
"São José, SC","são josé, sc",,,,,,,0.333333,no_match
TX y'all,tx y all,,,,,,,0.333333,no_match
Turku,turku,,,,,,,0.333333,no_match
"Tystberga, Sweden","tystberga, sweden",,,,,,,0.333333,no_match
Türkiye,türkiye,,,,,,,0.333333,no_match
Utah,utah,,,,,,,0.333333,no_match
Verona,verona,,,,,,,0.333333,no_match
Verviers / Belgium,verviers belgium,,,,,,,0.333333,no_match
WORLDWIDE,worldwide,,,,,,,0.333333,no_match
"Wien, Österreich","wien, österreich",,,,,,,0.333333,no_match
Worldwide,worldwide,,,,,,,0.333333,no_match
"brown deer, wi","brown deer, wi",,,,,,,0.333333,no_match
ecuador,ecuador,,,,,,,0.333333,no_match
jakarta,jakarta,,,,,,,0.333333,no_match
kb/bb,kb bb,,,,,,,0.333333,no_match
madrid - zamora,madrid - zamora,,,,,,,0.333333,no_match
nowhere,nowhere,,,,,,,0.333333,no_match
"rockford, il","rockford, il",,,,,,,0.333333,no_match
rome,rome,,,,,,,0.333333,no_match
south swiss,south swiss,,,,,,,0.333333,no_match
sweden,sweden,,,,,,,0.333333,no_match
worldwide,worldwide,,,,,,,0.333333,no_match
└A,a,,,,,,,0.333333,no_match
Divisópolis | V. da Conquista,divisópolis v. da conquista,,,,,,,0.327273,no_match
Zafra//Cáceres//Extremadura,zafra cáceres extremadura,,,,,,,0.326531,no_match
"Bogotá, D.C., Colombia","bogotá, d.c., colombia",,,,,,,0.325581,no_match
"CDMX  - Cuernavaca, México","cdmx - cuernavaca, méxico",,,,,,,0.325581,no_match
"Fort Lauderdale, FL","fort lauderdale, fl",,,,,,,0.325581,no_match
Frankfurt / DE / Europe,frankfurt de europe,,,,,,,0.325581,no_match
Hudson River Valley,hudson river valley,,,,,,,0.325581,no_match
Jambi - Jakarta,jambi - jakarta,,,,,,,0.325581,no_match
"Lake Macquarie, NSW, 2283","lake macquarie, nsw, 2283",,,,,,,0.325581,no_match
Sevilla Cluster BSD,sevilla cluster bsd,,,,,,,0.325581,no_match
Somewhere... out there...,somewhere... out there...,,,,,,,0.325581,no_match
"Bogotá, Colombia","bogotá, colombia",,,,,,,0.324324,no_match
"Bremerton, WA","bremerton, wa",,,,,,,0.324324,no_match
"Gothenburg, Sweden.","gothenburg, sweden.",,,,,,,0.324324,no_match
Makkah Al Mukarrama,makkah al mukarrama,,,,,,,0.324324,no_match
Massachusetts,massachusetts,,,,,,,0.324324,no_match
"Palm Desert, Ca 92260","palm desert, ca 92260",,,,,,,0.324324,no_match
"Rio de Janeiro,RJ,BRA","rio de janeiro,rj,bra",,,,,,,0.324324,no_match
"Tarrytown, NY","tarrytown, ny",,,,,,,0.324324,no_match
"Watertown, MN","watertown, mn",,,,,,,0.324324,no_match
"Česká republika, Chrudim","česká republika, chrudim",,,,,,,0.324324,no_match
"Albacete,España","albacete,españa",,,,,,,0.322581,no_match
"Bilbao,España","bilbao,españa",,,,,,,0.322581,no_match
"México, D. F.","méxico, d. f.",,,,,,,0.322581,no_match
"Nashville, Tennessee","nashville, tennessee",,,,,,,0.322581,no_match
"Uppsala, Sweden","uppsala, sweden",,,,,,,0.322581,no_match
"Verviers, Belgium","verviers, belgium",,,,,,,0.322581,no_match
"Weaverville, NC","weaverville, nc",,,,,,,0.322581,no_match
World 2.0 - Bx - Bio,world 2.0 - bx - bio,,,,,,,0.322581,no_match
"Grossneumarkt, 20355 Hamburg","grossneumarkt, 20355 hamburg",,,,,,,0.321429,no_match
Aarhus - Denmark,aarhus - denmark,,,,,,,0.32,no_match
"Cambridge, UK. CB4 0WS","cambridge, uk. cb4 0ws",,,,,,,0.32,no_match
"Cebu, Philippines","cebu, philippines",,,,,,,0.32,no_match
"Columbus, Ohio","columbus, ohio",,,,,,,0.32,no_match
"Concepción,Chile","concepción,chile",,,,,,,0.32,no_match
"Cozumel, Mexico","cozumel, mexico",,,,,,,0.32,no_match
DLH  ✈️ PVD  ✈️  MSP,dlh pvd msp,,,,,,,0.32,no_match
"Düsseldorf, Germany","düsseldorf, germany",,,,,,,0.32,no_match
"Georgetown, KY","georgetown, ky",,,,,,,0.32,no_match
"Oulu, Suomi","oulu, suomi",,,,,,,0.32,no_match
"St. Joseph, MO","st. joseph, mo",,,,,,,0.32,no_match
"Tacoma, WA | http://david.qa/d","tacoma, wa http david.qa d",,,,,,,0.32,no_match
The 215,the 215,,,,,,,0.32,no_match
Belgique - Namur,belgique - namur,,,,,,,0.318182,no_match
I.E. 909/951 CALIFORNIA,i.e. 909 951 california,,,,,,,0.318182,no_match
"Ulm, Fotostudio Neu-Ulm","ulm, fotostudio neu-ulm",,,,,,,0.318182,no_match
"Álvaro Obregón, CDMX","álvaro obregón, cdmx",,,,,,,0.318182,no_match
Belgique,belgique,,,,,,,0.315789,no_match
Bogotá - Colombia,bogotá - colombia,,,,,,,0.315789,no_match
Brussels,brussels,,,,,,,0.315789,no_match
Europe,europe,,,,,,,0.315789,no_match
Exeter,exeter,,,,,,,0.315789,no_match
"Giza, Egypt","giza, egypt",,,,,,,0.315789,no_match
Guadalajara,guadalajara,,,,,,,0.315789,no_match
Heddesheim,heddesheim,,,,,,,0.315789,no_match
"Kyle, TX","kyle, tx",,,,,,,0.315789,no_match
México,méxico,,,,,,,0.315789,no_match
"Olasrudveien 152, 1284 Oslo","olasrudveien 152, 1284 oslo",,,,,,,0.315789,no_match
Platform 9 3/4,platform 9 3 4,,,,,,,0.315789,no_match
Ruhrgebiet,ruhrgebiet,,,,,,,0.315789,no_match
"Troy, NY","troy, ny",,,,,,,0.315789,no_match
Turkey,turkey,,,,,,,0.315789,no_match
Ulaanbaatar,ulaanbaatar,,,,,,,0.315789,no_match
Wolverhampton,wolverhampton,,,,,,,0.315789,no_match
guadalajara,guadalajara,,,,,,,0.315789,no_match
Palestine - Gaza غزة فلسطين,palestine - gaza غزة فلسطين,,,,,,,0.313725,no_match
astrid_amalia@yahoo.com,astrid_amalia yahoo.com,,,,,,,0.313725,no_match
"Sommacampagna, Veneto","sommacampagna, veneto",,,,,,,0.3125,no_match
"Zafra, Badajoz","zafra, badajoz",,,,,,,0.3125,no_match
#houseofhardcore,houseofhardcore,,,,,,,0.307692,no_match
"5706 Coleman Way Von Ormy, TX","5706 coleman way von ormy, tx",,,,,,,0.307692,no_match
"Albuquerque, NM","albuquerque, nm",,,,,,,0.307692,no_match
Beograd,beograd,,,,,,,0.307692,no_match
Bombay,bombay,,,,,,,0.307692,no_match
Bordeaux,bordeaux,,,,,,,0.307692,no_match
Boxholm,boxholm,,,,,,,0.307692,no_match
CDMX,cdmx,,,,,,,0.307692,no_match
"Duesseldorf, Germany","duesseldorf, germany",,,,,,,0.307692,no_match
EMEIA,emeia,,,,,,,0.307692,no_match
Gijón,gijón,,,,,,,0.307692,no_match
Guam,guam,,,,,,,0.307692,no_match
Latam,latam,,,,,,,0.307692,no_match
"Liberty Hill, TX","liberty hill, tx",,,,,,,0.307692,no_match
Lille,lille,,,,,,,0.307692,no_match
"Luzern, Schweiz","luzern, schweiz",,,,,,,0.307692,no_match
Malmö,malmö,,,,,,,0.307692,no_match
"Mooresville, NC","mooresville, nc",,,,,,,0.307692,no_match
Pikeville KY,pikeville ky,,,,,,,0.307692,no_match
Plymouth,plymouth,,,,,,,0.307692,no_match
"Porto, Portugal","porto, portugal",,,,,,,0.307692,no_match
"Powell, Ohio","powell, ohio",,,,,,,0.307692,no_match
"Prague, Děčín, Hořice","prague, děčín, hořice",,,,,,,0.307692,no_match
Praha 10,praha 10,,,,,,,0.307692,no_match
Surabaya,surabaya,,,,,,,0.307692,no_match
Veracruz,veracruz,,,,,,,0.307692,no_match
"Weinsbergstraße 190, Köln","weinsbergstraße 190, köln",,,,,,,0.307692,no_match
Wherever the track leads....,wherever the track leads....,,,,,,,0.307692,no_match
Worlwide,worlwide,,,,,,,0.307692,no_match
Fortaleza-Ceará-Brasil,fortaleza-ceará-brasil,,,,,,,0.304348,no_match
wherever there's vodka,wherever there s vodka,,,,,,,0.304348,no_match
"경기도 의정부시 | Uijeongbu, Gyeonggi","경기도 의정부시 uijeongbu, gyeonggi",,,,,,,0.304348,no_match
Recife-PE,recife-pe,,,,,,,0.30303,no_match
Zürich - Burdur,zürich - burdur,,,,,,,0.30303,no_match
"Veracruz, Veracruz de Ignacio","veracruz, veracruz de ignacio",,,,,,,0.301887,no_match
"Cuauhtémoc, D.f., México","cuauhtémoc, d.f., méxico",,,,,,,0.3,no_match
DC TZT,dc tzt,,,,,,,0.3,no_match
Firenze,firenze,,,,,,,0.3,no_match
"ID, 世界","id, 世界",,,,,,,0.3,no_match
Kuala Lumpur - Unayzah,kuala lumpur - unayzah,,,,,,,0.3,no_match
Mönkeberg,mönkeberg,,,,,,,0.3,no_match
Playen | Gunungkidul | 55861,playen gunungkidul 55861,,,,,,,0.3,no_match
"Puyallup, WA","puyallup, wa",,,,,,,0.3,no_match
"montréal, qc","montréal, qc",,,,,,,0.3,no_match
♥kenya♫;-),kenya -,,,,,,,0.3,no_match
"Beverly, MA","beverly, ma",,,,,,,0.296296,no_match
Ivry-sur-Seine,ivry-sur-seine,,,,,,,0.296296,no_match
Marrakech,marrakech,,,,,,,0.296296,no_match
"Québec, Québec","québec, québec",,,,,,,0.296296,no_match
Guadalajara Jal Mx,guadalajara jal mx,,,,,,,0.294118,no_match
"Revere, MA","revere, ma",,,,,,,0.294118,no_match
"Egypt , Gizah","egypt , gizah",,,,,,,0.292683,no_match
"Silver Spring, MD","silver spring, md",,,,,,,0.292683,no_match
"1459 Rt. 23 S., Wayne NJ 07470","1459 rt. 23 s., wayne nj 07470",,,,,,,0.291667,no_match
"Here, there, everywhere.","here, there, everywhere.",,,,,,,0.291667,no_match
"#YVR, #YYC","yvr, yyc",,,,,,,0.285714,no_match
AU,au,,,,,,,0.285714,no_match
AZ,az,,,,,,,0.285714,no_match
Belgium,belgium,,,,,,,0.285714,no_match
Bolivia,bolivia,,,,,,,0.285714,no_match
Boscombe,boscombe,,,,,,,0.285714,no_match
Bucuresti,bucuresti,,,,,,,0.285714,no_match
CDMX-NYC,cdmx-nyc,,,,,,,0.285714,no_match
Columbus,columbus,,,,,,,0.285714,no_match
D:/BW/Stuttgart/...,d bw stuttgart ...,,,,,,,0.285714,no_match
DPK-JKT PP,dpk-jkt pp,,,,,,,0.285714,no_match
Kadıköy,kadıköy,,,,,,,0.285714,no_match
Kentucky,kentucky,,,,,,,0.285714,no_match
Kenya,kenya,,,,,,,0.285714,no_match
Luxembourg,luxembourg,,,,,,,0.285714,no_match
MNL,mnl,,,,,,,0.285714,no_match
Mississippi,mississippi,,,,,,,0.285714,no_match
"Oud-Rijswijk, Rijswijk","oud-rijswijk, rijswijk",,,,,,,0.285714,no_match
PH,ph,,,,,,,0.285714,no_match
Querétaro.,querétaro.,,,,,,,0.285714,no_match
"Troy, MI","troy, mi",,,,,,,0.285714,no_match
Yogyakarta,yogyakarta,,,,,,,0.285714,no_match
whatfoodimade.wordpress.com,whatfoodimade.wordpress.com,,,,,,,0.285714,no_match
20-12-2013 ❤️ • Sri Lanka,20-12-2013 sri lanka,,,,,,,0.277778,no_match
České Budějovice,české budějovice,,,,,,,0.275862,no_match
#HamOnt #416 #519,hamont 416 519,,,,,,,0.272727,no_match
Reykjavík,reykjavík,,,,,,,0.272727,no_match
Somewhere,somewhere,,,,,,,0.272727,no_match
10243 Berlin,10243 berlin,,,,,,,0.266667,no_match
Here,here,,,,,,,0.266667,no_match
NC,nc,,,,,,,0.266667,no_match
NY,ny,,,,,,,0.266667,no_match
Everywhere,everywhere,,,,,,,0.26087,no_match
everywhere,everywhere,,,,,,,0.26087,no_match
ℵ - χ  ☢ L,ℵ - χ l,,,,,,,0.26087,no_match
LBC/DFW,lbc dfw,,,,,,,0.258065,no_match
"Columbia, MO (38.953206,-92.32","columbia, mo 38.953206,-92.32",,,,,,,0.25641,no_match
#YEG,yeg,,,,,,,0.25,no_match
31° 55’ N; 120° 50’ E,31 55 n 120 50 e,,,,,,,0.25,no_match
ATX,atx,,,,,,,0.25,no_match
Barcelona +34 699395960,barcelona 34 699395960,,,,,,,0.25,no_match
CLT,clt,,,,,,,0.25,no_match
DC,dc,,,,,,,0.25,no_match
"Guadalajara, MX.","guadalajara, mx.",,,,,,,0.25,no_match
Japan｜湘南｜اليابان,japan 湘南 اليابان,,,,,,,0.25,no_match
Järfälla,järfälla,,,,,,,0.25,no_match
L6,l6,,,,,,,0.25,no_match
NJ,nj,,,,,,,0.25,no_match
PDX,pdx,,,,,,,0.25,no_match
Plzeň,plzeň,,,,,,,0.25,no_match
RVA,rva,,,,,,,0.25,no_match
SEA,sea,,,,,,,0.25,no_match
Uruguay,uruguay,,,,,,,0.25,no_match
Venus,venus,,,,,,,0.25,no_match
Wherever,wherever,,,,,,,0.25,no_match
YYZ,yyz,,,,,,,0.25,no_match
N 55°52' 0'' / E 37°31' 0'',n 55 52 0 e 37 31 0,,,,,,,0.243902,no_match
Solo / 081 825 2500,solo 081 825 2500,,,,,,,0.242424,no_match
MDE.,mde.,,,,,,,0.24,no_match
Turkey تركيا,turkey تركيا,,,,,,,0.24,no_match
45°38′00″ N 12°34′00″ E,45 38 00 n 12 34 00 e,,,,,,,0.238095,no_match
Believe me،م فيش مني اثنين,believe me م فيش مني اثنين,,,,,,,0.238095,no_match
MUC,muc,,,,,,,0.235294,no_match
WSNC,wsnc,,,,,,,0.235294,no_match
Zwolle,zwolle,,,,,,,0.235294,no_match
iPhone: (+49) 0157 81715064,iphone 49 0157 81715064,,,,,,,0.235294,no_match
"38.7 N, 9.2 W","38.7 n, 9.2 w",,,,,,,0.230769,no_match
BH,bh,,,,,,,0.222222,no_match
BJ,bj,,,,,,,0.222222,no_match
DFW,dfw,,,,,,,0.222222,no_match
Egypt,egypt,,,,,,,0.222222,no_match
KY,ky,,,,,,,0.222222,no_match
Kyiv,kyiv,,,,,,,0.222222,no_match
LFK,lfk,,,,,,,0.222222,no_match
MOW,mow,,,,,,,0.222222,no_match
Visit.........,visit.........,,,,,,,0.222222,no_match
egypt,egypt,,,,,,,0.222222,no_match
N 33°5' 0'' / W 97°7' 0'',n 33 5 0 w 97 7 0,,,,,,,0.214286,no_match
N 34°0' 0'' / W 114°13' 0'',n 34 0 0 w 114 13 0,,,,,,,0.214286,no_match
"iPhone: 35.632893, 139.880397","iphone 35.632893, 139.880397",,,,,,,0.214286,no_match
Jeddah,jeddah,,,,,,,0.210526,no_match
"iPhone: 0.000000,0.000000","iphone 0.000000,0.000000",,,,,,,0.210526,no_match
jeddah,jeddah,,,,,,,0.210526,no_match
N 33°54' 0'' / W 81°3' 0'',n 33 54 0 w 81 3 0,,,,,,,0.206897,no_match
N 8� 58' 0'' / W 79� 31' 0'',n 8 58 0 w 79 31 0,,,,,,,0.206897,no_match
23°33′S 46°38′W,23 33 s 46 38 w,,,,,,,0.205128,no_match
"iPhone: 45.460548,9.181984","iphone 45.460548,9.181984",,,,,,,0.205128,no_match
"iPhone: 47.198189,8.532260","iphone 47.198189,8.532260",,,,,,,0.205128,no_match
"iPhone: 48.521927,9.092728","iphone 48.521927,9.092728",,,,,,,0.205128,no_match
"iPhone: 50.858639,0.593849","iphone 50.858639,0.593849",,,,,,,0.205128,no_match
"iPhone: 51.512704,9.944136","iphone 51.512704,9.944136",,,,,,,0.205128,no_match
"iPhone: 52.087284,5.121242","iphone 52.087284,5.121242",,,,,,,0.205128,no_match
"iPhone: 52.270065,5.198683","iphone 52.270065,5.198683",,,,,,,0.205128,no_match
"iPhone: 52.379772,4.856496","iphone 52.379772,4.856496",,,,,,,0.205128,no_match
"iPhone: 52.387024,4.869444","iphone 52.387024,4.869444",,,,,,,0.205128,no_match
"iphone:51.444843,5.471720","iphone 51.444843,5.471720",,,,,,,0.205128,no_match
"19.31N, 98.86W","19.31n, 98.86w",,,,,,,0.2,no_match
D.C.,d.c.,,,,,,,0.2,no_match
JP & PH,jp ph,,,,,,,0.2,no_match
N 34°8' 0'' / W 118°20' 0'',n 34 8 0 w 118 20 0,,,,,,,0.2,no_match
N 38°16' 0'' / W 84°33' 0'',n 38 16 0 w 84 33 0,,,,,,,0.2,no_match
N 40°27' 0'' / W 74°17' 0'',n 40 27 0 w 74 17 0,,,,,,,0.2,no_match
"iPhone: 41.845245,-8.865295","iphone 41.845245,-8.865295",,,,,,,0.2,no_match
"iPhone: 47.261097,11.399777","iphone 47.261097,11.399777",,,,,,,0.2,no_match
"iPhone: 48.132034,11.617106","iphone 48.132034,11.617106",,,,,,,0.2,no_match
"iPhone: 48.189034,16.346159","iphone 48.189034,16.346159",,,,,,,0.2,no_match
"iPhone: 51.468143,-0.120157","iphone 51.468143,-0.120157",,,,,,,0.2,no_match
"iPhone: 51.514217,-2.527349","iphone 51.514217,-2.527349",,,,,,,0.2,no_match
"iPhone: 51.593733,-2.978234","iphone 51.593733,-2.978234",,,,,,,0.2,no_match
"iPhone: 52.414261,-1.778961","iphone 52.414261,-1.778961",,,,,,,0.2,no_match
"iPhone: 57.674652,12.674133","iphone 57.674652,12.674133",,,,,,,0.2,no_match
"iPhone: 64.748116,21.022762","iphone 64.748116,21.022762",,,,,,,0.2,no_match
"iPhone: 9.515281,100.056778","iphone 9.515281,100.056778",,,,,,,0.2,no_match
"iPhone: -26.058044,28.060740","iphone -26.058044,28.060740",,,,,,,0.195122,no_match
"iPhone: 13.967140,100.590622","iphone 13.967140,100.590622",,,,,,,0.195122,no_match
"iPhone: 25.688354,-80.164589","iphone 25.688354,-80.164589",,,,,,,0.195122,no_match
"iPhone: 25.960293,-80.232002","iphone 25.960293,-80.232002",,,,,,,0.195122,no_match
"iPhone: 26.046804,-80.381844","iphone 26.046804,-80.381844",,,,,,,0.195122,no_match
"iPhone: 28.030743,-81.919441","iphone 28.030743,-81.919441",,,,,,,0.195122,no_match
"iPhone: 28.305223,-81.678535","iphone 28.305223,-81.678535",,,,,,,0.195122,no_match
"iPhone: 32.702371,-16.771921","iphone 32.702371,-16.771921",,,,,,,0.195122,no_match
"iPhone: 32.847997,-96.746945","iphone 32.847997,-96.746945",,,,,,,0.195122,no_match
"iPhone: 32.932709,-96.950091","iphone 32.932709,-96.950091",,,,,,,0.195122,no_match
"iPhone: 33.277935,-86.358711","iphone 33.277935,-86.358711",,,,,,,0.195122,no_match
"iPhone: 33.405001,-86.787848","iphone 33.405001,-86.787848",,,,,,,0.195122,no_match
"iPhone: 35.660373,139.729147","iphone 35.660373,139.729147",,,,,,,0.195122,no_match
"iPhone: 36.187325,-86.746086","iphone 36.187325,-86.746086",,,,,,,0.195122,no_match
"iPhone: 37.303800,127.012100","iphone 37.303800,127.012100",,,,,,,0.195122,no_match
"iPhone: 39.836608,-75.106552","iphone 39.836608,-75.106552",,,,,,,0.195122,no_match
"iPhone: 40.069321,-75.187607","iphone 40.069321,-75.187607",,,,,,,0.195122,no_match
"iPhone: 40.228454,-75.205984","iphone 40.228454,-75.205984",,,,,,,0.195122,no_match
"iPhone: 40.607204,-73.953415","iphone 40.607204,-73.953415",,,,,,,0.195122,no_match
"iPhone: 40.688744,-73.990913","iphone 40.688744,-73.990913",,,,,,,0.195122,no_match
"iPhone: 40.729084,-74.032578","iphone 40.729084,-74.032578",,,,,,,0.195122,no_match
"iPhone: 40.760616,-74.233704","iphone 40.760616,-74.233704",,,,,,,0.195122,no_match
"iPhone: 41.188248,-96.054248","iphone 41.188248,-96.054248",,,,,,,0.195122,no_match
"iPhone: 41.329170,-72.944695","iphone 41.329170,-72.944695",,,,,,,0.195122,no_match
"iPhone: -23.520813,-46.618073","iphone -23.520813,-46.618073",,,,,,,0.190476,no_match
"iPhone: -33.884666,151.179001","iphone -33.884666,151.179001",,,,,,,0.190476,no_match
"iPhone: -43.536060,172.569702","iphone -43.536060,172.569702",,,,,,,0.190476,no_match
"iPhone: 33.356606,-111.753021","iphone 33.356606,-111.753021",,,,,,,0.190476,no_match
"iPhone: 33.680218,-117.863472","iphone 33.680218,-117.863472",,,,,,,0.190476,no_match
"iPhone: 34.145035,-118.255028","iphone 34.145035,-118.255028",,,,,,,0.190476,no_match
"iPhone: 36.131134,-115.162414","iphone 36.131134,-115.162414",,,,,,,0.190476,no_match
"iPhone: 38.348560,-122.264707","iphone 38.348560,-122.264707",,,,,,,0.190476,no_match
"iPhone: 39.698998,-104.849401","iphone 39.698998,-104.849401",,,,,,,0.190476,no_match
"iPhone: 47.358482,-122.112831","iphone 47.358482,-122.112831",,,,,,,0.190476,no_match
"iPhone: 49.290965,-122.881261","iphone 49.290965,-122.881261",,,,,,,0.190476,no_match
"iPhone: 53.195000,-113.597946","iphone 53.195000,-113.597946",,,,,,,0.190476,no_match
รัชโยธิน,ร ชโยธ น,,,,,,,0.190476,no_match
MX,mx,,,,,,,0.181818,no_match
0.0.0.0,0.0.0.0,,,,,,,0.173913,no_match
"25° 52′ 47″ N, 97° 30′ 15″ W","25 52 47 n, 97 30 15 w",,,,,,,0.173913,no_match
B-612,b-612,,,,,,,0.166667,no_match
"ÜT: 41.066288,28.9916","üt 41.066288,28.9916",,,,,,,0.166667,no_match
"ÜT: 32.10382,34.868385","üt 32.10382,34.868385",,,,,,,0.162162,no_match
"ÜT: 34.00779,-81.02619","üt 34.00779,-81.02619",,,,,,,0.162162,no_match
"ÜT: 35.82415,-78.85549","üt 35.82415,-78.85549",,,,,,,0.162162,no_match
"ÜT: 36.834219,10.17928","üt 36.834219,10.17928",,,,,,,0.162162,no_match
"ÜT: 48.880223,2.352362","üt 48.880223,2.352362",,,,,,,0.162162,no_match
"ÜT: 51.971882,5.337634","üt 51.971882,5.337634",,,,,,,0.162162,no_match
"ÜT: 52.372694,4.898891","üt 52.372694,4.898891",,,,,,,0.162162,no_match
127.0.0.1,127.0.0.1,,,,,,,0.16,no_match
رحم الله أبي,رحم الله أبي,,,,,,,0.16,no_match
"ÜT: 1.306637,103.790981","üt 1.306637,103.790981",,,,,,,0.157895,no_match
"ÜT: 25.763591,-80.19265","üt 25.763591,-80.19265",,,,,,,0.157895,no_match
"ÜT: 28.690789,77.349808","üt 28.690789,77.349808",,,,,,,0.157895,no_match
"ÜT: 30.296672,-97.65832","üt 30.296672,-97.65832",,,,,,,0.157895,no_match
"ÜT: 36.131135,-86.78836","üt 36.131135,-86.78836",,,,,,,0.157895,no_match
"ÜT: 39.45434,-76.574149","üt 39.45434,-76.574149",,,,,,,0.157895,no_match
"ÜT: 4.717523,-74.051624","üt 4.717523,-74.051624",,,,,,,0.157895,no_match
"ÜT: 40.420158,-3.705389","üt 40.420158,-3.705389",,,,,,,0.157895,no_match
"ÜT: 40.462799,-74.41424","üt 40.462799,-74.41424",,,,,,,0.157895,no_match
"ÜT: 40.606554,22.998009","üt 40.606554,22.998009",,,,,,,0.157895,no_match
"ÜT: 40.763457,-73.97956","üt 40.763457,-73.97956",,,,,,,0.157895,no_match
"ÜT: 41.926389,-87.65184","üt 41.926389,-87.65184",,,,,,,0.157895,no_match
"ÜT: 43.86405,-79.437641","üt 43.86405,-79.437641",,,,,,,0.157895,no_match
"ÜT: 45.737099,11.770249","üt 45.737099,11.770249",,,,,,,0.157895,no_match
"ÜT: 45.888717,12.328918","üt 45.888717,12.328918",,,,,,,0.157895,no_match
"buzzd: 30.325800,-97.737622","buzzd 30.325800,-97.737622",,,,,,,0.153846,no_match
"buzzd: 36.135103,-79.824527","buzzd 36.135103,-79.824527",,,,,,,0.153846,no_match
¯\_(ツ)_/¯,_ ツ _,,,,,,,0.153846,no_match
"ÜT: -3.785135,-38.575336","üt -3.785135,-38.575336",,,,,,,0.153846,no_match
"ÜT: -6.184089,106.882177","üt -6.184089,106.882177",,,,,,,0.153846,no_match
"ÜT: -6.204778,106.830527","üt -6.204778,106.830527",,,,,,,0.153846,no_match
"ÜT: -6.207835,106.822641","üt -6.207835,106.822641",,,,,,,0.153846,no_match
"ÜT: -6.216985,106.836726","üt -6.216985,106.836726",,,,,,,0.153846,no_match
"ÜT: -7.810763,110.429775","üt -7.810763,110.429775",,,,,,,0.153846,no_match
"ÜT: 19.332625,-99.186339","üt 19.332625,-99.186339",,,,,,,0.153846,no_match
"ÜT: 29.543352,-95.107552","üt 29.543352,-95.107552",,,,,,,0.153846,no_match
"ÜT: 29.583854,-82.086746","üt 29.583854,-82.086746",,,,,,,0.153846,no_match
"ÜT: 31.207116,121.415395","üt 31.207116,121.415395",,,,,,,0.153846,no_match
"ÜT: 32.356764,-81.864579","üt 32.356764,-81.864579",,,,,,,0.153846,no_match
"ÜT: 32.888251,-96.641468","üt 32.888251,-96.641468",,,,,,,0.153846,no_match
"ÜT: 32.988791,-96.830995","üt 32.988791,-96.830995",,,,,,,0.153846,no_match
"ÜT: 33.854589,-117.81257","üt 33.854589,-117.81257",,,,,,,0.153846,no_match
"ÜT: 35.098743,-85.327509","üt 35.098743,-85.327509",,,,,,,0.153846,no_match
"ÜT: 36.405016,-85.316877","üt 36.405016,-85.316877",,,,,,,0.153846,no_match
"ÜT: 37.225907,-93.358364","üt 37.225907,-93.358364",,,,,,,0.153846,no_match
"ÜT: 37.29385,-122.031916","üt 37.29385,-122.031916",,,,,,,0.153846,no_match
"ÜT: 38.732554,-94.530695","üt 38.732554,-94.530695",,,,,,,0.153846,no_match
"ÜT: 39.098027,-84.506668","üt 39.098027,-84.506668",,,,,,,0.153846,no_match
"ÜT: 40.054518,-75.629993","üt 40.054518,-75.629993",,,,,,,0.153846,no_match
"ÜT: 40.659969,-74.000665","üt 40.659969,-74.000665",,,,,,,0.153846,no_match
"ÜT: 40.709425,-74.002985","üt 40.709425,-74.002985",,,,,,,0.153846,no_match
"ÜT: 40.736836,-73.989335","üt 40.736836,-73.989335",,,,,,,0.153846,no_match
"ÜT: 41.138856,-73.816554","üt 41.138856,-73.816554",,,,,,,0.153846,no_match
"ÜT: 41.660049,-111.89797","üt 41.660049,-111.89797",,,,,,,0.153846,no_match
"ÜT: 41.748201,-83.585318","üt 41.748201,-83.585318",,,,,,,0.153846,no_match
"ÜT: 41.939516,-88.718459","üt 41.939516,-88.718459",,,,,,,0.153846,no_match
"ÜT: 41.982963,-87.858282","üt 41.982963,-87.858282",,,,,,,0.153846,no_match
"ÜT: 43.468805,-80.543686","üt 43.468805,-80.543686",,,,,,,0.153846,no_match
"ÜT: 43.650213,-79.379021","üt 43.650213,-79.379021",,,,,,,0.153846,no_match
"ÜT: 44.753146,-93.177496","üt 44.753146,-93.177496",,,,,,,0.153846,no_match
"ÜT: 45.337239,-75.705449","üt 45.337239,-75.705449",,,,,,,0.153846,no_match
كل الأرض وطن.,كل الأرض وطن.,,,,,,,0.153846,no_match
กลางกองข้อมูล,กลางกองข อม ล,,,,,,,0.153846,no_match
彩の国ヽ(ﾟ∀ﾟ)ﾉｻｷﾀﾏｰ,彩の国ヽ ﾟ ﾟ ﾉｻｷﾀﾏｰ,,,,,,,0.153846,no_match
"ÜT: -11.957422,-77.049054","üt -11.957422,-77.049054",,,,,,,0.15,no_match
"ÜT: -23.499916,-46.666295","üt -23.499916,-46.666295",,,,,,,0.15,no_match
"ÜT: -34.580518,-58.423087","üt -34.580518,-58.423087",,,,,,,0.15,no_match
"ÜT: -34.972557,-71.255153","üt -34.972557,-71.255153",,,,,,,0.15,no_match
"ÜT: 13.843276,100.5319306","üt 13.843276,100.5319306",,,,,,,0.15,no_match
"ÜT: 20.539991,-100.388912","üt 20.539991,-100.388912",,,,,,,0.15,no_match
"ÜT: 33.630064,-117.950818","üt 33.630064,-117.950818",,,,,,,0.15,no_match
"ÜT: 34.193511,-118.421349","üt 34.193511,-118.421349",,,,,,,0.15,no_match
"ÜT: 37.393586,-122.093847","üt 37.393586,-122.093847",,,,,,,0.15,no_match
"ÜT: 37.575291,-122.341831","üt 37.575291,-122.341831",,,,,,,0.15,no_match
"ÜT: 37.781763,-122.539029","üt 37.781763,-122.539029",,,,,,,0.15,no_match
"ÜT: 37.991666,-122.073222","üt 37.991666,-122.073222",,,,,,,0.15,no_match
"ÜT: 40.4298269,-3.6484632","üt 40.4298269,-3.6484632",,,,,,,0.15,no_match
"ÜT: 43.610907,-116.279912","üt 43.610907,-116.279912",,,,,,,0.15,no_match
"ÜT: 48.026617,-122.176574","üt 48.026617,-122.176574",,,,,,,0.15,no_match
"ÜT: 49.283294,-123.101005","üt 49.283294,-123.101005",,,,,,,0.15,no_match
大分→神奈川→星の見える場所,大分 神奈川 星の見える場所,,,,,,,0.148148,no_match
"ÜT: -375591.00,-3774846.00 ⨺","üt -375591.00,-3774846.00",,,,,,,0.146341,no_match
"ÜT: -6.2215216,106.7831066","üt -6.2215216,106.7831066",,,,,,,0.146341,no_match
"ÜT: -6.3147143,106.7810898","üt -6.3147143,106.7810898",,,,,,,0.146341,no_match
"ÜT: -6.7768926,106.7782326","üt -6.7768926,106.7782326",,,,,,,0.146341,no_match
"ÜT: 40.6750708,-73.9791916","üt 40.6750708,-73.9791916",,,,,,,0.146341,no_match
"ÜT: -23.5612988,-46.6595027","üt -23.5612988,-46.6595027",,,,,,,0.142857,no_match
"ÜT: -30.0326497,-51.2301428","üt -30.0326497,-51.2301428",,,,,,,0.142857,no_match
"ÜT: 34.1097827,-118.3001663","üt 34.1097827,-118.3001663",,,,,,,0.142857,no_match
"Казань
, Россия","казань , россия",,,,,,,0.142857,no_match
34° 59' 20 -106° 36' 52,34 59 20 -106 36 52,,,,,,,0.139535,no_match
الحجاز - مكة المكرمة,الحجاز - مكة المكرمة,,,,,,,0.136364,no_match
WV,wv,,,,,,,0.133333,no_match
WW,ww,,,,,,,0.133333,no_match
السعودية - الرياض,السعودية - الرياض,,,,,,,0.133333,no_match
日本 福岡,日本 福岡,,,,,,,0.133333,no_match
المدينة قلبًا جدة قالبًا,المدينة قلب ا جدة قالب ا,,,,,,,0.130435,no_match
السعودية / بريدة - الرياض,السعودية بريدة - الرياض,,,,,,,0.12766,no_match
"51.6673, -0.5600","51.6673, -0.5600",,,,,,,0.125,no_match
791 93,791 93,,,,,,,0.125,no_match
"Кривий Ріг, Україна","кривий ріг, україна",,,,,,,0.125,no_match
日本 東京都,日本 東京都,,,,,,,0.125,no_match
"45.45873,12.45632","45.45873,12.45632",,,,,,,0.121212,no_match
"51.990952,5.91403","51.990952,5.91403",,,,,,,0.121212,no_match
"город Москва, Москва, Россия","город москва, москва, россия",,,,,,,0.121212,no_match
! ليله نمت و صحيت ملقتش بلدى,ليله نمت و صحيت ملقتش بلدى,,,,,,,0.12,no_match
"29.343676,47.95612","29.343676,47.95612",,,,,,,0.117647,no_match
"40.109406,-88.2161","40.109406,-88.2161",,,,,,,0.117647,no_match
"41.115132,1.257511","41.115132,1.257511",,,,,,,0.117647,no_match
"41.373194,2.160771","41.373194,2.160771",,,,,,,0.117647,no_match
412 & 925,412 925,,,,,,,0.117647,no_match
"42.481294,2.024189","42.481294,2.024189",,,,,,,0.117647,no_match
"47.419852,9.370023","47.419852,9.370023",,,,,,,0.117647,no_match
"48.889668,2.346291","48.889668,2.346291",,,,,,,0.117647,no_match
"50.856037,4.392064","50.856037,4.392064",,,,,,,0.117647,no_match
"51.52065,-0.737574","51.52065,-0.737574",,,,,,,0.117647,no_match
"51.910239,4.354975","51.910239,4.354975",,,,,,,0.117647,no_match
"52.267219,8.002949","52.267219,8.002949",,,,,,,0.117647,no_match
千葉県 市川市,千葉県 市川市,,,,,,,0.117647,no_match
愛知 春日井市,愛知 春日井市,,,,,,,0.117647,no_match
東京 世田谷区,東京 世田谷区,,,,,,,0.117647,no_match
"ветер знает, где меня искать","ветер знает, где меня искать",,,,,,,0.115385,no_match
"1.339615,103.719843","1.339615,103.719843",,,,,,,0.114286,no_match
"19.37929,-99.168507","19.37929,-99.168507",,,,,,,0.114286,no_match
"22.284239,114.03879","22.284239,114.03879",,,,,,,0.114286,no_match
"29.59514,-95.147225","29.59514,-95.147225",,,,,,,0.114286,no_match
"31.939431,34.809541","31.939431,34.809541",,,,,,,0.114286,no_match
"35.786232,51.372065","35.786232,51.372065",,,,,,,0.114286,no_match
"35.91229,127.069849","35.91229,127.069849",,,,,,,0.114286,no_match
"36.711223,-4.425998","36.711223,-4.425998",,,,,,,0.114286,no_match
"37.360152,-5.988278","37.360152,-5.988278",,,,,,,0.114286,no_match
"38.531062,-8.896898","38.531062,-8.896898",,,,,,,0.114286,no_match
"38.717274,-9.164728","38.717274,-9.164728",,,,,,,0.114286,no_match
"39.397229,-76.93825","39.397229,-76.93825",,,,,,,0.114286,no_match
"39.919786,116.45633","39.919786,116.45633",,,,,,,0.114286,no_match
"40.702091,-73.98278","40.702091,-73.98278",,,,,,,0.114286,no_match
"41.055836,28.917461","41.055836,28.917461",,,,,,,0.114286,no_match
"41.404238, 2.161658","41.404238, 2.161658",,,,,,,0.114286,no_match
"43.243394,76.934835","43.243394,76.934835",,,,,,,0.114286,no_match
"44.819506,20.465034","44.819506,20.465034",,,,,,,0.114286,no_match
"48.456427,35.051602","48.456427,35.051602",,,,,,,0.114286,no_match
"49.970507,14.759988","49.970507,14.759988",,,,,,,0.114286,no_match
"51.491333,-0.223871","51.491333,-0.223871",,,,,,,0.114286,no_match
"52.142686,-0.453113","52.142686,-0.453113",,,,,,,0.114286,no_match
"53.392228,-6.231212","53.392228,-6.231212",,,,,,,0.114286,no_match
"53.862401,-1.678752","53.862401,-1.678752",,,,,,,0.114286,no_match
"55.655022,37.715537","55.655022,37.715537",,,,,,,0.114286,no_match
"55.693586,12.542897","55.693586,12.542897",,,,,,,0.114286,no_match
"7.981938,-82.029925","7.981938,-82.029925",,,,,,,0.114286,no_match
"-26.121336,27.934409","-26.121336,27.934409",,,,,,,0.111111,no_match
"-31.57383,-68.492114","-31.57383,-68.492114",,,,,,,0.111111,no_match
-6.170278 106.824167,-6.170278 106.824167,,,,,,,0.111111,no_match
"11.061559, 76.938539","11.061559, 76.938539",,,,,,,0.111111,no_match
"13.746459,100.667121","13.746459,100.667121",,,,,,,0.111111,no_match
"13.754048,100.626416","13.754048,100.626416",,,,,,,0.111111,no_match
"13.797311,100.646245","13.797311,100.646245",,,,,,,0.111111,no_match
"14.082524,-87.205988","14.082524,-87.205988",,,,,,,0.111111,no_match
"14.575495,101.235683","14.575495,101.235683",,,,,,,0.111111,no_match
"14.583316,121.077499","14.583316,121.077499",,,,,,,0.111111,no_match
"14.597589,120.986844","14.597589,120.986844",,,,,,,0.111111,no_match
"19.499039,-99.132861","19.499039,-99.132861",,,,,,,0.111111,no_match
"20.953191,-89.602468","20.953191,-89.602468",,,,,,,0.111111,no_match
"22.553496,114.078744","22.553496,114.078744",,,,,,,0.111111,no_match
"22.569564,114.036773","22.569564,114.036773",,,,,,,0.111111,no_match
"26.397542,-81.796433","26.397542,-81.796433",,,,,,,0.111111,no_match
"27.479275,-82.561977","27.479275,-82.561977",,,,,,,0.111111,no_match
"30.314209,-81.693466","30.314209,-81.693466",,,,,,,0.111111,no_match
"31.349422,118.388971","31.349422,118.388971",,,,,,,0.111111,no_match
"33.291788,-83.976631","33.291788,-83.976631",,,,,,,0.111111,no_match
"34.225266,-84.541406","34.225266,-84.541406",,,,,,,0.111111,no_match
"37.580247,126.891342","37.580247,126.891342",,,,,,,0.111111,no_match
"38.40316,-121.434655","38.40316,-121.434655",,,,,,,0.111111,no_match
"38.578481,-90.493095","38.578481,-90.493095",,,,,,,0.111111,no_match
"40.015174,116.358218","40.015174,116.358218",,,,,,,0.111111,no_match
"40.730149,-73.992981","40.730149,-73.992981",,,,,,,0.111111,no_match
"41.765246,-72.707097","41.765246,-72.707097",,,,,,,0.111111,no_match
"42.883078,-87.905504","42.883078,-87.905504",,,,,,,0.111111,no_match
"43.443462,-79.727643","43.443462,-79.727643",,,,,,,0.111111,no_match
"44.121889,-69.348422","44.121889,-69.348422",,,,,,,0.111111,no_match
"47.59812,-122.194415","47.59812,-122.194415",,,,,,,0.111111,no_match
"52.287865,104.292107","52.287865,104.292107",,,,,,,0.111111,no_match
"64.172018,-51.671544","64.172018,-51.671544",,,,,,,0.111111,no_match
✉️ للإعلان دايركت | 📸 انستقرام,للإعلان دايركت انستقرام,,,,,,,0.111111,no_match
"-16.714655,-49.265192","-16.714655,-49.265192",,,,,,,0.108108,no_match
"-23.578089,-46.730224","-23.578089,-46.730224",,,,,,,0.108108,no_match
"-3.552629, 114.710160","-3.552629, 114.710160",,,,,,,0.108108,no_match
"-33.399305,-70.597043","-33.399305,-70.597043",,,,,,,0.108108,no_match
"-67.566667,-68.133333","-67.566667,-68.133333",,,,,,,0.108108,no_match
"28.197537, -80.600267","28.197537, -80.600267",,,,,,,0.108108,no_match
"32.869770,-117.222443","32.869770,-117.222443",,,,,,,0.108108,no_match
"33.436848,-111.996705","33.436848,-111.996705",,,,,,,0.108108,no_match
"33.447942,-112.058992","33.447942,-112.058992",,,,,,,0.108108,no_match
"36.044258,-115.233607","36.044258,-115.233607",,,,,,,0.108108,no_match
"36.048302,-115.259186","36.048302,-115.259186",,,,,,,0.108108,no_match
"36.136446,-115.202373","36.136446,-115.202373",,,,,,,0.108108,no_match
"37.319378,-122.000221","37.319378,-122.000221",,,,,,,0.108108,no_match
"37.459975,-122.140183","37.459975,-122.140183",,,,,,,0.108108,no_match
"37.721474,-121.444457","37.721474,-121.444457",,,,,,,0.108108,no_match
"41.952972, -89.358828","41.952972, -89.358828",,,,,,,0.108108,no_match
"47.695252,-122.323862","47.695252,-122.323862",,,,,,,0.108108,no_match
"49.324806,-124.281449","49.324806,-124.281449",,,,,,,0.108108,no_match
"@52.2052424, 5.3690930","52.2052424, 5.3690930",,,,,,,0.108108,no_match
"กรุงเทพมหานคร, ประเทศไทย","กร งเทพมหานคร, ประเทศไทย",,,,,,,0.108108,no_match
"-36.8487555,174.7757135","-36.8487555,174.7757135",,,,,,,0.102564,no_match
"53.85251156,-3.00451865","53.85251156,-3.00451865",,,,,,,0.102564,no_match
"28.83646471,-81.68821781","28.83646471,-81.68821781",,,,,,,0.1,no_match
"38.28906200,-122.2922310","38.28906200,-122.2922310",,,,,,,0.1,no_match
"47.05212400,-122.8734270","47.05212400,-122.8734270",,,,,,,0.1,no_match
"34.02755872,-118.45380336","34.02755872,-118.45380336",,,,,,,0.097561,no_match
"19.5196889,-99.1425564666667","19.5196889,-99.1425564666667",,,,,,,0.090909,no_match
"37.630367067, -122.046206583","37.630367067, -122.046206583",,,,,,,0.090909,no_match
"Новокузнецк, Кемеровская область","новокузнецк, кемеровская область",,,,,,,0.088889,no_match
長野県松本市/東京都渋谷区,長野県松本市 東京都渋谷区,,,,,,,0.086957,no_match
"東京在住 大阪経由,香川出身","東京在住 大阪経由,香川出身",,,,,,,0.083333,no_match
"Армавир, Россия","армавир, россия",,,,,,,0.08,no_match
Нижний Новгород,нижний новгород,,,,,,,0.08,no_match
+62,62,,,,,,,0.0,no_match
+66,66,,,,,,,0.0,no_match
10010,10010,,,,,,,0.0,no_match
2140,2140,,,,,,,0.0,no_match
40476,40476,,,,,,,0.0,no_match
43812,43812,,,,,,,0.0,no_match
72206,72206,,,,,,,0.0,no_match
90042,90042,,,,,,,0.0,no_match
94124,94124,,,,,,,0.0,no_match
Иркутск,иркутск,,,,,,,0.0,no_match
Красноярск,красноярск,,,,,,,0.0,no_match
Минск,минск,,,,,,,0.0,no_match
Пинск,пинск,,,,,,,0.0,no_match
Приозерск,приозерск,,,,,,,0.0,no_match
Ростов-на-Дону,ростов-на-дону,,,,,,,0.0,no_match
Санкт-Петербург,санкт-петербург,,,,,,,0.0,no_match
Саратов,саратов,,,,,,,0.0,no_match
Чебоксары,чебоксары,,,,,,,0.0,no_match
Шали,шали,,,,,,,0.0,no_match
дзэн,дзэн,,,,,,,0.0,no_match
أبها,أبها,,,,,,,0.0,no_match
الطائف,الطائف,,,,,,,0.0,no_match
الكويت,الكويت,,,,,,,0.0,no_match
مومباي,مومباي,,,,,,,0.0,no_match
だいたい渋谷,だいたい渋谷,,,,,,,0.0,no_match
ヨネザアド大陸のアタゴオル森,ヨネザアド大陸のアタゴオル森,,,,,,,0.0,no_match
ㅤ,ㅤ,,,,,,,0.0,no_match
上海,上海,,,,,,,0.0,no_match
冷暗所,冷暗所,,,,,,,0.0,no_match
北京,北京,,,,,,,0.0,no_match
北米シアトル近郊,北米シアトル近郊,,,,,,,0.0,no_match
厦门,厦门,,,,,,,0.0,no_match
吳,吳,,,,,,,0.0,no_match
大日本帝國表現会,大日本帝國表現会,,,,,,,0.0,no_match
大阪市,大阪市,,,,,,,0.0,no_match
大阪市西区,大阪市西区,,,,,,,0.0,no_match
天朝,天朝,,,,,,,0.0,no_match
岐阜県岐阜市,岐阜県岐阜市,,,,,,,0.0,no_match
嶺ちゃんの車中,嶺ちゃんの車中,,,,,,,0.0,no_match
帝都,帝都,,,,,,,0.0,no_match
広東,広東,,,,,,,0.0,no_match
月がきれい,月がきれい,,,,,,,0.0,no_match
杭州,杭州,,,,,,,0.0,no_match
東京都,東京都,,,,,,,0.0,no_match
東京都世田谷区,東京都世田谷区,,,,,,,0.0,no_match
東京都渋谷区神宮前3-25-18,東京都渋谷区神宮前3-25-18,,,,,,,0.0,no_match
東銀座あたり,東銀座あたり,,,,,,,0.0,no_match
楓のそば,楓のそば,,,,,,,0.0,no_match
沖縄県宜野湾市,沖縄県宜野湾市,,,,,,,0.0,no_match
生コン,生コン,,,,,,,0.0,no_match
蝗国,蝗国,,,,,,,0.0,no_match
西安,西安,,,,,,,0.0,no_match
西遠市,西遠市,,,,,,,0.0,no_match
電脳遊戯室,電脳遊戯室,,,,,,,0.0,no_match
鹿児島県,鹿児島県,,,,,,,0.0,no_match
분당,분당,,,,,,,0.0,no_match
인도네시아,인도네시아,,,,,,,0.0,no_match
