profile_id_a,platform_a,userName_a,profile_id_b,platform_b,userName_b,block_key,similarity_score,name_sim,fullname_sim,url_sim,location_sim
10194,googleplus,joelhelbling,3,twitter,joelhelbling,simple_name_prefix3:joe,0.94,1.1,1.0,1.0,0.0
5351,instagram,jonikanerva,3,twitter,jonikanerva,simple_name_prefix3:jon,0.94,1.1,1.0,1.0,0.0
8815,instagram,erikatamaura,3,twitter,erikatamaura,simple_name_prefix3:eri,0.94,1.1,1.0,1.0,0.0
12960,instagram,ryanpratt,3,twitter,ryanpratt,simple_name_prefix3:rya,0.94,1.1,1.0,1.0,0.0
14342,instagram,zigah111,3,twitter,zigah111,simple_name_prefix3:zig,0.94,1.1,1.0,1.0,0.0
4528,instagram,bradydahl,3,twitter,bradydahl,simple_name_prefix3:bra,0.94,1.1,1.0,1.0,0.0
9960,instagram,jeffbone,3,twitter,jeffbone,simple_name_prefix3:jef,0.94,1.1,1.0,1.0,0.0
5943,instagram,paco_ep,3,twitter,paco_ep,simple_name_prefix3:pac,0.94,1.1,1.0,1.0,0.0
6204,instagram,sarahledesma,3,twitter,sarahledesma,simple_name_prefix3:sar,0.94,1.1,1.0,1.0,0.0
9577,instagram,iamarunr,3,twitter,iamarunr,simple_name_prefix3:iam,0.94,1.1,1.0,1.0,0.0
9579,instagram,iamlfb,3,twitter,iamlfb,simple_name_prefix3:iam,0.94,1.1,1.0,1.0,0.0
7359,instagram,brandonavance,3,twitter,brandonavance,simple_name_prefix3:bra,0.94,1.1,1.0,1.0,0.0
6172,instagram,sabrinadeeberry,3,twitter,sabrinadeeberry,simple_name_prefix3:sab,0.94,1.1,1.0,1.0,0.0
13049,instagram,sarahkuntsal,3,twitter,sarahkuntsal,simple_name_prefix3:sar,0.94,1.1,1.0,1.0,0.0
8237,instagram,darkmagepr,3,twitter,darkmagepr,simple_name_prefix3:dar,0.94,1.1,1.0,1.0,0.0
11631,instagram,mcoley,3,twitter,mcoley,simple_name_prefix3:mco,0.94,1.1,1.0,1.0,0.0
8239,instagram,dark_vivi,3,twitter,dark_vivi,simple_name_prefix3:dar,0.94,1.1,1.0,1.0,0.0
13054,instagram,sarataricani,3,twitter,sarataricani,simple_name_prefix3:sar,0.94,1.1,1.0,1.0,0.0
9582,instagram,iamstephenliu,3,twitter,iamstephenliu,simple_name_prefix3:iam,0.94,1.1,1.0,1.0,0.0
13515,instagram,sunupermana,3,twitter,sunupermana,simple_name_prefix3:sun,0.94,1.1,1.0,1.0,0.0
6200,instagram,saraconsuela,3,twitter,saraconsuela,simple_name_prefix3:sar,0.94,1.1,1.0,1.0,0.0
6202,instagram,sarahelles,3,twitter,sarahelles,simple_name_prefix3:sar,0.94,1.1,1.0,1.0,0.0
9784,instagram,jamesbergin,3,twitter,jamesbergin,simple_name_prefix3:jam,0.94,1.1,1.0,1.0,0.0
9345,instagram,guardic,3,twitter,guardic,simple_name_prefix3:gua,0.94,1.1,1.0,1.0,0.0
8824,instagram,erinjeany,3,twitter,erinjeany,simple_name_prefix3:eri,0.94,1.1,1.0,1.0,0.0
9961,instagram,jeffcameron,3,twitter,jeffcameron,simple_name_prefix3:jef,0.94,1.1,1.0,1.0,0.0
8667,instagram,ehrok,3,twitter,ehrok,simple_name_prefix3:ehr,0.94,1.1,1.0,1.0,0.0
5565,instagram,lgbttraveluk,3,twitter,lgbttraveluk,simple_name_prefix3:lgb,0.94,1.1,1.0,1.0,0.0
12040,instagram,eidolonnight,3,twitter,eidolonnight,simple_name_prefix3:eid,0.94,1.1,1.0,1.0,0.0
12523,instagram,prisqua,3,twitter,prisqua,simple_name_prefix3:pri,0.94,1.1,1.0,1.0,0.0
7525,instagram,bradhuss,3,twitter,bradhuss,simple_name_prefix3:bra,0.94,1.1,1.0,1.0,0.0
7536,instagram,brandondesign,3,twitter,brandondesign,simple_name_prefix3:bra,0.94,1.1,1.0,1.0,0.0
14267,instagram,yiyinglu,3,twitter,yiyinglu,simple_name_prefix3:yiy,0.94,1.1,1.0,1.0,0.0
11033,instagram,lizcappon,3,twitter,lizcappon,simple_name_prefix3:liz,0.94,1.1,1.0,1.0,0.0
11683,instagram,mickyates,3,twitter,mickyates,simple_name_prefix3:mic,0.94,1.1,1.0,1.0,0.0
5587,instagram,lmarinoaguirre,3,twitter,lmarinoaguirre,simple_name_prefix3:lma,0.94,1.1,1.0,1.0,0.0
11646,instagram,michaeljoel,3,twitter,michaeljoel,simple_name_prefix3:mic,0.94,1.1,1.0,1.0,0.0
4538,instagram,brettweaver,3,twitter,brettweaver,simple_name_prefix3:bre,0.94,1.1,1.0,1.0,0.0
6862,googleplus,alexandrabigley,3,twitter,alexandrabigley,simple_name_prefix3:ale,0.94,1.1,1.0,1.0,0.0
6597,instagram,breizhell,3,twitter,breizhell,simple_name_prefix3:bre,0.94,1.1,1.0,1.0,0.0
5607,instagram,lugamx,3,twitter,lugamx,simple_name_prefix3:lug,0.94,1.1,1.0,1.0,0.0
4919,instagram,radschultz,3,twitter,radschultz,simple_name_prefix3:rad,0.94,1.1,1.0,1.0,0.0
4277,instagram,aleathwood,3,twitter,aleathwood,simple_name_prefix3:ale,0.94,1.1,1.0,1.0,0.0
4279,instagram,alelongoni,3,twitter,alelongoni,simple_name_prefix3:ale,0.94,1.1,1.0,1.0,0.0
4280,instagram,alessandromusic,3,twitter,alessandromusic,simple_name_prefix3:ale,0.94,1.1,1.0,1.0,0.0
11157,instagram,luviweb,3,twitter,luviweb,simple_name_prefix3:luv,0.94,1.1,1.0,1.0,0.0
4287,instagram,alexdbk,3,twitter,alexdbk,simple_name_prefix3:ale,0.94,1.1,1.0,1.0,0.0
7446,instagram,brentalexander,3,twitter,brentalexander,simple_name_prefix3:bre,0.94,1.1,1.0,1.0,0.0
6837,instagram,aled,3,twitter,aled,simple_name_prefix3:ale,0.94,1.1,1.0,1.0,0.0
10981,instagram,sandwichlegend,3,twitter,sandwichlegend,simple_name_prefix3:san,0.94,1.1,1.0,1.0,0.0
6845,instagram,alejandrovaras,3,twitter,alejandrovaras,simple_name_prefix3:ale,0.94,1.1,1.0,1.0,0.0
13021,instagram,sanatawileh,3,twitter,sanatawileh,simple_name_prefix3:san,0.94,1.1,1.0,1.0,0.0
13024,instagram,sandieterenzi,3,twitter,sandieterenzi,simple_name_prefix3:san,0.94,1.1,1.0,1.0,0.0
14212,instagram,wwjimd,3,twitter,wwjimd,simple_name_prefix3:wwj,0.94,1.1,1.0,1.0,0.0
13027,instagram,sand625,3,twitter,sand625,simple_name_prefix3:san,0.94,1.1,1.0,1.0,0.0
8686,instagram,elbisnet,3,twitter,elbisnet,simple_name_prefix3:elb,0.94,1.1,1.0,1.0,0.0
11605,instagram,mfvisuals,3,twitter,mfvisuals,simple_name_prefix3:mfv,0.94,1.1,1.0,1.0,0.0
11655,instagram,michaelreuter,3,twitter,michaelreuter,simple_name_prefix3:mic,0.94,1.1,1.0,1.0,0.0
13033,instagram,saniday,3,twitter,saniday,simple_name_prefix3:san,0.94,1.1,1.0,1.0,0.0
9787,instagram,jamescuff,3,twitter,jamescuff,simple_name_prefix3:jam,0.94,1.1,1.0,1.0,0.0
13038,instagram,santibelenguer,3,twitter,santibelenguer,simple_name_prefix3:san,0.94,1.1,1.0,1.0,0.0
13039,instagram,santospalazzi,3,twitter,santospalazzi,simple_name_prefix3:san,0.94,1.1,1.0,1.0,0.0
12992,instagram,sasafreek,3,twitter,sasafreek,simple_name_prefix3:sas,0.94,1.1,1.0,1.0,0.0
6847,instagram,aleksanderdye,3,twitter,aleksanderdye,simple_name_prefix3:ale,0.94,1.1,1.0,1.0,0.0
6848,instagram,aleqz,3,twitter,aleqz,simple_name_prefix3:ale,0.94,1.1,1.0,1.0,0.0
8375,instagram,deardhruv,3,twitter,deardhruv,simple_name_prefix3:dea,0.94,1.1,1.0,1.0,0.0
8845,instagram,schirato,3,twitter,schirato,simple_name_prefix3:sch,0.94,1.1,1.0,1.0,0.0
13105,instagram,scottjwalter,3,twitter,scottjwalter,simple_name_prefix3:sco,0.94,1.1,1.0,1.0,0.0
9163,instagram,dalm8ton,3,twitter,dalm8ton,simple_name_prefix3:dal,0.94,1.1,1.0,1.0,0.0
13106,instagram,scottdot,3,twitter,scottdot,simple_name_prefix3:sco,0.94,1.1,1.0,1.0,0.0
6875,instagram,alexcorradi,3,twitter,alexcorradi,simple_name_prefix3:ale,0.94,1.1,1.0,1.0,0.0
13109,instagram,scottnolansmith,3,twitter,scottnolansmith,simple_name_prefix3:sco,0.94,1.1,1.0,1.0,0.0
10196,instagram,schnitzelboy,3,twitter,schnitzelboy,simple_name_prefix3:sch,0.94,1.1,1.0,1.0,0.0
13086,googleplus,schlossneubeuern,13086,instagram,schlossneubeuern,simple_name_prefix3:sch,0.94,1.1,1.0,1.0,0.0
6887,instagram,alexreekie,3,twitter,alexreekie,simple_name_prefix3:ale,0.94,1.1,1.0,1.0,0.0
10032,instagram,jeremyjohnson,3,twitter,jeremyjohnson,simple_name_prefix3:jer,0.94,1.1,1.0,1.0,0.0
4553,instagram,bryanboyer,3,twitter,bryanboyer,simple_name_prefix3:bry,0.94,1.1,1.0,1.0,0.0
8430,instagram,dextress,3,twitter,dextress,simple_name_prefix3:dex,0.94,1.1,1.0,1.0,0.0
9516,instagram,hippik,3,twitter,hippik,simple_name_prefix3:hip,0.94,1.1,1.0,1.0,0.0
13115,instagram,scottycze,3,twitter,scottycze,simple_name_prefix3:sco,0.94,1.1,1.0,1.0,0.0
11662,instagram,michelejmartin,3,twitter,michelejmartin,simple_name_prefix3:mic,0.94,1.1,1.0,1.0,0.0
14157,instagram,nywebdesign,3,twitter,nywebdesign,simple_name_prefix3:nyw,0.94,1.1,1.0,1.0,0.0
14196,instagram,wluera,3,twitter,wluera,simple_name_prefix3:wlu,0.94,1.1,1.0,1.0,0.0
6894,instagram,alessashida,3,twitter,alessashida,simple_name_prefix3:ale,0.94,1.1,1.0,1.0,0.0
7534,instagram,bramwittendorp,3,twitter,bramwittendorp,simple_name_prefix3:bra,0.94,1.1,1.0,1.0,0.0
14180,instagram,scottwd9,3,twitter,scottwd9,simple_name_prefix3:sco,0.94,1.1,1.0,1.0,0.0
12896,instagram,roseguccione,3,twitter,roseguccione,simple_name_prefix3:ros,0.94,1.1,1.0,1.0,0.0
6671,instagram,abedsaifi,3,twitter,abedsaifi,simple_name_prefix3:abe,0.94,1.1,1.0,1.0,0.0
12897,instagram,roseminan,3,twitter,roseminan,simple_name_prefix3:ros,0.94,1.1,1.0,1.0,0.0
11663,instagram,michelelash,3,twitter,michelelash,simple_name_prefix3:mic,0.94,1.1,1.0,1.0,0.0
12900,instagram,roslauski,3,twitter,roslauski,simple_name_prefix3:ros,0.94,1.1,1.0,1.0,0.0
7613,instagram,bryangarvin,3,twitter,bryangarvin,simple_name_prefix3:bry,0.94,1.1,1.0,1.0,0.0
7615,instagram,bryanjones,3,twitter,bryanjones,simple_name_prefix3:bry,0.94,1.1,1.0,1.0,0.0
5459,instagram,driftingfocus,3,twitter,driftingfocus,simple_name_prefix3:dri,0.94,1.1,1.0,1.0,0.0
6756,instagram,agustinamate,3,twitter,agustinamate,simple_name_prefix3:agu,0.94,1.1,1.0,1.0,0.0
8579,instagram,driesdeschepper,3,twitter,driesdeschepper,simple_name_prefix3:dri,0.94,1.1,1.0,1.0,0.0
13014,instagram,driessen,3,twitter,driessen,simple_name_prefix3:dri,0.94,1.1,1.0,1.0,0.0
10844,instagram,laffraff,3,twitter,laffraff,simple_name_prefix3:laf,0.94,1.1,1.0,1.0,0.0
9583,instagram,ianapplegate,3,twitter,ianapplegate,simple_name_prefix3:ian,0.94,1.1,1.0,1.0,0.0
6700,instagram,adders,3,twitter,adders,simple_name_prefix3:add,0.94,1.1,1.0,1.0,0.0
8452,instagram,dcgal62,3,twitter,dcgal62,simple_name_prefix3:dcg,0.94,1.1,1.0,1.0,0.0
10850,instagram,lalquier,3,twitter,lalquier,simple_name_prefix3:lal,0.94,1.1,1.0,1.0,0.0
13112,instagram,scottrohrig,3,twitter,scottrohrig,simple_name_prefix3:sco,0.94,1.1,1.0,1.0,0.0
4233,instagram,adamparnes,3,twitter,adamparnes,simple_name_prefix3:ada,0.94,1.1,1.0,1.0,0.0
4235,instagram,adamwohl,3,twitter,adamwohl,simple_name_prefix3:ada,0.94,1.1,1.0,1.0,0.0
8249,instagram,darrenp3,3,twitter,darrenp3,simple_name_prefix3:dar,0.94,1.1,1.0,1.0,0.0
6693,instagram,adamcoomes,3,twitter,adamcoomes,simple_name_prefix3:ada,0.94,1.1,1.0,1.0,0.0
13131,instagram,seanrainer,3,twitter,seanrainer,simple_name_prefix3:sea,0.94,1.1,1.0,1.0,0.0
6299,instagram,sebasmuriel,3,twitter,sebasmuriel,simple_name_prefix3:seb,0.94,1.1,1.0,1.0,0.0
8251,instagram,darrymorales,3,twitter,darrymorales,simple_name_prefix3:dar,0.94,1.1,1.0,1.0,0.0
7654,instagram,calebkinchlow,3,twitter,calebkinchlow,simple_name_prefix3:cal,0.94,1.1,1.0,1.0,0.0
11668,instagram,micheemichee520,3,twitter,micheemichee520,simple_name_prefix3:mic,0.94,1.1,1.0,1.0,0.0
8501,instagram,djqs,3,twitter,djqs,simple_name_prefix3:djq,0.94,1.1,1.0,1.0,0.0
10569,instagram,kbwhiskey,3,twitter,kbwhiskey,simple_name_prefix3:kbw,0.94,1.1,1.0,1.0,0.0
6237,instagram,sergioastral,3,twitter,sergioastral,simple_name_prefix3:ser,0.94,1.1,1.0,1.0,0.0
13123,instagram,seancannell,3,twitter,seancannell,simple_name_prefix3:sea,0.94,1.1,1.0,1.0,0.0
13166,instagram,sergiocaredda,3,twitter,sergiocaredda,simple_name_prefix3:ser,0.94,1.1,1.0,1.0,0.0
4558,instagram,buckdelonge,3,twitter,buckdelonge,simple_name_prefix3:buc,0.94,1.1,1.0,1.0,0.0
13270,instagram,sigurdson,3,twitter,sigurdson,simple_name_prefix3:sig,0.94,1.1,1.0,1.0,0.0
10924,instagram,bucibolebo,3,twitter,bucibolebo,simple_name_prefix3:buc,0.94,1.1,1.0,1.0,0.0
7427,instagram,berriepelser,3,twitter,berriepelser,simple_name_prefix3:ber,0.94,1.1,1.0,1.0,0.0
11678,instagram,michidelrosso,3,twitter,michidelrosso,simple_name_prefix3:mic,0.94,1.1,1.0,1.0,0.0
6699,instagram,adamsheikh,3,twitter,adamsheikh,simple_name_prefix3:ada,0.94,1.1,1.0,1.0,0.0
11680,instagram,michikunz77,3,twitter,michikunz77,simple_name_prefix3:mic,0.94,1.1,1.0,1.0,0.0
11847,instagram,moralesloaiza,3,twitter,moralesloaiza,simple_name_prefix3:mor,0.94,1.1,1.0,1.0,0.0
6138,instagram,rosalieruardy,3,twitter,rosalieruardy,simple_name_prefix3:ros,0.94,1.1,1.0,1.0,0.0
6141,instagram,rossbelmont,3,twitter,rossbelmont,simple_name_prefix3:ros,0.94,1.1,1.0,1.0,0.0
7428,instagram,bertboerland,3,twitter,bertboerland,simple_name_prefix3:ber,0.94,1.1,1.0,1.0,0.0
8282,instagram,adavidmax,3,twitter,adavidmax,simple_name_prefix3:ada,0.94,1.1,1.0,1.0,0.0
4709,instagram,dan_hopwood,3,twitter,dan_hopwood,simple_name_prefix3:dan,0.94,1.1,1.0,1.0,0.0
7718,instagram,citizen87erased,3,twitter,citizen87erased,simple_name_prefix3:cit,0.94,1.1,1.0,1.0,0.0
4712,instagram,danieldmoses,3,twitter,danieldmoses,simple_name_prefix3:dan,0.94,1.1,1.0,1.0,0.0
13176,instagram,serkancura,3,twitter,serkancura,simple_name_prefix3:ser,0.94,1.1,1.0,1.0,0.0
6267,instagram,sheismccartney,3,twitter,sheismccartney,simple_name_prefix3:she,0.94,1.1,1.0,1.0,0.0
4737,instagram,davebos,3,twitter,davebos,simple_name_prefix3:dav,0.94,1.1,1.0,1.0,0.0
9915,instagram,jaystewart,3,twitter,jaystewart,simple_name_prefix3:jay,0.94,1.1,1.0,1.0,0.0
4720,instagram,dannelberry,3,twitter,dannelberry,simple_name_prefix3:dan,0.94,1.1,1.0,1.0,0.0
4740,instagram,davelawrence8,3,twitter,davelawrence8,simple_name_prefix3:dav,0.94,1.1,1.0,1.0,0.0
6528,instagram,blacktar,3,twitter,blacktar,simple_name_prefix3:bla,0.94,1.1,1.0,1.0,0.0
9991,instagram,jenditchik,3,twitter,jenditchik,simple_name_prefix3:jen,0.94,1.1,1.0,1.0,0.0
4723,instagram,dannyramirezsr,3,twitter,dannyramirezsr,simple_name_prefix3:dan,0.94,1.1,1.0,1.0,0.0
5751,instagram,dancermlove,3,twitter,dancermlove,simple_name_prefix3:dan,0.94,1.1,1.0,1.0,0.0
7478,instagram,blairmosberg,3,twitter,blairmosberg,simple_name_prefix3:bla,0.94,1.1,1.0,1.0,0.0
8145,instagram,danacea,3,twitter,danacea,simple_name_prefix3:dan,0.94,1.1,1.0,1.0,0.0
12568,instagram,radiomann1,3,twitter,radiomann1,simple_name_prefix3:rad,0.94,1.1,1.0,1.0,0.0
7480,instagram,blakehampson,3,twitter,blakehampson,simple_name_prefix3:bla,0.94,1.1,1.0,1.0,0.0
13231,instagram,shebeegee,3,twitter,shebeegee,simple_name_prefix3:she,0.94,1.1,1.0,1.0,0.0
14025,instagram,vfowler,3,twitter,vfowler,simple_name_prefix3:vfo,0.94,1.1,1.0,1.0,0.0
13232,instagram,shehannf,3,twitter,shehannf,simple_name_prefix3:she,0.94,1.1,1.0,1.0,0.0
14028,instagram,taqueriatoluca,3,twitter,taqueriatoluca,simple_name_prefix3:taq,0.94,1.1,1.0,1.0,0.0
1736,googleplus,calebwoodard,3,twitter,calebwoodard,simple_name_prefix3:cal,0.94,1.1,1.0,1.0,0.0
13238,instagram,sherekaan,3,twitter,sherekaan,simple_name_prefix3:she,0.94,1.1,1.0,1.0,0.0
14089,instagram,vmshreddy,3,twitter,vmshreddy,simple_name_prefix3:vms,0.94,1.1,1.0,1.0,0.0
4735,instagram,daslive,3,twitter,daslive,simple_name_prefix3:das,0.94,1.1,1.0,1.0,0.0
13312,instagram,skylerkatz,3,twitter,skylerkatz,simple_name_prefix3:sky,0.94,1.1,1.0,1.0,0.0
14101,instagram,vtatultiwari,3,twitter,vtatultiwari,simple_name_prefix3:vta,0.94,1.1,1.0,1.0,0.0
5157,instagram,iskandr,3,twitter,iskandr,simple_name_prefix3:isk,0.94,1.1,1.0,1.0,0.0
9228,instagram,giants5go5go5,3,twitter,giants5go5go5,simple_name_prefix3:gia,0.94,1.1,1.0,1.0,0.0
5354,instagram,hipstradamus,3,twitter,hipstradamus,simple_name_prefix3:hip,0.94,1.1,1.0,1.0,0.0
13253,instagram,shomilin,3,twitter,shomilin,simple_name_prefix3:sho,0.94,1.1,1.0,1.0,0.0
13157,instagram,senol_senturk,3,twitter,senol_senturk,simple_name_prefix3:sen,0.94,1.1,1.0,1.0,0.0
9506,instagram,bertheymans,3,twitter,bertheymans,simple_name_prefix3:ber,0.94,1.1,1.0,1.0,0.0
9793,instagram,jameslano,3,twitter,jameslano,simple_name_prefix3:jam,0.94,1.1,1.0,1.0,0.0
13345,instagram,solete,3,twitter,solete,simple_name_prefix3:sol,0.94,1.1,1.0,1.0,0.0
13348,instagram,solutionsinla,3,twitter,solutionsinla,simple_name_prefix3:sol,0.94,1.1,1.0,1.0,0.0
5400,instagram,juellez,3,twitter,juellez,simple_name_prefix3:jue,0.94,1.1,1.0,1.0,0.0
10433,instagram,juergvollmer,3,twitter,juergvollmer,simple_name_prefix3:jue,0.94,1.1,1.0,1.0,0.0
10034,instagram,jeremyteff,3,twitter,jeremyteff,simple_name_prefix3:jer,0.94,1.1,1.0,1.0,0.0
5094,instagram,solarisrulez,3,twitter,solarisrulez,simple_name_prefix3:sol,0.94,1.1,1.0,1.0,0.0
11548,instagram,mdupls,3,twitter,mdupls,simple_name_prefix3:mdu,0.94,1.1,1.0,1.0,0.0
8256,instagram,davedb08,3,twitter,davedb08,simple_name_prefix3:dav,0.94,1.1,1.0,1.0,0.0
13355,instagram,sonyanews,3,twitter,sonyanews,simple_name_prefix3:son,0.94,1.1,1.0,1.0,0.0
6313,instagram,spencershell,3,twitter,spencershell,simple_name_prefix3:spe,0.94,1.1,1.0,1.0,0.0
6702,instagram,spikeyplanet,3,twitter,spikeyplanet,simple_name_prefix3:spi,0.94,1.1,1.0,1.0,0.0
13616,instagram,teddywaffles,3,twitter,teddywaffles,simple_name_prefix3:ted,0.94,1.1,1.0,1.0,0.0
13617,instagram,tedgrafx,3,twitter,tedgrafx,simple_name_prefix3:ted,0.94,1.1,1.0,1.0,0.0
6327,instagram,stefkurniadi,3,twitter,stefkurniadi,simple_name_prefix3:ste,0.94,1.1,1.0,1.0,0.0
14013,instagram,vedomyr,3,twitter,vedomyr,simple_name_prefix3:ved,0.94,1.1,1.0,1.0,0.0
11361,instagram,spiritandwine,3,twitter,spiritandwine,simple_name_prefix3:spi,0.94,1.1,1.0,1.0,0.0
8264,instagram,davefrost,3,twitter,davefrost,simple_name_prefix3:dav,0.94,1.1,1.0,1.0,0.0
13394,instagram,stavn,3,twitter,stavn,simple_name_prefix3:sta,0.94,1.1,1.0,1.0,0.0
10996,instagram,sugarnspicelily,3,twitter,sugarnspicelily,simple_name_prefix3:sug,0.94,1.1,1.0,1.0,0.0
8265,instagram,davidgoodman,3,twitter,davidgoodman,simple_name_prefix3:dav,0.94,1.1,1.0,1.0,0.0
9992,instagram,jenevison,3,twitter,jenevison,simple_name_prefix3:jen,0.94,1.1,1.0,1.0,0.0
13501,instagram,sugarjones,3,twitter,sugarjones,simple_name_prefix3:sug,0.94,1.1,1.0,1.0,0.0
8834,instagram,stubbornpixie,3,twitter,stubbornpixie,simple_name_prefix3:stu,0.94,1.1,1.0,1.0,0.0
9154,instagram,gaufgang,3,twitter,gaufgang,simple_name_prefix3:gau,0.94,1.1,1.0,1.0,0.0
8148,instagram,danalmasy,3,twitter,danalmasy,simple_name_prefix3:dan,0.94,1.1,1.0,1.0,0.0
9027,instagram,studentepercaso,3,twitter,studentepercaso,simple_name_prefix3:stu,0.94,1.1,1.0,1.0,0.0
9807,instagram,jamideleon,3,twitter,jamideleon,simple_name_prefix3:jam,0.94,1.1,1.0,1.0,0.0
13487,instagram,stuartsjones,3,twitter,stuartsjones,simple_name_prefix3:stu,0.94,1.1,1.0,1.0,0.0
8149,instagram,danamoos,3,twitter,danamoos,simple_name_prefix3:dan,0.94,1.1,1.0,1.0,0.0
13488,instagram,studiomiguel,3,twitter,studiomiguel,simple_name_prefix3:stu,0.94,1.1,1.0,1.0,0.0
3,instagram,kevinatari,3,twitter,kevinatari,simple_name_prefix3:kev,0.94,1.1,1.0,1.0,0.0
14112,instagram,waltermmv,3,twitter,waltermmv,simple_name_prefix3:wal,0.94,1.1,1.0,1.0,0.0
13420,instagram,stephanlendl,3,twitter,stephanlendl,simple_name_prefix3:ste,0.94,1.1,1.0,1.0,0.0
9941,instagram,jdperkins1369,3,twitter,jdperkins1369,simple_name_prefix3:jdp,0.94,1.1,1.0,1.0,0.0
14113,instagram,waltonkmartin,3,twitter,waltonkmartin,simple_name_prefix3:wal,0.94,1.1,1.0,1.0,0.0
9953,instagram,jects,3,twitter,jects,simple_name_prefix3:jec,0.94,1.1,1.0,1.0,0.0
8277,instagram,davesag,3,twitter,davesag,simple_name_prefix3:dav,0.94,1.1,1.0,1.0,0.0
6598,instagram,xavimorcillo,3,twitter,xavimorcillo,simple_name_prefix3:xav,0.94,1.1,1.0,1.0,0.0
8279,instagram,daveyjacobson,3,twitter,daveyjacobson,simple_name_prefix3:dav,0.94,1.1,1.0,1.0,0.0
10688,instagram,kevinpdevera,3,twitter,kevinpdevera,simple_name_prefix3:kev,0.94,1.1,1.0,1.0,0.0
14220,instagram,xavigaya,3,twitter,xavigaya,simple_name_prefix3:xav,0.94,1.1,1.0,1.0,0.0
6329,instagram,stephanieirene1,3,twitter,stephanieirene1,simple_name_prefix3:ste,0.94,1.1,1.0,1.0,0.0
8285,googleplus,davidbonet,8285,instagram,davidbonet,simple_name_prefix3:dav,0.94,1.1,1.0,1.0,0.0
8285,googleplus,davidbonet,3,twitter,davidbonet,simple_name_prefix3:dav,0.94,1.1,1.0,1.0,0.0
6413,instagram,tarranphoto,3,twitter,tarranphoto,simple_name_prefix3:tar,0.94,1.1,1.0,1.0,0.0
8176,instagram,danielebazzano,3,twitter,danielebazzano,simple_name_prefix3:dan,0.94,1.1,1.0,1.0,0.0
13530,instagram,susherito,3,twitter,susherito,simple_name_prefix3:sus,0.94,1.1,1.0,1.0,0.0
8313,instagram,davidinlines,3,twitter,davidinlines,simple_name_prefix3:dav,0.94,1.1,1.0,1.0,0.0
6380,instagram,tayfunsarier,3,twitter,tayfunsarier,simple_name_prefix3:tay,0.94,1.1,1.0,1.0,0.0
8178,instagram,danielemurra,3,twitter,danielemurra,simple_name_prefix3:dan,0.94,1.1,1.0,1.0,0.0
8179,instagram,danielerossi,3,twitter,danielerossi,simple_name_prefix3:dan,0.94,1.1,1.0,1.0,0.0
8319,instagram,davidmerinas,3,twitter,davidmerinas,simple_name_prefix3:dav,0.94,1.1,1.0,1.0,0.0
10690,instagram,kevinrfoote,3,twitter,kevinrfoote,simple_name_prefix3:kev,0.94,1.1,1.0,1.0,0.0
10019,instagram,jeorhg,3,twitter,jeorhg,simple_name_prefix3:jeo,0.94,1.1,1.0,1.0,0.0
6339,instagram,stevecherches,3,twitter,stevecherches,simple_name_prefix3:ste,0.94,1.1,1.0,1.0,0.0
13605,instagram,taylortoussaint,3,twitter,taylortoussaint,simple_name_prefix3:tay,0.94,1.1,1.0,1.0,0.0
10691,instagram,kevinsutton,3,twitter,kevinsutton,simple_name_prefix3:kev,0.94,1.1,1.0,1.0,0.0
10694,instagram,kevohl,3,twitter,kevohl,simple_name_prefix3:kev,0.94,1.1,1.0,1.0,0.0
5306,instagram,rousehouse1013,3,twitter,rousehouse1013,simple_name_prefix3:rou,0.94,1.1,1.0,1.0,0.0
5321,instagram,joguic,3,twitter,joguic,simple_name_prefix3:jog,0.94,1.1,1.0,1.0,0.0
10851,instagram,kevinlamphoto,3,twitter,kevinlamphoto,simple_name_prefix3:kev,0.94,1.1,1.0,1.0,0.0
8299,instagram,davide_grassi,3,twitter,davide_grassi,simple_name_prefix3:dav,0.94,1.1,1.0,1.0,0.0
6392,instagram,teresabarrozo,3,twitter,teresabarrozo,simple_name_prefix3:ter,0.94,1.1,1.0,1.0,0.0
11564,instagram,luxurweddings,3,twitter,luxurweddings,simple_name_prefix3:lux,0.94,1.1,1.0,1.0,0.0
11159,instagram,lydizzle,3,twitter,lydizzle,simple_name_prefix3:lyd,0.94,1.1,1.0,1.0,0.0
13636,instagram,terrellsandefur,3,twitter,terrellsandefur,simple_name_prefix3:ter,0.94,1.1,1.0,1.0,0.0
6347,instagram,stevexcite,3,twitter,stevexcite,simple_name_prefix3:ste,0.94,1.1,1.0,1.0,0.0
4779,instagram,denisu81,3,twitter,denisu81,simple_name_prefix3:den,0.94,1.1,1.0,1.0,0.0
11428,instagram,msconsulting,3,twitter,msconsulting,simple_name_prefix3:msc,0.94,1.1,1.0,1.0,0.0
8334,instagram,davidswinney,3,twitter,davidswinney,simple_name_prefix3:dav,0.94,1.1,1.0,1.0,0.0
8335,instagram,davidxvx,3,twitter,davidxvx,simple_name_prefix3:dav,0.94,1.1,1.0,1.0,0.0
13638,instagram,terrinakamura,3,twitter,terrinakamura,simple_name_prefix3:ter,0.94,1.1,1.0,1.0,0.0
8339,instagram,davidvkimball,3,twitter,davidvkimball,simple_name_prefix3:dav,0.94,1.1,1.0,1.0,0.0
8301,instagram,davidemontanaro,3,twitter,davidemontanaro,simple_name_prefix3:dav,0.94,1.1,1.0,1.0,0.0
6396,instagram,tessacolauto,3,twitter,tessacolauto,simple_name_prefix3:tes,0.94,1.1,1.0,1.0,0.0
9096,instagram,likeartdesign,3,twitter,likeartdesign,simple_name_prefix3:lik,0.94,1.1,1.0,1.0,0.0
8302,instagram,daviderota,3,twitter,daviderota,simple_name_prefix3:dav,0.94,1.1,1.0,1.0,0.0
8313,googleplus,davidinlines,8313,instagram,davidinlines,simple_name_prefix3:dav,0.94,1.1,1.0,1.0,0.0
4508,instagram,born2rock1974,3,twitter,born2rock1974,simple_name_prefix3:bor,0.94,1.1,1.0,1.0,0.0
11614,instagram,mherrling,3,twitter,mherrling,simple_name_prefix3:mhe,0.94,1.1,1.0,1.0,0.0
8403,instagram,denisdoeland,3,twitter,denisdoeland,simple_name_prefix3:den,0.94,1.1,1.0,1.0,0.0
13968,instagram,uvmann,3,twitter,uvmann,simple_name_prefix3:uvm,0.94,1.1,1.0,1.0,0.0
8170,instagram,danigula,3,twitter,danigula,simple_name_prefix3:dan,0.94,1.1,1.0,1.0,0.0
13647,instagram,thatgirlmegan,3,twitter,thatgirlmegan,simple_name_prefix3:tha,0.94,1.1,1.0,1.0,0.0
14006,instagram,vazquezjm,3,twitter,vazquezjm,simple_name_prefix3:vaz,0.94,1.1,1.0,1.0,0.0
5301,instagram,jjying,3,twitter,jjying,simple_name_prefix3:jjy,0.94,1.1,1.0,1.0,0.0
13700,instagram,thibautmarquis,3,twitter,thibautmarquis,simple_name_prefix3:thi,0.94,1.1,1.0,1.0,0.0
13706,instagram,thillsman,3,twitter,thillsman,simple_name_prefix3:thi,0.94,1.1,1.0,1.0,0.0
14009,instagram,vbellais,3,twitter,vbellais,simple_name_prefix3:vbe,0.94,1.1,1.0,1.0,0.0
13707,instagram,thinzaroo,3,twitter,thinzaroo,simple_name_prefix3:thi,0.94,1.1,1.0,1.0,0.0
8787,instagram,stellabella824,3,twitter,stellabella824,simple_name_prefix3:ste,0.94,1.1,1.0,1.0,0.0
8404,instagram,denisdubois,3,twitter,denisdubois,simple_name_prefix3:den,0.94,1.1,1.0,1.0,0.0
8808,instagram,steurtje,3,twitter,steurtje,simple_name_prefix3:ste,0.94,1.1,1.0,1.0,0.0
12093,instagram,steadinik,3,twitter,steadinik,simple_name_prefix3:ste,0.94,1.1,1.0,1.0,0.0
9725,instagram,gaycapeman,3,twitter,gaycapeman,simple_name_prefix3:gay,0.94,1.1,1.0,1.0,0.0
13763,instagram,timylee,3,twitter,timylee,simple_name_prefix3:tim,0.94,1.1,1.0,1.0,0.0
8188,instagram,daniellericks,3,twitter,daniellericks,simple_name_prefix3:dan,0.94,1.1,1.0,1.0,0.0
9926,instagram,jcastrodiaz,3,twitter,jcastrodiaz,simple_name_prefix3:jca,0.94,1.1,1.0,1.0,0.0
9927,instagram,jcbivins,3,twitter,jcbivins,simple_name_prefix3:jcb,0.94,1.1,1.0,1.0,0.0
6432,instagram,timrgeorge,3,twitter,timrgeorge,simple_name_prefix3:tim,0.94,1.1,1.0,1.0,0.0
9934,instagram,jcorver,3,twitter,jcorver,simple_name_prefix3:jco,0.94,1.1,1.0,1.0,0.0
6433,instagram,timscalzitti,3,twitter,timscalzitti,simple_name_prefix3:tim,0.94,1.1,1.0,1.0,0.0
5036,instagram,georgettetan,3,twitter,georgettetan,simple_name_prefix3:geo,0.94,1.1,1.0,1.0,0.0
4784,instagram,dereuter,3,twitter,dereuter,simple_name_prefix3:der,0.94,1.1,1.0,1.0,0.0
8672,instagram,eisema,3,twitter,eisema,simple_name_prefix3:eis,0.94,1.1,1.0,1.0,0.0
4244,instagram,afnanaldimasi,3,twitter,afnanaldimasi,simple_name_prefix3:afn,0.94,1.1,1.0,1.0,0.0
8211,instagram,danilomaraschi,3,twitter,danilomaraschi,simple_name_prefix3:dan,0.94,1.1,1.0,1.0,0.0
13959,instagram,urmilesh,3,twitter,urmilesh,simple_name_prefix3:urm,0.94,1.1,1.0,1.0,0.0
4785,instagram,derploss,3,twitter,derploss,simple_name_prefix3:der,0.94,1.1,1.0,1.0,0.0
13428,instagram,stephenchapman,3,twitter,stephenchapman,simple_name_prefix3:ste,0.94,1.1,1.0,1.0,0.0
8212,instagram,daniloruocco,3,twitter,daniloruocco,simple_name_prefix3:dan,0.94,1.1,1.0,1.0,0.0
8213,instagram,daniloyamamoto,3,twitter,daniloyamamoto,simple_name_prefix3:dan,0.94,1.1,1.0,1.0,0.0
5653,instagram,marcostalder,3,twitter,marcostalder,simple_name_prefix3:mar,0.94,1.1,1.0,1.0,0.0
13734,instagram,tim846,3,twitter,tim846,simple_name_prefix3:tim,0.94,1.1,1.0,1.0,0.0
6448,instagram,tomclocke,3,twitter,tomclocke,simple_name_prefix3:tom,0.94,1.1,1.0,1.0,0.0
5662,instagram,mariedomingo,3,twitter,mariedomingo,simple_name_prefix3:mar,0.94,1.1,1.0,1.0,0.0
5663,instagram,marilenabarbera,3,twitter,marilenabarbera,simple_name_prefix3:mar,0.94,1.1,1.0,1.0,0.0
5244,instagram,jeffcoga,3,twitter,jeffcoga,simple_name_prefix3:jef,0.94,1.1,1.0,1.0,0.0
8368,instagram,derekdevries,3,twitter,derekdevries,simple_name_prefix3:der,0.94,1.1,1.0,1.0,0.0
6454,instagram,tommytrc,3,twitter,tommytrc,simple_name_prefix3:tom,0.94,1.1,1.0,1.0,0.0
10457,instagram,twofourseven,3,twitter,twofourseven,simple_name_prefix3:two,0.94,1.1,1.0,1.0,0.0
13429,instagram,stephenchip,3,twitter,stephenchip,simple_name_prefix3:ste,0.94,1.1,1.0,1.0,0.0
8412,instagram,derekfromson,3,twitter,derekfromson,simple_name_prefix3:der,0.94,1.1,1.0,1.0,0.0
8197,instagram,danielmrose,3,twitter,danielmrose,simple_name_prefix3:dan,0.94,1.1,1.0,1.0,0.0
9189,instagram,georgeadria,3,twitter,georgeadria,simple_name_prefix3:geo,0.94,1.1,1.0,1.0,0.0
8006,instagram,cmroman,3,twitter,cmroman,simple_name_prefix3:cmr,0.94,1.1,1.0,1.0,0.0
8198,instagram,danielrdelpino,3,twitter,danielrdelpino,simple_name_prefix3:dan,0.94,1.1,1.0,1.0,0.0
8413,instagram,derekheisler,3,twitter,derekheisler,simple_name_prefix3:der,0.94,1.1,1.0,1.0,0.0
9054,instagram,derfrankie,3,twitter,derfrankie,simple_name_prefix3:der,0.94,1.1,1.0,1.0,0.0
13903,instagram,tsameer,3,twitter,tsameer,simple_name_prefix3:tsa,0.94,1.1,1.0,1.0,0.0
13907,instagram,tshuguenin,3,twitter,tshuguenin,simple_name_prefix3:tsh,0.94,1.1,1.0,1.0,0.0
13910,instagram,1tuesdaygirl,3,twitter,1tuesdaygirl,simple_name_prefix3:1tu,0.94,1.1,1.0,1.0,0.0
7561,instagram,bfgreen,3,twitter,bfgreen,simple_name_prefix3:bfg,0.94,1.1,1.0,1.0,0.0
13924,instagram,txsjohnny,3,twitter,txsjohnny,simple_name_prefix3:txs,0.94,1.1,1.0,1.0,0.0
6455,instagram,tommysqueak,3,twitter,tommysqueak,simple_name_prefix3:tom,0.94,1.1,1.0,1.0,0.0
9447,instagram,tom_z,3,twitter,tom_z,simple_name_prefix3:tom,0.94,1.1,1.0,1.0,0.0
13430,instagram,stephencoley,3,twitter,stephencoley,simple_name_prefix3:ste,0.94,1.1,1.0,1.0,0.0
13738,instagram,timbrauhn,3,twitter,timbrauhn,simple_name_prefix3:tim,0.94,1.1,1.0,1.0,0.0
8223,instagram,dannyrizal,3,twitter,dannyrizal,simple_name_prefix3:dan,0.94,1.1,1.0,1.0,0.0
13748,instagram,timrlai,3,twitter,timrlai,simple_name_prefix3:tim,0.94,1.1,1.0,1.0,0.0
13757,instagram,timothylmooney,3,twitter,timothylmooney,simple_name_prefix3:tim,0.94,1.1,1.0,1.0,0.0
13804,instagram,tomcuthbert,3,twitter,tomcuthbert,simple_name_prefix3:tom,0.94,1.1,1.0,1.0,0.0
4990,instagram,devu,3,twitter,devu,simple_name_prefix3:dev,0.94,1.1,1.0,1.0,0.0
5686,instagram,maryduarte,3,twitter,maryduarte,simple_name_prefix3:mar,0.94,1.1,1.0,1.0,0.0
5687,instagram,maryelisechavez,3,twitter,maryelisechavez,simple_name_prefix3:mar,0.94,1.1,1.0,1.0,0.0
9206,instagram,gerbenjacobs,3,twitter,gerbenjacobs,simple_name_prefix3:ger,0.94,1.1,1.0,1.0,0.0
5293,instagram,jimmyether,3,twitter,jimmyether,simple_name_prefix3:jim,0.94,1.1,1.0,1.0,0.0
4798,instagram,dianayung,3,twitter,dianayung,simple_name_prefix3:dia,0.94,1.1,1.0,1.0,0.0
5294,instagram,jimredding,3,twitter,jimredding,simple_name_prefix3:jim,0.94,1.1,1.0,1.0,0.0
9192,instagram,georgeferris,3,twitter,georgeferris,simple_name_prefix3:geo,0.94,1.1,1.0,1.0,0.0
8668,instagram,markuseichler,3,twitter,markuseichler,simple_name_prefix3:mar,0.94,1.1,1.0,1.0,0.0
8210,instagram,danilodelara,3,twitter,danilodelara,simple_name_prefix3:dan,0.94,1.1,1.0,1.0,0.0
13808,instagram,tomepejo,3,twitter,tomepejo,simple_name_prefix3:tom,0.94,1.1,1.0,1.0,0.0
13399,instagram,stefanklix,3,twitter,stefanklix,simple_name_prefix3:ste,0.94,1.1,1.0,1.0,0.0
12994,instagram,psimac,3,twitter,psimac,simple_name_prefix3:psi,0.94,1.1,1.0,1.0,0.0
13811,instagram,tom_geraghty,3,twitter,tom_geraghty,simple_name_prefix3:tom,0.94,1.1,1.0,1.0,0.0
10987,instagram,lidahasbrouck,3,twitter,lidahasbrouck,simple_name_prefix3:lid,0.94,1.1,1.0,1.0,0.0
11003,instagram,lyceum,3,twitter,lyceum,simple_name_prefix3:lyc,0.94,1.1,1.0,1.0,0.0
9194,instagram,georgejlloyd,3,twitter,georgejlloyd,simple_name_prefix3:geo,0.94,1.1,1.0,1.0,0.0
11041,instagram,lkpetrolino,3,twitter,lkpetrolino,simple_name_prefix3:lkp,0.94,1.1,1.0,1.0,0.0
11052,instagram,loicportes,3,twitter,loicportes,simple_name_prefix3:loi,0.94,1.1,1.0,1.0,0.0
13406,instagram,stenmartin,3,twitter,stenmartin,simple_name_prefix3:ste,0.94,1.1,1.0,1.0,0.0
13259,instagram,shugo,3,twitter,shugo,simple_name_prefix3:shu,0.94,1.1,1.0,1.0,0.0
11054,instagram,loig_roumois,3,twitter,loig_roumois,simple_name_prefix3:loi,0.94,1.1,1.0,1.0,0.0
11250,instagram,marceldarvas,3,twitter,marceldarvas,simple_name_prefix3:mar,0.94,1.1,1.0,1.0,0.0
8125,instagram,dabneyporte,3,twitter,dabneyporte,simple_name_prefix3:dab,0.94,1.1,1.0,1.0,0.0
11254,instagram,marcelziul,3,twitter,marcelziul,simple_name_prefix3:mar,0.94,1.1,1.0,1.0,0.0
11256,instagram,marcham93,3,twitter,marcham93,simple_name_prefix3:mar,0.94,1.1,1.0,1.0,0.0
12492,instagram,poetinthepantry,3,twitter,poetinthepantry,simple_name_prefix3:poe,0.94,1.1,1.0,1.0,0.0
5267,instagram,djisupertramp,3,twitter,djisupertramp,simple_name_prefix3:dji,0.94,1.1,1.0,1.0,0.0
11257,instagram,marcialeeder,3,twitter,marcialeeder,simple_name_prefix3:mar,0.94,1.1,1.0,1.0,0.0
5673,instagram,markryan08,3,twitter,markryan08,simple_name_prefix3:mar,0.94,1.1,1.0,1.0,0.0
8451,instagram,dianagonzalez,3,twitter,dianagonzalez,simple_name_prefix3:dia,0.94,1.1,1.0,1.0,0.0
9709,instagram,djisraeltorres,3,twitter,djisraeltorres,simple_name_prefix3:dji,0.94,1.1,1.0,1.0,0.0
9195,instagram,georgeprest,3,twitter,georgeprest,simple_name_prefix3:geo,0.94,1.1,1.0,1.0,0.0
5296,instagram,townsendtribe,3,twitter,townsendtribe,simple_name_prefix3:tow,0.94,1.1,1.0,1.0,0.0
8216,instagram,danmoyle,3,twitter,danmoyle,simple_name_prefix3:dan,0.94,1.1,1.0,1.0,0.0
6338,instagram,sjbphoto,3,twitter,sjbphoto,simple_name_prefix3:sjb,0.94,1.1,1.0,1.0,0.0
11262,instagram,marcocerrone,3,twitter,marcocerrone,simple_name_prefix3:mar,0.94,1.1,1.0,1.0,0.0
5046,instagram,giovannicapone,3,twitter,giovannicapone,simple_name_prefix3:gio,0.94,1.1,1.0,1.0,0.0
8123,instagram,dabgenthong,3,twitter,dabgenthong,simple_name_prefix3:dab,0.94,1.1,1.0,1.0,0.0
8124,instagram,dabigc,3,twitter,dabigc,simple_name_prefix3:dab,0.94,1.1,1.0,1.0,0.0
10198,instagram,joelsteinmann,3,twitter,joelsteinmann,simple_name_prefix3:joe,0.94,1.1,1.0,1.0,0.0
11265,instagram,marcolodovichi,3,twitter,marcolodovichi,simple_name_prefix3:mar,0.94,1.1,1.0,1.0,0.0
13927,instagram,tylerhopf,3,twitter,tylerhopf,simple_name_prefix3:tyl,0.94,1.1,1.0,1.0,0.0
11268,instagram,marcos_5000,3,twitter,marcos_5000,simple_name_prefix3:mar,0.94,1.1,1.0,1.0,0.0
8022,instagram,torontocolin,3,twitter,torontocolin,simple_name_prefix3:tor,0.94,1.1,1.0,1.0,0.0
6465,instagram,trevortorres,3,twitter,trevortorres,simple_name_prefix3:tre,0.94,1.1,1.0,1.0,0.0
11399,instagram,treincolumn,3,twitter,treincolumn,simple_name_prefix3:tre,0.94,1.1,1.0,1.0,0.0
5206,instagram,janumedia,3,twitter,janumedia,simple_name_prefix3:jan,0.94,1.1,1.0,1.0,0.0
4571,instagram,camaradagmo,3,twitter,camaradagmo,simple_name_prefix3:cam,0.94,1.1,1.0,1.0,0.0
4572,instagram,camiladobem,3,twitter,camiladobem,simple_name_prefix3:cam,0.94,1.1,1.0,1.0,0.0
9254,googleplus,gisanders,9254,instagram,gisanders,simple_name_prefix3:gis,0.94,1.1,1.0,1.0,0.0
13925,instagram,tylergarner,3,twitter,tylergarner,simple_name_prefix3:tyl,0.94,1.1,1.0,1.0,0.0
9254,googleplus,gisanders,3,twitter,gisanders,simple_name_prefix3:gis,0.94,1.1,1.0,1.0,0.0
11299,instagram,mariancanalda,3,twitter,mariancanalda,simple_name_prefix3:mar,0.94,1.1,1.0,1.0,0.0
8612,instagram,dygrafiglali,3,twitter,dygrafiglali,simple_name_prefix3:dyg,0.94,1.1,1.0,1.0,0.0
8617,instagram,eapesteguia,3,twitter,eapesteguia,simple_name_prefix3:eap,0.94,1.1,1.0,1.0,0.0
12713,instagram,richardthornton,3,twitter,richardthornton,simple_name_prefix3:ric,0.94,1.1,1.0,1.0,0.0
13929,instagram,tylerkessler,3,twitter,tylerkessler,simple_name_prefix3:tyl,0.94,1.1,1.0,1.0,0.0
8469,instagram,diesteph,3,twitter,diesteph,simple_name_prefix3:die,0.94,1.1,1.0,1.0,0.0
4807,instagram,digisim,3,twitter,digisim,simple_name_prefix3:dig,0.94,1.1,1.0,1.0,0.0
9247,instagram,giovanni_canzio,3,twitter,giovanni_canzio,simple_name_prefix3:gio,0.94,1.1,1.0,1.0,0.0
13936,instagram,tysonjerry,3,twitter,tysonjerry,simple_name_prefix3:tys,0.94,1.1,1.0,1.0,0.0
13956,instagram,urbanvox,3,twitter,urbanvox,simple_name_prefix3:urb,0.94,1.1,1.0,1.0,0.0
9429,instagram,harrybutcher,3,twitter,harrybutcher,simple_name_prefix3:har,0.94,1.1,1.0,1.0,0.0
7669,instagram,camilos,3,twitter,camilos,simple_name_prefix3:cam,0.94,1.1,1.0,1.0,0.0
7452,instagram,bijouede,3,twitter,bijouede,simple_name_prefix3:bij,0.94,1.1,1.0,1.0,0.0
11307,instagram,marieiscool,3,twitter,marieiscool,simple_name_prefix3:mar,0.94,1.1,1.0,1.0,0.0
8627,instagram,eczong,3,twitter,eczong,simple_name_prefix3:ecz,0.94,1.1,1.0,1.0,0.0
10083,instagram,jgardner04,3,twitter,jgardner04,simple_name_prefix3:jga,0.94,1.1,1.0,1.0,0.0
9045,instagram,francovanvuuren,3,twitter,francovanvuuren,simple_name_prefix3:fra,0.94,1.1,1.0,1.0,0.0
4573,instagram,canergz,3,twitter,canergz,simple_name_prefix3:can,0.94,1.1,1.0,1.0,0.0
11313,instagram,mariogiancini,3,twitter,mariogiancini,simple_name_prefix3:mar,0.94,1.1,1.0,1.0,0.0
6283,instagram,vandinglewop,3,twitter,vandinglewop,simple_name_prefix3:van,0.94,1.1,1.0,1.0,0.0
11287,instagram,mariaalana,3,twitter,mariaalana,simple_name_prefix3:mar,0.94,1.1,1.0,1.0,0.0
11288,instagram,maricler,3,twitter,maricler,simple_name_prefix3:mar,0.94,1.1,1.0,1.0,0.0
9248,instagram,giovencato,3,twitter,giovencato,simple_name_prefix3:gio,0.94,1.1,1.0,1.0,0.0
9047,instagram,frankblackhal,3,twitter,frankblackhal,simple_name_prefix3:fra,0.94,1.1,1.0,1.0,0.0
11292,instagram,mariahhumphries,3,twitter,mariahhumphries,simple_name_prefix3:mar,0.94,1.1,1.0,1.0,0.0
13557,instagram,syarief_aj,3,twitter,syarief_aj,simple_name_prefix3:sya,0.94,1.1,1.0,1.0,0.0
13556,instagram,nsynke,3,twitter,nsynke,simple_name_prefix3:nsy,0.94,1.1,1.0,1.0,0.0
6508,instagram,vandancd,3,twitter,vandancd,simple_name_prefix3:van,0.94,1.1,1.0,1.0,0.0
14002,instagram,varunpramanik,3,twitter,varunpramanik,simple_name_prefix3:var,0.94,1.1,1.0,1.0,0.0
6517,instagram,vernon2x,3,twitter,vernon2x,simple_name_prefix3:ver,0.94,1.1,1.0,1.0,0.0
13603,instagram,tavojimenez,3,twitter,tavojimenez,simple_name_prefix3:tav,0.94,1.1,1.0,1.0,0.0
8640,instagram,liquidisity,3,twitter,liquidisity,simple_name_prefix3:liq,0.94,1.1,1.0,1.0,0.0
13914,instagram,turieco,3,twitter,turieco,simple_name_prefix3:tur,0.94,1.1,1.0,1.0,0.0
13643,instagram,tfloersch,3,twitter,tfloersch,simple_name_prefix3:tfl,0.94,1.1,1.0,1.0,0.0
14023,instagram,vervex,3,twitter,vervex,simple_name_prefix3:ver,0.94,1.1,1.0,1.0,0.0
5038,instagram,geriayn,3,twitter,geriayn,simple_name_prefix3:ger,0.94,1.1,1.0,1.0,0.0
14024,instagram,verygoodservice,3,twitter,verygoodservice,simple_name_prefix3:ver,0.94,1.1,1.0,1.0,0.0
8641,instagram,ednacz,3,twitter,ednacz,simple_name_prefix3:edn,0.94,1.1,1.0,1.0,0.0
6523,instagram,vicentealfonso,3,twitter,vicentealfonso,simple_name_prefix3:vic,0.94,1.1,1.0,1.0,0.0
14083,instagram,vivipedraglio,3,twitter,vivipedraglio,simple_name_prefix3:viv,0.94,1.1,1.0,1.0,0.0
14119,instagram,warrenlain,3,twitter,warrenlain,simple_name_prefix3:war,0.94,1.1,1.0,1.0,0.0
5029,instagram,geektechlive,3,twitter,geektechlive,simple_name_prefix3:gee,0.94,1.1,1.0,1.0,0.0
9178,instagram,geekazine,3,twitter,geekazine,simple_name_prefix3:gee,0.94,1.1,1.0,1.0,0.0
11366,instagram,geek7,3,twitter,geek7,simple_name_prefix3:gee,0.94,1.1,1.0,1.0,0.0
14079,instagram,vivianroldo,3,twitter,vivianroldo,simple_name_prefix3:viv,0.94,1.1,1.0,1.0,0.0
5156,instagram,iscvladimir,3,twitter,iscvladimir,simple_name_prefix3:isc,0.94,1.1,1.0,1.0,0.0
13508,instagram,sumeetchawla,3,twitter,sumeetchawla,simple_name_prefix3:sum,0.94,1.1,1.0,1.0,0.0
7676,instagram,cankoklu,3,twitter,cankoklu,simple_name_prefix3:can,0.94,1.1,1.0,1.0,0.0
11320,instagram,marioschumacher,3,twitter,marioschumacher,simple_name_prefix3:mar,0.94,1.1,1.0,1.0,0.0
11322,googleplus,mariozaizar,11322,instagram,mariozaizar,simple_name_prefix3:mar,0.94,1.1,1.0,1.0,0.0
11322,googleplus,mariozaizar,3,twitter,mariozaizar,simple_name_prefix3:mar,0.94,1.1,1.0,1.0,0.0
4992,instagram,francinalg,3,twitter,francinalg,simple_name_prefix3:fra,0.94,1.1,1.0,1.0,0.0
9270,instagram,glenn_thorpe,3,twitter,glenn_thorpe,simple_name_prefix3:gle,0.94,1.1,1.0,1.0,0.0
9758,instagram,jagomf,3,twitter,jagomf,simple_name_prefix3:jag,0.94,1.1,1.0,1.0,0.0
13550,instagram,swurvradio,3,twitter,swurvradio,simple_name_prefix3:swu,0.94,1.1,1.0,1.0,0.0
13509,googleplus,sumeetmoghe,13509,instagram,sumeetmoghe,simple_name_prefix3:sum,0.94,1.1,1.0,1.0,0.0
5184,instagram,jajouka,3,twitter,jajouka,simple_name_prefix3:jaj,0.94,1.1,1.0,1.0,0.0
13913,instagram,turbidsoul,3,twitter,turbidsoul,simple_name_prefix3:tur,0.94,1.1,1.0,1.0,0.0
14143,instagram,wendysoucie,3,twitter,wendysoucie,simple_name_prefix3:wen,0.94,1.1,1.0,1.0,0.0
11900,instagram,multiservice5d,3,twitter,multiservice5d,simple_name_prefix3:mul,0.94,1.1,1.0,1.0,0.0
11332,instagram,markandrade,3,twitter,markandrade,simple_name_prefix3:mar,0.94,1.1,1.0,1.0,0.0
9770,instagram,j_faulkner,3,twitter,j_faulkner,simple_name_prefix3:j_f,0.94,1.1,1.0,1.0,0.0
10902,instagram,tipjunkie,3,twitter,tipjunkie,simple_name_prefix3:tip,0.94,1.1,1.0,1.0,0.0
11333,instagram,markarayner,3,twitter,markarayner,simple_name_prefix3:mar,0.94,1.1,1.0,1.0,0.0
9271,instagram,gletham,3,twitter,gletham,simple_name_prefix3:gle,0.94,1.1,1.0,1.0,0.0
10913,instagram,ldebrouwer,3,twitter,ldebrouwer,simple_name_prefix3:lde,0.94,1.1,1.0,1.0,0.0
10914,googleplus,ldproducts,10914,instagram,ldproducts,simple_name_prefix3:ldp,0.94,1.1,1.0,1.0,0.0
10914,googleplus,ldproducts,3,twitter,ldproducts,simple_name_prefix3:ldp,0.94,1.1,1.0,1.0,0.0
11784,instagram,mitchbaldwin,3,twitter,mitchbaldwin,simple_name_prefix3:mit,0.94,1.1,1.0,1.0,0.0
11553,instagram,gleonhard,3,twitter,gleonhard,simple_name_prefix3:gle,0.94,1.1,1.0,1.0,0.0
9780,instagram,jdna,3,twitter,jdna,simple_name_prefix3:jdn,0.94,1.1,1.0,1.0,0.0
9783,instagram,odhinnsrunes,3,twitter,odhinnsrunes,simple_name_prefix3:odh,0.94,1.1,1.0,1.0,0.0
8656,instagram,eesmyal,3,twitter,eesmyal,simple_name_prefix3:ees,0.94,1.1,1.0,1.0,0.0
9836,instagram,yefeth,3,twitter,yefeth,simple_name_prefix3:yef,0.94,1.1,1.0,1.0,0.0
5067,instagram,guidobaechler,3,twitter,guidobaechler,simple_name_prefix3:gui,0.94,1.1,1.0,1.0,0.0
11343,instagram,markcwarner,3,twitter,markcwarner,simple_name_prefix3:mar,0.94,1.1,1.0,1.0,0.0
9877,instagram,jathanism,3,twitter,jathanism,simple_name_prefix3:jat,0.94,1.1,1.0,1.0,0.0
5342,instagram,jonasdelosreyes,3,twitter,jonasdelosreyes,simple_name_prefix3:jon,0.94,1.1,1.0,1.0,0.0
9925,instagram,jcarlossoto,3,twitter,jcarlossoto,simple_name_prefix3:jca,0.94,1.1,1.0,1.0,0.0
11785,instagram,mitchelhall,3,twitter,mitchelhall,simple_name_prefix3:mit,0.94,1.1,1.0,1.0,0.0
11347,instagram,mark_e_evans,3,twitter,mark_e_evans,simple_name_prefix3:mar,0.94,1.1,1.0,1.0,0.0
10269,instagram,jonathanelee,3,twitter,jonathanelee,simple_name_prefix3:jon,0.94,1.1,1.0,1.0,0.0
12741,instagram,richtatum,3,twitter,richtatum,simple_name_prefix3:ric,0.94,1.1,1.0,1.0,0.0
11788,instagram,mitchpix,3,twitter,mitchpix,simple_name_prefix3:mit,0.94,1.1,1.0,1.0,0.0
11789,instagram,mithical,3,twitter,mithical,simple_name_prefix3:mit,0.94,1.1,1.0,1.0,0.0
7454,instagram,billadams,3,twitter,billadams,simple_name_prefix3:bil,0.94,1.1,1.0,1.0,0.0
7465,instagram,billyhbush,3,twitter,billyhbush,simple_name_prefix3:bil,0.94,1.1,1.0,1.0,0.0
9214,instagram,geroyche,3,twitter,geroyche,simple_name_prefix3:ger,0.94,1.1,1.0,1.0,0.0
9051,instagram,frankhartman,3,twitter,frankhartman,simple_name_prefix3:fra,0.94,1.1,1.0,1.0,0.0
11370,instagram,markvictoryoung,3,twitter,markvictoryoung,simple_name_prefix3:mar,0.94,1.1,1.0,1.0,0.0
13425,instagram,stephenapp,3,twitter,stephenapp,simple_name_prefix3:ste,0.94,1.1,1.0,1.0,0.0
12676,instagram,reggiejamz,3,twitter,reggiejamz,simple_name_prefix3:reg,0.94,1.1,1.0,1.0,0.0
10816,instagram,ksquad,3,twitter,ksquad,simple_name_prefix3:ksq,0.94,1.1,1.0,1.0,0.0
11353,instagram,markkelly333,3,twitter,markkelly333,simple_name_prefix3:mar,0.94,1.1,1.0,1.0,0.0
6583,instagram,wongski,3,twitter,wongski,simple_name_prefix3:won,0.94,1.1,1.0,1.0,0.0
12276,instagram,uncronista,3,twitter,uncronista,simple_name_prefix3:unc,0.94,1.1,1.0,1.0,0.0
11354,instagram,marklincoln,3,twitter,marklincoln,simple_name_prefix3:mar,0.94,1.1,1.0,1.0,0.0
11355,instagram,markinsutton,3,twitter,markinsutton,simple_name_prefix3:mar,0.94,1.1,1.0,1.0,0.0
9053,instagram,franklingraves,3,twitter,franklingraves,simple_name_prefix3:fra,0.94,1.1,1.0,1.0,0.0
9215,instagram,gerrymiller,3,twitter,gerrymiller,simple_name_prefix3:ger,0.94,1.1,1.0,1.0,0.0
11356,instagram,markmyles,3,twitter,markmyles,simple_name_prefix3:mar,0.94,1.1,1.0,1.0,0.0
11661,instagram,wonderpiece,3,twitter,wonderpiece,simple_name_prefix3:won,0.94,1.1,1.0,1.0,0.0
7855,instagram,chcameron,3,twitter,chcameron,simple_name_prefix3:chc,0.94,1.1,1.0,1.0,0.0
6615,instagram,yosoytono,3,twitter,yosoytono,simple_name_prefix3:yos,0.94,1.1,1.0,1.0,0.0
8504,instagram,djswitz,3,twitter,djswitz,simple_name_prefix3:djs,0.94,1.1,1.0,1.0,0.0
12747,instagram,rickchung,3,twitter,rickchung,simple_name_prefix3:ric,0.94,1.1,1.0,1.0,0.0
4320,instagram,alpoma,3,twitter,alpoma,simple_name_prefix3:alp,0.94,1.1,1.0,1.0,0.0
6289,instagram,skipbensley,3,twitter,skipbensley,simple_name_prefix3:ski,0.94,1.1,1.0,1.0,0.0
11389,googleplus,martarauch,3,twitter,martarauch,simple_name_prefix3:mar,0.94,1.1,1.0,1.0,0.0
4935,instagram,eugeneminogue,3,twitter,eugeneminogue,simple_name_prefix3:eug,0.94,1.1,1.0,1.0,0.0
13436,instagram,stephenwashere,3,twitter,stephenwashere,simple_name_prefix3:ste,0.94,1.1,1.0,1.0,0.0
4240,instagram,adrianaarjona,3,twitter,adrianaarjona,simple_name_prefix3:adr,0.94,1.1,1.0,1.0,0.0
10272,instagram,jonathanpearson,3,twitter,jonathanpearson,simple_name_prefix3:jon,0.94,1.1,1.0,1.0,0.0
6726,instagram,adrianlp5,3,twitter,adrianlp5,simple_name_prefix3:adr,0.94,1.1,1.0,1.0,0.0
9758,googleplus,jagomf,9758,instagram,jagomf,simple_name_prefix3:jag,0.94,1.1,1.0,1.0,0.0
8690,instagram,elenacuboni,3,twitter,elenacuboni,simple_name_prefix3:ele,0.94,1.1,1.0,1.0,0.0
4813,instagram,dirgayuza,3,twitter,dirgayuza,simple_name_prefix3:dir,0.94,1.1,1.0,1.0,0.0
11367,instagram,markusrach,3,twitter,markusrach,simple_name_prefix3:mar,0.94,1.1,1.0,1.0,0.0
12172,instagram,whitechnoleg,3,twitter,whitechnoleg,simple_name_prefix3:whi,0.94,1.1,1.0,1.0,0.0
12738,instagram,richmackey,3,twitter,richmackey,simple_name_prefix3:ric,0.94,1.1,1.0,1.0,0.0
8490,instagram,dismolanza,3,twitter,dismolanza,simple_name_prefix3:dis,0.94,1.1,1.0,1.0,0.0
7689,instagram,carlescabrer,3,twitter,carlescabrer,simple_name_prefix3:car,0.94,1.1,1.0,1.0,0.0
11406,instagram,martinsabag,3,twitter,martinsabag,simple_name_prefix3:mar,0.94,1.1,1.0,1.0,0.0
7122,instagram,ankhsethamon,3,twitter,ankhsethamon,simple_name_prefix3:ank,0.94,1.1,1.0,1.0,0.0
13307,instagram,skipgienapp,3,twitter,skipgienapp,simple_name_prefix3:ski,0.94,1.1,1.0,1.0,0.0
11408,instagram,martinsoler,3,twitter,martinsoler,simple_name_prefix3:mar,0.94,1.1,1.0,1.0,0.0
5694,instagram,dmatsoukas,3,twitter,dmatsoukas,simple_name_prefix3:dma,0.94,1.1,1.0,1.0,0.0
13308,instagram,skiphunt,3,twitter,skiphunt,simple_name_prefix3:ski,0.94,1.1,1.0,1.0,0.0
5135,instagram,ifar,3,twitter,ifar,simple_name_prefix3:ifa,0.94,1.1,1.0,1.0,0.0
11380,googleplus,marniarnold,11380,instagram,marniarnold,simple_name_prefix3:mar,0.94,1.1,1.0,1.0,0.0
9656,instagram,imontefiori,3,twitter,imontefiori,simple_name_prefix3:imo,0.94,1.1,1.0,1.0,0.0
9690,instagram,iradche,3,twitter,iradche,simple_name_prefix3:ira,0.94,1.1,1.0,1.0,0.0
10112,instagram,jimmurdoch,3,twitter,jimmurdoch,simple_name_prefix3:jim,0.94,1.1,1.0,1.0,0.0
6058,instagram,bob4q,3,twitter,bob4q,simple_name_prefix3:bob,0.94,1.1,1.0,1.0,0.0
9218,instagram,gesteves,3,twitter,gesteves,simple_name_prefix3:ges,0.94,1.1,1.0,1.0,0.0
13442,instagram,sterlingz,3,twitter,sterlingz,simple_name_prefix3:ste,0.94,1.1,1.0,1.0,0.0
4581,instagram,carlosescri,3,twitter,carlosescri,simple_name_prefix3:car,0.94,1.1,1.0,1.0,0.0
7138,instagram,anomositymuzikk,3,twitter,anomositymuzikk,simple_name_prefix3:ano,0.94,1.1,1.0,1.0,0.0
9542,instagram,hortovanyi,3,twitter,hortovanyi,simple_name_prefix3:hor,0.94,1.1,1.0,1.0,0.0
4470,instagram,baturayozden,3,twitter,baturayozden,simple_name_prefix3:bat,0.94,1.1,1.0,1.0,0.0
13423,instagram,st_weiss,3,twitter,st_weiss,simple_name_prefix3:st_,0.94,1.1,1.0,1.0,0.0
13473,instagram,stjon,3,twitter,stjon,simple_name_prefix3:stj,0.94,1.1,1.0,1.0,0.0
4589,instagram,carolina_1522,3,twitter,carolina_1522,simple_name_prefix3:car,0.94,1.1,1.0,1.0,0.0
5787,instagram,mishiewishie,3,twitter,mishiewishie,simple_name_prefix3:mis,0.94,1.1,1.0,1.0,0.0
13961,instagram,urswestermann,3,twitter,urswestermann,simple_name_prefix3:urs,0.94,1.1,1.0,1.0,0.0
5791,instagram,misslisagfrench,3,twitter,misslisagfrench,simple_name_prefix3:mis,0.94,1.1,1.0,1.0,0.0
4836,instagram,dontrunk,3,twitter,dontrunk,simple_name_prefix3:don,0.94,1.1,1.0,1.0,0.0
9356,instagram,misterlasku,3,twitter,misterlasku,simple_name_prefix3:mis,0.94,1.1,1.0,1.0,0.0
10036,instagram,jeroensangers,3,twitter,jeroensangers,simple_name_prefix3:jer,0.94,1.1,1.0,1.0,0.0
7926,instagram,cjharrisone,3,twitter,cjharrisone,simple_name_prefix3:cjh,0.94,1.1,1.0,1.0,0.0
11772,instagram,miss_assmann,3,twitter,miss_assmann,simple_name_prefix3:mis,0.94,1.1,1.0,1.0,0.0
8246,instagram,dazmsmith,3,twitter,dazmsmith,simple_name_prefix3:daz,0.94,1.1,1.0,1.0,0.0
6273,instagram,shinoanna,3,twitter,shinoanna,simple_name_prefix3:shi,0.94,1.1,1.0,1.0,0.0
11416,instagram,marybphoto,3,twitter,marybphoto,simple_name_prefix3:mar,0.94,1.1,1.0,1.0,0.0
7704,instagram,carllyd,3,twitter,carllyd,simple_name_prefix3:car,0.94,1.1,1.0,1.0,0.0
13449,instagram,stevehoffacker,3,twitter,stevehoffacker,simple_name_prefix3:ste,0.94,1.1,1.0,1.0,0.0
8356,instagram,dazeofadventure,3,twitter,dazeofadventure,simple_name_prefix3:daz,0.94,1.1,1.0,1.0,0.0
7684,instagram,carijansen,3,twitter,carijansen,simple_name_prefix3:car,0.94,1.1,1.0,1.0,0.0
7685,instagram,carlitarocks,3,twitter,carlitarocks,simple_name_prefix3:car,0.94,1.1,1.0,1.0,0.0
11726,instagram,martinmdrhit,3,twitter,martinmdrhit,simple_name_prefix3:mar,0.94,1.1,1.0,1.0,0.0
9718,instagram,ivankovacevic3,3,twitter,ivankovacevic3,simple_name_prefix3:iva,0.94,1.1,1.0,1.0,0.0
8441,instagram,dhawit,3,twitter,dhawit,simple_name_prefix3:dha,0.94,1.1,1.0,1.0,0.0
4811,instagram,dimplemonkey,3,twitter,dimplemonkey,simple_name_prefix3:dim,0.94,1.1,1.0,1.0,0.0
2530,googleplus,divergentimage,3,twitter,divergentimage,simple_name_prefix3:div,0.94,1.1,1.0,1.0,0.0
13304,instagram,sjoerdly,3,twitter,sjoerdly,simple_name_prefix3:sjo,0.94,1.1,1.0,1.0,0.0
7024,instagram,curlyhost,3,twitter,curlyhost,simple_name_prefix3:cur,0.94,1.1,1.0,1.0,0.0
3566,instagram,weinkaiser,3,twitter,weinkaiser,simple_name_prefix3:wei,0.94,1.1,1.0,1.0,0.0
9267,instagram,glenndavisjr,3,twitter,glenndavisjr,simple_name_prefix3:gle,0.94,1.1,1.0,1.0,0.0
13078,instagram,scesini,3,twitter,scesini,simple_name_prefix3:sce,0.94,1.1,1.0,1.0,0.0
8101,instagram,curiosocia,3,twitter,curiosocia,simple_name_prefix3:cur,0.94,1.1,1.0,1.0,0.0
9352,instagram,iguyom,3,twitter,iguyom,simple_name_prefix3:igu,0.94,1.1,1.0,1.0,0.0
5073,instagram,gypsyjessie,3,twitter,gypsyjessie,simple_name_prefix3:gyp,0.94,1.1,1.0,1.0,0.0
9387,instagram,hacentech,3,twitter,hacentech,simple_name_prefix3:hac,0.94,1.1,1.0,1.0,0.0
7943,instagram,cjmorris,3,twitter,cjmorris,simple_name_prefix3:cjm,0.94,1.1,1.0,1.0,0.0
6763,instagram,ahmednaguib,3,twitter,ahmednaguib,simple_name_prefix3:ahm,0.94,1.1,1.0,1.0,0.0
5099,instagram,hepp,3,twitter,hepp,simple_name_prefix3:hep,0.94,1.1,1.0,1.0,0.0
5106,instagram,hoiza,3,twitter,hoiza,simple_name_prefix3:hoi,0.94,1.1,1.0,1.0,0.0
4378,instagram,drew42,3,twitter,drew42,simple_name_prefix3:dre,0.94,1.1,1.0,1.0,0.0
11201,instagram,maja_larsson,3,twitter,maja_larsson,simple_name_prefix3:maj,0.94,1.1,1.0,1.0,0.0
6769,instagram,ahmedzainal,3,twitter,ahmedzainal,simple_name_prefix3:ahm,0.94,1.1,1.0,1.0,0.0
7723,instagram,carstenlange,3,twitter,carstenlange,simple_name_prefix3:car,0.94,1.1,1.0,1.0,0.0
8977,instagram,fionagraham,3,twitter,fionagraham,simple_name_prefix3:fio,0.94,1.1,1.0,1.0,0.0
13457,instagram,stevenconte,3,twitter,stevenconte,simple_name_prefix3:ste,0.94,1.1,1.0,1.0,0.0
8526,instagram,domingosmoreira,3,twitter,domingosmoreira,simple_name_prefix3:dom,0.94,1.1,1.0,1.0,0.0
12351,instagram,lazcorp,3,twitter,lazcorp,simple_name_prefix3:laz,0.94,1.1,1.0,1.0,0.0
4414,instagram,ariolockey,3,twitter,ariolockey,simple_name_prefix3:ari,0.94,1.1,1.0,1.0,0.0
10399,instagram,dreamawakener,3,twitter,dreamawakener,simple_name_prefix3:dre,0.94,1.1,1.0,1.0,0.0
9767,instagram,dzire2dzine,3,twitter,dzire2dzine,simple_name_prefix3:dzi,0.94,1.1,1.0,1.0,0.0
7694,instagram,carlosclouthier,3,twitter,carlosclouthier,simple_name_prefix3:car,0.94,1.1,1.0,1.0,0.0
4925,instagram,ernestobilbao,3,twitter,ernestobilbao,simple_name_prefix3:ern,0.94,1.1,1.0,1.0,0.0
9699,instagram,isunkes,3,twitter,isunkes,simple_name_prefix3:isu,0.94,1.1,1.0,1.0,0.0
4310,instagram,alissoneloi,3,twitter,alissoneloi,simple_name_prefix3:ali,0.94,1.1,1.0,1.0,0.0
4311,instagram,alitweel,3,twitter,alitweel,simple_name_prefix3:ali,0.94,1.1,1.0,1.0,0.0
5855,instagram,alienate,3,twitter,alienate,simple_name_prefix3:ali,0.94,1.1,1.0,1.0,0.0
9021,instagram,fpassantino,3,twitter,fpassantino,simple_name_prefix3:fpa,0.94,1.1,1.0,1.0,0.0
9022,instagram,fposati,3,twitter,fposati,simple_name_prefix3:fpo,0.94,1.1,1.0,1.0,0.0
10750,instagram,kldkms,3,twitter,kldkms,simple_name_prefix3:kld,0.94,1.1,1.0,1.0,0.0
10796,instagram,klisson,3,twitter,klisson,simple_name_prefix3:kli,0.94,1.1,1.0,1.0,0.0
9094,instagram,funkycoda,3,twitter,funkycoda,simple_name_prefix3:fun,0.94,1.1,1.0,1.0,0.0
9710,instagram,isuruyapa,3,twitter,isuruyapa,simple_name_prefix3:isu,0.94,1.1,1.0,1.0,0.0
4268,instagram,alanweinkrantz,3,twitter,alanweinkrantz,simple_name_prefix3:ala,0.94,1.1,1.0,1.0,0.0
6809,instagram,alaalsoory,3,twitter,alaalsoory,simple_name_prefix3:ala,0.94,1.1,1.0,1.0,0.0
8872,instagram,evandroarruda,3,twitter,evandroarruda,simple_name_prefix3:eva,0.94,1.1,1.0,1.0,0.0
10755,instagram,kmdk,3,twitter,kmdk,simple_name_prefix3:kmd,0.94,1.1,1.0,1.0,0.0
9219,instagram,getpalmd,3,twitter,getpalmd,simple_name_prefix3:get,0.94,1.1,1.0,1.0,0.0
10764,instagram,kokilayaa,3,twitter,kokilayaa,simple_name_prefix3:kok,0.94,1.1,1.0,1.0,0.0
4561,instagram,butlerblue2,3,twitter,butlerblue2,simple_name_prefix3:but,0.94,1.1,1.0,1.0,0.0
9704,instagram,isfullofcrap,3,twitter,isfullofcrap,simple_name_prefix3:isf,0.94,1.1,1.0,1.0,0.0
7373,instagram,butis73,3,twitter,butis73,simple_name_prefix3:but,0.94,1.1,1.0,1.0,0.0
4669,instagram,bonycolin,3,twitter,bonycolin,simple_name_prefix3:bon,0.94,1.1,1.0,1.0,0.0
13459,instagram,steven_dent,3,twitter,steven_dent,simple_name_prefix3:ste,0.94,1.1,1.0,1.0,0.0
9083,instagram,f0vela,3,twitter,f0vela,simple_name_prefix3:f0v,0.94,1.1,1.0,1.0,0.0
4944,instagram,ezaonite,3,twitter,ezaonite,simple_name_prefix3:eza,0.94,1.1,1.0,1.0,0.0
6815,instagram,alan_ndc,3,twitter,alan_ndc,simple_name_prefix3:ala,0.94,1.1,1.0,1.0,0.0
5019,instagram,gakjonze,3,twitter,gakjonze,simple_name_prefix3:gak,0.94,1.1,1.0,1.0,0.0
9749,instagram,zecool,3,twitter,zecool,simple_name_prefix3:zec,0.94,1.1,1.0,1.0,0.0
11638,instagram,tweedlebop,3,twitter,tweedlebop,simple_name_prefix3:twe,0.94,1.1,1.0,1.0,0.0
6817,instagram,alanrrust,3,twitter,alanrrust,simple_name_prefix3:ala,0.94,1.1,1.0,1.0,0.0
13460,instagram,stevenlarson,3,twitter,stevenlarson,simple_name_prefix3:ste,0.94,1.1,1.0,1.0,0.0
5032,instagram,geilt,3,twitter,geilt,simple_name_prefix3:gei,0.94,1.1,1.0,1.0,0.0
13461,instagram,stevenmdean,3,twitter,stevenmdean,simple_name_prefix3:ste,0.94,1.1,1.0,1.0,0.0
13797,instagram,tollerton,3,twitter,tollerton,simple_name_prefix3:tol,0.94,1.1,1.0,1.0,0.0
9300,instagram,gotnur,3,twitter,gotnur,simple_name_prefix3:got,0.94,1.1,1.0,1.0,0.0
14165,instagram,wickedying,3,twitter,wickedying,simple_name_prefix3:wic,0.94,1.1,1.0,1.0,0.0
7192,googleplus,ariherzog,7192,instagram,ariherzog,simple_name_prefix3:ari,0.94,1.1,1.0,1.0,0.0
7201,instagram,herrkrueger,3,twitter,herrkrueger,simple_name_prefix3:her,0.94,1.1,1.0,1.0,0.0
9724,instagram,ivarsmas,3,twitter,ivarsmas,simple_name_prefix3:iva,0.94,1.1,1.0,1.0,0.0
11518,instagram,mayka,3,twitter,mayka,simple_name_prefix3:may,0.94,1.1,1.0,1.0,0.0
11520,instagram,may_hanna,3,twitter,may_hanna,simple_name_prefix3:may,0.94,1.1,1.0,1.0,0.0
9842,instagram,jareduraine,3,twitter,jareduraine,simple_name_prefix3:jar,0.94,1.1,1.0,1.0,0.0
5050,instagram,glodyman,3,twitter,glodyman,simple_name_prefix3:glo,0.94,1.1,1.0,1.0,0.0
6828,instagram,albertoj,3,twitter,albertoj,simple_name_prefix3:alb,0.94,1.1,1.0,1.0,0.0
9274,instagram,globomarketing,3,twitter,globomarketing,simple_name_prefix3:glo,0.94,1.1,1.0,1.0,0.0
9595,instagram,globe_trottah,3,twitter,globe_trottah,simple_name_prefix3:glo,0.94,1.1,1.0,1.0,0.0
5089,instagram,hashbackhashish,3,twitter,hashbackhashish,simple_name_prefix3:has,0.94,1.1,1.0,1.0,0.0
4376,instagram,greyworld,3,twitter,greyworld,simple_name_prefix3:gre,0.94,1.1,1.0,1.0,0.0
9439,googleplus,hasanalikhattak,9439,instagram,hasanalikhattak,simple_name_prefix3:has,0.94,1.1,1.0,1.0,0.0
8832,instagram,heshiyou,3,twitter,heshiyou,simple_name_prefix3:hes,0.94,1.1,1.0,1.0,0.0
13462,instagram,stevepaulmyers,3,twitter,stevepaulmyers,simple_name_prefix3:ste,0.94,1.1,1.0,1.0,0.0
6415,instagram,greenetraveler,3,twitter,greenetraveler,simple_name_prefix3:gre,0.94,1.1,1.0,1.0,0.0
6812,instagram,alancalvert,3,twitter,alancalvert,simple_name_prefix3:ala,0.94,1.1,1.0,1.0,0.0
9444,instagram,hassamtariq,3,twitter,hassamtariq,simple_name_prefix3:has,0.94,1.1,1.0,1.0,0.0
7908,googleplus,cbdsalon,7908,instagram,cbdsalon,simple_name_prefix3:cbd,0.94,1.1,1.0,1.0,0.0
13362,instagram,soulsailor,3,twitter,soulsailor,simple_name_prefix3:sou,0.94,1.1,1.0,1.0,0.0
9844,instagram,jarvisemerald,3,twitter,jarvisemerald,simple_name_prefix3:jar,0.94,1.1,1.0,1.0,0.0
9845,instagram,jaryves,3,twitter,jaryves,simple_name_prefix3:jar,0.94,1.1,1.0,1.0,0.0
13320,instagram,smokadem,3,twitter,smokadem,simple_name_prefix3:smo,0.94,1.1,1.0,1.0,0.0
9495,instagram,herbieman,3,twitter,herbieman,simple_name_prefix3:her,0.94,1.1,1.0,1.0,0.0
9501,instagram,herwigdaemon,3,twitter,herwigdaemon,simple_name_prefix3:her,0.94,1.1,1.0,1.0,0.0
8366,instagram,dcvitti,3,twitter,dcvitti,simple_name_prefix3:dcv,0.94,1.1,1.0,1.0,0.0
9661,instagram,indiedo,3,twitter,indiedo,simple_name_prefix3:ind,0.94,1.1,1.0,1.0,0.0
13185,instagram,sgazeau,3,twitter,sgazeau,simple_name_prefix3:sga,0.94,1.1,1.0,1.0,0.0
13186,instagram,sgclark,3,twitter,sgclark,simple_name_prefix3:sgc,0.94,1.1,1.0,1.0,0.0
13213,instagram,mshareeda,3,twitter,mshareeda,simple_name_prefix3:msh,0.94,1.1,1.0,1.0,0.0
9884,instagram,javierarmentia,3,twitter,javierarmentia,simple_name_prefix3:jav,0.94,1.1,1.0,1.0,0.0
9889,instagram,javieramosantos,3,twitter,javieramosantos,simple_name_prefix3:jav,0.94,1.1,1.0,1.0,0.0
9513,instagram,hillmiester,3,twitter,hillmiester,simple_name_prefix3:hil,0.94,1.1,1.0,1.0,0.0
13300,instagram,sjabradley,3,twitter,sjabradley,simple_name_prefix3:sja,0.94,1.1,1.0,1.0,0.0
4271,instagram,albertodenis,3,twitter,albertodenis,simple_name_prefix3:alb,0.94,1.1,1.0,1.0,0.0
8659,instagram,ezegalli,3,twitter,ezegalli,simple_name_prefix3:eze,0.94,1.1,1.0,1.0,0.0
4668,instagram,albiestar,3,twitter,albiestar,simple_name_prefix3:alb,0.94,1.1,1.0,1.0,0.0
9322,instagram,greghauenstein,3,twitter,greghauenstein,simple_name_prefix3:gre,0.94,1.1,1.0,1.0,0.0
8037,instagram,copyare,3,twitter,copyare,simple_name_prefix3:cop,0.94,1.1,1.0,1.0,0.0
8939,googleplus,feixiao,8939,instagram,feixiao,simple_name_prefix3:fei,0.94,1.1,1.0,1.0,0.0
8939,googleplus,feixiao,3,twitter,feixiao,simple_name_prefix3:fei,0.94,1.1,1.0,1.0,0.0
9698,instagram,isaacsmith,3,twitter,isaacsmith,simple_name_prefix3:isa,0.94,1.1,1.0,1.0,0.0
13365,instagram,carl242,3,twitter,carl242,simple_name_prefix3:car,0.94,1.1,1.0,1.0,0.0
11396,instagram,feierabendblogr,3,twitter,feierabendblogr,simple_name_prefix3:fei,0.94,1.1,1.0,1.0,0.0
4619,instagram,charlie_arrhh,3,twitter,charlie_arrhh,simple_name_prefix3:cha,0.94,1.1,1.0,1.0,0.0
4621,instagram,charlie_mcevoy,3,twitter,charlie_mcevoy,simple_name_prefix3:cha,0.94,1.1,1.0,1.0,0.0
4622,instagram,charlybuchari,3,twitter,charlybuchari,simple_name_prefix3:cha,0.94,1.1,1.0,1.0,0.0
4967,instagram,fifoprijoles,3,twitter,fifoprijoles,simple_name_prefix3:fif,0.94,1.1,1.0,1.0,0.0
1780,googleplus,catherinecronin,3,twitter,catherinecronin,simple_name_prefix3:cat,0.94,1.1,1.0,1.0,0.0
9482,instagram,helgethomas,3,twitter,helgethomas,simple_name_prefix3:hel,0.94,1.1,1.0,1.0,0.0
4598,instagram,catherineapples,3,twitter,catherineapples,simple_name_prefix3:cat,0.94,1.1,1.0,1.0,0.0
4984,instagram,foocow,3,twitter,foocow,simple_name_prefix3:foo,0.94,1.1,1.0,1.0,0.0
5004,instagram,fryedm,3,twitter,fryedm,simple_name_prefix3:fry,0.94,1.1,1.0,1.0,0.0
10158,instagram,jmurphpix,3,twitter,jmurphpix,simple_name_prefix3:jmu,0.94,1.1,1.0,1.0,0.0
10646,instagram,kcnickerson,3,twitter,kcnickerson,simple_name_prefix3:kcn,0.94,1.1,1.0,1.0,0.0
10654,instagram,kentlundgren,3,twitter,kentlundgren,simple_name_prefix3:ken,0.94,1.1,1.0,1.0,0.0
14247,instagram,yaseend,3,twitter,yaseend,simple_name_prefix3:yas,0.94,1.1,1.0,1.0,0.0
4787,instagram,desombra,3,twitter,desombra,simple_name_prefix3:des,0.94,1.1,1.0,1.0,0.0
1523,googleplus,annalisamanca,3,twitter,annalisamanca,simple_name_prefix3:ann,0.94,1.1,1.0,1.0,0.0
10623,instagram,keithpickett,3,twitter,keithpickett,simple_name_prefix3:kei,0.94,1.1,1.0,1.0,0.0
4393,instagram,anngelica,3,twitter,anngelica,simple_name_prefix3:ann,0.94,1.1,1.0,1.0,0.0
14254,instagram,yasyf,3,twitter,yasyf,simple_name_prefix3:yas,0.94,1.1,1.0,1.0,0.0
8971,instagram,fidelmartin,3,twitter,fidelmartin,simple_name_prefix3:fid,0.94,1.1,1.0,1.0,0.0
7310,instagram,konqrunner,3,twitter,konqrunner,simple_name_prefix3:kon,0.94,1.1,1.0,1.0,0.0
8421,instagram,designinvan,3,twitter,designinvan,simple_name_prefix3:des,0.94,1.1,1.0,1.0,0.0
8422,instagram,desjekte,3,twitter,desjekte,simple_name_prefix3:des,0.94,1.1,1.0,1.0,0.0
9330,instagram,greigallen,3,twitter,greigallen,simple_name_prefix3:gre,0.94,1.1,1.0,1.0,0.0
7798,instagram,chanomuslera,3,twitter,chanomuslera,simple_name_prefix3:cha,0.94,1.1,1.0,1.0,0.0
11622,instagram,allenberg93,3,twitter,allenberg93,simple_name_prefix3:all,0.94,1.1,1.0,1.0,0.0
10645,instagram,kenmayes,3,twitter,kenmayes,simple_name_prefix3:ken,0.94,1.1,1.0,1.0,0.0
10648,instagram,kennerknecht,3,twitter,kennerknecht,simple_name_prefix3:ken,0.94,1.1,1.0,1.0,0.0
7802,instagram,charlablue,3,twitter,charlablue,simple_name_prefix3:cha,0.94,1.1,1.0,1.0,0.0
8781,instagram,erdisi,3,twitter,erdisi,simple_name_prefix3:erd,0.94,1.1,1.0,1.0,0.0
6943,instagram,alvaropascual84,3,twitter,alvaropascual84,simple_name_prefix3:alv,0.94,1.1,1.0,1.0,0.0
11979,instagram,natemcintyre,3,twitter,natemcintyre,simple_name_prefix3:nat,0.94,1.1,1.0,1.0,0.0
11859,instagram,mozartherbert,3,twitter,mozartherbert,simple_name_prefix3:moz,0.94,1.1,1.0,1.0,0.0
4329,instagram,amaiahodge,3,twitter,amaiahodge,simple_name_prefix3:ama,0.94,1.1,1.0,1.0,0.0
7132,instagram,annatorc,3,twitter,annatorc,simple_name_prefix3:ann,0.94,1.1,1.0,1.0,0.0
8385,instagram,dedicatedshep,3,twitter,dedicatedshep,simple_name_prefix3:ded,0.94,1.1,1.0,1.0,0.0
8831,instagram,erkstam,3,twitter,erkstam,simple_name_prefix3:erk,0.94,1.1,1.0,1.0,0.0
9999,instagram,jennaavery,3,twitter,jennaavery,simple_name_prefix3:jen,0.94,1.1,1.0,1.0,0.0
4941,instagram,evrtstudio,3,twitter,evrtstudio,simple_name_prefix3:evr,0.94,1.1,1.0,1.0,0.0
9651,instagram,ilyesel,3,twitter,ilyesel,simple_name_prefix3:ily,0.94,1.1,1.0,1.0,0.0
4397,instagram,elitistczar,3,twitter,elitistczar,simple_name_prefix3:eli,0.94,1.1,1.0,1.0,0.0
10820,instagram,kurtberengeiger,3,twitter,kurtberengeiger,simple_name_prefix3:kur,0.94,1.1,1.0,1.0,0.0
4881,instagram,elifermar,3,twitter,elifermar,simple_name_prefix3:eli,0.94,1.1,1.0,1.0,0.0
4885,instagram,elizabeth_huey,3,twitter,elizabeth_huey,simple_name_prefix3:eli,0.94,1.1,1.0,1.0,0.0
12937,instagram,ekushey,3,twitter,ekushey,simple_name_prefix3:eku,0.94,1.1,1.0,1.0,0.0
10842,instagram,ladewig,3,twitter,ladewig,simple_name_prefix3:lad,0.94,1.1,1.0,1.0,0.0
12965,instagram,rycosandy,3,twitter,rycosandy,simple_name_prefix3:ryc,0.94,1.1,1.0,1.0,0.0
5524,instagram,laiatutzo,3,twitter,laiatutzo,simple_name_prefix3:lai,0.94,1.1,1.0,1.0,0.0
5526,instagram,lakombolab,3,twitter,lakombolab,simple_name_prefix3:lak,0.94,1.1,1.0,1.0,0.0
9652,instagram,imaginif,3,twitter,imaginif,simple_name_prefix3:ima,0.94,1.1,1.0,1.0,0.0
4317,instagram,almarvill,3,twitter,almarvill,simple_name_prefix3:alm,0.94,1.1,1.0,1.0,0.0
10909,instagram,laya_malka,3,twitter,laya_malka,simple_name_prefix3:lay,0.94,1.1,1.0,1.0,0.0
13009,instagram,k1b3r,3,twitter,k1b3r,simple_name_prefix3:k1b,0.94,1.1,1.0,1.0,0.0
11056,instagram,lolalolalin,3,twitter,lolalolalin,simple_name_prefix3:lol,0.94,1.1,1.0,1.0,0.0
11560,instagram,mekhovov,3,twitter,mekhovov,simple_name_prefix3:mek,0.94,1.1,1.0,1.0,0.0
8707,instagram,todiguide,3,twitter,todiguide,simple_name_prefix3:tod,0.94,1.1,1.0,1.0,0.0
8903,instagram,allthingsfadra,3,twitter,allthingsfadra,simple_name_prefix3:all,0.94,1.1,1.0,1.0,0.0
13788,instagram,toddebert,3,twitter,toddebert,simple_name_prefix3:tod,0.94,1.1,1.0,1.0,0.0
11059,instagram,lomokev,3,twitter,lomokev,simple_name_prefix3:lom,0.94,1.1,1.0,1.0,0.0
11981,instagram,nathangreenberg,3,twitter,nathangreenberg,simple_name_prefix3:nat,0.94,1.1,1.0,1.0,0.0
9654,instagram,imanfattah,3,twitter,imanfattah,simple_name_prefix3:ima,0.94,1.1,1.0,1.0,0.0
10042,instagram,jeromevadon,3,twitter,jeromevadon,simple_name_prefix3:jer,0.94,1.1,1.0,1.0,0.0
6952,instagram,amandablain,3,twitter,amandablain,simple_name_prefix3:ama,0.94,1.1,1.0,1.0,0.0
8551,instagram,dougfrancis,3,twitter,dougfrancis,simple_name_prefix3:dou,0.94,1.1,1.0,1.0,0.0
12099,instagram,nishanil,3,twitter,nishanil,simple_name_prefix3:nis,0.94,1.1,1.0,1.0,0.0
6441,instagram,toddsmithdesign,3,twitter,toddsmithdesign,simple_name_prefix3:tod,0.94,1.1,1.0,1.0,0.0
11936,instagram,nadinesjuhada,3,twitter,nadinesjuhada,simple_name_prefix3:nad,0.94,1.1,1.0,1.0,0.0
11937,instagram,nadirozkan,3,twitter,nadirozkan,simple_name_prefix3:nad,0.94,1.1,1.0,1.0,0.0
11200,instagram,charlymaiz,3,twitter,charlymaiz,simple_name_prefix3:cha,0.94,1.1,1.0,1.0,0.0
12180,instagram,chapolive,3,twitter,chapolive,simple_name_prefix3:cha,0.94,1.1,1.0,1.0,0.0
7781,instagram,cha23x,3,twitter,cha23x,simple_name_prefix3:cha,0.94,1.1,1.0,1.0,0.0
7782,instagram,chachafance,3,twitter,chachafance,simple_name_prefix3:cha,0.94,1.1,1.0,1.0,0.0
12853,instagram,rtakehara,3,twitter,rtakehara,simple_name_prefix3:rta,0.94,1.1,1.0,1.0,0.0
8602,instagram,dustinwhittle,3,twitter,dustinwhittle,simple_name_prefix3:dus,0.94,1.1,1.0,1.0,0.0
14340,instagram,dustinzick,3,twitter,dustinzick,simple_name_prefix3:dus,0.94,1.1,1.0,1.0,0.0
4860,instagram,dzstoner,3,twitter,dzstoner,simple_name_prefix3:dzs,0.94,1.1,1.0,1.0,0.0
4874,instagram,eirikhoem,3,twitter,eirikhoem,simple_name_prefix3:eir,0.94,1.1,1.0,1.0,0.0
4340,instagram,amelstrange,3,twitter,amelstrange,simple_name_prefix3:ame,0.94,1.1,1.0,1.0,0.0
4897,instagram,eimoose,3,twitter,eimoose,simple_name_prefix3:eim,0.94,1.1,1.0,1.0,0.0
6019,instagram,pratnala,3,twitter,pratnala,simple_name_prefix3:pra,0.94,1.1,1.0,1.0,0.0
9298,instagram,goroji,3,twitter,goroji,simple_name_prefix3:gor,0.94,1.1,1.0,1.0,0.0
10609,instagram,kdnewman,3,twitter,kdnewman,simple_name_prefix3:kdn,0.94,1.1,1.0,1.0,0.0
5922,instagram,orleepasion,3,twitter,orleepasion,simple_name_prefix3:orl,0.94,1.1,1.0,1.0,0.0
4929,instagram,panzolomeo,3,twitter,panzolomeo,simple_name_prefix3:pan,0.94,1.1,1.0,1.0,0.0
10054,instagram,jessetrelstad,3,twitter,jessetrelstad,simple_name_prefix3:jes,0.94,1.1,1.0,1.0,0.0
8716,instagram,elliottv,3,twitter,elliottv,simple_name_prefix3:ell,0.94,1.1,1.0,1.0,0.0
8554,instagram,douglaine,3,twitter,douglaine,simple_name_prefix3:dou,0.94,1.1,1.0,1.0,0.0
10614,instagram,yugioh2500,3,twitter,yugioh2500,simple_name_prefix3:yug,0.94,1.1,1.0,1.0,0.0
4856,instagram,duendecallejero,3,twitter,duendecallejero,simple_name_prefix3:due,0.94,1.1,1.0,1.0,0.0
13472,instagram,stiofanoriain,3,twitter,stiofanoriain,simple_name_prefix3:sti,0.94,1.1,1.0,1.0,0.0
10622,instagram,klucas27,3,twitter,klucas27,simple_name_prefix3:klu,0.94,1.1,1.0,1.0,0.0
9421,instagram,harisrahman,3,twitter,harisrahman,simple_name_prefix3:har,0.94,1.1,1.0,1.0,0.0
6086,instagram,rezaprabowo,3,twitter,rezaprabowo,simple_name_prefix3:rez,0.94,1.1,1.0,1.0,0.0
7829,googleplus,cherbelgabro,7829,instagram,cherbelgabro,simple_name_prefix3:che,0.94,1.1,1.0,1.0,0.0
8728,instagram,emaforo,3,twitter,emaforo,simple_name_prefix3:ema,0.94,1.1,1.0,1.0,0.0
5946,instagram,pandorasinbox,3,twitter,pandorasinbox,simple_name_prefix3:pan,0.94,1.1,1.0,1.0,0.0
12264,instagram,pandafoodie,3,twitter,pandafoodie,simple_name_prefix3:pan,0.94,1.1,1.0,1.0,0.0
10201,instagram,joemaffia,3,twitter,joemaffia,simple_name_prefix3:joe,0.94,1.1,1.0,1.0,0.0
13733,instagram,tikves,3,twitter,tikves,simple_name_prefix3:tik,0.94,1.1,1.0,1.0,0.0
10705,instagram,khthompson,3,twitter,khthompson,simple_name_prefix3:kht,0.94,1.1,1.0,1.0,0.0
8683,instagram,elainegiles,3,twitter,elainegiles,simple_name_prefix3:ela,0.94,1.1,1.0,1.0,0.0
6996,instagram,anandnav,3,twitter,anandnav,simple_name_prefix3:ana,0.94,1.1,1.0,1.0,0.0
9693,googleplus,isaac976,9693,instagram,isaac976,simple_name_prefix3:isa,0.94,1.1,1.0,1.0,0.0
9974,instagram,jmadlock,3,twitter,jmadlock,simple_name_prefix3:jma,0.94,1.1,1.0,1.0,0.0
10327,instagram,jmaguimaraes,3,twitter,jmaguimaraes,simple_name_prefix3:jma,0.94,1.1,1.0,1.0,0.0
5372,instagram,joshuaarmstrong,3,twitter,joshuaarmstrong,simple_name_prefix3:jos,0.94,1.1,1.0,1.0,0.0
1168,instagram,pullbackes,3,twitter,pullbackes,simple_name_prefix3:pul,0.94,1.1,1.0,1.0,0.0
8517,instagram,pastordoc,3,twitter,pastordoc,simple_name_prefix3:pas,0.94,1.1,1.0,1.0,0.0
4350,instagram,andersonenvy,3,twitter,andersonenvy,simple_name_prefix3:and,0.94,1.1,1.0,1.0,0.0
4351,instagram,andobas,3,twitter,andobas,simple_name_prefix3:and,0.94,1.1,1.0,1.0,0.0
12975,instagram,sadekhm,3,twitter,sadekhm,simple_name_prefix3:sad,0.94,1.1,1.0,1.0,0.0
4354,instagram,andrealettieri,3,twitter,andrealettieri,simple_name_prefix3:and,0.94,1.1,1.0,1.0,0.0
9638,instagram,ikermerodio,3,twitter,ikermerodio,simple_name_prefix3:ike,0.94,1.1,1.0,1.0,0.0
4526,instagram,scaredofgenre,3,twitter,scaredofgenre,simple_name_prefix3:sca,0.94,1.1,1.0,1.0,0.0
12703,instagram,rezasetiawan,3,twitter,rezasetiawan,simple_name_prefix3:rez,0.94,1.1,1.0,1.0,0.0
7957,instagram,ciromarandola,3,twitter,ciromarandola,simple_name_prefix3:cir,0.94,1.1,1.0,1.0,0.0
5949,instagram,parastou,3,twitter,parastou,simple_name_prefix3:par,0.94,1.1,1.0,1.0,0.0
6737,instagram,aerendir,3,twitter,aerendir,simple_name_prefix3:aer,0.94,1.1,1.0,1.0,0.0
7824,instagram,chelpixie,3,twitter,chelpixie,simple_name_prefix3:che,0.94,1.1,1.0,1.0,0.0
5238,instagram,jediwright,3,twitter,jediwright,simple_name_prefix3:jed,0.94,1.1,1.0,1.0,0.0
12922,instagram,rubeelnellikad,3,twitter,rubeelnellikad,simple_name_prefix3:rub,0.94,1.1,1.0,1.0,0.0
12944,instagram,rutgerblom,3,twitter,rutgerblom,simple_name_prefix3:rut,0.94,1.1,1.0,1.0,0.0
12733,instagram,rnikoley,3,twitter,rnikoley,simple_name_prefix3:rni,0.94,1.1,1.0,1.0,0.0
12737,instagram,rkweblog,3,twitter,rkweblog,simple_name_prefix3:rkw,0.94,1.1,1.0,1.0,0.0
12769,instagram,rjoerges,3,twitter,rjoerges,simple_name_prefix3:rjo,0.94,1.1,1.0,1.0,0.0
6174,instagram,sadiejemmett,3,twitter,sadiejemmett,simple_name_prefix3:sad,0.94,1.1,1.0,1.0,0.0
12773,instagram,widelight,3,twitter,widelight,simple_name_prefix3:wid,0.94,1.1,1.0,1.0,0.0
8495,instagram,djchuang,3,twitter,djchuang,simple_name_prefix3:djc,0.94,1.1,1.0,1.0,0.0
12775,instagram,rlavigne42,3,twitter,rlavigne42,simple_name_prefix3:rla,0.94,1.1,1.0,1.0,0.0
12776,instagram,rlfloyd,3,twitter,rlfloyd,simple_name_prefix3:rlf,0.94,1.1,1.0,1.0,0.0
4822,instagram,dluces,3,twitter,dluces,simple_name_prefix3:dlu,0.94,1.1,1.0,1.0,0.0
12303,instagram,drjaxx,3,twitter,drjaxx,simple_name_prefix3:drj,0.94,1.1,1.0,1.0,0.0
4846,instagram,drlauriend,3,twitter,drlauriend,simple_name_prefix3:drl,0.94,1.1,1.0,1.0,0.0
9642,instagram,ilariadefilippo,3,twitter,ilariadefilippo,simple_name_prefix3:ila,0.94,1.1,1.0,1.0,0.0
9437,instagram,harvest316,3,twitter,harvest316,simple_name_prefix3:har,0.94,1.1,1.0,1.0,0.0
12811,instagram,rprios,3,twitter,rprios,simple_name_prefix3:rpr,0.94,1.1,1.0,1.0,0.0
8582,instagram,dropslash,3,twitter,dropslash,simple_name_prefix3:dro,0.94,1.1,1.0,1.0,0.0
9327,instagram,gregnemer,3,twitter,gregnemer,simple_name_prefix3:gre,0.94,1.1,1.0,1.0,0.0
10944,instagram,lemasney,3,twitter,lemasney,simple_name_prefix3:lem,0.94,1.1,1.0,1.0,0.0
4853,instagram,dswinder,3,twitter,dswinder,simple_name_prefix3:dsw,0.94,1.1,1.0,1.0,0.0
7793,instagram,spookychan,3,twitter,spookychan,simple_name_prefix3:spo,0.94,1.1,1.0,1.0,0.0
8444,instagram,dhilipsiva,3,twitter,dhilipsiva,simple_name_prefix3:dhi,0.94,1.1,1.0,1.0,0.0
8477,instagram,dijuca,3,twitter,dijuca,simple_name_prefix3:dij,0.94,1.1,1.0,1.0,0.0
4377,instagram,andthelma,3,twitter,andthelma,simple_name_prefix3:and,0.94,1.1,1.0,1.0,0.0
7338,instagram,slick_willis,3,twitter,slick_willis,simple_name_prefix3:sli,0.94,1.1,1.0,1.0,0.0
4380,instagram,andywallman,3,twitter,andywallman,simple_name_prefix3:and,0.94,1.1,1.0,1.0,0.0
6163,instagram,pursuitofny,3,twitter,pursuitofny,simple_name_prefix3:pur,0.94,1.1,1.0,1.0,0.0
10340,instagram,josephsocorro,3,twitter,josephsocorro,simple_name_prefix3:jos,0.94,1.1,1.0,1.0,0.0
9834,instagram,jan_vodicka,3,twitter,jan_vodicka,simple_name_prefix3:jan,0.94,1.1,1.0,1.0,0.0
10124,instagram,jiriruzek,3,twitter,jiriruzek,simple_name_prefix3:jir,0.94,1.1,1.0,1.0,0.0
13547,instagram,swism,3,twitter,swism,simple_name_prefix3:swi,0.94,1.1,1.0,1.0,0.0
9585,instagram,talkultra,3,twitter,talkultra,simple_name_prefix3:tal,0.94,1.1,1.0,1.0,0.0
12094,instagram,talkout,3,twitter,talkout,simple_name_prefix3:tal,0.94,1.1,1.0,1.0,0.0
7041,instagram,andrezzoid,3,twitter,andrezzoid,simple_name_prefix3:and,0.94,1.1,1.0,1.0,0.0
5832,instagram,tantawi,3,twitter,tantawi,simple_name_prefix3:tan,0.94,1.1,1.0,1.0,0.0
13580,instagram,tanaihoffman,3,twitter,tanaihoffman,simple_name_prefix3:tan,0.94,1.1,1.0,1.0,0.0
9518,instagram,hirosh,3,twitter,hirosh,simple_name_prefix3:hir,0.94,1.1,1.0,1.0,0.0
6570,instagram,westondunn,3,twitter,westondunn,simple_name_prefix3:wes,0.94,1.1,1.0,1.0,0.0
7047,instagram,andres_sanchis,3,twitter,andres_sanchis,simple_name_prefix3:and,0.94,1.1,1.0,1.0,0.0
7048,instagram,andrestntx,3,twitter,andrestntx,simple_name_prefix3:and,0.94,1.1,1.0,1.0,0.0
8738,instagram,emiesam,3,twitter,emiesam,simple_name_prefix3:emi,0.94,1.1,1.0,1.0,0.0
7013,instagram,andii_prasetiyo,3,twitter,andii_prasetiyo,simple_name_prefix3:and,0.94,1.1,1.0,1.0,0.0
7679,instagram,captkeating,3,twitter,captkeating,simple_name_prefix3:cap,0.94,1.1,1.0,1.0,0.0
13899,instagram,trollkarlnet,3,twitter,trollkarlnet,simple_name_prefix3:tro,0.94,1.1,1.0,1.0,0.0
13901,instagram,troshy,3,twitter,troshy,simple_name_prefix3:tro,0.94,1.1,1.0,1.0,0.0
14065,instagram,virajt,3,twitter,virajt,simple_name_prefix3:vir,0.94,1.1,1.0,1.0,0.0
12499,instagram,lukaspman,3,twitter,lukaspman,simple_name_prefix3:luk,0.94,1.1,1.0,1.0,0.0
7030,instagram,andreasfeusi,3,twitter,andreasfeusi,simple_name_prefix3:and,0.94,1.1,1.0,1.0,0.0
10349,instagram,joshfinnie,3,twitter,joshfinnie,simple_name_prefix3:jos,0.94,1.1,1.0,1.0,0.0
5078,instagram,halilgokdal,3,twitter,halilgokdal,simple_name_prefix3:hal,0.94,1.1,1.0,1.0,0.0
14187,instagram,windyjonas,3,twitter,windyjonas,simple_name_prefix3:win,0.94,1.1,1.0,1.0,0.0
12753,instagram,rdasxy,3,twitter,rdasxy,simple_name_prefix3:rda,0.94,1.1,1.0,1.0,0.0
12663,instagram,rdhnk9,3,twitter,rdhnk9,simple_name_prefix3:rdh,0.94,1.1,1.0,1.0,0.0
14150,instagram,wesley_cruise,3,twitter,wesley_cruise,simple_name_prefix3:wes,0.94,1.1,1.0,1.0,0.0
5080,instagram,halwerner,3,twitter,halwerner,simple_name_prefix3:hal,0.94,1.1,1.0,1.0,0.0
6603,instagram,yanic,3,twitter,yanic,simple_name_prefix3:yan,0.94,1.1,1.0,1.0,0.0
8390,instagram,deepseadawn,3,twitter,deepseadawn,simple_name_prefix3:dee,0.94,1.1,1.0,1.0,0.0
12731,instagram,rhedpixel,3,twitter,rhedpixel,simple_name_prefix3:rhe,0.94,1.1,1.0,1.0,0.0
5681,instagram,yourdailyart,3,twitter,yourdailyart,simple_name_prefix3:you,0.94,1.1,1.0,1.0,0.0
5373,instagram,joshuabolden,3,twitter,joshuabolden,simple_name_prefix3:jos,0.94,1.1,1.0,1.0,0.0
11148,instagram,lukemv,3,twitter,lukemv,simple_name_prefix3:luk,0.94,1.1,1.0,1.0,0.0
13158,instagram,seosteve,3,twitter,seosteve,simple_name_prefix3:seo,0.94,1.1,1.0,1.0,0.0
7035,instagram,andreaspeziali,3,twitter,andreaspeziali,simple_name_prefix3:and,0.94,1.1,1.0,1.0,0.0
7038,instagram,andrecedik,3,twitter,andrecedik,simple_name_prefix3:and,0.94,1.1,1.0,1.0,0.0
7051,instagram,andrettibrown,3,twitter,andrettibrown,simple_name_prefix3:and,0.94,1.1,1.0,1.0,0.0
7017,instagram,achocarro,3,twitter,achocarro,simple_name_prefix3:ach,0.94,1.1,1.0,1.0,0.0
4446,instagram,aasiain,3,twitter,aasiain,simple_name_prefix3:aas,0.94,1.1,1.0,1.0,0.0
10330,instagram,josemarg,3,twitter,josemarg,simple_name_prefix3:jos,0.94,1.1,1.0,1.0,0.0
6674,instagram,abbyharenberg,3,twitter,abbyharenberg,simple_name_prefix3:abb,0.94,1.1,1.0,1.0,0.0
8355,instagram,dayveeka,3,twitter,dayveeka,simple_name_prefix3:day,0.94,1.1,1.0,1.0,0.0
9393,instagram,halauyama,3,twitter,halauyama,simple_name_prefix3:hal,0.94,1.1,1.0,1.0,0.0
10002,googleplus,jenniferbrick,10002,instagram,jenniferbrick,simple_name_prefix3:jen,0.94,1.1,1.0,1.0,0.0
12846,instagram,rodolfopereira,3,twitter,rodolfopereira,simple_name_prefix3:rod,0.94,1.1,1.0,1.0,0.0
4770,instagram,msdeannawagner,3,twitter,msdeannawagner,simple_name_prefix3:msd,0.94,1.1,1.0,1.0,0.0
10284,instagram,jonmrogers,3,twitter,jonmrogers,simple_name_prefix3:jon,0.94,1.1,1.0,1.0,0.0
4776,instagram,dekbladh,3,twitter,dekbladh,simple_name_prefix3:dek,0.94,1.1,1.0,1.0,0.0
6710,instagram,adek_adek,3,twitter,adek_adek,simple_name_prefix3:ade,0.94,1.1,1.0,1.0,0.0
12799,instagram,rbarneydotcom,3,twitter,rbarneydotcom,simple_name_prefix3:rba,0.94,1.1,1.0,1.0,0.0
12657,instagram,rc360,3,twitter,rc360,simple_name_prefix3:rc3,0.94,1.1,1.0,1.0,0.0
12660,instagram,rcsmit,3,twitter,rcsmit,simple_name_prefix3:rcs,0.94,1.1,1.0,1.0,0.0
6711,instagram,adesyahlubis,3,twitter,adesyahlubis,simple_name_prefix3:ade,0.94,1.1,1.0,1.0,0.0
8864,instagram,eufisica,3,twitter,eufisica,simple_name_prefix3:euf,0.94,1.1,1.0,1.0,0.0
10364,instagram,joshuahor,3,twitter,joshuahor,simple_name_prefix3:jos,0.94,1.1,1.0,1.0,0.0
7259,instagram,adeeonline,3,twitter,adeeonline,simple_name_prefix3:ade,0.94,1.1,1.0,1.0,0.0
10285,instagram,jonkiii,3,twitter,jonkiii,simple_name_prefix3:jon,0.94,1.1,1.0,1.0,0.0
4237,instagram,adnmontalvo,3,twitter,adnmontalvo,simple_name_prefix3:adn,0.94,1.1,1.0,1.0,0.0
7070,instagram,andrewyee,3,twitter,andrewyee,simple_name_prefix3:and,0.94,1.1,1.0,1.0,0.0
8907,instagram,faheemalik,3,twitter,faheemalik,simple_name_prefix3:fah,0.94,1.1,1.0,1.0,0.0
9750,instagram,altaide_jf,3,twitter,altaide_jf,simple_name_prefix3:alt,0.94,1.1,1.0,1.0,0.0
5579,instagram,adora,3,twitter,adora,simple_name_prefix3:ado,0.94,1.1,1.0,1.0,0.0
9736,instagram,jackerbie,3,twitter,jackerbie,simple_name_prefix3:jac,0.94,1.1,1.0,1.0,0.0
9948,instagram,jeannacaldwell,3,twitter,jeannacaldwell,simple_name_prefix3:jea,0.94,1.1,1.0,1.0,0.0
8606,instagram,dwightbain,3,twitter,dwightbain,simple_name_prefix3:dwi,0.94,1.1,1.0,1.0,0.0
6565,instagram,webcitygirls,3,twitter,webcitygirls,simple_name_prefix3:web,0.94,1.1,1.0,1.0,0.0
8930,instagram,fdavid,3,twitter,fdavid,simple_name_prefix3:fda,0.94,1.1,1.0,1.0,0.0
8933,instagram,goberiko,3,twitter,goberiko,simple_name_prefix3:gob,0.94,1.1,1.0,1.0,0.0
7097,instagram,angelfrancia,3,twitter,angelfrancia,simple_name_prefix3:ang,0.94,1.1,1.0,1.0,0.0
8091,instagram,crowdini,3,twitter,crowdini,simple_name_prefix3:cro,0.94,1.1,1.0,1.0,0.0
14131,instagram,webgrrrl,3,twitter,webgrrrl,simple_name_prefix3:web,0.94,1.1,1.0,1.0,0.0
8938,instagram,fe_innecchi,3,twitter,fe_innecchi,simple_name_prefix3:fe_,0.94,1.1,1.0,1.0,0.0
7990,instagram,cleutonrs,3,twitter,cleutonrs,simple_name_prefix3:cle,0.94,1.1,1.0,1.0,0.0
7086,instagram,andywest92,3,twitter,andywest92,simple_name_prefix3:and,0.94,1.1,1.0,1.0,0.0
6738,instagram,afantarisal,3,twitter,afantarisal,simple_name_prefix3:afa,0.94,1.1,1.0,1.0,0.0
9156,instagram,andersondotau,3,twitter,andersondotau,simple_name_prefix3:and,0.94,1.1,1.0,1.0,0.0
7204,instagram,arron_daniels,3,twitter,arron_daniels,simple_name_prefix3:arr,0.94,1.1,1.0,1.0,0.0
6978,instagram,amritamathur,3,twitter,amritamathur,simple_name_prefix3:amr,0.94,1.1,1.0,1.0,0.0
6979,instagram,amrosario,3,twitter,amrosario,simple_name_prefix3:amr,0.94,1.1,1.0,1.0,0.0
8221,instagram,godfree,3,twitter,godfree,simple_name_prefix3:god,0.94,1.1,1.0,1.0,0.0
10287,instagram,jonsinden,3,twitter,jonsinden,simple_name_prefix3:jon,0.94,1.1,1.0,1.0,0.0
12855,instagram,rodrisalazar,3,twitter,rodrisalazar,simple_name_prefix3:rod,0.94,1.1,1.0,1.0,0.0
9281,instagram,godivaartstudio,3,twitter,godivaartstudio,simple_name_prefix3:god,0.94,1.1,1.0,1.0,0.0
8783,instagram,eretik,3,twitter,eretik,simple_name_prefix3:ere,0.94,1.1,1.0,1.0,0.0
8880,instagram,ewawheel,3,twitter,ewawheel,simple_name_prefix3:ewa,0.94,1.1,1.0,1.0,0.0
9412,instagram,hansvaneijsden,3,twitter,hansvaneijsden,simple_name_prefix3:han,0.94,1.1,1.0,1.0,0.0
4659,instagram,ultraclay,3,twitter,ultraclay,simple_name_prefix3:ult,0.94,1.1,1.0,1.0,0.0
5615,instagram,sneydman,3,twitter,sneydman,simple_name_prefix3:sne,0.94,1.1,1.0,1.0,0.0
4838,instagram,douglasmiguel,3,twitter,douglasmiguel,simple_name_prefix3:dou,0.94,1.1,1.0,1.0,0.0
10007,instagram,jennstinnett,3,twitter,jennstinnett,simple_name_prefix3:jen,0.94,1.1,1.0,1.0,0.0
4743,instagram,daccampo,3,twitter,daccampo,simple_name_prefix3:dac,0.94,1.1,1.0,1.0,0.0
10231,instagram,dackjillon,3,twitter,dackjillon,simple_name_prefix3:dac,0.94,1.1,1.0,1.0,0.0
7217,instagram,artsvit,3,twitter,artsvit,simple_name_prefix3:art,0.94,1.1,1.0,1.0,0.0
10358,instagram,joshpeak,3,twitter,joshpeak,simple_name_prefix3:jos,0.94,1.1,1.0,1.0,0.0
6116,instagram,robknight,3,twitter,robknight,simple_name_prefix3:rob,0.94,1.1,1.0,1.0,0.0
10369,instagram,joshuatalley,3,twitter,joshuatalley,simple_name_prefix3:jos,0.94,1.1,1.0,1.0,0.0
7162,instagram,atheenow,3,twitter,atheenow,simple_name_prefix3:ath,0.94,1.1,1.0,1.0,0.0
10792,instagram,artfulgourmet,3,twitter,artfulgourmet,simple_name_prefix3:art,0.94,1.1,1.0,1.0,0.0
6120,instagram,robymb,3,twitter,robymb,simple_name_prefix3:rob,0.94,1.1,1.0,1.0,0.0
7380,instagram,beckenkamp,3,twitter,beckenkamp,simple_name_prefix3:bec,0.94,1.1,1.0,1.0,0.0
7149,instagram,antoinesylvia,3,twitter,antoinesylvia,simple_name_prefix3:ant,0.94,1.1,1.0,1.0,0.0
7384,instagram,beerluver,3,twitter,beerluver,simple_name_prefix3:bee,0.94,1.1,1.0,1.0,0.0
7152,instagram,antjanus,3,twitter,antjanus,simple_name_prefix3:ant,0.94,1.1,1.0,1.0,0.0
9857,instagram,jasongraham99,3,twitter,jasongraham99,simple_name_prefix3:jas,0.94,1.1,1.0,1.0,0.0
10288,instagram,jonsuk,3,twitter,jonsuk,simple_name_prefix3:jon,0.94,1.1,1.0,1.0,0.0
7154,instagram,antonioaraya,3,twitter,antonioaraya,simple_name_prefix3:ant,0.94,1.1,1.0,1.0,0.0
7155,instagram,antoniocozar,3,twitter,antoniocozar,simple_name_prefix3:ant,0.94,1.1,1.0,1.0,0.0
8537,instagram,bigguyd,3,twitter,bigguyd,simple_name_prefix3:big,0.94,1.1,1.0,1.0,0.0
7102,instagram,angelmmartinez,3,twitter,angelmmartinez,simple_name_prefix3:ang,0.94,1.1,1.0,1.0,0.0
7103,instagram,angelo_arch,3,twitter,angelo_arch,simple_name_prefix3:ang,0.94,1.1,1.0,1.0,0.0
10009,instagram,jennlevine,3,twitter,jennlevine,simple_name_prefix3:jen,0.94,1.1,1.0,1.0,0.0
11915,instagram,myfrienddan,3,twitter,myfrienddan,simple_name_prefix3:myf,0.94,1.1,1.0,1.0,0.0
12221,instagram,angelwingsweb,3,twitter,angelwingsweb,simple_name_prefix3:ang,0.94,1.1,1.0,1.0,0.0
10769,instagram,koloheboy,3,twitter,koloheboy,simple_name_prefix3:kol,0.94,1.1,1.0,1.0,0.0
12788,instagram,robbell,3,twitter,robbell,simple_name_prefix3:rob,0.94,1.1,1.0,1.0,0.0
4400,instagram,anto_sacchetti,3,twitter,anto_sacchetti,simple_name_prefix3:ant,0.94,1.1,1.0,1.0,0.0
9563,googleplus,huzaifasial,3,twitter,huzaifasial,simple_name_prefix3:huz,0.94,1.1,1.0,1.0,0.0
10522,instagram,kbliebs,3,twitter,kbliebs,simple_name_prefix3:kbl,0.94,1.1,1.0,1.0,0.0
12482,instagram,plongeaux,3,twitter,plongeaux,simple_name_prefix3:plo,0.94,1.1,1.0,1.0,0.0
12483,instagram,plrodriguez,3,twitter,plrodriguez,simple_name_prefix3:plr,0.94,1.1,1.0,1.0,0.0
8478,instagram,cabraldik,3,twitter,cabraldik,simple_name_prefix3:cab,0.94,1.1,1.0,1.0,0.0
12501,instagram,pkattera,3,twitter,pkattera,simple_name_prefix3:pka,0.94,1.1,1.0,1.0,0.0
12508,instagram,ppolleunus,3,twitter,ppolleunus,simple_name_prefix3:ppo,0.94,1.1,1.0,1.0,0.0
10604,instagram,kblanqua,3,twitter,kblanqua,simple_name_prefix3:kbl,0.94,1.1,1.0,1.0,0.0
12542,instagram,pyngwi,3,twitter,pyngwi,simple_name_prefix3:pyn,0.94,1.1,1.0,1.0,0.0
11914,instagram,mycroft221,3,twitter,mycroft221,simple_name_prefix3:myc,0.94,1.1,1.0,1.0,0.0
13288,instagram,simonkoleznik,3,twitter,simonkoleznik,simple_name_prefix3:sim,0.94,1.1,1.0,1.0,0.0
12575,instagram,rbustamantet,3,twitter,rbustamantet,simple_name_prefix3:rbu,0.94,1.1,1.0,1.0,0.0
7839,instagram,chicotoxico,3,twitter,chicotoxico,simple_name_prefix3:chi,0.94,1.1,1.0,1.0,0.0
7842,instagram,chipnicodemus,3,twitter,chipnicodemus,simple_name_prefix3:chi,0.94,1.1,1.0,1.0,0.0
9569,instagram,iabdulghani,3,twitter,iabdulghani,simple_name_prefix3:iab,0.94,1.1,1.0,1.0,0.0
4605,instagram,ce_mo,3,twitter,ce_mo,simple_name_prefix3:ce_,0.94,1.1,1.0,1.0,0.0
4628,instagram,ichrischatt,3,twitter,ichrischatt,simple_name_prefix3:ich,0.94,1.1,1.0,1.0,0.0
10027,instagram,sciguy14,3,twitter,sciguy14,simple_name_prefix3:sci,0.94,1.1,1.0,1.0,0.0
9592,instagram,1to1coach,3,twitter,1to1coach,simple_name_prefix3:1to,0.94,1.1,1.0,1.0,0.0
9598,instagram,imsoper,3,twitter,imsoper,simple_name_prefix3:ims,0.94,1.1,1.0,1.0,0.0
13832,instagram,tonyburgess1969,3,twitter,tonyburgess1969,simple_name_prefix3:ton,0.94,1.1,1.0,1.0,0.0
13835,instagram,tonydeli7,3,twitter,tonydeli7,simple_name_prefix3:ton,0.94,1.1,1.0,1.0,0.0
7594,instagram,brondmo,3,twitter,brondmo,simple_name_prefix3:bro,0.94,1.1,1.0,1.0,0.0
11506,instagram,anthonyhershko,3,twitter,anthonyhershko,simple_name_prefix3:ant,0.94,1.1,1.0,1.0,0.0
9744,instagram,jacobhodgson,3,twitter,jacobhodgson,simple_name_prefix3:jac,0.94,1.1,1.0,1.0,0.0
13836,instagram,tonydiehl,3,twitter,tonydiehl,simple_name_prefix3:ton,0.94,1.1,1.0,1.0,0.0
9612,instagram,idaglitter,3,twitter,idaglitter,simple_name_prefix3:ida,0.94,1.1,1.0,1.0,0.0
7648,instagram,caiocorraini,3,twitter,caiocorraini,simple_name_prefix3:cai,0.94,1.1,1.0,1.0,0.0
13837,instagram,tonygates44,3,twitter,tonygates44,simple_name_prefix3:ton,0.94,1.1,1.0,1.0,0.0
7173,instagram,appleheadink,3,twitter,appleheadink,simple_name_prefix3:app,0.94,1.1,1.0,1.0,0.0
11336,instagram,apprendistageek,3,twitter,apprendistageek,simple_name_prefix3:app,0.94,1.1,1.0,1.0,0.0
4948,instagram,dewback,3,twitter,dewback,simple_name_prefix3:dew,0.94,1.1,1.0,1.0,0.0
12790,instagram,robboudon,3,twitter,robboudon,simple_name_prefix3:rob,0.94,1.1,1.0,1.0,0.0
7999,instagram,clopin,3,twitter,clopin,simple_name_prefix3:clo,0.94,1.1,1.0,1.0,0.0
8000,instagram,clouvi,3,twitter,clouvi,simple_name_prefix3:clo,0.94,1.1,1.0,1.0,0.0
8941,instagram,felicelam,3,twitter,felicelam,simple_name_prefix3:fel,0.94,1.1,1.0,1.0,0.0
13839,instagram,tonymichael,3,twitter,tonymichael,simple_name_prefix3:ton,0.94,1.1,1.0,1.0,0.0
7751,instagram,cbachini,3,twitter,cbachini,simple_name_prefix3:cba,0.94,1.1,1.0,1.0,0.0
13840,instagram,tontenn,3,twitter,tontenn,simple_name_prefix3:ton,0.94,1.1,1.0,1.0,0.0
5710,instagram,maxkuri,3,twitter,maxkuri,simple_name_prefix3:max,0.94,1.1,1.0,1.0,0.0
9745,instagram,jacobsloan,3,twitter,jacobsloan,simple_name_prefix3:jac,0.94,1.1,1.0,1.0,0.0
12451,instagram,photothiel,3,twitter,photothiel,simple_name_prefix3:pho,0.94,1.1,1.0,1.0,0.0
13843,instagram,tonyveroeven,3,twitter,tonyveroeven,simple_name_prefix3:ton,0.94,1.1,1.0,1.0,0.0
5753,instagram,chillinquillen,3,twitter,chillinquillen,simple_name_prefix3:chi,0.94,1.1,1.0,1.0,0.0
7183,instagram,areeidet,3,twitter,areeidet,simple_name_prefix3:are,0.94,1.1,1.0,1.0,0.0
8843,instagram,esaudlg,3,twitter,esaudlg,simple_name_prefix3:esa,0.94,1.1,1.0,1.0,0.0
8844,instagram,esavestheworld,3,twitter,esavestheworld,simple_name_prefix3:esa,0.94,1.1,1.0,1.0,0.0
7391,instagram,bendhall,3,twitter,bendhall,simple_name_prefix3:ben,0.94,1.1,1.0,1.0,0.0
9971,googleplus,jefflee,3,twitter,jefflee,simple_name_prefix3:jef,0.94,1.1,1.0,1.0,0.0
6356,instagram,suryopras,3,twitter,suryopras,simple_name_prefix3:sur,0.94,1.1,1.0,1.0,0.0
7838,instagram,chibimartins,3,twitter,chibimartins,simple_name_prefix3:chi,0.94,1.1,1.0,1.0,0.0
7961,instagram,cjenkinsiv,3,twitter,cjenkinsiv,simple_name_prefix3:cje,0.94,1.1,1.0,1.0,0.0
13864,googleplus,tracyplayle,13864,instagram,tracyplayle,simple_name_prefix3:tra,0.94,1.1,1.0,1.0,0.0
5210,instagram,jasondluna,3,twitter,jasondluna,simple_name_prefix3:jas,0.94,1.1,1.0,1.0,0.0
7748,instagram,cavaroc,3,twitter,cavaroc,simple_name_prefix3:cav,0.94,1.1,1.0,1.0,0.0
10567,instagram,c_by_kitty,3,twitter,c_by_kitty,simple_name_prefix3:c_b,0.94,1.1,1.0,1.0,0.0
8894,instagram,fabiolottino,3,twitter,fabiolottino,simple_name_prefix3:fab,0.94,1.1,1.0,1.0,0.0
12791,instagram,robcoenen,3,twitter,robcoenen,simple_name_prefix3:rob,0.94,1.1,1.0,1.0,0.0
7843,instagram,chiragbatra,3,twitter,chiragbatra,simple_name_prefix3:chi,0.94,1.1,1.0,1.0,0.0
5927,instagram,srnmrdr,3,twitter,srnmrdr,simple_name_prefix3:srn,0.94,1.1,1.0,1.0,0.0
7958,instagram,cisene,3,twitter,cisene,simple_name_prefix3:cis,0.94,1.1,1.0,1.0,0.0
11509,instagram,maxfabrizi,3,twitter,maxfabrizi,simple_name_prefix3:max,0.94,1.1,1.0,1.0,0.0
10289,instagram,jonykalavera,3,twitter,jonykalavera,simple_name_prefix3:jon,0.94,1.1,1.0,1.0,0.0
4604,instagram,cecycorrea,3,twitter,cecycorrea,simple_name_prefix3:cec,0.94,1.1,1.0,1.0,0.0
13335,instagram,socialstephen,3,twitter,socialstephen,simple_name_prefix3:soc,0.94,1.1,1.0,1.0,0.0
5220,instagram,jasonbonvivant,3,twitter,jasonbonvivant,simple_name_prefix3:jas,0.94,1.1,1.0,1.0,0.0
13336,instagram,societychurch,3,twitter,societychurch,simple_name_prefix3:soc,0.94,1.1,1.0,1.0,0.0
7401,instagram,benjaminyeurch,3,twitter,benjaminyeurch,simple_name_prefix3:ben,0.94,1.1,1.0,1.0,0.0
8079,instagram,crisfloresmera,3,twitter,crisfloresmera,simple_name_prefix3:cri,0.94,1.1,1.0,1.0,0.0
7942,instagram,chuckkillorin,3,twitter,chuckkillorin,simple_name_prefix3:chu,0.94,1.1,1.0,1.0,0.0
9284,instagram,gongranja,3,twitter,gongranja,simple_name_prefix3:gon,0.94,1.1,1.0,1.0,0.0
6586,instagram,writerscorps,3,twitter,writerscorps,simple_name_prefix3:wri,0.94,1.1,1.0,1.0,0.0
4965,instagram,ferociousj,3,twitter,ferociousj,simple_name_prefix3:fer,0.94,1.1,1.0,1.0,0.0
7971,instagram,clarsenault,3,twitter,clarsenault,simple_name_prefix3:cla,0.94,1.1,1.0,1.0,0.0
5709,instagram,socialcolectivo,3,twitter,socialcolectivo,simple_name_prefix3:soc,0.94,1.1,1.0,1.0,0.0
9621,instagram,socialcloudtech,3,twitter,socialcloudtech,simple_name_prefix3:soc,0.94,1.1,1.0,1.0,0.0
4484,instagram,benguilbaud,3,twitter,benguilbaud,simple_name_prefix3:ben,0.94,1.1,1.0,1.0,0.0
11163,instagram,sociallyahead,3,twitter,sociallyahead,simple_name_prefix3:soc,0.94,1.1,1.0,1.0,0.0
8383,instagram,debsuvra,3,twitter,debsuvra,simple_name_prefix3:deb,0.94,1.1,1.0,1.0,0.0
8384,instagram,deckerweb,3,twitter,deckerweb,simple_name_prefix3:dec,0.94,1.1,1.0,1.0,0.0
11857,instagram,motorcash,3,twitter,motorcash,simple_name_prefix3:mot,0.94,1.1,1.0,1.0,0.0
8959,instagram,fernandobits,3,twitter,fernandobits,simple_name_prefix3:fer,0.94,1.1,1.0,1.0,0.0
8087,instagram,cristinasimone,3,twitter,cristinasimone,simple_name_prefix3:cri,0.94,1.1,1.0,1.0,0.0
6494,instagram,umakantjani,3,twitter,umakantjani,simple_name_prefix3:uma,0.94,1.1,1.0,1.0,0.0
8560,instagram,dougsmithlive,3,twitter,dougsmithlive,simple_name_prefix3:dou,0.94,1.1,1.0,1.0,0.0
7410,instagram,bennettbuilders,3,twitter,bennettbuilders,simple_name_prefix3:ben,0.94,1.1,1.0,1.0,0.0
4556,instagram,bsaren,3,twitter,bsaren,simple_name_prefix3:bsa,0.94,1.1,1.0,1.0,0.0
4774,instagram,deeje,3,twitter,deeje,simple_name_prefix3:dee,0.94,1.1,1.0,1.0,0.0
4557,instagram,btayfur,3,twitter,btayfur,simple_name_prefix3:bta,0.94,1.1,1.0,1.0,0.0
7953,instagram,cinnamonhollow,3,twitter,cinnamonhollow,simple_name_prefix3:cin,0.94,1.1,1.0,1.0,0.0
7394,instagram,benfrank,3,twitter,benfrank,simple_name_prefix3:ben,0.94,1.1,1.0,1.0,0.0
7395,instagram,benitezrafa,3,twitter,benitezrafa,simple_name_prefix3:ben,0.94,1.1,1.0,1.0,0.0
8932,instagram,federicoferro,3,twitter,federicoferro,simple_name_prefix3:fed,0.94,1.1,1.0,1.0,0.0
7398,instagram,benjiearthur,3,twitter,benjiearthur,simple_name_prefix3:ben,0.94,1.1,1.0,1.0,0.0
7399,instagram,benjamincole,3,twitter,benjamincole,simple_name_prefix3:ben,0.94,1.1,1.0,1.0,0.0
10393,instagram,me_jreese,3,twitter,me_jreese,simple_name_prefix3:me_,0.94,1.1,1.0,1.0,0.0
10402,instagram,jsesh,3,twitter,jsesh,simple_name_prefix3:jse,0.94,1.1,1.0,1.0,0.0
4772,instagram,deborahwise,3,twitter,deborahwise,simple_name_prefix3:deb,0.94,1.1,1.0,1.0,0.0
8379,instagram,debmomof3,3,twitter,debmomof3,simple_name_prefix3:deb,0.94,1.1,1.0,1.0,0.0
7416,instagram,benpike,3,twitter,benpike,simple_name_prefix3:ben,0.94,1.1,1.0,1.0,0.0
8480,instagram,dilip_r,3,twitter,dilip_r,simple_name_prefix3:dil,0.94,1.1,1.0,1.0,0.0
7417,instagram,benrogerswpg,3,twitter,benrogerswpg,simple_name_prefix3:ben,0.94,1.1,1.0,1.0,0.0
10491,instagram,k9blaze,3,twitter,k9blaze,simple_name_prefix3:k9b,0.94,1.1,1.0,1.0,0.0
8631,instagram,edenilton,3,twitter,edenilton,simple_name_prefix3:ede,0.94,1.1,1.0,1.0,0.0
8486,instagram,dinastik,3,twitter,dinastik,simple_name_prefix3:din,0.94,1.1,1.0,1.0,0.0
8487,instagram,diniehz,3,twitter,diniehz,simple_name_prefix3:din,0.94,1.1,1.0,1.0,0.0
11956,instagram,naomimeran,3,twitter,naomimeran,simple_name_prefix3:nao,0.94,1.1,1.0,1.0,0.0
7405,instagram,benlinders,3,twitter,benlinders,simple_name_prefix3:ben,0.94,1.1,1.0,1.0,0.0
8548,instagram,doroteee,3,twitter,doroteee,simple_name_prefix3:dor,0.94,1.1,1.0,1.0,0.0
8837,instagram,erwanlescop,3,twitter,erwanlescop,simple_name_prefix3:erw,0.94,1.1,1.0,1.0,0.0
8570,instagram,drchrisstout,3,twitter,drchrisstout,simple_name_prefix3:drc,0.94,1.1,1.0,1.0,0.0
8578,instagram,drguara,3,twitter,drguara,simple_name_prefix3:drg,0.94,1.1,1.0,1.0,0.0
14282,instagram,yoyodre,3,twitter,yoyodre,simple_name_prefix3:yoy,0.94,1.1,1.0,1.0,0.0
7390,instagram,dubblebee,3,twitter,dubblebee,simple_name_prefix3:dub,0.94,1.1,1.0,1.0,0.0
7754,instagram,ccostan,3,twitter,ccostan,simple_name_prefix3:cco,0.94,1.1,1.0,1.0,0.0
9474,instagram,hebervega,3,twitter,hebervega,simple_name_prefix3:heb,0.94,1.1,1.0,1.0,0.0
9478,instagram,hedzzation,3,twitter,hedzzation,simple_name_prefix3:hed,0.94,1.1,1.0,1.0,0.0
7975,instagram,claudersousa,3,twitter,claudersousa,simple_name_prefix3:cla,0.94,1.1,1.0,1.0,0.0
12399,instagram,p_terg,3,twitter,p_terg,simple_name_prefix3:p_t,0.94,1.1,1.0,1.0,0.0
7979,instagram,cla_gagliardini,3,twitter,cla_gagliardini,simple_name_prefix3:cla,0.94,1.1,1.0,1.0,0.0
9515,instagram,cc_liecense,3,twitter,cc_liecense,simple_name_prefix3:cc_,0.94,1.1,1.0,1.0,0.0
12426,instagram,pgkrzywy,3,twitter,pgkrzywy,simple_name_prefix3:pgk,0.94,1.1,1.0,1.0,0.0
12429,instagram,phelzito,3,twitter,phelzito,simple_name_prefix3:phe,0.94,1.1,1.0,1.0,0.0
5234,instagram,jeangionet,3,twitter,jeangionet,simple_name_prefix3:jea,0.94,1.1,1.0,1.0,0.0
8111,instagram,cveira,3,twitter,cveira,simple_name_prefix3:cve,0.94,1.1,1.0,1.0,0.0
8595,instagram,dukko,3,twitter,dukko,simple_name_prefix3:duk,0.94,1.1,1.0,1.0,0.0
7420,instagram,bentyyc,3,twitter,bentyyc,simple_name_prefix3:ben,0.94,1.1,1.0,1.0,0.0
13594,instagram,ben_tarrant,3,twitter,ben_tarrant,simple_name_prefix3:ben,0.94,1.1,1.0,1.0,0.0
5831,instagram,mediamusea,3,twitter,mediamusea,simple_name_prefix3:med,0.94,1.1,1.0,1.0,0.0
8621,instagram,easton_place,3,twitter,easton_place,simple_name_prefix3:eas,0.94,1.1,1.0,1.0,0.0
9524,instagram,hkiyany,3,twitter,hkiyany,simple_name_prefix3:hki,0.94,1.1,1.0,1.0,0.0
8628,instagram,edcartre,3,twitter,edcartre,simple_name_prefix3:edc,0.94,1.1,1.0,1.0,0.0
8921,instagram,farhaz,3,twitter,farhaz,simple_name_prefix3:far,0.94,1.1,1.0,1.0,0.0
8924,instagram,farreljt,3,twitter,farreljt,simple_name_prefix3:far,0.94,1.1,1.0,1.0,0.0
7232,instagram,asacredrebel,3,twitter,asacredrebel,simple_name_prefix3:asa,0.94,1.1,1.0,1.0,0.0
8639,instagram,edithjolicoeur,3,twitter,edithjolicoeur,simple_name_prefix3:edi,0.94,1.1,1.0,1.0,0.0
6281,instagram,mysecretstache,3,twitter,mysecretstache,simple_name_prefix3:mys,0.94,1.1,1.0,1.0,0.0
12829,instagram,robrv,3,twitter,robrv,simple_name_prefix3:rob,0.94,1.1,1.0,1.0,0.0
10373,instagram,z3ux,3,twitter,z3ux,simple_name_prefix3:z3u,0.94,1.1,1.0,1.0,0.0
11921,instagram,mysmartpuppy,3,twitter,mysmartpuppy,simple_name_prefix3:mys,0.94,1.1,1.0,1.0,0.0
9299,instagram,gosiabem,3,twitter,gosiabem,simple_name_prefix3:gos,0.94,1.1,1.0,1.0,0.0
7621,instagram,thestonebishop,3,twitter,thestonebishop,simple_name_prefix3:the,0.94,1.1,1.0,1.0,0.0
8588,instagram,dtireli,3,twitter,dtireli,simple_name_prefix3:dti,0.94,1.1,1.0,1.0,0.0
7987,instagram,claytonbruster,3,twitter,claytonbruster,simple_name_prefix3:cla,0.94,1.1,1.0,1.0,0.0
7239,instagram,aseroff,3,twitter,aseroff,simple_name_prefix3:ase,0.94,1.1,1.0,1.0,0.0
8722,instagram,elsabonafonte,3,twitter,elsabonafonte,simple_name_prefix3:els,0.94,1.1,1.0,1.0,0.0
8883,instagram,eventosfera,3,twitter,eventosfera,simple_name_prefix3:eve,0.94,1.1,1.0,1.0,0.0
2199,googleplus,falsodelantero,3,twitter,falsodelantero,simple_name_prefix3:fal,0.94,1.1,1.0,1.0,0.0
4901,instagram,emreburakonat,3,twitter,emreburakonat,simple_name_prefix3:emr,0.94,1.1,1.0,1.0,0.0
9363,instagram,gostaff,3,twitter,gostaff,simple_name_prefix3:gos,0.94,1.1,1.0,1.0,0.0
8754,instagram,emredjan,3,twitter,emredjan,simple_name_prefix3:emr,0.94,1.1,1.0,1.0,0.0
4951,instagram,farizfariz,3,twitter,farizfariz,simple_name_prefix3:far,0.94,1.1,1.0,1.0,0.0
7244,instagram,ashleyphayward,3,twitter,ashleyphayward,simple_name_prefix3:ash,0.94,1.1,1.0,1.0,0.0
10050,instagram,jessecorinella,3,twitter,jessecorinella,simple_name_prefix3:jes,0.94,1.1,1.0,1.0,0.0
4445,instagram,auperelouis,3,twitter,auperelouis,simple_name_prefix3:aup,0.94,1.1,1.0,1.0,0.0
8974,instagram,filipmares,3,twitter,filipmares,simple_name_prefix3:fil,0.94,1.1,1.0,1.0,0.0
4453,instagram,azekone,3,twitter,azekone,simple_name_prefix3:aze,0.94,1.1,1.0,1.0,0.0
7419,instagram,bentepfer,3,twitter,bentepfer,simple_name_prefix3:ben,0.94,1.1,1.0,1.0,0.0
6398,instagram,theartmarket_ca,3,twitter,theartmarket_ca,simple_name_prefix3:the,0.94,1.1,1.0,1.0,0.0
8598,instagram,durvalfilho,3,twitter,durvalfilho,simple_name_prefix3:dur,0.94,1.1,1.0,1.0,0.0
12346,instagram,thenativepaul,3,twitter,thenativepaul,simple_name_prefix3:the,0.94,1.1,1.0,1.0,0.0
9351,instagram,filhodopadeiro,3,twitter,filhodopadeiro,simple_name_prefix3:fil,0.94,1.1,1.0,1.0,0.0
7980,instagram,holyghostpro,3,twitter,holyghostpro,simple_name_prefix3:hol,0.94,1.1,1.0,1.0,0.0
6400,instagram,thecriptyklee,3,twitter,thecriptyklee,simple_name_prefix3:the,0.94,1.1,1.0,1.0,0.0
12803,instagram,robertjbanach,3,twitter,robertjbanach,simple_name_prefix3:rob,0.94,1.1,1.0,1.0,0.0
6402,instagram,thejoecadena,3,twitter,thejoecadena,simple_name_prefix3:the,0.94,1.1,1.0,1.0,0.0
6403,instagram,themodera,3,twitter,themodera,simple_name_prefix3:the,0.94,1.1,1.0,1.0,0.0
4455,instagram,azrullmasnam,3,twitter,azrullmasnam,simple_name_prefix3:azr,0.94,1.1,1.0,1.0,0.0
4506,instagram,bkmontgomery,3,twitter,bkmontgomery,simple_name_prefix3:bkm,0.94,1.1,1.0,1.0,0.0
4511,instagram,bnweiss,3,twitter,bnweiss,simple_name_prefix3:bnw,0.94,1.1,1.0,1.0,0.0
12805,instagram,robertnelson,3,twitter,robertnelson,simple_name_prefix3:rob,0.94,1.1,1.0,1.0,0.0
7278,instagram,aubreandrus,3,twitter,aubreandrus,simple_name_prefix3:aub,0.94,1.1,1.0,1.0,0.0
4449,instagram,austinsible,3,twitter,austinsible,simple_name_prefix3:aus,0.94,1.1,1.0,1.0,0.0
7293,instagram,avalemert,3,twitter,avalemert,simple_name_prefix3:ava,0.94,1.1,1.0,1.0,0.0
7558,instagram,brianeisley,3,twitter,brianeisley,simple_name_prefix3:bri,0.94,1.1,1.0,1.0,0.0
6571,instagram,thedjteck,3,twitter,thedjteck,simple_name_prefix3:the,0.94,1.1,1.0,1.0,0.0
9378,instagram,gvirtucio,3,twitter,gvirtucio,simple_name_prefix3:gvi,0.94,1.1,1.0,1.0,0.0
4281,instagram,fatomousso,3,twitter,fatomousso,simple_name_prefix3:fat,0.94,1.1,1.0,1.0,0.0
8442,instagram,dheras,3,twitter,dheras,simple_name_prefix3:dhe,0.94,1.1,1.0,1.0,0.0
7077,instagram,theandy,3,twitter,theandy,simple_name_prefix3:the,0.94,1.1,1.0,1.0,0.0
7562,instagram,thebriangreer,3,twitter,thebriangreer,simple_name_prefix3:the,0.94,1.1,1.0,1.0,0.0
7295,instagram,avaragado,3,twitter,avaragado,simple_name_prefix3:ava,0.94,1.1,1.0,1.0,0.0
7297,instagram,avatartravel,3,twitter,avatartravel,simple_name_prefix3:ava,0.94,1.1,1.0,1.0,0.0
7260,instagram,assimtulba,3,twitter,assimtulba,simple_name_prefix3:ass,0.94,1.1,1.0,1.0,0.0
13665,instagram,the_fergie,3,twitter,the_fergie,simple_name_prefix3:the,0.94,1.1,1.0,1.0,0.0
13765,instagram,tinagunn,3,twitter,tinagunn,simple_name_prefix3:tin,0.94,1.1,1.0,1.0,0.0
12116,instagram,nuovie,3,twitter,nuovie,simple_name_prefix3:nuo,0.94,1.1,1.0,1.0,0.0
13672,instagram,theleewmowen,3,twitter,theleewmowen,simple_name_prefix3:the,0.94,1.1,1.0,1.0,0.0
4472,instagram,briandusablon,3,twitter,briandusablon,simple_name_prefix3:bri,0.94,1.1,1.0,1.0,0.0
8147,instagram,thegreatdanaj,3,twitter,thegreatdanaj,simple_name_prefix3:the,0.94,1.1,1.0,1.0,0.0
6964,instagram,graphicgoo,3,twitter,graphicgoo,simple_name_prefix3:gra,0.94,1.1,1.0,1.0,0.0
9306,instagram,gracessweetlife,3,twitter,gracessweetlife,simple_name_prefix3:gra,0.94,1.1,1.0,1.0,0.0
4343,instagram,amoorie,3,twitter,amoorie,simple_name_prefix3:amo,0.94,1.1,1.0,1.0,0.0
10106,instagram,thecyr,3,twitter,thecyr,simple_name_prefix3:the,0.94,1.1,1.0,1.0,0.0
12224,instagram,oulmidianas,3,twitter,oulmidianas,simple_name_prefix3:oul,0.94,1.1,1.0,1.0,0.0
9571,instagram,i_abel,3,twitter,i_abel,simple_name_prefix3:i_a,0.94,1.1,1.0,1.0,0.0
12232,instagram,oyvind,3,twitter,oyvind,simple_name_prefix3:oyv,0.94,1.1,1.0,1.0,0.0
13863,instagram,hollywoodmom,3,twitter,hollywoodmom,simple_name_prefix3:hol,0.94,1.1,1.0,1.0,0.0
10729,instagram,thegameaisle,3,twitter,thegameaisle,simple_name_prefix3:the,0.94,1.1,1.0,1.0,0.0
12260,instagram,pmocampo,3,twitter,pmocampo,simple_name_prefix3:pmo,0.94,1.1,1.0,1.0,0.0
12268,instagram,payoladeville,3,twitter,payoladeville,simple_name_prefix3:pay,0.94,1.1,1.0,1.0,0.0
11371,instagram,themarque,3,twitter,themarque,simple_name_prefix3:the,0.94,1.1,1.0,1.0,0.0
4357,instagram,mrhammarstedt,3,twitter,mrhammarstedt,simple_name_prefix3:mrh,0.94,1.1,1.0,1.0,0.0
7557,instagram,briancsmith,3,twitter,briancsmith,simple_name_prefix3:bri,0.94,1.1,1.0,1.0,0.0
10111,instagram,firecopstation6,3,twitter,firecopstation6,simple_name_prefix3:fir,0.94,1.1,1.0,1.0,0.0
11480,instagram,thematthorne,3,twitter,thematthorne,simple_name_prefix3:the,0.94,1.1,1.0,1.0,0.0
5058,instagram,grahammcuk,3,twitter,grahammcuk,simple_name_prefix3:gra,0.94,1.1,1.0,1.0,0.0
9391,instagram,hakandahlstrom,3,twitter,hakandahlstrom,simple_name_prefix3:hak,0.94,1.1,1.0,1.0,0.0
12589,instagram,rahulfow,3,twitter,rahulfow,simple_name_prefix3:rah,0.94,1.1,1.0,1.0,0.0
9317,instagram,graphicwheeler,3,twitter,graphicwheeler,simple_name_prefix3:gra,0.94,1.1,1.0,1.0,0.0
7566,instagram,briankameoka,3,twitter,briankameoka,simple_name_prefix3:bri,0.94,1.1,1.0,1.0,0.0
14257,instagram,yazeedaloyoun,3,twitter,yazeedaloyoun,simple_name_prefix3:yaz,0.94,1.1,1.0,1.0,0.0
7572,instagram,brianisunfallen,3,twitter,brianisunfallen,simple_name_prefix3:bri,0.94,1.1,1.0,1.0,0.0
13680,instagram,theomeder,3,twitter,theomeder,simple_name_prefix3:the,0.94,1.1,1.0,1.0,0.0
6486,instagram,typewriterblues,3,twitter,typewriterblues,simple_name_prefix3:typ,0.94,1.1,1.0,1.0,0.0
9012,instagram,fotoeins,3,twitter,fotoeins,simple_name_prefix3:fot,0.94,1.1,1.0,1.0,0.0
13692,instagram,theresag,3,twitter,theresag,simple_name_prefix3:the,0.94,1.1,1.0,1.0,0.0
10583,instagram,katiekutthroat,3,twitter,katiekutthroat,simple_name_prefix3:kat,0.94,1.1,1.0,1.0,0.0
9016,instagram,fottoni,3,twitter,fottoni,simple_name_prefix3:fot,0.94,1.1,1.0,1.0,0.0
13698,instagram,thewxobserver,3,twitter,thewxobserver,simple_name_prefix3:the,0.94,1.1,1.0,1.0,0.0
8159,instagram,dbdriscoll,3,twitter,dbdriscoll,simple_name_prefix3:dbd,0.94,1.1,1.0,1.0,0.0
7585,googleplus,brienhall,3,twitter,brienhall,simple_name_prefix3:bri,0.94,1.1,1.0,1.0,0.0
9372,instagram,guy1067,3,twitter,guy1067,simple_name_prefix3:guy,0.94,1.1,1.0,1.0,0.0
5077,instagram,hakbjo,3,twitter,hakbjo,simple_name_prefix3:hak,0.94,1.1,1.0,1.0,0.0
11426,instagram,mashalevene,3,twitter,mashalevene,simple_name_prefix3:mas,0.94,1.1,1.0,1.0,0.0
11429,instagram,masoudhaghi,3,twitter,masoudhaghi,simple_name_prefix3:mas,0.94,1.1,1.0,1.0,0.0
9973,instagram,jefflombardo,3,twitter,jefflombardo,simple_name_prefix3:jef,0.94,1.1,1.0,1.0,0.0
11431,instagram,massimodesantis,3,twitter,massimodesantis,simple_name_prefix3:mas,0.94,1.1,1.0,1.0,0.0
13655,instagram,thedanlevy,3,twitter,thedanlevy,simple_name_prefix3:the,0.94,1.1,1.0,1.0,0.0
9152,instagram,gatosg,3,twitter,gatosg,simple_name_prefix3:gat,0.94,1.1,1.0,1.0,0.0
13659,instagram,thedridge,3,twitter,thedridge,simple_name_prefix3:the,0.94,1.1,1.0,1.0,0.0
9558,instagram,hunterleesoik,3,twitter,hunterleesoik,simple_name_prefix3:hun,0.94,1.1,1.0,1.0,0.0
10052,instagram,jessemontano,3,twitter,jessemontano,simple_name_prefix3:jes,0.94,1.1,1.0,1.0,0.0
9316,instagram,whoiscarmine,3,twitter,whoiscarmine,simple_name_prefix3:who,0.94,1.1,1.0,1.0,0.0
11105,instagram,wholeworldtrip,3,twitter,wholeworldtrip,simple_name_prefix3:who,0.94,1.1,1.0,1.0,0.0
9904,instagram,jayfingers,3,twitter,jayfingers,simple_name_prefix3:jay,0.94,1.1,1.0,1.0,0.0
7630,instagram,btillo,3,twitter,btillo,simple_name_prefix3:bti,0.94,1.1,1.0,1.0,0.0
8963,instagram,ferranbrooks,3,twitter,ferranbrooks,simple_name_prefix3:fer,0.94,1.1,1.0,1.0,0.0
7352,instagram,barzik,3,twitter,barzik,simple_name_prefix3:bar,0.94,1.1,1.0,1.0,0.0
9600,instagram,haveyoumetian,3,twitter,haveyoumetian,simple_name_prefix3:hav,0.94,1.1,1.0,1.0,0.0
9561,instagram,hussdajani,3,twitter,hussdajani,simple_name_prefix3:hus,0.94,1.1,1.0,1.0,0.0
9615,instagram,ideasandrew,3,twitter,ideasandrew,simple_name_prefix3:ide,0.94,1.1,1.0,1.0,0.0
12476,instagram,jackkorpob,3,twitter,jackkorpob,simple_name_prefix3:jac,0.94,1.1,1.0,1.0,0.0
9544,instagram,hotelemarketer,3,twitter,hotelemarketer,simple_name_prefix3:hot,0.94,1.1,1.0,1.0,0.0
9038,instagram,fortizcrea,3,twitter,fortizcrea,simple_name_prefix3:for,0.94,1.1,1.0,1.0,0.0
9631,instagram,igormitrovic,3,twitter,igormitrovic,simple_name_prefix3:igo,0.94,1.1,1.0,1.0,0.0
9658,instagram,impureacts,3,twitter,impureacts,simple_name_prefix3:imp,0.94,1.1,1.0,1.0,0.0
6683,instagram,acanadianfoodie,3,twitter,acanadianfoodie,simple_name_prefix3:aca,0.94,1.1,1.0,1.0,0.0
4255,instagram,aindhy,3,twitter,aindhy,simple_name_prefix3:ain,0.94,1.1,1.0,1.0,0.0
7336,instagram,baltimoretom,3,twitter,baltimoretom,simple_name_prefix3:bal,0.94,1.1,1.0,1.0,0.0
6028,instagram,productpoet,3,twitter,productpoet,simple_name_prefix3:pro,0.94,1.1,1.0,1.0,0.0
4464,instagram,barbsobel,3,twitter,barbsobel,simple_name_prefix3:bar,0.94,1.1,1.0,1.0,0.0
4467,instagram,bariskaykusuz,3,twitter,bariskaykusuz,simple_name_prefix3:bar,0.94,1.1,1.0,1.0,0.0
4468,instagram,barnapkins,3,twitter,barnapkins,simple_name_prefix3:bar,0.94,1.1,1.0,1.0,0.0
4312,instagram,aljuryyed,3,twitter,aljuryyed,simple_name_prefix3:alj,0.94,1.1,1.0,1.0,0.0
12142,instagram,nxhack,3,twitter,nxhack,simple_name_prefix3:nxh,0.94,1.1,1.0,1.0,0.0
12818,instagram,robingood,3,twitter,robingood,simple_name_prefix3:rob,0.94,1.1,1.0,1.0,0.0
13678,instagram,themiscfiles,3,twitter,themiscfiles,simple_name_prefix3:the,0.94,1.1,1.0,1.0,0.0
12151,instagram,ocramen,3,twitter,ocramen,simple_name_prefix3:ocr,0.94,1.1,1.0,1.0,0.0
9905,instagram,jaygerland,3,twitter,jaygerland,simple_name_prefix3:jay,0.94,1.1,1.0,1.0,0.0
9666,instagram,ingray,3,twitter,ingray,simple_name_prefix3:ing,0.94,1.1,1.0,1.0,0.0
9085,instagram,frogdiva,3,twitter,frogdiva,simple_name_prefix3:fro,0.94,1.1,1.0,1.0,0.0
6632,instagram,zanzebek,3,twitter,zanzebek,simple_name_prefix3:zan,0.94,1.1,1.0,1.0,0.0
12188,instagram,omuretto,3,twitter,omuretto,simple_name_prefix3:omu,0.94,1.1,1.0,1.0,0.0
14316,instagram,zaneriley,3,twitter,zaneriley,simple_name_prefix3:zan,0.94,1.1,1.0,1.0,0.0
7246,instagram,healthyaddict,3,twitter,healthyaddict,simple_name_prefix3:hea,0.94,1.1,1.0,1.0,0.0
6215,instagram,sbolen,3,twitter,sbolen,simple_name_prefix3:sbo,0.94,1.1,1.0,1.0,0.0
7349,instagram,barneyallen,3,twitter,barneyallen,simple_name_prefix3:bar,0.94,1.1,1.0,1.0,0.0
8018,instagram,colinlord,3,twitter,colinlord,simple_name_prefix3:col,0.94,1.1,1.0,1.0,0.0
8865,instagram,healtheugene,3,twitter,healtheugene,simple_name_prefix3:hea,0.94,1.1,1.0,1.0,0.0
6245,instagram,shadowfoot,3,twitter,shadowfoot,simple_name_prefix3:sha,0.94,1.1,1.0,1.0,0.0
12821,instagram,robkrueger,3,twitter,robkrueger,simple_name_prefix3:rob,0.94,1.1,1.0,1.0,0.0
14125,instagram,waynejagoe,3,twitter,waynejagoe,simple_name_prefix3:way,0.94,1.1,1.0,1.0,0.0
6253,instagram,shantesh,3,twitter,shantesh,simple_name_prefix3:sha,0.94,1.1,1.0,1.0,0.0
5167,instagram,ivetastic,3,twitter,ivetastic,simple_name_prefix3:ive,0.94,1.1,1.0,1.0,0.0
6256,instagram,shaunarmstrong,3,twitter,shaunarmstrong,simple_name_prefix3:sha,0.94,1.1,1.0,1.0,0.0
10193,instagram,joelduggan,3,twitter,joelduggan,simple_name_prefix3:joe,0.94,1.1,1.0,1.0,0.0
10396,instagram,jrsowash,3,twitter,jrsowash,simple_name_prefix3:jrs,0.94,1.1,1.0,1.0,0.0
8023,instagram,colinrusso,3,twitter,colinrusso,simple_name_prefix3:col,0.94,1.1,1.0,1.0,0.0
4696,instagram,damiancorbet,3,twitter,damiancorbet,simple_name_prefix3:dam,0.94,1.1,1.0,1.0,0.0
4698,instagram,damiankoh,3,twitter,damiankoh,simple_name_prefix3:dam,0.94,1.1,1.0,1.0,0.0
12025,instagram,sharonpaxson,3,twitter,sharonpaxson,simple_name_prefix3:sha,0.94,1.1,1.0,1.0,0.0
10461,googleplus,jumpstartbikes,3,twitter,jumpstartbikes,simple_name_prefix3:jum,0.94,1.1,1.0,1.0,0.0
14310,instagram,zackpund,3,twitter,zackpund,simple_name_prefix3:zac,0.94,1.1,1.0,1.0,0.0
9109,instagram,gabetaviano,3,twitter,gabetaviano,simple_name_prefix3:gab,0.94,1.1,1.0,1.0,0.0
8773,instagram,eonsmiami,3,twitter,eonsmiami,simple_name_prefix3:eon,0.94,1.1,1.0,1.0,0.0
6629,instagram,zakwannur,3,twitter,zakwannur,simple_name_prefix3:zak,0.94,1.1,1.0,1.0,0.0
8141,instagram,damienfranco,3,twitter,damienfranco,simple_name_prefix3:dam,0.94,1.1,1.0,1.0,0.0
10184,instagram,ohaijoe,3,twitter,ohaijoe,simple_name_prefix3:oha,0.94,1.1,1.0,1.0,0.0
4213,instagram,aablumer,3,twitter,aablumer,simple_name_prefix3:aab,0.94,1.1,1.0,1.0,0.0
10508,instagram,kamikura,3,twitter,kamikura,simple_name_prefix3:kam,0.94,1.1,1.0,1.0,0.0
6315,instagram,spyn,3,twitter,spyn,simple_name_prefix3:spy,0.94,1.1,1.0,1.0,0.0
13192,instagram,shaicoggins,3,twitter,shaicoggins,simple_name_prefix3:sha,0.94,1.1,1.0,1.0,0.0
6085,instagram,reyalfashion,3,twitter,reyalfashion,simple_name_prefix3:rey,0.94,1.1,1.0,1.0,0.0
13855,instagram,tpagakis,3,twitter,tpagakis,simple_name_prefix3:tpa,0.94,1.1,1.0,1.0,0.0
10595,instagram,kaykluba,3,twitter,kaykluba,simple_name_prefix3:kay,0.94,1.1,1.0,1.0,0.0
10603,instagram,kamitera,3,twitter,kamitera,simple_name_prefix3:kam,0.94,1.1,1.0,1.0,0.0
9471,instagram,heather_torres,3,twitter,heather_torres,simple_name_prefix3:hea,0.94,1.1,1.0,1.0,0.0
3167,googleplus,meelisvill,3,twitter,meelisvill,simple_name_prefix3:mee,0.94,1.1,1.0,1.0,0.0
13202,instagram,shanewalter,3,twitter,shanewalter,simple_name_prefix3:sha,0.94,1.1,1.0,1.0,0.0
5828,instagram,mrfrights,3,twitter,mrfrights,simple_name_prefix3:mrf,0.94,1.1,1.0,1.0,0.0
12507,instagram,powerpoole,3,twitter,powerpoole,simple_name_prefix3:pow,0.94,1.1,1.0,1.0,0.0
10713,instagram,kikomu,3,twitter,kikomu,simple_name_prefix3:kik,0.94,1.1,1.0,1.0,0.0
5480,instagram,kingmobuk,3,twitter,kingmobuk,simple_name_prefix3:kin,0.94,1.1,1.0,1.0,0.0
14306,instagram,zacherock,3,twitter,zacherock,simple_name_prefix3:zac,0.94,1.1,1.0,1.0,0.0
8017,googleplus,codytatman,8017,instagram,codytatman,simple_name_prefix3:cod,0.94,1.1,1.0,1.0,0.0
10856,instagram,landonhaston,3,twitter,landonhaston,simple_name_prefix3:lan,0.94,1.1,1.0,1.0,0.0
9711,instagram,itspablotime,3,twitter,itspablotime,simple_name_prefix3:its,0.94,1.1,1.0,1.0,0.0
10731,instagram,kingjn,3,twitter,kingjn,simple_name_prefix3:kin,0.94,1.1,1.0,1.0,0.0
5001,instagram,fripp,3,twitter,fripp,simple_name_prefix3:fri,0.94,1.1,1.0,1.0,0.0
7610,instagram,bcdady,3,twitter,bcdady,simple_name_prefix3:bcd,0.94,1.1,1.0,1.0,0.0
13208,instagram,shannonrlittle,3,twitter,shannonrlittle,simple_name_prefix3:sha,0.94,1.1,1.0,1.0,0.0
9755,instagram,jaenarae,3,twitter,jaenarae,simple_name_prefix3:jae,0.94,1.1,1.0,1.0,0.0
13214,instagram,sharin_sg,3,twitter,sharin_sg,simple_name_prefix3:sha,0.94,1.1,1.0,1.0,0.0
13215,instagram,sharonlflynn,3,twitter,sharonlflynn,simple_name_prefix3:sha,0.94,1.1,1.0,1.0,0.0
10017,instagram,jensissel,3,twitter,jensissel,simple_name_prefix3:jen,0.94,1.1,1.0,1.0,0.0
13219,instagram,shashikant86,3,twitter,shashikant86,simple_name_prefix3:sha,0.94,1.1,1.0,1.0,0.0
4672,instagram,connersherline,3,twitter,connersherline,simple_name_prefix3:con,0.94,1.1,1.0,1.0,0.0
12028,instagram,nfremd,3,twitter,nfremd,simple_name_prefix3:nfr,0.94,1.1,1.0,1.0,0.0
12029,instagram,nfxus,3,twitter,nfxus,simple_name_prefix3:nfx,0.94,1.1,1.0,1.0,0.0
5395,instagram,juanisaza,3,twitter,juanisaza,simple_name_prefix3:jua,0.94,1.1,1.0,1.0,0.0
8029,instagram,condottasuite14,3,twitter,condottasuite14,simple_name_prefix3:con,0.94,1.1,1.0,1.0,0.0
10267,instagram,klaptrap,3,twitter,klaptrap,simple_name_prefix3:kla,0.94,1.1,1.0,1.0,0.0
8777,instagram,ercanzengin,3,twitter,ercanzengin,simple_name_prefix3:erc,0.94,1.1,1.0,1.0,0.0
5202,instagram,jamie_russell,3,twitter,jamie_russell,simple_name_prefix3:jam,0.94,1.1,1.0,1.0,0.0
12103,instagram,nmcglynn,3,twitter,nmcglynn,simple_name_prefix3:nmc,0.94,1.1,1.0,1.0,0.0
12117,instagram,nruuth,3,twitter,nruuth,simple_name_prefix3:nru,0.94,1.1,1.0,1.0,0.0
5580,instagram,lisadevaney,3,twitter,lisadevaney,simple_name_prefix3:lis,0.94,1.1,1.0,1.0,0.0
8031,instagram,conorgilmer,3,twitter,conorgilmer,simple_name_prefix3:con,0.94,1.1,1.0,1.0,0.0
12130,instagram,nrturner,3,twitter,nrturner,simple_name_prefix3:nrt,0.94,1.1,1.0,1.0,0.0
12131,instagram,nscalice,3,twitter,nscalice,simple_name_prefix3:nsc,0.94,1.1,1.0,1.0,0.0
9868,instagram,jasonmcsteen,3,twitter,jasonmcsteen,simple_name_prefix3:jas,0.94,1.1,1.0,1.0,0.0
5583,instagram,lisasamples,3,twitter,lisasamples,simple_name_prefix3:lis,0.94,1.1,1.0,1.0,0.0
10156,instagram,jmnish,3,twitter,jmnish,simple_name_prefix3:jmn,0.94,1.1,1.0,1.0,0.0
4758,instagram,notsolinear,3,twitter,notsolinear,simple_name_prefix3:not,0.94,1.1,1.0,1.0,0.0
11764,instagram,bindermichi,3,twitter,bindermichi,simple_name_prefix3:bin,0.94,1.1,1.0,1.0,0.0
10157,instagram,jmorganimages,3,twitter,jmorganimages,simple_name_prefix3:jmo,0.94,1.1,1.0,1.0,0.0
5926,instagram,notagrouch,3,twitter,notagrouch,simple_name_prefix3:not,0.94,1.1,1.0,1.0,0.0
4477,instagram,landaumedia,3,twitter,landaumedia,simple_name_prefix3:lan,0.94,1.1,1.0,1.0,0.0
5249,instagram,jeffreybetts,3,twitter,jeffreybetts,simple_name_prefix3:jef,0.94,1.1,1.0,1.0,0.0
6355,instagram,beingsuplab,3,twitter,beingsuplab,simple_name_prefix3:bei,0.94,1.1,1.0,1.0,0.0
12338,instagram,lanzelot13,3,twitter,lanzelot13,simple_name_prefix3:lan,0.94,1.1,1.0,1.0,0.0
10906,instagram,lawandalha,3,twitter,lawandalha,simple_name_prefix3:law,0.94,1.1,1.0,1.0,0.0
7949,instagram,lecielazure,3,twitter,lecielazure,simple_name_prefix3:lec,0.94,1.1,1.0,1.0,0.0
4979,instagram,flux423,3,twitter,flux423,simple_name_prefix3:flu,0.94,1.1,1.0,1.0,0.0
11077,instagram,lotuscarroll,3,twitter,lotuscarroll,simple_name_prefix3:lot,0.94,1.1,1.0,1.0,0.0
11165,instagram,lynnwallenstein,3,twitter,lynnwallenstein,simple_name_prefix3:lyn,0.94,1.1,1.0,1.0,0.0
11170,instagram,mabosekina,3,twitter,mabosekina,simple_name_prefix3:mab,0.94,1.1,1.0,1.0,0.0
11187,instagram,maeghansmulders,3,twitter,maeghansmulders,simple_name_prefix3:mae,0.94,1.1,1.0,1.0,0.0
4631,instagram,chrisfullman,3,twitter,chrisfullman,simple_name_prefix3:chr,0.94,1.1,1.0,1.0,0.0
4636,instagram,chrisplough,3,twitter,chrisplough,simple_name_prefix3:chr,0.94,1.1,1.0,1.0,0.0
9108,instagram,gabeshaughnessy,3,twitter,gabeshaughnessy,simple_name_prefix3:gab,0.94,1.1,1.0,1.0,0.0
4643,instagram,christykramer,3,twitter,christykramer,simple_name_prefix3:chr,0.94,1.1,1.0,1.0,0.0
9536,instagram,homersapien619,3,twitter,homersapien619,simple_name_prefix3:hom,0.94,1.1,1.0,1.0,0.0
5639,instagram,mainemisrin,3,twitter,mainemisrin,simple_name_prefix3:mai,0.94,1.1,1.0,1.0,0.0
2954,googleplus,lneconsulting,3,twitter,lneconsulting,simple_name_prefix3:lne,0.94,1.1,1.0,1.0,0.0
9873,instagram,jasonrjohnston,3,twitter,jasonrjohnston,simple_name_prefix3:jas,0.94,1.1,1.0,1.0,0.0
5592,instagram,lopongoaca,3,twitter,lopongoaca,simple_name_prefix3:lop,0.94,1.1,1.0,1.0,0.0
9239,instagram,suuperg,3,twitter,suuperg,simple_name_prefix3:suu,0.94,1.1,1.0,1.0,0.0
9875,instagram,jasonwstanley,3,twitter,jasonwstanley,simple_name_prefix3:jas,0.94,1.1,1.0,1.0,0.0
10346,instagram,bethebean66,3,twitter,bethebean66,simple_name_prefix3:bet,0.94,1.1,1.0,1.0,0.0
7092,instagram,karmicangel,3,twitter,karmicangel,simple_name_prefix3:kar,0.94,1.1,1.0,1.0,0.0
6239,instagram,sethkcain,3,twitter,sethkcain,simple_name_prefix3:set,0.94,1.1,1.0,1.0,0.0
14291,instagram,yusufchowdhury,3,twitter,yusufchowdhury,simple_name_prefix3:yus,0.94,1.1,1.0,1.0,0.0
6620,instagram,zaana,3,twitter,zaana,simple_name_prefix3:zaa,0.94,1.1,1.0,1.0,0.0
5185,instagram,jakejarvis,3,twitter,jakejarvis,simple_name_prefix3:jak,0.94,1.1,1.0,1.0,0.0
6622,instagram,zachacole,3,twitter,zachacole,simple_name_prefix3:zac,0.94,1.1,1.0,1.0,0.0
10056,instagram,jessewright,3,twitter,jessewright,simple_name_prefix3:jes,0.94,1.1,1.0,1.0,0.0
7131,instagram,coskills,3,twitter,coskills,simple_name_prefix3:cos,0.94,1.1,1.0,1.0,0.0
7859,instagram,chriscree,3,twitter,chriscree,simple_name_prefix3:chr,0.94,1.1,1.0,1.0,0.0
7861,instagram,chrisldiaz,3,twitter,chrisldiaz,simple_name_prefix3:chr,0.94,1.1,1.0,1.0,0.0
9346,instagram,gudel803,3,twitter,gudel803,simple_name_prefix3:gud,0.94,1.1,1.0,1.0,0.0
10521,instagram,karidbn,3,twitter,karidbn,simple_name_prefix3:kar,0.94,1.1,1.0,1.0,0.0
9114,instagram,gabrielalouren,3,twitter,gabrielalouren,simple_name_prefix3:gab,0.94,1.1,1.0,1.0,0.0
8051,googleplus,courtneytincher,8051,instagram,courtneytincher,simple_name_prefix3:cou,0.94,1.1,1.0,1.0,0.0
6633,instagram,zacksyl,3,twitter,zacksyl,simple_name_prefix3:zac,0.94,1.1,1.0,1.0,0.0
14303,instagram,zachancell,3,twitter,zachancell,simple_name_prefix3:zac,0.94,1.1,1.0,1.0,0.0
9119,instagram,gabrielravarini,3,twitter,gabrielravarini,simple_name_prefix3:gab,0.94,1.1,1.0,1.0,0.0
6957,instagram,furiouslymandy,3,twitter,furiouslymandy,simple_name_prefix3:fur,0.94,1.1,1.0,1.0,0.0
9982,instagram,jeffwaldmanhr,3,twitter,jeffwaldmanhr,simple_name_prefix3:jef,0.94,1.1,1.0,1.0,0.0
4627,instagram,chrisbaglieri,3,twitter,chrisbaglieri,simple_name_prefix3:chr,0.94,1.1,1.0,1.0,0.0
7866,instagram,chrisgachot,3,twitter,chrisgachot,simple_name_prefix3:chr,0.94,1.1,1.0,1.0,0.0
10600,instagram,kazarnowicz,3,twitter,kazarnowicz,simple_name_prefix3:kaz,0.94,1.1,1.0,1.0,0.0
8059,instagram,crahrig,3,twitter,crahrig,simple_name_prefix3:cra,0.94,1.1,1.0,1.0,0.0
10417,instagram,juanjobrizuela,3,twitter,juanjobrizuela,simple_name_prefix3:jua,0.94,1.1,1.0,1.0,0.0
10424,instagram,juanramar,3,twitter,juanramar,simple_name_prefix3:jua,0.94,1.1,1.0,1.0,0.0
10527,instagram,kariemitchell,3,twitter,kariemitchell,simple_name_prefix3:kar,0.94,1.1,1.0,1.0,0.0
8004,instagram,cresanneclyde,3,twitter,cresanneclyde,simple_name_prefix3:cre,0.94,1.1,1.0,1.0,0.0
5999,instagram,pinkytwinkieee,3,twitter,pinkytwinkieee,simple_name_prefix3:pin,0.94,1.1,1.0,1.0,0.0
12601,instagram,flarb,3,twitter,flarb,simple_name_prefix3:fla,0.94,1.1,1.0,1.0,0.0
12467,instagram,pinkcakebox,3,twitter,pinkcakebox,simple_name_prefix3:pin,0.94,1.1,1.0,1.0,0.0
8757,instagram,emtype,3,twitter,emtype,simple_name_prefix3:emt,0.94,1.1,1.0,1.0,0.0
7851,instagram,chrisastall,3,twitter,chrisastall,simple_name_prefix3:chr,0.94,1.1,1.0,1.0,0.0
9132,instagram,galoeh11,3,twitter,galoeh11,simple_name_prefix3:gal,0.94,1.1,1.0,1.0,0.0
13539,instagram,svil3,3,twitter,svil3,simple_name_prefix3:svi,0.94,1.1,1.0,1.0,0.0
8061,instagram,craigbruce,3,twitter,craigbruce,simple_name_prefix3:cra,0.94,1.1,1.0,1.0,0.0
8758,instagram,enathu,3,twitter,enathu,simple_name_prefix3:ena,0.94,1.1,1.0,1.0,0.0
14155,instagram,whatupwally,3,twitter,whatupwally,simple_name_prefix3:wha,0.94,1.1,1.0,1.0,0.0
4783,instagram,garagewineco,3,twitter,garagewineco,simple_name_prefix3:gar,0.94,1.1,1.0,1.0,0.0
11909,instagram,mvalencaa,3,twitter,mvalencaa,simple_name_prefix3:mva,0.94,1.1,1.0,1.0,0.0
11525,instagram,mbeo,3,twitter,mbeo,simple_name_prefix3:mbe,0.94,1.1,1.0,1.0,0.0
11922,instagram,mzaritheny,3,twitter,mzaritheny,simple_name_prefix3:mza,0.94,1.1,1.0,1.0,0.0
8064,instagram,craigdesmarais,3,twitter,craigdesmarais,simple_name_prefix3:cra,0.94,1.1,1.0,1.0,0.0
11802,instagram,mbernier,3,twitter,mbernier,simple_name_prefix3:mbe,0.94,1.1,1.0,1.0,0.0
5007,instagram,fursid,3,twitter,fursid,simple_name_prefix3:fur,0.94,1.1,1.0,1.0,0.0
11985,instagram,sdrawthgir,3,twitter,sdrawthgir,simple_name_prefix3:sdr,0.94,1.1,1.0,1.0,0.0
5840,instagram,mutemuse,3,twitter,mutemuse,simple_name_prefix3:mut,0.94,1.1,1.0,1.0,0.0
11998,instagram,ncooprider,3,twitter,ncooprider,simple_name_prefix3:nco,0.94,1.1,1.0,1.0,0.0
11999,instagram,ndarwish,3,twitter,ndarwish,simple_name_prefix3:nda,0.94,1.1,1.0,1.0,0.0
12002,instagram,ndundupan,3,twitter,ndundupan,simple_name_prefix3:ndu,0.94,1.1,1.0,1.0,0.0
5721,instagram,mcfontaine,3,twitter,mcfontaine,simple_name_prefix3:mcf,0.94,1.1,1.0,1.0,0.0
5117,instagram,iamaaronmartin,3,twitter,iamaaronmartin,simple_name_prefix3:iam,0.94,1.1,1.0,1.0,0.0
4920,instagram,eriksellgren,3,twitter,eriksellgren,simple_name_prefix3:eri,0.94,1.1,1.0,1.0,0.0
6934,instagram,mcleodal,3,twitter,mcleodal,simple_name_prefix3:mcl,0.94,1.1,1.0,1.0,0.0
5344,instagram,meaningbusiness,3,twitter,meaningbusiness,simple_name_prefix3:mea,0.94,1.1,1.0,1.0,0.0
6746,instagram,agentsteph,3,twitter,agentsteph,simple_name_prefix3:age,0.94,1.1,1.0,1.0,0.0
10529,instagram,karimkhan8,3,twitter,karimkhan8,simple_name_prefix3:kar,0.94,1.1,1.0,1.0,0.0
5258,instagram,fiery_jennyrose,3,twitter,fiery_jennyrose,simple_name_prefix3:fie,0.94,1.1,1.0,1.0,0.0
7882,instagram,chrisparkin,3,twitter,chrisparkin,simple_name_prefix3:chr,0.94,1.1,1.0,1.0,0.0
9140,instagram,garretkeogh,3,twitter,garretkeogh,simple_name_prefix3:gar,0.94,1.1,1.0,1.0,0.0
9141,instagram,garthdb,3,twitter,garthdb,simple_name_prefix3:gar,0.94,1.1,1.0,1.0,0.0
7883,instagram,chrispenny,3,twitter,chrispenny,simple_name_prefix3:chr,0.94,1.1,1.0,1.0,0.0
4243,instagram,msadriennec,3,twitter,msadriennec,simple_name_prefix3:msa,0.94,1.1,1.0,1.0,0.0
5813,instagram,moaljasmi,3,twitter,moaljasmi,simple_name_prefix3:moa,0.94,1.1,1.0,1.0,0.0
10530,instagram,karineardault,3,twitter,karineardault,simple_name_prefix3:kar,0.94,1.1,1.0,1.0,0.0
12001,instagram,ndstrupler,3,twitter,ndstrupler,simple_name_prefix3:nds,0.94,1.1,1.0,1.0,0.0
7237,instagram,asbjornu,3,twitter,asbjornu,simple_name_prefix3:asb,0.94,1.1,1.0,1.0,0.0
4684,instagram,creativealex,3,twitter,creativealex,simple_name_prefix3:cre,0.94,1.1,1.0,1.0,0.0
11812,instagram,moawesomesauce,3,twitter,moawesomesauce,simple_name_prefix3:moa,0.94,1.1,1.0,1.0,0.0
7928,instagram,christophersisk,3,twitter,christophersisk,simple_name_prefix3:chr,0.94,1.1,1.0,1.0,0.0
11829,instagram,mollahasani,3,twitter,mollahasani,simple_name_prefix3:mol,0.94,1.1,1.0,1.0,0.0
7755,instagram,creeseworks,3,twitter,creeseworks,simple_name_prefix3:cre,0.94,1.1,1.0,1.0,0.0
11870,instagram,mrjamesnoble,3,twitter,mrjamesnoble,simple_name_prefix3:mrj,0.94,1.1,1.0,1.0,0.0
12383,instagram,penarodrigo,3,twitter,penarodrigo,simple_name_prefix3:pen,0.94,1.1,1.0,1.0,0.0
12693,instagram,rensegeorge,3,twitter,rensegeorge,simple_name_prefix3:ren,0.94,1.1,1.0,1.0,0.0
11906,instagram,muzfrancis,3,twitter,muzfrancis,simple_name_prefix3:muz,0.94,1.1,1.0,1.0,0.0
14351,instagram,jjbaybee,3,twitter,jjbaybee,simple_name_prefix3:jjb,0.94,1.1,1.0,1.0,0.0
11930,instagram,nachoserrano,3,twitter,nachoserrano,simple_name_prefix3:nac,0.94,1.1,1.0,1.0,0.0
9900,instagram,jaybhai,3,twitter,jaybhai,simple_name_prefix3:jay,0.94,1.1,1.0,1.0,0.0
3186,googleplus,micahphillips,3,twitter,micahphillips,simple_name_prefix3:mic,0.94,1.1,1.0,1.0,0.0
10135,instagram,jkdesignarts,3,twitter,jkdesignarts,simple_name_prefix3:jkd,0.94,1.1,1.0,1.0,0.0
7906,instagram,christie_lazo,3,twitter,christie_lazo,simple_name_prefix3:chr,0.94,1.1,1.0,1.0,0.0
10145,instagram,jl_redondo,3,twitter,jl_redondo,simple_name_prefix3:jl_,0.94,1.1,1.0,1.0,0.0
10150,instagram,jmcarlyle,3,twitter,jmcarlyle,simple_name_prefix3:jmc,0.94,1.1,1.0,1.0,0.0
7457,instagram,cutrer,3,twitter,cutrer,simple_name_prefix3:cut,0.94,1.1,1.0,1.0,0.0
5858,instagram,nas2lor,3,twitter,nas2lor,simple_name_prefix3:nas,0.94,1.1,1.0,1.0,0.0
12197,instagram,optimusdag,3,twitter,optimusdag,simple_name_prefix3:opt,0.94,1.1,1.0,1.0,0.0
5920,instagram,orgutcayli,3,twitter,orgutcayli,simple_name_prefix3:org,0.94,1.1,1.0,1.0,0.0
10410,instagram,juanbenitez,3,twitter,juanbenitez,simple_name_prefix3:jua,0.94,1.1,1.0,1.0,0.0
7283,instagram,augschburger,3,twitter,augschburger,simple_name_prefix3:aug,0.94,1.1,1.0,1.0,0.0
4915,instagram,ericgrajo,3,twitter,ericgrajo,simple_name_prefix3:eri,0.94,1.1,1.0,1.0,0.0
10063,instagram,jesstobrazil,3,twitter,jesstobrazil,simple_name_prefix3:jes,0.94,1.1,1.0,1.0,0.0
10014,instagram,jennyweigle,3,twitter,jennyweigle,simple_name_prefix3:jen,0.94,1.1,1.0,1.0,0.0
5190,instagram,jamesbuck,3,twitter,jamesbuck,simple_name_prefix3:jam,0.94,1.1,1.0,1.0,0.0
11625,instagram,michaelarkins,3,twitter,michaelarkins,simple_name_prefix3:mic,0.94,1.1,1.0,1.0,0.0
8789,instagram,ericbobmyers,3,twitter,ericbobmyers,simple_name_prefix3:eri,0.94,1.1,1.0,1.0,0.0
11628,instagram,michaelsb,3,twitter,michaelsb,simple_name_prefix3:mic,0.94,1.1,1.0,1.0,0.0
5192,instagram,jamescolman,3,twitter,jamescolman,simple_name_prefix3:jam,0.94,1.1,1.0,1.0,0.0
7917,instagram,christoferclaro,3,twitter,christoferclaro,simple_name_prefix3:chr,0.94,1.1,1.0,1.0,0.0
5194,instagram,jamesmellor,3,twitter,jamesmellor,simple_name_prefix3:jam,0.94,1.1,1.0,1.0,0.0
12082,instagram,niiabbey,3,twitter,niiabbey,simple_name_prefix3:nii,0.94,1.1,1.0,1.0,0.0
6516,instagram,venerandamora,3,twitter,venerandamora,simple_name_prefix3:ven,0.94,1.1,1.0,1.0,0.0
5197,instagram,jamesridgway,3,twitter,jamesridgway,simple_name_prefix3:jam,0.94,1.1,1.0,1.0,0.0
10542,instagram,karltonutter,3,twitter,karltonutter,simple_name_prefix3:kar,0.94,1.1,1.0,1.0,0.0
11806,instagram,mlletravelista,3,twitter,mlletravelista,simple_name_prefix3:mll,0.94,1.1,1.0,1.0,0.0
11808,instagram,mlucasx,3,twitter,mlucasx,simple_name_prefix3:mlu,0.94,1.1,1.0,1.0,0.0
12386,instagram,penzonator,3,twitter,penzonator,simple_name_prefix3:pen,0.94,1.1,1.0,1.0,0.0
11810,instagram,mmskrzyp,3,twitter,mmskrzyp,simple_name_prefix3:mms,0.94,1.1,1.0,1.0,0.0
11873,instagram,mrlosik,3,twitter,mrlosik,simple_name_prefix3:mrl,0.94,1.1,1.0,1.0,0.0
5179,instagram,oneheartmind,3,twitter,oneheartmind,simple_name_prefix3:one,0.94,1.1,1.0,1.0,0.0
11878,instagram,unklesteve,3,twitter,unklesteve,simple_name_prefix3:unk,0.94,1.1,1.0,1.0,0.0
11884,instagram,msitarzewski,3,twitter,msitarzewski,simple_name_prefix3:msi,0.94,1.1,1.0,1.0,0.0
11885,instagram,msjuliars,3,twitter,msjuliars,simple_name_prefix3:msj,0.94,1.1,1.0,1.0,0.0
11887,instagram,mspirek,3,twitter,mspirek,simple_name_prefix3:msp,0.94,1.1,1.0,1.0,0.0
7933,instagram,chriswejr,3,twitter,chriswejr,simple_name_prefix3:chr,0.94,1.1,1.0,1.0,0.0
5357,instagram,imnotjk,3,twitter,imnotjk,simple_name_prefix3:imn,0.94,1.1,1.0,1.0,0.0
13120,instagram,scrappinmichele,3,twitter,scrappinmichele,simple_name_prefix3:scr,0.94,1.1,1.0,1.0,0.0
10546,instagram,kartika9,3,twitter,kartika9,simple_name_prefix3:kar,0.94,1.1,1.0,1.0,0.0
8799,instagram,erichradstake,3,twitter,erichradstake,simple_name_prefix3:eri,0.94,1.1,1.0,1.0,0.0
13121,instagram,scribaid,3,twitter,scribaid,simple_name_prefix3:scr,0.94,1.1,1.0,1.0,0.0
12242,instagram,pabloolmeda,3,twitter,pabloolmeda,simple_name_prefix3:pab,0.94,1.1,1.0,1.0,0.0
7441,instagram,esperanza4hire,3,twitter,esperanza4hire,simple_name_prefix3:esp,0.94,1.1,1.0,1.0,0.0
9072,instagram,flandqvist,3,twitter,flandqvist,simple_name_prefix3:fla,0.94,1.1,1.0,1.0,0.0
12387,googleplus,pepecuesta,12387,instagram,pepecuesta,simple_name_prefix3:pep,0.94,1.1,1.0,1.0,0.0
10725,instagram,kimisharp,3,twitter,kimisharp,simple_name_prefix3:kim,0.94,1.1,1.0,1.0,0.0
12516,instagram,presljf,3,twitter,presljf,simple_name_prefix3:pre,0.94,1.1,1.0,1.0,0.0
12518,instagram,prestonpardy,3,twitter,prestonpardy,simple_name_prefix3:pre,0.94,1.1,1.0,1.0,0.0
4518,instagram,boltron,3,twitter,boltron,simple_name_prefix3:bol,0.94,1.1,1.0,1.0,0.0
10811,instagram,karinakaos,3,twitter,karinakaos,simple_name_prefix3:kar,0.94,1.1,1.0,1.0,0.0
12536,instagram,punzoo,3,twitter,punzoo,simple_name_prefix3:pun,0.94,1.1,1.0,1.0,0.0
7505,instagram,boostventilator,3,twitter,boostventilator,simple_name_prefix3:boo,0.94,1.1,1.0,1.0,0.0
12539,googleplus,putuebo,12539,instagram,putuebo,simple_name_prefix3:put,0.94,1.1,1.0,1.0,0.0
6024,instagram,princeboucher,3,twitter,princeboucher,simple_name_prefix3:pri,0.94,1.1,1.0,1.0,0.0
11641,instagram,michaelgodfre,3,twitter,michaelgodfre,simple_name_prefix3:mic,0.94,1.1,1.0,1.0,0.0
12539,googleplus,putuebo,3,twitter,putuebo,simple_name_prefix3:put,0.94,1.1,1.0,1.0,0.0
9903,instagram,jaycorcoran,3,twitter,jaycorcoran,simple_name_prefix3:jay,0.94,1.1,1.0,1.0,0.0
6114,instagram,rashford,3,twitter,rashford,simple_name_prefix3:ras,0.94,1.1,1.0,1.0,0.0
6065,instagram,ratkob,3,twitter,ratkob,simple_name_prefix3:rat,0.94,1.1,1.0,1.0,0.0
8809,instagram,ericttung,3,twitter,ericttung,simple_name_prefix3:eri,0.94,1.1,1.0,1.0,0.0
12630,instagram,ratamala,3,twitter,ratamala,simple_name_prefix3:rat,0.94,1.1,1.0,1.0,0.0
7603,instagram,brunnocamara,3,twitter,brunnocamara,simple_name_prefix3:bru,0.94,1.1,1.0,1.0,0.0
11645,instagram,michaeljdennis,3,twitter,michaeljdennis,simple_name_prefix3:mic,0.94,1.1,1.0,1.0,0.0
12648,instagram,rayhowe,3,twitter,rayhowe,simple_name_prefix3:ray,0.94,1.1,1.0,1.0,0.0
10043,instagram,jeromiewilliams,3,twitter,jeromiewilliams,simple_name_prefix3:jer,0.94,1.1,1.0,1.0,0.0
7608,instagram,brunopino66,3,twitter,brunopino66,simple_name_prefix3:bru,0.94,1.1,1.0,1.0,0.0
12521,instagram,princessmarthad,3,twitter,princessmarthad,simple_name_prefix3:pri,0.94,1.1,1.0,1.0,0.0
11425,instagram,michaelmase,3,twitter,michaelmase,simple_name_prefix3:mic,0.94,1.1,1.0,1.0,0.0
5229,instagram,jennypdx,3,twitter,jennypdx,simple_name_prefix3:jen,0.94,1.1,1.0,1.0,0.0
12649,instagram,raymondsiii,3,twitter,raymondsiii,simple_name_prefix3:ray,0.94,1.1,1.0,1.0,0.0
12993,instagram,salvietta150x40,3,twitter,salvietta150x40,simple_name_prefix3:sal,0.94,1.1,1.0,1.0,0.0
7650,instagram,rmcaiuby,3,twitter,rmcaiuby,simple_name_prefix3:rmc,0.94,1.1,1.0,1.0,0.0
12714,instagram,rhymestyle,3,twitter,rhymestyle,simple_name_prefix3:rhy,0.94,1.1,1.0,1.0,0.0
7532,instagram,bradyocallahan,3,twitter,bradyocallahan,simple_name_prefix3:bra,0.94,1.1,1.0,1.0,0.0
12509,instagram,ppratik96,3,twitter,ppratik96,simple_name_prefix3:ppr,0.94,1.1,1.0,1.0,0.0
10210,instagram,joewoolworth,3,twitter,joewoolworth,simple_name_prefix3:joe,0.94,1.1,1.0,1.0,0.0
10212,instagram,joeyfeith,3,twitter,joeyfeith,simple_name_prefix3:joe,0.94,1.1,1.0,1.0,0.0
5337,instagram,johnscottdixon,3,twitter,johnscottdixon,simple_name_prefix3:joh,0.94,1.1,1.0,1.0,0.0
4850,instagram,drpoulette,3,twitter,drpoulette,simple_name_prefix3:drp,0.94,1.1,1.0,1.0,0.0
10335,instagram,joemanna,3,twitter,joemanna,simple_name_prefix3:joe,0.94,1.1,1.0,1.0,0.0
6130,instagram,rolivares,3,twitter,rolivares,simple_name_prefix3:rol,0.94,1.1,1.0,1.0,0.0
6182,instagram,salvarc,3,twitter,salvarc,simple_name_prefix3:sal,0.94,1.1,1.0,1.0,0.0
10228,instagram,johndezember,3,twitter,johndezember,simple_name_prefix3:joh,0.94,1.1,1.0,1.0,0.0
5327,instagram,johnbulmer,3,twitter,johnbulmer,simple_name_prefix3:joh,0.94,1.1,1.0,1.0,0.0
10545,instagram,stylizacje,3,twitter,stylizacje,simple_name_prefix3:sty,0.94,1.1,1.0,1.0,0.0
4748,instagram,dcarr622,3,twitter,dcarr622,simple_name_prefix3:dca,0.94,1.1,1.0,1.0,0.0
7368,instagram,bdosono,3,twitter,bdosono,simple_name_prefix3:bdo,0.94,1.1,1.0,1.0,0.0
7403,instagram,bvenj,3,twitter,bvenj,simple_name_prefix3:bve,0.94,1.1,1.0,1.0,0.0
12972,instagram,sachaqs,3,twitter,sachaqs,simple_name_prefix3:sac,0.94,1.1,1.0,1.0,0.0
7492,instagram,bmcd67,3,twitter,bmcd67,simple_name_prefix3:bmc,0.94,1.1,1.0,1.0,0.0
10232,instagram,johnkaminski,3,twitter,johnkaminski,simple_name_prefix3:joh,0.94,1.1,1.0,1.0,0.0
10237,instagram,johnmischief,3,twitter,johnmischief,simple_name_prefix3:joh,0.94,1.1,1.0,1.0,0.0
10240,instagram,johnnymetro,3,twitter,johnnymetro,simple_name_prefix3:joh,0.94,1.1,1.0,1.0,0.0
12909,instagram,roxnews,3,twitter,roxnews,simple_name_prefix3:rox,0.94,1.1,1.0,1.0,0.0
7322,instagram,azntaiji,3,twitter,azntaiji,simple_name_prefix3:azn,0.94,1.1,1.0,1.0,0.0
12465,instagram,pigoni,3,twitter,pigoni,simple_name_prefix3:pig,0.94,1.1,1.0,1.0,0.0
6553,instagram,wahnish,3,twitter,wahnish,simple_name_prefix3:wah,0.94,1.1,1.0,1.0,0.0
6678,instagram,abo1bs,3,twitter,abo1bs,simple_name_prefix3:abo,0.94,1.1,1.0,1.0,0.0
14105,instagram,wadegriffith,3,twitter,wadegriffith,simple_name_prefix3:wad,0.94,1.1,1.0,1.0,0.0
6379,instagram,tattfoo,3,twitter,tattfoo,simple_name_prefix3:tat,0.94,1.1,1.0,1.0,0.0
4410,instagram,archmemory,3,twitter,archmemory,simple_name_prefix3:arc,0.94,1.1,1.0,1.0,0.0
4689,instagram,cullaloe,3,twitter,cullaloe,simple_name_prefix3:cul,0.94,1.1,1.0,1.0,0.0
8100,instagram,culturalsavage,3,twitter,culturalsavage,simple_name_prefix3:cul,0.94,1.1,1.0,1.0,0.0
5195,instagram,joliveiraphoto,3,twitter,joliveiraphoto,simple_name_prefix3:jol,0.94,1.1,1.0,1.0,0.0
10259,googleplus,joleenenaylor,10259,instagram,joleenenaylor,simple_name_prefix3:jol,0.94,1.1,1.0,1.0,0.0
4411,instagram,arconic,3,twitter,arconic,simple_name_prefix3:arc,0.94,1.1,1.0,1.0,0.0
10315,instagram,jorgevalens,3,twitter,jorgevalens,simple_name_prefix3:jor,0.94,1.1,1.0,1.0,0.0
10293,instagram,jopyrah,3,twitter,jopyrah,simple_name_prefix3:jop,0.94,1.1,1.0,1.0,0.0
10297,instagram,jordanairwave,3,twitter,jordanairwave,simple_name_prefix3:jor,0.94,1.1,1.0,1.0,0.0
7181,instagram,arcreyes,3,twitter,arcreyes,simple_name_prefix3:arc,0.94,1.1,1.0,1.0,0.0
13852,instagram,toshi_it,3,twitter,toshi_it,simple_name_prefix3:tos,0.94,1.1,1.0,1.0,0.0
13926,instagram,intyler_wetrust,3,twitter,intyler_wetrust,simple_name_prefix3:int,0.94,1.1,1.0,1.0,0.0
6991,instagram,heyanabelle,3,twitter,heyanabelle,simple_name_prefix3:hey,0.94,1.1,1.0,1.0,0.0
9507,instagram,heyrui,3,twitter,heyrui,simple_name_prefix3:hey,0.94,1.1,1.0,1.0,0.0
13566,instagram,tahoe58,3,twitter,tahoe58,simple_name_prefix3:tah,0.94,1.1,1.0,1.0,0.0
10307,instagram,jorgeglez84,3,twitter,jorgeglez84,simple_name_prefix3:jor,0.94,1.1,1.0,1.0,0.0
13895,instagram,trishatrixie,3,twitter,trishatrixie,simple_name_prefix3:tri,0.94,1.1,1.0,1.0,0.0
13897,instagram,tristandhall,3,twitter,tristandhall,simple_name_prefix3:tri,0.94,1.1,1.0,1.0,0.0
9009,instagram,fontesfilipe,3,twitter,fontesfilipe,simple_name_prefix3:fon,0.94,1.1,1.0,1.0,0.0
13598,instagram,tatianaavdjiev,3,twitter,tatianaavdjiev,simple_name_prefix3:tat,0.94,1.1,1.0,1.0,0.0
5411,instagram,julio_dx,3,twitter,julio_dx,simple_name_prefix3:jul,0.94,1.1,1.0,1.0,0.0
13624,instagram,tejesn,3,twitter,tejesn,simple_name_prefix3:tej,0.94,1.1,1.0,1.0,0.0
10350,instagram,gibsonjsh,3,twitter,gibsonjsh,simple_name_prefix3:gib,0.94,1.1,1.0,1.0,0.0
10316,instagram,jorgezade,3,twitter,jorgezade,simple_name_prefix3:jor,0.94,1.1,1.0,1.0,0.0
13969,instagram,vishaltx,3,twitter,vishaltx,simple_name_prefix3:vis,0.94,1.1,1.0,1.0,0.0
9673,instagram,intange,3,twitter,intange,simple_name_prefix3:int,0.94,1.1,1.0,1.0,0.0
12977,instagram,safakotur,3,twitter,safakotur,simple_name_prefix3:saf,0.94,1.1,1.0,1.0,0.0
6468,instagram,trinecole,3,twitter,trinecole,simple_name_prefix3:tri,0.94,1.1,1.0,1.0,0.0
7306,instagram,awkingkhan,3,twitter,awkingkhan,simple_name_prefix3:awk,0.94,1.1,1.0,1.0,0.0
6470,instagram,trishbadger,3,twitter,trishbadger,simple_name_prefix3:tri,0.94,1.1,1.0,1.0,0.0
7311,instagram,axiol,3,twitter,axiol,simple_name_prefix3:axi,0.94,1.1,1.0,1.0,0.0
4216,instagram,aaronwenck,3,twitter,aaronwenck,simple_name_prefix3:aar,0.94,1.1,1.0,1.0,0.0
5379,instagram,joyhey,3,twitter,joyhey,simple_name_prefix3:joy,0.94,1.1,1.0,1.0,0.0
6652,instagram,aaronboerger,3,twitter,aaronboerger,simple_name_prefix3:aar,0.94,1.1,1.0,1.0,0.0
10450,instagram,julieodonn,3,twitter,julieodonn,simple_name_prefix3:jul,0.94,1.1,1.0,1.0,0.0
6656,instagram,aarongustafson,3,twitter,aarongustafson,simple_name_prefix3:aar,0.94,1.1,1.0,1.0,0.0
10456,instagram,julioptr,3,twitter,julioptr,simple_name_prefix3:jul,0.94,1.1,1.0,1.0,0.0
7195,instagram,arjantupan,3,twitter,arjantupan,simple_name_prefix3:arj,0.94,1.1,1.0,1.0,0.0
14281,instagram,yowwray,3,twitter,yowwray,simple_name_prefix3:yow,0.94,1.1,1.0,1.0,0.0
5416,instagram,justingsouter,3,twitter,justingsouter,simple_name_prefix3:jus,0.94,1.1,1.0,1.0,0.0
14296,instagram,yvsajay,3,twitter,yvsajay,simple_name_prefix3:yvs,0.94,1.1,1.0,1.0,0.0
10473,instagram,justingiritlian,3,twitter,justingiritlian,simple_name_prefix3:jus,0.94,1.1,1.0,1.0,0.0
14308,instagram,zkouwe,3,twitter,zkouwe,simple_name_prefix3:zko,0.94,1.1,1.0,1.0,0.0
10482,instagram,justinveenema,3,twitter,justinveenema,simple_name_prefix3:jus,0.94,1.1,1.0,1.0,0.0
7257,instagram,asif2bd,3,twitter,asif2bd,simple_name_prefix3:asi,0.94,1.1,1.0,1.0,0.0
14321,instagram,zeechaudhry,3,twitter,zeechaudhry,simple_name_prefix3:zee,0.94,1.1,1.0,1.0,0.0
10496,instagram,kadulima,3,twitter,kadulima,simple_name_prefix3:kad,0.94,1.1,1.0,1.0,0.0
6648,instagram,aalampi,3,twitter,aalampi,simple_name_prefix3:aal,0.94,1.1,1.0,1.0,0.0
10559,instagram,katelynshelby,3,twitter,katelynshelby,simple_name_prefix3:kat,0.94,1.1,1.0,1.0,0.0
7210,instagram,spansar,3,twitter,spansar,simple_name_prefix3:spa,0.94,1.1,1.0,1.0,0.0
12822,instagram,spacemonkeyx,3,twitter,spacemonkeyx,simple_name_prefix3:spa,0.94,1.1,1.0,1.0,0.0
5536,instagram,laurencemadill,3,twitter,laurencemadill,simple_name_prefix3:lau,0.94,1.1,1.0,1.0,0.0
10883,instagram,laughedelic,3,twitter,laughedelic,simple_name_prefix3:lau,0.94,1.1,1.0,1.0,0.0
10580,instagram,katie_collins,3,twitter,katie_collins,simple_name_prefix3:kat,0.94,1.1,1.0,1.0,0.0
11032,instagram,womanlywoman,3,twitter,womanlywoman,simple_name_prefix3:wom,0.94,1.1,1.0,1.0,0.0
7298,instagram,avclubvids,3,twitter,avclubvids,simple_name_prefix3:avc,0.94,1.1,1.0,1.0,0.0
13781,instagram,tmazon,3,twitter,tmazon,simple_name_prefix3:tma,0.94,1.1,1.0,1.0,0.0
10589,instagram,katrinamoody,3,twitter,katrinamoody,simple_name_prefix3:kat,0.94,1.1,1.0,1.0,0.0
10889,instagram,lauramorelliphd,3,twitter,lauramorelliphd,simple_name_prefix3:lau,0.94,1.1,1.0,1.0,0.0
10891,instagram,laurapasquini,3,twitter,laurapasquini,simple_name_prefix3:lau,0.94,1.1,1.0,1.0,0.0
7069,instagram,awlakers,3,twitter,awlakers,simple_name_prefix3:awl,0.94,1.1,1.0,1.0,0.0
5472,instagram,khanartist,3,twitter,khanartist,simple_name_prefix3:kha,0.94,1.1,1.0,1.0,0.0
10629,instagram,kellyhofer,3,twitter,kellyhofer,simple_name_prefix3:kel,0.94,1.1,1.0,1.0,0.0
10634,instagram,kellythul,3,twitter,kellythul,simple_name_prefix3:kel,0.94,1.1,1.0,1.0,0.0
6681,instagram,khalidabuain,3,twitter,khalidabuain,simple_name_prefix3:kha,0.94,1.1,1.0,1.0,0.0
10697,instagram,khagendra13,3,twitter,khagendra13,simple_name_prefix3:kha,0.94,1.1,1.0,1.0,0.0
6804,instagram,akronohiohomes,3,twitter,akronohiohomes,simple_name_prefix3:akr,0.94,1.1,1.0,1.0,0.0
7887,instagram,rockholdkarate,3,twitter,rockholdkarate,simple_name_prefix3:roc,0.94,1.1,1.0,1.0,0.0
12837,instagram,rockjaw,3,twitter,rockjaw,simple_name_prefix3:roc,0.94,1.1,1.0,1.0,0.0
6076,instagram,refinehere,3,twitter,refinehere,simple_name_prefix3:ref,0.94,1.1,1.0,1.0,0.0
10827,instagram,kyleankney,3,twitter,kyleankney,simple_name_prefix3:kyl,0.94,1.1,1.0,1.0,0.0
10800,instagram,kristinereese,3,twitter,kristinereese,simple_name_prefix3:kri,0.94,1.1,1.0,1.0,0.0
10802,instagram,kristinsjohnson,3,twitter,kristinsjohnson,simple_name_prefix3:kri,0.94,1.1,1.0,1.0,0.0
6190,instagram,samvelasquez,3,twitter,samvelasquez,simple_name_prefix3:sam,0.94,1.1,1.0,1.0,0.0
13002,instagram,samcrowther,3,twitter,samcrowther,simple_name_prefix3:sam,0.94,1.1,1.0,1.0,0.0
5514,instagram,kylecesmat,3,twitter,kylecesmat,simple_name_prefix3:kyl,0.94,1.1,1.0,1.0,0.0
5516,instagram,kylekutter,3,twitter,kylekutter,simple_name_prefix3:kyl,0.94,1.1,1.0,1.0,0.0
6745,instagram,elgentscho,3,twitter,elgentscho,simple_name_prefix3:elg,0.94,1.1,1.0,1.0,0.0
10989,instagram,lifeonmobile,3,twitter,lifeonmobile,simple_name_prefix3:lif,0.94,1.1,1.0,1.0,0.0
10990,instagram,liffeman,3,twitter,liffeman,simple_name_prefix3:lif,0.94,1.1,1.0,1.0,0.0
11705,instagram,lifeandsoul,3,twitter,lifeandsoul,simple_name_prefix3:lif,0.94,1.1,1.0,1.0,0.0
6797,instagram,akbarwahyudi,3,twitter,akbarwahyudi,simple_name_prefix3:akb,0.94,1.1,1.0,1.0,0.0
10869,instagram,larryjgalante,3,twitter,larryjgalante,simple_name_prefix3:lar,0.94,1.1,1.0,1.0,0.0
13005,instagram,samfgordon,3,twitter,samfgordon,simple_name_prefix3:sam,0.94,1.1,1.0,1.0,0.0
13010,instagram,samjpullen,3,twitter,samjpullen,simple_name_prefix3:sam,0.94,1.1,1.0,1.0,0.0
6744,instagram,agbear,3,twitter,agbear,simple_name_prefix3:agb,0.94,1.1,1.0,1.0,0.0
10880,instagram,larsvanmaaren,3,twitter,larsvanmaaren,simple_name_prefix3:lar,0.94,1.1,1.0,1.0,0.0
12096,instagram,ninare,3,twitter,ninare,simple_name_prefix3:nin,0.94,1.1,1.0,1.0,0.0
12098,instagram,ninthart,3,twitter,ninthart,simple_name_prefix3:nin,0.94,1.1,1.0,1.0,0.0
6505,instagram,valeriorosso,3,twitter,valeriorosso,simple_name_prefix3:val,0.94,1.1,1.0,1.0,0.0
9644,instagram,larrywestside,3,twitter,larrywestside,simple_name_prefix3:lar,0.94,1.1,1.0,1.0,0.0
6727,instagram,aadrianobarboza,3,twitter,aadrianobarboza,simple_name_prefix3:aad,0.94,1.1,1.0,1.0,0.0
6730,instagram,asnood,3,twitter,asnood,simple_name_prefix3:asn,0.94,1.1,1.0,1.0,0.0
10876,instagram,larsmeller,3,twitter,larsmeller,simple_name_prefix3:lar,0.94,1.1,1.0,1.0,0.0
13985,instagram,valuedmerchants,3,twitter,valuedmerchants,simple_name_prefix3:val,0.94,1.1,1.0,1.0,0.0
7831,instagram,leecherry,3,twitter,leecherry,simple_name_prefix3:lee,0.94,1.1,1.0,1.0,0.0
6703,instagram,wygle,3,twitter,wygle,simple_name_prefix3:wyg,0.94,1.1,1.0,1.0,0.0
10929,instagram,leeharmon,3,twitter,leeharmon,simple_name_prefix3:lee,0.94,1.1,1.0,1.0,0.0
10930,instagram,leehernly,3,twitter,leehernly,simple_name_prefix3:lee,0.94,1.1,1.0,1.0,0.0
10963,instagram,leovigildogomez,3,twitter,leovigildogomez,simple_name_prefix3:leo,0.94,1.1,1.0,1.0,0.0
10949,instagram,leninluna,3,twitter,leninluna,simple_name_prefix3:len,0.94,1.1,1.0,1.0,0.0
5558,instagram,leopoldoroldanp,3,twitter,leopoldoroldanp,simple_name_prefix3:leo,0.94,1.1,1.0,1.0,0.0
9459,instagram,leonamizrahi,3,twitter,leonamizrahi,simple_name_prefix3:leo,0.94,1.1,1.0,1.0,0.0
10954,instagram,leomrco,3,twitter,leomrco,simple_name_prefix3:leo,0.94,1.1,1.0,1.0,0.0
10960,instagram,leonovel,3,twitter,leonovel,simple_name_prefix3:leo,0.94,1.1,1.0,1.0,0.0
11075,instagram,lostdogshome,3,twitter,lostdogshome,simple_name_prefix3:los,0.94,1.1,1.0,1.0,0.0
7376,instagram,beauryan,3,twitter,beauryan,simple_name_prefix3:bea,0.94,1.1,1.0,1.0,0.0
13165,instagram,nolar,3,twitter,nolar,simple_name_prefix3:nol,0.94,1.1,1.0,1.0,0.0
11069,instagram,lorenzozanirato,3,twitter,lorenzozanirato,simple_name_prefix3:lor,0.94,1.1,1.0,1.0,0.0
4474,instagram,beachbumchix,3,twitter,beachbumchix,simple_name_prefix3:bea,0.94,1.1,1.0,1.0,0.0
4476,instagram,beanbenson,3,twitter,beanbenson,simple_name_prefix3:bea,0.94,1.1,1.0,1.0,0.0
5203,instagram,beautychick101,3,twitter,beautychick101,simple_name_prefix3:bea,0.94,1.1,1.0,1.0,0.0
7370,instagram,bearenok,3,twitter,bearenok,simple_name_prefix3:bea,0.94,1.1,1.0,1.0,0.0
7371,instagram,beatesorum,3,twitter,beatesorum,simple_name_prefix3:bea,0.94,1.1,1.0,1.0,0.0
6663,instagram,7bc,3,twitter,7bc,simple_name_prefix3:7bc,0.94,1.1,1.0,1.0,0.0
6679,instagram,absolutbeer,3,twitter,absolutbeer,simple_name_prefix3:abs,0.94,1.1,1.0,1.0,0.0
10974,instagram,lewisevans777,3,twitter,lewisevans777,simple_name_prefix3:lew,0.94,1.1,1.0,1.0,0.0
5593,instagram,lorilyn,3,twitter,lorilyn,simple_name_prefix3:lor,0.94,1.1,1.0,1.0,0.0
11065,instagram,lordsteve,3,twitter,lordsteve,simple_name_prefix3:lor,0.94,1.1,1.0,1.0,0.0
11082,instagram,louissarmiento,3,twitter,louissarmiento,simple_name_prefix3:lou,0.94,1.1,1.0,1.0,0.0
11083,instagram,louistrapani,3,twitter,louistrapani,simple_name_prefix3:lou,0.94,1.1,1.0,1.0,0.0
11088,instagram,lovlesh,3,twitter,lovlesh,simple_name_prefix3:lov,0.94,1.1,1.0,1.0,0.0
11103,instagram,lucacatania,3,twitter,lucacatania,simple_name_prefix3:luc,0.94,1.1,1.0,1.0,0.0
11107,instagram,lucasamura,3,twitter,lucasamura,simple_name_prefix3:luc,0.94,1.1,1.0,1.0,0.0
11108,instagram,lucasartoni,3,twitter,lucasartoni,simple_name_prefix3:luc,0.94,1.1,1.0,1.0,0.0
11109,instagram,lucasbally,3,twitter,lucasbally,simple_name_prefix3:luc,0.94,1.1,1.0,1.0,0.0
9237,instagram,ginarubel,3,twitter,ginarubel,simple_name_prefix3:gin,0.94,1.1,1.0,1.0,0.0
10806,instagram,krolow,3,twitter,krolow,simple_name_prefix3:kro,0.94,1.1,1.0,1.0,0.0
6611,instagram,yogurtsoda,3,twitter,yogurtsoda,simple_name_prefix3:yog,0.94,1.1,1.0,1.0,0.0
14271,instagram,yogasonry,3,twitter,yogasonry,simple_name_prefix3:yog,0.94,1.1,1.0,1.0,0.0
6612,instagram,yokko3604,3,twitter,yokko3604,simple_name_prefix3:yok,0.94,1.1,1.0,1.0,0.0
11118,instagram,lucianosalles,3,twitter,lucianosalles,simple_name_prefix3:luc,0.94,1.1,1.0,1.0,0.0
14238,instagram,yago1,3,twitter,yago1,simple_name_prefix3:yag,0.94,1.1,1.0,1.0,0.0
11122,instagram,luclegay,3,twitter,luclegay,simple_name_prefix3:luc,0.94,1.1,1.0,1.0,0.0
5611,instagram,luislondon,3,twitter,luislondon,simple_name_prefix3:lui,0.94,1.1,1.0,1.0,0.0
5634,instagram,magictrax,3,twitter,magictrax,simple_name_prefix3:mag,0.94,1.1,1.0,1.0,0.0
11191,instagram,magarmar2,3,twitter,magarmar2,simple_name_prefix3:mag,0.94,1.1,1.0,1.0,0.0
11130,instagram,luiscrz,3,twitter,luiscrz,simple_name_prefix3:lui,0.94,1.1,1.0,1.0,0.0
6692,instagram,maccast,3,twitter,maccast,simple_name_prefix3:mac,0.94,1.1,1.0,1.0,0.0
11196,instagram,magnuskolsjo,3,twitter,magnuskolsjo,simple_name_prefix3:mag,0.94,1.1,1.0,1.0,0.0
6279,instagram,silviaginer,3,twitter,silviaginer,simple_name_prefix3:sil,0.94,1.1,1.0,1.0,0.0
13273,instagram,silviabarroso,3,twitter,silviabarroso,simple_name_prefix3:sil,0.94,1.1,1.0,1.0,0.0
10302,instagram,madisite,3,twitter,madisite,simple_name_prefix3:mad,0.94,1.1,1.0,1.0,0.0
11182,instagram,madclimber,3,twitter,madclimber,simple_name_prefix3:mad,0.94,1.1,1.0,1.0,0.0
11186,instagram,madysondesigns,3,twitter,madysondesigns,simple_name_prefix3:mad,0.94,1.1,1.0,1.0,0.0
11477,instagram,madudesign,3,twitter,madudesign,simple_name_prefix3:mad,0.94,1.1,1.0,1.0,0.0
11774,instagram,madelinahorn,3,twitter,madelinahorn,simple_name_prefix3:mad,0.94,1.1,1.0,1.0,0.0
12171,instagram,oleandreask,3,twitter,oleandreask,simple_name_prefix3:ole,0.94,1.1,1.0,1.0,0.0
11193,instagram,mageetrojans,3,twitter,mageetrojans,simple_name_prefix3:mag,0.94,1.1,1.0,1.0,0.0
11199,instagram,mahmoudhamamou,3,twitter,mahmoudhamamou,simple_name_prefix3:mah,0.94,1.1,1.0,1.0,0.0
12635,instagram,raulhmoreno,3,twitter,raulhmoreno,simple_name_prefix3:rau,0.94,1.1,1.0,1.0,0.0
12638,instagram,raulpresseguer,3,twitter,raulpresseguer,simple_name_prefix3:rau,0.94,1.1,1.0,1.0,0.0
11209,instagram,maliagros,3,twitter,maliagros,simple_name_prefix3:mal,0.94,1.1,1.0,1.0,0.0
7189,instagram,vioarief,3,twitter,vioarief,simple_name_prefix3:vio,0.94,1.1,1.0,1.0,0.0
11211,instagram,malkafly,3,twitter,malkafly,simple_name_prefix3:mal,0.94,1.1,1.0,1.0,0.0
6416,instagram,manganite,3,twitter,manganite,simple_name_prefix3:man,0.94,1.1,1.0,1.0,0.0
10311,instagram,mandrakecl,3,twitter,mandrakecl,simple_name_prefix3:man,0.94,1.1,1.0,1.0,0.0
11218,instagram,manchumahara,3,twitter,manchumahara,simple_name_prefix3:man,0.94,1.1,1.0,1.0,0.0
11220,instagram,manelzaera,3,twitter,manelzaera,simple_name_prefix3:man,0.94,1.1,1.0,1.0,0.0
11876,instagram,mrsimonwood,3,twitter,mrsimonwood,simple_name_prefix3:mrs,0.94,1.1,1.0,1.0,0.0
13727,instagram,tiboine,3,twitter,tiboine,simple_name_prefix3:tib,0.94,1.1,1.0,1.0,0.0
11565,instagram,melanieschram,3,twitter,melanieschram,simple_name_prefix3:mel,0.94,1.1,1.0,1.0,0.0
6495,instagram,umstadter,3,twitter,umstadter,simple_name_prefix3:ums,0.94,1.1,1.0,1.0,0.0
6499,instagram,utkudemirsoy,3,twitter,utkudemirsoy,simple_name_prefix3:utk,0.94,1.1,1.0,1.0,0.0
6509,instagram,bioulex,3,twitter,bioulex,simple_name_prefix3:bio,0.94,1.1,1.0,1.0,0.0
7471,instagram,bioanarchism,3,twitter,bioanarchism,simple_name_prefix3:bio,0.94,1.1,1.0,1.0,0.0
5830,instagram,mrssudo,3,twitter,mrssudo,simple_name_prefix3:mrs,0.94,1.1,1.0,1.0,0.0
5692,instagram,mathieuparisot,3,twitter,mathieuparisot,simple_name_prefix3:mat,0.94,1.1,1.0,1.0,0.0
5697,instagram,matt_daniels,3,twitter,matt_daniels,simple_name_prefix3:mat,0.94,1.1,1.0,1.0,0.0
5700,instagram,matteobevi,3,twitter,matteobevi,simple_name_prefix3:mat,0.94,1.1,1.0,1.0,0.0
5704,instagram,mattgreydesign,3,twitter,mattgreydesign,simple_name_prefix3:mat,0.94,1.1,1.0,1.0,0.0
11442,instagram,matiassecchi,3,twitter,matiassecchi,simple_name_prefix3:mat,0.94,1.1,1.0,1.0,0.0
11447,instagram,mattangriffel,3,twitter,mattangriffel,simple_name_prefix3:mat,0.94,1.1,1.0,1.0,0.0
11448,instagram,mattauckland,3,twitter,mattauckland,simple_name_prefix3:mat,0.94,1.1,1.0,1.0,0.0
11450,instagram,mattcoe,3,twitter,mattcoe,simple_name_prefix3:mat,0.94,1.1,1.0,1.0,0.0
11492,instagram,mattskal,3,twitter,mattskal,simple_name_prefix3:mat,0.94,1.1,1.0,1.0,0.0
11493,instagram,mattslens,3,twitter,mattslens,simple_name_prefix3:mat,0.94,1.1,1.0,1.0,0.0
11463,instagram,mattcdrawsalot,3,twitter,mattcdrawsalot,simple_name_prefix3:mat,0.94,1.1,1.0,1.0,0.0
11466,instagram,matthewhoare,3,twitter,matthewhoare,simple_name_prefix3:mat,0.94,1.1,1.0,1.0,0.0
8505,instagram,teoskylark,3,twitter,teoskylark,simple_name_prefix3:teo,0.94,1.1,1.0,1.0,0.0
11498,instagram,maubrowncow,3,twitter,maubrowncow,simple_name_prefix3:mau,0.94,1.1,1.0,1.0,0.0
11499,instagram,mauraneill,3,twitter,mauraneill,simple_name_prefix3:mau,0.94,1.1,1.0,1.0,0.0
11476,instagram,matthiaslechner,3,twitter,matthiaslechner,simple_name_prefix3:mat,0.94,1.1,1.0,1.0,0.0
6353,instagram,sukmadi_r,3,twitter,sukmadi_r,simple_name_prefix3:suk,0.94,1.1,1.0,1.0,0.0
6360,instagram,drysdaleandco,3,twitter,drysdaleandco,simple_name_prefix3:dry,0.94,1.1,1.0,1.0,0.0
6376,instagram,siamgx,3,twitter,siamgx,simple_name_prefix3:sia,0.94,1.1,1.0,1.0,0.0
7830,instagram,drturpin,3,twitter,drturpin,simple_name_prefix3:drt,0.94,1.1,1.0,1.0,0.0
6383,instagram,tbarrios47,3,twitter,tbarrios47,simple_name_prefix3:tba,0.94,1.1,1.0,1.0,0.0
11918,instagram,matthewoyoung,3,twitter,matthewoyoung,simple_name_prefix3:mat,0.94,1.1,1.0,1.0,0.0
5801,instagram,mixxula,3,twitter,mixxula,simple_name_prefix3:mix,0.94,1.1,1.0,1.0,0.0
5822,instagram,monsejcayuela,3,twitter,monsejcayuela,simple_name_prefix3:mon,0.94,1.1,1.0,1.0,0.0
6164,instagram,monstershungry,3,twitter,monstershungry,simple_name_prefix3:mon,0.94,1.1,1.0,1.0,0.0
11833,instagram,monanicoara,3,twitter,monanicoara,simple_name_prefix3:mon,0.94,1.1,1.0,1.0,0.0
6319,instagram,ssjsid,3,twitter,ssjsid,simple_name_prefix3:ssj,0.94,1.1,1.0,1.0,0.0
11839,instagram,monicqa,3,twitter,monicqa,simple_name_prefix3:mon,0.94,1.1,1.0,1.0,0.0
4442,instagram,atooshi,3,twitter,atooshi,simple_name_prefix3:ato,0.94,1.1,1.0,1.0,0.0
7995,instagram,clifmims,3,twitter,clifmims,simple_name_prefix3:cli,0.94,1.1,1.0,1.0,0.0
11555,instagram,megatti,3,twitter,megatti,simple_name_prefix3:meg,0.94,1.1,1.0,1.0,0.0
11586,instagram,mengqimusic,3,twitter,mengqimusic,simple_name_prefix3:men,0.94,1.1,1.0,1.0,0.0
11688,instagram,mightyjoecastro,3,twitter,mightyjoecastro,simple_name_prefix3:mig,0.94,1.1,1.0,1.0,0.0
11602,instagram,metingunvar,3,twitter,metingunvar,simple_name_prefix3:met,0.94,1.1,1.0,1.0,0.0
7993,instagram,cliffpavlovic,3,twitter,cliffpavlovic,simple_name_prefix3:cli,0.94,1.1,1.0,1.0,0.0
6287,instagram,siskafelicia,3,twitter,siskafelicia,simple_name_prefix3:sis,0.94,1.1,1.0,1.0,0.0
13324,instagram,snarvasa,3,twitter,snarvasa,simple_name_prefix3:sna,0.94,1.1,1.0,1.0,0.0
11698,instagram,miguelsanchz,3,twitter,miguelsanchz,simple_name_prefix3:mig,0.94,1.1,1.0,1.0,0.0
5772,instagram,mikaelshort,3,twitter,mikaelshort,simple_name_prefix3:mik,0.94,1.1,1.0,1.0,0.0
6177,instagram,sahilkarkhanis,3,twitter,sahilkarkhanis,simple_name_prefix3:sah,0.94,1.1,1.0,1.0,0.0
11733,instagram,mikerusch,3,twitter,mikerusch,simple_name_prefix3:mik,0.94,1.1,1.0,1.0,0.0
5783,instagram,miltonkarlos,3,twitter,miltonkarlos,simple_name_prefix3:mil,0.94,1.1,1.0,1.0,0.0
11749,instagram,millaresroo,3,twitter,millaresroo,simple_name_prefix3:mil,0.94,1.1,1.0,1.0,0.0
5785,instagram,mindeeaviva,3,twitter,mindeeaviva,simple_name_prefix3:min,0.94,1.1,1.0,1.0,0.0
5786,instagram,mingminhui,3,twitter,mingminhui,simple_name_prefix3:min,0.94,1.1,1.0,1.0,0.0
4316,instagram,mojofat,3,twitter,mojofat,simple_name_prefix3:moj,0.94,1.1,1.0,1.0,0.0
11758,instagram,minorcortes,3,twitter,minorcortes,simple_name_prefix3:min,0.94,1.1,1.0,1.0,0.0
7524,instagram,fresholdidea,3,twitter,fresholdidea,simple_name_prefix3:fre,0.94,1.1,1.0,1.0,0.0
11762,instagram,mirabalj,3,twitter,mirabalj,simple_name_prefix3:mir,0.94,1.1,1.0,1.0,0.0
11763,instagram,mircodimarcello,3,twitter,mircodimarcello,simple_name_prefix3:mir,0.94,1.1,1.0,1.0,0.0
9397,instagram,muhaiminsafar,3,twitter,muhaiminsafar,simple_name_prefix3:muh,0.94,1.1,1.0,1.0,0.0
6670,instagram,abdulsmith,3,twitter,abdulsmith,simple_name_prefix3:abd,0.94,1.1,1.0,1.0,0.0
6417,instagram,thomasmckenzie,3,twitter,thomasmckenzie,simple_name_prefix3:tho,0.94,1.1,1.0,1.0,0.0
13710,instagram,thomasdenman,3,twitter,thomasdenman,simple_name_prefix3:tho,0.94,1.1,1.0,1.0,0.0
13716,instagram,thomasseifert,3,twitter,thomasseifert,simple_name_prefix3:tho,0.94,1.1,1.0,1.0,0.0
13718,instagram,thommck,3,twitter,thommck,simple_name_prefix3:tho,0.94,1.1,1.0,1.0,0.0
6151,instagram,ruinunes,3,twitter,ruinunes,simple_name_prefix3:rui,0.94,1.1,1.0,1.0,0.0
6166,instagram,rynda,3,twitter,rynda,simple_name_prefix3:ryn,0.94,1.1,1.0,1.0,0.0
6168,instagram,saalimismail,3,twitter,saalimismail,simple_name_prefix3:saa,0.94,1.1,1.0,1.0,0.0
12286,instagram,patcrowley,3,twitter,patcrowley,simple_name_prefix3:pat,0.94,1.1,1.0,1.0,0.0
6984,instagram,livinglocurto,3,twitter,livinglocurto,simple_name_prefix3:liv,0.94,1.1,1.0,1.0,0.0
7281,instagram,livinlyfe,3,twitter,livinlyfe,simple_name_prefix3:liv,0.94,1.1,1.0,1.0,0.0
5849,instagram,namansaraiya,3,twitter,namansaraiya,simple_name_prefix3:nam,0.94,1.1,1.0,1.0,0.0
13267,instagram,sicarpv,3,twitter,sicarpv,simple_name_prefix3:sic,0.94,1.1,1.0,1.0,0.0
12309,instagram,patriziobenotto,3,twitter,patriziobenotto,simple_name_prefix3:pat,0.94,1.1,1.0,1.0,0.0
12057,instagram,nickmortensen,3,twitter,nickmortensen,simple_name_prefix3:nic,0.94,1.1,1.0,1.0,0.0
5882,instagram,nicintosh,3,twitter,nicintosh,simple_name_prefix3:nic,0.94,1.1,1.0,1.0,0.0
5884,instagram,niczak,3,twitter,niczak,simple_name_prefix3:nic,0.94,1.1,1.0,1.0,0.0
12037,instagram,nicholasbohac,3,twitter,nicholasbohac,simple_name_prefix3:nic,0.94,1.1,1.0,1.0,0.0
12072,instagram,nicolesy,3,twitter,nicolesy,simple_name_prefix3:nic,0.94,1.1,1.0,1.0,0.0
12050,instagram,nickesteen,3,twitter,nickesteen,simple_name_prefix3:nic,0.94,1.1,1.0,1.0,0.0
6031,instagram,ptpower,3,twitter,ptpower,simple_name_prefix3:ptp,0.94,1.1,1.0,1.0,0.0
8916,instagram,puschmann,3,twitter,puschmann,simple_name_prefix3:pus,0.94,1.1,1.0,1.0,0.0
6070,instagram,razorfrog,3,twitter,razorfrog,simple_name_prefix3:raz,0.94,1.1,1.0,1.0,0.0
12917,instagram,razarahil,3,twitter,razarahil,simple_name_prefix3:raz,0.94,1.1,1.0,1.0,0.0
12064,instagram,nicocohayek,3,twitter,nicocohayek,simple_name_prefix3:nic,0.94,1.1,1.0,1.0,0.0
12120,instagram,nordiclania,3,twitter,nordiclania,simple_name_prefix3:nor,0.94,1.1,1.0,1.0,0.0
12004,instagram,needcaffeine,3,twitter,needcaffeine,simple_name_prefix3:nee,0.94,1.1,1.0,1.0,0.0
12007,instagram,neilnand,3,twitter,neilnand,simple_name_prefix3:nei,0.94,1.1,1.0,1.0,0.0
12024,instagram,netpierre,3,twitter,netpierre,simple_name_prefix3:net,0.94,1.1,1.0,1.0,0.0
12079,instagram,nielspaul,3,twitter,nielspaul,simple_name_prefix3:nie,0.94,1.1,1.0,1.0,0.0
12119,instagram,norbertut,3,twitter,norbertut,simple_name_prefix3:nor,0.94,1.1,1.0,1.0,0.0
12319,instagram,paulasimoes,3,twitter,paulasimoes,simple_name_prefix3:pau,0.94,1.1,1.0,1.0,0.0
12122,instagram,normanallen,3,twitter,normanallen,simple_name_prefix3:nor,0.94,1.1,1.0,1.0,0.0
12124,instagram,norrishughes,3,twitter,norrishughes,simple_name_prefix3:nor,0.94,1.1,1.0,1.0,0.0
9918,instagram,jazrt,3,twitter,jazrt,simple_name_prefix3:jaz,0.94,1.1,1.0,1.0,0.0
12330,instagram,paulgoode,3,twitter,paulgoode,simple_name_prefix3:pau,0.94,1.1,1.0,1.0,0.0
12337,instagram,pauljansen,3,twitter,pauljansen,simple_name_prefix3:pau,0.94,1.1,1.0,1.0,0.0
12313,instagram,paucruchett,3,twitter,paucruchett,simple_name_prefix3:pau,0.94,1.1,1.0,1.0,0.0
12314,instagram,paulacolantonio,3,twitter,paulacolantonio,simple_name_prefix3:pau,0.94,1.1,1.0,1.0,0.0
5951,instagram,pdigitl,3,twitter,pdigitl,simple_name_prefix3:pdi,0.94,1.1,1.0,1.0,0.0
6032,instagram,ptrjlgallegos,3,twitter,ptrjlgallegos,simple_name_prefix3:ptr,0.94,1.1,1.0,1.0,0.0
5970,instagram,pcaporali,3,twitter,pcaporali,simple_name_prefix3:pca,0.94,1.1,1.0,1.0,0.0
12362,instagram,pcasabona,3,twitter,pcasabona,simple_name_prefix3:pca,0.94,1.1,1.0,1.0,0.0
5988,instagram,psciara,3,twitter,psciara,simple_name_prefix3:psc,0.94,1.1,1.0,1.0,0.0
6007,instagram,plinske,3,twitter,plinske,simple_name_prefix3:pli,0.94,1.1,1.0,1.0,0.0
12323,instagram,paulcopcutt,3,twitter,paulcopcutt,simple_name_prefix3:pau,0.94,1.1,1.0,1.0,0.0
12326,instagram,paulyd,3,twitter,paulyd,simple_name_prefix3:pau,0.94,1.1,1.0,1.0,0.0
12344,instagram,paulrharvey3,3,twitter,paulrharvey3,simple_name_prefix3:pau,0.94,1.1,1.0,1.0,0.0
12229,instagram,owen_mo,3,twitter,owen_mo,simple_name_prefix3:owe,0.94,1.1,1.0,1.0,0.0
5934,instagram,oxavor,3,twitter,oxavor,simple_name_prefix3:oxa,0.94,1.1,1.0,1.0,0.0
5974,instagram,pedrogen,3,twitter,pedrogen,simple_name_prefix3:ped,0.94,1.1,1.0,1.0,0.0
12187,instagram,oliviamorgan14,3,twitter,oliviamorgan14,simple_name_prefix3:oli,0.94,1.1,1.0,1.0,0.0
5916,instagram,ondraschoffka,3,twitter,ondraschoffka,simple_name_prefix3:ond,0.94,1.1,1.0,1.0,0.0
12223,instagram,otterfreak,3,twitter,otterfreak,simple_name_prefix3:ott,0.94,1.1,1.0,1.0,0.0
12262,instagram,pampi_iranzo,3,twitter,pampi_iranzo,simple_name_prefix3:pam,0.94,1.1,1.0,1.0,0.0
12378,instagram,pedrsn,3,twitter,pedrsn,simple_name_prefix3:ped,0.94,1.1,1.0,1.0,0.0
4900,instagram,makeup_emma,3,twitter,makeup_emma,simple_name_prefix3:mak,0.94,1.1,1.0,1.0,0.0
12269,instagram,paoloaliberti,3,twitter,paoloaliberti,simple_name_prefix3:pao,0.94,1.1,1.0,1.0,0.0
12275,instagram,paolomargari,3,twitter,paolomargari,simple_name_prefix3:pao,0.94,1.1,1.0,1.0,0.0
14134,instagram,wednesdaywolf,3,twitter,wednesdaywolf,simple_name_prefix3:wed,0.94,1.1,1.0,1.0,0.0
7228,instagram,petewarrior,3,twitter,petewarrior,simple_name_prefix3:pet,0.94,1.1,1.0,1.0,0.0
12370,instagram,pedrocaeiros,3,twitter,pedrocaeiros,simple_name_prefix3:ped,0.94,1.1,1.0,1.0,0.0
12372,instagram,pedrolmc,3,twitter,pedrolmc,simple_name_prefix3:ped,0.94,1.1,1.0,1.0,0.0
12373,instagram,peduk,3,twitter,peduk,simple_name_prefix3:ped,0.94,1.1,1.0,1.0,0.0
5913,instagram,ollynewport,3,twitter,ollynewport,simple_name_prefix3:oll,0.94,1.1,1.0,1.0,0.0
5923,instagram,ornaoel,3,twitter,ornaoel,simple_name_prefix3:orn,0.94,1.1,1.0,1.0,0.0
5928,instagram,osnatita,3,twitter,osnatita,simple_name_prefix3:osn,0.94,1.1,1.0,1.0,0.0
5933,instagram,owenjuice,3,twitter,owenjuice,simple_name_prefix3:owe,0.94,1.1,1.0,1.0,0.0
12394,instagram,perzennstrom,3,twitter,perzennstrom,simple_name_prefix3:per,0.94,1.1,1.0,1.0,0.0
12409,instagram,peterrauh,3,twitter,peterrauh,simple_name_prefix3:pet,0.94,1.1,1.0,1.0,0.0
12412,instagram,petersopinion,3,twitter,petersopinion,simple_name_prefix3:pet,0.94,1.1,1.0,1.0,0.0
5873,instagram,nfdeklerk,3,twitter,nfdeklerk,simple_name_prefix3:nfd,0.94,1.1,1.0,1.0,0.0
12421,instagram,petrskuta,3,twitter,petrskuta,simple_name_prefix3:pet,0.94,1.1,1.0,1.0,0.0
5995,instagram,philpurkiss,3,twitter,philpurkiss,simple_name_prefix3:phi,0.94,1.1,1.0,1.0,0.0
12404,instagram,peterliu47,3,twitter,peterliu47,simple_name_prefix3:pet,0.94,1.1,1.0,1.0,0.0
6146,instagram,royceeddington,3,twitter,royceeddington,simple_name_prefix3:roy,0.94,1.1,1.0,1.0,0.0
12435,instagram,philipdenys,3,twitter,philipdenys,simple_name_prefix3:phi,0.94,1.1,1.0,1.0,0.0
12577,instagram,rafaelochoa,3,twitter,rafaelochoa,simple_name_prefix3:raf,0.94,1.1,1.0,1.0,0.0
12461,instagram,pierretran,3,twitter,pierretran,simple_name_prefix3:pie,0.94,1.1,1.0,1.0,0.0
8565,instagram,dracorubio,3,twitter,dracorubio,simple_name_prefix3:dra,0.94,1.1,1.0,1.0,0.0
12582,instagram,rafamarrone,3,twitter,rafamarrone,simple_name_prefix3:raf,0.94,1.1,1.0,1.0,0.0
12912,instagram,roymt,3,twitter,roymt,simple_name_prefix3:roy,0.94,1.1,1.0,1.0,0.0
5809,instagram,mmoshrif,3,twitter,mmoshrif,simple_name_prefix3:mmo,0.94,1.1,1.0,1.0,0.0
11863,instagram,mrandrewbradley,3,twitter,mrandrewbradley,simple_name_prefix3:mra,0.94,1.1,1.0,1.0,0.0
12596,instagram,rajivdoshi,3,twitter,rajivdoshi,simple_name_prefix3:raj,0.94,1.1,1.0,1.0,0.0
12570,instagram,ramazing1,3,twitter,ramazing1,simple_name_prefix3:ram,0.94,1.1,1.0,1.0,0.0
12607,instagram,ramisoj555,3,twitter,ramisoj555,simple_name_prefix3:ram,0.94,1.1,1.0,1.0,0.0
6060,instagram,raphaek,3,twitter,raphaek,simple_name_prefix3:rap,0.94,1.1,1.0,1.0,0.0
10886,instagram,raponchii,3,twitter,raponchii,simple_name_prefix3:rap,0.94,1.1,1.0,1.0,0.0
12622,instagram,raphaelwermuth,3,twitter,raphaelwermuth,simple_name_prefix3:rap,0.94,1.1,1.0,1.0,0.0
12557,instagram,raccettura,3,twitter,raccettura,simple_name_prefix3:rac,0.94,1.1,1.0,1.0,0.0
12562,instagram,rachellucie,3,twitter,rachellucie,simple_name_prefix3:rac,0.94,1.1,1.0,1.0,0.0
12667,instagram,rebecaloka,3,twitter,rebecaloka,simple_name_prefix3:reb,0.94,1.1,1.0,1.0,0.0
12569,instagram,rachela_adler,3,twitter,rachela_adler,simple_name_prefix3:rac,0.94,1.1,1.0,1.0,0.0
11840,instagram,satyajati,3,twitter,satyajati,simple_name_prefix3:sat,0.94,1.1,1.0,1.0,0.0
12678,instagram,reimstourisme,3,twitter,reimstourisme,simple_name_prefix3:rei,0.94,1.1,1.0,1.0,0.0
12760,instagram,rileyjbriggs,3,twitter,rileyjbriggs,simple_name_prefix3:ril,0.94,1.1,1.0,1.0,0.0
5802,instagram,mjcasure,3,twitter,mjcasure,simple_name_prefix3:mjc,0.94,1.1,1.0,1.0,0.0
14171,instagram,wilkasg,3,twitter,wilkasg,simple_name_prefix3:wil,0.94,1.1,1.0,1.0,0.0
14175,instagram,willemdax,3,twitter,willemdax,simple_name_prefix3:wil,0.94,1.1,1.0,1.0,0.0
6493,instagram,ronaldoumair,3,twitter,ronaldoumair,simple_name_prefix3:ron,0.94,1.1,1.0,1.0,0.0
12881,instagram,rondomingue,3,twitter,rondomingue,simple_name_prefix3:ron,0.94,1.1,1.0,1.0,0.0
6128,instagram,rogershepard,3,twitter,rogershepard,simple_name_prefix3:rog,0.94,1.1,1.0,1.0,0.0
12856,instagram,rogerbalettie,3,twitter,rogerbalettie,simple_name_prefix3:rog,0.94,1.1,1.0,1.0,0.0
12357,instagram,pbprado,3,twitter,pbprado,simple_name_prefix3:pbp,0.94,1.1,1.0,1.0,0.0
11278,instagram,mbp817,3,twitter,mbp817,simple_name_prefix3:mbp,0.94,1.1,1.0,1.0,0.0
11528,instagram,mbparks,3,twitter,mbparks,simple_name_prefix3:mbp,0.94,1.1,1.0,1.0,0.0
12871,instagram,romullopontes,3,twitter,romullopontes,simple_name_prefix3:rom,0.94,1.1,1.0,1.0,0.0
12887,instagram,ronwls,3,twitter,ronwls,simple_name_prefix3:ron,0.94,1.1,1.0,1.0,0.0
12890,instagram,ronron607,3,twitter,ronron607,simple_name_prefix3:ron,0.94,1.1,1.0,1.0,0.0
12905,instagram,roweini,3,twitter,roweini,simple_name_prefix3:row,0.94,1.1,1.0,1.0,0.0
5637,instagram,ma_guita,3,twitter,ma_guita,simple_name_prefix3:ma_,0.94,1.1,1.0,1.0,0.0
5669,instagram,nkdfry,3,twitter,nkdfry,simple_name_prefix3:nkd,0.94,1.1,1.0,1.0,0.0
5701,instagram,tteozz,3,twitter,tteozz,simple_name_prefix3:tte,0.94,1.1,1.0,1.0,0.0
12951,googleplus,ryanhodek,12951,instagram,ryanhodek,simple_name_prefix3:rya,0.94,1.1,1.0,1.0,0.0
12885,instagram,roninoone,3,twitter,roninoone,simple_name_prefix3:ron,0.94,1.1,1.0,1.0,0.0
12952,instagram,ryanhurlburt,3,twitter,ryanhurlburt,simple_name_prefix3:rya,0.94,1.1,1.0,1.0,0.0
12954,instagram,ryanketterman,3,twitter,ryanketterman,simple_name_prefix3:rya,0.94,1.1,1.0,1.0,0.0
4223,instagram,abmsharif,3,twitter,abmsharif,simple_name_prefix3:abm,0.9326829268292682,1.1,0.975609756097561,1.0,0.0
11229,instagram,manoshatzi,3,twitter,manoshatzi,simple_name_prefix3:man,0.9326829268292682,1.1,0.975609756097561,1.0,0.0
7450,instagram,bibiweb,3,twitter,bibiweb,simple_name_prefix3:bib,0.9326829268292682,1.1,0.975609756097561,1.0,0.0
14319,instagram,zecarlosjr,3,twitter,zecarlosjr,simple_name_prefix3:zec,0.9323076923076923,1.1,0.9743589743589743,1.0,0.0
10752,instagram,klou,3,twitter,klou,simple_name_prefix3:klo,0.9323076923076923,1.1,0.9743589743589743,1.0,0.0
5971,instagram,pedroadrian,3,twitter,pedroadrian,simple_name_prefix3:ped,0.9323076923076923,1.1,0.9743589743589743,1.0,0.0
5765,instagram,miguela_aguilo,3,twitter,miguela_aguilo,simple_name_prefix3:mig,0.9318918918918919,1.1,0.972972972972973,1.0,0.0
10966,instagram,lernys,3,twitter,lernys,simple_name_prefix3:ler,0.9318918918918919,1.1,0.972972972972973,1.0,0.0
7111,instagram,anibaldelatorre,3,twitter,anibaldelatorre,simple_name_prefix3:ani,0.9314285714285715,1.1,0.9714285714285714,1.0,0.0
6668,instagram,abdullawissam,3,twitter,abdullawissam,simple_name_prefix3:abd,0.9314285714285715,1.1,0.9714285714285714,1.0,0.0
11682,instagram,mickou,3,twitter,mickou,simple_name_prefix3:mic,0.9309090909090909,1.1,0.9696969696969697,1.0,0.0
10216,instagram,johanmede,3,twitter,johanmede,simple_name_prefix3:joh,0.9309090909090909,1.1,0.9696969696969697,1.0,0.0
7023,instagram,andreameneghini,3,twitter,andreameneghini,simple_name_prefix3:and,0.9303225806451614,1.1,0.967741935483871,1.0,0.0
9042,instagram,francoiserachez,3,twitter,francoiserachez,simple_name_prefix3:fra,0.9303225806451614,1.1,0.967741935483871,1.0,0.0
10994,instagram,lilliammdez,3,twitter,lilliammdez,simple_name_prefix3:lil,0.9303225806451614,1.1,0.967741935483871,1.0,0.0
12940,instagram,russianuniverse,3,twitter,russianuniverse,simple_name_prefix3:rus,0.9303225806451614,1.1,0.967741935483871,1.0,0.0
9713,instagram,itxavel,3,twitter,itxavel,simple_name_prefix3:itx,0.9303225806451614,1.1,0.967741935483871,1.0,0.0
9168,instagram,gbozward,3,twitter,gbozward,simple_name_prefix3:gbo,0.9303225806451614,1.1,0.967741935483871,1.0,0.0
10414,instagram,pekechis,3,twitter,pekechis,simple_name_prefix3:pek,0.9303225806451614,1.1,0.967741935483871,1.0,0.0
10587,instagram,katmandelstein,3,twitter,katmandelstein,simple_name_prefix3:kat,0.9296551724137931,1.1,0.9655172413793104,1.0,0.0
4298,instagram,alfiosalanitri,3,twitter,alfiosalanitri,simple_name_prefix3:alf,0.9296551724137931,1.1,0.9655172413793104,1.0,0.0
9494,instagram,herartsheloves,3,twitter,herartsheloves,simple_name_prefix3:her,0.9296551724137931,1.1,0.9655172413793104,1.0,0.0
9309,instagram,graemethickins,3,twitter,graemethickins,simple_name_prefix3:gra,0.9296551724137931,1.1,0.9655172413793104,1.0,0.0
13493,instagram,isudio,3,twitter,isudio,simple_name_prefix3:isu,0.9288888888888889,1.1,0.9629629629629629,1.0,0.0
13374,instagram,spyroslangkos,3,twitter,spyroslangkos,simple_name_prefix3:spy,0.9288888888888889,1.1,0.9629629629629629,1.0,0.0
12080,instagram,nietasbes,3,twitter,nietasbes,simple_name_prefix3:nie,0.9288888888888889,1.1,0.9629629629629629,1.0,0.0
9310,instagram,grahamhancock,3,twitter,grahamhancock,simple_name_prefix3:gra,0.9288888888888889,1.1,0.9629629629629629,1.0,0.0
11439,instagram,mathieurensen,3,twitter,mathieurensen,simple_name_prefix3:mat,0.9288888888888889,1.1,0.9629629629629629,1.0,0.0
9476,instagram,medvar72,3,twitter,medvar72,simple_name_prefix3:med,0.9279999999999999,1.1,0.96,1.0,0.0
7068,instagram,andrewweiser,3,twitter,andrewweiser,simple_name_prefix3:and,0.9279999999999999,1.1,0.96,1.0,0.0
12685,instagram,reneefishman,3,twitter,reneefishman,simple_name_prefix3:ren,0.9279999999999999,1.1,0.96,1.0,0.0
11282,instagram,marcusmeisel,3,twitter,marcusmeisel,simple_name_prefix3:mar,0.9279999999999999,1.1,0.96,1.0,0.0
12174,instagram,oliebana,3,twitter,oliebana,simple_name_prefix3:oli,0.9279999999999999,1.1,0.96,1.0,0.0
8940,instagram,feketesteve,3,twitter,feketesteve,simple_name_prefix3:fek,0.9279999999999999,1.1,0.96,1.0,0.0
11410,instagram,martinvrkoc,3,twitter,martinvrkoc,simple_name_prefix3:mar,0.9269565217391305,1.1,0.9565217391304348,1.0,0.0
4923,instagram,erkaneroglu,3,twitter,erkaneroglu,simple_name_prefix3:erk,0.9269565217391305,1.1,0.9565217391304348,1.0,0.0
7045,instagram,andresnader,3,twitter,andresnader,simple_name_prefix3:and,0.9269565217391305,1.1,0.9565217391304348,1.0,0.0
7962,instagram,cjoanporter,3,twitter,cjoanporter,simple_name_prefix3:cjo,0.9269565217391305,1.1,0.9565217391304348,1.0,0.0
9759,instagram,jagonsu,3,twitter,jagonsu,simple_name_prefix3:jag,0.9269565217391305,1.1,0.9565217391304348,1.0,0.0
13825,instagram,tomweishaar,3,twitter,tomweishaar,simple_name_prefix3:tom,0.9269565217391305,1.1,0.9565217391304348,1.0,0.0
11899,instagram,multimaniaco,3,twitter,multimaniaco,simple_name_prefix3:mul,0.9269565217391305,1.1,0.9565217391304348,1.0,0.0
10493,instagram,kabachedina,3,twitter,kabachedina,simple_name_prefix3:kab,0.9269565217391305,1.1,0.9565217391304348,1.0,0.0
9348,instagram,guerrix,3,twitter,guerrix,simple_name_prefix3:gue,0.9269565217391305,1.1,0.9565217391304348,1.0,0.0
11300,instagram,mariannamarcucci,3,twitter,mariannmarcucci,simple_name_prefix3:mar,0.9258064516129032,1.0645161290322582,1.0,1.0,0.0
12551,instagram,quovadismarshall,3,twitter,quovadismarshal,simple_name_prefix3:quo,0.9258064516129032,1.0645161290322582,1.0,1.0,0.0
7400,instagram,benjaminhowarth1,3,twitter,benjaminhowarth,simple_name_prefix3:ben,0.9258064516129032,1.0645161290322582,1.0,1.0,0.0
10537,instagram,karlheinz_eberts,3,twitter,karlheinzeberts,simple_name_prefix3:kar,0.9258064516129032,1.0645161290322582,1.0,1.0,0.0
6832,instagram,albirabbit,3,twitter,albirabbit,simple_name_prefix3:alb,0.9257142857142857,1.1,0.9523809523809523,1.0,0.0
5609,instagram,luisgguedes,3,twitter,luisgguedes,simple_name_prefix3:lui,0.9257142857142857,1.1,0.9523809523809523,1.0,0.0
13072,instagram,sayitrahshay,3,twitter,sayitrahshay,simple_name_prefix3:say,0.9257142857142857,1.1,0.9523809523809523,1.0,0.0
7145,instagram,anthonymaw,3,twitter,anthonymaw,simple_name_prefix3:ant,0.9257142857142857,1.1,0.9523809523809523,1.0,0.0
9123,instagram,gagis86,3,twitter,gagis86,simple_name_prefix3:gag,0.9257142857142857,1.1,0.9523809523809523,1.0,0.0
10441,instagram,juliaperezzz,3,twitter,juliaperezzz,simple_name_prefix3:jul,0.9257142857142857,1.1,0.9523809523809523,1.0,0.0
5009,instagram,fuyanik,3,twitter,fuyanik,simple_name_prefix3:fuy,0.9257142857142857,1.1,0.9523809523809523,1.0,0.0
11357,instagram,markobozac,3,twitter,markobozac,simple_name_prefix3:mar,0.9257142857142857,1.1,0.9523809523809523,1.0,0.0
10277,instagram,jonathanvu,3,twitter,jonathanvu,simple_name_prefix3:jon,0.9257142857142857,1.1,0.9523809523809523,1.0,0.0
11592,instagram,mertbilman,3,twitter,mertbilman,simple_name_prefix3:mer,0.9257142857142857,1.1,0.9523809523809523,1.0,0.0
10252,instagram,johnyqi,3,twitter,johnyqi,simple_name_prefix3:joh,0.9257142857142857,1.1,0.9523809523809523,1.0,0.0
5739,instagram,merolrockstar,3,twitter,merolrockstar,simple_name_prefix3:mer,0.9257142857142857,1.1,0.9523809523809523,1.0,0.0
12459,instagram,pierre_cappelli,3,twitter,pierrecappelli,simple_name_prefix3:pie,0.9248275862068966,1.0620689655172415,1.0,1.0,0.0
8370,instagram,serialoptimist,3,twitter,serial_optimist,simple_name_prefix3:ser,0.9248275862068966,1.0620689655172415,1.0,1.0,0.0
6768,instagram,ahmedsobhy2020,3,twitter,ahmed_sobhy2020,simple_name_prefix3:ahm,0.9248275862068966,1.0620689655172415,1.0,1.0,0.0
5043,instagram,gianmarco_ferro,3,twitter,gianmarcoferro,simple_name_prefix3:gia,0.9248275862068966,1.0620689655172415,1.0,1.0,0.0
9197,instagram,georginalester,3,twitter,georgina_lester,simple_name_prefix3:geo,0.9248275862068966,1.0620689655172415,1.0,1.0,0.0
10250,instagram,johnsuder,3,twitter,johnsuder,simple_name_prefix3:joh,0.9242105263157896,1.1,0.9473684210526315,1.0,0.0
12646,instagram,raycloyd,3,twitter,raycloyd,simple_name_prefix3:ray,0.9242105263157896,1.1,0.9473684210526315,1.0,0.0
9697,instagram,isaacnaor,3,twitter,isaacnaor,simple_name_prefix3:isa,0.9242105263157896,1.1,0.9473684210526315,1.0,0.0
6255,instagram,shatowers,3,twitter,shatowers,simple_name_prefix3:sha,0.9242105263157896,1.1,0.9473684210526315,1.0,0.0
8497,instagram,djemiliot,3,twitter,djemiliot,simple_name_prefix3:dje,0.9242105263157896,1.1,0.9473684210526315,1.0,0.0
8291,instagram,davidcorcuerad,3,twitter,davidcorcuera,simple_name_prefix3:dav,0.9237037037037037,1.0592592592592593,1.0,1.0,0.0
11479,instagram,matthodkinson,3,twitter,matt_hodkinson,simple_name_prefix3:mat,0.9237037037037037,1.0592592592592593,1.0,1.0,0.0
11645,googleplus,michaeldennis,11645,instagram,michaeljdennis,simple_name_prefix3:mic,0.9237037037037037,1.0592592592592593,1.0,1.0,0.0
10770,instagram,konradburman,3,twitter,konrad_burman,simple_name_prefix3:kon,0.9224000000000001,1.056,1.0,1.0,0.0
14121,instagram,nathanwatson,3,twitter,nathanwatson1,simple_name_prefix3:nat,0.9224000000000001,1.056,1.0,1.0,0.0
7522,instagram,brad.friedman,3,twitter,bradfriedman,simple_name_prefix3:bra,0.9224000000000001,1.056,1.0,1.0,0.0
4303,instagram,aliciasavage,3,twitter,alicia_savage,simple_name_prefix3:ali,0.9224000000000001,1.056,1.0,1.0,0.0
10191,instagram,joel_buckland,3,twitter,joelbuckland,simple_name_prefix3:joe,0.9224000000000001,1.056,1.0,1.0,0.0
12820,instagram,robinson_char,3,twitter,robinsonchar,simple_name_prefix3:rob,0.9224000000000001,1.056,1.0,1.0,0.0
11393,instagram,martinwalter,3,twitter,martincwalter,simple_name_prefix3:mar,0.9224000000000001,1.056,1.0,1.0,0.0
13434,instagram,stephen_judge,3,twitter,stephenjudge,simple_name_prefix3:ste,0.9224000000000001,1.056,1.0,1.0,0.0
8136,instagram,dalereynolds,3,twitter,dalerreynolds,simple_name_prefix3:dal,0.9224000000000001,1.056,1.0,1.0,0.0
6830,instagram,albertomarini,3,twitter,albertmarini,simple_name_prefix3:alb,0.9224000000000001,1.056,1.0,1.0,0.0
4285,instagram,ayharano,3,twitter,ayharano,simple_name_prefix3:ayh,0.9223529411764706,1.1,0.9411764705882353,1.0,0.0
9969,instagram,jeffkart,3,twitter,jeffkart,simple_name_prefix3:jef,0.9223529411764706,1.1,0.9411764705882353,1.0,0.0
5557,instagram,leoperezfoto,3,twitter,leoperezfoto,simple_name_prefix3:leo,0.9223529411764706,1.1,0.9411764705882353,1.0,0.0
8443,instagram,dehvin,3,twitter,dehvin,simple_name_prefix3:deh,0.9223529411764706,1.1,0.9411764705882353,1.0,0.0
6842,instagram,alexpulidog,3,twitter,alexpulidog,simple_name_prefix3:ale,0.9223529411764706,1.1,0.9411764705882353,1.0,0.0
8679,instagram,ekswitaj,3,twitter,ekswitaj,simple_name_prefix3:eks,0.9223529411764706,1.1,0.9411764705882353,1.0,0.0
11685,instagram,miggon,3,twitter,miggon,simple_name_prefix3:mig,0.9212500000000001,1.1,0.9375,1.0,0.0
5905,instagram,oddsens,3,twitter,oddsens,simple_name_prefix3:odd,0.9212500000000001,1.1,0.9375,1.0,0.0
4284,instagram,alexadvictory,3,twitter,alexadvictory,simple_name_prefix3:ale,0.9212500000000001,1.1,0.9375,1.0,0.0
11240,instagram,manwhoel,3,twitter,manwhoel,simple_name_prefix3:man,0.9212500000000001,1.1,0.9375,1.0,0.0
7006,instagram,anbi,3,twitter,anbi,simple_name_prefix3:anb,0.9212500000000001,1.1,0.9375,1.0,0.0
4667,instagram,colbyhanks,3,twitter,colbyhanks,simple_name_prefix3:col,0.9212500000000001,1.1,0.9375,1.0,0.0
6732,instagram,adrienneec,3,twitter,adrienneec,simple_name_prefix3:adr,0.9212500000000001,1.1,0.9375,1.0,0.0
7910,instagram,rvaya,3,twitter,rvaya,simple_name_prefix3:rva,0.9212500000000001,1.1,0.9375,1.0,0.0
11147,instagram,lukekfreeman,3,twitter,lukefreeman,simple_name_prefix3:luk,0.9208695652173913,1.0521739130434784,1.0,1.0,0.0
9716,instagram,ivan_dequito,3,twitter,ivandequito,simple_name_prefix3:iva,0.9208695652173913,1.0521739130434784,1.0,1.0,0.0
12259,googleplus,pamelapoole,12259,instagram,pamela_poole,simple_name_prefix3:pam,0.9208695652173913,1.0521739130434784,1.0,1.0,0.0
4815,instagram,ditr_jewelry,3,twitter,ditrjewelry,simple_name_prefix3:dit,0.9208695652173913,1.0521739130434784,1.0,1.0,0.0
7576,instagram,brian_nagami,3,twitter,briannagami,simple_name_prefix3:bri,0.9208695652173913,1.0521739130434784,1.0,1.0,0.0
11013,instagram,linzshelton,3,twitter,linz_shelton,simple_name_prefix3:lin,0.9208695652173913,1.0521739130434784,1.0,1.0,0.0
11849,googleplus,morganbrady,11849,instagram,morgancbrady,simple_name_prefix3:mor,0.9208695652173913,1.0521739130434784,1.0,1.0,0.0
8060,instagram,craigansell,3,twitter,craig_ansell,simple_name_prefix3:cra,0.9208695652173913,1.0521739130434784,1.0,1.0,0.0
7214,instagram,artisabella,3,twitter,art_isabella,simple_name_prefix3:art,0.9208695652173913,1.0521739130434784,1.0,1.0,0.0
5938,instagram,pablo_casado,3,twitter,pablocasado,simple_name_prefix3:pab,0.9208695652173913,1.0521739130434784,1.0,1.0,0.0
8896,googleplus,fabiovaleri1,8896,instagram,fabiovaleri,simple_name_prefix3:fab,0.9208695652173913,1.0521739130434784,1.0,1.0,0.0
9888,instagram,javierotero,3,twitter,javier_otero,simple_name_prefix3:jav,0.9208695652173913,1.0521739130434784,1.0,1.0,0.0
9058,instagram,frankstrong,3,twitter,frank_strong,simple_name_prefix3:fra,0.9208695652173913,1.0521739130434784,1.0,1.0,0.0
6261,instagram,shawnhamman,3,twitter,shawn_hamman,simple_name_prefix3:sha,0.9208695652173913,1.0521739130434784,1.0,1.0,0.0
11757,instagram,mark_inkrott,3,twitter,markinkrott,simple_name_prefix3:mar,0.9208695652173913,1.0521739130434784,1.0,1.0,0.0
6221,instagram,scotthoover1,3,twitter,scotthoover,simple_name_prefix3:sco,0.9208695652173913,1.0521739130434784,1.0,1.0,0.0
12055,instagram,nickflacroix,3,twitter,nicklacroix,simple_name_prefix3:nic,0.9208695652173913,1.0521739130434784,1.0,1.0,0.0
13119,instagram,scrapate,3,twitter,scrapate,simple_name_prefix3:scr,0.9199999999999999,1.1,0.9333333333333333,1.0,0.0
11819,instagram,mogurod,3,twitter,mogurod,simple_name_prefix3:mog,0.9199999999999999,1.1,0.9333333333333333,1.0,0.0
12967,instagram,s0uls,3,twitter,s0uls,simple_name_prefix3:s0u,0.9199999999999999,1.1,0.9333333333333333,1.0,0.0
9848,instagram,jasmined,3,twitter,jasmined,simple_name_prefix3:jas,0.9199999999999999,1.1,0.9333333333333333,1.0,0.0
6939,instagram,alsadekeen,3,twitter,alsadekeen,simple_name_prefix3:als,0.9199999999999999,1.1,0.9333333333333333,1.0,0.0
6228,instagram,sdelquin,3,twitter,sdelquin,simple_name_prefix3:sde,0.9190697674418604,1.1,0.9302325581395349,1.0,0.0
13996,instagram,vaninapc,3,twitter,vaninapc,simple_name_prefix3:van,0.9190697674418604,1.1,0.9302325581395349,1.0,0.0
6483,instagram,tylercraft,3,twitter,tylerccraft,simple_name_prefix3:tyl,0.9190476190476191,1.0476190476190477,1.0,1.0,0.0
9776,instagram,jakubzalas,3,twitter,jakub_zalas,simple_name_prefix3:jak,0.9190476190476191,1.0476190476190477,1.0,1.0,0.0
10001,instagram,jenn_grover,3,twitter,jenngrover,simple_name_prefix3:jen,0.9190476190476191,1.0476190476190477,1.0,1.0,0.0
13076,googleplus,scarlettfu,3,twitter,scarlett_fu,simple_name_prefix3:sca,0.9190476190476191,1.0476190476190477,1.0,1.0,0.0
4241,instagram,the_endless,3,twitter,theendless,simple_name_prefix3:the,0.9190476190476191,1.0476190476190477,1.0,1.0,0.0
13367,instagram,spencechen,3,twitter,spencerchen,simple_name_prefix3:spe,0.9190476190476191,1.0476190476190477,1.0,1.0,0.0
7171,instagram,aperture_24,3,twitter,aperture24,simple_name_prefix3:ape,0.9190476190476191,1.0476190476190477,1.0,1.0,0.0
13396,instagram,danstefan24,3,twitter,danstefan2,simple_name_prefix3:dan,0.9190476190476191,1.0476190476190477,1.0,1.0,0.0
4246,instagram,aftabsayed,3,twitter,aftab_sayed,simple_name_prefix3:aft,0.9190476190476191,1.0476190476190477,1.0,1.0,0.0
10652,instagram,kennyorivas,3,twitter,kennyrivas,simple_name_prefix3:ken,0.9190476190476191,1.0476190476190477,1.0,1.0,0.0
11809,instagram,33photo,3,twitter,33photo,simple_name_prefix3:33p,0.9185714285714286,1.1,0.9285714285714286,1.0,0.0
11549,instagram,mdyoder,3,twitter,mdyoder,simple_name_prefix3:mdy,0.9185714285714286,1.1,0.9285714285714286,1.0,0.0
7616,instagram,bryankorourke,3,twitter,bryankorourke,simple_name_prefix3:bry,0.9185714285714286,1.1,0.9285714285714286,1.0,0.0
11942,instagram,nakrissimo,3,twitter,nakrissimo,simple_name_prefix3:nak,0.9185714285714286,1.1,0.9285714285714286,1.0,0.0
7722,instagram,carsonsamson,3,twitter,carsonsamson,simple_name_prefix3:car,0.9185714285714286,1.1,0.9285714285714286,1.0,0.0
6335,instagram,stephenrwhite,3,twitter,stephenrwhite,simple_name_prefix3:ste,0.9185714285714286,1.1,0.9285714285714286,1.0,0.0
12460,instagram,peschmitt,3,twitter,peschmitt,simple_name_prefix3:pes,0.916923076923077,1.1,0.9230769230769231,1.0,0.0
11231,instagram,manubordera,3,twitter,manubordera,simple_name_prefix3:man,0.916923076923077,1.1,0.9230769230769231,1.0,0.0
10882,instagram,laszlo_reszegi,3,twitter,laszlo_reszegi,simple_name_prefix3:las,0.916923076923077,1.1,0.9230769230769231,1.0,0.0
7448,instagram,biancajsmith,3,twitter,biancajsmith,simple_name_prefix3:bia,0.916923076923077,1.1,0.9230769230769231,1.0,0.0
4964,instagram,fernandon_j,3,twitter,fernandon_j,simple_name_prefix3:fer,0.916923076923077,1.1,0.9230769230769231,1.0,0.0
11736,instagram,sorgatron,3,twitter,sorgatron,simple_name_prefix3:sor,0.916923076923077,1.1,0.9230769230769231,1.0,0.0
4576,instagram,caririncker,3,twitter,caririncker,simple_name_prefix3:car,0.916923076923077,1.1,0.9230769230769231,1.0,0.0
11064,instagram,lordjerome,3,twitter,lordjerome,simple_name_prefix3:lor,0.916923076923077,1.1,0.9230769230769231,1.0,0.0
9430,instagram,harryjbauer,3,twitter,harryjbauer,simple_name_prefix3:har,0.916923076923077,1.1,0.9230769230769231,1.0,0.0
9947,instagram,jeangoodwyn,3,twitter,jeangoodwyn,simple_name_prefix3:jea,0.916923076923077,1.1,0.9230769230769231,1.0,0.0
12003,instagram,nealffischer,3,twitter,nealffischer,simple_name_prefix3:nea,0.916923076923077,1.1,0.9230769230769231,1.0,0.0
4847,instagram,drmasquerade,3,twitter,drmasquerade,simple_name_prefix3:drm,0.916923076923077,1.1,0.9230769230769231,1.0,0.0
6105,instagram,robayopardo,3,twitter,robayopardo,simple_name_prefix3:rob,0.916923076923077,1.1,0.9230769230769231,1.0,0.0
9809,instagram,jamiegott5,3,twitter,jamiegott,simple_name_prefix3:jam,0.9168421052631579,1.0421052631578949,1.0,1.0,0.0
10939,instagram,leighreed,3,twitter,leightreed,simple_name_prefix3:lei,0.9168421052631579,1.0421052631578949,1.0,1.0,0.0
13820,googleplus,tompaulus0,3,twitter,tompaulus,simple_name_prefix3:tom,0.9168421052631579,1.0421052631578949,1.0,1.0,0.0
10922,instagram,leanne_koh,3,twitter,leannekoh,simple_name_prefix3:lea,0.9168421052631579,1.0421052631578949,1.0,1.0,0.0
10101,instagram,jimashley,3,twitter,jimaashley,simple_name_prefix3:jim,0.9168421052631579,1.0421052631578949,1.0,1.0,0.0
6308,instagram,sofille_65,3,twitter,sofille65,simple_name_prefix3:sof,0.9168421052631579,1.0421052631578949,1.0,1.0,0.0
4976,instagram,flavialaw,3,twitter,flavia_law,simple_name_prefix3:fla,0.9168421052631579,1.0421052631578949,1.0,1.0,0.0
10626,instagram,kellyport,3,twitter,kelly_port,simple_name_prefix3:kel,0.9168421052631579,1.0421052631578949,1.0,1.0,0.0
12983,instagram,salahtoon1,3,twitter,salahtoon,simple_name_prefix3:sal,0.9168421052631579,1.0421052631578949,1.0,1.0,0.0
10071,instagram,jesusmier,3,twitter,jesus_mier,simple_name_prefix3:jes,0.9168421052631579,1.0421052631578949,1.0,1.0,0.0
11949,instagram,nancydbrown,3,twitter,nancydbrown,simple_name_prefix3:nan,0.915,1.1,0.9166666666666666,1.0,0.0
11975,instagram,natejtaylor,3,twitter,natejtaylor,simple_name_prefix3:nat,0.915,1.1,0.9166666666666666,1.0,0.0
10331,instagram,jousemarquez,3,twitter,jousemarquez,simple_name_prefix3:jou,0.915,1.1,0.9166666666666666,1.0,0.0
8281,instagram,davidaprice,3,twitter,davidaprice,simple_name_prefix3:dav,0.915,1.1,0.9166666666666666,1.0,0.0
12076,instagram,nicolecwong,3,twitter,nicolecwong,simple_name_prefix3:nic,0.915,1.1,0.9166666666666666,1.0,0.0
10360,instagram,joshspeters,3,twitter,joshspeters,simple_name_prefix3:jos,0.915,1.1,0.9166666666666666,1.0,0.0
10592,instagram,katologic,3,twitter,katologic,simple_name_prefix3:kat,0.915,1.1,0.9166666666666666,1.0,0.0
10125,instagram,jirocer,3,twitter,jirocer,simple_name_prefix3:jir,0.915,1.1,0.9166666666666666,1.0,0.0
12182,instagram,olivier_verbeke,3,twitter,olivierverbeke,simple_name_prefix3:oli,0.9144827586206898,1.0620689655172415,0.9655172413793104,1.0,0.0
5033,instagram,geochris,3,twitter,geoschris,simple_name_prefix3:geo,0.9141176470588235,1.035294117647059,1.0,1.0,0.0
7291,instagram,authaponk,3,twitter,authapon,simple_name_prefix3:aut,0.9141176470588235,1.035294117647059,1.0,1.0,0.0
11285,instagram,marc.weil,3,twitter,marcweil,simple_name_prefix3:mar,0.9141176470588235,1.035294117647059,1.0,1.0,0.0
4569,instagram,cailjudy,3,twitter,cail_judy,simple_name_prefix3:cai,0.9141176470588235,1.035294117647059,1.0,1.0,0.0
12771,instagram,rkellyga,3,twitter,rkelly_ga,simple_name_prefix3:rke,0.9141176470588235,1.035294117647059,1.0,1.0,0.0
14008,instagram,vaneeesab,3,twitter,vaneeesa,simple_name_prefix3:van,0.9141176470588235,1.035294117647059,1.0,1.0,0.0
6012,instagram,polly_pop,3,twitter,pollypop,simple_name_prefix3:pol,0.9141176470588235,1.035294117647059,1.0,1.0,0.0
12347,instagram,pstahiti,3,twitter,pstahiti1,simple_name_prefix3:pst,0.9141176470588235,1.035294117647059,1.0,1.0,0.0
10116,instagram,jimmyrey1,3,twitter,jimmyrey,simple_name_prefix3:jim,0.9141176470588235,1.035294117647059,1.0,1.0,0.0
10834,instagram,kmoliver5,3,twitter,kmoliver,simple_name_prefix3:kmo,0.9141176470588235,1.035294117647059,1.0,1.0,0.0
13227,instagram,shawnms52,3,twitter,shawns52,simple_name_prefix3:sha,0.9141176470588235,1.035294117647059,1.0,1.0,0.0
10553,instagram,kassiafelix,3,twitter,kassiafelix,simple_name_prefix3:kas,0.9127272727272728,1.1,0.9090909090909091,1.0,0.0
7056,instagram,hawkinsarch,3,twitter,hawkinsarch,simple_name_prefix3:haw,0.9127272727272728,1.1,0.9090909090909091,1.0,0.0
8803,instagram,ericlwoods,3,twitter,ericlwoods,simple_name_prefix3:eri,0.9127272727272728,1.1,0.9090909090909091,1.0,0.0
6977,instagram,amrinlong,3,twitter,amrinlong,simple_name_prefix3:amr,0.9127272727272728,1.1,0.9090909090909091,1.0,0.0
11836,instagram,monicagmh,3,twitter,monicagmh,simple_name_prefix3:mon,0.9127272727272728,1.1,0.9090909090909091,1.0,0.0
9581,instagram,iamryno,3,twitter,iamryno,simple_name_prefix3:iam,0.9127272727272728,1.1,0.9090909090909091,1.0,0.0
9609,instagram,icha_nuura,3,twitter,icha_nuura,simple_name_prefix3:ich,0.9127272727272728,1.1,0.9090909090909091,1.0,0.0
4658,instagram,claudia_phares,3,twitter,claudiaphares,simple_name_prefix3:cla,0.9125925925925926,1.0592592592592593,0.9629629629629629,1.0,0.0
12066,instagram,nicolassalvador93,3,twitter,nicolassalvador,simple_name_prefix3:nic,0.9125000000000001,1.03125,1.0,1.0,0.0
10132,instagram,jj_fonseca,3,twitter,jj_fonseca,simple_name_prefix3:jj_,0.9114285714285715,1.1,0.9047619047619048,1.0,0.0
12360,instagram,pbustas,3,twitter,pbustas,simple_name_prefix3:pbu,0.9114285714285715,1.1,0.9047619047619048,1.0,0.0
12808,instagram,robertocamarajr,3,twitter,robertocamarajr,simple_name_prefix3:rob,0.9109677419354838,1.1,0.9032258064516129,1.0,0.0
8557,instagram,dougthearchitek,3,twitter,dougthearchitek,simple_name_prefix3:dou,0.9109677419354838,1.1,0.9032258064516129,1.0,0.0
8569,instagram,drcabrito,3,twitter,drcabrito,simple_name_prefix3:drc,0.9109677419354838,1.1,0.9032258064516129,1.0,0.0
13485,instagram,strobie1,3,twitter,strobie,simple_name_prefix3:str,0.9106666666666667,1.0266666666666668,1.0,1.0,0.0
10562,instagram,yoursocialstatus,3,twitter,yoursoclstatus,simple_name_prefix3:you,0.9106666666666667,1.0266666666666668,1.0,1.0,0.0
11251,instagram,bone187,3,twitter,bone_187,simple_name_prefix3:bon,0.9106666666666667,1.0266666666666668,1.0,1.0,0.0
5219,instagram,dragginz,3,twitter,draggin,simple_name_prefix3:dra,0.9106666666666667,1.0266666666666668,1.0,1.0,0.0
5148,instagram,ingridml,3,twitter,ingridl,simple_name_prefix3:ing,0.9106666666666667,1.0266666666666668,1.0,1.0,0.0
8913,instagram,fajarbns,3,twitter,fajarbn,simple_name_prefix3:faj,0.9106666666666667,1.0266666666666668,1.0,1.0,0.0
13606,instagram,taymoork,3,twitter,taymork,simple_name_prefix3:tay,0.9106666666666667,1.0266666666666668,1.0,1.0,0.0
13221,instagram,shauntsimpson,3,twitter,shaunsimpson,simple_name_prefix3:sha,0.9104000000000001,1.056,0.96,1.0,0.0
4955,instagram,fbogeo,3,twitter,fbogeo,simple_name_prefix3:fbo,0.9100000000000001,1.1,0.9,1.0,0.0
9796,instagram,jamesmngo,3,twitter,jamesmngo,simple_name_prefix3:jam,0.9100000000000001,1.1,0.9,1.0,0.0
6408,instagram,therlt,3,twitter,therlt,simple_name_prefix3:the,0.9100000000000001,1.1,0.9,1.0,0.0
8607,instagram,ucdws,3,twitter,ucdws,simple_name_prefix3:ucd,0.9100000000000001,1.1,0.9,1.0,0.0
8818,instagram,erikdlucas,3,twitter,erikdlucas,simple_name_prefix3:eri,0.9100000000000001,1.1,0.9,1.0,0.0
7766,instagram,celioikeda,3,twitter,celioikeda,simple_name_prefix3:cel,0.9100000000000001,1.1,0.9,1.0,0.0
7779,instagram,cftxp,3,twitter,cftxp,simple_name_prefix3:cft,0.9089655172413793,1.1,0.896551724137931,1.0,0.0
6378,instagram,tatigalletta,3,twitter,tatigalletta,simple_name_prefix3:tat,0.9089655172413793,1.1,0.896551724137931,1.0,0.0
5958,instagram,paulcleverley1,3,twitter,paul_cleverley,simple_name_prefix3:pau,0.9085714285714286,1.0214285714285716,1.0,1.0,0.0
7823,instagram,chelseaastark,3,twitter,chelseaannstark,simple_name_prefix3:che,0.9085714285714286,1.0214285714285716,1.0,1.0,0.0
12583,instagram,raffaelebianc0,3,twitter,raffaelebianco,simple_name_prefix3:raf,0.9085714285714286,1.0214285714285716,1.0,1.0,0.0
6079,instagram,renatafzpacheco,3,twitter,renatapacheco,simple_name_prefix3:ren,0.9085714285714286,1.0214285714285716,1.0,1.0,0.0
11754,instagram,mindthegip,3,twitter,mindthegip,simple_name_prefix3:min,0.908421052631579,1.1,0.8947368421052632,1.0,0.0
13145,instagram,seb_raynal,3,twitter,sebraynal,simple_name_prefix3:seb,0.9071646859083193,1.0421052631578949,0.967741935483871,1.0,0.0
6708,instagram,adeanom,3,twitter,adeanom,simple_name_prefix3:ade,0.9066666666666667,1.1,0.8888888888888888,1.0,0.0
12123,instagram,normiesd,3,twitter,normiesd,simple_name_prefix3:nor,0.9066666666666667,1.1,0.8888888888888888,1.0,0.0
5378,instagram,jovanoviczmaja,3,twitter,jovanoviczmaja,simple_name_prefix3:jov,0.9066666666666667,1.1,0.8888888888888888,1.0,0.0
13801,instagram,tomasgola,3,twitter,tomasgola,simple_name_prefix3:tom,0.9066666666666667,1.1,0.8888888888888888,1.0,0.0
11053,instagram,loicsimon,3,twitter,loicsimon,simple_name_prefix3:loi,0.9066666666666667,1.1,0.8888888888888888,1.0,0.0
7466,instagram,billywatsontv,3,twitter,billywatsontv,simple_name_prefix3:bil,0.9066666666666667,1.1,0.8888888888888888,1.0,0.0
9383,instagram,h0nza,3,twitter,h0nza,simple_name_prefix3:h0n,0.9066666666666667,1.1,0.8888888888888888,1.0,0.0
13697,instagram,thewmatt,3,twitter,thewmatt,simple_name_prefix3:the,0.9066666666666667,1.1,0.8888888888888888,1.0,0.0
9620,instagram,idvaad,3,twitter,idvaad,simple_name_prefix3:idv,0.9066666666666667,1.1,0.8888888888888888,1.0,0.0
9468,instagram,heatherlea17,3,twitter,heatherlea17,simple_name_prefix3:hea,0.9066666666666667,1.1,0.8888888888888888,1.0,0.0
945,googleplus,hassanshurrab,945,instagram,hasan.shurrab,simple_name_prefix3:has,0.9061538461538463,1.0153846153846156,1.0,1.0,0.0
7693,instagram,carloschevez95,3,twitter,carloschevez,simple_name_prefix3:car,0.9061538461538463,1.0153846153846156,1.0,1.0,0.0
8433,instagram,deydos,3,twitter,dey_dos,simple_name_prefix3:dey,0.9061538461538463,1.0153846153846156,1.0,1.0,0.0
13099,instagram,hawkse,3,twitter,hawk_se,simple_name_prefix3:haw,0.9061538461538463,1.0153846153846156,1.0,1.0,0.0
4095,googleplus,vinsolutions03,3,twitter,vinsolutions,simple_name_prefix3:vin,0.9061538461538463,1.0153846153846156,1.0,1.0,0.0
7563,instagram,brian.hawkins,3,twitter,brian_hawkins,simple_name_prefix3:bri,0.9061538461538463,1.0153846153846156,1.0,1.0,0.0
11169,instagram,mab_015,3,twitter,mab015,simple_name_prefix3:mab,0.9061538461538463,1.0153846153846156,1.0,1.0,0.0
11952,instagram,nancy3santana,3,twitter,nancysantana3,simple_name_prefix3:nan,0.9061538461538463,1.0153846153846156,1.0,1.0,0.0
9660,instagram,inakihh,3,twitter,inakih,simple_name_prefix3:ina,0.9061538461538463,1.0153846153846156,1.0,1.0,0.0
10341,instagram,joem13,3,twitter,joem013,simple_name_prefix3:joe,0.9061538461538463,1.0153846153846156,1.0,1.0,0.0
13244,instagram,autnes1,3,twitter,autnes,simple_name_prefix3:aut,0.9061538461538463,1.0153846153846156,1.0,1.0,0.0
9917,instagram,jazaelh,3,twitter,jazael,simple_name_prefix3:jaz,0.9061538461538463,1.0153846153846156,1.0,1.0,0.0
6099,instagram,ritwik,3,twitter,ritwikr,simple_name_prefix3:rit,0.9061538461538463,1.0153846153846156,1.0,1.0,0.0
9455,instagram,haz_vfx,3,twitter,hazvfx,simple_name_prefix3:haz,0.9061538461538463,1.0153846153846156,1.0,1.0,0.0
12910,instagram,royamazigh,3,twitter,royamazigh,simple_name_prefix3:roy,0.9051162790697675,1.1,0.8837209302325582,1.0,0.0
10838,instagram,kyrcha,3,twitter,kyrcha,simple_name_prefix3:kyr,0.9051162790697675,1.1,0.8837209302325582,1.0,0.0
7342,instagram,barbarakb,3,twitter,barbarakb,simple_name_prefix3:bar,0.9047058823529412,1.1,0.8823529411764706,1.0,0.0
5560,instagram,lesleepetersen,3,twitter,lesleepetersen,simple_name_prefix3:les,0.9047058823529412,1.1,0.8823529411764706,1.0,0.0
6484,instagram,tylerelliott,3,twitter,tylerelliott,simple_name_prefix3:tyl,0.9047058823529412,1.1,0.8823529411764706,1.0,0.0
5415,instagram,justicemitchell,3,twitter,justicemitchell,simple_name_prefix3:jus,0.9047058823529412,1.1,0.8823529411764706,1.0,0.0
12495,instagram,pointsnfigures,3,twitter,pointsnfigures,simple_name_prefix3:poi,0.9040000000000001,1.1,0.88,1.0,0.0
7119,instagram,anjanettew,3,twitter,anjanettew,simple_name_prefix3:anj,0.9040000000000001,1.1,0.88,1.0,0.0
8308,instagram,72dg,3,twitter,72dg,simple_name_prefix3:72d,0.9040000000000001,1.1,0.88,1.0,0.0
13411,googleplus,stephaniecain,3,twitter,stephanie_cain,simple_name_prefix3:ste,0.9037037037037037,1.0592592592592593,0.9333333333333333,1.0,0.0
10241,instagram,johnnysette,3,twitter,johnnysette,simple_name_prefix3:joh,0.9034146341463416,1.1,0.8780487804878049,1.0,0.0
7033,instagram,andreas_kaemmer,3,twitter,andreaskaemmer,simple_name_prefix3:and,0.9033990147783253,1.0620689655172415,0.9285714285714286,1.0,0.0
6853,instagram,alessandrasassi11,3,twitter,alessandrasassi,simple_name_prefix3:ale,0.9028225806451613,1.03125,0.967741935483871,1.0,0.0
11188,instagram,maestrofficial,3,twitter,maestrofficial,simple_name_prefix3:mae,0.9025000000000001,1.1,0.875,1.0,0.0
11990,instagram,naturesknockout,3,twitter,naturesknockout,simple_name_prefix3:nat,0.9025000000000001,1.1,0.875,1.0,0.0
6949,googleplus,am2ori,3,twitter,am2ori,simple_name_prefix3:am2,0.9025000000000001,1.1,0.875,1.0,0.0
8522,instagram,dolphinsmind,3,twitter,dolphinsmind,simple_name_prefix3:dol,0.9015384615384616,1.1,0.8717948717948718,1.0,0.0
6899,instagram,alfonsoroa,3,twitter,alfonsoroa,simple_name_prefix3:alf,0.9008695652173913,1.1,0.8695652173913043,1.0,0.0
11346,googleplus,markelmes,3,twitter,markelmes,simple_name_prefix3:mar,0.9008695652173913,1.1,0.8695652173913043,1.0,0.0
13141,instagram,sebastienbarre,3,twitter,sebastienbarre,simple_name_prefix3:seb,0.9008695652173913,1.1,0.8695652173913043,1.0,0.0
6478,instagram,2for1shows,3,twitter,2for1shows,simple_name_prefix3:2fo,0.9008695652173913,1.1,0.8695652173913043,1.0,0.0
7763,instagram,lovecelebquote,3,twitter,lovecelebquote,simple_name_prefix3:lov,0.9008695652173913,1.1,0.8695652173913043,1.0,0.0
14098,instagram,voytaw,3,twitter,voytaw,simple_name_prefix3:voy,0.9008695652173913,1.1,0.8695652173913043,1.0,0.0
8254,instagram,das_uz,3,twitter,dasuz,simple_name_prefix3:das,0.8999999999999999,1.0,1.0,1.0,0.0
8093,instagram,crystallyn14,3,twitter,crystallyn,simple_name_prefix3:cry,0.8999999999999999,1.0,1.0,1.0,0.0
11917,instagram,myles,3,twitter,mylesb,simple_name_prefix3:myl,0.8999999999999999,1.0,1.0,1.0,0.0
11861,instagram,mpritchard80,3,twitter,mpritchard,simple_name_prefix3:mpr,0.8999999999999999,1.0,1.0,1.0,0.0
6183,instagram,xdxdvsxdxd,3,twitter,xdxd_vs_xdxd,simple_name_prefix3:xdx,0.8999999999999999,1.0,1.0,1.0,0.0
14081,instagram,vivienkmchan,3,twitter,vivienchan,simple_name_prefix3:viv,0.8999999999999999,1.0,1.0,1.0,0.0
12634,instagram,raulfh,3,twitter,raulf,simple_name_prefix3:rau,0.8999999999999999,1.0,1.0,1.0,0.0
4654,instagram,clare.hoang,3,twitter,clare_hoang,simple_name_prefix3:cla,0.8999999999999999,1.0,1.0,1.0,0.0
6420,instagram,tiagodoval,3,twitter,tiago_do_val,simple_name_prefix3:tia,0.8999999999999999,1.0,1.0,1.0,0.0
13050,instagram,sarahrnance,3,twitter,sarah_nance,simple_name_prefix3:sar,0.8999999999999999,1.0,1.0,1.0,0.0
7431,instagram,betharnold99,3,twitter,betharnold,simple_name_prefix3:bet,0.8999999999999999,1.0,1.0,1.0,0.0
10660,instagram,eatdrinkandbekerry,3,twitter,eatdrinkbekerry,simple_name_prefix3:eat,0.8999999999999999,1.0,1.0,1.0,0.0
5900,instagram,nunoveloso18,3,twitter,nunoveloso,simple_name_prefix3:nun,0.8999999999999999,1.0,1.0,1.0,0.0
13444,instagram,stevebisig,3,twitter,stevebisig,simple_name_prefix3:ste,0.8990909090909092,1.1,0.8636363636363636,1.0,0.0
9234,instagram,gilmarsmith,3,twitter,gilmarmsmith,simple_name_prefix3:gil,0.8977926421404683,1.0521739130434784,0.9230769230769231,1.0,0.0
10025,googleplus,jeremymoore,3,twitter,jeremyamoore,simple_name_prefix3:jer,0.8977926421404683,1.0521739130434784,0.9230769230769231,1.0,0.0
6191,instagram,sandratheis,3,twitter,sandraktheis,simple_name_prefix3:san,0.8977926421404683,1.0521739130434784,0.9230769230769231,1.0,0.0
13114,instagram,scottwwilliamsiii,3,twitter,scottwwilliams,simple_name_prefix3:sco,0.8974193548387097,0.9935483870967743,1.0,1.0,0.0
9543,instagram,hcostanarejos,3,twitter,hcostanarejos,simple_name_prefix3:hco,0.8971428571428572,1.1,0.8571428571428571,1.0,0.0
5447,instagram,kbwatches,3,twitter,kbwatches,simple_name_prefix3:kbw,0.8971428571428572,1.1,0.8571428571428571,1.0,0.0
12503,instagram,poperotico,3,twitter,poperotico,simple_name_prefix3:pop,0.8971428571428572,1.1,0.8571428571428571,1.0,0.0
10757,instagram,knerq,3,twitter,knerq,simple_name_prefix3:kne,0.8971428571428572,1.1,0.8571428571428571,1.0,0.0
12683,instagram,renatobon,3,twitter,renatobon,simple_name_prefix3:ren,0.8971428571428572,1.1,0.8571428571428571,1.0,0.0
12514,instagram,prayut,3,twitter,prayut,simple_name_prefix3:pra,0.8971428571428572,1.1,0.8571428571428571,1.0,0.0
13518,instagram,supermjr,3,twitter,supermjr,simple_name_prefix3:sup,0.8971428571428572,1.1,0.8571428571428571,1.0,0.0
14069,instagram,viry,3,twitter,viry,simple_name_prefix3:vir,0.8971428571428572,1.1,0.8571428571428571,1.0,0.0
10190,instagram,joekyy,3,twitter,joekyy,simple_name_prefix3:joe,0.8971428571428572,1.1,0.8571428571428571,1.0,0.0
5850,instagram,nancymoon,3,twitter,nancymoonpr,simple_name_prefix3:nan,0.8960000000000001,0.9900000000000001,1.0,1.0,0.0
5236,instagram,jeanpiterbh,3,twitter,jeanpiter,simple_name_prefix3:jea,0.8960000000000001,0.9900000000000001,1.0,1.0,0.0
7265,instagram,atahualpamr,3,twitter,atahualpa,simple_name_prefix3:ata,0.8960000000000001,0.9900000000000001,1.0,1.0,0.0
11934,instagram,nadhilaaz,3,twitter,nadhilaaz,simple_name_prefix3:nad,0.895,1.1,0.85,1.0,0.0
10408,instagram,jaradediavolo,3,twitter,jaradediavolo,simple_name_prefix3:jar,0.895,1.1,0.85,1.0,0.0
9169,instagram,g_calatrava,3,twitter,g_calatrava,simple_name_prefix3:g_c,0.895,1.1,0.85,1.0,0.0
12006,instagram,nailmusic,3,twitter,nailmusic,simple_name_prefix3:nai,0.8945454545454545,1.1,0.8484848484848485,1.0,0.0
13042,instagram,sarabiaphoto,3,twitter,sarabiaphoto,simple_name_prefix3:sar,0.8945454545454545,1.1,0.8484848484848485,1.0,0.0
7992,instagram,cliffarobinson,3,twitter,cliffarobinson,simple_name_prefix3:cli,0.8945454545454545,1.1,0.8484848484848485,1.0,0.0
8431,instagram,dexxtr,3,twitter,dexxtr,simple_name_prefix3:dex,0.893846153846154,1.1,0.8461538461538461,1.0,0.0
12310,instagram,madwithrapture,3,twitter,madwithrapture,simple_name_prefix3:mad,0.893846153846154,1.1,0.8461538461538461,1.0,0.0
11491,instagram,mattshultz,3,twitter,mattshultz,simple_name_prefix3:mat,0.893846153846154,1.1,0.8461538461538461,1.0,0.0
8257,instagram,davebias,3,twitter,davebias,simple_name_prefix3:dav,0.8926315789473684,1.1,0.8421052631578947,1.0,0.0
5129,instagram,ibugueno,3,twitter,ibugueno,simple_name_prefix3:ibu,0.8926315789473684,1.1,0.8421052631578947,1.0,0.0
12593,instagram,raingal7,3,twitter,raingal7,simple_name_prefix3:rai,0.8926315789473684,1.1,0.8421052631578947,1.0,0.0
6069,instagram,rawveganista,3,twitter,rawveganista,simple_name_prefix3:raw,0.8916129032258064,1.1,0.8387096774193549,1.0,0.0
4937,instagram,evamarieu,3,twitter,evamarieu,simple_name_prefix3:eva,0.8911627906976745,1.1,0.8372093023255814,1.0,0.0
5661,instagram,mariapastoracl,3,twitter,mariapastora,simple_name_prefix3:mar,0.8911538461538462,1.0153846153846156,0.95,1.0,0.0
5600,instagram,lucasferrera,3,twitter,lucasferreracom,simple_name_prefix3:luc,0.8911111111111112,0.9777777777777779,1.0,1.0,0.0
13558,instagram,systaime,3,twitter,systaime18,simple_name_prefix3:sys,0.8911111111111112,0.9777777777777779,1.0,1.0,0.0
7377,instagram,beautyluxuryspa,3,twitter,beautyluxury,simple_name_prefix3:bea,0.8911111111111112,0.9777777777777779,1.0,1.0,0.0
8796,instagram,ericalan78,3,twitter,ericalan,simple_name_prefix3:eri,0.8911111111111112,0.9777777777777779,1.0,1.0,0.0
12763,instagram,riv3rmaya,3,twitter,rivermaya,simple_name_prefix3:riv,0.8911111111111112,0.9777777777777779,1.0,1.0,0.0
5930,instagram,othy,3,twitter,othy1,simple_name_prefix3:oth,0.8911111111111112,0.9777777777777779,1.0,1.0,0.0
10889,googleplus,lauramorelli,10889,instagram,lauramorelliphd,simple_name_prefix3:lau,0.8911111111111112,0.9777777777777779,1.0,1.0,0.0
11752,instagram,mindanaoan,3,twitter,mindanaoan,simple_name_prefix3:min,0.8900000000000001,1.1,0.8333333333333334,1.0,0.0
10031,instagram,jeremyfranklin,3,twitter,jeremyfranklin,simple_name_prefix3:jer,0.8900000000000001,1.1,0.8333333333333334,1.0,0.0
9101,instagram,fzzio,3,twitter,fzzio,simple_name_prefix3:fzz,0.8887804878048782,1.1,0.8292682926829268,1.0,0.0
6397,instagram,tessafaber,3,twitter,tessafaber,simple_name_prefix3:tes,0.8887804878048782,1.1,0.8292682926829268,1.0,0.0
12410,instagram,peternoster,3,twitter,peternoster,simple_name_prefix3:pet,0.8882758620689655,1.1,0.8275862068965517,1.0,0.0
7389,instagram,benackerman,3,twitter,benackerman,simple_name_prefix3:ben,0.8882758620689655,1.1,0.8275862068965517,1.0,0.0
7159,instagram,esquilo_antonio,3,twitter,esquilo_antonio,simple_name_prefix3:esq,0.8882758620689655,1.1,0.8275862068965517,1.0,0.0
12219,instagram,osum,3,twitter,osum,simple_name_prefix3:osu,0.8882758620689655,1.1,0.8275862068965517,1.0,0.0
7167,instagram,aorcsik,3,twitter,aorcsik,simple_name_prefix3:aor,0.8882758620689655,1.1,0.8275862068965517,1.0,0.0
11323,instagram,fotosensible,3,twitter,fotosensibleig,simple_name_prefix3:fot,0.8874038461538463,1.0153846153846156,0.9375,1.0,0.0
8288,instagram,davidbutler,3,twitter,david_a_butler,simple_name_prefix3:dav,0.8872,0.9680000000000001,1.0,1.0,0.0
13694,instagram,simonharrisbcn,3,twitter,simonharris,simple_name_prefix3:sim,0.8872,0.9680000000000001,1.0,1.0,0.0
9790,instagram,jamesgarner101,3,twitter,jamesgarner,simple_name_prefix3:jam,0.8872,0.9680000000000001,1.0,1.0,0.0
5201,instagram,jamiepappas423,3,twitter,jamiepappas,simple_name_prefix3:jam,0.8872,0.9680000000000001,1.0,1.0,0.0
12923,instagram,rubenabravoc,3,twitter,rubenabravoc,simple_name_prefix3:rub,0.8870588235294119,1.1,0.8235294117647058,1.0,0.0
11864,instagram,mrbambang,3,twitter,mrbambang,simple_name_prefix3:mrb,0.8870588235294119,1.1,0.8235294117647058,1.0,0.0
6931,instagram,allruiz,3,twitter,allruiz,simple_name_prefix3:all,0.8870588235294119,1.1,0.8235294117647058,1.0,0.0
10439,instagram,julianloperar,3,twitter,julianloperar,simple_name_prefix3:jul,0.8870588235294119,1.1,0.8235294117647058,1.0,0.0
7224,instagram,arty_kat,3,twitter,arty_kat,simple_name_prefix3:art,0.8870588235294119,1.1,0.8235294117647058,1.0,0.0
5711,instagram,maxmousee,3,twitter,maxmousee,simple_name_prefix3:max,0.8854545454545455,1.1,0.8181818181818182,1.0,0.0
13761,instagram,triley60,3,twitter,triley60,simple_name_prefix3:tri,0.8854545454545455,1.1,0.8181818181818182,1.0,0.0
4843,instagram,drewtinnin,3,twitter,drewtinnin,simple_name_prefix3:dre,0.8854545454545455,1.1,0.8181818181818182,1.0,0.0
13379,instagram,royersm,3,twitter,royersm87,simple_name_prefix3:roy,0.885,0.9625000000000001,1.0,1.0,0.0
4978,instagram,azathoth,3,twitter,azath0th,simple_name_prefix3:aza,0.885,0.9625000000000001,1.0,1.0,0.0
11190,instagram,mafesar0,3,twitter,mafesaro,simple_name_prefix3:maf,0.885,0.9625000000000001,1.0,1.0,0.0
11739,instagram,miketrap,3,twitter,miketrap,simple_name_prefix3:mik,0.8844444444444444,1.1,0.8148148148148148,1.0,0.0
8202,instagram,danilefreak,3,twitter,danilefreak,simple_name_prefix3:dan,0.8844444444444444,1.1,0.8148148148148148,1.0,0.0
7880,instagram,chrismontoyanet,3,twitter,chrismontoyanet,simple_name_prefix3:chr,0.88375,1.1,0.8125,1.0,0.0
8708,googleplus,elishaparris,8708,instagram,elishaparris,simple_name_prefix3:eli,0.88375,1.1,0.8125,1.0,0.0
10854,instagram,landervdb,3,twitter,landervdb,simple_name_prefix3:lan,0.8832432432432433,1.1,0.8108108108108109,1.0,0.0
6110,instagram,mantaypeli,3,twitter,mantaypeli,simple_name_prefix3:man,0.8832432432432433,1.1,0.8108108108108109,1.0,0.0
10275,instagram,jhonycrow,3,twitter,jhonycrow,simple_name_prefix3:jho,0.8832432432432433,1.1,0.8108108108108109,1.0,0.0
10247,instagram,johnson2772,3,twitter,johnson2772,simple_name_prefix3:joh,0.8832432432432433,1.1,0.8108108108108109,1.0,0.0
6798,instagram,triguycoaching,3,twitter,triguycoaching,simple_name_prefix3:tri,0.882857142857143,1.1,0.8095238095238095,1.0,0.0
8155,googleplus,danjackson,8155,instagram,danjackson415,simple_name_prefix3:dan,0.8826086956521739,0.9565217391304348,1.0,1.0,0.0
10934,instagram,leeoconnorart,3,twitter,leeoconnor,simple_name_prefix3:lee,0.8826086956521739,0.9565217391304348,1.0,1.0,0.0
13035,instagram,sanpedrohotelspa,3,twitter,sanpedro_hotel,simple_name_prefix3:san,0.8813333333333333,0.9533333333333335,1.0,1.0,0.0
2759,googleplus,kaprionvisionpage,3,twitter,kaprionvision,simple_name_prefix3:kap,0.8813333333333333,0.9533333333333335,1.0,1.0,0.0
5606,instagram,dobka,3,twitter,dobka,simple_name_prefix3:dob,0.8800000000000001,1.1,0.8,1.0,0.0
4251,instagram,ahmdovic,3,twitter,ahmdovic,simple_name_prefix3:ahm,0.8800000000000001,1.1,0.8,1.0,0.0
13087,instagram,schmeezus,3,twitter,schmeezus,simple_name_prefix3:sch,0.8800000000000001,1.1,0.8,1.0,0.0
13025,instagram,sandynenesa,3,twitter,sandynenesa,simple_name_prefix3:san,0.8800000000000001,1.1,0.8,1.0,0.0
13912,instagram,tuncelmas,3,twitter,tuncelmas,simple_name_prefix3:tun,0.8800000000000001,1.1,0.8,1.0,0.0
11607,instagram,mgarciaad,3,twitter,mgarciaad,simple_name_prefix3:mga,0.8800000000000001,1.1,0.8,1.0,0.0
5760,instagram,m_ikki,3,twitter,m_ikki,simple_name_prefix3:m_i,0.8800000000000001,1.1,0.8,1.0,0.0
12255,instagram,palelmvp,3,twitter,palelmvp,simple_name_prefix3:pal,0.8800000000000001,1.1,0.8,1.0,0.0
7725,instagram,casadobatan,3,twitter,casadobatan,simple_name_prefix3:cas,0.8800000000000001,1.1,0.8,1.0,0.0
5867,instagram,neotheone1981,3,twitter,neotheone1981,simple_name_prefix3:neo,0.8800000000000001,1.1,0.8,1.0,0.0
4587,instagram,carodavilall,3,twitter,carodavilall,simple_name_prefix3:car,0.8800000000000001,1.1,0.8,1.0,0.0
13052,instagram,saramations,3,twitter,saramations,simple_name_prefix3:sar,0.8800000000000001,1.1,0.8,1.0,0.0
4469,instagram,basakdolu,3,twitter,basakdolu,simple_name_prefix3:bas,0.8800000000000001,1.1,0.8,1.0,0.0
6676,instagram,abvec,3,twitter,abvec,simple_name_prefix3:abv,0.8772093023255814,1.1,0.7906976744186046,1.0,0.0
12725,instagram,ghignoni,3,twitter,ghigno,simple_name_prefix3:ghi,0.8771428571428572,0.9428571428571428,1.0,1.0,0.0
11113,instagram,lucasmaia.com.br,3,twitter,lucasmaiacom,simple_name_prefix3:luc,0.8771428571428572,0.9428571428571428,1.0,1.0,0.0
6272,instagram,shimamizucat,3,twitter,shimamizu,simple_name_prefix3:shi,0.8771428571428572,0.9428571428571428,1.0,1.0,0.0
6288,instagram,skafos,3,twitter,skafosyt,simple_name_prefix3:ska,0.8771428571428572,0.9428571428571428,1.0,1.0,0.0
6506,instagram,vallih31,3,twitter,vallih,simple_name_prefix3:val,0.8771428571428572,0.9428571428571428,1.0,1.0,0.0
6665,instagram,abdisk86,3,twitter,abdisk,simple_name_prefix3:abd,0.8771428571428572,0.9428571428571428,1.0,1.0,0.0
14276,instagram,yonnyseptian,3,twitter,yonnyseptian,simple_name_prefix3:yon,0.8768421052631579,1.1,0.7894736842105263,1.0,0.0
9778,instagram,sololeon,3,twitter,sololeon,simple_name_prefix3:sol,0.8768421052631579,1.1,0.7894736842105263,1.0,0.0
10306,instagram,jorgedeandres,3,twitter,jorgedeandres,simple_name_prefix3:jor,0.8768421052631579,1.1,0.7894736842105263,1.0,0.0
10746,instagram,shinranshoni,3,twitter,shinranshoni,simple_name_prefix3:shi,0.8768421052631579,1.1,0.7894736842105263,1.0,0.0
12946,instagram,rvcroffi,3,twitter,rvcroffi,simple_name_prefix3:rvc,0.8763636363636365,1.1,0.7878787878787878,1.0,0.0
8525,instagram,domi64,3,twitter,domi64,simple_name_prefix3:dom,0.8763636363636365,1.1,0.7878787878787878,1.0,0.0
8694,instagram,elenaymrtz,3,twitter,elenaymrtz,simple_name_prefix3:ele,0.8763636363636365,1.1,0.7878787878787878,1.0,0.0
13360,instagram,sosylos,3,twitter,sosylos,simple_name_prefix3:sos,0.8757142857142857,1.1,0.7857142857142857,1.0,0.0
5223,instagram,jawaadahmadkhan,3,twitter,jawaadahmadkhan,simple_name_prefix3:jaw,0.8757142857142857,1.1,0.7857142857142857,1.0,0.0
11601,instagram,metinemlak,3,twitter,metinemlak,simple_name_prefix3:met,0.8757142857142857,1.1,0.7857142857142857,1.0,0.0
12325,instagram,pauldiaz1776,3,twitter,pauldiaz1776,simple_name_prefix3:pau,0.8757142857142857,1.1,0.7857142857142857,1.0,0.0
5331,instagram,johnnyarco,3,twitter,johnnyarco,simple_name_prefix3:joh,0.8757142857142857,1.1,0.7857142857142857,1.0,0.0
10159,instagram,jmzubi,3,twitter,jmzubi,simple_name_prefix3:jmz,0.8747826086956523,1.1,0.782608695652174,1.0,0.0
7599,instagram,brownsdon,3,twitter,brownsdon,simple_name_prefix3:bro,0.8747826086956523,1.1,0.782608695652174,1.0,0.0
10282,instagram,jonjohns65,3,twitter,jonjohns65,simple_name_prefix3:jon,0.8747826086956523,1.1,0.782608695652174,1.0,0.0
10807,instagram,kryanhenisey,3,twitter,kryanhenisey,simple_name_prefix3:kry,0.8747826086956523,1.1,0.782608695652174,1.0,0.0
13422,instagram,stephanr78,3,twitter,stephanr78,simple_name_prefix3:ste,0.8747826086956523,1.1,0.782608695652174,1.0,0.0
13633,instagram,hiddenvalleyteri,3,twitter,hiddenvalleyrv,simple_name_prefix3:hid,0.8740162601626016,0.9533333333333335,0.975609756097561,1.0,0.0
14016,instagram,vehpus,3,twitter,vehpus,simple_name_prefix3:veh,0.8733333333333333,1.1,0.7777777777777778,1.0,0.0
14059,instagram,viniciogm,3,twitter,viniciogm,simple_name_prefix3:vin,0.8733333333333333,1.1,0.7777777777777778,1.0,0.0
11197,instagram,magoolin,3,twitter,magoolin,simple_name_prefix3:mag,0.8733333333333333,1.1,0.7777777777777778,1.0,0.0
13729,instagram,mstiffanydenise,3,twitter,mstiffanydenise,simple_name_prefix3:mst,0.8733333333333333,1.1,0.7777777777777778,1.0,0.0
13272,instagram,cibertecaria,3,twitter,cibertecaria,simple_name_prefix3:cib,0.8733333333333333,1.1,0.7777777777777778,1.0,0.0
12868,instagram,roman.rogner.cz,3,twitter,romanrogner,simple_name_prefix3:rom,0.8723076923076922,0.9307692307692308,1.0,1.0,0.0
9043,instagram,francoismathieu,3,twitter,francoismat,simple_name_prefix3:fra,0.8723076923076922,0.9307692307692308,1.0,1.0,0.0
4968,instagram,filipineves_voz,3,twitter,filipineves,simple_name_prefix3:fil,0.8723076923076922,0.9307692307692308,1.0,1.0,0.0
14233,instagram,xtasis501,3,twitter,xtasis501,simple_name_prefix3:xta,0.8722580645161291,1.1,0.7741935483870968,1.0,0.0
12161,instagram,ohegarty,3,twitter,ohegarty,simple_name_prefix3:ohe,0.8722580645161291,1.1,0.7741935483870968,1.0,0.0
9649,instagram,ilovenateb,3,twitter,ilovenateb,simple_name_prefix3:ilo,0.8722580645161291,1.1,0.7741935483870968,1.0,0.0
11260,instagram,muellermm,3,twitter,muellermm,simple_name_prefix3:mue,0.8722580645161291,1.1,0.7741935483870968,1.0,0.0
10301,instagram,jordijubany,3,twitter,jordijubany,simple_name_prefix3:jor,0.8722580645161291,1.1,0.7741935483870968,1.0,0.0
7221,instagram,ayelmo,3,twitter,ayelmo,simple_name_prefix3:aye,0.8722580645161291,1.1,0.7741935483870968,1.0,0.0
8957,instagram,farlegend,3,twitter,farlegend,simple_name_prefix3:far,0.8722580645161291,1.1,0.7741935483870968,1.0,0.0
13418,instagram,preppychic,3,twitter,preppy_chic,simple_name_prefix3:pre,0.8716791979949874,1.0476190476190477,0.8421052631578947,1.0,0.0
12656,instagram,reneelbeck,3,twitter,reneelbeck,simple_name_prefix3:ren,0.8707692307692307,1.1,0.7692307692307693,1.0,0.0
11526,instagram,mbhw,3,twitter,mbhw,simple_name_prefix3:mbh,0.8707692307692307,1.1,0.7692307692307693,1.0,0.0
11090,instagram,lramosneira,3,twitter,lramosneira,simple_name_prefix3:lra,0.8707692307692307,1.1,0.7692307692307693,1.0,0.0
13103,instagram,lscottharrell,3,twitter,lscottharrell,simple_name_prefix3:lsc,0.8707692307692307,1.1,0.7692307692307693,1.0,0.0
7084,instagram,andypiper,3,twitter,andypiper,simple_name_prefix3:and,0.8707692307692307,1.1,0.7692307692307693,1.0,0.0
14117,instagram,warp5,3,twitter,warp5,simple_name_prefix3:war,0.8707692307692307,1.1,0.7692307692307693,1.0,0.0
9376,instagram,guyu2711,3,twitter,guyu2711,simple_name_prefix3:guy,0.8707692307692307,1.1,0.7692307692307693,1.0,0.0
10588,instagram,katmaund,3,twitter,katmaund,simple_name_prefix3:kat,0.8707692307692307,1.1,0.7692307692307693,1.0,0.0
5883,instagram,nicolespag,3,twitter,nicolespag,simple_name_prefix3:nic,0.8707692307692307,1.1,0.7692307692307693,1.0,0.0
11089,instagram,leonardorsb,3,twitter,leonardo,simple_name_prefix3:leo,0.8705263157894736,0.9263157894736842,1.0,1.0,0.0
6643,instagram,604homes,3,twitter,604homesguy,simple_name_prefix3:604,0.8705263157894736,0.9263157894736842,1.0,1.0,0.0
8377,instagram,hvwinegoddess,3,twitter,hvwinegoddess,simple_name_prefix3:hvw,0.8697872340425532,1.1,0.7659574468085106,1.0,0.0
6044,instagram,racheletnicole,3,twitter,racheletnicole,simple_name_prefix3:rac,0.8694117647058823,1.1,0.7647058823529411,1.0,0.0
4253,instagram,aidenmckenna,3,twitter,aidenmckenna,simple_name_prefix3:aid,0.8694117647058823,1.1,0.7647058823529411,1.0,0.0
14182,instagram,willmac235brn,3,twitter,willmac235brn,simple_name_prefix3:wil,0.8694117647058823,1.1,0.7647058823529411,1.0,0.0
5082,instagram,vjkombajn,3,twitter,vjkombajn,simple_name_prefix3:vjk,0.8694117647058823,1.1,0.7647058823529411,1.0,0.0
5969,instagram,pavelin,3,twitter,pavelin,simple_name_prefix3:pav,0.8694117647058823,1.1,0.7647058823529411,1.0,0.0
9397,googleplus,muhaiminsafaruddin,9397,instagram,muhaiminsafar,simple_name_prefix3:muh,0.8690322580645162,0.9225806451612905,1.0,1.0,0.0
7767,instagram,celiooliveirasouza,3,twitter,celiooliveira,simple_name_prefix3:cel,0.8690322580645162,0.9225806451612905,1.0,1.0,0.0
10347,instagram,joshuadirks,3,twitter,joshdirks,simple_name_prefix3:jos,0.8687272727272728,0.9900000000000001,0.9090909090909091,1.0,0.0
13279,instagram,simmonsstummer,3,twitter,simmonsstummer,simple_name_prefix3:sim,0.8685714285714285,1.1,0.7619047619047619,1.0,0.0
12389,instagram,pepejavier,3,twitter,pepejavier,simple_name_prefix3:pep,0.8685714285714285,1.1,0.7619047619047619,1.0,0.0
8910,instagram,faishaliaasta,3,twitter,faishaliaasta,simple_name_prefix3:fai,0.8685714285714285,1.1,0.7619047619047619,1.0,0.0
10438,instagram,jusakae,3,twitter,jusakae,simple_name_prefix3:jus,0.8685714285714285,1.1,0.7619047619047619,1.0,0.0
4685,instagram,unnika,3,twitter,unnika,simple_name_prefix3:unn,0.8685714285714285,1.1,0.7619047619047619,1.0,0.0
8344,instagram,davisj2007,3,twitter,davisj2007,simple_name_prefix3:dav,0.8685714285714285,1.1,0.7619047619047619,1.0,0.0
8951,instagram,fe_notavel,3,twitter,fe_notavel,simple_name_prefix3:fe_,0.8675862068965519,1.1,0.7586206896551724,1.0,0.0
12519,googleplus,prettypinkponies,12519,instagram,prettypinkponies,simple_name_prefix3:pre,0.8675862068965519,1.1,0.7586206896551724,1.0,0.0
11213,instagram,mamadweeb2,3,twitter,mamadweeb,simple_name_prefix3:mam,0.8668421052631579,1.0421052631578949,0.8333333333333334,1.0,0.0
11125,instagram,ludmyrp,3,twitter,ludmy,simple_name_prefix3:lud,0.8666666666666667,0.9166666666666667,1.0,1.0,0.0
13933,instagram,tyraburton,3,twitter,tyraanneburton,simple_name_prefix3:tyr,0.8666666666666667,0.9166666666666667,1.0,1.0,0.0
8127,instagram,daeglo,3,twitter,daegl0,simple_name_prefix3:dae,0.8666666666666667,0.9166666666666667,1.0,1.0,0.0
5730,instagram,mehan,3,twitter,mehan_j,simple_name_prefix3:meh,0.8666666666666667,0.9166666666666667,1.0,1.0,0.0
7545,instagram,brebr0,3,twitter,brebro,simple_name_prefix3:bre,0.8666666666666667,0.9166666666666667,1.0,1.0,0.0
9104,instagram,gabbyfe,3,twitter,gabfe,simple_name_prefix3:gab,0.8666666666666667,0.9166666666666667,1.0,1.0,0.0
11799,instagram,mjr_jr,3,twitter,mjr_jr,simple_name_prefix3:mjr,0.865,1.1,0.75,1.0,0.0
12932,instagram,rudestan,3,twitter,rudestan,simple_name_prefix3:rud,0.865,1.1,0.75,1.0,0.0
11591,instagram,mernissi,3,twitter,mernissi,simple_name_prefix3:mer,0.865,1.1,0.75,1.0,0.0
13722,instagram,thorpeland,3,twitter,thorpeland,simple_name_prefix3:tho,0.865,1.1,0.75,1.0,0.0
10812,instagram,ksaim,3,twitter,ksaim,simple_name_prefix3:ksa,0.865,1.1,0.75,1.0,0.0
6813,instagram,alandrewmusic,3,twitter,alandrewmusic,simple_name_prefix3:ala,0.865,1.1,0.75,1.0,0.0
7972,instagram,claseraul,3,twitter,claseraul,simple_name_prefix3:cla,0.865,1.1,0.75,1.0,0.0
6235,instagram,mojopin66,3,twitter,mojopin66,simple_name_prefix3:moj,0.865,1.1,0.75,1.0,0.0
10964,googleplus,leonardovillanova,3,twitter,leovillanova,simple_name_prefix3:leo,0.8641379310344828,0.9103448275862069,1.0,1.0,0.0
6701,instagram,adamvilliersmusic,3,twitter,adamvilliers,simple_name_prefix3:ada,0.8641379310344828,0.9103448275862069,1.0,1.0,0.0
6350,instagram,stripper101vegas,3,twitter,stripper101lv,simple_name_prefix3:str,0.8641379310344828,0.9103448275862069,1.0,1.0,0.0
7966,instagram,claireisabel78102,3,twitter,claireisabel,simple_name_prefix3:cla,0.8641379310344828,0.9103448275862069,1.0,1.0,0.0
7533,instagram,bram_fc,3,twitter,bramfc,simple_name_prefix3:bra,0.8632967032967034,1.0153846153846156,0.8571428571428571,1.0,0.0
10325,instagram,josefran_arq,3,twitter,josefran_arq,simple_name_prefix3:jos,0.8632558139534885,1.1,0.7441860465116279,1.0,0.0
9220,instagram,ggty,3,twitter,ggty,simple_name_prefix3:ggt,0.8632558139534885,1.1,0.7441860465116279,1.0,0.0
7574,instagram,bmayzure,3,twitter,bmayzure,simple_name_prefix3:bma,0.862857142857143,1.1,0.7428571428571429,1.0,0.0
13122,instagram,scriptyweb,3,twitter,scripty,simple_name_prefix3:scr,0.8623529411764705,0.9058823529411765,1.0,1.0,0.0
9914,instagram,jay_roh_23,3,twitter,jay_roh,simple_name_prefix3:jay,0.8623529411764705,0.9058823529411765,1.0,1.0,0.0
11455,instagram,mattexe,3,twitter,mattexecom,simple_name_prefix3:mat,0.8623529411764705,0.9058823529411765,1.0,1.0,0.0
5180,instagram,jadelim888,3,twitter,jadelim,simple_name_prefix3:jad,0.8623529411764705,0.9058823529411765,1.0,1.0,0.0
13708,instagram,thisgunforhire,3,twitter,thisgunforhire,simple_name_prefix3:thi,0.8622222222222222,1.1,0.7407407407407407,1.0,0.0
9733,instagram,jabijaber,3,twitter,jabijaber,simple_name_prefix3:jab,0.8622222222222222,1.1,0.7407407407407407,1.0,0.0
6479,instagram,tybarbary,3,twitter,tybarbary,simple_name_prefix3:tyb,0.8622222222222222,1.1,0.7407407407407407,1.0,0.0
6244,instagram,sgonzalezmoya,3,twitter,sgonzalezmoya,simple_name_prefix3:sgo,0.8622222222222222,1.1,0.7407407407407407,1.0,0.0
10554,instagram,katalnikov,3,twitter,katalnikov,simple_name_prefix3:kat,0.8622222222222222,1.1,0.7407407407407407,1.0,0.0
6309,instagram,soulblissevents,3,twitter,soulblissevents,simple_name_prefix3:sou,0.8622222222222222,1.1,0.7407407407407407,1.0,0.0
13595,instagram,tarsisvalentim,3,twitter,tarsisvalentim,simple_name_prefix3:tar,0.8610526315789475,1.1,0.7368421052631579,1.0,0.0
8360,instagram,dbhaffey,3,twitter,dbhaffey,simple_name_prefix3:dbh,0.8610526315789475,1.1,0.7368421052631579,1.0,0.0
5297,instagram,jinkwell,3,twitter,jinkwell,simple_name_prefix3:jin,0.8610526315789475,1.1,0.7368421052631579,1.0,0.0
9663,googleplus,indumentalco,3,twitter,indumental,simple_name_prefix3:ind,0.8608695652173912,1.0,0.8695652173913043,1.0,0.0
11871,instagram,mrjb3,3,twitter,mrjb3,simple_name_prefix3:mrj,0.8600000000000001,1.1,0.7333333333333333,1.0,0.0
6778,instagram,ainufaisal,3,twitter,ainufaisal,simple_name_prefix3:ain,0.8600000000000001,1.1,0.7333333333333333,1.0,0.0
7411,instagram,bennewton999,3,twitter,benenewton,simple_name_prefix3:ben,0.8600000000000001,0.9000000000000001,1.0,1.0,0.0
6591,instagram,drollgirl,3,twitter,drollgirlbabe,simple_name_prefix3:dro,0.8600000000000001,0.9000000000000001,1.0,1.0,0.0
5695,instagram,matt_bowers,3,twitter,mateobowers,simple_name_prefix3:mat,0.8600000000000001,0.9000000000000001,1.0,1.0,0.0
9347,instagram,guedado,3,twitter,guedado,simple_name_prefix3:gue,0.8600000000000001,1.1,0.7333333333333333,1.0,0.0
13081,instagram,schalaschly,3,twitter,schalaschly,simple_name_prefix3:sch,0.8600000000000001,1.1,0.7333333333333333,1.0,0.0
10930,googleplus,leehernly0630,10930,instagram,leehernly,simple_name_prefix3:lee,0.8600000000000001,0.9000000000000001,1.0,1.0,0.0
13776,instagram,tjchampagnephoto,3,twitter,tjchampagne,simple_name_prefix3:tjc,0.8585185185185185,0.8962962962962964,1.0,1.0,0.0
13182,instagram,setla,3,twitter,setla,simple_name_prefix3:set,0.8581818181818182,1.1,0.7272727272727273,1.0,0.0
10561,instagram,katerryna,3,twitter,katerryna,simple_name_prefix3:kat,0.8581818181818182,1.1,0.7272727272727273,1.0,0.0
13689,instagram,theraisak,3,twitter,theraisak,simple_name_prefix3:the,0.8581818181818182,1.1,0.7272727272727273,1.0,0.0
9702,instagram,isaiassharon,3,twitter,isaiassharon,simple_name_prefix3:isa,0.8581818181818182,1.1,0.7272727272727273,1.0,0.0
4861,instagram,ecos123,3,twitter,ecos123,simple_name_prefix3:eco,0.8581818181818182,1.1,0.7272727272727273,1.0,0.0
12285,instagram,patamaaun,3,twitter,patamaaun,simple_name_prefix3:pat,0.8581818181818182,1.1,0.7272727272727273,1.0,0.0
9019,instagram,fozdemircom,3,twitter,fozdemircom,simple_name_prefix3:foz,0.8581818181818182,1.1,0.7272727272727273,1.0,0.0
8726,instagram,elvisdylee,3,twitter,elvisdylee,simple_name_prefix3:elv,0.8581818181818182,1.1,0.7272727272727273,1.0,0.0
5983,instagram,peruho,3,twitter,peruho,simple_name_prefix3:per,0.8581818181818182,1.1,0.7272727272727273,1.0,0.0
4945,instagram,ezefranca,3,twitter,ezefranca,simple_name_prefix3:eze,0.8581818181818182,1.1,0.7272727272727273,1.0,0.0
12203,instagram,oriolmendivil,3,twitter,oriolmendivil,simple_name_prefix3:ori,0.8581818181818182,1.1,0.7272727272727273,1.0,0.0
8741,instagram,emilio.delrio,3,twitter,emilio_delrio,simple_name_prefix3:emi,0.8577667493796526,1.0153846153846156,0.8387096774193549,1.0,0.0
14029,instagram,vicentenadal,3,twitter,vicentenadal,simple_name_prefix3:vic,0.8566666666666667,1.1,0.7222222222222222,1.0,0.0
8816,instagram,eriktek,3,twitter,eriktek,simple_name_prefix3:eri,0.8566666666666667,1.1,0.7222222222222222,1.0,0.0
6212,instagram,sathyabcom,3,twitter,sathyabcom,simple_name_prefix3:sat,0.8566666666666667,1.1,0.7222222222222222,1.0,0.0
4974,instagram,fitopardo,3,twitter,fitopardo,simple_name_prefix3:fit,0.8560000000000001,1.1,0.72,1.0,0.0
9722,instagram,ivanrruiz,3,twitter,ivanrruiz,simple_name_prefix3:iva,0.8560000000000001,1.1,0.72,1.0,0.0
10597,instagram,kaylinmaephoto,3,twitter,kaylinmaephoto,simple_name_prefix3:kay,0.8560000000000001,1.1,0.72,1.0,0.0
7115,instagram,aniskhan001,3,twitter,aniskhan001,simple_name_prefix3:ani,0.8560000000000001,1.1,0.72,1.0,0.0
12396,instagram,pesaldias,3,twitter,pesaldias,simple_name_prefix3:pes,0.8560000000000001,1.1,0.72,1.0,0.0
6371,instagram,takinyerphoto,3,twitter,takinyerphoto,simple_name_prefix3:tak,0.8560000000000001,1.1,0.72,1.0,0.0
7333,instagram,balexandre,3,twitter,balexandre,simple_name_prefix3:bal,0.8560000000000001,1.1,0.72,1.0,0.0
9647,instagram,mhdiams,3,twitter,mhdiams,simple_name_prefix3:mhd,0.8553846153846154,1.1,0.717948717948718,1.0,0.0
10136,instagram,jking1627,3,twitter,jking1627,simple_name_prefix3:jki,0.8542857142857143,1.1,0.7142857142857143,1.0,0.0
13571,instagram,tal_rasha,3,twitter,tal_rasha,simple_name_prefix3:tal,0.8542857142857143,1.1,0.7142857142857143,1.0,0.0
7320,instagram,azfarrizvi,3,twitter,azfarrizvi,simple_name_prefix3:azf,0.8529032258064517,1.1,0.7096774193548387,1.0,0.0
7193,instagram,arispectator,3,twitter,arispect,simple_name_prefix3:ari,0.8520000000000001,0.8800000000000001,1.0,1.0,0.0
6035,instagram,puertovallartamexico,3,twitter,puertovallarta2,simple_name_prefix3:pue,0.8520000000000001,0.8800000000000001,1.0,1.0,0.0
9932,instagram,jcnesster,3,twitter,jcness,simple_name_prefix3:jcn,0.8520000000000001,0.8800000000000001,1.0,1.0,0.0
10313,instagram,jorgeramossantos,3,twitter,jorge_r_santos,simple_name_prefix3:jor,0.8520000000000001,0.8800000000000001,1.0,1.0,0.0
4859,instagram,dylansneedmusic,3,twitter,dylansneed,simple_name_prefix3:dyl,0.8520000000000001,0.8800000000000001,1.0,1.0,0.0
6657,instagram,aaronjones,3,twitter,aaronjonesmagic,simple_name_prefix3:aar,0.8520000000000001,0.8800000000000001,1.0,1.0,0.0
4782,instagram,deonsp,3,twitter,deon,simple_name_prefix3:deo,0.8520000000000001,0.8800000000000001,1.0,1.0,0.0
5397,instagram,vipvop,3,twitter,vipvopdfx,simple_name_prefix3:vip,0.8520000000000001,0.8800000000000001,1.0,1.0,0.0
7881,instagram,mauihi,3,twitter,maui,simple_name_prefix3:mau,0.8520000000000001,0.8800000000000001,1.0,1.0,0.0
12806,instagram,robertoalbertinicr,3,twitter,robalbertini,simple_name_prefix3:rob,0.8520000000000001,0.8800000000000001,1.0,1.0,0.0
11988,instagram,musas20,3,twitter,musas20,simple_name_prefix3:mus,0.851764705882353,1.1,0.7058823529411765,1.0,0.0
7199,instagram,arndal,3,twitter,arndal,simple_name_prefix3:arn,0.851764705882353,1.1,0.7058823529411765,1.0,0.0
8080,instagram,crishnakh,3,twitter,crishnakh,simple_name_prefix3:cri,0.851764705882353,1.1,0.7058823529411765,1.0,0.0
4596,instagram,cassiodias25,3,twitter,cassiodias25,simple_name_prefix3:cas,0.851764705882353,1.1,0.7058823529411765,1.0,0.0
8420,instagram,gnadv,3,twitter,gnadv,simple_name_prefix3:gna,0.851764705882353,1.1,0.7058823529411765,1.0,0.0
13648,instagram,thatsnathan,3,twitter,thatsnathan,simple_name_prefix3:tha,0.851764705882353,1.1,0.7058823529411765,1.0,0.0
13191,instagram,shahsocialmedia,3,twitter,shahsocialmedia,simple_name_prefix3:sha,0.851764705882353,1.1,0.7058823529411765,1.0,0.0
10843,instagram,ladyblogue,3,twitter,ladyblogue,simple_name_prefix3:lad,0.8508108108108108,1.1,0.7027027027027027,1.0,0.0
8092,instagram,cruisebuzz,3,twitter,cruisebuzz,simple_name_prefix3:cru,0.8508108108108108,1.1,0.7027027027027027,1.0,0.0
10754,instagram,kmartinezcarter,3,twitter,kmartinezcarter,simple_name_prefix3:kma,0.8505263157894738,1.1,0.7017543859649122,1.0,0.0
8391,instagram,deflemonkid,3,twitter,deflemonkid,simple_name_prefix3:def,0.8500000000000001,1.1,0.7,1.0,0.0
12250,instagram,padschicago,3,twitter,padschicago,simple_name_prefix3:pad,0.8500000000000001,1.1,0.7,1.0,0.0
8071,instagram,genshi,3,twitter,genshi,simple_name_prefix3:gen,0.8500000000000001,1.1,0.7,1.0,0.0
9655,instagram,tujuhrupa,3,twitter,tujuhrupa,simple_name_prefix3:tuj,0.8500000000000001,1.1,0.7,1.0,0.0
13352,instagram,suneyeslady,3,twitter,suneyeslady,simple_name_prefix3:sun,0.8500000000000001,1.1,0.7,1.0,0.0
8821,instagram,eriksjos,3,twitter,eriksjos,simple_name_prefix3:eri,0.8500000000000001,1.1,0.7,1.0,0.0
5405,instagram,julianna12369,3,twitter,julianna12369,simple_name_prefix3:jul,0.8500000000000001,1.1,0.7,1.0,0.0
9467,instagram,heatherlarson,3,twitter,heatherlarson,simple_name_prefix3:hea,0.8500000000000001,1.1,0.7,1.0,0.0
5465,instagram,mistersoul216,3,twitter,mistersoul216,simple_name_prefix3:mis,0.8500000000000001,1.1,0.7,1.0,0.0
7710,instagram,carolinewabara,3,twitter,carolinewabara,simple_name_prefix3:car,0.8493023255813954,1.1,0.6976744186046512,1.0,0.0
6368,instagram,sweetpeaangel,3,twitter,sweetpeaangelz,simple_name_prefix3:swe,0.8487037037037037,1.0592592592592593,0.75,1.0,0.0
6569,instagram,michaela_w,3,twitter,michaela_w,simple_name_prefix3:mic,0.8486956521739131,1.1,0.6956521739130435,1.0,0.0
6826,instagram,albertobuenor,3,twitter,albertobuenor,simple_name_prefix3:alb,0.8486956521739131,1.1,0.6956521739130435,1.0,0.0
5474,instagram,khartline,3,twitter,khartline,simple_name_prefix3:kha,0.8486956521739131,1.1,0.6956521739130435,1.0,0.0
12679,instagram,reicaceres,3,twitter,reicaceres,simple_name_prefix3:rei,0.8486956521739131,1.1,0.6956521739130435,1.0,0.0
10594,instagram,kaykas,3,twitter,kaykas,simple_name_prefix3:kay,0.8476923076923077,1.1,0.6923076923076923,1.0,0.0
9486,instagram,hemanthg4,3,twitter,hemanthg4,simple_name_prefix3:hem,0.8476923076923077,1.1,0.6923076923076923,1.0,0.0
7326,instagram,bakespace,3,twitter,bakespace,simple_name_prefix3:bak,0.8476923076923077,1.1,0.6923076923076923,1.0,0.0
5412,instagram,jullianpablo,3,twitter,jullianpablo,simple_name_prefix3:jul,0.8476923076923077,1.1,0.6923076923076923,1.0,0.0
9498,instagram,hermaniak,3,twitter,hermaniak,simple_name_prefix3:her,0.8476923076923077,1.1,0.6923076923076923,1.0,0.0
12555,instagram,rabbijason,3,twitter,rabbijason,simple_name_prefix3:rab,0.8476923076923077,1.1,0.6923076923076923,1.0,0.0
9575,instagram,ialgaring,3,twitter,ialgarin,simple_name_prefix3:ial,0.8474509803921568,1.035294117647059,0.7777777777777778,1.0,0.0
7675,instagram,candy_spender,3,twitter,candyspender,simple_name_prefix3:can,0.8473999999999999,1.056,0.75,1.0,0.0
2882,googleplus,lanethsffarlennofficial,3,twitter,lanethsffarlenn,simple_name_prefix3:lan,0.8473684210526315,0.868421052631579,1.0,1.0,0.0
7762,instagram,cefm,3,twitter,cefm,simple_name_prefix3:cef,0.846896551724138,1.1,0.6896551724137931,1.0,0.0
9564,instagram,hyp3rstrike,3,twitter,hyp3rstrike,simple_name_prefix3:hyp,0.846896551724138,1.1,0.6896551724137931,1.0,0.0
6298,instagram,smilesfilm,3,twitter,smilesfilm,simple_name_prefix3:smi,0.846896551724138,1.1,0.6896551724137931,1.0,0.0
9033,instagram,francescoruscelli,3,twitter,fraruscelli,simple_name_prefix3:fra,0.8457142857142856,0.8642857142857143,1.0,1.0,0.0
11986,instagram,whiteeagle1985,3,twitter,whiteeagle2008,simple_name_prefix3:whi,0.8457142857142856,0.8642857142857143,1.0,1.0,0.0
9566,instagram,hyturkyilmaz,3,twitter,hyturkyilmaz,simple_name_prefix3:hyt,0.8452631578947369,1.1,0.6842105263157895,1.0,0.0
8453,instagram,dianebourque,3,twitter,dianebourque,simple_name_prefix3:dia,0.8452631578947369,1.1,0.6842105263157895,1.0,0.0
12502,instagram,poohko_hawaii,3,twitter,poohko_hawaii,simple_name_prefix3:poo,0.8452631578947369,1.1,0.6842105263157895,1.0,0.0
14168,instagram,widejko,3,twitter,widejko,simple_name_prefix3:wid,0.8448780487804879,1.1,0.6829268292682927,1.0,0.0
9681,instagram,ipbrian,3,twitter,ipbrian,simple_name_prefix3:ipb,0.8448780487804879,1.1,0.6829268292682927,1.0,0.0
12884,instagram,ronimarin,3,twitter,ronimarinkovic,simple_name_prefix3:ron,0.8443478260869566,0.8608695652173914,1.0,1.0,0.0
4488,instagram,benmiller,3,twitter,benmillerphoto,simple_name_prefix3:ben,0.8443478260869566,0.8608695652173914,1.0,1.0,0.0
11224,instagram,manishdas,3,twitter,manish_lal_das,simple_name_prefix3:man,0.8443478260869566,0.8608695652173914,1.0,1.0,0.0
6068,instagram,ravenhall,3,twitter,ravenhall,simple_name_prefix3:rav,0.8440000000000001,1.1,0.68,1.0,0.0
8331,instagram,drh3,3,twitter,drh3,simple_name_prefix3:drh,0.8440000000000001,1.1,0.68,1.0,0.0
6717,instagram,adiuwouwo,3,twitter,adiuwouwo,simple_name_prefix3:adi,0.8440000000000001,1.1,0.68,1.0,0.0
4837,instagram,ddcspanky,3,twitter,ddcspanky,simple_name_prefix3:ddc,0.8433898305084746,1.1,0.6779661016949152,1.0,0.0
7360,instagram,rowen11,3,twitter,rowen_11,simple_name_prefix3:row,0.8429247311827957,1.0266666666666668,0.7741935483870968,1.0,0.0
6677,instagram,ablakew,3,twitter,ablakewhite,simple_name_prefix3:abl,0.8422222222222222,0.8555555555555556,1.0,1.0,0.0
12175,instagram,oliveram,3,twitter,olivera_84,simple_name_prefix3:oli,0.8422222222222222,0.8555555555555556,1.0,1.0,0.0
4734,instagram,dashamalove,3,twitter,dashama,simple_name_prefix3:das,0.8422222222222222,0.8555555555555556,1.0,1.0,0.0
11403,instagram,tinchopombo,3,twitter,tinchop,simple_name_prefix3:tin,0.8422222222222222,0.8555555555555556,1.0,1.0,0.0
7435,instagram,betooliveirame,3,twitter,betooliveira,simple_name_prefix3:bet,0.841868131868132,1.0153846153846156,0.7857142857142857,1.0,0.0
7929,instagram,christopher_spiewak,3,twitter,chrisspiewak,simple_name_prefix3:chr,0.8406451612903225,0.8516129032258065,1.0,1.0,0.0
11883,instagram,mserdark,3,twitter,mserdark,simple_name_prefix3:mse,0.8400000000000001,1.1,0.6666666666666666,1.0,0.0
12874,instagram,jtronald,3,twitter,jtronald,simple_name_prefix3:jtr,0.8400000000000001,1.1,0.6666666666666666,1.0,0.0
14352,googleplus,zohebraza,14352,instagram,zohebraza,simple_name_prefix3:zoh,0.8400000000000001,1.1,0.6666666666666666,1.0,0.0
8729,instagram,zatomas,3,twitter,zatomas,simple_name_prefix3:zat,0.8400000000000001,1.1,0.6666666666666666,1.0,0.0
8191,instagram,daniellingham,3,twitter,daniellingham,simple_name_prefix3:dan,0.8400000000000001,1.1,0.6666666666666666,1.0,0.0
5679,instagram,martylukay,3,twitter,martylukay,simple_name_prefix3:mar,0.8400000000000001,1.1,0.6666666666666666,1.0,0.0
11331,instagram,marjolijn,3,twitter,marjolijn,simple_name_prefix3:mar,0.8400000000000001,1.1,0.6666666666666666,1.0,0.0
12016,instagram,neosushi68,3,twitter,neosushi68,simple_name_prefix3:neo,0.8400000000000001,1.1,0.6666666666666666,1.0,0.0
13382,instagram,ssieg,3,twitter,ssieg,simple_name_prefix3:ssi,0.8400000000000001,1.1,0.6666666666666666,1.0,0.0
6897,instagram,alfgel,3,twitter,alfgel,simple_name_prefix3:alf,0.8400000000000001,1.1,0.6666666666666666,1.0,0.0
7801,instagram,charismatikasd,3,twitter,charismatikasd,simple_name_prefix3:cha,0.8400000000000001,1.1,0.6666666666666666,1.0,0.0
13037,instagram,atilo,3,twitter,atilo,simple_name_prefix3:ati,0.8400000000000001,1.1,0.6666666666666666,1.0,0.0
10972,instagram,letylabo,3,twitter,letylabo,simple_name_prefix3:let,0.8400000000000001,1.1,0.6666666666666666,1.0,0.0
6539,instagram,virideth,3,twitter,virideth,simple_name_prefix3:vir,0.8400000000000001,1.1,0.6666666666666666,1.0,0.0
11031,instagram,amauiblog,3,twitter,amauiblog,simple_name_prefix3:ama,0.8400000000000001,1.1,0.6666666666666666,1.0,0.0
10332,instagram,joswe5673,3,twitter,joswe5673,simple_name_prefix3:jos,0.8400000000000001,1.1,0.6666666666666666,1.0,0.0
9405,instagram,han_ma,3,twitter,han_ma,simple_name_prefix3:han,0.8400000000000001,1.1,0.6666666666666666,1.0,0.0
11574,instagram,melissalicia,3,twitter,melissalicia,simple_name_prefix3:mel,0.8400000000000001,1.1,0.6666666666666666,1.0,0.0
8866,instagram,e_kaspersky,3,twitter,e_kaspersky,simple_name_prefix3:e_k,0.8400000000000001,1.1,0.6666666666666666,1.0,0.0
7332,instagram,bahadirtezer,3,twitter,bahadirtezer,simple_name_prefix3:bah,0.8400000000000001,1.1,0.6666666666666666,1.0,0.0
13831,instagram,tonick,3,twitter,tonick,simple_name_prefix3:ton,0.8400000000000001,1.1,0.6666666666666666,1.0,0.0
6005,instagram,pkzait,3,twitter,pkzait,simple_name_prefix3:pkz,0.8400000000000001,1.1,0.6666666666666666,1.0,0.0
11534,instagram,mccarron,3,twitter,mccarron,simple_name_prefix3:mcc,0.8400000000000001,1.1,0.6666666666666666,1.0,0.0
13951,instagram,undasein,3,twitter,undasein,simple_name_prefix3:und,0.8400000000000001,1.1,0.6666666666666666,1.0,0.0
5486,instagram,farmerkit,3,twitter,farmerkit,simple_name_prefix3:far,0.8400000000000001,1.1,0.6666666666666666,1.0,0.0
7106,instagram,avcinfla,3,twitter,avcinfla,simple_name_prefix3:avc,0.8400000000000001,1.1,0.6666666666666666,1.0,0.0
8935,instagram,federicopistono,3,twitter,federicopistono,simple_name_prefix3:fed,0.8400000000000001,1.1,0.6666666666666666,1.0,0.0
6062,instagram,raphaelrighetto,3,twitter,raphaelrighetto,simple_name_prefix3:rap,0.8400000000000001,1.1,0.6666666666666666,1.0,0.0
9525,instagram,hldpn,3,twitter,hldpn,simple_name_prefix3:hld,0.8400000000000001,1.1,0.6666666666666666,1.0,0.0
4880,instagram,elepuntocom,3,twitter,elepuntocom,simple_name_prefix3:ele,0.8400000000000001,1.1,0.6666666666666666,1.0,0.0
13720,instagram,thomsondata,3,twitter,thomsondata,simple_name_prefix3:tho,0.8400000000000001,1.1,0.6666666666666666,1.0,0.0
12563,instagram,rachelnator,3,twitter,rachelnator,simple_name_prefix3:rac,0.8400000000000001,1.1,0.6666666666666666,1.0,0.0
8691,instagram,elenaibanez,3,twitter,elenaibanez,simple_name_prefix3:ele,0.8400000000000001,1.1,0.6666666666666666,1.0,0.0
4986,instagram,forbesmusicco,3,twitter,forbesmusicco,simple_name_prefix3:for,0.8400000000000001,1.1,0.6666666666666666,1.0,0.0
5434,instagram,karisabruin,3,twitter,karisabruin,simple_name_prefix3:kar,0.8400000000000001,1.1,0.6666666666666666,1.0,0.0
14022,instagram,veronica,3,twitter,veronica,simple_name_prefix3:ver,0.8400000000000001,1.1,0.6666666666666666,1.0,0.0
8250,instagram,dpropp,3,twitter,dpropp,simple_name_prefix3:dpr,0.8400000000000001,1.1,0.6666666666666666,1.0,0.0
13031,instagram,sandytangy,3,twitter,sandytangy,simple_name_prefix3:san,0.8400000000000001,1.1,0.6666666666666666,1.0,0.0
12126,instagram,nosepuedevlc,3,twitter,nosepuedevlc,simple_name_prefix3:nos,0.8400000000000001,1.1,0.6666666666666666,1.0,0.0
7520,instagram,bradandersohn,3,twitter,bradandersohn,simple_name_prefix3:bra,0.8400000000000001,1.1,0.6666666666666666,1.0,0.0
9008,instagram,fonsoccs,3,twitter,fonsoccs,simple_name_prefix3:fon,0.8400000000000001,1.1,0.6666666666666666,1.0,0.0
10179,instagram,jocakos,3,twitter,jocakos,simple_name_prefix3:joc,0.8400000000000001,1.1,0.6666666666666666,1.0,0.0
13949,instagram,ulrika_da,3,twitter,ulrika_da,simple_name_prefix3:ulr,0.8400000000000001,1.1,0.6666666666666666,1.0,0.0
5421,instagram,kadikoybelediye,3,twitter,kadikoybelediye,simple_name_prefix3:kad,0.8400000000000001,1.1,0.6666666666666666,1.0,0.0
10303,instagram,jorgeandresmarin,3,twitter,jorgemarin,simple_name_prefix3:jor,0.8384615384615386,0.8461538461538463,1.0,1.0,0.0
5827,instagram,mrchrisrodriguez,3,twitter,mrchrisrod,simple_name_prefix3:mrc,0.8384615384615386,0.8461538461538463,1.0,1.0,0.0
8727,googleplus,elwaslibetkarita,8727,instagram,elwaslibet,simple_name_prefix3:elw,0.8384615384615386,0.8461538461538463,1.0,1.0,0.0
9217,instagram,gertycam,3,twitter,gerty,simple_name_prefix3:ger,0.8384615384615386,0.8461538461538463,1.0,1.0,0.0
10788,instagram,krishnandusarkar,3,twitter,krishnandu,simple_name_prefix3:kri,0.8384615384615386,0.8461538461538463,1.0,1.0,0.0
9919,instagram,jazza,3,twitter,jazza_uk,simple_name_prefix3:jaz,0.8384615384615386,0.8461538461538463,1.0,1.0,0.0
11912,googleplus,mybookandmycoffee,3,twitter,mybooknmycoffee,simple_name_prefix3:myb,0.8374999999999999,1.03125,0.75,1.0,0.0
7273,instagram,atomicdarinka,3,twitter,atomicdarinka,simple_name_prefix3:ato,0.8359183673469388,1.1,0.6530612244897959,1.0,0.0
14263,instagram,ygourven,3,twitter,ygourven,simple_name_prefix3:ygo,0.8356521739130436,1.1,0.6521739130434783,1.0,0.0
10826,instagram,kwanzer,3,twitter,kwanzer,simple_name_prefix3:kwa,0.8356521739130436,1.1,0.6521739130434783,1.0,0.0
5175,instagram,jacopopaoletti,3,twitter,jacopopaoletti,simple_name_prefix3:jac,0.8356521739130436,1.1,0.6521739130434783,1.0,0.0
7057,instagram,andrewgirdwood,3,twitter,andrewgirdwood,simple_name_prefix3:and,0.8356521739130436,1.1,0.6521739130434783,1.0,0.0
10370,instagram,joshuatopolsky,3,twitter,joshuatopolsky,simple_name_prefix3:jos,0.8356521739130436,1.1,0.6521739130434783,1.0,0.0
7010,instagram,anderssporring,3,twitter,anderssporring,simple_name_prefix3:and,0.8356521739130436,1.1,0.6521739130434783,1.0,0.0
10673,instagram,kevingoldsmith,3,twitter,kevingoldsmith,simple_name_prefix3:kev,0.8356521739130436,1.1,0.6521739130434783,1.0,0.0
11398,instagram,martinhoffmann,3,twitter,martinhoffmann,simple_name_prefix3:mar,0.8356521739130436,1.1,0.6521739130434783,1.0,0.0
8762,instagram,enricogualandi,3,twitter,enricogualandi,simple_name_prefix3:enr,0.8356521739130436,1.1,0.6521739130434783,1.0,0.0
5820,instagram,moniquehanna,3,twitter,moniquehanna,simple_name_prefix3:mon,0.8356521739130436,1.1,0.6521739130434783,1.0,0.0
14166,instagram,wickerparadise,3,twitter,wickerparadise,simple_name_prefix3:wic,0.8356521739130436,1.1,0.6521739130434783,1.0,0.0
4653,instagram,claraavilac,3,twitter,claraavilac,simple_name_prefix3:cla,0.8353488372093023,1.1,0.6511627906976745,1.0,0.0
9640,instagram,iknoy,3,twitter,iknoy,simple_name_prefix3:ikn,0.8353488372093023,1.1,0.6511627906976745,1.0,0.0
12292,instagram,misspato,3,twitter,misspatolinks,simple_name_prefix3:mis,0.8352380952380953,0.8380952380952381,1.0,1.0,0.0
4934,instagram,eugeniot,3,twitter,eugeniotiengo,simple_name_prefix3:eug,0.8352380952380953,0.8380952380952381,1.0,1.0,0.0
12674,instagram,recasperphoto,3,twitter,recasper,simple_name_prefix3:rec,0.8352380952380953,0.8380952380952381,1.0,1.0,0.0
11123,instagram,lucydill,3,twitter,lucydillamore,simple_name_prefix3:luc,0.8352380952380953,0.8380952380952381,1.0,1.0,0.0
10429,instagram,judibonilla,3,twitter,judibonilla,simple_name_prefix3:jud,0.8345945945945947,1.1,0.6486486486486487,1.0,0.0
4225,instagram,abroaderview,3,twitter,abroaderview,simple_name_prefix3:abr,0.8345945945945947,1.1,0.6486486486486487,1.0,0.0
4325,instagram,alvaromagana,3,twitter,alvaromagana,simple_name_prefix3:alv,0.8345945945945947,1.1,0.6486486486486487,1.0,0.0
6550,instagram,vpbartz,3,twitter,vpbartz,simple_name_prefix3:vpb,0.8341176470588236,1.1,0.6470588235294118,1.0,0.0
12726,instagram,riccardogiuliano,3,twitter,rich_giuliano,simple_name_prefix3:ric,0.833793103448276,0.8344827586206897,1.0,1.0,0.0
4625,instagram,cherrieboombox,3,twitter,cherriebombetsy,simple_name_prefix3:che,0.833793103448276,0.8344827586206897,1.0,1.0,0.0
8235,instagram,gatodario,3,twitter,gatodario,simple_name_prefix3:gat,0.8335483870967741,1.1,0.6451612903225806,1.0,0.0
4751,instagram,thecrockettteam,3,twitter,thecrockettteam,simple_name_prefix3:the,0.8335483870967741,1.1,0.6451612903225806,1.0,0.0
13517,instagram,superlopez,3,twitter,superlopez,simple_name_prefix3:sup,0.832857142857143,1.1,0.6428571428571429,1.0,0.0
12063,instagram,nicolaseduardo2,3,twitter,nicolaseduardo,simple_name_prefix3:nic,0.8325198938992042,1.0620689655172415,0.6923076923076923,1.0,0.0
6688,instagram,actifirm,3,twitter,actifirm,simple_name_prefix3:act,0.8320000000000001,1.1,0.64,1.0,0.0
5437,instagram,karolnut,3,twitter,karolnut,simple_name_prefix3:kar,0.8320000000000001,1.1,0.64,1.0,0.0
6057,instagram,ramrants,3,twitter,ramrants,simple_name_prefix3:ram,0.8320000000000001,1.1,0.64,1.0,0.0
5657,instagram,galleta,3,twitter,galletoncia,simple_name_prefix3:gal,0.8311111111111111,0.8555555555555556,0.9629629629629629,1.0,0.0
10818,instagram,kuntoajikr,3,twitter,kuntoaji,simple_name_prefix3:kun,0.8311111111111111,0.9777777777777779,0.8,1.0,0.0
13447,instagram,stevegarfield,3,twitter,stevegarfield,simple_name_prefix3:ste,0.830909090909091,1.1,0.6363636363636364,1.0,0.0
9066,instagram,franzstrasser,3,twitter,franzstrasser,simple_name_prefix3:fra,0.830909090909091,1.1,0.6363636363636364,1.0,0.0
8491,instagram,dithern,3,twitter,dithern,simple_name_prefix3:dit,0.830909090909091,1.1,0.6363636363636364,1.0,0.0
10773,instagram,kornfeind,3,twitter,kornfeind,simple_name_prefix3:kor,0.830909090909091,1.1,0.6363636363636364,1.0,0.0
4269,instagram,witzkea,3,twitter,witzkea,simple_name_prefix3:wit,0.830909090909091,1.1,0.6363636363636364,1.0,0.0
7504,instagram,bookoisseur,3,twitter,bookoisseur,simple_name_prefix3:boo,0.830909090909091,1.1,0.6363636363636364,1.0,0.0
7761,instagram,cecilyk,3,twitter,cecilyk,simple_name_prefix3:cec,0.830909090909091,1.1,0.6363636363636364,1.0,0.0
10918,instagram,leanderwattig,3,twitter,leanderwattig,simple_name_prefix3:lea,0.830909090909091,1.1,0.6363636363636364,1.0,0.0
11807,instagram,mloclam,3,twitter,mloclam,simple_name_prefix3:mlo,0.830909090909091,1.1,0.6363636363636364,1.0,0.0
8001,instagram,clschnei,3,twitter,clschnei,simple_name_prefix3:cls,0.830909090909091,1.1,0.6363636363636364,1.0,0.0
6476,instagram,twheat,3,twitter,twheat,simple_name_prefix3:twh,0.830909090909091,1.1,0.6363636363636364,1.0,0.0
10475,instagram,mijustin,3,twitter,mijustin,simple_name_prefix3:mij,0.830909090909091,1.1,0.6363636363636364,1.0,0.0
13294,instagram,angelcityblues,3,twitter,angelcityblues,simple_name_prefix3:ang,0.830909090909091,1.1,0.6363636363636364,1.0,0.0
12735,instagram,richardterborg,3,twitter,richardterborg,simple_name_prefix3:ric,0.830909090909091,1.1,0.6363636363636364,1.0,0.0
6969,instagram,americoferrara,3,twitter,americoferrara,simple_name_prefix3:ame,0.830909090909091,1.1,0.6363636363636364,1.0,0.0
5911,instagram,tigeropc,3,twitter,tigeropc,simple_name_prefix3:tig,0.830909090909091,1.1,0.6363636363636364,1.0,0.0
4887,instagram,ellenespelund,3,twitter,ellenespelund,simple_name_prefix3:ell,0.830909090909091,1.1,0.6363636363636364,1.0,0.0
11027,instagram,lilbitspieces,3,twitter,lilbitspieces,simple_name_prefix3:lil,0.830909090909091,1.1,0.6363636363636364,1.0,0.0
12493,instagram,poetyca,3,twitter,poetyca,simple_name_prefix3:poe,0.830909090909091,1.1,0.6363636363636364,1.0,0.0
6820,instagram,aallan,3,twitter,aallan,simple_name_prefix3:aal,0.830909090909091,1.1,0.6363636363636364,1.0,0.0
7729,instagram,caseymckinnon,3,twitter,caseymckinnon,simple_name_prefix3:cas,0.830909090909091,1.1,0.6363636363636364,1.0,0.0
7551,instagram,ttscoff,3,twitter,ttscoff,simple_name_prefix3:tts,0.830909090909091,1.1,0.6363636363636364,1.0,0.0
12304,instagram,patrickklepek,3,twitter,patrickklepek,simple_name_prefix3:pat,0.830909090909091,1.1,0.6363636363636364,1.0,0.0
4390,instagram,aannecaroline,3,twitter,aannecaroline,simple_name_prefix3:aan,0.8302439024390245,1.1,0.6341463414634146,1.0,0.0
6811,instagram,alainstephan,3,twitter,alainstephan,simple_name_prefix3:ala,0.8302439024390245,1.1,0.6341463414634146,1.0,0.0
13532,instagram,thetravelbunny,3,twitter,thetravelbunny,simple_name_prefix3:the,0.8302439024390245,1.1,0.6341463414634146,1.0,0.0
9466,instagram,heatherho,3,twitter,heatherhocomedy,simple_name_prefix3:hea,0.8300000000000001,0.8250000000000001,1.0,1.0,0.0
11803,instagram,mkdgr,3,twitter,mkd,simple_name_prefix3:mkd,0.8300000000000001,0.8250000000000001,1.0,1.0,0.0
13127,instagram,seanfx2000,3,twitter,seanfx,simple_name_prefix3:sea,0.8300000000000001,0.8250000000000001,1.0,1.0,0.0
6886,instagram,alexndrsn87,3,twitter,alex_anderson,simple_name_prefix3:ale,0.8300000000000001,0.8250000000000001,1.0,1.0,0.0
7601,instagram,brucewise,3,twitter,brucewisedesign,simple_name_prefix3:bru,0.8300000000000001,0.8250000000000001,1.0,1.0,0.0
7004,instagram,anat0m1c,3,twitter,anatomic,simple_name_prefix3:ana,0.8300000000000001,0.8250000000000001,1.0,1.0,0.0
5746,instagram,micafoto,3,twitter,micafoto,simple_name_prefix3:mic,0.8294736842105264,1.1,0.631578947368421,1.0,0.0
9199,instagram,geeberlin,3,twitter,geeberlin,simple_name_prefix3:gee,0.8294736842105264,1.1,0.631578947368421,1.0,0.0
5288,instagram,fmkguy,3,twitter,fmkguy,simple_name_prefix3:fmk,0.8294736842105264,1.1,0.631578947368421,1.0,0.0
8161,instagram,daneesey,3,twitter,daneesey,simple_name_prefix3:dan,0.8294736842105264,1.1,0.631578947368421,1.0,0.0
10365,instagram,jladeau,3,twitter,jladeau,simple_name_prefix3:jla,0.8294736842105264,1.1,0.631578947368421,1.0,0.0
8201,instagram,danscottphotos,3,twitter,danscottphotos,simple_name_prefix3:dan,0.8294736842105264,1.1,0.631578947368421,1.0,0.0
10098,instagram,jillwillrun,3,twitter,jillwillrun,simple_name_prefix3:jil,0.8294736842105264,1.1,0.631578947368421,1.0,0.0
11866,instagram,mrdrazad,3,twitter,mrdrazad,simple_name_prefix3:mrd,0.8294736842105264,1.1,0.631578947368421,1.0,0.0
9253,instagram,girlvsplanet,3,twitter,girlvsplanet,simple_name_prefix3:gir,0.8294736842105264,1.1,0.631578947368421,1.0,0.0
5350,instagram,jonfreeze,3,twitter,jonfreeze,simple_name_prefix3:jon,0.8294736842105264,1.1,0.631578947368421,1.0,0.0
12023,instagram,nesua,3,twitter,nesua,simple_name_prefix3:nes,0.8285714285714285,1.1,0.6285714285714286,1.0,0.0
11305,instagram,mari_arti,3,twitter,mariarti,simple_name_prefix3:mar,0.8284033613445378,1.035294117647059,0.7142857142857143,1.0,0.0
7947,instagram,chyan,3,twitter,chyan,simple_name_prefix3:chy,0.8275000000000001,1.1,0.625,1.0,0.0
7137,instagram,anoliphoto,3,twitter,anoliphoto,simple_name_prefix3:ano,0.8275000000000001,1.1,0.625,1.0,0.0
10573,instagram,kaau,3,twitter,kaau,simple_name_prefix3:kaa,0.8275000000000001,1.1,0.625,1.0,0.0
7299,instagram,avdrockr,3,twitter,avdrockr,simple_name_prefix3:avd,0.8275000000000001,1.1,0.625,1.0,0.0
12684,instagram,rendyfaqot,3,twitter,rendyfaqot,simple_name_prefix3:ren,0.8275000000000001,1.1,0.625,1.0,0.0
9997,instagram,redinstead,3,twitter,redinstead,simple_name_prefix3:red,0.8275000000000001,1.1,0.625,1.0,0.0
10094,instagram,jiggyboytheone,3,twitter,jiggyboytheone,simple_name_prefix3:jig,0.8275000000000001,1.1,0.625,1.0,0.0
4593,instagram,carrumbe,3,twitter,carrumbe,simple_name_prefix3:car,0.8275000000000001,1.1,0.625,1.0,0.0
9105,instagram,gabbygolub,3,twitter,gabbygolub,simple_name_prefix3:gab,0.8275000000000001,1.1,0.625,1.0,0.0
5445,instagram,katywalk78,3,twitter,katywalk,simple_name_prefix3:kat,0.8268253968253969,0.9777777777777779,0.7857142857142857,1.0,0.0
6805,instagram,akurjata,3,twitter,akurjata,simple_name_prefix3:aku,0.8266666666666667,1.1,0.6222222222222222,1.0,0.0
8389,instagram,deepeshmd,3,twitter,deepeshmd,simple_name_prefix3:dee,0.8262068965517242,1.1,0.6206896551724138,1.0,0.0
10867,instagram,larrybroughton,3,twitter,larrybroughton,simple_name_prefix3:lar,0.8262068965517242,1.1,0.6206896551724138,1.0,0.0
11540,instagram,mclerranmd,3,twitter,mclerranmd,simple_name_prefix3:mcl,0.8262068965517242,1.1,0.6206896551724138,1.0,0.0
7973,instagram,claudecirsantos,3,twitter,claudecirsantos,simple_name_prefix3:cla,0.8262068965517242,1.1,0.6206896551724138,1.0,0.0
9766,instagram,jairoamayalaverde,3,twitter,jairoamaya,simple_name_prefix3:jai,0.825925925925926,0.8148148148148149,1.0,1.0,0.0
7940,instagram,chuckiedreyfus,3,twitter,chuckiedreyfus,simple_name_prefix3:chu,0.8257142857142858,1.1,0.6190476190476191,1.0,0.0
11116,instagram,luchobugallo,3,twitter,luchobugallo,simple_name_prefix3:luc,0.8257142857142858,1.1,0.6190476190476191,1.0,0.0
14156,instagram,whatleydude,3,twitter,whatleydude,simple_name_prefix3:wha,0.8257142857142858,1.1,0.6190476190476191,1.0,0.0
6107,instagram,djrobertdrake,3,twitter,djrobertdrake,simple_name_prefix3:djr,0.8257142857142858,1.1,0.6190476190476191,1.0,0.0
9339,instagram,gseymas,3,twitter,gseymas,simple_name_prefix3:gse,0.8257142857142858,1.1,0.6190476190476191,1.0,0.0
9171,instagram,gcouros,3,twitter,gcouros,simple_name_prefix3:gco,0.8257142857142858,1.1,0.6190476190476191,1.0,0.0
9359,instagram,gunnaroptiks,3,twitter,gunnaroptiks,simple_name_prefix3:gun,0.8257142857142858,1.1,0.6190476190476191,1.0,0.0
4728,instagram,darkstardust,3,twitter,darkstardust,simple_name_prefix3:dar,0.8257142857142858,1.1,0.6190476190476191,1.0,0.0
7827,instagram,cheneselewis,3,twitter,cheneselewis,simple_name_prefix3:che,0.8257142857142858,1.1,0.6190476190476191,1.0,0.0
9816,instagram,janefriedman,3,twitter,janefriedman,simple_name_prefix3:jan,0.8257142857142858,1.1,0.6190476190476191,1.0,0.0
7502,instagram,bonniegrrl,3,twitter,bonniegrrl,simple_name_prefix3:bon,0.8257142857142858,1.1,0.6190476190476191,1.0,0.0
10616,instagram,keithbarrett,3,twitter,keithbarrett,simple_name_prefix3:kei,0.8257142857142858,1.1,0.6190476190476191,1.0,0.0
9806,instagram,jameswickham,3,twitter,jameswickham,simple_name_prefix3:jam,0.8257142857142858,1.1,0.6190476190476191,1.0,0.0
11618,instagram,micah,3,twitter,micah,simple_name_prefix3:mic,0.8257142857142858,1.1,0.6190476190476191,1.0,0.0
13851,instagram,torstenbeeck,3,twitter,torstenbeeck,simple_name_prefix3:tor,0.8257142857142858,1.1,0.6190476190476191,1.0,0.0
7714,instagram,carolnoc,3,twitter,carolnoc,simple_name_prefix3:car,0.8254545454545454,1.1,0.6181818181818182,1.0,0.0
12154,instagram,alexodam,3,twitter,alexodam,simple_name_prefix3:ale,0.8246153846153847,1.1,0.6153846153846154,1.0,0.0
6097,instagram,riot68,3,twitter,riot68,simple_name_prefix3:rio,0.8246153846153847,1.1,0.6153846153846154,1.0,0.0
10435,instagram,rhaphazard,3,twitter,rhaphazard,simple_name_prefix3:rha,0.8246153846153847,1.1,0.6153846153846154,1.0,0.0
6482,instagram,tygriss,3,twitter,tygriss,simple_name_prefix3:tyg,0.8246153846153847,1.1,0.6153846153846154,1.0,0.0
12955,instagram,ryankubo,3,twitter,ryankubo,simple_name_prefix3:rya,0.8246153846153847,1.1,0.6153846153846154,1.0,0.0
9151,instagram,gastonsz,3,twitter,gastonsz,simple_name_prefix3:gas,0.8246153846153847,1.1,0.6153846153846154,1.0,0.0
13370,instagram,spicyteee,3,twitter,spicyteee,simple_name_prefix3:spi,0.8246153846153847,1.1,0.6153846153846154,1.0,0.0
6604,instagram,camusyann,3,twitter,camusyann,simple_name_prefix3:cam,0.8246153846153847,1.1,0.6153846153846154,1.0,0.0
10734,instagram,kirakariakin,3,twitter,kirakar,simple_name_prefix3:kir,0.8242105263157895,0.8105263157894737,1.0,1.0,0.0
9233,instagram,gilgold,3,twitter,gilgoldstein,simple_name_prefix3:gil,0.8242105263157895,0.8105263157894737,1.0,1.0,0.0
11926,instagram,nacarid,3,twitter,nacaridlopez,simple_name_prefix3:nac,0.8242105263157895,0.8105263157894737,1.0,1.0,0.0
5128,instagram,ibtihal,3,twitter,ibtihal4gaza,simple_name_prefix3:ibt,0.8242105263157895,0.8105263157894737,1.0,1.0,0.0
9308,instagram,gracieladiter,3,twitter,gracieladiter,simple_name_prefix3:gra,0.8233333333333335,1.1,0.6111111111111112,1.0,0.0
7139,instagram,anouarnach,3,twitter,anouarnach,simple_name_prefix3:ano,0.8233333333333335,1.1,0.6111111111111112,1.0,0.0
7856,instagram,chriscandy_meow,3,twitter,chriscandytweet,simple_name_prefix3:chr,0.8226666666666667,0.8066666666666666,1.0,1.0,0.0
11989,instagram,natureboundafrica,3,twitter,natureboundtz,simple_name_prefix3:nat,0.8226666666666667,0.8066666666666666,1.0,1.0,0.0
6029,instagram,psullivan85,3,twitter,psullivan85,simple_name_prefix3:psu,0.8226086956521739,1.1,0.6086956521739131,1.0,0.0
12231,instagram,waleoyediran,3,twitter,waleoyediran,simple_name_prefix3:wal,0.8226086956521739,1.1,0.6086956521739131,1.0,0.0
8696,instagram,elenirc,3,twitter,elenirc,simple_name_prefix3:ele,0.8226086956521739,1.1,0.6086956521739131,1.0,0.0
6102,instagram,rkunkels,3,twitter,rkunkels,simple_name_prefix3:rku,0.8226086956521739,1.1,0.6086956521739131,1.0,0.0
10872,instagram,larsbredahl,3,twitter,larsbredahl,simple_name_prefix3:lar,0.8226086956521739,1.1,0.6086956521739131,1.0,0.0
8025,instagram,amadisonmom,3,twitter,amadisonmom,simple_name_prefix3:ama,0.8226086956521739,1.1,0.6086956521739131,1.0,0.0
11856,instagram,thiago_motoca,3,twitter,thiagomotoca,simple_name_prefix3:thi,0.8224,1.056,0.6666666666666666,1.0,0.0
9984,instagram,elling,3,twitter,elling,simple_name_prefix3:ell,0.8218181818181818,1.1,0.6060606060606061,1.0,0.0
4851,instagram,druwy,3,twitter,druwy,simple_name_prefix3:dru,0.8213953488372094,1.1,0.6046511627906976,1.0,0.0
10226,instagram,johndeguzman,3,twitter,johndeguzman,simple_name_prefix3:joh,0.8213953488372094,1.1,0.6046511627906976,1.0,0.0
11023,instagram,lisetteoropesa,3,twitter,lisette_oropesa,simple_name_prefix3:lis,0.8204797601199401,1.0620689655172415,0.6521739130434783,1.0,0.0
11444,instagram,nunomatosfotografia,3,twitter,nunomatosphoto,simple_name_prefix3:nun,0.8200000000000001,0.8,1.0,1.0,0.0
7191,instagram,arienvalo,3,twitter,arienvalo,simple_name_prefix3:ari,0.8200000000000001,1.1,0.6,1.0,0.0
12071,instagram,nicolereber,3,twitter,nicolereber,simple_name_prefix3:nic,0.8200000000000001,1.1,0.6,1.0,0.0
8354,instagram,daynwj,3,twitter,daynwj,simple_name_prefix3:day,0.8200000000000001,1.1,0.6,1.0,0.0
13682,instagram,theotypes,3,twitter,theotypes,simple_name_prefix3:the,0.8200000000000001,1.1,0.6,1.0,0.0
5239,instagram,jedmund,3,twitter,jedmund,simple_name_prefix3:jed,0.8200000000000001,1.1,0.6,1.0,0.0
6370,instagram,takasyi,3,twitter,takasyi,simple_name_prefix3:tak,0.8200000000000001,1.1,0.6,1.0,0.0
5872,instagram,nevillesamuels,3,twitter,nevilles,simple_name_prefix3:nev,0.8200000000000001,0.8,1.0,1.0,0.0
9860,instagram,jasonjordan,3,twitter,jasonjordan,simple_name_prefix3:jas,0.8200000000000001,1.1,0.6,1.0,0.0
10336,instagram,tampamainstay,3,twitter,tampamainstay,simple_name_prefix3:tam,0.8200000000000001,1.1,0.6,1.0,0.0
9392,instagram,halanscott,3,twitter,halanscott,simple_name_prefix3:hal,0.8200000000000001,1.1,0.6,1.0,0.0
4756,instagram,davidkirsch,3,twitter,davidkirsch,simple_name_prefix3:dav,0.8200000000000001,1.1,0.6,1.0,0.0
12359,instagram,philipb4,3,twitter,philipb4,simple_name_prefix3:phi,0.8200000000000001,1.1,0.6,1.0,0.0
6052,instagram,rahrahraina,3,twitter,rahrahraina,simple_name_prefix3:rah,0.8200000000000001,1.1,0.6,1.0,0.0
13978,instagram,valenzine,3,twitter,valenzine,simple_name_prefix3:val,0.8200000000000001,1.1,0.6,1.0,0.0
13922,instagram,twistermc,3,twitter,twistermc,simple_name_prefix3:twi,0.8200000000000001,1.1,0.6,1.0,0.0
11379,instagram,marmaz,3,twitter,marmaz,simple_name_prefix3:mar,0.8200000000000001,1.1,0.6,1.0,0.0
10382,instagram,joyvalencia,3,twitter,joyvalencia,simple_name_prefix3:joy,0.8200000000000001,1.1,0.6,1.0,0.0
11753,instagram,mindiekniss,3,twitter,mindiekniss,simple_name_prefix3:min,0.8200000000000001,1.1,0.6,1.0,0.0
5366,instagram,joselinmane,3,twitter,joselinmane,simple_name_prefix3:jos,0.8200000000000001,1.1,0.6,1.0,0.0
9492,instagram,henweb,3,twitter,henweb,simple_name_prefix3:hen,0.8200000000000001,1.1,0.6,1.0,0.0
11380,googleplus,marniarnold,3,twitter,marniarnold,simple_name_prefix3:mar,0.8200000000000001,1.1,0.6,1.0,0.0
4252,instagram,ahsonwardak,3,twitter,ahsonwardak,simple_name_prefix3:ahs,0.8200000000000001,1.1,0.6,1.0,0.0
5375,instagram,jmk,3,twitter,jmk,simple_name_prefix3:jmk,0.8200000000000001,1.1,0.6,1.0,0.0
9238,instagram,ginaschreck,3,twitter,ginaschreck,simple_name_prefix3:gin,0.8200000000000001,1.1,0.6,1.0,0.0
12691,instagram,reneritchie,3,twitter,reneritchie,simple_name_prefix3:ren,0.8200000000000001,1.1,0.6,1.0,0.0
13954,instagram,urango,3,twitter,urango,simple_name_prefix3:ura,0.8200000000000001,1.1,0.6,1.0,0.0
13891,instagram,trib_22,3,twitter,trib,simple_name_prefix3:tri,0.8200000000000001,0.8,1.0,1.0,0.0
9522,instagram,hjavixcs,3,twitter,hjavixcs,simple_name_prefix3:hja,0.8200000000000001,1.1,0.6,1.0,0.0
4288,instagram,iamalexfinch,3,twitter,iamalexfinch,simple_name_prefix3:iam,0.8200000000000001,1.1,0.6,1.0,0.0
8854,instagram,danielestelius,3,twitter,danielst,simple_name_prefix3:dan,0.8200000000000001,0.8,1.0,1.0,0.0
6203,instagram,sarahgraham7,3,twitter,sarahgraham7,simple_name_prefix3:sar,0.8200000000000001,1.1,0.6,1.0,0.0
9942,instagram,jodueweke,3,twitter,jodueweke,simple_name_prefix3:jod,0.8200000000000001,1.1,0.6,1.0,0.0
8283,googleplus,dorkdungeon,3,twitter,dorkdungeon,simple_name_prefix3:dor,0.8183783783783785,1.1,0.5945945945945946,1.0,0.0
5597,instagram,lovemaegan,3,twitter,lovemaegan,simple_name_prefix3:lov,0.8183783783783785,1.1,0.5945945945945946,1.0,0.0
10738,instagram,kittybradshaw,3,twitter,kittybradshaw,simple_name_prefix3:kit,0.8177777777777777,1.1,0.5925925925925926,1.0,0.0
10480,instagram,justinschuck,3,twitter,justinschuck,simple_name_prefix3:jus,0.8172727272727274,1.1,0.5909090909090909,1.0,0.0
9187,instagram,geoffreyorthwein,3,twitter,geoffreyo,simple_name_prefix3:geo,0.8168,0.792,1.0,1.0,0.0
13702,instagram,thierryratsiz,3,twitter,thierry_ratsiz,simple_name_prefix3:thi,0.8165608465608467,1.0592592592592593,0.6428571428571429,1.0,0.0
9823,instagram,sweethartdehart,3,twitter,sweethartdehart,simple_name_prefix3:swe,0.8164705882352943,1.1,0.5882352941176471,1.0,0.0
9693,googleplus,isaac976,3,twitter,isaac976,simple_name_prefix3:isa,0.8164705882352943,1.1,0.5882352941176471,1.0,0.0
14061,instagram,vinitmevada,3,twitter,vinitmevada,simple_name_prefix3:vin,0.8164705882352943,1.1,0.5882352941176471,1.0,0.0
10137,instagram,jklfa,3,twitter,jklfa,simple_name_prefix3:jkl,0.8150000000000002,1.1,0.5833333333333334,1.0,0.0
4713,instagram,nellatempesta,3,twitter,nellatempesta,simple_name_prefix3:nel,0.8150000000000002,1.1,0.5833333333333334,1.0,0.0
11734,instagram,mikescott8,3,twitter,mikescott8,simple_name_prefix3:mik,0.8150000000000002,1.1,0.5833333333333334,1.0,0.0
12556,instagram,rabbit_runz,3,twitter,rabbit_runz,simple_name_prefix3:rab,0.8150000000000002,1.1,0.5833333333333334,1.0,0.0
7461,instagram,bill_loguidice,3,twitter,billloguidice,simple_name_prefix3:bil,0.8146127946127946,1.0592592592592593,0.6363636363636364,1.0,0.0
11950,instagram,nancycole,3,twitter,nancy,simple_name_prefix3:nan,0.8142857142857143,0.7857142857142858,1.0,1.0,0.0
13249,instagram,shivanand,3,twitter,shiva,simple_name_prefix3:shi,0.8142857142857143,0.7857142857142858,1.0,1.0,0.0
9440,instagram,hasanmhm,3,twitter,hasanmhm,simple_name_prefix3:has,0.8141935483870968,1.1,0.5806451612903226,1.0,0.0
7788,instagram,chadrpink,3,twitter,chadrpink,simple_name_prefix3:cha,0.8141935483870968,1.1,0.5806451612903226,1.0,0.0
12620,instagram,raphael514,3,twitter,raphael514,simple_name_prefix3:rap,0.8136842105263158,1.1,0.5789473684210527,1.0,0.0
14336,instagram,adorazhang,3,twitter,adorazhang,simple_name_prefix3:ado,0.8136842105263158,1.1,0.5789473684210527,1.0,0.0
5865,instagram,neilwrites,3,twitter,neilwrites,simple_name_prefix3:nei,0.8136842105263158,1.1,0.5789473684210527,1.0,0.0
10011,instagram,jennyjenjen,3,twitter,jennyjenjen,simple_name_prefix3:jen,0.8136842105263158,1.1,0.5789473684210527,1.0,0.0
9314,instagram,grantstern,3,twitter,grantstern,simple_name_prefix3:gra,0.8136842105263158,1.1,0.5789473684210527,1.0,0.0
13894,instagram,trinegrung,3,twitter,trinegrung,simple_name_prefix3:tri,0.8136842105263158,1.1,0.5789473684210527,1.0,0.0
5588,instagram,localstrike,3,twitter,localstrike,simple_name_prefix3:loc,0.8136842105263158,1.1,0.5789473684210527,1.0,0.0
13289,instagram,simonrobic,3,twitter,simonrobic,simple_name_prefix3:sim,0.8136842105263158,1.1,0.5789473684210527,1.0,0.0
12527,instagram,provocaretina,3,twitter,provocaretina,simple_name_prefix3:pro,0.8136842105263158,1.1,0.5789473684210527,1.0,0.0
8274,instagram,davemosher,3,twitter,davemosher,simple_name_prefix3:dav,0.8136842105263158,1.1,0.5789473684210527,1.0,0.0
7682,instagram,carelpedre,3,twitter,carelpedre,simple_name_prefix3:car,0.8136842105263158,1.1,0.5789473684210527,1.0,0.0
7968,instagram,clara_soler,3,twitter,clara_soler,simple_name_prefix3:cla,0.8136842105263158,1.1,0.5789473684210527,1.0,0.0
11063,instagram,bartlorang,3,twitter,bartlorang,simple_name_prefix3:bar,0.8136842105263158,1.1,0.5789473684210527,1.0,0.0
4478,instagram,beccacaddy,3,twitter,beccacaddy,simple_name_prefix3:bec,0.8136842105263158,1.1,0.5789473684210527,1.0,0.0
6153,instagram,ruslantrad,3,twitter,ruslantrad,simple_name_prefix3:rus,0.8136842105263158,1.1,0.5789473684210527,1.0,0.0
14085,instagram,vkaroly,3,twitter,vkaroly,simple_name_prefix3:vka,0.8136842105263158,1.1,0.5789473684210527,1.0,0.0
7812,instagram,manwifedog,3,twitter,manwifedog,simple_name_prefix3:man,0.8136842105263158,1.1,0.5789473684210527,1.0,0.0
6606,instagram,yaqui,3,twitter,yaqui,simple_name_prefix3:yaq,0.8133333333333335,1.1,0.5777777777777777,1.0,0.0
4878,instagram,elaine.biss,3,twitter,elainebiss,simple_name_prefix3:ela,0.8131652661064426,1.0476190476190477,0.6470588235294118,1.0,0.0
12800,instagram,robertbirnie,3,twitter,robert_birnie,simple_name_prefix3:rob,0.8118736842105263,1.056,0.631578947368421,1.0,0.0
9433,instagram,wmharsha,3,twitter,wmharsha,simple_name_prefix3:wmh,0.8114285714285714,1.1,0.5714285714285714,1.0,0.0
4563,instagram,beshur,3,twitter,beshur,simple_name_prefix3:bes,0.8114285714285714,1.1,0.5714285714285714,1.0,0.0
10352,instagram,joshharcus,3,twitter,joshharcus,simple_name_prefix3:jos,0.8114285714285714,1.1,0.5714285714285714,1.0,0.0
10892,instagram,laura_theoldnow,3,twitter,laura_theoldnow,simple_name_prefix3:lau,0.8114285714285714,1.1,0.5714285714285714,1.0,0.0
5512,instagram,kurt_gielen,3,twitter,kurt_gielen,simple_name_prefix3:kur,0.8114285714285714,1.1,0.5714285714285714,1.0,0.0
12214,instagram,oscarruiztome,3,twitter,oscarruiztome,simple_name_prefix3:osc,0.8114285714285714,1.1,0.5714285714285714,1.0,0.0
11946,instagram,csajokamotoron,3,twitter,csajokamotoron,simple_name_prefix3:csa,0.8114285714285714,1.1,0.5714285714285714,1.0,0.0
6048,instagram,radiocarla,3,twitter,radiocarla,simple_name_prefix3:rad,0.8114285714285714,1.1,0.5714285714285714,1.0,0.0
6754,instagram,aguseji,3,twitter,aguseji,simple_name_prefix3:agu,0.8114285714285714,1.1,0.5714285714285714,1.0,0.0
5461,instagram,kleungsf,3,twitter,kleungsf,simple_name_prefix3:kle,0.8114285714285714,1.1,0.5714285714285714,1.0,0.0
7661,instagram,calvoconbarba,3,twitter,calvoconbarba,simple_name_prefix3:cal,0.8114285714285714,1.1,0.5714285714285714,1.0,0.0
9954,instagram,jeenina,3,twitter,jeenina,simple_name_prefix3:jee,0.8114285714285714,1.1,0.5714285714285714,1.0,0.0
8163,instagram,dangbergeron,3,twitter,dangbergeron,simple_name_prefix3:dan,0.8114285714285714,1.1,0.5714285714285714,1.0,0.0
13567,instagram,taiwanbrown,3,twitter,taiwanbrown,simple_name_prefix3:tai,0.8114285714285714,1.1,0.5714285714285714,1.0,0.0
10940,instagram,lekstudios,3,twitter,lekstudios,simple_name_prefix3:lek,0.8114285714285714,1.1,0.5714285714285714,1.0,0.0
4363,instagram,andresgariglio,3,twitter,andresgariglio,simple_name_prefix3:and,0.8114285714285714,1.1,0.5714285714285714,1.0,0.0
5702,instagram,mattethan,3,twitter,mattethan,simple_name_prefix3:mat,0.8114285714285714,1.1,0.5714285714285714,1.0,0.0
7022,instagram,andreame,3,twitter,andreame,simple_name_prefix3:and,0.8114285714285714,1.1,0.5714285714285714,1.0,0.0
9574,instagram,1lx,3,twitter,1lx,simple_name_prefix3:1lx,0.8114285714285714,1.1,0.5714285714285714,1.0,0.0
8489,instagram,dioneyvitor,3,twitter,dioney,simple_name_prefix3:dio,0.8105882352941176,0.7764705882352942,1.0,1.0,0.0
10543,instagram,karmyntyler,3,twitter,karmyn,simple_name_prefix3:kar,0.8105882352941176,0.7764705882352942,1.0,1.0,0.0
8896,instagram,fabiovaleri,3,twitter,fabval,simple_name_prefix3:fab,0.8105882352941176,0.7764705882352942,1.0,1.0,0.0
8826,instagram,bagladies,3,twitter,bagladies,simple_name_prefix3:bag,0.8092307692307692,1.1,0.5641025641025641,1.0,0.0
9035,instagram,franceshui,3,twitter,franceshui,simple_name_prefix3:fra,0.8092307692307692,1.1,0.5641025641025641,1.0,0.0
11995,instagram,nazeem_15,3,twitter,nazeem,simple_name_prefix3:naz,0.8091428571428572,0.8800000000000001,0.8571428571428571,1.0,0.0
12448,instagram,photobypixie,3,twitter,photobypixie,simple_name_prefix3:pho,0.8087500000000001,1.1,0.5625,1.0,0.0
13997,instagram,vanissawanick,3,twitter,vanissa,simple_name_prefix3:van,0.808,0.77,1.0,1.0,0.0
10667,googleplus,kevindeshazo,10667,instagram,kevindeshazo,simple_name_prefix3:kev,0.808,1.1,0.56,1.0,0.0
1102,googleplus,mattdipaola,1102,instagram,mattdipaola,simple_name_prefix3:mat,0.808,1.1,0.56,1.0,0.0
8731,instagram,emanuele_papi,3,twitter,emapapi,simple_name_prefix3:ema,0.808,0.77,1.0,1.0,0.0
11687,instagram,mightycasey,3,twitter,mightycasey,simple_name_prefix3:mig,0.808,1.1,0.56,1.0,0.0
9229,instagram,gifigifi,3,twitter,giffaririfki,simple_name_prefix3:gif,0.808,0.77,1.0,1.0,0.0
6685,instagram,acerentacargreece,3,twitter,acerentacargr,simple_name_prefix3:ace,0.808,0.9533333333333335,0.7555555555555555,1.0,0.0
4552,instagram,djbryanboogie,3,twitter,djbryanboogie,simple_name_prefix3:djb,0.8074418604651163,1.1,0.5581395348837209,1.0,0.0
8511,instagram,danielemisto,3,twitter,danielemisto,simple_name_prefix3:dan,0.8074418604651163,1.1,0.5581395348837209,1.0,0.0
4980,instagram,flyguytoys,3,twitter,flyguy,simple_name_prefix3:fly,0.8069230769230771,0.8250000000000001,0.9230769230769231,1.0,0.0
8620,instagram,earthxplorer,3,twitter,earthxplorer,simple_name_prefix3:ear,0.8066666666666666,1.1,0.5555555555555556,1.0,0.0
11350,instagram,markgantt,3,twitter,markgantt,simple_name_prefix3:mar,0.8066666666666666,1.1,0.5555555555555556,1.0,0.0
6780,instagram,airthom,3,twitter,airthom,simple_name_prefix3:air,0.8066666666666666,1.1,0.5555555555555556,1.0,0.0
9603,instagram,ibnux,3,twitter,ibnux,simple_name_prefix3:ibn,0.8066666666666666,1.1,0.5555555555555556,1.0,0.0
12833,instagram,robynmfrancis,3,twitter,robynmfrancis,simple_name_prefix3:rob,0.8066666666666666,1.1,0.5555555555555556,1.0,0.0
8047,instagram,cotoadvance,3,twitter,cotoadvance,simple_name_prefix3:cot,0.8066666666666666,1.1,0.5555555555555556,1.0,0.0
7268,instagram,ath3na,3,twitter,ath3na,simple_name_prefix3:ath,0.8066666666666666,1.1,0.5555555555555556,1.0,0.0
13291,instagram,simsjames,3,twitter,simsjames,simple_name_prefix3:sim,0.8066666666666666,1.1,0.5555555555555556,1.0,0.0
12675,instagram,redfabbri,3,twitter,redfabbri,simple_name_prefix3:red,0.8066666666666666,1.1,0.5555555555555556,1.0,0.0
6601,instagram,xosecastro,3,twitter,xosecastro,simple_name_prefix3:xos,0.8066666666666666,1.1,0.5555555555555556,1.0,0.0
12363,instagram,pcmello,3,twitter,pcmello,simple_name_prefix3:pcm,0.8066666666666666,1.1,0.5555555555555556,1.0,0.0
13771,instagram,tiscar,3,twitter,tiscar,simple_name_prefix3:tis,0.8066666666666666,1.1,0.5555555555555556,1.0,0.0
9449,instagram,hawaii,3,twitter,hawaii,simple_name_prefix3:haw,0.8066666666666666,1.1,0.5555555555555556,1.0,0.0
13971,instagram,vachzar,3,twitter,vachzar,simple_name_prefix3:vac,0.8066666666666666,1.1,0.5555555555555556,1.0,0.0
6740,instagram,aflyonthewal1,3,twitter,aflyonthewall,simple_name_prefix3:afl,0.8061538461538462,1.0153846153846156,0.6666666666666666,1.0,0.0
5121,instagram,ianadams3,3,twitter,ianmartinadams,simple_name_prefix3:ian,0.8060869565217392,0.7652173913043478,1.0,1.0,0.0
7302,instagram,avianneflu,3,twitter,avianne_ijnyu,simple_name_prefix3:avi,0.8060869565217392,0.7652173913043478,1.0,1.0,0.0
10506,instagram,kambizsh,3,twitter,kambizshabankar,simple_name_prefix3:kam,0.8060869565217392,0.7652173913043478,1.0,1.0,0.0
8712,instagram,elizziebooks,3,twitter,elizziebeth,simple_name_prefix3:eli,0.8060869565217392,0.7652173913043478,1.0,1.0,0.0
11377,instagram,marlonlom,3,twitter,marlonlom,simple_name_prefix3:mar,0.8059574468085107,1.1,0.5531914893617021,1.0,0.0
13551,instagram,syamanthsays,3,twitter,syamanthsays,simple_name_prefix3:sya,0.8055172413793104,1.1,0.5517241379310345,1.0,0.0
6216,instagram,scamper,3,twitter,scamper,simple_name_prefix3:sca,0.8055172413793104,1.1,0.5517241379310345,1.0,0.0
12968,instagram,s1lentb0b,3,twitter,s1lentb0b,simple_name_prefix3:s1l,0.8055172413793104,1.1,0.5517241379310345,1.0,0.0
7687,instagram,carlazanoni,3,twitter,carlazanoni,simple_name_prefix3:car,0.8055172413793104,1.1,0.5517241379310345,1.0,0.0
11959,instagram,narniafans,3,twitter,narniafans,simple_name_prefix3:nar,0.8050000000000002,1.1,0.55,1.0,0.0
9646,instagram,ileshshah_dot_com,3,twitter,ileshshah,simple_name_prefix3:ile,0.8046153846153847,0.7615384615384616,1.0,1.0,0.0
13041,instagram,sanura_snowpaw,3,twitter,sanurasnowpaw,simple_name_prefix3:san,0.8037037037037038,1.0592592592592593,0.6,1.0,0.0
10300,instagram,docjordi,3,twitter,docjordi,simple_name_prefix3:doc,0.8036363636363637,1.1,0.5454545454545454,1.0,0.0
12391,instagram,peppayo,3,twitter,peppayo,simple_name_prefix3:pep,0.8036363636363637,1.1,0.5454545454545454,1.0,0.0
6373,instagram,lovetamaraxo,3,twitter,lovetamaraxo,simple_name_prefix3:lov,0.8036363636363637,1.1,0.5454545454545454,1.0,0.0
11456,instagram,fless13,3,twitter,fless13,simple_name_prefix3:fle,0.8036363636363637,1.1,0.5454545454545454,1.0,0.0
11441,instagram,matiasjajaja,3,twitter,matiasjajaja,simple_name_prefix3:mat,0.8036363636363637,1.1,0.5454545454545454,1.0,0.0
9986,instagram,jekuarce,3,twitter,jekuarce,simple_name_prefix3:jek,0.8036363636363637,1.1,0.5454545454545454,1.0,0.0
13395,instagram,steadicam,3,twitter,steadicam,simple_name_prefix3:ste,0.8036363636363637,1.1,0.5454545454545454,1.0,0.0
8772,instagram,eolewind,3,twitter,eolewind,simple_name_prefix3:eol,0.8036363636363637,1.1,0.5454545454545454,1.0,0.0
858,googleplus,denisereedrealtor,858,instagram,denisereed25,simple_name_prefix3:den,0.8034482758620689,0.7586206896551725,1.0,1.0,0.0
6774,instagram,aidandoyleinstagram,3,twitter,aidandoyle,simple_name_prefix3:aid,0.8034482758620689,0.7586206896551725,1.0,1.0,0.0
9185,instagram,gentra,3,twitter,gentra,simple_name_prefix3:gen,0.8025,1.1,0.5416666666666666,1.0,0.0
5834,instagram,mtlns,3,twitter,mtlns,simple_name_prefix3:mtl,0.8025,1.1,0.5416666666666666,1.0,0.0
13828,instagram,tonghuix,3,twitter,tonghuix,simple_name_prefix3:ton,0.8021621621621622,1.1,0.5405405405405406,1.0,0.0
14104,instagram,waadfa,3,twitter,waadfa,simple_name_prefix3:waa,0.8021621621621622,1.1,0.5405405405405406,1.0,0.0
6610,instagram,kronosnyne,3,twitter,kronosnyne,simple_name_prefix3:kro,0.8021621621621622,1.1,0.5405405405405406,1.0,0.0
6728,instagram,cyberparra,3,twitter,cyberparra,simple_name_prefix3:cyb,0.8015384615384615,1.1,0.5384615384615384,1.0,0.0
7015,instagram,andreaarden,3,twitter,andrea_arden,simple_name_prefix3:and,0.8008695652173914,1.0521739130434784,0.6,1.0,0.0
5307,instagram,yuanga,3,twitter,yuanga,simple_name_prefix3:yua,0.8,1.1,0.5333333333333333,1.0,0.0
13490,instagram,subigya,3,twitter,subigya,simple_name_prefix3:sub,0.8,1.1,0.5333333333333333,1.0,0.0
6169,instagram,saayedalam,3,twitter,saayedalam,simple_name_prefix3:saa,0.8,1.1,0.5333333333333333,1.0,0.0
7690,instagram,carlhan,3,twitter,carlhan,simple_name_prefix3:car,0.8,1.1,0.5333333333333333,1.0,0.0
10197,instagram,joewlo,3,twitter,joelo,simple_name_prefix3:joe,0.8,1.0,0.6666666666666666,1.0,0.0
5332,instagram,johnnychay,3,twitter,johnnychay,simple_name_prefix3:joh,0.8,1.1,0.5333333333333333,1.0,0.0
11046,instagram,locohama,3,twitter,locohama,simple_name_prefix3:loc,0.8,1.1,0.5333333333333333,1.0,0.0
13736,instagram,timbond,3,twitter,timbond,simple_name_prefix3:tim,0.8,1.1,0.5333333333333333,1.0,0.0
11600,instagram,methemanandbaby,3,twitter,methemanandbaby,simple_name_prefix3:met,0.8,1.1,0.5333333333333333,1.0,0.0
9935,instagram,jcriqqelme,3,twitter,jcriqqelme,simple_name_prefix3:jcr,0.8,1.1,0.5333333333333333,1.0,0.0
4902,instagram,emzy,3,twitter,emzy,simple_name_prefix3:emz,0.8,1.1,0.5333333333333333,1.0,0.0
4493,instagram,bhaenen,3,twitter,bhaenen,simple_name_prefix3:bha,0.8,1.1,0.5333333333333333,1.0,0.0
13593,instagram,tarmizishukri,3,twitter,tarmizishukri,simple_name_prefix3:tar,0.8,1.1,0.5333333333333333,1.0,0.0
6340,instagram,stevejeffreyinstagram,3,twitter,stevenjeffrey,simple_name_prefix3:ste,0.7994771241830065,0.7764705882352942,0.9629629629629629,1.0,0.0
7309,instagram,axbom,3,twitter,axbom,simple_name_prefix3:axb,0.7988235294117647,1.1,0.5294117647058824,1.0,0.0
6084,instagram,revision3,3,twitter,revision3,simple_name_prefix3:rev,0.7988235294117647,1.1,0.5294117647058824,1.0,0.0
9597,instagram,iansherr,3,twitter,iansherr,simple_name_prefix3:ian,0.7988235294117647,1.1,0.5294117647058824,1.0,0.0
5066,instagram,grking,3,twitter,grking,simple_name_prefix3:grk,0.7988235294117647,1.1,0.5294117647058824,1.0,0.0
4889,instagram,elmo_keep,3,twitter,elmo_keep,simple_name_prefix3:elm,0.7988235294117647,1.1,0.5294117647058824,1.0,0.0
10131,instagram,jjbirden,3,twitter,jjbirden,simple_name_prefix3:jjb,0.7988235294117647,1.1,0.5294117647058824,1.0,0.0
4080,googleplus,vickybargallpijamas,3,twitter,vickybargallo,simple_name_prefix3:vic,0.7984210526315789,0.8250000000000001,0.8947368421052632,1.0,0.0
6195,instagram,sandyfeet,3,twitter,sandyfeet,simple_name_prefix3:san,0.7978947368421052,1.1,0.5263157894736842,1.0,0.0
6660,instagram,philliclefile,3,twitter,philliclefile,simple_name_prefix3:phi,0.7978947368421052,1.1,0.5263157894736842,1.0,0.0
13282,instagram,andsimonsaid,3,twitter,andsimonsaid,simple_name_prefix3:and,0.7978947368421052,1.1,0.5263157894736842,1.0,0.0
5126,instagram,iartux,3,twitter,iartux,simple_name_prefix3:iar,0.7978947368421052,1.1,0.5263157894736842,1.0,0.0
6987,instagram,thehoopmovement,3,twitter,thehoopmovement,simple_name_prefix3:the,0.7978947368421052,1.1,0.5263157894736842,1.0,0.0
11710,instagram,mikecorak,3,twitter,mikecorak,simple_name_prefix3:mik,0.7978947368421052,1.1,0.5263157894736842,1.0,0.0
6619,instagram,yuvalz,3,twitter,yuvalz,simple_name_prefix3:yuv,0.7978947368421052,1.1,0.5263157894736842,1.0,0.0
6765,instagram,hakimology,3,twitter,hakimology,simple_name_prefix3:hak,0.7978947368421052,1.1,0.5263157894736842,1.0,0.0
14223,instagram,xeniarm,3,twitter,xeniarm,simple_name_prefix3:xen,0.7978947368421052,1.1,0.5263157894736842,1.0,0.0
13943,instagram,uhachefe,3,twitter,uhachefe,simple_name_prefix3:uha,0.7978947368421052,1.1,0.5263157894736842,1.0,0.0
11243,instagram,marabrans,3,twitter,marabrans,simple_name_prefix3:mar,0.7978947368421052,1.1,0.5263157894736842,1.0,0.0
12087,instagram,msnikkirich,3,twitter,msnikkirich,simple_name_prefix3:msn,0.7978947368421052,1.1,0.5263157894736842,1.0,0.0
6294,instagram,slkav,3,twitter,slkav,simple_name_prefix3:slk,0.7978947368421052,1.1,0.5263157894736842,1.0,0.0
9305,instagram,gracehearts,3,twitter,graceyhearts,simple_name_prefix3:gra,0.7973401534526856,1.0521739130434784,0.5882352941176471,1.0,0.0
11264,instagram,marcogomes,3,twitter,marcogomes,simple_name_prefix3:mar,0.7971428571428572,1.1,0.5238095238095238,1.0,0.0
11507,instagram,maxculleen,3,twitter,maxculleen,simple_name_prefix3:max,0.7971428571428572,1.1,0.5238095238095238,1.0,0.0
12169,instagram,olatin,3,twitter,olatin,simple_name_prefix3:ola,0.7965217391304349,1.1,0.5217391304347826,1.0,0.0
6358,instagram,susan_chavez,3,twitter,susan_chavez,simple_name_prefix3:sus,0.7965217391304349,1.1,0.5217391304347826,1.0,0.0
8653,instagram,edwardanton,3,twitter,edwardanton,simple_name_prefix3:edw,0.7965217391304349,1.1,0.5217391304347826,1.0,0.0
9878,instagram,javegan,3,twitter,javegan,simple_name_prefix3:jav,0.7965217391304349,1.1,0.5217391304347826,1.0,0.0
14139,instagram,wendy92,3,twitter,wendy92,simple_name_prefix3:wen,0.7965217391304349,1.1,0.5217391304347826,1.0,0.0
12278,instagram,parhamb,3,twitter,parhamb,simple_name_prefix3:par,0.7965217391304349,1.1,0.5217391304347826,1.0,0.0
7817,instagram,cheapblueguitar,3,twitter,cheapblueguitar,simple_name_prefix3:che,0.7965217391304349,1.1,0.5217391304347826,1.0,0.0
4988,instagram,fraintesa,3,twitter,fraintesa,simple_name_prefix3:fra,0.7955555555555556,1.1,0.5185185185185185,1.0,0.0
11317,instagram,marionaaragay,3,twitter,marionaaragay,simple_name_prefix3:mar,0.7955555555555556,1.1,0.5185185185185185,1.0,0.0
11635,instagram,michaeldunker,3,twitter,michaeldunker,simple_name_prefix3:mic,0.7955555555555556,1.1,0.5185185185185185,1.0,0.0
4496,instagram,williammanning,3,twitter,williammanning,simple_name_prefix3:wil,0.7955555555555556,1.1,0.5185185185185185,1.0,0.0
9328,instagram,gregoryburrus,3,twitter,gregoryburrus,simple_name_prefix3:gre,0.7955555555555556,1.1,0.5185185185185185,1.0,0.0
7459,instagram,billiambabble,3,twitter,billiambabble,simple_name_prefix3:bil,0.7955555555555556,1.1,0.5185185185185185,1.0,0.0
12916,instagram,ralphpaglia,3,twitter,ralphpaglia,simple_name_prefix3:ral,0.7955555555555556,1.1,0.5185185185185185,1.0,0.0
11830,instagram,mollirunner,3,twitter,mollirunner,simple_name_prefix3:mol,0.7934883720930233,1.1,0.5116279069767442,1.0,0.0
4858,instagram,dustinjacobsen,3,twitter,dustinj,simple_name_prefix3:dus,0.7933333333333334,0.7333333333333334,1.0,1.0,0.0
5728,instagram,megtay,3,twitter,meganvtaylor,simple_name_prefix3:meg,0.7933333333333334,0.7333333333333334,1.0,1.0,0.0
7052,instagram,andreu,3,twitter,andreuibanez,simple_name_prefix3:and,0.7933333333333334,0.7333333333333334,1.0,1.0,0.0
11167,instagram,m1ketaylor,3,twitter,m1ket,simple_name_prefix3:m1k,0.7933333333333334,0.7333333333333334,1.0,1.0,0.0
10181,instagram,jodimallow,3,twitter,jodimaas,simple_name_prefix3:jod,0.7933333333333334,0.7333333333333334,1.0,1.0,0.0
14194,instagram,witoldriedel,3,twitter,witold,simple_name_prefix3:wit,0.7933333333333334,0.7333333333333334,1.0,1.0,0.0
5708,instagram,mauricespees_earthkeeper,3,twitter,mauricespees,simple_name_prefix3:mau,0.7933333333333334,0.7333333333333334,1.0,1.0,0.0
14252,instagram,yassermasood,3,twitter,yasserm86,simple_name_prefix3:yas,0.7933333333333334,0.7333333333333334,1.0,1.0,0.0
12869,instagram,romcalbc,3,twitter,romiseklbc,simple_name_prefix3:rom,0.7933333333333334,0.7333333333333334,1.0,1.0,0.0
5349,instagram,jonathonreed,3,twitter,jonathoncomfort,simple_name_prefix3:jon,0.7933333333333334,0.7333333333333334,1.0,1.0,0.0
9554,googleplus,huiwenh,9554,instagram,huiwenhan,simple_name_prefix3:hui,0.7926923076923078,0.9625000000000001,0.6923076923076923,1.0,0.0
4731,instagram,darrenhughes,3,twitter,darrenjhughes,simple_name_prefix3:dar,0.7919652173913043,1.056,0.5652173913043478,1.0,0.0
11062,instagram,lopinsjk,3,twitter,lopinsjk,simple_name_prefix3:lop,0.79,1.1,0.5,1.0,0.0
6687,instagram,acostahlm,3,twitter,acostahlm,simple_name_prefix3:aco,0.79,1.1,0.5,1.0,0.0
11790,instagram,mitzchauhan,3,twitter,mitzchauhan,simple_name_prefix3:mit,0.79,1.1,0.5,1.0,0.0
12729,instagram,richardault,3,twitter,richardault,simple_name_prefix3:ric,0.79,1.1,0.5,1.0,0.0
11858,instagram,moyanaya,3,twitter,moyanaya,simple_name_prefix3:moy,0.79,1.1,0.5,1.0,0.0
5140,instagram,ikasch,3,twitter,ikasch,simple_name_prefix3:ika,0.79,1.1,0.5,1.0,0.0
9417,instagram,rojajimmy,3,twitter,rojajimmy,simple_name_prefix3:roj,0.79,1.1,0.5,1.0,0.0
7664,instagram,iamcamiila,3,twitter,iamcamiila,simple_name_prefix3:iam,0.79,1.1,0.5,1.0,0.0
5800,instagram,miumomo,3,twitter,miumomo,simple_name_prefix3:miu,0.79,1.1,0.5,1.0,0.0
10719,instagram,kmunoz28,3,twitter,kmunoz28,simple_name_prefix3:kmu,0.79,1.1,0.5,1.0,0.0
5097,instagram,waitatiri,3,twitter,waitatiri,simple_name_prefix3:wai,0.79,1.1,0.5,1.0,0.0
9153,instagram,gatriw,3,twitter,gatriw,simple_name_prefix3:gat,0.79,1.1,0.5,1.0,0.0
8573,instagram,lil_drea,3,twitter,lil_drea,simple_name_prefix3:lil,0.79,1.1,0.5,1.0,0.0
9531,instagram,hollowpetal,3,twitter,hollowpetal,simple_name_prefix3:hol,0.79,1.1,0.5,1.0,0.0
7226,instagram,arunacw,3,twitter,arunacw,simple_name_prefix3:aru,0.79,1.1,0.5,1.0,0.0
11532,instagram,mcammuso,3,twitter,mcammuso,simple_name_prefix3:mca,0.79,1.1,0.5,1.0,0.0
12446,instagram,photobeaulieu,3,twitter,photobeaulieu,simple_name_prefix3:pho,0.79,1.1,0.5,1.0,0.0
5213,instagram,jkleist,3,twitter,jkleist,simple_name_prefix3:jkl,0.79,1.1,0.5,1.0,0.0
6982,instagram,amyguth,3,twitter,amyguth,simple_name_prefix3:amy,0.79,1.1,0.5,1.0,0.0
6961,instagram,amateurx,3,twitter,amateurx,simple_name_prefix3:ama,0.79,1.1,0.5,1.0,0.0
6950,instagram,amaliorodriguez,3,twitter,amaliorodriguez,simple_name_prefix3:ama,0.79,1.1,0.5,1.0,0.0
4546,instagram,broadwayallday,3,twitter,broadwayallday,simple_name_prefix3:bro,0.79,1.1,0.5,1.0,0.0
9808,instagram,outfitterbicycletours,3,twitter,outfittertours,simple_name_prefix3:out,0.788842105263158,0.8800000000000001,0.7894736842105263,1.0,0.0
10144,instagram,jlmejiahuaman,3,twitter,jlmejia,simple_name_prefix3:jlm,0.7865714285714287,0.77,0.9285714285714286,1.0,0.0
12244,instagram,pablox_cl,3,twitter,pablox,simple_name_prefix3:pab,0.7861463414634147,0.8800000000000001,0.7804878048780488,1.0,0.0
12680,instagram,reme.lehane,3,twitter,remelehane,simple_name_prefix3:rem,0.7857142857142858,1.0476190476190477,0.5555555555555556,1.0,0.0
9789,instagram,jamesforeman,3,twitter,jamesforeman,simple_name_prefix3:jam,0.7848275862068965,1.1,0.4827586206896552,1.0,0.0
5570,instagram,lijuthomas,3,twitter,lijukthomas,simple_name_prefix3:lij,0.7840476190476191,1.0476190476190477,0.55,1.0,0.0
12206,instagram,ortysan,3,twitter,ortysan,simple_name_prefix3:ort,0.784,1.1,0.48,1.0,0.0
11935,instagram,nadinedelrez,3,twitter,nadinedelrez,simple_name_prefix3:nad,0.784,1.1,0.48,1.0,0.0
5655,instagram,marcuscastro,3,twitter,marcuscastro,simple_name_prefix3:mar,0.784,1.1,0.48,1.0,0.0
10707,instagram,kiaorabeagle,3,twitter,kiaorathebeagle,simple_name_prefix3:kia,0.7831111111111111,0.9777777777777779,0.64,1.0,0.0
5716,instagram,padaouane,3,twitter,padaouane,simple_name_prefix3:pad,0.7828571428571429,1.1,0.47619047619047616,1.0,0.0
10575,instagram,kathydragon,3,twitter,kathydragon,simple_name_prefix3:kat,0.7828571428571429,1.1,0.47619047619047616,1.0,0.0
4264,instagram,alanisko,3,twitter,alanisko,simple_name_prefix3:ala,0.7828571428571429,1.1,0.47619047619047616,1.0,0.0
7483,instagram,blazle,3,twitter,blazle,simple_name_prefix3:bla,0.7828571428571429,1.1,0.47619047619047616,1.0,0.0
4629,instagram,flipsideza,3,twitter,flipsideza,simple_name_prefix3:fli,0.7828571428571429,1.1,0.47619047619047616,1.0,0.0
8694,googleplus,elenamartnezgimnez,8694,instagram,elenaymrtz,simple_name_prefix3:ele,0.7828571428571429,0.7071428571428573,1.0,1.0,0.0
12251,instagram,painsufferersspeak,3,twitter,painspeaks,simple_name_prefix3:pai,0.7828571428571429,0.7071428571428573,1.0,1.0,0.0
13666,instagram,thegadgeteur,3,twitter,the_gadgeteur,simple_name_prefix3:the,0.7824,1.056,0.5333333333333333,1.0,0.0
8954,instagram,ferminpeluqueros,3,twitter,ferminpeluquero,simple_name_prefix3:fer,0.7823281907433381,1.0645161290322582,0.5217391304347826,1.0,0.0
6354,instagram,sunshinesplay,3,twitter,sunshinesplay,simple_name_prefix3:sun,0.7821052631578949,1.1,0.47368421052631576,1.0,0.0
11233,instagram,lolo_es,3,twitter,lolo_es,simple_name_prefix3:lol,0.7811764705882354,1.1,0.47058823529411764,1.0,0.0
12010,instagram,craftyvivi,3,twitter,craftyvivi,simple_name_prefix3:cra,0.7811764705882354,1.1,0.47058823529411764,1.0,0.0
6219,instagram,hellocookie,3,twitter,hellocookie,simple_name_prefix3:hel,0.7811764705882354,1.1,0.47058823529411764,1.0,0.0
13341,instagram,sohochoc,3,twitter,sohochoc,simple_name_prefix3:soh,0.7811764705882354,1.1,0.47058823529411764,1.0,0.0
12213,instagram,oscar_ray,3,twitter,oscar_ray,simple_name_prefix3:osc,0.7811764705882354,1.1,0.47058823529411764,1.0,0.0
12109,instagram,nobuhata,3,twitter,nobuhata,simple_name_prefix3:nob,0.7811764705882354,1.1,0.47058823529411764,1.0,0.0
13484,instagram,stregato86,3,twitter,stregatocs,simple_name_prefix3:str,0.7805714285714287,0.8800000000000001,0.7619047619047619,1.0,0.0
7686,instagram,carlasimone,3,twitter,carlarozman,simple_name_prefix3:car,0.78,0.7000000000000001,1.0,1.0,0.0
4374,instagram,andrewsfg,3,twitter,andrewsfg,simple_name_prefix3:and,0.78,1.1,0.4666666666666667,1.0,0.0
10782,instagram,krasnimeanzred,3,twitter,krasnimeanzred,simple_name_prefix3:kra,0.78,1.1,0.4666666666666667,1.0,0.0
4894,instagram,e_man,3,twitter,e_man,simple_name_prefix3:e_m,0.78,1.1,0.4666666666666667,1.0,0.0
6530,instagram,vignatius,3,twitter,vignatius,simple_name_prefix3:vig,0.78,1.1,0.4666666666666667,1.0,0.0
14149,instagram,wesback,3,twitter,wesleybackhouse,simple_name_prefix3:wes,0.78,0.7000000000000001,1.0,1.0,0.0
12141,instagram,nvyoung44,3,twitter,nvyoung,simple_name_prefix3:nvy,0.7795945945945946,0.9625000000000001,0.6486486486486487,1.0,0.0
12996,instagram,samabuelsamid,3,twitter,samabuelsamid,simple_name_prefix3:sam,0.7795348837209304,1.1,0.46511627906976744,1.0,0.0
8171,googleplus,danielandrew3,3,twitter,daniel_andrew3,simple_name_prefix3:dan,0.7785424133811232,1.0592592592592593,0.5161290322580645,1.0,0.0
5122,instagram,ianlatham,3,twitter,ianlatham,simple_name_prefix3:ian,0.7784615384615385,1.1,0.46153846153846156,1.0,0.0
8053,instagram,cousindirk,3,twitter,cousindirk,simple_name_prefix3:cou,0.7784615384615385,1.1,0.46153846153846156,1.0,0.0
5795,instagram,misterbarnes,3,twitter,misterbarnes,simple_name_prefix3:mis,0.7784615384615385,1.1,0.46153846153846156,1.0,0.0
14092,instagram,vonatron,3,twitter,vonatron,simple_name_prefix3:von,0.7784615384615385,1.1,0.46153846153846156,1.0,0.0
13414,instagram,stephmaxw,3,twitter,stephmaxw,simple_name_prefix3:ste,0.7784615384615385,1.1,0.46153846153846156,1.0,0.0
5864,instagram,neilrobertleonard,3,twitter,neilleonard,simple_name_prefix3:nei,0.7779723502304148,0.8642857142857143,0.7741935483870968,1.0,0.0
13703,instagram,thierryrene,3,twitter,thierryrenne,simple_name_prefix3:thi,0.7773913043478262,1.0521739130434784,0.5217391304347826,1.0,0.0
10743,instagram,karen_jordan,3,twitter,karenjordan,simple_name_prefix3:kar,0.7773913043478262,1.0521739130434784,0.5217391304347826,1.0,0.0
13453,instagram,stevelevine,3,twitter,stevelevine1,simple_name_prefix3:ste,0.7773913043478262,1.0521739130434784,0.5217391304347826,1.0,0.0
5774,instagram,feralson,3,twitter,feralson,simple_name_prefix3:fer,0.7763636363636364,1.1,0.45454545454545453,1.0,0.0
12377,instagram,pedrosdh,3,twitter,pedrosdh,simple_name_prefix3:ped,0.7763636363636364,1.1,0.45454545454545453,1.0,0.0
13387,instagram,breckweddings,3,twitter,breckweddings,simple_name_prefix3:bre,0.7763636363636364,1.1,0.45454545454545453,1.0,0.0
9635,instagram,ihsanworld,3,twitter,ihsanworld,simple_name_prefix3:ihs,0.7763636363636364,1.1,0.45454545454545453,1.0,0.0
13499,instagram,sugabeticme,3,twitter,sugabeticme,simple_name_prefix3:sug,0.7763636363636364,1.1,0.45454545454545453,1.0,0.0
12195,instagram,opsigno,3,twitter,opsigno,simple_name_prefix3:ops,0.7754838709677421,1.1,0.45161290322580644,1.0,0.0
9553,googleplus,hugocampos,9553,instagram,hugooc,simple_name_prefix3:hug,0.7749999999999999,0.6875,1.0,1.0,0.0
11558,instagram,meigsotoole,3,twitter,meigs,simple_name_prefix3:mei,0.7749999999999999,0.6875,1.0,1.0,0.0
4765,instagram,dawncamp,3,twitter,dawnmhsh,simple_name_prefix3:daw,0.7749999999999999,0.6875,1.0,1.0,0.0
11359,instagram,iodic,3,twitter,iodicdesign,simple_name_prefix3:iod,0.7749999999999999,0.6875,1.0,1.0,0.0
11305,googleplus,mariarti,11305,instagram,mari_arti,simple_name_prefix3:mar,0.7741176470588236,1.035294117647059,0.5333333333333333,1.0,0.0
6439,instagram,tmophotos,3,twitter,tmophoto,simple_name_prefix3:tmo,0.7741176470588236,1.035294117647059,0.5333333333333333,1.0,0.0
13463,instagram,stevenromotv,3,twitter,stevenromo,simple_name_prefix3:ste,0.7736842105263158,1.0,0.5789473684210527,1.0,0.0
8502,instagram,djrj,3,twitter,djrj,simple_name_prefix3:djr,0.7733333333333334,1.1,0.4444444444444444,1.0,0.0
14189,instagram,winniekepala,3,twitter,winniekepala,simple_name_prefix3:win,0.7733333333333334,1.1,0.4444444444444444,1.0,0.0
11495,instagram,thieleman1,3,twitter,thieleman1,simple_name_prefix3:thi,0.7733333333333334,1.1,0.4444444444444444,1.0,0.0
13065,instagram,saulbhp,3,twitter,saulbhp,simple_name_prefix3:sau,0.7733333333333334,1.1,0.4444444444444444,1.0,0.0
11146,instagram,lukedonegan,3,twitter,lukedonegan,simple_name_prefix3:luk,0.7733333333333334,1.1,0.4444444444444444,1.0,0.0
6720,instagram,wutwutman,3,twitter,wutwutman,simple_name_prefix3:wut,0.7733333333333334,1.1,0.4444444444444444,1.0,0.0
9831,instagram,janifer,3,twitter,janiferomniinc,simple_name_prefix3:jan,0.7719047619047619,0.7333333333333334,0.9285714285714286,1.0,0.0
13281,instagram,simonamelani,3,twitter,simonamelani,simple_name_prefix3:sim,0.7717073170731708,1.1,0.43902439024390244,1.0,0.0
9950,instagram,jeanrem,3,twitter,jeanrem,simple_name_prefix3:jea,0.7704347826086957,1.1,0.43478260869565216,1.0,0.0
8798,instagram,ecgroom,3,twitter,ecgroom,simple_name_prefix3:ecg,0.7704347826086957,1.1,0.43478260869565216,1.0,0.0
12574,instagram,rafacama,3,twitter,rafacamaanton,simple_name_prefix3:raf,0.7700207039337474,0.8380952380952381,0.782608695652174,1.0,0.0
13612,instagram,teaformeplease,3,twitter,teaformeplease,simple_name_prefix3:tea,0.7697297297297299,1.1,0.43243243243243246,1.0,0.0
8259,instagram,davecobb,3,twitter,davecobb,simple_name_prefix3:dav,0.7697297297297299,1.1,0.43243243243243246,1.0,0.0
10047,instagram,zeppolis,3,twitter,zeppolis,simple_name_prefix3:zep,0.7697297297297299,1.1,0.43243243243243246,1.0,0.0
9039,instagram,franckthephotographer,3,twitter,francktourneret,simple_name_prefix3:fra,0.768888888888889,0.6722222222222223,1.0,1.0,0.0
14322,instagram,zeeshan_mallick,3,twitter,zeeshanmallick,simple_name_prefix3:zee,0.7688275862068967,1.0620689655172415,0.48,1.0,0.0
11627,instagram,mberndtdesign,3,twitter,mberndtdesign,simple_name_prefix3:mbe,0.7685714285714287,1.1,0.42857142857142855,1.0,0.0
9908,instagram,badwolftx,3,twitter,badwolftx,simple_name_prefix3:bad,0.7685714285714287,1.1,0.42857142857142855,1.0,0.0
14109,instagram,walalapancho,3,twitter,walalapancho,simple_name_prefix3:wal,0.7685714285714287,1.1,0.42857142857142855,1.0,0.0
12453,instagram,phuzylogik,3,twitter,phuzylogik,simple_name_prefix3:phu,0.7685714285714287,1.1,0.42857142857142855,1.0,0.0
12904,instagram,rousso,3,twitter,rousso,simple_name_prefix3:rou,0.7685714285714287,1.1,0.42857142857142855,1.0,0.0
9968,instagram,jeffipad,3,twitter,jeffipad,simple_name_prefix3:jef,0.7685714285714287,1.1,0.42857142857142855,1.0,0.0
2860,googleplus,kuoe0,3,twitter,kuoe0,simple_name_prefix3:kuo,0.7685714285714287,1.1,0.42857142857142855,1.0,0.0
8165,instagram,danhurlbut,3,twitter,danhurlbut,simple_name_prefix3:dan,0.7685714285714287,1.1,0.42857142857142855,1.0,0.0
5793,instagram,missnicastone,3,twitter,missnicastone,simple_name_prefix3:mis,0.7685714285714287,1.1,0.42857142857142855,1.0,0.0
8859,instagram,etamer05,3,twitter,etamer,simple_name_prefix3:eta,0.7680519480519481,0.9428571428571428,0.6363636363636364,1.0,0.0
6325,instagram,stefanhakans,3,twitter,steffmannen,simple_name_prefix3:ste,0.7678260869565219,0.6695652173913045,1.0,1.0,0.0
8173,instagram,danielcanton2,3,twitter,danielcanton,simple_name_prefix3:dan,0.7664,1.056,0.48,1.0,0.0
11475,instagram,matthiasfgdm,3,twitter,matthiasfgdm,simple_name_prefix3:mat,0.7663157894736843,1.1,0.42105263157894735,1.0,0.0
8352,instagram,dayn,3,twitter,dayn,simple_name_prefix3:day,0.7663157894736843,1.1,0.42105263157894735,1.0,0.0
14250,instagram,yasirnasir,3,twitter,yasirnasir,simple_name_prefix3:yas,0.7663157894736843,1.1,0.42105263157894735,1.0,0.0
12438,instagram,piehead,3,twitter,piehead,simple_name_prefix3:pie,0.7663157894736843,1.1,0.42105263157894735,1.0,0.0
9979,instagram,zeldman,3,twitter,zeldman,simple_name_prefix3:zel,0.7663157894736843,1.1,0.42105263157894735,1.0,0.0
9684,instagram,irashed48,3,twitter,irashed48,simple_name_prefix3:ira,0.7650000000000001,1.1,0.4166666666666667,1.0,0.0
10727,instagram,kimli,3,twitter,kimli,simple_name_prefix3:kim,0.7650000000000001,1.1,0.4166666666666667,1.0,0.0
6265,instagram,sheenatatum,3,twitter,sheenatatum,simple_name_prefix3:she,0.7650000000000001,1.1,0.4166666666666667,1.0,0.0
9876,instagram,jasson.schrock,3,twitter,jasson,simple_name_prefix3:jas,0.764,0.66,1.0,1.0,0.0
8508,instagram,chirag4,3,twitter,chiragthakkar,simple_name_prefix3:chi,0.764,0.66,1.0,1.0,0.0
11129,instagram,luisbermejo,3,twitter,luisbermejo,simple_name_prefix3:lui,0.763529411764706,1.1,0.4117647058823529,1.0,0.0
4879,instagram,elentir,3,twitter,elentirvigo,simple_name_prefix3:ele,0.7632748538011696,0.8555555555555556,0.7368421052631579,1.0,0.0
9910,instagram,jaybowitz,3,twitter,jayleibowitz,simple_name_prefix3:jay,0.7628571428571429,0.9428571428571428,0.6190476190476191,1.0,0.0
8122,instagram,daarken,3,twitter,daarkenart,simple_name_prefix3:daa,0.7623529411764707,0.9058823529411765,0.6666666666666666,1.0,0.0
7885,instagram,chrispolk,3,twitter,chrispolktweets,simple_name_prefix3:chr,0.7607692307692309,0.8250000000000001,0.7692307692307693,1.0,0.0
13351,instagram,soniagennaro,3,twitter,soniamdahnhardt,simple_name_prefix3:son,0.7607407407407407,0.6518518518518519,1.0,1.0,0.0
11024,instagram,lisinet,3,twitter,lisini,simple_name_prefix3:lis,0.7606837606837606,0.8461538461538463,0.7407407407407407,1.0,0.0
4718,instagram,danienelphoto,3,twitter,danienel,simple_name_prefix3:dan,0.7602380952380952,0.8380952380952381,0.75,1.0,0.0
6125,instagram,jaysonrodriguez,3,twitter,jaysonrodriguez,simple_name_prefix3:jay,0.76,1.1,0.4,1.0,0.0
6716,instagram,avemii,3,twitter,avemii,simple_name_prefix3:ave,0.76,1.1,0.4,1.0,0.0
4396,instagram,annna86,3,twitter,annna86,simple_name_prefix3:ann,0.76,1.1,0.4,1.0,0.0
8078,instagram,cris_33,3,twitter,cris_33,simple_name_prefix3:cri,0.76,1.1,0.4,1.0,0.0
6000,instagram,pinnynoy,3,twitter,pinnynoy,simple_name_prefix3:pin,0.76,1.1,0.4,1.0,0.0
11150,instagram,lukwam,3,twitter,lukwam,simple_name_prefix3:luk,0.76,1.1,0.4,1.0,0.0
13323,instagram,snarah,3,twitter,snarah,simple_name_prefix3:sna,0.76,1.1,0.4,1.0,0.0
4888,instagram,theelleswhere,3,twitter,theelleswhere,simple_name_prefix3:the,0.76,1.1,0.4,1.0,0.0
9055,instagram,christiannoob,3,twitter,christiannoob,simple_name_prefix3:chr,0.76,1.1,0.4,1.0,0.0
9678,instagram,intweetion,3,twitter,intweetion,simple_name_prefix3:int,0.76,1.1,0.4,1.0,0.0
14051,instagram,vilapol,3,twitter,vilapol,simple_name_prefix3:vil,0.76,1.1,0.4,1.0,0.0
6082,instagram,reply,3,twitter,reply,simple_name_prefix3:rep,0.76,1.1,0.4,1.0,0.0
7539,instagram,brattyneil,3,twitter,brattyneil,simple_name_prefix3:bra,0.76,1.1,0.4,1.0,0.0
11931,instagram,ochanagev,3,twitter,ochanagev,simple_name_prefix3:och,0.76,1.1,0.4,1.0,0.0
12512,instagram,praveenaj,3,twitter,praveenasara,simple_name_prefix3:pra,0.7580952380952382,0.8380952380952381,0.7428571428571429,1.0,0.0
7383,googleplus,beckywebster84,7383,instagram,beckymwebster,simple_name_prefix3:bec,0.7577777777777779,0.9777777777777779,0.5555555555555556,1.0,0.0
11135,instagram,luiseterodriguez,3,twitter,luisete,simple_name_prefix3:lui,0.7567149758454106,0.6695652173913045,0.9629629629629629,1.0,0.0
13321,instagram,smokinronnie,3,twitter,smokinronnie,simple_name_prefix3:smo,0.7566666666666668,1.1,0.3888888888888889,1.0,0.0
5892,instagram,maxwellander,3,twitter,maxwellander,simple_name_prefix3:max,0.7566666666666668,1.1,0.3888888888888889,1.0,0.0
10884,instagram,bott_co,3,twitter,bott_co,simple_name_prefix3:bot,0.7566666666666668,1.1,0.3888888888888889,1.0,0.0
2161,googleplus,erikaanderson,3,twitter,erikaonfire,simple_name_prefix3:eri,0.7566666666666666,0.6416666666666667,1.0,1.0,0.0
11590,instagram,meri_tt,3,twitter,meri_t,simple_name_prefix3:mer,0.7561538461538462,1.0153846153846156,0.5,1.0,0.0
12629,instagram,rashid_alkuwari,3,twitter,rashid_alkuwari,simple_name_prefix3:ras,0.7561290322580645,1.1,0.3870967741935484,1.0,0.0
7049,instagram,andres_r_m,3,twitter,andresturiweb,simple_name_prefix3:and,0.7558260869565219,0.6695652173913045,0.96,1.0,0.0
10919,instagram,loboscator,3,twitter,loboscator,simple_name_prefix3:lob,0.7553846153846155,1.1,0.38461538461538464,1.0,0.0
12978,instagram,safaripoet,3,twitter,safaripoet,simple_name_prefix3:saf,0.7553846153846155,1.1,0.38461538461538464,1.0,0.0
5584,instagram,livesharetravel,3,twitter,livesharetravel,simple_name_prefix3:liv,0.7553846153846155,1.1,0.38461538461538464,1.0,0.0
5003,instagram,frutron,3,twitter,frutron,simple_name_prefix3:fru,0.7553846153846155,1.1,0.38461538461538464,1.0,0.0
10279,instagram,jonfun,3,twitter,jonfun,simple_name_prefix3:jon,0.7542857142857142,1.1,0.38095238095238093,1.0,0.0
8012,instagram,cocteauboy,3,twitter,cocteauboy,simple_name_prefix3:coc,0.7542857142857142,1.1,0.38095238095238093,1.0,0.0
9377,instagram,guzilook,3,twitter,guzilook,simple_name_prefix3:guz,0.7542857142857142,1.1,0.38095238095238093,1.0,0.0
7156,instagram,reflejos_digitales,3,twitter,reflejosdigital,simple_name_prefix3:ref,0.7542857142857142,1.0,0.5142857142857142,1.0,0.0
12524,instagram,prissajean,3,twitter,prissajeanmua,simple_name_prefix3:pri,0.7540372670807454,0.9565217391304348,0.5714285714285714,1.0,0.0
11128,instagram,luisaca87,3,twitter,luisacadai,simple_name_prefix3:lui,0.7536222910216719,0.8105263157894737,0.7647058823529411,1.0,0.0
5981,instagram,pernillanilla,3,twitter,pernillan,simple_name_prefix3:per,0.7535483870967743,0.9000000000000001,0.6451612903225806,1.0,0.0
1626,googleplus,benjamimsilva,3,twitter,benjamim,simple_name_prefix3:ben,0.7534199134199135,0.8380952380952381,0.7272727272727273,1.0,0.0
10962,instagram,simoesleo,3,twitter,simoesleo,simple_name_prefix3:sim,0.7525,1.1,0.375,1.0,0.0
9599,instagram,stian23,3,twitter,stian23,simple_name_prefix3:sti,0.7525,1.1,0.375,1.0,0.0
13502,instagram,suitablegirl,3,twitter,suitablegirl,simple_name_prefix3:sui,0.7525,1.1,0.375,1.0,0.0
10453,instagram,juliogguerrero,3,twitter,julio_guerrero,simple_name_prefix3:jul,0.7514285714285716,1.0214285714285716,0.47619047619047616,1.0,0.0
10299,instagram,jordibc84,3,twitter,jordibonvehi,simple_name_prefix3:jor,0.7514285714285713,0.6285714285714286,1.0,1.0,0.0
11385,googleplus,marshallmaher,11385,instagram,marvelle,simple_name_prefix3:mar,0.7514285714285713,0.6285714285714286,1.0,1.0,0.0
12997,instagram,saimon131,3,twitter,saimonjafari,simple_name_prefix3:sai,0.7514285714285713,0.6285714285714286,1.0,1.0,0.0
7737,instagram,catchtorolav,3,twitter,catchtorolav,simple_name_prefix3:cat,0.7511111111111111,1.1,0.37037037037037035,1.0,0.0
6721,instagram,a_doyharzabal,3,twitter,a_doyharzabal,simple_name_prefix3:a_d,0.7511111111111111,1.1,0.37037037037037035,1.0,0.0
12700,instagram,reydelae,3,twitter,reydelae,simple_name_prefix3:rey,0.7511111111111111,1.1,0.37037037037037035,1.0,0.0
13241,instagram,thisbirdsday,3,twitter,thisbirdsday,simple_name_prefix3:thi,0.7505263157894737,1.1,0.3684210526315789,1.0,0.0
8632,instagram,ederic,3,twitter,ederic,simple_name_prefix3:ede,0.7505263157894737,1.1,0.3684210526315789,1.0,0.0
5764,instagram,microfonos_enfermos,3,twitter,microfoenfermos,simple_name_prefix3:mic,0.7503974562798092,0.9705882352941178,0.5405405405405406,1.0,0.0
12215,instagram,oscarsan26,3,twitter,oscarsan26,simple_name_prefix3:osc,0.7502040816326532,1.1,0.3673469387755102,1.0,0.0
13496,instagram,pghlesbian,3,twitter,pghlesbian24,simple_name_prefix3:pgh,0.75,1.0,0.5,1.0,0.0
12748,instagram,rickweasel,3,twitter,rickweasel,simple_name_prefix3:ric,0.7490909090909093,1.1,0.36363636363636365,1.0,0.0
5689,instagram,masebru,3,twitter,masebru,simple_name_prefix3:mas,0.7490909090909093,1.1,0.36363636363636365,1.0,0.0
6404,instagram,thenorva,3,twitter,thenorva,simple_name_prefix3:the,0.7490909090909093,1.1,0.36363636363636365,1.0,0.0
13188,instagram,shadi_casper,3,twitter,shadi_casper,simple_name_prefix3:sha,0.7490909090909093,1.1,0.36363636363636365,1.0,0.0
9634,instagram,ihannas,3,twitter,ihanna,simple_name_prefix3:iha,0.7490109890109891,1.0153846153846156,0.47619047619047616,1.0,0.0
12340,instagram,paullevins,3,twitter,paullev,simple_name_prefix3:pau,0.7480672268907562,0.9058823529411765,0.6190476190476191,1.0,0.0
10155,instagram,jmiguel_rodriguez,3,twitter,jmiguel,simple_name_prefix3:jmi,0.7475757575757576,0.6416666666666667,0.9696969696969697,1.0,0.0
6270,instagram,sheratoneatontown,3,twitter,sheratonnjshore,simple_name_prefix3:she,0.7475,0.61875,1.0,1.0,0.0
10675,instagram,kevinhealey33,3,twitter,kevin_healey,simple_name_prefix3:kev,0.7472000000000001,0.9680000000000001,0.5333333333333333,1.0,0.0
6461,instagram,anewwoman08,3,twitter,anewwoman08,simple_name_prefix3:ane,0.7471428571428571,1.1,0.35714285714285715,1.0,0.0
13586,instagram,tapiro,3,twitter,tapirofoto,simple_name_prefix3:tap,0.7466666666666668,0.8250000000000001,0.7222222222222222,1.0,0.0
5648,instagram,marceze,3,twitter,marcezerandazzo,simple_name_prefix3:mar,0.7466666666666666,0.7000000000000001,0.8888888888888888,1.0,0.0
5982,instagram,perryphotography,3,twitter,perrysyap,simple_name_prefix3:per,0.7464,0.6160000000000001,1.0,1.0,0.0
11473,instagram,matthewmod,3,twitter,matthewsullivan,simple_name_prefix3:mat,0.7464,0.6160000000000001,1.0,1.0,0.0
6945,instagram,alvarovalladares,3,twitter,alvaromarketing,simple_name_prefix3:alv,0.7463929618768328,0.6387096774193549,0.9696969696969697,1.0,0.0
13625,instagram,tekjau,3,twitter,tekjau,simple_name_prefix3:tek,0.7458823529411764,1.1,0.35294117647058826,1.0,0.0
8969,instagram,fgacv,3,twitter,fgacv,simple_name_prefix3:fga,0.7458823529411764,1.1,0.35294117647058826,1.0,0.0
4864,instagram,edforbes02,3,twitter,edforbes,simple_name_prefix3:edf,0.7453968253968255,0.9777777777777779,0.5142857142857142,1.0,0.0
8925,instagram,farryaprianto,3,twitter,farry,simple_name_prefix3:far,0.7444444444444445,0.6111111111111112,1.0,1.0,0.0
8636,instagram,edgargonzalez,3,twitter,edgar,simple_name_prefix3:edg,0.7444444444444445,0.6111111111111112,1.0,1.0,0.0
10292,instagram,joonbizzle,3,twitter,joonshin,simple_name_prefix3:joo,0.7444444444444445,0.6111111111111112,1.0,1.0,0.0
4368,instagram,andrewdion04,3,twitter,andrewdion04,simple_name_prefix3:and,0.7443478260869565,1.1,0.34782608695652173,1.0,0.0
3675,googleplus,kampmeyerimmobilien,3,twitter,kampmeyer,simple_name_prefix3:kam,0.7437267080745342,0.7071428571428573,0.8695652173913043,1.0,0.0
14311,instagram,zafra30,3,twitter,zafra30,simple_name_prefix3:zaf,0.7434482758620691,1.1,0.3448275862068966,1.0,0.0
7216,instagram,tmhiong,3,twitter,tmhiong,simple_name_prefix3:tmh,0.7428571428571429,1.1,0.34285714285714286,1.0,0.0
7825,instagram,chemadieste,3,twitter,chemadieste,simple_name_prefix3:che,0.7428571428571429,1.1,0.34285714285714286,1.0,0.0
4116,googleplus,waltquesada,3,twitter,waltque,simple_name_prefix3:wal,0.7422222222222223,0.8555555555555556,0.6666666666666666,1.0,0.0
14073,instagram,visualem_es,3,twitter,visualem,simple_name_prefix3:vis,0.741954887218045,0.9263157894736842,0.5714285714285714,1.0,0.0
11823,instagram,mohsinali,3,twitter,mohsin,simple_name_prefix3:moh,0.7414736842105263,0.8800000000000001,0.631578947368421,1.0,0.0
10779,instagram,piratx,3,twitter,piratxmac,simple_name_prefix3:pir,0.7408888888888889,0.8800000000000001,0.6296296296296297,1.0,0.0
8119,googleplus,cyrilabbas,8119,instagram,cyrilabbas,simple_name_prefix3:cyr,0.74,1.1,1.0,0.0,0.0
6050,instagram,radiorobyn,3,twitter,radiorobyn,simple_name_prefix3:rad,0.74,1.1,1.0,0.0,0.0
12567,googleplus,radhaanilia,12567,instagram,radhaanilia,simple_name_prefix3:rad,0.74,1.1,1.0,0.0,0.0
8371,googleplus,deanmarsden,8371,instagram,deanmarsden,simple_name_prefix3:dea,0.74,1.1,1.0,0.0,0.0
8373,googleplus,deanouellette,8373,instagram,deanouellette,simple_name_prefix3:dea,0.74,1.1,1.0,0.0,0.0
8373,googleplus,deanouellette,3,twitter,deanouellette,simple_name_prefix3:dea,0.74,1.1,1.0,0.0,0.0
1902,googleplus,dalegoldberg,3,twitter,dalegoldberg,simple_name_prefix3:dal,0.74,1.1,1.0,0.0,0.0
7894,instagram,darkwookiee,3,twitter,darkwookiee,simple_name_prefix3:dar,0.74,1.1,1.0,0.0,0.0
8232,instagram,darcast,3,twitter,darcast,simple_name_prefix3:dar,0.74,1.1,1.0,0.0,0.0
8347,googleplus,dawidpiaskowski,8347,instagram,dawidpiaskowski,simple_name_prefix3:daw,0.74,1.1,1.0,0.0,0.0
8347,googleplus,dawidpiaskowski,3,twitter,dawidpiaskowski,simple_name_prefix3:daw,0.74,1.1,1.0,0.0,0.0
8242,instagram,darraghdoyle,3,twitter,darraghdoyle,simple_name_prefix3:dar,0.74,1.1,1.0,0.0,0.0
8244,googleplus,darrenchivers,8244,instagram,darrenchivers,simple_name_prefix3:dar,0.74,1.1,1.0,0.0,0.0
8244,googleplus,darrenchivers,3,twitter,darrenchivers,simple_name_prefix3:dar,0.74,1.1,1.0,0.0,0.0
8247,googleplus,darrenscotland,3,twitter,darrenscotland,simple_name_prefix3:dar,0.74,1.1,1.0,0.0,0.0
8251,googleplus,darrymorales,8251,instagram,darrymorales,simple_name_prefix3:dar,0.74,1.1,1.0,0.0,0.0
8252,instagram,dartanyon,3,twitter,dartanyon,simple_name_prefix3:dar,0.74,1.1,1.0,0.0,0.0
14001,instagram,darkfireguns,3,twitter,darkfireguns,simple_name_prefix3:dar,0.74,1.1,1.0,0.0,0.0
7426,instagram,berndbitzer,3,twitter,berndbitzer,simple_name_prefix3:ber,0.74,1.1,1.0,0.0,0.0
7427,googleplus,berriepelser,7427,instagram,berriepelser,simple_name_prefix3:ber,0.74,1.1,1.0,0.0,0.0
7428,googleplus,bertboerland,7428,instagram,bertboerland,simple_name_prefix3:ber,0.74,1.1,1.0,0.0,0.0
7429,googleplus,bertdickerson,7429,instagram,bertdickerson,simple_name_prefix3:ber,0.74,1.1,1.0,0.0,0.0
12567,googleplus,radhaanilia,3,twitter,radhaanilia,simple_name_prefix3:rad,0.74,1.1,1.0,0.0,0.0
10248,instagram,daspader,3,twitter,daspader,simple_name_prefix3:das,0.74,1.1,1.0,0.0,0.0
8393,instagram,delgeronimo,3,twitter,delgeronimo,simple_name_prefix3:del,0.74,1.1,1.0,0.0,0.0
8395,googleplus,delthatcher,8395,instagram,delthatcher,simple_name_prefix3:del,0.74,1.1,1.0,0.0,0.0
8395,googleplus,delthatcher,3,twitter,delthatcher,simple_name_prefix3:del,0.74,1.1,1.0,0.0,0.0
4777,instagram,demonic16,3,twitter,demonic16,simple_name_prefix3:dem,0.74,1.1,1.0,0.0,0.0
8396,googleplus,demember,8396,instagram,demember,simple_name_prefix3:dem,0.74,1.1,1.0,0.0,0.0
8396,googleplus,demember,3,twitter,demember,simple_name_prefix3:dem,0.74,1.1,1.0,0.0,0.0
8351,googleplus,dawnniermann,3,twitter,dawnniermann,simple_name_prefix3:daw,0.74,1.1,1.0,0.0,0.0
773,googleplus,bernardodeniz,773,instagram,bernardodeniz,simple_name_prefix3:ber,0.74,1.1,1.0,0.0,0.0
774,googleplus,bernardshuford,774,instagram,bernardshuford,simple_name_prefix3:ber,0.74,1.1,1.0,0.0,0.0
1633,googleplus,berkanbagci,3,twitter,berkanbagci,simple_name_prefix3:ber,0.74,1.1,1.0,0.0,0.0
1634,googleplus,berkanuslu,3,twitter,berkanuslu,simple_name_prefix3:ber,0.74,1.1,1.0,0.0,0.0
7426,googleplus,berndbitzer,7426,instagram,berndbitzer,simple_name_prefix3:ber,0.74,1.1,1.0,0.0,0.0
9936,instagram,jcstearns,3,twitter,jcstearns,simple_name_prefix3:jcs,0.74,1.1,1.0,0.0,0.0
9983,googleplus,jegamble,9983,instagram,jegamble,simple_name_prefix3:jeg,0.74,1.1,1.0,0.0,0.0
9983,googleplus,jegamble,3,twitter,jegamble,simple_name_prefix3:jeg,0.74,1.1,1.0,0.0,0.0
10008,instagram,jwow,3,twitter,jwow,simple_name_prefix3:jwo,0.74,1.1,1.0,0.0,0.0
10023,instagram,e3jeremey,3,twitter,e3jeremey,simple_name_prefix3:e3j,0.74,1.1,1.0,0.0,0.0
7429,googleplus,bertdickerson,3,twitter,bertdickerson,simple_name_prefix3:ber,0.74,1.1,1.0,0.0,0.0
7430,instagram,bertoce,3,twitter,bertoce,simple_name_prefix3:ber,0.74,1.1,1.0,0.0,0.0
9506,googleplus,bertheymans,9506,instagram,bertheymans,simple_name_prefix3:ber,0.74,1.1,1.0,0.0,0.0
2004,googleplus,deniseaday,3,twitter,deniseaday,simple_name_prefix3:den,0.74,1.1,1.0,0.0,0.0
2006,googleplus,dennisarslan,3,twitter,dennisarslan,simple_name_prefix3:den,0.74,1.1,1.0,0.0,0.0
4781,instagram,dennis_bernhard,3,twitter,dennis_bernhard,simple_name_prefix3:den,0.74,1.1,1.0,0.0,0.0
8397,googleplus,denarochelle,3,twitter,denarochelle,simple_name_prefix3:den,0.74,1.1,1.0,0.0,0.0
8404,googleplus,denisdubois,8404,instagram,denisdubois,simple_name_prefix3:den,0.74,1.1,1.0,0.0,0.0
8406,googleplus,dennisplucinik,8406,instagram,dennisplucinik,simple_name_prefix3:den,0.74,1.1,1.0,0.0,0.0
8406,googleplus,dennisplucinik,3,twitter,dennisplucinik,simple_name_prefix3:den,0.74,1.1,1.0,0.0,0.0
8518,googleplus,deniscouto,8518,instagram,deniscouto,simple_name_prefix3:den,0.74,1.1,1.0,0.0,0.0
2012,googleplus,derrekcooper,3,twitter,derrekcooper,simple_name_prefix3:der,0.74,1.1,1.0,0.0,0.0
8368,googleplus,derekdevries,8368,instagram,derekdevries,simple_name_prefix3:der,0.74,1.1,1.0,0.0,0.0
8411,googleplus,derekbarney,3,twitter,derekbarney,simple_name_prefix3:der,0.74,1.1,1.0,0.0,0.0
8412,googleplus,derekfromson,8412,instagram,derekfromson,simple_name_prefix3:der,0.74,1.1,1.0,0.0,0.0
8413,googleplus,derekheisler,8413,instagram,derekheisler,simple_name_prefix3:der,0.74,1.1,1.0,0.0,0.0
8474,instagram,digicmb,3,twitter,digicmb,simple_name_prefix3:dig,0.74,1.1,1.0,0.0,0.0
8476,instagram,digitalsista,3,twitter,digitalsista,simple_name_prefix3:dig,0.74,1.1,1.0,0.0,0.0
10296,instagram,digijordan,3,twitter,digijordan,simple_name_prefix3:dig,0.74,1.1,1.0,0.0,0.0
5796,instagram,devinelines,3,twitter,devinelines,simple_name_prefix3:dev,0.74,1.1,1.0,0.0,0.0
4797,instagram,dianamcqueen,3,twitter,dianamcqueen,simple_name_prefix3:dia,0.74,1.1,1.0,0.0,0.0
4933,instagram,diagas,3,twitter,diagas,simple_name_prefix3:dia,0.74,1.1,1.0,0.0,0.0
8449,googleplus,diahestika,8449,instagram,diahestika,simple_name_prefix3:dia,0.74,1.1,1.0,0.0,0.0
8449,googleplus,diahestika,3,twitter,diahestika,simple_name_prefix3:dia,0.74,1.1,1.0,0.0,0.0
8450,googleplus,dianaantholis,8450,instagram,dianaantholis,simple_name_prefix3:dia,0.74,1.1,1.0,0.0,0.0
8450,googleplus,dianaantholis,3,twitter,dianaantholis,simple_name_prefix3:dia,0.74,1.1,1.0,0.0,0.0
8942,instagram,frau_feli,3,twitter,frau_feli,simple_name_prefix3:fra,0.74,1.1,1.0,0.0,0.0
9026,googleplus,francescgo,9026,instagram,francescgo,simple_name_prefix3:fra,0.74,1.1,1.0,0.0,0.0
9031,instagram,franzfume,3,twitter,franzfume,simple_name_prefix3:fra,0.74,1.1,1.0,0.0,0.0
9033,googleplus,francescoruscelli,9033,instagram,francescoruscelli,simple_name_prefix3:fra,0.74,1.1,1.0,0.0,0.0
9037,googleplus,francisnamouk,3,twitter,francisnamouk,simple_name_prefix3:fra,0.74,1.1,1.0,0.0,0.0
4803,instagram,diegogalmarini,3,twitter,diegogalmarini,simple_name_prefix3:die,0.74,1.1,1.0,0.0,0.0
4805,instagram,diegorubinstein,3,twitter,diegorubinstein,simple_name_prefix3:die,0.74,1.1,1.0,0.0,0.0
8460,instagram,dieds,3,twitter,dieds,simple_name_prefix3:die,0.74,1.1,1.0,0.0,0.0
8463,googleplus,diegofunaro,3,twitter,diegofunaro,simple_name_prefix3:die,0.74,1.1,1.0,0.0,0.0
8466,instagram,diegoph,3,twitter,diegoph,simple_name_prefix3:die,0.74,1.1,1.0,0.0,0.0
4808,instagram,digitalsausage,3,twitter,digitalsausage,simple_name_prefix3:dig,0.74,1.1,1.0,0.0,0.0
9045,googleplus,francovanvuuren,9045,instagram,francovanvuuren,simple_name_prefix3:fra,0.74,1.1,1.0,0.0,0.0
9046,instagram,frank4cars,3,twitter,frank4cars,simple_name_prefix3:fra,0.74,1.1,1.0,0.0,0.0
9048,googleplus,frankdasilva,9048,instagram,frankdasilva,simple_name_prefix3:fra,0.74,1.1,1.0,0.0,0.0
9048,googleplus,frankdasilva,3,twitter,frankdasilva,simple_name_prefix3:fra,0.74,1.1,1.0,0.0,0.0
11263,instagram,digireale,3,twitter,digireale,simple_name_prefix3:dig,0.74,1.1,1.0,0.0,0.0
923,googleplus,franciscapote,923,instagram,franciscapote,simple_name_prefix3:fra,0.74,1.1,1.0,0.0,0.0
924,googleplus,frankazcona,924,instagram,frankazcona,simple_name_prefix3:fra,0.74,1.1,1.0,0.0,0.0
2247,googleplus,frankthuss,3,twitter,frankthuss,simple_name_prefix3:fra,0.74,1.1,1.0,0.0,0.0
9772,instagram,oh_hey_jake,3,twitter,oh_hey_jake,simple_name_prefix3:oh_,0.74,1.1,1.0,0.0,0.0
14239,instagram,yakoradio,3,twitter,yakoradio,simple_name_prefix3:yak,0.74,1.1,1.0,0.0,0.0
14093,instagram,jvonlanthen,3,twitter,jvonlanthen,simple_name_prefix3:jvo,0.74,1.1,1.0,0.0,0.0
9869,instagram,dixiemick,3,twitter,dixiemick,simple_name_prefix3:dix,0.74,1.1,1.0,0.0,0.0
9912,instagram,enworl,3,twitter,enworl,simple_name_prefix3:enw,0.74,1.1,1.0,0.0,0.0
9051,googleplus,frankhartman,9051,instagram,frankhartman,simple_name_prefix3:fra,0.74,1.1,1.0,0.0,0.0
9053,googleplus,franklingraves,9053,instagram,franklingraves,simple_name_prefix3:fra,0.74,1.1,1.0,0.0,0.0
9056,instagram,frankpeti,3,twitter,frankpeti,simple_name_prefix3:fra,0.74,1.1,1.0,0.0,0.0
9058,googleplus,frankstrong,9058,instagram,frankstrong,simple_name_prefix3:fra,0.74,1.1,1.0,0.0,0.0
9060,googleplus,franktraylor,9060,instagram,franktraylor,simple_name_prefix3:fra,0.74,1.1,1.0,0.0,0.0
9060,googleplus,franktraylor,3,twitter,franktraylor,simple_name_prefix3:fra,0.74,1.1,1.0,0.0,0.0
9066,googleplus,franzstrasser,9066,instagram,franzstrasser,simple_name_prefix3:fra,0.74,1.1,1.0,0.0,0.0
8318,instagram,djmcclurg,3,twitter,djmcclurg,simple_name_prefix3:djm,0.74,1.1,1.0,0.0,0.0
2068,googleplus,donnaeaton,3,twitter,donnaeaton,simple_name_prefix3:don,0.74,1.1,1.0,0.0,0.0
2070,googleplus,donovanbrigham,3,twitter,donovanbrigham,simple_name_prefix3:don,0.74,1.1,1.0,0.0,0.0
4831,instagram,donbuley,3,twitter,donbuley,simple_name_prefix3:don,0.74,1.1,1.0,0.0,0.0
4835,instagram,donnyperry,3,twitter,donnyperry,simple_name_prefix3:don,0.74,1.1,1.0,0.0,0.0
8533,googleplus,doncrow,8533,instagram,doncrow,simple_name_prefix3:don,0.74,1.1,1.0,0.0,0.0
8533,googleplus,doncrow,3,twitter,doncrow,simple_name_prefix3:don,0.74,1.1,1.0,0.0,0.0
9049,instagram,frankenhain,3,twitter,frankenhain,simple_name_prefix3:fra,0.74,1.1,1.0,0.0,0.0
9050,instagram,frankygee3,3,twitter,frankygee3,simple_name_prefix3:fra,0.74,1.1,1.0,0.0,0.0
9717,googleplus,ivanhernandez,3,twitter,ivanhernandez,simple_name_prefix3:iva,0.74,1.1,1.0,0.0,0.0
9719,instagram,ivanl,3,twitter,ivanl,simple_name_prefix3:iva,0.74,1.1,1.0,0.0,0.0
9720,googleplus,ivanlajara,3,twitter,ivanlajara,simple_name_prefix3:iva,0.74,1.1,1.0,0.0,0.0
9721,googleplus,ivanmola,9721,instagram,ivanmola,simple_name_prefix3:iva,0.74,1.1,1.0,0.0,0.0
8540,googleplus,donnunn,8540,instagram,donnunn,simple_name_prefix3:don,0.74,1.1,1.0,0.0,0.0
8540,googleplus,donnunn,3,twitter,donnunn,simple_name_prefix3:don,0.74,1.1,1.0,0.0,0.0
8543,instagram,dontsithome,3,twitter,dontsithome,simple_name_prefix3:don,0.74,1.1,1.0,0.0,0.0
8574,googleplus,drewdowns,8574,instagram,drewdowns,simple_name_prefix3:dre,0.74,1.1,1.0,0.0,0.0
8576,instagram,drewmgriffin,3,twitter,drewmgriffin,simple_name_prefix3:dre,0.74,1.1,1.0,0.0,0.0
8577,googleplus,drewneisser,8577,instagram,drewneisser,simple_name_prefix3:dre,0.74,1.1,1.0,0.0,0.0
9710,googleplus,isuruyapa,9710,instagram,isuruyapa,simple_name_prefix3:isu,0.74,1.1,1.0,0.0,0.0
9730,instagram,j0hnsy,3,twitter,j0hnsy,simple_name_prefix3:j0h,0.74,1.1,1.0,0.0,0.0
10824,googleplus,kushalashok,10824,instagram,kushalashok,simple_name_prefix3:kus,0.74,1.1,1.0,0.0,0.0
9731,instagram,j4nu5,3,twitter,j4nu5,simple_name_prefix3:j4n,0.74,1.1,1.0,0.0,0.0
7540,instagram,earth2bravo,3,twitter,earth2bravo,simple_name_prefix3:ear,0.74,1.1,1.0,0.0,0.0
8619,instagram,earl_reagan,3,twitter,earl_reagan,simple_name_prefix3:ear,0.74,1.1,1.0,0.0,0.0
5166,instagram,ivanmorote,3,twitter,ivanmorote,simple_name_prefix3:iva,0.74,1.1,1.0,0.0,0.0
2110,googleplus,eduardogochez,3,twitter,eduardogochez,simple_name_prefix3:edu,0.74,1.1,1.0,0.0,0.0
8648,instagram,eduhecam,3,twitter,eduhecam,simple_name_prefix3:edu,0.74,1.1,1.0,0.0,0.0
8650,googleplus,eduardopradanos,8650,instagram,eduardopradanos,simple_name_prefix3:edu,0.74,1.1,1.0,0.0,0.0
8651,instagram,eduardostuart,3,twitter,eduardostuart,simple_name_prefix3:edu,0.74,1.1,1.0,0.0,0.0
8643,instagram,edonamoncura,3,twitter,edonamoncura,simple_name_prefix3:edo,0.74,1.1,1.0,0.0,0.0
2103,googleplus,eddieebeling,3,twitter,eddieebeling,simple_name_prefix3:edd,0.74,1.1,1.0,0.0,0.0
1305,googleplus,nataschaljubic,1305,instagram,nataschaljubic,simple_name_prefix3:nat,0.74,1.1,1.0,0.0,0.0
5853,instagram,natanoj86,3,twitter,natanoj86,simple_name_prefix3:nat,0.74,1.1,1.0,0.0,0.0
10998,googleplus,nathanlimbach,10998,instagram,nathanlimbach,simple_name_prefix3:nat,0.74,1.1,1.0,0.0,0.0
11965,instagram,natalia_lamange,3,twitter,natalia_lamange,simple_name_prefix3:nat,0.74,1.1,1.0,0.0,0.0
9671,instagram,inlovewithnow,3,twitter,inlovewithnow,simple_name_prefix3:inl,0.74,1.1,1.0,0.0,0.0
9683,instagram,ipricku,3,twitter,ipricku,simple_name_prefix3:ipr,0.74,1.1,1.0,0.0,0.0
11991,googleplus,natyataniarza,3,twitter,natyataniarza,simple_name_prefix3:nat,0.74,1.1,1.0,0.0,0.0
14121,googleplus,nathanwatson,14121,instagram,nathanwatson,simple_name_prefix3:nat,0.74,1.1,1.0,0.0,0.0
11967,googleplus,nataliecarstens,11967,instagram,nataliecarstens,simple_name_prefix3:nat,0.74,1.1,1.0,0.0,0.0
11967,googleplus,nataliecarstens,3,twitter,nataliecarstens,simple_name_prefix3:nat,0.74,1.1,1.0,0.0,0.0
11970,instagram,natashayounge,3,twitter,natashayounge,simple_name_prefix3:nat,0.74,1.1,1.0,0.0,0.0
11977,googleplus,natelockwood,11977,instagram,natelockwood,simple_name_prefix3:nat,0.74,1.1,1.0,0.0,0.0
11979,googleplus,natemcintyre,11979,instagram,natemcintyre,simple_name_prefix3:nat,0.74,1.1,1.0,0.0,0.0
11980,instagram,natfeewrites,3,twitter,natfeewrites,simple_name_prefix3:nat,0.74,1.1,1.0,0.0,0.0
11981,googleplus,nathangreenberg,11981,instagram,nathangreenberg,simple_name_prefix3:nat,0.74,1.1,1.0,0.0,0.0
2129,googleplus,elianadukes,3,twitter,elianadukes,simple_name_prefix3:eli,0.74,1.1,1.0,0.0,0.0
8704,instagram,eliazu,3,twitter,eliazu,simple_name_prefix3:eli,0.74,1.1,1.0,0.0,0.0
8708,googleplus,elishaparris,3,twitter,elishaparris,simple_name_prefix3:eli,0.74,1.1,1.0,0.0,0.0
8711,instagram,elizabethpro,3,twitter,elizabethpro,simple_name_prefix3:eli,0.74,1.1,1.0,0.0,0.0
11983,instagram,nathan_mccavery,3,twitter,nathan_mccavery,simple_name_prefix3:nat,0.74,1.1,1.0,0.0,0.0
11987,googleplus,nathanwpace,11987,instagram,nathanwpace,simple_name_prefix3:nat,0.74,1.1,1.0,0.0,0.0
11987,googleplus,nathanwpace,3,twitter,nathanwpace,simple_name_prefix3:nat,0.74,1.1,1.0,0.0,0.0
2138,googleplus,elzacohen,3,twitter,elzacohen,simple_name_prefix3:elz,0.74,1.1,1.0,0.0,0.0
4886,instagram,elle_dee_are,3,twitter,elle_dee_are,simple_name_prefix3:ell,0.74,1.1,1.0,0.0,0.0
8713,instagram,elleiconlee,3,twitter,elleiconlee,simple_name_prefix3:ell,0.74,1.1,1.0,0.0,0.0
8717,googleplus,ellistuhler,3,twitter,ellistuhler,simple_name_prefix3:ell,0.74,1.1,1.0,0.0,0.0
11133,instagram,elluish,3,twitter,elluish,simple_name_prefix3:ell,0.74,1.1,1.0,0.0,0.0
8730,googleplus,emanuelearosio,8730,instagram,emanuelearosio,simple_name_prefix3:ema,0.74,1.1,1.0,0.0,0.0
8683,googleplus,elainegiles,8683,instagram,elainegiles,simple_name_prefix3:ela,0.74,1.1,1.0,0.0,0.0
8601,instagram,eldusto,3,twitter,eldusto,simple_name_prefix3:eld,0.74,1.1,1.0,0.0,0.0
11368,instagram,eld0rado,3,twitter,eld0rado,simple_name_prefix3:eld,0.74,1.1,1.0,0.0,0.0
9642,googleplus,ilariadefilippo,9642,instagram,ilariadefilippo,simple_name_prefix3:ila,0.74,1.1,1.0,0.0,0.0
9643,googleplus,ilariapic,9643,instagram,ilariapic,simple_name_prefix3:ila,0.74,1.1,1.0,0.0,0.0
9641,instagram,isdscuba,3,twitter,isdscuba,simple_name_prefix3:isd,0.74,1.1,1.0,0.0,0.0
9645,instagram,ileane,3,twitter,ileane,simple_name_prefix3:ile,0.74,1.1,1.0,0.0,0.0
12537,googleplus,purabmehta,12537,instagram,purabmehta,simple_name_prefix3:pur,0.74,1.1,1.0,0.0,0.0
12537,googleplus,purabmehta,3,twitter,purabmehta,simple_name_prefix3:pur,0.74,1.1,1.0,0.0,0.0
3664,googleplus,rodrigoluizgenz,3,twitter,rodrigoluizgenz,simple_name_prefix3:rod,0.74,1.1,1.0,0.0,0.0
12736,instagram,emailforhelp,3,twitter,emailforhelp,simple_name_prefix3:ema,0.74,1.1,1.0,0.0,0.0
894,googleplus,emilwu,894,instagram,emilwu,simple_name_prefix3:emi,0.74,1.1,1.0,0.0,0.0
2143,googleplus,emilythousand,3,twitter,emilythousand,simple_name_prefix3:emi,0.74,1.1,1.0,0.0,0.0
8737,instagram,emi1027,3,twitter,emi1027,simple_name_prefix3:emi,0.74,1.1,1.0,0.0,0.0
8739,googleplus,emildanielsen,8739,instagram,emildanielsen,simple_name_prefix3:emi,0.74,1.1,1.0,0.0,0.0
8739,googleplus,emildanielsen,3,twitter,emildanielsen,simple_name_prefix3:emi,0.74,1.1,1.0,0.0,0.0
8742,googleplus,emiliofolgar,8742,instagram,emiliofolgar,simple_name_prefix3:emi,0.74,1.1,1.0,0.0,0.0
9626,googleplus,iggypintado,3,twitter,iggypintado,simple_name_prefix3:igg,0.74,1.1,1.0,0.0,0.0
9636,instagram,ijonas,3,twitter,ijonas,simple_name_prefix3:ijo,0.74,1.1,1.0,0.0,0.0
9638,googleplus,ikermerodio,9638,instagram,ikermerodio,simple_name_prefix3:ike,0.74,1.1,1.0,0.0,0.0
12847,googleplus,rodpitts,12847,instagram,rodpitts,simple_name_prefix3:rod,0.74,1.1,1.0,0.0,0.0
12847,googleplus,rodpitts,3,twitter,rodpitts,simple_name_prefix3:rod,0.74,1.1,1.0,0.0,0.0
12849,googleplus,rodrigoayala,12849,instagram,rodrigoayala,simple_name_prefix3:rod,0.74,1.1,1.0,0.0,0.0
8742,googleplus,emiliofolgar,3,twitter,emiliofolgar,simple_name_prefix3:emi,0.74,1.1,1.0,0.0,0.0
8744,googleplus,emiliotudela,8744,instagram,emiliotudela,simple_name_prefix3:emi,0.74,1.1,1.0,0.0,0.0
8744,googleplus,emiliotudela,3,twitter,emiliotudela,simple_name_prefix3:emi,0.74,1.1,1.0,0.0,0.0
2144,googleplus,emmanuelgonot,3,twitter,emmanuelgonot,simple_name_prefix3:emm,0.74,1.1,1.0,0.0,0.0
8750,googleplus,emmameese,3,twitter,emmameese,simple_name_prefix3:emm,0.74,1.1,1.0,0.0,0.0
8751,instagram,emmaruthbeer,3,twitter,emmaruthbeer,simple_name_prefix3:emm,0.74,1.1,1.0,0.0,0.0
8752,googleplus,emmiejae,3,twitter,emmiejae,simple_name_prefix3:emm,0.74,1.1,1.0,0.0,0.0
3662,googleplus,roddchant,3,twitter,roddchant,simple_name_prefix3:rod,0.74,1.1,1.0,0.0,0.0
12849,instagram,rodrigoayala,3,twitter,rodrigoayala,simple_name_prefix3:rod,0.74,1.1,1.0,0.0,0.0
12850,googleplus,rodrigobispo,12850,instagram,rodrigobispo,simple_name_prefix3:rod,0.74,1.1,1.0,0.0,0.0
12852,instagram,rodriigosantos,3,twitter,rodriigosantos,simple_name_prefix3:rod,0.74,1.1,1.0,0.0,0.0
12854,instagram,rodriguez247,3,twitter,rodriguez247,simple_name_prefix3:rod,0.74,1.1,1.0,0.0,0.0
8649,instagram,photografia,3,twitter,photografia,simple_name_prefix3:pho,0.74,1.1,1.0,0.0,0.0
6122,instagram,rodolfokarvalho,3,twitter,rodolfokarvalho,simple_name_prefix3:rod,0.74,1.1,1.0,0.0,0.0
6123,instagram,rodrigoamgomes,3,twitter,rodrigoamgomes,simple_name_prefix3:rod,0.74,1.1,1.0,0.0,0.0
12712,googleplus,rodneyhoinkes,3,twitter,rodneyhoinkes,simple_name_prefix3:rod,0.74,1.1,1.0,0.0,0.0
12841,instagram,rodericodelpino,3,twitter,rodericodelpino,simple_name_prefix3:rod,0.74,1.1,1.0,0.0,0.0
12845,googleplus,rodneypike,12845,instagram,rodneypike,simple_name_prefix3:rod,0.74,1.1,1.0,0.0,0.0
12845,googleplus,rodneypike,3,twitter,rodneypike,simple_name_prefix3:rod,0.74,1.1,1.0,0.0,0.0
9527,instagram,hlockwoo,3,twitter,hlockwoo,simple_name_prefix3:hlo,0.74,1.1,1.0,0.0,0.0
9547,instagram,hdlevy,3,twitter,hdlevy,simple_name_prefix3:hdl,0.74,1.1,1.0,0.0,0.0
9554,instagram,huiwenhan,3,twitter,huiwenhan,simple_name_prefix3:hui,0.74,1.1,0.3333333333333333,1.0,0.0
9601,instagram,ibailejarraga,3,twitter,ibailejarraga,simple_name_prefix3:iba,0.74,1.1,1.0,0.0,0.0
9705,googleplus,ishamazad,3,twitter,ishamazad,simple_name_prefix3:ish,0.74,1.1,1.0,0.0,0.0
8941,googleplus,felicelam,8941,instagram,felicelam,simple_name_prefix3:fel,0.74,1.1,1.0,0.0,0.0
12449,googleplus,photolarry,3,twitter,photolarry,simple_name_prefix3:pho,0.74,1.1,1.0,0.0,0.0
3913,googleplus,surendermarkam,3,twitter,surendermarkam,simple_name_prefix3:sur,0.74,1.1,1.0,0.0,0.0
8894,googleplus,fabiolottino,8894,instagram,fabiolottino,simple_name_prefix3:fab,0.74,1.1,1.0,0.0,0.0
8895,instagram,fabiopinna,3,twitter,fabiopinna,simple_name_prefix3:fab,0.74,1.1,1.0,0.0,0.0
2219,googleplus,fernandosandim,3,twitter,fernandosandim,simple_name_prefix3:fer,0.74,1.1,1.0,0.0,0.0
4962,instagram,ferhatezizi,3,twitter,ferhatezizi,simple_name_prefix3:fer,0.74,1.1,1.0,0.0,0.0
8908,instagram,fairysari,3,twitter,fairysari,simple_name_prefix3:fai,0.74,1.1,1.0,0.0,0.0
10119,instagram,fairminder,3,twitter,fairminder,simple_name_prefix3:fai,0.74,1.1,1.0,0.0,0.0
12291,instagram,fairyfest,3,twitter,fairyfest,simple_name_prefix3:fai,0.74,1.1,1.0,0.0,0.0
8935,googleplus,federicopistono,8935,instagram,federicopistono,simple_name_prefix3:fed,0.74,1.1,1.0,0.0,0.0
9436,instagram,hiimharsh,3,twitter,hiimharsh,simple_name_prefix3:hii,0.74,1.1,1.0,0.0,0.0
9458,instagram,hdueitt,3,twitter,hdueitt,simple_name_prefix3:hdu,0.74,1.1,1.0,0.0,0.0
9519,instagram,hisforhome,3,twitter,hisforhome,simple_name_prefix3:his,0.74,1.1,1.0,0.0,0.0
9520,instagram,hishamhenry14,3,twitter,hishamhenry14,simple_name_prefix3:his,0.74,1.1,1.0,0.0,0.0
8948,googleplus,felipeventurini,8948,instagram,felipeventurini,simple_name_prefix3:fel,0.74,1.1,1.0,0.0,0.0
9099,googleplus,felipegrantham,9099,instagram,felipegrantham,simple_name_prefix3:fel,0.74,1.1,1.0,0.0,0.0
8520,instagram,doctorparadox,3,twitter,doctorparadox,simple_name_prefix3:doc,0.74,1.1,1.0,0.0,0.0
917,googleplus,fernandocebolla,917,instagram,fernandocebolla,simple_name_prefix3:fer,0.74,1.1,1.0,0.0,0.0
8965,instagram,ferrisagain,3,twitter,ferrisagain,simple_name_prefix3:fer,0.74,1.1,1.0,0.0,0.0
8974,googleplus,filipmares,8974,instagram,filipmares,simple_name_prefix3:fil,0.74,1.1,1.0,0.0,0.0
8976,instagram,filjedi,3,twitter,filjedi,simple_name_prefix3:fil,0.74,1.1,1.0,0.0,0.0
9530,googleplus,holleyjacobs,3,twitter,holleyjacobs,simple_name_prefix3:hol,0.74,1.1,1.0,0.0,0.0
9534,instagram,holmespi,3,twitter,holmespi,simple_name_prefix3:hol,0.74,1.1,1.0,0.0,0.0
12135,instagram,nuovi_turismi,3,twitter,nuovi_turismi,simple_name_prefix3:nuo,0.74,1.1,1.0,0.0,0.0
9407,instagram,eyup_hanoglu,3,twitter,eyup_hanoglu,simple_name_prefix3:eyu,0.74,1.1,1.0,0.0,0.0
14257,googleplus,yazeedaloyoun,14257,instagram,yazeedaloyoun,simple_name_prefix3:yaz,0.74,1.1,1.0,0.0,0.0
8066,instagram,fishdogs,3,twitter,fishdogs,simple_name_prefix3:fis,0.74,1.1,1.0,0.0,0.0
4977,instagram,fleskens,3,twitter,fleskens,simple_name_prefix3:fle,0.74,1.1,1.0,0.0,0.0
1356,googleplus,florinadamache,3,twitter,florinadamache,simple_name_prefix3:flo,0.74,1.1,1.0,0.0,0.0
8997,googleplus,floriandedio,3,twitter,floriandedio,simple_name_prefix3:flo,0.74,1.1,1.0,0.0,0.0
8998,googleplus,florianpich,8998,instagram,florianpich,simple_name_prefix3:flo,0.74,1.1,1.0,0.0,0.0
8998,googleplus,florianpich,3,twitter,florianpich,simple_name_prefix3:flo,0.74,1.1,1.0,0.0,0.0
8963,googleplus,ferranbrooks,8963,instagram,ferranbrooks,simple_name_prefix3:fer,0.74,1.1,1.0,0.0,0.0
4983,instagram,followlori,3,twitter,followlori,simple_name_prefix3:fol,0.74,1.1,1.0,0.0,0.0
9006,instagram,folghera,3,twitter,folghera,simple_name_prefix3:fol,0.74,1.1,1.0,0.0,0.0
11275,instagram,formatbrain,3,twitter,formatbrain,simple_name_prefix3:for,0.74,1.1,1.0,0.0,0.0
3530,googleplus,profesorjano,3,twitter,profesorjano,simple_name_prefix3:pro,0.74,1.1,1.0,0.0,0.0
8380,instagram,propserina,3,twitter,propserina,simple_name_prefix3:pro,0.74,1.1,1.0,0.0,0.0
11742,instagram,projectsmith,3,twitter,projectsmith,simple_name_prefix3:pro,0.74,1.1,1.0,0.0,0.0
5093,instagram,heatherpark,3,twitter,heatherpark,simple_name_prefix3:hea,0.74,1.1,1.0,0.0,0.0
9462,instagram,heathercapri,3,twitter,heathercapri,simple_name_prefix3:hea,0.74,1.1,1.0,0.0,0.0
9535,instagram,holycow,3,twitter,holycow,simple_name_prefix3:hol,0.74,1.1,1.0,0.0,0.0
13150,instagram,holasejal,3,twitter,holasejal,simple_name_prefix3:hol,0.74,1.1,1.0,0.0,0.0
9110,instagram,gabeweb,3,twitter,gabeweb,simple_name_prefix3:gab,0.74,1.1,1.0,0.0,0.0
9111,instagram,gaborousseau,3,twitter,gaborousseau,simple_name_prefix3:gab,0.74,1.1,1.0,0.0,0.0
9469,googleplus,heathernolan,9469,instagram,heathernolan,simple_name_prefix3:hea,0.74,1.1,1.0,0.0,0.0
8993,instagram,friedelfeiner,3,twitter,friedelfeiner,simple_name_prefix3:fri,0.74,1.1,1.0,0.0,0.0
9120,instagram,gabriel_rinaldi,3,twitter,gabriel_rinaldi,simple_name_prefix3:gab,0.74,1.1,1.0,0.0,0.0
2732,googleplus,juangigli,3,twitter,juangigli,simple_name_prefix3:jua,0.74,1.1,1.0,0.0,0.0
5396,instagram,juanomatic,3,twitter,juanomatic,simple_name_prefix3:jua,0.74,1.1,1.0,0.0,0.0
9320,googleplus,juandocervantes,9320,instagram,juandocervantes,simple_name_prefix3:jua,0.74,1.1,1.0,0.0,0.0
9081,instagram,frijal,3,twitter,frijal,simple_name_prefix3:fri,0.74,1.1,0.3333333333333333,1.0,0.0
9084,googleplus,fritztoch,9084,instagram,fritztoch,simple_name_prefix3:fri,0.74,1.1,1.0,0.0,0.0
5014,instagram,gabonghi,3,twitter,gabonghi,simple_name_prefix3:gab,0.74,1.1,1.0,0.0,0.0
9105,googleplus,gabbygolub,9105,instagram,gabbygolub,simple_name_prefix3:gab,0.74,1.1,1.0,0.0,0.0
9106,googleplus,gabealonso,3,twitter,gabealonso,simple_name_prefix3:gab,0.74,1.1,1.0,0.0,0.0
9108,googleplus,gabeshaughnessy,9108,instagram,gabeshaughnessy,simple_name_prefix3:gab,0.74,1.1,1.0,0.0,0.0
9109,googleplus,gabetaviano,9109,instagram,gabetaviano,simple_name_prefix3:gab,0.74,1.1,1.0,0.0,0.0
9211,instagram,gscoglio,3,twitter,gscoglio,simple_name_prefix3:gsc,0.74,1.1,1.0,0.0,0.0
9260,instagram,gkampolis,3,twitter,gkampolis,simple_name_prefix3:gka,0.74,1.1,1.0,0.0,0.0
9278,instagram,gnowynnad,3,twitter,gnowynnad,simple_name_prefix3:gno,0.74,1.1,1.0,0.0,0.0
9283,instagram,gomayara,3,twitter,gomayara,simple_name_prefix3:gom,0.74,1.1,1.0,0.0,0.0
9341,instagram,gtbundy,3,twitter,gtbundy,simple_name_prefix3:gtb,0.74,1.1,1.0,0.0,0.0
9342,instagram,gteresa,3,twitter,gteresa,simple_name_prefix3:gte,0.74,1.1,1.0,0.0,0.0
9343,instagram,gtvone,3,twitter,gtvone,simple_name_prefix3:gtv,0.74,1.1,1.0,0.0,0.0
9357,googleplus,gulgungoktan,3,twitter,gulgungoktan,simple_name_prefix3:gul,0.74,1.1,1.0,0.0,0.0
9119,googleplus,gabrielravarini,9119,instagram,gabrielravarini,simple_name_prefix3:gab,0.74,1.1,1.0,0.0,0.0
10417,googleplus,juanjobrizuela,10417,instagram,juanjobrizuela,simple_name_prefix3:jua,0.74,1.1,1.0,0.0,0.0
10425,instagram,juanrules,3,twitter,juanrules,simple_name_prefix3:jua,0.74,1.1,1.0,0.0,0.0
9128,instagram,galancantu,3,twitter,galancantu,simple_name_prefix3:gal,0.74,1.1,1.0,0.0,0.0
2277,googleplus,garthholman,3,twitter,garthholman,simple_name_prefix3:gar,0.74,1.1,1.0,0.0,0.0
2279,googleplus,garylamphier,3,twitter,garylamphier,simple_name_prefix3:gar,0.74,1.1,1.0,0.0,0.0
9137,googleplus,garethjonesca,9137,instagram,garethjonesca,simple_name_prefix3:gar,0.74,1.1,1.0,0.0,0.0
9137,googleplus,garethjonesca,3,twitter,garethjonesca,simple_name_prefix3:gar,0.74,1.1,1.0,0.0,0.0
9180,instagram,gemmaphelan,3,twitter,gemmaphelan,simple_name_prefix3:gem,0.74,1.1,1.0,0.0,0.0
9188,instagram,gvertlieb,3,twitter,gvertlieb,simple_name_prefix3:gve,0.74,1.1,1.0,0.0,0.0
9201,instagram,degrar,3,twitter,degrar,simple_name_prefix3:deg,0.74,1.1,1.0,0.0,0.0
8581,googleplus,michaelcapilli,8581,instagram,michaelcapilli,simple_name_prefix3:mic,0.74,1.1,1.0,0.0,0.0
9140,googleplus,garretkeogh,9140,instagram,garretkeogh,simple_name_prefix3:gar,0.74,1.1,1.0,0.0,0.0
9146,googleplus,garycruz,9146,instagram,garycruz,simple_name_prefix3:gar,0.74,1.1,1.0,0.0,0.0
9148,googleplus,garypageau,3,twitter,garypageau,simple_name_prefix3:gar,0.74,1.1,1.0,0.0,0.0
9150,googleplus,garyware,3,twitter,garyware,simple_name_prefix3:gar,0.74,1.1,1.0,0.0,0.0
1109,googleplus,michaelsaffle,1109,instagram,michaelsaffle,simple_name_prefix3:mic,0.74,1.1,1.0,0.0,0.0
2202,googleplus,michelleakin,3,twitter,michelleakin,simple_name_prefix3:mic,0.74,1.1,1.0,0.0,0.0
3185,googleplus,micahjayne,3,twitter,micahjayne,simple_name_prefix3:mic,0.74,1.1,1.0,0.0,0.0
3187,googleplus,michaelaconley,3,twitter,michaelaconley,simple_name_prefix3:mic,0.74,1.1,1.0,0.0,0.0
10413,instagram,juancarikt,3,twitter,juancarikt,simple_name_prefix3:jua,0.74,1.1,1.0,0.0,0.0
11625,googleplus,michaelarkins,11625,instagram,michaelarkins,simple_name_prefix3:mic,0.74,1.1,1.0,0.0,0.0
11630,googleplus,michaelclawson,3,twitter,michaelclawson,simple_name_prefix3:mic,0.74,1.1,1.0,0.0,0.0
3195,googleplus,michaeldimatteo,3,twitter,michaeldimatteo,simple_name_prefix3:mic,0.74,1.1,1.0,0.0,0.0
3201,googleplus,michaelmaury,3,twitter,michaelmaury,simple_name_prefix3:mic,0.74,1.1,1.0,0.0,0.0
3205,googleplus,michaelmullally,3,twitter,michaelmullally,simple_name_prefix3:mic,0.74,1.1,1.0,0.0,0.0
3213,googleplus,mickfealty,3,twitter,mickfealty,simple_name_prefix3:mic,0.74,1.1,1.0,0.0,0.0
3214,googleplus,mickkerrigan,3,twitter,mickkerrigan,simple_name_prefix3:mic,0.74,1.1,1.0,0.0,0.0
5757,instagram,michaelvanlaar,3,twitter,michaelvanlaar,simple_name_prefix3:mic,0.74,1.1,1.0,0.0,0.0
5763,instagram,mickyribera,3,twitter,mickyribera,simple_name_prefix3:mic,0.74,1.1,1.0,0.0,0.0
7482,instagram,micblazek,3,twitter,micblazek,simple_name_prefix3:mic,0.74,1.1,1.0,0.0,0.0
11637,googleplus,michaeldylanferrara,11637,instagram,michaeldylanferrara,simple_name_prefix3:mic,0.74,1.1,1.0,0.0,0.0
11641,googleplus,michaelgodfre,11641,instagram,michaelgodfre,simple_name_prefix3:mic,0.74,1.1,1.0,0.0,0.0
11642,instagram,michael_goff,3,twitter,michael_goff,simple_name_prefix3:mic,0.74,1.1,1.0,0.0,0.0
11643,instagram,michaelholz,3,twitter,michaelholz,simple_name_prefix3:mic,0.74,1.1,1.0,0.0,0.0
8973,googleplus,michaelfiggins,8973,instagram,michaelfiggins,simple_name_prefix3:mic,0.74,1.1,1.0,0.0,0.0
11425,googleplus,michaelmase,11425,instagram,michaelmase,simple_name_prefix3:mic,0.74,1.1,1.0,0.0,0.0
11617,googleplus,micahalcorn,11617,instagram,micahalcorn,simple_name_prefix3:mic,0.74,1.1,1.0,0.0,0.0
13620,instagram,tedr,3,twitter,tedr,simple_name_prefix3:ted,0.74,1.1,1.0,0.0,0.0
9142,instagram,gsmitman,3,twitter,gsmitman,simple_name_prefix3:gsm,0.74,1.1,1.0,0.0,0.0
9315,instagram,gwickes,3,twitter,gwickes,simple_name_prefix3:gwi,0.74,1.1,1.0,0.0,0.0
9303,instagram,gpagliucas,3,twitter,gpagliucas,simple_name_prefix3:gpa,0.74,1.1,1.0,0.0,0.0
9368,instagram,gpapasergio,3,twitter,gpapasergio,simple_name_prefix3:gpa,0.74,1.1,1.0,0.0,0.0
9161,googleplus,hristogaydarski,9161,instagram,hristogaydarski,simple_name_prefix3:hri,0.74,1.1,1.0,0.0,0.0
9165,instagram,gbases,3,twitter,gbases,simple_name_prefix3:gba,0.74,1.1,1.0,0.0,0.0
9166,googleplus,gbbongiovanni,3,twitter,gbbongiovanni,simple_name_prefix3:gbb,0.74,1.1,1.0,0.0,0.0
9212,instagram,gbookman,3,twitter,gbookman,simple_name_prefix3:gbo,0.74,1.1,1.0,0.0,0.0
9173,googleplus,gdesmedt1,9173,instagram,gdesmedt1,simple_name_prefix3:gde,0.74,1.1,1.0,0.0,0.0
9173,googleplus,gdesmedt1,3,twitter,gdesmedt1,simple_name_prefix3:gde,0.74,1.1,1.0,0.0,0.0
11633,instagram,michaeldching,3,twitter,michaeldching,simple_name_prefix3:mic,0.74,1.1,1.0,0.0,0.0
11635,googleplus,michaeldunker,11635,instagram,michaeldunker,simple_name_prefix3:mic,0.74,1.1,1.0,0.0,0.0
11649,googleplus,michaelletang,3,twitter,michaelletang,simple_name_prefix3:mic,0.74,1.1,1.0,0.0,0.0
11655,googleplus,michaelreuter,11655,instagram,michaelreuter,simple_name_prefix3:mic,0.74,1.1,1.0,0.0,0.0
11656,googleplus,michaeltapp,11656,instagram,michaeltapp,simple_name_prefix3:mic,0.74,1.1,1.0,0.0,0.0
11656,googleplus,michaeltapp,3,twitter,michaeltapp,simple_name_prefix3:mic,0.74,1.1,1.0,0.0,0.0
11660,googleplus,micheleaggiato,11660,instagram,micheleaggiato,simple_name_prefix3:mic,0.74,1.1,1.0,0.0,0.0
11660,googleplus,micheleaggiato,3,twitter,micheleaggiato,simple_name_prefix3:mic,0.74,1.1,1.0,0.0,0.0
13619,googleplus,tedmihu,3,twitter,tedmihu,simple_name_prefix3:ted,0.74,1.1,1.0,0.0,0.0
5466,instagram,kevinjohnmarks,3,twitter,kevinjohnmarks,simple_name_prefix3:kev,0.74,1.1,1.0,0.0,0.0
10666,googleplus,kevincorazza,10666,instagram,kevincorazza,simple_name_prefix3:kev,0.74,1.1,1.0,0.0,0.0
10673,googleplus,kevingoldsmith,10673,instagram,kevingoldsmith,simple_name_prefix3:kev,0.74,1.1,1.0,0.0,0.0
11664,instagram,michelevng,3,twitter,michelevng,simple_name_prefix3:mic,0.74,1.1,1.0,0.0,0.0
11670,googleplus,michellelitv,11670,instagram,michellelitv,simple_name_prefix3:mic,0.74,1.1,1.0,0.0,0.0
11676,instagram,michel_trapani,3,twitter,michel_trapani,simple_name_prefix3:mic,0.74,1.1,1.0,0.0,0.0
11678,googleplus,michidelrosso,11678,instagram,michidelrosso,simple_name_prefix3:mic,0.74,1.1,1.0,0.0,0.0
11683,googleplus,mickyates,11683,instagram,mickyates,simple_name_prefix3:mic,0.74,1.1,1.0,0.0,0.0
9126,googleplus,gailgabrielle,9126,instagram,gailgabrielle,simple_name_prefix3:gai,0.74,1.1,1.0,0.0,0.0
9126,googleplus,gailgabrielle,3,twitter,gailgabrielle,simple_name_prefix3:gai,0.74,1.1,1.0,0.0,0.0
13616,googleplus,teddywaffles,13616,instagram,teddywaffles,simple_name_prefix3:ted,0.74,1.1,1.0,0.0,0.0
13618,googleplus,tedkulp,13618,instagram,tedkulp,simple_name_prefix3:ted,0.74,1.1,1.0,0.0,0.0
13618,googleplus,tedkulp,3,twitter,tedkulp,simple_name_prefix3:ted,0.74,1.1,1.0,0.0,0.0
13619,googleplus,tedmihu,13619,instagram,tedmihu,simple_name_prefix3:ted,0.74,1.1,1.0,0.0,0.0
9155,googleplus,gautamhans1,9155,instagram,gautamhans1,simple_name_prefix3:gau,0.74,1.1,1.0,0.0,0.0
2812,googleplus,kevinvandun,3,twitter,kevinvandun,simple_name_prefix3:kev,0.74,1.1,1.0,0.0,0.0
5464,instagram,kevineriley,3,twitter,kevineriley,simple_name_prefix3:kev,0.74,1.1,1.0,0.0,0.0
10678,instagram,kevinknutson,3,twitter,kevinknutson,simple_name_prefix3:kev,0.74,1.1,1.0,0.0,0.0
10679,googleplus,kevinkrejca,10679,instagram,kevinkrejca,simple_name_prefix3:kev,0.74,1.1,1.0,0.0,0.0
10690,googleplus,kevinrfoote,10690,instagram,kevinrfoote,simple_name_prefix3:kev,0.74,1.1,1.0,0.0,0.0
10691,googleplus,kevinsutton,10691,instagram,kevinsutton,simple_name_prefix3:kev,0.74,1.1,1.0,0.0,0.0
2897,googleplus,gaylelawrence,3,twitter,gaylelawrence,simple_name_prefix3:gay,0.74,1.1,1.0,0.0,0.0
9162,googleplus,gaylejoseph,9162,instagram,gaylejoseph,simple_name_prefix3:gay,0.74,1.1,1.0,0.0,0.0
9098,instagram,fvidiella,3,twitter,fvidiella,simple_name_prefix3:fvi,0.74,1.1,1.0,0.0,0.0
9246,googleplus,giovanniarroyo,3,twitter,giovanniarroyo,simple_name_prefix3:gio,0.74,1.1,1.0,0.0,0.0
9162,googleplus,gaylejoseph,3,twitter,gaylejoseph,simple_name_prefix3:gay,0.74,1.1,1.0,0.0,0.0
9186,instagram,geoffbcampbell,3,twitter,geoffbcampbell,simple_name_prefix3:geo,0.74,1.1,1.0,0.0,0.0
9187,googleplus,geoffreyorthwein,9187,instagram,geoffreyorthwein,simple_name_prefix3:geo,0.74,1.1,1.0,0.0,0.0
9189,googleplus,georgeadria,9189,instagram,georgeadria,simple_name_prefix3:geo,0.74,1.1,1.0,0.0,0.0
9191,googleplus,georgedearing,9191,instagram,georgedearing,simple_name_prefix3:geo,0.74,1.1,1.0,0.0,0.0
9191,googleplus,georgedearing,3,twitter,georgedearing,simple_name_prefix3:geo,0.74,1.1,1.0,0.0,0.0
9208,googleplus,gerlofdubois,9208,instagram,gerlofdubois,simple_name_prefix3:ger,0.74,1.1,1.0,0.0,0.0
9208,googleplus,gerlofdubois,3,twitter,gerlofdubois,simple_name_prefix3:ger,0.74,1.1,1.0,0.0,0.0
9194,googleplus,georgejlloyd,9194,instagram,georgejlloyd,simple_name_prefix3:geo,0.74,1.1,1.0,0.0,0.0
9195,googleplus,georgeprest,9195,instagram,georgeprest,simple_name_prefix3:geo,0.74,1.1,1.0,0.0,0.0
9197,googleplus,georginalester,9197,instagram,georginalester,simple_name_prefix3:geo,0.74,1.1,1.0,0.0,0.0
9244,googleplus,giovanenunes,9244,instagram,giovanenunes,simple_name_prefix3:gio,0.74,1.1,1.0,0.0,0.0
12277,googleplus,papatyakaradede,12277,instagram,papatyakaradede,simple_name_prefix3:pap,0.74,1.1,1.0,0.0,0.0
12277,googleplus,papatyakaradede,3,twitter,papatyakaradede,simple_name_prefix3:pap,0.74,1.1,1.0,0.0,0.0
9248,googleplus,giovencato,9248,instagram,giovencato,simple_name_prefix3:gio,0.74,1.1,1.0,0.0,0.0
9249,instagram,giovinator,3,twitter,giovinator,simple_name_prefix3:gio,0.74,1.1,1.0,0.0,0.0
10257,googleplus,giovannalafeltra,10257,instagram,giovannalafeltra,simple_name_prefix3:gio,0.74,1.1,1.0,0.0,0.0
9200,googleplus,geraldstreiter,3,twitter,geraldstreiter,simple_name_prefix3:ger,0.74,1.1,1.0,0.0,0.0
9203,googleplus,gerarddaduya,3,twitter,gerarddaduya,simple_name_prefix3:ger,0.74,1.1,1.0,0.0,0.0
9204,googleplus,gerardfreeman,3,twitter,gerardfreeman,simple_name_prefix3:ger,0.74,1.1,1.0,0.0,0.0
9206,googleplus,gerbenjacobs,9206,instagram,gerbenjacobs,simple_name_prefix3:ger,0.74,1.1,1.0,0.0,0.0
4338,instagram,guiambros,3,twitter,guiambros,simple_name_prefix3:gui,0.74,1.1,1.0,0.0,0.0
9349,googleplus,guidobenedetti,9349,instagram,guidobenedetti,simple_name_prefix3:gui,0.74,1.1,1.0,0.0,0.0
9213,instagram,germer,3,twitter,germer,simple_name_prefix3:ger,0.74,1.1,1.0,0.0,0.0
9215,googleplus,gerrymiller,9215,instagram,gerrymiller,simple_name_prefix3:ger,0.74,1.1,1.0,0.0,0.0
9216,googleplus,gersonglz,9216,instagram,gersonglz,simple_name_prefix3:ger,0.74,1.1,1.0,0.0,0.0
9216,googleplus,gersonglz,3,twitter,gersonglz,simple_name_prefix3:ger,0.74,1.1,1.0,0.0,0.0
9706,googleplus,ismaellabrador,9706,instagram,ismaellabrador,simple_name_prefix3:ism,0.74,1.1,1.0,0.0,0.0
9706,googleplus,ismaellabrador,3,twitter,ismaellabrador,simple_name_prefix3:ism,0.74,1.1,1.0,0.0,0.0
2325,googleplus,gorkaruiz,3,twitter,gorkaruiz,simple_name_prefix3:gor,0.74,1.1,1.0,0.0,0.0
9294,googleplus,gordonogden,9294,instagram,gordonogden,simple_name_prefix3:gor,0.74,1.1,1.0,0.0,0.0
9294,googleplus,gordonogden,3,twitter,gordonogden,simple_name_prefix3:gor,0.74,1.1,1.0,0.0,0.0
2316,googleplus,glenwoodfin,3,twitter,glenwoodfin,simple_name_prefix3:gle,0.74,1.1,1.0,0.0,0.0
9264,instagram,gleamland,3,twitter,gleamland,simple_name_prefix3:gle,0.74,1.1,1.0,0.0,0.0
9265,instagram,glemak,3,twitter,glemak,simple_name_prefix3:gle,0.74,1.1,1.0,0.0,0.0
9267,googleplus,glenndavisjr,9267,instagram,glenndavisjr,simple_name_prefix3:gle,0.74,1.1,1.0,0.0,0.0
9269,googleplus,glennpratt,3,twitter,glennpratt,simple_name_prefix3:gle,0.74,1.1,1.0,0.0,0.0
14111,instagram,fidelito1956,3,twitter,fidelito1956,simple_name_prefix3:fid,0.74,1.1,1.0,0.0,0.0
8977,googleplus,fionagraham,8977,instagram,fionagraham,simple_name_prefix3:fio,0.74,1.1,1.0,0.0,0.0
10704,instagram,khomeinimuj,3,twitter,khomeinimuj,simple_name_prefix3:kho,0.74,1.1,1.0,0.0,0.0
9057,instagram,f_rodriguez08,3,twitter,f_rodriguez08,simple_name_prefix3:f_r,0.74,1.1,1.0,0.0,0.0
9091,googleplus,ffullone,9091,instagram,ffullone,simple_name_prefix3:ffu,0.74,1.1,1.0,0.0,0.0
9349,googleplus,guidobenedetti,3,twitter,guidobenedetti,simple_name_prefix3:gui,0.74,1.1,1.0,0.0,0.0
11517,googleplus,mayckxavier,11517,instagram,mayckxavier,simple_name_prefix3:may,0.74,1.1,1.0,0.0,0.0
940,googleplus,gregchambers,940,instagram,gregchambers,simple_name_prefix3:gre,0.74,1.1,1.0,0.0,0.0
5063,instagram,gregwong,3,twitter,gregwong,simple_name_prefix3:gre,0.74,1.1,0.3333333333333333,1.0,0.0
5064,instagram,greyrainyskies,3,twitter,greyrainyskies,simple_name_prefix3:gre,0.74,1.1,1.0,0.0,0.0
9321,googleplus,gregcarley,9321,instagram,gregcarley,simple_name_prefix3:gre,0.74,1.1,1.0,0.0,0.0
9321,googleplus,gregcarley,3,twitter,gregcarley,simple_name_prefix3:gre,0.74,1.1,1.0,0.0,0.0
9324,googleplus,greghyer,9324,instagram,greghyer,simple_name_prefix3:gre,0.74,1.1,1.0,0.0,0.0
9324,googleplus,greghyer,3,twitter,greghyer,simple_name_prefix3:gre,0.74,1.1,1.0,0.0,0.0
8945,instagram,fcam,3,twitter,fcam,simple_name_prefix3:fca,0.74,1.1,1.0,0.0,0.0
8971,googleplus,fidelmartin,8971,instagram,fidelmartin,simple_name_prefix3:fid,0.74,1.1,1.0,0.0,0.0
9330,googleplus,greigallen,9330,instagram,greigallen,simple_name_prefix3:gre,0.74,1.1,1.0,0.0,0.0
9335,googleplus,gregmeyer,9335,instagram,gregmeyer,simple_name_prefix3:gre,0.74,1.1,1.0,0.0,0.0
6134,instagram,gringgolf,3,twitter,gringgolf,simple_name_prefix3:gri,0.74,1.1,1.0,0.0,0.0
9332,googleplus,griffinkelton,9332,instagram,griffinkelton,simple_name_prefix3:gri,0.74,1.1,1.0,0.0,0.0
9332,googleplus,griffinkelton,3,twitter,griffinkelton,simple_name_prefix3:gri,0.74,1.1,1.0,0.0,0.0
2378,googleplus,harlanvaughn,3,twitter,harlanvaughn,simple_name_prefix3:har,0.74,1.1,1.0,0.0,0.0
9415,googleplus,haraldkrassnitzer,9415,instagram,haraldkrassnitzer,simple_name_prefix3:har,0.74,1.1,1.0,0.0,0.0
9418,instagram,hardiyantorico,3,twitter,hardiyantorico,simple_name_prefix3:har,0.74,1.1,1.0,0.0,0.0
9295,googleplus,gordsellar,9295,instagram,gordsellar,simple_name_prefix3:gor,0.74,1.1,1.0,0.0,0.0
9295,googleplus,gordsellar,3,twitter,gordsellar,simple_name_prefix3:gor,0.74,1.1,1.0,0.0,0.0
9296,instagram,gorgues,3,twitter,gorgues,simple_name_prefix3:gor,0.74,1.1,1.0,0.0,0.0
9406,googleplus,hannoliiva,3,twitter,hannoliiva,simple_name_prefix3:han,0.74,1.1,1.0,0.0,0.0
9419,instagram,haridiva,3,twitter,haridiva,simple_name_prefix3:har,0.74,1.1,1.0,0.0,0.0
9422,instagram,harlequinboy,3,twitter,harlequinboy,simple_name_prefix3:har,0.74,1.1,1.0,0.0,0.0
9423,googleplus,harleylunar,3,twitter,harleylunar,simple_name_prefix3:har,0.74,1.1,1.0,0.0,0.0
9427,googleplus,harrikakoulli,9427,instagram,harrikakoulli,simple_name_prefix3:har,0.74,1.1,1.0,0.0,0.0
9427,googleplus,harrikakoulli,3,twitter,harrikakoulli,simple_name_prefix3:har,0.74,1.1,1.0,0.0,0.0
9434,instagram,harshankola,3,twitter,harshankola,simple_name_prefix3:har,0.74,1.1,1.0,0.0,0.0
9633,instagram,ihakkim,3,twitter,ihakkim,simple_name_prefix3:iha,0.74,1.1,1.0,0.0,0.0
952,googleplus,henrystradford,952,instagram,henrystradford,simple_name_prefix3:hen,0.74,1.1,1.0,0.0,0.0
3643,googleplus,robbabiak,3,twitter,robbabiak,simple_name_prefix3:rob,0.74,1.1,1.0,0.0,0.0
9102,instagram,hall_gabbi,3,twitter,hall_gabbi,simple_name_prefix3:hal,0.74,1.1,1.0,0.0,0.0
9395,instagram,halleyrebecca,3,twitter,halleyrebecca,simple_name_prefix3:hal,0.74,1.1,1.0,0.0,0.0
9402,instagram,hanfiev,3,twitter,hanfiev,simple_name_prefix3:han,0.74,1.1,1.0,0.0,0.0
9403,googleplus,hanirajab,3,twitter,hanirajab,simple_name_prefix3:han,0.74,1.1,1.0,0.0,0.0
8885,instagram,evq,3,twitter,evq,simple_name_prefix3:evq,0.74,1.1,1.0,0.0,0.0
8927,googleplus,fazkamar,8927,instagram,fazkamar,simple_name_prefix3:faz,0.74,1.1,1.0,0.0,0.0
8929,googleplus,fcoblanco,8929,instagram,fcoblanco,simple_name_prefix3:fco,0.74,1.1,1.0,0.0,0.0
8929,googleplus,fcoblanco,3,twitter,fcoblanco,simple_name_prefix3:fco,0.74,1.1,1.0,0.0,0.0
9409,instagram,hans2103,3,twitter,hans2103,simple_name_prefix3:han,0.74,1.1,1.0,0.0,0.0
9411,instagram,hanspetermeyer,3,twitter,hanspetermeyer,simple_name_prefix3:han,0.74,1.1,1.0,0.0,0.0
3656,googleplus,robeylawrence,3,twitter,robeylawrence,simple_name_prefix3:rob,0.74,1.1,1.0,0.0,0.0
3657,googleplus,robincritchley,3,twitter,robincritchley,simple_name_prefix3:rob,0.74,1.1,1.0,0.0,0.0
9528,googleplus,robhogeslag,9528,instagram,robhogeslag,simple_name_prefix3:rob,0.74,1.1,1.0,0.0,0.0
12786,googleplus,roberamado,12786,instagram,roberamado,simple_name_prefix3:rob,0.74,1.1,1.0,0.0,0.0
12786,googleplus,roberamado,3,twitter,roberamado,simple_name_prefix3:rob,0.74,1.1,1.0,0.0,0.0
12790,googleplus,robboudon,12790,instagram,robboudon,simple_name_prefix3:rob,0.74,1.1,1.0,0.0,0.0
8840,instagram,erykverhagen,3,twitter,erykverhagen,simple_name_prefix3:ery,0.74,1.1,1.0,0.0,0.0
8848,googleplus,esmeraldagnoni,3,twitter,esmeraldagnoni,simple_name_prefix3:esm,0.74,1.1,1.0,0.0,0.0
8863,instagram,euamotubaina,3,twitter,euamotubaina,simple_name_prefix3:eua,0.74,1.1,1.0,0.0,0.0
12816,instagram,robgoates,3,twitter,robgoates,simple_name_prefix3:rob,0.74,1.1,1.0,0.0,0.0
12791,googleplus,robcoenen,12791,instagram,robcoenen,simple_name_prefix3:rob,0.74,1.1,1.0,0.0,0.0
12792,googleplus,robcoers,12792,instagram,robcoers,simple_name_prefix3:rob,0.74,1.1,1.0,0.0,0.0
12792,googleplus,robcoers,3,twitter,robcoers,simple_name_prefix3:rob,0.74,1.1,1.0,0.0,0.0
12794,googleplus,robeevanjava,12794,instagram,robeevanjava,simple_name_prefix3:rob,0.74,1.1,1.0,0.0,0.0
12797,googleplus,robertandrewgrant,12797,instagram,robertandrewgrant,simple_name_prefix3:rob,0.74,1.1,1.0,0.0,0.0
12801,googleplus,robertcparker,12801,instagram,robertcparker,simple_name_prefix3:rob,0.74,1.1,1.0,0.0,0.0
12801,googleplus,robertcparker,3,twitter,robertcparker,simple_name_prefix3:rob,0.74,1.1,1.0,0.0,0.0
12802,googleplus,robertheadley,12802,instagram,robertheadley,simple_name_prefix3:rob,0.74,1.1,1.0,0.0,0.0
12802,googleplus,robertheadley,3,twitter,robertheadley,simple_name_prefix3:rob,0.74,1.1,1.0,0.0,0.0
12831,googleplus,robwoodbridge,12831,instagram,robwoodbridge,simple_name_prefix3:rob,0.74,1.1,1.0,0.0,0.0
12831,googleplus,robwoodbridge,3,twitter,robwoodbridge,simple_name_prefix3:rob,0.74,1.1,1.0,0.0,0.0
12832,googleplus,robynbateman,12832,instagram,robynbateman,simple_name_prefix3:rob,0.74,1.1,1.0,0.0,0.0
12832,googleplus,robynbateman,3,twitter,robynbateman,simple_name_prefix3:rob,0.74,1.1,1.0,0.0,0.0
12810,googleplus,robertparizek,3,twitter,robertparizek,simple_name_prefix3:rob,0.74,1.1,1.0,0.0,0.0
12812,instagram,robertt89,3,twitter,robertt89,simple_name_prefix3:rob,0.74,1.1,1.0,0.0,0.0
12813,googleplus,robtrahan,12813,instagram,robtrahan,simple_name_prefix3:rob,0.74,1.1,1.0,0.0,0.0
12816,googleplus,robgoates,12816,instagram,robgoates,simple_name_prefix3:rob,0.74,1.1,1.0,0.0,0.0
12388,instagram,homspepe,3,twitter,homspepe,simple_name_prefix3:hom,0.74,1.1,1.0,0.0,0.0
1030,googleplus,karinaosorio,1030,instagram,karinaosorio,simple_name_prefix3:kar,0.74,1.1,1.0,0.0,0.0
2766,googleplus,karentrain,3,twitter,karentrain,simple_name_prefix3:kar,0.74,1.1,1.0,0.0,0.0
2768,googleplus,karenwink,3,twitter,karenwink,simple_name_prefix3:kar,0.74,1.1,1.0,0.0,0.0
2769,googleplus,karinadelaine,3,twitter,karinadelaine,simple_name_prefix3:kar,0.74,1.1,1.0,0.0,0.0
2772,googleplus,karljavellana,3,twitter,karljavellana,simple_name_prefix3:kar,0.74,1.1,1.0,0.0,0.0
5431,instagram,karimnassef,3,twitter,karimnassef,simple_name_prefix3:kar,0.74,1.1,1.0,0.0,0.0
12824,googleplus,robmoses,12824,instagram,robmoses,simple_name_prefix3:rob,0.74,1.1,1.0,0.0,0.0
12826,googleplus,robnelson4,12826,instagram,robnelson4,simple_name_prefix3:rob,0.74,1.1,1.0,0.0,0.0
12828,googleplus,roboostdam,12828,instagram,roboostdam,simple_name_prefix3:rob,0.74,1.1,1.0,0.0,0.0
8776,googleplus,ercansevinc,8776,instagram,ercansevinc,simple_name_prefix3:erc,0.74,1.1,1.0,0.0,0.0
8776,googleplus,ercansevinc,3,twitter,ercansevinc,simple_name_prefix3:erc,0.74,1.1,1.0,0.0,0.0
8777,googleplus,ercanzengin,8777,instagram,ercanzengin,simple_name_prefix3:erc,0.74,1.1,1.0,0.0,0.0
8985,instagram,fixelzero,3,twitter,fixelzero,simple_name_prefix3:fix,0.74,1.1,1.0,0.0,0.0
8839,instagram,erycwikromo,3,twitter,erycwikromo,simple_name_prefix3:ery,0.74,1.1,1.0,0.0,0.0
8840,googleplus,erykverhagen,8840,instagram,erykverhagen,simple_name_prefix3:ery,0.74,1.1,1.0,0.0,0.0
8996,instagram,homard,3,twitter,homard,simple_name_prefix3:hom,0.74,1.1,1.0,0.0,0.0
10542,googleplus,karltonutter,10542,instagram,karltonutter,simple_name_prefix3:kar,0.74,1.1,1.0,0.0,0.0
10513,instagram,karameredith,3,twitter,karameredith,simple_name_prefix3:kar,0.74,1.1,1.0,0.0,0.0
10516,instagram,karenpost_rock,3,twitter,karenpost_rock,simple_name_prefix3:kar,0.74,1.1,1.0,0.0,0.0
10519,googleplus,karendatangel,10519,instagram,karendatangel,simple_name_prefix3:kar,0.74,1.1,1.0,0.0,0.0
10520,instagram,karen_harding,3,twitter,karen_harding,simple_name_prefix3:kar,0.74,1.1,1.0,0.0,0.0
10523,googleplus,karenlmessick,3,twitter,karenlmessick,simple_name_prefix3:kar,0.74,1.1,1.0,0.0,0.0
10526,instagram,karensd,3,twitter,karensd,simple_name_prefix3:kar,0.74,1.1,1.0,0.0,0.0
10527,googleplus,kariemitchell,10527,instagram,kariemitchell,simple_name_prefix3:kar,0.74,1.1,1.0,0.0,0.0
9553,instagram,hugooc,3,twitter,hugooc,simple_name_prefix3:hug,0.74,1.1,1.0,0.0,0.0
2439,googleplus,iamgilgamesh,3,twitter,iamgilgamesh,simple_name_prefix3:iam,0.74,1.1,1.0,0.0,0.0
5120,instagram,iamshellybell,3,twitter,iamshellybell,simple_name_prefix3:iam,0.74,1.1,1.0,0.0,0.0
10530,googleplus,karineardault,10530,instagram,karineardault,simple_name_prefix3:kar,0.74,1.1,1.0,0.0,0.0
10534,instagram,karlysanz,3,twitter,karlysanz,simple_name_prefix3:kar,0.74,1.1,1.0,0.0,0.0
10535,googleplus,karlfrisch,10535,instagram,karlfrisch,simple_name_prefix3:kar,0.74,1.1,1.0,0.0,0.0
10536,googleplus,karlgilbertuk,10536,instagram,karlgilbertuk,simple_name_prefix3:kar,0.74,1.1,1.0,0.0,0.0
13491,instagram,iamsucio,3,twitter,iamsucio,simple_name_prefix3:iam,0.74,1.1,1.0,0.0,0.0
8886,instagram,exilkieler,3,twitter,exilkieler,simple_name_prefix3:exi,0.74,1.1,1.0,0.0,0.0
965,googleplus,ianfoss,965,instagram,ianfoss,simple_name_prefix3:ian,0.74,1.1,1.0,0.0,0.0
2442,googleplus,ianaberle,3,twitter,ianaberle,simple_name_prefix3:ian,0.74,1.1,1.0,0.0,0.0
2443,googleplus,iancahir,3,twitter,iancahir,simple_name_prefix3:ian,0.74,1.1,1.0,0.0,0.0
5123,instagram,ianmunroe,3,twitter,ianmunroe,simple_name_prefix3:ian,0.74,1.1,1.0,0.0,0.0
10547,googleplus,kartikadumasari,3,twitter,kartikadumasari,simple_name_prefix3:kar,0.74,1.1,1.0,0.0,0.0
7571,instagram,hughesonthenet,3,twitter,hughesonthenet,simple_name_prefix3:hug,0.74,1.1,1.0,0.0,0.0
9584,googleplus,ianblack,3,twitter,ianblack,simple_name_prefix3:ian,0.74,1.1,1.0,0.0,0.0
9586,googleplus,ianedgar,3,twitter,ianedgar,simple_name_prefix3:ian,0.74,1.1,1.0,0.0,0.0
9590,instagram,ianjamesdavies,3,twitter,ianjamesdavies,simple_name_prefix3:ian,0.74,1.1,1.0,0.0,0.0
9591,googleplus,iankath,9591,instagram,iankath,simple_name_prefix3:ian,0.74,1.1,1.0,0.0,0.0
9591,googleplus,iankath,3,twitter,iankath,simple_name_prefix3:ian,0.74,1.1,1.0,0.0,0.0
9594,instagram,ianmckendrick,3,twitter,ianmckendrick,simple_name_prefix3:ian,0.74,1.1,1.0,0.0,0.0
9596,instagram,ianphilthompson,3,twitter,ianphilthompson,simple_name_prefix3:ian,0.74,1.1,1.0,0.0,0.0
8943,instagram,iamfelipa,3,twitter,iamfelipa,simple_name_prefix3:iam,0.74,1.1,1.0,0.0,0.0
9665,instagram,iamfelixrios,3,twitter,iamfelixrios,simple_name_prefix3:iam,0.74,1.1,1.0,0.0,0.0
10244,instagram,iamreff,3,twitter,iamreff,simple_name_prefix3:iam,0.74,1.1,1.0,0.0,0.0
8674,instagram,ekafri,3,twitter,ekafri,simple_name_prefix3:eka,0.74,1.1,1.0,0.0,0.0
8677,instagram,ekoprobo,3,twitter,ekoprobo,simple_name_prefix3:eko,0.74,1.1,1.0,0.0,0.0
8695,instagram,ilnuska,3,twitter,ilnuska,simple_name_prefix3:iln,0.74,1.1,1.0,0.0,0.0
8725,instagram,elunicoduke,3,twitter,elunicoduke,simple_name_prefix3:elu,0.74,1.1,1.0,0.0,0.0
8736,googleplus,emcobain,8736,instagram,emcobain,simple_name_prefix3:emc,0.74,1.1,1.0,0.0,0.0
8736,googleplus,emcobain,3,twitter,emcobain,simple_name_prefix3:emc,0.74,1.1,1.0,0.0,0.0
8748,instagram,mu11e,3,twitter,mu11e,simple_name_prefix3:mu1,0.74,1.1,1.0,0.0,0.0
9584,googleplus,ianblack,9584,instagram,ianblack,simple_name_prefix3:ian,0.74,1.1,1.0,0.0,0.0
13397,instagram,stefandavisacts,3,twitter,stefandavisacts,simple_name_prefix3:ste,0.74,1.1,1.0,0.0,0.0
9597,googleplus,iansherr,9597,instagram,iansherr,simple_name_prefix3:ian,0.74,1.1,1.0,0.0,0.0
9360,instagram,gurumef,3,twitter,gurumef,simple_name_prefix3:gur,0.74,1.1,1.0,0.0,0.0
1241,googleplus,stefanbuttigieg,1241,instagram,stefanbuttigieg,simple_name_prefix3:ste,0.74,1.1,1.0,0.0,0.0
1245,googleplus,stephenrahn,1245,instagram,stephenrahn,simple_name_prefix3:ste,0.74,1.1,1.0,0.0,0.0
1247,googleplus,stevecassady1,1247,instagram,stevecassady1,simple_name_prefix3:ste,0.74,1.1,1.0,0.0,0.0
3889,googleplus,stevemckenney,3,twitter,stevemckenney,simple_name_prefix3:ste,0.74,1.1,1.0,0.0,0.0
3890,googleplus,stevemorel,3,twitter,stevemorel,simple_name_prefix3:ste,0.74,1.1,1.0,0.0,0.0
3892,googleplus,stevenfisher,3,twitter,stevenfisher,simple_name_prefix3:ste,0.74,1.1,1.0,0.0,0.0
3894,googleplus,stevenmirabito,3,twitter,stevenmirabito,simple_name_prefix3:ste,0.74,1.1,1.0,0.0,0.0
8665,googleplus,egyuno,3,twitter,egyuno,simple_name_prefix3:egy,0.74,1.1,1.0,0.0,0.0
8666,googleplus,ebrahimhasan,8666,instagram,ebrahimhasan,simple_name_prefix3:ebr,0.74,1.1,1.0,0.0,0.0
13420,googleplus,stephanlendl,13420,instagram,stephanlendl,simple_name_prefix3:ste,0.74,1.1,1.0,0.0,0.0
6343,instagram,stevepeeleii,3,twitter,stevepeeleii,simple_name_prefix3:ste,0.74,1.1,1.0,0.0,0.0
7757,googleplus,stevequinn,7757,instagram,stevequinn,simple_name_prefix3:ste,0.74,1.1,1.0,0.0,0.0
13429,googleplus,stephenchip,13429,instagram,stephenchip,simple_name_prefix3:ste,0.74,1.1,1.0,0.0,0.0
13430,googleplus,stephencoley,13430,instagram,stephencoley,simple_name_prefix3:ste,0.74,1.1,1.0,0.0,0.0
13433,googleplus,stephenaxlscott,3,twitter,stephenaxlscott,simple_name_prefix3:ste,0.74,1.1,1.0,0.0,0.0
13399,googleplus,stefanklix,13399,instagram,stefanklix,simple_name_prefix3:ste,0.74,1.1,1.0,0.0,0.0
13404,instagram,steinim,3,twitter,steinim,simple_name_prefix3:ste,0.74,1.1,1.0,0.0,0.0
13410,googleplus,stephaniebogus,13410,instagram,stephaniebogus,simple_name_prefix3:ste,0.74,1.1,1.0,0.0,0.0
13410,googleplus,stephaniebogus,3,twitter,stephaniebogus,simple_name_prefix3:ste,0.74,1.1,1.0,0.0,0.0
8622,instagram,ebaechler,3,twitter,ebaechler,simple_name_prefix3:eba,0.74,1.1,1.0,0.0,0.0
13787,instagram,liquidcribb,3,twitter,liquidcribb,simple_name_prefix3:liq,0.74,1.1,1.0,0.0,0.0
8642,googleplus,ednaroberta,8642,instagram,ednaroberta,simple_name_prefix3:edn,0.74,1.1,1.0,0.0,0.0
8642,googleplus,ednaroberta,3,twitter,ednaroberta,simple_name_prefix3:edn,0.74,1.1,1.0,0.0,0.0
1067,instagram,stephenalee,3,twitter,stephenalee,simple_name_prefix3:ste,0.74,1.1,1.0,0.0,0.0
13425,googleplus,stephenapp,13425,instagram,stephenapp,simple_name_prefix3:ste,0.74,1.1,1.0,0.0,0.0
13426,googleplus,stephengbarr,13426,instagram,stephengbarr,simple_name_prefix3:ste,0.74,1.1,1.0,0.0,0.0
13480,googleplus,stefanopeppucci,3,twitter,stefanopeppucci,simple_name_prefix3:ste,0.74,1.1,1.0,0.0,0.0
13437,googleplus,stephenrobles,13437,instagram,stephenrobles,simple_name_prefix3:ste,0.74,1.1,1.0,0.0,0.0
13437,googleplus,stephenrobles,3,twitter,stephenrobles,simple_name_prefix3:ste,0.74,1.1,1.0,0.0,0.0
13445,googleplus,stevebrigden,3,twitter,stevebrigden,simple_name_prefix3:ste,0.74,1.1,1.0,0.0,0.0
13446,googleplus,stephenforte,13446,instagram,stephenforte,simple_name_prefix3:ste,0.74,1.1,1.0,0.0,0.0
13447,googleplus,stevegarfield,13447,instagram,stevegarfield,simple_name_prefix3:ste,0.74,1.1,1.0,0.0,0.0
8609,instagram,dwymonster,3,twitter,dwymonster,simple_name_prefix3:dwy,0.74,1.1,1.0,0.0,0.0
8611,instagram,dydy_hujan,3,twitter,dydy_hujan,simple_name_prefix3:dyd,0.74,1.1,1.0,0.0,0.0
13455,googleplus,stevenalexander,13455,instagram,stevenalexander,simple_name_prefix3:ste,0.74,1.1,1.0,0.0,0.0
13460,googleplus,stevenlarson,13460,instagram,stevenlarson,simple_name_prefix3:ste,0.74,1.1,1.0,0.0,0.0
13462,googleplus,stevepaulmyers,13462,instagram,stevepaulmyers,simple_name_prefix3:ste,0.74,1.1,1.0,0.0,0.0
13466,googleplus,steveschohan,3,twitter,steveschohan,simple_name_prefix3:ste,0.74,1.1,1.0,0.0,0.0
13469,googleplus,stewarthayes,13469,instagram,stewarthayes,simple_name_prefix3:ste,0.74,1.1,1.0,0.0,0.0
7418,instagram,desertronin,3,twitter,desertronin,simple_name_prefix3:des,0.74,1.1,1.0,0.0,0.0
8528,instagram,desrosdo,3,twitter,desrosdo,simple_name_prefix3:des,0.74,1.1,1.0,0.0,0.0
7778,googleplus,cezarygapik,3,twitter,cezarygapik,simple_name_prefix3:cez,0.74,1.1,1.0,0.0,0.0
2460,googleplus,ilyasteker,3,twitter,ilyasteker,simple_name_prefix3:ily,0.74,1.1,1.0,0.0,0.0
9654,googleplus,imanfattah,9654,instagram,imanfattah,simple_name_prefix3:ima,0.74,1.1,1.0,0.0,0.0
9659,instagram,imregmelig,3,twitter,imregmelig,simple_name_prefix3:imr,0.74,1.1,1.0,0.0,0.0
8552,googleplus,doughaddix,8552,instagram,doughaddix,simple_name_prefix3:dou,0.74,1.1,1.0,0.0,0.0
8554,googleplus,douglaine,8554,instagram,douglaine,simple_name_prefix3:dou,0.74,1.1,1.0,0.0,0.0
5155,instagram,isaiah,3,twitter,isaiah,simple_name_prefix3:isa,0.74,1.1,1.0,0.0,0.0
9625,googleplus,isabelfranco,9625,instagram,isabelfranco,simple_name_prefix3:isa,0.74,1.1,1.0,0.0,0.0
9695,instagram,isaacbf,3,twitter,isaacbf,simple_name_prefix3:isa,0.74,1.1,1.0,0.0,0.0
9698,googleplus,isaacsmith,9698,instagram,isaacsmith,simple_name_prefix3:isa,0.74,1.1,1.0,0.0,0.0
9121,instagram,gadgeeked,3,twitter,gadgeeked,simple_name_prefix3:gad,0.74,1.1,1.0,0.0,0.0
2510,googleplus,jabarmuntazir,3,twitter,jabarmuntazir,simple_name_prefix3:jab,0.74,1.1,1.0,0.0,0.0
5170,instagram,jackietalbott,3,twitter,jackietalbott,simple_name_prefix3:jac,0.74,1.1,1.0,0.0,0.0
9738,googleplus,jackieflynt,9738,instagram,jackieflynt,simple_name_prefix3:jac,0.74,1.1,1.0,0.0,0.0
2078,googleplus,douglasnacif,3,twitter,douglasnacif,simple_name_prefix3:dou,0.74,1.1,1.0,0.0,0.0
2080,googleplus,dougrobertson,3,twitter,dougrobertson,simple_name_prefix3:dou,0.74,1.1,1.0,0.0,0.0
4839,instagram,douglemoine,3,twitter,douglemoine,simple_name_prefix3:dou,0.74,1.1,1.0,0.0,0.0
8551,googleplus,dougfrancis,8551,instagram,dougfrancis,simple_name_prefix3:dou,0.74,1.1,1.0,0.0,0.0
9741,googleplus,jacksoncruz,3,twitter,jacksoncruz,simple_name_prefix3:jac,0.74,1.1,1.0,0.0,0.0
9742,googleplus,jacksonlo,9742,instagram,jacksonlo,simple_name_prefix3:jac,0.74,1.1,1.0,0.0,0.0
9745,googleplus,jacobsloan,9745,instagram,jacobsloan,simple_name_prefix3:jac,0.74,1.1,1.0,0.0,0.0
9746,googleplus,jacobtell,9746,instagram,jacobtell,simple_name_prefix3:jac,0.74,1.1,1.0,0.0,0.0
9746,googleplus,jacobtell,3,twitter,jacobtell,simple_name_prefix3:jac,0.74,1.1,1.0,0.0,0.0
8558,googleplus,dougluberts,8558,instagram,dougluberts,simple_name_prefix3:dou,0.74,1.1,1.0,0.0,0.0
8559,instagram,dougsandquist,3,twitter,dougsandquist,simple_name_prefix3:dou,0.74,1.1,1.0,0.0,0.0
8333,instagram,deemac99,3,twitter,deemac99,simple_name_prefix3:dee,0.74,1.1,1.0,0.0,0.0
8388,instagram,deedls,3,twitter,deedls,simple_name_prefix3:dee,0.74,1.1,1.0,0.0,0.0
8513,instagram,dnay56,3,twitter,dnay56,simple_name_prefix3:dna,0.74,1.1,1.0,0.0,0.0
8514,instagram,dnhills,3,twitter,dnhills,simple_name_prefix3:dnh,0.74,1.1,1.0,0.0,0.0
8556,instagram,duggiel,3,twitter,duggiel,simple_name_prefix3:dug,0.74,1.1,1.0,0.0,0.0
8563,instagram,dpencilpusher,3,twitter,dpencilpusher,simple_name_prefix3:dpe,0.74,1.1,1.0,0.0,0.0
8575,instagram,wvhooligan,3,twitter,wvhooligan,simple_name_prefix3:wvh,0.74,1.1,1.0,0.0,0.0
8587,instagram,dsvaladares,3,twitter,dsvaladares,simple_name_prefix3:dsv,0.74,1.1,1.0,0.0,0.0
8589,instagram,dtnorth,3,twitter,dtnorth,simple_name_prefix3:dtn,0.74,1.1,1.0,0.0,0.0
8590,instagram,du57in,3,twitter,du57in,simple_name_prefix3:du5,0.74,1.1,1.0,0.0,0.0
8603,instagram,dvdrgn,3,twitter,dvdrgn,simple_name_prefix3:dvd,0.74,1.1,1.0,0.0,0.0
9738,googleplus,jackieflynt,3,twitter,jackieflynt,simple_name_prefix3:jac,0.74,1.1,1.0,0.0,0.0
9740,googleplus,jackprindle,3,twitter,jackprindle,simple_name_prefix3:jac,0.74,1.1,1.0,0.0,0.0
9741,googleplus,jacksoncruz,9741,instagram,jacksoncruz,simple_name_prefix3:jac,0.74,1.1,1.0,0.0,0.0
977,googleplus,jamiemadden,977,instagram,jamiemadden,simple_name_prefix3:jam,0.74,1.1,1.0,0.0,0.0
2529,googleplus,jameslagden,3,twitter,jameslagden,simple_name_prefix3:jam,0.74,1.1,1.0,0.0,0.0
9747,instagram,jacob_top,3,twitter,jacob_top,simple_name_prefix3:jac,0.74,1.1,1.0,0.0,0.0
9751,googleplus,jacquesshu,9751,instagram,jacquesshu,simple_name_prefix3:jac,0.74,1.1,1.0,0.0,0.0
9751,googleplus,jacquesshu,3,twitter,jacquesshu,simple_name_prefix3:jac,0.74,1.1,1.0,0.0,0.0
13451,instagram,jacktravel,3,twitter,jacktravel,simple_name_prefix3:jac,0.74,1.1,1.0,0.0,0.0
10505,instagram,kamalbadawy,3,twitter,kamalbadawy,simple_name_prefix3:kam,0.74,1.1,1.0,0.0,0.0
11919,googleplus,myraspano,11919,instagram,myraspano,simple_name_prefix3:myr,0.74,1.1,1.0,0.0,0.0
8509,instagram,dlheidemann,3,twitter,dlheidemann,simple_name_prefix3:dlh,0.74,1.1,1.0,0.0,0.0
9781,googleplus,jamelstrong,9781,instagram,jamelstrong,simple_name_prefix3:jam,0.74,1.1,1.0,0.0,0.0
9781,googleplus,jamelstrong,3,twitter,jamelstrong,simple_name_prefix3:jam,0.74,1.1,1.0,0.0,0.0
9782,instagram,jamesadonner,3,twitter,jamesadonner,simple_name_prefix3:jam,0.74,1.1,1.0,0.0,0.0
2517,googleplus,jaimefili,3,twitter,jaimefili,simple_name_prefix3:jai,0.74,1.1,1.0,0.0,0.0
9764,googleplus,jainmckay,3,twitter,jainmckay,simple_name_prefix3:jai,0.74,1.1,1.0,0.0,0.0
9765,googleplus,jairconti,3,twitter,jairconti,simple_name_prefix3:jai,0.74,1.1,1.0,0.0,0.0
5186,instagram,jakelea,3,twitter,jakelea,simple_name_prefix3:jak,0.74,1.1,1.0,0.0,0.0
9768,instagram,jakeathomas,3,twitter,jakeathomas,simple_name_prefix3:jak,0.74,1.1,1.0,0.0,0.0
9769,googleplus,jakedubss,9769,instagram,jakedubss,simple_name_prefix3:jak,0.74,1.1,1.0,0.0,0.0
9771,instagram,jakehammel,3,twitter,jakehammel,simple_name_prefix3:jak,0.74,1.1,1.0,0.0,0.0
9776,googleplus,jakubzalas,9776,instagram,jakubzalas,simple_name_prefix3:jak,0.74,1.1,1.0,0.0,0.0
9788,googleplus,jamesderousselle,9788,instagram,jamesderousselle,simple_name_prefix3:jam,0.74,1.1,1.0,0.0,0.0
9791,googleplus,jamesgass,9791,instagram,jamesgass,simple_name_prefix3:jam,0.74,1.1,1.0,0.0,0.0
9791,googleplus,jamesgass,3,twitter,jamesgass,simple_name_prefix3:jam,0.74,1.1,1.0,0.0,0.0
2532,googleplus,jameswoodcock,3,twitter,jameswoodcock,simple_name_prefix3:jam,0.74,1.1,1.0,0.0,0.0
2534,googleplus,jameytucker,3,twitter,jameytucker,simple_name_prefix3:jam,0.74,1.1,1.0,0.0,0.0
5040,instagram,jamp982,3,twitter,jamp982,simple_name_prefix3:jam,0.74,1.1,1.0,0.0,0.0
5189,instagram,james_media,3,twitter,james_media,simple_name_prefix3:jam,0.74,1.1,1.0,0.0,0.0
9794,googleplus,jameslutley,3,twitter,jameslutley,simple_name_prefix3:jam,0.74,1.1,1.0,0.0,0.0
9797,instagram,jameson079,3,twitter,jameson079,simple_name_prefix3:jam,0.74,1.1,1.0,0.0,0.0
9799,instagram,jamesparton,3,twitter,jamesparton,simple_name_prefix3:jam,0.74,1.1,1.0,0.0,0.0
9800,googleplus,jamesredenbaugh,3,twitter,jamesredenbaugh,simple_name_prefix3:jam,0.74,1.1,1.0,0.0,0.0
9802,instagram,jamessalt,3,twitter,jamessalt,simple_name_prefix3:jam,0.74,1.1,1.0,0.0,0.0
9803,instagram,jamesindigital,3,twitter,jamesindigital,simple_name_prefix3:jam,0.74,1.1,1.0,0.0,0.0
9784,googleplus,jamesbergin,9784,instagram,jamesbergin,simple_name_prefix3:jam,0.74,1.1,1.0,0.0,0.0
9785,instagram,jamesbrobinson,3,twitter,jamesbrobinson,simple_name_prefix3:jam,0.74,1.1,1.0,0.0,0.0
9787,googleplus,jamescuff,9787,instagram,jamescuff,simple_name_prefix3:jam,0.74,1.1,1.0,0.0,0.0
8429,instagram,24gotham,3,twitter,24gotham,simple_name_prefix3:24g,0.74,1.1,1.0,0.0,0.0
8455,instagram,pythondj,3,twitter,pythondj,simple_name_prefix3:pyt,0.74,1.1,1.0,0.0,0.0
12767,instagram,rjjaramillo,3,twitter,rjjaramillo,simple_name_prefix3:rjj,0.74,1.1,1.0,0.0,0.0
10113,googleplus,djtyrant,10113,instagram,djtyrant,simple_name_prefix3:djt,0.74,1.1,1.0,0.0,0.0
10113,googleplus,djtyrant,3,twitter,djtyrant,simple_name_prefix3:djt,0.74,1.1,1.0,0.0,0.0
8507,instagram,djuggler,3,twitter,djuggler,simple_name_prefix3:dju,0.74,1.1,1.0,0.0,0.0
9792,googleplus,jamesjohnstonphotography,9792,instagram,jamesjohnstonphotography,simple_name_prefix3:jam,0.74,1.1,1.0,0.0,0.0
9794,googleplus,jameslutley,9794,instagram,jameslutley,simple_name_prefix3:jam,0.74,1.1,1.0,0.0,0.0
10117,googleplus,jimnapier,10117,instagram,jimnapier,simple_name_prefix3:jim,0.74,1.1,1.0,0.0,0.0
9810,instagram,jamierhinks,3,twitter,jamierhinks,simple_name_prefix3:jam,0.74,1.1,1.0,0.0,0.0
7507,googleplus,bordzgor,3,twitter,bordzgor,simple_name_prefix3:bor,0.74,1.1,1.0,0.0,0.0
7509,googleplus,borisbaldinger,3,twitter,borisbaldinger,simple_name_prefix3:bor,0.74,1.1,1.0,0.0,0.0
14053,instagram,borderjohn,3,twitter,borderjohn,simple_name_prefix3:bor,0.74,1.1,1.0,0.0,0.0
1008,googleplus,jimiparadise,1008,instagram,jimiparadise,simple_name_prefix3:jim,0.74,1.1,1.0,0.0,0.0
2617,googleplus,jimhaysom,3,twitter,jimhaysom,simple_name_prefix3:jim,0.74,1.1,1.0,0.0,0.0
5295,instagram,jimsalinger,3,twitter,jimsalinger,simple_name_prefix3:jim,0.74,1.1,1.0,0.0,0.0
10101,googleplus,jimashley,10101,instagram,jimashley,simple_name_prefix3:jim,0.74,1.1,1.0,0.0,0.0
13029,instagram,toccodizenzero,3,twitter,toccodizenzero,simple_name_prefix3:toc,0.74,1.1,1.0,0.0,0.0
9815,instagram,janbush2,3,twitter,janbush2,simple_name_prefix3:jan,0.74,1.1,1.0,0.0,0.0
9816,googleplus,janefriedman,9816,instagram,janefriedman,simple_name_prefix3:jan,0.74,1.1,1.0,0.0,0.0
9818,instagram,janeklee,3,twitter,janeklee,simple_name_prefix3:jan,0.74,1.1,1.0,0.0,0.0
9820,googleplus,janellewilson,3,twitter,janellewilson,simple_name_prefix3:jan,0.74,1.1,1.0,0.0,0.0
9821,googleplus,janequigley,9821,instagram,janequigley,simple_name_prefix3:jan,0.74,1.1,1.0,0.0,0.0
9825,googleplus,janetlouisestephenson,9825,instagram,janetlouisestephenson,simple_name_prefix3:jan,0.74,1.1,1.0,0.0,0.0
10105,instagram,jimbradysp,3,twitter,jimbradysp,simple_name_prefix3:jim,0.74,1.1,1.0,0.0,0.0
10107,googleplus,jimenamazucco,3,twitter,jimenamazucco,simple_name_prefix3:jim,0.74,1.1,1.0,0.0,0.0
10112,googleplus,jimmurdoch,10112,instagram,jimmurdoch,simple_name_prefix3:jim,0.74,1.1,1.0,0.0,0.0
10114,instagram,jimmydnet,3,twitter,jimmydnet,simple_name_prefix3:jim,0.74,1.1,1.0,0.0,0.0
10115,instagram,jimmyjett,3,twitter,jimmyjett,simple_name_prefix3:jim,0.74,1.1,1.0,0.0,0.0
8357,instagram,daz_angie,3,twitter,daz_angie,simple_name_prefix3:daz,0.74,1.1,1.0,0.0,0.0
14136,googleplus,weirdeetz,14136,instagram,weirdeetz,simple_name_prefix3:wei,0.74,1.1,1.0,0.0,0.0
8363,instagram,dciandy,3,twitter,dciandy,simple_name_prefix3:dci,0.74,1.1,1.0,0.0,0.0
8446,googleplus,dhrumildesai,3,twitter,dhrumildesai,simple_name_prefix3:dhr,0.74,1.1,1.0,0.0,0.0
8408,instagram,egomaniaque,3,twitter,egomaniaque,simple_name_prefix3:ego,0.74,1.1,1.0,0.0,0.0
11172,googleplus,jimhobart,11172,instagram,jimhobart,simple_name_prefix3:jim,0.74,1.1,1.0,0.0,0.0
9850,googleplus,jasonbergin,9850,instagram,jasonbergin,simple_name_prefix3:jas,0.74,1.1,1.0,0.0,0.0
9828,googleplus,janholmquist,9828,instagram,janholmquist,simple_name_prefix3:jan,0.74,1.1,1.0,0.0,0.0
9828,googleplus,janholmquist,3,twitter,janholmquist,simple_name_prefix3:jan,0.74,1.1,1.0,0.0,0.0
9829,googleplus,janhorak,9829,instagram,janhorak,simple_name_prefix3:jan,0.74,1.1,1.0,0.0,0.0
9830,instagram,janiec,3,twitter,janiec,simple_name_prefix3:jan,0.74,1.1,1.0,0.0,0.0
9985,googleplus,janneicker,3,twitter,janneicker,simple_name_prefix3:jan,0.74,1.1,1.0,0.0,0.0
10080,googleplus,janfirsching,10080,instagram,janfirsching,simple_name_prefix3:jan,0.74,1.1,1.0,0.0,0.0
10080,googleplus,janfirsching,3,twitter,janfirsching,simple_name_prefix3:jan,0.74,1.1,1.0,0.0,0.0
981,googleplus,jasonadsit,981,instagram,jasonadsit,simple_name_prefix3:jas,0.74,1.1,1.0,0.0,0.0
983,googleplus,jasonjzotara,983,instagram,jasonjzotara,simple_name_prefix3:jas,0.74,1.1,1.0,0.0,0.0
2548,googleplus,jasminevalveux,3,twitter,jasminevalveux,simple_name_prefix3:jas,0.74,1.1,1.0,0.0,0.0
9856,googleplus,jasongraciano,9856,instagram,jasongraciano,simple_name_prefix3:jas,0.74,1.1,1.0,0.0,0.0
9856,googleplus,jasongraciano,3,twitter,jasongraciano,simple_name_prefix3:jas,0.74,1.1,1.0,0.0,0.0
9858,googleplus,jasongrill,9858,instagram,jasongrill,simple_name_prefix3:jas,0.74,1.1,1.0,0.0,0.0
9859,instagram,jasongrimes,3,twitter,jasongrimes,simple_name_prefix3:jas,0.74,1.1,1.0,0.0,0.0
9861,instagram,jasonkyle,3,twitter,jasonkyle,simple_name_prefix3:jas,0.74,1.1,1.0,0.0,0.0
9867,instagram,jasonmartorana,3,twitter,jasonmartorana,simple_name_prefix3:jas,0.74,1.1,1.0,0.0,0.0
2553,googleplus,jasoncordoba,3,twitter,jasoncordoba,simple_name_prefix3:jas,0.74,1.1,1.0,0.0,0.0
5216,instagram,jasonmoffatt,3,twitter,jasonmoffatt,simple_name_prefix3:jas,0.74,1.1,1.0,0.0,0.0
5217,instagram,jasonology,3,twitter,jasonology,simple_name_prefix3:jas,0.74,1.1,1.0,0.0,0.0
8986,instagram,jason29171,3,twitter,jason29171,simple_name_prefix3:jas,0.74,1.1,1.0,0.0,0.0
9846,instagram,jaseanton,3,twitter,jaseanton,simple_name_prefix3:jas,0.74,1.1,1.0,0.0,0.0
8055,instagram,cpd623,3,twitter,cpd623,simple_name_prefix3:cpd,0.74,1.1,1.0,0.0,0.0
9299,googleplus,gosiabem,9299,instagram,gosiabem,simple_name_prefix3:gos,0.74,1.1,1.0,0.0,0.0
8140,instagram,i_am_tumbleweed,3,twitter,i_am_tumbleweed,simple_name_prefix3:i_a,0.74,1.1,1.0,0.0,0.0
8185,instagram,ohiodanielle,3,twitter,ohiodanielle,simple_name_prefix3:ohi,0.74,1.1,1.0,0.0,0.0
8204,instagram,dt10111,3,twitter,dt10111,simple_name_prefix3:dt1,0.74,1.1,1.0,0.0,0.0
9853,instagram,jasondupuis,3,twitter,jasondupuis,simple_name_prefix3:jas,0.74,1.1,1.0,0.0,0.0
9905,googleplus,jaygerland,9905,instagram,jaygerland,simple_name_prefix3:jay,0.74,1.1,1.0,0.0,0.0
9906,googleplus,jayjaymartin,3,twitter,jayjaymartin,simple_name_prefix3:jay,0.74,1.1,1.0,0.0,0.0
9868,googleplus,jasonmcsteen,9868,instagram,jasonmcsteen,simple_name_prefix3:jas,0.74,1.1,1.0,0.0,0.0
9871,instagram,jason_ramsey,3,twitter,jason_ramsey,simple_name_prefix3:jas,0.74,1.1,1.0,0.0,0.0
9872,googleplus,jasonriemens,9872,instagram,jasonriemens,simple_name_prefix3:jas,0.74,1.1,1.0,0.0,0.0
9872,googleplus,jasonriemens,3,twitter,jasonriemens,simple_name_prefix3:jas,0.74,1.1,1.0,0.0,0.0
10153,googleplus,jasonmerkoski,10153,instagram,jasonmerkoski,simple_name_prefix3:jas,0.74,1.1,1.0,0.0,0.0
10182,googleplus,jodybossert,10182,instagram,jodybossert,simple_name_prefix3:jod,0.74,1.1,1.0,0.0,0.0
10182,googleplus,jodybossert,3,twitter,jodybossert,simple_name_prefix3:jod,0.74,1.1,1.0,0.0,0.0
13305,instagram,skeetle,3,twitter,skeetle,simple_name_prefix3:ske,0.74,1.1,1.0,0.0,0.0
5224,instagram,jayholler,3,twitter,jayholler,simple_name_prefix3:jay,0.74,1.1,1.0,0.0,0.0
9899,googleplus,jaybaer,9899,instagram,jaybaer,simple_name_prefix3:jay,0.74,1.1,1.0,0.0,0.0
9902,instagram,jaybull_95,3,twitter,jaybull_95,simple_name_prefix3:jay,0.74,1.1,1.0,0.0,0.0
9903,googleplus,jaycorcoran,9903,instagram,jaycorcoran,simple_name_prefix3:jay,0.74,1.1,1.0,0.0,0.0
9904,googleplus,jayfingers,9904,instagram,jayfingers,simple_name_prefix3:jay,0.74,1.1,1.0,0.0,0.0
5346,instagram,jonathangarda,3,twitter,jonathangarda,simple_name_prefix3:jon,0.74,1.1,1.0,0.0,0.0
5353,instagram,jonosapien,3,twitter,jonosapien,simple_name_prefix3:jon,0.74,1.1,1.0,0.0,0.0
10261,instagram,jonaneto,3,twitter,jonaneto,simple_name_prefix3:jon,0.74,1.1,1.0,0.0,0.0
10262,instagram,jonarogers,3,twitter,jonarogers,simple_name_prefix3:jon,0.74,1.1,1.0,0.0,0.0
9907,instagram,jayjayasuriya,3,twitter,jayjayasuriya,simple_name_prefix3:jay,0.74,1.1,1.0,0.0,0.0
9909,instagram,jayjohnsonmlp,3,twitter,jayjohnsonmlp,simple_name_prefix3:jay,0.74,1.1,1.0,0.0,0.0
9913,instagram,jaypsyd,3,twitter,jaypsyd,simple_name_prefix3:jay,0.74,1.1,1.0,0.0,0.0
10151,googleplus,jaymcbain,10151,instagram,jaymcbain,simple_name_prefix3:jay,0.74,1.1,1.0,0.0,0.0
13148,instagram,seerickson,3,twitter,seerickson,simple_name_prefix3:see,0.74,1.1,1.0,0.0,0.0
5312,instagram,jody_macpherson,3,twitter,jody_macpherson,simple_name_prefix3:jod,0.74,1.1,1.0,0.0,0.0
12061,instagram,koolinus,3,twitter,koolinus,simple_name_prefix3:koo,0.74,1.1,1.0,0.0,0.0
8095,instagram,cselland,3,twitter,cselland,simple_name_prefix3:cse,0.74,1.1,1.0,0.0,0.0
8002,googleplus,clydeerwinbarretto,8002,instagram,clydeerwinbarretto,simple_name_prefix3:cly,0.74,1.1,1.0,0.0,0.0
8003,googleplus,clydehays,8003,instagram,clydehays,simple_name_prefix3:cly,0.74,1.1,1.0,0.0,0.0
8011,googleplus,cocorocha,8011,instagram,cocorocha,simple_name_prefix3:coc,0.74,1.1,1.0,0.0,0.0
10183,googleplus,jodyfisher,3,twitter,jodyfisher,simple_name_prefix3:jod,0.74,1.1,1.0,0.0,0.0
2668,googleplus,jonadair,3,twitter,jonadair,simple_name_prefix3:jon,0.74,1.1,1.0,0.0,0.0
2673,googleplus,joncassidy,3,twitter,joncassidy,simple_name_prefix3:jon,0.74,1.1,1.0,0.0,0.0
2674,googleplus,jondallas,3,twitter,jondallas,simple_name_prefix3:jon,0.74,1.1,1.0,0.0,0.0
10272,googleplus,jonathanpearson,10272,instagram,jonathanpearson,simple_name_prefix3:jon,0.74,1.1,1.0,0.0,0.0
10273,instagram,jonathankopp,3,twitter,jonathankopp,simple_name_prefix3:jon,0.74,1.1,1.0,0.0,0.0
10274,googleplus,jonathanlally,10274,instagram,jonathanlally,simple_name_prefix3:jon,0.74,1.1,1.0,0.0,0.0
10274,googleplus,jonathanlally,3,twitter,jonathanlally,simple_name_prefix3:jon,0.74,1.1,1.0,0.0,0.0
10276,googleplus,jonathansatchell,10276,instagram,jonathansatchell,simple_name_prefix3:jon,0.74,1.1,1.0,0.0,0.0
10277,googleplus,jonathanvu,10277,instagram,jonathanvu,simple_name_prefix3:jon,0.74,1.1,1.0,0.0,0.0
10278,googleplus,jonbohn,10278,instagram,jonbohn,simple_name_prefix3:jon,0.74,1.1,1.0,0.0,0.0
7950,instagram,cigarmob,3,twitter,cigarmob,simple_name_prefix3:cig,0.74,1.1,1.0,0.0,0.0
8657,instagram,efelippe,3,twitter,efelippe,simple_name_prefix3:efe,0.74,1.1,1.0,0.0,0.0
10278,googleplus,jonbohn,3,twitter,jonbohn,simple_name_prefix3:jon,0.74,1.1,1.0,0.0,0.0
10283,googleplus,jonmaceda,3,twitter,jonmaceda,simple_name_prefix3:jon,0.74,1.1,1.0,0.0,0.0
10287,googleplus,jonsinden,10287,instagram,jonsinden,simple_name_prefix3:jon,0.74,1.1,1.0,0.0,0.0
10288,googleplus,jonsuk,10288,instagram,jonsuk,simple_name_prefix3:jon,0.74,1.1,1.0,0.0,0.0
10289,googleplus,jonykalavera,10289,instagram,jonykalavera,simple_name_prefix3:jon,0.74,1.1,1.0,0.0,0.0
10265,instagram,jonas_halmstad,3,twitter,jonas_halmstad,simple_name_prefix3:jon,0.74,1.1,1.0,0.0,0.0
10065,googleplus,jessienuez,3,twitter,jessienuez,simple_name_prefix3:jes,0.74,1.1,1.0,0.0,0.0
2604,googleplus,jessicasideways,3,twitter,jessicasideways,simple_name_prefix3:jes,0.74,1.1,1.0,0.0,0.0
2607,googleplus,jesycagiles,3,twitter,jesycagiles,simple_name_prefix3:jes,0.74,1.1,1.0,0.0,0.0
5274,instagram,jesskilgannon,3,twitter,jesskilgannon,simple_name_prefix3:jes,0.74,1.1,1.0,0.0,0.0
5279,instagram,jessyamada,3,twitter,jessyamada,simple_name_prefix3:jes,0.74,1.1,1.0,0.0,0.0
10050,googleplus,jessecorinella,10050,instagram,jessecorinella,simple_name_prefix3:jes,0.74,1.1,1.0,0.0,0.0
10052,googleplus,jessemontano,10052,instagram,jessemontano,simple_name_prefix3:jes,0.74,1.1,1.0,0.0,0.0
10054,googleplus,jessetrelstad,10054,instagram,jessetrelstad,simple_name_prefix3:jes,0.74,1.1,1.0,0.0,0.0
5245,instagram,jefhguerra,3,twitter,jefhguerra,simple_name_prefix3:jef,0.74,1.1,1.0,0.0,0.0
5246,instagram,jeffmarmins,3,twitter,jeffmarmins,simple_name_prefix3:jef,0.74,1.1,1.0,0.0,0.0
5248,instagram,jeffrey,3,twitter,jeffrey,simple_name_prefix3:jef,0.74,1.1,1.0,0.0,0.0
10055,googleplus,jessevalley,10055,instagram,jessevalley,simple_name_prefix3:jes,0.74,1.1,1.0,0.0,0.0
10056,googleplus,jessewright,10056,instagram,jessewright,simple_name_prefix3:jes,0.74,1.1,1.0,0.0,0.0
10059,googleplus,jessicafajans,10059,instagram,jessicafajans,simple_name_prefix3:jes,0.74,1.1,1.0,0.0,0.0
10059,googleplus,jessicafajans,3,twitter,jessicafajans,simple_name_prefix3:jes,0.74,1.1,1.0,0.0,0.0
10060,googleplus,jessicahenry,10060,instagram,jessicahenry,simple_name_prefix3:jes,0.74,1.1,1.0,0.0,0.0
10060,googleplus,jessicahenry,3,twitter,jessicahenry,simple_name_prefix3:jes,0.74,1.1,1.0,0.0,0.0
10065,googleplus,jessienuez,10065,instagram,jessienuez,simple_name_prefix3:jes,0.74,1.1,1.0,0.0,0.0
9958,googleplus,jeffalldridge,9958,instagram,jeffalldridge,simple_name_prefix3:jef,0.74,1.1,1.0,0.0,0.0
9959,instagram,jeffarazzi,3,twitter,jeffarazzi,simple_name_prefix3:jef,0.74,1.1,1.0,0.0,0.0
9960,googleplus,jeffbone,9960,instagram,jeffbone,simple_name_prefix3:jef,0.74,1.1,1.0,0.0,0.0
9962,instagram,jeffcarroll,3,twitter,jeffcarroll,simple_name_prefix3:jef,0.74,1.1,1.0,0.0,0.0
9964,googleplus,jeffcurto,3,twitter,jeffcurto,simple_name_prefix3:jef,0.74,1.1,1.0,0.0,0.0
9965,googleplus,jeffedsell,9965,instagram,jeffedsell,simple_name_prefix3:jef,0.74,1.1,1.0,0.0,0.0
10070,instagram,jesusmargon,3,twitter,jesusmargon,simple_name_prefix3:jes,0.74,1.1,1.0,0.0,0.0
10071,googleplus,jesusmier,10071,instagram,jesusmier,simple_name_prefix3:jes,0.74,1.1,1.0,0.0,0.0
10072,googleplus,jesusricovargas,3,twitter,jesusricovargas,simple_name_prefix3:jes,0.74,1.1,1.0,0.0,0.0
2586,googleplus,jeffmcneill,3,twitter,jeffmcneill,simple_name_prefix3:jef,0.74,1.1,1.0,0.0,0.0
2588,googleplus,jeffreylapin,3,twitter,jeffreylapin,simple_name_prefix3:jef,0.74,1.1,1.0,0.0,0.0
13923,instagram,twool9,3,twitter,twool9,simple_name_prefix3:two,0.74,1.1,1.0,0.0,0.0
7816,instagram,chbrandt,3,twitter,chbrandt,simple_name_prefix3:chb,0.74,1.1,1.0,0.0,0.0
7855,googleplus,chcameron,7855,instagram,chcameron,simple_name_prefix3:chc,0.74,1.1,1.0,0.0,0.0
13094,instagram,gizmology,3,twitter,gizmology,simple_name_prefix3:giz,0.74,1.1,1.0,0.0,0.0
7938,instagram,exposur3,3,twitter,exposur3,simple_name_prefix3:exp,0.74,1.1,1.0,0.0,0.0
5250,instagram,jefftabaco,3,twitter,jefftabaco,simple_name_prefix3:jef,0.74,1.1,1.0,0.0,0.0
9956,googleplus,jeffclavier,9956,instagram,jeffclavier,simple_name_prefix3:jef,0.74,1.1,1.0,0.0,0.0
9957,instagram,jeffabram,3,twitter,jeffabram,simple_name_prefix3:jef,0.74,1.1,1.0,0.0,0.0
9965,googleplus,jeffedsell,3,twitter,jeffedsell,simple_name_prefix3:jef,0.74,1.1,1.0,0.0,0.0
9967,instagram,jeffrey_funk,3,twitter,jeffrey_funk,simple_name_prefix3:jef,0.74,1.1,1.0,0.0,0.0
9969,googleplus,jeffkart,9969,instagram,jeffkart,simple_name_prefix3:jef,0.74,1.1,1.0,0.0,0.0
9970,googleplus,jefflarkin,9970,instagram,jefflarkin,simple_name_prefix3:jef,0.74,1.1,1.0,0.0,0.0
9970,googleplus,jefflarkin,3,twitter,jefflarkin,simple_name_prefix3:jef,0.74,1.1,1.0,0.0,0.0
9972,googleplus,jefflesser,9972,instagram,jefflesser,simple_name_prefix3:jef,0.74,1.1,1.0,0.0,0.0
9972,googleplus,jefflesser,3,twitter,jefflesser,simple_name_prefix3:jef,0.74,1.1,1.0,0.0,0.0
9973,googleplus,jefflombardo,9973,instagram,jefflombardo,simple_name_prefix3:jef,0.74,1.1,1.0,0.0,0.0
9995,instagram,jenkaneco,3,twitter,jenkaneco,simple_name_prefix3:jen,0.74,1.1,1.0,0.0,0.0
9999,googleplus,jennaavery,9999,instagram,jennaavery,simple_name_prefix3:jen,0.74,1.1,1.0,0.0,0.0
9975,googleplus,jeffwebster,9975,instagram,jeffwebster,simple_name_prefix3:jef,0.74,1.1,1.0,0.0,0.0
9978,instagram,jeffreywest,3,twitter,jeffreywest,simple_name_prefix3:jef,0.74,1.1,1.0,0.0,0.0
9980,googleplus,jeffsandhu,9980,instagram,jeffsandhu,simple_name_prefix3:jef,0.74,1.1,1.0,0.0,0.0
9980,googleplus,jeffsandhu,3,twitter,jeffsandhu,simple_name_prefix3:jef,0.74,1.1,1.0,0.0,0.0
9981,googleplus,jeffshuck,9981,instagram,jeffshuck,simple_name_prefix3:jef,0.74,1.1,1.0,0.0,0.0
9981,googleplus,jeffshuck,3,twitter,jeffshuck,simple_name_prefix3:jef,0.74,1.1,1.0,0.0,0.0
13669,googleplus,jeffmayernik,3,twitter,jeffmayernik,simple_name_prefix3:jef,0.74,1.1,1.0,0.0,0.0
10014,googleplus,jennyweigle,10014,instagram,jennyweigle,simple_name_prefix3:jen,0.74,1.1,1.0,0.0,0.0
10143,instagram,jletti,3,twitter,jletti,simple_name_prefix3:jle,0.74,1.1,1.0,0.0,0.0
1000,googleplus,jennycold,1000,instagram,jennycold,simple_name_prefix3:jen,0.74,1.1,1.0,0.0,0.0
2595,googleplus,jensottolange,3,twitter,jensottolange,simple_name_prefix3:jen,0.74,1.1,1.0,0.0,0.0
5255,instagram,jennjenn,3,twitter,jennjenn,simple_name_prefix3:jen,0.74,1.1,1.0,0.0,0.0
9990,googleplus,jenbalisi,3,twitter,jenbalisi,simple_name_prefix3:jen,0.74,1.1,1.0,0.0,0.0
9991,googleplus,jenditchik,9991,instagram,jenditchik,simple_name_prefix3:jen,0.74,1.1,1.0,0.0,0.0
9992,googleplus,jenevison,9992,instagram,jenevison,simple_name_prefix3:jen,0.74,1.1,1.0,0.0,0.0
324,instagram,renrutnnej,3,twitter,renrutnnej,simple_name_prefix3:ren,0.74,1.1,1.0,0.0,0.0
3599,googleplus,renevahala,3,twitter,renevahala,simple_name_prefix3:ren,0.74,1.1,1.0,0.0,0.0
12684,googleplus,rendyfaqot,12684,instagram,rendyfaqot,simple_name_prefix3:ren,0.74,1.1,1.0,0.0,0.0
10000,instagram,jennapet,3,twitter,jennapet,simple_name_prefix3:jen,0.74,1.1,1.0,0.0,0.0
10005,instagram,jennimacdonald,3,twitter,jennimacdonald,simple_name_prefix3:jen,0.74,1.1,1.0,0.0,0.0
7645,instagram,caelanmac,3,twitter,caelanmac,simple_name_prefix3:cae,0.74,1.1,1.0,0.0,0.0
7716,instagram,bikerunyoga,3,twitter,bikerunyoga,simple_name_prefix3:bik,0.74,1.1,1.0,0.0,0.0
7749,instagram,cav_dan,3,twitter,cav_dan,simple_name_prefix3:cav,0.74,1.1,1.0,0.0,0.0
7753,instagram,cchana,3,twitter,cchana,simple_name_prefix3:cch,0.74,1.1,1.0,0.0,0.0
7764,instagram,celebrone,3,twitter,celebrone,simple_name_prefix3:cel,0.74,1.1,1.0,0.0,0.0
7770,instagram,cendrinemedia,3,twitter,cendrinemedia,simple_name_prefix3:cen,0.74,1.1,1.0,0.0,0.0
7771,instagram,cenrak,3,twitter,cenrak,simple_name_prefix3:cen,0.74,1.1,1.0,0.0,0.0
10017,googleplus,jensissel,10017,instagram,jensissel,simple_name_prefix3:jen,0.74,1.1,1.0,0.0,0.0
10488,googleplus,jenwike,10488,instagram,jenwike,simple_name_prefix3:jen,0.74,1.1,1.0,0.0,0.0
12686,instagram,renefabre,3,twitter,renefabre,simple_name_prefix3:ren,0.74,1.1,1.0,0.0,0.0
12691,googleplus,reneritchie,12691,instagram,reneritchie,simple_name_prefix3:ren,0.74,1.1,1.0,0.0,0.0
12692,instagram,renestrauss,3,twitter,renestrauss,simple_name_prefix3:ren,0.74,1.1,1.0,0.0,0.0
5392,instagram,jtanciano,3,twitter,jtanciano,simple_name_prefix3:jta,0.74,1.1,1.0,0.0,0.0
2598,googleplus,jeremyvitale,3,twitter,jeremyvitale,simple_name_prefix3:jer,0.74,1.1,1.0,0.0,0.0
5266,instagram,jeremyflint,3,twitter,jeremyflint,simple_name_prefix3:jer,0.74,1.1,1.0,0.0,0.0
5268,instagram,jermspeaks,3,twitter,jermspeaks,simple_name_prefix3:jer,0.74,1.1,1.0,0.0,0.0
10021,googleplus,jeradhill,10021,instagram,jeradhill,simple_name_prefix3:jer,0.74,1.1,1.0,0.0,0.0
10021,googleplus,jeradhill,3,twitter,jeradhill,simple_name_prefix3:jer,0.74,1.1,1.0,0.0,0.0
10022,googleplus,jereclancy,10022,instagram,jereclancy,simple_name_prefix3:jer,0.74,1.1,1.0,0.0,0.0
10022,googleplus,jereclancy,3,twitter,jereclancy,simple_name_prefix3:jer,0.74,1.1,1.0,0.0,0.0
7637,instagram,buster,3,twitter,buster,simple_name_prefix3:bus,0.74,1.1,1.0,0.0,0.0
10043,googleplus,jeromiewilliams,10043,instagram,jeromiewilliams,simple_name_prefix3:jer,0.74,1.1,1.0,0.0,0.0
10026,googleplus,jeremyawilliams,3,twitter,jeremyawilliams,simple_name_prefix3:jer,0.74,1.1,1.0,0.0,0.0
10028,googleplus,jeremyboye,10028,instagram,jeremyboye,simple_name_prefix3:jer,0.74,1.1,1.0,0.0,0.0
10029,googleplus,jeremychaput,10029,instagram,jeremychaput,simple_name_prefix3:jer,0.74,1.1,1.0,0.0,0.0
10029,googleplus,jeremychaput,3,twitter,jeremychaput,simple_name_prefix3:jer,0.74,1.1,1.0,0.0,0.0
10030,googleplus,jeremycwilson,10030,instagram,jeremycwilson,simple_name_prefix3:jer,0.74,1.1,1.0,0.0,0.0
10030,googleplus,jeremycwilson,3,twitter,jeremycwilson,simple_name_prefix3:jer,0.74,1.1,1.0,0.0,0.0
10032,googleplus,jeremyjohnson,10032,instagram,jeremyjohnson,simple_name_prefix3:jer,0.74,1.1,1.0,0.0,0.0
10046,instagram,jerrybarnwell,3,twitter,jerrybarnwell,simple_name_prefix3:jer,0.74,1.1,1.0,0.0,0.0
6025,instagram,princessprinco,3,twitter,princessprinco,simple_name_prefix3:pri,0.74,1.1,1.0,0.0,0.0
10034,googleplus,jeremyteff,10034,instagram,jeremyteff,simple_name_prefix3:jer,0.74,1.1,1.0,0.0,0.0
10036,googleplus,jeroensangers,10036,instagram,jeroensangers,simple_name_prefix3:jer,0.74,1.1,1.0,0.0,0.0
10039,googleplus,jeromesadou,3,twitter,jeromesadou,simple_name_prefix3:jer,0.74,1.1,1.0,0.0,0.0
10040,googleplus,jeromeshaw,3,twitter,jeromeshaw,simple_name_prefix3:jer,0.74,1.1,1.0,0.0,0.0
10042,googleplus,jeromevadon,10042,instagram,jeromevadon,simple_name_prefix3:jer,0.74,1.1,1.0,0.0,0.0
10140,instagram,jlantunez,3,twitter,jlantunez,simple_name_prefix3:jla,0.74,1.1,1.0,0.0,0.0
9945,googleplus,jeandregericke,9945,instagram,jeandregericke,simple_name_prefix3:jea,0.74,1.1,1.0,0.0,0.0
9945,googleplus,jeandregericke,3,twitter,jeandregericke,simple_name_prefix3:jea,0.74,1.1,1.0,0.0,0.0
9947,googleplus,jeangoodwyn,9947,instagram,jeangoodwyn,simple_name_prefix3:jea,0.74,1.1,1.0,0.0,0.0
9948,googleplus,jeannacaldwell,9948,instagram,jeannacaldwell,simple_name_prefix3:jea,0.74,1.1,1.0,0.0,0.0
10045,googleplus,jerrodshelton,10045,instagram,jerrodshelton,simple_name_prefix3:jer,0.74,1.1,1.0,0.0,0.0
10045,googleplus,jerrodshelton,3,twitter,jerrodshelton,simple_name_prefix3:jer,0.74,1.1,1.0,0.0,0.0
10046,googleplus,jerrybarnwell,10046,instagram,jerrybarnwell,simple_name_prefix3:jer,0.74,1.1,1.0,0.0,0.0
7577,instagram,7bn,3,twitter,7bn,simple_name_prefix3:7bn,0.74,1.1,1.0,0.0,0.0
7579,instagram,btiede,3,twitter,btiede,simple_name_prefix3:bti,0.74,1.1,1.0,0.0,0.0
7629,instagram,btihin,3,twitter,btihin,simple_name_prefix3:bti,0.74,1.1,1.0,0.0,0.0
7595,instagram,gnuboss,3,twitter,gnuboss,simple_name_prefix3:gnu,0.74,1.1,1.0,0.0,0.0
7624,instagram,ubet426,3,twitter,ubet426,simple_name_prefix3:ube,0.74,1.1,1.0,0.0,0.0
7627,instagram,bscheckel,3,twitter,bscheckel,simple_name_prefix3:bsc,0.74,1.1,1.0,0.0,0.0
7632,instagram,bukik,3,twitter,bukik,simple_name_prefix3:buk,0.74,1.1,1.0,0.0,0.0
13328,instagram,snoopsmaus,3,twitter,snoopsmaus,simple_name_prefix3:sno,0.74,1.1,1.0,0.0,0.0
13329,googleplus,snowhole,3,twitter,snowhole,simple_name_prefix3:sno,0.74,1.1,1.0,0.0,0.0
10126,instagram,jisampedro,3,twitter,jisampedro,simple_name_prefix3:jis,0.74,1.1,1.0,0.0,0.0
10127,instagram,jisforjoe,3,twitter,jisforjoe,simple_name_prefix3:jis,0.74,1.1,1.0,0.0,0.0
5302,instagram,jlamshed,3,twitter,jlamshed,simple_name_prefix3:jla,0.74,1.1,1.0,0.0,0.0
10110,instagram,jlarrison,3,twitter,jlarrison,simple_name_prefix3:jla,0.74,1.1,1.0,0.0,0.0
9949,googleplus,jeanniewalters,9949,instagram,jeanniewalters,simple_name_prefix3:jea,0.74,1.1,1.0,0.0,0.0
9952,instagram,jeartofa,3,twitter,jeartofa,simple_name_prefix3:jea,0.74,1.1,1.0,0.0,0.0
10154,googleplus,jmgiron,10154,instagram,jmgiron,simple_name_prefix3:jmg,0.74,1.1,1.0,0.0,0.0
5300,instagram,jjnford,3,twitter,jjnford,simple_name_prefix3:jjn,0.74,1.1,1.0,0.0,0.0
10166,googleplus,joanieduquette,10166,instagram,joanieduquette,simple_name_prefix3:joa,0.74,1.1,1.0,0.0,0.0
10174,instagram,joaoterrivel,3,twitter,joaoterrivel,simple_name_prefix3:joa,0.74,1.1,1.0,0.0,0.0
10176,googleplus,joaquingatica,10176,instagram,joaquingatica,simple_name_prefix3:joa,0.74,1.1,1.0,0.0,0.0
10176,googleplus,joaquingatica,3,twitter,joaquingatica,simple_name_prefix3:joa,0.74,1.1,1.0,0.0,0.0
7289,instagram,aurora7x,3,twitter,aurora7x,simple_name_prefix3:aur,0.74,1.1,1.0,0.0,0.0
12888,instagram,boulderron,3,twitter,boulderron,simple_name_prefix3:bou,0.74,1.1,1.0,0.0,0.0
7518,googleplus,bowokusumo,3,twitter,bowokusumo,simple_name_prefix3:bow,0.74,1.1,1.0,0.0,0.0
7528,instagram,b4thea4,3,twitter,b4thea4,simple_name_prefix3:b4t,0.74,1.1,1.0,0.0,0.0
10290,googleplus,joolsstone,10290,instagram,joolsstone,simple_name_prefix3:joo,0.74,1.1,1.0,0.0,0.0
1011,googleplus,joellevan,1011,instagram,joellevan,simple_name_prefix3:joe,0.74,1.1,1.0,0.0,0.0
2640,googleplus,joegande,3,twitter,joegande,simple_name_prefix3:joe,0.74,1.1,1.0,0.0,0.0
2646,googleplus,joeprice77,3,twitter,joeprice77,simple_name_prefix3:joe,0.74,1.1,1.0,0.0,0.0
2648,googleplus,joeross,3,twitter,joeross,simple_name_prefix3:joe,0.74,1.1,1.0,0.0,0.0
2650,googleplus,joespake,3,twitter,joespake,simple_name_prefix3:joe,0.74,1.1,1.0,0.0,0.0
5315,instagram,joel_hughes,3,twitter,joel_hughes,simple_name_prefix3:joe,0.74,1.1,1.0,0.0,0.0
10192,googleplus,joelburman,10192,instagram,joelburman,simple_name_prefix3:joe,0.74,1.1,1.0,0.0,0.0
10335,googleplus,joemanna,10335,instagram,joemanna,simple_name_prefix3:joe,0.74,1.1,1.0,0.0,0.0
10192,googleplus,joelburman,3,twitter,joelburman,simple_name_prefix3:joe,0.74,1.1,1.0,0.0,0.0
10193,googleplus,joelduggan,10193,instagram,joelduggan,simple_name_prefix3:joe,0.74,1.1,1.0,0.0,0.0
10194,googleplus,joelhelbling,10194,instagram,joelhelbling,simple_name_prefix3:joe,0.74,1.1,1.0,0.0,0.0
10195,googleplus,joeljapitana,10195,instagram,joeljapitana,simple_name_prefix3:joe,0.74,1.1,1.0,0.0,0.0
10195,googleplus,joeljapitana,3,twitter,joeljapitana,simple_name_prefix3:joe,0.74,1.1,1.0,0.0,0.0
9243,instagram,giopge,3,twitter,giopge,simple_name_prefix3:gio,0.74,1.1,1.0,0.0,0.0
10201,googleplus,joemaffia,10201,instagram,joemaffia,simple_name_prefix3:joe,0.74,1.1,1.0,0.0,0.0
2664,googleplus,johnparkman,3,twitter,johnparkman,simple_name_prefix3:joh,0.74,1.1,1.0,0.0,0.0
2665,googleplus,johnthurm,3,twitter,johnthurm,simple_name_prefix3:joh,0.74,1.1,1.0,0.0,0.0
5322,instagram,johanjanssens,3,twitter,johanjanssens,simple_name_prefix3:joh,0.74,1.1,1.0,0.0,0.0
5325,instagram,johnaslarona,3,twitter,johnaslarona,simple_name_prefix3:joh,0.74,1.1,1.0,0.0,0.0
10207,googleplus,joerobb,10207,instagram,joerobb,simple_name_prefix3:joe,0.74,1.1,1.0,0.0,0.0
10209,instagram,joeteh,3,twitter,joeteh,simple_name_prefix3:joe,0.74,1.1,1.0,0.0,0.0
10210,googleplus,joewoolworth,10210,instagram,joewoolworth,simple_name_prefix3:joe,0.74,1.1,1.0,0.0,0.0
5047,instagram,giradesai,3,twitter,giradesai,simple_name_prefix3:gir,0.74,1.1,1.0,0.0,0.0
10212,googleplus,joeyfeith,10212,instagram,joeyfeith,simple_name_prefix3:joe,0.74,1.1,1.0,0.0,0.0
14278,instagram,kachna,3,twitter,kachna,simple_name_prefix3:kac,0.74,1.1,1.0,0.0,0.0
10213,googleplus,joeymalvagita,10213,instagram,joeymalvagita,simple_name_prefix3:joe,0.74,1.1,1.0,0.0,0.0
10213,googleplus,joeymalvagita,3,twitter,joeymalvagita,simple_name_prefix3:joe,0.74,1.1,1.0,0.0,0.0
10214,googleplus,joeyngoy,3,twitter,joeyngoy,simple_name_prefix3:joe,0.74,1.1,1.0,0.0,0.0
14361,googleplus,zunaidkhan,14361,instagram,zunaidkhan,simple_name_prefix3:zun,0.74,1.1,1.0,0.0,0.0
9922,instagram,johnburke,3,twitter,johnburke,simple_name_prefix3:joh,0.74,1.1,1.0,0.0,0.0
14346,googleplus,zlatkounger,3,twitter,zlatkounger,simple_name_prefix3:zla,0.74,1.1,1.0,0.0,0.0
10217,googleplus,johannarehnvall,10217,instagram,johannarehnvall,simple_name_prefix3:joh,0.74,1.1,1.0,0.0,0.0
10217,googleplus,johannarehnvall,3,twitter,johannarehnvall,simple_name_prefix3:joh,0.74,1.1,1.0,0.0,0.0
10218,googleplus,johanneslenz,10218,instagram,johanneslenz,simple_name_prefix3:joh,0.74,1.1,1.0,0.0,0.0
10218,googleplus,johanneslenz,3,twitter,johanneslenz,simple_name_prefix3:joh,0.74,1.1,1.0,0.0,0.0
14347,instagram,zoblue,3,twitter,zoblue,simple_name_prefix3:zob,0.74,1.1,1.0,0.0,0.0
10337,googleplus,joemcmullin,3,twitter,joemcmullin,simple_name_prefix3:joe,0.74,1.1,1.0,0.0,0.0
14352,instagram,zohebraza,3,twitter,zohebraza,simple_name_prefix3:zoh,0.74,1.1,1.0,0.0,0.0
11872,instagram,joe_montoya,3,twitter,joe_montoya,simple_name_prefix3:joe,0.74,1.1,1.0,0.0,0.0
5341,instagram,jomajer,3,twitter,jomajer,simple_name_prefix3:jom,0.74,1.1,1.0,0.0,0.0
2662,googleplus,johneze,3,twitter,johneze,simple_name_prefix3:joh,0.74,1.1,1.0,0.0,0.0
2663,googleplus,johnhouzi,3,twitter,johnhouzi,simple_name_prefix3:joh,0.74,1.1,1.0,0.0,0.0
10221,googleplus,johnayers,10221,instagram,johnayers,simple_name_prefix3:joh,0.74,1.1,1.0,0.0,0.0
10221,googleplus,johnayers,3,twitter,johnayers,simple_name_prefix3:joh,0.74,1.1,1.0,0.0,0.0
10223,googleplus,johnbyerrum,3,twitter,johnbyerrum,simple_name_prefix3:joh,0.74,1.1,1.0,0.0,0.0
10224,instagram,johncaswell,3,twitter,johncaswell,simple_name_prefix3:joh,0.74,1.1,1.0,0.0,0.0
10226,googleplus,johndeguzman,10226,instagram,johndeguzman,simple_name_prefix3:joh,0.74,1.1,1.0,0.0,0.0
14356,instagram,zsami,3,twitter,zsami,simple_name_prefix3:zsa,0.74,1.1,1.0,0.0,0.0
10228,googleplus,johndezember,10228,instagram,johndezember,simple_name_prefix3:joh,0.74,1.1,1.0,0.0,0.0
14357,instagram,zssz,3,twitter,zssz,simple_name_prefix3:zss,0.74,1.1,1.0,0.0,0.0
14358,instagram,zuhiboy,3,twitter,zuhiboy,simple_name_prefix3:zuh,0.74,1.1,1.0,0.0,0.0
5328,instagram,johnbentleyheng,3,twitter,johnbentleyheng,simple_name_prefix3:joh,0.74,1.1,1.0,0.0,0.0
5330,instagram,john_hutchings,3,twitter,john_hutchings,simple_name_prefix3:joh,0.74,1.1,1.0,0.0,0.0
1334,googleplus,aaronkropf,3,twitter,aaronkropf,simple_name_prefix3:aar,0.74,1.1,1.0,0.0,0.0
13948,instagram,ulimativ,3,twitter,ulimativ,simple_name_prefix3:uli,0.74,1.1,1.0,0.0,0.0
5333,instagram,johnnylynch,3,twitter,johnnylynch,simple_name_prefix3:joh,0.74,1.1,1.0,0.0,0.0
7366,instagram,b_darzzz,3,twitter,b_darzzz,simple_name_prefix3:b_d,0.74,1.1,1.0,0.0,0.0
7367,instagram,bdbrooker,3,twitter,bdbrooker,simple_name_prefix3:bdb,0.74,1.1,1.0,0.0,0.0
7368,googleplus,bdosono,7368,instagram,bdosono,simple_name_prefix3:bdo,0.74,1.1,1.0,0.0,0.0
8203,instagram,u_mainah,3,twitter,u_mainah,simple_name_prefix3:u_m,0.74,1.1,1.0,0.0,0.0
13957,googleplus,urigoren,3,twitter,urigoren,simple_name_prefix3:uri,0.74,1.1,1.0,0.0,0.0
7439,instagram,kuechenzuruf,3,twitter,kuechenzuruf,simple_name_prefix3:kue,0.74,1.1,1.0,0.0,0.0
7444,instagram,bewinxed,3,twitter,bewinxed,simple_name_prefix3:bew,0.74,1.1,1.0,0.0,0.0
4069,googleplus,vaibhavbhosale,3,twitter,vaibhavbhosale,simple_name_prefix3:vai,0.74,1.1,1.0,0.0,0.0
7467,googleplus,ihorbilyk,7467,instagram,ihorbilyk,simple_name_prefix3:iho,0.74,1.1,1.0,0.0,0.0
14324,instagram,zehnbar,3,twitter,zehnbar,simple_name_prefix3:zeh,0.74,1.1,1.0,0.0,0.0
7500,instagram,boffism,3,twitter,boffism,simple_name_prefix3:bof,0.74,1.1,1.0,0.0,0.0
7515,instagram,bougeybaby,3,twitter,bougeybaby,simple_name_prefix3:bou,0.74,1.1,1.0,0.0,0.0
10219,googleplus,johanngoossen,3,twitter,johanngoossen,simple_name_prefix3:joh,0.74,1.1,1.0,0.0,0.0
10220,googleplus,johelsen,3,twitter,johelsen,simple_name_prefix3:joh,0.74,1.1,1.0,0.0,0.0
6847,googleplus,aleksanderdye,6847,instagram,aleksanderdye,simple_name_prefix3:ale,0.74,1.1,1.0,0.0,0.0
10234,googleplus,johnlowe,10234,instagram,johnlowe,simple_name_prefix3:joh,0.74,1.1,1.0,0.0,0.0
10234,googleplus,johnlowe,3,twitter,johnlowe,simple_name_prefix3:joh,0.74,1.1,1.0,0.0,0.0
10237,googleplus,johnmischief,10237,instagram,johnmischief,simple_name_prefix3:joh,0.74,1.1,1.0,0.0,0.0
6658,googleplus,aaronklinefelter,6658,instagram,aaronklinefelter,simple_name_prefix3:aar,0.74,1.1,1.0,0.0,0.0
6661,instagram,aaronrcouch,3,twitter,aaronrcouch,simple_name_prefix3:aar,0.74,1.1,1.0,0.0,0.0
725,googleplus,alessandrofeliziani,725,instagram,alessandrofeliziani,simple_name_prefix3:ale,0.74,1.1,1.0,0.0,0.0
10243,googleplus,johnporcaro,10243,instagram,johnporcaro,simple_name_prefix3:joh,0.74,1.1,1.0,0.0,0.0
10243,googleplus,johnporcaro,3,twitter,johnporcaro,simple_name_prefix3:joh,0.74,1.1,1.0,0.0,0.0
1406,googleplus,aleixarnavat,3,twitter,aleixarnavat,simple_name_prefix3:ale,0.74,1.1,1.0,0.0,0.0
1412,googleplus,alessiojacona,3,twitter,alessiojacona,simple_name_prefix3:ale,0.74,1.1,1.0,0.0,0.0
7358,googleplus,baubalred,7358,instagram,baubalred,simple_name_prefix3:bau,0.74,1.1,1.0,0.0,0.0
1413,googleplus,alessiomantegna,3,twitter,alessiomantegna,simple_name_prefix3:ale,0.74,1.1,1.0,0.0,0.0
1419,googleplus,alexbohs,3,twitter,alexbohs,simple_name_prefix3:ale,0.74,1.1,1.0,0.0,0.0
10246,instagram,johnsgunn,3,twitter,johnsgunn,simple_name_prefix3:joh,0.74,1.1,1.0,0.0,0.0
1421,googleplus,alexcaza,3,twitter,alexcaza,simple_name_prefix3:ale,0.74,1.1,1.0,0.0,0.0
14267,googleplus,yiyinglu,14267,instagram,yiyinglu,simple_name_prefix3:yiy,0.74,1.1,1.0,0.0,0.0
12143,googleplus,johannanylander,12143,instagram,johannanylander,simple_name_prefix3:joh,0.74,1.1,1.0,0.0,0.0
13549,googleplus,johnswords,13549,instagram,johnswords,simple_name_prefix3:joh,0.74,1.1,1.0,0.0,0.0
14274,googleplus,yohannlibot,3,twitter,yohannlibot,simple_name_prefix3:yoh,0.74,1.1,1.0,0.0,0.0
14277,instagram,yopefonic,3,twitter,yopefonic,simple_name_prefix3:yop,0.74,1.1,1.0,0.0,0.0
6857,googleplus,alessiacamera,6857,instagram,alessiacamera,simple_name_prefix3:ale,0.74,1.1,1.0,0.0,0.0
10258,instagram,jolante,3,twitter,jolante,simple_name_prefix3:jol,0.74,1.1,1.0,0.0,0.0
6861,googleplus,alexanderrentsch,6861,instagram,alexanderrentsch,simple_name_prefix3:ale,0.74,1.1,1.0,0.0,0.0
10230,instagram,johhardwick,3,twitter,johhardwick,simple_name_prefix3:joh,0.74,1.1,1.0,0.0,0.0
10232,googleplus,johnkaminski,10232,instagram,johnkaminski,simple_name_prefix3:joh,0.74,1.1,1.0,0.0,0.0
10309,googleplus,jorgeluisgatica,3,twitter,jorgeluisgatica,simple_name_prefix3:jor,0.74,1.1,1.0,0.0,0.0
1423,googleplus,alexhighton,3,twitter,alexhighton,simple_name_prefix3:ale,0.74,1.1,1.0,0.0,0.0
10315,googleplus,jorgevalens,10315,instagram,jorgevalens,simple_name_prefix3:jor,0.74,1.1,1.0,0.0,0.0
1429,googleplus,alexsmusiak,3,twitter,alexsmusiak,simple_name_prefix3:ale,0.74,1.1,1.0,0.0,0.0
10316,googleplus,jorgezade,10316,instagram,jorgezade,simple_name_prefix3:jor,0.74,1.1,1.0,0.0,0.0
4276,instagram,ale3is,3,twitter,ale3is,simple_name_prefix3:ale,0.74,1.1,1.0,0.0,0.0
1018,googleplus,jorisswinnen,1018,instagram,jorisswinnen,simple_name_prefix3:jor,0.74,1.1,1.0,0.0,0.0
5356,instagram,jordanearles,3,twitter,jordanearles,simple_name_prefix3:jor,0.74,1.1,1.0,0.0,0.0
5359,instagram,jordyvangent,3,twitter,jordyvangent,simple_name_prefix3:jor,0.74,1.1,1.0,0.0,0.0
5360,instagram,jorgecarvalho,3,twitter,jorgecarvalho,simple_name_prefix3:jor,0.74,1.1,1.0,0.0,0.0
10295,instagram,jordanmcarson,3,twitter,jordanmcarson,simple_name_prefix3:jor,0.74,1.1,1.0,0.0,0.0
4290,instagram,alexifer,3,twitter,alexifer,simple_name_prefix3:ale,0.74,1.1,1.0,0.0,0.0
14197,instagram,wlyit,3,twitter,wlyit,simple_name_prefix3:wly,0.74,1.1,1.0,0.0,0.0
10301,googleplus,jordijubany,10301,instagram,jordijubany,simple_name_prefix3:jor,0.74,1.1,1.0,0.0,0.0
9677,googleplus,internetsweden,3,twitter,internetsweden,simple_name_prefix3:int,0.74,1.1,1.0,0.0,0.0
14207,instagram,wproof,3,twitter,wproof,simple_name_prefix3:wpr,0.74,1.1,1.0,0.0,0.0
14215,googleplus,wylieswanson,14215,instagram,wylieswanson,simple_name_prefix3:wyl,0.74,1.1,1.0,0.0,0.0
14216,instagram,xadusx,3,twitter,xadusx,simple_name_prefix3:xad,0.74,1.1,1.0,0.0,0.0
8911,instagram,heypecal,3,twitter,heypecal,simple_name_prefix3:hey,0.74,1.1,1.0,0.0,0.0
9505,instagram,heyitsvo,3,twitter,heyitsvo,simple_name_prefix3:hey,0.74,1.1,1.0,0.0,0.0
14224,instagram,xeskox,3,twitter,xeskox,simple_name_prefix3:xes,0.74,1.1,1.0,0.0,0.0
2716,googleplus,joylynskey,3,twitter,joylynskey,simple_name_prefix3:joy,0.74,1.1,1.0,0.0,0.0
10304,instagram,jorgeavilam,3,twitter,jorgeavilam,simple_name_prefix3:jor,0.74,1.1,1.0,0.0,0.0
14232,instagram,xpsteven,3,twitter,xpsteven,simple_name_prefix3:xps,0.74,1.1,1.0,0.0,0.0
10307,googleplus,jorgeglez84,10307,instagram,jorgeglez84,simple_name_prefix3:jor,0.74,1.1,1.0,0.0,0.0
14256,instagram,yawetse,3,twitter,yawetse,simple_name_prefix3:yaw,0.74,1.1,0.3333333333333333,1.0,0.0
10309,googleplus,jorgeluisgatica,10309,instagram,jorgeluisgatica,simple_name_prefix3:jor,0.74,1.1,1.0,0.0,0.0
14266,instagram,yitsushi,3,twitter,yitsushi,simple_name_prefix3:yit,0.74,1.1,1.0,0.0,0.0
6852,instagram,aleshkov,3,twitter,aleshkov,simple_name_prefix3:ale,0.74,1.1,1.0,0.0,0.0
5408,instagram,juliasbling,3,twitter,juliasbling,simple_name_prefix3:jul,0.74,1.1,1.0,0.0,0.0
5410,instagram,juliettemaxwell,3,twitter,juliettemaxwell,simple_name_prefix3:jul,0.74,1.1,1.0,0.0,0.0
6871,instagram,alexandrunistor,3,twitter,alexandrunistor,simple_name_prefix3:ale,0.74,1.1,1.0,0.0,0.0
6875,googleplus,alexcorradi,6875,instagram,alexcorradi,simple_name_prefix3:ale,0.74,1.1,1.0,0.0,0.0
10437,googleplus,juliahull,10437,instagram,juliahull,simple_name_prefix3:jul,0.74,1.1,1.0,0.0,0.0
6879,googleplus,alexiakalfaian,6879,instagram,alexiakalfaian,simple_name_prefix3:ale,0.74,1.1,1.0,0.0,0.0
6882,googleplus,alexmabery,3,twitter,alexmabery,simple_name_prefix3:ale,0.74,1.1,1.0,0.0,0.0
6890,googleplus,alexsantosa,6890,instagram,alexsantosa,simple_name_prefix3:ale,0.74,1.1,1.0,0.0,0.0
9676,instagram,intercer,3,twitter,intercer,simple_name_prefix3:int,0.74,1.1,1.0,0.0,0.0
9677,googleplus,internetsweden,9677,instagram,internetsweden,simple_name_prefix3:int,0.74,1.1,1.0,0.0,0.0
7208,instagram,upwiththemooses,3,twitter,upwiththemooses,simple_name_prefix3:upw,0.74,1.1,1.0,0.0,0.0
6891,googleplus,alexstanford,3,twitter,alexstanford,simple_name_prefix3:ale,0.74,1.1,1.0,0.0,0.0
7264,instagram,asuramaru,3,twitter,asuramaru,simple_name_prefix3:asu,0.74,1.1,1.0,0.0,0.0
12348,instagram,naughtydinosaur,3,twitter,naughtydinosaur,simple_name_prefix3:nau,0.74,1.1,1.0,0.0,0.0
6894,googleplus,alessashida,6894,instagram,alessashida,simple_name_prefix3:ale,0.74,1.1,1.0,0.0,0.0
14127,instagram,wcdarling,3,twitter,wcdarling,simple_name_prefix3:wcd,0.74,1.1,1.0,0.0,0.0
14135,instagram,wehaveaface,3,twitter,wehaveaface,simple_name_prefix3:weh,0.74,1.1,0.3333333333333333,1.0,0.0
7313,instagram,axmai,3,twitter,axmai,simple_name_prefix3:axm,0.74,1.1,1.0,0.0,0.0
7318,googleplus,aykuttanay,7318,instagram,aykuttanay,simple_name_prefix3:ayk,0.74,1.1,1.0,0.0,0.0
7318,googleplus,aykuttanay,3,twitter,aykuttanay,simple_name_prefix3:ayk,0.74,1.1,1.0,0.0,0.0
6895,googleplus,alexandredesouza,6895,instagram,alexandredesouza,simple_name_prefix3:ale,0.74,1.1,1.0,0.0,0.0
4219,instagram,abelpereira,3,twitter,abelpereira,simple_name_prefix3:abe,0.74,1.1,1.0,0.0,0.0
10380,googleplus,joypoulsen,3,twitter,joypoulsen,simple_name_prefix3:joy,0.74,1.1,1.0,0.0,0.0
10471,googleplus,justincambria,3,twitter,justincambria,simple_name_prefix3:jus,0.74,1.1,1.0,0.0,0.0
711,googleplus,agushcerrudo,711,instagram,agushcerrudo,simple_name_prefix3:agu,0.74,1.1,1.0,0.0,0.0
10443,googleplus,juliaserafina,10443,instagram,juliaserafina,simple_name_prefix3:jul,0.74,1.1,1.0,0.0,0.0
10443,googleplus,juliaserafina,3,twitter,juliaserafina,simple_name_prefix3:jul,0.74,1.1,1.0,0.0,0.0
10444,instagram,juliaspencer14,3,twitter,juliaspencer14,simple_name_prefix3:jul,0.74,1.1,1.0,0.0,0.0
10446,googleplus,juliegolob,10446,instagram,juliegolob,simple_name_prefix3:jul,0.74,1.1,1.0,0.0,0.0
10449,googleplus,julienhorn,3,twitter,julienhorn,simple_name_prefix3:jul,0.74,1.1,1.0,0.0,0.0
6743,instagram,aguedamarcia,3,twitter,aguedamarcia,simple_name_prefix3:agu,0.74,1.1,1.0,0.0,0.0
6748,instagram,agu69,3,twitter,agu69,simple_name_prefix3:agu,0.74,1.1,1.0,0.0,0.0
6749,instagram,aguantamena,3,twitter,aguantamena,simple_name_prefix3:agu,0.74,1.1,1.0,0.0,0.0
10458,instagram,juliuslt,3,twitter,juliuslt,simple_name_prefix3:jul,0.74,1.1,1.0,0.0,0.0
6750,instagram,aguerov,3,twitter,aguerov,simple_name_prefix3:agu,0.74,1.1,1.0,0.0,0.0
10483,instagram,justinyounger,3,twitter,justinyounger,simple_name_prefix3:jus,0.74,1.1,1.0,0.0,0.0
10459,googleplus,juliustrujillo,10459,instagram,juliustrujillo,simple_name_prefix3:jul,0.74,1.1,1.0,0.0,0.0
10459,googleplus,juliustrujillo,3,twitter,juliustrujillo,simple_name_prefix3:jul,0.74,1.1,1.0,0.0,0.0
2750,googleplus,justincresswell,3,twitter,justincresswell,simple_name_prefix3:jus,0.74,1.1,1.0,0.0,0.0
5369,instagram,justdueck,3,twitter,justdueck,simple_name_prefix3:jus,0.74,1.1,1.0,0.0,0.0
1358,googleplus,adamlasseter,3,twitter,adamlasseter,simple_name_prefix3:ada,0.74,1.1,1.0,0.0,0.0
1359,googleplus,adamlewis10,3,twitter,adamlewis10,simple_name_prefix3:ada,0.74,1.1,1.0,0.0,0.0
10438,googleplus,jusakae,10438,instagram,jusakae,simple_name_prefix3:jus,0.74,1.1,1.0,0.0,0.0
6871,googleplus,alexandrunistor,6871,instagram,alexandrunistor,simple_name_prefix3:ale,0.74,1.1,1.0,0.0,0.0
10468,googleplus,justbiglee,10468,instagram,justbiglee,simple_name_prefix3:jus,0.74,1.1,1.0,0.0,0.0
10468,googleplus,justbiglee,3,twitter,justbiglee,simple_name_prefix3:jus,0.74,1.1,1.0,0.0,0.0
10470,googleplus,justinbrokar,10470,instagram,justinbrokar,simple_name_prefix3:jus,0.74,1.1,1.0,0.0,0.0
10470,googleplus,justinbrokar,3,twitter,justinbrokar,simple_name_prefix3:jus,0.74,1.1,1.0,0.0,0.0
5440,instagram,katbache,3,twitter,katbache,simple_name_prefix3:kat,0.74,1.1,1.0,0.0,0.0
10472,googleplus,justindoub,10472,instagram,justindoub,simple_name_prefix3:jus,0.74,1.1,1.0,0.0,0.0
10472,googleplus,justindoub,3,twitter,justindoub,simple_name_prefix3:jus,0.74,1.1,1.0,0.0,0.0
10473,googleplus,justingiritlian,10473,instagram,justingiritlian,simple_name_prefix3:jus,0.74,1.1,1.0,0.0,0.0
10474,googleplus,justinharkey,3,twitter,justinharkey,simple_name_prefix3:jus,0.74,1.1,1.0,0.0,0.0
10479,instagram,justinsocial,3,twitter,justinsocial,simple_name_prefix3:jus,0.74,1.1,1.0,0.0,0.0
10480,googleplus,justinschuck,10480,instagram,justinschuck,simple_name_prefix3:jus,0.74,1.1,1.0,0.0,0.0
6707,googleplus,addiedomske,3,twitter,addiedomske,simple_name_prefix3:add,0.74,1.1,1.0,0.0,0.0
10482,googleplus,justinveenema,10482,instagram,justinveenema,simple_name_prefix3:jus,0.74,1.1,1.0,0.0,0.0
4230,instagram,adam2k,3,twitter,adam2k,simple_name_prefix3:ada,0.74,1.1,1.0,0.0,0.0
10483,googleplus,justinyounger,10483,instagram,justinyounger,simple_name_prefix3:jus,0.74,1.1,1.0,0.0,0.0
10563,instagram,katetalbot2,3,twitter,katetalbot2,simple_name_prefix3:kat,0.74,1.1,1.0,0.0,0.0
10566,googleplus,kathaber,3,twitter,kathaber,simple_name_prefix3:kat,0.74,1.1,1.0,0.0,0.0
10571,googleplus,kathleenheuer,3,twitter,kathleenheuer,simple_name_prefix3:kat,0.74,1.1,1.0,0.0,0.0
10485,instagram,justkimonline,3,twitter,justkimonline,simple_name_prefix3:jus,0.74,1.1,1.0,0.0,0.0
7255,instagram,asier3d,3,twitter,asier3d,simple_name_prefix3:asi,0.74,1.1,1.0,0.0,0.0
4231,instagram,adamehunt,3,twitter,adamehunt,simple_name_prefix3:ada,0.74,1.1,1.0,0.0,0.0
4440,instagram,adamtlynch,3,twitter,adamtlynch,simple_name_prefix3:ada,0.74,1.1,1.0,0.0,0.0
10494,instagram,kadehara,3,twitter,kadehara,simple_name_prefix3:kad,0.74,1.1,1.0,0.0,0.0
10495,googleplus,kadiprescott,10495,instagram,kadiprescott,simple_name_prefix3:kad,0.74,1.1,1.0,0.0,0.0
10496,googleplus,kadulima,10496,instagram,kadulima,simple_name_prefix3:kad,0.74,1.1,1.0,0.0,0.0
6695,googleplus,adamlewkovitz,3,twitter,adamlewkovitz,simple_name_prefix3:ada,0.74,1.1,1.0,0.0,0.0
5428,instagram,kanhaku,3,twitter,kanhaku,simple_name_prefix3:kan,0.74,1.1,1.0,0.0,0.0
6316,instagram,squinte6,3,twitter,squinte6,simple_name_prefix3:squ,0.74,1.1,1.0,0.0,0.0
2776,googleplus,kathleenlees,3,twitter,kathleenlees,simple_name_prefix3:kat,0.74,1.1,1.0,0.0,0.0
6696,googleplus,adammokan,6696,instagram,adammokan,simple_name_prefix3:ada,0.74,1.1,1.0,0.0,0.0
10585,googleplus,katiemoest,10585,instagram,katiemoest,simple_name_prefix3:kat,0.74,1.1,1.0,0.0,0.0
6696,googleplus,adammokan,3,twitter,adammokan,simple_name_prefix3:ada,0.74,1.1,1.0,0.0,0.0
6698,googleplus,adamsarwar,6698,instagram,adamsarwar,simple_name_prefix3:ada,0.74,1.1,1.0,0.0,0.0
6698,googleplus,adamsarwar,3,twitter,adamsarwar,simple_name_prefix3:ada,0.74,1.1,1.0,0.0,0.0
10556,googleplus,katebuckjr,10556,instagram,katebuckjr,simple_name_prefix3:kat,0.74,1.1,1.0,0.0,0.0
10556,googleplus,katebuckjr,3,twitter,katebuckjr,simple_name_prefix3:kat,0.74,1.1,1.0,0.0,0.0
10557,googleplus,katehailey,10557,instagram,katehailey,simple_name_prefix3:kat,0.74,1.1,1.0,0.0,0.0
10557,googleplus,katehailey,3,twitter,katehailey,simple_name_prefix3:kat,0.74,1.1,1.0,0.0,0.0
10558,googleplus,katekress,3,twitter,katekress,simple_name_prefix3:kat,0.74,1.1,1.0,0.0,0.0
6699,googleplus,adamsheikh,6699,instagram,adamsheikh,simple_name_prefix3:ada,0.74,1.1,1.0,0.0,0.0
11707,instagram,blackburnmike,3,twitter,blackburnmike,simple_name_prefix3:bla,0.74,1.1,1.0,0.0,0.0
13785,instagram,goingbigger,3,twitter,goingbigger,simple_name_prefix3:goi,0.74,1.1,1.0,0.0,0.0
12419,instagram,bladezone,3,twitter,bladezone,simple_name_prefix3:bla,0.74,1.1,1.0,0.0,0.0
9463,instagram,spatialh,3,twitter,spatialh,simple_name_prefix3:spa,0.74,1.1,1.0,0.0,0.0
4119,googleplus,weatherbird,3,twitter,weatherbird,simple_name_prefix3:wea,0.74,1.1,1.0,0.0,0.0
1063,googleplus,laurenpacheco,1063,instagram,laurenpacheco,simple_name_prefix3:lau,0.74,1.1,1.0,0.0,0.0
1934,googleplus,davegray,3,twitter,davegray,simple_name_prefix3:dav,0.74,1.1,1.0,0.0,0.0
5537,instagram,laurenlemon,3,twitter,laurenlemon,simple_name_prefix3:lau,0.74,1.1,1.0,0.0,0.0
8054,instagram,laughtercrystal,3,twitter,laughtercrystal,simple_name_prefix3:lau,0.74,1.1,1.0,0.0,0.0
1935,googleplus,davehallmon,3,twitter,davehallmon,simple_name_prefix3:dav,0.74,1.1,1.0,0.0,0.0
10575,googleplus,kathydragon,10575,instagram,kathydragon,simple_name_prefix3:kat,0.74,1.1,1.0,0.0,0.0
10578,googleplus,katiebrennan,10578,instagram,katiebrennan,simple_name_prefix3:kat,0.74,1.1,1.0,0.0,0.0
10581,googleplus,katiedeluca,3,twitter,katiedeluca,simple_name_prefix3:kat,0.74,1.1,1.0,0.0,0.0
10582,googleplus,katieglantz,10582,instagram,katieglantz,simple_name_prefix3:kat,0.74,1.1,1.0,0.0,0.0
7079,instagram,ciordia9,3,twitter,ciordia9,simple_name_prefix3:cio,0.74,1.1,1.0,0.0,0.0
6706,googleplus,adarshgirish,6706,instagram,adarshgirish,simple_name_prefix3:ada,0.74,1.1,1.0,0.0,0.0
6706,googleplus,adarshgirish,3,twitter,adarshgirish,simple_name_prefix3:ada,0.74,1.1,1.0,0.0,0.0
7146,instagram,tmantones,3,twitter,tmantones,simple_name_prefix3:tma,0.74,1.1,1.0,0.0,0.0
9438,instagram,adamolacakcocuk,3,twitter,adamolacakcocuk,simple_name_prefix3:ada,0.74,1.1,1.0,0.0,0.0
7148,instagram,bombnomnom,3,twitter,bombnomnom,simple_name_prefix3:bom,0.74,1.1,1.0,0.0,0.0
11432,instagram,bombomachides,3,twitter,bombomachides,simple_name_prefix3:bom,0.74,1.1,1.0,0.0,0.0
12513,instagram,bombaykiawaaz,3,twitter,bombaykiawaaz,simple_name_prefix3:bom,0.74,1.1,1.0,0.0,0.0
1953,googleplus,davideriboli,3,twitter,davideriboli,simple_name_prefix3:dav,0.74,1.1,1.0,0.0,0.0
14331,instagram,zero27design,3,twitter,zero27design,simple_name_prefix3:zer,0.74,1.1,1.0,0.0,0.0
1958,googleplus,davidkenny,3,twitter,davidkenny,simple_name_prefix3:dav,0.74,1.1,1.0,0.0,0.0
7195,googleplus,arjantupan,7195,instagram,arjantupan,simple_name_prefix3:arj,0.74,1.1,1.0,0.0,0.0
10589,googleplus,katrinamoody,10589,instagram,katrinamoody,simple_name_prefix3:kat,0.74,1.1,1.0,0.0,0.0
1971,googleplus,davidwalljones,3,twitter,davidwalljones,simple_name_prefix3:dav,0.74,1.1,1.0,0.0,0.0
10635,googleplus,kellywhalen,10635,instagram,kellywhalen,simple_name_prefix3:kel,0.74,1.1,1.0,0.0,0.0
10636,googleplus,kelseahanks,10636,instagram,kelseahanks,simple_name_prefix3:kel,0.74,1.1,1.0,0.0,0.0
4738,instagram,davecriswell,3,twitter,davecriswell,simple_name_prefix3:dav,0.74,1.1,1.0,0.0,0.0
4739,instagram,davecurlee,3,twitter,davecurlee,simple_name_prefix3:dav,0.74,1.1,1.0,0.0,0.0
7477,instagram,blackxxxxxx,3,twitter,blackxxxxxx,simple_name_prefix3:bla,0.74,1.1,1.0,0.0,0.0
10891,googleplus,laurapasquini,10891,instagram,laurapasquini,simple_name_prefix3:lau,0.74,1.1,1.0,0.0,0.0
7478,googleplus,blairmosberg,7478,instagram,blairmosberg,simple_name_prefix3:bla,0.74,1.1,1.0,0.0,0.0
10894,instagram,laurenmcolman,3,twitter,laurenmcolman,simple_name_prefix3:lau,0.74,1.1,1.0,0.0,0.0
10895,instagram,laurendaymakeup,3,twitter,laurendaymakeup,simple_name_prefix3:lau,0.74,1.1,1.0,0.0,0.0
10899,googleplus,laurentbuanec,3,twitter,laurentbuanec,simple_name_prefix3:lau,0.74,1.1,1.0,0.0,0.0
10901,googleplus,laurierohner,3,twitter,laurierohner,simple_name_prefix3:lau,0.74,1.1,1.0,0.0,0.0
10903,instagram,laurindel,3,twitter,laurindel,simple_name_prefix3:lau,0.74,1.1,1.0,0.0,0.0
10904,googleplus,laurirottmayer,3,twitter,laurirottmayer,simple_name_prefix3:lau,0.74,1.1,1.0,0.0,0.0
7480,googleplus,blakehampson,7480,instagram,blakehampson,simple_name_prefix3:bla,0.74,1.1,1.0,0.0,0.0
5561,instagram,lesleylambert,3,twitter,lesleylambert,simple_name_prefix3:les,0.74,1.1,1.0,0.0,0.0
10968,instagram,lesliepasserino,3,twitter,lesliepasserino,simple_name_prefix3:les,0.74,1.1,1.0,0.0,0.0
1040,googleplus,khalifabinhendi,1040,instagram,khalifabinhendi,simple_name_prefix3:kha,0.74,1.1,1.0,0.0,0.0
5456,instagram,kelly4nia,3,twitter,kelly4nia,simple_name_prefix3:kel,0.74,1.1,1.0,0.0,0.0
10626,googleplus,kellyport,10626,instagram,kellyport,simple_name_prefix3:kel,0.74,1.1,1.0,0.0,0.0
14026,instagram,vihfreitas,3,twitter,vihfreitas,simple_name_prefix3:vih,0.74,1.1,1.0,0.0,0.0
10628,googleplus,kellydelay,10628,instagram,kellydelay,simple_name_prefix3:kel,0.74,1.1,1.0,0.0,0.0
14054,instagram,vdmdesign,3,twitter,vdmdesign,simple_name_prefix3:vdm,0.74,1.1,1.0,0.0,0.0
10631,googleplus,kellykampen,10631,instagram,kellykampen,simple_name_prefix3:kel,0.74,1.1,1.0,0.0,0.0
10631,googleplus,kellykampen,3,twitter,kellykampen,simple_name_prefix3:kel,0.74,1.1,1.0,0.0,0.0
10633,googleplus,kellynagaoka,3,twitter,kellynagaoka,simple_name_prefix3:kel,0.74,1.1,1.0,0.0,0.0
10634,googleplus,kellythul,10634,instagram,kellythul,simple_name_prefix3:kel,0.74,1.1,1.0,0.0,0.0
14091,instagram,rmnvlkv,3,twitter,rmnvlkv,simple_name_prefix3:rmn,0.74,1.1,1.0,0.0,0.0
14099,instagram,vtasheva,3,twitter,vtasheva,simple_name_prefix3:vta,0.74,1.1,1.0,0.0,0.0
14102,googleplus,vubui,14102,instagram,vubui,simple_name_prefix3:vub,0.74,1.1,1.0,0.0,0.0
10700,googleplus,khalidaldakheel,10700,instagram,khalidaldakheel,simple_name_prefix3:kha,0.74,1.1,1.0,0.0,0.0
10701,googleplus,khalilalmusaeed,10701,instagram,khalilalmusaeed,simple_name_prefix3:kha,0.74,1.1,1.0,0.0,0.0
10701,googleplus,khalilalmusaeed,3,twitter,khalilalmusaeed,simple_name_prefix3:kha,0.74,1.1,1.0,0.0,0.0
10814,instagram,khannakshitij,3,twitter,khannakshitij,simple_name_prefix3:kha,0.74,1.1,1.0,0.0,0.0
12136,googleplus,nuriamuro,3,twitter,nuriamuro,simple_name_prefix3:nur,0.74,1.1,1.0,0.0,0.0
9336,instagram,groeschl,3,twitter,groeschl,simple_name_prefix3:gro,0.74,1.1,1.0,0.0,0.0
10738,googleplus,kittybradshaw,10738,instagram,kittybradshaw,simple_name_prefix3:kit,0.74,1.1,1.0,0.0,0.0
10636,googleplus,kelseahanks,3,twitter,kelseahanks,simple_name_prefix3:kel,0.74,1.1,1.0,0.0,0.0
10639,googleplus,kelseyivey,10639,instagram,kelseyivey,simple_name_prefix3:kel,0.74,1.1,1.0,0.0,0.0
10639,googleplus,kelseyivey,3,twitter,kelseyivey,simple_name_prefix3:kel,0.74,1.1,1.0,0.0,0.0
14122,instagram,wautierent,3,twitter,wautierent,simple_name_prefix3:wau,0.74,1.1,1.0,0.0,0.0
14123,instagram,wrdunbar,3,twitter,wrdunbar,simple_name_prefix3:wrd,0.74,1.1,1.0,0.0,0.0
1938,googleplus,davesoucy,3,twitter,davesoucy,simple_name_prefix3:dav,0.74,1.1,1.0,0.0,0.0
8720,instagram,awittor,3,twitter,awittor,simple_name_prefix3:awi,0.74,1.1,1.0,0.0,0.0
6889,instagram,a_sablan,3,twitter,a_sablan,simple_name_prefix3:a_s,0.74,1.1,1.0,0.0,0.0
6938,instagram,alruizm,3,twitter,alruizm,simple_name_prefix3:alr,0.74,1.1,1.0,0.0,0.0
1939,googleplus,davevoyles,3,twitter,davevoyles,simple_name_prefix3:dav,0.74,1.1,1.0,0.0,0.0
6966,instagram,mcatoms,3,twitter,mcatoms,simple_name_prefix3:mca,0.74,1.1,1.0,0.0,0.0
1942,googleplus,davidantrobus,3,twitter,davidantrobus,simple_name_prefix3:dav,0.74,1.1,1.0,0.0,0.0
6970,instagram,azdralovic,3,twitter,azdralovic,simple_name_prefix3:azd,0.74,1.1,1.0,0.0,0.0
13753,instagram,aphotoassistant,3,twitter,aphotoassistant,simple_name_prefix3:aph,0.74,1.1,1.0,0.0,0.0
7044,instagram,acmexvii,3,twitter,acmexvii,simple_name_prefix3:acm,0.74,1.1,1.0,0.0,0.0
4750,instagram,davidcorrell,3,twitter,davidcorrell,simple_name_prefix3:dav,0.74,1.1,1.0,0.0,0.0
4752,instagram,davidnguyen,3,twitter,davidnguyen,simple_name_prefix3:dav,0.74,1.1,1.0,0.0,0.0
9450,instagram,hawk8509,3,twitter,hawk8509,simple_name_prefix3:haw,0.74,1.1,1.0,0.0,0.0
4759,instagram,davidperze,3,twitter,davidperze,simple_name_prefix3:dav,0.74,1.1,1.0,0.0,0.0
4760,instagram,davidramirer,3,twitter,davidramirer,simple_name_prefix3:dav,0.74,1.1,1.0,0.0,0.0
10800,googleplus,kristinereese,10800,instagram,kristinereese,simple_name_prefix3:kri,0.74,1.1,1.0,0.0,0.0
4762,instagram,davidtinsc,3,twitter,davidtinsc,simple_name_prefix3:dav,0.74,1.1,1.0,0.0,0.0
7537,instagram,rochebrandon,3,twitter,rochebrandon,simple_name_prefix3:roc,0.74,1.1,1.0,0.0,0.0
5816,instagram,davidcmolina,3,twitter,davidcmolina,simple_name_prefix3:dav,0.74,1.1,1.0,0.0,0.0
8261,googleplus,davedebor,3,twitter,davedebor,simple_name_prefix3:dav,0.74,1.1,1.0,0.0,0.0
12838,instagram,rockstarmomlv,3,twitter,rockstarmomlv,simple_name_prefix3:roc,0.74,1.1,1.0,0.0,0.0
12839,googleplus,rockyvy,12839,instagram,rockyvy,simple_name_prefix3:roc,0.74,1.1,1.0,0.0,0.0
8264,googleplus,davefrost,8264,instagram,davefrost,simple_name_prefix3:dav,0.74,1.1,1.0,0.0,0.0
12084,googleplus,nikcree,12084,instagram,nikcree,simple_name_prefix3:nik,0.74,1.1,1.0,0.0,0.0
12085,instagram,nikishinpro,3,twitter,nikishinpro,simple_name_prefix3:nik,0.74,1.1,1.0,0.0,0.0
10771,instagram,korafotomorgana,3,twitter,korafotomorgana,simple_name_prefix3:kor,0.74,1.1,1.0,0.0,0.0
10774,googleplus,koryklem,10774,instagram,koryklem,simple_name_prefix3:kor,0.74,1.1,1.0,0.0,0.0
10774,googleplus,koryklem,3,twitter,koryklem,simple_name_prefix3:kor,0.74,1.1,1.0,0.0,0.0
10808,instagram,krystalcantu,3,twitter,krystalcantu,simple_name_prefix3:kry,0.74,1.1,1.0,0.0,0.0
10810,instagram,krystyl,3,twitter,krystyl,simple_name_prefix3:kry,0.74,1.1,1.0,0.0,0.0
2850,googleplus,krismaclellan,3,twitter,krismaclellan,simple_name_prefix3:kri,0.74,1.1,1.0,0.0,0.0
2851,googleplus,krispijnbeek,3,twitter,krispijnbeek,simple_name_prefix3:kri,0.74,1.1,1.0,0.0,0.0
2857,googleplus,kristyharding,3,twitter,kristyharding,simple_name_prefix3:kri,0.74,1.1,1.0,0.0,0.0
5500,instagram,kriskayoo,3,twitter,kriskayoo,simple_name_prefix3:kri,0.74,1.1,1.0,0.0,0.0
7897,instagram,kris33390,3,twitter,kris33390,simple_name_prefix3:kri,0.74,1.1,1.0,0.0,0.0
10787,googleplus,krisbradley,10787,instagram,krisbradley,simple_name_prefix3:kri,0.74,1.1,1.0,0.0,0.0
10787,googleplus,krisbradley,3,twitter,krisbradley,simple_name_prefix3:kri,0.74,1.1,1.0,0.0,0.0
10788,googleplus,krishnandusarkar,10788,instagram,krishnandusarkar,simple_name_prefix3:kri,0.74,1.1,1.0,0.0,0.0
8265,googleplus,davidgoodman,8265,instagram,davidgoodman,simple_name_prefix3:dav,0.74,1.1,1.0,0.0,0.0
10790,googleplus,kristendaukas,10790,instagram,kristendaukas,simple_name_prefix3:kri,0.74,1.1,1.0,0.0,0.0
10790,googleplus,kristendaukas,3,twitter,kristendaukas,simple_name_prefix3:kri,0.74,1.1,1.0,0.0,0.0
10795,googleplus,kristilenz,10795,instagram,kristilenz,simple_name_prefix3:kri,0.74,1.1,1.0,0.0,0.0
10828,googleplus,kylechildress,3,twitter,kylechildress,simple_name_prefix3:kyl,0.74,1.1,1.0,0.0,0.0
10829,instagram,kyledempster7,3,twitter,kyledempster7,simple_name_prefix3:kyl,0.74,1.1,1.0,0.0,0.0
10830,instagram,kylesethgray,3,twitter,kylesethgray,simple_name_prefix3:kyl,0.74,1.1,1.0,0.0,0.0
10831,googleplus,kyleharmer,10831,instagram,kyleharmer,simple_name_prefix3:kyl,0.74,1.1,1.0,0.0,0.0
10832,googleplus,kylemadson,10832,instagram,kylemadson,simple_name_prefix3:kyl,0.74,1.1,1.0,0.0,0.0
10832,googleplus,kylemadson,3,twitter,kylemadson,simple_name_prefix3:kyl,0.74,1.1,1.0,0.0,0.0
8266,googleplus,davehaygarth,3,twitter,davehaygarth,simple_name_prefix3:dav,0.74,1.1,1.0,0.0,0.0
8269,googleplus,daveknight,8269,instagram,daveknight,simple_name_prefix3:dav,0.74,1.1,1.0,0.0,0.0
836,googleplus,dadoshapper,836,instagram,dadoshapper,simple_name_prefix3:dad,0.74,1.1,1.0,0.0,0.0
8571,instagram,krystynchong,3,twitter,krystynchong,simple_name_prefix3:kry,0.74,1.1,1.0,0.0,0.0
8269,googleplus,daveknight,3,twitter,daveknight,simple_name_prefix3:dav,0.74,1.1,1.0,0.0,0.0
10808,googleplus,krystalcantu,10808,instagram,krystalcantu,simple_name_prefix3:kry,0.74,1.1,1.0,0.0,0.0
10836,googleplus,kylewiebalk,10836,instagram,kylewiebalk,simple_name_prefix3:kyl,0.74,1.1,1.0,0.0,0.0
10836,googleplus,kylewiebalk,3,twitter,kylewiebalk,simple_name_prefix3:kyl,0.74,1.1,1.0,0.0,0.0
12995,instagram,sam1meta,3,twitter,sam1meta,simple_name_prefix3:sam,0.74,1.1,1.0,0.0,0.0
12996,googleplus,samabuelsamid,12996,instagram,samabuelsamid,simple_name_prefix3:sam,0.74,1.1,1.0,0.0,0.0
8271,instagram,davelabush,3,twitter,davelabush,simple_name_prefix3:dav,0.74,1.1,1.0,0.0,0.0
13002,googleplus,samcrowther,13002,instagram,samcrowther,simple_name_prefix3:sam,0.74,1.1,1.0,0.0,0.0
8272,googleplus,davemalby,3,twitter,davemalby,simple_name_prefix3:dav,0.74,1.1,1.0,0.0,0.0
2868,googleplus,kylesorkness,3,twitter,kylesorkness,simple_name_prefix3:kyl,0.74,1.1,1.0,0.0,0.0
8274,googleplus,davemosher,8274,instagram,davemosher,simple_name_prefix3:dav,0.74,1.1,1.0,0.0,0.0
8277,googleplus,davesag,8277,instagram,davesag,simple_name_prefix3:dav,0.74,1.1,1.0,0.0,0.0
5517,instagram,kylelocket,3,twitter,kylelocket,simple_name_prefix3:kyl,0.74,1.1,1.0,0.0,0.0
10827,googleplus,kyleankney,10827,instagram,kyleankney,simple_name_prefix3:kyl,0.74,1.1,1.0,0.0,0.0
4744,instagram,davidatkinson89,3,twitter,davidatkinson89,simple_name_prefix3:dav,0.74,1.1,1.0,0.0,0.0
6776,instagram,lifeinparadise,3,twitter,lifeinparadise,simple_name_prefix3:lif,0.74,1.1,0.3333333333333333,1.0,0.0
4745,instagram,davidbentor,3,twitter,davidbentor,simple_name_prefix3:dav,0.74,1.1,1.0,0.0,0.0
8300,googleplus,davidemarletta,3,twitter,davidemarletta,simple_name_prefix3:dav,0.74,1.1,1.0,0.0,0.0
6781,instagram,aitoramoros,3,twitter,aitoramoros,simple_name_prefix3:ait,0.74,1.1,1.0,0.0,0.0
6783,googleplus,aivarruukel,6783,instagram,aivarruukel,simple_name_prefix3:aiv,0.74,1.1,1.0,0.0,0.0
6791,instagram,ajuece,3,twitter,ajuece,simple_name_prefix3:aju,0.74,1.1,1.0,0.0,0.0
6792,instagram,ajumariu,3,twitter,ajumariu,simple_name_prefix3:aju,0.74,1.1,1.0,0.0,0.0
8301,googleplus,davidemontanaro,8301,instagram,davidemontanaro,simple_name_prefix3:dav,0.74,1.1,1.0,0.0,0.0
6802,instagram,akkaouim,3,twitter,akkaouim,simple_name_prefix3:akk,0.74,1.1,1.0,0.0,0.0
3,googleplus,kyleoleary,10833,instagram,kyleoleary,simple_name_prefix3:kyl,0.74,1.1,1.0,0.0,0.0
10871,instagram,larrytron,3,twitter,larrytron,simple_name_prefix3:lar,0.74,1.1,1.0,0.0,0.0
8278,googleplus,daveweinberg,8278,instagram,daveweinberg,simple_name_prefix3:dav,0.74,1.1,1.0,0.0,0.0
10873,instagram,larserarts,3,twitter,larserarts,simple_name_prefix3:lar,0.74,1.1,1.0,0.0,0.0
10875,googleplus,larslentz,3,twitter,larslentz,simple_name_prefix3:lar,0.74,1.1,1.0,0.0,0.0
10876,googleplus,larsmeller,10876,instagram,larsmeller,simple_name_prefix3:lar,0.74,1.1,1.0,0.0,0.0
8280,instagram,davidalee,3,twitter,davidalee,simple_name_prefix3:dav,0.74,1.1,1.0,0.0,0.0
8284,googleplus,davidboix,3,twitter,davidboix,simple_name_prefix3:dav,0.74,1.1,1.0,0.0,0.0
13015,googleplus,samuelmartinx,3,twitter,samuelmartinx,simple_name_prefix3:sam,0.74,1.1,1.0,0.0,0.0
13017,instagram,sam_strick,3,twitter,sam_strick,simple_name_prefix3:sam,0.74,1.1,1.0,0.0,0.0
13541,instagram,samvillenave,3,twitter,samvillenave,simple_name_prefix3:sam,0.74,1.1,1.0,0.0,0.0
1059,googleplus,larryconlin,1059,instagram,larryconlin,simple_name_prefix3:lar,0.74,1.1,1.0,0.0,0.0
2883,googleplus,laraeakins,3,twitter,laraeakins,simple_name_prefix3:lar,0.74,1.1,1.0,0.0,0.0
2884,googleplus,larbisamir,3,twitter,larbisamir,simple_name_prefix3:lar,0.74,1.1,1.0,0.0,0.0
8289,googleplus,davidcardonafilms,8289,instagram,davidcardonafilms,simple_name_prefix3:dav,0.74,1.1,1.0,0.0,0.0
8290,googleplus,davidchow,3,twitter,davidchow,simple_name_prefix3:dav,0.74,1.1,1.0,0.0,0.0
10053,instagram,laslank,3,twitter,laslank,simple_name_prefix3:las,0.74,1.1,1.0,0.0,0.0
8315,googleplus,davidlaplante,3,twitter,davidlaplante,simple_name_prefix3:dav,0.74,1.1,1.0,0.0,0.0
5889,instagram,ninofrewat,3,twitter,ninofrewat,simple_name_prefix3:nin,0.74,1.1,1.0,0.0,0.0
8319,googleplus,davidmerinas,8319,instagram,davidmerinas,simple_name_prefix3:dav,0.74,1.1,1.0,0.0,0.0
1293,googleplus,valentmustamin,1293,instagram,valentmustamin,simple_name_prefix3:val,0.74,1.1,1.0,0.0,0.0
8322,instagram,davidneuner,3,twitter,davidneuner,simple_name_prefix3:dav,0.74,1.1,1.0,0.0,0.0
8325,googleplus,davidparmet,8325,instagram,davidparmet,simple_name_prefix3:dav,0.74,1.1,1.0,0.0,0.0
2887,googleplus,larsriis,3,twitter,larsriis,simple_name_prefix3:lar,0.74,1.1,1.0,0.0,0.0
5532,instagram,lararaposo,3,twitter,lararaposo,simple_name_prefix3:lar,0.74,1.1,1.0,0.0,0.0
8325,googleplus,davidparmet,3,twitter,davidparmet,simple_name_prefix3:dav,0.74,1.1,1.0,0.0,0.0
10864,instagram,largman,3,twitter,largman,simple_name_prefix3:lar,0.74,1.1,1.0,0.0,0.0
10865,googleplus,larissabakker,3,twitter,larissabakker,simple_name_prefix3:lar,0.74,1.1,1.0,0.0,0.0
6712,googleplus,aizuddindanian,6712,instagram,aizuddindanian,simple_name_prefix3:aiz,0.74,1.1,1.0,0.0,0.0
6712,googleplus,aizuddindanian,3,twitter,aizuddindanian,simple_name_prefix3:aiz,0.74,1.1,1.0,0.0,0.0
8326,googleplus,davidpepa,8326,instagram,davidpepa,simple_name_prefix3:dav,0.74,1.1,1.0,0.0,0.0
8292,instagram,david_corpuz,3,twitter,david_corpuz,simple_name_prefix3:dav,0.74,1.1,1.0,0.0,0.0
6736,googleplus,adycoles,6736,instagram,adycoles,simple_name_prefix3:ady,0.74,1.1,1.0,0.0,0.0
6736,googleplus,adycoles,3,twitter,adycoles,simple_name_prefix3:ady,0.74,1.1,1.0,0.0,0.0
6739,instagram,aferrandini,3,twitter,aferrandini,simple_name_prefix3:afe,0.74,1.1,1.0,0.0,0.0
8293,googleplus,davidcuen,8293,instagram,davidcuen,simple_name_prefix3:dav,0.74,1.1,1.0,0.0,0.0
8300,googleplus,davidemarletta,8300,instagram,davidemarletta,simple_name_prefix3:dav,0.74,1.1,1.0,0.0,0.0
10879,googleplus,larsros,3,twitter,larsros,simple_name_prefix3:lar,0.74,1.1,1.0,0.0,0.0
10880,googleplus,larsvanmaaren,10880,instagram,larsvanmaaren,simple_name_prefix3:lar,0.74,1.1,1.0,0.0,0.0
13983,googleplus,valmoro,3,twitter,valmoro,simple_name_prefix3:val,0.74,1.1,1.0,0.0,0.0
13984,googleplus,valtergouveia,3,twitter,valtergouveia,simple_name_prefix3:val,0.74,1.1,1.0,0.0,0.0
8327,googleplus,davidpillen,3,twitter,davidpillen,simple_name_prefix3:dav,0.74,1.1,1.0,0.0,0.0
2913,googleplus,leeward777,3,twitter,leeward777,simple_name_prefix3:lee,0.74,1.1,1.0,0.0,0.0
5544,instagram,leelefever,3,twitter,leelefever,simple_name_prefix3:lee,0.74,1.1,1.0,0.0,0.0
5546,instagram,leereidy,3,twitter,leereidy,simple_name_prefix3:lee,0.74,1.1,1.0,0.0,0.0
7831,googleplus,leecherry,7831,instagram,leecherry,simple_name_prefix3:lee,0.74,1.1,1.0,0.0,0.0
10928,googleplus,leegunter,10928,instagram,leegunter,simple_name_prefix3:lee,0.74,1.1,1.0,0.0,0.0
10928,googleplus,leegunter,3,twitter,leegunter,simple_name_prefix3:lee,0.74,1.1,1.0,0.0,0.0
10929,googleplus,leeharmon,10929,instagram,leeharmon,simple_name_prefix3:lee,0.74,1.1,1.0,0.0,0.0
10978,googleplus,lewiswalsh,3,twitter,lewiswalsh,simple_name_prefix3:lew,0.74,1.1,1.0,0.0,0.0
8329,instagram,davidfromkassel,3,twitter,davidfromkassel,simple_name_prefix3:dav,0.74,1.1,1.0,0.0,0.0
8902,instagram,adhiahmad,3,twitter,adhiahmad,simple_name_prefix3:adh,0.74,1.1,1.0,0.0,0.0
8330,googleplus,davidroessli,8330,instagram,davidroessli,simple_name_prefix3:dav,0.74,1.1,1.0,0.0,0.0
8334,googleplus,davidswinney,8334,instagram,davidswinney,simple_name_prefix3:dav,0.74,1.1,1.0,0.0,0.0
8336,instagram,daviduruiz,3,twitter,daviduruiz,simple_name_prefix3:dav,0.74,1.1,1.0,0.0,0.0
10931,googleplus,leehoward,3,twitter,leehoward,simple_name_prefix3:lee,0.74,1.1,1.0,0.0,0.0
10933,instagram,leelyning,3,twitter,leelyning,simple_name_prefix3:lee,0.74,1.1,1.0,0.0,0.0
10934,googleplus,leeoconnorart,10934,instagram,leeoconnorart,simple_name_prefix3:lee,0.74,1.1,1.0,0.0,0.0
8302,googleplus,daviderota,8302,instagram,daviderota,simple_name_prefix3:dav,0.74,1.1,1.0,0.0,0.0
10936,googleplus,leesmallwood,10936,instagram,leesmallwood,simple_name_prefix3:lee,0.74,1.1,1.0,0.0,0.0
10936,googleplus,leesmallwood,3,twitter,leesmallwood,simple_name_prefix3:lee,0.74,1.1,1.0,0.0,0.0
10937,googleplus,leevogler,10937,instagram,leevogler,simple_name_prefix3:lee,0.74,1.1,1.0,0.0,0.0
10937,googleplus,leevogler,3,twitter,leevogler,simple_name_prefix3:lee,0.74,1.1,1.0,0.0,0.0
13979,googleplus,valeriecross,13979,instagram,valeriecross,simple_name_prefix3:val,0.74,1.1,1.0,0.0,0.0
13966,googleplus,utsavmaden,3,twitter,utsavmaden,simple_name_prefix3:uts,0.74,1.1,1.0,0.0,0.0
6684,instagram,leif_pp,3,twitter,leif_pp,simple_name_prefix3:lei,0.74,1.1,1.0,0.0,0.0
10947,instagram,lenfontes,3,twitter,lenfontes,simple_name_prefix3:len,0.74,1.1,1.0,0.0,0.0
10949,googleplus,leninluna,10949,instagram,leninluna,simple_name_prefix3:len,0.74,1.1,1.0,0.0,0.0
13967,instagram,uva_be,3,twitter,uva_be,simple_name_prefix3:uva,0.74,1.1,1.0,0.0,0.0
10950,googleplus,lennoazevedo,10950,instagram,lennoazevedo,simple_name_prefix3:len,0.74,1.1,1.0,0.0,0.0
10950,googleplus,lennoazevedo,3,twitter,lennoazevedo,simple_name_prefix3:len,0.74,1.1,1.0,0.0,0.0
10952,instagram,lenzo_rizzo,3,twitter,lenzo_rizzo,simple_name_prefix3:len,0.74,1.1,1.0,0.0,0.0
4644,instagram,leolodreamland,3,twitter,leolodreamland,simple_name_prefix3:leo,0.74,1.1,1.0,0.0,0.0
5553,instagram,leobejarano,3,twitter,leobejarano,simple_name_prefix3:leo,0.74,1.1,1.0,0.0,0.0
5555,instagram,leonkulik,3,twitter,leonkulik,simple_name_prefix3:leo,0.74,1.1,1.0,0.0,0.0
13973,instagram,xneo1,3,twitter,xneo1,simple_name_prefix3:xne,0.74,1.1,1.0,0.0,0.0
13987,instagram,cucinaecantinab,3,twitter,cucinaecantinab,simple_name_prefix3:cuc,0.74,1.1,1.0,0.0,0.0
14007,googleplus,vballphil,14007,instagram,vballphil,simple_name_prefix3:vba,0.74,1.1,1.0,0.0,0.0
14007,googleplus,vballphil,3,twitter,vballphil,simple_name_prefix3:vba,0.74,1.1,1.0,0.0,0.0
14010,instagram,vbrown3709,3,twitter,vbrown3709,simple_name_prefix3:vbr,0.74,1.1,1.0,0.0,0.0
10953,googleplus,leonardogaliza,10953,instagram,leonardogaliza,simple_name_prefix3:leo,0.74,1.1,1.0,0.0,0.0
14013,googleplus,vedomyr,14013,instagram,vedomyr,simple_name_prefix3:ved,0.74,1.1,1.0,0.0,0.0
10956,googleplus,leonardocarlos,10956,instagram,leonardocarlos,simple_name_prefix3:leo,0.74,1.1,1.0,0.0,0.0
10956,googleplus,leonardocarlos,3,twitter,leonardocarlos,simple_name_prefix3:leo,0.74,1.1,1.0,0.0,0.0
10958,googleplus,leongersing,10958,instagram,leongersing,simple_name_prefix3:leo,0.74,1.1,1.0,0.0,0.0
10959,googleplus,leonidesdelgado,10959,instagram,leonidesdelgado,simple_name_prefix3:leo,0.74,1.1,1.0,0.0,0.0
10960,googleplus,leonovel,10960,instagram,leonovel,simple_name_prefix3:leo,0.74,1.1,1.0,0.0,0.0
8326,googleplus,davidpepa,3,twitter,davidpepa,simple_name_prefix3:dav,0.74,1.1,1.0,0.0,0.0
10961,instagram,leorgrium,3,twitter,leorgrium,simple_name_prefix3:leo,0.74,1.1,1.0,0.0,0.0
11004,googleplus,lindsayfultz,11004,instagram,lindsayfultz,simple_name_prefix3:lin,0.74,1.1,1.0,0.0,0.0
11006,googleplus,lindsaytan,11006,instagram,lindsaytan,simple_name_prefix3:lin,0.74,1.1,1.0,0.0,0.0
11013,googleplus,linzshelton,11013,instagram,linzshelton,simple_name_prefix3:lin,0.74,1.1,1.0,0.0,0.0
8327,googleplus,davidpillen,8327,instagram,davidpillen,simple_name_prefix3:dav,0.74,1.1,1.0,0.0,0.0
3055,googleplus,marcosolivo,3,twitter,marcosolivo,simple_name_prefix3:mar,0.74,1.1,1.0,0.0,0.0
3068,googleplus,mariobucolo,3,twitter,mariobucolo,simple_name_prefix3:mar,0.74,1.1,1.0,0.0,0.0
3071,googleplus,marjoripomarole,3,twitter,marjoripomarole,simple_name_prefix3:mar,0.74,1.1,1.0,0.0,0.0
5564,instagram,letsgochipper,3,twitter,letsgochipper,simple_name_prefix3:let,0.74,1.1,1.0,0.0,0.0
10969,instagram,let5ch,3,twitter,let5ch,simple_name_prefix3:let,0.74,1.1,1.0,0.0,0.0
3073,googleplus,markfreedman,3,twitter,markfreedman,simple_name_prefix3:mar,0.74,1.1,1.0,0.0,0.0
10983,googleplus,liannefarbes,3,twitter,liannefarbes,simple_name_prefix3:lia,0.74,1.1,1.0,0.0,0.0
8311,instagram,libertyhous,3,twitter,libertyhous,simple_name_prefix3:lib,0.74,1.1,1.0,0.0,0.0
6047,instagram,lickawar,3,twitter,lickawar,simple_name_prefix3:lic,0.74,1.1,1.0,0.0,0.0
7376,googleplus,beauryan,7376,instagram,beauryan,simple_name_prefix3:bea,0.74,1.1,1.0,0.0,0.0
8342,googleplus,davidyancey,8342,instagram,davidyancey,simple_name_prefix3:dav,0.74,1.1,1.0,0.0,0.0
8342,googleplus,davidyancey,3,twitter,davidyancey,simple_name_prefix3:dav,0.74,1.1,1.0,0.0,0.0
1078,googleplus,lorrainedaum,1078,instagram,lorrainedaum,simple_name_prefix3:lor,0.74,1.1,1.0,0.0,0.0
2960,googleplus,lordmhor,3,twitter,lordmhor,simple_name_prefix3:lor,0.74,1.1,1.0,0.0,0.0
5572,instagram,limmidy,3,twitter,limmidy,simple_name_prefix3:lim,0.74,1.1,1.0,0.0,0.0
2936,googleplus,linaceballos,3,twitter,linaceballos,simple_name_prefix3:lin,0.74,1.1,1.0,0.0,0.0
5574,instagram,linacaschetto,3,twitter,linacaschetto,simple_name_prefix3:lin,0.74,1.1,1.0,0.0,0.0
5576,instagram,lindseyminerva,3,twitter,lindseyminerva,simple_name_prefix3:lin,0.74,1.1,1.0,0.0,0.0
5577,instagram,linehk,3,twitter,linehk,simple_name_prefix3:lin,0.74,1.1,1.0,0.0,0.0
11002,googleplus,lindapierre,11002,instagram,lindapierre,simple_name_prefix3:lin,0.74,1.1,1.0,0.0,0.0
11002,googleplus,lindapierre,3,twitter,lindapierre,simple_name_prefix3:lin,0.74,1.1,1.0,0.0,0.0
11068,googleplus,lorenzocaiazzo,3,twitter,lorenzocaiazzo,simple_name_prefix3:lor,0.74,1.1,1.0,0.0,0.0
11069,googleplus,lorenzozanirato,11069,instagram,lorenzozanirato,simple_name_prefix3:lor,0.74,1.1,1.0,0.0,0.0
8438,instagram,davegerhart,3,twitter,davegerhart,simple_name_prefix3:dav,0.74,1.1,1.0,0.0,0.0
11070,googleplus,lorielberg,3,twitter,lorielberg,simple_name_prefix3:lor,0.74,1.1,1.0,0.0,0.0
11071,googleplus,loriemarrero,11071,instagram,loriemarrero,simple_name_prefix3:lor,0.74,1.1,1.0,0.0,0.0
11072,googleplus,loriruff,3,twitter,loriruff,simple_name_prefix3:lor,0.74,1.1,1.0,0.0,0.0
2966,googleplus,louissokol,3,twitter,louissokol,simple_name_prefix3:lou,0.74,1.1,1.0,0.0,0.0
11079,googleplus,louisabate,11079,instagram,louisabate,simple_name_prefix3:lou,0.74,1.1,1.0,0.0,0.0
8496,googleplus,davidduncan,8496,instagram,davidduncan,simple_name_prefix3:dav,0.74,1.1,1.0,0.0,0.0
427,googleplus,marksilva,427,instagram,marksilva,simple_name_prefix3:mar,0.74,1.1,1.0,0.0,0.0
13964,instagram,usuyu,3,twitter,usuyu,simple_name_prefix3:usu,0.74,1.1,1.0,0.0,0.0
13966,googleplus,utsavmaden,13966,instagram,utsavmaden,simple_name_prefix3:uts,0.74,1.1,1.0,0.0,0.0
5649,instagram,marcolorenzi,3,twitter,marcolorenzi,simple_name_prefix3:mar,0.74,1.1,1.0,0.0,0.0
7375,googleplus,beauraines,3,twitter,beauraines,simple_name_prefix3:bea,0.74,1.1,1.0,0.0,0.0
9236,googleplus,ginaalfeiran,3,twitter,ginaalfeiran,simple_name_prefix3:gin,0.74,1.1,1.0,0.0,0.0
6647,instagram,aajain,3,twitter,aajain,simple_name_prefix3:aaj,0.74,1.1,1.0,0.0,0.0
5652,instagram,marquitosduran,3,twitter,marquitosduran,simple_name_prefix3:mar,0.74,1.1,1.0,0.0,0.0
5668,instagram,marketurner,3,twitter,marketurner,simple_name_prefix3:mar,0.74,1.1,1.0,0.0,0.0
6680,instagram,absolutraia,3,twitter,absolutraia,simple_name_prefix3:abs,0.74,1.1,1.0,0.0,0.0
5670,instagram,mark_yy_mark,3,twitter,mark_yy_mark,simple_name_prefix3:mar,0.74,1.1,1.0,0.0,0.0
1096,googleplus,markellam,1096,instagram,markellam,simple_name_prefix3:mar,0.74,1.1,1.0,0.0,0.0
1098,googleplus,martinmeister,1098,instagram,martinmeister,simple_name_prefix3:mar,0.74,1.1,1.0,0.0,0.0
3040,googleplus,marcalves,3,twitter,marcalves,simple_name_prefix3:mar,0.74,1.1,1.0,0.0,0.0
10976,googleplus,lewisjordon,10976,instagram,lewisjordon,simple_name_prefix3:lew,0.74,1.1,1.0,0.0,0.0
10976,googleplus,lewisjordon,3,twitter,lewisjordon,simple_name_prefix3:lew,0.74,1.1,1.0,0.0,0.0
3042,googleplus,marceljepson,3,twitter,marceljepson,simple_name_prefix3:mar,0.74,1.1,1.0,0.0,0.0
3046,googleplus,marcijames,3,twitter,marcijames,simple_name_prefix3:mar,0.74,1.1,1.0,0.0,0.0
3050,googleplus,marcodeantoni,3,twitter,marcodeantoni,simple_name_prefix3:mar,0.74,1.1,1.0,0.0,0.0
11068,googleplus,lorenzocaiazzo,11068,instagram,lorenzocaiazzo,simple_name_prefix3:lor,0.74,1.1,1.0,0.0,0.0
5599,instagram,lucacicca,3,twitter,lucacicca,simple_name_prefix3:luc,0.74,1.1,1.0,0.0,0.0
3054,googleplus,marcosgazzana,3,twitter,marcosgazzana,simple_name_prefix3:mar,0.74,1.1,1.0,0.0,0.0
5603,instagram,lucgaloppin,3,twitter,lucgaloppin,simple_name_prefix3:luc,0.74,1.1,1.0,0.0,0.0
11101,googleplus,lucabecattini,11101,instagram,lucabecattini,simple_name_prefix3:luc,0.74,1.1,1.0,0.0,0.0
11101,googleplus,lucabecattini,3,twitter,lucabecattini,simple_name_prefix3:luc,0.74,1.1,1.0,0.0,0.0
11081,instagram,louisp56,3,twitter,louisp56,simple_name_prefix3:lou,0.74,1.1,1.0,0.0,0.0
13800,instagram,tbfswakko,3,twitter,tbfswakko,simple_name_prefix3:tbf,0.74,1.1,1.0,0.0,0.0
11083,googleplus,louistrapani,11083,instagram,louistrapani,simple_name_prefix3:lou,0.74,1.1,1.0,0.0,0.0
13814,instagram,wtmaynor,3,twitter,wtmaynor,simple_name_prefix3:wtm,0.74,1.1,1.0,0.0,0.0
13890,instagram,uitco,3,twitter,uitco,simple_name_prefix3:uit,0.74,1.1,1.0,0.0,0.0
13918,instagram,tuxotaku,3,twitter,tuxotaku,simple_name_prefix3:tux,0.74,1.1,1.0,0.0,0.0
13945,instagram,uk01speed,3,twitter,uk01speed,simple_name_prefix3:uk0,0.74,1.1,0.3333333333333333,1.0,0.0
11086,instagram,loveletslive7,3,twitter,loveletslive7,simple_name_prefix3:lov,0.74,1.1,1.0,0.0,0.0
3092,googleplus,martinkrammer,3,twitter,martinkrammer,simple_name_prefix3:mar,0.74,1.1,1.0,0.0,0.0
9175,googleplus,ginadunn,9175,instagram,ginadunn,simple_name_prefix3:gin,0.74,1.1,1.0,0.0,0.0
3098,googleplus,marwamorgan,3,twitter,marwamorgan,simple_name_prefix3:mar,0.74,1.1,1.0,0.0,0.0
11106,instagram,lucas13lab,3,twitter,lucas13lab,simple_name_prefix3:luc,0.74,1.1,1.0,0.0,0.0
11107,googleplus,lucasamura,11107,instagram,lucasamura,simple_name_prefix3:luc,0.74,1.1,1.0,0.0,0.0
3101,googleplus,marygallagher,3,twitter,marygallagher,simple_name_prefix3:mar,0.74,1.1,1.0,0.0,0.0
3983,googleplus,mariothiel,3,twitter,mariothiel,simple_name_prefix3:mar,0.74,1.1,1.0,0.0,0.0
5684,instagram,martinpronk,3,twitter,martinpronk,simple_name_prefix3:mar,0.74,1.1,1.0,0.0,0.0
11112,googleplus,lucasilva,11112,instagram,lucasilva,simple_name_prefix3:luc,0.74,1.1,1.0,0.0,0.0
9237,googleplus,ginarubel,9237,instagram,ginarubel,simple_name_prefix3:gin,0.74,1.1,1.0,0.0,0.0
8394,googleplus,mariceladelrio,3,twitter,mariceladelrio,simple_name_prefix3:mar,0.74,1.1,1.0,0.0,0.0
9238,googleplus,ginaschreck,9238,instagram,ginaschreck,simple_name_prefix3:gin,0.74,1.1,1.0,0.0,0.0
8500,googleplus,markleeuk,3,twitter,markleeuk,simple_name_prefix3:mar,0.74,1.1,1.0,0.0,0.0
9240,instagram,ginecita,3,twitter,ginecita,simple_name_prefix3:gin,0.74,1.1,1.0,0.0,0.0
11098,instagram,luanfr,3,twitter,luanfr,simple_name_prefix3:lua,0.74,1.1,1.0,0.0,0.0
2978,googleplus,luckyhipolito,3,twitter,luckyhipolito,simple_name_prefix3:luc,0.74,1.1,1.0,0.0,0.0
8561,googleplus,martindower,8561,instagram,martindower,simple_name_prefix3:mar,0.74,1.1,1.0,0.0,0.0
6608,instagram,yilmazbaris,3,twitter,yilmazbaris,simple_name_prefix3:yil,0.74,1.1,1.0,0.0,0.0
8668,googleplus,markuseichler,8668,instagram,markuseichler,simple_name_prefix3:mar,0.74,1.1,1.0,0.0,0.0
11243,googleplus,marabrans,11243,instagram,marabrans,simple_name_prefix3:mar,0.74,1.1,1.0,0.0,0.0
13774,instagram,tjsonofander,3,twitter,tjsonofander,simple_name_prefix3:tjs,0.74,1.1,1.0,0.0,0.0
14272,instagram,yogitastic,3,twitter,yogitastic,simple_name_prefix3:yog,0.74,1.1,1.0,0.0,0.0
6618,instagram,0oyukao0,3,twitter,0oyukao0,simple_name_prefix3:0oy,0.74,1.1,1.0,0.0,0.0
14307,instagram,tkd_hayden,3,twitter,tkd_hayden,simple_name_prefix3:tkd,0.74,1.1,1.0,0.0,0.0
6630,instagram,zamn,3,twitter,zamn,simple_name_prefix3:zam,0.74,1.1,1.0,0.0,0.0
6641,instagram,zubir2k,3,twitter,zubir2k,simple_name_prefix3:zub,0.74,1.1,1.0,0.0,0.0
6642,instagram,zzarbi,3,twitter,zzarbi,simple_name_prefix3:zza,0.74,1.1,1.0,0.0,0.0
13780,instagram,tlindorfer,3,twitter,tlindorfer,simple_name_prefix3:tli,0.74,1.1,1.0,0.0,0.0
11102,googleplus,lucabove,11102,instagram,lucabove,simple_name_prefix3:luc,0.74,1.1,1.0,0.0,0.0
11127,instagram,luigidr,3,twitter,luigidr,simple_name_prefix3:lui,0.74,1.1,1.0,0.0,0.0
11247,instagram,marccloutier89,3,twitter,marccloutier89,simple_name_prefix3:mar,0.74,1.1,1.0,0.0,0.0
11248,googleplus,marccruz,11248,instagram,marccruz,simple_name_prefix3:mar,0.74,1.1,1.0,0.0,0.0
11248,googleplus,marccruz,3,twitter,marccruz,simple_name_prefix3:mar,0.74,1.1,1.0,0.0,0.0
11116,googleplus,luchobugallo,11116,instagram,luchobugallo,simple_name_prefix3:luc,0.74,1.1,1.0,0.0,0.0
11117,googleplus,luchollanca,3,twitter,luchollanca,simple_name_prefix3:luc,0.74,1.1,1.0,0.0,0.0
11118,googleplus,lucianosalles,11118,instagram,lucianosalles,simple_name_prefix3:luc,0.74,1.1,1.0,0.0,0.0
11249,instagram,marcriudoms,3,twitter,marcriudoms,simple_name_prefix3:mar,0.74,1.1,1.0,0.0,0.0
11119,instagram,lucia_fl,3,twitter,luci_fernandez,simple_name_prefix3:luc,0.74,0.6,1.0,1.0,0.0
11120,googleplus,lucioscarpa,11120,instagram,lucioscarpa,simple_name_prefix3:luc,0.74,1.1,1.0,0.0,0.0
11122,googleplus,luclegay,11122,instagram,luclegay,simple_name_prefix3:luc,0.74,1.1,1.0,0.0,0.0
11250,googleplus,marceldarvas,11250,instagram,marceldarvas,simple_name_prefix3:mar,0.74,1.1,1.0,0.0,0.0
11173,instagram,macchimatteo,3,twitter,macchimatteo,simple_name_prefix3:mac,0.74,1.1,1.0,0.0,0.0
11175,instagram,macenzo,3,twitter,macenzo,simple_name_prefix3:mac,0.74,1.1,1.0,0.0,0.0
11177,instagram,mack005,3,twitter,mack005,simple_name_prefix3:mac,0.74,1.1,1.0,0.0,0.0
11253,googleplus,marcelotalassuh,3,twitter,marcelotalassuh,simple_name_prefix3:mar,0.74,1.1,1.0,0.0,0.0
11257,googleplus,marcialeeder,11257,instagram,marcialeeder,simple_name_prefix3:mar,0.74,1.1,1.0,0.0,0.0
11124,googleplus,lucymackay,3,twitter,lucymackay,simple_name_prefix3:luc,0.74,1.1,1.0,0.0,0.0
12957,instagram,lucia316,3,twitter,lucia316,simple_name_prefix3:luc,0.74,1.1,1.0,0.0,0.0
2980,googleplus,ludoviclandry,3,twitter,ludoviclandry,simple_name_prefix3:lud,0.74,1.1,1.0,0.0,0.0
7487,googleplus,ludwigederle,7487,instagram,ludwigederle,simple_name_prefix3:lud,0.74,1.1,1.0,0.0,0.0
5676,instagram,marleysmom,3,twitter,marleysmom,simple_name_prefix3:mar,0.74,1.1,1.0,0.0,0.0
11284,googleplus,marcvatic,3,twitter,marcvatic,simple_name_prefix3:mar,0.74,1.1,1.0,0.0,0.0
11126,googleplus,luigibusti,11126,instagram,luigibusti,simple_name_prefix3:lui,0.74,1.1,1.0,0.0,0.0
11126,googleplus,luigibusti,3,twitter,luigibusti,simple_name_prefix3:lui,0.74,1.1,1.0,0.0,0.0
5631,instagram,magdajuache,3,twitter,magdajuache,simple_name_prefix3:mag,0.74,1.1,1.0,0.0,0.0
11262,googleplus,marcocerrone,11262,instagram,marcocerrone,simple_name_prefix3:mar,0.74,1.1,1.0,0.0,0.0
11192,instagram,magjov,3,twitter,magjov,simple_name_prefix3:mag,0.74,1.1,1.0,0.0,0.0
11193,googleplus,mageetrojans,11193,instagram,mageetrojans,simple_name_prefix3:mag,0.74,1.1,1.0,0.0,0.0
11264,googleplus,marcogomes,11264,instagram,marcogomes,simple_name_prefix3:mar,0.74,1.1,1.0,0.0,0.0
11132,googleplus,luisdeseta,11132,instagram,luisdeseta,simple_name_prefix3:lui,0.74,1.1,1.0,0.0,0.0
11265,googleplus,marcolodovichi,11265,instagram,marcolodovichi,simple_name_prefix3:mar,0.74,1.1,1.0,0.0,0.0
11144,instagram,luizvinicius73,3,twitter,luizvinicius73,simple_name_prefix3:lui,0.74,1.1,1.0,0.0,0.0
12480,instagram,playequalspeace,3,twitter,playequalspeace,simple_name_prefix3:pla,0.74,1.1,1.0,0.0,0.0
3008,googleplus,mackreed,3,twitter,mackreed,simple_name_prefix3:mac,0.74,1.1,1.0,0.0,0.0
5624,instagram,macgeekgrl,3,twitter,macgeekgrl,simple_name_prefix3:mac,0.74,1.1,1.0,0.0,0.0
5626,instagram,maczter,3,twitter,maczter,simple_name_prefix3:mac,0.74,1.1,1.0,0.0,0.0
11266,googleplus,marcorigobelli,11266,instagram,marcorigobelli,simple_name_prefix3:mar,0.74,1.1,1.0,0.0,0.0
11273,googleplus,marcosgeremias,11273,instagram,marcosgeremias,simple_name_prefix3:mar,0.74,1.1,1.0,0.0,0.0
5756,instagram,silbatron,3,twitter,silbatron,simple_name_prefix3:sil,0.74,1.1,1.0,0.0,0.0
11276,googleplus,marcovignaroli,3,twitter,marcovignaroli,simple_name_prefix3:mar,0.74,1.1,1.0,0.0,0.0
13273,googleplus,silviabarroso,13273,instagram,silviabarroso,simple_name_prefix3:sil,0.74,1.1,1.0,0.0,0.0
11246,googleplus,marcalaninnes,3,twitter,marcalaninnes,simple_name_prefix3:mar,0.74,1.1,1.0,0.0,0.0
13274,instagram,silviously,3,twitter,silviously,simple_name_prefix3:sil,0.74,1.1,1.0,0.0,0.0
13277,instagram,silviarossig,3,twitter,silviarossig,simple_name_prefix3:sil,0.74,1.1,1.0,0.0,0.0
11178,instagram,macnolo,3,twitter,macnolo,simple_name_prefix3:mac,0.74,1.1,1.0,0.0,0.0
11293,googleplus,mariakarpenko,11293,instagram,mariakarpenko,simple_name_prefix3:mar,0.74,1.1,1.0,0.0,0.0
11293,googleplus,mariakarpenko,3,twitter,mariakarpenko,simple_name_prefix3:mar,0.74,1.1,1.0,0.0,0.0
11183,googleplus,maddalenafaedo,3,twitter,maddalenafaedo,simple_name_prefix3:mad,0.74,1.1,1.0,0.0,0.0
11294,googleplus,marialy,11294,instagram,marialy,simple_name_prefix3:mar,0.74,1.1,1.0,0.0,0.0
11294,googleplus,marialy,3,twitter,marialy,simple_name_prefix3:mar,0.74,1.1,1.0,0.0,0.0
6537,instagram,v_ax,3,twitter,v_ax,simple_name_prefix3:v_a,0.74,1.1,1.0,0.0,0.0
6545,instagram,vlbarreira,3,twitter,vlbarreira,simple_name_prefix3:vlb,0.74,1.1,1.0,0.0,0.0
11297,googleplus,mariamonegro,11297,instagram,mariamonegro,simple_name_prefix3:mar,0.74,1.1,1.0,0.0,0.0
11300,googleplus,mariannamarcucci,11300,instagram,mariannamarcucci,simple_name_prefix3:mar,0.74,1.1,1.0,0.0,0.0
6589,instagram,wubbahed,3,twitter,wubbahed,simple_name_prefix3:wub,0.74,1.1,1.0,0.0,0.0
6590,instagram,ww898,3,twitter,ww898,simple_name_prefix3:ww8,0.74,1.1,1.0,0.0,0.0
6592,instagram,x3dgime,3,twitter,x3dgime,simple_name_prefix3:x3d,0.74,1.1,1.0,0.0,0.0
6593,instagram,xana_abreu,3,twitter,xana_abreu,simple_name_prefix3:xan,0.74,1.1,1.0,0.0,0.0
14218,googleplus,xandergamble,14218,instagram,xandergamble,simple_name_prefix3:xan,0.74,1.1,1.0,0.0,0.0
14218,googleplus,xandergamble,3,twitter,xandergamble,simple_name_prefix3:xan,0.74,1.1,1.0,0.0,0.0
6595,instagram,xarcex,3,twitter,xarcex,simple_name_prefix3:xar,0.74,1.1,1.0,0.0,0.0
6600,instagram,xkitamura,3,twitter,xkitamura,simple_name_prefix3:xki,0.74,1.1,1.0,0.0,0.0
11279,instagram,marc_sauerwald,3,twitter,marc_sauerwald,simple_name_prefix3:mar,0.74,1.1,1.0,0.0,0.0
13278,googleplus,silviasirotich,13278,instagram,silviasirotich,simple_name_prefix3:sil,0.74,1.1,1.0,0.0,0.0
14279,instagram,silvadori,3,twitter,silvadori,simple_name_prefix3:sil,0.74,1.1,1.0,0.0,0.0
11199,googleplus,mahmoudhamamou,11199,instagram,mahmoudhamamou,simple_name_prefix3:mah,0.74,1.1,1.0,0.0,0.0
11282,googleplus,marcusmeisel,11282,instagram,marcusmeisel,simple_name_prefix3:mar,0.74,1.1,1.0,0.0,0.0
14087,instagram,mahnunchik,3,twitter,mahnunchik,simple_name_prefix3:mah,0.74,1.1,1.0,0.0,0.0
12632,instagram,rauldiaz,3,twitter,rauldiaz,simple_name_prefix3:rau,0.74,1.1,0.3333333333333333,1.0,0.0
11283,googleplus,marcusnelson,11283,instagram,marcusnelson,simple_name_prefix3:mar,0.74,1.1,1.0,0.0,0.0
11283,googleplus,marcusnelson,3,twitter,marcusnelson,simple_name_prefix3:mar,0.74,1.1,1.0,0.0,0.0
3023,googleplus,malcolmbrooks,3,twitter,malcolmbrooks,simple_name_prefix3:mal,0.74,1.1,1.0,0.0,0.0
11207,instagram,malbarda,3,twitter,malbarda,simple_name_prefix3:mal,0.74,1.1,1.0,0.0,0.0
11284,googleplus,marcvatic,11284,instagram,marcvatic,simple_name_prefix3:mar,0.74,1.1,1.0,0.0,0.0
6535,instagram,violetdevine,3,twitter,violetdevine,simple_name_prefix3:vio,0.74,1.1,1.0,0.0,0.0
11306,googleplus,maribelcastilla,11306,instagram,maribelcastilla,simple_name_prefix3:mar,0.74,1.1,1.0,0.0,0.0
11306,googleplus,maribelcastilla,3,twitter,maribelcastilla,simple_name_prefix3:mar,0.74,1.1,1.0,0.0,0.0
5733,instagram,melhadtea,3,twitter,melhadtea,simple_name_prefix3:mel,0.74,1.1,1.0,0.0,0.0
11210,googleplus,malibumuffie,11210,instagram,malibumuffie,simple_name_prefix3:mal,0.74,1.1,1.0,0.0,0.0
11210,googleplus,malibumuffie,3,twitter,malibumuffie,simple_name_prefix3:mal,0.74,1.1,1.0,0.0,0.0
11212,instagram,malukorj,3,twitter,malukorj,simple_name_prefix3:mal,0.74,1.1,1.0,0.0,0.0
3030,googleplus,mandyhowerton,3,twitter,mandyhowerton,simple_name_prefix3:man,0.74,1.1,1.0,0.0,0.0
3032,googleplus,mandyplugge,3,twitter,mandyplugge,simple_name_prefix3:man,0.74,1.1,1.0,0.0,0.0
11311,googleplus,marioalvarezch,11311,instagram,marioalvarezch,simple_name_prefix3:mar,0.74,1.1,1.0,0.0,0.0
11312,googleplus,marioanima,3,twitter,marioanima,simple_name_prefix3:mar,0.74,1.1,1.0,0.0,0.0
11313,googleplus,mariogiancini,11313,instagram,mariogiancini,simple_name_prefix3:mar,0.74,1.1,1.0,0.0,0.0
11217,instagram,manan19,3,twitter,manan19,simple_name_prefix3:man,0.74,1.1,1.0,0.0,0.0
11292,googleplus,mariahhumphries,11292,instagram,mariahhumphries,simple_name_prefix3:mar,0.74,1.1,1.0,0.0,0.0
11220,googleplus,manelzaera,11220,instagram,manelzaera,simple_name_prefix3:man,0.74,1.1,1.0,0.0,0.0
11568,googleplus,melissabalsan,3,twitter,melissabalsan,simple_name_prefix3:mel,0.74,1.1,1.0,0.0,0.0
11571,googleplus,melissademata,11571,instagram,melissademata,simple_name_prefix3:mel,0.74,1.1,1.0,0.0,0.0
11571,googleplus,melissademata,3,twitter,melissademata,simple_name_prefix3:mel,0.74,1.1,1.0,0.0,0.0
11221,googleplus,manfredalbrecht,11221,instagram,manfredalbrecht,simple_name_prefix3:man,0.74,1.1,1.0,0.0,0.0
11221,googleplus,manfredalbrecht,3,twitter,manfredalbrecht,simple_name_prefix3:man,0.74,1.1,1.0,0.0,0.0
11223,instagram,mangky,3,twitter,mangky,simple_name_prefix3:man,0.74,1.1,1.0,0.0,0.0
13564,instagram,taeff,3,twitter,taeff,simple_name_prefix3:tae,0.74,1.1,1.0,0.0,0.0
13613,instagram,teboxscl,3,twitter,teboxscl,simple_name_prefix3:teb,0.74,1.1,1.0,0.0,0.0
13642,instagram,tfster,3,twitter,tfster,simple_name_prefix3:tfs,0.74,1.1,1.0,0.0,0.0
11236,googleplus,manuelaruiz,3,twitter,manuelaruiz,simple_name_prefix3:man,0.74,1.1,1.0,0.0,0.0
11237,googleplus,manuelcarranco,3,twitter,manuelcarranco,simple_name_prefix3:man,0.74,1.1,1.0,0.0,0.0
13644,instagram,tnclive,3,twitter,tnclive,simple_name_prefix3:tnc,0.74,1.1,1.0,0.0,0.0
13715,instagram,tp_da,3,twitter,tp_da,simple_name_prefix3:tp_,0.74,1.1,1.0,0.0,0.0
11302,googleplus,mariannehope,11302,instagram,mariannehope,simple_name_prefix3:mar,0.74,1.1,1.0,0.0,0.0
11304,instagram,marsanfilippo,3,twitter,marsanfilippo,simple_name_prefix3:mar,0.74,1.1,1.0,0.0,0.0
6161,instagram,bluehaus,3,twitter,bluehaus,simple_name_prefix3:blu,0.74,1.1,1.0,0.0,0.0
7488,instagram,bluechameleon,3,twitter,bluechameleon,simple_name_prefix3:blu,0.74,1.1,1.0,0.0,0.0
11315,googleplus,mariolozada,3,twitter,mariolozada,simple_name_prefix3:mar,0.74,1.1,1.0,0.0,0.0
3113,googleplus,matspalmgren,3,twitter,matspalmgren,simple_name_prefix3:mat,0.74,1.1,1.0,0.0,0.0
3117,googleplus,mattshalvatis,3,twitter,mattshalvatis,simple_name_prefix3:mat,0.74,1.1,1.0,0.0,0.0
5737,instagram,mellebos,3,twitter,mellebos,simple_name_prefix3:mel,0.74,1.1,1.0,0.0,0.0
11561,instagram,melaayu,3,twitter,melaayu,simple_name_prefix3:mel,0.74,1.1,1.0,0.0,0.0
11565,googleplus,melanieschram,11565,instagram,melanieschram,simple_name_prefix3:mel,0.74,1.1,1.0,0.0,0.0
11567,instagram,melmoses,3,twitter,melmoses,simple_name_prefix3:mel,0.74,1.1,1.0,0.0,0.0
11568,googleplus,melissabalsan,11568,instagram,melissabalsan,simple_name_prefix3:mel,0.74,1.1,1.0,0.0,0.0
11317,googleplus,marionaaragay,11317,instagram,marionaaragay,simple_name_prefix3:mar,0.74,1.1,1.0,0.0,0.0
11319,instagram,mario_ochoa,3,twitter,mario_ochoa,simple_name_prefix3:mar,0.74,1.1,1.0,0.0,0.0
11320,googleplus,marioschumacher,11320,instagram,marioschumacher,simple_name_prefix3:mar,0.74,1.1,1.0,0.0,0.0
6491,instagram,ulfklose,3,twitter,ulfklose,simple_name_prefix3:ulf,0.74,1.1,1.0,0.0,0.0
6492,instagram,ulrich_genisson,3,twitter,ulrich_genisson,simple_name_prefix3:ulr,0.74,1.1,1.0,0.0,0.0
11325,instagram,marisa_sabatini,3,twitter,marisa_sabatini,simple_name_prefix3:mar,0.74,1.1,1.0,0.0,0.0
11327,instagram,marizhughes,3,twitter,marizhughes,simple_name_prefix3:mar,0.74,1.1,1.0,0.0,0.0
13544,instagram,swburdine,3,twitter,swburdine,simple_name_prefix3:swb,0.74,1.1,1.0,0.0,0.0
11330,googleplus,mariuscucuruz,11330,instagram,mariuscucuruz,simple_name_prefix3:mar,0.74,1.1,1.0,0.0,0.0
11332,googleplus,markandrade,11332,instagram,markandrade,simple_name_prefix3:mar,0.74,1.1,1.0,0.0,0.0
14005,instagram,vasvalch,3,twitter,vasvalch,simple_name_prefix3:vas,0.74,1.1,1.0,0.0,0.0
6512,instagram,vaughanj,3,twitter,vaughanj,simple_name_prefix3:vau,0.74,1.1,1.0,0.0,0.0
11580,googleplus,melodythacker,3,twitter,melodythacker,simple_name_prefix3:mel,0.74,1.1,1.0,0.0,0.0
11333,googleplus,markarayner,11333,instagram,markarayner,simple_name_prefix3:mar,0.74,1.1,1.0,0.0,0.0
3121,googleplus,matthewbrush,3,twitter,matthewbrush,simple_name_prefix3:mat,0.74,1.1,1.0,0.0,0.0
3124,googleplus,matthewdeets,3,twitter,matthewdeets,simple_name_prefix3:mat,0.74,1.1,1.0,0.0,0.0
3129,googleplus,matthewstephens,3,twitter,matthewstephens,simple_name_prefix3:mat,0.74,1.1,1.0,0.0,0.0
3131,googleplus,matthieuhoule,3,twitter,matthieuhoule,simple_name_prefix3:mat,0.74,1.1,1.0,0.0,0.0
3132,googleplus,matthill,3,twitter,matthill,simple_name_prefix3:mat,0.74,1.1,1.0,0.0,0.0
3137,googleplus,mattnoonan,3,twitter,mattnoonan,simple_name_prefix3:mat,0.74,1.1,1.0,0.0,0.0
11337,googleplus,markborkowski,11337,instagram,markborkowski,simple_name_prefix3:mar,0.74,1.1,1.0,0.0,0.0
11338,googleplus,markbusse,11338,instagram,markbusse,simple_name_prefix3:mar,0.74,1.1,1.0,0.0,0.0
5698,instagram,mattdoucette,3,twitter,mattdoucette,simple_name_prefix3:mat,0.74,1.1,1.0,0.0,0.0
11338,googleplus,markbusse,3,twitter,markbusse,simple_name_prefix3:mar,0.74,1.1,1.0,0.0,0.0
11340,googleplus,markcastator,11340,instagram,markcastator,simple_name_prefix3:mar,0.74,1.1,1.0,0.0,0.0
11341,googleplus,markchih,11341,instagram,markchih,simple_name_prefix3:mar,0.74,1.1,1.0,0.0,0.0
6445,instagram,re3ecca,3,twitter,re3ecca,simple_name_prefix3:re3,0.74,1.1,1.0,0.0,0.0
6450,instagram,tsetianto,3,twitter,tsetianto,simple_name_prefix3:tse,0.74,1.1,1.0,0.0,0.0
11452,googleplus,mattdanzico,11452,instagram,mattdanzico,simple_name_prefix3:mat,0.74,1.1,1.0,0.0,0.0
11454,instagram,matteoa,3,twitter,matteoa,simple_name_prefix3:mat,0.74,1.1,1.0,0.0,0.0
10858,googleplus,matheuslaneri,10858,instagram,matheuslaneri,simple_name_prefix3:mat,0.74,1.1,1.0,0.0,0.0
11435,googleplus,mathewbosher,11435,instagram,mathewbosher,simple_name_prefix3:mat,0.74,1.1,1.0,0.0,0.0
11435,googleplus,mathewbosher,3,twitter,mathewbosher,simple_name_prefix3:mat,0.74,1.1,1.0,0.0,0.0
11436,googleplus,mathiasmaul,11436,instagram,mathiasmaul,simple_name_prefix3:mat,0.74,1.1,1.0,0.0,0.0
11436,googleplus,mathiasmaul,3,twitter,mathiasmaul,simple_name_prefix3:mat,0.74,1.1,1.0,0.0,0.0
11438,instagram,matisidro,3,twitter,matisidro,simple_name_prefix3:mat,0.74,1.1,1.0,0.0,0.0
11342,googleplus,markcridge,11342,instagram,markcridge,simple_name_prefix3:mar,0.74,1.1,1.0,0.0,0.0
11440,instagram,matiascasano,3,twitter,matiascasano,simple_name_prefix3:mat,0.74,1.1,1.0,0.0,0.0
11315,googleplus,mariolozada,11315,instagram,mariolozada,simple_name_prefix3:mar,0.74,1.1,1.0,0.0,0.0
11442,googleplus,matiassecchi,11442,instagram,matiassecchi,simple_name_prefix3:mat,0.74,1.1,1.0,0.0,0.0
3120,googleplus,matthewborst,3,twitter,matthewborst,simple_name_prefix3:mat,0.74,1.1,1.0,0.0,0.0
11472,instagram,matthewddsg,3,twitter,matthewddsg,simple_name_prefix3:mat,0.74,1.1,1.0,0.0,0.0
11360,googleplus,markperera,3,twitter,markperera,simple_name_prefix3:mar,0.74,1.1,1.0,0.0,0.0
11474,googleplus,matthewtimmer,11474,instagram,matthewtimmer,simple_name_prefix3:mat,0.74,1.1,1.0,0.0,0.0
11445,instagram,matsgulbrandsen,3,twitter,matsgulbrandsen,simple_name_prefix3:mat,0.74,1.1,1.0,0.0,0.0
11447,googleplus,mattangriffel,11447,instagram,mattangriffel,simple_name_prefix3:mat,0.74,1.1,1.0,0.0,0.0
11342,googleplus,markcridge,3,twitter,markcridge,simple_name_prefix3:mar,0.74,1.1,1.0,0.0,0.0
11448,googleplus,mattauckland,11448,instagram,mattauckland,simple_name_prefix3:mat,0.74,1.1,1.0,0.0,0.0
11344,googleplus,markdunne,11344,instagram,markdunne,simple_name_prefix3:mar,0.74,1.1,1.0,0.0,0.0
11451,googleplus,mattdanna,11451,instagram,mattdanna,simple_name_prefix3:mat,0.74,1.1,1.0,0.0,0.0
11451,googleplus,mattdanna,3,twitter,mattdanna,simple_name_prefix3:mat,0.74,1.1,1.0,0.0,0.0
11482,instagram,matticala,3,twitter,matticala,simple_name_prefix3:mat,0.74,1.1,1.0,0.0,0.0
11485,googleplus,mattmassaro,11485,instagram,mattmassaro,simple_name_prefix3:mat,0.74,1.1,1.0,0.0,0.0
11485,googleplus,mattmassaro,3,twitter,mattmassaro,simple_name_prefix3:mat,0.74,1.1,1.0,0.0,0.0
11490,googleplus,mattshields74,3,twitter,mattshields74,simple_name_prefix3:mat,0.74,1.1,1.0,0.0,0.0
11344,googleplus,markdunne,3,twitter,markdunne,simple_name_prefix3:mar,0.74,1.1,1.0,0.0,0.0
11349,googleplus,markgammon,11349,instagram,markgammon,simple_name_prefix3:mar,0.74,1.1,1.0,0.0,0.0
11349,googleplus,markgammon,3,twitter,markgammon,simple_name_prefix3:mar,0.74,1.1,1.0,0.0,0.0
11462,googleplus,matthewayoub,11462,instagram,matthewayoub,simple_name_prefix3:mat,0.74,1.1,1.0,0.0,0.0
11466,googleplus,matthewhoare,11466,instagram,matthewhoare,simple_name_prefix3:mat,0.74,1.1,1.0,0.0,0.0
11350,googleplus,markgantt,11350,instagram,markgantt,simple_name_prefix3:mar,0.74,1.1,1.0,0.0,0.0
11468,googleplus,matthewknell,11468,instagram,matthewknell,simple_name_prefix3:mat,0.74,1.1,1.0,0.0,0.0
11470,instagram,mattyho,3,twitter,mattyho,simple_name_prefix3:mat,0.74,1.1,1.0,0.0,0.0
11329,instagram,maritriniginer,3,twitter,maritriniginer,simple_name_prefix3:mar,0.74,1.1,1.0,0.0,0.0
3144,googleplus,maurozamaro,3,twitter,maurozamaro,simple_name_prefix3:mau,0.74,1.1,1.0,0.0,0.0
11370,googleplus,markvictoryoung,11370,instagram,markvictoryoung,simple_name_prefix3:mar,0.74,1.1,1.0,0.0,0.0
11374,googleplus,marlenebitzer,11374,instagram,marlenebitzer,simple_name_prefix3:mar,0.74,1.1,1.0,0.0,0.0
11499,googleplus,mauraneill,11499,instagram,mauraneill,simple_name_prefix3:mau,0.74,1.1,1.0,0.0,0.0
11353,googleplus,markkelly333,11353,instagram,markkelly333,simple_name_prefix3:mar,0.74,1.1,1.0,0.0,0.0
11505,instagram,mauxito,3,twitter,mauxito,simple_name_prefix3:mau,0.74,1.1,1.0,0.0,0.0
11476,googleplus,matthiaslechner,11476,instagram,matthiaslechner,simple_name_prefix3:mat,0.74,1.1,1.0,0.0,0.0
11354,googleplus,marklincoln,11354,instagram,marklincoln,simple_name_prefix3:mar,0.74,1.1,1.0,0.0,0.0
11479,googleplus,matthodkinson,11479,instagram,matthodkinson,simple_name_prefix3:mat,0.74,1.1,1.0,0.0,0.0
6351,instagram,sueamour,3,twitter,sueamour,simple_name_prefix3:sue,0.74,1.1,1.0,0.0,0.0
13498,googleplus,suereynolds,3,twitter,suereynolds,simple_name_prefix3:sue,0.74,1.1,1.0,0.0,0.0
6352,instagram,sukhrajb,3,twitter,sukhrajb,simple_name_prefix3:suk,0.74,1.1,1.0,0.0,0.0
11356,googleplus,markmyles,11356,instagram,markmyles,simple_name_prefix3:mar,0.74,1.1,1.0,0.0,0.0
13503,googleplus,sukhighuman,3,twitter,sukhighuman,simple_name_prefix3:suk,0.74,1.1,1.0,0.0,0.0
13524,instagram,sukesu,3,twitter,sukesu,simple_name_prefix3:suk,0.74,1.1,1.0,0.0,0.0
6359,instagram,cmykchicago,3,twitter,cmykchicago,simple_name_prefix3:cmy,0.74,1.1,1.0,0.0,0.0
13542,googleplus,swapnilsarwe,13542,instagram,swapnilsarwe,simple_name_prefix3:swa,0.74,1.1,1.0,0.0,0.0
11360,googleplus,markperera,11360,instagram,markperera,simple_name_prefix3:mar,0.74,1.1,1.0,0.0,0.0
11384,googleplus,marshacollier,11384,instagram,marshacollier,simple_name_prefix3:mar,0.74,1.1,1.0,0.0,0.0
11385,instagram,marvelle,3,twitter,marvelle,simple_name_prefix3:mar,0.74,1.1,1.0,0.0,0.0
6414,instagram,tgalvez,3,twitter,tgalvez,simple_name_prefix3:tga,0.74,1.1,1.0,0.0,0.0
6428,instagram,tloonen,3,twitter,tloonen,simple_name_prefix3:tlo,0.74,1.1,1.0,0.0,0.0
11386,googleplus,marshallwright,3,twitter,marshallwright,simple_name_prefix3:mar,0.74,1.1,1.0,0.0,0.0
8505,googleplus,teoskylark,8505,instagram,teoskylark,simple_name_prefix3:teo,0.74,1.1,1.0,0.0,0.0
11389,googleplus,martarauch,11389,instagram,martarauch,simple_name_prefix3:mar,0.74,1.1,1.0,0.0,0.0
3270,googleplus,monajohannsen,3,twitter,monajohannsen,simple_name_prefix3:mon,0.74,1.1,1.0,0.0,0.0
3273,googleplus,moniquearonica,3,twitter,moniquearonica,simple_name_prefix3:mon,0.74,1.1,1.0,0.0,0.0
11392,googleplus,martijndevalk,11392,instagram,martijndevalk,simple_name_prefix3:mar,0.74,1.1,1.0,0.0,0.0
5823,instagram,monsieurjojo,3,twitter,monsieurjojo,simple_name_prefix3:mon,0.74,1.1,1.0,0.0,0.0
11392,googleplus,martijndevalk,3,twitter,martijndevalk,simple_name_prefix3:mar,0.74,1.1,1.0,0.0,0.0
11238,instagram,monseman,3,twitter,monseman,simple_name_prefix3:mon,0.74,1.1,1.0,0.0,0.0
11363,googleplus,marksark,3,twitter,marksark,simple_name_prefix3:mar,0.74,1.1,1.0,0.0,0.0
11833,googleplus,monanicoara,11833,instagram,monanicoara,simple_name_prefix3:mon,0.74,1.1,1.0,0.0,0.0
11364,googleplus,marktewart,11364,instagram,marktewart,simple_name_prefix3:mar,0.74,1.1,1.0,0.0,0.0
11835,instagram,monicaclee,3,twitter,monicaclee,simple_name_prefix3:mon,0.74,1.1,1.0,0.0,0.0
11364,googleplus,marktewart,3,twitter,marktewart,simple_name_prefix3:mar,0.74,1.1,1.0,0.0,0.0
11367,googleplus,markusrach,11367,instagram,markusrach,simple_name_prefix3:mar,0.74,1.1,1.0,0.0,0.0
11837,instagram,monicamoro,3,twitter,monicamoro,simple_name_prefix3:mon,0.74,1.1,1.0,0.0,0.0
11838,googleplus,monicasuma,11838,instagram,monicasuma,simple_name_prefix3:mon,0.74,1.1,1.0,0.0,0.0
11838,googleplus,monicasuma,3,twitter,monicasuma,simple_name_prefix3:mon,0.74,1.1,1.0,0.0,0.0
11404,googleplus,martinpsialer,11404,instagram,martinpsialer,simple_name_prefix3:mar,0.74,1.1,1.0,0.0,0.0
11842,instagram,monikamcg,3,twitter,monikamcg,simple_name_prefix3:mon,0.74,1.1,1.0,0.0,0.0
6349,instagram,supertoph,3,twitter,supertoph,simple_name_prefix3:sup,0.74,1.1,1.0,0.0,0.0
9562,instagram,superhutagalung,3,twitter,superhutagalung,simple_name_prefix3:sup,0.74,1.1,1.0,0.0,0.0
11404,googleplus,martinpsialer,3,twitter,martinpsialer,simple_name_prefix3:mar,0.74,1.1,1.0,0.0,0.0
3169,googleplus,meganbroutian,3,twitter,meganbroutian,simple_name_prefix3:meg,0.74,1.1,1.0,0.0,0.0
5726,instagram,meganburtt,3,twitter,meganburtt,simple_name_prefix3:meg,0.74,1.1,1.0,0.0,0.0
11405,instagram,martinrob,3,twitter,martinrob,simple_name_prefix3:mar,0.74,1.1,1.0,0.0,0.0
11408,googleplus,martinsoler,11408,instagram,martinsoler,simple_name_prefix3:mar,0.74,1.1,1.0,0.0,0.0
7995,googleplus,clifmims,7995,instagram,clifmims,simple_name_prefix3:cli,0.74,1.1,1.0,0.0,0.0
11410,googleplus,martinvrkoc,11410,instagram,martinvrkoc,simple_name_prefix3:mar,0.74,1.1,1.0,0.0,0.0
7996,googleplus,clintecker,7996,instagram,clintecker,simple_name_prefix3:cli,0.74,1.1,1.0,0.0,0.0
7998,googleplus,clintstapleton,7998,instagram,clintstapleton,simple_name_prefix3:cli,0.74,1.1,1.0,0.0,0.0
7998,googleplus,clintstapleton,3,twitter,clintstapleton,simple_name_prefix3:cli,0.74,1.1,1.0,0.0,0.0
11554,instagram,megankorr,3,twitter,megankorr,simple_name_prefix3:meg,0.74,1.1,1.0,0.0,0.0
11383,googleplus,marquesstewart,3,twitter,marquesstewart,simple_name_prefix3:mar,0.74,1.1,1.0,0.0,0.0
11557,instagram,megsrhea,3,twitter,megsrhea,simple_name_prefix3:meg,0.74,1.1,1.0,0.0,0.0
11584,googleplus,memomoreno,11584,instagram,memomoreno,simple_name_prefix3:mem,0.74,1.1,1.0,0.0,0.0
11584,googleplus,memomoreno,3,twitter,memomoreno,simple_name_prefix3:mem,0.74,1.1,1.0,0.0,0.0
13322,instagram,smuuurfette,3,twitter,smuuurfette,simple_name_prefix3:smu,0.74,1.1,1.0,0.0,0.0
13991,googleplus,menorcablue,3,twitter,menorcablue,simple_name_prefix3:men,0.74,1.1,1.0,0.0,0.0
5742,instagram,metrapach,3,twitter,metrapach,simple_name_prefix3:met,0.74,1.1,1.0,0.0,0.0
13376,googleplus,srcalypsoo,13376,instagram,srcalypsoo,simple_name_prefix3:src,0.74,1.1,1.0,0.0,0.0
13376,googleplus,srcalypsoo,3,twitter,srcalypsoo,simple_name_prefix3:src,0.74,1.1,1.0,0.0,0.0
11689,instagram,migmae,3,twitter,migmae,simple_name_prefix3:mig,0.74,1.1,1.0,0.0,0.0
11690,googleplus,migscruz,3,twitter,migscruz,simple_name_prefix3:mig,0.74,1.1,1.0,0.0,0.0
11694,googleplus,miguelcaria,3,twitter,miguelcaria,simple_name_prefix3:mig,0.74,1.1,1.0,0.0,0.0
11696,googleplus,miguelescuela,11696,instagram,miguelescuela,simple_name_prefix3:mig,0.74,1.1,1.0,0.0,0.0
11696,googleplus,miguelescuela,3,twitter,miguelescuela,simple_name_prefix3:mig,0.74,1.1,1.0,0.0,0.0
13772,instagram,metamorfoseado,3,twitter,metamorfoseado,simple_name_prefix3:met,0.74,1.1,1.0,0.0,0.0
822,googleplus,cliveroach,822,instagram,cliveroach,simple_name_prefix3:cli,0.74,1.1,1.0,0.0,0.0
4661,instagram,clinejj,3,twitter,clinejj,simple_name_prefix3:cli,0.74,1.1,1.0,0.0,0.0
13380,instagram,ssalazars,3,twitter,ssalazars,simple_name_prefix3:ssa,0.74,1.1,1.0,0.0,0.0
7993,googleplus,cliffpavlovic,7993,instagram,cliffpavlovic,simple_name_prefix3:cli,0.74,1.1,1.0,0.0,0.0
13382,googleplus,ssieg,13382,instagram,ssieg,simple_name_prefix3:ssi,0.74,1.1,1.0,0.0,0.0
5773,instagram,mikeambs,3,twitter,mikeambs,simple_name_prefix3:mik,0.74,1.1,1.0,0.0,0.0
5780,instagram,mikeziemer,3,twitter,mikeziemer,simple_name_prefix3:mik,0.74,1.1,1.0,0.0,0.0
9023,googleplus,mikefraietta,3,twitter,mikefraietta,simple_name_prefix3:mik,0.74,1.1,1.0,0.0,0.0
11709,googleplus,mikeconaty,11709,instagram,mikeconaty,simple_name_prefix3:mik,0.74,1.1,1.0,0.0,0.0
11709,googleplus,mikeconaty,3,twitter,mikeconaty,simple_name_prefix3:mik,0.74,1.1,1.0,0.0,0.0
11710,googleplus,mikecorak,11710,instagram,mikecorak,simple_name_prefix3:mik,0.74,1.1,1.0,0.0,0.0
13961,googleplus,urswestermann,13961,instagram,urswestermann,simple_name_prefix3:urs,0.74,1.1,1.0,0.0,0.0
10225,instagram,clifto,3,twitter,clifto,simple_name_prefix3:cli,0.74,1.1,1.0,0.0,0.0
3217,googleplus,miguelque,3,twitter,miguelque,simple_name_prefix3:mig,0.74,1.1,1.0,0.0,0.0
5766,instagram,miguelcruzg,3,twitter,miguelcruzg,simple_name_prefix3:mig,0.74,1.1,1.0,0.0,0.0
11397,googleplus,martinhinrich,3,twitter,martinhinrich,simple_name_prefix3:mar,0.74,1.1,1.0,0.0,0.0
11688,googleplus,mightyjoecastro,11688,instagram,mightyjoecastro,simple_name_prefix3:mig,0.74,1.1,1.0,0.0,0.0
6242,instagram,sfmoe,3,twitter,sfmoe,simple_name_prefix3:sfm,0.74,1.1,1.0,0.0,0.0
731,googleplus,alisadamaso,731,instagram,alisadamaso,simple_name_prefix3:ali,0.74,1.1,1.0,0.0,0.0
6276,instagram,si_francis,3,twitter,si_francis,simple_name_prefix3:si_,0.74,1.1,1.0,0.0,0.0
11411,googleplus,martinwaller,11411,instagram,martinwaller,simple_name_prefix3:mar,0.74,1.1,1.0,0.0,0.0
11415,instagram,marwsay,3,twitter,marwsay,simple_name_prefix3:mar,0.74,1.1,1.0,0.0,0.0
6297,instagram,smeinzer,3,twitter,smeinzer,simple_name_prefix3:sme,0.74,1.1,1.0,0.0,0.0
13318,instagram,smediabutterfly,3,twitter,smediabutterfly,simple_name_prefix3:sme,0.74,1.1,1.0,0.0,0.0
11420,instagram,marylin_ad,3,twitter,marylin_ad,simple_name_prefix3:mar,0.74,1.1,1.0,0.0,0.0
11421,googleplus,marymarchesano,3,twitter,marymarchesano,simple_name_prefix3:mar,0.74,1.1,1.0,0.0,0.0
11422,googleplus,marypreheim,11422,instagram,marypreheim,simple_name_prefix3:mar,0.74,1.1,1.0,0.0,0.0
13377,instagram,srdill,3,twitter,srdill,simple_name_prefix3:srd,0.74,1.1,1.0,0.0,0.0
11422,googleplus,marypreheim,3,twitter,marypreheim,simple_name_prefix3:mar,0.74,1.1,1.0,0.0,0.0
3221,googleplus,mikeconway,3,twitter,mikeconway,simple_name_prefix3:mik,0.74,1.1,1.0,0.0,0.0
3222,googleplus,mikefeeney,3,twitter,mikefeeney,simple_name_prefix3:mik,0.74,1.1,1.0,0.0,0.0
3225,googleplus,mikelcal,3,twitter,mikelcal,simple_name_prefix3:mik,0.74,1.1,1.0,0.0,0.0
11713,googleplus,mikedarnell,11713,instagram,mikedarnell,simple_name_prefix3:mik,0.74,1.1,1.0,0.0,0.0
11715,googleplus,mikehenderson,11715,instagram,mikehenderson,simple_name_prefix3:mik,0.74,1.1,1.0,0.0,0.0
11720,googleplus,mikejesse,11720,instagram,mikejesse,simple_name_prefix3:mik,0.74,1.1,1.0,0.0,0.0
11722,googleplus,mikelotaegi,11722,instagram,mikelotaegi,simple_name_prefix3:mik,0.74,1.1,1.0,0.0,0.0
11722,googleplus,mikelotaegi,3,twitter,mikelotaegi,simple_name_prefix3:mik,0.74,1.1,1.0,0.0,0.0
11723,googleplus,mikelsteadman,11723,instagram,mikelsteadman,simple_name_prefix3:mik,0.74,1.1,1.0,0.0,0.0
11723,googleplus,mikelsteadman,3,twitter,mikelsteadman,simple_name_prefix3:mik,0.74,1.1,1.0,0.0,0.0
11724,googleplus,mikelyden,11724,instagram,mikelyden,simple_name_prefix3:mik,0.74,1.1,1.0,0.0,0.0
11724,googleplus,mikelyden,3,twitter,mikelyden,simple_name_prefix3:mik,0.74,1.1,1.0,0.0,0.0
6175,instagram,sahata_s,3,twitter,sahata_s,simple_name_prefix3:sah,0.74,1.1,1.0,0.0,0.0
11971,instagram,marigoldsloft,3,twitter,marigoldsloft,simple_name_prefix3:mar,0.74,1.1,1.0,0.0,0.0
11647,instagram,sfbayrealtor,3,twitter,sfbayrealtor,simple_name_prefix3:sfb,0.74,1.1,1.0,0.0,0.0
1381,googleplus,ahmadnassri,3,twitter,ahmadnassri,simple_name_prefix3:ahm,0.74,1.1,1.0,0.0,0.0
11725,instagram,mikemagan,3,twitter,mikemagan,simple_name_prefix3:mik,0.74,1.1,1.0,0.0,0.0
11730,googleplus,mikeowcarz,11730,instagram,mikeowcarz,simple_name_prefix3:mik,0.74,1.1,1.0,0.0,0.0
11730,googleplus,mikeowcarz,3,twitter,mikeowcarz,simple_name_prefix3:mik,0.74,1.1,1.0,0.0,0.0
11732,googleplus,mikepetrucci,11732,instagram,mikepetrucci,simple_name_prefix3:mik,0.74,1.1,1.0,0.0,0.0
11732,googleplus,mikepetrucci,3,twitter,mikepetrucci,simple_name_prefix3:mik,0.74,1.1,1.0,0.0,0.0
11733,googleplus,mikerusch,11733,instagram,mikerusch,simple_name_prefix3:mik,0.74,1.1,1.0,0.0,0.0
6910,googleplus,alinoancea,6910,instagram,alinoancea,simple_name_prefix3:ali,0.74,1.1,1.0,0.0,0.0
6910,googleplus,alinoancea,3,twitter,alinoancea,simple_name_prefix3:ali,0.74,1.1,1.0,0.0,0.0
11735,instagram,mikesingletary,3,twitter,mikesingletary,simple_name_prefix3:mik,0.74,1.1,1.0,0.0,0.0
11738,googleplus,mikesupple,11738,instagram,mikesupple,simple_name_prefix3:mik,0.74,1.1,1.0,0.0,0.0
11711,googleplus,mikecorsini,3,twitter,mikecorsini,simple_name_prefix3:mik,0.74,1.1,1.0,0.0,0.0
11712,instagram,mikedarcyhughes,3,twitter,mikedarcyhughes,simple_name_prefix3:mik,0.74,1.1,1.0,0.0,0.0
9080,instagram,frediontherun,3,twitter,frediontherun,simple_name_prefix3:fre,0.74,1.1,1.0,0.0,0.0
11743,instagram,mikey3982,3,twitter,mikey3982,simple_name_prefix3:mik,0.74,1.1,1.0,0.0,0.0
1382,googleplus,ahmedhikal,3,twitter,ahmedhikal,simple_name_prefix3:ahm,0.74,1.1,1.0,0.0,0.0
11747,googleplus,milenaregos,11747,instagram,milenaregos,simple_name_prefix3:mil,0.74,1.1,1.0,0.0,0.0
11747,googleplus,milenaregos,3,twitter,milenaregos,simple_name_prefix3:mil,0.74,1.1,1.0,0.0,0.0
11748,googleplus,milkoromero,11748,instagram,milkoromero,simple_name_prefix3:mil,0.74,1.1,1.0,0.0,0.0
6760,googleplus,ahmadalkhuder,6760,instagram,ahmadalkhuder,simple_name_prefix3:ahm,0.74,1.1,1.0,0.0,0.0
6761,googleplus,ahmadfaizar,6761,instagram,ahmadfaizar,simple_name_prefix3:ahm,0.74,1.1,1.0,0.0,0.0
6763,googleplus,ahmednaguib,6763,instagram,ahmednaguib,simple_name_prefix3:ahm,0.74,1.1,1.0,0.0,0.0
11753,googleplus,mindiekniss,11753,instagram,mindiekniss,simple_name_prefix3:min,0.74,1.1,1.0,0.0,0.0
6768,googleplus,ahmedsobhy2020,6768,instagram,ahmedsobhy2020,simple_name_prefix3:ahm,0.74,1.1,1.0,0.0,0.0
6769,googleplus,ahmedzainal,6769,instagram,ahmedzainal,simple_name_prefix3:ahm,0.74,1.1,1.0,0.0,0.0
11756,instagram,minigazimov,3,twitter,minigazimov,simple_name_prefix3:min,0.74,1.1,1.0,0.0,0.0
13222,googleplus,ahmedshawareb,3,twitter,ahmedshawareb,simple_name_prefix3:ahm,0.74,1.1,1.0,0.0,0.0
6920,googleplus,alizasherman,6920,instagram,alizasherman,simple_name_prefix3:ali,0.74,1.1,1.0,0.0,0.0
4217,instagram,abdullahtaha,3,twitter,abdullahtaha,simple_name_prefix3:abd,0.74,1.1,1.0,0.0,0.0
6920,googleplus,alizasherman,3,twitter,alizasherman,simple_name_prefix3:ali,0.74,1.1,1.0,0.0,0.0
2255,googleplus,fredstrauss,3,twitter,fredstrauss,simple_name_prefix3:fre,0.74,1.1,1.0,0.0,0.0
4998,instagram,fredeagle,3,twitter,fredeagle,simple_name_prefix3:fre,0.74,1.1,1.0,0.0,0.0
1553,googleplus,arielllarson,3,twitter,arielllarson,simple_name_prefix3:ari,0.74,1.1,1.0,0.0,0.0
9068,googleplus,frederickpolk,9068,instagram,frederickpolk,simple_name_prefix3:fre,0.74,1.1,1.0,0.0,0.0
9069,googleplus,frederiekpascal,9069,instagram,frederiekpascal,simple_name_prefix3:fre,0.74,1.1,1.0,0.0,0.0
9069,googleplus,frederiekpascal,3,twitter,frederiekpascal,simple_name_prefix3:fre,0.74,1.1,1.0,0.0,0.0
9071,instagram,fredranger,3,twitter,fredranger,simple_name_prefix3:fre,0.74,1.1,1.0,0.0,0.0
9074,instagram,fredfrodrigues,3,twitter,fredfrodrigues,simple_name_prefix3:fre,0.74,1.1,1.0,0.0,0.0
9076,instagram,freehandprofit,3,twitter,freehandprofit,simple_name_prefix3:fre,0.74,1.1,1.0,0.0,0.0
13712,googleplus,thomaskeup,13712,instagram,thomaskeup,simple_name_prefix3:tho,0.74,1.1,1.0,0.0,0.0
13712,googleplus,thomaskeup,3,twitter,thomaskeup,simple_name_prefix3:tho,0.74,1.1,1.0,0.0,0.0
13713,googleplus,thomasknorpp,3,twitter,thomasknorpp,simple_name_prefix3:tho,0.74,1.1,1.0,0.0,0.0
13716,googleplus,thomasseifert,13716,instagram,thomasseifert,simple_name_prefix3:tho,0.74,1.1,1.0,0.0,0.0
12614,googleplus,randallcurtis,3,twitter,randallcurtis,simple_name_prefix3:ran,0.74,1.1,1.0,0.0,0.0
732,googleplus,alisonstripling,732,instagram,alisonstripling,simple_name_prefix3:ali,0.74,1.1,1.0,0.0,0.0
11763,googleplus,mircodimarcello,11763,instagram,mircodimarcello,simple_name_prefix3:mir,0.74,1.1,1.0,0.0,0.0
1440,googleplus,alianders,3,twitter,alianders,simple_name_prefix3:ali,0.74,1.1,1.0,0.0,0.0
11765,googleplus,mirellenascimento,11765,instagram,mirellenascimento,simple_name_prefix3:mir,0.74,1.1,1.0,0.0,0.0
11768,instagram,mirkojankovic,3,twitter,mirkojankovic,simple_name_prefix3:mir,0.74,1.1,1.0,0.0,0.0
11769,googleplus,miroslavhelcl,11769,instagram,miroslavhelcl,simple_name_prefix3:mir,0.74,1.1,1.0,0.0,0.0
11769,googleplus,miroslavhelcl,3,twitter,miroslavhelcl,simple_name_prefix3:mir,0.74,1.1,1.0,0.0,0.0
8905,googleplus,muhammadfahadraza,8905,instagram,muhammadfahadraza,simple_name_prefix3:muh,0.74,1.1,1.0,0.0,0.0
1542,googleplus,alidapollard,3,twitter,alidapollard,simple_name_prefix3:ali,0.74,1.1,1.0,0.0,0.0
4304,instagram,alienjon,3,twitter,alienjon,simple_name_prefix3:ali,0.74,1.1,1.0,0.0,0.0
6901,instagram,alicam,3,twitter,alicam,simple_name_prefix3:ali,0.74,1.1,1.0,0.0,0.0
1155,googleplus,patrickprejusa,1155,instagram,patrickprejusa,simple_name_prefix3:pat,0.74,1.1,1.0,0.0,0.0
2018,googleplus,patrickdeuley,3,twitter,patrickdeuley,simple_name_prefix3:pat,0.74,1.1,1.0,0.0,0.0
3448,googleplus,patrickostertag,3,twitter,patrickostertag,simple_name_prefix3:pat,0.74,1.1,1.0,0.0,0.0
6903,instagram,alicegraphix,3,twitter,alicegraphix,simple_name_prefix3:ali,0.74,1.1,1.0,0.0,0.0
6670,googleplus,abdulsmith,6670,instagram,abdulsmith,simple_name_prefix3:abd,0.74,1.1,1.0,0.0,0.0
6907,instagram,alifeallah,3,twitter,alifeallah,simple_name_prefix3:ali,0.74,1.1,1.0,0.0,0.0
10146,instagram,msretro,3,twitter,msretro,simple_name_prefix3:msr,0.74,1.1,1.0,0.0,0.0
4262,instagram,alanagolob,3,twitter,alanagolob,simple_name_prefix3:ala,0.74,1.1,1.0,0.0,0.0
13710,googleplus,thomasdenman,13710,instagram,thomasdenman,simple_name_prefix3:tho,0.74,1.1,1.0,0.0,0.0
4267,instagram,alantshearer,3,twitter,alantshearer,simple_name_prefix3:ala,0.74,1.1,1.0,0.0,0.0
12296,googleplus,patriciamalay,3,twitter,patriciamalay,simple_name_prefix3:pat,0.74,1.1,1.0,0.0,0.0
12297,instagram,patriciamellin,3,twitter,patriciamellin,simple_name_prefix3:pat,0.74,1.1,1.0,0.0,0.0
12300,googleplus,patriciawensch,3,twitter,patriciawensch,simple_name_prefix3:pat,0.74,1.1,1.0,0.0,0.0
12301,instagram,patriciayoung,3,twitter,patriciayoung,simple_name_prefix3:pat,0.74,1.1,1.0,0.0,0.0
12304,googleplus,patrickklepek,12304,instagram,patrickklepek,simple_name_prefix3:pat,0.74,1.1,1.0,0.0,0.0
6913,googleplus,alisejohnson,6913,instagram,alisejohnson,simple_name_prefix3:ali,0.74,1.1,1.0,0.0,0.0
12308,instagram,patricktigue,3,twitter,patricktigue,simple_name_prefix3:pat,0.74,1.1,1.0,0.0,0.0
12309,googleplus,patriziobenotto,12309,instagram,patriziobenotto,simple_name_prefix3:pat,0.74,1.1,1.0,0.0,0.0
6913,googleplus,alisejohnson,3,twitter,alisejohnson,simple_name_prefix3:ali,0.74,1.1,1.0,0.0,0.0
13719,instagram,thompsontanya,3,twitter,thompsontanya,simple_name_prefix3:tho,0.74,1.1,1.0,0.0,0.0
6914,googleplus,alisonlehr,6914,instagram,alisonlehr,simple_name_prefix3:ali,0.74,1.1,1.0,0.0,0.0
6914,googleplus,alisonlehr,3,twitter,alisonlehr,simple_name_prefix3:ali,0.74,1.1,1.0,0.0,0.0
5269,instagram,cooksmarts,3,twitter,cooksmarts,simple_name_prefix3:coo,0.74,1.1,1.0,0.0,0.0
4369,instagram,hami,3,twitter,hami,simple_name_prefix3:ham,0.74,1.1,0.3333333333333333,1.0,0.0
5083,instagram,hamster_danil,3,twitter,hamster_danil,simple_name_prefix3:ham,0.74,1.1,1.0,0.0,0.0
12761,googleplus,rinachong,3,twitter,rinachong,simple_name_prefix3:rin,0.74,1.1,1.0,0.0,0.0
6101,instagram,rjholganza,3,twitter,rjholganza,simple_name_prefix3:rjh,0.74,1.1,1.0,0.0,0.0
12766,instagram,rjhoughton,3,twitter,rjhoughton,simple_name_prefix3:rjh,0.74,1.1,1.0,0.0,0.0
6115,instagram,rviester,3,twitter,rviester,simple_name_prefix3:rvi,0.74,1.1,1.0,0.0,0.0
6137,instagram,rophh,3,twitter,rophh,simple_name_prefix3:rop,0.74,1.1,1.0,0.0,0.0
6916,googleplus,alissahurley,3,twitter,alissahurley,simple_name_prefix3:ali,0.74,1.1,1.0,0.0,0.0
6917,googleplus,alissasadler,6917,instagram,alissasadler,simple_name_prefix3:ali,0.74,1.1,1.0,0.0,0.0
12959,instagram,rynobot,3,twitter,rynobot,simple_name_prefix3:ryn,0.74,1.1,1.0,0.0,0.0
6917,googleplus,alissasadler,3,twitter,alissasadler,simple_name_prefix3:ali,0.74,1.1,1.0,0.0,0.0
6816,googleplus,alanraw,6816,instagram,alanraw,simple_name_prefix3:ala,0.74,1.1,1.0,0.0,0.0
6816,googleplus,alanraw,3,twitter,alanraw,simple_name_prefix3:ala,0.74,1.1,1.0,0.0,0.0
12287,instagram,patlestes,3,twitter,patlestes,simple_name_prefix3:pat,0.74,1.1,1.0,0.0,0.0
12290,instagram,patmulles,3,twitter,patmulles,simple_name_prefix3:pat,0.74,1.1,1.0,0.0,0.0
12293,instagram,patriciadiez,3,twitter,patriciadiez,simple_name_prefix3:pat,0.74,1.1,1.0,0.0,0.0
5837,instagram,mureedbizenjo,3,twitter,mureedbizenjo,simple_name_prefix3:mur,0.74,1.1,1.0,0.0,0.0
11903,googleplus,muratbilican,11903,instagram,muratbilican,simple_name_prefix3:mur,0.74,1.1,1.0,0.0,0.0
11903,googleplus,muratbilican,3,twitter,muratbilican,simple_name_prefix3:mur,0.74,1.1,1.0,0.0,0.0
6821,googleplus,alaypaun,3,twitter,alaypaun,simple_name_prefix3:ala,0.74,1.1,1.0,0.0,0.0
2950,googleplus,liviovivanet,3,twitter,liviovivanet,simple_name_prefix3:liv,0.74,1.1,1.0,0.0,0.0
1397,googleplus,albertmarch,3,twitter,albertmarch,simple_name_prefix3:alb,0.74,1.1,1.0,0.0,0.0
1400,googleplus,albertoheredero,3,twitter,albertoheredero,simple_name_prefix3:alb,0.74,1.1,1.0,0.0,0.0
1403,googleplus,albertoshemaria,3,twitter,albertoshemaria,simple_name_prefix3:alb,0.74,1.1,1.0,0.0,0.0
7186,instagram,ariantifebi,3,twitter,ariantifebi,simple_name_prefix3:ari,0.74,1.1,1.0,0.0,0.0
10849,googleplus,ariamlaliam,10849,instagram,ariamlaliam,simple_name_prefix3:ari,0.74,1.1,1.0,0.0,0.0
11944,googleplus,nameetpotnis,11944,instagram,nameetpotnis,simple_name_prefix3:nam,0.74,1.1,1.0,0.0,0.0
7445,instagram,bexlondontown,3,twitter,bexlondontown,simple_name_prefix3:bex,0.74,1.1,1.0,0.0,0.0
6803,googleplus,akospapp,3,twitter,akospapp,simple_name_prefix3:ako,0.74,1.1,1.0,0.0,0.0
7484,instagram,zappytanx,3,twitter,zappytanx,simple_name_prefix3:zap,0.74,1.1,1.0,0.0,0.0
12042,googleplus,nicholasreed,12042,instagram,nicholasreed,simple_name_prefix3:nic,0.74,1.1,1.0,0.0,0.0
12044,googleplus,nickalt,12044,instagram,nickalt,simple_name_prefix3:nic,0.74,1.1,1.0,0.0,0.0
12045,googleplus,nickborelli,3,twitter,nickborelli,simple_name_prefix3:nic,0.74,1.1,1.0,0.0,0.0
3319,googleplus,nancysagar,3,twitter,nancysagar,simple_name_prefix3:nan,0.74,1.1,1.0,0.0,0.0
1393,googleplus,alanpeto,3,twitter,alanpeto,simple_name_prefix3:ala,0.74,1.1,1.0,0.0,0.0
6824,googleplus,alberthathazi,3,twitter,alberthathazi,simple_name_prefix3:alb,0.74,1.1,1.0,0.0,0.0
11950,googleplus,nancycole,11950,instagram,nancycole,simple_name_prefix3:nan,0.74,1.1,1.0,0.0,0.0
6829,instagram,albertojauregui,3,twitter,albertojauregui,simple_name_prefix3:alb,0.74,1.1,1.0,0.0,0.0
6830,googleplus,albertomarini,6830,instagram,albertomarini,simple_name_prefix3:alb,0.74,1.1,1.0,0.0,0.0
11954,googleplus,nanymata,11954,instagram,nanymata,simple_name_prefix3:nan,0.74,1.1,1.0,0.0,0.0
6832,googleplus,albirabbit,6832,instagram,albirabbit,simple_name_prefix3:alb,0.74,1.1,1.0,0.0,0.0
3352,googleplus,nicolasloubet,3,twitter,nicolasloubet,simple_name_prefix3:nic,0.74,1.1,1.0,0.0,0.0
3,googleplus,albertlewisjr,6926,instagram,albertlewisjr,simple_name_prefix3:alb,0.74,1.1,1.0,0.0,0.0
3301,googleplus,muratgulen,3,twitter,muratgulen,simple_name_prefix3:mur,0.74,1.1,1.0,0.0,0.0
6812,googleplus,alancalvert,6812,instagram,alancalvert,simple_name_prefix3:ala,0.74,1.1,1.0,0.0,0.0
12057,googleplus,nickmortensen,12057,instagram,nickmortensen,simple_name_prefix3:nic,0.74,1.1,1.0,0.0,0.0
3372,googleplus,nicholasrogneby,3,twitter,nicholasrogneby,simple_name_prefix3:nic,0.74,1.1,1.0,0.0,0.0
5875,instagram,nickcasalini,3,twitter,nickcasalini,simple_name_prefix3:nic,0.74,1.1,1.0,0.0,0.0
5877,instagram,nickydigital,3,twitter,nickydigital,simple_name_prefix3:nic,0.74,1.1,1.0,0.0,0.0
6814,googleplus,alannamiq,6814,instagram,alannamiq,simple_name_prefix3:ala,0.74,1.1,1.0,0.0,0.0
6814,googleplus,alannamiq,3,twitter,alannamiq,simple_name_prefix3:ala,0.74,1.1,1.0,0.0,0.0
12035,googleplus,nicadler,12035,instagram,nicadler,simple_name_prefix3:nic,0.74,1.1,1.0,0.0,0.0
12037,googleplus,nicholasbohac,12037,instagram,nicholasbohac,simple_name_prefix3:nic,0.74,1.1,1.0,0.0,0.0
13102,instagram,wflbc,3,twitter,wflbc,simple_name_prefix3:wfl,0.74,1.1,1.0,0.0,0.0
12039,googleplus,nicholasdelucca,3,twitter,nicholasdelucca,simple_name_prefix3:nic,0.74,1.1,1.0,0.0,0.0
12041,instagram,nicholask71,3,twitter,nicholask71,simple_name_prefix3:nic,0.74,1.1,1.0,0.0,0.0
13151,instagram,s_khatulistiwa,3,twitter,s_khatulistiwa,simple_name_prefix3:s_k,0.74,1.1,1.0,0.0,0.0
12072,googleplus,nicolesy,12072,instagram,nicolesy,simple_name_prefix3:nic,0.74,1.1,1.0,0.0,0.0
13159,instagram,sepulveda93,3,twitter,sepulveda93,simple_name_prefix3:sep,0.74,1.1,1.0,0.0,0.0
13163,instagram,sdbarut,3,twitter,sdbarut,simple_name_prefix3:sdb,0.74,1.1,1.0,0.0,0.0
5861,instagram,nealstewart,3,twitter,nealstewart,simple_name_prefix3:nea,0.74,1.1,1.0,0.0,0.0
12049,googleplus,nickcusters,12049,instagram,nickcusters,simple_name_prefix3:nic,0.74,1.1,1.0,0.0,0.0
12049,googleplus,nickcusters,3,twitter,nickcusters,simple_name_prefix3:nic,0.74,1.1,1.0,0.0,0.0
12050,googleplus,nickesteen,12050,instagram,nickesteen,simple_name_prefix3:nic,0.74,1.1,1.0,0.0,0.0
13218,instagram,sckulkarni246,3,twitter,sckulkarni246,simple_name_prefix3:sck,0.74,1.1,1.0,0.0,0.0
12053,googleplus,nickgaston,12053,instagram,nickgaston,simple_name_prefix3:nic,0.74,1.1,1.0,0.0,0.0
12053,googleplus,nickgaston,3,twitter,nickgaston,simple_name_prefix3:nic,0.74,1.1,1.0,0.0,0.0
13235,instagram,sajwest,3,twitter,sajwest,simple_name_prefix3:saj,0.74,1.1,1.0,0.0,0.0
4324,instagram,albretel,3,twitter,albretel,simple_name_prefix3:alb,0.74,1.1,1.0,0.0,0.0
12494,googleplus,albertpoghosyan,12494,instagram,albertpoghosyan,simple_name_prefix3:alb,0.74,1.1,1.0,0.0,0.0
12494,googleplus,albertpoghosyan,3,twitter,albertpoghosyan,simple_name_prefix3:alb,0.74,1.1,1.0,0.0,0.0
12551,googleplus,quovadismarshall,12551,instagram,quovadismarshall,simple_name_prefix3:quo,0.74,1.1,1.0,0.0,0.0
11535,instagram,elmccoy,3,twitter,elmccoy,simple_name_prefix3:elm,0.74,1.1,1.0,0.0,0.0
12653,googleplus,razalizain,12653,instagram,razalizain,simple_name_prefix3:raz,0.74,1.1,1.0,0.0,0.0
12653,googleplus,razalizain,3,twitter,razalizain,simple_name_prefix3:raz,0.74,1.1,1.0,0.0,0.0
12654,googleplus,razshafer,12654,instagram,razshafer,simple_name_prefix3:raz,0.74,1.1,1.0,0.0,0.0
5098,instagram,helsyflores,3,twitter,helsyflores,simple_name_prefix3:hel,0.74,1.1,1.0,0.0,0.0
5334,instagram,hellblazer,3,twitter,hellblazer,simple_name_prefix3:hel,0.74,1.1,1.0,0.0,0.0
9480,googleplus,helderschultz,9480,instagram,helderschultz,simple_name_prefix3:hel,0.74,1.1,1.0,0.0,0.0
9480,googleplus,helderschultz,3,twitter,helderschultz,simple_name_prefix3:hel,0.74,1.1,1.0,0.0,0.0
12071,googleplus,nicolereber,12071,instagram,nicolereber,simple_name_prefix3:nic,0.74,1.1,1.0,0.0,0.0
9482,googleplus,helgethomas,9482,instagram,helgethomas,simple_name_prefix3:hel,0.74,1.1,1.0,0.0,0.0
3330,googleplus,neiljones,3,twitter,neiljones,simple_name_prefix3:nei,0.74,1.1,1.0,0.0,0.0
5863,instagram,neillk,3,twitter,neillk,simple_name_prefix3:nei,0.74,1.1,1.0,0.0,0.0
13073,instagram,saylee_padwal,3,twitter,saylee_padwal,simple_name_prefix3:say,0.74,1.1,1.0,0.0,0.0
6896,instagram,alfbrand,3,twitter,alfbrand,simple_name_prefix3:alf,0.74,1.1,1.0,0.0,0.0
4314,instagram,allanmoran,3,twitter,allanmoran,simple_name_prefix3:all,0.74,1.1,1.0,0.0,0.0
12008,googleplus,nelsoncarvajal,3,twitter,nelsoncarvajal,simple_name_prefix3:nel,0.74,1.1,1.0,0.0,0.0
12019,googleplus,neridawalker,3,twitter,neridawalker,simple_name_prefix3:ner,0.74,1.1,1.0,0.0,0.0
6921,googleplus,allantito,6921,instagram,allantito,simple_name_prefix3:all,0.74,1.1,1.0,0.0,0.0
6922,instagram,allards,3,twitter,allards,simple_name_prefix3:all,0.74,1.1,1.0,0.0,0.0
12484,instagram,plusjack,3,twitter,plusjack,simple_name_prefix3:plu,0.74,1.1,1.0,0.0,0.0
12486,instagram,pmatulka,3,twitter,pmatulka,simple_name_prefix3:pma,0.74,1.1,1.0,0.0,0.0
3463,googleplus,paulomilreu,3,twitter,paulomilreu,simple_name_prefix3:pau,0.74,1.1,1.0,0.0,0.0
12698,instagram,revolution52,3,twitter,revolution52,simple_name_prefix3:rev,0.74,1.1,1.0,0.0,0.0
12079,googleplus,nielspaul,12079,instagram,nielspaul,simple_name_prefix3:nie,0.74,1.1,1.0,0.0,0.0
4389,instagram,annamarkwell,3,twitter,annamarkwell,simple_name_prefix3:ann,0.74,1.1,1.0,0.0,0.0
7123,googleplus,annaaroca,3,twitter,annaaroca,simple_name_prefix3:ann,0.74,1.1,1.0,0.0,0.0
12081,googleplus,nigelbarker,12081,instagram,nigelbarker,simple_name_prefix3:nig,0.74,1.1,1.0,0.0,0.0
9546,googleplus,howardlake,9546,instagram,howardlake,simple_name_prefix3:how,0.74,1.1,1.0,0.0,0.0
9546,googleplus,howardlake,3,twitter,howardlake,simple_name_prefix3:how,0.74,1.1,1.0,0.0,0.0
9548,googleplus,howtobearedhead,9548,instagram,howtobearedhead,simple_name_prefix3:how,0.74,1.1,1.0,0.0,0.0
8545,googleplus,noahselling,3,twitter,noahselling,simple_name_prefix3:noa,0.74,1.1,1.0,0.0,0.0
12104,googleplus,noahcurthoys,3,twitter,noahcurthoys,simple_name_prefix3:noa,0.74,1.1,1.0,0.0,0.0
6694,instagram,northonm31,3,twitter,northonm31,simple_name_prefix3:nor,0.74,1.1,1.0,0.0,0.0
12118,instagram,norahaura,3,twitter,norahaura,simple_name_prefix3:nor,0.74,1.1,1.0,0.0,0.0
7124,googleplus,annabassham,3,twitter,annabassham,simple_name_prefix3:ann,0.74,1.1,1.0,0.0,0.0
7126,googleplus,annagunderson,7126,instagram,annagunderson,simple_name_prefix3:ann,0.74,1.1,1.0,0.0,0.0
12323,googleplus,paulcopcutt,12323,instagram,paulcopcutt,simple_name_prefix3:pau,0.74,1.1,1.0,0.0,0.0
12121,instagram,nordmach,3,twitter,nordmach,simple_name_prefix3:nor,0.74,1.1,1.0,0.0,0.0
12122,googleplus,normanallen,12122,instagram,normanallen,simple_name_prefix3:nor,0.74,1.1,1.0,0.0,0.0
7126,googleplus,annagunderson,3,twitter,annagunderson,simple_name_prefix3:ann,0.74,1.1,1.0,0.0,0.0
12124,googleplus,norrishughes,12124,instagram,norrishughes,simple_name_prefix3:nor,0.74,1.1,1.0,0.0,0.0
7127,instagram,anna_kotika,3,twitter,anna_kotika,simple_name_prefix3:ann,0.74,1.1,1.0,0.0,0.0
5477,instagram,kilzie,3,twitter,kilzie,simple_name_prefix3:kil,0.74,1.1,1.0,0.0,0.0
1454,googleplus,alvinng,3,twitter,alvinng,simple_name_prefix3:alv,0.74,1.1,1.0,0.0,0.0
6945,googleplus,alvarovalladares,6945,instagram,alvarovalladares,simple_name_prefix3:alv,0.74,1.1,1.0,0.0,0.0
3458,googleplus,paulblackley,3,twitter,paulblackley,simple_name_prefix3:pau,0.74,1.1,1.0,0.0,0.0
3461,googleplus,paullop,3,twitter,paullop,simple_name_prefix3:pau,0.74,1.1,1.0,0.0,0.0
4275,instagram,aldozzy,3,twitter,aldozzy,simple_name_prefix3:ald,0.74,1.1,1.0,0.0,0.0
12335,instagram,pauline_nee,3,twitter,pauline_nee,simple_name_prefix3:pau,0.74,1.1,1.0,0.0,0.0
6835,googleplus,aldreendumasig,6835,instagram,aldreendumasig,simple_name_prefix3:ald,0.74,1.1,1.0,0.0,0.0
12339,googleplus,paulleary,12339,instagram,paulleary,simple_name_prefix3:pau,0.74,1.1,1.0,0.0,0.0
1435,googleplus,alfredorequena,3,twitter,alfredorequena,simple_name_prefix3:alf,0.74,1.1,1.0,0.0,0.0
5956,instagram,paulancheta,3,twitter,paulancheta,simple_name_prefix3:pau,0.74,1.1,1.0,0.0,0.0
6896,googleplus,alfbrand,6896,instagram,alfbrand,simple_name_prefix3:alf,0.74,1.1,1.0,0.0,0.0
5959,instagram,pauldateh,3,twitter,pauldateh,simple_name_prefix3:pau,0.74,1.1,1.0,0.0,0.0
5962,instagram,paullandry,3,twitter,paullandry,simple_name_prefix3:pau,0.74,1.1,1.0,0.0,0.0
5968,instagram,paulvanbuuren,3,twitter,paulvanbuuren,simple_name_prefix3:pau,0.74,1.1,1.0,0.0,0.0
12314,googleplus,paulacolantonio,12314,instagram,paulacolantonio,simple_name_prefix3:pau,0.74,1.1,1.0,0.0,0.0
12937,googleplus,ekushey,12937,instagram,ekushey,simple_name_prefix3:eku,0.74,1.1,1.0,0.0,0.0
12318,googleplus,paulashton,12318,instagram,paulashton,simple_name_prefix3:pau,0.74,1.1,1.0,0.0,0.0
12319,googleplus,paulasimoes,12319,instagram,paulasimoes,simple_name_prefix3:pau,0.74,1.1,1.0,0.0,0.0
5963,instagram,loebpaul,3,twitter,loebpaul,simple_name_prefix3:loe,0.74,1.1,1.0,0.0,0.0
12976,instagram,uleadme,3,twitter,uleadme,simple_name_prefix3:ule,0.74,1.1,1.0,0.0,0.0
14217,instagram,xallehrazax,3,twitter,xallehrazax,simple_name_prefix3:xal,0.74,1.1,1.0,0.0,0.0
13269,instagram,sdorphjensen,3,twitter,sdorphjensen,simple_name_prefix3:sdo,0.74,1.1,1.0,0.0,0.0
5972,instagram,alhopedro,3,twitter,alhopedro,simple_name_prefix3:alh,0.74,1.1,1.0,0.0,0.0
5975,instagram,h0stio,3,twitter,h0stio,simple_name_prefix3:h0s,0.74,1.1,1.0,0.0,0.0
6929,instagram,allielholland,3,twitter,allielholland,simple_name_prefix3:all,0.74,1.1,1.0,0.0,0.0
8328,instagram,pondage,3,twitter,pondage,simple_name_prefix3:pon,0.74,1.1,1.0,0.0,0.0
6004,instagram,pkontopoulos,3,twitter,pkontopoulos,simple_name_prefix3:pko,0.74,1.1,1.0,0.0,0.0
4331,instagram,amanda_santoro,3,twitter,amanda_santoro,simple_name_prefix3:ama,0.74,1.1,1.0,0.0,0.0
6951,googleplus,amandaabella,6951,instagram,amandaabella,simple_name_prefix3:ama,0.74,1.1,1.0,0.0,0.0
6952,googleplus,amandablain,6952,instagram,amandablain,simple_name_prefix3:ama,0.74,1.1,1.0,0.0,0.0
6953,instagram,amandahwood,3,twitter,amandahwood,simple_name_prefix3:ama,0.74,1.1,1.0,0.0,0.0
6960,instagram,amarocreative,3,twitter,amarocreative,simple_name_prefix3:ama,0.74,1.1,1.0,0.0,0.0
12350,instagram,paultakeuchi,3,twitter,paultakeuchi,simple_name_prefix3:pau,0.74,1.1,1.0,0.0,0.0
3389,googleplus,olinkarmakar,3,twitter,olinkarmakar,simple_name_prefix3:oli,0.74,1.1,1.0,0.0,0.0
5929,instagram,olitizzle,3,twitter,olitizzle,simple_name_prefix3:oli,0.74,1.1,1.0,0.0,0.0
12173,instagram,oli4b,3,twitter,oli4b,simple_name_prefix3:oli,0.74,1.1,1.0,0.0,0.0
4335,instagram,amberdegrace,3,twitter,amberdegrace,simple_name_prefix3:amb,0.74,1.1,1.0,0.0,0.0
6962,googleplus,amberboyd,6962,instagram,amberboyd,simple_name_prefix3:amb,0.74,1.1,1.0,0.0,0.0
12179,googleplus,olivierbauermeister,12179,instagram,olivierbauermeister,simple_name_prefix3:oli,0.74,1.1,1.0,0.0,0.0
12181,googleplus,oliviertripet,12181,instagram,oliviertripet,simple_name_prefix3:oli,0.74,1.1,1.0,0.0,0.0
12181,googleplus,oliviertripet,3,twitter,oliviertripet,simple_name_prefix3:oli,0.74,1.1,1.0,0.0,0.0
6962,googleplus,amberboyd,3,twitter,amberboyd,simple_name_prefix3:amb,0.74,1.1,1.0,0.0,0.0
12228,instagram,owengeronimo,3,twitter,owengeronimo,simple_name_prefix3:owe,0.74,1.1,1.0,0.0,0.0
7005,instagram,anatonia,3,twitter,anatonia,simple_name_prefix3:ana,0.74,1.1,1.0,0.0,0.0
5936,instagram,ozaludaya,3,twitter,ozaludaya,simple_name_prefix3:oza,0.74,1.1,1.0,0.0,0.0
6566,instagram,wellfridhg,3,twitter,wellfridhg,simple_name_prefix3:wel,0.74,1.1,1.0,0.0,0.0
8462,instagram,aircrescio,3,twitter,aircrescio,simple_name_prefix3:air,0.74,1.1,1.0,0.0,0.0
3535,googleplus,pedrorprado,3,twitter,pedrorprado,simple_name_prefix3:ped,0.74,1.1,1.0,0.0,0.0
6969,googleplus,americoferrara,6969,instagram,americoferrara,simple_name_prefix3:ame,0.74,1.1,1.0,0.0,0.0
12368,googleplus,pederhedeby,12368,instagram,pederhedeby,simple_name_prefix3:ped,0.74,1.1,1.0,0.0,0.0
1474,googleplus,amydipierro,3,twitter,amydipierro,simple_name_prefix3:amy,0.74,1.1,1.0,0.0,0.0
6981,googleplus,amygodin,6981,instagram,amygodin,simple_name_prefix3:amy,0.74,1.1,1.0,0.0,0.0
12192,instagram,onuryuksel,3,twitter,onuryuksel,simple_name_prefix3:onu,0.74,1.1,1.0,0.0,0.0
6982,googleplus,amyguth,6982,instagram,amyguth,simple_name_prefix3:amy,0.74,1.1,1.0,0.0,0.0
12207,instagram,osm1987,3,twitter,osm1987,simple_name_prefix3:osm,0.74,1.1,1.0,0.0,0.0
6988,googleplus,amyturman,6988,instagram,amyturman,simple_name_prefix3:amy,0.74,1.1,1.0,0.0,0.0
6988,googleplus,amyturman,3,twitter,amyturman,simple_name_prefix3:amy,0.74,1.1,1.0,0.0,0.0
12257,googleplus,pameladay,12257,instagram,pameladay,simple_name_prefix3:pam,0.74,1.1,1.0,0.0,0.0
13454,instagram,amys94fr,3,twitter,amys94fr,simple_name_prefix3:amy,0.74,1.1,1.0,0.0,0.0
7826,googleplus,chemalara,3,twitter,chemalara,simple_name_prefix3:che,0.74,1.1,1.0,0.0,0.0
7827,googleplus,cheneselewis,7827,instagram,cheneselewis,simple_name_prefix3:che,0.74,1.1,1.0,0.0,0.0
5640,instagram,makikuroneko,3,twitter,makikuroneko,simple_name_prefix3:mak,0.74,1.1,1.0,0.0,0.0
7832,instagram,chergorgeous,3,twitter,chergorgeous,simple_name_prefix3:che,0.74,1.1,1.0,0.0,0.0
7833,googleplus,cheryldlee,7833,instagram,cheryldlee,simple_name_prefix3:che,0.74,1.1,1.0,0.0,0.0
12267,googleplus,paolamosso,12267,instagram,paolamosso,simple_name_prefix3:pao,0.74,1.1,1.0,0.0,0.0
12267,googleplus,paolamosso,3,twitter,paolamosso,simple_name_prefix3:pao,0.74,1.1,1.0,0.0,0.0
12269,googleplus,paoloaliberti,12269,instagram,paoloaliberti,simple_name_prefix3:pao,0.74,1.1,1.0,0.0,0.0
10229,instagram,genkimon,3,twitter,genkimon,simple_name_prefix3:gen,0.74,1.1,1.0,0.0,0.0
12271,googleplus,paolobarbaglia,12271,instagram,paolobarbaglia,simple_name_prefix3:pao,0.74,1.1,1.0,0.0,0.0
12271,googleplus,paolobarbaglia,3,twitter,paolobarbaglia,simple_name_prefix3:pao,0.74,1.1,1.0,0.0,0.0
6993,instagram,anakin522,3,twitter,anakin522,simple_name_prefix3:ana,0.74,1.1,1.0,0.0,0.0
6996,googleplus,anandnav,6996,instagram,anandnav,simple_name_prefix3:ana,0.74,1.1,1.0,0.0,0.0
5986,instagram,peterathans,3,twitter,peterathans,simple_name_prefix3:pet,0.74,1.1,1.0,0.0,0.0
5989,instagram,peterwsr,3,twitter,peterwsr,simple_name_prefix3:pet,0.74,1.1,1.0,0.0,0.0
12402,googleplus,peterkapakos,3,twitter,peterkapakos,simple_name_prefix3:pet,0.74,1.1,1.0,0.0,0.0
12404,googleplus,peterliu47,12404,instagram,peterliu47,simple_name_prefix3:pet,0.74,1.1,1.0,0.0,0.0
12368,googleplus,pederhedeby,3,twitter,pederhedeby,simple_name_prefix3:ped,0.74,1.1,1.0,0.0,0.0
12370,googleplus,pedrocaeiros,12370,instagram,pedrocaeiros,simple_name_prefix3:ped,0.74,1.1,1.0,0.0,0.0
6999,instagram,anashabc,3,twitter,anashabc,simple_name_prefix3:ana,0.74,1.1,1.0,0.0,0.0
14018,instagram,checovenier,3,twitter,checovenier,simple_name_prefix3:che,0.74,1.1,1.0,0.0,0.0
1498,googleplus,andrewpreble,3,twitter,andrewpreble,simple_name_prefix3:and,0.74,1.1,1.0,0.0,0.0
12374,googleplus,pedromolleda,12374,instagram,pedromolleda,simple_name_prefix3:ped,0.74,1.1,1.0,0.0,0.0
12147,instagram,obeattie,3,twitter,obeattie,simple_name_prefix3:obe,0.74,1.1,1.0,0.0,0.0
1499,googleplus,andrewreedy,3,twitter,andrewreedy,simple_name_prefix3:and,0.74,1.1,1.0,0.0,0.0
4352,instagram,andonicarrion,3,twitter,andonicarrion,simple_name_prefix3:and,0.74,1.1,1.0,0.0,0.0
5921,instagram,ogirones,3,twitter,ogirones,simple_name_prefix3:ogi,0.74,1.1,1.0,0.0,0.0
4356,instagram,andreiii,3,twitter,andreiii,simple_name_prefix3:and,0.74,1.1,1.0,0.0,0.0
7822,googleplus,chelseaduran,7822,instagram,chelseaduran,simple_name_prefix3:che,0.74,1.1,1.0,0.0,0.0
7826,googleplus,chemalara,7826,instagram,chemalara,simple_name_prefix3:che,0.74,1.1,1.0,0.0,0.0
12780,instagram,upyourego,3,twitter,upyourego,simple_name_prefix3:upy,0.74,1.1,1.0,0.0,0.0
12227,googleplus,oweneff,3,twitter,oweneff,simple_name_prefix3:owe,0.74,1.1,1.0,0.0,0.0
12228,googleplus,owengeronimo,12228,instagram,owengeronimo,simple_name_prefix3:owe,0.74,1.1,1.0,0.0,0.0
12781,instagram,rmzindorf,3,twitter,rmzindorf,simple_name_prefix3:rmz,0.74,1.1,1.0,0.0,0.0
5984,instagram,perzi,3,twitter,perzi,simple_name_prefix3:per,0.74,1.1,1.0,0.0,0.0
12392,instagram,peregeis,3,twitter,peregeis,simple_name_prefix3:per,0.74,1.1,1.0,0.0,0.0
12784,instagram,roadzy,3,twitter,roadzy,simple_name_prefix3:roa,0.74,1.1,1.0,0.0,0.0
14134,googleplus,wednesdaywolf,14134,instagram,wednesdaywolf,simple_name_prefix3:wed,0.74,1.1,1.0,0.0,0.0
12407,googleplus,peterparker513,3,twitter,peterparker513,simple_name_prefix3:pet,0.74,1.1,1.0,0.0,0.0
12408,googleplus,peterplaatsman,3,twitter,peterplaatsman,simple_name_prefix3:pet,0.74,1.1,1.0,0.0,0.0
12409,googleplus,peterrauh,12409,instagram,peterrauh,simple_name_prefix3:pet,0.74,1.1,1.0,0.0,0.0
12785,googleplus,roannarupinta,3,twitter,roannarupinta,simple_name_prefix3:roa,0.74,1.1,1.0,0.0,0.0
12793,instagram,rcrissinger,3,twitter,rcrissinger,simple_name_prefix3:rcr,0.74,1.1,1.0,0.0,0.0
12843,instagram,ucitykid88,3,twitter,ucitykid88,simple_name_prefix3:uci,0.74,1.1,1.0,0.0,0.0
12415,googleplus,peteseroogy,12415,instagram,peteseroogy,simple_name_prefix3:pet,0.74,1.1,1.0,0.0,0.0
12415,googleplus,peteseroogy,3,twitter,peteseroogy,simple_name_prefix3:pet,0.74,1.1,1.0,0.0,0.0
12418,googleplus,peteyrave,3,twitter,peteyrave,simple_name_prefix3:pet,0.74,1.1,1.0,0.0,0.0
7032,googleplus,andreashumala,7032,instagram,andreashumala,simple_name_prefix3:and,0.74,1.1,1.0,0.0,0.0
7032,googleplus,andreashumala,3,twitter,andreashumala,simple_name_prefix3:and,0.74,1.1,1.0,0.0,0.0
5899,instagram,nouv84,3,twitter,nouv84,simple_name_prefix3:nou,0.74,1.1,1.0,0.0,0.0
5902,instagram,oalonsoll,3,twitter,oalonsoll,simple_name_prefix3:oal,0.74,1.1,1.0,0.0,0.0
3506,googleplus,pietrozuco,3,twitter,pietrozuco,simple_name_prefix3:pie,0.74,1.1,1.0,0.0,0.0
4370,instagram,andrewhao,3,twitter,andrewhao,simple_name_prefix3:and,0.74,1.1,1.0,0.0,0.0
4379,instagram,andysym,3,twitter,andysym,simple_name_prefix3:and,0.74,1.1,1.0,0.0,0.0
13089,instagram,peter0600,3,twitter,peter0600,simple_name_prefix3:pet,0.74,1.1,1.0,0.0,0.0
1160,googleplus,phillipsumner,1160,instagram,phillipsumner,simple_name_prefix3:phi,0.74,1.1,1.0,0.0,0.0
3497,googleplus,phillhocking,3,twitter,phillhocking,simple_name_prefix3:phi,0.74,1.1,1.0,0.0,0.0
4381,instagram,andyzain,3,twitter,andyzain,simple_name_prefix3:and,0.74,1.1,1.0,0.0,0.0
6850,googleplus,andersonleonidas,6850,instagram,andersonleonidas,simple_name_prefix3:and,0.74,1.1,1.0,0.0,0.0
11519,googleplus,philmaylor,11519,instagram,philmaylor,simple_name_prefix3:phi,0.74,1.1,1.0,0.0,0.0
7008,googleplus,anderslorentsen,7008,instagram,anderslorentsen,simple_name_prefix3:and,0.74,1.1,1.0,0.0,0.0
12431,instagram,phillygoat,3,twitter,phillygoat,simple_name_prefix3:phi,0.74,1.1,1.0,0.0,0.0
12432,googleplus,philechols,3,twitter,philechols,simple_name_prefix3:phi,0.74,1.1,1.0,0.0,0.0
7008,googleplus,anderslorentsen,3,twitter,anderslorentsen,simple_name_prefix3:and,0.74,1.1,1.0,0.0,0.0
12435,googleplus,philipdenys,12435,instagram,philipdenys,simple_name_prefix3:phi,0.74,1.1,1.0,0.0,0.0
9870,instagram,quanack,3,twitter,quanack,simple_name_prefix3:qua,0.74,1.1,1.0,0.0,0.0
12545,googleplus,quanahzimmerman,3,twitter,quanahzimmerman,simple_name_prefix3:qua,0.74,1.1,1.0,0.0,0.0
2995,googleplus,lutzsiemer,3,twitter,lutzsiemer,simple_name_prefix3:lut,0.74,1.1,1.0,0.0,0.0
7009,googleplus,andersongouveia,7009,instagram,andersongouveia,simple_name_prefix3:and,0.74,1.1,1.0,0.0,0.0
8108,googleplus,roymcclean,3,twitter,roymcclean,simple_name_prefix3:roy,0.74,1.1,1.0,0.0,0.0
7010,googleplus,anderssporring,7010,instagram,anderssporring,simple_name_prefix3:and,0.74,1.1,1.0,0.0,0.0
7039,googleplus,andreelijah,3,twitter,andreelijah,simple_name_prefix3:and,0.74,1.1,1.0,0.0,0.0
12436,instagram,philipray88,3,twitter,philipray88,simple_name_prefix3:phi,0.74,1.1,1.0,0.0,0.0
12439,googleplus,philjengkane,12439,instagram,philjengkane,simple_name_prefix3:phi,0.74,1.1,1.0,0.0,0.0
12440,googleplus,philkeeler,12440,instagram,philkeeler,simple_name_prefix3:phi,0.74,1.1,1.0,0.0,0.0
12440,googleplus,philkeeler,3,twitter,philkeeler,simple_name_prefix3:phi,0.74,1.1,1.0,0.0,0.0
12443,googleplus,philstrahl,12443,instagram,philstrahl,simple_name_prefix3:phi,0.74,1.1,1.0,0.0,0.0
12533,googleplus,philippepugin,3,twitter,philippepugin,simple_name_prefix3:phi,0.74,1.1,1.0,0.0,0.0
1162,googleplus,pierresuchet,1162,instagram,pierresuchet,simple_name_prefix3:pie,0.74,1.1,1.0,0.0,0.0
5868,instagram,rafaelnepo,3,twitter,rafaelnepo,simple_name_prefix3:raf,0.74,1.1,1.0,0.0,0.0
6051,instagram,rafaloucel,3,twitter,rafaloucel,simple_name_prefix3:raf,0.74,1.1,1.0,0.0,0.0
7043,googleplus,andrescarceller,7043,instagram,andrescarceller,simple_name_prefix3:and,0.74,1.1,1.0,0.0,0.0
12577,googleplus,rafaelochoa,12577,instagram,rafaelochoa,simple_name_prefix3:raf,0.74,1.1,1.0,0.0,0.0
7043,googleplus,andrescarceller,3,twitter,andrescarceller,simple_name_prefix3:and,0.74,1.1,1.0,0.0,0.0
12578,instagram,rafaeltds,3,twitter,rafaeltds,simple_name_prefix3:raf,0.74,1.1,1.0,0.0,0.0
12461,googleplus,pierretran,12461,instagram,pierretran,simple_name_prefix3:pie,0.74,1.1,1.0,0.0,0.0
7011,instagram,anderssv,3,twitter,anderssv,simple_name_prefix3:and,0.74,1.1,1.0,0.0,0.0
12463,instagram,pierodibello,3,twitter,pierodibello,simple_name_prefix3:pie,0.74,1.1,1.0,0.0,0.0
12504,instagram,porcupiny,3,twitter,porcupiny,simple_name_prefix3:por,0.74,1.1,1.0,0.0,0.0
7030,googleplus,andreasfeusi,7030,instagram,andreasfeusi,simple_name_prefix3:and,0.74,1.1,1.0,0.0,0.0
12580,googleplus,rafaesp,3,twitter,rafaesp,simple_name_prefix3:raf,0.74,1.1,1.0,0.0,0.0
12661,googleplus,rdalba,12661,instagram,rdalba,simple_name_prefix3:rda,0.74,1.1,1.0,0.0,0.0
12661,googleplus,rdalba,3,twitter,rdalba,simple_name_prefix3:rda,0.74,1.1,1.0,0.0,0.0
12584,googleplus,raffaellosetten,12584,instagram,raffaellosetten,simple_name_prefix3:raf,0.74,1.1,1.0,0.0,0.0
12584,googleplus,raffaellosetten,3,twitter,raffaellosetten,simple_name_prefix3:raf,0.74,1.1,1.0,0.0,0.0
12586,instagram,raghavb95,3,twitter,raghavb95,simple_name_prefix3:rag,0.74,1.1,1.0,0.0,0.0
6053,instagram,raissacheu,3,twitter,raissacheu,simple_name_prefix3:rai,0.74,1.1,1.0,0.0,0.0
12911,googleplus,roybird,3,twitter,roybird,simple_name_prefix3:roy,0.74,1.1,1.0,0.0,0.0
12914,instagram,royterp,3,twitter,royterp,simple_name_prefix3:roy,0.74,1.1,1.0,0.0,0.0
12778,googleplus,rmichaelbrown,12778,instagram,rmichaelbrown,simple_name_prefix3:rmi,0.74,1.1,1.0,0.0,0.0
12572,googleplus,raenpayne,3,twitter,raenpayne,simple_name_prefix3:rae,0.74,1.1,1.0,0.0,0.0
3555,googleplus,rafaelsocarras,3,twitter,rafaelsocarras,simple_name_prefix3:raf,0.74,1.1,1.0,0.0,0.0
12707,googleplus,rgrankine,12707,instagram,rgrankine,simple_name_prefix3:rgr,0.74,1.1,1.0,0.0,0.0
11824,googleplus,mmohsinnaeem,3,twitter,mmohsinnaeem,simple_name_prefix3:mmo,0.74,1.1,1.0,0.0,0.0
5810,instagram,mwnader,3,twitter,mwnader,simple_name_prefix3:mwn,0.74,1.1,1.0,0.0,0.0
5811,instagram,mndbn,3,twitter,mndbn,simple_name_prefix3:mnd,0.74,1.1,1.0,0.0,0.0
5812,instagram,mndoci,3,twitter,mndoci,simple_name_prefix3:mnd,0.74,1.1,1.0,0.0,0.0
5824,instagram,mopostal,3,twitter,mopostal,simple_name_prefix3:mop,0.74,1.1,1.0,0.0,0.0
11488,instagram,mrae19,3,twitter,mrae19,simple_name_prefix3:mra,0.74,1.1,1.0,0.0,0.0
12709,instagram,rhendyhilman,3,twitter,rhendyhilman,simple_name_prefix3:rhe,0.74,1.1,1.0,0.0,0.0
12732,instagram,rsmithcrown,3,twitter,rsmithcrown,simple_name_prefix3:rsm,0.74,1.1,1.0,0.0,0.0
5829,instagram,mrrichmond1995,3,twitter,mrrichmond1995,simple_name_prefix3:mrr,0.74,1.1,1.0,0.0,0.0
7035,googleplus,andreaspeziali,7035,instagram,andreaspeziali,simple_name_prefix3:and,0.74,1.1,1.0,0.0,0.0
5841,instagram,mykoleary,3,twitter,mykoleary,simple_name_prefix3:myk,0.74,1.1,1.0,0.0,0.0
12579,googleplus,rafaeltinel,12579,instagram,rafaeltinel,simple_name_prefix3:raf,0.74,1.1,1.0,0.0,0.0
12579,googleplus,rafaeltinel,3,twitter,rafaeltinel,simple_name_prefix3:raf,0.74,1.1,1.0,0.0,0.0
12580,googleplus,rafaesp,12580,instagram,rafaesp,simple_name_prefix3:raf,0.74,1.1,1.0,0.0,0.0
12599,instagram,ralbiol,3,twitter,ralbiol,simple_name_prefix3:ral,0.74,1.1,1.0,0.0,0.0
12591,instagram,rainerflame,3,twitter,rainerflame,simple_name_prefix3:rai,0.74,1.1,1.0,0.0,0.0
6054,instagram,rajytech,3,twitter,rajytech,simple_name_prefix3:raj,0.74,1.1,1.0,0.0,0.0
12596,googleplus,rajivdoshi,12596,instagram,rajivdoshi,simple_name_prefix3:raj,0.74,1.1,1.0,0.0,0.0
7054,googleplus,andrewfoote,7054,instagram,andrewfoote,simple_name_prefix3:and,0.74,1.1,1.0,0.0,0.0
3569,googleplus,ramiromora,3,twitter,ramiromora,simple_name_prefix3:ram,0.74,1.1,1.0,0.0,0.0
6056,instagram,ramillasouza,3,twitter,ramillasouza,simple_name_prefix3:ram,0.74,1.1,1.0,0.0,0.0
7054,googleplus,andrewfoote,3,twitter,andrewfoote,simple_name_prefix3:and,0.74,1.1,1.0,0.0,0.0
7055,googleplus,andrewfulford,7055,instagram,andrewfulford,simple_name_prefix3:and,0.74,1.1,1.0,0.0,0.0
12608,googleplus,ramizahrahman,12608,instagram,ramizahrahman,simple_name_prefix3:ram,0.74,1.1,1.0,0.0,0.0
11693,instagram,mjcaballeroc,3,twitter,mjcaballeroc,simple_name_prefix3:mjc,0.74,1.1,1.0,0.0,0.0
11794,instagram,mjcoffeeholick,3,twitter,mjcoffeeholick,simple_name_prefix3:mjc,0.74,1.1,1.0,0.0,0.0
12675,googleplus,redfabbri,12675,instagram,redfabbri,simple_name_prefix3:red,0.74,1.1,1.0,0.0,0.0
7055,googleplus,andrewfulford,3,twitter,andrewfulford,simple_name_prefix3:and,0.74,1.1,1.0,0.0,0.0
12613,instagram,ramoss,3,twitter,ramoss,simple_name_prefix3:ram,0.74,1.1,1.0,0.0,0.0
6061,instagram,raphaeldeeter,3,twitter,raphaeldeeter,simple_name_prefix3:rap,0.74,1.1,1.0,0.0,0.0
7057,googleplus,andrewgirdwood,7057,instagram,andrewgirdwood,simple_name_prefix3:and,0.74,1.1,1.0,0.0,0.0
7058,googleplus,andrewgotti,7058,instagram,andrewgotti,simple_name_prefix3:and,0.74,1.1,1.0,0.0,0.0
7058,googleplus,andrewgotti,3,twitter,andrewgotti,simple_name_prefix3:and,0.74,1.1,1.0,0.0,0.0
12622,googleplus,raphaelwermuth,12622,instagram,raphaelwermuth,simple_name_prefix3:rap,0.74,1.1,1.0,0.0,0.0
12624,instagram,rappscott,3,twitter,rappscott,simple_name_prefix3:rap,0.74,1.1,1.0,0.0,0.0
6063,instagram,raquelohashi,3,twitter,raquelohashi,simple_name_prefix3:raq,0.74,1.1,1.0,0.0,0.0
12625,instagram,raqsotollacer,3,twitter,raqsotollacer,simple_name_prefix3:raq,0.74,1.1,1.0,0.0,0.0
4419,instagram,arthur_chance,3,twitter,arthur_chance,simple_name_prefix3:art,0.74,1.1,1.0,0.0,0.0
4422,instagram,artismia,3,twitter,artismia,simple_name_prefix3:art,0.74,1.1,1.0,0.0,0.0
7061,instagram,andrewmorgan,3,twitter,andrewmorgan,simple_name_prefix3:and,0.74,1.1,1.0,0.0,0.0
12603,instagram,ralphartphoto,3,twitter,ralphartphoto,simple_name_prefix3:ral,0.74,1.1,1.0,0.0,0.0
7064,instagram,andrewfide,3,twitter,andrewfide,simple_name_prefix3:and,0.74,1.1,1.0,0.0,0.0
13088,googleplus,ralphscholze,13088,instagram,ralphscholze,simple_name_prefix3:ral,0.74,1.1,1.0,0.0,0.0
13088,googleplus,ralphscholze,3,twitter,ralphscholze,simple_name_prefix3:ral,0.74,1.1,1.0,0.0,0.0
6002,instagram,pixelwonderz,3,twitter,pixelwonderz,simple_name_prefix3:pix,0.74,1.1,1.0,0.0,0.0
1176,googleplus,rebeccabuscemi,1176,instagram,rebeccabuscemi,simple_name_prefix3:reb,0.74,1.1,1.0,0.0,0.0
7071,googleplus,andrewzander,3,twitter,andrewzander,simple_name_prefix3:and,0.74,1.1,1.0,0.0,0.0
12672,googleplus,rebeccateldja,3,twitter,rebeccateldja,simple_name_prefix3:reb,0.74,1.1,1.0,0.0,0.0
7073,instagram,andriatriv,3,twitter,andriatriv,simple_name_prefix3:and,0.74,1.1,1.0,0.0,0.0
11828,instagram,redska,3,twitter,redska,simple_name_prefix3:red,0.74,1.1,1.0,0.0,0.0
12602,instagram,redcomethk,3,twitter,redcomethk,simple_name_prefix3:red,0.74,1.1,1.0,0.0,0.0
7075,instagram,androssity,3,twitter,androssity,simple_name_prefix3:and,0.74,1.1,1.0,0.0,0.0
7081,googleplus,andyheck,3,twitter,andyheck,simple_name_prefix3:and,0.74,1.1,1.0,0.0,0.0
7082,instagram,andyhern,3,twitter,andyhern,simple_name_prefix3:and,0.74,1.1,1.0,0.0,0.0
13063,instagram,satoryasuga,3,twitter,satoryasuga,simple_name_prefix3:sat,0.74,1.1,1.0,0.0,0.0
4135,googleplus,williamfoote,3,twitter,williamfoote,simple_name_prefix3:wil,0.74,1.1,1.0,0.0,0.0
4145,googleplus,willstrohl,3,twitter,willstrohl,simple_name_prefix3:wil,0.74,1.1,1.0,0.0,0.0
7083,googleplus,andyhickl,3,twitter,andyhickl,simple_name_prefix3:and,0.74,1.1,1.0,0.0,0.0
6576,instagram,willyandres,3,twitter,willyandres,simple_name_prefix3:wil,0.74,1.1,1.0,0.0,0.0
10951,instagram,wildworks,3,twitter,wildworks,simple_name_prefix3:wil,0.74,1.1,1.0,0.0,0.0
14169,googleplus,wilberthleo,14169,instagram,wilberthleo,simple_name_prefix3:wil,0.74,1.1,1.0,0.0,0.0
6075,instagram,reevescollege,3,twitter,reevescollege,simple_name_prefix3:ree,0.74,1.1,1.0,0.0,0.0
7051,googleplus,andrettibrown,7051,instagram,andrettibrown,simple_name_prefix3:and,0.74,1.1,1.0,0.0,0.0
7098,googleplus,angelikalattner,7098,instagram,angelikalattner,simple_name_prefix3:ang,0.74,1.1,1.0,0.0,0.0
7098,googleplus,angelikalattner,3,twitter,angelikalattner,simple_name_prefix3:ang,0.74,1.1,1.0,0.0,0.0
7084,googleplus,andypiper,7084,instagram,andypiper,simple_name_prefix3:and,0.74,1.1,1.0,0.0,0.0
7087,instagram,andywhyteuk,3,twitter,andywhyteuk,simple_name_prefix3:and,0.74,1.1,0.3333333333333333,1.0,0.0
5769,instagram,mihahribar,3,twitter,mihahribar,simple_name_prefix3:mih,0.74,1.1,1.0,0.0,0.0
11700,googleplus,mihaelcmrk,11700,instagram,mihaelcmrk,simple_name_prefix3:mih,0.74,1.1,1.0,0.0,0.0
11700,googleplus,mihaelcmrk,3,twitter,mihaelcmrk,simple_name_prefix3:mih,0.74,1.1,1.0,0.0,0.0
5771,instagram,mijlee,3,twitter,mijlee,simple_name_prefix3:mij,0.74,1.1,1.0,0.0,0.0
9408,googleplus,andresrojascifuentes,9408,instagram,andresrojascifuentes,simple_name_prefix3:and,0.74,1.1,1.0,0.0,0.0
12626,instagram,mijasays,3,twitter,mijasays,simple_name_prefix3:mij,0.74,1.1,1.0,0.0,0.0
12759,googleplus,rikkiarundel,12759,instagram,rikkiarundel,simple_name_prefix3:rik,0.74,1.1,1.0,0.0,0.0
12759,googleplus,rikkiarundel,3,twitter,rikkiarundel,simple_name_prefix3:rik,0.74,1.1,1.0,0.0,0.0
9882,instagram,andreufran,3,twitter,andreufran,simple_name_prefix3:and,0.74,1.1,1.0,0.0,0.0
5799,instagram,miudovisk,3,twitter,miudovisk,simple_name_prefix3:miu,0.74,1.1,1.0,0.0,0.0
9281,googleplus,godivaartstudio,9281,instagram,godivaartstudio,simple_name_prefix3:god,0.74,1.1,1.0,0.0,0.0
12566,instagram,rachit995,3,twitter,rachit995,simple_name_prefix3:rac,0.74,1.1,0.3333333333333333,1.0,0.0
12858,instagram,rogerellman,3,twitter,rogerellman,simple_name_prefix3:rog,0.74,1.1,1.0,0.0,0.0
12859,googleplus,rogermenezes,12859,instagram,rogermenezes,simple_name_prefix3:rog,0.74,1.1,1.0,0.0,0.0
12859,googleplus,rogermenezes,3,twitter,rogermenezes,simple_name_prefix3:rog,0.74,1.1,1.0,0.0,0.0
12861,googleplus,rogerserra,3,twitter,rogerserra,simple_name_prefix3:rog,0.74,1.1,1.0,0.0,0.0
14169,googleplus,wilberthleo,3,twitter,wilberthleo,simple_name_prefix3:wil,0.74,1.1,1.0,0.0,0.0
14170,googleplus,wildcatwearhouse,14170,instagram,wildcatwearhouse,simple_name_prefix3:wil,0.74,1.1,1.0,0.0,0.0
758,googleplus,artschultz13,758,instagram,artschultz13,simple_name_prefix3:art,0.74,1.1,1.0,0.0,0.0
14172,googleplus,willblackford,3,twitter,willblackford,simple_name_prefix3:wil,0.74,1.1,1.0,0.0,0.0
6211,instagram,antoniosastre,3,twitter,antoniosastre,simple_name_prefix3:ant,0.74,1.1,1.0,0.0,0.0
14177,instagram,wilzdezign,3,twitter,wilzdezign,simple_name_prefix3:wil,0.74,1.1,1.0,0.0,0.0
14178,instagram,williamgarrison,3,twitter,williamgarrison,simple_name_prefix3:wil,0.74,1.1,1.0,0.0,0.0
14181,googleplus,willlucas,14181,instagram,willlucas,simple_name_prefix3:wil,0.74,1.1,1.0,0.0,0.0
7141,instagram,antgoo,3,twitter,antgoo,simple_name_prefix3:ant,0.74,1.1,1.0,0.0,0.0
3552,googleplus,ronyraditya,3,twitter,ronyraditya,simple_name_prefix3:ron,0.74,1.1,1.0,0.0,0.0
7212,instagram,arthurhabrial,3,twitter,arthurhabrial,simple_name_prefix3:art,0.74,1.1,1.0,0.0,0.0
12876,instagram,ronaru,3,twitter,ronaru,simple_name_prefix3:ron,0.74,1.1,1.0,0.0,0.0
12880,googleplus,roncaglia,12880,instagram,roncaglia,simple_name_prefix3:ron,0.74,1.1,1.0,0.0,0.0
12881,googleplus,rondomingue,12881,instagram,rondomingue,simple_name_prefix3:ron,0.74,1.1,1.0,0.0,0.0
7213,googleplus,artiedavis,7213,instagram,artiedavis,simple_name_prefix3:art,0.74,1.1,1.0,0.0,0.0
12882,instagram,rondoner,3,twitter,rondoner,simple_name_prefix3:ron,0.74,1.1,1.0,0.0,0.0
7213,googleplus,artiedavis,3,twitter,artiedavis,simple_name_prefix3:art,0.74,1.1,1.0,0.0,0.0
12856,googleplus,rogerbalettie,12856,instagram,rogerbalettie,simple_name_prefix3:rog,0.74,1.1,1.0,0.0,0.0
7218,googleplus,arturogarrido,3,twitter,arturogarrido,simple_name_prefix3:art,0.74,1.1,1.0,0.0,0.0
12858,googleplus,rogerellman,12858,instagram,rogerellman,simple_name_prefix3:rog,0.74,1.1,1.0,0.0,0.0
7219,instagram,arturolodetti,3,twitter,arturolodetti,simple_name_prefix3:art,0.74,1.1,1.0,0.0,0.0
7223,instagram,artwitholiveri,3,twitter,artwitholiveri,simple_name_prefix3:art,0.74,1.1,1.0,0.0,0.0
5944,instagram,padamsny,3,twitter,padamsny,simple_name_prefix3:pad,0.74,1.1,1.0,0.0,0.0
1513,googleplus,angelaanessi,3,twitter,angelaanessi,simple_name_prefix3:ang,0.74,1.1,1.0,0.0,0.0
9691,googleplus,irinasouiki,3,twitter,irinasouiki,simple_name_prefix3:iri,0.74,1.1,1.0,0.0,0.0
5748,instagram,cycomachead,3,twitter,cycomachead,simple_name_prefix3:cyc,0.74,1.1,1.0,0.0,0.0
5749,instagram,ozmilo,3,twitter,ozmilo,simple_name_prefix3:ozm,0.74,1.1,1.0,0.0,0.0
5803,instagram,mkfeeney,3,twitter,mkfeeney,simple_name_prefix3:mkf,0.74,1.1,1.0,0.0,0.0
7096,googleplus,angelcano,3,twitter,angelcano,simple_name_prefix3:ang,0.74,1.1,1.0,0.0,0.0
7150,googleplus,antonabreu,7150,instagram,antonabreu,simple_name_prefix3:ant,0.74,1.1,1.0,0.0,0.0
7154,googleplus,antonioaraya,7154,instagram,antonioaraya,simple_name_prefix3:ant,0.74,1.1,1.0,0.0,0.0
12871,googleplus,romullopontes,12871,instagram,romullopontes,simple_name_prefix3:rom,0.74,1.1,1.0,0.0,0.0
7108,googleplus,angiepascale,3,twitter,angiepascale,simple_name_prefix3:ang,0.74,1.1,1.0,0.0,0.0
11073,googleplus,angeemaree,3,twitter,angeemaree,simple_name_prefix3:ang,0.74,1.1,1.0,0.0,0.0
12889,googleplus,ronrocz,12889,instagram,ronrocz,simple_name_prefix3:ron,0.74,1.1,1.0,0.0,0.0
12889,googleplus,ronrocz,3,twitter,ronrocz,simple_name_prefix3:ron,0.74,1.1,1.0,0.0,0.0
4398,instagram,anthonybrown,3,twitter,anthonybrown,simple_name_prefix3:ant,0.74,1.1,1.0,0.0,0.0
12892,googleplus,ronsela,3,twitter,ronsela,simple_name_prefix3:ron,0.74,1.1,1.0,0.0,0.0
12253,instagram,palaceparker,3,twitter,palaceparker,simple_name_prefix3:pal,0.74,1.1,1.0,0.0,0.0
12464,instagram,piffie,3,twitter,piffie,simple_name_prefix3:pif,0.74,1.1,1.0,0.0,0.0
6111,instagram,rowiro,3,twitter,rowiro,simple_name_prefix3:row,0.74,1.1,1.0,0.0,0.0
12481,instagram,tplevel77,3,twitter,tplevel77,simple_name_prefix3:tpl,0.74,1.1,1.0,0.0,0.0
12540,instagram,pvantees,3,twitter,pvantees,simple_name_prefix3:pva,0.74,1.1,1.0,0.0,0.0
12547,instagram,qudimat,3,twitter,qudimat,simple_name_prefix3:qud,0.74,1.1,1.0,0.0,0.0
5654,instagram,fo_cs,3,twitter,fo_cs,simple_name_prefix3:fo_,0.74,1.1,1.0,0.0,0.0
12554,instagram,ra3odi,3,twitter,ra3odi,simple_name_prefix3:ra3,0.74,1.1,1.0,0.0,0.0
5833,instagram,mtapester,3,twitter,mtapester,simple_name_prefix3:mta,0.74,1.1,1.0,0.0,0.0
14227,instagram,ses770227,3,twitter,ses770227,simple_name_prefix3:ses,0.74,1.1,1.0,0.0,0.0
3709,googleplus,ryanhattaway,3,twitter,ryanhattaway,simple_name_prefix3:rya,0.74,1.1,1.0,0.0,0.0
3712,googleplus,ryannore,3,twitter,ryannore,simple_name_prefix3:rya,0.74,1.1,1.0,0.0,0.0
3715,googleplus,ryantabora,3,twitter,ryantabora,simple_name_prefix3:rya,0.74,1.1,1.0,0.0,0.0
6160,instagram,ryanleggett,3,twitter,ryanleggett,simple_name_prefix3:rya,0.74,1.1,1.0,0.0,0.0
6162,instagram,ryansharp,3,twitter,ryansharp,simple_name_prefix3:rya,0.74,1.1,1.0,0.0,0.0
12772,googleplus,ryanfujiu,12772,instagram,ryanfujiu,simple_name_prefix3:rya,0.74,1.1,1.0,0.0,0.0
12772,googleplus,ryanfujiu,3,twitter,ryanfujiu,simple_name_prefix3:rya,0.74,1.1,1.0,0.0,0.0
7147,googleplus,anthonystevven,3,twitter,anthonystevven,simple_name_prefix3:ant,0.74,1.1,1.0,0.0,0.0
12951,googleplus,ryanhodek,3,twitter,ryanhodek,simple_name_prefix3:rya,0.74,1.1,1.0,0.0,0.0
12952,googleplus,ryanhurlburt,12952,instagram,ryanhurlburt,simple_name_prefix3:rya,0.74,1.1,1.0,0.0,0.0
12885,googleplus,roninoone,12885,instagram,roninoone,simple_name_prefix3:ron,0.74,1.1,1.0,0.0,0.0
7149,googleplus,antoinesylvia,7149,instagram,antoinesylvia,simple_name_prefix3:ant,0.74,1.1,1.0,0.0,0.0
13511,instagram,sunanulh,3,twitter,sunanulh,simple_name_prefix3:sun,0.74,1.1,1.0,0.0,0.0
13512,googleplus,suneeshlal,3,twitter,suneeshlal,simple_name_prefix3:sun,0.74,1.1,1.0,0.0,0.0
12954,googleplus,ryanketterman,12954,instagram,ryanketterman,simple_name_prefix3:rya,0.74,1.1,1.0,0.0,0.0
6460,instagram,traceyhaun,3,twitter,traceyhaun,simple_name_prefix3:tra,0.74,1.1,1.0,0.0,0.0
12955,googleplus,ryankubo,12955,instagram,ryankubo,simple_name_prefix3:rya,0.74,1.1,1.0,0.0,0.0
6462,instagram,travenco,3,twitter,travenco,simple_name_prefix3:tra,0.74,1.1,1.0,0.0,0.0
12956,instagram,ryanlmurphy,3,twitter,ryanlmurphy,simple_name_prefix3:rya,0.74,1.1,1.0,0.0,0.0
12958,googleplus,ryaneriksson,3,twitter,ryaneriksson,simple_name_prefix3:rya,0.74,1.1,1.0,0.0,0.0
12960,googleplus,ryanpratt,12960,instagram,ryanpratt,simple_name_prefix3:rya,0.74,1.1,1.0,0.0,0.0
13611,googleplus,travisdodson,3,twitter,travisdodson,simple_name_prefix3:tra,0.74,1.1,1.0,0.0,0.0
12962,googleplus,ryanruppe,12962,instagram,ryanruppe,simple_name_prefix3:rya,0.74,1.1,1.0,0.0,0.0
7157,instagram,antonio_garrido,3,twitter,antonio_garrido,simple_name_prefix3:ant,0.74,1.1,1.0,0.0,0.0
12245,instagram,pacmankillers,3,twitter,pacmankillers,simple_name_prefix3:pac,0.74,1.1,1.0,0.0,0.0
7161,googleplus,antoniorodilla,3,twitter,antoniorodilla,simple_name_prefix3:ant,0.74,1.1,1.0,0.0,0.0
11506,googleplus,anthonyhershko,11506,instagram,anthonyhershko,simple_name_prefix3:ant,0.74,1.1,1.0,0.0,0.0
13043,googleplus,sarahbuhr,13043,instagram,sarahbuhr,simple_name_prefix3:sar,0.74,1.1,1.0,0.0,0.0
13045,instagram,sarahemiline,3,twitter,sarahemiline,simple_name_prefix3:sar,0.74,1.1,1.0,0.0,0.0
13047,instagram,sarahjreports,3,twitter,sarahjreports,simple_name_prefix3:sar,0.74,1.1,1.0,0.0,0.0
12248,instagram,pacoonair,3,twitter,pacoonair,simple_name_prefix3:pac,0.74,1.1,1.0,0.0,0.0
12249,instagram,pacoperan,3,twitter,pacoperan,simple_name_prefix3:pac,0.74,1.1,1.0,0.0,0.0
5618,instagram,lunaballato,3,twitter,lunaballato,simple_name_prefix3:lun,0.74,1.1,1.0,0.0,0.0
11152,googleplus,lunaaskar,11152,instagram,lunaaskar,simple_name_prefix3:lun,0.74,1.1,1.0,0.0,0.0
11153,instagram,lunic,3,twitter,lunic,simple_name_prefix3:lun,0.74,1.1,1.0,0.0,0.0
3725,googleplus,saifalfalah,3,twitter,saifalfalah,simple_name_prefix3:sai,0.74,1.1,1.0,0.0,0.0
1537,googleplus,anubhavsethi,3,twitter,anubhavsethi,simple_name_prefix3:anu,0.74,1.1,1.0,0.0,0.0
1255,googleplus,sunnykanoi,1255,instagram,sunnykanoi,simple_name_prefix3:sun,0.74,1.1,1.0,0.0,0.0
1538,googleplus,anuharchu,3,twitter,anuharchu,simple_name_prefix3:anu,0.74,1.1,1.0,0.0,0.0
5211,instagram,appertunity,3,twitter,appertunity,simple_name_prefix3:app,0.74,1.1,1.0,0.0,0.0
7173,googleplus,appleheadink,7173,instagram,appleheadink,simple_name_prefix3:app,0.74,1.1,1.0,0.0,0.0
7964,instagram,armst,3,twitter,armst,simple_name_prefix3:arm,0.74,1.1,1.0,0.0,0.0
13053,googleplus,saralingafelter,13053,instagram,saralingafelter,simple_name_prefix3:sar,0.74,1.1,1.0,0.0,0.0
13053,googleplus,saralingafelter,3,twitter,saralingafelter,simple_name_prefix3:sar,0.74,1.1,1.0,0.0,0.0
13054,googleplus,sarataricani,13054,instagram,sarataricani,simple_name_prefix3:sar,0.74,1.1,1.0,0.0,0.0
769,googleplus,benediktsebastian,769,instagram,benediktsebastian,simple_name_prefix3:ben,0.74,1.1,1.0,0.0,0.0
13055,instagram,saratpollock,3,twitter,saratpollock,simple_name_prefix3:sar,0.74,1.1,1.0,0.0,0.0
1621,googleplus,benamontame,3,twitter,benamontame,simple_name_prefix3:ben,0.74,1.1,1.0,0.0,0.0
1212,googleplus,saraallan,1212,instagram,saraallan,simple_name_prefix3:sar,0.74,1.1,1.0,0.0,0.0
3750,googleplus,sarahanneperry,3,twitter,sarahanneperry,simple_name_prefix3:sar,0.74,1.1,1.0,0.0,0.0
1545,googleplus,aprillynnescott,3,twitter,aprillynnescott,simple_name_prefix3:apr,0.74,1.1,1.0,0.0,0.0
7178,instagram,aragunde,3,twitter,aragunde,simple_name_prefix3:ara,0.74,1.1,1.0,0.0,0.0
7182,googleplus,ardailsmith,7182,instagram,ardailsmith,simple_name_prefix3:ard,0.74,1.1,1.0,0.0,0.0
7182,googleplus,ardailsmith,3,twitter,ardailsmith,simple_name_prefix3:ard,0.74,1.1,1.0,0.0,0.0
5568,instagram,lienje,3,twitter,lienje,simple_name_prefix3:lie,0.74,1.1,1.0,0.0,0.0
11030,googleplus,lizandromelean,11030,instagram,lizandromelean,simple_name_prefix3:liz,0.74,1.1,1.0,0.0,0.0
11033,googleplus,lizcappon,11033,instagram,lizcappon,simple_name_prefix3:liz,0.74,1.1,1.0,0.0,0.0
11034,instagram,lizcarey13,3,twitter,lizcarey13,simple_name_prefix3:liz,0.74,1.1,1.0,0.0,0.0
11035,googleplus,lizjostes,3,twitter,lizjostes,simple_name_prefix3:liz,0.74,1.1,1.0,0.0,0.0
11036,instagram,liz_karschner,3,twitter,liz_karschner,simple_name_prefix3:liz,0.74,1.1,1.0,0.0,0.0
1548,googleplus,arelenglish,3,twitter,arelenglish,simple_name_prefix3:are,0.74,1.1,1.0,0.0,0.0
5598,instagram,lsolheid,3,twitter,lsolheid,simple_name_prefix3:lso,0.74,1.1,1.0,0.0,0.0
7183,googleplus,areeidet,7183,instagram,areeidet,simple_name_prefix3:are,0.74,1.1,1.0,0.0,0.0
4033,googleplus,tracyleestum,3,twitter,tracyleestum,simple_name_prefix3:tra,0.74,1.1,1.0,0.0,0.0
13049,googleplus,sarahkuntsal,13049,instagram,sarahkuntsal,simple_name_prefix3:sar,0.74,1.1,1.0,0.0,0.0
3743,googleplus,sandrafoyt,3,twitter,sandrafoyt,simple_name_prefix3:san,0.74,1.1,1.0,0.0,0.0
3748,googleplus,saniabinader,3,twitter,saniabinader,simple_name_prefix3:san,0.74,1.1,1.0,0.0,0.0
4035,googleplus,traeblain,3,twitter,traeblain,simple_name_prefix3:tra,0.74,1.1,1.0,0.0,0.0
7392,googleplus,bendroz,7392,instagram,bendroz,simple_name_prefix3:ben,0.74,1.1,1.0,0.0,0.0
6196,instagram,sandylucien,3,twitter,sandylucien,simple_name_prefix3:san,0.74,1.1,1.0,0.0,0.0
6197,instagram,sanjay_sahani,3,twitter,sanjay_sahani,simple_name_prefix3:san,0.74,1.1,1.0,0.0,0.0
7392,googleplus,bendroz,3,twitter,bendroz,simple_name_prefix3:ben,0.74,1.1,1.0,0.0,0.0
13019,googleplus,sanabakshi,13019,instagram,sanabakshi,simple_name_prefix3:san,0.74,1.1,1.0,0.0,0.0
13020,googleplus,sanahsayani,13020,instagram,sanahsayani,simple_name_prefix3:san,0.74,1.1,1.0,0.0,0.0
13021,googleplus,sanatawileh,13021,instagram,sanatawileh,simple_name_prefix3:san,0.74,1.1,1.0,0.0,0.0
13023,googleplus,sanderterhaar,3,twitter,sanderterhaar,simple_name_prefix3:san,0.74,1.1,1.0,0.0,0.0
13024,googleplus,sandieterenzi,13024,instagram,sandieterenzi,simple_name_prefix3:san,0.74,1.1,1.0,0.0,0.0
11142,instagram,lalgarra,3,twitter,lalgarra,simple_name_prefix3:lal,0.74,1.1,1.0,0.0,0.0
11047,instagram,lbroekman,3,twitter,lbroekman,simple_name_prefix3:lbr,0.74,1.1,1.0,0.0,0.0
13857,instagram,traazil,3,twitter,traazil,simple_name_prefix3:tra,0.74,1.1,1.0,0.0,0.0
13865,googleplus,tracyreneejones,3,twitter,tracyreneejones,simple_name_prefix3:tra,0.74,1.1,1.0,0.0,0.0
13866,googleplus,tracytran,13866,instagram,tracytran,simple_name_prefix3:tra,0.74,1.1,1.0,0.0,0.0
13028,googleplus,sandraregol,3,twitter,sandraregol,simple_name_prefix3:san,0.74,1.1,1.0,0.0,0.0
13030,googleplus,sandysandmeyer,13030,instagram,sandysandmeyer,simple_name_prefix3:san,0.74,1.1,1.0,0.0,0.0
13030,googleplus,sandysandmeyer,3,twitter,sandysandmeyer,simple_name_prefix3:san,0.74,1.1,1.0,0.0,0.0
13866,googleplus,tracytran,3,twitter,tracytran,simple_name_prefix3:tra,0.74,1.1,1.0,0.0,0.0
13868,instagram,tranceh2,3,twitter,tranceh2,simple_name_prefix3:tra,0.74,1.1,1.0,0.0,0.0
13036,instagram,santayanapower,3,twitter,santayanapower,simple_name_prefix3:san,0.74,1.1,1.0,0.0,0.0
13871,instagram,transportgooru,3,twitter,transportgooru,simple_name_prefix3:tra,0.74,1.1,1.0,0.0,0.0
13039,googleplus,santospalazzi,13039,instagram,santospalazzi,simple_name_prefix3:san,0.74,1.1,1.0,0.0,0.0
13056,instagram,sardinasa,3,twitter,sardinasa,simple_name_prefix3:sar,0.74,1.1,1.0,0.0,0.0
13057,instagram,saridigital,3,twitter,saridigital,simple_name_prefix3:sar,0.74,1.1,1.0,0.0,0.0
13875,instagram,travis_chambers,3,twitter,travis_chambers,simple_name_prefix3:tra,0.74,1.1,1.0,0.0,0.0
13876,googleplus,travisfitzwater,13876,instagram,travisfitzwater,simple_name_prefix3:tra,0.74,1.1,1.0,0.0,0.0
6222,instagram,scottmeier1,3,twitter,scottmeier1,simple_name_prefix3:sco,0.74,1.1,1.0,0.0,0.0
6224,instagram,scottstead,3,twitter,scottstead,simple_name_prefix3:sco,0.74,1.1,1.0,0.0,0.0
10967,instagram,scottylikescake,3,twitter,scottylikescake,simple_name_prefix3:sco,0.74,1.1,1.0,0.0,0.0
13092,googleplus,scobleizer,13092,instagram,scobleizer,simple_name_prefix3:sco,0.74,1.1,1.0,0.0,0.0
13877,googleplus,travishulsey,13877,instagram,travishulsey,simple_name_prefix3:tra,0.74,1.1,1.0,0.0,0.0
1556,googleplus,armandhough,3,twitter,armandhough,simple_name_prefix3:arm,0.74,1.1,1.0,0.0,0.0
12986,instagram,sasha_4ever,3,twitter,sasha_4ever,simple_name_prefix3:sas,0.74,1.1,1.0,0.0,0.0
1213,googleplus,savannahrodgers,1213,instagram,savannahrodgers,simple_name_prefix3:sav,0.74,1.1,1.0,0.0,0.0
3766,googleplus,sch1308,3,twitter,sch1308,simple_name_prefix3:sch,0.74,1.1,1.0,0.0,0.0
6217,instagram,schaurasiya,3,twitter,schaurasiya,simple_name_prefix3:sch,0.74,1.1,1.0,0.0,0.0
7401,googleplus,benjaminyeurch,7401,instagram,benjaminyeurch,simple_name_prefix3:ben,0.74,1.1,1.0,0.0,0.0
13105,googleplus,scottjwalter,13105,instagram,scottjwalter,simple_name_prefix3:sco,0.74,1.1,1.0,0.0,0.0
1624,googleplus,bendeavin,3,twitter,bendeavin,simple_name_prefix3:ben,0.74,1.1,1.0,0.0,0.0
13108,googleplus,scottneumyer,13108,instagram,scottneumyer,simple_name_prefix3:sco,0.74,1.1,1.0,0.0,0.0
13109,googleplus,scottnolansmith,13109,instagram,scottnolansmith,simple_name_prefix3:sco,0.74,1.1,1.0,0.0,0.0
1627,googleplus,benjaminhodge,3,twitter,benjaminhodge,simple_name_prefix3:ben,0.74,1.1,1.0,0.0,0.0
13112,googleplus,scottrohrig,13112,instagram,scottrohrig,simple_name_prefix3:sco,0.74,1.1,1.0,0.0,0.0
1630,googleplus,benklaasen,3,twitter,benklaasen,simple_name_prefix3:ben,0.74,1.1,1.0,0.0,0.0
13080,instagram,schaake,3,twitter,schaake,simple_name_prefix3:sch,0.74,1.1,1.0,0.0,0.0
1631,googleplus,bentavener,3,twitter,bentavener,simple_name_prefix3:ben,0.74,1.1,1.0,0.0,0.0
13082,instagram,scherem,3,twitter,scherem,simple_name_prefix3:sch,0.74,1.1,1.0,0.0,0.0
13083,instagram,scherkka,3,twitter,scherkka,simple_name_prefix3:sch,0.74,1.1,1.0,0.0,0.0
13085,googleplus,schiavini,3,twitter,schiavini,simple_name_prefix3:sch,0.74,1.1,1.0,0.0,0.0
1704,googleplus,benlippert,3,twitter,benlippert,simple_name_prefix3:ben,0.74,1.1,1.0,0.0,0.0
13113,instagram,scotttremper,3,twitter,scotttremper,simple_name_prefix3:sco,0.74,1.1,1.0,0.0,0.0
4482,instagram,benbourgon,3,twitter,benbourgon,simple_name_prefix3:ben,0.74,1.1,1.0,0.0,0.0
4483,instagram,beneaththeglass,3,twitter,beneaththeglass,simple_name_prefix3:ben,0.74,1.1,1.0,0.0,0.0
13116,googleplus,scottymcdonald,13116,instagram,scottymcdonald,simple_name_prefix3:sco,0.74,1.1,1.0,0.0,0.0
7406,instagram,benlizzotte,3,twitter,benlizzotte,simple_name_prefix3:ben,0.74,1.1,1.0,0.0,0.0
6296,instagram,seanmccoy,3,twitter,seanmccoy,simple_name_prefix3:sea,0.74,1.1,1.0,0.0,0.0
11673,instagram,seashellparker,3,twitter,seashellparker,simple_name_prefix3:sea,0.74,1.1,1.0,0.0,0.0
13123,googleplus,seancannell,13123,instagram,seancannell,simple_name_prefix3:sea,0.74,1.1,1.0,0.0,0.0
13095,googleplus,scottayres,13095,instagram,scottayres,simple_name_prefix3:sco,0.74,1.1,1.0,0.0,0.0
13095,googleplus,scottayres,3,twitter,scottayres,simple_name_prefix3:sco,0.74,1.1,1.0,0.0,0.0
13096,googleplus,scottbeale,13096,instagram,scottbeale,simple_name_prefix3:sco,0.74,1.1,1.0,0.0,0.0
13104,googleplus,scottivey,13104,instagram,scottivey,simple_name_prefix3:sco,0.74,1.1,1.0,0.0,0.0
13104,googleplus,scottivey,3,twitter,scottivey,simple_name_prefix3:sco,0.74,1.1,1.0,0.0,0.0
5454,instagram,kekke828,3,twitter,kekke828,simple_name_prefix3:kek,0.74,1.1,1.0,0.0,0.0
7408,googleplus,benmamathuba,7408,instagram,benmamathuba,simple_name_prefix3:ben,0.74,1.1,1.0,0.0,0.0
7408,googleplus,benmamathuba,3,twitter,benmamathuba,simple_name_prefix3:ben,0.74,1.1,1.0,0.0,0.0
8579,googleplus,driesdeschepper,8579,instagram,driesdeschepper,simple_name_prefix3:dri,0.74,1.1,1.0,0.0,0.0
7410,googleplus,bennettbuilders,7410,instagram,bennettbuilders,simple_name_prefix3:ben,0.74,1.1,1.0,0.0,0.0
5482,instagram,kipfinch,3,twitter,kipfinch,simple_name_prefix3:kip,0.74,1.1,1.0,0.0,0.0
5492,instagram,kogiso,3,twitter,kogiso,simple_name_prefix3:kog,0.74,1.1,1.0,0.0,0.0
5507,instagram,ksdulin,3,twitter,ksdulin,simple_name_prefix3:ksd,0.74,1.1,1.0,0.0,0.0
7411,googleplus,bennewton999,7411,instagram,bennewton999,simple_name_prefix3:ben,0.74,1.1,1.0,0.0,0.0
7393,googleplus,benfinch,7393,instagram,benfinch,simple_name_prefix3:ben,0.74,1.1,1.0,0.0,0.0
13113,googleplus,scotttremper,13113,instagram,scotttremper,simple_name_prefix3:sco,0.74,1.1,1.0,0.0,0.0
13126,instagram,seangw83,3,twitter,seangw83,simple_name_prefix3:sea,0.74,1.1,1.0,0.0,0.0
7394,googleplus,benfrank,7394,instagram,benfrank,simple_name_prefix3:ben,0.74,1.1,1.0,0.0,0.0
13129,googleplus,seanness,13129,instagram,seanness,simple_name_prefix3:sea,0.74,1.1,1.0,0.0,0.0
13129,googleplus,seanness,3,twitter,seanness,simple_name_prefix3:sea,0.74,1.1,1.0,0.0,0.0
13131,googleplus,seanrainer,13131,instagram,seanrainer,simple_name_prefix3:sea,0.74,1.1,1.0,0.0,0.0
7396,instagram,benito_roig,3,twitter,benito_roig,simple_name_prefix3:ben,0.74,1.1,1.0,0.0,0.0
3784,googleplus,sebastianleroy,3,twitter,sebastianleroy,simple_name_prefix3:seb,0.74,1.1,1.0,0.0,0.0
7413,instagram,benogren,3,twitter,benogren,simple_name_prefix3:ben,0.74,1.1,1.0,0.0,0.0
13133,instagram,sebas_taits,3,twitter,sebas_taits,simple_name_prefix3:seb,0.74,1.1,1.0,0.0,0.0
5427,instagram,kmilanga,3,twitter,kmilanga,simple_name_prefix3:kmi,0.74,1.1,1.0,0.0,0.0
7414,instagram,benoit2kler,3,twitter,benoit2kler,simple_name_prefix3:ben,0.74,1.1,1.0,0.0,0.0
7416,googleplus,benpike,7416,instagram,benpike,simple_name_prefix3:ben,0.74,1.1,1.0,0.0,0.0
5450,instagram,kdj,3,twitter,kdj,simple_name_prefix3:kdj,0.74,1.1,1.0,0.0,0.0
13143,instagram,sebgonza,3,twitter,sebgonza,simple_name_prefix3:seb,0.74,1.1,1.0,0.0,0.0
13144,googleplus,sebhawker,13144,instagram,sebhawker,simple_name_prefix3:seb,0.74,1.1,1.0,0.0,0.0
13144,googleplus,sebhawker,3,twitter,sebhawker,simple_name_prefix3:seb,0.74,1.1,1.0,0.0,0.0
7417,googleplus,benrogerswpg,7417,instagram,benrogerswpg,simple_name_prefix3:ben,0.74,1.1,1.0,0.0,0.0
3791,googleplus,seralok,3,twitter,seralok,simple_name_prefix3:ser,0.74,1.1,1.0,0.0,0.0
6234,instagram,sercanakar,3,twitter,sercanakar,simple_name_prefix3:ser,0.74,1.1,1.0,0.0,0.0
6236,instagram,serferraro,3,twitter,serferraro,simple_name_prefix3:ser,0.74,1.1,1.0,0.0,0.0
6238,instagram,sergiovds,3,twitter,sergiovds,simple_name_prefix3:ser,0.74,1.1,1.0,0.0,0.0
7419,googleplus,bentepfer,7419,instagram,bentepfer,simple_name_prefix3:ben,0.74,1.1,1.0,0.0,0.0
13162,googleplus,sercanparan,13162,instagram,sercanparan,simple_name_prefix3:ser,0.74,1.1,1.0,0.0,0.0
13124,googleplus,seancoyne,13124,instagram,seancoyne,simple_name_prefix3:sea,0.74,1.1,1.0,0.0,0.0
13242,googleplus,sherrierohde,13242,instagram,sherrierohde,simple_name_prefix3:she,0.74,1.1,1.0,0.0,0.0
13242,googleplus,sherrierohde,3,twitter,sherrierohde,simple_name_prefix3:she,0.74,1.1,1.0,0.0,0.0
13162,googleplus,sercanparan,3,twitter,sercanparan,simple_name_prefix3:ser,0.74,1.1,1.0,0.0,0.0
13166,googleplus,sergiocaredda,13166,instagram,sergiocaredda,simple_name_prefix3:ser,0.74,1.1,1.0,0.0,0.0
7404,googleplus,benkalsky,7404,instagram,benkalsky,simple_name_prefix3:ben,0.74,1.1,1.0,0.0,0.0
13168,googleplus,sergioelizondomora,13168,instagram,sergioelizondomora,simple_name_prefix3:ser,0.74,1.1,1.0,0.0,0.0
13169,googleplus,sergiopellico,13169,instagram,sergiopellico,simple_name_prefix3:ser,0.74,1.1,1.0,0.0,0.0
13169,googleplus,sergiopellico,3,twitter,sergiopellico,simple_name_prefix3:ser,0.74,1.1,1.0,0.0,0.0
13171,instagram,sergio_redondo,3,twitter,sergio_redondo,simple_name_prefix3:ser,0.74,1.1,1.0,0.0,0.0
13173,googleplus,sergiovenuto,13173,instagram,sergiovenuto,simple_name_prefix3:ser,0.74,1.1,1.0,0.0,0.0
13173,googleplus,sergiovenuto,3,twitter,sergiovenuto,simple_name_prefix3:ser,0.74,1.1,1.0,0.0,0.0
7404,googleplus,benkalsky,3,twitter,benkalsky,simple_name_prefix3:ben,0.74,1.1,1.0,0.0,0.0
7582,instagram,sigwang,3,twitter,sigwang,simple_name_prefix3:sig,0.74,1.1,1.0,0.0,0.0
7406,googleplus,benlizzotte,7406,instagram,benlizzotte,simple_name_prefix3:ben,0.74,1.1,1.0,0.0,0.0
13174,googleplus,sergueitchepik,13174,instagram,sergueitchepik,simple_name_prefix3:ser,0.74,1.1,1.0,0.0,0.0
9289,instagram,goober_au,3,twitter,goober_au,simple_name_prefix3:goo,0.74,1.1,1.0,0.0,0.0
12531,googleplus,paweltomaszewicz,12531,instagram,paweltomaszewicz,simple_name_prefix3:paw,0.74,1.1,1.0,0.0,0.0
12365,instagram,pcrubiano,3,twitter,pcrubiano,simple_name_prefix3:pcr,0.74,1.1,1.0,0.0,0.0
12366,instagram,pdzierba,3,twitter,pdzierba,simple_name_prefix3:pdz,0.74,1.1,1.0,0.0,0.0
12379,googleplus,peggydolane,3,twitter,peggydolane,simple_name_prefix3:peg,0.74,1.1,1.0,0.0,0.0
12789,instagram,pegcitynerd,3,twitter,pegcitynerd,simple_name_prefix3:peg,0.74,1.1,1.0,0.0,0.0
13238,googleplus,sherekaan,13238,instagram,sherekaan,simple_name_prefix3:she,0.74,1.1,1.0,0.0,0.0
12490,instagram,poakpong,3,twitter,poakpong,simple_name_prefix3:poa,0.74,1.1,1.0,0.0,0.0
12423,instagram,pfiel,3,twitter,pfiel,simple_name_prefix3:pfi,0.74,1.1,1.0,0.0,0.0
13313,instagram,skypanther,3,twitter,skypanther,simple_name_prefix3:sky,0.74,1.1,1.0,0.0,0.0
12424,instagram,pfrias,3,twitter,pfrias,simple_name_prefix3:pfr,0.74,1.1,1.0,0.0,0.0
13401,instagram,slacabos,3,twitter,slacabos,simple_name_prefix3:sla,0.74,1.1,1.0,0.0,0.0
13008,instagram,smai,3,twitter,smai,simple_name_prefix3:sma,0.74,1.1,1.0,0.0,0.0
13184,googleplus,smatyshi,13184,instagram,smatyshi,simple_name_prefix3:sma,0.74,1.1,1.0,0.0,0.0
13245,instagram,sherrytrueself,3,twitter,sherrytrueself,simple_name_prefix3:she,0.74,1.1,1.0,0.0,0.0
14199,googleplus,wolfgangbremer,3,twitter,wolfgangbremer,simple_name_prefix3:wol,0.74,1.1,1.0,0.0,0.0
9224,googleplus,giacomoardesi,3,twitter,giacomoardesi,simple_name_prefix3:gia,0.74,1.1,1.0,0.0,0.0
9225,googleplus,giamarcs,9225,instagram,giamarcs,simple_name_prefix3:gia,0.74,1.1,1.0,0.0,0.0
9225,googleplus,giamarcs,3,twitter,giamarcs,simple_name_prefix3:gia,0.74,1.1,1.0,0.0,0.0
9227,googleplus,giannilabbate,9227,instagram,giannilabbate,simple_name_prefix3:gia,0.74,1.1,1.0,0.0,0.0
7413,googleplus,benogren,7413,instagram,benogren,simple_name_prefix3:ben,0.74,1.1,1.0,0.0,0.0
13256,instagram,shortformelissa,3,twitter,shortformelissa,simple_name_prefix3:sho,0.74,1.1,1.0,0.0,0.0
13342,instagram,solarjoy,3,twitter,solarjoy,simple_name_prefix3:sol,0.74,1.1,1.0,0.0,0.0
8726,googleplus,elvisdylee,8726,instagram,elvisdylee,simple_name_prefix3:elv,0.74,1.1,1.0,0.0,0.0
7225,googleplus,arulprasadj,3,twitter,arulprasadj,simple_name_prefix3:aru,0.74,1.1,1.0,0.0,0.0
13803,instagram,solartomcotter,3,twitter,solartomcotter,simple_name_prefix3:sol,0.74,1.1,1.0,0.0,0.0
10661,instagram,kregobiz,3,twitter,kregobiz,simple_name_prefix3:kre,0.74,1.1,1.0,0.0,0.0
7233,googleplus,asaferamos,7233,instagram,asaferamos,simple_name_prefix3:asa,0.74,1.1,1.0,0.0,0.0
7112,googleplus,anibalgoransky,3,twitter,anibalgoransky,simple_name_prefix3:ani,0.74,1.1,1.0,0.0,0.0
11848,instagram,morgam,3,twitter,morgam,simple_name_prefix3:mor,0.74,1.1,1.0,0.0,0.0
7233,googleplus,asaferamos,3,twitter,asaferamos,simple_name_prefix3:asa,0.74,1.1,1.0,0.0,0.0
11849,googleplus,morganbrady,3,twitter,morganbrady,simple_name_prefix3:mor,0.74,1.1,1.0,0.0,0.0
11851,instagram,morril,3,twitter,morril,simple_name_prefix3:mor,0.74,1.1,1.0,0.0,0.0
6292,instagram,skymcelroy,3,twitter,skymcelroy,simple_name_prefix3:sky,0.74,1.1,1.0,0.0,0.0
12353,instagram,skydomecat,3,twitter,skydomecat,simple_name_prefix3:sky,0.74,1.1,1.0,0.0,0.0
13312,googleplus,skylerkatz,13312,instagram,skylerkatz,simple_name_prefix3:sky,0.74,1.1,1.0,0.0,0.0
5389,instagram,jsuhn,3,twitter,jsuhn,simple_name_prefix3:jsu,0.74,1.1,1.0,0.0,0.0
5391,instagram,jsullivandigs,3,twitter,jsullivandigs,simple_name_prefix3:jsu,0.74,1.1,1.0,0.0,0.0
14064,googleplus,vipulkarkar,14064,instagram,vipulkarkar,simple_name_prefix3:vip,0.74,1.1,1.0,0.0,0.0
14064,googleplus,vipulkarkar,3,twitter,vipulkarkar,simple_name_prefix3:vip,0.74,1.1,1.0,0.0,0.0
7235,instagram,asanaparada,3,twitter,asanaparada,simple_name_prefix3:asa,0.74,1.1,1.0,0.0,0.0
12349,instagram,pstonier,3,twitter,pstonier,simple_name_prefix3:pst,0.74,1.1,1.0,0.0,0.0
5401,instagram,riussi,3,twitter,riussi,simple_name_prefix3:riu,0.74,1.1,1.0,0.0,0.0
12283,instagram,pvk,3,twitter,pvk,simple_name_prefix3:pvk,0.74,1.1,1.0,0.0,0.0
5419,instagram,juttymac,3,twitter,juttymac,simple_name_prefix3:jut,0.74,1.1,1.0,0.0,0.0
13184,googleplus,smatyshi,3,twitter,smatyshi,simple_name_prefix3:sma,0.74,1.1,1.0,0.0,0.0
3606,googleplus,solrezza,3,twitter,solrezza,simple_name_prefix3:sol,0.74,1.1,1.0,0.0,0.0
12354,instagram,vodzhis,3,twitter,vodzhis,simple_name_prefix3:vod,0.74,1.1,1.0,0.0,0.0
7295,googleplus,avaragado,7295,instagram,avaragado,simple_name_prefix3:ava,0.74,1.1,1.0,0.0,0.0
9587,instagram,anim8me2,3,twitter,anim8me2,simple_name_prefix3:ani,0.74,1.1,1.0,0.0,0.0
13351,googleplus,soniagennaro,13351,instagram,soniagennaro,simple_name_prefix3:son,0.74,1.1,1.0,0.0,0.0
13354,instagram,soniconp,3,twitter,soniconp,simple_name_prefix3:son,0.74,1.1,1.0,0.0,0.0
1574,googleplus,ashleytomasino,3,twitter,ashleytomasino,simple_name_prefix3:ash,0.74,1.1,1.0,0.0,0.0
7242,googleplus,ashisheth,7242,instagram,ashisheth,simple_name_prefix3:ash,0.74,1.1,1.0,0.0,0.0
13366,instagram,speakingbadger,3,twitter,speakingbadger,simple_name_prefix3:spe,0.74,1.1,1.0,0.0,0.0
7242,googleplus,ashisheth,3,twitter,ashisheth,simple_name_prefix3:ash,0.74,1.1,1.0,0.0,0.0
13368,googleplus,spencerrinkus,13368,instagram,spencerrinkus,simple_name_prefix3:spe,0.74,1.1,1.0,0.0,0.0
13368,googleplus,spencerrinkus,3,twitter,spencerrinkus,simple_name_prefix3:spe,0.74,1.1,1.0,0.0,0.0
7169,instagram,gelous,3,twitter,gelous,simple_name_prefix3:gel,0.74,1.1,0.3333333333333333,1.0,0.0
5383,instagram,jpcapelo,3,twitter,jpcapelo,simple_name_prefix3:jpc,0.74,1.1,1.0,0.0,0.0
5384,instagram,jptobin,3,twitter,jptobin,simple_name_prefix3:jpt,0.74,1.1,1.0,0.0,0.0
635,googleplus,wallhattori,635,instagram,wallhattori,simple_name_prefix3:wal,0.74,1.1,1.0,0.0,0.0
635,googleplus,wallhattori,3,twitter,wallhattori,simple_name_prefix3:wal,0.74,1.1,1.0,0.0,0.0
7243,googleplus,ashleycheretes,7243,instagram,ashleycheretes,simple_name_prefix3:ash,0.74,1.1,1.0,0.0,0.0
7243,googleplus,ashleycheretes,3,twitter,ashleycheretes,simple_name_prefix3:ash,0.74,1.1,1.0,0.0,0.0
13378,googleplus,srinivasjain,13378,instagram,srinivasjain,simple_name_prefix3:sri,0.74,1.1,1.0,0.0,0.0
13378,googleplus,srinivasjain,3,twitter,srinivasjain,simple_name_prefix3:sri,0.74,1.1,1.0,0.0,0.0
3868,googleplus,stacijansma,3,twitter,stacijansma,simple_name_prefix3:sta,0.74,1.1,1.0,0.0,0.0
11634,instagram,stayingaliveuk,3,twitter,stayingaliveuk,simple_name_prefix3:sta,0.74,1.1,1.0,0.0,0.0
7245,googleplus,ashleymcnamara,7245,instagram,ashleymcnamara,simple_name_prefix3:ash,0.74,1.1,1.0,0.0,0.0
7245,googleplus,ashleymcnamara,3,twitter,ashleymcnamara,simple_name_prefix3:ash,0.74,1.1,1.0,0.0,0.0
7247,instagram,ashleyturner1,3,twitter,ashleyturner1,simple_name_prefix3:ash,0.74,1.1,1.0,0.0,0.0
3905,googleplus,stuartbruce,3,twitter,stuartbruce,simple_name_prefix3:stu,0.74,1.1,1.0,0.0,0.0
7553,googleplus,brianayers,3,twitter,brianayers,simple_name_prefix3:bri,0.74,1.1,1.0,0.0,0.0
14226,instagram,xavigasso,3,twitter,xavigasso,simple_name_prefix3:xav,0.74,1.1,1.0,0.0,0.0
3916,googleplus,susanapariente,3,twitter,susanapariente,simple_name_prefix3:sus,0.74,1.1,1.0,0.0,0.0
3906,googleplus,stuartnewton,3,twitter,stuartnewton,simple_name_prefix3:stu,0.74,1.1,1.0,0.0,0.0
7556,googleplus,briancrisan,7556,instagram,briancrisan,simple_name_prefix3:bri,0.74,1.1,1.0,0.0,0.0
7557,googleplus,briancsmith,7557,instagram,briancsmith,simple_name_prefix3:bri,0.74,1.1,1.0,0.0,0.0
7248,instagram,ashleywilliamz,3,twitter,ashleywilliamz,simple_name_prefix3:ash,0.74,1.1,1.0,0.0,0.0
13492,instagram,sudarmaster,3,twitter,sudarmaster,simple_name_prefix3:sud,0.74,1.1,1.0,0.0,0.0
7251,googleplus,ashrafhalawani,7251,instagram,ashrafhalawani,simple_name_prefix3:ash,0.74,1.1,1.0,0.0,0.0
6555,instagram,walkdesign,3,twitter,walkdesign,simple_name_prefix3:wal,0.74,1.1,1.0,0.0,0.0
6557,instagram,waltkarmolinski,3,twitter,waltkarmolinski,simple_name_prefix3:wal,0.74,1.1,1.0,0.0,0.0
7252,instagram,ashreginald,3,twitter,ashreginald,simple_name_prefix3:ash,0.74,1.1,1.0,0.0,0.0
7253,instagram,ashtala,3,twitter,ashtala,simple_name_prefix3:ash,0.74,1.1,1.0,0.0,0.0
7261,instagram,astav,3,twitter,astav,simple_name_prefix3:ast,0.74,1.1,1.0,0.0,0.0
7874,instagram,atlchris,3,twitter,atlchris,simple_name_prefix3:atl,0.74,1.1,1.0,0.0,0.0
13545,googleplus,sweeperdk,13545,instagram,sweeperdk,simple_name_prefix3:swe,0.74,1.1,1.0,0.0,0.0
13545,googleplus,sweeperdk,3,twitter,sweeperdk,simple_name_prefix3:swe,0.74,1.1,1.0,0.0,0.0
13546,instagram,swetansu,3,twitter,swetansu,simple_name_prefix3:swe,0.74,1.1,1.0,0.0,0.0
14110,googleplus,walterburton,14110,instagram,walterburton,simple_name_prefix3:wal,0.74,1.1,1.0,0.0,0.0
7278,googleplus,aubreandrus,7278,instagram,aubreandrus,simple_name_prefix3:aub,0.74,1.1,1.0,0.0,0.0
14113,googleplus,waltonkmartin,14113,instagram,waltonkmartin,simple_name_prefix3:wal,0.74,1.1,1.0,0.0,0.0
7559,instagram,brifar,3,twitter,brifar,simple_name_prefix3:bri,0.74,1.1,1.0,0.0,0.0
14219,instagram,xavdog,3,twitter,xavdog,simple_name_prefix3:xav,0.74,1.1,1.0,0.0,0.0
7560,instagram,brianfit,3,twitter,brianfit,simple_name_prefix3:bri,0.74,1.1,1.0,0.0,0.0
14222,instagram,xavier83,3,twitter,xavier83,simple_name_prefix3:xav,0.74,1.1,1.0,0.0,0.0
13573,instagram,tamarabubble,3,twitter,tamarabubble,simple_name_prefix3:tam,0.74,1.1,1.0,0.0,0.0
13578,googleplus,tamersolieman,13578,instagram,tamersolieman,simple_name_prefix3:tam,0.74,1.1,1.0,0.0,0.0
3939,googleplus,taraagacayak,3,twitter,taraagacayak,simple_name_prefix3:tar,0.74,1.1,1.0,0.0,0.0
3942,googleplus,tareqsalahuddin,3,twitter,tareqsalahuddin,simple_name_prefix3:tar,0.74,1.1,1.0,0.0,0.0
7564,instagram,brianghoward,3,twitter,brianghoward,simple_name_prefix3:bri,0.74,1.1,1.0,0.0,0.0
13590,instagram,tarciozemel,3,twitter,tarciozemel,simple_name_prefix3:tar,0.74,1.1,1.0,0.0,0.0
13591,instagram,tarekp,3,twitter,tarekp,simple_name_prefix3:tar,0.74,1.1,1.0,0.0,0.0
6363,instagram,susieblackmon,3,twitter,susieblackmon,simple_name_prefix3:sus,0.74,1.1,1.0,0.0,0.0
13388,googleplus,susantaing,13388,instagram,susantaing,simple_name_prefix3:sus,0.74,1.1,1.0,0.0,0.0
13522,instagram,susanjane,3,twitter,susanjane,simple_name_prefix3:sus,0.74,1.1,1.0,0.0,0.0
13523,googleplus,susangoulding,13523,instagram,susangoulding,simple_name_prefix3:sus,0.74,1.1,1.0,0.0,0.0
13523,googleplus,susangoulding,3,twitter,susangoulding,simple_name_prefix3:sus,0.74,1.1,1.0,0.0,0.0
13525,googleplus,susanmees,3,twitter,susanmees,simple_name_prefix3:sus,0.74,1.1,1.0,0.0,0.0
13527,googleplus,susanrapp,13527,instagram,susanrapp,simple_name_prefix3:sus,0.74,1.1,1.0,0.0,0.0
7565,instagram,brianjbradley,3,twitter,brianjbradley,simple_name_prefix3:bri,0.74,1.1,1.0,0.0,0.0
3945,googleplus,taylorconophy,3,twitter,taylorconophy,simple_name_prefix3:tay,0.74,1.1,1.0,0.0,0.0
7566,googleplus,briankameoka,7566,instagram,briankameoka,simple_name_prefix3:bri,0.74,1.1,1.0,0.0,0.0
13605,googleplus,taylortoussaint,13605,instagram,taylortoussaint,simple_name_prefix3:tay,0.74,1.1,1.0,0.0,0.0
1692,googleplus,brianhoffstein,3,twitter,brianhoffstein,simple_name_prefix3:bri,0.74,1.1,1.0,0.0,0.0
1694,googleplus,briannunnery,3,twitter,briannunnery,simple_name_prefix3:bri,0.74,1.1,1.0,0.0,0.0
6390,instagram,tempestdevyne,3,twitter,tempestdevyne,simple_name_prefix3:tem,0.74,1.1,1.0,0.0,0.0
6384,instagram,teachertong,3,twitter,teachertong,simple_name_prefix3:tea,0.74,1.1,1.0,0.0,0.0
1697,googleplus,briansmithphoto,3,twitter,briansmithphoto,simple_name_prefix3:bri,0.74,1.1,1.0,0.0,0.0
6387,instagram,techmonkey74,3,twitter,techmonkey74,simple_name_prefix3:tec,0.74,1.1,1.0,0.0,0.0
1702,googleplus,brittenwolf,3,twitter,brittenwolf,simple_name_prefix3:bri,0.74,1.1,1.0,0.0,0.0
4367,instagram,brickghost,3,twitter,brickghost,simple_name_prefix3:bri,0.74,1.1,1.0,0.0,0.0
1263,googleplus,tammygordon,1263,instagram,tammygordon,simple_name_prefix3:tam,0.74,1.1,1.0,0.0,0.0
7553,googleplus,brianayers,7553,instagram,brianayers,simple_name_prefix3:bri,0.74,1.1,1.0,0.0,0.0
13573,googleplus,tamarabubble,13573,instagram,tamarabubble,simple_name_prefix3:tam,0.74,1.1,1.0,0.0,0.0
5305,instagram,jnoens,3,twitter,jnoens,simple_name_prefix3:jno,0.74,1.1,1.0,0.0,0.0
12218,instagram,oskrvalenzuela,3,twitter,oskrvalenzuela,simple_name_prefix3:osk,0.74,1.1,1.0,0.0,0.0
12220,instagram,oticasparis,3,twitter,oticasparis,simple_name_prefix3:oti,0.74,1.1,1.0,0.0,0.0
5313,instagram,jsnoopypc,3,twitter,jsnoopypc,simple_name_prefix3:jsn,0.74,1.1,1.0,0.0,0.0
9930,googleplus,jchiatt,9930,instagram,jchiatt,simple_name_prefix3:jch,0.74,1.1,1.0,0.0,0.0
9930,googleplus,jchiatt,3,twitter,jchiatt,simple_name_prefix3:jch,0.74,1.1,1.0,0.0,0.0
9931,instagram,jchristiaan,3,twitter,jchristiaan,simple_name_prefix3:jch,0.74,1.1,1.0,0.0,0.0
12230,instagram,yqowen,3,twitter,yqowen,simple_name_prefix3:yqo,0.74,1.1,1.0,0.0,0.0
10215,googleplus,jogarrett,3,twitter,jogarrett,simple_name_prefix3:jog,0.74,1.1,1.0,0.0,0.0
5489,instagram,kniveschauu,3,twitter,kniveschauu,simple_name_prefix3:kni,0.74,1.1,1.0,0.0,0.0
12234,instagram,wurrukatte,3,twitter,wurrukatte,simple_name_prefix3:wur,0.74,1.1,1.0,0.0,0.0
13592,instagram,tarik_raiss,3,twitter,tarik_raiss,simple_name_prefix3:tar,0.74,1.1,1.0,0.0,0.0
12237,instagram,paalll,3,twitter,paalll,simple_name_prefix3:paa,0.74,1.1,1.0,0.0,0.0
12274,instagram,th3hermes,3,twitter,th3hermes,simple_name_prefix3:th3,0.74,1.1,1.0,0.0,0.0
7046,instagram,tastenspieler,3,twitter,tastenspieler,simple_name_prefix3:tas,0.74,1.1,1.0,0.0,0.0
7558,googleplus,brianeisley,7558,instagram,brianeisley,simple_name_prefix3:bri,0.74,1.1,1.0,0.0,0.0
6393,instagram,teresa_franco,3,twitter,teresa_franco,simple_name_prefix3:ter,0.74,1.1,1.0,0.0,0.0
13634,googleplus,teritemme,3,twitter,teritemme,simple_name_prefix3:ter,0.74,1.1,1.0,0.0,0.0
13636,googleplus,terrellsandefur,13636,instagram,terrellsandefur,simple_name_prefix3:ter,0.74,1.1,1.0,0.0,0.0
12588,instagram,rahsheen,3,twitter,rahsheen,simple_name_prefix3:rah,0.74,1.1,1.0,0.0,0.0
13639,googleplus,terukuwayama,13639,instagram,terukuwayama,simple_name_prefix3:ter,0.74,1.1,1.0,0.0,0.0
13639,googleplus,terukuwayama,3,twitter,terukuwayama,simple_name_prefix3:ter,0.74,1.1,1.0,0.0,0.0
7570,googleplus,briankurzweil,3,twitter,briankurzweil,simple_name_prefix3:bri,0.74,1.1,1.0,0.0,0.0
7573,googleplus,brianmawdsley,7573,instagram,brianmawdsley,simple_name_prefix3:bri,0.74,1.1,1.0,0.0,0.0
14304,instagram,towynlin,3,twitter,towynlin,simple_name_prefix3:tow,0.74,1.1,1.0,0.0,0.0
5298,instagram,gmt117,3,twitter,gmt117,simple_name_prefix3:gmt,0.74,1.1,1.0,0.0,0.0
7573,googleplus,brianmawdsley,3,twitter,brianmawdsley,simple_name_prefix3:bri,0.74,1.1,1.0,0.0,0.0
3089,googleplus,thierryroget,3,twitter,thierryroget,simple_name_prefix3:thi,0.74,1.1,1.0,0.0,0.0
7580,instagram,briantmarquis,3,twitter,briantmarquis,simple_name_prefix3:bri,0.74,1.1,1.0,0.0,0.0
7583,instagram,brianyw,3,twitter,brianyw,simple_name_prefix3:bri,0.74,1.1,1.0,0.0,0.0
7585,googleplus,brienhall,7585,instagram,brienhall,simple_name_prefix3:bri,0.74,1.1,1.0,0.0,0.0
13700,googleplus,thibautmarquis,13700,instagram,thibautmarquis,simple_name_prefix3:thi,0.74,1.1,1.0,0.0,0.0
4512,instagram,barispe,3,twitter,barispe,simple_name_prefix3:bar,0.74,1.1,1.0,0.0,0.0
13701,googleplus,thierryocho,13701,instagram,thierryocho,simple_name_prefix3:thi,0.74,1.1,1.0,0.0,0.0
7345,instagram,bardsmith,3,twitter,bardsmith,simple_name_prefix3:bar,0.74,1.1,1.0,0.0,0.0
7347,instagram,barijoe,3,twitter,barijoe,simple_name_prefix3:bar,0.74,1.1,1.0,0.0,0.0
13704,instagram,thierryweber,3,twitter,thierryweber,simple_name_prefix3:thi,0.74,1.1,1.0,0.0,0.0
7348,instagram,barisakcinar,3,twitter,barisakcinar,simple_name_prefix3:bar,0.74,1.1,1.0,0.0,0.0
7349,googleplus,barneyallen,7349,instagram,barneyallen,simple_name_prefix3:bar,0.74,1.1,1.0,0.0,0.0
13758,instagram,timothymundenpr,3,twitter,timothymundenpr,simple_name_prefix3:tim,0.74,1.1,1.0,0.0,0.0
13856,googleplus,timpoulton,3,twitter,timpoulton,simple_name_prefix3:tim,0.74,1.1,1.0,0.0,0.0
7586,instagram,brionsalazar,3,twitter,brionsalazar,simple_name_prefix3:bri,0.74,1.1,1.0,0.0,0.0
13725,googleplus,tiagohiroshi,13725,instagram,tiagohiroshi,simple_name_prefix3:tia,0.74,1.1,1.0,0.0,0.0
6422,instagram,tierneymaria,3,twitter,tierneymaria,simple_name_prefix3:tie,0.74,1.1,1.0,0.0,0.0
1276,googleplus,tiffanybartok,1276,instagram,tiffanybartok,simple_name_prefix3:tif,0.74,1.1,1.0,0.0,0.0
6423,instagram,tifanani,3,twitter,tifanani,simple_name_prefix3:tif,0.74,1.1,1.0,0.0,0.0
1278,googleplus,timgrimes,1278,instagram,timgrimes,simple_name_prefix3:tim,0.74,1.1,1.0,0.0,0.0
4002,googleplus,timsegraves,3,twitter,timsegraves,simple_name_prefix3:tim,0.74,1.1,1.0,0.0,0.0
6427,instagram,timelesslisa,3,twitter,timelesslisa,simple_name_prefix3:tim,0.74,1.1,1.0,0.0,0.0
6430,instagram,timothyplong,3,twitter,timothyplong,simple_name_prefix3:tim,0.74,1.1,1.0,0.0,0.0
7589,googleplus,brittanyhite,7589,instagram,brittanyhite,simple_name_prefix3:bri,0.74,1.1,1.0,0.0,0.0
7733,googleplus,briancastellani,7733,instagram,briancastellani,simple_name_prefix3:bri,0.74,1.1,1.0,0.0,0.0
14160,instagram,whoamarcos,3,twitter,whoamarcos,simple_name_prefix3:who,0.74,1.1,1.0,0.0,0.0
14161,instagram,whoisjuan,3,twitter,whoisjuan,simple_name_prefix3:who,0.74,1.1,1.0,0.0,0.0
4021,googleplus,tomsadler,3,twitter,tomsadler,simple_name_prefix3:tom,0.74,1.1,1.0,0.0,0.0
14162,instagram,whojedi,3,twitter,whojedi,simple_name_prefix3:who,0.74,1.1,1.0,0.0,0.0
6452,instagram,tomleu,3,twitter,tomleu,simple_name_prefix3:tom,0.74,1.1,1.0,0.0,0.0
11063,googleplus,bartlorang,11063,instagram,bartlorang,simple_name_prefix3:bar,0.74,1.1,1.0,0.0,0.0
1225,googleplus,shawnbarry,3,instagram,shawnbarry,simple_name_prefix3:sha,0.74,1.1,1.0,0.0,0.0
1226,googleplus,shawnbrezny,1226,instagram,shawnbrezny,simple_name_prefix3:sha,0.74,1.1,1.0,0.0,0.0
13737,googleplus,timbradshaw,13737,instagram,timbradshaw,simple_name_prefix3:tim,0.74,1.1,1.0,0.0,0.0
13738,googleplus,timbrauhn,13738,instagram,timbrauhn,simple_name_prefix3:tim,0.74,1.1,1.0,0.0,0.0
3801,googleplus,shantharodrigo,3,twitter,shantharodrigo,simple_name_prefix3:sha,0.74,1.1,1.0,0.0,0.0
13744,googleplus,timgeoghegan,3,twitter,timgeoghegan,simple_name_prefix3:tim,0.74,1.1,1.0,0.0,0.0
3806,googleplus,shaunheath,3,twitter,shaunheath,simple_name_prefix3:sha,0.74,1.1,1.0,0.0,0.0
13749,instagram,timmcfarlaneart,3,twitter,timmcfarlaneart,simple_name_prefix3:tim,0.74,1.1,1.0,0.0,0.0
13750,instagram,timmcneely,3,twitter,timmcneely,simple_name_prefix3:tim,0.74,1.1,1.0,0.0,0.0
13756,googleplus,timothyjacquet,13756,instagram,timothyjacquet,simple_name_prefix3:tim,0.74,1.1,1.0,0.0,0.0
4457,instagram,bainer,3,twitter,bainer,simple_name_prefix3:bai,0.74,1.1,1.0,0.0,0.0
1604,googleplus,barthulst,3,twitter,barthulst,simple_name_prefix3:bar,0.74,1.1,1.0,0.0,0.0
13805,googleplus,tomdenison,3,twitter,tomdenison,simple_name_prefix3:tom,0.74,1.1,1.0,0.0,0.0
12151,googleplus,ocramen,12151,instagram,ocramen,simple_name_prefix3:ocr,0.74,1.1,1.0,0.0,0.0
13809,googleplus,tomgallant,13809,instagram,tomgallant,simple_name_prefix3:tom,0.74,1.1,1.0,0.0,0.0
13809,googleplus,tomgallant,3,twitter,tomgallant,simple_name_prefix3:tom,0.74,1.1,1.0,0.0,0.0
13810,googleplus,tomgehrke,3,twitter,tomgehrke,simple_name_prefix3:tom,0.74,1.1,1.0,0.0,0.0
13812,googleplus,tomkeene,13812,instagram,tomkeene,simple_name_prefix3:tom,0.74,1.1,1.0,0.0,0.0
14360,instagram,zulhamyusuf,3,twitter,zulhamyusuf,simple_name_prefix3:zul,0.74,1.1,1.0,0.0,0.0
12155,instagram,odileonline,3,twitter,odileonline,simple_name_prefix3:odi,0.74,1.1,1.0,0.0,0.0
13775,googleplus,tjarkorikkerink,13775,instagram,tjarkorikkerink,simple_name_prefix3:tja,0.74,1.1,1.0,0.0,0.0
6594,instagram,shuggie,3,twitter,shuggie,simple_name_prefix3:shu,0.74,1.1,1.0,0.0,0.0
12177,instagram,odibz,3,twitter,odibz,simple_name_prefix3:odi,0.74,1.1,1.0,0.0,0.0
13260,instagram,shulgaalexey,3,twitter,shulgaalexey,simple_name_prefix3:shu,0.74,1.1,1.0,0.0,0.0
4017,googleplus,tomchoske,3,twitter,tomchoske,simple_name_prefix3:tom,0.74,1.1,1.0,0.0,0.0
8125,googleplus,dabneyporte,8125,instagram,dabneyporte,simple_name_prefix3:dab,0.74,1.1,1.0,0.0,0.0
14354,googleplus,zoradebrunner,14354,instagram,zoradebrunner,simple_name_prefix3:zor,0.74,1.1,1.0,0.0,0.0
5260,instagram,jmbouvier,3,twitter,jmbouvier,simple_name_prefix3:jmb,0.74,1.1,1.0,0.0,0.0
12184,instagram,omerabdellatif,3,twitter,omerabdellatif,simple_name_prefix3:ome,0.74,1.1,1.0,0.0,0.0
12193,instagram,oolretaw,3,twitter,oolretaw,simple_name_prefix3:ool,0.74,1.1,1.0,0.0,0.0
5284,instagram,jfiliczkowski,3,twitter,jfiliczkowski,simple_name_prefix3:jfi,0.74,1.1,1.0,0.0,0.0
5285,instagram,jgomezt,3,twitter,jgomezt,simple_name_prefix3:jgo,0.74,1.1,1.0,0.0,0.0
12194,instagram,opajdara,3,twitter,opajdara,simple_name_prefix3:opa,0.74,1.1,1.0,0.0,0.0
5291,instagram,jhporte,3,twitter,jhporte,simple_name_prefix3:jhp,0.74,1.1,1.0,0.0,0.0
7351,instagram,barriejdavies,3,twitter,barriejdavies,simple_name_prefix3:bar,0.74,1.1,1.0,0.0,0.0
13798,instagram,tomg440,3,twitter,tomg440,simple_name_prefix3:tom,0.74,1.1,1.0,0.0,0.0
13799,googleplus,tomacreon,3,twitter,tomacreon,simple_name_prefix3:tom,0.74,1.1,1.0,0.0,0.0
3807,googleplus,shawnhoefer,3,twitter,shawnhoefer,simple_name_prefix3:sha,0.74,1.1,1.0,0.0,0.0
13804,googleplus,tomcuthbert,13804,instagram,tomcuthbert,simple_name_prefix3:tom,0.74,1.1,1.0,0.0,0.0
13887,googleplus,trevorsmiley,13887,instagram,trevorsmiley,simple_name_prefix3:tre,0.74,1.1,1.0,0.0,0.0
13887,googleplus,trevorsmiley,3,twitter,trevorsmiley,simple_name_prefix3:tre,0.74,1.1,1.0,0.0,0.0
13819,instagram,tomparadiso,3,twitter,tomparadiso,simple_name_prefix3:tom,0.74,1.1,1.0,0.0,0.0
6246,instagram,shafiur,3,twitter,shafiur,simple_name_prefix3:sha,0.74,1.1,1.0,0.0,0.0
13822,googleplus,tomscholfield,3,twitter,tomscholfield,simple_name_prefix3:tom,0.74,1.1,1.0,0.0,0.0
13824,instagram,tom_walters,3,twitter,tom_walters,simple_name_prefix3:tom,0.74,1.1,1.0,0.0,0.0
6251,instagram,shannopop,3,twitter,shannopop,simple_name_prefix3:sha,0.74,1.1,1.0,0.0,0.0
13826,googleplus,tomwicky,13826,instagram,tomwicky,simple_name_prefix3:tom,0.74,1.1,1.0,0.0,0.0
13826,googleplus,tomwicky,3,twitter,tomwicky,simple_name_prefix3:tom,0.74,1.1,1.0,0.0,0.0
6257,instagram,shaunbingham,3,twitter,shaunbingham,simple_name_prefix3:sha,0.74,1.1,1.0,0.0,0.0
5252,instagram,jeiun,3,twitter,jeiun,simple_name_prefix3:jei,0.74,1.1,1.0,0.0,0.0
8906,instagram,shahfahadz,3,twitter,shahfahadz,simple_name_prefix3:sha,0.74,1.1,1.0,0.0,0.0
12025,googleplus,sharonpaxson,12025,instagram,sharonpaxson,simple_name_prefix3:sha,0.74,1.1,1.0,0.0,0.0
13927,googleplus,tylerhopf,13927,instagram,tylerhopf,simple_name_prefix3:tyl,0.74,1.1,1.0,0.0,0.0
13928,instagram,tylerjot,3,twitter,tylerjot,simple_name_prefix3:tyl,0.74,1.1,1.0,0.0,0.0
13929,googleplus,tylerkessler,13929,instagram,tylerkessler,simple_name_prefix3:tyl,0.74,1.1,1.0,0.0,0.0
12406,instagram,shakalakapeter,3,twitter,shakalakapeter,simple_name_prefix3:sha,0.74,1.1,1.0,0.0,0.0
13848,instagram,toriegehlmeyer,3,twitter,toriegehlmeyer,simple_name_prefix3:tor,0.74,1.1,1.0,0.0,0.0
13851,googleplus,torstenbeeck,13851,instagram,torstenbeeck,simple_name_prefix3:tor,0.74,1.1,1.0,0.0,0.0
12139,instagram,nvarsos,3,twitter,nvarsos,simple_name_prefix3:nva,0.74,1.1,1.0,0.0,0.0
13220,googleplus,shaunling,3,twitter,shaunling,simple_name_prefix3:sha,0.74,1.1,1.0,0.0,0.0
13189,googleplus,shadmanjamil,13189,instagram,shadmanjamil,simple_name_prefix3:sha,0.74,1.1,1.0,0.0,0.0
13882,googleplus,trevorclendenin,13882,instagram,trevorclendenin,simple_name_prefix3:tre,0.74,1.1,1.0,0.0,0.0
13882,googleplus,trevorclendenin,3,twitter,trevorclendenin,simple_name_prefix3:tre,0.74,1.1,1.0,0.0,0.0
13883,googleplus,trevorellestad,3,twitter,trevorellestad,simple_name_prefix3:tre,0.74,1.1,1.0,0.0,0.0
13885,googleplus,trevorlongau,13885,instagram,trevorlongau,simple_name_prefix3:tre,0.74,1.1,1.0,0.0,0.0
13190,googleplus,shahmeerhaq,3,twitter,shahmeerhaq,simple_name_prefix3:sha,0.74,1.1,1.0,0.0,0.0
6533,instagram,vincewilcox,3,twitter,vincewilcox,simple_name_prefix3:vin,0.74,1.1,1.0,0.0,0.0
14056,instagram,vincepartida,3,twitter,vincepartida,simple_name_prefix3:vin,0.74,1.1,1.0,0.0,0.0
13192,googleplus,shaicoggins,13192,instagram,shaicoggins,simple_name_prefix3:sha,0.74,1.1,1.0,0.0,0.0
13889,googleplus,treyratcliff,13889,instagram,treyratcliff,simple_name_prefix3:tre,0.74,1.1,1.0,0.0,0.0
13889,googleplus,treyratcliff,3,twitter,treyratcliff,simple_name_prefix3:tre,0.74,1.1,1.0,0.0,0.0
4053,googleplus,tylersterling,3,twitter,tylersterling,simple_name_prefix3:tyl,0.74,1.1,1.0,0.0,0.0
4054,googleplus,tylerwelch,3,twitter,tylerwelch,simple_name_prefix3:tyl,0.74,1.1,1.0,0.0,0.0
13196,instagram,shamani,3,twitter,shamani,simple_name_prefix3:sha,0.74,1.1,1.0,0.0,0.0
13200,googleplus,shaneguymon,13200,instagram,shaneguymon,simple_name_prefix3:sha,0.74,1.1,1.0,0.0,0.0
13925,googleplus,tylergarner,13925,instagram,tylergarner,simple_name_prefix3:tyl,0.74,1.1,1.0,0.0,0.0
13200,googleplus,shaneguymon,3,twitter,shaneguymon,simple_name_prefix3:sha,0.74,1.1,1.0,0.0,0.0
10037,instagram,vandiemensland,3,twitter,vandiemensland,simple_name_prefix3:van,0.74,1.1,1.0,0.0,0.0
13990,googleplus,vanderlemes,13990,instagram,vanderlemes,simple_name_prefix3:van,0.74,1.1,1.0,0.0,0.0
13990,googleplus,vanderlemes,3,twitter,vanderlemes,simple_name_prefix3:van,0.74,1.1,1.0,0.0,0.0
13993,instagram,vanessa_ramirez,3,twitter,vanessa_ramirez,simple_name_prefix3:van,0.74,1.1,1.0,0.0,0.0
13994,instagram,vanessaruiz,3,twitter,vanessaruiz,simple_name_prefix3:van,0.74,1.1,1.0,0.0,0.0
13997,googleplus,vanissawanick,13997,instagram,vanissawanick,simple_name_prefix3:van,0.74,1.1,1.0,0.0,0.0
13202,googleplus,shanewalter,13202,instagram,shanewalter,simple_name_prefix3:sha,0.74,1.1,1.0,0.0,0.0
13932,googleplus,tylorsweeney,13932,instagram,tylorsweeney,simple_name_prefix3:tyl,0.74,1.1,1.0,0.0,0.0
13205,googleplus,shanmoorthy,3,twitter,shanmoorthy,simple_name_prefix3:sha,0.74,1.1,1.0,0.0,0.0
13228,instagram,shawntkeating,3,twitter,shawntkeating,simple_name_prefix3:sha,0.74,1.1,1.0,0.0,0.0
4090,googleplus,vincentmadrigal,3,twitter,vincentmadrigal,simple_name_prefix3:vin,0.74,1.1,1.0,0.0,0.0
4091,googleplus,vincentkeunen,3,twitter,vincentkeunen,simple_name_prefix3:vin,0.74,1.1,1.0,0.0,0.0
13916,googleplus,turnerburns,13916,instagram,turnerburns,simple_name_prefix3:tur,0.74,1.1,1.0,0.0,0.0
13916,googleplus,turnerburns,3,twitter,turnerburns,simple_name_prefix3:tur,0.74,1.1,1.0,0.0,0.0
5199,instagram,jsrocker,3,twitter,jsrocker,simple_name_prefix3:jsr,0.74,1.1,1.0,0.0,0.0
5205,instagram,bijouxdejane,3,twitter,bijouxdejane,simple_name_prefix3:bij,0.74,1.1,1.0,0.0,0.0
7452,googleplus,bijouede,7452,instagram,bijouede,simple_name_prefix3:bij,0.74,1.1,1.0,0.0,0.0
13229,instagram,shaymfa,3,twitter,shaymfa,simple_name_prefix3:sha,0.74,1.1,1.0,0.0,0.0
5838,instagram,musbkc,3,twitter,musbkc,simple_name_prefix3:mus,0.74,1.1,1.0,0.0,0.0
5839,instagram,musicgoon,3,twitter,musicgoon,simple_name_prefix3:mus,0.74,1.1,1.0,0.0,0.0
5227,instagram,jburslem,3,twitter,jburslem,simple_name_prefix3:jbu,0.74,1.1,1.0,0.0,0.0
5231,instagram,jdriel,3,twitter,jdriel,simple_name_prefix3:jdr,0.74,1.1,1.0,0.0,0.0
9833,instagram,itsjannic,3,twitter,itsjannic,simple_name_prefix3:its,0.74,1.1,1.0,0.0,0.0
1294,googleplus,vanessapilon,1294,instagram,vanessapilon,simple_name_prefix3:van,0.74,1.1,1.0,0.0,0.0
10058,instagram,itsmejnaz,3,twitter,itsmejnaz,simple_name_prefix3:its,0.74,1.1,1.0,0.0,0.0
1619,googleplus,belabeier,3,twitter,belabeier,simple_name_prefix3:bel,0.74,1.1,1.0,0.0,0.0
13998,googleplus,vannpiazza,13998,instagram,vannpiazza,simple_name_prefix3:van,0.74,1.1,1.0,0.0,0.0
13998,googleplus,vannpiazza,3,twitter,vannpiazza,simple_name_prefix3:van,0.74,1.1,1.0,0.0,0.0
13999,instagram,vanoraf,3,twitter,vanoraf,simple_name_prefix3:van,0.74,1.1,1.0,0.0,0.0
14000,instagram,vanou,3,twitter,vanou,simple_name_prefix3:van,0.74,1.1,1.0,0.0,0.0
13212,instagram,shardasmal,3,twitter,shardasmal,simple_name_prefix3:sha,0.74,1.1,1.0,0.0,0.0
14002,googleplus,varunpramanik,14002,instagram,varunpramanik,simple_name_prefix3:var,0.74,1.1,1.0,0.0,0.0
13216,googleplus,sharonpianchan,13216,instagram,sharonpianchan,simple_name_prefix3:sha,0.74,1.1,1.0,0.0,0.0
14003,googleplus,varunrayen,14003,instagram,varunrayen,simple_name_prefix3:var,0.74,1.1,1.0,0.0,0.0
14003,googleplus,varunrayen,3,twitter,varunrayen,simple_name_prefix3:var,0.74,1.1,1.0,0.0,0.0
4076,googleplus,verasoliman,3,twitter,verasoliman,simple_name_prefix3:ver,0.74,1.1,1.0,0.0,0.0
12033,instagram,nhiranz,3,twitter,nhiranz,simple_name_prefix3:nhi,0.74,1.1,1.0,0.0,0.0
12034,instagram,ni_c,3,twitter,ni_c,simple_name_prefix3:ni_,0.74,1.1,1.0,0.0,0.0
1303,googleplus,vivienleung,3,instagram,vivienleung,simple_name_prefix3:viv,0.74,1.1,1.0,0.0,0.0
12103,googleplus,nmcglynn,12103,instagram,nmcglynn,simple_name_prefix3:nmc,0.74,1.1,1.0,0.0,0.0
14024,googleplus,verygoodservice,14024,instagram,verygoodservice,simple_name_prefix3:ver,0.74,1.1,1.0,0.0,0.0
4079,googleplus,vicentejuan,3,twitter,vicentejuan,simple_name_prefix3:vic,0.74,1.1,1.0,0.0,0.0
12128,instagram,nramkarran,3,twitter,nramkarran,simple_name_prefix3:nra,0.74,1.1,1.0,0.0,0.0
12129,instagram,nrgiga,3,twitter,nrgiga,simple_name_prefix3:nrg,0.74,1.1,1.0,0.0,0.0
6525,instagram,victorjimenezc,3,twitter,victorjimenezc,simple_name_prefix3:vic,0.74,1.1,1.0,0.0,0.0
12132,instagram,nspyraishn,3,twitter,nspyraishn,simple_name_prefix3:nsp,0.74,1.1,1.0,0.0,0.0
14034,googleplus,victorgaxiola,14034,instagram,victorgaxiola,simple_name_prefix3:vic,0.74,1.1,1.0,0.0,0.0
14034,googleplus,victorgaxiola,3,twitter,victorgaxiola,simple_name_prefix3:vic,0.74,1.1,1.0,0.0,0.0
14040,instagram,victormlgh,3,twitter,victormlgh,simple_name_prefix3:vic,0.74,1.1,1.0,0.0,0.0
14041,googleplus,victorpanlilio,14041,instagram,victorpanlilio,simple_name_prefix3:vic,0.74,1.1,1.0,0.0,0.0
12133,instagram,nuisaran,3,twitter,nuisaran,simple_name_prefix3:nui,0.74,1.1,1.0,0.0,0.0
13181,instagram,sethjwyatt,3,twitter,sethjwyatt,simple_name_prefix3:set,0.74,1.1,1.0,0.0,0.0
14086,googleplus,vladgorenshteyn,14086,instagram,vladgorenshteyn,simple_name_prefix3:vla,0.74,1.1,1.0,0.0,0.0
14086,googleplus,vladgorenshteyn,3,twitter,vladgorenshteyn,simple_name_prefix3:vla,0.74,1.1,1.0,0.0,0.0
14041,googleplus,victorpanlilio,3,twitter,victorpanlilio,simple_name_prefix3:vic,0.74,1.1,1.0,0.0,0.0
14044,instagram,victortalha,3,twitter,victortalha,simple_name_prefix3:vic,0.74,1.1,1.0,0.0,0.0
1620,googleplus,belisabartra,3,twitter,belisabartra,simple_name_prefix3:bel,0.74,1.1,1.0,0.0,0.0
4481,instagram,bellabellini,3,twitter,bellabellini,simple_name_prefix3:bel,0.74,1.1,1.0,0.0,0.0
11901,instagram,munait,3,twitter,munait,simple_name_prefix3:mun,0.74,1.1,1.0,0.0,0.0
1302,googleplus,vitalytennant,1302,instagram,vitalytennant,simple_name_prefix3:vit,0.74,1.1,1.0,0.0,0.0
6541,instagram,vitorcurio,3,twitter,vitorcurio,simple_name_prefix3:vit,0.74,1.1,1.0,0.0,0.0
14076,instagram,vitamingc,3,twitter,vitamingc,simple_name_prefix3:vit,0.74,1.1,1.0,0.0,0.0
14077,instagram,vitoramaral_dev,3,twitter,vitoramaral_dev,simple_name_prefix3:vit,0.74,1.1,1.0,0.0,0.0
13110,instagram,twister65,3,twitter,twister65,simple_name_prefix3:twi,0.74,1.1,1.0,0.0,0.0
7386,googleplus,belikesean,7386,instagram,belikesean,simple_name_prefix3:bel,0.74,1.1,1.0,0.0,0.0
7387,instagram,bellusphoto,3,twitter,bellusphoto,simple_name_prefix3:bel,0.74,1.1,1.0,0.0,0.0
14120,googleplus,warrenwhitlock,14120,instagram,warrenwhitlock,simple_name_prefix3:war,0.74,1.1,1.0,0.0,0.0
5027,instagram,geekanoids,3,twitter,geekanoids,simple_name_prefix3:gee,0.74,1.1,1.0,0.0,0.0
7720,instagram,belacarson,3,twitter,belacarson,simple_name_prefix3:bel,0.74,1.1,1.0,0.0,0.0
1637,googleplus,bethgsanders,3,twitter,bethgsanders,simple_name_prefix3:bet,0.74,1.1,1.0,0.0,0.0
1638,googleplus,betseymerkel,3,twitter,betseymerkel,simple_name_prefix3:bet,0.74,1.1,1.0,0.0,0.0
1640,googleplus,bettiemartini,3,twitter,bettiemartini,simple_name_prefix3:bet,0.74,1.1,1.0,0.0,0.0
4125,googleplus,wendynorris,3,twitter,wendynorris,simple_name_prefix3:wen,0.74,1.1,1.0,0.0,0.0
4492,instagram,betiteb,3,twitter,betiteb,simple_name_prefix3:bet,0.74,1.1,1.0,0.0,0.0
14079,googleplus,vivianroldo,14079,instagram,vivianroldo,simple_name_prefix3:viv,0.74,1.1,1.0,0.0,0.0
4640,instagram,christinahood,3,twitter,christinahood,simple_name_prefix3:chr,0.74,1.1,1.0,0.0,0.0
14080,instagram,vivianevivis,3,twitter,vivianevivis,simple_name_prefix3:viv,0.74,1.1,1.0,0.0,0.0
4680,instagram,chrispoteet,3,twitter,chrispoteet,simple_name_prefix3:chr,0.74,1.1,1.0,0.0,0.0
5154,instagram,irvannsuryanto,3,twitter,irvannsuryanto,simple_name_prefix3:irv,0.74,1.1,1.0,0.0,0.0
7436,googleplus,betsyweber,7436,instagram,betsyweber,simple_name_prefix3:bet,0.74,1.1,1.0,0.0,0.0
5158,instagram,issaelk,3,twitter,issaelk,simple_name_prefix3:iss,0.74,1.1,1.0,0.0,0.0
11576,instagram,issata,3,twitter,issata,simple_name_prefix3:iss,0.74,1.1,1.0,0.0,0.0
5164,instagram,ittakesii,3,twitter,ittakesii,simple_name_prefix3:itt,0.74,1.1,1.0,0.0,0.0
13508,googleplus,sumeetchawla,13508,instagram,sumeetchawla,simple_name_prefix3:sum,0.74,1.1,1.0,0.0,0.0
7436,googleplus,betsyweber,3,twitter,betsyweber,simple_name_prefix3:bet,0.74,1.1,1.0,0.0,0.0
7438,instagram,bettamedislem,3,twitter,bettamedislem,simple_name_prefix3:bet,0.74,1.1,1.0,0.0,0.0
5198,instagram,turini2,3,twitter,turini2,simple_name_prefix3:tur,0.74,1.1,1.0,0.0,0.0
3795,googleplus,sethgoldstein,3,twitter,sethgoldstein,simple_name_prefix3:set,0.74,1.1,1.0,0.0,0.0
14090,instagram,volkergoebbels,3,twitter,volkergoebbels,simple_name_prefix3:vol,0.74,1.1,1.0,0.0,0.0
14116,instagram,wardelldesign,3,twitter,wardelldesign,simple_name_prefix3:war,0.74,1.1,1.0,0.0,0.0
13180,googleplus,sethmsparks,13180,instagram,sethmsparks,simple_name_prefix3:set,0.74,1.1,1.0,0.0,0.0
14119,googleplus,warrenlain,14119,instagram,warrenlain,simple_name_prefix3:war,0.74,1.1,1.0,0.0,0.0
14143,googleplus,wendysoucie,14143,instagram,wendysoucie,simple_name_prefix3:wen,0.74,1.1,1.0,0.0,0.0
13180,instagram,sethmsparks,3,twitter,sethmsparks,simple_name_prefix3:set,0.74,1.1,0.3333333333333333,1.0,0.0
14145,googleplus,wendytownley,14145,instagram,wendytownley,simple_name_prefix3:wen,0.74,1.1,1.0,0.0,0.0
14146,googleplus,wendytroupe,14146,instagram,wendytroupe,simple_name_prefix3:wen,0.74,1.1,1.0,0.0,0.0
3241,googleplus,mitajordan,3,twitter,mitajordan,simple_name_prefix3:mit,0.74,1.1,1.0,0.0,0.0
3242,googleplus,mitchellhall,3,twitter,mitchellhall,simple_name_prefix3:mit,0.74,1.1,1.0,0.0,0.0
3244,googleplus,mithuhassan,3,twitter,mithuhassan,simple_name_prefix3:mit,0.74,1.1,1.0,0.0,0.0
11784,googleplus,mitchbaldwin,11784,instagram,mitchbaldwin,simple_name_prefix3:mit,0.74,1.1,1.0,0.0,0.0
7858,googleplus,chrischatzoglou,3,twitter,chrischatzoglou,simple_name_prefix3:chr,0.74,1.1,1.0,0.0,0.0
11786,googleplus,mitchenglish,11786,instagram,mitchenglish,simple_name_prefix3:mit,0.74,1.1,1.0,0.0,0.0
11787,googleplus,mitchjackson,11787,instagram,mitchjackson,simple_name_prefix3:mit,0.74,1.1,1.0,0.0,0.0
12677,instagram,regtiangha,3,twitter,regtiangha,simple_name_prefix3:reg,0.74,1.1,1.0,0.0,0.0
12705,instagram,regotek,3,twitter,regotek,simple_name_prefix3:reg,0.74,1.1,1.0,0.0,0.0
11787,googleplus,mitchjackson,3,twitter,mitchjackson,simple_name_prefix3:mit,0.74,1.1,1.0,0.0,0.0
7859,googleplus,chriscree,7859,instagram,chriscree,simple_name_prefix3:chr,0.74,1.1,1.0,0.0,0.0
7863,instagram,chrisdoelle,3,twitter,chrisdoelle,simple_name_prefix3:chr,0.74,1.1,1.0,0.0,0.0
1649,googleplus,billdouglas,3,twitter,billdouglas,simple_name_prefix3:bil,0.74,1.1,1.0,0.0,0.0
4495,instagram,bilalhouri,3,twitter,bilalhouri,simple_name_prefix3:bil,0.74,1.1,1.0,0.0,0.0
4497,instagram,billselak,3,twitter,billselak,simple_name_prefix3:bil,0.74,1.1,1.0,0.0,0.0
7453,googleplus,billykoesoemadinata,7453,instagram,billykoesoemadinata,simple_name_prefix3:bil,0.74,1.1,1.0,0.0,0.0
7865,googleplus,chrisgower,3,twitter,chrisgower,simple_name_prefix3:chr,0.74,1.1,1.0,0.0,0.0
7456,instagram,billchase2,3,twitter,billchase2,simple_name_prefix3:bil,0.74,1.1,1.0,0.0,0.0
7458,googleplus,billelsey,7458,instagram,billelsey,simple_name_prefix3:bil,0.74,1.1,1.0,0.0,0.0
7458,googleplus,billelsey,3,twitter,billelsey,simple_name_prefix3:bil,0.74,1.1,1.0,0.0,0.0
1349,googleplus,abrarsair,3,twitter,abrarsair,simple_name_prefix3:abr,0.74,1.1,1.0,0.0,0.0
12595,instagram,binaryraja,3,twitter,binaryraja,simple_name_prefix3:bin,0.74,1.1,1.0,0.0,0.0
4236,instagram,adinwardhani,3,twitter,adinwardhani,simple_name_prefix3:adi,0.74,1.1,1.0,0.0,0.0
6714,instagram,adilch,3,twitter,adilch,simple_name_prefix3:adi,0.74,1.1,1.0,0.0,0.0
814,googleplus,chriskilbourn,814,instagram,chriskilbourn,simple_name_prefix3:chr,0.74,1.1,1.0,0.0,0.0
1817,googleplus,chrisfyvie,3,twitter,chrisfyvie,simple_name_prefix3:chr,0.74,1.1,1.0,0.0,0.0
1819,googleplus,chrislopezjr,3,twitter,chrislopezjr,simple_name_prefix3:chr,0.74,1.1,1.0,0.0,0.0
7463,googleplus,billreichart,3,twitter,billreichart,simple_name_prefix3:bil,0.74,1.1,1.0,0.0,0.0
7464,googleplus,billrousseau,7464,instagram,billrousseau,simple_name_prefix3:bil,0.74,1.1,1.0,0.0,0.0
7464,googleplus,billrousseau,3,twitter,billrousseau,simple_name_prefix3:bil,0.74,1.1,1.0,0.0,0.0
1823,googleplus,chrisreighley,3,twitter,chrisreighley,simple_name_prefix3:chr,0.74,1.1,1.0,0.0,0.0
1825,googleplus,chrispatterson,3,twitter,chrispatterson,simple_name_prefix3:chr,0.74,1.1,1.0,0.0,0.0
1827,googleplus,christianheeren,3,twitter,christianheeren,simple_name_prefix3:chr,0.74,1.1,1.0,0.0,0.0
12677,googleplus,regtiangha,12677,instagram,regtiangha,simple_name_prefix3:reg,0.74,1.1,1.0,0.0,0.0
6729,googleplus,adrianoteles,6729,instagram,adrianoteles,simple_name_prefix3:adr,0.74,1.1,1.0,0.0,0.0
6729,googleplus,adrianoteles,3,twitter,adrianoteles,simple_name_prefix3:adr,0.74,1.1,1.0,0.0,0.0
6731,googleplus,adrianver,6731,instagram,adrianver,simple_name_prefix3:adr,0.74,1.1,1.0,0.0,0.0
7867,googleplus,chrisgiddens,7867,instagram,chrisgiddens,simple_name_prefix3:chr,0.74,1.1,1.0,0.0,0.0
7867,googleplus,chrisgiddens,3,twitter,chrisgiddens,simple_name_prefix3:chr,0.74,1.1,1.0,0.0,0.0
7868,googleplus,chrisgoulet,3,twitter,chrisgoulet,simple_name_prefix3:chr,0.74,1.1,1.0,0.0,0.0
7871,googleplus,chrisjallan,7871,instagram,chrisjallan,simple_name_prefix3:chr,0.74,1.1,1.0,0.0,0.0
8504,googleplus,djswitz,8504,instagram,djswitz,simple_name_prefix3:djs,0.74,1.1,1.0,0.0,0.0
7871,googleplus,chrisjallan,3,twitter,chrisjallan,simple_name_prefix3:chr,0.74,1.1,1.0,0.0,0.0
14349,googleplus,zoegolightly,3,twitter,zoegolightly,simple_name_prefix3:zoe,0.74,1.1,1.0,0.0,0.0
5782,instagram,abaykamau,3,twitter,abaykamau,simple_name_prefix3:aba,0.74,1.1,1.0,0.0,0.0
6662,instagram,abahgat,3,twitter,abahgat,simple_name_prefix3:aba,0.74,1.1,1.0,0.0,0.0
6787,instagram,ajeyapaul,3,twitter,ajeyapaul,simple_name_prefix3:aje,0.74,1.1,1.0,0.0,0.0
723,googleplus,ajvoelpel,723,instagram,ajvoelpel,simple_name_prefix3:ajv,0.74,1.1,1.0,0.0,0.0
6793,googleplus,ajvicens,6793,instagram,ajvicens,simple_name_prefix3:ajv,0.74,1.1,1.0,0.0,0.0
14004,instagram,ajvaseem,3,twitter,ajvaseem,simple_name_prefix3:ajv,0.74,1.1,1.0,0.0,0.0
1450,googleplus,alperaslan1980,3,twitter,alperaslan1980,simple_name_prefix3:alp,0.74,1.1,1.0,0.0,0.0
7876,instagram,chrismalenab,3,twitter,chrismalenab,simple_name_prefix3:chr,0.74,1.1,1.0,0.0,0.0
7851,googleplus,chrisastall,7851,instagram,chrisastall,simple_name_prefix3:chr,0.74,1.1,1.0,0.0,0.0
13307,googleplus,skipgienapp,13307,instagram,skipgienapp,simple_name_prefix3:ski,0.74,1.1,1.0,0.0,0.0
2178,googleplus,eugenekan,3,twitter,eugenekan,simple_name_prefix3:eug,0.74,1.1,1.0,0.0,0.0
7853,instagram,chrisbodhi,3,twitter,chrisbodhi,simple_name_prefix3:chr,0.74,1.1,1.0,0.0,0.0
718,googleplus,adriannaamato,718,instagram,adriannaamato,simple_name_prefix3:adr,0.74,1.1,1.0,0.0,0.0
7857,instagram,chrischass,3,twitter,chrischass,simple_name_prefix3:chr,0.74,1.1,1.0,0.0,0.0
4242,instagram,adriuff,3,twitter,adriuff,simple_name_prefix3:adr,0.74,1.1,1.0,0.0,0.0
6725,instagram,adrianatoriz,3,twitter,adrianatoriz,simple_name_prefix3:adr,0.74,1.1,1.0,0.0,0.0
7858,googleplus,chrischatzoglou,7858,instagram,chrischatzoglou,simple_name_prefix3:chr,0.74,1.1,1.0,0.0,0.0
11894,googleplus,mufidsalim,3,twitter,mufidsalim,simple_name_prefix3:muf,0.74,1.1,1.0,0.0,0.0
8690,googleplus,elenacuboni,8690,instagram,elenacuboni,simple_name_prefix3:ele,0.74,1.1,1.0,0.0,0.0
11923,instagram,mzelma,3,twitter,mzelma,simple_name_prefix3:mze,0.74,1.1,1.0,0.0,0.0
11968,instagram,ncswim881,3,twitter,ncswim881,simple_name_prefix3:ncs,0.74,1.1,1.0,0.0,0.0
8692,googleplus,elenakalis,8692,instagram,elenakalis,simple_name_prefix3:ele,0.74,1.1,1.0,0.0,0.0
8693,googleplus,elenamanzini,8693,instagram,elenamanzini,simple_name_prefix3:ele,0.74,1.1,1.0,0.0,0.0
11982,instagram,n8thesk8,3,twitter,n8thesk8,simple_name_prefix3:n8t,0.74,1.1,1.0,0.0,0.0
11993,instagram,gr8buddy,3,twitter,gr8buddy,simple_name_prefix3:gr8,0.74,1.1,1.0,0.0,0.0
14159,googleplus,whitneyenglish,14159,instagram,whitneyenglish,simple_name_prefix3:whi,0.74,1.1,1.0,0.0,0.0
14159,googleplus,whitneyenglish,3,twitter,whitneyenglish,simple_name_prefix3:whi,0.74,1.1,1.0,0.0,0.0
4258,instagram,ajellington,3,twitter,ajellington,simple_name_prefix3:aje,0.74,1.1,1.0,0.0,0.0
6787,googleplus,ajeyapaul,6787,instagram,ajeyapaul,simple_name_prefix3:aje,0.74,1.1,1.0,0.0,0.0
8697,instagram,elenapolymorfic,3,twitter,elenapolymorfic,simple_name_prefix3:ele,0.74,1.1,1.0,0.0,0.0
11007,instagram,modchik,3,twitter,modchik,simple_name_prefix3:mod,0.74,1.1,1.0,0.0,0.0
11817,instagram,modernishfather,3,twitter,modernishfather,simple_name_prefix3:mod,0.74,1.1,1.0,0.0,0.0
4387,instagram,anjaliagarwal05,3,twitter,anjaliagarwal05,simple_name_prefix3:anj,0.74,1.1,1.0,0.0,0.0
12005,instagram,negegabriel,3,twitter,negegabriel,simple_name_prefix3:neg,0.74,1.1,1.0,0.0,0.0
7120,instagram,anjubsm,3,twitter,anjubsm,simple_name_prefix3:anj,0.74,1.1,1.0,0.0,0.0
7121,instagram,ankatextile,3,twitter,ankatextile,simple_name_prefix3:ank,0.74,1.1,1.0,0.0,0.0
7866,googleplus,chrisgachot,7866,instagram,chrisgachot,simple_name_prefix3:chr,0.74,1.1,1.0,0.0,0.0
13308,googleplus,skiphunt,13308,instagram,skiphunt,simple_name_prefix3:ski,0.74,1.1,1.0,0.0,0.0
7877,googleplus,chrismaze,7877,instagram,chrismaze,simple_name_prefix3:chr,0.74,1.1,1.0,0.0,0.0
12764,instagram,rizakaynak,3,twitter,rizakaynak,simple_name_prefix3:riz,0.74,1.1,1.0,0.0,0.0
7168,instagram,apaisant,3,twitter,apaisant,simple_name_prefix3:apa,0.74,1.1,1.0,0.0,0.0
2127,googleplus,eleonorabonucci,3,twitter,eleonorabonucci,simple_name_prefix3:ele,0.74,1.1,1.0,0.0,0.0
7879,instagram,chrismmgordon,3,twitter,chrismmgordon,simple_name_prefix3:chr,0.74,1.1,1.0,0.0,0.0
7882,googleplus,chrisparkin,7882,instagram,chrisparkin,simple_name_prefix3:chr,0.74,1.1,1.0,0.0,0.0
9987,googleplus,jellederoeck,9987,instagram,jellederoeck,simple_name_prefix3:jel,0.74,1.1,1.0,0.0,0.0
9988,googleplus,jelleoostrom,9988,instagram,jelleoostrom,simple_name_prefix3:jel,0.74,1.1,1.0,0.0,0.0
7883,googleplus,chrispenny,7883,instagram,chrispenny,simple_name_prefix3:chr,0.74,1.1,1.0,0.0,0.0
5136,instagram,iclapers,3,twitter,iclapers,simple_name_prefix3:icl,0.74,1.1,1.0,0.0,0.0
5152,instagram,irabrianmiller,3,twitter,irabrianmiller,simple_name_prefix3:ira,0.74,1.1,1.0,0.0,0.0
7886,googleplus,chrisreed,7886,instagram,chrisreed,simple_name_prefix3:chr,0.74,1.1,1.0,0.0,0.0
7886,instagram,chrisreed,3,twitter,christophertr,simple_name_prefix3:chr,0.74,0.6,1.0,1.0,0.0
8693,googleplus,elenamanzini,3,twitter,elenamanzini,simple_name_prefix3:ele,0.74,1.1,1.0,0.0,0.0
7890,instagram,christhedj,3,twitter,christhedj,simple_name_prefix3:chr,0.74,1.1,1.0,0.0,0.0
7895,googleplus,christiangiollo,7895,instagram,christiangiollo,simple_name_prefix3:chr,0.74,1.1,1.0,0.0,0.0
11891,instagram,mthokozisig,3,twitter,mthokozisig,simple_name_prefix3:mth,0.74,1.1,1.0,0.0,0.0
10905,instagram,mistahwrite,3,twitter,mistahwrite,simple_name_prefix3:mis,0.74,1.1,1.0,0.0,0.0
4513,instagram,bobkiesow,3,twitter,bobkiesow,simple_name_prefix3:bob,0.74,1.1,1.0,0.0,0.0
11894,googleplus,mufidsalim,11894,instagram,mufidsalim,simple_name_prefix3:muf,0.74,1.1,1.0,0.0,0.0
7493,googleplus,bobaycock,7493,instagram,bobaycock,simple_name_prefix3:bob,0.74,1.1,1.0,0.0,0.0
7493,googleplus,bobaycock,3,twitter,bobaycock,simple_name_prefix3:bob,0.74,1.1,1.0,0.0,0.0
7494,googleplus,bobbibooker,7494,instagram,bobbibooker,simple_name_prefix3:bob,0.74,1.1,1.0,0.0,0.0
7496,instagram,bobby_travis,3,twitter,bobby_travis,simple_name_prefix3:bob,0.74,1.1,1.0,0.0,0.0
7931,instagram,christuttle,3,twitter,christuttle,simple_name_prefix3:chr,0.74,1.1,1.0,0.0,0.0
7932,googleplus,christyrobinson,7932,instagram,christyrobinson,simple_name_prefix3:chr,0.74,1.1,1.0,0.0,0.0
7166,googleplus,anyulled,7166,instagram,anyulled,simple_name_prefix3:any,0.74,1.1,1.0,0.0,0.0
7166,googleplus,anyulled,3,twitter,anyulled,simple_name_prefix3:any,0.74,1.1,1.0,0.0,0.0
7933,googleplus,chriswejr,7933,instagram,chriswejr,simple_name_prefix3:chr,0.74,1.1,1.0,0.0,0.0
7898,instagram,christianmrtnz,3,twitter,christianmrtnz,simple_name_prefix3:chr,0.74,1.1,1.0,0.0,0.0
7357,instagram,battysbath,3,twitter,battysbath,simple_name_prefix3:bat,0.74,1.1,1.0,0.0,0.0
7901,googleplus,christiandperez,7901,instagram,christiandperez,simple_name_prefix3:chr,0.74,1.1,1.0,0.0,0.0
7315,instagram,ayanamihitomi,3,twitter,ayanamihitomi,simple_name_prefix3:aya,0.74,1.1,1.0,0.0,0.0
12696,googleplus,reubenrai,12696,instagram,reubenrai,simple_name_prefix3:reu,0.74,1.1,1.0,0.0,0.0
12696,googleplus,reubenrai,3,twitter,reubenrai,simple_name_prefix3:reu,0.74,1.1,1.0,0.0,0.0
3239,googleplus,missyrestless,3,twitter,missyrestless,simple_name_prefix3:mis,0.74,1.1,1.0,0.0,0.0
7901,googleplus,christiandperez,3,twitter,christiandperez,simple_name_prefix3:chr,0.74,1.1,1.0,0.0,0.0
7902,instagram,christianxxev,3,twitter,christianxxev,simple_name_prefix3:chr,0.74,1.1,1.0,0.0,0.0
7905,instagram,chrillep,3,twitter,chrillep,simple_name_prefix3:chr,0.74,1.1,1.0,0.0,0.0
5794,instagram,misstiffie,3,twitter,misstiffie,simple_name_prefix3:mis,0.74,1.1,1.0,0.0,0.0
7909,googleplus,christinaflorencio,7909,instagram,christinaflorencio,simple_name_prefix3:chr,0.74,1.1,1.0,0.0,0.0
7912,instagram,christinebpc,3,twitter,christinebpc,simple_name_prefix3:chr,0.74,1.1,1.0,0.0,0.0
4256,instagram,dainec,3,twitter,dainec,simple_name_prefix3:dai,0.74,1.1,1.0,0.0,0.0
8056,googleplus,chrispepin,8056,instagram,chrispepin,simple_name_prefix3:chr,0.74,1.1,1.0,0.0,0.0
8056,googleplus,chrispepin,3,twitter,chrispepin,simple_name_prefix3:chr,0.74,1.1,1.0,0.0,0.0
11778,instagram,mister_anggie,3,twitter,mister_anggie,simple_name_prefix3:mis,0.74,1.1,1.0,0.0,0.0
11781,instagram,mistystriker,3,twitter,mistystriker,simple_name_prefix3:mis,0.74,1.1,1.0,0.0,0.0
10839,googleplus,chrispirillo,10839,instagram,chrispirillo,simple_name_prefix3:chr,0.74,1.1,1.0,0.0,0.0
13860,googleplus,misstraceynolan,13860,instagram,misstraceynolan,simple_name_prefix3:mis,0.74,1.1,1.0,0.0,0.0
13860,googleplus,misstraceynolan,3,twitter,misstraceynolan,simple_name_prefix3:mis,0.74,1.1,1.0,0.0,0.0
7485,googleplus,bleuhayes,3,twitter,bleuhayes,simple_name_prefix3:ble,0.74,1.1,1.0,0.0,0.0
2824,googleplus,kimihirosuzuki,3,twitter,kimihirosuzuki,simple_name_prefix3:kim,0.74,1.1,1.0,0.0,0.0
2825,googleplus,kimrenberg,3,twitter,kimrenberg,simple_name_prefix3:kim,0.74,1.1,1.0,0.0,0.0
7935,instagram,shinerweb,3,twitter,shinerweb,simple_name_prefix3:shi,0.74,1.1,1.0,0.0,0.0
7916,googleplus,christmanbowers,7916,instagram,christmanbowers,simple_name_prefix3:chr,0.74,1.1,1.0,0.0,0.0
7916,googleplus,christmanbowers,3,twitter,christmanbowers,simple_name_prefix3:chr,0.74,1.1,1.0,0.0,0.0
4792,instagram,dhall429,3,twitter,dhall429,simple_name_prefix3:dha,0.74,1.1,1.0,0.0,0.0
8600,instagram,dhaywood50,3,twitter,dhaywood50,simple_name_prefix3:dha,0.74,1.1,1.0,0.0,0.0
7917,googleplus,christoferclaro,7917,instagram,christoferclaro,simple_name_prefix3:chr,0.74,1.1,1.0,0.0,0.0
8483,googleplus,dimitriskarathanos,8483,instagram,dimitriskarathanos,simple_name_prefix3:dim,0.74,1.1,1.0,0.0,0.0
8484,instagram,dimmuart,3,twitter,dimmuart,simple_name_prefix3:dim,0.74,1.1,1.0,0.0,0.0
8485,instagram,dimyume,3,twitter,dimyume,simple_name_prefix3:dim,0.74,1.1,1.0,0.0,0.0
4932,instagram,estreitta,3,twitter,estreitta,simple_name_prefix3:est,0.74,1.1,1.0,0.0,0.0
8855,googleplus,estercuni,3,twitter,estercuni,simple_name_prefix3:est,0.74,1.1,1.0,0.0,0.0
7928,googleplus,christophersisk,7928,instagram,christophersisk,simple_name_prefix3:chr,0.74,1.1,1.0,0.0,0.0
11800,googleplus,mjtam,11800,instagram,mjtam,simple_name_prefix3:mjt,0.74,1.1,1.0,0.0,0.0
11800,googleplus,mjtam,3,twitter,mjtam,simple_name_prefix3:mjt,0.74,1.1,1.0,0.0,0.0
8102,instagram,currobb,3,twitter,currobb,simple_name_prefix3:cur,0.74,1.1,1.0,0.0,0.0
8103,googleplus,curthopkins,3,twitter,curthopkins,simple_name_prefix3:cur,0.74,1.1,1.0,0.0,0.0
8106,googleplus,curtisnatalie,8106,instagram,curtisnatalie,simple_name_prefix3:cur,0.74,1.1,1.0,0.0,0.0
5069,instagram,gumcreative,3,twitter,gumcreative,simple_name_prefix3:gum,0.74,1.1,1.0,0.0,0.0
11804,instagram,mktantum,3,twitter,mktantum,simple_name_prefix3:mkt,0.74,1.1,1.0,0.0,0.0
5625,instagram,hackmuff,3,twitter,hackmuff,simple_name_prefix3:hac,0.74,1.1,1.0,0.0,0.0
11874,instagram,mrobertsonline,3,twitter,mrobertsonline,simple_name_prefix3:mro,0.74,1.1,1.0,0.0,0.0
8008,instagram,chrissienicely,3,twitter,chrissienicely,simple_name_prefix3:chr,0.74,1.1,1.0,0.0,0.0
9453,googleplus,hayobethlehem,3,twitter,hayobethlehem,simple_name_prefix3:hay,0.74,1.1,1.0,0.0,0.0
12018,googleplus,hayatievren,12018,instagram,hayatievren,simple_name_prefix3:hay,0.74,1.1,1.0,0.0,0.0
6753,instagram,bgskesumayudha,3,twitter,bgskesumayudha,simple_name_prefix3:bgs,0.74,1.1,1.0,0.0,0.0
10531,instagram,waisiuting,3,twitter,waisiuting,simple_name_prefix3:wai,0.74,1.1,1.0,0.0,0.0
786,googleplus,brandonchiang,786,instagram,brandonchiang,simple_name_prefix3:bra,0.74,1.1,1.0,0.0,0.0
10716,googleplus,kimauclair,10716,instagram,kimauclair,simple_name_prefix3:kim,0.74,1.1,1.0,0.0,0.0
10723,googleplus,kimgeralds,10723,instagram,kimgeralds,simple_name_prefix3:kim,0.74,1.1,1.0,0.0,0.0
10723,googleplus,kimgeralds,3,twitter,kimgeralds,simple_name_prefix3:kim,0.74,1.1,1.0,0.0,0.0
11202,instagram,majomina,3,twitter,majomina,simple_name_prefix3:maj,0.74,1.1,1.0,0.0,0.0
2182,googleplus,evanmetropoulos,3,twitter,evanmetropoulos,simple_name_prefix3:eva,0.74,1.1,1.0,0.0,0.0
8856,googleplus,estevaodias,3,twitter,estevaodias,simple_name_prefix3:est,0.74,1.1,1.0,0.0,0.0
873,googleplus,djgoddessa,873,instagram,djgoddessa,simple_name_prefix3:djg,0.74,1.1,1.0,0.0,0.0
10725,googleplus,kimisharp,10725,instagram,kimisharp,simple_name_prefix3:kim,0.74,1.1,1.0,0.0,0.0
877,googleplus,domizianogalia,877,instagram,domizianogalia,simple_name_prefix3:dom,0.74,1.1,1.0,0.0,0.0
2064,googleplus,domdeoliveira,3,twitter,domdeoliveira,simple_name_prefix3:dom,0.74,1.1,1.0,0.0,0.0
2065,googleplus,domenicosolazzo,3,twitter,domenicosolazzo,simple_name_prefix3:dom,0.74,1.1,1.0,0.0,0.0
2066,googleplus,dominikfaust,3,twitter,dominikfaust,simple_name_prefix3:dom,0.74,1.1,1.0,0.0,0.0
8526,googleplus,domingosmoreira,8526,instagram,domingosmoreira,simple_name_prefix3:dom,0.74,1.1,1.0,0.0,0.0
4515,instagram,bogdansuditu,3,twitter,bogdansuditu,simple_name_prefix3:bog,0.74,1.1,1.0,0.0,0.0
12273,instagram,bolpet,3,twitter,bolpet,simple_name_prefix3:bol,0.74,1.1,1.0,0.0,0.0
8762,googleplus,enricogualandi,8762,instagram,enricogualandi,simple_name_prefix3:enr,0.74,1.1,1.0,0.0,0.0
7510,instagram,brasonja,3,twitter,brasonja,simple_name_prefix3:bra,0.74,1.1,1.0,0.0,0.0
7520,googleplus,bradandersohn,7520,instagram,bradandersohn,simple_name_prefix3:bra,0.74,1.1,1.0,0.0,0.0
8881,googleplus,evasanagustin,3,twitter,evasanagustin,simple_name_prefix3:eva,0.74,1.1,1.0,0.0,0.0
8764,googleplus,enricvega,8764,instagram,enricvega,simple_name_prefix3:enr,0.74,1.1,1.0,0.0,0.0
8764,googleplus,enricvega,3,twitter,enricvega,simple_name_prefix3:enr,0.74,1.1,1.0,0.0,0.0
888,googleplus,ekihartari,888,instagram,ekihartari,simple_name_prefix3:eki,0.74,1.1,1.0,0.0,0.0
7846,instagram,nongteehaa,3,twitter,nongteehaa,simple_name_prefix3:non,0.74,1.1,1.0,0.0,0.0
12115,instagram,nonakumis,3,twitter,nonakumis,simple_name_prefix3:non,0.74,1.1,1.0,0.0,0.0
2902,googleplus,lazejanev,3,twitter,lazejanev,simple_name_prefix3:laz,0.74,1.1,1.0,0.0,0.0
10910,googleplus,lazarusross,3,twitter,lazarusross,simple_name_prefix3:laz,0.74,1.1,1.0,0.0,0.0
7521,googleplus,bradenframe,7521,instagram,bradenframe,simple_name_prefix3:bra,0.74,1.1,1.0,0.0,0.0
13412,instagram,ephtys,3,twitter,ephtys,simple_name_prefix3:eph,0.74,1.1,1.0,0.0,0.0
900,googleplus,ernestcustodio,900,instagram,ernestcustodio,simple_name_prefix3:ern,0.74,1.1,1.0,0.0,0.0
7521,googleplus,bradenframe,3,twitter,bradenframe,simple_name_prefix3:bra,0.74,1.1,1.0,0.0,0.0
8835,instagram,ernohannink,3,twitter,ernohannink,simple_name_prefix3:ern,0.74,1.1,1.0,0.0,0.0
2174,googleplus,esbjornlarsen,3,twitter,esbjornlarsen,simple_name_prefix3:esb,0.74,1.1,1.0,0.0,0.0
2180,googleplus,evandently,3,twitter,evandently,simple_name_prefix3:eva,0.74,1.1,1.0,0.0,0.0
913,googleplus,fefejohnson,913,instagram,fefejohnson,simple_name_prefix3:fef,0.74,1.1,1.0,0.0,0.0
4763,instagram,wordonwomack,3,twitter,wordonwomack,simple_name_prefix3:wor,0.74,1.1,1.0,0.0,0.0
9017,googleplus,fouadhousni,9017,instagram,fouadhousni,simple_name_prefix3:fou,0.74,1.1,1.0,0.0,0.0
9017,googleplus,fouadhousni,3,twitter,fouadhousni,simple_name_prefix3:fou,0.74,1.1,1.0,0.0,0.0
928,googleplus,funkgumboradio,928,instagram,funkgumboradio,simple_name_prefix3:fun,0.74,1.1,1.0,0.0,0.0
9488,instagram,funzafunza,3,twitter,funzafunza,simple_name_prefix3:fun,0.74,1.1,1.0,0.0,0.0
13138,instagram,funkinspektor,3,twitter,funkinspektor,simple_name_prefix3:fun,0.74,1.1,1.0,0.0,0.0
7600,googleplus,bruceallinson,3,twitter,bruceallinson,simple_name_prefix3:bru,0.74,1.1,1.0,0.0,0.0
8872,googleplus,evandroarruda,8872,instagram,evandroarruda,simple_name_prefix3:eva,0.74,1.1,1.0,0.0,0.0
7601,googleplus,brucewise,7601,instagram,brucewise,simple_name_prefix3:bru,0.74,1.1,1.0,0.0,0.0
8874,instagram,evandrosudre,3,twitter,evandrosudre,simple_name_prefix3:eva,0.74,1.1,1.0,0.0,0.0
8876,instagram,evaniperen,3,twitter,evaniperen,simple_name_prefix3:eva,0.74,1.1,1.0,0.0,0.0
8877,instagram,evanluxzenburg,3,twitter,evanluxzenburg,simple_name_prefix3:eva,0.74,1.1,1.0,0.0,0.0
9219,googleplus,getpalmd,9219,instagram,getpalmd,simple_name_prefix3:get,0.74,1.1,1.0,0.0,0.0
7604,instagram,brunoassis,3,twitter,brunoassis,simple_name_prefix3:bru,0.74,1.1,1.0,0.0,0.0
1728,googleplus,butikrumahan,3,twitter,butikrumahan,simple_name_prefix3:but,0.74,1.1,1.0,0.0,0.0
7605,instagram,brunobar79,3,twitter,brunobar79,simple_name_prefix3:bru,0.74,1.1,1.0,0.0,0.0
7373,googleplus,butis73,7373,instagram,butis73,simple_name_prefix3:but,0.74,1.1,1.0,0.0,0.0
7606,googleplus,brunoconte1961,7606,instagram,brunoconte1961,simple_name_prefix3:bru,0.74,1.1,1.0,0.0,0.0
2306,googleplus,giuliagentilin,3,twitter,giuliagentilin,simple_name_prefix3:giu,0.74,1.1,1.0,0.0,0.0
2308,googleplus,giuseppemelillo,3,twitter,giuseppemelillo,simple_name_prefix3:giu,0.74,1.1,1.0,0.0,0.0
7899,instagram,brunojohn,3,twitter,brunojohn,simple_name_prefix3:bru,0.74,1.1,1.0,0.0,0.0
11997,instagram,brunoesque,3,twitter,brunoesque,simple_name_prefix3:bru,0.74,1.1,1.0,0.0,0.0
7527,instagram,bradreason,3,twitter,bradreason,simple_name_prefix3:bra,0.74,1.1,1.0,0.0,0.0
4943,instagram,ezanice,3,twitter,ezanice,simple_name_prefix3:eza,0.74,1.1,0.3333333333333333,1.0,0.0
7530,googleplus,bradwatanabe,3,twitter,bradwatanabe,simple_name_prefix3:bra,0.74,1.1,1.0,0.0,0.0
8912,instagram,fadiputra,3,twitter,fadiputra,simple_name_prefix3:fad,0.74,1.1,1.0,0.0,0.0
7531,googleplus,bradwolff,7531,instagram,bradwolff,simple_name_prefix3:bra,0.74,1.1,1.0,0.0,0.0
10896,instagram,lgarland1,3,twitter,lgarland1,simple_name_prefix3:lga,0.74,1.1,1.0,0.0,0.0
7532,googleplus,bradyocallahan,7532,instagram,bradyocallahan,simple_name_prefix3:bra,0.74,1.1,1.0,0.0,0.0
5031,instagram,geigergetsit,3,twitter,geigercorp,simple_name_prefix3:gei,0.74,0.6,1.0,1.0,0.0
5039,instagram,ghardin,3,twitter,ghardin,simple_name_prefix3:gha,0.74,1.1,1.0,0.0,0.0
13796,googleplus,toledoscanner,13796,instagram,toledoscanner,simple_name_prefix3:tol,0.74,1.1,1.0,0.0,0.0
13796,googleplus,toledoscanner,3,twitter,toledoscanner,simple_name_prefix3:tol,0.74,1.1,1.0,0.0,0.0
1676,googleplus,bradbalfour,3,twitter,bradbalfour,simple_name_prefix3:bra,0.74,1.1,1.0,0.0,0.0
1678,googleplus,bradmcdiarmid,3,twitter,bradmcdiarmid,simple_name_prefix3:bra,0.74,1.1,1.0,0.0,0.0
9301,instagram,gottarecords,3,twitter,gottarecords,simple_name_prefix3:got,0.74,1.1,0.3333333333333333,1.0,0.0
9302,googleplus,gozdebalkan,3,twitter,gozdebalkan,simple_name_prefix3:goz,0.74,1.1,1.0,0.0,0.0
4523,instagram,bradfry,3,twitter,bradfry,simple_name_prefix3:bra,0.74,1.1,1.0,0.0,0.0
4529,instagram,bramhubbell,3,twitter,bramhubbell,simple_name_prefix3:bra,0.74,1.1,1.0,0.0,0.0
8638,instagram,edgarrondon,3,twitter,edgarrondon,simple_name_prefix3:edg,0.74,1.1,1.0,0.0,0.0
5161,instagram,itato,3,twitter,itato,simple_name_prefix3:ita,0.74,1.1,1.0,0.0,0.0
5209,instagram,brandedwithlove,3,twitter,brandedwithlove,simple_name_prefix3:bra,0.74,1.1,1.0,0.0,0.0
9494,googleplus,herartsheloves,9494,instagram,herartsheloves,simple_name_prefix3:her,0.74,1.1,1.0,0.0,0.0
7359,googleplus,brandonavance,7359,instagram,brandonavance,simple_name_prefix3:bra,0.74,1.1,1.0,0.0,0.0
9256,instagram,giuliano_abate,3,twitter,giuliano_abate,simple_name_prefix3:giu,0.74,1.1,1.0,0.0,0.0
9258,googleplus,giuseppeazzaro,3,twitter,giuseppeazzaro,simple_name_prefix3:giu,0.74,1.1,1.0,0.0,0.0
9273,instagram,globalpatriot,3,twitter,globalpatriot,simple_name_prefix3:glo,0.74,1.1,1.0,0.0,0.0
11611,instagram,mhantirah,3,twitter,mhantirah,simple_name_prefix3:mha,0.74,1.1,1.0,0.0,0.0
11612,instagram,mharcos,3,twitter,mharcos,simple_name_prefix3:mha,0.74,1.1,1.0,0.0,0.0
11227,googleplus,gloriamanole,11227,instagram,gloriamanole,simple_name_prefix3:glo,0.74,1.1,1.0,0.0,0.0
11657,instagram,mgwitham,3,twitter,mgwitham,simple_name_prefix3:mgw,0.74,1.1,1.0,0.0,0.0
5088,instagram,hasanharnett,3,twitter,hasanharnett,simple_name_prefix3:has,0.74,1.1,1.0,0.0,0.0
11669,instagram,m0dernist,3,twitter,m0dernist,simple_name_prefix3:m0d,0.74,1.1,1.0,0.0,0.0
11671,instagram,mlmcivor,3,twitter,mlmcivor,simple_name_prefix3:mlm,0.74,1.1,1.0,0.0,0.0
9439,googleplus,hasanalikhattak,3,twitter,hasanalikhattak,simple_name_prefix3:has,0.74,1.1,1.0,0.0,0.0
2403,googleplus,heshandon,3,twitter,heshandon,simple_name_prefix3:hes,0.74,1.1,1.0,0.0,0.0
11702,googleplus,miiakarvonen,11702,instagram,miiakarvonen,simple_name_prefix3:mii,0.74,1.1,1.0,0.0,0.0
9502,googleplus,heshamaboelmagd,3,twitter,heshamaboelmagd,simple_name_prefix3:hes,0.74,1.1,1.0,0.0,0.0
956,googleplus,hildeorens,956,instagram,hildeorens,simple_name_prefix3:hil,0.74,1.1,1.0,0.0,0.0
2409,googleplus,hillaryfox,3,twitter,hillaryfox,simple_name_prefix3:hil,0.74,1.1,1.0,0.0,0.0
11714,instagram,mdoeff,3,twitter,mdoeff,simple_name_prefix3:mdo,0.74,1.1,1.0,0.0,0.0
9441,googleplus,hasanyildiz84,9441,instagram,hasanyildiz84,simple_name_prefix3:has,0.74,1.1,1.0,0.0,0.0
9441,googleplus,hasanyildiz84,3,twitter,hasanyildiz84,simple_name_prefix3:has,0.74,1.1,1.0,0.0,0.0
9444,googleplus,hassamtariq,9444,instagram,hassamtariq,simple_name_prefix3:has,0.74,1.1,1.0,0.0,0.0
11795,googleplus,mjdwarner,11795,instagram,mjdwarner,simple_name_prefix3:mjd,0.74,1.1,1.0,0.0,0.0
2387,googleplus,hazamyahya,3,twitter,hazamyahya,simple_name_prefix3:haz,0.74,1.1,1.0,0.0,0.0
11795,googleplus,mjdwarner,3,twitter,mjdwarner,simple_name_prefix3:mjd,0.74,1.1,1.0,0.0,0.0
5159,instagram,italianbrother,3,twitter,italianbrother,simple_name_prefix3:ita,0.74,1.1,1.0,0.0,0.0
13363,googleplus,soumikshah,13363,instagram,soumikshah,simple_name_prefix3:sou,0.74,1.1,1.0,0.0,0.0
13363,googleplus,soumikshah,3,twitter,soumikshah,simple_name_prefix3:sou,0.74,1.1,1.0,0.0,0.0
2470,googleplus,indranilchanda,3,twitter,indranilchanda,simple_name_prefix3:ind,0.74,1.1,1.0,0.0,0.0
4485,instagram,indiefilmben,3,twitter,indiefilmben,simple_name_prefix3:ind,0.74,1.1,1.0,0.0,0.0
5144,instagram,individjoality,3,twitter,individjoality,simple_name_prefix3:ind,0.74,1.1,1.0,0.0,0.0
9497,googleplus,herihp,9497,instagram,herihp,simple_name_prefix3:her,0.74,1.1,1.0,0.0,0.0
9497,googleplus,herihp,3,twitter,herihp,simple_name_prefix3:her,0.74,1.1,1.0,0.0,0.0
7525,googleplus,bradhuss,7525,instagram,bradhuss,simple_name_prefix3:bra,0.74,1.1,1.0,0.0,0.0
9500,googleplus,herupurwito,9500,instagram,herupurwito,simple_name_prefix3:her,0.74,1.1,1.0,0.0,0.0
9501,googleplus,herwigdaemon,9501,instagram,herwigdaemon,simple_name_prefix3:her,0.74,1.1,1.0,0.0,0.0
788,googleplus,brettaljets,788,instagram,brettaljets,simple_name_prefix3:bre,0.74,1.1,1.0,0.0,0.0
1685,googleplus,brenewilson,3,twitter,brenewilson,simple_name_prefix3:bre,0.74,1.1,1.0,0.0,0.0
7446,googleplus,brentalexander,7446,instagram,brentalexander,simple_name_prefix3:bre,0.74,1.1,1.0,0.0,0.0
7519,googleplus,brettpetrillo,3,twitter,brettpetrillo,simple_name_prefix3:bre,0.74,1.1,1.0,0.0,0.0
9880,instagram,javidayz,3,twitter,javidayz,simple_name_prefix3:jav,0.74,1.1,1.0,0.0,0.0
7542,instagram,brefe,3,twitter,brefe,simple_name_prefix3:bre,0.74,1.1,1.0,0.0,0.0
9886,instagram,javiercostacom,3,twitter,javiercostacom,simple_name_prefix3:jav,0.74,1.1,0.3333333333333333,1.0,0.0
11552,instagram,meberl,3,twitter,meberl,simple_name_prefix3:meb,0.74,1.1,1.0,0.0,0.0
11608,instagram,mgpolitis,3,twitter,mgpolitis,simple_name_prefix3:mgp,0.74,1.1,1.0,0.0,0.0
5104,instagram,hilquiasdarcley,3,twitter,hilquiasdarcley,simple_name_prefix3:hil,0.74,1.1,1.0,0.0,0.0
9512,instagram,hildalemus,3,twitter,hildalemus,simple_name_prefix3:hil,0.74,1.1,1.0,0.0,0.0
11609,instagram,mgr,3,twitter,mgr,simple_name_prefix3:mgr,0.74,1.1,1.0,0.0,0.0
9526,instagram,hillary,3,twitter,hillary,simple_name_prefix3:hil,0.74,1.1,1.0,0.0,0.0
11573,instagram,hillard23,3,twitter,hillard23,simple_name_prefix3:hil,0.74,1.1,1.0,0.0,0.0
7547,googleplus,brentsgambill,3,twitter,brentsgambill,simple_name_prefix3:bre,0.74,1.1,1.0,0.0,0.0
10620,googleplus,keithklingen,10620,instagram,keithklingen,simple_name_prefix3:kei,0.74,1.1,1.0,0.0,0.0
7548,googleplus,brentvardy,7548,instagram,brentvardy,simple_name_prefix3:bre,0.74,1.1,1.0,0.0,0.0
7549,googleplus,brettfarmiloe,3,twitter,brettfarmiloe,simple_name_prefix3:bre,0.74,1.1,1.0,0.0,0.0
8036,googleplus,copano,8036,instagram,copano,simple_name_prefix3:cop,0.74,1.1,1.0,0.0,0.0
7550,googleplus,brettginsberg,7550,instagram,brettginsberg,simple_name_prefix3:bre,0.74,1.1,1.0,0.0,0.0
4957,instagram,feikalaprieza,3,twitter,feikalaprieza,simple_name_prefix3:fei,0.74,1.1,1.0,0.0,0.0
7552,googleplus,breyeschow,7552,instagram,breyeschow,simple_name_prefix3:bre,0.74,1.1,1.0,0.0,0.0
7552,googleplus,breyeschow,3,twitter,breyeschow,simple_name_prefix3:bre,0.74,1.1,1.0,0.0,0.0
1714,googleplus,bryanmcanulty,3,twitter,bryanmcanulty,simple_name_prefix3:bry,0.74,1.1,1.0,0.0,0.0
7611,googleplus,bryanespey,7611,instagram,bryanespey,simple_name_prefix3:bry,0.74,1.1,1.0,0.0,0.0
7612,instagram,bryandangerous,3,twitter,bryandangerous,simple_name_prefix3:bry,0.74,1.1,1.0,0.0,0.0
9010,instagram,foodnouveau,3,twitter,foodnouveau,simple_name_prefix3:foo,0.74,1.1,1.0,0.0,0.0
7534,googleplus,bramwittendorp,7534,instagram,bramwittendorp,simple_name_prefix3:bra,0.74,1.1,1.0,0.0,0.0
2805,googleplus,kennysalazar,3,twitter,kennysalazar,simple_name_prefix3:ken,0.74,1.1,1.0,0.0,0.0
5460,instagram,kengillett,3,twitter,kengillett,simple_name_prefix3:ken,0.74,1.1,1.0,0.0,0.0
7569,instagram,kenyob,3,twitter,kenyob,simple_name_prefix3:ken,0.74,1.1,1.0,0.0,0.0
10642,googleplus,kenekaplan,10642,instagram,kenekaplan,simple_name_prefix3:ken,0.74,1.1,1.0,0.0,0.0
10158,googleplus,jmurphpix,10158,instagram,jmurphpix,simple_name_prefix3:jmu,0.74,1.1,1.0,0.0,0.0
12899,instagram,roshaniel21,3,twitter,roshaniel21,simple_name_prefix3:ros,0.74,1.1,1.0,0.0,0.0
5393,instagram,jtross00,3,twitter,jtross00,simple_name_prefix3:jtr,0.74,1.1,1.0,0.0,0.0
10407,instagram,jtroyer,3,twitter,jtroyer,simple_name_prefix3:jtr,0.74,1.1,1.0,0.0,0.0
7619,googleplus,bryanrapoza,7619,instagram,bryanrapoza,simple_name_prefix3:bry,0.74,1.1,1.0,0.0,0.0
10363,instagram,jgriff120,3,twitter,jgriff120,simple_name_prefix3:jgr,0.74,1.1,1.0,0.0,0.0
8987,instagram,coantis,3,twitter,coantis,simple_name_prefix3:coa,0.74,1.1,1.0,0.0,0.0
7619,googleplus,bryanrapoza,3,twitter,bryanrapoza,simple_name_prefix3:bry,0.74,1.1,1.0,0.0,0.0
1035,googleplus,keiththomasjackson,1035,instagram,keiththomasjackson,simple_name_prefix3:kei,0.74,1.1,1.0,0.0,0.0
5453,instagram,keirdubois,3,twitter,keirdubois,simple_name_prefix3:kei,0.74,1.1,1.0,0.0,0.0
10616,googleplus,keithbarrett,10616,instagram,keithbarrett,simple_name_prefix3:kei,0.74,1.1,1.0,0.0,0.0
10649,instagram,kennethhopkins,3,twitter,kennethhopkins,simple_name_prefix3:ken,0.74,1.1,1.0,0.0,0.0
10653,instagram,kensayo,3,twitter,kensayo,simple_name_prefix3:ken,0.74,1.1,1.0,0.0,0.0
7622,googleplus,bryanstupar,7622,instagram,bryanstupar,simple_name_prefix3:bry,0.74,1.1,1.0,0.0,0.0
10655,googleplus,kentspeakman,10655,instagram,kentspeakman,simple_name_prefix3:ken,0.74,1.1,1.0,0.0,0.0
7622,googleplus,bryanstupar,3,twitter,bryanstupar,simple_name_prefix3:bry,0.74,1.1,1.0,0.0,0.0
14250,googleplus,yasirnasir,14250,instagram,yasirnasir,simple_name_prefix3:yas,0.74,1.1,1.0,0.0,0.0
10620,googleplus,keithklingen,3,twitter,keithklingen,simple_name_prefix3:kei,0.74,1.1,1.0,0.0,0.0
10621,googleplus,keithkorneluk,10621,instagram,keithkorneluk,simple_name_prefix3:kei,0.74,1.1,1.0,0.0,0.0
10623,googleplus,keithpickett,10623,instagram,keithpickett,simple_name_prefix3:kei,0.74,1.1,1.0,0.0,0.0
7623,googleplus,bryantcabrera,3,twitter,bryantcabrera,simple_name_prefix3:bry,0.74,1.1,1.0,0.0,0.0
1038,googleplus,kenbuis,1038,instagram,kenbuis,simple_name_prefix3:ken,0.74,1.1,1.0,0.0,0.0
2802,googleplus,kennethpfeifer,3,twitter,kennethpfeifer,simple_name_prefix3:ken,0.74,1.1,1.0,0.0,0.0
7546,googleplus,brentcoley,3,twitter,brentcoley,simple_name_prefix3:bre,0.74,1.1,1.0,0.0,0.0
10711,googleplus,kientran,10711,instagram,kientran,simple_name_prefix3:kie,0.74,1.1,1.0,0.0,0.0
10711,googleplus,kientran,3,twitter,kientran,simple_name_prefix3:kie,0.74,1.1,1.0,0.0,0.0
7547,googleplus,brentsgambill,7547,instagram,brentsgambill,simple_name_prefix3:bre,0.74,1.1,1.0,0.0,0.0
2838,googleplus,kodewulf,3,twitter,kodewulf,simple_name_prefix3:kod,0.74,1.1,1.0,0.0,0.0
2842,googleplus,konradkiss,3,twitter,konradkiss,simple_name_prefix3:kon,0.74,1.1,1.0,0.0,0.0
10770,googleplus,konradburman,10770,instagram,konradburman,simple_name_prefix3:kon,0.74,1.1,1.0,0.0,0.0
10644,googleplus,kenkaufman,10644,instagram,kenkaufman,simple_name_prefix3:ken,0.74,1.1,1.0,0.0,0.0
10644,googleplus,kenkaufman,3,twitter,kenkaufman,simple_name_prefix3:ken,0.74,1.1,1.0,0.0,0.0
10645,googleplus,kenmayes,10645,instagram,kenmayes,simple_name_prefix3:ken,0.74,1.1,1.0,0.0,0.0
7655,googleplus,calebruckner,7655,instagram,calebruckner,simple_name_prefix3:cal,0.74,1.1,1.0,0.0,0.0
7657,googleplus,calinsapunaru,3,twitter,calinsapunaru,simple_name_prefix3:cal,0.74,1.1,1.0,0.0,0.0
4907,instagram,epellegrino,3,twitter,epellegrino,simple_name_prefix3:epe,0.74,1.1,1.0,0.0,0.0
8846,instagram,esenterre,3,twitter,esenterre,simple_name_prefix3:ese,0.74,1.1,1.0,0.0,0.0
8779,instagram,erdelcroix,3,twitter,erdelcroix,simple_name_prefix3:erd,0.74,1.1,1.0,0.0,0.0
8780,googleplus,erdemtuzen,8780,instagram,erdemtuzen,simple_name_prefix3:erd,0.74,1.1,1.0,0.0,0.0
7658,instagram,calistoga,3,twitter,calistoga,simple_name_prefix3:cal,0.74,1.1,1.0,0.0,0.0
4917,instagram,mozfan,3,twitter,mozfan,simple_name_prefix3:moz,0.74,1.1,1.0,0.0,0.0
11859,googleplus,mozartherbert,11859,instagram,mozartherbert,simple_name_prefix3:moz,0.74,1.1,1.0,0.0,0.0
1912,googleplus,danieletusa,3,twitter,danieletusa,simple_name_prefix3:dan,0.74,1.1,1.0,0.0,0.0
3683,googleplus,roseannhiggins,3,twitter,roseannhiggins,simple_name_prefix3:ros,0.74,1.1,1.0,0.0,0.0
8836,instagram,erogers,3,twitter,erogers,simple_name_prefix3:ero,0.74,1.1,1.0,0.0,0.0
3688,googleplus,rossdunn,3,twitter,rossdunn,simple_name_prefix3:ros,0.74,1.1,1.0,0.0,0.0
14252,googleplus,yassermasood,14252,instagram,yassermasood,simple_name_prefix3:yas,0.74,1.1,1.0,0.0,0.0
3689,googleplus,rossgaskell,3,twitter,rossgaskell,simple_name_prefix3:ros,0.74,1.1,1.0,0.0,0.0
14253,googleplus,yasservidal,14253,instagram,yasservidal,simple_name_prefix3:yas,0.74,1.1,1.0,0.0,0.0
11877,instagram,rosiemedia,3,twitter,rosiemedia,simple_name_prefix3:ros,0.74,1.1,1.0,0.0,0.0
9686,instagram,irecevic,3,twitter,irecevic,simple_name_prefix3:ire,0.74,1.1,1.0,0.0,0.0
9688,googleplus,irenekimmel,9688,instagram,irenekimmel,simple_name_prefix3:ire,0.74,1.1,1.0,0.0,0.0
9688,googleplus,irenekimmel,3,twitter,irenekimmel,simple_name_prefix3:ire,0.74,1.1,1.0,0.0,0.0
5511,instagram,kurtclark,3,twitter,kurtclark,simple_name_prefix3:kur,0.74,1.1,1.0,0.0,0.0
4716,instagram,daniel_ross,3,twitter,daniel_ross,simple_name_prefix3:dan,0.74,1.1,1.0,0.0,0.0
10820,googleplus,kurtberengeiger,10820,instagram,kurtberengeiger,simple_name_prefix3:kur,0.74,1.1,1.0,0.0,0.0
4719,instagram,danmalm,3,twitter,danmalm,simple_name_prefix3:dan,0.74,1.1,1.0,0.0,0.0
10822,googleplus,kurtgessler,10822,instagram,kurtgessler,simple_name_prefix3:kur,0.74,1.1,1.0,0.0,0.0
10825,instagram,kurtwvs,3,twitter,kurtwvs,simple_name_prefix3:kur,0.74,1.1,1.0,0.0,0.0
4722,instagram,dannybeckettjr,3,twitter,dannybeckettjr,simple_name_prefix3:dan,0.74,1.1,1.0,0.0,0.0
12902,instagram,ross_hayes,3,twitter,ross_hayes,simple_name_prefix3:ros,0.74,1.1,1.0,0.0,0.0
2875,googleplus,laisscortegagna,3,twitter,laisscortegagna,simple_name_prefix3:lai,0.74,1.1,1.0,0.0,0.0
4904,instagram,enjayneer,3,twitter,enjayneer,simple_name_prefix3:enj,0.74,1.1,1.0,0.0,0.0
10920,instagram,leandromaioral,3,twitter,leandromaioral,simple_name_prefix3:lea,0.74,1.1,1.0,0.0,0.0
12903,googleplus,rosslarocco,3,twitter,rosslarocco,simple_name_prefix3:ros,0.74,1.1,1.0,0.0,0.0
11162,instagram,learnit2earnit,3,twitter,learnit2earnit,simple_name_prefix3:lea,0.74,1.1,1.0,0.0,0.0
1737,googleplus,calepissarra,3,twitter,calepissarra,simple_name_prefix3:cal,0.74,1.1,1.0,0.0,0.0
7653,googleplus,calebdann,7653,instagram,calebdann,simple_name_prefix3:cal,0.74,1.1,1.0,0.0,0.0
7654,googleplus,calebkinchlow,7654,instagram,calebkinchlow,simple_name_prefix3:cal,0.74,1.1,1.0,0.0,0.0
4319,instagram,almirot,3,twitter,almirot,simple_name_prefix3:alm,0.74,1.1,1.0,0.0,0.0
13157,googleplus,senol_senturk,13157,instagram,senol_senturk,simple_name_prefix3:sen,0.74,1.1,1.0,0.0,0.0
11057,googleplus,lolaromero,11057,instagram,lolaromero,simple_name_prefix3:lol,0.74,1.1,1.0,0.0,0.0
11058,googleplus,lollydurand,11058,instagram,lollydurand,simple_name_prefix3:lol,0.74,1.1,1.0,0.0,0.0
11058,googleplus,lollydurand,3,twitter,lollydurand,simple_name_prefix3:lol,0.74,1.1,1.0,0.0,0.0
11501,instagram,maocandamil,3,twitter,maocandamil,simple_name_prefix3:mao,0.74,1.1,1.0,0.0,0.0
11502,instagram,tukeke,3,twitter,tukeke,simple_name_prefix3:tuk,0.74,1.1,1.0,0.0,0.0
11527,instagram,mborodov,3,twitter,mborodov,simple_name_prefix3:mbo,0.74,1.1,1.0,0.0,0.0
13069,googleplus,mohammedsawaie,13069,instagram,mohammedsawaie,simple_name_prefix3:moh,0.74,1.1,1.0,0.0,0.0
13069,googleplus,mohammedsawaie,3,twitter,mohammedsawaie,simple_name_prefix3:moh,0.74,1.1,1.0,0.0,0.0
11546,googleplus,mduartec,3,twitter,mduartec,simple_name_prefix3:mdu,0.74,1.1,1.0,0.0,0.0
6249,instagram,mockingjayduff,3,twitter,mockingjayduff,simple_name_prefix3:moc,0.74,1.1,1.0,0.0,0.0
10915,googleplus,leahmansfield,10915,instagram,leahmansfield,simple_name_prefix3:lea,0.74,1.1,1.0,0.0,0.0
10915,googleplus,leahmansfield,3,twitter,leahmansfield,simple_name_prefix3:lea,0.74,1.1,1.0,0.0,0.0
10916,googleplus,leahmessina,10916,instagram,leahmessina,simple_name_prefix3:lea,0.74,1.1,1.0,0.0,0.0
10916,googleplus,leahmessina,3,twitter,leahmessina,simple_name_prefix3:lea,0.74,1.1,1.0,0.0,0.0
10918,googleplus,leanderwattig,10918,instagram,leanderwattig,simple_name_prefix3:lea,0.74,1.1,1.0,0.0,0.0
1925,googleplus,danrmorris,3,twitter,danrmorris,simple_name_prefix3:dan,0.74,1.1,1.0,0.0,0.0
10920,googleplus,leandromaioral,10920,instagram,leandromaioral,simple_name_prefix3:lea,0.74,1.1,1.0,0.0,0.0
6442,instagram,toddstringer,3,twitter,toddstringer,simple_name_prefix3:tod,0.74,1.1,1.0,0.0,0.0
4701,instagram,danbedford,3,twitter,danbedford,simple_name_prefix3:dan,0.74,1.1,1.0,0.0,0.0
11791,googleplus,toddmizener,3,twitter,toddmizener,simple_name_prefix3:tod,0.74,1.1,1.0,0.0,0.0
13788,googleplus,toddebert,13788,instagram,toddebert,simple_name_prefix3:tod,0.74,1.1,1.0,0.0,0.0
4702,instagram,dan_carino,3,twitter,dan_carino,simple_name_prefix3:dan,0.74,1.1,1.0,0.0,0.0
13789,googleplus,toddeccles,13789,instagram,toddeccles,simple_name_prefix3:tod,0.74,1.1,1.0,0.0,0.0
11801,instagram,leafwarbler,3,twitter,leafwarbler,simple_name_prefix3:lea,0.74,1.1,1.0,0.0,0.0
4707,instagram,daneabernathy,3,twitter,daneabernathy,simple_name_prefix3:dan,0.74,1.1,1.0,0.0,0.0
11059,googleplus,lomokev,11059,instagram,lomokev,simple_name_prefix3:lom,0.74,1.1,1.0,0.0,0.0
1080,googleplus,gladiesprasetyo,1080,instagram,gladiesprasetyo,simple_name_prefix3:gla,0.74,1.1,1.0,0.0,0.0
2311,googleplus,gladysmonica,3,twitter,gladysmonica,simple_name_prefix3:gla,0.74,1.1,1.0,0.0,0.0
8148,googleplus,danalmasy,8148,instagram,danalmasy,simple_name_prefix3:dan,0.74,1.1,1.0,0.0,0.0
3102,googleplus,mohammadasfour,3,twitter,mohammadasfour,simple_name_prefix3:moh,0.74,1.1,1.0,0.0,0.0
3361,googleplus,nishantgourav,3,twitter,nishantgourav,simple_name_prefix3:nis,0.74,1.1,1.0,0.0,0.0
4778,instagram,niseag03,3,twitter,niseag03,simple_name_prefix3:nis,0.74,1.1,1.0,0.0,0.0
8149,googleplus,danamoos,8149,instagram,danamoos,simple_name_prefix3:dan,0.74,1.1,1.0,0.0,0.0
11933,googleplus,nadenemurray,11933,instagram,nadenemurray,simple_name_prefix3:nad,0.74,1.1,1.0,0.0,0.0
2200,googleplus,fannyrahmasari,3,twitter,fannyrahmasari,simple_name_prefix3:fan,0.74,1.1,1.0,0.0,0.0
8918,instagram,fangfeng88,3,twitter,fangfeng88,simple_name_prefix3:fan,0.74,1.1,1.0,0.0,0.0
8958,instagram,fanzures,3,twitter,fanzures,simple_name_prefix3:fan,0.74,1.1,1.0,0.0,0.0
11940,instagram,naireh,3,twitter,naireh,simple_name_prefix3:nai,0.74,1.1,1.0,0.0,0.0
8151,googleplus,danatchison,8151,instagram,danatchison,simple_name_prefix3:dan,0.74,1.1,1.0,0.0,0.0
4011,googleplus,toddcardin,3,twitter,toddcardin,simple_name_prefix3:tod,0.74,1.1,1.0,0.0,0.0
4013,googleplus,toddseemann,3,twitter,toddseemann,simple_name_prefix3:tod,0.74,1.1,1.0,0.0,0.0
4953,instagram,todjon,3,twitter,todjon,simple_name_prefix3:tod,0.74,1.1,1.0,0.0,0.0
8151,googleplus,danatchison,3,twitter,danatchison,simple_name_prefix3:dan,0.74,1.1,1.0,0.0,0.0
11936,googleplus,nadinesjuhada,11936,instagram,nadinesjuhada,simple_name_prefix3:nad,0.74,1.1,1.0,0.0,0.0
8152,googleplus,danbeazley,8152,instagram,danbeazley,simple_name_prefix3:dan,0.74,1.1,1.0,0.0,0.0
1145,googleplus,oscarfeiven,1145,instagram,oscarfeiven,simple_name_prefix3:osc,0.74,1.1,1.0,0.0,0.0
5925,instagram,oscargeek,3,twitter,oscargeek,simple_name_prefix3:osc,0.74,1.1,0.3333333333333333,1.0,0.0
12208,instagram,oscarbowen,3,twitter,oscarbowen,simple_name_prefix3:osc,0.74,1.1,1.0,0.0,0.0
12209,googleplus,oscarcarbajo,3,twitter,oscarcarbajo,simple_name_prefix3:osc,0.74,1.1,1.0,0.0,0.0
12210,instagram,oscarcumi,3,twitter,oscarcumi,simple_name_prefix3:osc,0.74,1.1,1.0,0.0,0.0
13789,googleplus,toddeccles,3,twitter,toddeccles,simple_name_prefix3:tod,0.74,1.1,1.0,0.0,0.0
13791,googleplus,toddpoole,3,twitter,toddpoole,simple_name_prefix3:tod,0.74,1.1,1.0,0.0,0.0
13792,googleplus,toddschnick,13792,instagram,toddschnick,simple_name_prefix3:tod,0.74,1.1,1.0,0.0,0.0
13792,googleplus,toddschnick,3,twitter,toddschnick,simple_name_prefix3:tod,0.74,1.1,1.0,0.0,0.0
13794,instagram,toddwaller,3,twitter,toddwaller,simple_name_prefix3:tod,0.74,1.1,1.0,0.0,0.0
8153,googleplus,danbilen,8153,instagram,danbilen,simple_name_prefix3:dan,0.74,1.1,1.0,0.0,0.0
8155,instagram,danjackson415,3,twitter,danjackson415,simple_name_prefix3:dan,0.74,1.1,1.0,0.0,0.0
14340,googleplus,dustinzick,14340,instagram,dustinzick,simple_name_prefix3:dus,0.74,1.1,1.0,0.0,0.0
8175,instagram,daniel_doelling,3,twitter,daniel_doelling,simple_name_prefix3:dan,0.74,1.1,1.0,0.0,0.0
8176,googleplus,danielebazzano,8176,instagram,danielebazzano,simple_name_prefix3:dan,0.74,1.1,1.0,0.0,0.0
8178,googleplus,danielemurra,8178,instagram,danielemurra,simple_name_prefix3:dan,0.74,1.1,1.0,0.0,0.0
7136,instagram,eebiejeebiez,3,twitter,eebiejeebiez,simple_name_prefix3:eeb,0.74,1.1,1.0,0.0,0.0
4872,instagram,egermano,3,twitter,egermano,simple_name_prefix3:ege,0.74,1.1,1.0,0.0,0.0
8660,instagram,egetun,3,twitter,egetun,simple_name_prefix3:ege,0.74,1.1,1.0,0.0,0.0
8180,instagram,danielesri,3,twitter,danielesri,simple_name_prefix3:dan,0.74,1.1,1.0,0.0,0.0
8181,instagram,danieleteee,3,twitter,danieleteee,simple_name_prefix3:dan,0.74,1.1,1.0,0.0,0.0
8156,googleplus,dancondon,8156,instagram,dancondon,simple_name_prefix3:dan,0.74,1.1,1.0,0.0,0.0
8158,googleplus,dancumberland,8158,instagram,dancumberland,simple_name_prefix3:dan,0.74,1.1,1.0,0.0,0.0
8158,googleplus,dancumberland,3,twitter,dancumberland,simple_name_prefix3:dan,0.74,1.1,1.0,0.0,0.0
12211,instagram,oscarsgranados,3,twitter,oscarsgranados,simple_name_prefix3:osc,0.74,1.1,1.0,0.0,0.0
12214,googleplus,oscarruiztome,12214,instagram,oscarruiztome,simple_name_prefix3:osc,0.74,1.1,1.0,0.0,0.0
8162,instagram,dane_hartwell,3,twitter,dane_hartwell,simple_name_prefix3:dan,0.74,1.1,1.0,0.0,0.0
11138,instagram,lmggr,3,twitter,lmggr,simple_name_prefix3:lmg,0.74,1.1,1.0,0.0,0.0
1141,googleplus,oklemiller,1141,instagram,oklemiller,simple_name_prefix3:okl,0.74,1.1,1.0,0.0,0.0
11168,instagram,m2atk,3,twitter,m2atk,simple_name_prefix3:m2a,0.74,1.1,1.0,0.0,0.0
12204,instagram,orlandoken,3,twitter,orlandoken,simple_name_prefix3:orl,0.74,1.1,1.0,0.0,0.0
12205,instagram,orley_sc,3,twitter,orley_sc,simple_name_prefix3:orl,0.74,1.1,1.0,0.0,0.0
1147,googleplus,oswaldomerchan,1147,instagram,oswaldomerchan,simple_name_prefix3:osw,0.74,1.1,1.0,0.0,0.0
6405,instagram,omarafuni,3,twitter,omarafuni,simple_name_prefix3:oma,0.74,1.1,1.0,0.0,0.0
12183,googleplus,omarchatriwala,12183,instagram,omarchatriwala,simple_name_prefix3:oma,0.74,1.1,1.0,0.0,0.0
1150,googleplus,panoskazanelis,1150,instagram,panoskazanelis,simple_name_prefix3:pan,0.74,1.1,1.0,0.0,0.0
12777,instagram,rmathieson,3,twitter,rmathieson,simple_name_prefix3:rma,0.74,1.1,1.0,0.0,0.0
11402,instagram,ezu,3,twitter,ezu,simple_name_prefix3:ezu,0.74,1.1,1.0,0.0,0.0
11460,instagram,mheerema,3,twitter,mheerema,simple_name_prefix3:mhe,0.74,1.1,1.0,0.0,0.0
11497,instagram,sensfanmatt,3,twitter,sensfanmatt,simple_name_prefix3:sen,0.74,1.1,1.0,0.0,0.0
12703,googleplus,rezasetiawan,12703,instagram,rezasetiawan,simple_name_prefix3:rez,0.74,1.1,1.0,0.0,0.0
8182,googleplus,danielfrancavilla,8182,instagram,danielfrancavilla,simple_name_prefix3:dan,0.74,1.1,1.0,0.0,0.0
6864,instagram,pantapuff,3,twitter,pantapuff,simple_name_prefix3:pan,0.74,1.1,1.0,0.0,0.0
8224,instagram,pancamo,3,twitter,pancamo,simple_name_prefix3:pan,0.74,1.1,1.0,0.0,0.0
12264,googleplus,pandafoodie,12264,instagram,pandafoodie,simple_name_prefix3:pan,0.74,1.1,1.0,0.0,0.0
8183,googleplus,danielgohl,8183,instagram,danielgohl,simple_name_prefix3:dan,0.74,1.1,1.0,0.0,0.0
8183,googleplus,danielgohl,3,twitter,danielgohl,simple_name_prefix3:dan,0.74,1.1,1.0,0.0,0.0
9866,instagram,jmarineau,3,twitter,jmarineau,simple_name_prefix3:jma,0.74,1.1,1.0,0.0,0.0
10149,googleplus,jmarkdodds,10149,instagram,jmarkdodds,simple_name_prefix3:jma,0.74,1.1,1.0,0.0,0.0
8184,instagram,danopia,3,twitter,danopia,simple_name_prefix3:dan,0.74,1.1,1.0,0.0,0.0
8188,googleplus,daniellericks,8188,instagram,daniellericks,simple_name_prefix3:dan,0.74,1.1,1.0,0.0,0.0
1164,googleplus,prashantsehgal,1164,instagram,prashantsehgal,simple_name_prefix3:pra,0.74,1.1,1.0,0.0,0.0
3699,googleplus,rubenmedios,3,twitter,rubenmedios,simple_name_prefix3:rub,0.74,1.1,1.0,0.0,0.0
3700,googleplus,rubydynamite,3,twitter,rubydynamite,simple_name_prefix3:rub,0.74,1.1,1.0,0.0,0.0
12922,googleplus,rubeelnellikad,12922,instagram,rubeelnellikad,simple_name_prefix3:rub,0.74,1.1,1.0,0.0,0.0
12510,googleplus,pramodbhalerao,12510,instagram,pramodbhalerao,simple_name_prefix3:pra,0.74,1.1,1.0,0.0,0.0
12511,instagram,pramodnmgowda,3,twitter,pramodnmgowda,simple_name_prefix3:pra,0.74,1.1,1.0,0.0,0.0
8189,instagram,daniellethe,3,twitter,daniellethe,simple_name_prefix3:dan,0.74,1.1,1.0,0.0,0.0
8191,googleplus,daniellingham,8191,instagram,daniellingham,simple_name_prefix3:dan,0.74,1.1,1.0,0.0,0.0
8192,googleplus,danielloyola,8192,instagram,danielloyola,simple_name_prefix3:dan,0.74,1.1,1.0,0.0,0.0
6866,instagram,la_suazo,3,twitter,la_suazo,simple_name_prefix3:la_,0.74,1.1,1.0,0.0,0.0
1250,googleplus,stitchedtogether,1250,instagram,stitchedtogether,simple_name_prefix3:sti,0.74,1.1,1.0,0.0,0.0
8192,googleplus,danielloyola,3,twitter,danielloyola,simple_name_prefix3:dan,0.74,1.1,1.0,0.0,0.0
11348,googleplus,stirlingmorris,11348,instagram,stirlingmorris,simple_name_prefix3:sti,0.74,1.1,1.0,0.0,0.0
13472,googleplus,stiofanoriain,13472,instagram,stiofanoriain,simple_name_prefix3:sti,0.74,1.1,1.0,0.0,0.0
8212,googleplus,daniloruocco,8212,instagram,daniloruocco,simple_name_prefix3:dan,0.74,1.1,1.0,0.0,0.0
8214,googleplus,daniortega,8214,instagram,daniortega,simple_name_prefix3:dan,0.74,1.1,1.0,0.0,0.0
8214,googleplus,daniortega,3,twitter,daniortega,simple_name_prefix3:dan,0.74,1.1,1.0,0.0,0.0
12704,googleplus,rezatl,12704,instagram,rezatl,simple_name_prefix3:rez,0.74,1.1,1.0,0.0,0.0
12704,googleplus,rezatl,3,twitter,rezatl,simple_name_prefix3:rez,0.74,1.1,1.0,0.0,0.0
1186,googleplus,rhiannonladd,1186,instagram,rhiannonladd,simple_name_prefix3:rhi,0.74,1.1,1.0,0.0,0.0
7957,googleplus,ciromarandola,7957,instagram,ciromarandola,simple_name_prefix3:cir,0.74,1.1,1.0,0.0,0.0
8194,googleplus,danielmcclure,8194,instagram,danielmcclure,simple_name_prefix3:dan,0.74,1.1,1.0,0.0,0.0
5426,instagram,kalliebrynn,3,twitter,kalliebrynn,simple_name_prefix3:kal,0.74,1.1,1.0,0.0,0.0
10503,googleplus,kaleighmackay,3,twitter,kaleighmackay,simple_name_prefix3:kal,0.74,1.1,1.0,0.0,0.0
1199,googleplus,roelbeckers,1199,instagram,roelbeckers,simple_name_prefix3:roe,0.74,1.1,1.0,0.0,0.0
13155,instagram,semilla001,3,twitter,semilla001,simple_name_prefix3:sem,0.74,1.1,1.0,0.0,0.0
8194,googleplus,danielmcclure,3,twitter,danielmcclure,simple_name_prefix3:dan,0.74,1.1,1.0,0.0,0.0
13338,instagram,soenarko,3,twitter,soenarko,simple_name_prefix3:soe,0.74,1.1,1.0,0.0,0.0
3238,googleplus,sorornishi,3,twitter,sorornishi,simple_name_prefix3:sor,0.74,1.1,1.0,0.0,0.0
4855,instagram,sorazg,3,twitter,sorazg,simple_name_prefix3:sor,0.74,1.1,1.0,0.0,0.0
8195,googleplus,danielmckay,3,twitter,danielmckay,simple_name_prefix3:dan,0.74,1.1,1.0,0.0,0.0
8198,googleplus,danielrdelpino,8198,instagram,danielrdelpino,simple_name_prefix3:dan,0.74,1.1,1.0,0.0,0.0
12928,instagram,rubenpapian,3,twitter,rubenpapian,simple_name_prefix3:rub,0.74,1.1,1.0,0.0,0.0
6152,instagram,rumore,3,twitter,rumore,simple_name_prefix3:rum,0.74,1.1,1.0,0.0,0.0
12944,googleplus,rutgerblom,12944,instagram,rutgerblom,simple_name_prefix3:rut,0.74,1.1,1.0,0.0,0.0
8200,googleplus,danielhorton,8200,instagram,danielhorton,simple_name_prefix3:dan,0.74,1.1,1.0,0.0,0.0
12945,googleplus,ruthtroyano,12945,instagram,ruthtroyano,simple_name_prefix3:rut,0.74,1.1,1.0,0.0,0.0
8217,googleplus,dannyboice,3,twitter,dannyboice,simple_name_prefix3:dan,0.74,1.1,1.0,0.0,0.0
8495,googleplus,djchuang,8495,instagram,djchuang,simple_name_prefix3:djc,0.74,1.1,1.0,0.0,0.0
8220,googleplus,dannyngan,8220,instagram,dannyngan,simple_name_prefix3:dan,0.74,1.1,1.0,0.0,0.0
8222,googleplus,dannyquigley,8222,instagram,dannyquigley,simple_name_prefix3:dan,0.74,1.1,1.0,0.0,0.0
8222,googleplus,dannyquigley,3,twitter,dannyquigley,simple_name_prefix3:dan,0.74,1.1,1.0,0.0,0.0
4844,instagram,drjessechappus,3,twitter,drjessechappus,simple_name_prefix3:drj,0.74,1.1,1.0,0.0,0.0
8225,googleplus,danpye,3,twitter,danpye,simple_name_prefix3:dan,0.74,1.1,1.0,0.0,0.0
8226,googleplus,danreid,8226,instagram,danreid,simple_name_prefix3:dan,0.74,1.1,1.0,0.0,0.0
8226,googleplus,danreid,3,twitter,danreid,simple_name_prefix3:dan,0.74,1.1,1.0,0.0,0.0
4852,instagram,dschrijvers,3,twitter,dschrijvers,simple_name_prefix3:dsc,0.74,1.1,1.0,0.0,0.0
8209,instagram,danilojrr,3,twitter,danilojrr,simple_name_prefix3:dan,0.74,1.1,1.0,0.0,0.0
13098,instagram,scarter19,3,twitter,scarter19,simple_name_prefix3:sca,0.74,1.1,1.0,0.0,0.0
13155,googleplus,semilla001,13155,instagram,semilla001,simple_name_prefix3:sem,0.74,1.1,1.0,0.0,0.0
13581,googleplus,tanguymignot,13581,instagram,tanguymignot,simple_name_prefix3:tan,0.74,1.1,1.0,0.0,0.0
8210,googleplus,danilodelara,8210,instagram,danilodelara,simple_name_prefix3:dan,0.74,1.1,1.0,0.0,0.0
7919,instagram,spoedman,3,twitter,spoedman,simple_name_prefix3:spo,0.74,1.1,1.0,0.0,0.0
13371,instagram,spongemonkey,3,twitter,spongemonkey,simple_name_prefix3:spo,0.74,1.1,0.3333333333333333,1.0,0.0
8936,instagram,sleepingcreep,3,twitter,sleepingcreep,simple_name_prefix3:sle,0.74,1.1,1.0,0.0,0.0
13474,instagram,stoepsomat,3,twitter,stoepsomat,simple_name_prefix3:sto,0.74,1.1,1.0,0.0,0.0
13476,instagram,stoneysteiner,3,twitter,stoneysteiner,simple_name_prefix3:sto,0.74,1.1,1.0,0.0,0.0
13477,googleplus,stoneyxl,13477,instagram,stoneyxl,simple_name_prefix3:sto,0.74,1.1,1.0,0.0,0.0
8211,googleplus,danilomaraschi,8211,instagram,danilomaraschi,simple_name_prefix3:dan,0.74,1.1,1.0,0.0,0.0
13481,instagram,stravy,3,twitter,stravy,simple_name_prefix3:str,0.74,1.1,1.0,0.0,0.0
13554,instagram,symbiansymoh,3,twitter,symbiansymoh,simple_name_prefix3:sym,0.74,1.1,1.0,0.0,0.0
11053,googleplus,loicsimon,11053,instagram,loicsimon,simple_name_prefix3:loi,0.74,1.1,1.0,0.0,0.0
8215,googleplus,danishaw25,8215,instagram,danishaw25,simple_name_prefix3:dan,0.74,1.1,1.0,0.0,0.0
8216,googleplus,danmoyle,8216,instagram,danmoyle,simple_name_prefix3:dan,0.74,1.1,1.0,0.0,0.0
10955,instagram,poldo76,3,twitter,poldo76,simple_name_prefix3:pol,0.74,1.1,1.0,0.0,0.0
7676,googleplus,cankoklu,7676,instagram,cankoklu,simple_name_prefix3:can,0.74,1.1,1.0,0.0,0.0
8227,googleplus,danstasiewski,3,twitter,danstasiewski,simple_name_prefix3:dan,0.74,1.1,1.0,0.0,0.0
8228,googleplus,danweese,8228,instagram,danweese,simple_name_prefix3:dan,0.74,1.1,1.0,0.0,0.0
1262,googleplus,tallonhawkins,1262,instagram,tallonhawkins,simple_name_prefix3:tal,0.74,1.1,1.0,0.0,0.0
8854,googleplus,danielestelius,8854,instagram,danielestelius,simple_name_prefix3:dan,0.74,1.1,1.0,0.0,0.0
13569,googleplus,talbottcrowell,13569,instagram,talbottcrowell,simple_name_prefix3:tal,0.74,1.1,1.0,0.0,0.0
1743,googleplus,cammcharg,3,twitter,cammcharg,simple_name_prefix3:cam,0.74,1.1,1.0,0.0,0.0
3937,googleplus,tanjacvet,3,twitter,tanjacvet,simple_name_prefix3:tan,0.74,1.1,1.0,0.0,0.0
5488,instagram,campdesign,3,twitter,campdesign,simple_name_prefix3:cam,0.74,1.1,1.0,0.0,0.0
7666,googleplus,camillerodriquez,7666,instagram,camillerodriquez,simple_name_prefix3:cam,0.74,1.1,1.0,0.0,0.0
7667,googleplus,camillevanneer,7667,instagram,camillevanneer,simple_name_prefix3:cam,0.74,1.1,1.0,0.0,0.0
6572,instagram,weswyatt,3,twitter,weswyatt,simple_name_prefix3:wes,0.74,1.1,1.0,0.0,0.0
14148,googleplus,weshead,14148,instagram,weshead,simple_name_prefix3:wes,0.74,1.1,1.0,0.0,0.0
13583,googleplus,taniagarron,13583,instagram,taniagarron,simple_name_prefix3:tan,0.74,1.1,1.0,0.0,0.0
13583,googleplus,taniagarron,3,twitter,taniagarron,simple_name_prefix3:tan,0.74,1.1,1.0,0.0,0.0
13584,googleplus,tanyagagnon,3,twitter,tanyagagnon,simple_name_prefix3:tan,0.74,1.1,1.0,0.0,0.0
13641,instagram,texasbrat,3,twitter,texasbrat,simple_name_prefix3:tex,0.74,1.1,1.0,0.0,0.0
4532,instagram,capthowdy1027,3,twitter,capthowdy1027,simple_name_prefix3:cap,0.74,1.1,1.0,0.0,0.0
7099,instagram,capoglou,3,twitter,capoglou,simple_name_prefix3:cap,0.74,1.1,1.0,0.0,0.0
7543,instagram,captainnapalm,3,twitter,captainnapalm,simple_name_prefix3:cap,0.74,1.1,1.0,0.0,0.0
7677,instagram,capdiaz,3,twitter,capdiaz,simple_name_prefix3:cap,0.74,1.1,1.0,0.0,0.0
6231,instagram,richardsedley,3,twitter,richardsedley,simple_name_prefix3:ric,0.74,1.1,1.0,0.0,0.0
8049,instagram,captainpj,3,twitter,captainpj,simple_name_prefix3:cap,0.74,1.1,1.0,0.0,0.0
11457,instagram,capnnarcolepsy,3,twitter,capnnarcolepsy,simple_name_prefix3:cap,0.74,1.1,1.0,0.0,0.0
2992,googleplus,lukeeischen,3,twitter,lukeeischen,simple_name_prefix3:luk,0.74,1.1,1.0,0.0,0.0
5612,instagram,lukedimarco,3,twitter,lukedimarco,simple_name_prefix3:luk,0.74,1.1,1.0,0.0,0.0
5614,instagram,luke_rative,3,twitter,luke_rative,simple_name_prefix3:luk,0.74,1.1,1.0,0.0,0.0
5616,instagram,lukewestnedge,3,twitter,lukewestnedge,simple_name_prefix3:luk,0.74,1.1,1.0,0.0,0.0
11146,googleplus,lukedonegan,11146,instagram,lukedonegan,simple_name_prefix3:luk,0.74,1.1,1.0,0.0,0.0
12716,googleplus,ricardoanton,3,twitter,ricardoanton,simple_name_prefix3:ric,0.74,1.1,1.0,0.0,0.0
13632,googleplus,teppeimisue,13632,instagram,teppeimisue,simple_name_prefix3:tep,0.74,1.1,1.0,0.0,0.0
6474,instagram,troykyo,3,twitter,troykyo,simple_name_prefix3:tro,0.74,1.1,1.0,0.0,0.0
12717,instagram,ricardohoyos1,3,twitter,ricardohoyos1,simple_name_prefix3:ric,0.74,1.1,1.0,0.0,0.0
7668,googleplus,camiloathem,7668,instagram,camiloathem,simple_name_prefix3:cam,0.74,1.1,1.0,0.0,0.0
7668,googleplus,camiloathem,3,twitter,camiloathem,simple_name_prefix3:cam,0.74,1.1,1.0,0.0,0.0
14066,googleplus,virandesilva,14066,instagram,virandesilva,simple_name_prefix3:vir,0.74,1.1,1.0,0.0,0.0
14066,googleplus,virandesilva,3,twitter,virandesilva,simple_name_prefix3:vir,0.74,1.1,1.0,0.0,0.0
14068,instagram,virotela,3,twitter,virotela,simple_name_prefix3:vir,0.74,1.1,1.0,0.0,0.0
7292,googleplus,authenticseacoast,7292,instagram,authenticseacoast,simple_name_prefix3:aut,0.74,1.1,1.0,0.0,0.0
797,googleplus,canbekcan,797,instagram,canbekcan,simple_name_prefix3:can,0.74,1.1,1.0,0.0,0.0
11372,instagram,winterbournem,3,twitter,winterbournem,simple_name_prefix3:win,0.74,1.1,1.0,0.0,0.0
14186,googleplus,windkoh,3,twitter,windkoh,simple_name_prefix3:win,0.74,1.1,1.0,0.0,0.0
7671,instagram,cancunstudios,3,twitter,cancunstudios,simple_name_prefix3:can,0.74,1.1,1.0,0.0,0.0
14188,instagram,winehiker,3,twitter,winehiker,simple_name_prefix3:win,0.74,1.1,1.0,0.0,0.0
7674,googleplus,candyhernandez,3,twitter,candyhernandez,simple_name_prefix3:can,0.74,1.1,1.0,0.0,0.0
14191,googleplus,winsportstv,14191,instagram,winsportstv,simple_name_prefix3:win,0.74,1.1,1.0,0.0,0.0
12721,instagram,ricardopontes,3,twitter,ricardopontes,simple_name_prefix3:ric,0.74,1.1,1.0,0.0,0.0
14194,googleplus,witoldriedel,14194,instagram,witoldriedel,simple_name_prefix3:wit,0.74,1.1,1.0,0.0,0.0
12726,googleplus,riccardogiuliano,12726,instagram,riccardogiuliano,simple_name_prefix3:ric,0.74,1.1,1.0,0.0,0.0
14150,googleplus,wesley_cruise,14150,instagram,wesley_cruise,simple_name_prefix3:wes,0.74,1.1,1.0,0.0,0.0
12727,instagram,riccardotm,3,twitter,riccardotm,simple_name_prefix3:ric,0.74,1.1,1.0,0.0,0.0
14151,instagram,wesley_desouza,3,twitter,wesley_desouza,simple_name_prefix3:wes,0.74,1.1,1.0,0.0,0.0
4177,googleplus,yan_luong,3,twitter,yan_luong,simple_name_prefix3:yan,0.74,1.1,1.0,0.0,0.0
12728,googleplus,richardajacobson,12728,instagram,richardajacobson,simple_name_prefix3:ric,0.74,1.1,1.0,0.0,0.0
14242,instagram,yannabeatrice,3,twitter,yannabeatrice,simple_name_prefix3:yan,0.74,1.1,1.0,0.0,0.0
14243,instagram,yanroux,3,twitter,yanroux,simple_name_prefix3:yan,0.74,1.1,1.0,0.0,0.0
14275,googleplus,yoleidycarvajal,14275,instagram,yoleidycarvajal,simple_name_prefix3:yol,0.74,1.1,1.0,0.0,0.0
14275,googleplus,yoleidycarvajal,3,twitter,yoleidycarvajal,simple_name_prefix3:yol,0.74,1.1,1.0,0.0,0.0
12729,googleplus,richardault,12729,instagram,richardault,simple_name_prefix3:ric,0.74,1.1,1.0,0.0,0.0
6579,instagram,youngcrazyfool,3,twitter,youngcrazyfool,simple_name_prefix3:you,0.74,1.1,1.0,0.0,0.0
6616,instagram,yourdailyphil,3,twitter,yourdailyphil,simple_name_prefix3:you,0.74,1.1,1.0,0.0,0.0
12735,googleplus,richardterborg,12735,instagram,richardterborg,simple_name_prefix3:ric,0.74,1.1,1.0,0.0,0.0
12738,googleplus,richmackey,12738,instagram,richmackey,simple_name_prefix3:ric,0.74,1.1,1.0,0.0,0.0
11149,googleplus,lukerumley,11149,instagram,lukerumley,simple_name_prefix3:luk,0.74,1.1,1.0,0.0,0.0
11149,googleplus,lukerumley,3,twitter,lukerumley,simple_name_prefix3:luk,0.74,1.1,1.0,0.0,0.0
1588,googleplus,atulsabnis,3,twitter,atulsabnis,simple_name_prefix3:atu,0.74,1.1,1.0,0.0,0.0
1188,googleplus,rickpowell,1188,instagram,rickpowell,simple_name_prefix3:ric,0.74,1.1,1.0,0.0,0.0
1723,googleplus,ricoburaga,3,twitter,ricoburaga,simple_name_prefix3:ric,0.74,1.1,1.0,0.0,0.0
7287,instagram,aanrofik,3,twitter,aanrofik,simple_name_prefix3:aan,0.74,1.1,1.0,0.0,0.0
7277,googleplus,attilaacs,7277,instagram,attilaacs,simple_name_prefix3:att,0.74,1.1,1.0,0.0,0.0
7277,googleplus,attilaacs,3,twitter,attilaacs,simple_name_prefix3:att,0.74,1.1,1.0,0.0,0.0
3619,googleplus,richardcassella,3,twitter,richardcassella,simple_name_prefix3:ric,0.74,1.1,1.0,0.0,0.0
3624,googleplus,richlopresti,3,twitter,richlopresti,simple_name_prefix3:ric,0.74,1.1,1.0,0.0,0.0
10878,instagram,onitek,3,twitter,onitek,simple_name_prefix3:oni,0.74,1.1,1.0,0.0,0.0
14115,instagram,wangtianweijtwd,3,twitter,wangtianweijtwd,simple_name_prefix3:wan,0.74,1.1,1.0,0.0,0.0
1313,googleplus,woutvandijk,1313,instagram,woutvandijk,simple_name_prefix3:wou,0.74,1.1,1.0,0.0,0.0
14205,googleplus,wouterdeheij,14205,instagram,wouterdeheij,simple_name_prefix3:wou,0.74,1.1,1.0,0.0,0.0
14206,googleplus,wouterhermans,3,twitter,wouterhermans,simple_name_prefix3:wou,0.74,1.1,1.0,0.0,0.0
14208,instagram,wrahool,3,twitter,wrahool,simple_name_prefix3:wra,0.74,1.1,1.0,0.0,0.0
10911,instagram,lblancoa,3,twitter,lblancoa,simple_name_prefix3:lbl,0.74,1.1,1.0,0.0,0.0
10987,googleplus,lidahasbrouck,10987,instagram,lidahasbrouck,simple_name_prefix3:lid,0.74,1.1,1.0,0.0,0.0
12718,googleplus,ricardollera,12718,instagram,ricardollera,simple_name_prefix3:ric,0.74,1.1,1.0,0.0,0.0
12718,googleplus,ricardollera,3,twitter,ricardollera,simple_name_prefix3:ric,0.74,1.1,1.0,0.0,0.0
8432,googleplus,deyaeddin,8432,instagram,deyaeddin,simple_name_prefix3:dey,0.74,1.1,1.0,0.0,0.0
8432,googleplus,deyaeddin,3,twitter,deyaeddin,simple_name_prefix3:dey,0.74,1.1,1.0,0.0,0.0
8433,googleplus,deydos,8433,instagram,deydos,simple_name_prefix3:dey,0.74,1.1,1.0,0.0,0.0
12721,googleplus,ricardopontes,12721,instagram,ricardopontes,simple_name_prefix3:ric,0.74,1.1,1.0,0.0,0.0
4796,instagram,dhitowibowo,3,twitter,dhitowibowo,simple_name_prefix3:dhi,0.74,1.1,1.0,0.0,0.0
8770,instagram,youngeoin,3,twitter,youngeoin,simple_name_prefix3:you,0.74,1.1,1.0,0.0,0.0
13714,instagram,youngstapreneur,3,twitter,youngstapreneur,simple_name_prefix3:you,0.74,1.1,1.0,0.0,0.0
6527,instagram,zaud,3,twitter,zaud,simple_name_prefix3:zau,0.74,1.1,1.0,0.0,0.0
12739,googleplus,richpalmer,3,twitter,richpalmer,simple_name_prefix3:ric,0.74,1.1,1.0,0.0,0.0
12740,googleplus,richstaples,12740,instagram,richstaples,simple_name_prefix3:ric,0.74,1.1,1.0,0.0,0.0
6689,instagram,actionhero,3,twitter,actionhero,simple_name_prefix3:act,0.74,1.1,1.0,0.0,0.0
6708,googleplus,adeanom,6708,instagram,adeanom,simple_name_prefix3:ade,0.74,1.1,1.0,0.0,0.0
12741,googleplus,richtatum,12741,instagram,richtatum,simple_name_prefix3:ric,0.74,1.1,1.0,0.0,0.0
6711,googleplus,adesyahlubis,6711,instagram,adesyahlubis,simple_name_prefix3:ade,0.74,1.1,1.0,0.0,0.0
12742,googleplus,richtaylorllc,12742,instagram,richtaylorllc,simple_name_prefix3:ric,0.74,1.1,1.0,0.0,0.0
12742,googleplus,richtaylorllc,3,twitter,richtaylorllc,simple_name_prefix3:ric,0.74,1.1,1.0,0.0,0.0
6459,instagram,totallyenglish,3,twitter,totallyenglish,simple_name_prefix3:tot,0.74,1.1,1.0,0.0,0.0
1367,googleplus,adnannahas,3,twitter,adnannahas,simple_name_prefix3:adn,0.74,1.1,1.0,0.0,0.0
6718,googleplus,adnanhalawi,3,twitter,adnanhalawi,simple_name_prefix3:adn,0.74,1.1,1.0,0.0,0.0
1369,googleplus,adolfodelannoy,3,twitter,adolfodelannoy,simple_name_prefix3:ado,0.74,1.1,1.0,0.0,0.0
12744,googleplus,rickdaustin,12744,instagram,rickdaustin,simple_name_prefix3:ric,0.74,1.1,1.0,0.0,0.0
8353,instagram,daynah,3,twitter,daynah,simple_name_prefix3:day,0.74,1.1,1.0,0.0,0.0
6935,instagram,alopezxiv,3,twitter,alopezxiv,simple_name_prefix3:alo,0.74,1.1,1.0,0.0,0.0
13207,instagram,alohashannon,3,twitter,alohashannon,simple_name_prefix3:alo,0.74,1.1,1.0,0.0,0.0
12745,googleplus,rickbakas,12745,instagram,rickbakas,simple_name_prefix3:ric,0.74,1.1,1.0,0.0,0.0
12747,googleplus,rickchung,12747,instagram,rickchung,simple_name_prefix3:ric,0.74,1.1,1.0,0.0,0.0
13878,instagram,adogabroadayear,3,twitter,adogabroadayear,simple_name_prefix3:ado,0.74,1.1,1.0,0.0,0.0
9338,instagram,grumpy0308,3,twitter,grumpy0308,simple_name_prefix3:gru,0.74,1.1,1.0,0.0,0.0
4254,instagram,aigwilson,3,twitter,aigwilson,simple_name_prefix3:aig,0.74,1.1,1.0,0.0,0.0
8606,googleplus,dwightbain,8606,instagram,dwightbain,simple_name_prefix3:dwi,0.74,1.1,1.0,0.0,0.0
10866,instagram,mulderdsm,3,twitter,mulderdsm,simple_name_prefix3:mul,0.74,1.1,1.0,0.0,0.0
1386,googleplus,ajarora,3,twitter,ajarora,simple_name_prefix3:aja,0.74,1.1,1.0,0.0,0.0
6784,instagram,ajarn_donald,3,twitter,ajarn_donald,simple_name_prefix3:aja,0.74,1.1,1.0,0.0,0.0
6788,instagram,ajma,3,twitter,ajma,simple_name_prefix3:ajm,0.74,1.1,1.0,0.0,0.0
1389,googleplus,akashmendiratta,3,twitter,akashmendiratta,simple_name_prefix3:aka,0.74,1.1,1.0,0.0,0.0
4229,instagram,activefree,3,twitter,activefree,simple_name_prefix3:act,0.74,1.1,1.0,0.0,0.0
7681,instagram,carece,3,twitter,carece,simple_name_prefix3:car,0.74,1.1,1.0,0.0,0.0
7682,googleplus,carelpedre,7682,instagram,carelpedre,simple_name_prefix3:car,0.74,1.1,1.0,0.0,0.0
8069,instagram,webmoss,3,twitter,webmoss,simple_name_prefix3:web,0.74,1.1,1.0,0.0,0.0
14133,instagram,websenat,3,twitter,websenat,simple_name_prefix3:web,0.74,1.1,1.0,0.0,0.0
7988,instagram,clementtang,3,twitter,clementtang,simple_name_prefix3:cle,0.74,1.1,1.0,0.0,0.0
12751,googleplus,ricmccoy,12751,instagram,ricmccoy,simple_name_prefix3:ric,0.74,1.1,1.0,0.0,0.0
6794,instagram,akagc,3,twitter,akagc,simple_name_prefix3:aka,0.74,1.1,1.0,0.0,0.0
6796,instagram,akatigra,3,twitter,akatigra,simple_name_prefix3:aka,0.74,1.1,1.0,0.0,0.0
4260,instagram,akifmalik,3,twitter,akifmalik,simple_name_prefix3:aki,0.74,1.1,1.0,0.0,0.0
6801,instagram,akitaonrails,3,twitter,akitaonrails,simple_name_prefix3:aki,0.74,1.1,1.0,0.0,0.0
7003,instagram,akikidis,3,twitter,akikidis,simple_name_prefix3:aki,0.74,1.1,1.0,0.0,0.0
12751,googleplus,ricmccoy,3,twitter,ricmccoy,simple_name_prefix3:ric,0.74,1.1,1.0,0.0,0.0
9465,instagram,locoheather,3,twitter,locoheather,simple_name_prefix3:loc,0.74,1.1,1.0,0.0,0.0
800,googleplus,carlospacheco,800,instagram,carlospacheco,simple_name_prefix3:car,0.74,1.1,1.0,0.0,0.0
1758,googleplus,carloseberhardt,3,twitter,carloseberhardt,simple_name_prefix3:car,0.74,1.1,1.0,0.0,0.0
8735,instagram,awesomania,3,twitter,awesomania,simple_name_prefix3:awe,0.74,1.1,1.0,0.0,0.0
1761,googleplus,carlostabora,3,twitter,carlostabora,simple_name_prefix3:car,0.74,1.1,1.0,0.0,0.0
7172,googleplus,apetersen,3,twitter,apetersen,simple_name_prefix3:ape,0.74,1.1,1.0,0.0,0.0
1764,googleplus,carlwebb,3,twitter,carlwebb,simple_name_prefix3:car,0.74,1.1,1.0,0.0,0.0
1770,googleplus,carolharnett,3,twitter,carolharnett,simple_name_prefix3:car,0.74,1.1,1.0,0.0,0.0
7229,googleplus,aryatayebi,7229,instagram,aryatayebi,simple_name_prefix3:ary,0.74,1.1,1.0,0.0,0.0
9174,googleplus,goffredodonofrio,9174,instagram,goffredodonofrio,simple_name_prefix3:gof,0.74,1.1,1.0,0.0,0.0
4344,instagram,amrucker,3,twitter,amrucker,simple_name_prefix3:amr,0.74,1.1,1.0,0.0,0.0
6978,googleplus,amritamathur,6978,instagram,amritamathur,simple_name_prefix3:amr,0.74,1.1,1.0,0.0,0.0
7690,googleplus,carlhan,7690,instagram,carlhan,simple_name_prefix3:car,0.74,1.1,1.0,0.0,0.0
1771,googleplus,carolinacruz,3,twitter,carolinacruz,simple_name_prefix3:car,0.74,1.1,1.0,0.0,0.0
1773,googleplus,carolinavallejo,3,twitter,carolinavallejo,simple_name_prefix3:car,0.74,1.1,1.0,0.0,0.0
1774,googleplus,carolinebindner,3,twitter,carolinebindner,simple_name_prefix3:car,0.74,1.1,1.0,0.0,0.0
4579,instagram,carloscanet,3,twitter,carloscanet,simple_name_prefix3:car,0.74,1.1,1.0,0.0,0.0
4580,instagram,carlosefonseca,3,twitter,carlosefonseca,simple_name_prefix3:car,0.74,1.1,1.0,0.0,0.0
4586,instagram,carmen5ive,3,twitter,carmen5ive,simple_name_prefix3:car,0.74,1.1,1.0,0.0,0.0
4690,instagram,cupcakedujour,3,twitter,cupcakedujour,simple_name_prefix3:cup,0.74,1.1,1.0,0.0,0.0
7680,instagram,caraposey,3,twitter,caraposey,simple_name_prefix3:car,0.74,1.1,1.0,0.0,0.0
8128,instagram,daengdoang,3,twitter,daengdoang,simple_name_prefix3:dae,0.74,1.1,1.0,0.0,0.0
8129,googleplus,daeshinkim,3,twitter,daeshinkim,simple_name_prefix3:dae,0.74,1.1,1.0,0.0,0.0
7698,googleplus,carlosoleaga,7698,instagram,carlosoleaga,simple_name_prefix3:car,0.74,1.1,1.0,0.0,0.0
4715,instagram,uppervalleymom,3,twitter,uppervalleymom,simple_name_prefix3:upp,0.74,1.1,1.0,0.0,0.0
8605,instagram,dwaynemac,3,twitter,dwaynemac,simple_name_prefix3:dwa,0.74,1.1,1.0,0.0,0.0
7698,googleplus,carlosoleaga,3,twitter,carlosoleaga,simple_name_prefix3:car,0.74,1.1,1.0,0.0,0.0
1510,googleplus,anelledehghani,3,twitter,anelledehghani,simple_name_prefix3:ane,0.74,1.1,1.0,0.0,0.0
7701,instagram,carlosphoenix,3,twitter,carlosphoenix,simple_name_prefix3:car,0.74,1.1,1.0,0.0,0.0
7229,instagram,aryatayebi,3,twitter,aryatayebi,simple_name_prefix3:ary,0.74,1.1,1.0,0.0,0.0
7231,instagram,aryoropeza,3,twitter,aryoropeza,simple_name_prefix3:ary,0.74,1.1,1.0,0.0,0.0
7258,instagram,asmith001,3,twitter,asmith001,simple_name_prefix3:asm,0.74,1.1,1.0,0.0,0.0
1583,googleplus,athenamantle,3,twitter,athenamantle,simple_name_prefix3:ath,0.74,1.1,1.0,0.0,0.0
7705,instagram,carmelyne,3,twitter,carmelyne,simple_name_prefix3:car,0.74,1.1,1.0,0.0,0.0
7683,instagram,carieissovery,3,twitter,carieissovery,simple_name_prefix3:car,0.74,1.1,1.0,0.0,0.0
7275,instagram,atsoukalidis,3,twitter,atsoukalidis,simple_name_prefix3:ats,0.74,1.1,1.0,0.0,0.0
7304,googleplus,avinashconda,7304,instagram,avinashconda,simple_name_prefix3:avi,0.74,1.1,1.0,0.0,0.0
7304,googleplus,avinashconda,3,twitter,avinashconda,simple_name_prefix3:avi,0.74,1.1,1.0,0.0,0.0
7305,googleplus,avinashraghava,3,twitter,avinashraghava,simple_name_prefix3:avi,0.74,1.1,1.0,0.0,0.0
7688,googleplus,carlcatedral,7688,instagram,carlcatedral,simple_name_prefix3:car,0.74,1.1,1.0,0.0,0.0
7337,googleplus,bambiblue,3,twitter,bambiblue,simple_name_prefix3:bam,0.74,1.1,1.0,0.0,0.0
7361,googleplus,bayuamus,7361,instagram,bayuamus,simple_name_prefix3:bay,0.74,1.1,1.0,0.0,0.0
4651,instagram,cjumbo,3,twitter,cjumbo,simple_name_prefix3:cju,0.74,1.1,1.0,0.0,0.0
6284,instagram,simps,3,twitter,simps,simple_name_prefix3:sim,0.74,1.1,1.0,0.0,0.0
7688,googleplus,carlcatedral,3,twitter,carlcatedral,simple_name_prefix3:car,0.74,1.1,1.0,0.0,0.0
7689,googleplus,carlescabrer,7689,instagram,carlescabrer,simple_name_prefix3:car,0.74,1.1,1.0,0.0,0.0
7711,googleplus,carolinhinz,3,twitter,carolinhinz,simple_name_prefix3:car,0.74,1.1,1.0,0.0,0.0
6458,instagram,beerpedaler,3,twitter,beerpedaler,simple_name_prefix3:bee,0.74,1.1,1.0,0.0,0.0
7719,instagram,carriebisme,3,twitter,carriebisme,simple_name_prefix3:car,0.74,1.1,1.0,0.0,0.0
6071,instagram,bekah290,3,twitter,bekah290,simple_name_prefix3:bek,0.74,1.1,1.0,0.0,0.0
2113,googleplus,edwardbuxton,3,twitter,edwardbuxton,simple_name_prefix3:edw,0.74,1.1,1.0,0.0,0.0
2115,googleplus,edwardmolz,3,twitter,edwardmolz,simple_name_prefix3:edw,0.74,1.1,1.0,0.0,0.0
4575,instagram,edwardmagbago,3,twitter,edwardmagbago,simple_name_prefix3:edw,0.74,1.1,1.0,0.0,0.0
4868,instagram,edwardclewis,3,twitter,edwardclewis,simple_name_prefix3:edw,0.74,1.1,1.0,0.0,0.0
4869,instagram,edwardlamb,3,twitter,edwardlamb,simple_name_prefix3:edw,0.74,1.1,1.0,0.0,0.0
4870,instagram,edwardrkerr,3,twitter,edwardrkerr,simple_name_prefix3:edw,0.74,1.1,1.0,0.0,0.0
13284,googleplus,simonemccallum,13284,instagram,simonemccallum,simple_name_prefix3:sim,0.74,1.1,1.0,0.0,0.0
13285,googleplus,simonesantoba,13285,instagram,simonesantoba,simple_name_prefix3:sim,0.74,1.1,1.0,0.0,0.0
13285,googleplus,simonesantoba,3,twitter,simonesantoba,simple_name_prefix3:sim,0.74,1.1,1.0,0.0,0.0
13287,instagram,simoneats,3,twitter,simoneats,simple_name_prefix3:sim,0.74,1.1,1.0,0.0,0.0
7721,instagram,carsongallo,3,twitter,carsongallo,simple_name_prefix3:car,0.74,1.1,1.0,0.0,0.0
11928,instagram,bichologo,3,twitter,bichologo,simple_name_prefix3:bic,0.74,1.1,1.0,0.0,0.0
7723,googleplus,carstenlange,7723,instagram,carstenlange,simple_name_prefix3:car,0.74,1.1,1.0,0.0,0.0
12924,instagram,bigern79,3,twitter,bigern79,simple_name_prefix3:big,0.74,1.1,1.0,0.0,0.0
13741,instagram,bigtim559,3,twitter,bigtim559,simple_name_prefix3:big,0.74,1.1,1.0,0.0,0.0
7691,googleplus,carlosbrandt,7691,instagram,carlosbrandt,simple_name_prefix3:car,0.74,1.1,1.0,0.0,0.0
3825,googleplus,simonbainbridge,3,twitter,simonbainbridge,simple_name_prefix3:sim,0.74,1.1,1.0,0.0,0.0
3828,googleplus,simonmoores,3,twitter,simonmoores,simple_name_prefix3:sim,0.74,1.1,1.0,0.0,0.0
3830,googleplus,simontann,3,twitter,simontann,simple_name_prefix3:sim,0.74,1.1,1.0,0.0,0.0
6282,instagram,simonfitz,3,twitter,simonfitz,simple_name_prefix3:sim,0.74,1.1,1.0,0.0,0.0
7691,googleplus,carlosbrandt,3,twitter,carlosbrandt,simple_name_prefix3:car,0.74,1.1,1.0,0.0,0.0
6634,instagram,zaynahr,3,twitter,zaynahr,simple_name_prefix3:zay,0.74,1.1,1.0,0.0,0.0
3028,googleplus,mammut,3,twitter,mammut,simple_name_prefix3:mam,0.74,1.1,1.0,0.0,0.0
5643,instagram,mamasgotmoxie,3,twitter,mamasgotmoxie,simple_name_prefix3:mam,0.74,1.1,0.3333333333333333,1.0,0.0
11214,googleplus,mamaharriskitchen,11214,instagram,mamaharriskitchen,simple_name_prefix3:mam,0.74,1.1,1.0,0.0,0.0
11215,instagram,mamakoid,3,twitter,mamakoid,simple_name_prefix3:mam,0.74,1.1,1.0,0.0,0.0
13239,instagram,simba_sherif,3,twitter,simba_sherif,simple_name_prefix3:sim,0.74,1.1,1.0,0.0,0.0
13271,googleplus,simonsnow,3,twitter,simonsnow,simple_name_prefix3:sim,0.74,1.1,1.0,0.0,0.0
7694,googleplus,carlosclouthier,7694,instagram,carlosclouthier,simple_name_prefix3:car,0.74,1.1,1.0,0.0,0.0
13280,instagram,simok33,3,twitter,simok33,simple_name_prefix3:sim,0.74,1.1,1.0,0.0,0.0
13281,googleplus,simonamelani,13281,instagram,simonamelani,simple_name_prefix3:sim,0.74,1.1,1.0,0.0,0.0
13283,googleplus,simondingle,13283,instagram,simondingle,simple_name_prefix3:sim,0.74,1.1,1.0,0.0,0.0
13283,googleplus,simondingle,3,twitter,simondingle,simple_name_prefix3:sim,0.74,1.1,1.0,0.0,0.0
7696,instagram,carlosgamboa,3,twitter,carlosgamboa,simple_name_prefix3:car,0.74,1.1,1.0,0.0,0.0
10740,instagram,kivettbednar,3,twitter,kivettbednar,simple_name_prefix3:kiv,0.74,1.1,1.0,0.0,0.0
7063,instagram,kolby84,3,twitter,kolby84,simple_name_prefix3:kol,0.74,1.1,1.0,0.0,0.0
10766,googleplus,kolinacicero,3,twitter,kolinacicero,simple_name_prefix3:kol,0.74,1.1,1.0,0.0,0.0
10767,instagram,kollner,3,twitter,kollner,simple_name_prefix3:kol,0.74,1.1,1.0,0.0,0.0
10742,instagram,kizosic,3,twitter,kizosic,simple_name_prefix3:kiz,0.74,1.1,1.0,0.0,0.0
10753,instagram,klstorey,3,twitter,klstorey,simple_name_prefix3:kls,0.74,1.1,1.0,0.0,0.0
4568,instagram,caiaphas,3,twitter,caiaphas,simple_name_prefix3:cai,0.74,1.1,1.0,0.0,0.0
10765,instagram,koky1982,3,twitter,koky1982,simple_name_prefix3:kok,0.74,1.1,1.0,0.0,0.0
4570,instagram,cainsan,3,twitter,cainsan,simple_name_prefix3:cai,0.74,1.1,1.0,0.0,0.0
10778,instagram,kotomanov,3,twitter,kotomanov,simple_name_prefix3:kot,0.74,1.1,1.0,0.0,0.0
13289,googleplus,simonrobic,13289,instagram,simonrobic,simple_name_prefix3:sim,0.74,1.1,1.0,0.0,0.0
10815,instagram,kskobac,3,twitter,kskobac,simple_name_prefix3:ksk,0.74,1.1,1.0,0.0,0.0
7708,googleplus,carolinedeleuze,7708,instagram,carolinedeleuze,simple_name_prefix3:car,0.74,1.1,1.0,0.0,0.0
7708,googleplus,carolinedeleuze,3,twitter,carolinedeleuze,simple_name_prefix3:car,0.74,1.1,1.0,0.0,0.0
4600,instagram,ccnoffi,3,twitter,ccnoffi,simple_name_prefix3:ccn,0.74,1.1,1.0,0.0,0.0
4620,instagram,cgreendesign,3,twitter,cgreendesign,simple_name_prefix3:cgr,0.74,1.1,1.0,0.0,0.0
4626,instagram,unluckyxiii,3,twitter,unluckyxiii,simple_name_prefix3:unl,0.74,1.1,1.0,0.0,0.0
2545,googleplus,jaredzlotnick,3,twitter,jaredzlotnick,simple_name_prefix3:jar,0.74,1.1,1.0,0.0,0.0
9838,googleplus,jaredcraft,9838,instagram,jaredcraft,simple_name_prefix3:jar,0.74,1.1,1.0,0.0,0.0
4635,instagram,pelley,3,twitter,pelley,simple_name_prefix3:pel,0.74,1.1,1.0,0.0,0.0
12382,googleplus,pellenordin,12382,instagram,pellenordin,simple_name_prefix3:pel,0.74,1.1,1.0,0.0,0.0
12382,googleplus,pellenordin,3,twitter,pellenordin,simple_name_prefix3:pel,0.74,1.1,1.0,0.0,0.0
9838,googleplus,jaredcraft,3,twitter,jaredcraft,simple_name_prefix3:jar,0.74,1.1,1.0,0.0,0.0
7592,googleplus,brodychilds,7592,instagram,brodychilds,simple_name_prefix3:bro,0.74,1.1,1.0,0.0,0.0
7592,googleplus,brodychilds,3,twitter,brodychilds,simple_name_prefix3:bro,0.74,1.1,1.0,0.0,0.0
9839,googleplus,jaredfrasier,3,twitter,jaredfrasier,simple_name_prefix3:jar,0.74,1.1,1.0,0.0,0.0
9841,googleplus,jaredmagouirk,9841,instagram,jaredmagouirk,simple_name_prefix3:jar,0.74,1.1,1.0,0.0,0.0
9841,googleplus,jaredmagouirk,3,twitter,jaredmagouirk,simple_name_prefix3:jar,0.74,1.1,1.0,0.0,0.0
9842,googleplus,jareduraine,9842,instagram,jareduraine,simple_name_prefix3:jar,0.74,1.1,1.0,0.0,0.0
11228,instagram,closetonthego,3,twitter,closetonthego,simple_name_prefix3:clo,0.74,1.1,1.0,0.0,0.0
7750,instagram,cbacelar,3,twitter,cbacelar,simple_name_prefix3:cba,0.74,1.1,1.0,0.0,0.0
3150,googleplus,maxwren,3,twitter,maxwren,simple_name_prefix3:max,0.74,1.1,1.0,0.0,0.0
9843,googleplus,jaroslawmarciuk,3,twitter,jaroslawmarciuk,simple_name_prefix3:jar,0.74,1.1,1.0,0.0,0.0
10710,instagram,rkiener,3,twitter,rkiener,simple_name_prefix3:rki,0.74,1.1,1.0,0.0,0.0
10740,googleplus,kivettbednar,10740,instagram,kivettbednar,simple_name_prefix3:kiv,0.74,1.1,1.0,0.0,0.0
7421,instagram,bzipkin,3,twitter,bzipkin,simple_name_prefix3:bzi,0.74,1.1,1.0,0.0,0.0
7746,googleplus,catykobe,3,twitter,catykobe,simple_name_prefix3:cat,0.74,1.1,1.0,0.0,0.0
4599,instagram,ccerruti,3,twitter,ccerruti,simple_name_prefix3:cce,0.74,1.1,1.0,0.0,0.0
7908,googleplus,cbdsalon,3,twitter,cbdsalon,simple_name_prefix3:cbd,0.74,1.1,1.0,0.0,0.0
4650,instagram,cjglynn,3,twitter,cjglynn,simple_name_prefix3:cjg,0.74,1.1,1.0,0.0,0.0
4970,instagram,finianmurphy,3,twitter,finianmurphy,simple_name_prefix3:fin,0.74,1.1,1.0,0.0,0.0
804,googleplus,caseyfraites,804,instagram,caseyfraites,simple_name_prefix3:cas,0.74,1.1,1.0,0.0,0.0
4594,instagram,casemorton,3,twitter,casemorton,simple_name_prefix3:cas,0.74,1.1,1.0,0.0,0.0
11513,googleplus,maxinfeld,11513,instagram,maxinfeld,simple_name_prefix3:max,0.74,1.1,1.0,0.0,0.0
13676,googleplus,maxeramo,3,twitter,maxeramo,simple_name_prefix3:max,0.74,1.1,1.0,0.0,0.0
4595,instagram,caseysousa,3,twitter,caseysousa,simple_name_prefix3:cas,0.74,1.1,1.0,0.0,0.0
7758,googleplus,ceciliacorral,7758,instagram,ceciliacorral,simple_name_prefix3:cec,0.74,1.1,1.0,0.0,0.0
7758,googleplus,ceciliacorral,3,twitter,ceciliacorral,simple_name_prefix3:cec,0.74,1.1,1.0,0.0,0.0
7759,googleplus,cecilialiao,3,twitter,cecilialiao,simple_name_prefix3:cec,0.74,1.1,1.0,0.0,0.0
7729,googleplus,caseymckinnon,7729,instagram,caseymckinnon,simple_name_prefix3:cas,0.74,1.1,1.0,0.0,0.0
3924,googleplus,sylviaduckworth,3,twitter,sylviaduckworth,simple_name_prefix3:syl,0.74,1.1,1.0,0.0,0.0
4608,instagram,cgarridoc,3,twitter,cgarridoc,simple_name_prefix3:cga,0.74,1.1,1.0,0.0,0.0
7648,googleplus,caiocorraini,7648,instagram,caiocorraini,simple_name_prefix3:cai,0.74,1.1,1.0,0.0,0.0
7734,googleplus,castlecruz,7734,instagram,castlecruz,simple_name_prefix3:cas,0.74,1.1,1.0,0.0,0.0
13336,googleplus,societychurch,13336,instagram,societychurch,simple_name_prefix3:soc,0.74,1.1,1.0,0.0,0.0
7734,googleplus,castlecruz,3,twitter,castlecruz,simple_name_prefix3:cas,0.74,1.1,1.0,0.0,0.0
5707,instagram,mephysto,3,twitter,mephysto,simple_name_prefix3:mep,0.74,1.1,1.0,0.0,0.0
9617,googleplus,idrialis,3,twitter,idrialis,simple_name_prefix3:idr,0.74,1.1,1.0,0.0,0.0
14014,googleplus,vegasbloggers,3,twitter,vegasbloggers,simple_name_prefix3:veg,0.74,1.1,1.0,0.0,0.0
7939,googleplus,chuckgose,7939,instagram,chuckgose,simple_name_prefix3:chu,0.74,1.1,1.0,0.0,0.0
7939,googleplus,chuckgose,3,twitter,chuckgose,simple_name_prefix3:chu,0.74,1.1,1.0,0.0,0.0
7940,googleplus,chuckiedreyfus,7940,instagram,chuckiedreyfus,simple_name_prefix3:chu,0.74,1.1,1.0,0.0,0.0
4612,instagram,chadnovotny,3,twitter,chadnovotny,simple_name_prefix3:cha,0.74,1.1,1.0,0.0,0.0
7942,googleplus,chuckkillorin,7942,instagram,chuckkillorin,simple_name_prefix3:chu,0.74,1.1,1.0,0.0,0.0
1837,googleplus,ciscudesign,3,twitter,ciscudesign,simple_name_prefix3:cis,0.74,1.1,1.0,0.0,0.0
13742,instagram,eltimdrake,3,twitter,eltimdrake,simple_name_prefix3:elt,0.74,1.1,1.0,0.0,0.0
7739,googleplus,catflippen,7739,instagram,catflippen,simple_name_prefix3:cat,0.74,1.1,1.0,0.0,0.0
9284,googleplus,gongranja,9284,instagram,gongranja,simple_name_prefix3:gon,0.74,1.1,1.0,0.0,0.0
7739,googleplus,catflippen,3,twitter,catflippen,simple_name_prefix3:cat,0.74,1.1,1.0,0.0,0.0
9286,instagram,gonzalezulises,3,twitter,gonzalezulises,simple_name_prefix3:gon,0.74,1.1,1.0,0.0,0.0
7741,googleplus,cathieheart,7741,instagram,cathieheart,simple_name_prefix3:cat,0.74,1.1,1.0,0.0,0.0
12964,instagram,wrightkindaguy,3,twitter,wrightkindaguy,simple_name_prefix3:wri,0.74,1.1,1.0,0.0,0.0
2758,googleplus,kairymarquez,3,twitter,kairymarquez,simple_name_prefix3:kai,0.74,1.1,1.0,0.0,0.0
5423,instagram,kaigait,3,twitter,kaigait,simple_name_prefix3:kai,0.74,1.1,1.0,0.0,0.0
7741,googleplus,cathieheart,3,twitter,cathieheart,simple_name_prefix3:cat,0.74,1.1,1.0,0.0,0.0
10532,instagram,socialmediasass,3,twitter,socialmediasass,simple_name_prefix3:soc,0.74,1.1,1.0,0.0,0.0
7744,googleplus,catinamurillo,7744,instagram,catinamurillo,simple_name_prefix3:cat,0.74,1.1,1.0,0.0,0.0
13331,instagram,socalvillaguy,3,twitter,socalvillaguy,simple_name_prefix3:soc,0.74,1.1,1.0,0.0,0.0
7745,googleplus,catturner,7745,instagram,catturner,simple_name_prefix3:cat,0.74,1.1,1.0,0.0,0.0
7791,instagram,cham_i_am,3,twitter,cham_i_am,simple_name_prefix3:cha,0.74,1.1,1.0,0.0,0.0
7796,instagram,chanperco,3,twitter,chanperco,simple_name_prefix3:cha,0.74,1.1,1.0,0.0,0.0
8392,instagram,defyrecordings,3,twitter,defyrecordings,simple_name_prefix3:def,0.74,1.1,1.0,0.0,0.0
11855,instagram,motivationdoc,3,twitter,motivationdoc,simple_name_prefix3:mot,0.74,1.1,1.0,0.0,0.0
14287,instagram,yuliakatkova,3,twitter,yuliakatkova,simple_name_prefix3:yul,0.74,1.1,1.0,0.0,0.0
4603,instagram,cesstowers,3,twitter,cesstowers,simple_name_prefix3:ces,0.74,1.1,1.0,0.0,0.0
8312,instagram,neoblast,3,twitter,neoblast,simple_name_prefix3:neo,0.74,1.1,1.0,0.0,0.0
11324,instagram,neonflash,3,twitter,neonflash,simple_name_prefix3:neo,0.74,1.1,1.0,0.0,0.0
7774,instagram,cesarnovelod,3,twitter,cesarnovelod,simple_name_prefix3:ces,0.74,1.1,1.0,0.0,0.0
8135,instagram,dajw,3,twitter,dajw,simple_name_prefix3:daj,0.74,1.1,1.0,0.0,0.0
8586,instagram,dsimmonsny,3,twitter,dsimmonsny,simple_name_prefix3:dsi,0.74,1.1,1.0,0.0,0.0
7776,instagram,cesvlc,3,twitter,cesvlc,simple_name_prefix3:ces,0.74,1.1,0.3333333333333333,1.0,0.0
8231,googleplus,daphnemaia,3,twitter,daphnemaia,simple_name_prefix3:dap,0.74,1.1,1.0,0.0,0.0
1797,googleplus,chantalphotopix,3,twitter,chantalphotopix,simple_name_prefix3:cha,0.74,1.1,1.0,0.0,0.0
7514,instagram,bostondave,3,twitter,bostondave,simple_name_prefix3:bos,0.74,1.1,1.0,0.0,0.0
1799,googleplus,charliestyr,3,twitter,charliestyr,simple_name_prefix3:cha,0.74,1.1,1.0,0.0,0.0
4542,instagram,bmats,3,twitter,bmats,simple_name_prefix3:bma,0.74,1.1,1.0,0.0,0.0
7508,instagram,bmann,3,twitter,bmann,simple_name_prefix3:bma,0.74,1.1,1.0,0.0,0.0
1801,googleplus,chaselisbon,3,twitter,chaselisbon,simple_name_prefix3:cha,0.74,1.1,1.0,0.0,0.0
1802,googleplus,chaunceynartey,3,twitter,chaunceynartey,simple_name_prefix3:cha,0.74,1.1,1.0,0.0,0.0
4555,instagram,vahva,3,twitter,vahva,simple_name_prefix3:vah,0.74,1.1,1.0,0.0,0.0
1803,googleplus,chayhunter,3,twitter,chayhunter,simple_name_prefix3:cha,0.74,1.1,1.0,0.0,0.0
1861,googleplus,charlesnyangiti,3,twitter,charlesnyangiti,simple_name_prefix3:cha,0.74,1.1,1.0,0.0,0.0
4559,instagram,bunnyb0n,3,twitter,bunnyb0n,simple_name_prefix3:bun,0.74,1.1,1.0,0.0,0.0
7643,instagram,byrappa,3,twitter,byrappa,simple_name_prefix3:byr,0.74,1.1,1.0,0.0,0.0
4610,instagram,chadallenbailey,3,twitter,chadallenbailey,simple_name_prefix3:cha,0.74,1.1,1.0,0.0,0.0
1992,googleplus,debbiedoglady,3,twitter,debbiedoglady,simple_name_prefix3:deb,0.74,1.1,1.0,0.0,0.0
1995,googleplus,debrasimpson,3,twitter,debrasimpson,simple_name_prefix3:deb,0.74,1.1,1.0,0.0,0.0
7810,googleplus,charlesrein,7810,instagram,charlesrein,simple_name_prefix3:cha,0.74,1.1,1.0,0.0,0.0
7811,googleplus,charlietash,7811,instagram,charlietash,simple_name_prefix3:cha,0.74,1.1,1.0,0.0,0.0
7815,googleplus,chaseroper,7815,instagram,chaseroper,simple_name_prefix3:cha,0.74,1.1,1.0,0.0,0.0
12090,instagram,tlamiczka,3,twitter,tlamiczka,simple_name_prefix3:tla,0.74,1.1,1.0,0.0,0.0
2029,googleplus,dicksonfong,3,twitter,dicksonfong,simple_name_prefix3:dic,0.74,1.1,1.0,0.0,0.0
8479,googleplus,dilbagkoundal,8479,instagram,dilbagkoundal,simple_name_prefix3:dil,0.74,1.1,1.0,0.0,0.0
8479,googleplus,dilbagkoundal,3,twitter,dilbagkoundal,simple_name_prefix3:dil,0.74,1.1,1.0,0.0,0.0
7815,googleplus,chaseroper,3,twitter,chaseroper,simple_name_prefix3:cha,0.74,1.1,1.0,0.0,0.0
8481,instagram,dillonchr,3,twitter,dillonchr,simple_name_prefix3:dil,0.74,1.1,1.0,0.0,0.0
9030,instagram,dilillofr,3,twitter,dilillofr,simple_name_prefix3:dil,0.74,1.1,1.0,0.0,0.0
2829,googleplus,kiratgurung,3,twitter,kiratgurung,simple_name_prefix3:kir,0.74,1.1,1.0,0.0,0.0
2831,googleplus,kirkaug,3,twitter,kirkaug,simple_name_prefix3:kir,0.74,1.1,1.0,0.0,0.0
5485,instagram,kironcmukherjee,3,twitter,kironcmukherjee,simple_name_prefix3:kir,0.74,1.1,1.0,0.0,0.0
10734,googleplus,kirakariakin,10734,instagram,kirakariakin,simple_name_prefix3:kir,0.74,1.1,1.0,0.0,0.0
4521,instagram,igle,3,twitter,igle,simple_name_prefix3:igl,0.74,1.1,1.0,0.0,0.0
4522,instagram,boscotung,3,twitter,boscotung,simple_name_prefix3:bos,0.74,1.1,1.0,0.0,0.0
7869,instagram,chandy227,3,twitter,chandy227,simple_name_prefix3:cha,0.74,1.1,1.0,0.0,0.0
8057,googleplus,charliepownall,8057,instagram,charliepownall,simple_name_prefix3:cha,0.74,1.1,1.0,0.0,0.0
7783,googleplus,chadbordes,7783,instagram,chadbordes,simple_name_prefix3:cha,0.74,1.1,1.0,0.0,0.0
10736,googleplus,kirkjantzer,3,twitter,kirkjantzer,simple_name_prefix3:kir,0.74,1.1,1.0,0.0,0.0
7785,googleplus,chadelkins,7785,instagram,chadelkins,simple_name_prefix3:cha,0.74,1.1,1.0,0.0,0.0
7787,googleplus,chadnewman,3,twitter,chadnewman,simple_name_prefix3:cha,0.74,1.1,1.0,0.0,0.0
14096,instagram,voreshkov,3,twitter,voreshkov,simple_name_prefix3:vor,0.74,1.1,1.0,0.0,0.0
7790,instagram,chainisse,3,twitter,chainisse,simple_name_prefix3:cha,0.74,1.1,1.0,0.0,0.0
10610,instagram,keaven,3,twitter,keaven,simple_name_prefix3:kea,0.74,1.1,1.0,0.0,0.0
8532,instagram,dodyci,3,twitter,dodyci,simple_name_prefix3:dod,0.74,1.1,1.0,0.0,0.0
2074,googleplus,doronvermaat,3,twitter,doronvermaat,simple_name_prefix3:dor,0.74,1.1,1.0,0.0,0.0
10612,googleplus,kedtaz,10612,instagram,kedtaz,simple_name_prefix3:ked,0.74,1.1,1.0,0.0,0.0
10612,googleplus,kedtaz,3,twitter,kedtaz,simple_name_prefix3:ked,0.74,1.1,1.0,0.0,0.0
2082,googleplus,drcheryllentz,3,twitter,drcheryllentz,simple_name_prefix3:drc,0.74,1.1,1.0,0.0,0.0
12013,instagram,neoaaragorn,3,twitter,neoaaragorn,simple_name_prefix3:neo,0.74,1.1,1.0,0.0,0.0
10619,instagram,kheggg,3,twitter,kheggg,simple_name_prefix3:khe,0.74,1.1,1.0,0.0,0.0
8838,googleplus,erwinhuang,8838,instagram,erwinhuang,simple_name_prefix3:erw,0.74,1.1,1.0,0.0,0.0
10665,instagram,vectorlyme,3,twitter,vectorlyme,simple_name_prefix3:vec,0.74,1.1,1.0,0.0,0.0
10670,instagram,prblog,3,twitter,prblog,simple_name_prefix3:prb,0.74,1.1,1.0,0.0,0.0
12298,instagram,prbprado,3,twitter,prbprado,simple_name_prefix3:prb,0.74,1.1,1.0,0.0,0.0
4854,instagram,dubmenikki,3,twitter,dubmenikki,simple_name_prefix3:dub,0.74,1.1,1.0,0.0,0.0
10676,instagram,kjimeno,3,twitter,kjimeno,simple_name_prefix3:kji,0.74,1.1,1.0,0.0,0.0
10682,instagram,kmstrand,3,twitter,kmstrand,simple_name_prefix3:kms,0.74,1.1,1.0,0.0,0.0
7805,googleplus,charlesbabb,3,twitter,charlesbabb,simple_name_prefix3:cha,0.74,1.1,1.0,0.0,0.0
2100,googleplus,echeng,3,twitter,echeng,simple_name_prefix3:ech,0.74,1.1,1.0,0.0,0.0
8628,googleplus,edcartre,8628,instagram,edcartre,simple_name_prefix3:edc,0.74,1.1,1.0,0.0,0.0
2104,googleplus,edelciomolina,3,twitter,edelciomolina,simple_name_prefix3:ede,0.74,1.1,1.0,0.0,0.0
8630,instagram,edelomahony,3,twitter,edelomahony,simple_name_prefix3:ede,0.74,1.1,1.0,0.0,0.0
12561,instagram,chasingrach,3,twitter,chasingrach,simple_name_prefix3:cha,0.74,1.1,1.0,0.0,0.0
13568,instagram,chanante,3,twitter,chanante,simple_name_prefix3:cha,0.74,1.1,1.0,0.0,0.0
8925,googleplus,farryaprianto,8925,instagram,farryaprianto,simple_name_prefix3:far,0.74,1.1,1.0,0.0,0.0
5503,instagram,readyin5weeks,3,twitter,readyin5weeks,simple_name_prefix3:rea,0.74,1.1,1.0,0.0,0.0
8634,googleplus,edesonsouza,8634,instagram,edesonsouza,simple_name_prefix3:ede,0.74,1.1,1.0,0.0,0.0
8634,googleplus,edesonsouza,3,twitter,edesonsouza,simple_name_prefix3:ede,0.74,1.1,1.0,0.0,0.0
2106,googleplus,edisdjerlek,3,twitter,edisdjerlek,simple_name_prefix3:edi,0.74,1.1,1.0,0.0,0.0
7089,instagram,realtoraball,3,twitter,realtoraball,simple_name_prefix3:rea,0.74,1.1,1.0,0.0,0.0
5950,instagram,paredes_rafa,3,twitter,paredes_rafa,simple_name_prefix3:par,0.74,1.1,1.0,0.0,0.0
9040,instagram,paracuerdas,3,twitter,paracuerdas,simple_name_prefix3:par,0.74,1.1,1.0,0.0,0.0
12345,instagram,peasap,3,twitter,peasap,simple_name_prefix3:pea,0.74,1.1,1.0,0.0,0.0
2122,googleplus,ejspurrell,3,twitter,ejspurrell,simple_name_prefix3:ejs,0.74,1.1,1.0,0.0,0.0
11121,instagram,e_luck,3,twitter,e_luck,simple_name_prefix3:e_l,0.74,1.1,1.0,0.0,0.0
10999,instagram,partyjetsetgo,3,twitter,partyjetsetgo,simple_name_prefix3:par,0.74,1.1,1.0,0.0,0.0
8837,googleplus,erwanlescop,8837,instagram,erwanlescop,simple_name_prefix3:erw,0.74,1.1,1.0,0.0,0.0
2179,googleplus,eunicortiz,3,twitter,eunicortiz,simple_name_prefix3:eun,0.74,1.1,1.0,0.0,0.0
12279,googleplus,parisprimeau,12279,instagram,parisprimeau,simple_name_prefix3:par,0.74,1.1,1.0,0.0,0.0
8759,googleplus,endaguinan,3,twitter,endaguinan,simple_name_prefix3:end,0.74,1.1,1.0,0.0,0.0
2190,googleplus,ezrahill,3,twitter,ezrahill,simple_name_prefix3:ezr,0.74,1.1,1.0,0.0,0.0
8900,googleplus,factoryxii,8900,instagram,factoryxii,simple_name_prefix3:fac,0.74,1.1,1.0,0.0,0.0
12281,instagram,parthans,3,twitter,parthans,simple_name_prefix3:par,0.74,1.1,1.0,0.0,0.0
12375,instagram,parraguezr,3,twitter,parraguezr,simple_name_prefix3:par,0.74,1.1,1.0,0.0,0.0
8915,googleplus,falkschmidt,8915,instagram,falkschmidt,simple_name_prefix3:fal,0.74,1.1,1.0,0.0,0.0
5551,instagram,lemaxim,3,twitter,lemaxim,simple_name_prefix3:lem,0.74,1.1,1.0,0.0,0.0
10606,googleplus,kcchano,3,twitter,kcchano,simple_name_prefix3:kcc,0.74,1.1,1.0,0.0,0.0
8755,googleplus,emretekinarslan,8755,instagram,emretekinarslan,simple_name_prefix3:emr,0.74,1.1,1.0,0.0,0.0
10339,googleplus,josephopinion,10339,instagram,josephopinion,simple_name_prefix3:jos,0.74,1.1,1.0,0.0,0.0
10340,googleplus,josephsocorro,10340,instagram,josephsocorro,simple_name_prefix3:jos,0.74,1.1,1.0,0.0,0.0
8920,googleplus,fardeenrahaman,8920,instagram,fardeenrahaman,simple_name_prefix3:far,0.74,1.1,1.0,0.0,0.0
8920,googleplus,fardeenrahaman,3,twitter,fardeenrahaman,simple_name_prefix3:far,0.74,1.1,1.0,0.0,0.0
4421,instagram,tuurke8,3,twitter,tuurke8,simple_name_prefix3:tuu,0.74,1.1,1.0,0.0,0.0
4438,instagram,asyadeeq,3,twitter,asyadeeq,simple_name_prefix3:asy,0.74,1.1,1.0,0.0,0.0
10945,googleplus,lemihacioglu,10945,instagram,lemihacioglu,simple_name_prefix3:lem,0.74,1.1,1.0,0.0,0.0
348,googleplus,joshgillespie,3,twitter,joshgillespie,simple_name_prefix3:jos,0.74,1.1,1.0,0.0,0.0
4454,instagram,azraea,3,twitter,azraea,simple_name_prefix3:azr,0.74,1.1,0.3333333333333333,1.0,0.0
2687,googleplus,josaphatjarpa,3,twitter,josaphatjarpa,simple_name_prefix3:jos,0.74,1.1,1.0,0.0,0.0
2690,googleplus,joseluislluelma,3,twitter,joseluislluelma,simple_name_prefix3:jos,0.74,1.1,1.0,0.0,0.0
2698,googleplus,josepmoulines,3,twitter,josepmoulines,simple_name_prefix3:jos,0.74,1.1,1.0,0.0,0.0
2700,googleplus,josezuazua,3,twitter,josezuazua,simple_name_prefix3:jos,0.74,1.1,1.0,0.0,0.0
2701,googleplus,joshjandrain,3,twitter,joshjandrain,simple_name_prefix3:jos,0.74,1.1,1.0,0.0,0.0
4514,instagram,orindabob,3,twitter,orindabob,simple_name_prefix3:ori,0.74,1.1,1.0,0.0,0.0
2702,googleplus,joshlam,3,twitter,joshlam,simple_name_prefix3:jos,0.74,1.1,1.0,0.0,0.0
12990,instagram,itengry,3,twitter,itengry,simple_name_prefix3:ite,0.74,1.1,1.0,0.0,0.0
8862,instagram,etthompson,3,twitter,etthompson,simple_name_prefix3:ett,0.74,1.1,1.0,0.0,0.0
9117,googleplus,gaguerreiro,9117,instagram,gaguerreiro,simple_name_prefix3:gag,0.74,1.1,1.0,0.0,0.0
9117,googleplus,gaguerreiro,3,twitter,gaguerreiro,simple_name_prefix3:gag,0.74,1.1,1.0,0.0,0.0
8915,googleplus,falkschmidt,3,twitter,falkschmidt,simple_name_prefix3:fal,0.74,1.1,1.0,0.0,0.0
5363,instagram,joseguillermo00,3,twitter,joseguillermo00,simple_name_prefix3:jos,0.74,1.1,1.0,0.0,0.0
5368,instagram,joshbrez,3,twitter,joshbrez,simple_name_prefix3:jos,0.74,1.1,1.0,0.0,0.0
8992,googleplus,flickeringember,8992,instagram,flickeringember,simple_name_prefix3:fli,0.74,1.1,1.0,0.0,0.0
8992,googleplus,flickeringember,3,twitter,flickeringember,simple_name_prefix3:fli,0.74,1.1,1.0,0.0,0.0
4973,instagram,fithorfaris,3,twitter,fithorfaris,simple_name_prefix3:fit,0.74,1.1,1.0,0.0,0.0
10353,googleplus,joshhighland,10353,instagram,joshhighland,simple_name_prefix3:jos,0.74,1.1,1.0,0.0,0.0
10942,instagram,lelira,3,twitter,lelira,simple_name_prefix3:lel,0.74,1.1,1.0,0.0,0.0
5682,instagram,tinus123,3,twitter,tinus123,simple_name_prefix3:tin,0.74,1.1,1.0,0.0,0.0
10353,googleplus,joshhighland,3,twitter,joshhighland,simple_name_prefix3:jos,0.74,1.1,1.0,0.0,0.0
9231,instagram,gilbertmc,3,twitter,gilbertmc,simple_name_prefix3:gil,0.74,1.1,1.0,0.0,0.0
9234,googleplus,gilmarsmith,9234,instagram,gilmarsmith,simple_name_prefix3:gil,0.74,1.1,1.0,0.0,0.0
5374,instagram,joshuadav,3,twitter,joshuadav,simple_name_prefix3:jos,0.74,1.1,1.0,0.0,0.0
7260,googleplus,assimtulba,7260,instagram,assimtulba,simple_name_prefix3:ass,0.74,1.1,1.0,0.0,0.0
10322,googleplus,joseespinoza84,10322,instagram,joseespinoza84,simple_name_prefix3:jos,0.74,1.1,1.0,0.0,0.0
10501,googleplus,gokakaako,3,twitter,gokakaako,simple_name_prefix3:gok,0.74,1.1,1.0,0.0,0.0
10338,googleplus,josepholesh,10338,instagram,josepholesh,simple_name_prefix3:jos,0.74,1.1,1.0,0.0,0.0
13767,instagram,tinanewtonart,3,twitter,tinanewtonart,simple_name_prefix3:tin,0.74,1.1,1.0,0.0,0.0
10338,googleplus,josepholesh,3,twitter,josepholesh,simple_name_prefix3:jos,0.74,1.1,1.0,0.0,0.0
9607,instagram,icaroferracini,3,twitter,icaroferracini,simple_name_prefix3:ica,0.74,1.1,1.0,0.0,0.0
10462,googleplus,juninbsk,3,twitter,juninbsk,simple_name_prefix3:jun,0.74,1.1,1.0,0.0,0.0
10463,instagram,junior_ales,3,twitter,junior_ales,simple_name_prefix3:jun,0.74,1.1,1.0,0.0,0.0
13705,instagram,immaterialman,3,twitter,immaterialman,simple_name_prefix3:imm,0.74,1.1,1.0,0.0,0.0
9305,googleplus,gracehearts,9305,instagram,gracehearts,simple_name_prefix3:gra,0.74,1.1,1.0,0.0,0.0
10361,googleplus,joshstagg,3,twitter,joshstagg,simple_name_prefix3:jos,0.74,1.1,1.0,0.0,0.0
9307,googleplus,gracerodriguez,3,twitter,gracerodriguez,simple_name_prefix3:gra,0.74,1.1,1.0,0.0,0.0
10364,googleplus,joshuahor,10364,instagram,joshuahor,simple_name_prefix3:jos,0.74,1.1,1.0,0.0,0.0
9309,googleplus,graemethickins,9309,instagram,graemethickins,simple_name_prefix3:gra,0.74,1.1,1.0,0.0,0.0
10369,googleplus,joshuatalley,10369,instagram,joshuatalley,simple_name_prefix3:jos,0.74,1.1,1.0,0.0,0.0
10345,googleplus,joshcornett,10345,instagram,joshcornett,simple_name_prefix3:jos,0.74,1.1,1.0,0.0,0.0
2282,googleplus,gavinwisser,3,twitter,gavinwisser,simple_name_prefix3:gav,0.74,1.1,1.0,0.0,0.0
10347,googleplus,joshuadirks,10347,instagram,joshuadirks,simple_name_prefix3:jos,0.74,1.1,1.0,0.0,0.0
9245,instagram,gigioricci,3,twitter,gigioricci,simple_name_prefix3:gig,0.74,1.1,1.0,0.0,0.0
2299,googleplus,gilgasempai,3,twitter,gilgasempai,simple_name_prefix3:gil,0.74,1.1,1.0,0.0,0.0
4333,instagram,aulia,3,twitter,aulia,simple_name_prefix3:aul,0.74,1.1,1.0,0.0,0.0
7285,instagram,auliaz,3,twitter,auliaz,simple_name_prefix3:aul,0.74,1.1,1.0,0.0,0.0
10348,googleplus,joshdreyer,10348,instagram,joshdreyer,simple_name_prefix3:jos,0.74,1.1,1.0,0.0,0.0
10348,googleplus,joshdreyer,3,twitter,joshdreyer,simple_name_prefix3:jos,0.74,1.1,1.0,0.0,0.0
6975,instagram,amoration,3,twitter,amoration,simple_name_prefix3:amo,0.74,1.1,1.0,0.0,0.0
9726,instagram,iwankanda,3,twitter,iwankanda,simple_name_prefix3:iwa,0.74,1.1,1.0,0.0,0.0
5343,instagram,mrhume,3,twitter,mrhume,simple_name_prefix3:mrh,0.74,1.1,1.0,0.0,0.0
13468,instagram,mrhsie,3,twitter,mrhsie,simple_name_prefix3:mrh,0.74,1.1,1.0,0.0,0.0
4366,instagram,bgeorge,3,twitter,bgeorge,simple_name_prefix3:bge,0.74,1.1,1.0,0.0,0.0
4402,instagram,c4antonio,3,twitter,c4antonio,simple_name_prefix3:c4a,0.74,1.1,1.0,0.0,0.0
4406,instagram,anxiosum,3,twitter,anxiosum,simple_name_prefix3:anx,0.74,1.1,1.0,0.0,0.0
10349,googleplus,joshfinnie,10349,instagram,joshfinnie,simple_name_prefix3:jos,0.74,1.1,1.0,0.0,0.0
7206,instagram,arshann,3,twitter,arshann,simple_name_prefix3:ars,0.74,1.1,1.0,0.0,0.0
2333,googleplus,grazianaparisi,3,twitter,grazianaparisi,simple_name_prefix3:gra,0.74,1.1,1.0,0.0,0.0
10548,instagram,txpreach,3,twitter,txpreach,simple_name_prefix3:txp,0.74,1.1,1.0,0.0,0.0
9311,instagram,graham_walsh,3,twitter,graham_walsh,simple_name_prefix3:gra,0.74,1.1,1.0,0.0,0.0
9312,googleplus,grantcrowell,3,twitter,grantcrowell,simple_name_prefix3:gra,0.74,1.1,1.0,0.0,0.0
9313,googleplus,grantgurewitz,9313,instagram,grantgurewitz,simple_name_prefix3:gra,0.74,1.1,1.0,0.0,0.0
9313,googleplus,grantgurewitz,3,twitter,grantgurewitz,simple_name_prefix3:gra,0.74,1.1,1.0,0.0,0.0
9314,googleplus,grantstern,9314,instagram,grantstern,simple_name_prefix3:gra,0.74,1.1,1.0,0.0,0.0
10689,instagram,kjohnq,3,twitter,kjohnq,simple_name_prefix3:kjo,0.74,1.1,1.0,0.0,0.0
10991,googleplus,ligiaadam,10991,instagram,ligiaadam,simple_name_prefix3:lig,0.74,1.1,1.0,0.0,0.0
10366,googleplus,grandhyattkauai,3,twitter,grandhyattkauai,simple_name_prefix3:gra,0.74,1.1,1.0,0.0,0.0
10991,googleplus,ligiaadam,3,twitter,ligiaadam,simple_name_prefix3:lig,0.74,1.1,1.0,0.0,0.0
2355,googleplus,guntrambechtold,3,twitter,guntrambechtold,simple_name_prefix3:gun,0.74,1.1,1.0,0.0,0.0
10992,googleplus,ligiakempfer,10992,instagram,ligiakempfer,simple_name_prefix3:lig,0.74,1.1,1.0,0.0,0.0
9487,googleplus,hemszwier,9487,instagram,hemszwier,simple_name_prefix3:hem,0.74,1.1,1.0,0.0,0.0
5825,instagram,mosesaipa,3,twitter,mosesaipa,simple_name_prefix3:mos,0.74,1.1,1.0,0.0,0.0
10411,instagram,mosukojp,3,twitter,mosukojp,simple_name_prefix3:mos,0.74,1.1,1.0,0.0,0.0
10992,googleplus,ligiakempfer,3,twitter,ligiakempfer,simple_name_prefix3:lig,0.74,1.1,1.0,0.0,0.0
10584,instagram,kuirishgirlie,3,twitter,kuirishgirlie,simple_name_prefix3:kui,0.74,1.1,1.0,0.0,0.0
9373,googleplus,guycocker,9373,instagram,guycocker,simple_name_prefix3:guy,0.74,1.1,1.0,0.0,0.0
9375,instagram,guysonecstasy,3,twitter,guysonecstasy,simple_name_prefix3:guy,0.74,1.1,1.0,0.0,0.0
10605,instagram,kcakduman,3,twitter,kcakduman,simple_name_prefix3:kca,0.74,1.1,1.0,0.0,0.0
9786,instagram,guynamedjames,3,twitter,guynamedjames,simple_name_prefix3:guy,0.74,1.1,1.0,0.0,0.0
2362,googleplus,gwynethllewelyn,3,twitter,gwynethllewelyn,simple_name_prefix3:gwy,0.74,1.1,1.0,0.0,0.0
2363,googleplus,gyasirossmusic,3,twitter,gyasirossmusic,simple_name_prefix3:gya,0.74,1.1,1.0,0.0,0.0
9157,instagram,hablamos,3,twitter,hablamos,simple_name_prefix3:hab,0.74,1.1,1.0,0.0,0.0
9385,googleplus,habibmhenni,3,twitter,habibmhenni,simple_name_prefix3:hab,0.74,1.1,1.0,0.0,0.0
2365,googleplus,hafezshurrab,3,twitter,hafezshurrab,simple_name_prefix3:haf,0.74,1.1,1.0,0.0,0.0
10356,googleplus,joshjeppson,10356,instagram,joshjeppson,simple_name_prefix3:jos,0.74,1.1,1.0,0.0,0.0
10357,googleplus,joshkirkland,10357,instagram,joshkirkland,simple_name_prefix3:jos,0.74,1.1,1.0,0.0,0.0
10358,googleplus,joshpeak,10358,instagram,joshpeak,simple_name_prefix3:jos,0.74,1.1,1.0,0.0,0.0
11429,googleplus,masoudhaghi,11429,instagram,masoudhaghi,simple_name_prefix3:mas,0.74,1.1,1.0,0.0,0.0
11431,googleplus,massimodesantis,11431,instagram,massimodesantis,simple_name_prefix3:mas,0.74,1.1,1.0,0.0,0.0
13838,instagram,tonylazz,3,twitter,tonylazz,simple_name_prefix3:ton,0.74,1.1,1.0,0.0,0.0
10370,googleplus,joshuatopolsky,10370,instagram,joshuatopolsky,simple_name_prefix3:jos,0.74,1.1,1.0,0.0,0.0
4353,instagram,abusse,3,twitter,abusse,simple_name_prefix3:abu,0.74,1.1,1.0,0.0,0.0
7090,instagram,aburson,3,twitter,aburson,simple_name_prefix3:abu,0.74,1.1,1.0,0.0,0.0
9413,instagram,happesextalk,3,twitter,happesextalk,simple_name_prefix3:hap,0.74,1.1,1.0,0.0,0.0
10371,instagram,joshuawagy,3,twitter,joshuawagy,simple_name_prefix3:jos,0.74,1.1,1.0,0.0,0.0
9509,googleplus,hichamsouilmi,3,twitter,hichamsouilmi,simple_name_prefix3:hic,0.74,1.1,1.0,0.0,0.0
8646,instagram,edscanlan,3,twitter,edscanlan,simple_name_prefix3:eds,0.74,1.1,1.0,0.0,0.0
3285,googleplus,mostaphahalim,3,twitter,mostaphahalim,simple_name_prefix3:mos,0.74,1.1,1.0,0.0,0.0
2435,googleplus,hussamzain,3,twitter,hussamzain,simple_name_prefix3:hus,0.74,1.1,1.0,0.0,0.0
9560,instagram,husk,3,twitter,husk,simple_name_prefix3:hus,0.74,1.1,1.0,0.0,0.0
10372,googleplus,josiealbaine,10372,instagram,josiealbaine,simple_name_prefix3:jos,0.74,1.1,1.0,0.0,0.0
7900,instagram,nixian,3,twitter,nixian,simple_name_prefix3:nix,0.74,1.1,1.0,0.0,0.0
9615,googleplus,ideasandrew,9615,instagram,ideasandrew,simple_name_prefix3:ide,0.74,1.1,1.0,0.0,0.0
10372,googleplus,josiealbaine,3,twitter,josiealbaine,simple_name_prefix3:jos,0.74,1.1,1.0,0.0,0.0
9616,googleplus,ideensolhtalab,9616,instagram,ideensolhtalab,simple_name_prefix3:ide,0.74,1.1,1.0,0.0,0.0
9616,googleplus,ideensolhtalab,3,twitter,ideensolhtalab,simple_name_prefix3:ide,0.74,1.1,1.0,0.0,0.0
664,googleplus,tonybarlow03,3,twitter,tonybarlow03,simple_name_prefix3:ton,0.74,1.1,1.0,0.0,0.0
5449,instagram,masihkecil,3,twitter,masihkecil,simple_name_prefix3:mas,0.74,1.1,1.0,0.0,0.0
665,googleplus,tonybarlow,664,instagram,tonybarlow,simple_name_prefix3:ton,0.74,1.1,1.0,0.0,0.0
7241,instagram,masterashim,3,twitter,masterashim,simple_name_prefix3:mas,0.74,1.1,1.0,0.0,0.0
11423,instagram,masamirock,3,twitter,masamirock,simple_name_prefix3:mas,0.74,1.1,1.0,0.0,0.0
9630,googleplus,igormauriciobarreto,9630,instagram,igormauriciobarreto,simple_name_prefix3:igo,0.74,1.1,1.0,0.0,0.0
14095,instagram,igon,3,twitter,igon,simple_name_prefix3:igo,0.74,1.1,1.0,0.0,0.0
2455,googleplus,ilhammuzakki,3,twitter,ilhammuzakki,simple_name_prefix3:ilh,0.74,1.1,1.0,0.0,0.0
9657,instagram,impe83,3,twitter,impe83,simple_name_prefix3:imp,0.74,1.1,1.0,0.0,0.0
6457,instagram,toninapier,3,twitter,toninapier,simple_name_prefix3:ton,0.74,1.1,1.0,0.0,0.0
9551,instagram,hthaiwon,3,twitter,hthaiwon,simple_name_prefix3:hth,0.74,1.1,1.0,0.0,0.0
10544,instagram,aspiringkaro,3,twitter,aspiringkaro,simple_name_prefix3:asp,0.74,1.1,1.0,0.0,0.0
11927,googleplus,tonynaccarato,3,twitter,tonynaccarato,simple_name_prefix3:ton,0.74,1.1,1.0,0.0,0.0
9559,instagram,huntertgraham,3,twitter,huntertgraham,simple_name_prefix3:hun,0.74,1.1,1.0,0.0,0.0
2428,googleplus,huckleberryhax,3,twitter,huckleberryhax,simple_name_prefix3:huc,0.74,1.1,1.0,0.0,0.0
5146,instagram,inflightfeed,3,twitter,inflightfeed,simple_name_prefix3:inf,0.74,1.1,1.0,0.0,0.0
7143,instagram,infornographie,3,twitter,infornographie,simple_name_prefix3:inf,0.74,1.1,1.0,0.0,0.0
7862,instagram,infusedgeek,3,twitter,infusedgeek,simple_name_prefix3:inf,0.74,1.1,1.0,0.0,0.0
2433,googleplus,huldarode,3,twitter,huldarode,simple_name_prefix3:hul,0.74,1.1,1.0,0.0,0.0
2506,googleplus,ivehapers,3,twitter,ivehapers,simple_name_prefix3:ive,0.74,1.1,1.0,0.0,0.0
13830,googleplus,tonibunaiasu,13830,instagram,tonibunaiasu,simple_name_prefix3:ton,0.74,1.1,1.0,0.0,0.0
13832,googleplus,tonyburgess1969,13832,instagram,tonyburgess1969,simple_name_prefix3:ton,0.74,1.1,1.0,0.0,0.0
4247,instagram,agcommunicator,3,twitter,agcommunicator,simple_name_prefix3:agc,0.74,1.1,1.0,0.0,0.0
6771,googleplus,ahsanddn,6771,instagram,ahsanddn,simple_name_prefix3:ahs,0.74,1.1,1.0,0.0,0.0
6771,googleplus,ahsanddn,3,twitter,ahsanddn,simple_name_prefix3:ahs,0.74,1.1,1.0,0.0,0.0
13836,googleplus,tonydiehl,13836,instagram,tonydiehl,simple_name_prefix3:ton,0.74,1.1,1.0,0.0,0.0
13837,googleplus,tonygates44,13837,instagram,tonygates44,simple_name_prefix3:ton,0.74,1.1,1.0,0.0,0.0
12201,googleplus,oraziospoto,3,twitter,oraziospoto,simple_name_prefix3:ora,0.74,1.1,1.0,0.0,0.0
8083,googleplus,cristianovalim,8083,instagram,cristianovalim,simple_name_prefix3:cri,0.74,1.1,1.0,0.0,0.0
4330,instagram,haohmaru,3,twitter,haohmaru,simple_name_prefix3:hao,0.74,1.1,1.0,0.0,0.0
8083,googleplus,cristianovalim,3,twitter,cristianovalim,simple_name_prefix3:cri,0.74,1.1,1.0,0.0,0.0
10122,instagram,jinnyjuice,3,twitter,jinnyjuice,simple_name_prefix3:jin,0.74,1.1,1.0,0.0,0.0
10123,instagram,jinuem,3,twitter,jinuem,simple_name_prefix3:jin,0.74,1.1,1.0,0.0,0.0
9667,googleplus,ingridalvarez,9667,instagram,ingridalvarez,simple_name_prefix3:ing,0.74,1.1,1.0,0.0,0.0
9667,googleplus,ingridalvarez,3,twitter,ingridalvarez,simple_name_prefix3:ing,0.74,1.1,1.0,0.0,0.0
8962,instagram,frodrig,3,twitter,frodrig,simple_name_prefix3:fro,0.74,1.1,1.0,0.0,0.0
8084,googleplus,cristinabelloni,8084,instagram,cristinabelloni,simple_name_prefix3:cri,0.74,1.1,1.0,0.0,0.0
6631,instagram,zaneology,3,twitter,zaneology,simple_name_prefix3:zan,0.74,1.1,1.0,0.0,0.0
13842,googleplus,tonysweet,13842,instagram,tonysweet,simple_name_prefix3:ton,0.74,1.1,1.0,0.0,0.0
14316,googleplus,zaneriley,14316,instagram,zaneriley,simple_name_prefix3:zan,0.74,1.1,1.0,0.0,0.0
13843,googleplus,tonyveroeven,13843,instagram,tonyveroeven,simple_name_prefix3:ton,0.74,1.1,1.0,0.0,0.0
9707,instagram,isracv,3,twitter,isracv,simple_name_prefix3:isr,0.74,1.1,1.0,0.0,0.0
6724,instagram,chispadeath,3,twitter,chispadeath,simple_name_prefix3:chi,0.74,1.1,1.0,0.0,0.0
10383,instagram,jpekstrand,3,twitter,jpekstrand,simple_name_prefix3:jpe,0.74,1.1,1.0,0.0,0.0
11867,instagram,mrebollo,3,twitter,mrebollo,simple_name_prefix3:mre,0.74,1.1,1.0,0.0,0.0
5282,instagram,jetan,3,twitter,jetan,simple_name_prefix3:jet,0.74,1.1,1.0,0.0,0.0
10088,instagram,jheil65,3,twitter,jheil65,simple_name_prefix3:jhe,0.74,1.1,1.0,0.0,0.0
7836,googleplus,chiarapis,3,twitter,chiarapis,simple_name_prefix3:chi,0.74,1.1,1.0,0.0,0.0
7838,googleplus,chibimartins,7838,instagram,chibimartins,simple_name_prefix3:chi,0.74,1.1,1.0,0.0,0.0
12148,instagram,drnic1,3,twitter,drnic1,simple_name_prefix3:drn,0.74,1.1,1.0,0.0,0.0
9754,googleplus,jadeypaule,9754,instagram,jadeypaule,simple_name_prefix3:jad,0.74,1.1,1.0,0.0,0.0
9754,googleplus,jadeypaule,3,twitter,jadeypaule,simple_name_prefix3:jad,0.74,1.1,1.0,0.0,0.0
7956,instagram,laciccina,3,twitter,laciccina,simple_name_prefix3:lac,0.74,1.1,1.0,0.0,0.0
9920,instagram,jberndes,3,twitter,jberndes,simple_name_prefix3:jbe,0.74,1.1,1.0,0.0,0.0
1845,googleplus,claresaxon,3,twitter,claresaxon,simple_name_prefix3:cla,0.74,1.1,1.0,0.0,0.0
1849,googleplus,claytonbryant,3,twitter,claytonbryant,simple_name_prefix3:cla,0.74,1.1,1.0,0.0,0.0
7843,googleplus,chiragbatra,7843,instagram,chiragbatra,simple_name_prefix3:chi,0.74,1.1,1.0,0.0,0.0
6573,instagram,wheresvictoria,3,twitter,wheresvictoria,simple_name_prefix3:whe,0.74,1.1,1.0,0.0,0.0
12456,instagram,picklesjon,3,twitter,picklesjon,simple_name_prefix3:pic,0.74,1.1,1.0,0.0,0.0
6575,instagram,wielinga1,3,twitter,wielinga1,simple_name_prefix3:wie,0.74,1.1,1.0,0.0,0.0
9896,instagram,jaw_shoe_uh,3,twitter,jaw_shoe_uh,simple_name_prefix3:jaw,0.74,1.1,1.0,0.0,0.0
13844,instagram,topekajim,3,twitter,topekajim,simple_name_prefix3:top,0.74,1.1,1.0,0.0,0.0
9230,googleplus,gijstenbuuren,9230,instagram,gijstenbuuren,simple_name_prefix3:gij,0.74,1.1,1.0,0.0,0.0
9230,googleplus,gijstenbuuren,3,twitter,gijstenbuuren,simple_name_prefix3:gij,0.74,1.1,1.0,0.0,0.0
6562,instagram,wayneulery,3,twitter,wayneulery,simple_name_prefix3:way,0.74,1.1,1.0,0.0,0.0
6563,instagram,wayneweatherred,3,twitter,wayneweatherred,simple_name_prefix3:way,0.74,1.1,1.0,0.0,0.0
14124,googleplus,wayneharrelzielix,14124,instagram,wayneharrelzielix,simple_name_prefix3:way,0.74,1.1,1.0,0.0,0.0
14125,googleplus,waynejagoe,14125,instagram,waynejagoe,simple_name_prefix3:way,0.74,1.1,1.0,0.0,0.0
831,googleplus,cristinnaciocoiu,831,instagram,cristinnaciocoiu,simple_name_prefix3:cri,0.74,1.1,1.0,0.0,0.0
10431,instagram,judylm,3,twitter,judylm,simple_name_prefix3:jud,0.74,1.1,1.0,0.0,0.0
10076,instagram,jewelclicks,3,twitter,jewelclicks,simple_name_prefix3:jew,0.74,1.1,1.0,0.0,0.0
9863,instagram,jump4jay,3,twitter,jump4jay,simple_name_prefix3:jum,0.74,1.1,1.0,0.0,0.0
10460,instagram,jumpmancol,3,twitter,jumpmancol,simple_name_prefix3:jum,0.74,1.1,1.0,0.0,0.0
10461,googleplus,jumpstartbikes,10461,instagram,jumpstartbikes,simple_name_prefix3:jum,0.74,1.1,0.3333333333333333,1.0,0.0
8079,googleplus,crisfloresmera,8079,instagram,crisfloresmera,simple_name_prefix3:cri,0.74,1.1,1.0,0.0,0.0
12371,instagram,jiguryo,3,twitter,jiguryo,simple_name_prefix3:jig,0.74,1.1,1.0,0.0,0.0
2615,googleplus,jillpmott,3,twitter,jillpmott,simple_name_prefix3:jil,0.74,1.1,1.0,0.0,0.0
10097,googleplus,jillkamas,3,twitter,jillkamas,simple_name_prefix3:jil,0.74,1.1,1.0,0.0,0.0
7970,googleplus,clarkboyd,7970,instagram,clarkboyd,simple_name_prefix3:cla,0.74,1.1,1.0,0.0,0.0
10099,googleplus,jillriter,10099,instagram,jillriter,simple_name_prefix3:jil,0.74,1.1,1.0,0.0,0.0
10099,googleplus,jillriter,3,twitter,jillriter,simple_name_prefix3:jil,0.74,1.1,1.0,0.0,0.0
14310,googleplus,zackpund,14310,instagram,zackpund,simple_name_prefix3:zac,0.74,1.1,1.0,0.0,0.0
8086,googleplus,cristinadirnea,3,twitter,cristinadirnea,simple_name_prefix3:cri,0.74,1.1,1.0,0.0,0.0
8087,googleplus,cristinasimone,8087,instagram,cristinasimone,simple_name_prefix3:cri,0.74,1.1,1.0,0.0,0.0
4199,googleplus,zakwinnick,3,twitter,zakwinnick,simple_name_prefix3:zak,0.74,1.1,1.0,0.0,0.0
14325,instagram,zekzekus,3,twitter,zekzekus,simple_name_prefix3:zek,0.74,1.1,1.0,0.0,0.0
4211,googleplus,zyadsherif,3,twitter,zyadsherif,simple_name_prefix3:zya,0.74,1.1,1.0,0.0,0.0
8088,instagram,cristopolis,3,twitter,cristopolis,simple_name_prefix3:cri,0.74,1.1,1.0,0.0,0.0
13917,instagram,cristinarigutto,3,twitter,cristinarigutto,simple_name_prefix3:cri,0.74,1.1,1.0,0.0,0.0
14234,googleplus,cristinapaynes,14234,instagram,cristinapaynes,simple_name_prefix3:cri,0.74,1.1,1.0,0.0,0.0
13373,googleplus,spyridonkagkas,3,twitter,spyridonkagkas,simple_name_prefix3:spy,0.74,1.1,1.0,0.0,0.0
1835,googleplus,cindyvirden,3,twitter,cindyvirden,simple_name_prefix3:cin,0.74,1.1,1.0,0.0,0.0
2713,googleplus,jotamarks18,3,twitter,jotamarks18,simple_name_prefix3:jot,0.74,1.1,1.0,0.0,0.0
10375,googleplus,jotafreitasjr,10375,instagram,jotafreitasjr,simple_name_prefix3:jot,0.74,1.1,1.0,0.0,0.0
10359,instagram,jrock0114,3,twitter,jrock0114,simple_name_prefix3:jro,0.74,1.1,1.0,0.0,0.0
4645,instagram,cinemorales,3,twitter,cinemorales,simple_name_prefix3:cin,0.74,1.1,1.0,0.0,0.0
5496,instagram,krahe,3,twitter,krahe,simple_name_prefix3:kra,0.74,1.1,1.0,0.0,0.0
12235,googleplus,ozgurcengiz,3,twitter,ozgurcengiz,simple_name_prefix3:ozg,0.74,1.1,1.0,0.0,0.0
10405,instagram,jsschultz88,3,twitter,jsschultz88,simple_name_prefix3:jss,0.74,1.1,1.0,0.0,0.0
10415,instagram,jgcamino,3,twitter,jgcamino,simple_name_prefix3:jgc,0.74,1.1,1.0,0.0,0.0
10487,googleplus,jwnajarian,3,twitter,jwnajarian,simple_name_prefix3:jwn,0.74,1.1,1.0,0.0,0.0
10835,instagram,kaaist,3,twitter,kaaist,simple_name_prefix3:kaa,0.74,1.1,1.0,0.0,0.0
4655,instagram,classicyuppie,3,twitter,classicyuppie,simple_name_prefix3:cla,0.74,1.1,1.0,0.0,0.0
5479,instagram,ktranell,3,twitter,ktranell,simple_name_prefix3:ktr,0.74,1.1,1.0,0.0,0.0
7967,googleplus,clairewickenden,7967,instagram,clairewickenden,simple_name_prefix3:cla,0.74,1.1,1.0,0.0,0.0
5462,instagram,keritah,3,twitter,keritah,simple_name_prefix3:ker,0.74,1.1,1.0,0.0,0.0
7975,googleplus,claudersousa,7975,instagram,claudersousa,simple_name_prefix3:cla,0.74,1.1,1.0,0.0,0.0
8304,instagram,king_hack,3,twitter,king_hack,simple_name_prefix3:kin,0.74,1.1,1.0,0.0,0.0
7983,instagram,claud_williams,3,twitter,claud_williams,simple_name_prefix3:cla,0.74,1.1,1.0,0.0,0.0
10856,googleplus,landonhaston,10856,instagram,landonhaston,simple_name_prefix3:lan,0.74,1.1,1.0,0.0,0.0
7984,googleplus,clayenos,7984,instagram,clayenos,simple_name_prefix3:cla,0.74,1.1,1.0,0.0,0.0
7984,googleplus,clayenos,3,twitter,clayenos,simple_name_prefix3:cla,0.74,1.1,1.0,0.0,0.0
10732,googleplus,kinnajonsson,10732,instagram,kinnajonsson,simple_name_prefix3:kin,0.74,1.1,1.0,0.0,0.0
10732,googleplus,kinnajonsson,3,twitter,kinnajonsson,simple_name_prefix3:kin,0.74,1.1,1.0,0.0,0.0
10748,instagram,klappacher,3,twitter,klappacher,simple_name_prefix3:kla,0.74,1.1,1.0,0.0,0.0
7985,googleplus,claynewton,7985,instagram,claynewton,simple_name_prefix3:cla,0.74,1.1,1.0,0.0,0.0
7985,googleplus,claynewton,3,twitter,claynewton,simple_name_prefix3:cla,0.74,1.1,1.0,0.0,0.0
9567,googleplus,hyunheeban,9567,instagram,hyunheeban,simple_name_prefix3:hyu,0.74,1.1,1.0,0.0,0.0
9567,googleplus,hyunheeban,3,twitter,hyunheeban,simple_name_prefix3:hyu,0.74,1.1,1.0,0.0,0.0
12169,googleplus,olatin,12169,instagram,olatin,simple_name_prefix3:ola,0.74,1.1,1.0,0.0,0.0
2939,googleplus,lisaduke,3,twitter,lisaduke,simple_name_prefix3:lis,0.74,1.1,1.0,0.0,0.0
2940,googleplus,lisapadilla,3,twitter,lisapadilla,simple_name_prefix3:lis,0.74,1.1,1.0,0.0,0.0
7987,googleplus,claytonbruster,7987,instagram,claytonbruster,simple_name_prefix3:cla,0.74,1.1,1.0,0.0,0.0
10387,instagram,jphintze,3,twitter,jphintze,simple_name_prefix3:jph,0.74,1.1,1.0,0.0,0.0
10783,instagram,kratzdistel,3,twitter,kratzdistel,simple_name_prefix3:kra,0.74,1.1,1.0,0.0,0.0
10390,instagram,jplrosman,3,twitter,jplrosman,simple_name_prefix3:jpl,0.74,1.1,1.0,0.0,0.0
7642,instagram,the_majk,3,twitter,the_majk,simple_name_prefix3:the,0.74,1.1,1.0,0.0,0.0
11589,googleplus,meredithtennent,3,twitter,meredithtennent,simple_name_prefix3:mer,0.74,1.1,1.0,0.0,0.0
11592,googleplus,mertbilman,11592,instagram,mertbilman,simple_name_prefix3:mer,0.74,1.1,1.0,0.0,0.0
4700,instagram,thetaoofdana,3,twitter,thetaoofdana,simple_name_prefix3:the,0.74,1.1,1.0,0.0,0.0
7974,googleplus,claudenahon,3,twitter,claudenahon,simple_name_prefix3:cla,0.74,1.1,1.0,0.0,0.0
10855,googleplus,landissmithers,10855,instagram,landissmithers,simple_name_prefix3:lan,0.74,1.1,1.0,0.0,0.0
10855,googleplus,landissmithers,3,twitter,landissmithers,simple_name_prefix3:lan,0.74,1.1,1.0,0.0,0.0
13012,instagram,thesamperez,3,twitter,thesamperez,simple_name_prefix3:the,0.74,1.1,1.0,0.0,0.0
13236,instagram,theshellymeyer,3,twitter,theshellymeyer,simple_name_prefix3:the,0.74,1.1,1.0,0.0,0.0
7385,instagram,beichstaedt,3,twitter,beichstaedt,simple_name_prefix3:bei,0.74,1.1,1.0,0.0,0.0
5483,instagram,lloyddobbler,3,twitter,lloyddobbler,simple_name_prefix3:llo,0.74,1.1,1.0,0.0,0.0
6869,googleplus,lloydalexandre,6869,instagram,lloydalexandre,simple_name_prefix3:llo,0.74,1.1,1.0,0.0,0.0
6869,googleplus,lloydalexandre,3,twitter,lloydalexandre,simple_name_prefix3:llo,0.74,1.1,1.0,0.0,0.0
10857,googleplus,lanelima,3,twitter,lanelima,simple_name_prefix3:lan,0.74,1.1,1.0,0.0,0.0
11443,instagram,langley,3,twitter,langley,simple_name_prefix3:lan,0.74,1.1,1.0,0.0,0.0
6401,instagram,thegirlkyle,3,twitter,thegirlkyle,simple_name_prefix3:the,0.74,1.1,1.0,0.0,0.0
10906,googleplus,lawandalha,10906,instagram,lawandalha,simple_name_prefix3:law,0.74,1.1,1.0,0.0,0.0
6406,instagram,theory3000,3,twitter,theory3000,simple_name_prefix3:the,0.74,1.1,1.0,0.0,0.0
10907,instagram,lawrencegs,3,twitter,lawrencegs,simple_name_prefix3:law,0.74,1.1,1.0,0.0,0.0
6409,instagram,theteacherjames,3,twitter,theteacherjames,simple_name_prefix3:the,0.74,1.1,1.0,0.0,0.0
6785,instagram,theberker,3,twitter,theberker,simple_name_prefix3:the,0.74,1.1,1.0,0.0,0.0
13663,instagram,theerinryan,3,twitter,theerinryan,simple_name_prefix3:the,0.74,1.1,1.0,0.0,0.0
11077,googleplus,lotuscarroll,11077,instagram,lotuscarroll,simple_name_prefix3:lot,0.74,1.1,1.0,0.0,0.0
13670,instagram,thejennafox,3,twitter,thejennafox,simple_name_prefix3:the,0.74,1.1,1.0,0.0,0.0
2999,googleplus,lynmuldrow,3,twitter,lynmuldrow,simple_name_prefix3:lyn,0.74,1.1,1.0,0.0,0.0
11160,googleplus,lynaecook,11160,instagram,lynaecook,simple_name_prefix3:lyn,0.74,1.1,1.0,0.0,0.0
11160,googleplus,lynaecook,3,twitter,lynaecook,simple_name_prefix3:lyn,0.74,1.1,1.0,0.0,0.0
11016,googleplus,lisafarquharson,3,twitter,lisafarquharson,simple_name_prefix3:lis,0.74,1.1,1.0,0.0,0.0
11018,googleplus,lisama,3,instagram,lisama,simple_name_prefix3:lis,0.74,1.1,1.0,0.0,0.0
11019,googleplus,lisamackay,3,twitter,lisamackay,simple_name_prefix3:lis,0.74,1.1,1.0,0.0,0.0
11021,googleplus,lisasadleir,11021,instagram,lisasadleir,simple_name_prefix3:lis,0.74,1.1,1.0,0.0,0.0
11022,instagram,lisaski,3,twitter,lisaski,simple_name_prefix3:lis,0.74,1.1,1.0,0.0,0.0
9018,instagram,thewildimage,3,twitter,thewildimage,simple_name_prefix3:the,0.74,1.1,1.0,0.0,0.0
10235,instagram,theoysta,3,twitter,theoysta,simple_name_prefix3:the,0.74,1.1,1.0,0.0,0.0
10724,instagram,thekimhong,3,twitter,thekimhong,simple_name_prefix3:the,0.74,1.1,1.0,0.0,0.0
11453,instagram,themattdavison,3,twitter,themattdavison,simple_name_prefix3:the,0.74,1.1,1.0,0.0,0.0
11395,instagram,mabacher,3,twitter,mabacher,simple_name_prefix3:mab,0.74,1.1,1.0,0.0,0.0
11187,googleplus,maeghansmulders,11187,instagram,maeghansmulders,simple_name_prefix3:mae,0.74,1.1,1.0,0.0,0.0
11604,instagram,thestrategyweb,3,twitter,thestrategyweb,simple_name_prefix3:the,0.74,1.1,1.0,0.0,0.0
12052,instagram,thenickfrost,3,twitter,thenickfrost,simple_name_prefix3:the,0.74,1.1,1.0,0.0,0.0
11629,instagram,maine_mike,3,twitter,maine_mike,simple_name_prefix3:mai,0.74,1.1,1.0,0.0,0.0
14138,instagram,thedatadiva,3,twitter,thedatadiva,simple_name_prefix3:the,0.74,1.1,1.0,0.0,0.0
4695,instagram,damiabonmati,3,twitter,damiabonmati,simple_name_prefix3:dam,0.74,1.1,1.0,0.0,0.0
2956,googleplus,logankriete,3,twitter,logankriete,simple_name_prefix3:log,0.74,1.1,1.0,0.0,0.0
11050,googleplus,loganrath,3,twitter,loganrath,simple_name_prefix3:log,0.74,1.1,1.0,0.0,0.0
11051,instagram,logiops,3,twitter,logiops,simple_name_prefix3:log,0.74,1.1,1.0,0.0,0.0
13652,instagram,thecrazygm,3,twitter,thecrazygm,simple_name_prefix3:the,0.74,1.1,1.0,0.0,0.0
13655,googleplus,thedanlevy,13655,instagram,thedanlevy,simple_name_prefix3:the,0.74,1.1,1.0,0.0,0.0
14299,instagram,zaava,3,twitter,zaava,simple_name_prefix3:zaa,0.74,1.1,1.0,0.0,0.0
13658,instagram,thedimmick,3,twitter,thedimmick,simple_name_prefix3:the,0.74,1.1,1.0,0.0,0.0
6623,instagram,zacharydupuis,3,twitter,zacharydupuis,simple_name_prefix3:zac,0.74,1.1,1.0,0.0,0.0
6624,instagram,zacharyfunk,3,twitter,zacharyfunk,simple_name_prefix3:zac,0.74,1.1,1.0,0.0,0.0
8142,googleplus,damienwillis,3,twitter,damienwillis,simple_name_prefix3:dam,0.74,1.1,1.0,0.0,0.0
14303,googleplus,zachancell,14303,instagram,zachancell,simple_name_prefix3:zac,0.74,1.1,1.0,0.0,0.0
8143,googleplus,damirkaran,8143,instagram,damirkaran,simple_name_prefix3:dam,0.74,1.1,1.0,0.0,0.0
14305,googleplus,zacharyfigueroa,3,twitter,zacharyfigueroa,simple_name_prefix3:zac,0.74,1.1,1.0,0.0,0.0
11161,instagram,lynetteradio,3,twitter,lynetteradio,simple_name_prefix3:lyn,0.74,1.1,1.0,0.0,0.0
11164,instagram,lynnhasselbrgr,3,twitter,lynnhasselbrgr,simple_name_prefix3:lyn,0.74,1.1,1.0,0.0,0.0
11165,googleplus,lynnwallenstein,11165,instagram,lynnwallenstein,simple_name_prefix3:lyn,0.74,1.1,1.0,0.0,0.0
8143,googleplus,damirkaran,3,twitter,damirkaran,simple_name_prefix3:dam,0.74,1.1,1.0,0.0,0.0
9095,googleplus,furkanacarel,9095,instagram,furkanacarel,simple_name_prefix3:fur,0.74,1.1,1.0,0.0,0.0
9095,googleplus,furkanacarel,3,twitter,furkanacarel,simple_name_prefix3:fur,0.74,1.1,1.0,0.0,0.0
11242,instagram,mapsgirl,3,twitter,mapsgirl,simple_name_prefix3:map,0.74,1.1,1.0,0.0,0.0
10602,instagram,kazu721010,3,twitter,kazu721010,simple_name_prefix3:kaz,0.74,1.1,1.0,0.0,0.0
12252,instagram,pakogonzo,3,twitter,pakogonzo,simple_name_prefix3:pak,0.74,1.1,1.0,0.0,0.0
11529,instagram,mbrambila,3,twitter,mbrambila,simple_name_prefix3:mbr,0.74,1.1,1.0,0.0,0.0
9358,instagram,midnight917,3,twitter,midnight917,simple_name_prefix3:mid,0.74,1.1,1.0,0.0,0.0
11684,googleplus,midorimiller,3,twitter,midorimiller,simple_name_prefix3:mid,0.74,1.1,1.0,0.0,0.0
8144,googleplus,damonzick,8144,instagram,damonzick,simple_name_prefix3:dam,0.74,1.1,1.0,0.0,0.0
8144,googleplus,damonzick,3,twitter,damonzick,simple_name_prefix3:dam,0.74,1.1,1.0,0.0,0.0
7205,instagram,codanny,3,twitter,codanny,simple_name_prefix3:cod,0.74,1.1,1.0,0.0,0.0
14291,googleplus,yusufchowdhury,14291,instagram,yusufchowdhury,simple_name_prefix3:yus,0.74,1.1,1.0,0.0,0.0
8013,googleplus,codygough,8013,instagram,codygough,simple_name_prefix3:cod,0.74,1.1,1.0,0.0,0.0
12468,googleplus,pinkuneko,3,twitter,pinkuneko,simple_name_prefix3:pin,0.74,1.1,1.0,0.0,0.0
12971,instagram,pinkopossum,3,twitter,pinkopossum,simple_name_prefix3:pin,0.74,1.1,1.0,0.0,0.0
13674,googleplus,thelmabowlen,13674,instagram,thelmabowlen,simple_name_prefix3:the,0.74,1.1,1.0,0.0,0.0
13011,instagram,whamola,3,twitter,whamola,simple_name_prefix3:wha,0.74,1.1,1.0,0.0,0.0
13674,googleplus,thelmabowlen,3,twitter,thelmabowlen,simple_name_prefix3:the,0.74,1.1,1.0,0.0,0.0
3367,googleplus,noeldelisle,3,twitter,noeldelisle,simple_name_prefix3:noe,0.74,1.1,1.0,0.0,0.0
3152,googleplus,mazenshawosh,3,twitter,mazenshawosh,simple_name_prefix3:maz,0.74,1.1,1.0,0.0,0.0
11522,instagram,maztrie,3,twitter,maztrie,simple_name_prefix3:maz,0.74,1.1,1.0,0.0,0.0
5715,instagram,mbennettphoto,3,twitter,mbennettphoto,simple_name_prefix3:mbe,0.74,1.1,1.0,0.0,0.0
11437,instagram,mbellet,3,twitter,mbellet,simple_name_prefix3:mbe,0.74,1.1,1.0,0.0,0.0
13677,instagram,themichaelshane,3,twitter,themichaelshane,simple_name_prefix3:the,0.74,1.1,1.0,0.0,0.0
13680,googleplus,theomeder,13680,instagram,theomeder,simple_name_prefix3:the,0.74,1.1,1.0,0.0,0.0
4670,instagram,colwar,3,twitter,colwar,simple_name_prefix3:col,0.74,1.1,1.0,0.0,0.0
8018,googleplus,colinlord,8018,instagram,colinlord,simple_name_prefix3:col,0.74,1.1,1.0,0.0,0.0
8019,instagram,colinmac7,3,twitter,colinmac7,simple_name_prefix3:col,0.74,1.1,1.0,0.0,0.0
5722,instagram,mckenzielawton,3,twitter,mckenzielawton,simple_name_prefix3:mck,0.74,1.1,1.0,0.0,0.0
8020,googleplus,colinmaddox,8020,instagram,colinmaddox,simple_name_prefix3:col,0.74,1.1,1.0,0.0,0.0
8023,googleplus,colinrusso,8023,instagram,colinrusso,simple_name_prefix3:col,0.74,1.1,1.0,0.0,0.0
11559,googleplus,meikahazim,3,twitter,meikahazim,simple_name_prefix3:mei,0.74,1.1,1.0,0.0,0.0
4699,instagram,damienfoord,3,twitter,damienfoord,simple_name_prefix3:dam,0.74,1.1,1.0,0.0,0.0
8141,googleplus,damienfranco,8141,instagram,damienfranco,simple_name_prefix3:dam,0.74,1.1,1.0,0.0,0.0
11703,instagram,msalohei,3,twitter,msalohei,simple_name_prefix3:msa,0.74,1.1,1.0,0.0,0.0
11880,instagram,msanhuezacelsi,3,twitter,msanhuezacelsi,simple_name_prefix3:msa,0.74,1.1,1.0,0.0,0.0
12159,googleplus,ohadbarda,12159,instagram,ohadbarda,simple_name_prefix3:oha,0.74,1.1,1.0,0.0,0.0
12159,googleplus,ohadbarda,3,twitter,ohadbarda,simple_name_prefix3:oha,0.74,1.1,1.0,0.0,0.0
12466,instagram,pinguar,3,twitter,pinguar,simple_name_prefix3:pin,0.74,1.1,1.0,0.0,0.0
10254,instagram,joiris,3,twitter,joiris,simple_name_prefix3:joi,0.74,1.1,1.0,0.0,0.0
10298,instagram,jws6,3,twitter,jws6,simple_name_prefix3:jws,0.74,1.1,1.0,0.0,0.0
10489,instagram,jwshapiro,3,twitter,jwshapiro,simple_name_prefix3:jws,0.74,1.1,1.0,0.0,0.0
5814,instagram,moealthani,3,twitter,moealthani,simple_name_prefix3:moe,0.74,1.1,1.0,0.0,0.0
10490,instagram,jwsteiert,3,twitter,jwsteiert,simple_name_prefix3:jws,0.74,1.1,1.0,0.0,0.0
11523,instagram,mballada,3,twitter,mballada,simple_name_prefix3:mba,0.74,1.1,1.0,0.0,0.0
11826,instagram,moisescainan,3,twitter,moisescainan,simple_name_prefix3:moi,0.74,1.1,1.0,0.0,0.0
3269,googleplus,mollieschane,3,twitter,mollieschane,simple_name_prefix3:mol,0.74,1.1,1.0,0.0,0.0
10334,instagram,byteforbyte,3,twitter,byteforbyte,simple_name_prefix3:byt,0.74,1.1,1.0,0.0,0.0
8015,instagram,codypchristian,3,twitter,codypchristian,simple_name_prefix3:cod,0.74,1.1,1.0,0.0,0.0
8016,googleplus,codyshankman,8016,instagram,codyshankman,simple_name_prefix3:cod,0.74,1.1,1.0,0.0,0.0
8017,googleplus,codytatman,3,twitter,codytatman,simple_name_prefix3:cod,0.74,1.1,1.0,0.0,0.0
5336,instagram,mrjohnsarlis,3,twitter,mrjohnsarlis,simple_name_prefix3:mrj,0.74,1.1,1.0,0.0,0.0
8027,instagram,colleengreene,3,twitter,colleengreene,simple_name_prefix3:col,0.74,1.1,1.0,0.0,0.0
11892,instagram,mtoigo,3,twitter,mtoigo,simple_name_prefix3:mto,0.74,1.1,1.0,0.0,0.0
10051,instagram,penofdoom,3,twitter,penofdoom,simple_name_prefix3:pen,0.74,1.1,1.0,0.0,0.0
8089,googleplus,collincroome,3,twitter,collincroome,simple_name_prefix3:col,0.74,1.1,1.0,0.0,0.0
1153,googleplus,convivialstudio,1153,instagram,convivialstudio,simple_name_prefix3:con,0.74,1.1,1.0,0.0,0.0
11908,instagram,muzicoholicated,3,twitter,muzicoholicated,simple_name_prefix3:muz,0.74,1.1,1.0,0.0,0.0
5845,instagram,nachonova,3,twitter,nachonova,simple_name_prefix3:nac,0.74,1.1,1.0,0.0,0.0
5230,instagram,contrerotas,3,twitter,contrerotas,simple_name_prefix3:con,0.74,1.1,1.0,0.0,0.0
11930,googleplus,nachoserrano,11930,instagram,nachoserrano,simple_name_prefix3:nac,0.74,1.1,1.0,0.0,0.0
8030,googleplus,conoraltier,8030,instagram,conoraltier,simple_name_prefix3:con,0.74,1.1,1.0,0.0,0.0
5113,instagram,hummingoficial,3,twitter,hummingoficial,simple_name_prefix3:hum,0.74,1.1,1.0,0.0,0.0
8031,googleplus,conorgilmer,8031,instagram,conorgilmer,simple_name_prefix3:con,0.74,1.1,1.0,0.0,0.0
11960,instagram,nasmadie,3,twitter,nasmadie,simple_name_prefix3:nas,0.74,1.1,1.0,0.0,0.0
11961,instagram,nasque,3,twitter,nasque,simple_name_prefix3:nas,0.74,1.1,1.0,0.0,0.0
12001,googleplus,ndstrupler,12001,instagram,ndstrupler,simple_name_prefix3:nds,0.74,1.1,1.0,0.0,0.0
8032,googleplus,conradomacalossi,8032,instagram,conradomacalossi,simple_name_prefix3:con,0.74,1.1,1.0,0.0,0.0
3414,googleplus,pablogamba,3,twitter,pablogamba,simple_name_prefix3:pab,0.74,1.1,1.0,0.0,0.0
12012,instagram,nenadzivanovic,3,twitter,nenadzivanovic,simple_name_prefix3:nen,0.74,1.1,1.0,0.0,0.0
10164,instagram,jo3sh,3,twitter,jo3sh,simple_name_prefix3:jo3,0.74,1.1,1.0,0.0,0.0
12083,instagram,niisniis,3,twitter,niisniis,simple_name_prefix3:nii,0.74,1.1,1.0,0.0,0.0
3363,googleplus,niveloculto,3,twitter,niveloculto,simple_name_prefix3:niv,0.74,1.1,1.0,0.0,0.0
3366,googleplus,nobleackerson,3,twitter,nobleackerson,simple_name_prefix3:nob,0.74,1.1,1.0,0.0,0.0
12107,instagram,nob0322,3,twitter,nob0322,simple_name_prefix3:nob,0.74,1.1,1.0,0.0,0.0
12109,googleplus,nobuhata,12109,instagram,nobuhata,simple_name_prefix3:nob,0.74,1.1,1.0,0.0,0.0
1877,googleplus,corleymay,3,twitter,corleymay,simple_name_prefix3:cor,0.74,1.1,1.0,0.0,0.0
4674,instagram,cornflowermusic,3,twitter,cornflowermusic,simple_name_prefix3:cor,0.74,1.1,1.0,0.0,0.0
4676,instagram,coryclaxon,3,twitter,coryclaxon,simple_name_prefix3:cor,0.74,1.1,1.0,0.0,0.0
3379,googleplus,nw7us,3,twitter,nw7us,simple_name_prefix3:nw7,0.74,1.1,1.0,0.0,0.0
10775,instagram,kosmach,3,twitter,kosmach,simple_name_prefix3:kos,0.74,1.1,1.0,0.0,0.0
8040,googleplus,coreyfrey,8040,instagram,coreyfrey,simple_name_prefix3:cor,0.74,1.1,1.0,0.0,0.0
13784,instagram,tobkum,3,twitter,tobkum,simple_name_prefix3:tob,0.74,1.1,1.0,0.0,0.0
13786,instagram,toby1319,3,twitter,toby1319,simple_name_prefix3:tob,0.74,1.1,1.0,0.0,0.0
8040,googleplus,coreyfrey,3,twitter,coreyfrey,simple_name_prefix3:cor,0.74,1.1,1.0,0.0,0.0
3472,googleplus,pmjgomes,3,twitter,pmjgomes,simple_name_prefix3:pmj,0.74,1.1,1.0,0.0,0.0
3478,googleplus,peoplescale,3,twitter,peoplescale,simple_name_prefix3:peo,0.74,1.1,1.0,0.0,0.0
12333,instagram,pepperpau,3,twitter,pepperpau,simple_name_prefix3:pep,0.74,1.1,1.0,0.0,0.0
8045,googleplus,coryjim,8045,instagram,coryjim,simple_name_prefix3:cor,0.74,1.1,1.0,0.0,0.0
8045,googleplus,coryjim,3,twitter,coryjim,simple_name_prefix3:cor,0.74,1.1,1.0,0.0,0.0
6531,instagram,vikkichowney,3,twitter,vikkichowney,simple_name_prefix3:vik,0.74,1.1,1.0,0.0,0.0
6532,instagram,vikkiwkl,3,twitter,vikkiwkl,simple_name_prefix3:vik,0.74,1.1,1.0,0.0,0.0
14047,instagram,vikalppatelce,3,twitter,vikalppatelce,simple_name_prefix3:vik,0.74,1.1,1.0,0.0,0.0
14050,googleplus,vikramkharvi,14050,instagram,vikramkharvi,simple_name_prefix3:vik,0.74,1.1,1.0,0.0,0.0
14050,googleplus,vikramkharvi,3,twitter,vikramkharvi,simple_name_prefix3:vik,0.74,1.1,1.0,0.0,0.0
8046,googleplus,coryroush,8046,instagram,coryroush,simple_name_prefix3:cor,0.74,1.1,1.0,0.0,0.0
12454,instagram,phylliskhare,3,twitter,phylliskhare,simple_name_prefix3:phy,0.74,1.1,1.0,0.0,0.0
12455,googleplus,piasanchezb,12455,instagram,piasanchezb,simple_name_prefix3:pia,0.74,1.1,1.0,0.0,0.0
6001,instagram,pittsburghric,3,twitter,pittsburghric,simple_name_prefix3:pit,0.74,1.1,1.0,0.0,0.0
8046,googleplus,coryroush,3,twitter,coryroush,simple_name_prefix3:cor,0.74,1.1,1.0,0.0,0.0
8026,googleplus,colleenburns,8026,instagram,colleenburns,simple_name_prefix3:col,0.74,1.1,1.0,0.0,0.0
8026,googleplus,colleenburns,3,twitter,colleenburns,simple_name_prefix3:col,0.74,1.1,1.0,0.0,0.0
12239,googleplus,pablocaldeira,12239,instagram,pablocaldeira,simple_name_prefix3:pab,0.74,1.1,1.0,0.0,0.0
12241,googleplus,pablomartino,12241,instagram,pablomartino,simple_name_prefix3:pab,0.74,1.1,1.0,0.0,0.0
8027,googleplus,colleengreene,8027,instagram,colleengreene,simple_name_prefix3:col,0.74,1.1,1.0,0.0,0.0
8851,instagram,espina,3,twitter,espina,simple_name_prefix3:esp,0.74,1.1,1.0,0.0,0.0
14202,googleplus,wooddickinson,3,twitter,wooddickinson,simple_name_prefix3:woo,0.74,1.1,1.0,0.0,0.0
14203,instagram,woogybeef,3,twitter,woogybeef,simple_name_prefix3:woo,0.74,1.1,1.0,0.0,0.0
5316,instagram,wrecktify,3,twitter,wrecktify,simple_name_prefix3:wre,0.74,1.1,1.0,0.0,0.0
5960,instagram,cosmopaulitan,3,twitter,cosmopaulitan,simple_name_prefix3:cos,0.74,1.1,1.0,0.0,0.0
4168,googleplus,yadvendrajadon,3,twitter,yadvendrajadon,simple_name_prefix3:yad,0.74,1.1,1.0,0.0,0.0
8048,googleplus,courtneybolton,8048,instagram,courtneybolton,simple_name_prefix3:cou,0.74,1.1,1.0,0.0,0.0
8048,googleplus,courtneybolton,3,twitter,courtneybolton,simple_name_prefix3:cou,0.74,1.1,1.0,0.0,0.0
8988,instagram,flashopen,3,twitter,flashopen,simple_name_prefix3:fla,0.74,1.1,1.0,0.0,0.0
8990,googleplus,flaviopivaral,8990,instagram,flaviopivaral,simple_name_prefix3:fla,0.74,1.1,1.0,0.0,0.0
8051,googleplus,courtneytincher,3,twitter,courtneytincher,simple_name_prefix3:cou,0.74,1.1,1.0,0.0,0.0
12387,googleplus,pepecuesta,3,twitter,pepecuesta,simple_name_prefix3:pep,0.74,1.1,1.0,0.0,0.0
12390,instagram,pepeyanez,3,twitter,pepeyanez,simple_name_prefix3:pep,0.74,1.1,1.0,0.0,0.0
4806,instagram,ppmedia,3,twitter,ppmedia,simple_name_prefix3:ppm,0.74,1.1,1.0,0.0,0.0
6020,instagram,preshit,3,twitter,preshit,simple_name_prefix3:pre,0.74,1.1,1.0,0.0,0.0
8052,instagram,courvo,3,twitter,courvo,simple_name_prefix3:cou,0.74,1.1,1.0,0.0,0.0
12518,googleplus,prestonpardy,12518,instagram,prestonpardy,simple_name_prefix3:pre,0.74,1.1,1.0,0.0,0.0
1883,googleplus,craigpilgrim,3,twitter,craigpilgrim,simple_name_prefix3:cra,0.74,1.1,1.0,0.0,0.0
1886,googleplus,craigshipp,3,twitter,craigshipp,simple_name_prefix3:cra,0.74,1.1,1.0,0.0,0.0
8060,googleplus,craigansell,8060,instagram,craigansell,simple_name_prefix3:cra,0.74,1.1,1.0,0.0,0.0
8033,instagram,condard,3,twitter,condard,simple_name_prefix3:con,0.74,1.1,1.0,0.0,0.0
7889,instagram,creman4u,3,twitter,creman4u,simple_name_prefix3:cre,0.74,1.1,1.0,0.0,0.0
8097,instagram,cskulevold,3,twitter,cskulevold,simple_name_prefix3:csk,0.74,1.1,1.0,0.0,0.0
8061,googleplus,craigbruce,8061,instagram,craigbruce,simple_name_prefix3:cra,0.74,1.1,1.0,0.0,0.0
8038,instagram,crutzer,3,twitter,crutzer,simple_name_prefix3:cru,0.74,1.1,1.0,0.0,0.0
9451,googleplus,woodyhayday,3,twitter,woodyhayday,simple_name_prefix3:woo,0.74,1.1,1.0,0.0,0.0
14202,googleplus,wooddickinson,14202,instagram,wooddickinson,simple_name_prefix3:woo,0.74,1.1,1.0,0.0,0.0
12549,instagram,queith,3,twitter,queith,simple_name_prefix3:que,0.74,1.1,1.0,0.0,0.0
3574,googleplus,rasmusjungersen,3,twitter,rasmusjungersen,simple_name_prefix3:ras,0.74,1.1,1.0,0.0,0.0
6064,instagram,rascouet,3,twitter,rascouet,simple_name_prefix3:ras,0.74,1.1,1.0,0.0,0.0
8063,googleplus,craigdeakin,3,twitter,craigdeakin,simple_name_prefix3:cra,0.74,1.1,1.0,0.0,0.0
8064,googleplus,craigdesmarais,8064,instagram,craigdesmarais,simple_name_prefix3:cra,0.74,1.1,1.0,0.0,0.0
12598,googleplus,rakeshpatwari,3,twitter,rakeshpatwari,simple_name_prefix3:rak,0.74,1.1,1.0,0.0,0.0
6066,instagram,ratnachoi,3,twitter,ratnachoi,simple_name_prefix3:rat,0.74,1.1,1.0,0.0,0.0
8067,instagram,craighton,3,twitter,craighton,simple_name_prefix3:cra,0.74,1.1,1.0,0.0,0.0
8068,googleplus,craiglambie,3,twitter,craiglambie,simple_name_prefix3:cra,0.74,1.1,1.0,0.0,0.0
12641,instagram,ravholly,3,twitter,ravholly,simple_name_prefix3:rav,0.74,1.1,1.0,0.0,0.0
12642,instagram,ravidor,3,twitter,ravidor,simple_name_prefix3:rav,0.74,1.1,1.0,0.0,0.0
8072,googleplus,craigwarner,8072,instagram,craigwarner,simple_name_prefix3:cra,0.74,1.1,1.0,0.0,0.0
12487,instagram,pmilleredu,3,twitter,pmilleredu,simple_name_prefix3:pmi,0.74,1.1,1.0,0.0,0.0
8454,instagram,postcardsfromsf,3,twitter,postcardsfromsf,simple_name_prefix3:pos,0.74,1.1,1.0,0.0,0.0
12774,instagram,postrk,3,twitter,postrk,simple_name_prefix3:pos,0.74,1.1,1.0,0.0,0.0
8072,googleplus,craigwarner,3,twitter,craigwarner,simple_name_prefix3:cra,0.74,1.1,1.0,0.0,0.0
3582,googleplus,raydennis,3,twitter,raydennis,simple_name_prefix3:ray,0.74,1.1,1.0,0.0,0.0
3583,googleplus,raykillebrew,3,twitter,raykillebrew,simple_name_prefix3:ray,0.74,1.1,1.0,0.0,0.0
3584,googleplus,raylapena,3,twitter,raylapena,simple_name_prefix3:ray,0.74,1.1,1.0,0.0,0.0
3585,googleplus,rayvellest,3,twitter,rayvellest,simple_name_prefix3:ray,0.74,1.1,1.0,0.0,0.0
4918,instagram,erikaherzog,3,twitter,erikaherzog,simple_name_prefix3:eri,0.74,1.1,1.0,0.0,0.0
12648,googleplus,rayhowe,12648,instagram,rayhowe,simple_name_prefix3:ray,0.74,1.1,1.0,0.0,0.0
8625,googleplus,ericcook,8625,instagram,ericcook,simple_name_prefix3:eri,0.74,1.1,1.0,0.0,0.0
8625,googleplus,ericcook,3,twitter,ericcook,simple_name_prefix3:eri,0.74,1.1,1.0,0.0,0.0
3593,googleplus,remcobron,3,twitter,remcobron,simple_name_prefix3:rem,0.74,1.1,1.0,0.0,0.0
12681,instagram,remiforall,3,twitter,remiforall,simple_name_prefix3:rem,0.74,1.1,1.0,0.0,0.0
8073,googleplus,craigweich,8073,instagram,craigweich,simple_name_prefix3:cra,0.74,1.1,1.0,0.0,0.0
12694,instagram,reportertim,3,twitter,reportertim,simple_name_prefix3:rep,0.74,1.1,1.0,0.0,0.0
5196,instagram,questjames,3,twitter,questjames,simple_name_prefix3:que,0.74,1.1,1.0,0.0,0.0
8073,googleplus,craigweich,3,twitter,craigweich,simple_name_prefix3:cra,0.74,1.1,1.0,0.0,0.0
12989,instagram,salmuhanadi,3,twitter,salmuhanadi,simple_name_prefix3:sal,0.74,1.1,1.0,0.0,0.0
10669,instagram,crackmac,3,twitter,crackmac,simple_name_prefix3:cra,0.74,1.1,1.0,0.0,0.0
10422,instagram,jpascualar,3,twitter,jpascualar,simple_name_prefix3:jpa,0.74,1.1,1.0,0.0,0.0
11843,instagram,craftymoni,3,twitter,craftymoni,simple_name_prefix3:cra,0.74,1.1,1.0,0.0,0.0
12757,instagram,rie_re,3,twitter,rie_re,simple_name_prefix3:rie,0.74,1.1,1.0,0.0,0.0
12961,instagram,rienriant,3,twitter,rienriant,simple_name_prefix3:rie,0.74,1.1,1.0,0.0,0.0
14142,instagram,craftingourlife,3,twitter,craftingourlife,simple_name_prefix3:cra,0.74,1.1,1.0,0.0,0.0
6080,instagram,creatiekracht,3,twitter,creatiekracht,simple_name_prefix3:cre,0.74,1.1,1.0,0.0,0.0
12768,instagram,rjmarmol,3,twitter,rjmarmol,simple_name_prefix3:rjm,0.74,1.1,1.0,0.0,0.0
10129,googleplus,jiyaadsabiq,10129,instagram,jiyaadsabiq,simple_name_prefix3:jiy,0.74,1.1,1.0,0.0,0.0
5165,instagram,teleadictoyque,3,twitter,teleadictoyque,simple_name_prefix3:tel,0.74,1.1,1.0,0.0,0.0
12862,googleplus,rohnjaymiller,12862,instagram,rohnjaymiller,simple_name_prefix3:roh,0.74,1.1,1.0,0.0,0.0
12862,googleplus,rohnjaymiller,3,twitter,rohnjaymiller,simple_name_prefix3:roh,0.74,1.1,1.0,0.0,0.0
10135,googleplus,jkdesignarts,10135,instagram,jkdesignarts,simple_name_prefix3:jkd,0.74,1.1,1.0,0.0,0.0
7449,googleplus,rudybianco,7449,instagram,rudybianco,simple_name_prefix3:rud,0.74,1.1,1.0,0.0,0.0
12931,instagram,rude64,3,twitter,rude64,simple_name_prefix3:rud,0.74,1.1,1.0,0.0,0.0
2162,googleplus,erikabelsson,3,twitter,erikabelsson,simple_name_prefix3:eri,0.74,1.1,1.0,0.0,0.0
12933,googleplus,rudolfkorv,3,twitter,rudolfkorv,simple_name_prefix3:rud,0.74,1.1,1.0,0.0,0.0
12934,instagram,rudyasho,3,twitter,rudyasho,simple_name_prefix3:rud,0.74,1.1,1.0,0.0,0.0
3702,googleplus,ruhanirabin,3,twitter,ruhanirabin,simple_name_prefix3:ruh,0.74,1.1,1.0,0.0,0.0
2165,googleplus,erikfunfar,3,twitter,erikfunfar,simple_name_prefix3:eri,0.74,1.1,1.0,0.0,0.0
6129,instagram,rolandcdt,3,twitter,rolandcdt,simple_name_prefix3:rol,0.74,1.1,1.0,0.0,0.0
8786,instagram,ericalynnyoung,3,twitter,ericalynnyoung,simple_name_prefix3:eri,0.74,1.1,1.0,0.0,0.0
12770,googleplus,rolandjudas,3,twitter,rolandjudas,simple_name_prefix3:rol,0.74,1.1,1.0,0.0,0.0
12864,googleplus,rolfekolbe,12864,instagram,rolfekolbe,simple_name_prefix3:rol,0.74,1.1,1.0,0.0,0.0
6179,instagram,salmaansana,3,twitter,salmaansana,simple_name_prefix3:sal,0.74,1.1,1.0,0.0,0.0
8788,googleplus,ericavirtue,8788,instagram,ericavirtue,simple_name_prefix3:eri,0.74,1.1,1.0,0.0,0.0
6184,instagram,salvinus17,3,twitter,salvinus17,simple_name_prefix3:sal,0.74,1.1,1.0,0.0,0.0
8788,googleplus,ericavirtue,3,twitter,ericavirtue,simple_name_prefix3:eri,0.74,1.1,1.0,0.0,0.0
12941,googleplus,russpond,12941,instagram,russpond,simple_name_prefix3:rus,0.74,1.1,1.0,0.0,0.0
12941,googleplus,russpond,3,twitter,russpond,simple_name_prefix3:rus,0.74,1.1,1.0,0.0,0.0
8790,googleplus,ericbreece,8790,instagram,ericbreece,simple_name_prefix3:eri,0.74,1.1,1.0,0.0,0.0
8790,googleplus,ericbreece,3,twitter,ericbreece,simple_name_prefix3:eri,0.74,1.1,1.0,0.0,0.0
7948,instagram,cicarca,3,twitter,cicarca,simple_name_prefix3:cic,0.74,1.1,1.0,0.0,0.0
3692,googleplus,roxannesmolen,3,twitter,roxannesmolen,simple_name_prefix3:rox,0.74,1.1,1.0,0.0,0.0
12906,googleplus,roxanacarrion,12906,instagram,roxanacarrion,simple_name_prefix3:rox,0.74,1.1,1.0,0.0,0.0
12907,googleplus,roxannedarling,12907,instagram,roxannedarling,simple_name_prefix3:rox,0.74,1.1,1.0,0.0,0.0
12907,googleplus,roxannedarling,3,twitter,roxannedarling,simple_name_prefix3:rox,0.74,1.1,1.0,0.0,0.0
4606,instagram,cerebrate,3,twitter,cerebrate,simple_name_prefix3:cer,0.74,1.1,1.0,0.0,0.0
14072,googleplus,visnjakljajic,3,twitter,visnjakljajic,simple_name_prefix3:vis,0.74,1.1,1.0,0.0,0.0
8791,instagram,ericleeclark,3,twitter,ericleeclark,simple_name_prefix3:eri,0.74,1.1,1.0,0.0,0.0
14074,instagram,visualmethod,3,twitter,visualmethod,simple_name_prefix3:vis,0.74,1.1,1.0,0.0,0.0
8793,googleplus,ericdlussier,8793,instagram,ericdlussier,simple_name_prefix3:eri,0.74,1.1,1.0,0.0,0.0
4113,googleplus,vuxicon,3,twitter,vuxicon,simple_name_prefix3:vux,0.74,1.1,1.0,0.0,0.0
8793,googleplus,ericdlussier,3,twitter,ericdlussier,simple_name_prefix3:eri,0.74,1.1,1.0,0.0,0.0
6867,instagram,adusordet,3,twitter,adusordet,simple_name_prefix3:adu,0.74,1.1,1.0,0.0,0.0
8795,googleplus,ericfickes,8795,instagram,ericfickes,simple_name_prefix3:eri,0.74,1.1,1.0,0.0,0.0
12998,instagram,pirategirljack,3,twitter,pirategirljack,simple_name_prefix3:pir,0.74,1.1,1.0,0.0,0.0
14105,googleplus,wadegriffith,14105,instagram,wadegriffith,simple_name_prefix3:wad,0.74,1.1,1.0,0.0,0.0
8799,googleplus,erichradstake,8799,instagram,erichradstake,simple_name_prefix3:eri,0.74,1.1,1.0,0.0,0.0
14106,googleplus,wadolfo,14106,instagram,wadolfo,simple_name_prefix3:wad,0.74,1.1,1.0,0.0,0.0
6154,instagram,russelldornan,3,twitter,russelldornan,simple_name_prefix3:rus,0.74,1.1,1.0,0.0,0.0
12939,instagram,russellvjward,3,twitter,russellvjward,simple_name_prefix3:rus,0.74,1.1,1.0,0.0,0.0
10041,instagram,jezturner,3,twitter,jezturner,simple_name_prefix3:jez,0.74,1.1,1.0,0.0,0.0
8800,googleplus,erickabe,8800,instagram,erickabe,simple_name_prefix3:eri,0.74,1.1,1.0,0.0,0.0
8801,instagram,erickfdez,3,twitter,erickfdez,simple_name_prefix3:eri,0.74,1.1,1.0,0.0,0.0
13066,googleplus,saurospagnol,13066,instagram,saurospagnol,simple_name_prefix3:sau,0.74,1.1,1.0,0.0,0.0
13066,googleplus,saurospagnol,3,twitter,saurospagnol,simple_name_prefix3:sau,0.74,1.1,1.0,0.0,0.0
8802,googleplus,ericleamen,8802,instagram,ericleamen,simple_name_prefix3:eri,0.74,1.1,1.0,0.0,0.0
8802,googleplus,ericleamen,3,twitter,ericleamen,simple_name_prefix3:eri,0.74,1.1,1.0,0.0,0.0
12307,instagram,arcktip,3,twitter,arcktip,simple_name_prefix3:arc,0.74,1.1,1.0,0.0,0.0
12844,instagram,mrmuzzdog,3,twitter,mrmuzzdog,simple_name_prefix3:mrm,0.74,1.1,1.0,0.0,0.0
8804,instagram,eric_r_miller,3,twitter,eric_r_miller,simple_name_prefix3:eri,0.74,1.1,1.0,0.0,0.0
3822,googleplus,shykhseraj,3,twitter,shykhseraj,simple_name_prefix3:shy,0.74,1.1,1.0,0.0,0.0
8806,googleplus,ericritter,8806,instagram,ericritter,simple_name_prefix3:eri,0.74,1.1,1.0,0.0,0.0
12134,instagram,nukirk,3,twitter,nukirk,simple_name_prefix3:nuk,0.74,1.1,1.0,0.0,0.0
6118,instagram,skubidu,3,twitter,skubidu,simple_name_prefix3:sku,0.74,1.1,1.0,0.0,0.0
11489,instagram,gibsonslinger,3,twitter,gibsonslinger,simple_name_prefix3:gib,0.74,1.1,1.0,0.0,0.0
8807,googleplus,ericstandlee,8807,instagram,ericstandlee,simple_name_prefix3:eri,0.74,1.1,1.0,0.0,0.0
13310,instagram,skovalyov,3,twitter,skovalyov,simple_name_prefix3:sko,0.74,1.1,1.0,0.0,0.0
8807,googleplus,ericstandlee,3,twitter,ericstandlee,simple_name_prefix3:eri,0.74,1.1,1.0,0.0,0.0
3840,googleplus,skwashd,3,twitter,skwashd,simple_name_prefix3:skw,0.74,1.1,1.0,0.0,0.0
5895,instagram,noonebutmark,3,twitter,noonebutmark,simple_name_prefix3:noo,0.74,1.1,1.0,0.0,0.0
3856,googleplus,sozzial,3,twitter,sozzial,simple_name_prefix3:soz,0.74,1.1,1.0,0.0,0.0
13130,instagram,sprunka,3,twitter,sprunka,simple_name_prefix3:spr,0.74,1.1,1.0,0.0,0.0
7440,instagram,spunkypixels,3,twitter,spunkypixels,simple_name_prefix3:spu,0.74,1.1,1.0,0.0,0.0
3920,googleplus,svenvanbrabant,3,twitter,svenvanbrabant,simple_name_prefix3:sve,0.74,1.1,1.0,0.0,0.0
13534,instagram,sveinnbirkir,3,twitter,sveinnbirkir,simple_name_prefix3:sve,0.74,1.1,1.0,0.0,0.0
13535,googleplus,svenaanesen,3,twitter,svenaanesen,simple_name_prefix3:sve,0.74,1.1,1.0,0.0,0.0
13538,googleplus,svenknoch,13538,instagram,svenknoch,simple_name_prefix3:sve,0.74,1.1,1.0,0.0,0.0
3930,googleplus,tahonamoderna,3,twitter,tahonamoderna,simple_name_prefix3:tah,0.74,1.1,1.0,0.0,0.0
3944,googleplus,tatsuhikosasaki,3,twitter,tatsuhikosasaki,simple_name_prefix3:tat,0.74,1.1,1.0,0.0,0.0
8809,googleplus,ericttung,8809,instagram,ericttung,simple_name_prefix3:eri,0.74,1.1,1.0,0.0,0.0
13909,instagram,tuddle,3,twitter,tuddle,simple_name_prefix3:tud,0.74,1.1,1.0,0.0,0.0
4049,googleplus,tungneo,3,twitter,tungneo,simple_name_prefix3:tun,0.74,1.1,1.0,0.0,0.0
13598,googleplus,tatianaavdjiev,13598,instagram,tatianaavdjiev,simple_name_prefix3:tat,0.74,1.1,1.0,0.0,0.0
8810,googleplus,ericweisbrod,8810,instagram,ericweisbrod,simple_name_prefix3:eri,0.74,1.1,1.0,0.0,0.0
8811,instagram,eric_wheeler,3,twitter,eric_wheeler,simple_name_prefix3:eri,0.74,1.1,1.0,0.0,0.0
8812,googleplus,ericzimmett,8812,instagram,ericzimmett,simple_name_prefix3:eri,0.74,1.1,1.0,0.0,0.0
12413,instagram,fulltimecasual,3,twitter,fulltimecasual,simple_name_prefix3:ful,0.74,1.1,1.0,0.0,0.0
8860,googleplus,etiennebesson,8860,instagram,etiennebesson,simple_name_prefix3:eti,0.74,1.1,1.0,0.0,0.0
3946,googleplus,tcconway,3,twitter,tcconway,simple_name_prefix3:tcc,0.74,1.1,1.0,0.0,0.0
6389,instagram,teinspah,3,twitter,teinspah,simple_name_prefix3:tei,0.74,1.1,1.0,0.0,0.0
8812,googleplus,ericzimmett,3,twitter,ericzimmett,simple_name_prefix3:eri,0.74,1.1,1.0,0.0,0.0
8814,googleplus,erikaperugachi,8814,instagram,erikaperugachi,simple_name_prefix3:eri,0.74,1.1,1.0,0.0,0.0
4089,googleplus,vimukthishakya,3,twitter,vimukthishakya,simple_name_prefix3:vim,0.74,1.1,1.0,0.0,0.0
12226,instagram,visyk,3,twitter,visyk,simple_name_prefix3:vis,0.74,1.1,1.0,0.0,0.0
8814,googleplus,erikaperugachi,3,twitter,erikaperugachi,simple_name_prefix3:eri,0.74,1.1,1.0,0.0,0.0
14070,googleplus,vishizzle,14070,instagram,vishizzle,simple_name_prefix3:vis,0.74,1.1,1.0,0.0,0.0
14070,googleplus,vishizzle,3,twitter,vishizzle,simple_name_prefix3:vis,0.74,1.1,1.0,0.0,0.0
8815,googleplus,erikatamaura,8815,instagram,erikatamaura,simple_name_prefix3:eri,0.74,1.1,1.0,0.0,0.0
8817,googleplus,erikkropp,3,twitter,erikkropp,simple_name_prefix3:eri,0.74,1.1,1.0,0.0,0.0
6471,instagram,trisreed,3,twitter,trisreed,simple_name_prefix3:tri,0.74,1.1,1.0,0.0,0.0
6473,instagram,trivium_mexico,3,twitter,trivium_mexico,simple_name_prefix3:tri,0.74,1.1,1.0,0.0,0.0
8819,googleplus,erikmacpherson,8819,instagram,erikmacpherson,simple_name_prefix3:eri,0.74,1.1,1.0,0.0,0.0
8233,instagram,dargadgetz,3,twitter,dargadgetz,simple_name_prefix3:dar,0.74,1.1,1.0,0.0,0.0
14323,googleplus,zeeshanrasool7,3,twitter,zeeshanrasool7,simple_name_prefix3:zee,0.74,1.1,1.0,0.0,0.0
8240,instagram,darleeneisms,3,twitter,darleeneisms,simple_name_prefix3:dar,0.74,1.1,1.0,0.0,0.0
6651,instagram,aaronbavs,3,twitter,aaronbavs,simple_name_prefix3:aar,0.74,1.1,1.0,0.0,0.0
6652,googleplus,aaronboerger,6652,instagram,aaronboerger,simple_name_prefix3:aar,0.74,1.1,1.0,0.0,0.0
8820,instagram,erikpt,3,twitter,erikpt,simple_name_prefix3:eri,0.74,1.1,1.0,0.0,0.0
6653,googleplus,aaronburden,6653,instagram,aaronburden,simple_name_prefix3:aar,0.74,1.1,1.0,0.0,0.0
6654,googleplus,aaroneden,6654,instagram,aaroneden,simple_name_prefix3:aar,0.74,1.1,1.0,0.0,0.0
6654,googleplus,aaroneden,3,twitter,aaroneden,simple_name_prefix3:aar,0.74,1.1,1.0,0.0,0.0
6656,googleplus,aarongustafson,6656,instagram,aarongustafson,simple_name_prefix3:aar,0.74,1.1,1.0,0.0,0.0
8822,googleplus,erinalbert,8822,instagram,erinalbert,simple_name_prefix3:eri,0.74,1.1,1.0,0.0,0.0
8823,googleplus,erindrought,3,twitter,erindrought,simple_name_prefix3:eri,0.74,1.1,1.0,0.0,0.0
2276,googleplus,aarongarsky,3,twitter,aarongarsky,simple_name_prefix3:aar,0.74,1.1,1.0,0.0,0.0
8825,googleplus,erinkhoo,8825,instagram,erinkhoo,simple_name_prefix3:eri,0.74,1.1,1.0,0.0,0.0
14286,googleplus,yukaripeerless,14286,instagram,yukaripeerless,simple_name_prefix3:yuk,0.74,1.1,1.0,0.0,0.0
8825,googleplus,erinkhoo,3,twitter,erinkhoo,simple_name_prefix3:eri,0.74,1.1,1.0,0.0,0.0
14312,googleplus,zahagc,14312,instagram,zahagc,simple_name_prefix3:zah,0.74,1.1,1.0,0.0,0.0
14312,googleplus,zahagc,3,twitter,zahagc,simple_name_prefix3:zah,0.74,1.1,1.0,0.0,0.0
14321,googleplus,zeechaudhry,14321,instagram,zeechaudhry,simple_name_prefix3:zee,0.74,1.1,1.0,0.0,0.0
8827,googleplus,erinnwenrich,3,twitter,erinnwenrich,simple_name_prefix3:eri,0.74,1.1,1.0,0.0,0.0
8829,instagram,erinwatson,3,twitter,erinwatson,simple_name_prefix3:eri,0.74,1.1,1.0,0.0,0.0
6649,instagram,aaljuma,3,twitter,aaljuma,simple_name_prefix3:aal,0.74,1.1,1.0,0.0,0.0
13870,googleplus,ericvutran,3,twitter,ericvutran,simple_name_prefix3:eri,0.74,1.1,1.0,0.0,0.0
14200,googleplus,wolfgangcartermusic,14200,instagram,wolfgangcartermusic,simple_name_prefix3:wol,0.74,1.1,1.0,0.0,0.0
14199,googleplus,wolfgangbremer,14199,instagram,wolfgangbremer,simple_name_prefix3:wol,0.74,1.1,1.0,0.0,0.0
9825,instagram,janetlouisestephenson,3,twitter,janetlouise8,simple_name_prefix3:jan,0.7394871794871796,0.7333333333333334,0.8205128205128205,1.0,0.0
4736,instagram,davanthrax_aniki,3,twitter,davanthrax,simple_name_prefix3:dav,0.7384615384615385,0.8461538461538463,0.6666666666666666,1.0,0.0
5109,instagram,hornimanmuseumgardens,3,twitter,hornimanmuseum,simple_name_prefix3:hor,0.7382068965517243,0.8800000000000001,0.6206896551724138,1.0,0.0
6330,instagram,wildfireeffect,3,twitter,wildfireeffect,simple_name_prefix3:wil,0.7376744186046513,1.1,0.32558139534883723,1.0,0.0
13872,instagram,travelnbeyond,3,twitter,travelnbeyond,simple_name_prefix3:tra,0.7372972972972973,1.1,0.32432432432432434,1.0,0.0
11152,instagram,lunaaskar,3,twitter,lunaaas,simple_name_prefix3:lun,0.7368965517241379,0.8250000000000001,0.6896551724137931,1.0,0.0
5281,instagram,cuitzil,3,twitter,cuitzil,simple_name_prefix3:cui,0.7367741935483871,1.1,0.3225806451612903,1.0,0.0
4952,instagram,copycatfilms,3,twitter,copycatfilms,simple_name_prefix3:cop,0.736,1.1,0.32,1.0,0.0
13816,instagram,tommylandz,3,twitter,tommylandz,simple_name_prefix3:tom,0.736,1.1,0.32,1.0,0.0
6856,instagram,buddy_bradley,3,twitter,buddy_bradley,simple_name_prefix3:bud,0.736,1.1,0.32,1.0,0.0
4257,instagram,anonymityfilms,3,twitter,anonymityfilms,simple_name_prefix3:ano,0.736,1.1,0.32,1.0,0.0
13381,instagram,ssidwashere,3,twitter,ssidwashere,simple_name_prefix3:ssi,0.7354545454545456,1.1,0.3181818181818182,1.0,0.0
5630,instagram,magiquemag,3,twitter,magiquemag,simple_name_prefix3:mag,0.7347368421052631,1.1,0.3157894736842105,1.0,0.0
8448,instagram,di2t,3,twitter,di2t,simple_name_prefix3:di2,0.7347368421052631,1.1,0.3157894736842105,1.0,0.0
4289,instagram,alexgodin,3,twitter,alexgodin,simple_name_prefix3:ale,0.7347368421052631,1.1,0.3157894736842105,1.0,0.0
9837,instagram,japros,3,twitter,japros,simple_name_prefix3:jap,0.7347368421052631,1.1,0.3157894736842105,1.0,0.0
7412,googleplus,bennymahendra,3,twitter,bennymahendra,simple_name_prefix3:ben,0.7347368421052631,1.1,0.3157894736842105,1.0,0.0
12840,instagram,roddeal,3,twitter,roddeal,simple_name_prefix3:rod,0.7347368421052631,1.1,0.3157894736842105,1.0,0.0
10344,instagram,joshaidan,3,twitter,joshaidan,simple_name_prefix3:jos,0.7337500000000001,1.1,0.3125,1.0,0.0
7144,instagram,anteddy,3,twitter,anthonyeddy,simple_name_prefix3:ant,0.7331313131313131,0.8555555555555556,0.6363636363636364,1.0,0.0
13183,instagram,sfharper,3,twitter,sfharper,simple_name_prefix3:sfh,0.7326829268292683,1.1,0.975609756097561,0.0,0.0
6331,instagram,stephawie,3,twitter,stephawie,simple_name_prefix3:ste,0.7326829268292683,1.1,0.975609756097561,0.0,0.0
13339,instagram,chofilove,3,twitter,chofilove,simple_name_prefix3:cho,0.7323076923076923,1.1,0.3076923076923077,1.0,0.0
10465,instagram,jupptedesco,3,twitter,jupptedesco,simple_name_prefix3:jup,0.7323076923076923,1.1,0.3076923076923077,1.0,0.0
13570,instagram,lostsociety,3,twitter,lostsociety,simple_name_prefix3:los,0.7323076923076923,1.1,0.3076923076923077,1.0,0.0
11546,googleplus,mduartec,11546,instagram,mduartec,simple_name_prefix3:mdu,0.7323076923076923,1.1,0.9743589743589743,0.0,0.0
9329,instagram,tpphotography,3,twitter,tpphotography,simple_name_prefix3:tpp,0.7323076923076923,1.1,0.3076923076923077,1.0,0.0
13390,instagram,st215,3,twitter,st215,simple_name_prefix3:st2,0.7323076923076923,1.1,0.3076923076923077,1.0,0.0
4950,instagram,fabimagnier,3,twitter,fabimagnier,simple_name_prefix3:fab,0.7323076923076923,1.1,0.3076923076923077,1.0,0.0
10317,instagram,hombrediario,3,twitter,hombrediario,simple_name_prefix3:hom,0.7323076923076923,1.1,0.3076923076923077,1.0,0.0
4972,instagram,firovazquez,3,twitter,firovazquez,simple_name_prefix3:fir,0.7323076923076923,1.1,0.9743589743589743,0.0,0.0
11500,googleplus,mauriciofontenelle,11500,instagram,mauriciofontenelle,simple_name_prefix3:mau,0.731891891891892,1.1,0.972972972972973,0.0,0.0
11232,instagram,manucopel,3,twitter,manucopel,simple_name_prefix3:man,0.731891891891892,1.1,0.972972972972973,0.0,0.0
11277,instagram,marco80,3,twitter,marco_wagner,simple_name_prefix3:mar,0.7315789473684211,0.5789473684210527,1.0,1.0,0.0
7835,instagram,chethaka,3,twitter,chethaka,simple_name_prefix3:che,0.7314285714285715,1.1,0.9714285714285714,0.0,0.0
7111,googleplus,anibaldelatorre,7111,instagram,anibaldelatorre,simple_name_prefix3:ani,0.7314285714285715,1.1,0.9714285714285714,0.0,0.0
11883,googleplus,mserdark,11883,instagram,mserdark,simple_name_prefix3:mse,0.7314285714285715,1.1,0.9714285714285714,0.0,0.0
8510,instagram,dlosuna,3,twitter,dlosuna,simple_name_prefix3:dlo,0.730909090909091,1.1,0.9696969696969697,0.0,0.0
12581,instagram,siena78,3,twitter,siena78,simple_name_prefix3:sie,0.730909090909091,1.1,0.9696969696969697,0.0,0.0
10216,googleplus,johanmede,10216,instagram,johanmede,simple_name_prefix3:joh,0.730909090909091,1.1,0.9696969696969697,0.0,0.0
4908,instagram,esepulveda,3,twitter,esepulveda,simple_name_prefix3:ese,0.730909090909091,1.1,0.9696969696969697,0.0,0.0
4504,instagram,bjornmeansbear,3,twitter,bjornmeansbear,simple_name_prefix3:bjo,0.730909090909091,1.1,0.9696969696969697,0.0,0.0
4308,instagram,kostobryakalo,3,twitter,kostobryakalo,simple_name_prefix3:kos,0.730909090909091,1.1,0.9696969696969697,0.0,0.0
9702,googleplus,isaassharonjirikils,9702,instagram,isaiassharon,simple_name_prefix3:isa,0.7304398826979472,0.7806451612903227,0.7272727272727273,1.0,0.0
4462,instagram,barcasanova,3,twitter,barcasanova,simple_name_prefix3:bar,0.7303225806451614,1.1,0.967741935483871,0.0,0.0
10963,googleplus,leovigildogomez,10963,instagram,leovigildogomez,simple_name_prefix3:leo,0.7303225806451614,1.1,0.967741935483871,0.0,0.0
6140,instagram,rosnovsky,3,twitter,rosnovsky,simple_name_prefix3:ros,0.7303225806451614,1.1,0.967741935483871,0.0,0.0
4767,instagram,dayannaveronica,3,twitter,dayannaveronica,simple_name_prefix3:day,0.7303225806451614,1.1,0.967741935483871,0.0,0.0
7895,instagram,christiangiollo,3,twitter,christiangiollo,simple_name_prefix3:chr,0.7303225806451614,1.1,0.967741935483871,0.0,0.0
9937,instagram,jcuerva,3,twitter,jcuerva,simple_name_prefix3:jcu,0.73,1.1,0.3,1.0,0.0
10574,instagram,kathunter,3,twitter,kathunter,simple_name_prefix3:kat,0.73,1.1,0.3,1.0,0.0
11816,instagram,modbeat,3,twitter,modbeat,simple_name_prefix3:mod,0.73,1.1,0.3,1.0,0.0
7808,instagram,charlielujan,3,twitter,charlielujan,simple_name_prefix3:cha,0.73,1.1,0.3,1.0,0.0
10451,instagram,healthyafrohair,3,twitter,healthyafrohair,simple_name_prefix3:hea,0.73,1.1,0.3,1.0,0.0
1434,googleplus,alfonsovollaro,3,twitter,alfonsovollaro,simple_name_prefix3:alf,0.7296551724137932,1.1,0.9655172413793104,0.0,0.0
13172,instagram,sergioteixeira,3,twitter,sergioteixeira,simple_name_prefix3:ser,0.7296551724137932,1.1,0.9655172413793104,0.0,0.0
4873,instagram,gonzalezeunice,3,twitter,gonzalezeunice,simple_name_prefix3:gon,0.7296551724137932,1.1,0.9655172413793104,0.0,0.0
7002,instagram,anast55,3,twitter,anast55,simple_name_prefix3:ana,0.7296551724137932,1.1,0.9655172413793104,0.0,0.0
10587,googleplus,katmandelstein,10587,instagram,katmandelstein,simple_name_prefix3:kat,0.7296551724137932,1.1,0.9655172413793104,0.0,0.0
12408,googleplus,peterplaatsman,12408,instagram,peterplaatsman,simple_name_prefix3:pet,0.7296551724137932,1.1,0.9655172413793104,0.0,0.0
8440,instagram,dgo_splvd,3,twitter,dgo_splvd,simple_name_prefix3:dgo,0.7296551724137932,1.1,0.9655172413793104,0.0,0.0
1918,googleplus,danielvilabril,3,twitter,danielvilabril,simple_name_prefix3:dan,0.7296551724137932,1.1,0.9655172413793104,0.0,0.0
14043,instagram,victorrvillar,3,twitter,victorrvillar,simple_name_prefix3:vic,0.7296551724137932,1.1,0.9655172413793104,0.0,0.0
9921,instagram,jbertheas,3,twitter,jbertheas,simple_name_prefix3:jbe,0.7296551724137932,1.1,0.9655172413793104,0.0,0.0
8519,instagram,doctormago,3,twitter,doctormago,simple_name_prefix3:doc,0.7296551724137932,1.1,0.9655172413793104,0.0,0.0
8082,googleplus,callawaykhrono,8082,instagram,callawaykhrono,simple_name_prefix3:cal,0.7296551724137932,1.1,0.9655172413793104,0.0,0.0
8213,googleplus,daniloyamamoto,8213,instagram,daniloyamamoto,simple_name_prefix3:dan,0.7296551724137932,1.1,0.9655172413793104,0.0,0.0
7383,googleplus,beckywebster84,3,twitter,beckymaew,simple_name_prefix3:bec,0.7295652173913043,0.5739130434782609,1.0,1.0,0.0
868,googleplus,dipayanbhattacharjee,868,instagram,dipayan_bhattacharjee,simple_name_prefix3:dip,0.7292682926829268,1.0731707317073171,1.0,0.0,0.0
8298,instagram,davideesposto,3,twitter,davideesposto,simple_name_prefix3:dav,0.7288888888888889,1.1,0.9629629629629629,0.0,0.0
4877,instagram,eladioportela,3,twitter,eladioportela,simple_name_prefix3:ela,0.7288888888888889,1.1,0.9629629629629629,0.0,0.0
9310,googleplus,grahamhancock,9310,instagram,grahamhancock,simple_name_prefix3:gra,0.7288888888888889,1.1,0.9629629629629629,0.0,0.0
8867,instagram,ars_opulenta,3,twitter,ars_opulenta,simple_name_prefix3:ars,0.7288888888888889,1.1,0.2962962962962963,1.0,0.0
2806,googleplus,kennyveldheer,3,twitter,kennyveldheer,simple_name_prefix3:ken,0.7288888888888889,1.1,0.9629629629629629,0.0,0.0
13093,instagram,scotgl,3,twitter,scotgl,simple_name_prefix3:sco,0.7288888888888889,1.1,0.2962962962962963,1.0,0.0
9068,googleplus,frederickpolk,3,twitter,frederickpolk,simple_name_prefix3:fre,0.7288888888888889,1.1,0.9629629629629629,0.0,0.0
12222,googleplus,otrarove,12222,instagram,otrarove,simple_name_prefix3:otr,0.7288888888888889,1.1,0.9629629629629629,0.0,0.0
5276,instagram,jessnickerson,3,twitter,jessnickerson,simple_name_prefix3:jes,0.7288888888888889,1.1,0.9629629629629629,0.0,0.0
10236,instagram,johnnyvisable,3,twitter,johnnyvisable,simple_name_prefix3:joh,0.7288888888888889,1.1,0.9629629629629629,0.0,0.0
8633,instagram,edersonsandre,3,twitter,edersonsandre,simple_name_prefix3:ede,0.7288888888888889,1.1,0.9629629629629629,0.0,0.0
10107,googleplus,jimenamazucco,10107,instagram,jimenamazucco,simple_name_prefix3:jim,0.7288888888888889,1.1,0.9629629629629629,0.0,0.0
7911,googleplus,christinaorso,3,twitter,christinaorso,simple_name_prefix3:chr,0.7288888888888889,1.1,0.9629629629629629,0.0,0.0
6775,googleplus,itsoverflowing,6775,instagram,itsoverflowing,simple_name_prefix3:its,0.7288888888888889,1.1,0.2962962962962963,1.0,0.0
8881,googleplus,evasanagustin,8881,instagram,evasanagustin,simple_name_prefix3:eva,0.7288888888888889,1.1,0.9629629629629629,0.0,0.0
12576,instagram,rafaelknupfer,3,twitter,rafaelknupfer,simple_name_prefix3:raf,0.7288888888888889,1.1,0.9629629629629629,0.0,0.0
8928,instagram,corto44,3,twitter,corto44,simple_name_prefix3:cor,0.7288888888888889,1.1,0.9629629629629629,0.0,0.0
11439,googleplus,mathieurensen,11439,instagram,mathieurensen,simple_name_prefix3:mat,0.7288888888888889,1.1,0.9629629629629629,0.0,0.0
10070,googleplus,jessmartnezgonzlez,10070,instagram,jesusmargon,simple_name_prefix3:jes,0.728448275862069,0.7586206896551725,0.75,1.0,0.0
5888,instagram,nina13202001,3,twitter,nina13202001,simple_name_prefix3:nin,0.7282352941176471,1.1,0.29411764705882354,1.0,0.0
1289,googleplus,trevorbrown_artist,1289,instagram,trevor_brown_artist,simple_name_prefix3:tre,0.7281081081081082,1.0702702702702704,1.0,0.0,0.0
10986,googleplus,franciscalicarayen,10986,instagram,francisca_licarayen,simple_name_prefix3:fra,0.7281081081081082,1.0702702702702704,1.0,0.0,0.0
7929,googleplus,christopherspiewak,7929,instagram,christopher_spiewak,simple_name_prefix3:chr,0.7281081081081082,1.0702702702702704,1.0,0.0,0.0
11542,instagram,mcnmmarketing,3,twitter,mcnm_marketing,simple_name_prefix3:mcn,0.7280515297906602,1.0592592592592593,0.34782608695652173,1.0,0.0
3796,googleplus,sezinkoehler,3,twitter,sezinkoehler,simple_name_prefix3:sez,0.728,1.1,0.96,0.0,0.0
9849,googleplus,jasminrovira,9849,instagram,jasminrovira,simple_name_prefix3:jas,0.728,1.1,0.96,0.0,0.0
6826,googleplus,albertobuenor,6826,instagram,albertobuenor,simple_name_prefix3:alb,0.728,1.1,0.96,0.0,0.0
7155,googleplus,antoniocozar,7155,instagram,antoniocozar,simple_name_prefix3:ant,0.728,1.1,0.96,0.0,0.0
5105,instagram,hoitepolkamp,3,twitter,hoitepolkamp,simple_name_prefix3:hoi,0.728,1.1,0.96,0.0,0.0
7068,googleplus,andrewweiser,7068,instagram,andrewweiser,simple_name_prefix3:and,0.728,1.1,0.96,0.0,0.0
14330,instagram,zeravlar,3,twitter,zeravlar,simple_name_prefix3:zer,0.728,1.1,0.96,0.0,0.0
9849,googleplus,jasminrovira,3,twitter,jasminrovira,simple_name_prefix3:jas,0.728,1.1,0.96,0.0,0.0
5204,instagram,jan_dobrovsky,3,twitter,jan_dobrovsky,simple_name_prefix3:jan,0.728,1.1,0.96,0.0,0.0
3021,googleplus,makaylaleone,3,twitter,makaylaleone,simple_name_prefix3:mak,0.728,1.1,0.96,0.0,0.0
12394,googleplus,perzennstrom,12394,instagram,perzennstrom,simple_name_prefix3:per,0.728,1.1,0.96,0.0,0.0
10466,instagram,juristasunam,3,twitter,juristasunam,simple_name_prefix3:jur,0.728,1.1,0.96,0.0,0.0
12783,googleplus,roadtrippers,12783,instagram,roadtrippers,simple_name_prefix3:roa,0.728,1.1,0.96,0.0,0.0
9236,googleplus,ginaalfeiran,9236,instagram,ginaalfeiran,simple_name_prefix3:gin,0.728,1.1,0.96,0.0,0.0
2695,googleplus,josephdavila,3,twitter,josephdavila,simple_name_prefix3:jos,0.728,1.1,0.96,0.0,0.0
2207,googleplus,feliciamoeis,3,twitter,feliciamoeis,simple_name_prefix3:fel,0.728,1.1,0.96,0.0,0.0
11675,googleplus,michelthiers,3,twitter,michelthiers,simple_name_prefix3:mic,0.728,1.1,0.96,0.0,0.0
3553,googleplus,raduvoinescu,3,twitter,raduvoinescu,simple_name_prefix3:rad,0.728,1.1,0.96,0.0,0.0
11271,instagram,marcosba,3,twitter,marcosba,simple_name_prefix3:mar,0.728,1.1,0.96,0.0,0.0
3088,googleplus,marlynguzman,3,twitter,marlynguzman,simple_name_prefix3:mar,0.728,1.1,0.96,0.0,0.0
6046,instagram,rachelschain,3,twitter,rachelschain,simple_name_prefix3:rac,0.728,1.1,0.96,0.0,0.0
5680,instagram,martaspendowska,3,twitter,martaspendowska,simple_name_prefix3:mar,0.7278048780487805,1.1,0.2926829268292683,1.0,0.0
8297,googleplus,daviddesrousseaux,8297,instagram,david_desrousseaux,simple_name_prefix3:dav,0.7274285714285715,1.0685714285714287,1.0,0.0,0.0
7031,googleplus,andreashafenscher,7031,instagram,andreas.hafenscher,simple_name_prefix3:and,0.7274285714285715,1.0685714285714287,1.0,0.0,0.0
818,googleplus,cindyholman,3,instagram,cindyholman,simple_name_prefix3:cin,0.7269565217391305,1.1,0.9565217391304348,0.0,0.0
8286,instagram,brodiedavid,3,twitter,brodiedavid,simple_name_prefix3:bro,0.7269565217391305,1.1,0.9565217391304348,0.0,0.0
7965,googleplus,clairecoady,7965,instagram,clairecoady,simple_name_prefix3:cla,0.7269565217391305,1.1,0.9565217391304348,0.0,0.0
6210,instagram,sashsuicide,3,twitter,sashsuicide,simple_name_prefix3:sas,0.7269565217391305,1.1,0.9565217391304348,0.0,0.0
2736,googleplus,juanvlopez,3,twitter,juanvlopez,simple_name_prefix3:jua,0.7269565217391305,1.1,0.9565217391304348,0.0,0.0
9472,googleplus,heathhoward,9472,instagram,heathhoward,simple_name_prefix3:hea,0.7269565217391305,1.1,0.9565217391304348,0.0,0.0
8195,googleplus,danielmckay,8195,instagram,danielmckay,simple_name_prefix3:dan,0.7269565217391305,1.1,0.9565217391304348,0.0,0.0
8967,instagram,ffaruq,3,twitter,ffaruq,simple_name_prefix3:ffa,0.7269565217391305,1.1,0.9565217391304348,0.0,0.0
8856,googleplus,estevaodias,8856,instagram,estevaodias,simple_name_prefix3:est,0.7269565217391305,1.1,0.9565217391304348,0.0,0.0
1456,googleplus,alfonsmaes,3,twitter,alfonsmaes,simple_name_prefix3:alf,0.7269565217391305,1.1,0.9565217391304348,0.0,0.0
4914,instagram,ericfuentes,3,twitter,ericfuentes,simple_name_prefix3:eri,0.7269565217391305,1.1,0.9565217391304348,0.0,0.0
1769,googleplus,carolehayes,3,twitter,carolehayes,simple_name_prefix3:car,0.7269565217391305,1.1,0.9565217391304348,0.0,0.0
7868,googleplus,chrisgoulet,7868,instagram,chrisgoulet,simple_name_prefix3:chr,0.7269565217391305,1.1,0.9565217391304348,0.0,0.0
7110,googleplus,angusnelson,3,twitter,angusnelson,simple_name_prefix3:ang,0.7269565217391305,1.1,0.9565217391304348,0.0,0.0
6346,instagram,stevetatham,3,twitter,stevetatham,simple_name_prefix3:ste,0.7269565217391305,1.1,0.9565217391304348,0.0,0.0
7125,googleplus,annaebbesen,3,twitter,annaebbesen,simple_name_prefix3:ann,0.7269565217391305,1.1,0.9565217391304348,0.0,0.0
6777,instagram,bunnyaimee,3,twitter,bunnyaimee,simple_name_prefix3:bun,0.7269565217391305,1.1,0.9565217391304348,0.0,0.0
13825,googleplus,tomweishaar,13825,instagram,tomweishaar,simple_name_prefix3:tom,0.7269565217391305,1.1,0.9565217391304348,0.0,0.0
6851,googleplus,alessandrorigato,6851,instagram,alessandro_rigato,simple_name_prefix3:ale,0.7266666666666668,1.0666666666666669,1.0,0.0,0.0
10155,googleplus,jmiguelrodriguez,10155,instagram,jmiguel_rodriguez,simple_name_prefix3:jmi,0.7266666666666668,1.0666666666666669,1.0,0.0,0.0
11845,instagram,montserratvega,3,twitter,montsev,simple_name_prefix3:mon,0.7266666666666668,0.7333333333333334,0.7777777777777778,1.0,0.0
6860,googleplus,alexanderposselt,6860,instagram,alexander_posselt,simple_name_prefix3:ale,0.7266666666666668,1.0666666666666669,1.0,0.0,0.0
13114,googleplus,scottwilliamsiii,13114,instagram,scottwwilliamsiii,simple_name_prefix3:sco,0.7266666666666668,1.0666666666666669,1.0,0.0,0.0
10537,googleplus,karlheinzeberts,10537,instagram,karlheinz_eberts,simple_name_prefix3:kar,0.7258064516129032,1.0645161290322582,1.0,0.0,0.0
8206,googleplus,danielwoolnough,8206,instagram,danielmwoolnough,simple_name_prefix3:dan,0.7258064516129032,1.0645161290322582,1.0,0.0,0.0
1161,googleplus,pierluigilenoci,1161,instagram,pierluigi_lenoci,simple_name_prefix3:pie,0.7258064516129032,1.0645161290322582,1.0,0.0,0.0
13137,googleplus,sebastianlfvall,13137,instagram,sebastianlofvall,simple_name_prefix3:seb,0.7258064516129032,1.0645161290322582,1.0,0.0,0.0
11369,googleplus,markvanderhorst0,11369,instagram,markvanderhorst,simple_name_prefix3:mar,0.7258064516129032,1.0645161290322582,1.0,0.0,0.0
14302,googleplus,zacchaeusnifong,14302,instagram,zacchaeus.nifong,simple_name_prefix3:zac,0.7258064516129032,1.0645161290322582,1.0,0.0,0.0
7892,googleplus,christianborges1,3,twitter,christianborges,simple_name_prefix3:chr,0.7258064516129032,1.0645161290322582,1.0,0.0,0.0
7400,googleplus,benjaminhowarth,7400,instagram,benjaminhowarth1,simple_name_prefix3:ben,0.7258064516129032,1.0645161290322582,1.0,0.0,0.0
7341,googleplus,soumyapratihari,7341,instagram,soumya_pratihari,simple_name_prefix3:sou,0.7258064516129032,1.0645161290322582,1.0,0.0,0.0
12713,googleplus,richardthorntonx,12713,instagram,richardthornton,simple_name_prefix3:ric,0.7258064516129032,1.0645161290322582,1.0,0.0,0.0
9241,instagram,gingernutdesigns,3,twitter,gingernutdesign,simple_name_prefix3:gin,0.7258064516129032,1.0645161290322582,1.0,0.0,0.0
11469,googleplus,matthewmarkoski,11469,instagram,matthew_markoski,simple_name_prefix3:mat,0.7258064516129032,1.0645161290322582,1.0,0.0,0.0
10075,googleplus,djordjejevtovic,10075,instagram,djordje_jevtovic,simple_name_prefix3:djo,0.7258064516129032,1.0645161290322582,1.0,0.0,0.0
14170,googleplus,wildcatwearhouse,3,twitter,wildcatwearhous,simple_name_prefix3:wil,0.7258064516129032,1.0645161290322582,1.0,0.0,0.0
3753,googleplus,sarahrach-sovich,3,twitter,sarahrachsovich,simple_name_prefix3:sar,0.7258064516129032,1.0645161290322582,1.0,0.0,0.0
14185,googleplus,wilsoncleveland1,14185,instagram,wilsoncleveland,simple_name_prefix3:wil,0.7258064516129032,1.0645161290322582,1.0,0.0,0.0
14179,googleplus,williamorellana,14179,instagram,william_orellana,simple_name_prefix3:wil,0.7258064516129032,1.0645161290322582,1.0,0.0,0.0
12559,instagram,rachelandthecity,3,twitter,rachelanthecity,simple_name_prefix3:rac,0.7258064516129032,1.0645161290322582,1.0,0.0,0.0
8032,instagram,conradomacalossi,3,twitter,conradomacaloss,simple_name_prefix3:con,0.7258064516129032,1.0645161290322582,1.0,0.0,0.0
7731,googleplus,cassianooliveira,7731,instagram,cassianoliveira,simple_name_prefix3:cas,0.7258064516129032,1.0645161290322582,1.0,0.0,0.0
1019,googleplus,josephspendlovec,1019,instagram,josephspendlove,simple_name_prefix3:jos,0.7258064516129032,1.0645161290322582,1.0,0.0,0.0
7379,instagram,becada,3,twitter,becada,simple_name_prefix3:bec,0.7257142857142858,1.1,0.9523809523809523,0.0,0.0
1706,googleplus,brodiewest,3,twitter,brodiewest,simple_name_prefix3:bro,0.7257142857142858,1.1,0.9523809523809523,0.0,0.0
4913,instagram,ericfoster,3,twitter,ericfoster,simple_name_prefix3:eri,0.7257142857142858,1.1,0.9523809523809523,0.0,0.0
13464,instagram,uriel1998,3,twitter,uriel1998,simple_name_prefix3:uri,0.7257142857142858,1.1,0.9523809523809523,0.0,0.0
8098,instagram,csrollyson,3,twitter,csrollyson,simple_name_prefix3:csr,0.7257142857142858,1.1,0.9523809523809523,0.0,0.0
7462,googleplus,billlublin,3,twitter,billlublin,simple_name_prefix3:bil,0.7257142857142858,1.1,0.9523809523809523,0.0,0.0
5444,instagram,katrasa,3,twitter,katrasa,simple_name_prefix3:kat,0.7257142857142858,1.1,0.9523809523809523,0.0,0.0
2955,googleplus,lobonegroa,3,twitter,lobonegroa,simple_name_prefix3:lob,0.7257142857142858,1.1,0.9523809523809523,0.0,0.0
12086,instagram,pinoyavenger,3,twitter,pinoyavenger,simple_name_prefix3:pin,0.7257142857142858,1.1,0.2857142857142857,1.0,0.0
10440,instagram,julianojacob,3,twitter,julianojacob,simple_name_prefix3:jul,0.7257142857142858,1.1,0.2857142857142857,1.0,0.0
8552,instagram,doughaddix,3,twitter,doughaddix,simple_name_prefix3:dou,0.7257142857142858,1.1,0.9523809523809523,0.0,0.0
8644,instagram,doted,3,twitter,doted,simple_name_prefix3:dot,0.7257142857142858,1.1,0.9523809523809523,0.0,0.0
6214,instagram,savoieadam,3,twitter,savoieadam,simple_name_prefix3:sav,0.7257142857142858,1.1,0.9523809523809523,0.0,0.0
10539,instagram,karlmiller,3,twitter,karlmiller,simple_name_prefix3:kar,0.7257142857142858,1.1,0.9523809523809523,0.0,0.0
11025,instagram,valerielisz,3,twitter,valerielisz,simple_name_prefix3:val,0.7257142857142858,1.1,0.9523809523809523,0.0,0.0
10108,googleplus,jimenariso,10108,instagram,jimenariso,simple_name_prefix3:jim,0.7257142857142858,1.1,0.9523809523809523,0.0,0.0
5805,instagram,mlkvn,3,twitter,mlkvn,simple_name_prefix3:mlk,0.7257142857142858,1.1,0.2857142857142857,1.0,0.0
8753,instagram,emredincer13,3,twitter,emredincer13,simple_name_prefix3:emr,0.7257142857142858,1.1,0.9523809523809523,0.0,0.0
10343,instagram,josesitu,3,twitter,josesitu,simple_name_prefix3:jos,0.7257142857142858,1.1,0.9523809523809523,0.0,0.0
2699,googleplus,josepopoff,3,twitter,josepopoff,simple_name_prefix3:jos,0.7257142857142858,1.1,0.9523809523809523,0.0,0.0
8838,instagram,erwinhuang,3,twitter,erwinhuang,simple_name_prefix3:erw,0.7257142857142858,1.1,0.9523809523809523,0.0,0.0
12930,instagram,rubodewig,3,twitter,rubodewig,simple_name_prefix3:rub,0.7257142857142858,1.1,0.2857142857142857,1.0,0.0
10074,googleplus,jevonwhite,3,twitter,jevonwhite,simple_name_prefix3:jev,0.7257142857142858,1.1,0.9523809523809523,0.0,0.0
13667,instagram,thegandiman,3,twitter,thegandiman,simple_name_prefix3:the,0.7257142857142858,1.1,0.9523809523809523,0.0,0.0
8231,googleplus,daphnemaia,8231,instagram,daphnemaia,simple_name_prefix3:dap,0.7257142857142858,1.1,0.9523809523809523,0.0,0.0
8434,instagram,dezconocido,3,twitter,dezconocido,simple_name_prefix3:dez,0.7257142857142858,1.1,0.2857142857142857,1.0,0.0
9071,googleplus,fredranger,9071,instagram,fredranger,simple_name_prefix3:fre,0.7257142857142858,1.1,0.9523809523809523,0.0,0.0
8743,googleplus,emiliormn,3,twitter,emiliormn,simple_name_prefix3:emi,0.7257142857142858,1.1,0.9523809523809523,0.0,0.0
1590,googleplus,audreygray,3,twitter,audreygray,simple_name_prefix3:aud,0.7257142857142858,1.1,0.9523809523809523,0.0,0.0
10376,instagram,jotaypunto,3,twitter,jotaypunto,simple_name_prefix3:jot,0.7257142857142858,1.1,0.9523809523809523,0.0,0.0
11886,instagram,msparkerazzi,3,twitter,msparkerazzi,simple_name_prefix3:msp,0.7257142857142858,1.1,0.2857142857142857,1.0,0.0
13478,instagram,tetostormy,3,twitter,tetostormy,simple_name_prefix3:tet,0.7250000000000001,1.1,0.95,0.0,0.0
12063,googleplus,nicolaseduardo,12063,instagram,nicolaseduardo2,simple_name_prefix3:nic,0.7248275862068967,1.0620689655172415,1.0,0.0,0.0
13116,googleplus,scottymcdonald,3,twitter,scotty_mcdonald,simple_name_prefix3:sco,0.7248275862068967,1.0620689655172415,1.0,0.0,0.0
3758,googleplus,saschakhmstedt,3,twitter,saschakohmstedt,simple_name_prefix3:sas,0.7248275862068967,1.0620689655172415,1.0,0.0,0.0
1422,googleplus,alexejwerbizki,3,twitter,alexej_werbizki,simple_name_prefix3:ale,0.7248275862068967,1.0620689655172415,1.0,0.0,0.0
2036,googleplus,dietmarschulte,3,twitter,dietmar_schulte,simple_name_prefix3:die,0.7248275862068967,1.0620689655172415,1.0,0.0,0.0
9042,googleplus,franoiserachez,9042,instagram,francoiserachez,simple_name_prefix3:fra,0.7248275862068967,1.0620689655172415,1.0,0.0,0.0
3172,googleplus,mehranfarahraz,3,twitter,mehran_farahraz,simple_name_prefix3:meh,0.7248275862068967,1.0620689655172415,1.0,0.0,0.0
2296,googleplus,giannilettieri1,3,twitter,giannilettieri,simple_name_prefix3:gia,0.7248275862068967,1.0620689655172415,1.0,0.0,0.0
13993,googleplus,vanessaramirez,13993,instagram,vanessa_ramirez,simple_name_prefix3:van,0.7248275862068967,1.0620689655172415,1.0,0.0,0.0
2731,googleplus,juanavellaneda,3,twitter,juankavellaneda,simple_name_prefix3:jua,0.7248275862068967,1.0620689655172415,1.0,0.0,0.0
11958,googleplus,narendraangkita,11958,instagram,narendrangkita,simple_name_prefix3:nar,0.7248275862068967,1.0620689655172415,1.0,0.0,0.0
11735,googleplus,mikesingletary1,11735,instagram,mikesingletary,simple_name_prefix3:mik,0.7248275862068967,1.0620689655172415,1.0,0.0,0.0
11983,googleplus,nathanmccavery,11983,instagram,nathan_mccavery,simple_name_prefix3:nat,0.7248275862068967,1.0620689655172415,1.0,0.0,0.0
11984,googleplus,nathanfarrugia,11984,instagram,nathanmfarrugia,simple_name_prefix3:nat,0.7248275862068967,1.0620689655172415,1.0,0.0,0.0
12846,googleplus,rodolfopereira1,12846,instagram,rodolfopereira,simple_name_prefix3:rod,0.7248275862068967,1.0620689655172415,1.0,0.0,0.0
8730,instagram,emanuelearosio,3,twitter,emanuele_arosio,simple_name_prefix3:ema,0.7248275862068967,1.0620689655172415,1.0,0.0,0.0
9464,instagram,heathermcoleman,3,twitter,heathercoleman,simple_name_prefix3:hea,0.7248275862068967,1.0620689655172415,1.0,0.0,0.0
2515,googleplus,jaredparmenter,3,twitter,jared_parmenter,simple_name_prefix3:jar,0.7248275862068967,1.0620689655172415,1.0,0.0,0.0
9521,googleplus,hiromiishizaki,3,twitter,hiromi_ishizaki,simple_name_prefix3:hir,0.7248275862068967,1.0620689655172415,1.0,0.0,0.0
9365,instagram,gustavo_coronel,3,twitter,gustavocoronel,simple_name_prefix3:gus,0.7248275862068967,1.0620689655172415,1.0,0.0,0.0
9293,googleplus,gordondymowski,9293,instagram,gordon.dymowski,simple_name_prefix3:gor,0.7248275862068967,1.0620689655172415,1.0,0.0,0.0
3,twitter,danielrmitchell,13873,googleplus,danielmitchell,simple_name_prefix3:dan,0.7248275862068967,1.0620689655172415,1.0,0.0,0.0
11082,googleplus,louisasarmiento,11082,instagram,louissarmiento,simple_name_prefix3:lou,0.7248275862068967,1.0620689655172415,1.0,0.0,0.0
9247,googleplus,giovannicanzio,9247,instagram,giovanni_canzio,simple_name_prefix3:gio,0.7248275862068967,1.0620689655172415,1.0,0.0,0.0
3485,googleplus,leandropessini,3,twitter,leandro_pessini,simple_name_prefix3:lea,0.7248275862068967,1.0620689655172415,1.0,0.0,0.0
9186,googleplus,geoffbcampbell1,9186,instagram,geoffbcampbell,simple_name_prefix3:geo,0.7248275862068967,1.0620689655172415,1.0,0.0,0.0
9120,googleplus,gabrielrinaldi,9120,instagram,gabriel_rinaldi,simple_name_prefix3:gab,0.7248275862068967,1.0620689655172415,1.0,0.0,0.0
13428,googleplus,stephenchapman1,13428,instagram,stephenchapman,simple_name_prefix3:ste,0.7248275862068967,1.0620689655172415,1.0,0.0,0.0
7760,googleplus,cecilyarambula,3,twitter,cecily_arambula,simple_name_prefix3:cec,0.7248275862068967,1.0620689655172415,1.0,0.0,0.0
13210,googleplus,shantellmartin,13210,instagram,shantell_martin,simple_name_prefix3:sha,0.7248275862068967,1.0620689655172415,1.0,0.0,0.0
9884,googleplus,javierarmentiaf,9884,instagram,javierarmentia,simple_name_prefix3:jav,0.7248275862068967,1.0620689655172415,1.0,0.0,0.0
7157,googleplus,antoniogarrido,7157,instagram,antonio_garrido,simple_name_prefix3:ant,0.7248275862068967,1.0620689655172415,1.0,0.0,0.0
2076,googleplus,douglasazevedo,3,twitter,douglas_azevedo,simple_name_prefix3:dou,0.7248275862068967,1.0620689655172415,1.0,0.0,0.0
12459,googleplus,pierrecappelli,12459,instagram,pierre_cappelli,simple_name_prefix3:pie,0.7248275862068967,1.0620689655172415,1.0,0.0,0.0
12009,googleplus,nelsonespinosa,3,twitter,nelsonespinosa7,simple_name_prefix3:nel,0.7248275862068967,1.0620689655172415,1.0,0.0,0.0
6775,instagram,itsoverflowing,3,twitter,its_overflowing,simple_name_prefix3:its,0.7248275862068967,1.0620689655172415,1.0,0.0,0.0
3800,googleplus,shannonsteffen,3,twitter,shannonksteffen,simple_name_prefix3:sha,0.7248275862068967,1.0620689655172415,1.0,0.0,0.0
9627,instagram,ignaciobarraza,3,twitter,ignacio_barraza,simple_name_prefix3:ign,0.7248275862068967,1.0620689655172415,1.0,0.0,0.0
14011,googleplus,victoriacrosby,3,twitter,victoriaecrosby,simple_name_prefix3:vic,0.7248275862068967,1.0620689655172415,1.0,0.0,0.0
6825,googleplus,albertoabruzzo,3,twitter,alberto_abruzzo,simple_name_prefix3:alb,0.7248275862068967,1.0620689655172415,1.0,0.0,0.0
12629,googleplus,rashidalkuwari,12629,instagram,rashid_alkuwari,simple_name_prefix3:ras,0.7248275862068967,1.0620689655172415,1.0,0.0,0.0
3595,googleplus,renathosiqueira,3,twitter,renatosiqueira,simple_name_prefix3:ren,0.7248275862068967,1.0620689655172415,1.0,0.0,0.0
14322,googleplus,zeeshanmallick,14322,instagram,zeeshan_mallick,simple_name_prefix3:zee,0.7248275862068967,1.0620689655172415,1.0,0.0,0.0
8367,googleplus,davidderr,3,twitter,davidderr,simple_name_prefix3:dav,0.7242105263157895,1.1,0.9473684210526315,0.0,0.0
9393,googleplus,halauyama,9393,instagram,halauyama,simple_name_prefix3:hal,0.7242105263157895,1.1,0.9473684210526315,0.0,0.0
9697,googleplus,isaacnaor,9697,instagram,isaacnaor,simple_name_prefix3:isa,0.7242105263157895,1.1,0.9473684210526315,0.0,0.0
10250,googleplus,johnsuder,10250,instagram,johnsuder,simple_name_prefix3:joh,0.7242105263157895,1.1,0.9473684210526315,0.0,0.0
4297,instagram,etihwxela,3,twitter,etihwxela,simple_name_prefix3:eti,0.7242105263157895,1.1,0.9473684210526315,0.0,0.0
9403,googleplus,hanirajab,9403,instagram,hanirajab,simple_name_prefix3:han,0.7242105263157895,1.1,0.9473684210526315,0.0,0.0
10799,instagram,kristina_ra,3,twitter,kristina_ra,simple_name_prefix3:kri,0.7242105263157895,1.1,0.9473684210526315,0.0,0.0
8623,instagram,ebclosmore,3,twitter,ebclosmore,simple_name_prefix3:ebc,0.7242105263157895,1.1,0.9473684210526315,0.0,0.0
7786,googleplus,chadkopca,3,twitter,chadkopca,simple_name_prefix3:cha,0.7242105263157895,1.1,0.9473684210526315,0.0,0.0
10510,instagram,chemy,3,twitter,chemy,simple_name_prefix3:che,0.7242105263157895,1.1,0.9473684210526315,0.0,0.0
7250,googleplus,ashokraju,3,twitter,ashokraju,simple_name_prefix3:ash,0.7242105263157895,1.1,0.9473684210526315,0.0,0.0
8275,instagram,davequick,3,twitter,davequick,simple_name_prefix3:dav,0.7242105263157895,1.1,0.9473684210526315,0.0,0.0
2450,googleplus,idsetters,3,twitter,idsetters,simple_name_prefix3:ids,0.7242105263157895,1.1,0.9473684210526315,0.0,0.0
9394,instagram,spiderhal,3,twitter,spiderhal,simple_name_prefix3:spi,0.7242105263157895,1.1,0.9473684210526315,0.0,0.0
9487,googleplus,hemszwier,3,twitter,hemszwier,simple_name_prefix3:hem,0.7242105263157895,1.1,0.9473684210526315,0.0,0.0
7860,googleplus,chrisdate,3,twitter,chrisdate,simple_name_prefix3:chr,0.7242105263157895,1.1,0.9473684210526315,0.0,0.0
5997,instagram,photologic,3,twitter,photologic,simple_name_prefix3:pho,0.7242105263157895,1.1,0.9473684210526315,0.0,0.0
11575,instagram,cutieissa,3,twitter,cutieissa,simple_name_prefix3:cut,0.7242105263157895,1.1,0.9473684210526315,0.0,0.0
4582,instagram,srnayarita,3,twitter,srnayarita,simple_name_prefix3:srn,0.7242105263157895,1.1,0.9473684210526315,0.0,0.0
9256,googleplus,giulianoabate,9256,instagram,giuliano_abate,simple_name_prefix3:giu,0.7237037037037037,1.0592592592592593,1.0,0.0,0.0
8636,googleplus,edgargonzalezg,8636,instagram,edgargonzalez,simple_name_prefix3:edg,0.7237037037037037,1.0592592592592593,1.0,0.0,0.0
10259,instagram,joleenenaylor,3,twitter,joleene_naylor,simple_name_prefix3:jol,0.7237037037037037,1.0592592592592593,1.0,0.0,0.0
8291,googleplus,davidcorcuera,8291,instagram,davidcorcuerad,simple_name_prefix3:dav,0.7237037037037037,1.0592592592592593,1.0,0.0,0.0
12865,googleplus,rolflindstrom,3,twitter,rolf_lindstrom,simple_name_prefix3:rol,0.7237037037037037,1.0592592592592593,1.0,0.0,0.0
3672,googleplus,rohithaperera,3,twitter,rohitha_perera,simple_name_prefix3:roh,0.7237037037037037,1.0592592592592593,1.0,0.0,0.0
9876,googleplus,jassonschrock,9876,instagram,jasson.schrock,simple_name_prefix3:jas,0.7237037037037037,1.0592592592592593,1.0,0.0,0.0
10002,instagram,jenniferbrick,3,twitter,jennifer_brick,simple_name_prefix3:jen,0.7237037037037037,1.0592592592592593,1.0,0.0,0.0
11279,googleplus,marcsauerwald,11279,instagram,marc_sauerwald,simple_name_prefix3:mar,0.7237037037037037,1.0592592592592593,1.0,0.0,0.0
4278,instagram,tatosanmartin,3,twitter,tato_sanmartin,simple_name_prefix3:tat,0.7237037037037037,1.0592592592592593,1.0,0.0,0.0
9851,googleplus,jasonmckinnon,3,twitter,jasonbmckinnon,simple_name_prefix3:jas,0.7237037037037037,1.0592592592592593,1.0,0.0,0.0
6857,googleplus,alessiacamera,3,twitter,alessia_camera,simple_name_prefix3:ale,0.7237037037037037,1.0592592592592593,1.0,0.0,0.0
13610,googleplus,trevoranthony,3,twitter,trevordanthony,simple_name_prefix3:tre,0.7237037037037037,1.0592592592592593,1.0,0.0,0.0
3696,googleplus,robertppelikan,3,twitter,robertpelikan,simple_name_prefix3:rob,0.7237037037037037,1.0592592592592593,1.0,0.0,0.0
9550,googleplus,hannahsellers,3,twitter,hannahesellers,simple_name_prefix3:han,0.7237037037037037,1.0592592592592593,1.0,0.0,0.0
14083,googleplus,vivipedraglio1,14083,instagram,vivipedraglio,simple_name_prefix3:viv,0.7237037037037037,1.0592592592592593,1.0,0.0,0.0
10900,googleplus,laurentlecler,10900,instagram,laurent_lecler,simple_name_prefix3:lau,0.7237037037037037,1.0592592592592593,1.0,0.0,0.0
10638,googleplus,kelseydoherty,10638,instagram,kelseyedoherty,simple_name_prefix3:kel,0.7237037037037037,1.0592592592592593,1.0,0.0,0.0
7324,googleplus,azzamalasfoor,3,twitter,azzam_alasfoor,simple_name_prefix3:azz,0.7237037037037037,1.0592592592592593,1.0,0.0,0.0
9594,googleplus,ianmckendrick1,9594,instagram,ianmckendrick,simple_name_prefix3:ian,0.7237037037037037,1.0592592592592593,1.0,0.0,0.0
11474,instagram,matthewtimmer,3,twitter,matthew_timmer,simple_name_prefix3:mat,0.7237037037037037,1.0592592592592593,1.0,0.0,0.0
11137,googleplus,luismadureira,3,twitter,luis_madureira,simple_name_prefix3:lui,0.7237037037037037,1.0592592592592593,1.0,0.0,0.0
12631,instagram,raulbocanegra,3,twitter,raul_bocanegra,simple_name_prefix3:rau,0.7237037037037037,1.0592592592592593,1.0,0.0,0.0
13357,instagram,sorayacsantos,3,twitter,sorayacsantos1,simple_name_prefix3:sor,0.7237037037037037,1.0592592592592593,1.0,0.0,0.0
12852,googleplus,rodrigosantos,12852,instagram,rodriigosantos,simple_name_prefix3:rod,0.7237037037037037,1.0592592592592593,1.0,0.0,0.0
8891,googleplus,fabienadouani,8891,instagram,fabien_adouani,simple_name_prefix3:fab,0.7237037037037037,1.0592592592592593,1.0,0.0,0.0
14151,googleplus,wesleydesouza,14151,instagram,wesley_desouza,simple_name_prefix3:wes,0.7237037037037037,1.0592592592592593,1.0,0.0,0.0
11580,googleplus,melodythacker,11580,instagram,melody_thacker,simple_name_prefix3:mel,0.7237037037037037,1.0592592592592593,1.0,0.0,0.0
3188,googleplus,michaelbalboa,3,twitter,michael_balboa,simple_name_prefix3:mic,0.7237037037037037,1.0592592592592593,1.0,0.0,0.0
11632,googleplus,michaelcarney,3,twitter,michaeldcarney,simple_name_prefix3:mic,0.7237037037037037,1.0592592592592593,1.0,0.0,0.0
11619,googleplus,micaheriksson,11619,instagram,micah_eriksson,simple_name_prefix3:mic,0.7237037037037037,1.0592592592592593,1.0,0.0,0.0
11676,googleplus,micheltrapani,11676,instagram,michel_trapani,simple_name_prefix3:mic,0.7237037037037037,1.0592592592592593,1.0,0.0,0.0
10923,googleplus,leannestaples,10923,instagram,leannemstaples,simple_name_prefix3:lea,0.7237037037037037,1.0592592592592593,1.0,0.0,0.0
3193,googleplus,michaelcolley,3,twitter,michaelecolley,simple_name_prefix3:mic,0.7237037037037037,1.0592592592592593,1.0,0.0,0.0
1655,googleplus,bishalghimire,3,twitter,bishal_ghimire,simple_name_prefix3:bis,0.7237037037037037,1.0592592592592593,1.0,0.0,0.0
9718,googleplus,ivankovacevic,9718,instagram,ivankovacevic3,simple_name_prefix3:iva,0.7237037037037037,1.0592592592592593,1.0,0.0,0.0
9044,googleplus,franoisverron,3,twitter,francoisverron,simple_name_prefix3:fra,0.7237037037037037,1.0592592592592593,1.0,0.0,0.0
8065,googleplus,craigdrummond,8065,instagram,craig_drummond,simple_name_prefix3:cra,0.7237037037037037,1.0592592592592593,1.0,0.0,0.0
12060,googleplus,nicolaspicand,3,twitter,nicolas_picand,simple_name_prefix3:nic,0.7237037037037037,1.0592592592592593,1.0,0.0,0.0
12075,googleplus,nicolesanchez,3,twitter,nicolevsanchez,simple_name_prefix3:nic,0.7237037037037037,1.0592592592592593,1.0,0.0,0.0
2220,googleplus,fernandoveloz,3,twitter,fernandorveloz,simple_name_prefix3:fer,0.7237037037037037,1.0592592592592593,1.0,0.0,0.0
11970,googleplus,natashayounge1,11970,instagram,natashayounge,simple_name_prefix3:nat,0.7237037037037037,1.0592592592592593,1.0,0.0,0.0
12400,googleplus,petergiordano,3,twitter,peterlgiordano,simple_name_prefix3:pet,0.7237037037037037,1.0592592592592593,1.0,0.0,0.0
7672,googleplus,candicecendaa,7672,instagram,candicecendana,simple_name_prefix3:can,0.7237037037037037,1.0592592592592593,1.0,0.0,0.0
8227,googleplus,danstasiewski,8227,instagram,dan_stasiewski,simple_name_prefix3:dan,0.7237037037037037,1.0592592592592593,1.0,0.0,0.0
7983,googleplus,claudwilliams,7983,instagram,claud_williams,simple_name_prefix3:cla,0.7237037037037037,1.0592592592592593,1.0,0.0,0.0
9558,googleplus,hunterleesoik1,9558,instagram,hunterleesoik,simple_name_prefix3:hun,0.7237037037037037,1.0592592592592593,1.0,0.0,0.0
12320,googleplus,paulatrindade,3,twitter,paulatrindade6,simple_name_prefix3:pau,0.7237037037037037,1.0592592592592593,1.0,0.0,0.0
13208,googleplus,shannonlittle,13208,instagram,shannonrlittle,simple_name_prefix3:sha,0.7237037037037037,1.0592592592592593,1.0,0.0,0.0
7153,instagram,antoninremond,3,twitter,antonin_remond,simple_name_prefix3:ant,0.7237037037037037,1.0592592592592593,1.0,0.0,0.0
7244,googleplus,ashleyhayward,7244,instagram,ashleyphayward,simple_name_prefix3:ash,0.7237037037037037,1.0592592592592593,1.0,0.0,0.0
11374,instagram,marlenebitzer,3,twitter,marlene_bitzer,simple_name_prefix3:mar,0.7237037037037037,1.0592592592592593,1.0,0.0,0.0
13171,googleplus,sergioredondo,13171,instagram,sergio_redondo,simple_name_prefix3:ser,0.7237037037037037,1.0592592592592593,1.0,0.0,0.0
4137,googleplus,williamnewman,3,twitter,william_newman,simple_name_prefix3:wil,0.7237037037037037,1.0592592592592593,1.0,0.0,0.0
14323,googleplus,zeeshanrasool7,14323,instagram,zeeshanrasool,simple_name_prefix3:zee,0.7237037037037037,1.0592592592592593,1.0,0.0,0.0
1959,googleplus,davidaldridge,3,twitter,davidmaldridge,simple_name_prefix3:dav,0.7237037037037037,1.0592592592592593,1.0,0.0,0.0
8283,googleplus,dorkdungeon,8283,instagram,dorkdungeon,simple_name_prefix3:dor,0.7233333333333334,1.1,0.2777777777777778,1.0,0.0
9502,googleplus,heshamaboelmagd,9502,instagram,heshamaboelmagd,simple_name_prefix3:hes,0.7233333333333334,1.1,0.9444444444444444,0.0,0.0
13935,instagram,tyschwoof,3,twitter,tyschwoof,simple_name_prefix3:tys,0.7233333333333334,1.1,0.9444444444444444,0.0,0.0
7907,instagram,christiepingvin,3,twitter,christiepingvin,simple_name_prefix3:chr,0.7233333333333334,1.1,0.9444444444444444,0.0,0.0
12796,instagram,cand3la,3,twitter,cand3la,simple_name_prefix3:can,0.7233333333333334,1.1,0.9444444444444444,0.0,0.0
4611,instagram,chadkanera,3,twitter,chadkanera,simple_name_prefix3:cha,0.7227586206896552,1.1,0.27586206896551724,1.0,0.0
7175,instagram,aquatellus,3,twitter,aquatellus,simple_name_prefix3:aqu,0.7227586206896552,1.1,0.27586206896551724,1.0,0.0
4283,instagram,alevosamirada,3,twitter,alevosamirada,simple_name_prefix3:ale,0.7227586206896552,1.1,0.27586206896551724,1.0,0.0
11044,instagram,lmichellemedia,3,twitter,lmichellemedia,simple_name_prefix3:lmi,0.7227586206896552,1.1,0.27586206896551724,1.0,0.0
13768,instagram,tinoxiii,3,twitter,tinoxiii,simple_name_prefix3:tin,0.7227586206896552,1.1,0.27586206896551724,1.0,0.0
13992,instagram,vanessamazza,3,twitter,vanessatarot,simple_name_prefix3:van,0.7227450980392156,0.7333333333333334,0.7647058823529411,1.0,0.0
3060,googleplus,margaretlute,3,twitter,margaret_lute,simple_name_prefix3:mar,0.7224,1.056,1.0,0.0,0.0
13048,googleplus,sarahscoular,13048,instagram,sarahkscoular,simple_name_prefix3:sar,0.7224,1.056,1.0,0.0,0.0
9135,googleplus,javierprieto,9135,instagram,javier_prieto,simple_name_prefix3:jav,0.7224,1.056,1.0,0.0,0.0
11227,googleplus,gloriamanole,3,twitter,gloriaamanole,simple_name_prefix3:glo,0.7224,1.056,1.0,0.0,0.0
2718,googleplus,jackiepearce,3,twitter,jackiempearce,simple_name_prefix3:jac,0.7224,1.056,1.0,0.0,0.0
13445,googleplus,stevebrigden,13445,instagram,steve_brigden,simple_name_prefix3:ste,0.7224,1.056,1.0,0.0,0.0
10520,googleplus,karenharding,10520,instagram,karen_harding,simple_name_prefix3:kar,0.7224,1.056,1.0,0.0,0.0
10427,googleplus,juantorralbo,10427,instagram,juantorralbor,simple_name_prefix3:jua,0.7224,1.056,1.0,0.0,0.0
7116,googleplus,anitachauhan,7116,instagram,anita_chauhan,simple_name_prefix3:ani,0.7224,1.056,1.0,0.0,0.0
7118,instagram,anitamstewart,3,twitter,anitastewart,simple_name_prefix3:ani,0.7224,1.056,1.0,0.0,0.0
9703,googleplus,michalischia,9703,instagram,michal.ischia,simple_name_prefix3:mic,0.7224,1.056,1.0,0.0,0.0
2626,googleplus,sashacameron,3,twitter,sashajcameron,simple_name_prefix3:sas,0.7224,1.056,1.0,0.0,0.0
11633,googleplus,michaelching,11633,instagram,michaeldching,simple_name_prefix3:mic,0.7224,1.056,1.0,0.0,0.0
10666,instagram,kevincorazza,3,twitter,kevinrcorazza,simple_name_prefix3:kev,0.7224,1.056,1.0,0.0,0.0
9479,googleplus,erezheilweil,3,twitter,erez_heilweil,simple_name_prefix3:ere,0.7224,1.056,1.0,0.0,0.0
12282,googleplus,pascalstjean1,12282,instagram,pascalstjean,simple_name_prefix3:pas,0.7224,1.056,1.0,0.0,0.0
9875,googleplus,jasonstanley,9875,instagram,jasonwstanley,simple_name_prefix3:jas,0.7224,1.056,1.0,0.0,0.0
13357,googleplus,sorayasantos,13357,instagram,sorayacsantos,simple_name_prefix3:sor,0.7224,1.056,1.0,0.0,0.0
10160,googleplus,jerrynielsen,10160,instagram,jerrynielsen3,simple_name_prefix3:jer,0.7224,1.056,1.0,0.0,0.0
4921,instagram,erin_callihan,3,twitter,erincallihan,simple_name_prefix3:eri,0.7224,1.056,1.0,0.0,0.0
7204,googleplus,arrondaniels,7204,instagram,arron_daniels,simple_name_prefix3:arr,0.7224,1.056,1.0,0.0,0.0
4447,instagram,aurora_ferrer,3,twitter,auroraferrer,simple_name_prefix3:aur,0.7224,1.056,1.0,0.0,0.0
10191,googleplus,joelbuckland,10191,instagram,joel_buckland,simple_name_prefix3:joe,0.7224,1.056,1.0,0.0,0.0
7130,googleplus,annapfeiffer,3,twitter,annarpfeiffer,simple_name_prefix3:ann,0.7224,1.056,1.0,0.0,0.0
8451,googleplus,dianagonzlez,8451,instagram,dianagonzalez,simple_name_prefix3:dia,0.7224,1.056,1.0,0.0,0.0
756,googleplus,arielmarques,756,instagram,ariel.marques,simple_name_prefix3:ari,0.7224,1.056,1.0,0.0,0.0
4812,instagram,dirceusantos,3,twitter,dirceu_santos,simple_name_prefix3:dir,0.7224,1.056,1.0,0.0,0.0
10273,googleplus,jonathankopp1,10273,instagram,jonathankopp,simple_name_prefix3:jon,0.7224,1.056,1.0,0.0,0.0
4479,instagram,beckypittman,3,twitter,becky_pittman,simple_name_prefix3:bec,0.7224,1.056,1.0,0.0,0.0
10829,googleplus,kyledempster,10829,instagram,kyledempster7,simple_name_prefix3:kyl,0.7224,1.056,1.0,0.0,0.0
10894,googleplus,laurencolman,10894,instagram,laurenmcolman,simple_name_prefix3:lau,0.7224,1.056,1.0,0.0,0.0
4105,googleplus,viviennechen,3,twitter,viviennexchen,simple_name_prefix3:viv,0.7224,1.056,1.0,0.0,0.0
13288,googleplus,simonkolenik,13288,instagram,simonkoleznik,simple_name_prefix3:sim,0.7224,1.056,1.0,0.0,0.0
7153,googleplus,antoninrmond,7153,instagram,antoninremond,simple_name_prefix3:ant,0.7224,1.056,1.0,0.0,0.0
10580,googleplus,katiecollins,10580,instagram,katie_collins,simple_name_prefix3:kat,0.7224,1.056,1.0,0.0,0.0
2794,googleplus,kellieelmore,3,twitter,kellie_elmore,simple_name_prefix3:kel,0.7224,1.056,1.0,0.0,0.0
7066,googleplus,andrewstuart,7066,instagram,andrewstuart1,simple_name_prefix3:and,0.7224,1.056,1.0,0.0,0.0
13596,instagram,tarun.mutants,3,twitter,tarunmutants,simple_name_prefix3:tar,0.7224,1.056,1.0,0.0,0.0
7071,googleplus,andrewzander,7071,instagram,andrew.zander,simple_name_prefix3:and,0.7224,1.056,1.0,0.0,0.0
1365,googleplus,alyssadillonk,3,twitter,alyssadillon,simple_name_prefix3:aly,0.7224,1.056,1.0,0.0,0.0
7804,instagram,charleslewis,3,twitter,charles_lewis,simple_name_prefix3:cha,0.7224,1.056,1.0,0.0,0.0
10698,googleplus,khaledouanes,10698,instagram,khaled_ouanes,simple_name_prefix3:kha,0.7224,1.056,1.0,0.0,0.0
2864,googleplus,kylefordrung,3,twitter,kyle_fordrung,simple_name_prefix3:kyl,0.7224,1.056,1.0,0.0,0.0
7736,googleplus,catarinavaro,7736,instagram,catarinavarao,simple_name_prefix3:cat,0.7224,1.056,1.0,0.0,0.0
8173,googleplus,danielcanton,8173,instagram,danielcanton2,simple_name_prefix3:dan,0.7224,1.056,1.0,0.0,0.0
6026,instagram,priscillafox,3,twitter,priscilla_fox,simple_name_prefix3:pri,0.7224,1.056,1.0,0.0,0.0
13073,googleplus,sayleepadwal,13073,instagram,saylee_padwal,simple_name_prefix3:say,0.7224,1.056,1.0,0.0,0.0
10295,googleplus,jordancarson,10295,instagram,jordanmcarson,simple_name_prefix3:jor,0.7224,1.056,1.0,0.0,0.0
1500,googleplus,andrewvernon,3,twitter,andrew_vernon,simple_name_prefix3:and,0.7224,1.056,1.0,0.0,0.0
8731,googleplus,emanuelepapi,8731,instagram,emanuele_papi,simple_name_prefix3:ema,0.7224,1.056,1.0,0.0,0.0
9732,googleplus,javierabella,3,twitter,javierabellag,simple_name_prefix3:jav,0.7224,1.056,1.0,0.0,0.0
12820,googleplus,robinsonchar,12820,instagram,robinson_char,simple_name_prefix3:rob,0.7224,1.056,1.0,0.0,0.0
11918,googleplus,matthewyoung,11918,instagram,matthewoyoung,simple_name_prefix3:mat,0.7224,1.056,1.0,0.0,0.0
8162,googleplus,danehartwell,8162,instagram,dane_hartwell,simple_name_prefix3:dan,0.7224,1.056,1.0,0.0,0.0
13221,googleplus,shaunsimpson,13221,instagram,shauntsimpson,simple_name_prefix3:sha,0.7224,1.056,1.0,0.0,0.0
7616,googleplus,bryanorourke,7616,instagram,bryankorourke,simple_name_prefix3:bry,0.7224,1.056,1.0,0.0,0.0
6856,googleplus,buddybradley,6856,instagram,buddy_bradley,simple_name_prefix3:bud,0.7224,1.056,1.0,0.0,0.0
7906,googleplus,christielazo,7906,instagram,christie_lazo,simple_name_prefix3:chr,0.7224,1.056,1.0,0.0,0.0
6585,instagram,brettmerritt,3,twitter,brettcmerritt,simple_name_prefix3:bre,0.7224,1.056,1.0,0.0,0.0
12717,googleplus,ricardohoyos,12717,instagram,ricardohoyos1,simple_name_prefix3:ric,0.7224,1.056,1.0,0.0,0.0
6187,instagram,samrosenbaum,3,twitter,sam_rosenbaum,simple_name_prefix3:sam,0.7224,1.056,1.0,0.0,0.0
7164,googleplus,antoniozangh,3,twitter,antoniozanghi,simple_name_prefix3:ant,0.7224,1.056,1.0,0.0,0.0
2039,googleplus,dilipandrade,3,twitter,dilip_andrade,simple_name_prefix3:dil,0.7224,1.056,1.0,0.0,0.0
11110,googleplus,lucasbernard,11110,instagram,lucas_bernard,simple_name_prefix3:luc,0.7224,1.056,1.0,0.0,0.0
9242,googleplus,ginograziano8,3,twitter,ginograziano,simple_name_prefix3:gin,0.7224,1.056,1.0,0.0,0.0
13609,googleplus,thomaswaters,13609,instagram,thomascwaters,simple_name_prefix3:tho,0.7224,1.056,1.0,0.0,0.0
7563,googleplus,brianhawkins,7563,instagram,brian.hawkins,simple_name_prefix3:bri,0.7224,1.056,1.0,0.0,0.0
7565,googleplus,brianbradley,7565,instagram,brianjbradley,simple_name_prefix3:bri,0.7224,1.056,1.0,0.0,0.0
2146,googleplus,emrullahkara,3,twitter,emrullahkaras,simple_name_prefix3:emr,0.7224,1.056,1.0,0.0,0.0
8200,instagram,danielhorton,3,twitter,danielrhorton,simple_name_prefix3:dan,0.7224,1.056,1.0,0.0,0.0
8169,googleplus,danielapbutcu,8169,instagram,danielabutcu,simple_name_prefix3:dan,0.7224,1.056,1.0,0.0,0.0
3452,googleplus,pattybradley,3,twitter,patty_bradley,simple_name_prefix3:pat,0.7224,1.056,1.0,0.0,0.0
11952,googleplus,nancysantana,11952,instagram,nancy3santana,simple_name_prefix3:nan,0.7224,1.056,1.0,0.0,0.0
9167,googleplus,grantbierman,9167,instagram,grant.bierman,simple_name_prefix3:gra,0.7224,1.056,1.0,0.0,0.0
13915,instagram,turnbulldave,3,twitter,turnbull_dave,simple_name_prefix3:tur,0.7224,1.056,1.0,0.0,0.0
7875,googleplus,chrislittler1,3,twitter,chrislittler,simple_name_prefix3:chr,0.7224,1.056,1.0,0.0,0.0
13228,googleplus,shawnkeating,13228,instagram,shawntkeating,simple_name_prefix3:sha,0.7224,1.056,1.0,0.0,0.0
9593,instagram,iangmcconnell,3,twitter,ianmcconnell,simple_name_prefix3:ian,0.7224,1.056,1.0,0.0,0.0
7870,googleplus,chrishartley,3,twitter,chrisdhartley,simple_name_prefix3:chr,0.7224,1.056,1.0,0.0,0.0
3804,googleplus,shaunalittle,3,twitter,shauna_little,simple_name_prefix3:sha,0.7224,1.056,1.0,0.0,0.0
7522,googleplus,bradfriedman,7522,instagram,brad.friedman,simple_name_prefix3:bra,0.7224,1.056,1.0,0.0,0.0
11667,instagram,michbrinson,3,twitter,michbrinson,simple_name_prefix3:mic,0.7223529411764706,1.1,0.9411764705882353,0.0,0.0
9150,googleplus,garyware,9150,instagram,garyware,simple_name_prefix3:gar,0.7223529411764706,1.1,0.9411764705882353,0.0,0.0
13295,instagram,sionrees,3,twitter,sionrees,simple_name_prefix3:sio,0.7223529411764706,1.1,0.9411764705882353,0.0,0.0
8752,googleplus,emmiejae,8752,instagram,emmiejae,simple_name_prefix3:emm,0.7223529411764706,1.1,0.9411764705882353,0.0,0.0
4025,googleplus,tonyvink,3,twitter,tonyvink,simple_name_prefix3:ton,0.7223529411764706,1.1,0.9411764705882353,0.0,0.0
8624,instagram,fashionnextdoor,3,twitter,fashionnextdoor,simple_name_prefix3:fas,0.7223529411764706,1.1,0.9411764705882353,0.0,0.0
4323,instagram,altepper,3,twitter,altepper,simple_name_prefix3:alt,0.7223529411764706,1.1,0.9411764705882353,0.0,0.0
10492,instagram,sadeceka,3,twitter,sadeceka,simple_name_prefix3:sad,0.7223529411764706,1.1,0.9411764705882353,0.0,0.0
12689,googleplus,renelego,3,twitter,renelego,simple_name_prefix3:ren,0.7223529411764706,1.1,0.9411764705882353,0.0,0.0
7769,instagram,cmtzr,3,twitter,cmtzr,simple_name_prefix3:cmt,0.7223529411764706,1.1,0.9411764705882353,0.0,0.0
5261,instagram,jenrusso,3,twitter,jenrusso,simple_name_prefix3:jen,0.7223529411764706,1.1,0.9411764705882353,0.0,0.0
5953,instagram,narpole,3,twitter,narpole,simple_name_prefix3:nar,0.7223529411764706,1.1,0.9411764705882353,0.0,0.0
7717,instagram,caroquezadac,3,twitter,caroquezadac,simple_name_prefix3:car,0.7223529411764706,1.1,0.9411764705882353,0.0,0.0
2919,googleplus,lentrace,3,twitter,lentrace,simple_name_prefix3:len,0.7223529411764706,1.1,0.9411764705882353,0.0,0.0
11582,instagram,73w,3,twitter,73w,simple_name_prefix3:73w,0.7223529411764706,1.1,0.9411764705882353,0.0,0.0
11181,instagram,madame_bijoux,3,twitter,madame_bijoux,simple_name_prefix3:mad,0.7223529411764706,1.1,0.9411764705882353,0.0,0.0
3926,googleplus,syrinxza,3,twitter,syrinxza,simple_name_prefix3:syr,0.7223529411764706,1.1,0.9411764705882353,0.0,0.0
13134,instagram,sebas8gonzalez,3,twitter,sebas8gonzalez,simple_name_prefix3:seb,0.7223529411764706,1.1,0.9411764705882353,0.0,0.0
8109,instagram,customizedwalls,3,twitter,customizedwalls,simple_name_prefix3:cus,0.7218181818181819,1.1,0.2727272727272727,1.0,0.0
5762,instagram,mickiselvitella,3,twitter,mickiselvitella,simple_name_prefix3:mic,0.7218181818181819,1.1,0.2727272727272727,1.0,0.0
8629,instagram,eddie_e65,3,twitter,eddie_e65,simple_name_prefix3:edd,0.7218181818181819,1.1,0.2727272727272727,1.0,0.0
10018,instagram,jenvargas,3,twitter,jenvargas,simple_name_prefix3:jen,0.7218181818181819,1.1,0.2727272727272727,1.0,0.0
10627,instagram,kaburkhardt,3,twitter,kaburkhardt,simple_name_prefix3:kab,0.7212500000000001,1.1,0.9375,0.0,0.0
12552,instagram,qurban_m,3,twitter,qurban_m,simple_name_prefix3:qur,0.7212500000000001,1.1,0.9375,0.0,0.0
13226,instagram,shawnmor,3,twitter,shawnmor,simple_name_prefix3:sha,0.7212500000000001,1.1,0.9375,0.0,0.0
12979,instagram,sagonus,3,twitter,sagonus,simple_name_prefix3:sag,0.7212500000000001,1.1,0.9375,0.0,0.0
8118,instagram,cynthiakseymour,3,twitter,cynthiakseymour,simple_name_prefix3:cyn,0.7212500000000001,1.1,0.9375,0.0,0.0
9689,googleplus,israelresendez,3,twitter,israelresendez,simple_name_prefix3:isr,0.7212500000000001,1.1,0.9375,0.0,0.0
5388,instagram,jrichardson76,3,twitter,jrichardson76,simple_name_prefix3:jri,0.7212500000000001,1.1,0.9375,0.0,0.0
13386,instagram,stacieinatlanta,3,twitter,stacieinatlanta,simple_name_prefix3:sta,0.7212500000000001,1.1,0.9375,0.0,0.0
12798,instagram,spinstyle,3,twitter,spinstyle,simple_name_prefix3:spi,0.7212500000000001,1.1,0.9375,0.0,0.0
4375,instagram,andrew_shenouda,3,twitter,andrew_shenouda,simple_name_prefix3:and,0.7212500000000001,1.1,0.9375,0.0,0.0
10026,googleplus,jeremyawilliams,10026,instagram,jeremyawilliams,simple_name_prefix3:jer,0.7212500000000001,1.1,0.9375,0.0,0.0
7331,instagram,bagusanugrah,3,twitter,bagusanugrah,simple_name_prefix3:bag,0.7212500000000001,1.1,0.9375,0.0,0.0
12886,instagram,ronlocke,3,twitter,ronlocke,simple_name_prefix3:ron,0.7212500000000001,1.1,0.9375,0.0,0.0
10031,googleplus,jeremyfranklin,10031,instagram,jeremyfranklin,simple_name_prefix3:jer,0.7212500000000001,1.1,0.9375,0.0,0.0
8407,instagram,smithosis,3,twitter,smithosis,simple_name_prefix3:smi,0.721081081081081,1.1,0.2702702702702703,1.0,0.0
12863,instagram,rokck,3,twitter,rokck,simple_name_prefix3:rok,0.721081081081081,1.1,0.2702702702702703,1.0,0.0
6911,instagram,alioh,3,twitter,alioh,simple_name_prefix3:ali,0.721081081081081,1.1,0.2702702702702703,1.0,0.0
14253,instagram,yasservidal,3,twitter,yasser_vidal,simple_name_prefix3:yas,0.7208695652173913,1.0521739130434784,1.0,0.0,0.0
7332,googleplus,bahadrtezer,7332,instagram,bahadirtezer,simple_name_prefix3:bah,0.7208695652173913,1.0521739130434784,1.0,0.0,0.0
6655,googleplus,aaronfisher,6655,instagram,aaronpfisher,simple_name_prefix3:aar,0.7208695652173913,1.0521739130434784,1.0,0.0,0.0
6884,googleplus,alexmizrahi1,6884,instagram,alexmizrahi,simple_name_prefix3:ale,0.7208695652173913,1.0521739130434784,1.0,0.0,0.0
8438,googleplus,davegerhart1,8438,instagram,davegerhart,simple_name_prefix3:dav,0.7208695652173913,1.0521739130434784,1.0,0.0,0.0
8292,googleplus,davidcorpuz,8292,instagram,david_corpuz,simple_name_prefix3:dav,0.7208695652173913,1.0521739130434784,1.0,0.0,0.0
13055,googleplus,sarapollock,13055,instagram,saratpollock,simple_name_prefix3:sar,0.7208695652173913,1.0521739130434784,1.0,0.0,0.0
7603,googleplus,brunnocmara,7603,instagram,brunnocamara,simple_name_prefix3:bru,0.7208695652173913,1.0521739130434784,1.0,0.0,0.0
1418,googleplus,alexboiciuc,3,twitter,alex_boiciuc,simple_name_prefix3:ale,0.7208695652173913,1.0521739130434784,1.0,0.0,0.0
11120,instagram,lucioscarpa,3,twitter,lucio_scarpa,simple_name_prefix3:luc,0.7208695652173913,1.0521739130434784,1.0,0.0,0.0
13991,googleplus,menorcablue,13991,instagram,menorca_blue,simple_name_prefix3:men,0.7208695652173913,1.0521739130434784,1.0,0.0,0.0
8842,instagram,evansanders,3,twitter,evan_sanders,simple_name_prefix3:eva,0.7208695652173913,1.0521739130434784,1.0,0.0,0.0
9434,googleplus,harrshankola,9434,instagram,harshankola,simple_name_prefix3:har,0.7208695652173913,1.0521739130434784,1.0,0.0,0.0
1039,googleplus,kennyguzmand,1039,instagram,kennyguzman,simple_name_prefix3:ken,0.7208695652173913,1.0521739130434784,1.0,0.0,0.0
9270,googleplus,glennthorpe,9270,instagram,glenn_thorpe,simple_name_prefix3:gle,0.7208695652173913,1.0521739130434784,1.0,0.0,0.0
7448,googleplus,biancasmith,7448,instagram,biancajsmith,simple_name_prefix3:bia,0.7208695652173913,1.0521739130434784,1.0,0.0,0.0
10688,googleplus,kevindevera,10688,instagram,kevinpdevera,simple_name_prefix3:kev,0.7208695652173913,1.0521739130434784,1.0,0.0,0.0
14295,googleplus,yvonneadele,3,twitter,yvonne_adele,simple_name_prefix3:yvo,0.7208695652173913,1.0521739130434784,1.0,0.0,0.0
12664,googleplus,ryandonovan,12664,instagram,ryan_donovan,simple_name_prefix3:rya,0.7208695652173913,1.0521739130434784,1.0,0.0,0.0
4214,instagram,aaronabbott,3,twitter,aaron_abbott,simple_name_prefix3:aar,0.7208695652173913,1.0521739130434784,1.0,0.0,0.0
11440,googleplus,matascasano,11440,instagram,matiascasano,simple_name_prefix3:mat,0.7208695652173913,1.0521739130434784,1.0,0.0,0.0
9311,googleplus,grahamwalsh,9311,instagram,graham_walsh,simple_name_prefix3:gra,0.7208695652173913,1.0521739130434784,1.0,0.0,0.0
11533,googleplus,mikemcbride,11533,instagram,mikemcbride9,simple_name_prefix3:mik,0.7208695652173913,1.0521739130434784,1.0,0.0,0.0
3805,googleplus,shaundaniel,3,twitter,shaun_daniel,simple_name_prefix3:sha,0.7208695652173913,1.0521739130434784,1.0,0.0,0.0
1914,googleplus,danielivnmx,3,twitter,danielivanmx,simple_name_prefix3:dan,0.7208695652173913,1.0521739130434784,1.0,0.0,0.0
7614,googleplus,bryankramer,7614,instagram,bryankramer1,simple_name_prefix3:bry,0.7208695652173913,1.0521739130434784,1.0,0.0,0.0
7613,googleplus,bryangarvin0,7613,instagram,bryangarvin,simple_name_prefix3:bry,0.7208695652173913,1.0521739130434784,1.0,0.0,0.0
8842,googleplus,evansanders1,8842,instagram,evansanders,simple_name_prefix3:eva,0.7208695652173913,1.0521739130434784,1.0,0.0,0.0
11196,googleplus,magnuskolsj,11196,instagram,magnuskolsjo,simple_name_prefix3:mag,0.7208695652173913,1.0521739130434784,1.0,0.0,0.0
3094,googleplus,martinstone,3,twitter,martinrstone,simple_name_prefix3:mar,0.7208695652173913,1.0521739130434784,1.0,0.0,0.0
2163,googleplus,erikafrancoa,3,twitter,erikafranco,simple_name_prefix3:eri,0.7208695652173913,1.0521739130434784,1.0,0.0,0.0
2652,googleplus,joeymendoza1,3,twitter,joeymendoza,simple_name_prefix3:joe,0.7208695652173913,1.0521739130434784,1.0,0.0,0.0
1960,googleplus,davidmarine,3,twitter,david_marine,simple_name_prefix3:dav,0.7208695652173913,1.0521739130434784,1.0,0.0,0.0
11111,googleplus,lucasblanco,3,twitter,lucasrblanco,simple_name_prefix3:luc,0.7208695652173913,1.0521739130434784,1.0,0.0,0.0
9811,googleplus,jamieleeong,3,twitter,jamielee_ong,simple_name_prefix3:jam,0.7208695652173913,1.0521739130434784,1.0,0.0,0.0
13215,googleplus,sharonflynn,13215,instagram,sharonlflynn,simple_name_prefix3:sha,0.7208695652173913,1.0521739130434784,1.0,0.0,0.0
2366,googleplus,haideralleg,3,twitter,haider_alleg,simple_name_prefix3:hai,0.7208695652173913,1.0521739130434784,1.0,0.0,0.0
13823,googleplus,tomviturino,3,twitter,tom_viturino,simple_name_prefix3:tom,0.7208695652173913,1.0521739130434784,1.0,0.0,0.0
7564,googleplus,brianhoward,7564,instagram,brianghoward,simple_name_prefix3:bri,0.7208695652173913,1.0521739130434784,1.0,0.0,0.0
7576,googleplus,briannagami,7576,instagram,brian_nagami,simple_name_prefix3:bri,0.7208695652173913,1.0521739130434784,1.0,0.0,0.0
8163,googleplus,danbergeron,8163,instagram,dangbergeron,simple_name_prefix3:dan,0.7208695652173913,1.0521739130434784,1.0,0.0,0.0
13277,googleplus,silviarossi,13277,instagram,silviarossig,simple_name_prefix3:sil,0.7208695652173913,1.0521739130434784,1.0,0.0,0.0
1256,googleplus,susanordona,1256,instagram,susanordona1,simple_name_prefix3:sus,0.7208695652173913,1.0521739130434784,1.0,0.0,0.0
11054,googleplus,loigroumois,11054,instagram,loig_roumois,simple_name_prefix3:loi,0.7208695652173913,1.0521739130434784,1.0,0.0,0.0
7759,googleplus,cecilialiao,7759,instagram,cecilia_liao,simple_name_prefix3:cec,0.7208695652173913,1.0521739130434784,1.0,0.0,0.0
9782,googleplus,jamesdonner,9782,instagram,jamesadonner,simple_name_prefix3:jam,0.7208695652173913,1.0521739130434784,1.0,0.0,0.0
12760,googleplus,rileybriggs,12760,instagram,rileyjbriggs,simple_name_prefix3:ril,0.7208695652173913,1.0521739130434784,1.0,0.0,0.0
1811,googleplus,chiprodgers3,3,twitter,chiprodgers,simple_name_prefix3:chi,0.7208695652173913,1.0521739130434784,1.0,0.0,0.0
13839,googleplus,tonymichael2,13839,instagram,tonymichael,simple_name_prefix3:ton,0.7208695652173913,1.0521739130434784,1.0,0.0,0.0
11201,googleplus,majalarsson,11201,instagram,maja_larsson,simple_name_prefix3:maj,0.7208695652173913,1.0521739130434784,1.0,0.0,0.0
9470,instagram,heatherdread,3,twitter,heatherread,simple_name_prefix3:hea,0.7208695652173913,1.0521739130434784,1.0,0.0,0.0
8105,googleplus,curtisguise,8105,instagram,curtis_guise,simple_name_prefix3:cur,0.7208695652173913,1.0521739130434784,1.0,0.0,0.0
14140,googleplus,wendyjordan,3,twitter,wendymjordan,simple_name_prefix3:wen,0.7208695652173913,1.0521739130434784,1.0,0.0,0.0
3826,googleplus,simonesmith,3,twitter,simonehsmith,simple_name_prefix3:sim,0.7208695652173913,1.0521739130434784,1.0,0.0,0.0
2833,googleplus,kitsuneshan,3,twitter,kitsune_shan,simple_name_prefix3:kit,0.7208695652173913,1.0521739130434784,1.0,0.0,0.0
12212,googleplus,oscarmangas,3,twitter,oscar_mangas,simple_name_prefix3:osc,0.7208695652173913,1.0521739130434784,1.0,0.0,0.0
9871,googleplus,jasonramsey,9871,instagram,jason_ramsey,simple_name_prefix3:jas,0.7208695652173913,1.0521739130434784,1.0,0.0,0.0
13509,instagram,sumeetmoghe,3,twitter,sumeet_moghe,simple_name_prefix3:sum,0.7208695652173913,1.0521739130434784,1.0,0.0,0.0
9962,googleplus,jeffcarroll1,9962,instagram,jeffcarroll,simple_name_prefix3:jef,0.7208695652173913,1.0521739130434784,1.0,0.0,0.0
7896,instagram,gizmomogwai2,3,twitter,gizmomogwai,simple_name_prefix3:giz,0.7208695652173913,1.0521739130434784,1.0,0.0,0.0
10087,googleplus,jesperhauge,10087,instagram,jesper.hauge,simple_name_prefix3:jes,0.7208695652173913,1.0521739130434784,1.0,0.0,0.0
12851,googleplus,rodrigoluna,12851,instagram,rodrigolunam,simple_name_prefix3:rod,0.7208695652173913,1.0521739130434784,1.0,0.0,0.0
7496,googleplus,bobbytravis,7496,instagram,bobby_travis,simple_name_prefix3:bob,0.7208695652173913,1.0521739130434784,1.0,0.0,0.0
4115,googleplus,walterwwelle,3,twitter,walterwelle,simple_name_prefix3:wal,0.7208695652173913,1.0521739130434784,1.0,0.0,0.0
1584,googleplus,atifernndez,3,twitter,atifernandez,simple_name_prefix3:ati,0.7208695652173913,1.0521739130434784,1.0,0.0,0.0
12045,googleplus,nickborelli,12045,instagram,nick.borelli,simple_name_prefix3:nic,0.7208695652173913,1.0521739130434784,1.0,0.0,0.0
12235,googleplus,ozgurcengiz,12235,instagram,ozgur_cengiz,simple_name_prefix3:ozg,0.7208695652173913,1.0521739130434784,1.0,0.0,0.0
12344,googleplus,paulharvey3,12344,instagram,paulrharvey3,simple_name_prefix3:pau,0.7208695652173913,1.0521739130434784,1.0,0.0,0.0
12600,googleplus,ralfvolkmer,12600,instagram,ralf_volkmer,simple_name_prefix3:ral,0.7208695652173913,1.0521739130434784,1.0,0.0,0.0
11345,instagram,markedwards1,3,twitter,markedwards,simple_name_prefix3:mar,0.7208695652173913,1.0521739130434784,1.0,0.0,0.0
13897,googleplus,tristanhall,13897,instagram,tristandhall,simple_name_prefix3:tri,0.7208695652173913,1.0521739130434784,1.0,0.0,0.0
8870,googleplus,evacastilla,3,twitter,eva_castilla,simple_name_prefix3:eva,0.7208695652173913,1.0521739130434784,1.0,0.0,0.0
3773,googleplus,scottsilver,3,twitter,scottlsilver,simple_name_prefix3:sco,0.7208695652173913,1.0521739130434784,1.0,0.0,0.0
8288,googleplus,davidbutler0,8288,instagram,davidbutler,simple_name_prefix3:dav,0.7208695652173913,1.0521739130434784,1.0,0.0,0.0
11757,googleplus,markinkrott,11757,instagram,mark_inkrott,simple_name_prefix3:mar,0.7208695652173913,1.0521739130434784,1.0,0.0,0.0
13580,googleplus,tanahoffman,13580,instagram,tanaihoffman,simple_name_prefix3:tan,0.7208695652173913,1.0521739130434784,1.0,0.0,0.0
7965,googleplus,clairecoady,3,twitter,claire_coady,simple_name_prefix3:cla,0.7208695652173913,1.0521739130434784,1.0,0.0,0.0
10230,googleplus,johnhardwick,10230,instagram,johhardwick,simple_name_prefix3:joh,0.7208695652173913,1.0521739130434784,1.0,0.0,0.0
9149,instagram,afromacnerd1,3,twitter,afromacnerd,simple_name_prefix3:afr,0.7208695652173913,1.0521739130434784,1.0,0.0,0.0
5724,instagram,paulomealha,3,twitter,paulo_mealha,simple_name_prefix3:pau,0.7208695652173913,1.0521739130434784,1.0,0.0,0.0
3560,googleplus,rainerjacob,3,twitter,rainerjacob1,simple_name_prefix3:rai,0.7208695652173913,1.0521739130434784,1.0,0.0,0.0
1024,googleplus,julienallam,1024,instagram,julien_allam,simple_name_prefix3:jul,0.7208695652173913,1.0521739130434784,1.0,0.0,0.0
9943,googleplus,jorgeacosta,3,twitter,jorge_acosta,simple_name_prefix3:jor,0.7208695652173913,1.0521739130434784,1.0,0.0,0.0
1493,googleplus,andrewbatesg,3,twitter,andrewbates,simple_name_prefix3:and,0.7208695652173913,1.0521739130434784,1.0,0.0,0.0
6948,googleplus,alyssawelch,6948,instagram,alyssaawelch,simple_name_prefix3:aly,0.7208695652173913,1.0521739130434784,1.0,0.0,0.0
1459,googleplus,amandalerch,3,twitter,amanda_lerch,simple_name_prefix3:ama,0.7208695652173913,1.0521739130434784,1.0,0.0,0.0
12610,instagram,ramon_artime,3,twitter,ramonartime,simple_name_prefix3:ram,0.7208695652173913,1.0521739130434784,1.0,0.0,0.0
6980,googleplus,amyforsythe,3,twitter,amy_forsythe,simple_name_prefix3:amy,0.7208695652173913,1.0521739130434784,1.0,0.0,0.0
6784,googleplus,ajarndonald,6784,instagram,ajarn_donald,simple_name_prefix3:aja,0.7208695652173913,1.0521739130434784,1.0,0.0,0.0
10447,googleplus,juliehunter,3,twitter,julie_hunter,simple_name_prefix3:jul,0.7208695652173913,1.0521739130434784,1.0,0.0,0.0
6947,googleplus,alygonzalez,3,instagram,aly_gonzalez,simple_name_prefix3:aly,0.7208695652173913,1.0521739130434784,1.0,0.0,0.0
1648,googleplus,bilalkabakl,3,twitter,bilalkabakli,simple_name_prefix3:bil,0.7208695652173913,1.0521739130434784,1.0,0.0,0.0
12710,googleplus,rhettallain1,12710,instagram,rhettallain,simple_name_prefix3:rhe,0.7208695652173913,1.0521739130434784,1.0,0.0,0.0
8576,googleplus,drewgriffin,8576,instagram,drewmgriffin,simple_name_prefix3:dre,0.7208695652173913,1.0521739130434784,1.0,0.0,0.0
10251,googleplus,johnmwhitney,3,twitter,johnwhitney,simple_name_prefix3:joh,0.7208695652173913,1.0521739130434784,1.0,0.0,0.0
1957,googleplus,davidhorton,3,twitter,davidahorton,simple_name_prefix3:dav,0.7208695652173913,1.0521739130434784,1.0,0.0,0.0
958,googleplus,hiralpandya,958,instagram,hiral_pandya,simple_name_prefix3:hir,0.7208695652173913,1.0521739130434784,1.0,0.0,0.0
1941,googleplus,davidaignerm,3,twitter,davidaigner,simple_name_prefix3:dav,0.7208695652173913,1.0521739130434784,1.0,0.0,0.0
11314,instagram,lvlayito,3,twitter,lvlayito,simple_name_prefix3:lvl,0.72,1.1,0.9333333333333333,0.0,0.0
10813,instagram,mellamokeanu,3,twitter,mellamokeanu,simple_name_prefix3:mel,0.72,1.1,0.26666666666666666,1.0,0.0
5539,instagram,plavinha,3,twitter,plavinha,simple_name_prefix3:pla,0.72,1.1,0.9333333333333333,0.0,0.0
4876,instagram,ejshoe,3,twitter,ejshoe,simple_name_prefix3:ejs,0.72,1.1,0.9333333333333333,0.0,0.0
8337,instagram,davidvb,3,twitter,davidvb,simple_name_prefix3:dav,0.72,1.1,0.9333333333333333,0.0,0.0
13026,googleplus,sandrabnoronha,3,twitter,sandrabnoronha,simple_name_prefix3:san,0.72,1.1,0.9333333333333333,0.0,0.0
8493,instagram,divanotrite,3,twitter,divanotrite,simple_name_prefix3:div,0.72,1.1,0.9333333333333333,0.0,0.0
10068,instagram,jesushs07,3,twitter,jesushs07,simple_name_prefix3:jes,0.72,1.1,0.26666666666666666,1.0,0.0
10055,instagram,jessevalley,3,twitter,jessevalley,simple_name_prefix3:jes,0.72,1.1,0.26666666666666666,1.0,0.0
10147,instagram,jmac303,3,twitter,jmac303,simple_name_prefix3:jma,0.72,1.1,0.9333333333333333,0.0,0.0
8733,instagram,emaurin,3,twitter,emaurin,simple_name_prefix3:ema,0.72,1.1,0.9333333333333333,0.0,0.0
10606,googleplus,kcchano,10606,instagram,kcchano,simple_name_prefix3:kcc,0.72,1.1,0.9333333333333333,0.0,0.0
10637,googleplus,kelseawilhelm,3,twitter,kelseawilhelm,simple_name_prefix3:kel,0.72,1.1,0.9333333333333333,0.0,0.0
4799,instagram,dhyandeepink,3,twitter,dhyandeepink,simple_name_prefix3:dhy,0.72,1.1,0.9333333333333333,0.0,0.0
10379,instagram,joycemsullivan,3,twitter,joycemsullivan,simple_name_prefix3:joy,0.72,1.1,0.9333333333333333,0.0,0.0
8015,googleplus,codypchristian,8015,instagram,codypchristian,simple_name_prefix3:cod,0.72,1.1,0.9333333333333333,0.0,0.0
8187,instagram,the1stdaughter,3,twitter,the1stdaughter,simple_name_prefix3:the,0.72,1.1,0.9333333333333333,0.0,0.0
10638,instagram,kelseyedoherty,3,twitter,kelseyedoherty,simple_name_prefix3:kel,0.72,1.1,0.9333333333333333,0.0,0.0
12522,instagram,princessnuria,3,twitter,princessnuria,simple_name_prefix3:pri,0.72,1.1,0.9333333333333333,0.0,0.0
1512,googleplus,anewczs,3,twitter,anewczs,simple_name_prefix3:ane,0.72,1.1,0.9333333333333333,0.0,0.0
9426,instagram,harpermd,3,twitter,harpermd,simple_name_prefix3:har,0.72,1.1,0.9333333333333333,0.0,0.0
8281,googleplus,davidprice,8281,instagram,davidaprice,simple_name_prefix3:dav,0.7190476190476192,1.0476190476190477,1.0,0.0,0.0
12956,googleplus,ryanmurphy,12956,instagram,ryanlmurphy,simple_name_prefix3:rya,0.7190476190476192,1.0476190476190477,1.0,0.0,0.0
12942,googleplus,russwalker,3,twitter,russ_walker,simple_name_prefix3:rus,0.7190476190476192,1.0476190476190477,1.0,0.0,0.0
1067,googleplus,stephenlee,1067,instagram,stephenalee,simple_name_prefix3:ste,0.7190476190476192,1.0476190476190477,1.0,0.0,0.0
3648,googleplus,robertlach,3,twitter,robert_lach,simple_name_prefix3:rob,0.7190476190476192,1.0476190476190477,1.0,0.0,0.0
10517,googleplus,karenclark,10517,instagram,karenmclark,simple_name_prefix3:kar,0.7190476190476192,1.0476190476190477,1.0,0.0,0.0
10528,instagram,karimellis1,3,twitter,karimellis,simple_name_prefix3:kar,0.7190476190476192,1.0476190476190477,1.0,0.0,0.0
10200,instagram,epicsaurus1,3,twitter,epicsaurus,simple_name_prefix3:epi,0.7190476190476192,1.0476190476190477,1.0,0.0,0.0
2398,googleplus,henriolama,3,twitter,henri_olama,simple_name_prefix3:hen,0.7190476190476192,1.0476190476190477,1.0,0.0,0.0
778,googleplus,blakeayers,778,instagram,blakejayers,simple_name_prefix3:bla,0.7190476190476192,1.0476190476190477,1.0,0.0,0.0
8258,googleplus,daveclarke1,3,twitter,daveclarke,simple_name_prefix3:dav,0.7190476190476192,1.0476190476190477,1.0,0.0,0.0
12680,googleplus,remelehane,12680,instagram,reme.lehane,simple_name_prefix3:rem,0.7190476190476192,1.0476190476190477,1.0,0.0,0.0
13050,googleplus,sarahnance,13050,instagram,sarahrnance,simple_name_prefix3:sar,0.7190476190476192,1.0476190476190477,1.0,0.0,0.0
8062,googleplus,craigcrook,8062,instagram,craigdcrook,simple_name_prefix3:cra,0.7190476190476192,1.0476190476190477,1.0,0.0,0.0
6693,googleplus,adamcoomes1,6693,instagram,adamcoomes,simple_name_prefix3:ada,0.7190476190476192,1.0476190476190477,1.0,0.0,0.0
11872,googleplus,joemontoya,11872,instagram,joe_montoya,simple_name_prefix3:joe,0.7190476190476192,1.0476190476190477,1.0,0.0,0.0
8829,googleplus,erinwatson4,8829,instagram,erinwatson,simple_name_prefix3:eri,0.7190476190476192,1.0476190476190477,1.0,0.0,0.0
8410,googleplus,derekmeyer,8410,instagram,derek_meyer,simple_name_prefix3:der,0.7190476190476192,1.0476190476190477,1.0,0.0,0.0
8619,googleplus,earlreagan,8619,instagram,earl_reagan,simple_name_prefix3:ear,0.7190476190476192,1.0476190476190477,1.0,0.0,0.0
6959,googleplus,amandaryan,6959,instagram,amandadryan,simple_name_prefix3:ama,0.7190476190476192,1.0476190476190477,1.0,0.0,0.0
10013,googleplus,jennytuazon,10013,instagram,jennytuazn,simple_name_prefix3:jen,0.7190476190476192,1.0476190476190477,1.0,0.0,0.0
10001,googleplus,jenngrover,10001,instagram,jenn_grover,simple_name_prefix3:jen,0.7190476190476192,1.0476190476190477,1.0,0.0,0.0
2881,googleplus,landonbaine,3,twitter,landonbane,simple_name_prefix3:lan,0.7190476190476192,1.0476190476190477,1.0,0.0,0.0
1807,googleplus,cherylcope,3,twitter,cheryljcope,simple_name_prefix3:che,0.7190476190476192,1.0476190476190477,1.0,0.0,0.0
2998,googleplus,lynelabrie,3,twitter,lyne_labrie,simple_name_prefix3:lyn,0.7190476190476192,1.0476190476190477,1.0,0.0,0.0
12335,googleplus,paulinenee,12335,instagram,pauline_nee,simple_name_prefix3:pau,0.7190476190476192,1.0476190476190477,1.0,0.0,0.0
1290,googleplus,troymorris,1290,instagram,troyjmorris,simple_name_prefix3:tro,0.7190476190476192,1.0476190476190477,1.0,0.0,0.0
11975,googleplus,natetaylor,11975,instagram,natejtaylor,simple_name_prefix3:nat,0.7190476190476192,1.0476190476190477,1.0,0.0,0.0
12324,googleplus,paulcripps,12324,instagram,pauljcripps,simple_name_prefix3:pau,0.7190476190476192,1.0476190476190477,1.0,0.0,0.0
12263,googleplus,pamvickers,3,twitter,pam_vickers,simple_name_prefix3:pam,0.7190476190476192,1.0476190476190477,1.0,0.0,0.0
7190,googleplus,arielcohenn,3,twitter,arielcohen,simple_name_prefix3:ari,0.7190476190476192,1.0476190476190477,1.0,0.0,0.0
7127,googleplus,annakotika,7127,instagram,anna_kotika,simple_name_prefix3:ann,0.7190476190476192,1.0476190476190477,1.0,0.0,0.0
14107,googleplus,waelhaydar,3,twitter,wael_haydar,simple_name_prefix3:wae,0.7190476190476192,1.0476190476190477,1.0,0.0,0.0
10563,googleplus,katetalbot,10563,instagram,katetalbot2,simple_name_prefix3:kat,0.7190476190476192,1.0476190476190477,1.0,0.0,0.0
2892,googleplus,lauracozzi,3,twitter,laurajcozzi,simple_name_prefix3:lau,0.7190476190476192,1.0476190476190477,1.0,0.0,0.0
2140,googleplus,emilienrot,3,twitter,emilienerot,simple_name_prefix3:emi,0.7190476190476192,1.0476190476190477,1.0,0.0,0.0
14031,googleplus,vickiayala,14031,instagram,vickieayala,simple_name_prefix3:vic,0.7190476190476192,1.0476190476190477,1.0,0.0,0.0
13592,googleplus,tarikraiss,13592,instagram,tarik_raiss,simple_name_prefix3:tar,0.7190476190476192,1.0476190476190477,1.0,0.0,0.0
2485,googleplus,irmagivens,3,twitter,irma_givens,simple_name_prefix3:irm,0.7190476190476192,1.0476190476190477,1.0,0.0,0.0
4196,googleplus,zafarhasan,3,twitter,zafarhasan2,simple_name_prefix3:zaf,0.7190476190476192,1.0476190476190477,1.0,0.0,0.0
10410,googleplus,juanbentez,10410,instagram,juanbenitez,simple_name_prefix3:jua,0.7190476190476192,1.0476190476190477,1.0,0.0,0.0
1131,googleplus,neilhughes,1131,instagram,neil_hughes,simple_name_prefix3:nei,0.7190476190476192,1.0476190476190477,1.0,0.0,0.0
12317,googleplus,paulandrew,12317,instagram,paulwandrew,simple_name_prefix3:pau,0.7190476190476192,1.0476190476190477,1.0,0.0,0.0
7968,googleplus,clarasoler,7968,instagram,clara_soler,simple_name_prefix3:cla,0.7190476190476192,1.0476190476190477,1.0,0.0,0.0
12848,googleplus,rodrigoamm,3,twitter,rodrigoamem,simple_name_prefix3:rod,0.7190476190476192,1.0476190476190477,1.0,0.0,0.0
10319,googleplus,josea.navas,3,twitter,joseanavas,simple_name_prefix3:jos,0.7190476190476192,1.0476190476190477,1.0,0.0,0.0
9915,googleplus,jaystewart2,9915,instagram,jaystewart,simple_name_prefix3:jay,0.7190476190476192,1.0476190476190477,1.0,0.0,0.0
1748,googleplus,caramoulds1,3,twitter,caramoulds,simple_name_prefix3:car,0.7190476190476192,1.0476190476190477,1.0,0.0,0.0
12834,googleplus,roccoruffa,12834,instagram,rocco_ruffa,simple_name_prefix3:roc,0.7190476190476192,1.0476190476190477,1.0,0.0,0.0
7635,googleplus,buraktylek,3,twitter,buraktuylek,simple_name_prefix3:bur,0.7190476190476192,1.0476190476190477,1.0,0.0,0.0
10354,googleplus,joshhilden,3,twitter,josh_hilden,simple_name_prefix3:jos,0.7190476190476192,1.0476190476190477,1.0,0.0,0.0
9107,googleplus,gabelittle,9107,instagram,gabe_little,simple_name_prefix3:gab,0.7190476190476192,1.0476190476190477,1.0,0.0,0.0
7301,googleplus,averydavis,7301,instagram,avery_davis,simple_name_prefix3:ave,0.7190476190476192,1.0476190476190477,1.0,0.0,0.0
7396,googleplus,benitoroig,7396,instagram,benito_roig,simple_name_prefix3:ben,0.7190476190476192,1.0476190476190477,1.0,0.0,0.0
11949,googleplus,nancybrown,11949,instagram,nancydbrown,simple_name_prefix3:nan,0.7190476190476192,1.0476190476190477,1.0,0.0,0.0
1110,googleplus,micheleceo,1110,instagram,michele_ceo,simple_name_prefix3:mic,0.7190476190476192,1.0476190476190477,1.0,0.0,0.0
13794,googleplus,toddwaller1,13794,instagram,toddwaller,simple_name_prefix3:tod,0.7190476190476192,1.0476190476190477,1.0,0.0,0.0
8101,googleplus,curiosoecia,8101,instagram,curiosocia,simple_name_prefix3:cur,0.7190476190476192,1.0476190476190477,1.0,0.0,0.0
6039,instagram,queerkarma,3,twitter,queer_karma,simple_name_prefix3:que,0.7190476190476192,1.0476190476190477,1.0,0.0,0.0
11280,googleplus,marcsoares,3,twitter,marc_soares,simple_name_prefix3:mar,0.7190476190476192,1.0476190476190477,1.0,0.0,0.0
12208,googleplus,oscarsbowen,12208,instagram,oscarbowen,simple_name_prefix3:osc,0.7190476190476192,1.0476190476190477,1.0,0.0,0.0
9817,googleplus,janehamill,3,twitter,jane_hamill,simple_name_prefix3:jan,0.7190476190476192,1.0476190476190477,1.0,0.0,0.0
9810,googleplus,jamiehinks,9810,instagram,jamierhinks,simple_name_prefix3:jam,0.7190476190476192,1.0476190476190477,1.0,0.0,0.0
9864,googleplus,jasonlloyd,9864,instagram,jasonmlloyd,simple_name_prefix3:jas,0.7190476190476192,1.0476190476190477,1.0,0.0,0.0
3069,googleplus,mariopleej,3,twitter,marioplesej,simple_name_prefix3:mar,0.7190476190476192,1.0476190476190477,1.0,0.0,0.0
6661,googleplus,aaroncouch,6661,instagram,aaronrcouch,simple_name_prefix3:aar,0.7190476190476192,1.0476190476190477,1.0,0.0,0.0
8638,googleplus,edgarrondn,8638,instagram,edgarrondon,simple_name_prefix3:edg,0.7190476190476192,1.0476190476190477,1.0,0.0,0.0
10463,googleplus,juniorales,10463,instagram,junior_ales,simple_name_prefix3:jun,0.7190476190476192,1.0476190476190477,1.0,0.0,0.0
1727,googleplus,butchewing1,3,twitter,butchewing,simple_name_prefix3:but,0.7190476190476192,1.0476190476190477,1.0,0.0,0.0
970,googleplus,islametman,970,instagram,islam_etman,simple_name_prefix3:isl,0.7190476190476192,1.0476190476190477,1.0,0.0,0.0
8189,googleplus,danielleth,8189,instagram,daniellethe,simple_name_prefix3:dan,0.7190476190476192,1.0476190476190477,1.0,0.0,0.0
8218,googleplus,dannybooty,3,twitter,danny_booty,simple_name_prefix3:dan,0.7190476190476192,1.0476190476190477,1.0,0.0,0.0
11079,googleplus,louisabate,3,twitter,louis_abate,simple_name_prefix3:lou,0.7190476190476192,1.0476190476190477,1.0,0.0,0.0
12739,googleplus,richpalmer,12739,instagram,rich_palmer,simple_name_prefix3:ric,0.7190476190476192,1.0476190476190477,1.0,0.0,0.0
13004,instagram,sametcelik,3,twitter,samet_celik,simple_name_prefix3:sam,0.7190476190476192,1.0476190476190477,1.0,0.0,0.0
6781,googleplus,aitoramors,6781,instagram,aitoramoros,simple_name_prefix3:ait,0.7190476190476192,1.0476190476190477,1.0,0.0,0.0
13717,googleplus,thomassixt1,13717,instagram,thomassixt,simple_name_prefix3:tho,0.7190476190476192,1.0476190476190477,1.0,0.0,0.0
1612,googleplus,briandazme,3,twitter,briandiazme,simple_name_prefix3:bri,0.7190476190476192,1.0476190476190477,1.0,0.0,0.0
11343,googleplus,markwarner,11343,instagram,markcwarner,simple_name_prefix3:mar,0.7190476190476192,1.0476190476190477,1.0,0.0,0.0
13367,googleplus,spencerchen,13367,instagram,spencechen,simple_name_prefix3:spe,0.7190476190476192,1.0476190476190477,1.0,0.0,0.0
2531,googleplus,jamespryce,3,twitter,james_pryce,simple_name_prefix3:jam,0.7190476190476192,1.0476190476190477,1.0,0.0,0.0
8152,googleplus,danbeazley,3,twitter,dan_beazley,simple_name_prefix3:dan,0.7190476190476192,1.0476190476190477,1.0,0.0,0.0
2782,googleplus,kevinbanks,3,twitter,kevinjbanks,simple_name_prefix3:kev,0.7190476190476192,1.0476190476190477,1.0,0.0,0.0
11602,googleplus,metingnvar,11602,instagram,metingunvar,simple_name_prefix3:met,0.7190476190476192,1.0476190476190477,1.0,0.0,0.0
11109,googleplus,lucasbally1,11109,instagram,lucasbally,simple_name_prefix3:luc,0.7190476190476192,1.0476190476190477,1.0,0.0,0.0
1711,googleplus,brunobraga0,3,twitter,brunobraga,simple_name_prefix3:bru,0.7190476190476192,1.0476190476190477,1.0,0.0,0.0
13764,googleplus,tinaamirtha,3,twitter,tinamirtha,simple_name_prefix3:tin,0.7190476190476192,1.0476190476190477,1.0,0.0,0.0
7529,googleplus,bradstarks1,7529,instagram,bradstarks,simple_name_prefix3:bra,0.7190476190476192,1.0476190476190477,1.0,0.0,0.0
13746,googleplus,timhegberg,3,twitter,tim_hegberg,simple_name_prefix3:tim,0.7190476190476192,1.0476190476190477,1.0,0.0,0.0
13726,googleplus,tiagoleite,3,twitter,tiagoleitee,simple_name_prefix3:tia,0.7190476190476192,1.0476190476190477,1.0,0.0,0.0
7845,googleplus,chrismurphy,7845,instagram,chrismurph,simple_name_prefix3:chr,0.7190476190476192,1.0476190476190477,1.0,0.0,0.0
12078,googleplus,nidalsadeq,3,twitter,nidal_sadeq,simple_name_prefix3:nid,0.7190476190476192,1.0476190476190477,1.0,0.0,0.0
8489,googleplus,dioneyvtor,8489,instagram,dioneyvitor,simple_name_prefix3:dio,0.7190476190476192,1.0476190476190477,1.0,0.0,0.0
12948,instagram,scooterryan79,3,twitter,scooterryan79,simple_name_prefix3:sco,0.7185714285714286,1.1,0.9285714285714286,0.0,0.0
9897,instagram,jaxzin,3,twitter,jaxzin,simple_name_prefix3:jax,0.7185714285714286,1.1,0.9285714285714286,0.0,0.0
5470,instagram,khaimano,3,twitter,khaimano,simple_name_prefix3:kha,0.7185714285714286,1.1,0.9285714285714286,0.0,0.0
8241,instagram,dawn_armfield,3,twitter,dawn_armfield,simple_name_prefix3:daw,0.7185714285714286,1.1,0.9285714285714286,0.0,0.0
8488,instagram,eartothenoise,3,twitter,eartothenoise,simple_name_prefix3:ear,0.7185714285714286,1.1,0.9285714285714286,0.0,0.0
1879,googleplus,corvedacosta,3,twitter,corvedacosta,simple_name_prefix3:cor,0.7185714285714286,1.1,0.9285714285714286,0.0,0.0
5090,instagram,haylymick,3,twitter,haylymick,simple_name_prefix3:hay,0.7185714285714286,1.1,0.9285714285714286,0.0,0.0
8661,instagram,egoant,3,twitter,egoant,simple_name_prefix3:ego,0.7185714285714286,1.1,0.9285714285714286,0.0,0.0
11658,instagram,michaelwuensch,3,twitter,michaelwuensch,simple_name_prefix3:mic,0.7185714285714286,1.1,0.9285714285714286,0.0,0.0
7672,instagram,candicecendana,3,twitter,candicecendana,simple_name_prefix3:can,0.7185714285714286,1.1,0.9285714285714286,0.0,0.0
10869,googleplus,larryjgalante,10869,instagram,larryjgalante,simple_name_prefix3:lar,0.7185714285714286,1.1,0.9285714285714286,0.0,0.0
1009,googleplus,jjustinwilson,1009,instagram,jjustinwilson,simple_name_prefix3:jju,0.7185714285714286,1.1,0.9285714285714286,0.0,0.0
7580,googleplus,briantmarquis,7580,instagram,briantmarquis,simple_name_prefix3:bri,0.7185714285714286,1.1,0.9285714285714286,0.0,0.0
13782,instagram,metrogeek7,3,twitter,metrogeek7,simple_name_prefix3:met,0.7185714285714286,1.1,0.9285714285714286,0.0,0.0
13048,instagram,sarahkscoular,3,twitter,sarahkscoular,simple_name_prefix3:sar,0.7185714285714286,1.1,0.9285714285714286,0.0,0.0
11796,instagram,metamje,3,twitter,metamje,simple_name_prefix3:met,0.7185714285714286,1.1,0.9285714285714286,0.0,0.0
8339,googleplus,davidvkimball,8339,instagram,davidvkimball,simple_name_prefix3:dav,0.7185714285714286,1.1,0.9285714285714286,0.0,0.0
12866,instagram,romikxp,3,twitter,romikxp,simple_name_prefix3:rom,0.7182608695652175,1.1,0.2608695652173913,1.0,0.0
9672,instagram,insurgo222,3,twitter,insurgo222,simple_name_prefix3:ins,0.7182608695652175,1.1,0.2608695652173913,1.0,0.0
5358,instagram,japangaijin,3,twitter,japangaijin,simple_name_prefix3:jap,0.7182608695652175,1.1,0.2608695652173913,1.0,0.0
7665,instagram,chsafterdark,3,twitter,chsafterdark,simple_name_prefix3:chs,0.7182608695652175,1.1,0.2608695652173913,1.0,0.0
7960,instagram,cjankow,3,twitter,cjankow,simple_name_prefix3:cja,0.7182608695652175,1.1,0.2608695652173913,1.0,0.0
5505,instagram,krystipryde,3,twitter,krystipryde,simple_name_prefix3:kry,0.7182608695652175,1.1,0.2608695652173913,1.0,0.0
10582,instagram,katieglantz,3,twitter,katieglantz,simple_name_prefix3:kat,0.7182608695652175,1.1,0.2608695652173913,1.0,0.0
1439,googleplus,alimostofian,3,twitter,alimostofian,simple_name_prefix3:ali,0.718048780487805,1.1,0.926829268292683,0.0,0.0
9404,instagram,haniws,3,twitter,haniws,simple_name_prefix3:han,0.7174193548387098,1.1,0.25806451612903225,1.0,0.0
4647,instagram,citizenrobot,3,twitter,citizenrobot,simple_name_prefix3:cit,0.7174193548387098,1.1,0.25806451612903225,1.0,0.0
11376,instagram,marlonhodge,3,twitter,marlonhodge,simple_name_prefix3:mar,0.716923076923077,1.1,0.9230769230769231,0.0,0.0
11406,googleplus,martinsabag,11406,instagram,martinsabag,simple_name_prefix3:mar,0.716923076923077,1.1,0.9230769230769231,0.0,0.0
3654,googleplus,robertslinn,3,twitter,robertslinn,simple_name_prefix3:rob,0.716923076923077,1.1,0.9230769230769231,0.0,0.0
12664,instagram,ryan_donovan,3,twitter,ryan_donovan,simple_name_prefix3:rya,0.716923076923077,1.1,0.9230769230769231,0.0,0.0
2765,googleplus,karentingen,3,twitter,karentingen,simple_name_prefix3:kar,0.716923076923077,1.1,0.9230769230769231,0.0,0.0
10712,instagram,kikaps,3,twitter,kikaps,simple_name_prefix3:kik,0.716923076923077,1.1,0.9230769230769231,0.0,0.0
8608,instagram,dwydim,3,twitter,dwydim,simple_name_prefix3:dwy,0.716923076923077,1.1,0.9230769230769231,0.0,0.0
5053,instagram,andes360,3,twitter,andes360,simple_name_prefix3:and,0.716923076923077,1.1,0.9230769230769231,0.0,0.0
4362,instagram,andresfranco,3,twitter,andresfranco,simple_name_prefix3:and,0.716923076923077,1.1,0.9230769230769231,0.0,0.0
12472,instagram,pjbeyer,3,twitter,pjbeyer,simple_name_prefix3:pjb,0.716923076923077,1.1,0.9230769230769231,0.0,0.0
5221,instagram,jasonwomack,3,twitter,jasonwomack,simple_name_prefix3:jas,0.716923076923077,1.1,0.9230769230769231,0.0,0.0
2072,googleplus,dordaz,3,twitter,dordaz,simple_name_prefix3:dor,0.716923076923077,1.1,0.9230769230769231,0.0,0.0
12003,googleplus,nealffischer,12003,instagram,nealffischer,simple_name_prefix3:nea,0.716923076923077,1.1,0.9230769230769231,0.0,0.0
6362,instagram,susan_m_steele,3,twitter,susan_m_steele,simple_name_prefix3:sus,0.716923076923077,1.1,0.9230769230769231,0.0,0.0
5240,instagram,jeeuno,3,twitter,jeeuno,simple_name_prefix3:jee,0.716923076923077,1.1,0.9230769230769231,0.0,0.0
11231,googleplus,manubordera,11231,instagram,manubordera,simple_name_prefix3:man,0.716923076923077,1.1,0.9230769230769231,0.0,0.0
8749,googleplus,emkwan,8749,instagram,emkwan,simple_name_prefix3:emk,0.716923076923077,1.1,0.9230769230769231,0.0,0.0
8610,instagram,dxllyexposito,3,twitter,dxllyexposito,simple_name_prefix3:dxl,0.716923076923077,1.1,0.9230769230769231,0.0,0.0
5912,instagram,olivialtaylor,3,twitter,olivialtaylor,simple_name_prefix3:oli,0.716923076923077,1.1,0.9230769230769231,0.0,0.0
9184,instagram,genosbil,3,twitter,genosbil,simple_name_prefix3:gen,0.716923076923077,1.1,0.9230769230769231,0.0,0.0
7807,instagram,roper2121,3,twitter,roper2121,simple_name_prefix3:rop,0.716923076923077,1.1,0.9230769230769231,0.0,0.0
4895,instagram,emantable,3,twitter,emantable,simple_name_prefix3:ema,0.716923076923077,1.1,0.9230769230769231,0.0,0.0
3123,googleplus,matthewchanmba,3,twitter,matthewchanmba,simple_name_prefix3:mat,0.716923076923077,1.1,0.9230769230769231,0.0,0.0
14032,instagram,realtor_vickie,3,twitter,realtor_vickie,simple_name_prefix3:rea,0.716923076923077,1.1,0.9230769230769231,0.0,0.0
10351,instagram,joshplague,3,twitter,joshplague,simple_name_prefix3:jos,0.716923076923077,1.1,0.9230769230769231,0.0,0.0
10117,instagram,jimnapier,3,twitter,jim_napier,simple_name_prefix3:jim,0.716842105263158,1.0421052631578949,1.0,0.0,0.0
11937,googleplus,nadirzkan,11937,instagram,nadirozkan,simple_name_prefix3:nad,0.716842105263158,1.0421052631578949,1.0,0.0,0.0
7038,googleplus,andrcedik,7038,instagram,andrecedik,simple_name_prefix3:and,0.716842105263158,1.0421052631578949,1.0,0.0,0.0
6967,googleplus,amenghani,3,twitter,ameenghani,simple_name_prefix3:ame,0.716842105263158,1.0421052631578949,1.0,0.0,0.0
6925,googleplus,allenward,6925,instagram,allen_ward,simple_name_prefix3:all,0.716842105263158,1.0421052631578949,1.0,0.0,0.0
9742,googleplus,jacksonlo,3,twitter,jackson_lo,simple_name_prefix3:jac,0.716842105263158,1.0421052631578949,1.0,0.0,0.0
12612,googleplus,ramnsesma,12612,instagram,ramonsesma,simple_name_prefix3:ram,0.716842105263158,1.0421052631578949,1.0,0.0,0.0
10102,googleplus,jimbarber,3,twitter,jim_barber,simple_name_prefix3:jim,0.716842105263158,1.0421052631578949,1.0,0.0,0.0
7078,googleplus,andybundy,3,twitter,andy_bundy,simple_name_prefix3:and,0.716842105263158,1.0421052631578949,1.0,0.0,0.0
3718,googleplus,ryogarcia,3,twitter,ryogarciia,simple_name_prefix3:ryo,0.716842105263158,1.0421052631578949,1.0,0.0,0.0
13017,googleplus,samstrick,13017,instagram,sam_strick,simple_name_prefix3:sam,0.716842105263158,1.0421052631578949,1.0,0.0,0.0
781,googleplus,bobbyblue,781,instagram,bobby4blue,simple_name_prefix3:bob,0.716842105263158,1.0421052631578949,1.0,0.0,0.0
7371,googleplus,beatesrum,7371,instagram,beatesorum,simple_name_prefix3:bea,0.716842105263158,1.0421052631578949,1.0,0.0,0.0
8156,instagram,dancondon,3,twitter,dan_condon,simple_name_prefix3:dan,0.716842105263158,1.0421052631578949,1.0,0.0,0.0
11112,instagram,lucasilva,3,twitter,luca_silva,simple_name_prefix3:luc,0.716842105263158,1.0421052631578949,1.0,0.0,0.0
10922,googleplus,leannekoh,10922,instagram,leanne_koh,simple_name_prefix3:lea,0.716842105263158,1.0421052631578949,1.0,0.0,0.0
2735,googleplus,juanmaflaf,3,twitter,juanmafla,simple_name_prefix3:jua,0.716842105263158,1.0421052631578949,1.0,0.0,0.0
12058,googleplus,nickstone,12058,instagram,nickpstone,simple_name_prefix3:nic,0.716842105263158,1.0421052631578949,1.0,0.0,0.0
11821,instagram,mohmd_issa,3,twitter,mohmdissa,simple_name_prefix3:moh,0.716842105263158,1.0421052631578949,1.0,0.0,0.0
8646,googleplus,edscanlan3,8646,instagram,edscanlan,simple_name_prefix3:eds,0.716842105263158,1.0421052631578949,1.0,0.0,0.0
10280,googleplus,jonhowson,3,twitter,jonwhowson,simple_name_prefix3:jon,0.716842105263158,1.0421052631578949,1.0,0.0,0.0
7531,instagram,bradwolff,3,twitter,brad_wolff,simple_name_prefix3:bra,0.716842105263158,1.0421052631578949,1.0,0.0,0.0
8745,instagram,emil_oberg,3,twitter,emiloberg,simple_name_prefix3:emi,0.716842105263158,1.0421052631578949,1.0,0.0,0.0
12901,googleplus,rossbrand,12901,instagram,rossbrand1,simple_name_prefix3:ros,0.716842105263158,1.0421052631578949,1.0,0.0,0.0
4789,instagram,suitemilk,3,twitter,suitemilk1,simple_name_prefix3:sui,0.716842105263158,1.0421052631578949,1.0,0.0,0.0
11972,googleplus,nateallenl,3,twitter,nateallen,simple_name_prefix3:nat,0.716842105263158,1.0421052631578949,1.0,0.0,0.0
1767,googleplus,carmondng,3,twitter,carmond_ng,simple_name_prefix3:car,0.716842105263158,1.0421052631578949,1.0,0.0,0.0
1999,googleplus,delfnpino,3,twitter,delfinpino,simple_name_prefix3:del,0.716842105263158,1.0421052631578949,1.0,0.0,0.0
2647,googleplus,joerobens,3,twitter,joe_robens,simple_name_prefix3:joe,0.716842105263158,1.0421052631578949,1.0,0.0,0.0
1665,googleplus,blablabox,3,twitter,blabla_box,simple_name_prefix3:bla,0.716842105263158,1.0421052631578949,1.0,0.0,0.0
8687,googleplus,davidmena,8687,instagram,david8mena,simple_name_prefix3:dav,0.716842105263158,1.0421052631578949,1.0,0.0,0.0
972,googleplus,stevenxue,972,instagram,stevenxuex,simple_name_prefix3:ste,0.716842105263158,1.0421052631578949,1.0,0.0,0.0
14181,googleplus,willlucas,3,twitter,will_lucas,simple_name_prefix3:wil,0.716842105263158,1.0421052631578949,1.0,0.0,0.0
13118,googleplus,stevecowie,3,twitter,stevecowe,simple_name_prefix3:ste,0.716842105263158,1.0421052631578949,1.0,0.0,0.0
3080,googleplus,markoters,3,twitter,markoteras,simple_name_prefix3:mar,0.716842105263158,1.0421052631578949,1.0,0.0,0.0
8345,googleplus,davispaul,3,twitter,davis_paul,simple_name_prefix3:dav,0.716842105263158,1.0421052631578949,1.0,0.0,0.0
13634,googleplus,teritemme,13634,instagram,teri.temme,simple_name_prefix3:ter,0.716842105263158,1.0421052631578949,1.0,0.0,0.0
6731,googleplus,adrianver,3,twitter,adrian_ver,simple_name_prefix3:adr,0.716842105263158,1.0421052631578949,1.0,0.0,0.0
10939,googleplus,leighreed2,10939,instagram,leighreed,simple_name_prefix3:lei,0.716842105263158,1.0421052631578949,1.0,0.0,0.0
10069,googleplus,jesuslugor,10069,instagram,jesuslugo,simple_name_prefix3:jes,0.716842105263158,1.0421052631578949,1.0,0.0,0.0
13820,googleplus,tompaulus0,13820,instagram,tompaulus,simple_name_prefix3:tom,0.716842105263158,1.0421052631578949,1.0,0.0,0.0
719,googleplus,adrieltan1,719,instagram,adrieltan,simple_name_prefix3:adr,0.716842105263158,1.0421052631578949,1.0,0.0,0.0
2027,googleplus,dianecohn1,3,twitter,dianecohn,simple_name_prefix3:dia,0.716842105263158,1.0421052631578949,1.0,0.0,0.0
13005,googleplus,samgordon,13005,instagram,samfgordon,simple_name_prefix3:sam,0.716842105263158,1.0421052631578949,1.0,0.0,0.0
13181,googleplus,sethwyatt,13181,instagram,sethjwyatt,simple_name_prefix3:set,0.716842105263158,1.0421052631578949,1.0,0.0,0.0
6636,instagram,doctorlai,3,twitter,doctorzlai,simple_name_prefix3:doc,0.716842105263158,1.0421052631578949,1.0,0.0,0.0
11719,googleplus,mikejeides,3,twitter,mikejeide,simple_name_prefix3:mik,0.716842105263158,1.0421052631578949,1.0,0.0,0.0
9861,googleplus,jasonkyles,9861,instagram,jasonkyle,simple_name_prefix3:jas,0.716842105263158,1.0421052631578949,1.0,0.0,0.0
9843,googleplus,jaroslawmarciuk,9843,instagram,jaroslaw_marciuk,simple_name_prefix3:jar,0.7161290322580647,1.0645161290322582,0.967741935483871,0.0,0.0
13572,instagram,talyssonoc,3,twitter,talyssonoc,simple_name_prefix3:tal,0.7156756756756757,1.1,0.918918918918919,0.0,0.0
10484,instagram,justkateitis,3,twitter,just_kate,simple_name_prefix3:jus,0.7152380952380952,0.8380952380952381,0.6,1.0,0.0
6023,instagram,pricvo,3,twitter,prie,simple_name_prefix3:pri,0.7151627906976745,0.66,0.8372093023255814,1.0,0.0
7982,instagram,koolestplay,3,twitter,koolestb,simple_name_prefix3:koo,0.7151196172248804,0.8105263157894737,0.6363636363636364,1.0,0.0
899,googleplus,erinboykin,899,instagram,erinboykin,simple_name_prefix3:eri,0.7150000000000001,1.1,0.9166666666666666,0.0,0.0
10368,instagram,joshuarmcgee,3,twitter,joshuarmcgee,simple_name_prefix3:jos,0.7150000000000001,1.1,0.9166666666666666,0.0,0.0
13777,instagram,tjgraf,3,twitter,tjgraf,simple_name_prefix3:tjg,0.7150000000000001,1.1,0.9166666666666666,0.0,0.0
9499,instagram,church_ill,3,twitter,church_ill,simple_name_prefix3:chu,0.7150000000000001,1.1,0.9166666666666666,0.0,0.0
3823,googleplus,silviprado,3,twitter,silviprado,simple_name_prefix3:sil,0.7150000000000001,1.1,0.9166666666666666,0.0,0.0
14360,googleplus,zulhamyusuf,14360,instagram,zulhamyusuf,simple_name_prefix3:zul,0.7150000000000001,1.1,0.9166666666666666,0.0,0.0
4566,instagram,byronbaker,3,twitter,byronbaker,simple_name_prefix3:byr,0.7150000000000001,1.1,0.9166666666666666,0.0,0.0
490,instagram,weareccad,3,twitter,weareccad,simple_name_prefix3:wea,0.7150000000000001,1.1,0.25,1.0,0.0
10360,googleplus,joshspeters,10360,instagram,joshspeters,simple_name_prefix3:jos,0.7150000000000001,1.1,0.9166666666666666,0.0,0.0
10848,instagram,uncommonchick,3,twitter,uncommonchick,simple_name_prefix3:unc,0.7150000000000001,1.1,0.9166666666666666,0.0,0.0
11783,instagram,mitb,3,twitter,mitb,simple_name_prefix3:mit,0.7150000000000001,1.1,0.25,1.0,0.0
10128,instagram,jithinjb,3,twitter,jithinjb,simple_name_prefix3:jit,0.7150000000000001,1.1,0.25,1.0,0.0
6148,instagram,bassofia,3,twitter,bassofia,simple_name_prefix3:bas,0.7150000000000001,1.1,0.9166666666666666,0.0,0.0
7554,instagram,briguyblock,3,twitter,briguyblock,simple_name_prefix3:bri,0.7150000000000001,1.1,0.9166666666666666,0.0,0.0
6259,instagram,shaunstutodc,3,twitter,shaunstutodc,simple_name_prefix3:sha,0.7150000000000001,1.1,0.9166666666666666,0.0,0.0
11258,instagram,ecram3,3,twitter,ecram3,simple_name_prefix3:ecr,0.7150000000000001,1.1,0.9166666666666666,0.0,0.0
8062,instagram,craigdcrook,3,twitter,craigdcrook,simple_name_prefix3:cra,0.7150000000000001,1.1,0.9166666666666666,0.0,0.0
9874,instagram,skycaptin5,3,twitter,skycaptin5,simple_name_prefix3:sky,0.7150000000000001,1.1,0.25,1.0,0.0
6704,instagram,adamy,3,twitter,adamy,simple_name_prefix3:ada,0.7150000000000001,1.1,0.25,1.0,0.0
3575,googleplus,rasulhasanov,3,twitter,rasulhasanov,simple_name_prefix3:ras,0.7150000000000001,1.1,0.9166666666666666,0.0,0.0
5467,instagram,kevinmnewby,3,twitter,kevinmnewby,simple_name_prefix3:kev,0.7150000000000001,1.1,0.9166666666666666,0.0,0.0
13479,instagram,stradefidc,3,twitter,stradefi,simple_name_prefix3:str,0.714640522875817,0.9777777777777779,0.4117647058823529,1.0,0.0
8946,instagram,felipegallardo,3,twitter,felipe_gallardo,simple_name_prefix3:fel,0.7144827586206898,1.0620689655172415,0.9655172413793104,0.0,0.0
5945,instagram,palindromepoppet,3,twitter,palindromepop,simple_name_prefix3:pal,0.7144827586206897,0.9862068965517242,0.4,1.0,0.0
10434,instagram,jugartenis,3,twitter,jugartenis,simple_name_prefix3:jug,0.7142857142857143,1.1,0.9142857142857143,0.0,0.0
11589,googleplus,meredithtennent,11589,instagram,meredithtennent,simple_name_prefix3:mer,0.7142857142857143,1.1,0.9142857142857143,0.0,0.0
13802,instagram,krelke,3,twitter,krelke,simple_name_prefix3:kre,0.7142857142857143,1.1,0.9142857142857143,0.0,0.0
13125,googleplus,seandent,13125,instagram,seanpdent,simple_name_prefix3:sea,0.7141176470588235,1.035294117647059,1.0,0.0,0.0
3710,googleplus,ryanhong,3,twitter,ryanjhong,simple_name_prefix3:rya,0.7141176470588235,1.035294117647059,1.0,0.0,0.0
12824,googleplus,robmoses,3,twitter,robmoses1,simple_name_prefix3:rob,0.7141176470588235,1.035294117647059,1.0,0.0,0.0
12806,googleplus,robertoalbertini,12806,instagram,robertoalbertinicr,simple_name_prefix3:rob,0.7141176470588235,1.035294117647059,1.0,0.0,0.0
6218,instagram,schopfer,3,twitter,schopferl,simple_name_prefix3:sch,0.7141176470588235,1.035294117647059,1.0,0.0,0.0
11285,googleplus,marcweil,11285,instagram,marc.weil,simple_name_prefix3:mar,0.7141176470588235,1.035294117647059,1.0,0.0,0.0
12390,googleplus,pepeyaez,12390,instagram,pepeyanez,simple_name_prefix3:pep,0.7141176470588235,1.035294117647059,1.0,0.0,0.0
8516,googleplus,doantran,3,twitter,doan_tran,simple_name_prefix3:doa,0.7141176470588235,1.035294117647059,1.0,0.0,0.0
10103,googleplus,jimgreen,3,twitter,jimbgreen,simple_name_prefix3:jim,0.7141176470588235,1.035294117647059,1.0,0.0,0.0
12210,googleplus,oscarcum,12210,instagram,oscarcumi,simple_name_prefix3:osc,0.7141176470588235,1.035294117647059,1.0,0.0,0.0
8280,instagram,davidalee,8316,googleplus,davidlee,simple_name_prefix3:dav,0.7141176470588235,1.035294117647059,1.0,0.0,0.0
10308,googleplus,jorgelen,3,twitter,jorgeleon,simple_name_prefix3:jor,0.7141176470588235,1.035294117647059,1.0,0.0,0.0
13912,googleplus,tunelmas,13912,instagram,tuncelmas,simple_name_prefix3:tun,0.7141176470588235,1.035294117647059,1.0,0.0,0.0
8267,googleplus,davehunt,3,twitter,davehunt2,simple_name_prefix3:dav,0.7141176470588235,1.035294117647059,1.0,0.0,0.0
12646,googleplus,rayc.loyd,12646,instagram,raycloyd,simple_name_prefix3:ray,0.7141176470588235,1.035294117647059,1.0,0.0,0.0
2867,googleplus,kylemonk1,3,twitter,kylemonk,simple_name_prefix3:kyl,0.7141176470588235,1.035294117647059,1.0,0.0,0.0
5242,instagram,sjbaxter1,3,twitter,sjbaxter,simple_name_prefix3:sjb,0.7141176470588235,1.035294117647059,1.0,0.0,0.0
12396,googleplus,pesaldas,12396,instagram,pesaldias,simple_name_prefix3:pes,0.7141176470588235,1.035294117647059,1.0,0.0,0.0
11741,googleplus,mikewood,3,twitter,mike_wood,simple_name_prefix3:mik,0.7141176470588235,1.035294117647059,1.0,0.0,0.0
14226,googleplus,xavigass,14226,instagram,xavigasso,simple_name_prefix3:xav,0.7141176470588235,1.035294117647059,1.0,0.0,0.0
8541,googleplus,donsmiths,8541,instagram,donsmith,simple_name_prefix3:don,0.7141176470588235,1.035294117647059,1.0,0.0,0.0
12421,googleplus,petrkuta,12421,instagram,petrskuta,simple_name_prefix3:pet,0.7141176470588235,1.035294117647059,1.0,0.0,0.0
14249,googleplus,yashsoni,14249,instagram,yash_soni,simple_name_prefix3:yas,0.7141176470588235,1.035294117647059,1.0,0.0,0.0
7187,instagram,ariasnjoe,3,twitter,ariasjoe,simple_name_prefix3:ari,0.7141176470588235,1.035294117647059,1.0,0.0,0.0
9432,googleplus,harshac85,3,twitter,harsha85,simple_name_prefix3:har,0.7141176470588235,1.035294117647059,1.0,0.0,0.0
11520,googleplus,mayhanna,11520,instagram,may_hanna,simple_name_prefix3:may,0.7141176470588235,1.035294117647059,1.0,0.0,0.0
1524,googleplus,anneroth,3,twitter,anne_roth,simple_name_prefix3:ann,0.7141176470588235,1.035294117647059,1.0,0.0,0.0
10857,googleplus,lanelima,10857,instagram,lane_lima,simple_name_prefix3:lan,0.7141176470588235,1.035294117647059,1.0,0.0,0.0
11205,instagram,makeeshaf,3,twitter,makeesha,simple_name_prefix3:mak,0.7141176470588235,1.035294117647059,1.0,0.0,0.0
1021,googleplus,janetroe,1021,instagram,janet_roe,simple_name_prefix3:jan,0.7141176470588235,1.035294117647059,1.0,0.0,0.0
8961,googleplus,fernandogallardosl,8961,instagram,fernandogallardo,simple_name_prefix3:fer,0.7141176470588235,1.035294117647059,1.0,0.0,0.0
11554,googleplus,meganorr,11554,instagram,megankorr,simple_name_prefix3:meg,0.7141176470588235,1.035294117647059,1.0,0.0,0.0
8157,googleplus,dancosta,8157,instagram,danscosta,simple_name_prefix3:dan,0.7141176470588235,1.035294117647059,1.0,0.0,0.0
11114,googleplus,lucasseco,11114,instagram,lucaseco,simple_name_prefix3:luc,0.7141176470588235,1.035294117647059,1.0,0.0,0.0
3,twitter,davidalee,8316,googleplus,davidlee,simple_name_prefix3:dav,0.7141176470588235,1.035294117647059,1.0,0.0,0.0
7972,googleplus,claseral,7972,instagram,claseraul,simple_name_prefix3:cla,0.7141176470588235,1.035294117647059,1.0,0.0,0.0
1012,googleplus,johnhead,1012,instagram,johndhead,simple_name_prefix3:joh,0.7141176470588235,1.035294117647059,1.0,0.0,0.0
1963,googleplus,dprindle1,3,twitter,dprindle,simple_name_prefix3:dpr,0.7141176470588235,1.035294117647059,1.0,0.0,0.0
6989,googleplus,anaalicialpez,6989,instagram,anaalicialopez,simple_name_prefix3:ana,0.7140262843488651,1.0592592592592593,0.967741935483871,0.0,0.0
6127,instagram,rogerinstag,3,twitter,rogercopa,simple_name_prefix3:rog,0.714,0.66,0.8333333333333334,1.0,0.0
8946,googleplus,felipgallardo,8946,instagram,felipegallardo,simple_name_prefix3:fel,0.7133588761174969,1.0592592592592593,0.9655172413793104,0.0,0.0
1070,googleplus,letrainfantme,1070,instagram,letrainfantome,simple_name_prefix3:let,0.7133588761174969,1.0592592592592593,0.9655172413793104,0.0,0.0
3267,googleplus,moissshemaria,3,twitter,moisesshemaria,simple_name_prefix3:moi,0.7133588761174969,1.0592592592592593,0.9655172413793104,0.0,0.0
6314,instagram,itsallstyletome,3,twitter,itsallstyletome,simple_name_prefix3:its,0.7127272727272729,1.1,0.24242424242424243,1.0,0.0
6189,instagram,gentlesam,3,twitter,gentlesam,simple_name_prefix3:gen,0.7127272727272729,1.1,0.24242424242424243,1.0,0.0
5647,instagram,marcelolobo,3,twitter,marcelolobo,simple_name_prefix3:mar,0.7127272727272729,1.1,0.24242424242424243,1.0,0.0
12437,instagram,philellis10,3,twitter,philellis10,simple_name_prefix3:phi,0.7127272727272728,1.1,0.9090909090909091,0.0,0.0
10642,instagram,kenekaplan,3,twitter,kenekaplan,simple_name_prefix3:ken,0.7127272727272728,1.1,0.9090909090909091,0.0,0.0
7833,instagram,cheryldlee,3,twitter,cheryldlee,simple_name_prefix3:che,0.7127272727272728,1.1,0.9090909090909091,0.0,0.0
6881,instagram,sixsteps,3,twitter,sixsteps,simple_name_prefix3:six,0.7127272727272728,1.1,0.9090909090909091,0.0,0.0
10505,googleplus,kamalbadawy,10505,instagram,kamalbadawy,simple_name_prefix3:kam,0.7127272727272728,1.1,0.9090909090909091,0.0,0.0
7147,googleplus,anthonystevven,7147,instagram,anthonystevven,simple_name_prefix3:ant,0.7127272727272728,1.1,0.9090909090909091,0.0,0.0
8983,instagram,fitrialiyaa,3,twitter,fitrialiyaa,simple_name_prefix3:fit,0.7127272727272728,1.1,0.9090909090909091,0.0,0.0
5386,instagram,jreakin,3,twitter,jreakin,simple_name_prefix3:jre,0.7127272727272728,1.1,0.9090909090909091,0.0,0.0
4499,instagram,bsoco,3,twitter,bsoco,simple_name_prefix3:bso,0.7127272727272728,1.1,0.9090909090909091,0.0,0.0
11235,instagram,manula_rs,3,twitter,manula_rs,simple_name_prefix3:man,0.7127272727272728,1.1,0.9090909090909091,0.0,0.0
11362,instagram,dbs_sticky,3,twitter,dbs_sticky,simple_name_prefix3:dbs,0.7127272727272728,1.1,0.9090909090909091,0.0,0.0
12750,instagram,rick_z,3,twitter,rick_z,simple_name_prefix3:ric,0.7127272727272728,1.1,0.9090909090909091,0.0,0.0
10039,googleplus,jeromesadou,10039,instagram,jeromesadou,simple_name_prefix3:jer,0.7127272727272728,1.1,0.9090909090909091,0.0,0.0
6885,googleplus,alexmwhite,6885,instagram,alexmwhite,simple_name_prefix3:ale,0.7127272727272728,1.1,0.9090909090909091,0.0,0.0
918,googleplus,filippoalbertin,918,instagram,filippoalbertin75,simple_name_prefix3:fil,0.7125,1.03125,1.0,0.0,0.0
11214,googleplus,mamaharriskitchen,3,twitter,mamaharriskitch,simple_name_prefix3:mam,0.7125,1.03125,1.0,0.0,0.0
11219,instagram,nando_em_brooklyn,3,twitter,nandoembrooklyn,simple_name_prefix3:nan,0.7125,1.03125,1.0,0.0,0.0
9043,googleplus,francoismathieuca,9043,instagram,francoismathieu,simple_name_prefix3:fra,0.7125,1.03125,1.0,0.0,0.0
14043,googleplus,victorvillar,14043,instagram,victorrvillar,simple_name_prefix3:vic,0.7120551724137931,1.056,0.9655172413793104,0.0,0.0
7503,instagram,bookkeepergirl,3,twitter,bookkeepergirl,simple_name_prefix3:boo,0.712,1.1,0.24,1.0,0.0
10400,instagram,jsaintemarie,3,twitter,jsaintemarie,simple_name_prefix3:jsa,0.7114285714285715,1.1,0.9047619047619048,0.0,0.0
12203,googleplus,oriolmendvil,12203,instagram,oriolmendivil,simple_name_prefix3:ori,0.7112888888888889,1.056,0.9629629629629629,0.0,0.0
478,googleplus,natashayoung,3,twitter,natashayounge,simple_name_prefix3:nat,0.7112888888888889,1.056,0.9629629629629629,0.0,0.0
12576,googleplus,rafaelknpfer,12576,instagram,rafaelknupfer,simple_name_prefix3:raf,0.7112888888888889,1.056,0.9629629629629629,0.0,0.0
478,googleplus,natashayoung,11970,instagram,natashayounge,simple_name_prefix3:nat,0.7112888888888889,1.056,0.9629629629629629,0.0,0.0
5347,instagram,jontubaman,3,twitter,jonathanrayburn,simple_name_prefix3:jon,0.7112,0.528,1.0,1.0,0.0
12808,googleplus,robertocamarajr,12808,instagram,robertocamarajr,simple_name_prefix3:rob,0.7109677419354838,1.1,0.9032258064516129,0.0,0.0
8890,googleplus,fabianoalmeidame,8890,instagram,fabianoalmeida,simple_name_prefix3:fab,0.7106666666666668,1.0266666666666668,1.0,0.0,0.0
6946,googleplus,alwynvelasquez01,3,twitter,alwynvelasquez,simple_name_prefix3:alw,0.7106666666666668,1.0266666666666668,1.0,0.0,0.0
9226,instagram,giampdj,3,twitter,giamp_dj,simple_name_prefix3:gia,0.7106666666666668,1.0266666666666668,0.3333333333333333,1.0,0.0
3558,googleplus,rahulps,3,twitter,rahulp_s,simple_name_prefix3:rah,0.7106666666666668,1.0266666666666668,1.0,0.0,0.0
12140,instagram,nvrcrysplledmlk,3,twitter,nvrcryspiledmlk,simple_name_prefix3:nvr,0.7106666666666668,1.0266666666666668,1.0,0.0,0.0
2319,googleplus,godswillakpabio,3,twitter,godswillakpabi0,simple_name_prefix3:god,0.7106666666666668,1.0266666666666668,1.0,0.0,0.0
9815,googleplus,janbush,9815,instagram,janbush2,simple_name_prefix3:jan,0.7106666666666668,1.0266666666666668,1.0,0.0,0.0
11164,googleplus,lynnhasselberger,11164,instagram,lynnhasselbrgr,simple_name_prefix3:lyn,0.7106666666666668,1.0266666666666668,1.0,0.0,0.0
749,googleplus,annkira,749,instagram,ann_kira,simple_name_prefix3:ann,0.7106666666666668,1.0266666666666668,1.0,0.0,0.0
10207,googleplus,joerobb,3,twitter,joelrobb,simple_name_prefix3:joe,0.7106666666666668,1.0266666666666668,1.0,0.0,0.0
9952,googleplus,jeartfa,9952,instagram,jeartofa,simple_name_prefix3:jea,0.7106666666666668,1.0266666666666668,1.0,0.0,0.0
11644,googleplus,michaelchadwick,3,twitter,michaeljchadwic,simple_name_prefix3:mic,0.7106666666666668,1.0266666666666668,1.0,0.0,0.0
5207,instagram,jaramae,3,twitter,jara_mae,simple_name_prefix3:jar,0.7106666666666668,1.0266666666666668,1.0,0.0,0.0
8473,googleplus,digallo1,3,twitter,digallo,simple_name_prefix3:dig,0.7106666666666668,1.0266666666666668,1.0,0.0,0.0
11398,googleplus,martinhoffmann85,11398,instagram,martinhoffmann,simple_name_prefix3:mar,0.7106666666666668,1.0266666666666668,1.0,0.0,0.0
9412,googleplus,hansvaneijsdennl,9412,instagram,hansvaneijsden,simple_name_prefix3:han,0.7106666666666668,1.0266666666666668,1.0,0.0,0.0
12875,googleplus,ronaldmartinezs,3,twitter,ronald_martinez,simple_name_prefix3:ron,0.7106666666666668,1.0266666666666668,1.0,0.0,0.0
1417,googleplus,alexandervikenit,3,twitter,alexanderviken,simple_name_prefix3:ale,0.7106666666666668,1.0266666666666668,1.0,0.0,0.0
8230,googleplus,socksonanoctopus,3,twitter,socksonoctopus,simple_name_prefix3:soc,0.7106666666666668,1.0266666666666668,1.0,0.0,0.0
6870,googleplus,alexandrepinto1,6870,instagram,alexandre_pinto,simple_name_prefix3:ale,0.7106666666666668,1.0266666666666668,1.0,0.0,0.0
6789,googleplus,ajomonz,3,twitter,ajomonzo,simple_name_prefix3:ajo,0.7106666666666668,1.0266666666666668,1.0,0.0,0.0
2896,googleplus,laverdadoculta2,3,twitter,laverdadoculta1,simple_name_prefix3:lav,0.7106666666666668,1.0266666666666668,1.0,0.0,0.0
13617,googleplus,tedgraf,13617,instagram,tedgrafx,simple_name_prefix3:ted,0.7106666666666668,1.0266666666666668,1.0,0.0,0.0
6372,instagram,tamhlachtpint,3,twitter,tamhlachtpint,simple_name_prefix3:tam,0.7105882352941177,1.1,0.23529411764705882,1.0,0.0
12422,instagram,petulaw,3,twitter,petula1968,simple_name_prefix3:pet,0.7105882352941177,0.7764705882352942,0.6666666666666666,1.0,0.0
5132,instagram,iconpooh,3,twitter,iconpooh,simple_name_prefix3:ico,0.7105882352941177,1.1,0.23529411764705882,1.0,0.0
9987,instagram,jellederoeck,3,twitter,jellederoeck,simple_name_prefix3:jel,0.7105882352941177,1.1,0.23529411764705882,1.0,0.0
11289,instagram,fastpassviagens,3,twitter,fastpassviagens,simple_name_prefix3:fas,0.7105882352941177,1.1,0.23529411764705882,1.0,0.0
5086,instagram,harnack,3,twitter,harnack,simple_name_prefix3:har,0.7105882352941177,1.1,0.23529411764705882,1.0,0.0
12505,instagram,antoporfi,3,twitter,antoporfido,simple_name_prefix3:ant,0.7102857142857144,0.9900000000000001,0.38095238095238093,1.0,0.0
12633,instagram,rauldiego,3,twitter,raulillodiego,simple_name_prefix3:rau,0.7100000000000002,0.9000000000000001,0.5,1.0,0.0
4903,instagram,endomeso,3,twitter,endomeso,simple_name_prefix3:end,0.7100000000000001,1.1,0.9,0.0,0.0
2762,googleplus,karenlkay,3,twitter,karenlkay,simple_name_prefix3:kar,0.7100000000000001,1.1,0.9,0.0,0.0
12861,googleplus,rogerserra,12861,instagram,rogerserra,simple_name_prefix3:rog,0.7100000000000001,1.1,0.9,0.0,0.0
10932,googleplus,leekelly,3,twitter,leekelly,simple_name_prefix3:lee,0.7100000000000001,1.1,0.9,0.0,0.0
10263,instagram,jonartlucas,3,twitter,jonartlucas,simple_name_prefix3:jon,0.7100000000000001,1.1,0.9,0.0,0.0
11755,instagram,chowdhuryme,3,twitter,chowdhuryme,simple_name_prefix3:cho,0.7100000000000001,1.1,0.9,0.0,0.0
4634,instagram,chrismfry,3,twitter,chrismfry,simple_name_prefix3:chr,0.7100000000000001,1.1,0.9,0.0,0.0
8828,instagram,erinslick,3,twitter,erinslick,simple_name_prefix3:eri,0.7100000000000001,1.1,0.9,0.0,0.0
11363,googleplus,marksark,11363,instagram,marksark,simple_name_prefix3:mar,0.7100000000000001,1.1,0.9,0.0,0.0
5057,instagram,gozdetakil,3,twitter,gozdetakil,simple_name_prefix3:goz,0.7100000000000001,1.1,0.9,0.0,0.0
12594,instagram,raisepreflop,3,twitter,raisbusom,simple_name_prefix3:rai,0.7095238095238094,0.5238095238095238,1.0,1.0,0.0
11455,googleplus,mattasgambetta,11455,instagram,mattexe,simple_name_prefix3:mat,0.7095238095238094,0.5238095238095238,1.0,1.0,0.0
4591,instagram,carolmadureira,3,twitter,carolmadureira,simple_name_prefix3:car,0.7092307692307693,1.1,0.23076923076923078,1.0,0.0
13981,instagram,valinreallife,3,twitter,valinreallife,simple_name_prefix3:val,0.7092307692307693,1.1,0.23076923076923078,1.0,0.0
7412,googleplus,bennymahendra,7412,instagram,bennymahendra,simple_name_prefix3:ben,0.7092307692307693,1.1,0.23076923076923078,1.0,0.0
7356,instagram,bassplayer83,3,twitter,bassplayer83,simple_name_prefix3:bas,0.7092307692307693,1.1,0.23076923076923078,1.0,0.0
9788,googleplus,jamesderousselle,3,twitter,jamesderouselle,simple_name_prefix3:jam,0.7091397849462366,1.0645161290322582,0.9444444444444444,0.0,0.0
9011,instagram,forshawcj,3,twitter,forshawcj,simple_name_prefix3:for,0.7089655172413794,1.1,0.896551724137931,0.0,0.0
3729,googleplus,salvadorsanabra,3,twitter,salvadorsanabra,simple_name_prefix3:sal,0.7089655172413794,1.1,0.896551724137931,0.0,0.0
8555,instagram,krebsdc,3,twitter,krebsdc,simple_name_prefix3:kre,0.7089655172413794,1.1,0.896551724137931,0.0,0.0
7640,instagram,bybayezit,3,twitter,bybayezit,simple_name_prefix3:byb,0.7089655172413794,1.1,0.896551724137931,0.0,0.0
10057,instagram,jessgrossman,3,twitter,jessgrossman,simple_name_prefix3:jes,0.7089655172413794,1.1,0.896551724137931,0.0,0.0
6790,instagram,ajswillis,3,twitter,ajswillis,simple_name_prefix3:ajs,0.7089655172413794,1.1,0.896551724137931,0.0,0.0
11524,instagram,mauro3323,3,twitter,mauro3323,simple_name_prefix3:mau,0.7089655172413794,1.1,0.896551724137931,0.0,0.0
9001,googleplus,stevenmishos,9001,instagram,stevemishos,simple_name_prefix3:ste,0.7088695652173913,1.0521739130434784,0.96,0.0,0.0
9631,googleplus,igormitrovi,9631,instagram,igormitrovic,simple_name_prefix3:igo,0.7088695652173913,1.0521739130434784,0.96,0.0,0.0
8874,googleplus,evandrosudr,8874,instagram,evandrosudre,simple_name_prefix3:eva,0.7088695652173913,1.0521739130434784,0.96,0.0,0.0
12685,googleplus,renefishman,12685,instagram,reneefishman,simple_name_prefix3:ren,0.7088695652173913,1.0521739130434784,0.96,0.0,0.0
7013,googleplus,andiprasetiyo,7013,instagram,andii_prasetiyo,simple_name_prefix3:and,0.7085714285714286,1.0214285714285716,1.0,0.0,0.0
775,googleplus,bethanymiller,775,instagram,bethanyjjmiller,simple_name_prefix3:bet,0.7085714285714286,1.0214285714285716,1.0,0.0,0.0
3526,googleplus,prashantarora,3,twitter,prashantaroraji,simple_name_prefix3:pra,0.7085714285714286,1.0214285714285716,1.0,0.0,0.0
9235,googleplus,stiana.giltvedt,3,twitter,stiangiltvedt,simple_name_prefix3:sti,0.7085714285714286,1.0214285714285716,1.0,0.0,0.0
3883,googleplus,stephenrivers7,3,twitter,stephenarivers,simple_name_prefix3:ste,0.7085714285714286,1.0214285714285716,1.0,0.0,0.0
9481,googleplus,helenrogerson,9481,instagram,helenrogerson80,simple_name_prefix3:hel,0.7085714285714286,1.0214285714285716,1.0,0.0,0.0
11467,googleplus,matthewjadams77,11467,instagram,matthewjadams,simple_name_prefix3:mat,0.7085714285714286,1.0214285714285716,1.0,0.0,0.0
3318,googleplus,michaelnajera,3,twitter,michaelnajera23,simple_name_prefix3:mic,0.7085714285714286,1.0214285714285716,1.0,0.0,0.0
9002,googleplus,terryphillipsvo,9002,instagram,terryphillips,simple_name_prefix3:ter,0.7085714285714286,1.0214285714285716,1.0,0.0,0.0
3106,googleplus,matheusmattosng,3,twitter,matheusmattos,simple_name_prefix3:mat,0.7085714285714286,1.0214285714285716,1.0,0.0,0.0
5567,instagram,license_to_will,3,twitter,licensetowill,simple_name_prefix3:lic,0.7085714285714286,1.0214285714285716,1.0,0.0,0.0
11652,googleplus,michaelpierce,3,twitter,michaelpierceca,simple_name_prefix3:mic,0.7085714285714286,1.0214285714285716,1.0,0.0,0.0
11966,googleplus,nataliamartinez,11966,instagram,nataliamartiz,simple_name_prefix3:nat,0.7085714285714286,1.0214285714285716,1.0,0.0,0.0
12583,googleplus,raffaelebianco,12583,instagram,raffaelebianc0,simple_name_prefix3:raf,0.7085714285714286,1.0214285714285716,1.0,0.0,0.0
12434,googleplus,philipcummins84,3,instagram,philipcummins,simple_name_prefix3:phi,0.7085714285714286,1.0214285714285716,1.0,0.0,0.0
13402,googleplus,stefanteodosi,3,twitter,stefan_teodosic,simple_name_prefix3:ste,0.7085714285714286,1.0214285714285716,1.0,0.0,0.0
9976,instagram,horncologne,3,twitter,horncologne,simple_name_prefix3:hor,0.7084210526315791,1.1,0.8947368421052632,0.0,0.0
11074,instagram,loscollacios,3,twitter,loscollacios,simple_name_prefix3:los,0.7084210526315791,1.1,0.8947368421052632,0.0,0.0
9879,googleplus,javicebrian,9879,instagram,javi_cebrian,simple_name_prefix3:jav,0.7078260869565218,1.0521739130434784,0.9565217391304348,0.0,0.0
7045,googleplus,andresnadera,7045,instagram,andresnader,simple_name_prefix3:and,0.7078260869565218,1.0521739130434784,0.9565217391304348,0.0,0.0
4487,instagram,benjroberts,3,twitter,benj79,simple_name_prefix3:ben,0.7070588235294117,0.5176470588235295,1.0,1.0,0.0
3376,googleplus,nurettinnal,3,twitter,nurettinal,simple_name_prefix3:nur,0.7070476190476191,1.0476190476190477,0.96,0.0,0.0
6093,instagram,richtpt,3,twitter,richtpt,simple_name_prefix3:ric,0.7066666666666668,1.1,0.8888888888888888,0.0,0.0
13819,googleplus,tomparadiso,13819,instagram,tomparadiso,simple_name_prefix3:tom,0.7066666666666668,1.1,0.8888888888888888,0.0,0.0
13060,instagram,sassy_curls,3,twitter,sassy_curls,simple_name_prefix3:sas,0.7066666666666668,1.1,0.8888888888888888,0.0,0.0
4816,instagram,dizaoleao,3,twitter,dizaoleao,simple_name_prefix3:diz,0.7066666666666668,1.1,0.8888888888888888,0.0,0.0
6034,instagram,publikaccion,3,twitter,publikaccion,simple_name_prefix3:pub,0.7066666666666668,1.1,0.2222222222222222,1.0,0.0
10699,instagram,khaledsafi,3,twitter,khaledsafi,simple_name_prefix3:kha,0.7066666666666668,1.1,0.2222222222222222,1.0,0.0
11566,googleplus,melaniewiscount,3,twitter,melaniewiscount,simple_name_prefix3:mel,0.7066666666666668,1.1,0.8888888888888888,0.0,0.0
6089,instagram,zapataphoto,3,twitter,zapataphoto,simple_name_prefix3:zap,0.7066666666666668,1.1,0.2222222222222222,1.0,0.0
6232,instagram,selfmathematiks,3,twitter,selfmathematiks,simple_name_prefix3:sel,0.7066666666666668,1.1,0.2222222222222222,1.0,0.0
10337,googleplus,joemcmullin,10337,instagram,joemcmullin,simple_name_prefix3:joe,0.7066666666666668,1.1,0.8888888888888888,0.0,0.0
6178,instagram,sallykwitt,3,twitter,sallykwitt,simple_name_prefix3:sal,0.7066666666666668,1.1,0.8888888888888888,0.0,0.0
6659,instagram,azzychill,3,twitter,azzychill,simple_name_prefix3:azz,0.7066666666666668,1.1,0.2222222222222222,1.0,0.0
14363,instagram,zwirwel,3,twitter,zwirwel,simple_name_prefix3:zwi,0.7066666666666668,1.1,0.8888888888888888,0.0,0.0
12243,instagram,fenrisswolf,3,twitter,fenrisswolf,simple_name_prefix3:fen,0.7066666666666668,1.1,0.8888888888888888,0.0,0.0
6095,instagram,rileco,3,twitter,rileco,simple_name_prefix3:ril,0.7066666666666668,1.1,0.8888888888888888,0.0,0.0
12571,instagram,radlondon,3,twitter,radlondon,simple_name_prefix3:rad,0.7066666666666668,1.1,0.8888888888888888,0.0,0.0
3923,googleplus,syedabdulbasit,3,twitter,syedabdulbasit,simple_name_prefix3:sye,0.7066666666666668,1.1,0.8888888888888888,0.0,0.0
14338,instagram,zhimera,3,twitter,zhimera,simple_name_prefix3:zhi,0.7066666666666668,1.1,0.2222222222222222,1.0,0.0
11261,instagram,marc_nikoleit,3,twitter,marc_nikoleit,simple_name_prefix3:mar,0.7066666666666668,1.1,0.2222222222222222,1.0,0.0
9583,googleplus,ianapplegate80,9583,instagram,ianapplegate,simple_name_prefix3:ian,0.7061538461538462,1.0153846153846156,1.0,0.0,0.0
13850,instagram,torreyn,3,twitter,torrey,simple_name_prefix3:tor,0.7061538461538462,1.0153846153846156,1.0,0.0,0.0
12569,googleplus,rachelaadler0,12569,instagram,rachela_adler,simple_name_prefix3:rac,0.7061538461538462,1.0153846153846156,1.0,0.0,0.0
4186,googleplus,yulincrdenas,3,twitter,yuliancardenas,simple_name_prefix3:yul,0.7061538461538462,1.0153846153846156,1.0,0.0,0.0
7872,googleplus,chrisenglishj,3,twitter,chrisjenglish,simple_name_prefix3:chr,0.7061538461538462,1.0153846153846156,1.0,0.0,0.0
13740,googleplus,timcallaghan0,3,twitter,tim_callaghan,simple_name_prefix3:tim,0.7061538461538462,1.0153846153846156,1.0,0.0,0.0
7804,googleplus,charleslewisca,7804,instagram,charleslewis,simple_name_prefix3:cha,0.7061538461538462,1.0153846153846156,1.0,0.0,0.0
14090,googleplus,volkergbbels,14090,instagram,volkergoebbels,simple_name_prefix3:vol,0.7061538461538462,1.0153846153846156,1.0,0.0,0.0
7884,googleplus,chrisgriffinp,7884,instagram,chrispgriffin,simple_name_prefix3:chr,0.7061538461538462,1.0153846153846156,1.0,0.0,0.0
10791,instagram,daviskristen09,3,twitter,daviskristen,simple_name_prefix3:dav,0.7061538461538462,1.0153846153846156,1.0,0.0,0.0
9413,googleplus,happesextalked,9413,instagram,happesextalk,simple_name_prefix3:hap,0.7061538461538462,1.0153846153846156,1.0,0.0,0.0
3799,googleplus,shanemetzger74,3,twitter,shanemetzger,simple_name_prefix3:sha,0.7061538461538462,1.0153846153846156,1.0,0.0,0.0
3305,googleplus,mustafatohma,3,twitter,mustafatohma44,simple_name_prefix3:mus,0.7061538461538462,1.0153846153846156,1.0,0.0,0.0
10888,googleplus,lauramjimnez,3,twitter,laura_mjimenez,simple_name_prefix3:lau,0.7061538461538462,1.0153846153846156,1.0,0.0,0.0
7586,googleplus,brionsalazar13,7586,instagram,brionsalazar,simple_name_prefix3:bri,0.7061538461538462,1.0153846153846156,1.0,0.0,0.0
1216,googleplus,scarletmiortiz,1216,instagram,scarletortiz,simple_name_prefix3:sca,0.7061538461538462,1.0153846153846156,1.0,0.0,0.0
12308,googleplus,patricktigue79,12308,instagram,patricktigue,simple_name_prefix3:pat,0.7061538461538462,1.0153846153846156,1.0,0.0,0.0
10444,googleplus,juliaspencer,10444,instagram,juliaspencer14,simple_name_prefix3:jul,0.7061538461538462,1.0153846153846156,1.0,0.0,0.0
13263,instagram,shylop,3,twitter,shylo_p,simple_name_prefix3:shy,0.7061538461538462,1.0153846153846156,1.0,0.0,0.0
1961,googleplus,davidmathews,3,twitter,davidmathewsmd,simple_name_prefix3:dav,0.7061538461538462,1.0153846153846156,1.0,0.0,0.0
10227,googleplus,johndepagter,3,twitter,john_de_pagter,simple_name_prefix3:joh,0.7061538461538462,1.0153846153846156,1.0,0.0,0.0
6800,instagram,akiraux,3,twitter,akirau,simple_name_prefix3:aki,0.7061538461538462,1.0153846153846156,1.0,0.0,0.0
3107,googleplus,mathieubollafr,3,twitter,mathieubolla,simple_name_prefix3:mat,0.7061538461538462,1.0153846153846156,1.0,0.0,0.0
11078,instagram,louganb,3,twitter,lougan,simple_name_prefix3:lou,0.7061538461538462,1.0153846153846156,1.0,0.0,0.0
12187,googleplus,oliviamorgan,12187,instagram,oliviamorgan14,simple_name_prefix3:oli,0.7061538461538462,1.0153846153846156,1.0,0.0,0.0
1505,googleplus,andymitchell,3,twitter,andydmmitchell,simple_name_prefix3:and,0.7061538461538462,1.0153846153846156,1.0,0.0,0.0
9806,googleplus,jameswickham25,9806,instagram,jameswickham,simple_name_prefix3:jam,0.7061538461538462,1.0153846153846156,1.0,0.0,0.0
4804,instagram,diegoguillen,3,twitter,diegoguillen90,simple_name_prefix3:die,0.7061538461538462,1.0153846153846156,1.0,0.0,0.0
5056,instagram,gotbob1,3,twitter,gotbob,simple_name_prefix3:got,0.7061538461538462,1.0153846153846156,1.0,0.0,0.0
7936,instagram,chr_lib,3,twitter,chrlib,simple_name_prefix3:chr,0.7061538461538462,1.0153846153846156,1.0,0.0,0.0
1677,googleplus,bradleyspear11,3,twitter,bradleyspear,simple_name_prefix3:bra,0.7061538461538462,1.0153846153846156,1.0,0.0,0.0
11658,googleplus,michaelwnsch,11658,instagram,michaelwuensch,simple_name_prefix3:mic,0.7061538461538462,1.0153846153846156,1.0,0.0,0.0
8437,googleplus,diegogancedo77,8437,instagram,diegogancedo,simple_name_prefix3:die,0.7061538461538462,1.0153846153846156,1.0,0.0,0.0
1274,googleplus,thiagoacioli,1274,instagram,thiagoacioli81,simple_name_prefix3:thi,0.7061538461538462,1.0153846153846156,1.0,0.0,0.0
14334,googleplus,gauravvartak,14334,instagram,gaurav21vartak,simple_name_prefix3:gau,0.7061538461538462,1.0153846153846156,1.0,0.0,0.0
11273,instagram,marcosgeremias,3,twitter,marcos_geremias,simple_name_prefix3:mar,0.7060775862068966,1.0620689655172415,0.9375,0.0,0.0
10802,googleplus,kristinjohnson,10802,instagram,kristinsjohnson,simple_name_prefix3:kri,0.7060775862068966,1.0620689655172415,0.9375,0.0,0.0
1156,googleplus,paulmcallister,1156,instagram,paulcmcallister,simple_name_prefix3:pau,0.7060775862068966,1.0620689655172415,0.9375,0.0,0.0
12009,googleplus,nelsonespinosa,12009,instagram,nelsonespinosa9,simple_name_prefix3:nel,0.7060775862068966,1.0620689655172415,0.9375,0.0,0.0
11569,googleplus,melissagriffin,3,twitter,melissabgriffin,simple_name_prefix3:mel,0.7060775862068966,1.0620689655172415,0.9375,0.0,0.0
8983,googleplus,fitrialiya,8983,instagram,fitrialiyaa,simple_name_prefix3:fit,0.7060041407867496,1.0476190476190477,0.9565217391304348,0.0,0.0
905,googleplus,ewaldthueringer,905,instagram,ewald_thueringer,simple_name_prefix3:ewa,0.7058064516129032,1.0645161290322582,0.9333333333333333,0.0,0.0
8760,instagram,endanst,3,twitter,enda,simple_name_prefix3:end,0.7057142857142857,0.8,0.6190476190476191,1.0,0.0
13613,googleplus,teboxscl,13613,instagram,teboxscl,simple_name_prefix3:teb,0.7051162790697675,1.1,0.8837209302325582,0.0,0.0
12592,instagram,rainervonhabs,3,twitter,rainervonhabs,simple_name_prefix3:rai,0.7051162790697675,1.1,0.8837209302325582,0.0,0.0
4146,googleplus,willyffigueroa,3,twitter,willyfigueroa,simple_name_prefix3:wil,0.7049537037037037,1.0592592592592593,0.9375,0.0,0.0
13154,googleplus,semihaltug,13154,instagram,semih.altug,simple_name_prefix3:sem,0.7047619047619048,1.0476190476190477,0.9523809523809523,0.0,0.0
8418,instagram,dermdoc,3,twitter,dermdoc,simple_name_prefix3:der,0.7047058823529413,1.1,0.8823529411764706,0.0,0.0
4675,instagram,corrincampbell,3,twitter,corrincampbell,simple_name_prefix3:cor,0.7047058823529413,1.1,0.8823529411764706,0.0,0.0
12479,googleplus,platinumvoicepr,3,twitter,platinumvoicepr,simple_name_prefix3:pla,0.7047058823529413,1.1,0.8823529411764706,0.0,0.0
6043,instagram,rachaelrossman,3,twitter,rachaelrossman,simple_name_prefix3:rac,0.7047058823529413,1.1,0.8823529411764706,0.0,0.0
5718,instagram,manuelcarrillo3,3,twitter,manuelcarrillo3,simple_name_prefix3:man,0.7047058823529413,1.1,0.8823529411764706,0.0,0.0
13773,instagram,tjameswhite,3,twitter,tjameswhite,simple_name_prefix3:tja,0.7042857142857144,1.1,0.21428571428571427,1.0,0.0
12974,instagram,sacpetsits,3,twitter,sacpetsits,simple_name_prefix3:sac,0.7042857142857144,1.1,0.21428571428571427,1.0,0.0
7703,instagram,carlosprnt,3,twitter,carlosprnt,simple_name_prefix3:car,0.7042857142857144,1.1,0.21428571428571427,1.0,0.0
10730,instagram,kindacoco,3,twitter,kindacoco,simple_name_prefix3:kin,0.7040000000000001,1.1,0.88,0.0,0.0
6844,instagram,alejandro_s_l,3,twitter,alejandro_s_l,simple_name_prefix3:ale,0.7040000000000001,1.1,0.88,0.0,0.0
11096,instagram,lthiagol,3,twitter,lthiagol,simple_name_prefix3:lth,0.7040000000000001,1.1,0.88,0.0,0.0
9879,instagram,javi_cebrian,3,twitter,javi_cebrian,simple_name_prefix3:jav,0.7040000000000001,1.1,0.88,0.0,0.0
5243,instagram,jinkhet,3,twitter,jinkhet,simple_name_prefix3:jin,0.7040000000000001,1.1,0.88,0.0,0.0
1766,googleplus,carmengmez,3,twitter,carmengmz,simple_name_prefix3:car,0.7037986270022885,1.0421052631578949,0.9565217391304348,0.0,0.0
9202,googleplus,gerardcorbett,9202,instagram,gerardfcorbett,simple_name_prefix3:ger,0.7037037037037037,1.0592592592592593,0.9333333333333333,0.0,0.0
11632,googleplus,michaelcarney,11632,instagram,michaeldcarney,simple_name_prefix3:mic,0.7037037037037037,1.0592592592592593,0.9333333333333333,0.0,0.0
2453,googleplus,igorppurlantov,3,twitter,igorpurlantov,simple_name_prefix3:igo,0.7037037037037037,1.0592592592592593,0.9333333333333333,0.0,0.0
13941,instagram,ucmusicdoc,3,twitter,ucmusicdoc,simple_name_prefix3:ucm,0.7036363636363636,1.1,0.21212121212121213,1.0,0.0
8287,instagram,jajaja4,3,twitter,jajaja4,simple_name_prefix3:jaj,0.7034146341463415,1.1,0.8780487804878049,0.0,0.0
9982,googleplus,jeffwaldman,9982,instagram,jeffwaldmanhr,simple_name_prefix3:jef,0.7033333333333334,1.0083333333333333,1.0,0.0,0.0
13930,googleplus,tylermurphyp,3,twitter,tyler_murphy,simple_name_prefix3:tyl,0.7033333333333334,1.0083333333333333,1.0,0.0,0.0
2952,googleplus,auxigonzlez,3,twitter,auxi_gonzalez,simple_name_prefix3:aux,0.7033333333333334,1.0083333333333333,1.0,0.0,0.0
12814,googleplus,robflaherty,3,twitter,robflaherty44,simple_name_prefix3:rob,0.7033333333333334,1.0083333333333333,1.0,0.0,0.0
1094,googleplus,marcusriley,1094,instagram,marcusrileytv,simple_name_prefix3:mar,0.7033333333333334,1.0083333333333333,1.0,0.0,0.0
2468,googleplus,indrairawan,3,twitter,indrairawan07,simple_name_prefix3:ind,0.7033333333333334,1.0083333333333333,1.0,0.0,0.0
9855,googleplus,jasongirard84,3,twitter,jasongirard,simple_name_prefix3:jas,0.7033333333333334,1.0083333333333333,1.0,0.0,0.0
3128,googleplus,matthewlevy,3,twitter,matthewlevyfl,simple_name_prefix3:mat,0.7033333333333334,1.0083333333333333,1.0,0.0,0.0
13994,googleplus,vanessaruizvr,13994,instagram,vanessaruiz,simple_name_prefix3:van,0.7033333333333334,1.0083333333333333,1.0,0.0,0.0
11103,googleplus,lucacatania80,11103,instagram,lucacatania,simple_name_prefix3:luc,0.7033333333333334,1.0083333333333333,1.0,0.0,0.0
8393,googleplus,delgeronimous,8393,instagram,delgeronimo,simple_name_prefix3:del,0.7033333333333334,1.0083333333333333,1.0,0.0,0.0
10675,googleplus,kevinhealey,10675,instagram,kevinhealey33,simple_name_prefix3:kev,0.7033333333333334,1.0083333333333333,1.0,0.0,0.0
11147,googleplus,lukefreeman1,11147,instagram,lukekfreeman,simple_name_prefix3:luk,0.7033333333333334,1.0083333333333333,1.0,0.0,0.0
2241,googleplus,franmoreira,3,twitter,francymoreira,simple_name_prefix3:fra,0.7033333333333334,1.0083333333333333,1.0,0.0,0.0
9158,googleplus,gavinsouthern,3,twitter,gavsouthern,simple_name_prefix3:gav,0.7033333333333334,1.0083333333333333,1.0,0.0,0.0
6568,instagram,wendybailey,3,twitter,wendybaileypr,simple_name_prefix3:wen,0.7033333333333334,1.0083333333333333,1.0,0.0,0.0
2527,googleplus,jamesgannon,3,twitter,jamesgannon17,simple_name_prefix3:jam,0.7033333333333334,1.0083333333333333,1.0,0.0,0.0
9857,googleplus,jasongraham,9857,instagram,jasongraham99,simple_name_prefix3:jas,0.7033333333333334,1.0083333333333333,1.0,0.0,0.0
14047,googleplus,vikalppatel,14047,instagram,vikalppatelce,simple_name_prefix3:vik,0.7033333333333334,1.0083333333333333,1.0,0.0,0.0
3549,googleplus,rachelrubinis,3,twitter,rachelrubin,simple_name_prefix3:rac,0.7033333333333334,1.0083333333333333,1.0,0.0,0.0
9805,googleplus,jameswatson1,3,twitter,jameshwatson,simple_name_prefix3:jam,0.7033333333333334,1.0083333333333333,1.0,0.0,0.0
13576,googleplus,timmcdonald1,13576,instagram,timamcdonald,simple_name_prefix3:tim,0.7033333333333334,1.0083333333333333,1.0,0.0,0.0
7915,googleplus,christinema,3,twitter,christinehkma,simple_name_prefix3:chr,0.7033333333333334,1.0083333333333333,1.0,0.0,0.0
9799,googleplus,jamespartonuk,9799,instagram,jamesparton,simple_name_prefix3:jam,0.7033333333333334,1.0083333333333333,1.0,0.0,0.0
4632,instagram,chris_julian,3,twitter,chrisjulian0,simple_name_prefix3:chr,0.7033333333333334,1.0083333333333333,1.0,0.0,0.0
2168,googleplus,erinbelmore,3,twitter,erinbelmore70,simple_name_prefix3:eri,0.7033333333333334,1.0083333333333333,1.0,0.0,0.0
9961,googleplus,jeffcameron88,9961,instagram,jeffcameron,simple_name_prefix3:jef,0.7033333333333334,1.0083333333333333,1.0,0.0,0.0
6872,instagram,teleologist,3,twitter,teleologist85,simple_name_prefix3:tel,0.7033333333333334,1.0083333333333333,1.0,0.0,0.0
2873,googleplus,lachlanross,3,twitter,lachlanross84,simple_name_prefix3:lac,0.7033333333333334,1.0083333333333333,1.0,0.0,0.0
13673,googleplus,thellocaetano,13673,instagram,thellocaeto,simple_name_prefix3:the,0.7033333333333334,1.0083333333333333,1.0,0.0,0.0
11698,googleplus,miguelsnchez,11698,instagram,miguelsanchz,simple_name_prefix3:mig,0.7033333333333334,1.0083333333333333,1.0,0.0,0.0
6749,googleplus,aguantamenapy,6749,instagram,aguantamena,simple_name_prefix3:agu,0.7033333333333334,1.0083333333333333,1.0,0.0,0.0
3256,googleplus,moabutayban1,3,twitter,moa_butayban,simple_name_prefix3:moa,0.7033333333333334,1.0083333333333333,1.0,0.0,0.0
11327,googleplus,marizhughes66,11327,instagram,marizhughes,simple_name_prefix3:mar,0.7033333333333334,1.0083333333333333,1.0,0.0,0.0
7646,instagram,cagecafe,3,twitter,cagecafe,simple_name_prefix3:cag,0.7031578947368422,1.1,0.21052631578947367,1.0,0.0
5817,instagram,blessedfaun,3,twitter,blessedfaun,simple_name_prefix3:ble,0.7031578947368422,1.1,0.21052631578947367,1.0,0.0
6853,googleplus,alessandrasassi,6853,instagram,alessandrasassi11,simple_name_prefix3:ale,0.7028225806451613,1.03125,0.967741935483871,0.0,0.0
12192,googleplus,onuryksel,12192,instagram,onuryuksel,simple_name_prefix3:onu,0.7025563909774437,1.0421052631578949,0.9523809523809523,0.0,0.0
11200,googleplus,charlymaz,11200,instagram,charlymaiz,simple_name_prefix3:cha,0.7025563909774437,1.0421052631578949,0.9523809523809523,0.0,0.0
1281,googleplus,tomarenic,1281,instagram,tomarenich,simple_name_prefix3:tom,0.7025563909774437,1.0421052631578949,0.9523809523809523,0.0,0.0
11357,googleplus,markoboac,11357,instagram,markobozac,simple_name_prefix3:mar,0.7025563909774437,1.0421052631578949,0.9523809523809523,0.0,0.0
7091,instagram,oneztwolls,3,twitter,oneztwolls,simple_name_prefix3:one,0.7025000000000001,1.1,0.875,0.0,0.0
13654,instagram,thedanieljsmith,3,twitter,thedanieljsmith,simple_name_prefix3:the,0.7025000000000001,1.1,0.875,0.0,0.0
13690,instagram,readingcircle01,3,twitter,readingcircle01,simple_name_prefix3:rea,0.7025000000000001,1.1,0.875,0.0,0.0
5473,instagram,kharinuts,3,twitter,kharinuts,simple_name_prefix3:kha,0.7025000000000001,1.1,0.875,0.0,0.0
7852,instagram,superpixelchris,3,twitter,superpixelchris,simple_name_prefix3:sup,0.7025000000000001,1.1,0.875,0.0,0.0
4896,instagram,daftpansy,3,twitter,daftpansy,simple_name_prefix3:daf,0.7025000000000001,1.1,0.875,0.0,0.0
8830,instagram,heyerique,3,twitter,heyerique,simple_name_prefix3:hey,0.7025000000000001,1.1,0.875,0.0,0.0
10313,googleplus,jorgeramossantospro,10313,instagram,jorgeramossantos,simple_name_prefix3:jor,0.7022857142857144,1.0057142857142858,1.0,0.0,0.0
7991,googleplus,cleversonlimao,7991,instagram,cleversonlima,simple_name_prefix3:cle,0.7022751322751324,1.0592592592592593,0.9285714285714286,0.0,0.0
9851,googleplus,jasonmckinnon,9851,instagram,jasonbmckinnon,simple_name_prefix3:jas,0.7022751322751324,1.0592592592592593,0.9285714285714286,0.0,0.0
10630,instagram,evilshenanigans,3,twitter,evilshenanigans,simple_name_prefix3:evi,0.7020689655172414,1.1,0.20689655172413793,1.0,0.0
7809,instagram,thesavvycrafter,3,twitter,thesavvycrafter,simple_name_prefix3:the,0.7020689655172414,1.1,0.20689655172413793,1.0,0.0
11311,instagram,marioalvarezch,3,twitter,marioalvarezch,simple_name_prefix3:mar,0.7015384615384617,1.1,0.20512820512820512,1.0,0.0
11621,googleplus,micampioni,11621,instagram,micampioni,simple_name_prefix3:mic,0.7015384615384617,1.1,0.8717948717948718,0.0,0.0
14071,instagram,visionariox,3,twitter,visionario,simple_name_prefix3:vis,0.7014005602240897,1.0476190476190477,0.9411764705882353,0.0,0.0
2505,googleplus,ivaniarra,3,twitter,ivaninarra,simple_name_prefix3:iva,0.7010526315789474,1.0421052631578949,0.9473684210526315,0.0,0.0
13224,googleplus,shawnaholman,13224,instagram,shawnalholman,simple_name_prefix3:sha,0.7009714285714286,1.056,0.9285714285714286,0.0,0.0
7722,googleplus,carsondsamson,7722,instagram,carsonsamson,simple_name_prefix3:car,0.7009714285714286,1.056,0.9285714285714286,0.0,0.0
10523,googleplus,karenlmessick,10523,instagram,karenmessick,simple_name_prefix3:kar,0.7009714285714286,1.056,0.9285714285714286,0.0,0.0
12803,googleplus,robertbanach,12803,instagram,robertjbanach,simple_name_prefix3:rob,0.7009714285714286,1.056,0.9285714285714286,0.0,0.0
6742,googleplus,afroninjaxtv,3,twitter,afroninjaxtv,simple_name_prefix3:afr,0.7008695652173913,1.1,0.8695652173913043,0.0,0.0
13656,instagram,thedecentman,3,twitter,thedecentman,simple_name_prefix3:the,0.7008695652173913,1.1,0.8695652173913043,0.0,0.0
14262,instagram,ygbr,3,twitter,ygbr,simple_name_prefix3:ygb,0.7008695652173913,1.1,0.8695652173913043,0.0,0.0
5481,instagram,king_ultimate,3,twitter,king_ultimate,simple_name_prefix3:kin,0.7008695652173913,1.1,0.8695652173913043,0.0,0.0
10651,instagram,outofstep83,3,twitter,outofstep83,simple_name_prefix3:out,0.7008695652173913,1.1,0.8695652173913043,0.0,0.0
13015,googleplus,samuelmartinx,13015,instagram,samuelmartinx,simple_name_prefix3:sam,0.7008695652173913,1.1,0.8695652173913043,0.0,0.0
13799,googleplus,tomacreon,13799,instagram,tomacreon,simple_name_prefix3:tom,0.7008695652173913,1.1,0.8695652173913043,0.0,0.0
8146,instagram,danacosta,3,twitter,danacosta,simple_name_prefix3:dan,0.7008695652173913,1.1,0.8695652173913043,0.0,0.0
3816,googleplus,shivarajrh,3,twitter,shivarajrh,simple_name_prefix3:shi,0.7008695652173913,1.1,0.8695652173913043,0.0,0.0
8536,googleplus,dongarcia,3,twitter,dongarcia,simple_name_prefix3:don,0.7008695652173913,1.1,0.8695652173913043,0.0,0.0
2641,googleplus,joeginese,3,twitter,joeginese,simple_name_prefix3:joe,0.7008695652173913,1.1,0.8695652173913043,0.0,0.0
1455,googleplus,alwindoss,3,twitter,alwindoss,simple_name_prefix3:alw,0.7008695652173913,1.1,0.8695652173913043,0.0,0.0
13141,googleplus,sebastienbarre,13141,instagram,sebastienbarre,simple_name_prefix3:seb,0.7008695652173913,1.1,0.8695652173913043,0.0,0.0
6799,googleplus,akirareiko,6799,instagram,akirareiko,simple_name_prefix3:aki,0.7008695652173913,1.1,0.8695652173913043,0.0,0.0
4656,instagram,claubertpoliveira,3,twitter,claubertp,simple_name_prefix3:cla,0.7007692307692308,0.7615384615384616,0.6538461538461539,1.0,0.0
14072,googleplus,visnjakljajic,14072,instagram,visnja_kljajic,simple_name_prefix3:vis,0.7006267806267807,1.0592592592592593,0.9230769230769231,0.0,0.0
12182,googleplus,olivierverbeke1,12182,instagram,olivier_verbeke,simple_name_prefix3:oli,0.7003218390804599,1.0266666666666668,0.9655172413793104,0.0,0.0
12218,googleplus,oskrvalenzuela,12218,instagram,oskrvalenzuela,simple_name_prefix3:osk,0.7000000000000001,1.1,0.8666666666666667,0.0,0.0
7065,instagram,siriusxmandrew,3,twitter,siriusxmandrew,simple_name_prefix3:sir,0.7000000000000001,1.1,0.8666666666666667,0.0,0.0
10728,googleplus,kimsjohnson,3,twitter,kimsjohnson,simple_name_prefix3:kim,0.7000000000000001,1.1,0.8666666666666667,0.0,0.0
8205,instagram,danielvillalona,3,twitter,danielvillalona,simple_name_prefix3:dan,0.7000000000000001,1.1,0.8666666666666667,0.0,0.0
10698,instagram,khaled_ouanes,3,twitter,khaled_ouanes,simple_name_prefix3:kha,0.7000000000000001,1.1,0.8666666666666667,0.0,0.0
9232,instagram,thegilty,3,twitter,thegilty,simple_name_prefix3:the,0.7000000000000001,1.1,0.8666666666666667,0.0,0.0
12940,googleplus,russianuniverseorg,12940,instagram,russianuniverse,simple_name_prefix3:rus,0.7,1.0,1.0,0.0,0.0
3637,googleplus,riyazusmanin,3,twitter,riyazusman,simple_name_prefix3:riy,0.7,1.0,1.0,0.0,0.0
12987,googleplus,salimmpnensi,12987,instagram,salimnensi,simple_name_prefix3:sal,0.7,1.0,1.0,0.0,0.0
7405,googleplus,benlindersnl,7405,instagram,benlinders,simple_name_prefix3:ben,0.7,1.0,1.0,0.0,0.0
7261,googleplus,astavs,7261,instagram,astav,simple_name_prefix3:ast,0.7,1.0,1.0,0.0,0.0
11711,googleplus,mikecorsini,11711,instagram,mikec0rsini,simple_name_prefix3:mik,0.7,1.0,1.0,0.0,0.0
6878,instagram,miracleboi84,3,twitter,miracleboi,simple_name_prefix3:mir,0.7,1.0,1.0,0.0,0.0
7145,googleplus,anthonymaw66,7145,instagram,anthonymaw,simple_name_prefix3:ant,0.7,1.0,1.0,0.0,0.0
9832,instagram,janivr,3,twitter,janiv,simple_name_prefix3:jan,0.7,1.0,1.0,0.0,0.0
11057,instagram,lolaromero,3,twitter,lolaromero11,simple_name_prefix3:lol,0.7,1.0,1.0,0.0,0.0
12340,googleplus,paullevinson,12340,instagram,paullevins,simple_name_prefix3:pau,0.7,1.0,1.0,0.0,0.0
10528,googleplus,karimrellis,10528,instagram,karimellis1,simple_name_prefix3:kar,0.7,1.0,1.0,0.0,0.0
14052,googleplus,vincentlim,14052,instagram,vincentlimsc,simple_name_prefix3:vin,0.7,1.0,1.0,0.0,0.0
4710,instagram,danielacox3,3,twitter,daniela_cox,simple_name_prefix3:dan,0.7,1.0,1.0,0.0,0.0
7615,googleplus,bryanjoneslr,7615,instagram,bryanjones,simple_name_prefix3:bry,0.7,1.0,1.0,0.0,0.0
6229,instagram,sportsgeekhq,3,twitter,sportsgeek,simple_name_prefix3:spo,0.7,1.0,1.0,0.0,0.0
12676,googleplus,reggiejamzme,12676,instagram,reggiejamz,simple_name_prefix3:reg,0.7,1.0,1.0,0.0,0.0
7777,googleplus,ceylanarslan,7777,instagram,ceylnarsln,simple_name_prefix3:cey,0.7,1.0,1.0,0.0,0.0
6734,instagram,advantej,3,twitter,advantej,simple_name_prefix3:adv,0.7,1.1,0.2,1.0,0.0
1042,googleplus,kieryndarkwater,1042,instagram,kiery28,simple_name_prefix3:kie,0.7,0.5,1.0,1.0,0.0
12337,googleplus,pauljanseneu,12337,instagram,pauljansen,simple_name_prefix3:pau,0.7,1.0,1.0,0.0,0.0
6672,instagram,abhi9.gupta,3,twitter,abhi9_gupta,simple_name_prefix3:abh,0.7,1.0,1.0,0.0,0.0
7604,googleplus,brunoassis88,7604,instagram,brunoassis,simple_name_prefix3:bru,0.7,1.0,1.0,0.0,0.0
12636,instagram,raulkz,3,twitter,raulk,simple_name_prefix3:rau,0.7,1.0,1.0,0.0,0.0
2270,googleplus,gagemarketing,3,twitter,gagegroup,simple_name_prefix3:gag,0.7,0.5,1.0,1.0,0.0
2141,googleplus,emilyrosetheartist,3,twitter,emilyroseartist,simple_name_prefix3:emi,0.7,1.0,1.0,0.0,0.0
7431,googleplus,betharnold,7431,instagram,betharnold99,simple_name_prefix3:bet,0.7,1.0,1.0,0.0,0.0
11491,googleplus,mattshultz12,11491,instagram,mattshultz,simple_name_prefix3:mat,0.7,1.0,1.0,0.0,0.0
11464,googleplus,mattduncanco,11464,instagram,mattduncan,simple_name_prefix3:mat,0.7,1.0,1.0,0.0,0.0
7009,instagram,andersongouveia,3,twitter,andersongouveia,simple_name_prefix3:and,0.7,1.1,0.2,1.0,0.0
11547,instagram,plutux,3,twitter,plutux,simple_name_prefix3:plu,0.7,1.1,0.2,1.0,0.0
13594,googleplus,bentarrant1,13594,instagram,ben_tarrant,simple_name_prefix3:ben,0.7,1.0,1.0,0.0,0.0
4428,instagram,ashemendel,3,twitter,ashleymendel,simple_name_prefix3:ash,0.7,1.0,1.0,0.0,0.0
10183,googleplus,jodyfisher,10183,instagram,jodyfisher70,simple_name_prefix3:jod,0.7,1.0,1.0,0.0,0.0
12299,instagram,piezecat,3,twitter,piezecat,simple_name_prefix3:pie,0.7,1.1,0.2,1.0,0.0
13004,googleplus,sametcelik86,13004,instagram,sametcelik,simple_name_prefix3:sam,0.7,1.0,1.0,0.0,0.0
10033,instagram,jezrmd,3,twitter,jezmd,simple_name_prefix3:jez,0.7,1.0,1.0,0.0,0.0
3,twitter,tonybarlow03,665,googleplus,tonybarlow,simple_name_prefix3:ton,0.7,1.0,1.0,0.0,0.0
14081,googleplus,vivienchan,14081,instagram,vivienkmchan,simple_name_prefix3:viv,0.7,1.0,1.0,0.0,0.0
7684,googleplus,carijansenau,7684,instagram,carijansen,simple_name_prefix3:car,0.7,1.0,1.0,0.0,0.0
7728,googleplus,caseylewis,3,twitter,caseylewis33,simple_name_prefix3:cas,0.7,1.0,1.0,0.0,0.0
7810,googleplus,charlesrein,3,twitter,charlierein,simple_name_prefix3:cha,0.7,1.0,1.0,0.0,0.0
8348,googleplus,dawnj.fraser,8348,instagram,dawnfraser,simple_name_prefix3:daw,0.7,1.0,1.0,0.0,0.0
9399,googleplus,ahmedhamed,9399,instagram,ahmedhamed20,simple_name_prefix3:ahm,0.7,1.0,1.0,0.0,0.0
13463,googleplus,stevenromo,13463,instagram,stevenromotv,simple_name_prefix3:ste,0.7,1.0,1.0,0.0,0.0
9392,googleplus,halanscott82,9392,instagram,halanscott,simple_name_prefix3:hal,0.7,1.0,1.0,0.0,0.0
2035,googleplus,diegoluissarmiento,3,twitter,diegolsarmiento,simple_name_prefix3:die,0.7,1.0,1.0,0.0,0.0
8989,googleplus,elysew,3,twitter,elyse,simple_name_prefix3:ely,0.7,1.0,1.0,0.0,0.0
10978,googleplus,lewiswalsh,10978,instagram,lewiswalsh79,simple_name_prefix3:lew,0.7,1.0,1.0,0.0,0.0
6006,instagram,plancaster68,3,twitter,plancaster,simple_name_prefix3:pla,0.7,1.0,1.0,0.0,0.0
11015,googleplus,lisaarcher,3,twitter,lisaarcherre,simple_name_prefix3:lis,0.7,1.0,1.0,0.0,0.0
12724,googleplus,ricardovaz,12724,instagram,ricardovaz84,simple_name_prefix3:ric,0.7,1.0,1.0,0.0,0.0
14048,googleplus,vikasgupta,3,twitter,vikasgupta83,simple_name_prefix3:vik,0.7,1.0,1.0,0.0,0.0
3418,googleplus,pablovidalr,3,twitter,pablo_vidal,simple_name_prefix3:pab,0.7,1.0,1.0,0.0,0.0
664,googleplus,tonybarlow03,664,instagram,tonybarlow,simple_name_prefix3:ton,0.7,1.0,1.0,0.0,0.0
10887,instagram,lauraminette,3,twitter,lauranette,simple_name_prefix3:lau,0.7,1.0,1.0,0.0,0.0
1851,googleplus,clemsonsaint-fleur,3,twitter,clemsonsaintfle,simple_name_prefix3:cle,0.7,1.0,1.0,0.0,0.0
12026,instagram,next_jen,3,twitter,next_jen,simple_name_prefix3:nex,0.7,1.1,0.2,1.0,0.0
10441,googleplus,juliaperez,10441,instagram,juliaperezzz,simple_name_prefix3:jul,0.7,1.0,1.0,0.0,0.0
1091,googleplus,marccooperuk,1091,instagram,marccooper,simple_name_prefix3:mar,0.7,1.0,1.0,0.0,0.0
6859,instagram,aletrentin83,3,twitter,aletrentin,simple_name_prefix3:ale,0.7,1.0,1.0,0.0,0.0
13512,googleplus,suneeshlal,13512,instagram,suneeshlalps,simple_name_prefix3:sun,0.7,1.0,1.0,0.0,0.0
