pair_name,model,source_profile_id,predicted_profile_id,is_correct_top1,predicted_match_probability,uu_sim,un_sim,ub_sim,same_country,same_city,geo_distance_km,loc_conf_src,loc_conf_tgt,loc_conf_min,true_candidate_in_topk
pairs_twitter_instagram,Linear,virotela,virotela,1,1.0,1.0,1.0,1.0,0,0,5000.0,0.461538,0.0,0.0,1
pairs_twitter_instagram,Linear,danajones,danajones,1,1.0,1.0,1.0,1.0,0,0,5000.0,0.421053,0.0,0.0,1
pairs_twitter_instagram,Linear,lukedavids,lukedavids,1,0.999912,0.727273,0.727273,0.666667,0,0,5000.0,0.615385,0.0,0.0,1
pairs_twitter_instagram,Linear,cheapblueguitar,cheapblueguitar,1,0.999974,1.0,0.333333,0.7,0,0,5000.0,0.454545,0.0,0.0,1
pairs_twitter_instagram,Linear,peterkapakos,peterkapakos,1,0.999518,0.153846,1.0,0.722222,0,0,5000.0,0.388889,0.0,0.0,1
pairs_twitter_instagram,Linear,jameslutley,jameslutley,1,1.0,1.0,1.0,1.0,0,0,5000.0,0.384615,0.0,0.0,1
pairs_twitter_instagram,Linear,dengdeng,dengdeng,1,0.999994,1.0,0.444444,0.769231,0,0,5000.0,0.533333,0.0,0.0,1
pairs_twitter_instagram,Linear,janiv,janiv,1,0.999999,0.8,1.0,0.857143,0,0,5000.0,0.363636,0.0,0.0,1
pairs_twitter_instagram,Linear,aferrandini,aferrandini,1,1.0,1.0,1.0,1.0,0,0,5000.0,0.444444,0.0,0.0,1
pairs_twitter_instagram,Linear,carloschevez,carloschevez,1,0.999998,0.846154,1.0,0.789474,0,0,5000.0,0.439024,0.0,0.0,1
pairs_twitter_instagram,Linear,sardinasa,sardinasa,1,1.0,1.0,1.0,1.0,0,0,5000.0,0.444444,0.0,0.0,1
pairs_twitter_instagram,Linear,brianeisley,brianeisley,1,1.0,1.0,1.0,1.0,0,0,5000.0,1.0,0.0,0.0,1
pairs_twitter_instagram,Linear,philipraybennett,philipraybennett,1,1.0,1.0,1.0,1.0,0,0,5000.0,0.342857,0.0,0.0,1
pairs_twitter_instagram,Linear,earthxplorer,earthxplorer,1,0.999857,1.0,0.391304,0.617647,0,0,5000.0,1.0,0.0,0.0,1
pairs_twitter_instagram,Linear,copyare,copyare,1,1.0,1.0,1.0,1.0,0,0,5000.0,0.615385,0.0,0.0,1
pairs_twitter_instagram,Linear,jeroensangers,jeroensangers,1,1.0,1.0,1.0,1.0,0,0,5000.0,0.434783,0.0,0.0,1
pairs_twitter_instagram,Linear,platinumvoicepr,platinumvoicepr,1,0.999227,1.0,0.0,0.555556,0,0,5000.0,0.5,0.0,0.0,1
pairs_twitter_instagram,Linear,richtatum,richtatum,1,1.0,1.0,1.0,1.0,0,0,5000.0,0.5,0.0,0.0,1
pairs_twitter_instagram,Linear,apelosi,apelosi,1,0.999986,0.5,1.0,0.833333,0,0,5000.0,0.866667,0.0,0.0,1
pairs_twitter_instagram,Linear,oriolmendivil,oriolmendivil,1,0.999997,1.0,0.333333,0.823529,0,0,5000.0,0.333333,0.0,0.0,1
pairs_twitter_instagram,Linear,chrisrockhold,chrisrockhold,1,1.0,1.0,1.0,1.0,0,0,5000.0,0.363636,0.0,0.0,1
pairs_twitter_instagram,Linear,jamesgass,jamesgass,1,1.0,1.0,1.0,1.0,0,0,5000.0,0.418605,0.0,0.0,1
pairs_twitter_instagram,Linear,jacobhodgson,jacobhodgson,1,1.0,1.0,1.0,1.0,0,0,5000.0,0.352941,0.0,0.0,1
pairs_twitter_instagram,Linear,akitaonrails,akitaonrails,1,1.0,1.0,1.0,1.0,0,0,5000.0,0.190476,0.0,0.0,1
pairs_twitter_instagram,Linear,andriatriv,andriatriv,1,1.0,1.0,1.0,1.0,0,0,5000.0,0.421053,0.0,0.0,1
pairs_twitter_instagram,Linear,paullevinson,paullevinson,1,0.980716,0.666667,0.428571,0.4375,0,0,5000.0,1.0,0.0,0.0,1
pairs_twitter_instagram,Linear,jdperkins1369,jdperkins1369,1,1.0,1.0,1.0,1.0,0,0,5000.0,1.0,0.0,0.0,1
pairs_twitter_instagram,Linear,lifeonmobile,lifeonmobile,1,1.0,1.0,1.0,1.0,0,0,5000.0,0.4,0.0,0.0,1
pairs_twitter_instagram,Linear,chosendragon,chosendragon,1,0.999816,1.0,0.111111,0.619048,0,0,5000.0,0.4375,0.0,0.0,1
pairs_twitter_instagram,Linear,brianwang,brianwang,1,1.0,1.0,1.0,1.0,0,0,5000.0,0.363636,0.0,0.0,1
pairs_twitter_instagram,Linear,carolinn,carolune,0,0.619305,0.4,0.268293,0.318182,0,0,5000.0,0.344828,0.0,0.0,1
pairs_twitter_instagram,Linear,deabaria,deabaria,1,0.996918,0.7,0.0,0.583333,0,0,5000.0,0.411765,0.0,0.0,1
pairs_twitter_instagram,Linear,ianedgar,ianedgar,1,0.999999,1.0,0.666667,0.818182,0,0,5000.0,0.333333,0.0,0.0,1
pairs_twitter_instagram,Linear,patriciamellin,patriciamellin,1,1.0,1.0,1.0,1.0,0,0,5000.0,0.333333,0.0,0.0,1
pairs_twitter_instagram,Linear,bayardelgerg,bayardelgerg,1,0.999158,0.625,0.526316,0.586207,0,0,5000.0,0.315789,0.0,0.0,1
pairs_twitter_instagram,Linear,asacredrebel,asacredrebel,1,1.0,1.0,1.0,1.0,0,0,5000.0,0.578947,0.0,0.0,1
pairs_twitter_instagram,Linear,axbom,axbom,1,0.997897,1.0,0.363636,0.416667,0,0,5000.0,0.4,0.0,0.0,1
pairs_twitter_instagram,Linear,kennethshinabery,kennethshinabery,1,0.918387,0.5,0.4,0.375,0,0,5000.0,0.375,0.0,0.0,1
pairs_twitter_instagram,Linear,brianlucas,brianlucas,1,1.0,1.0,1.0,1.0,0,0,5000.0,0.434783,0.0,0.0,1
pairs_twitter_instagram,Linear,natelandau,danielloyola,0,0.407615,0.25,0.444444,0.333333,0,0,5000.0,1.0,0.0,0.0,1
pairs_twitter_instagram,Linear,nmcglynn,nmcglynn,1,1.0,1.0,1.0,1.0,0,0,5000.0,0.8,0.0,0.0,1
pairs_twitter_instagram,Linear,alinoancea,alinoancea,1,1.0,1.0,1.0,1.0,0,0,5000.0,0.470588,0.0,0.0,1
pairs_twitter_instagram,Linear,jayjohnson,jayjohnson,1,0.999895,1.0,0.2,0.631579,0,0,5000.0,0.357143,0.0,0.0,1
pairs_twitter_instagram,Linear,angieward,angieward,1,0.997213,1.0,0.277778,0.418605,0,0,5000.0,0.444444,0.0,0.0,1
pairs_twitter_instagram,Linear,ifabio,ifabio,1,0.996562,1.0,0.285714,0.375,0,0,5000.0,0.0,0.0,0.0,1
pairs_twitter_instagram,Linear,senolsenturk,senolsenturk,1,1.0,1.0,1.0,1.0,0,0,5000.0,0.391304,0.0,0.0,1
pairs_twitter_instagram,Linear,delgeronimo,delgeronimo,1,1.0,1.0,1.0,1.0,0,0,5000.0,0.363636,0.0,0.0,1
pairs_twitter_instagram,Linear,painsufferersspeak,painsufferersspeak,1,0.999486,0.470588,1.0,0.592593,0,0,5000.0,0.4,0.0,0.0,1
pairs_twitter_instagram,Linear,holmespi,holmespi,1,1.0,1.0,1.0,1.0,0,0,5000.0,0.428571,0.0,0.0,1
pairs_twitter_instagram,Linear,joaogcosta,joaogcosta,1,0.996937,0.230769,0.8,0.617647,0,0,5000.0,0.428571,0.0,0.0,1
pairs_twitter_instagram,Linear,agungportal,agungportal,1,0.998133,1.0,0.083333,0.48,0,0,5000.0,0.428571,0.0,0.0,1
pairs_twitter_instagram,Linear,shroomz81,shroomz81,1,0.901326,1.0,0.030303,0.232558,0,0,5000.0,0.352941,0.0,0.0,1
pairs_twitter_instagram,Linear,zuhiboy,zuhiboy,1,1.0,1.0,1.0,1.0,0,0,5000.0,0.631579,0.0,0.0,1
pairs_twitter_instagram,Linear,peterkornaat,peterkornaat,1,0.958913,0.083333,0.857143,0.481481,0,0,5000.0,0.117647,0.0,0.0,1
pairs_twitter_instagram,Linear,jasson,jasson,1,0.999992,0.416667,1.0,0.875,0,0,5000.0,0.418605,0.0,0.0,1
pairs_twitter_instagram,Linear,rude64,rude64,1,1.0,1.0,1.0,1.0,0,0,5000.0,0.108108,0.0,0.0,1
pairs_twitter_instagram,Linear,anthonymaw,anthonymaw,1,0.999999,1.0,0.727273,0.846154,0,0,5000.0,0.4,0.0,0.0,1
pairs_twitter_instagram,Linear,estibalizcamara,estibalizcamara,1,0.999814,1.0,0.0,0.636364,0,0,5000.0,0.382979,0.0,0.0,1
pairs_twitter_instagram,Linear,carijansen,carijansen,1,1.0,1.0,1.0,1.0,0,0,5000.0,0.432432,0.0,0.0,1
pairs_twitter_instagram,Linear,juanjobrizuela,juanjobrizuela,1,1.0,1.0,1.0,1.0,0,0,5000.0,0.416667,0.0,0.0,1
pairs_twitter_instagram,Linear,emretekinarslan,emretekinarslan,1,0.999989,1.0,0.210526,0.772727,0,0,5000.0,0.391304,0.0,0.0,1
pairs_twitter_instagram,Linear,paulleary,paulleary,1,0.998375,1.0,0.36,0.428571,0,0,5000.0,0.325581,0.0,0.0,1
pairs_twitter_instagram,Linear,davidgautier,davidbutler,0,0.836073,0.2,0.4375,0.45,0,0,5000.0,0.555556,0.0,0.0,0
pairs_twitter_instagram,Linear,jessereilly,jessereilly,1,1.0,1.0,1.0,1.0,0,0,5000.0,1.0,0.0,0.0,1
pairs_twitter_instagram,Linear,giovannicanzio,giovannicanzio,1,1.0,1.0,1.0,1.0,0,0,5000.0,0.375,0.0,0.0,1
pairs_twitter_instagram,Linear,hichamsouilmicom,hichamsouilmicom,1,0.999777,1.0,0.481481,0.533333,0,0,5000.0,0.4,0.0,0.0,1
pairs_twitter_instagram,Linear,mollirunner,mollirunner,1,0.999479,1.0,0.34375,0.511628,0,0,5000.0,0.466667,0.0,0.0,1
pairs_twitter_instagram,Linear,christianwidlund,christianwidlund,1,1.0,1.0,1.0,1.0,0,0,5000.0,0.352941,0.0,0.0,1
pairs_twitter_instagram,Linear,artsvit,artsvit,1,1.0,1.0,1.0,1.0,0,0,5000.0,0.333333,0.0,0.0,1
pairs_twitter_instagram,Linear,marianabydesign,marianabydesign,1,0.780008,0.04,1.0,0.411765,0,0,5000.0,1.0,0.0,0.0,1
pairs_twitter_instagram,Linear,oats,oats,1,0.983393,1.0,0.052632,0.346154,0,0,5000.0,0.380952,0.0,0.0,1
pairs_twitter_instagram,Linear,gabbygolub,gabbygolub,1,0.999999,1.0,0.4,0.916667,0,0,5000.0,0.625,0.0,0.0,1
pairs_twitter_instagram,Linear,crossleykim,crossleykim,1,0.998353,1.0,0.153846,0.473684,0,0,5000.0,0.421053,0.0,0.0,1
pairs_twitter_instagram,Linear,shelleysanders,gisanders,0,0.90151,0.4,0.4375,0.4,0,0,5000.0,0.454545,0.0,0.0,0
pairs_twitter_instagram,Linear,shomilin,shomilin,1,1.0,1.0,1.0,1.0,0,0,5000.0,0.521739,0.0,0.0,1
pairs_twitter_instagram,Linear,katerynatopol,katerynatopol,1,0.999977,1.0,0.538462,0.666667,0,0,5000.0,0.461538,0.0,0.0,1
pairs_twitter_instagram,Linear,pedromolleda,pedromolleda,1,0.926081,0.0,1.0,0.48,0,0,5000.0,0.6,0.0,0.0,1
pairs_twitter_instagram,Linear,jessicaperry,jessicaperry,1,1.0,1.0,1.0,1.0,0,0,5000.0,0.411765,0.0,0.0,1
pairs_twitter_instagram,Linear,enriqueburgos,enriqueburgos,1,0.999504,0.333333,1.0,0.652174,0,0,5000.0,0.44,0.0,0.0,1
pairs_twitter_instagram,Linear,sirisakc,sirisakc,1,0.994889,1.0,0.0,0.470588,0,0,5000.0,1.0,0.0,0.0,1
pairs_twitter_instagram,Linear,debbiegioquindo,debbiegioquindo,1,0.999994,1.0,0.535714,0.75,0,0,5000.0,0.4,0.0,0.0,1
pairs_twitter_instagram,Linear,jasonramsey,jasonramsey,1,1.0,0.916667,1.0,0.9375,0,0,5000.0,0.4,0.0,0.0,1
pairs_twitter_instagram,Linear,lisini,lisini,1,0.999403,0.571429,0.5625,0.666667,0,0,5000.0,1.0,0.0,0.0,1
pairs_twitter_instagram,Linear,hotelcostanarejos,hotelcostanarejos,1,0.999993,1.0,0.631579,0.727273,0,0,5000.0,0.555556,0.0,0.0,1
pairs_twitter_instagram,Linear,camiloathem,camiloathem,1,1.0,1.0,1.0,1.0,0,0,5000.0,0.533333,0.0,0.0,1
pairs_twitter_instagram,Linear,sekarkhatulistiwa,sekarkhatulistiwa,1,1.0,1.0,1.0,1.0,0,0,5000.0,0.5,0.0,0.0,1
pairs_twitter_instagram,Linear,jrai,jrai,1,0.713675,0.4,0.0,0.4,0,0,5000.0,0.4,0.0,0.0,1
pairs_twitter_instagram,Linear,aseroff,aseroff,1,1.0,1.0,1.0,1.0,0,0,5000.0,0.666667,0.0,0.0,1
pairs_twitter_instagram,Linear,gustavolopes,gustavolopes,1,0.999762,1.0,0.4,0.55,0,0,5000.0,0.473684,0.0,0.0,1
pairs_twitter_instagram,Linear,bans,amandaabella,0,0.02678,0.071429,0.176471,0.227273,0,0,5000.0,0.555556,0.0,0.0,0
pairs_twitter_instagram,Linear,sonic010739,sonic010739,1,0.999942,1.0,0.25,0.666667,0,0,5000.0,0.48,0.0,0.0,1
pairs_twitter_instagram,Linear,cecilyarambula,cecilyarambula,1,0.999971,0.8,0.357143,0.736842,0,0,5000.0,0.0,0.0,0.0,1
pairs_twitter_instagram,Linear,jpieters,jpieters,1,0.999999,1.0,0.4,0.894737,0,0,5000.0,0.375,0.0,0.0,1
pairs_twitter_instagram,Linear,dawnjensen,gvirtucio,0,0.166503,0.3125,0.238095,0.230769,0,0,5000.0,0.377358,0.0,0.0,0
pairs_twitter_instagram,Linear,roseguccione,roseguccione,1,1.0,1.0,1.0,1.0,0,0,5000.0,0.666667,0.0,0.0,1
pairs_twitter_instagram,Linear,xavdog,xavdog,1,1.0,1.0,1.0,1.0,0,0,5000.0,0.421053,0.0,0.0,1
pairs_twitter_instagram,Linear,lanalayne,lanalayne,1,0.999569,0.666667,0.375,0.666667,0,0,5000.0,0.717949,0.0,0.0,1
pairs_twitter_instagram,Linear,vanissawanick,vanissawanick,1,0.999994,0.6,1.0,0.857143,0,0,5000.0,1.0,0.0,0.0,1
pairs_twitter_instagram,Linear,oenriqueg,oenriqueg,1,0.931522,1.0,0.0,0.272727,0,0,5000.0,0.5,0.0,0.0,1
pairs_twitter_instagram,Linear,danielebazzano,danielebazzano,1,1.0,1.0,1.0,1.0,0,0,5000.0,0.533333,0.0,0.0,1
pairs_twitter_instagram,Linear,hillmiester,hillmiester,1,1.0,1.0,1.0,1.0,0,0,5000.0,0.344828,0.0,0.0,1
pairs_twitter_instagram,Linear,floa,floa,1,1.0,1.0,1.0,1.0,0,0,5000.0,0.375,0.0,0.0,1
pairs_twitter_instagram,Linear,simonamelani,simonamelani,1,0.997775,1.0,0.344828,0.419355,0,0,5000.0,0.439024,0.0,0.0,1
pairs_twitter_instagram,Linear,elbahloul,elbahloul,1,1.0,1.0,1.0,1.0,0,0,5000.0,0.296296,0.0,0.0,1
pairs_twitter_instagram,Linear,brunobarbieri,brunobarbieri,1,1.0,1.0,1.0,1.0,0,0,5000.0,0.333333,0.0,0.0,1
pairs_twitter_instagram,Linear,riccardotm,riccardotm,1,1.0,1.0,1.0,1.0,0,0,5000.0,0.355556,0.0,0.0,1
pairs_twitter_instagram,Linear,craftymummy,craftymummy,1,0.998865,0.666667,0.588235,0.55,0,0,5000.0,0.482759,0.0,0.0,1
pairs_twitter_instagram,Linear,kevingoldsmith,kevingoldsmith,1,0.999681,1.0,0.466667,0.515152,0,0,5000.0,0.416667,0.0,0.0,1
pairs_twitter_instagram,Linear,avclubvids,avclubvids,1,1.0,1.0,1.0,1.0,0,0,5000.0,0.424242,0.0,0.0,1
pairs_twitter_instagram,Linear,erwinhuang,erwinhuang,1,0.999999,1.0,0.727273,0.846154,0,0,5000.0,0.409091,0.0,0.0,1
pairs_twitter_instagram,Linear,jpekstrand,jpekstrand,1,1.0,1.0,1.0,1.0,0,0,5000.0,0.333333,0.0,0.0,1
pairs_twitter_instagram,Linear,tamcdonald,tamcdonald,1,0.999999,0.666667,1.0,0.875,0,0,5000.0,0.352941,0.0,0.0,1
pairs_twitter_instagram,Linear,brendanberg,brendanberg,1,1.0,1.0,1.0,1.0,0,0,5000.0,0.444444,0.0,0.0,1
pairs_twitter_instagram,Linear,manuelarestrepo,manuelarestrepo,1,1.0,1.0,0.8,0.882353,0,0,5000.0,0.4,0.0,0.0,1
pairs_twitter_instagram,Linear,stephenramkissoon,stephenramkissoon,1,1.0,1.0,1.0,1.0,0,0,5000.0,0.434783,0.0,0.0,1
pairs_twitter_instagram,Linear,runcilrebello,marcialeeder,0,0.031155,0.214286,0.1,0.178571,0,0,5000.0,0.307692,0.0,0.0,1
pairs_twitter_instagram,Linear,alekps,alekps,1,0.885522,1.0,0.071429,0.21875,0,0,5000.0,0.421053,0.0,0.0,1
pairs_twitter_instagram,Linear,rahsheen,rahsheen,1,1.0,1.0,1.0,1.0,0,0,5000.0,0.533333,0.0,0.0,1
pairs_twitter_instagram,Linear,sukhrajbeasla,sukhrajbeasla,1,0.999508,1.0,0.4,0.5,0,0,5000.0,0.4,0.0,0.0,1
pairs_twitter_instagram,Linear,bidtravel,bidtravel,1,0.322696,0.571429,0.0,0.230769,0,0,5000.0,0.428571,0.0,0.0,1
pairs_twitter_instagram,Linear,ziyadhryz,ziyadhryz,1,0.997613,0.7,0.392857,0.526316,0,0,5000.0,0.454545,0.0,0.0,1
pairs_twitter_instagram,Linear,tronathan,tronathan,1,0.999717,1.0,0.421053,0.52381,0,0,5000.0,0.3,0.0,0.0,1
pairs_twitter_instagram,Linear,elizabethany,elizabethany,1,0.999507,1.0,0.366667,0.5,0,0,5000.0,0.304348,0.0,0.0,1
pairs_twitter_instagram,Linear,bertdickerson,bertdickerson,1,1.0,1.0,1.0,1.0,0,0,5000.0,0.434783,0.0,0.0,1
pairs_twitter_instagram,Linear,inesandres,inesandres,1,0.999971,1.0,0.333333,0.6875,0,0,5000.0,0.375,0.0,0.0,1
pairs_twitter_instagram,Linear,zhimera,zhimera,1,0.790745,1.0,0.0,0.225806,0,0,5000.0,1.0,0.0,0.0,1
pairs_twitter_instagram,Linear,chaddr,chaddr,1,0.998691,0.0,1.0,0.733333,0,0,5000.0,0.571429,0.0,0.0,1
pairs_twitter_instagram,Linear,mightycasey,mightycasey,1,0.999847,1.0,0.277778,0.6,0,0,5000.0,0.458333,0.0,0.0,1
pairs_twitter_instagram,Linear,tarekp,tarekp,1,1.0,1.0,1.0,1.0,0,0,5000.0,0.428571,0.0,0.0,1
pairs_twitter_instagram,Linear,angiecook,angiecook,1,0.999943,1.0,0.333333,0.65,0,0,5000.0,0.451613,0.0,0.0,1
pairs_twitter_instagram,Linear,yudik,yudik,1,0.999934,0.454545,1.0,0.722222,0,0,5000.0,0.333333,0.0,0.0,1
pairs_twitter_instagram,Linear,kevingranger,kevingranger,1,0.980037,0.0,1.0,0.590909,0,0,5000.0,1.0,0.0,0.0,1
pairs_twitter_instagram,Linear,joshcornett,joshcornett,1,1.0,1.0,0.75,0.857143,0,0,5000.0,0.0,0.0,0.0,1
pairs_twitter_instagram,Linear,kylegray,kylegray,1,1.0,1.0,1.0,1.0,0,0,5000.0,1.0,0.0,0.0,1
pairs_twitter_instagram,Linear,jameson079,jameson079,1,1.0,1.0,1.0,1.0,0,0,5000.0,0.4,0.0,0.0,1
pairs_twitter_instagram,Linear,developer71facebookgarygilstrap,iceyaya,0,0.076938,0.307692,0.090909,0.210526,0,0,5000.0,0.434783,0.0,0.0,0
pairs_twitter_instagram,Linear,lordjerome,lordjerome,1,0.999996,1.0,0.652174,0.757576,0,0,5000.0,0.545455,0.0,0.0,1
pairs_twitter_instagram,Linear,rolflindstrom,rolflindstrom,1,0.999931,0.769231,0.65,0.64,0,0,5000.0,0.0,0.0,0.0,1
pairs_twitter_instagram,Linear,calistoga,calistoga,1,1.0,1.0,1.0,1.0,0,0,5000.0,0.461538,0.0,0.0,1
pairs_twitter_instagram,Linear,biancorudy,biancorudy,1,0.999997,0.8,1.0,0.785714,0,0,5000.0,0.4,0.0,0.0,1
pairs_twitter_instagram,Linear,wildcatwearhouse,wildcatwearhouse,1,1.0,0.933333,1.0,0.894737,0,0,5000.0,0.285714,0.0,0.0,1
pairs_twitter_instagram,Linear,alfianhidayat,alfianhidayat,1,0.998991,1.0,0.076923,0.526316,0,0,5000.0,0.533333,0.0,0.0,1
pairs_twitter_instagram,Linear,marcsuria,marcsuria,1,0.996812,1.0,0.321429,0.4,0,0,5000.0,0.416667,0.0,0.0,1
pairs_twitter_instagram,Linear,daveedens,daveedens,1,0.996023,1.0,0.0,0.45,0,0,5000.0,0.444444,0.0,0.0,1
pairs_twitter_instagram,Linear,clouvi,clouvi,1,1.0,1.0,1.0,1.0,0,0,5000.0,0.421053,0.0,0.0,1
pairs_twitter_instagram,Linear,christopherdavidkaufman,christopherdavidkaufman,1,0.999992,1.0,0.578947,0.757576,0,0,5000.0,1.0,0.0,0.0,1
pairs_twitter_instagram,Linear,markocular,grisoni77,0,0.19778,0.3,0.0,0.3,0,0,5000.0,0.458333,0.0,0.0,0
pairs_twitter_instagram,Linear,amandamcunningham,amandamcunningham,1,0.999959,1.0,0.5,0.631579,0,0,5000.0,0.347826,0.0,0.0,1
pairs_twitter_instagram,Linear,jasonjordan,jasonjordan,1,0.998561,1.0,0.407407,0.428571,0,0,5000.0,0.35,0.0,0.0,1
pairs_twitter_instagram,Linear,alfgel,alfgel,1,0.999722,1.0,0.368421,0.545455,0,0,5000.0,0.461538,0.0,0.0,1
pairs_twitter_instagram,Linear,pgerngross,pgerngross,1,0.999819,1.0,0.307692,0.578947,0,0,5000.0,0.382979,0.0,0.0,1
pairs_twitter_instagram,Linear,thomasosborne,thomasosborne,1,1.0,1.0,1.0,1.0,0,0,5000.0,0.0,0.0,0.0,1
pairs_twitter_instagram,Linear,guillermonavarro,alexbeckwith,0,0.034593,0.142857,0.115385,0.222222,0,0,5000.0,0.482759,0.0,0.0,0
pairs_twitter_instagram,Linear,larsbredahl,larsbredahl,1,0.999999,1.0,0.75,0.857143,0,0,5000.0,0.380952,0.0,0.0,1
pairs_twitter_instagram,Linear,marlonlom,marlonlom,1,0.996437,1.0,0.314286,0.394737,0,0,5000.0,0.421053,0.0,0.0,1
pairs_twitter_instagram,Linear,andrewchau,andrewchau,1,0.999972,1.0,0.0,0.785714,0,0,5000.0,0.866667,0.0,0.0,1
pairs_twitter_instagram,Linear,ffred,ffred,1,0.990874,1.0,0.0,0.4,0,0,5000.0,0.473684,0.0,0.0,1
pairs_twitter_instagram,Linear,shanestokes,shanestokes,1,0.992625,0.818182,0.217391,0.44,0,0,5000.0,0.413793,0.0,0.0,1
pairs_twitter_instagram,Linear,daniortega,daniortega,1,1.0,1.0,1.0,1.0,0,0,5000.0,0.391304,0.0,0.0,1
pairs_twitter_instagram,Linear,shaolintiger,shaolintiger,1,0.999504,1.0,0.045455,0.541667,0,0,5000.0,0.0,0.0,0.0,1
pairs_twitter_instagram,Linear,susanrapp,susanrapp,1,0.920053,0.111111,1.0,0.434783,0,0,5000.0,0.666667,0.0,0.0,1
pairs_twitter_instagram,Linear,adekadek,adekadek,1,1.0,1.0,1.0,1.0,0,0,5000.0,0.428571,0.0,0.0,1
pairs_twitter_instagram,Linear,meryba,meryba,1,0.998111,0.833333,0.181818,0.538462,0,0,5000.0,0.608696,0.0,0.0,1
pairs_twitter_instagram,Linear,lilyrdz,lilyrdz,1,0.999729,1.0,0.333333,0.555556,0,0,5000.0,0.487805,0.0,0.0,1
pairs_twitter_instagram,Linear,jensissel,jensissel,1,1.0,1.0,1.0,1.0,0,0,5000.0,0.4375,0.0,0.0,1
pairs_twitter_instagram,Linear,skeetle,skeetle,1,1.0,1.0,1.0,1.0,0,0,5000.0,0.421053,0.0,0.0,1
pairs_twitter_instagram,Linear,nadinedelrez,nadinedelrez,1,1.0,1.0,0.769231,0.866667,0,0,5000.0,0.333333,0.0,0.0,1
pairs_twitter_instagram,Linear,danielvillalona,danielvillalona,1,0.999996,1.0,0.611111,0.758621,0,0,5000.0,0.368421,0.0,0.0,1
pairs_twitter_instagram,Linear,rikardohj,rikardohj,1,0.999997,1.0,0.695652,0.758621,0,0,5000.0,0.409091,0.0,0.0,1
pairs_twitter_instagram,Linear,msvk,msvk,1,0.999573,1.0,0.0,0.625,0,0,5000.0,1.0,0.0,0.0,1
pairs_twitter_instagram,Linear,peteste,peteste,1,0.870114,0.7,0.0,0.380952,0,0,5000.0,1.0,0.0,0.0,1
pairs_twitter_instagram,Linear,eldavidson,dbproductionltd,0,0.85476,0.428571,0.352941,0.347826,0,0,5000.0,0.0,0.0,0.0,1
pairs_twitter_instagram,Linear,anfoc,anfoc,1,0.805295,0.8,0.066667,0.263158,0,0,5000.0,0.461538,0.0,0.0,1
pairs_twitter_instagram,Linear,kq111,kq111,1,0.99986,1.0,0.481481,0.5625,0,0,5000.0,0.4,0.0,0.0,1
pairs_twitter_instagram,Linear,jesushs07,jesushs07,1,0.997995,1.0,0.083333,0.473684,0,0,5000.0,0.4,0.0,0.0,1
pairs_twitter_instagram,Linear,yannick,yannick,1,1.0,1.0,1.0,1.0,0,0,5000.0,1.0,0.0,0.0,1
pairs_twitter_instagram,Linear,makarios,kyotonaradreamtrips,0,0.330217,0.35,0.04,0.310345,0,0,5000.0,0.380952,0.0,0.0,0
pairs_twitter_instagram,Linear,stellagassaway,ericastella,0,0.322416,0.333333,0.352941,0.259259,0,0,5000.0,0.454545,0.0,0.0,0
pairs_twitter_instagram,Linear,ioanna,ioanna,1,0.999951,1.0,0.416667,0.642857,0,0,5000.0,0.444444,0.0,0.0,1
pairs_twitter_instagram,Linear,dancondon,dancondon,1,0.999988,0.666667,1.0,0.75,0,0,5000.0,0.4,0.0,0.0,1
pairs_twitter_instagram,Linear,jflefebvre,jeffcowles,0,0.56504,0.214286,1.0,0.235294,0,0,5000.0,0.315789,0.0,0.0,0
pairs_twitter_instagram,Linear,torrejeremy,torrejeremy,1,0.998276,1.0,0.3125,0.444444,0,0,5000.0,0.484848,0.0,0.0,1
pairs_twitter_instagram,Linear,tomgallant,tomgallant,1,1.0,1.0,1.0,1.0,0,0,5000.0,0.357143,0.0,0.0,1
pairs_twitter_instagram,Linear,tuyetanh,tuyetanh,1,0.009926,0.133333,0.1,0.142857,0,0,5000.0,0.375,0.0,0.0,1
pairs_twitter_instagram,Linear,caiuby,caiuby,1,1.0,1.0,1.0,1.0,0,0,5000.0,0.0,0.0,0.0,1
pairs_twitter_instagram,Linear,inigoparalle,inigoparalle,1,0.376074,0.454545,0.0,0.294118,0,0,5000.0,0.461538,0.0,0.0,1
pairs_twitter_instagram,Linear,wolfgangcarter,wolfgangcarter,1,0.999981,0.722222,1.0,0.695652,0,0,5000.0,0.384615,0.0,0.0,1
pairs_twitter_instagram,Linear,wooddickinson,wooddickinson,1,1.0,1.0,1.0,1.0,0,0,5000.0,0.416667,0.0,0.0,1
pairs_twitter_instagram,Linear,chadrpink,chadrpink,1,0.999356,1.0,0.380952,0.5,0,0,5000.0,0.6,0.0,0.0,1
pairs_twitter_instagram,Linear,trevormay,trevormay,1,0.993963,1.0,0.0,0.421053,0,0,5000.0,0.4,0.0,0.0,1
pairs_twitter_instagram,Linear,elenavelez,elenavelez,1,1.0,1.0,1.0,1.0,0,0,5000.0,0.37037,0.0,0.0,1
pairs_twitter_instagram,Linear,patriciadiez,patriciadiez,1,1.0,1.0,1.0,1.0,0,0,5000.0,0.384615,0.0,0.0,1
pairs_twitter_instagram,Linear,chrisdoelle,chrisdoelle,1,1.0,1.0,1.0,1.0,0,0,5000.0,0.157895,0.0,0.0,1
pairs_twitter_instagram,Linear,ramkrishnabhattacharjee,nishanil,0,0.091328,0.166667,0.090909,0.25,0,0,5000.0,0.0,0.0,0.0,0
pairs_twitter_instagram,Linear,rensegeorge,rensegeorge,1,1.0,1.0,1.0,1.0,0,0,5000.0,0.461538,0.0,0.0,1
pairs_twitter_instagram,Linear,natelockwood,natelockwood,1,0.999992,0.538462,1.0,0.823529,0,0,5000.0,0.434783,0.0,0.0,1
pairs_twitter_instagram,Linear,parhamb,parhamb,1,0.997502,1.0,0.3125,0.421053,0,0,5000.0,0.48,0.0,0.0,1
pairs_twitter_instagram,Linear,mfvisuals,mfvisuals,1,1.0,1.0,1.0,1.0,0,0,5000.0,0.111111,0.0,0.0,1
pairs_twitter_instagram,Linear,ericavirtue,ericavirtue,1,1.0,1.0,1.0,1.0,0,0,5000.0,0.416667,0.0,0.0,1
pairs_twitter_instagram,Linear,jayvicious,jayvicious,1,0.999921,1.0,0.181818,0.65,0,0,5000.0,0.315789,0.0,0.0,1
pairs_twitter_instagram,Linear,masamuneto,masamuneto,1,0.300441,0.045455,1.0,0.233333,0,0,5000.0,0.307692,0.0,0.0,1
pairs_twitter_instagram,Linear,petermonbailleu,petermonbailleu,1,1.0,1.0,1.0,1.0,0,0,5000.0,0.285714,0.0,0.0,1
pairs_twitter_instagram,Linear,janefriedman,janefriedman,1,0.999428,1.0,0.458333,0.518519,0,0,5000.0,1.0,0.0,0.0,1
pairs_twitter_instagram,Linear,daviddaniel,daviddaniel,1,0.992374,0.052632,1.0,0.565217,0,0,5000.0,0.0,0.0,0.0,1
pairs_twitter_instagram,Linear,jorgeglez,jorgeglez,1,1.0,1.0,1.0,1.0,0,0,5000.0,0.352941,0.0,0.0,1
pairs_twitter_instagram,Linear,mathieubellet,mathieubellet,1,1.0,1.0,1.0,1.0,0,0,5000.0,0.296296,0.0,0.0,1
pairs_twitter_instagram,Linear,iervolinofrancesco,iervolinofrancesco,1,1.0,1.0,1.0,1.0,0,0,5000.0,0.388889,0.0,0.0,1
pairs_twitter_instagram,Linear,herbieman,herbieman,1,1.0,1.0,1.0,1.0,0,0,5000.0,0.571429,0.0,0.0,1
pairs_twitter_instagram,Linear,brianfarnham,brianfarnham,1,1.0,1.0,1.0,1.0,0,0,5000.0,1.0,0.0,0.0,1
pairs_twitter_instagram,Linear,anouarnach,anouarnach,1,0.999568,1.0,0.434783,0.5,0,0,5000.0,0.378378,0.0,0.0,1
pairs_twitter_instagram,Linear,guillermovelasco,guillermovelasco,1,1.0,1.0,1.0,1.0,0,0,5000.0,0.545455,0.0,0.0,1
pairs_twitter_instagram,Linear,natbuehler,natbuehler,1,1.0,1.0,1.0,1.0,0,0,5000.0,0.4,0.0,0.0,1
pairs_twitter_instagram,Linear,mhantirah,mhantirah,1,1.0,1.0,1.0,1.0,0,0,5000.0,0.315789,0.0,0.0,1
pairs_twitter_instagram,Linear,lovlesh,lovlesh,1,1.0,1.0,1.0,1.0,0,0,5000.0,0.411765,0.0,0.0,1
pairs_twitter_instagram,Linear,boris,boris,1,1.0,1.0,1.0,1.0,0,0,5000.0,0.4,0.0,0.0,1
pairs_twitter_instagram,Linear,lorielberg,loriemarrero,0,0.181728,0.333333,0.222222,0.272727,0,0,5000.0,1.0,0.0,0.0,1
pairs_twitter_instagram,Linear,jmiguelrodriguez,jmiguelrodriguez,1,0.99929,0.461538,0.733333,0.631579,0,0,5000.0,0.461538,0.0,0.0,1
pairs_twitter_instagram,Linear,maggardkyle,djmarklee,0,0.044841,0.153846,0.1875,0.216216,0,0,5000.0,0.413793,0.0,0.0,0
pairs_twitter_instagram,Linear,gusei,gusei,1,0.90717,0.8,0.0,0.333333,0,0,5000.0,0.521739,0.0,0.0,1
pairs_twitter_instagram,Linear,kristilenz,kristilenz,1,0.999546,0.727273,0.625,0.571429,0,0,5000.0,0.416667,0.0,0.0,1
pairs_twitter_instagram,Linear,simondingle,simondingle,1,1.0,1.0,1.0,1.0,0,0,5000.0,0.0,0.0,0.0,1
pairs_twitter_instagram,Linear,bryanwelsh,jenovaproject,0,0.187405,0.333333,0.0,0.275862,0,0,5000.0,0.355556,0.0,0.0,0
pairs_twitter_instagram,Linear,mohamedissa,mohamedissa,1,0.999998,0.7,1.0,0.833333,0,0,5000.0,0.0,0.0,0.0,1
pairs_twitter_instagram,Linear,caraposey,caraposey,1,1.0,1.0,1.0,1.0,0,0,5000.0,0.347826,0.0,0.0,1
pairs_twitter_instagram,Linear,pauljansen,pauljansen,1,1.0,1.0,1.0,1.0,0,0,5000.0,0.428571,0.0,0.0,1
pairs_twitter_instagram,Linear,chanelleh,chanelleh,1,0.891288,0.7,0.0,0.35,0,0,5000.0,0.333333,0.0,0.0,1
pairs_twitter_instagram,Linear,keithbrooks,keithbrooks,1,0.743353,0.0,1.0,0.375,0,0,5000.0,0.384615,0.0,0.0,1
pairs_twitter_instagram,Linear,athenrahl,antoniorubio,0,0.099417,0.363636,0.090909,0.2,0,0,5000.0,0.347826,0.0,0.0,0
pairs_twitter_instagram,Linear,danielrhorton,danielrhorton,1,0.999998,0.769231,1.0,0.823529,0,0,5000.0,0.375,0.0,0.0,1
pairs_twitter_instagram,Linear,robamado,robamado,1,1.0,1.0,1.0,1.0,0,0,5000.0,0.0,0.0,0.0,1
pairs_twitter_instagram,Linear,sanpedrohotelspa,sanpedrohotelspa,1,0.999993,0.647059,1.0,0.791667,0,0,5000.0,0.468085,0.0,0.0,1
pairs_twitter_instagram,Linear,intelligenius,intelligenius,1,0.999996,0.857143,0.764706,0.789474,0,0,5000.0,0.416667,0.0,0.0,1
pairs_twitter_instagram,Linear,nikkiwoods,nikkiwoods,1,0.998833,1.0,0.384615,0.448276,0,0,5000.0,0.384615,0.0,0.0,1
pairs_twitter_instagram,Linear,aykuttanay,aykuttanay,1,1.0,1.0,1.0,1.0,0,0,5000.0,0.461538,0.0,0.0,1
pairs_twitter_instagram,Linear,estelius,estelius,1,0.999974,0.461538,1.0,0.777778,0,0,5000.0,0.347826,0.0,0.0,1
pairs_twitter_instagram,Linear,frankenhain,frankenhain,1,1.0,1.0,1.0,1.0,0,0,5000.0,0.545455,0.0,0.0,1
pairs_twitter_instagram,Linear,lolaromero,lolaromero,1,0.999994,0.8,1.0,0.733333,0,0,5000.0,0.4,0.0,0.0,1
pairs_twitter_instagram,Linear,fernandorodriguez,fernandorodriguez,1,1.0,0.857143,1.0,0.956522,0,0,5000.0,0.4,0.0,0.0,1
pairs_twitter_instagram,Linear,pierrebinet,pierrebinet,1,0.994462,0.1,1.0,0.631579,0,0,5000.0,1.0,0.0,0.0,1
pairs_twitter_instagram,Linear,scherre,scherem,0,0.560593,0.714286,0.0,0.238095,0,0,5000.0,0.47619,0.0,0.0,1
pairs_twitter_instagram,Linear,zaava,zaava,1,1.0,1.0,1.0,1.0,0,0,5000.0,0.846154,0.0,0.0,1
pairs_twitter_instagram,Linear,yvsajay,yvsajay,1,1.0,1.0,1.0,1.0,0,0,5000.0,0.384615,0.0,0.0,1
pairs_twitter_instagram,Linear,ricardotrinidad,ricardopontes,0,0.161309,0.058824,0.35,0.310345,0,0,5000.0,0.413793,0.0,0.0,1
pairs_twitter_instagram,Linear,danamoos,danamoos,1,1.0,1.0,1.0,1.0,0,0,5000.0,0.413793,0.0,0.0,1
pairs_twitter_instagram,Linear,peteyrave,peteyrave,1,0.999984,1.0,0.538462,0.6875,0,0,5000.0,0.444444,0.0,0.0,1
pairs_twitter_instagram,Linear,xiangdiming,xiangdiming,1,1.0,1.0,1.0,1.0,0,0,5000.0,0.666667,0.0,0.0,1
pairs_twitter_instagram,Linear,antoniojcuevas,antoniojcuevas,1,0.999996,1.0,0.533333,0.75,0,0,5000.0,0.0,0.0,0.0,1
pairs_twitter_instagram,Linear,daveyjacobson,daveyjacobson,1,1.0,1.0,1.0,1.0,0,0,5000.0,0.454545,0.0,0.0,1
pairs_twitter_instagram,Linear,lynnwallenstein,lynnwallenstein,1,1.0,1.0,1.0,1.0,0,0,5000.0,0.384615,0.0,0.0,1
pairs_twitter_instagram,Linear,rickbakas,rickbakas,1,0.998517,1.0,0.375,0.444444,0,0,5000.0,0.526316,0.0,0.0,1
pairs_twitter_instagram,Linear,ryanmarkpauleriksson,ryanmarkpauleriksson,1,0.999892,1.0,0.0,0.666667,0,0,5000.0,0.333333,0.0,0.0,1
pairs_twitter_instagram,Linear,alexanderrentsch,alexanderrentsch,1,0.986263,0.0,1.0,0.566667,0,0,5000.0,0.266667,0.0,0.0,1
pairs_twitter_instagram,Linear,joemaffia,joemaffia,1,1.0,1.0,1.0,1.0,0,0,5000.0,1.0,0.0,0.0,1
pairs_twitter_instagram,Linear,realzil,realzil,1,0.993784,1.0,0.0,0.411765,0,0,5000.0,0.285714,0.0,0.0,1
pairs_twitter_instagram,Linear,dustinhershberger,dustinhershberger,1,1.0,1.0,1.0,1.0,0,0,5000.0,0.340426,0.0,0.0,1
pairs_twitter_instagram,Linear,stephenchip,stephenchip,1,1.0,1.0,1.0,1.0,0,0,5000.0,0.432432,0.0,0.0,1
pairs_twitter_instagram,Linear,arcreyes,arcreyes,1,1.0,1.0,1.0,1.0,0,0,5000.0,0.4,0.0,0.0,1
pairs_twitter_instagram,Linear,jerrybuccilli,jerrybuccilli,1,0.989117,1.0,0.269231,0.333333,0,0,5000.0,0.416667,0.0,0.0,1
pairs_twitter_instagram,Linear,adamsheikh,adamsheikh,1,1.0,1.0,1.0,1.0,0,0,5000.0,0.333333,0.0,0.0,1
pairs_twitter_instagram,Linear,modbeat,modbeat,1,0.980362,1.0,0.055556,0.333333,0,0,5000.0,0.355556,0.0,0.0,1
pairs_twitter_instagram,Linear,miguelcaballero,miguelcaballero,1,1.0,1.0,1.0,1.0,0,0,5000.0,0.2,0.0,0.0,1
pairs_twitter_instagram,Linear,mikepetrucci,mikepetrucci,1,1.0,1.0,1.0,1.0,0,0,5000.0,0.521739,0.0,0.0,1
pairs_twitter_instagram,Linear,heartrepreneur,heartrepreneur,1,1.0,1.0,1.0,1.0,0,0,5000.0,0.846154,0.0,0.0,1
pairs_twitter_instagram,Linear,samarb,samarb,1,0.914477,0.384615,0.0,0.535714,0,0,5000.0,1.0,0.0,0.0,1
pairs_twitter_instagram,Linear,dannyngan,dannyngan,1,0.926311,0.0,1.0,0.473684,0,0,5000.0,0.5,0.0,0.0,1
pairs_twitter_instagram,Linear,leahsmith,leahsmith,1,0.987891,1.0,0.2,0.352941,0,0,5000.0,0.615385,0.0,0.0,1
pairs_twitter_instagram,Linear,jotajr,jotajr,1,0.883081,0.333333,0.461538,0.411765,0,0,5000.0,0.481481,0.0,0.0,1
pairs_twitter_instagram,Linear,shashikantjagtap,shashikantjagtap,1,1.0,1.0,1.0,1.0,0,0,5000.0,1.0,0.0,0.0,1
pairs_twitter_instagram,Linear,captkeating,captkeating,1,1.0,1.0,1.0,1.0,0,0,5000.0,0.4,0.0,0.0,1
pairs_twitter_instagram,Linear,bexlondontown,bexlondontown,1,1.0,1.0,1.0,1.0,0,0,5000.0,0.4,0.0,0.0,1
pairs_twitter_instagram,Linear,coryroush,coryroush,1,1.0,1.0,1.0,1.0,0,0,5000.0,0.4,0.0,0.0,1
pairs_twitter_instagram,Linear,lilyl,linkzero,0,0.047097,0.153846,0.148148,0.2,0,0,5000.0,0.0,0.0,0.0,1
pairs_twitter_instagram,Linear,webgrrrl,webgrrrl,1,1.0,1.0,1.0,1.0,0,0,5000.0,0.407407,0.0,0.0,1
pairs_twitter_instagram,Linear,ryanfrazier,ferranbrooks,0,0.198692,0.315789,0.3,0.24,0,0,5000.0,0.516129,0.0,0.0,0
pairs_twitter_instagram,Linear,albertobueno,albertobueno,1,0.999988,1.0,0.375,0.736842,0,0,5000.0,0.384615,0.0,0.0,1
pairs_twitter_instagram,Linear,thenothing,thenothing,1,1.0,0.9,1.0,0.875,0,0,5000.0,0.5,0.0,0.0,1
pairs_twitter_instagram,Linear,mrjamesnoble,mrjamesnoble,1,1.0,1.0,1.0,1.0,0,0,5000.0,0.4,0.0,0.0,1
pairs_twitter_instagram,Linear,alinemachado1,alinemachado1,1,0.999979,0.384615,1.0,0.823529,0,0,5000.0,0.388889,0.0,0.0,1
pairs_twitter_instagram,Linear,katiemsmith,katiemsmith,1,0.999524,0.833333,0.526316,0.583333,0,0,5000.0,1.0,0.0,0.0,1
pairs_twitter_instagram,Linear,sulimanru,sulimanru,1,0.931522,1.0,0.0,0.272727,0,0,5000.0,0.5,0.0,0.0,1
pairs_twitter_instagram,Linear,jenvargas,jenvargas,1,0.992696,1.0,0.111111,0.4,0,0,5000.0,0.588235,0.0,0.0,1
pairs_twitter_instagram,Linear,luviwebit,luviwebit,1,1.0,1.0,1.0,1.0,0,0,5000.0,0.388889,0.0,0.0,1
pairs_twitter_instagram,Linear,jasongrimesdotcom,jasongrimesdotcom,1,1.0,1.0,1.0,1.0,0,0,5000.0,0.4,0.0,0.0,1
pairs_twitter_instagram,Linear,chokchaibenjapinyo,chokchaibenjapinyo,1,1.0,1.0,1.0,1.0,0,0,5000.0,1.0,0.0,0.0,1
pairs_twitter_instagram,Linear,jeanbritneyl,jeanbritneyl,1,1.0,1.0,0.0,1.0,0,0,5000.0,0.0,0.0,0.0,1
pairs_twitter_instagram,Linear,ronron607,ronron607,1,1.0,1.0,1.0,1.0,0,0,5000.0,0.363636,0.0,0.0,1
pairs_twitter_instagram,Linear,lelira,lelira,1,1.0,1.0,1.0,1.0,0,0,5000.0,0.431373,0.0,0.0,1
pairs_twitter_instagram,Linear,bardsmith,bardsmith,1,1.0,1.0,1.0,1.0,0,0,5000.0,0.347826,0.0,0.0,1
pairs_twitter_instagram,Linear,curtiscavanaugh,curtiscavanaugh,1,0.90183,0.5,0.333333,0.384615,0,0,5000.0,0.518519,0.0,0.0,1
pairs_twitter_instagram,Linear,ericacullum,ericacullum,1,0.964375,1.0,0.0,0.307692,0,0,5000.0,0.380952,0.0,0.0,1
pairs_twitter_instagram,Linear,stofa,stofa,1,0.09504,0.333333,0.142857,0.2,0,0,5000.0,0.363636,0.0,0.0,1
pairs_twitter_instagram,Linear,nosepuedevlc,nosepuedevlc,1,0.999881,1.0,0.363636,0.6,0,0,5000.0,0.47619,0.0,0.0,1
pairs_twitter_instagram,Linear,lomokev,lomokev,1,1.0,1.0,1.0,1.0,0,0,5000.0,0.205128,0.0,0.0,1
pairs_twitter_instagram,Linear,chanomuslera,chanomuslera,1,1.0,1.0,1.0,1.0,0,0,5000.0,0.615385,0.0,0.0,1
pairs_twitter_instagram,Linear,ivandequito,ivandequito,1,0.999998,0.75,1.0,0.833333,0,0,5000.0,0.4,0.0,0.0,1
pairs_twitter_instagram,Linear,bronsonharrington,bronsonharrington,1,1.0,1.0,1.0,1.0,0,0,5000.0,0.444444,0.0,0.0,1
pairs_twitter_instagram,Linear,stevegarfield,stevegarfield,1,0.999873,1.0,0.5,0.571429,0,0,5000.0,0.5,0.0,0.0,1
pairs_twitter_instagram,Linear,markvictoryoung,markvictoryoung,1,1.0,1.0,1.0,1.0,0,0,5000.0,0.6,0.0,0.0,1
pairs_twitter_instagram,Linear,stevenlarson,stevenlarson,1,1.0,1.0,1.0,1.0,0,0,5000.0,0.384615,0.0,0.0,1
pairs_twitter_instagram,Linear,bluemeda,bluemeda,1,0.999954,1.0,0.5,0.631579,0,0,5000.0,0.454545,0.0,0.0,1
pairs_twitter_instagram,Linear,raffaelebianco,raffaelebianco,1,0.999999,0.857143,1.0,0.842105,0,0,5000.0,0.4,0.0,0.0,1
pairs_twitter_instagram,Linear,stephenalee,stephenalee,1,1.0,1.0,1.0,1.0,0,0,5000.0,0.434783,0.0,0.0,1
pairs_twitter_instagram,Linear,suelax,suelax,1,0.799517,1.0,0.05,0.219512,0,0,5000.0,1.0,0.0,0.0,1
pairs_twitter_instagram,Linear,matiassecchi,matiassecchi,1,1.0,1.0,1.0,1.0,0,0,5000.0,0.4,0.0,0.0,1
pairs_twitter_instagram,Linear,sucio,sucio,1,1.0,1.0,1.0,1.0,0,0,5000.0,0.461538,0.0,0.0,1
pairs_twitter_instagram,Linear,dreamnetrob,robertocamarajr,0,0.074948,0.111111,0.153846,0.272727,0,0,5000.0,0.4,0.0,0.0,0
pairs_twitter_instagram,Linear,antoniogarrido,antoniogarrido,1,1.0,1.0,1.0,1.0,0,0,5000.0,0.4375,0.0,0.0,1
pairs_twitter_instagram,Linear,helderschultz,helderschultz,1,1.0,1.0,1.0,1.0,0,0,5000.0,0.294118,0.0,0.0,1
pairs_twitter_instagram,Linear,mufidsalim,mufidsalim,1,1.0,1.0,1.0,1.0,0,0,5000.0,0.391304,0.0,0.0,1
pairs_twitter_instagram,Linear,ericgrace,ericgrace,1,0.993062,1.0,0.0,0.421053,0,0,5000.0,0.533333,0.0,0.0,1
pairs_twitter_instagram,Linear,blek,blek,1,1.0,1.0,1.0,1.0,0,0,5000.0,0.4,0.0,0.0,1
pairs_twitter_instagram,Linear,mycroft221,mycroft221,1,1.0,1.0,1.0,1.0,0,0,5000.0,0.4,0.0,0.0,1
pairs_twitter_instagram,Linear,terrinakamura,terrinakamura,1,1.0,1.0,1.0,1.0,0,0,5000.0,0.5,0.0,0.0,1
pairs_twitter_instagram,Linear,watsonn,watsonn,1,1.0,0.909091,1.0,0.866667,0,0,5000.0,0.375,0.0,0.0,1
pairs_twitter_instagram,Linear,davidmcclurg,davidmcclurg,1,1.0,1.0,1.0,1.0,0,0,5000.0,0.0,0.0,0.0,1
pairs_twitter_instagram,Linear,timgolden,timgolden,1,0.959231,0.615385,0.277778,0.4,0,0,5000.0,0.4,0.0,0.0,1
pairs_twitter_instagram,Linear,jonathanlally,jonathanlally,1,1.0,1.0,1.0,1.0,0,0,5000.0,0.866667,0.0,0.0,1
pairs_twitter_instagram,Linear,leevogler,leevogler,1,1.0,1.0,1.0,1.0,0,0,5000.0,0.434783,0.0,0.0,1
pairs_twitter_instagram,Linear,fvidiella,fvidiella,1,1.0,1.0,1.0,1.0,0,0,5000.0,0.35,0.0,0.0,1
pairs_twitter_instagram,Linear,carlcatedral,carlcatedral,1,1.0,1.0,1.0,1.0,0,0,5000.0,0.342857,0.0,0.0,1
pairs_twitter_instagram,Linear,mariannamarcucci,mariannamarcucci,1,0.999999,0.785714,1.0,0.882353,0,0,5000.0,0.461538,0.0,0.0,1
pairs_twitter_instagram,Linear,avdrockr,avdrockr,1,0.999786,1.0,0.424242,0.55,0,0,5000.0,0.444444,0.0,0.0,1
pairs_twitter_instagram,Linear,strawberrykoi,strawberrykoi,1,0.999431,1.0,0.0,0.565217,0,0,5000.0,0.357143,0.0,0.0,1
pairs_twitter_instagram,Linear,mohamedwagdy,mohamedwagdy,1,0.999959,1.0,0.0,0.705882,0,0,5000.0,0.0,0.0,0.0,1
pairs_twitter_instagram,Linear,asandre,asandre,1,0.999651,1.0,0.36,0.53125,0,0,5000.0,0.434783,0.0,0.0,1
pairs_twitter_instagram,Linear,jeicker,jeicker,1,0.99058,0.454545,0.545455,0.5,0,0,5000.0,0.315789,0.0,0.0,1
pairs_twitter_instagram,Linear,ghholtphotography,kevinfalcon,0,0.367995,0.052632,0.454545,0.357143,0,0,5000.0,0.347826,0.0,0.0,1
pairs_twitter_instagram,Linear,patriciascholz,patriciascholz,1,0.947352,1.0,0.076923,0.275862,0,0,5000.0,0.509091,0.0,0.0,1
pairs_twitter_instagram,Linear,kostasdissios,kostasdissios,1,0.991866,0.333333,0.578947,0.56,0,0,5000.0,0.45283,0.0,0.0,1
pairs_twitter_instagram,Linear,jasongraciano,jasongraciano,1,1.0,1.0,1.0,1.0,0,0,5000.0,1.0,0.0,0.0,1
pairs_twitter_instagram,Linear,diniehz,diniehz,1,1.0,1.0,1.0,1.0,0,0,5000.0,0.444444,0.0,0.0,1
pairs_twitter_instagram,Linear,eliazu,eliazu,1,1.0,1.0,1.0,1.0,0,0,5000.0,0.363636,0.0,0.0,1
pairs_twitter_instagram,Linear,davidlaplante,davidlaplante,1,0.999995,0.615385,1.0,0.823529,0,0,5000.0,0.434783,0.0,0.0,1
pairs_twitter_instagram,Linear,marioschumacher,marioschumacher,1,1.0,1.0,1.0,1.0,0,0,5000.0,0.421053,0.0,0.0,1
pairs_twitter_instagram,Linear,davebias,davebias,1,0.999981,1.0,0.545455,0.714286,0,0,5000.0,1.0,0.0,0.0,1
pairs_twitter_instagram,Linear,jimashley,jimashley,1,1.0,0.888889,1.0,0.923077,0,0,5000.0,0.4,0.0,0.0,1
pairs_twitter_instagram,Linear,federicolukkini,federicolukkini,1,0.999964,1.0,0.235294,0.695652,0,0,5000.0,0.434783,0.0,0.0,1
pairs_twitter_instagram,Linear,smilyborg,smilyborg,1,0.999997,1.0,0.625,0.769231,0,0,5000.0,0.468085,0.0,0.0,1
pairs_twitter_instagram,Linear,daisipollardsepulveda,daisipollardsepulveda,1,0.999961,1.0,0.625,0.653846,0,0,5000.0,1.0,0.0,0.0,1
pairs_twitter_instagram,Linear,trevorsmiley,trevorsmiley,1,1.0,1.0,1.0,1.0,0,0,5000.0,0.411765,0.0,0.0,1
pairs_twitter_instagram,Linear,katgear,katgear,1,0.998874,1.0,0.3125,0.470588,0,0,5000.0,0.48,0.0,0.0,1
pairs_twitter_instagram,Linear,jonfun,jonfun,1,0.986885,1.0,0.117647,0.388889,0,0,5000.0,1.0,0.0,0.0,1
pairs_twitter_instagram,Linear,alessandraturati,alessandrasassi,0,0.497093,0.15,0.529412,0.37931,0,0,5000.0,1.0,0.0,0.0,1
pairs_twitter_instagram,Linear,geoffreyvertlieb,geoffreyvertlieb,1,1.0,1.0,1.0,1.0,0,0,5000.0,0.470588,0.0,0.0,1
pairs_twitter_instagram,Linear,ernohannink,ernohannink,1,1.0,1.0,1.0,1.0,0,0,5000.0,0.431373,0.0,0.0,1
pairs_twitter_instagram,Linear,betinasuarez,franvillafanez,0,0.910089,0.615385,0.15,0.346154,0,0,5000.0,0.0,0.0,0.0,1
pairs_twitter_instagram,Linear,aperture24,aperture24,1,0.999997,0.727273,1.0,0.823529,0,0,5000.0,0.705882,0.0,0.0,1
pairs_twitter_instagram,Linear,ianblack,ianblack,1,1.0,1.0,1.0,1.0,0,0,5000.0,0.411765,0.0,0.0,1
pairs_twitter_instagram,Linear,clayenos,clayenos,1,1.0,1.0,1.0,1.0,0,0,5000.0,0.8,0.0,0.0,1
pairs_twitter_instagram,Linear,bymichael,bymichael,1,1.0,1.0,1.0,1.0,0,0,5000.0,0.333333,0.0,0.0,1
pairs_twitter_instagram,Linear,courtneyhoskins,courtneyhoskins,1,1.0,1.0,1.0,1.0,0,0,5000.0,1.0,0.0,0.0,1
pairs_twitter_instagram,Linear,michaeldching,michaeldching,1,1.0,1.0,1.0,1.0,0,0,5000.0,0.47619,0.0,0.0,1
pairs_twitter_instagram,Linear,gambrill,gambrill,1,0.999984,0.7,1.0,0.722222,0,0,5000.0,0.461538,0.0,0.0,1
pairs_twitter_instagram,Linear,robwoodbridge,robwoodbridge,1,1.0,1.0,1.0,1.0,0,0,5000.0,0.428571,0.0,0.0,1
pairs_twitter_instagram,Linear,jepoy,jepoy,1,0.999218,1.0,0.28,0.5,0,0,5000.0,0.486486,0.0,0.0,1
pairs_twitter_instagram,Linear,marcolodovichi,marcolodovichi,1,1.0,1.0,1.0,1.0,0,0,5000.0,0.533333,0.0,0.0,1
pairs_twitter_instagram,Linear,sarahkuntsal,sarahkuntsal,1,1.0,1.0,1.0,1.0,0,0,5000.0,0.545455,0.0,0.0,1
pairs_twitter_instagram,Linear,jillriter,jillriter,1,1.0,1.0,1.0,1.0,0,0,5000.0,0.48,0.0,0.0,1
pairs_twitter_instagram,Linear,ojkriguano,ojkriguano,1,0.99974,1.0,0.272727,0.565217,0,0,5000.0,0.416667,0.0,0.0,1
pairs_twitter_instagram,Linear,nuzulputri,nuzulputri,1,0.490346,0.133333,0.222222,0.4,0,0,5000.0,0.333333,0.0,0.0,1
pairs_twitter_instagram,Linear,salmurza,salmurza,1,1.0,1.0,1.0,1.0,0,0,5000.0,0.357143,0.0,0.0,1
pairs_twitter_instagram,Linear,alexurrea,alexurrea,1,0.999985,1.0,0.0,0.8,0,0,5000.0,0.470588,0.0,0.0,1
pairs_twitter_instagram,Linear,zaidilfirza,zaidilfirza,1,0.997685,0.555556,0.0,0.666667,0,0,5000.0,0.533333,0.0,0.0,1
pairs_twitter_instagram,Linear,sgclark,sgclark,1,1.0,1.0,1.0,1.0,0,0,5000.0,0.37037,0.0,0.0,1
pairs_twitter_instagram,Linear,maeghansmulders,maeghansmulders,1,1.0,1.0,1.0,1.0,0,0,5000.0,1.0,0.0,0.0,1
pairs_twitter_instagram,Linear,joelmarans,joelmarans,1,1.0,1.0,1.0,1.0,0,0,5000.0,0.5,0.0,0.0,1
pairs_twitter_instagram,Linear,jisampedro,jisampedro,1,1.0,1.0,1.0,1.0,0,0,5000.0,0.538462,0.0,0.0,1
pairs_twitter_instagram,Linear,bentyyc,bentyyc,1,1.0,1.0,1.0,1.0,0,0,5000.0,0.5,0.0,0.0,1
pairs_twitter_instagram,Linear,dorahardy,dorahardy,1,0.999282,0.0,1.0,0.733333,0,0,5000.0,0.0,0.0,0.0,1
pairs_twitter_instagram,Linear,m1ket,m1ket,1,0.999988,0.444444,1.0,0.875,0,0,5000.0,1.0,0.0,0.0,1
pairs_twitter_instagram,Linear,agbear,agbear,1,1.0,1.0,1.0,1.0,0,0,5000.0,0.421053,0.0,0.0,1
pairs_twitter_instagram,Linear,pokharel,pokharel,1,0.865092,0.238095,1.0,0.304348,0,0,5000.0,0.0,0.0,0.0,1
pairs_twitter_instagram,Linear,migueldecastro,rogerserra,0,0.343541,0.285714,0.307692,0.285714,0,0,5000.0,0.344828,0.0,0.0,0
pairs_twitter_instagram,Linear,handmadejewelry,handmadejewelry,1,0.942096,0.5,0.212121,0.444444,0,0,5000.0,0.533333,0.0,0.0,1
pairs_twitter_instagram,Linear,ghibril,ghibril,1,0.999997,0.75,1.0,0.8,0,0,5000.0,0.409091,0.0,0.0,1
pairs_twitter_instagram,Linear,oli4b,oli4b,1,1.0,1.0,1.0,1.0,0,0,5000.0,0.363636,0.0,0.0,1
pairs_twitter_instagram,Linear,matosnuno,matosnuno,1,0.997398,0.45,1.0,0.5,0,0,5000.0,0.4,0.0,0.0,1
pairs_twitter_instagram,Linear,aquatellus,aquatellus,1,0.997515,1.0,0.0,0.478261,0,0,5000.0,0.428571,0.0,0.0,1
pairs_twitter_instagram,Linear,johanneslenz,johanneslenz,1,1.0,1.0,1.0,1.0,0,0,5000.0,0.411765,0.0,0.0,1
pairs_twitter_instagram,Linear,lukedonegan,lukedonegan,1,0.998165,1.0,0.1,0.478261,0,0,5000.0,0.434783,0.0,0.0,1
pairs_twitter_instagram,Linear,jinaljmehta,jinaljmehta,1,0.999995,1.0,0.333333,0.8,0,0,5000.0,0.333333,0.0,0.0,1
pairs_twitter_instagram,Linear,shannonrlittle,shannonrlittle,1,1.0,1.0,1.0,1.0,0,0,5000.0,0.375,0.0,0.0,1
pairs_twitter_instagram,Linear,idrisbusari,idrisbusari,1,0.994557,1.0,0.0,0.466667,0,0,5000.0,1.0,0.0,0.0,1
pairs_twitter_instagram,Linear,gualdjouma,gualdjouma,1,0.992261,1.0,0.16129,0.380952,0,0,5000.0,0.5,0.0,0.0,1
pairs_twitter_instagram,Linear,rielax,rielax,1,0.946968,0.307692,1.0,0.375,0,0,5000.0,0.533333,0.0,0.0,1
pairs_twitter_instagram,Linear,christopherlyttle,christopherlyttle,1,0.999995,1.0,0.555556,0.76,0,0,5000.0,0.4,0.0,0.0,1
pairs_twitter_instagram,Linear,alejandrojgs,alejandrojgs,1,0.99745,1.0,0.3125,0.416667,0,0,5000.0,0.432432,0.0,0.0,1
pairs_twitter_instagram,Linear,christophbuck,heathbuckmaster,0,0.011007,0.0,0.230769,0.181818,0,0,5000.0,0.444444,0.0,0.0,1
pairs_twitter_instagram,Linear,justincambria,justincambria,1,1.0,1.0,0.785714,0.875,0,0,5000.0,0.114286,0.0,0.0,1
pairs_twitter_instagram,Linear,dkc,dkc,1,0.999956,0.384615,1.0,0.777778,0,0,5000.0,0.367347,0.0,0.0,1
pairs_twitter_instagram,Linear,roshandaniel,roshandaniel,1,1.0,1.0,1.0,1.0,0,0,5000.0,0.521739,0.0,0.0,1
pairs_twitter_instagram,Linear,joshharcus,joshharcus,1,0.999999,1.0,0.727273,0.846154,0,0,5000.0,0.866667,0.0,0.0,1
pairs_twitter_instagram,Linear,adamwhalley,adamwhalley,1,1.0,1.0,1.0,1.0,0,0,5000.0,0.415094,0.0,0.0,1
pairs_twitter_instagram,Linear,cmroman,cmroman,1,1.0,1.0,1.0,1.0,0,0,5000.0,0.428571,0.0,0.0,1
pairs_twitter_instagram,Linear,jodybossert,jodybossert,1,1.0,1.0,1.0,1.0,0,0,5000.0,0.333333,0.0,0.0,1
pairs_twitter_instagram,Linear,konradburman,konradburman,1,0.999999,0.769231,1.0,0.823529,0,0,5000.0,0.2,0.0,0.0,1
pairs_twitter_instagram,Linear,domynatrix,domynatrix,1,0.998763,1.0,0.0,0.526316,0,0,5000.0,0.5,0.0,0.0,1
pairs_twitter_instagram,Linear,taylortoussaint,taylortoussaint,1,1.0,1.0,1.0,1.0,0,0,5000.0,0.4,0.0,0.0,1
pairs_twitter_instagram,Linear,paulashton,paulashton,1,0.999929,0.692308,1.0,0.666667,0,0,5000.0,1.0,0.0,0.0,1
pairs_twitter_instagram,Linear,catflippen,catflippen,1,1.0,1.0,1.0,1.0,0,0,5000.0,0.444444,0.0,0.0,1
pairs_twitter_instagram,Linear,dariusguerrero,dariusguerrero,1,0.999976,1.0,0.583333,0.653846,0,0,5000.0,0.421053,0.0,0.0,1
pairs_twitter_instagram,Linear,henspie,henspie,1,0.999999,1.0,0.5,0.846154,0,0,5000.0,0.285714,0.0,0.0,1
pairs_twitter_instagram,Linear,poohkohawaii,poohkohawaii,1,0.999981,1.0,0.571429,0.666667,0,0,5000.0,0.363636,0.0,0.0,1
pairs_twitter_instagram,Linear,stevendent,stevendent,1,1.0,1.0,1.0,1.0,0,0,5000.0,1.0,0.0,0.0,1
pairs_twitter_instagram,Linear,dgancedo,dgancedo,1,0.99996,0.5,0.857143,0.764706,0,0,5000.0,0.37037,0.0,0.0,1
pairs_twitter_instagram,Linear,rubenserra,rubenserra,1,0.991794,0.4,0.555556,0.541667,0,0,5000.0,0.518519,0.0,0.0,1
pairs_twitter_instagram,Linear,gulgungoktan,gulgungoktan,1,1.0,1.0,0.75,1.0,0,0,5000.0,0.391304,0.0,0.0,1
pairs_twitter_instagram,Linear,juliehunter,juliehunter,1,0.99942,0.75,0.55,0.541667,0,0,5000.0,0.111111,0.0,0.0,1
pairs_twitter_instagram,Linear,kientran,kientran,1,1.0,1.0,1.0,1.0,0,0,5000.0,0.0,0.0,0.0,1
pairs_twitter_instagram,Linear,aldreendumasig,aldreendumasig,1,0.999326,1.0,0.038462,0.551724,0,0,5000.0,0.424242,0.0,0.0,1
pairs_twitter_instagram,Linear,lazarusross,lazarusross,1,0.96852,0.0,1.0,0.521739,0,0,5000.0,0.384615,0.0,0.0,1
pairs_twitter_instagram,Linear,viry,viry,1,1.0,1.0,0.8,0.85,0,0,5000.0,0.375,0.0,0.0,1
pairs_twitter_instagram,Linear,lucabecattini,lucabecattini,1,1.0,1.0,1.0,1.0,0,0,5000.0,0.47619,0.0,0.0,1
pairs_twitter_instagram,Linear,kilttilter,scottjwalter,0,0.907006,0.285714,0.4,0.454545,0,0,5000.0,0.421053,0.0,0.0,1
pairs_twitter_instagram,Linear,plr,plr,1,1.0,1.0,1.0,1.0,0,0,5000.0,1.0,0.0,0.0,1
pairs_twitter_instagram,Linear,tpoulton,tompaulus,0,0.191936,0.214286,0.266667,0.315789,0,0,5000.0,1.0,0.0,0.0,0
pairs_twitter_instagram,Linear,karendatangel,karendatangel,1,0.999978,0.461538,1.0,0.823529,0,0,5000.0,0.866667,0.0,0.0,1
pairs_twitter_instagram,Linear,jasonbergin,thesournotes,0,0.043763,0.263158,0.2,0.206897,0,0,5000.0,1.0,0.0,0.0,0
pairs_twitter_instagram,Linear,cathynesbit,arthas,0,0.093977,0.266667,0.071429,0.241379,0,0,5000.0,0.391304,0.0,0.0,1
pairs_twitter_instagram,Linear,rodmilam,rodmilam,1,1.0,1.0,1.0,1.0,0,0,5000.0,0.0,0.0,0.0,1
pairs_twitter_instagram,Linear,joninickrentpopartminis,joninickrentpopartminis,1,0.997975,1.0,0.05,0.478261,0,0,5000.0,0.380952,0.0,0.0,1
pairs_twitter_instagram,Linear,erkstam,erkstam,1,1.0,1.0,1.0,1.0,0,0,5000.0,0.428571,0.0,0.0,1
pairs_twitter_instagram,Linear,majalarsson,majalarsson,1,1.0,1.0,1.0,1.0,0,0,5000.0,0.4,0.0,0.0,1
pairs_twitter_instagram,Linear,thegadgeteur,thegadgeteur,1,0.999613,0.769231,0.3,0.6,0,0,5000.0,0.0,0.0,0.0,1
pairs_twitter_instagram,Linear,andrewfoote,andrewfoote,1,1.0,1.0,1.0,1.0,0,0,5000.0,1.0,0.0,0.0,1
pairs_twitter_instagram,Linear,karenmarie,karenclark,0,0.426512,0.333333,0.3,0.307692,0,0,5000.0,0.615385,0.0,0.0,1
pairs_twitter_instagram,Linear,michaelrajivshah,michaelrajivshah,1,0.99878,0.294118,1.0,0.611111,0,0,5000.0,0.428571,0.0,0.0,1
pairs_twitter_instagram,Linear,nadirozkan,nadirozkan,1,1.0,1.0,1.0,1.0,0,0,5000.0,0.391304,0.0,0.0,1
pairs_twitter_instagram,Linear,carsonbelinda,carsonbelinda,1,1.0,1.0,1.0,1.0,0,0,5000.0,0.153846,0.0,0.0,1
pairs_twitter_instagram,Linear,jenleheny,jenleheny,1,0.999999,1.0,0.4,0.863636,0,0,5000.0,0.378378,0.0,0.0,1
pairs_twitter_instagram,Linear,naningutoyo,naningutoyo,1,0.969865,1.0,0.0,0.322581,0,0,5000.0,0.444444,0.0,0.0,1
pairs_twitter_instagram,Linear,willblackford,willblackford,1,0.99997,1.0,0.0,0.75,0,0,5000.0,0.380952,0.0,0.0,1
pairs_twitter_instagram,Linear,jasonriemens,jasonriemens,1,1.0,1.0,1.0,1.0,0,0,5000.0,0.588235,0.0,0.0,1
pairs_twitter_instagram,Linear,dimmu,dimmu,1,1.0,1.0,1.0,1.0,0,0,5000.0,0.384615,0.0,0.0,1
pairs_twitter_instagram,Linear,arielcohen,arielcohen,1,0.999997,0.8,1.0,0.785714,0,0,5000.0,0.363636,0.0,0.0,1
pairs_twitter_instagram,Linear,rafaeltds,rafaeltds,1,1.0,1.0,1.0,1.0,0,0,5000.0,0.352941,0.0,0.0,1
pairs_twitter_instagram,Linear,joonkang,joonkang,1,0.997677,0.3,1.0,0.5625,0,0,5000.0,0.333333,0.0,0.0,1
pairs_twitter_instagram,Linear,fitbodylife,fitbodylife,1,0.999353,0.769231,0.190476,0.615385,0,0,5000.0,0.4,0.0,0.0,1
pairs_twitter_instagram,Linear,cserafin,cserafin,1,0.965964,0.0,1.0,0.52,0,0,5000.0,0.434783,0.0,0.0,1
pairs_twitter_instagram,Linear,shawnalholman,shawnalholman,1,0.995749,0.3125,0.857143,0.590909,0,0,5000.0,1.0,0.0,0.0,1
pairs_twitter_instagram,Linear,raymondwong,raymondwong,1,0.132216,0.066667,0.384615,0.324324,0,0,5000.0,1.0,0.0,0.0,1
pairs_twitter_instagram,Linear,hrodzpr,hrodzpr,1,0.988575,1.0,0.095238,0.363636,0,0,5000.0,0.413793,0.0,0.0,1
pairs_twitter_instagram,Linear,elbisnet,elbisnet,1,1.0,1.0,1.0,1.0,0,0,5000.0,0.352941,0.0,0.0,1
pairs_twitter_instagram,Linear,antonioaraya,antonioaraya,1,1.0,1.0,1.0,1.0,0,0,5000.0,0.0,0.0,0.0,1
pairs_twitter_instagram,Linear,ianeisenberg,ianeisenberg,1,1.0,1.0,1.0,1.0,0,0,5000.0,0.195122,0.0,0.0,1
pairs_twitter_instagram,Linear,mariadpablos,mariadpablos,1,0.991233,0.2,1.0,0.533333,0,0,5000.0,0.545455,0.0,0.0,1
pairs_twitter_instagram,Linear,mikedoeff,mikedoeff,1,1.0,1.0,1.0,1.0,0,0,5000.0,1.0,0.0,0.0,1
pairs_twitter_instagram,Linear,vilapol,vilapol,1,0.999226,1.0,0.266667,0.5,0,0,5000.0,0.4375,0.0,0.0,1
pairs_twitter_instagram,Linear,brittanyberger,brittanyberger,1,0.968033,1.0,0.12,0.266667,0,0,5000.0,0.0,0.0,0.0,1
pairs_twitter_instagram,Linear,matthieuthomas,matthieuthomas,1,0.995941,1.0,0.0,0.448276,0,0,5000.0,0.4375,0.0,0.0,1
pairs_twitter_instagram,Linear,leeharmon,leeharmon,1,1.0,1.0,1.0,1.0,0,0,5000.0,0.416667,0.0,0.0,1
pairs_twitter_instagram,Linear,katiekutthroat,katiekutthroat,1,1.0,1.0,1.0,1.0,0,0,5000.0,0.434783,0.0,0.0,1
pairs_twitter_instagram,Linear,codytatman,codytatman,1,1.0,1.0,1.0,1.0,0,0,5000.0,0.434783,0.0,0.0,1
pairs_twitter_instagram,Linear,salah286,salah286,1,0.99999,0.5,1.0,0.866667,0,0,5000.0,1.0,0.0,0.0,1
pairs_twitter_instagram,Linear,mdyoder,mdyoder,1,1.0,1.0,0.857143,0.888889,0,0,5000.0,0.470588,0.0,0.0,1
pairs_twitter_instagram,Linear,ekoprobo,ekoprobo,1,1.0,1.0,1.0,1.0,0,0,5000.0,0.390244,0.0,0.0,1
pairs_twitter_instagram,Linear,abedsaifi,abedsaifi,1,1.0,1.0,1.0,1.0,0,0,5000.0,0.631579,0.0,0.0,1
pairs_twitter_instagram,Linear,laszloreszegi,laszloreszegi,1,0.999994,1.0,0.5,0.75,0,0,5000.0,0.384615,0.0,0.0,1
pairs_twitter_instagram,Linear,aleksanderdye,aleksanderdye,1,1.0,1.0,1.0,1.0,0,0,5000.0,0.315789,0.0,0.0,1
pairs_twitter_instagram,Linear,nicoias,nicoias,1,0.987218,0.0,1.0,0.619048,0,0,5000.0,1.0,0.0,0.0,1
pairs_twitter_instagram,Linear,lidahasbrouck,lidahasbrouck,1,1.0,1.0,1.0,1.0,0,0,5000.0,0.428571,0.0,0.0,1
pairs_twitter_instagram,Linear,theeastsiderealestateguy,theeastsiderealestateguy,1,0.923378,0.095238,0.555556,0.515152,0,0,5000.0,0.444444,0.0,0.0,1
pairs_twitter_instagram,Linear,gadgeeked,gadgeeked,1,1.0,1.0,1.0,1.0,0,0,5000.0,0.428571,0.0,0.0,1
pairs_twitter_instagram,Linear,moos3,rjoerges,0,0.344322,0.0,0.45,0.357143,0,0,5000.0,0.111111,0.0,0.0,1
pairs_twitter_instagram,Linear,trevorlong,trevorlong,1,0.98747,0.818182,0.384615,0.375,0,0,5000.0,0.421053,0.0,0.0,1
pairs_twitter_instagram,Linear,mahmoudhamamou,mahmoudhamamou,1,1.0,1.0,1.0,1.0,0,0,5000.0,0.363636,0.0,0.0,1
pairs_twitter_instagram,Linear,davedebor,dbentley,0,0.774834,0.4,0.333333,0.357143,0,0,5000.0,0.421053,0.0,0.0,1
pairs_twitter_instagram,Linear,kwanza,kwanza,1,0.999707,1.0,0.466667,0.545455,0,0,5000.0,0.8,0.0,0.0,1
pairs_twitter_instagram,Linear,michaelkrantz,michaelkrantz,1,0.981425,0.785714,0.214286,0.393939,0,0,5000.0,0.390244,0.0,0.0,1
pairs_twitter_instagram,Linear,calfn,calfn,1,0.996511,0.571429,0.0,0.6,0,0,5000.0,0.0,0.0,0.0,1
pairs_twitter_instagram,Linear,krystasch,krystasch,1,0.999792,1.0,0.0,0.631579,0,0,5000.0,0.416667,0.0,0.0,1
pairs_twitter_instagram,Linear,eduardomueses,eduardomueses,1,1.0,1.0,1.0,1.0,0,0,5000.0,1.0,0.0,0.0,1
pairs_twitter_instagram,Linear,lindsayrain,lindsayrain,1,1.0,1.0,0.666667,1.0,0,0,5000.0,0.473684,0.0,0.0,1
pairs_twitter_instagram,Linear,jorgeramossantos,jorgeramossantos,1,0.999953,0.5,1.0,0.73913,0,0,5000.0,0.545455,0.0,0.0,1
pairs_twitter_instagram,Linear,mikemartin,mikemartin,1,1.0,1.0,1.0,1.0,0,0,5000.0,0.439024,0.0,0.0,1
pairs_twitter_instagram,Linear,stevelevine,stevelevine,1,0.999997,0.9,0.727273,0.785714,0,0,5000.0,0.372093,0.0,0.0,1
pairs_twitter_instagram,Linear,djryan,djryan,1,0.999998,0.714286,1.0,0.866667,0,0,5000.0,1.0,0.0,0.0,1
pairs_twitter_instagram,Linear,karimellis,karimellis,1,0.999999,0.9,1.0,0.823529,0,0,5000.0,0.526316,0.0,0.0,1
pairs_twitter_instagram,Linear,nzeckner,peregeis,0,0.278435,0.2,0.357143,0.3,0,0,5000.0,0.47619,0.0,0.0,1
pairs_twitter_instagram,Linear,angelamisri,angelamisri,1,1.0,1.0,1.0,1.0,0,0,5000.0,0.388889,0.0,0.0,1
pairs_twitter_instagram,Linear,juergvollmer,juergvollmer,1,1.0,1.0,1.0,1.0,0,0,5000.0,0.48,0.0,0.0,1
pairs_twitter_instagram,Linear,aaronphillips,aaronphillips,1,0.999994,1.0,0.307692,0.8,0,0,5000.0,0.470588,0.0,0.0,1
pairs_twitter_instagram,Linear,idrialis,idrialis,1,0.999725,1.0,0.4375,0.529412,0,0,5000.0,0.409091,0.0,0.0,1
pairs_twitter_instagram,Linear,jcabezuelo,djjy,0,0.328291,0.4,0.0,0.272727,0,0,5000.0,0.0,0.0,0.0,0
pairs_twitter_instagram,Linear,ohkirsten,ohkirsten,1,1.0,0.888889,1.0,0.9375,0,0,5000.0,0.48,0.0,0.0,1
pairs_twitter_instagram,Linear,carolinemccarthy,carolinemccarthy,1,0.999449,1.0,0.482759,0.516129,0,0,5000.0,1.0,0.0,0.0,1
pairs_twitter_instagram,Linear,psyko,newportbeachsharon,0,0.044103,0.384615,0.0,0.16129,0,0,5000.0,0.444444,0.0,0.0,0
pairs_twitter_instagram,Linear,djgrill,djgrill,1,0.999624,0.333333,1.0,0.705882,0,0,5000.0,1.0,0.0,0.0,1
pairs_twitter_instagram,Linear,motivationdoc,motivationdoc,1,1.0,1.0,1.0,1.0,0,0,5000.0,0.0,0.0,0.0,1
pairs_twitter_instagram,Linear,tdodson,tdodson,1,0.999993,0.416667,1.0,0.875,0,0,5000.0,0.357143,0.0,0.0,1
pairs_twitter_instagram,Linear,joshgriffin,joshgriffin,1,0.999999,1.0,0.714286,0.818182,0,0,5000.0,0.413793,0.0,0.0,1
pairs_twitter_instagram,Linear,jsschultz88,jsschultz88,1,1.0,1.0,1.0,1.0,0,0,5000.0,0.0,0.0,0.0,1
pairs_twitter_instagram,Linear,pepehoms,pepehoms,1,1.0,1.0,1.0,1.0,0,0,5000.0,0.315789,0.0,0.0,1
pairs_twitter_instagram,Linear,adrianoteles,adrianoteles,1,1.0,1.0,1.0,1.0,0,0,5000.0,0.408163,0.0,0.0,1
pairs_twitter_instagram,Linear,jessemontano,jessemontano,1,1.0,1.0,1.0,1.0,0,0,5000.0,1.0,0.0,0.0,1
pairs_twitter_instagram,Linear,tessadufresne,tessadufresne,1,0.999999,1.0,0.647059,0.85,0,0,5000.0,0.32,0.0,0.0,1
pairs_twitter_instagram,Linear,oliebana,oliebana,1,1.0,1.0,0.714286,0.882353,0,0,5000.0,0.333333,0.0,0.0,1
pairs_twitter_instagram,Linear,daveballesteros,daveballesteros,1,1.0,1.0,1.0,1.0,0,0,5000.0,1.0,0.0,0.0,1
pairs_twitter_instagram,Linear,blakekbrown,blakekbrown,1,0.999916,0.454545,0.833333,0.75,0,0,5000.0,0.5,0.0,0.0,1
pairs_twitter_instagram,Linear,troshy,troshy,1,1.0,1.0,1.0,1.0,0,0,5000.0,0.571429,0.0,0.0,1
pairs_twitter_instagram,Linear,eugenekaspersky,eugenekaspersky,1,0.999845,1.0,0.5,0.558824,0,0,5000.0,0.5,0.0,0.0,1
pairs_twitter_instagram,Linear,ginograziano,ginograziano,1,1.0,1.0,0.272727,1.0,0,0,5000.0,0.47619,0.0,0.0,1
pairs_twitter_instagram,Linear,kmartinezcarter,kmartinezcarter,1,0.999362,1.0,0.451613,0.5,0,0,5000.0,0.8,0.0,0.0,1
pairs_twitter_instagram,Linear,karendaniela,karendaniela,1,0.999429,0.769231,0.6,0.583333,0,0,5000.0,1.0,0.0,0.0,1
pairs_twitter_instagram,Linear,alexsablan,alexsablan,1,1.0,1.0,1.0,1.0,0,0,5000.0,0.0,0.0,0.0,1
pairs_twitter_instagram,Linear,cheeseberger,cheeseberger,1,0.999937,0.769231,0.333333,0.75,0,0,5000.0,0.666667,0.0,0.0,1
pairs_twitter_instagram,Linear,stefanwoldekidan,stefandan,0,0.572011,0.222222,0.4375,0.347826,0,0,5000.0,0.4,0.0,0.0,1
pairs_twitter_instagram,Linear,katmaund,katmaund,1,0.999991,1.0,0.636364,0.708333,0,0,5000.0,0.5,0.0,0.0,1
pairs_twitter_instagram,Linear,traced,traced,1,0.989111,1.0,0.190476,0.346154,0,0,5000.0,0.380952,0.0,0.0,1
pairs_twitter_instagram,Linear,maccih,maccih,1,0.996079,0.0,1.0,0.653846,0,0,5000.0,0.4,0.0,0.0,1
pairs_twitter_instagram,Linear,cendrinemarrouat,cendrinemarrouat,1,1.0,1.0,1.0,1.0,0,0,5000.0,0.409091,0.0,0.0,1
pairs_twitter_instagram,Linear,elleneinkauf,elleneinkauf,1,0.999749,1.0,0.444444,0.533333,0,0,5000.0,0.4,0.0,0.0,1
pairs_twitter_instagram,Linear,dannyquigley,dannyquigley,1,1.0,1.0,1.0,1.0,0,0,5000.0,0.0,0.0,0.0,1
pairs_twitter_instagram,Linear,muzicoholicated,muzicoholicated,1,1.0,1.0,1.0,1.0,0,0,5000.0,0.461538,0.0,0.0,1
pairs_twitter_instagram,Linear,atsushigt,atsushigt,1,0.99924,1.0,0.0,0.529412,0,0,5000.0,0.083333,0.0,0.0,1
pairs_twitter_instagram,Linear,sebastianmueller,sebastianmueller,1,1.0,1.0,1.0,1.0,0,0,5000.0,0.434783,0.0,0.0,1
pairs_twitter_instagram,Linear,renelego,renelego,1,0.995947,0.307692,1.0,0.526316,0,0,5000.0,0.357143,0.0,0.0,1
pairs_twitter_instagram,Linear,craigansell,craigansell,1,0.999997,0.75,1.0,0.8125,0,0,5000.0,0.461538,0.0,0.0,1
pairs_twitter_instagram,Linear,corbet,corbet,1,1.0,1.0,1.0,1.0,0,0,5000.0,0.431373,0.0,0.0,1
pairs_twitter_instagram,Linear,hasanmhm,hasanmhm,1,1.0,1.0,0.8125,0.857143,0,0,5000.0,0.0,0.0,0.0,1
pairs_twitter_instagram,Linear,micaheriksson,micaheriksson,1,0.999929,0.785714,0.307692,0.722222,0,0,5000.0,0.384615,0.0,0.0,1
pairs_twitter_instagram,Linear,guillaumeoudenot,guillaumeoudenot,1,1.0,1.0,1.0,1.0,0,0,5000.0,0.526316,0.0,0.0,1
pairs_twitter_instagram,Linear,carlosclouthier,carlosclouthier,1,1.0,1.0,1.0,1.0,0,0,5000.0,0.333333,0.0,0.0,1
pairs_twitter_instagram,Linear,jchiatt,jchiatt,1,1.0,1.0,1.0,1.0,0,0,5000.0,1.0,0.0,0.0,1
pairs_twitter_instagram,Linear,christiepingvin,christiepingvin,1,1.0,1.0,0.888889,0.923077,0,0,5000.0,0.375,0.0,0.0,1
pairs_twitter_instagram,Linear,sugarfreecoach,sugarfreecoach,1,0.999552,0.421053,1.0,0.617647,0,0,5000.0,0.35,0.0,0.0,1
pairs_twitter_instagram,Linear,brunno,brunno,1,1.0,1.0,1.0,1.0,0,0,5000.0,0.388889,0.0,0.0,1
pairs_twitter_instagram,Linear,dnhills,dnhills,1,1.0,1.0,1.0,1.0,0,0,5000.0,0.434783,0.0,0.0,1
pairs_twitter_instagram,Linear,ianmcconnell,ianmcconnell,1,0.999998,0.769231,1.0,0.823529,0,0,5000.0,0.387097,0.0,0.0,1
pairs_twitter_instagram,Linear,leanderwattig,leanderwattig,1,0.999701,1.0,0.464286,0.516129,0,0,5000.0,0.363636,0.0,0.0,1
pairs_twitter_instagram,Linear,marygrace,marygrace,1,0.923037,0.052632,1.0,0.46875,0,0,5000.0,0.790698,0.0,0.0,1
pairs_twitter_instagram,Linear,bambiblue,bambiblue,1,0.829982,0.0,1.0,0.409091,0,0,5000.0,0.410256,0.0,0.0,1
pairs_twitter_instagram,Linear,markusrach,markusrach,1,1.0,1.0,1.0,1.0,0,0,5000.0,0.315789,0.0,0.0,1
pairs_twitter_instagram,Linear,jupptedesco,jupptedesco,1,0.999033,1.0,0.142857,0.481481,0,0,5000.0,0.0,0.0,0.0,1
pairs_twitter_instagram,Linear,michaelcoley,michaelcoley,1,1.0,1.0,1.0,1.0,0,0,5000.0,0.363636,0.0,0.0,1
pairs_twitter_instagram,Linear,theoryoferin,theoryoferin,1,0.999998,1.0,0.272727,0.857143,0,0,5000.0,0.424242,0.0,0.0,1
pairs_twitter_instagram,Linear,amandaloy,martavilaseca,0,0.354227,0.421053,0.030303,0.3,0,0,5000.0,0.526316,0.0,0.0,1
pairs_twitter_instagram,Linear,robcoers,robcoers,1,1.0,1.0,1.0,1.0,0,0,5000.0,0.461538,0.0,0.0,1
pairs_twitter_instagram,Linear,jehf,jehf,1,0.999669,1.0,0.409091,0.52,0,0,5000.0,0.357143,0.0,0.0,1
pairs_twitter_instagram,Linear,pbustas,pbustas,1,1.0,1.0,0.818182,0.846154,0,0,5000.0,0.363636,0.0,0.0,1
pairs_twitter_instagram,Linear,alaasabra,alaasabra,1,0.999671,0.555556,0.5,0.681818,0,0,5000.0,0.382979,0.0,0.0,1
pairs_twitter_instagram,Linear,peteseroogy,peteseroogy,1,1.0,1.0,1.0,1.0,0,0,5000.0,0.451613,0.0,0.0,1
pairs_twitter_instagram,Linear,williamorellana,williamorellana,1,0.989515,0.047619,1.0,0.576923,0,0,5000.0,0.454545,0.0,0.0,1
pairs_twitter_instagram,Linear,waadf,waadf,1,0.997929,1.0,0.333333,0.407407,0,0,5000.0,0.153846,0.0,0.0,1
pairs_twitter_instagram,Linear,davidmerinas,davidmerinas,1,1.0,1.0,1.0,1.0,0,0,5000.0,0.410256,0.0,0.0,1
pairs_twitter_instagram,Linear,timothyryan,timothyryan,1,0.999965,0.625,1.0,0.7,0,0,5000.0,0.424242,0.0,0.0,1
pairs_twitter_instagram,Linear,dajallo,dajallo,1,0.973045,1.0,0.0,0.333333,0,0,5000.0,0.5,0.0,0.0,1
pairs_twitter_instagram,Linear,kosmach,kosmach,1,1.0,1.0,1.0,1.0,0,0,5000.0,0.421053,0.0,0.0,1
pairs_twitter_instagram,Linear,dhyll,dhyll,1,0.258815,0.666667,0.0,0.173913,0,0,5000.0,0.434783,0.0,0.0,1
pairs_twitter_instagram,Linear,rodrigoamem,rodrigoamem,1,0.999766,1.0,0.0,0.625,0,0,5000.0,0.428571,0.0,0.0,1
pairs_twitter_instagram,Linear,ankatextile,ankatextile,1,1.0,1.0,1.0,1.0,0,0,5000.0,0.315789,0.0,0.0,1
pairs_twitter_instagram,Linear,pattymitchell,pattymitchell,1,0.996032,0.0,1.0,0.652174,0,0,5000.0,0.385965,0.0,0.0,1
pairs_twitter_instagram,Linear,whart,whart,1,1.0,1.0,1.0,1.0,0,0,5000.0,0.428571,0.0,0.0,1
pairs_twitter_instagram,Linear,lizzmc,ivandequito,0,0.370675,0.235294,0.333333,0.285714,0,0,5000.0,0.0,0.0,0.0,0
pairs_twitter_instagram,Linear,aguseji,aguseji,1,0.998289,1.0,0.25,0.45,0,0,5000.0,0.378378,0.0,0.0,1
pairs_twitter_instagram,Linear,gailaustin,gailaustin,1,0.994747,1.0,0.041667,0.423077,0,0,5000.0,0.421053,0.0,0.0,1
pairs_twitter_instagram,Linear,balexandre,balexandre,1,0.999967,1.0,0.533333,0.647059,0,0,5000.0,0.482759,0.0,0.0,1
pairs_twitter_instagram,Linear,davidhernandez,davidweb,0,0.583155,0.0,0.727273,0.395349,0,0,5000.0,0.583333,0.0,0.0,1
pairs_twitter_instagram,Linear,shahsocialmedia,shahsocialmedia,1,1.0,1.0,0.5,0.909091,0,0,5000.0,0.4,0.0,0.0,1
pairs_twitter_instagram,Linear,evagarciaalende,evagarciaalende,1,1.0,1.0,1.0,1.0,0,0,5000.0,1.0,0.0,0.0,1
pairs_twitter_instagram,Linear,ericdlussier,ericdlussier,1,1.0,1.0,1.0,1.0,0,0,5000.0,0.37037,0.0,0.0,1
pairs_twitter_instagram,Linear,wproof,wproof,1,1.0,1.0,1.0,1.0,0,0,5000.0,0.521739,0.0,0.0,1
pairs_twitter_instagram,Linear,conoraltier,conoraltier,1,0.999971,1.0,0.333333,0.705882,0,0,5000.0,0.666667,0.0,0.0,1
pairs_twitter_instagram,Linear,linji,linji,1,0.931997,1.0,0.0,0.266667,0,0,5000.0,0.4,0.0,0.0,1
pairs_twitter_instagram,Linear,ocrucelaegui,ocrucelaegui,1,0.995926,1.0,0.294118,0.388889,0,0,5000.0,0.4,0.0,0.0,1
pairs_twitter_instagram,Linear,kkbyrns,kkbyrns,1,0.999996,1.0,0.25,0.833333,0,0,5000.0,0.388889,0.0,0.0,1
pairs_twitter_instagram,Linear,kdnewman,kdnewman,1,1.0,1.0,1.0,1.0,0,0,5000.0,1.0,0.0,0.0,1
pairs_twitter_instagram,Linear,nessabirdie,nessabirdie,1,0.998572,1.0,0.0,0.55,0,0,5000.0,1.0,0.0,0.0,1
pairs_twitter_instagram,Linear,kuroroh,kuroroh,1,0.999902,1.0,0.421053,0.576923,0,0,5000.0,0.108108,0.0,0.0,1
pairs_twitter_instagram,Linear,claudiogiulio,claudiogiulio,1,1.0,1.0,1.0,1.0,0,0,5000.0,0.482759,0.0,0.0,1
pairs_twitter_instagram,Linear,andrearusky,andrearusky,1,1.0,0.818182,1.0,0.869565,0,0,5000.0,0.0,0.0,0.0,1
pairs_twitter_instagram,Linear,frantxuvb,frantxuvb,1,0.926052,1.0,0.073171,0.244898,0,0,5000.0,0.368421,0.0,0.0,1
pairs_twitter_instagram,Linear,themichaelshane,themichaelshane,1,1.0,1.0,1.0,1.0,0,0,5000.0,1.0,0.0,0.0,1
pairs_twitter_instagram,Linear,atsoukalidis,atsoukalidis,1,1.0,1.0,1.0,1.0,0,0,5000.0,0.444444,0.0,0.0,1
pairs_twitter_instagram,Linear,angiepascale,angiepascale,1,0.999995,0.5,1.0,0.866667,0,0,5000.0,0.333333,0.0,0.0,1
pairs_twitter_instagram,Linear,eastonplacedesigns,eastonplacedesigns,1,1.0,1.0,1.0,1.0,0,0,5000.0,0.5,0.0,0.0,1
pairs_twitter_instagram,Linear,sugabetic,sugabetic,1,0.999994,1.0,0.25,0.842105,0,0,5000.0,1.0,0.0,0.0,1
pairs_twitter_instagram,Linear,karypastor,karypastor,1,0.99942,0.363636,0.230769,0.75,0,0,5000.0,0.0,0.0,0.0,1
pairs_twitter_instagram,Linear,davidgregson,davidgregson,1,0.999996,1.0,0.642857,0.736842,0,0,5000.0,0.102564,0.0,0.0,1
pairs_twitter_instagram,Linear,ajuece,ajuece,1,1.0,1.0,1.0,1.0,0,0,5000.0,0.545455,0.0,0.0,1
pairs_twitter_instagram,Linear,matthewjadams,matthewjadams,1,0.999781,0.25,1.0,0.772727,0,0,5000.0,1.0,0.0,0.0,1
pairs_twitter_instagram,Linear,ergomezg,ergomezg,1,0.969541,0.0,1.0,0.52,0,0,5000.0,0.325581,0.0,0.0,1
pairs_twitter_instagram,Linear,marsherlin,brothermarlon,0,0.229148,0.3125,0.117647,0.277778,0,0,5000.0,0.363636,0.0,0.0,1
pairs_twitter_instagram,Linear,abuznadah,abuznadah,1,0.963167,1.0,0.0,0.310345,0,0,5000.0,0.454545,0.0,0.0,1
pairs_twitter_instagram,Linear,vbellais,vbellais,1,1.0,1.0,1.0,1.0,0,0,5000.0,0.363636,0.0,0.0,1
pairs_twitter_instagram,Linear,rahulkadari,rahulkadari,1,1.0,1.0,1.0,1.0,0,0,5000.0,0.470588,0.0,0.0,1
pairs_twitter_instagram,Linear,proxywolf,proxywolf,1,0.999808,1.0,0.444444,0.545455,0,0,5000.0,0.333333,0.0,0.0,1
pairs_twitter_instagram,Linear,diegoisaid,diegoisaid,1,0.999949,1.0,0.3125,0.631579,0,0,5000.0,0.0,0.0,0.0,1
pairs_twitter_instagram,Linear,sanabakshi,sanabakshi,1,0.99836,1.0,0.4,0.464286,0,0,5000.0,1.0,0.0,0.0,1
pairs_twitter_instagram,Linear,omorgan,omorgan,1,1.0,1.0,1.0,1.0,0,0,5000.0,1.0,0.0,0.0,1
pairs_twitter_instagram,Linear,darkmagepr,darkmagepr,1,1.0,1.0,1.0,1.0,0,0,5000.0,0.375,0.0,0.0,1
pairs_twitter_instagram,Linear,manishdas,manishdas,1,0.999692,0.5,1.0,0.611111,0,0,5000.0,0.375,0.0,0.0,1
pairs_twitter_instagram,Linear,paolobaratta,timpowell,0,0.415069,0.384615,0.0,0.333333,0,0,5000.0,0.48,0.0,0.0,0
pairs_twitter_instagram,Linear,north4loor,north4loor,1,0.848001,1.0,0.0,0.25,0,0,5000.0,1.0,0.0,0.0,1
pairs_twitter_instagram,Linear,fdavid,fdavid,1,1.0,1.0,0.764706,0.95,0,0,5000.0,0.421053,0.0,0.0,1
pairs_twitter_instagram,Linear,jimmyrey,jimmyrey,1,0.999999,0.875,1.0,0.833333,0,0,5000.0,1.0,0.0,0.0,1
pairs_twitter_instagram,Linear,peggydolane,peggynairn,0,0.303565,0.266667,0.3125,0.285714,0,0,5000.0,0.416667,0.0,0.0,0
pairs_twitter_instagram,Linear,jcdaniels,jcdaniels,1,0.99991,1.0,0.4,0.588235,0,0,5000.0,0.133333,0.0,0.0,1
pairs_twitter_instagram,Linear,faheemalik,faheemalik,1,1.0,1.0,1.0,1.0,0,0,5000.0,0.357143,0.0,0.0,1
pairs_twitter_instagram,Linear,anthonyakin,anthonyakin,1,0.998523,0.333333,1.0,0.578947,0,0,5000.0,0.357143,0.0,0.0,1
pairs_twitter_instagram,Linear,zenoskyline,zenoskyline,1,0.98795,1.0,0.0,0.392857,0,0,5000.0,0.631579,0.0,0.0,1
pairs_twitter_instagram,Linear,bradhuss,bradhuss,1,1.0,1.0,1.0,1.0,0,0,5000.0,0.432432,0.0,0.0,1
pairs_twitter_instagram,Linear,paulduncan,paulduncan,1,1.0,1.0,1.0,1.0,0,0,5000.0,1.0,0.0,0.0,1
pairs_twitter_instagram,Linear,victorgaxiola,victorgaxiola,1,1.0,1.0,1.0,1.0,0,0,5000.0,0.48,0.0,0.0,1
pairs_twitter_instagram,Linear,matthewrogers,matthewrogers,1,0.451264,0.0,0.642857,0.366667,0,0,5000.0,0.4,0.0,0.0,1
pairs_twitter_instagram,Linear,davidshogan,davidshogan,1,0.985225,0.095238,1.0,0.535714,0,0,5000.0,0.444444,0.0,0.0,1
pairs_twitter_instagram,Linear,parmp,parmp,1,0.162945,0.428571,0.190476,0.192308,0,0,5000.0,0.380952,0.0,0.0,1
pairs_twitter_instagram,Linear,jeromyu,jeromyu,1,0.887365,1.0,0.026316,0.230769,0,0,5000.0,0.454545,0.0,0.0,1
pairs_twitter_instagram,Linear,charlesalewis,charlesalewis,1,0.999997,0.75,1.0,0.8,0,0,5000.0,0.4,0.0,0.0,1
pairs_twitter_instagram,Linear,hayobethlehem,hayobethlehem,1,0.999998,0.615385,1.0,0.882353,0,0,5000.0,0.375,0.0,0.0,1
pairs_twitter_instagram,Linear,tom440,tom440,1,1.0,1.0,1.0,1.0,0,0,5000.0,0.0,0.0,0.0,1
pairs_twitter_instagram,Linear,emredjan,emredjan,1,1.0,1.0,1.0,1.0,0,0,5000.0,0.454545,0.0,0.0,1
pairs_twitter_instagram,Linear,jasonrjohnston,jasonrjohnston,1,1.0,1.0,1.0,1.0,0,0,5000.0,0.434783,0.0,0.0,1
pairs_twitter_instagram,Linear,kenmayes,kenmayes,1,1.0,1.0,1.0,1.0,0,0,5000.0,0.451613,0.0,0.0,1
pairs_twitter_instagram,Linear,matthewknell,matthewknell,1,0.999436,1.0,0.413793,0.483871,0,0,5000.0,0.324324,0.0,0.0,1
pairs_twitter_instagram,Linear,pietrodibello,pietrodibello,1,1.0,1.0,1.0,1.0,0,0,5000.0,0.421053,0.0,0.0,1
pairs_twitter_instagram,Linear,dwanellington,dwanellington,1,0.946491,0.08,1.0,0.454545,0,0,5000.0,0.37037,0.0,0.0,1
pairs_twitter_instagram,Linear,xevian,xevian,1,0.999567,1.0,0.0,0.588235,0,0,5000.0,0.45,0.0,0.0,1
pairs_twitter_instagram,Linear,tinahunt,tinahunt,1,0.999997,1.0,0.375,0.833333,0,0,5000.0,0.47619,0.0,0.0,1
pairs_twitter_instagram,Linear,zehnbar,zehnbar,1,1.0,1.0,1.0,1.0,0,0,5000.0,0.424242,0.0,0.0,1
pairs_twitter_instagram,Linear,dlosuna,dlosuna,1,0.999999,1.0,0.777778,0.857143,0,0,5000.0,0.454545,0.0,0.0,1
pairs_twitter_instagram,Linear,ryanruppe,ryanruppe,1,0.98912,1.0,0.083333,0.37037,0,0,5000.0,0.434783,0.0,0.0,1
pairs_twitter_instagram,Linear,valeriecross,valeriecross,1,0.999979,0.538462,1.0,0.777778,0,0,5000.0,0.608696,0.0,0.0,1
pairs_twitter_instagram,Linear,seanwilliams,seanwilliams,1,0.919814,0.8,0.230769,0.294118,0,0,5000.0,0.45,0.0,0.0,1
pairs_twitter_instagram,Linear,presljf,presljf,1,1.0,1.0,1.0,1.0,0,0,5000.0,0.108108,0.0,0.0,1
pairs_twitter_instagram,Linear,sweeperdk,sweeperdk,1,1.0,1.0,1.0,1.0,0,0,5000.0,0.388889,0.0,0.0,1
pairs_twitter_instagram,Linear,treyratcliff,treyratcliff,1,1.0,1.0,1.0,1.0,0,0,5000.0,0.390244,0.0,0.0,1
pairs_twitter_instagram,Linear,homersapien619,homersapien619,1,1.0,1.0,1.0,1.0,0,0,5000.0,0.538462,0.0,0.0,1
pairs_twitter_instagram,Linear,marlaschulman,marlaschulman,1,0.999807,1.0,0.333333,0.6,0,0,5000.0,0.846154,0.0,0.0,1
pairs_twitter_instagram,Linear,jayjayartist,jayjayartist,1,0.999775,0.6,1.0,0.631579,0,0,5000.0,1.0,0.0,0.0,1
pairs_twitter_instagram,Linear,megsrhea,megsrhea,1,1.0,1.0,1.0,1.0,0,0,5000.0,0.352941,0.0,0.0,1
pairs_twitter_instagram,Linear,katiecollins,katiecollins,1,1.0,1.0,1.0,1.0,0,0,5000.0,0.4,0.0,0.0,1
pairs_twitter_instagram,Linear,xeniarm,xeniarm,1,0.998868,1.0,0.307692,0.470588,0,0,5000.0,0.470588,0.0,0.0,1
pairs_twitter_instagram,Linear,paolomargari,paolomargari,1,1.0,1.0,1.0,1.0,0,0,5000.0,0.357143,0.0,0.0,1
pairs_twitter_instagram,Linear,flxbarth,vlhorton,0,0.237136,0.0,0.5,0.307692,0,0,5000.0,0.0,0.0,0.0,1
pairs_twitter_instagram,Linear,roberttrahan,roberttrahan,1,0.992521,0.153846,1.0,0.555556,0,0,5000.0,0.451613,0.0,0.0,1
pairs_twitter_instagram,Linear,robeh,robeh,1,0.999994,0.571429,1.0,0.833333,0,0,5000.0,0.45,0.0,0.0,1
pairs_twitter_instagram,Linear,sidsel,sidsel,1,1.0,1.0,1.0,1.0,0,0,5000.0,0.363636,0.0,0.0,1
pairs_twitter_instagram,Linear,berillium04,berillium04,1,0.975017,1.0,0.0,0.305556,0,0,5000.0,0.0,0.0,0.0,1
pairs_twitter_instagram,Linear,ikitamara,ikitamara,1,0.533713,0.545455,0.1,0.277778,0,0,5000.0,0.451613,0.0,0.0,1
pairs_twitter_instagram,Linear,kcnphoto,kcnphoto,1,0.994995,1.0,0.055556,0.428571,0,0,5000.0,0.5,0.0,0.0,1
pairs_twitter_instagram,Linear,clairewickenden,clairewickenden,1,0.998941,1.0,0.0,0.555556,0,0,5000.0,0.8,0.0,0.0,1
pairs_twitter_instagram,Linear,rustyarty,rustyarty,1,0.999948,0.875,0.777778,0.625,0,0,5000.0,0.533333,0.0,0.0,1
pairs_twitter_instagram,Linear,thomasseifert,thomasseifert,1,1.0,1.0,1.0,1.0,0,0,5000.0,0.428571,0.0,0.0,1
pairs_twitter_instagram,Linear,terrawalkermrkulic,terrawalkermrkulic,1,0.999939,1.0,0.333333,0.681818,0,0,5000.0,1.0,0.0,0.0,1
pairs_twitter_instagram,Linear,sherrytrueself,sherrytrueself,1,1.0,1.0,1.0,1.0,0,0,5000.0,0.631579,0.0,0.0,1
pairs_twitter_instagram,Linear,kdlb,kdlb,1,0.999954,1.0,0.5,0.631579,0,0,5000.0,0.461538,0.0,0.0,1
pairs_twitter_instagram,Linear,ffaruq,ffaruq,1,1.0,1.0,0.9,1.0,0,0,5000.0,0.153846,0.0,0.0,1
pairs_twitter_instagram,Linear,lapakko,lapakko,1,0.999886,1.0,0.5,0.571429,0,0,5000.0,0.4,0.0,0.0,1
pairs_twitter_instagram,Linear,aviannetan,aviannetan,1,0.997559,0.4,1.0,0.55,0,0,5000.0,0.8,0.0,0.0,1
pairs_twitter_instagram,Linear,chrisbrocious,chrisbrocious,1,0.999986,1.0,0.6,0.681818,0,0,5000.0,0.4,0.0,0.0,1
pairs_twitter_instagram,Linear,rgprofesional,mircodimarcello,0,0.066564,0.25,0.190476,0.2,0,0,5000.0,0.363636,0.0,0.0,0
pairs_twitter_instagram,Linear,gy2k,gy2k,1,0.993693,0.571429,0.5,0.466667,0,0,5000.0,0.0,0.0,0.0,1
pairs_twitter_instagram,Linear,bertboerland,bertboerland,1,1.0,1.0,1.0,1.0,0,0,5000.0,0.631579,0.0,0.0,1
pairs_twitter_instagram,Linear,adrianatoriz,adrianatoriz,1,1.0,1.0,1.0,1.0,0,0,5000.0,0.325581,0.0,0.0,1
pairs_twitter_instagram,Linear,scoutshonor,conoraltier,0,0.171273,0.25,0.25,0.258065,0,0,5000.0,0.416667,0.0,0.0,1
pairs_twitter_instagram,Linear,sherrybrink,sherrybrink,1,0.999905,0.642857,1.0,0.631579,0,0,5000.0,0.444444,0.0,0.0,1
pairs_twitter_instagram,Linear,jeroenmiedema,jeroenmiedema,1,0.93516,1.0,0.0,0.277778,0,0,5000.0,0.521739,0.0,0.0,1
pairs_twitter_instagram,Linear,msqrd2,msqrd2,1,0.925967,1.0,0.066667,0.25,0,0,5000.0,0.428571,0.0,0.0,1
pairs_twitter_instagram,Linear,becada,becada,1,0.999998,1.0,0.727273,0.823529,0,0,5000.0,1.0,0.0,0.0,1
pairs_twitter_instagram,Linear,kaushalk,kkhausman,0,0.841583,0.272727,0.368421,0.428571,0,0,5000.0,0.428571,0.0,0.0,1
pairs_twitter_instagram,Linear,hoosierteacher,hoosierteacher,1,0.98006,0.785714,0.0,0.444444,0,0,5000.0,0.6,0.0,0.0,1
pairs_twitter_instagram,Linear,luiselizondo,luiselizondo,1,0.999575,0.4375,1.0,0.619048,0,0,5000.0,0.421053,0.0,0.0,1
pairs_twitter_instagram,Linear,markchih,melanieburger,0,0.285903,0.294118,0.277778,0.272727,0,0,5000.0,0.363636,0.0,0.0,1
pairs_twitter_instagram,Linear,jeepgeek,jeepgeek,1,0.999998,0.75,1.0,0.84,0,0,5000.0,0.380952,0.0,0.0,1
pairs_twitter_instagram,Linear,mariagabrielabermudez,mariagabrielabermudez,1,0.941032,0.777778,0.285714,0.307692,0,0,5000.0,0.37037,0.0,0.0,1
pairs_twitter_instagram,Linear,lynncooper,lynncooper,1,1.0,1.0,1.0,1.0,0,0,5000.0,1.0,0.0,0.0,1
pairs_twitter_instagram,Linear,winsportstv,winsportstv,1,0.999374,1.0,0.36,0.466667,0,0,5000.0,0.0,0.0,0.0,1
pairs_twitter_instagram,Linear,oracleblog,oracleblog,1,0.970883,1.0,0.0,0.30303,0,0,5000.0,0.111111,0.0,0.0,1
pairs_twitter_instagram,Linear,markgravender,markgravender,1,0.920982,1.0,0.0,0.285714,0,0,5000.0,0.846154,0.0,0.0,1
pairs_twitter_instagram,Linear,amandambenson,amandambenson,1,0.998942,1.0,0.2,0.5,0,0,5000.0,0.538462,0.0,0.0,1
pairs_twitter_instagram,Linear,danielescobar,danielescobar,1,1.0,1.0,1.0,1.0,0,0,5000.0,0.324324,0.0,0.0,1
pairs_twitter_instagram,Linear,ashisheth,ashisheth,1,1.0,1.0,1.0,1.0,0,0,5000.0,0.434783,0.0,0.0,1
pairs_twitter_instagram,Linear,whoyer,whoyer,1,0.953719,1.0,0.0,0.3125,0,0,5000.0,0.714286,0.0,0.0,1
pairs_twitter_instagram,Linear,carlospl,fernandoescudero,0,0.716129,0.5,0.157895,0.304348,0,0,5000.0,0.0,0.0,0.0,0
pairs_twitter_instagram,Linear,danielmrose,danielmrose,1,1.0,1.0,1.0,1.0,0,0,5000.0,0.384615,0.0,0.0,1
pairs_twitter_instagram,Linear,danielwoolnough,danielwoolnough,1,0.990515,0.8125,0.066667,0.428571,0,0,5000.0,0.0,0.0,0.0,1
pairs_twitter_instagram,Linear,ainu,ainu,1,0.999974,1.0,0.529412,0.631579,0,0,5000.0,0.0,0.0,0.0,1
pairs_twitter_instagram,Linear,vtassani,viniciusfeitosa,0,0.743726,0.315789,0.625,0.318182,0,0,5000.0,0.333333,0.0,0.0,1
pairs_twitter_instagram,Linear,howardlake,howardlake,1,1.0,1.0,1.0,1.0,0,0,5000.0,1.0,0.0,0.0,1
pairs_twitter_instagram,Linear,jaheadley,lanerimatheus,0,0.118312,0.2,0.217391,0.257143,0,0,5000.0,0.411765,0.0,0.0,1
pairs_twitter_instagram,Linear,valentinthirion,valentinthirion,1,0.950289,0.181818,0.5625,0.5,0,0,5000.0,0.322581,0.0,0.0,1
pairs_twitter_instagram,Linear,tranduyhung,tranduyhung,1,0.129817,0.1,0.111111,0.322581,0,0,5000.0,0.388889,0.0,0.0,1
pairs_twitter_instagram,Linear,manubordera,manubordera,1,0.999997,1.0,0.714286,0.764706,0,0,5000.0,0.375,0.0,0.0,1
pairs_twitter_instagram,Linear,dithern,dithern,1,0.999903,1.0,0.428571,0.6,0,0,5000.0,0.47619,0.0,0.0,1
pairs_twitter_instagram,Linear,lanelima,lanelima,1,0.999992,0.666667,1.0,0.75,0,0,5000.0,0.0,0.0,0.0,1
pairs_twitter_instagram,Linear,icaroferracini,icaroferracini,1,1.0,1.0,1.0,1.0,0,0,5000.0,0.444444,0.0,0.0,1
pairs_twitter_instagram,Linear,wendytownley,wendytownley,1,0.999995,0.5,1.0,0.866667,0,0,5000.0,0.387097,0.0,0.0,1
pairs_twitter_instagram,Linear,jeffmwebster,jeffmwebster,1,0.999987,0.5,1.0,0.8125,0,0,5000.0,0.48,0.0,0.0,1
pairs_twitter_instagram,Linear,cyclofiend,cyclofiend,1,0.997382,1.0,0.0,0.473684,0,0,5000.0,0.408163,0.0,0.0,1
pairs_twitter_instagram,Linear,cavdan,cavdan,1,1.0,1.0,1.0,1.0,0,0,5000.0,0.380952,0.0,0.0,1
pairs_twitter_instagram,Linear,jonoh,jonoh,1,0.991724,1.0,0.258065,0.352941,0,0,5000.0,0.421053,0.0,0.0,1
pairs_twitter_instagram,Linear,davidarcifa,davidarcifa,1,1.0,1.0,1.0,1.0,0,0,5000.0,0.375,0.0,0.0,1
pairs_twitter_instagram,Linear,mickyates,mickyates,1,1.0,1.0,1.0,1.0,0,0,5000.0,0.5,0.0,0.0,1
pairs_twitter_instagram,Linear,nanymata,nanymata,1,0.999905,1.0,0.307692,0.625,0,0,5000.0,0.48,0.0,0.0,1
pairs_twitter_instagram,Linear,cynthiakseymour,cynthiakseymour,1,1.0,1.0,0.875,0.9,0,0,5000.0,0.571429,0.0,0.0,1
pairs_twitter_instagram,Linear,kaykas,kaykas,1,0.999515,1.0,0.483871,0.515152,0,0,5000.0,0.866667,0.0,0.0,1
pairs_twitter_instagram,Linear,ricardovaz,ricardovaz,1,0.999992,0.416667,1.0,0.875,0,0,5000.0,0.4375,0.0,0.0,1
pairs_twitter_instagram,Linear,davidfernando,davidfernando,1,0.994668,0.352941,0.833333,0.5,0,0,5000.0,0.0,0.0,0.0,1
pairs_twitter_instagram,Linear,nvyoung,nvyoung,1,0.997655,0.75,0.458333,0.5,0,0,5000.0,0.533333,0.0,0.0,1
pairs_twitter_instagram,Linear,emmaruthbeer,emmaruthbeer,1,1.0,1.0,1.0,1.0,0,0,5000.0,0.111111,0.0,0.0,1
pairs_twitter_instagram,Linear,katmandelstein,katmandelstein,1,1.0,1.0,0.8,0.882353,0,0,5000.0,0.413793,0.0,0.0,1
pairs_twitter_instagram,Linear,princessmartha,princessmartha,1,1.0,1.0,1.0,1.0,0,0,5000.0,0.533333,0.0,0.0,1
pairs_twitter_instagram,Linear,alessiacamera,alessiacamera,1,0.999997,0.785714,1.0,0.823529,0,0,5000.0,1.0,0.0,0.0,1
pairs_twitter_instagram,Linear,annapfeiffer,annaaroca,0,0.392727,0.266667,0.272727,0.315789,0,0,5000.0,0.384615,0.0,0.0,0
pairs_twitter_instagram,Linear,markvanderhorst,markvanderhorst,1,0.999998,0.625,1.0,0.875,0,0,5000.0,0.47619,0.0,0.0,1
pairs_twitter_instagram,Linear,alannamiq,alannamiq,1,1.0,1.0,1.0,1.0,0,0,5000.0,0.421053,0.0,0.0,1
pairs_twitter_instagram,Linear,marceloperez,marceloperez,1,0.999231,0.428571,1.0,0.590909,0,0,5000.0,0.5,0.0,0.0,1
pairs_twitter_instagram,Linear,christopherasnider,christopherasnider,1,0.999998,1.0,0.625,0.8,0,0,5000.0,0.421053,0.0,0.0,1
pairs_twitter_instagram,Linear,andiiprasetiyo,andiiprasetiyo,1,1.0,1.0,1.0,1.0,0,0,5000.0,0.153846,0.0,0.0,1
pairs_twitter_instagram,Linear,paulburton,paulburton,1,0.99998,1.0,0.0,0.777778,0,0,5000.0,0.434783,0.0,0.0,1
pairs_twitter_instagram,Linear,raycloyd,raycloyd,1,0.999999,1.0,0.7,0.857143,0,0,5000.0,0.357143,0.0,0.0,1
pairs_twitter_instagram,Linear,anatonia,anatonia,1,1.0,1.0,1.0,1.0,0,0,5000.0,0.44,0.0,0.0,1
pairs_twitter_instagram,Linear,lanerimatheus,lanerimatheus,1,0.99977,1.0,0.481481,0.533333,0,0,5000.0,0.428571,0.0,0.0,1
pairs_twitter_instagram,Linear,wendyrollins,wendyrollins,1,1.0,1.0,1.0,1.0,0,0,5000.0,0.454545,0.0,0.0,1
pairs_twitter_instagram,Linear,stevenbryner,stevebrigden,0,0.795461,0.368421,0.35,0.37037,0,0,5000.0,0.363636,0.0,0.0,0
pairs_twitter_instagram,Linear,bearenok,bearenok,1,1.0,1.0,1.0,1.0,0,0,5000.0,0.421053,0.0,0.0,1
pairs_twitter_instagram,Linear,carlosprnt,carlosprnt,1,0.966604,1.0,0.0,0.322581,0,0,5000.0,0.545455,0.0,0.0,1
pairs_twitter_instagram,Linear,anitastewart,anitastewart,1,0.999998,0.769231,1.0,0.823529,0,0,5000.0,0.421053,0.0,0.0,1
pairs_twitter_instagram,Linear,wesleygmorais,wesleygmorais,1,0.999999,1.0,0.571429,0.875,0,0,5000.0,0.375,0.0,0.0,1
pairs_twitter_instagram,Linear,saralingafelter,saralingafelter,1,1.0,1.0,1.0,1.0,0,0,5000.0,0.416667,0.0,0.0,1
pairs_twitter_instagram,Linear,calebruckner,kimberlypalmer,0,0.252299,0.3,0.272727,0.266667,0,0,5000.0,0.454545,0.0,0.0,0
pairs_twitter_instagram,Linear,sofiavicu,sofiavicu,1,0.999915,1.0,0.090909,0.642857,0,0,5000.0,0.0,0.0,0.0,1
pairs_twitter_instagram,Linear,izazael,izazael,1,0.987411,1.0,0.0,0.375,0,0,5000.0,0.4,0.0,0.0,1
pairs_twitter_instagram,Linear,soniagennaro,soniagennaro,1,0.992771,0.25,1.0,0.52,0,0,5000.0,0.461538,0.0,0.0,1
pairs_twitter_instagram,Linear,vfreitas,vfreitas,1,1.0,1.0,1.0,1.0,0,0,5000.0,0.413793,0.0,0.0,1
pairs_twitter_instagram,Linear,karenlancaster,karenlancaster,1,1.0,1.0,1.0,1.0,0,0,5000.0,0.380952,0.0,0.0,1
pairs_twitter_instagram,Linear,angelapenny,angelapenny,1,0.999961,0.625,1.0,0.722222,0,0,5000.0,0.866667,0.0,0.0,1
pairs_twitter_instagram,Linear,reubenrai,reubenrai,1,1.0,1.0,1.0,1.0,0,0,5000.0,0.4,0.0,0.0,1
pairs_twitter_instagram,Linear,linkzero,linkzero,1,0.999459,0.777778,0.538462,0.5625,0,0,5000.0,0.5,0.0,0.0,1
pairs_twitter_instagram,Linear,capitu,capitu,1,0.711959,1.0,0.0,0.162162,0,0,5000.0,0.428571,0.0,0.0,1
pairs_twitter_instagram,Linear,thedanieljsmith,thedanieljsmith,1,1.0,1.0,0.8125,0.904762,0,0,5000.0,0.380952,0.0,0.0,1
pairs_twitter_instagram,Linear,mikesupple,mikesupple,1,0.999774,0.384615,1.0,0.6875,0,0,5000.0,0.545455,0.0,0.0,1
pairs_twitter_instagram,Linear,atrh,atrh,1,0.99446,0.5,0.526316,0.541667,0,0,5000.0,0.666667,0.0,0.0,1
pairs_twitter_instagram,Linear,simonesantoba,simonesantoba,1,1.0,1.0,1.0,1.0,0,0,5000.0,0.714286,0.0,0.0,1
pairs_twitter_instagram,Linear,joshstagg,joshstagg,1,0.999879,1.0,0.0,0.666667,0,0,5000.0,0.436364,0.0,0.0,1
pairs_twitter_instagram,Linear,melissasolito,melissasolito,1,1.0,1.0,0.888889,0.916667,0,0,5000.0,0.714286,0.0,0.0,1
pairs_twitter_instagram,Linear,moisescainan,moisescainan,1,1.0,1.0,1.0,1.0,0,0,5000.0,0.108108,0.0,0.0,1
pairs_twitter_instagram,Linear,darrenmsmith,darrenmsmith,1,1.0,1.0,1.0,1.0,0,0,5000.0,0.52,0.0,0.0,1
pairs_twitter_instagram,Linear,luisrp89,luisraa,0,0.502736,0.4,0.333333,0.291667,0,0,5000.0,0.583333,0.0,0.0,1
pairs_twitter_instagram,Linear,siobhan,siobhan,1,0.999935,1.0,0.464286,0.642857,0,0,5000.0,0.846154,0.0,0.0,1
pairs_twitter_instagram,Linear,philipslade,philipslade,1,0.993595,1.0,0.0625,0.444444,0,0,5000.0,1.0,0.0,0.0,1
pairs_twitter_instagram,Linear,devrancakmak,devrancakmak,1,0.999963,0.818182,0.5,0.6875,0,0,5000.0,0.0,0.0,0.0,1
pairs_twitter_instagram,Linear,matthewduncan,matthewduncan,1,0.999967,0.615385,1.0,0.705882,0,0,5000.0,0.4,0.0,0.0,1
pairs_twitter_instagram,Linear,juliusjulius,juliusjulius,1,1.0,1.0,1.0,1.0,0,0,5000.0,0.588235,0.0,0.0,1
pairs_twitter_instagram,Linear,marioanima,mpacileo,0,0.935439,0.6,0.0,0.428571,0,0,5000.0,0.384615,0.0,0.0,1
pairs_twitter_instagram,Linear,hollywoodpunk,hollywoodpunk,1,1.0,1.0,0.789474,0.875,0,0,5000.0,0.571429,0.0,0.0,1
pairs_twitter_instagram,Linear,andrewtelegin,andrewtelegin,1,0.992351,1.0,0.0,0.40625,0,0,5000.0,0.4,0.0,0.0,1
pairs_twitter_instagram,Linear,jimsage,jimsage,1,0.829578,0.055556,1.0,0.36,0,0,5000.0,0.0,0.0,0.0,1
pairs_twitter_instagram,Linear,emiescudero,emiescudero,1,1.0,1.0,1.0,1.0,0,0,5000.0,0.48,0.0,0.0,1
pairs_twitter_instagram,Linear,katelynshelby,katelynshelby,1,1.0,1.0,1.0,1.0,0,0,5000.0,0.4,0.0,0.0,1
pairs_twitter_instagram,Linear,eolai,eolai,1,0.870128,1.0,0.0,0.222222,0,0,5000.0,0.4,0.0,0.0,1
pairs_twitter_instagram,Linear,maxmajestic,maxmajestic,1,0.999059,1.0,0.055556,0.5,0,0,5000.0,0.0,0.0,0.0,1
pairs_twitter_instagram,Linear,sepulveda93,sepulveda93,1,1.0,1.0,1.0,1.0,0,0,5000.0,0.5,0.0,0.0,1
pairs_twitter_instagram,Linear,joaobrando,joaobrando,1,0.999871,0.454545,1.0,0.6875,0,0,5000.0,0.44,0.0,0.0,1
pairs_twitter_instagram,Linear,andrebrown,andrettibrown,0,0.979369,0.307692,0.642857,0.526316,0,0,5000.0,0.866667,0.0,0.0,1
pairs_twitter_instagram,Linear,davemalby,davemalby,1,0.999989,0.444444,1.0,0.846154,0,0,5000.0,0.457143,0.0,0.0,1
pairs_twitter_instagram,Linear,rhegan,rhegan,1,0.993381,1.0,0.0,0.416667,0,0,5000.0,0.421053,0.0,0.0,1
pairs_twitter_instagram,Linear,georgeskhairallah,tonybarlow,0,0.05976,0.214286,0.2,0.210526,0,0,5000.0,0.444444,0.0,0.0,0
pairs_twitter_instagram,Linear,tomekcwioro,tomekcwioro,1,0.207295,0.045455,0.363636,0.37037,0,0,5000.0,1.0,0.0,0.0,1
pairs_twitter_instagram,Linear,skeller,skeller,1,0.972185,0.076923,1.0,0.5,0,0,5000.0,0.4,0.0,0.0,1
pairs_twitter_instagram,Linear,kerijaehnig,jenkane,0,0.095122,0.214286,0.095238,0.258065,0,0,5000.0,0.384615,0.0,0.0,0
pairs_twitter_instagram,Linear,karlheinzeberts,karlheinzeberts,1,0.999999,0.8125,1.0,0.85,0,0,5000.0,0.357143,0.0,0.0,1
pairs_twitter_instagram,Linear,khomeinimuj,khomeinimuj,1,1.0,1.0,1.0,1.0,0,0,5000.0,0.431373,0.0,0.0,1
pairs_twitter_instagram,Linear,lucasamura,lucasamura,1,1.0,1.0,1.0,1.0,0,0,5000.0,0.0,0.0,0.0,1
pairs_twitter_instagram,Linear,vickiewyman,vickiewyman,1,1.0,1.0,0.846154,0.909091,0,0,5000.0,0.375,0.0,0.0,1
pairs_twitter_instagram,Linear,tracidavis,tracidavis,1,0.826792,0.05,1.0,0.387097,0,0,5000.0,0.4,0.0,0.0,1
pairs_twitter_instagram,Linear,octubrerojo72,calvia,0,0.501907,0.529412,0.21875,0.25,0,0,5000.0,0.4,0.0,0.0,0
pairs_twitter_instagram,Linear,robnoris,norrishughes,0,0.441196,0.285714,0.3125,0.315789,0,0,5000.0,0.428571,0.0,0.0,0
pairs_twitter_instagram,Linear,noahcurthoys,noahcurthoys,1,0.999999,0.636364,1.0,0.933333,0,0,5000.0,0.48,0.0,0.0,1
pairs_twitter_instagram,Linear,becketteaston,becketteaston,1,0.999657,0.315789,1.0,0.681818,0,0,5000.0,0.434783,0.0,0.0,1
pairs_twitter_instagram,Linear,kevohl,kevohl,1,1.0,1.0,1.0,1.0,0,0,5000.0,0.0,0.0,0.0,1
pairs_twitter_instagram,Linear,derekrstewart,derekrstewart,1,0.966311,0.0625,1.0,0.5,0,0,5000.0,0.5,0.0,0.0,1
pairs_twitter_instagram,Linear,godivaartstudio,godivaartstudio,1,1.0,1.0,1.0,1.0,0,0,5000.0,0.375,0.0,0.0,1
pairs_twitter_instagram,Linear,pierreedouardschmitt,pierreedouardschmitt,1,0.999999,1.0,0.761905,0.8,0,0,5000.0,0.521739,0.0,0.0,1
pairs_twitter_instagram,Linear,laurierohner,laurierohner,1,0.893936,0.0,1.0,0.481481,0,0,5000.0,1.0,0.0,0.0,1
pairs_twitter_instagram,Linear,paulgallagher,paulgallagher,1,0.862452,0.0,1.0,0.428571,0,0,5000.0,0.470588,0.0,0.0,1
pairs_twitter_instagram,Linear,beatrizemendoza,beatrizemendoza,1,1.0,1.0,1.0,1.0,0,0,5000.0,0.444444,0.0,0.0,1
pairs_twitter_instagram,Linear,christiangiollo,christiangiollo,1,1.0,1.0,0.8125,0.888889,0,0,5000.0,0.157895,0.0,0.0,1
pairs_twitter_instagram,Linear,ryanlucia,ryanlucia,1,1.0,1.0,1.0,1.0,0,0,5000.0,0.5,0.0,0.0,1
pairs_twitter_instagram,Linear,brienmhall,brienmhall,1,1.0,1.0,1.0,1.0,0,0,5000.0,0.533333,0.0,0.0,1
pairs_twitter_instagram,Linear,tomviturino,thomasknorpp,0,0.284854,0.384615,0.0,0.294118,0,0,5000.0,0.428571,0.0,0.0,0
pairs_twitter_instagram,Linear,noemidado,noemidado,1,0.997411,1.0,0.243243,0.425532,0,0,5000.0,0.378378,0.0,0.0,1
pairs_twitter_instagram,Linear,scottbellisario,scottbellisario,1,0.999724,1.0,0.294118,0.56,0,0,5000.0,0.457143,0.0,0.0,1
pairs_twitter_instagram,Linear,juniorales,juniorales,1,1.0,1.0,1.0,1.0,0,0,5000.0,0.571429,0.0,0.0,1
pairs_twitter_instagram,Linear,melodythacker,melodythacker,1,0.999999,0.785714,1.0,0.833333,0,0,5000.0,0.342857,0.0,0.0,1
pairs_twitter_instagram,Linear,vishizzle,vishizzle,1,1.0,1.0,1.0,1.0,0,0,5000.0,0.384615,0.0,0.0,1
pairs_twitter_instagram,Linear,lukwam,lukwam,1,0.99551,1.0,0.133333,0.411765,0,0,5000.0,0.368421,0.0,0.0,1
pairs_twitter_instagram,Linear,tapiro,tapiro,1,0.991935,0.555556,0.545455,0.481481,0,0,5000.0,0.5,0.0,0.0,1
pairs_twitter_instagram,Linear,raquelvillarreal,raquelvillarreal,1,1.0,1.0,1.0,1.0,0,0,5000.0,0.461538,0.0,0.0,1
pairs_twitter_instagram,Linear,vicentortega,vicentortega,1,0.992946,1.0,0.222222,0.375,0,0,5000.0,0.5,0.0,0.0,1
pairs_twitter_instagram,Linear,benlinders,benlinders,1,1.0,1.0,1.0,1.0,0,0,5000.0,0.375,0.0,0.0,1
pairs_twitter_instagram,Linear,ericcortes,ericcortes,1,0.99996,1.0,0.0,0.736842,0,0,5000.0,0.454545,0.0,0.0,1
pairs_twitter_instagram,Linear,allantito,allantito,1,0.999986,0.555556,1.0,0.785714,0,0,5000.0,0.457143,0.0,0.0,1
pairs_twitter_instagram,Linear,annarydne,annarydne,1,1.0,1.0,1.0,1.0,0,0,5000.0,0.4,0.0,0.0,1
pairs_twitter_instagram,Linear,akkaouim,akkaouim,1,1.0,1.0,1.0,1.0,0,0,5000.0,1.0,0.0,0.0,1
pairs_twitter_instagram,Linear,oliverslay,oliverslay,1,0.999999,1.0,0.545455,0.833333,0,0,5000.0,0.0,0.0,0.0,1
pairs_twitter_instagram,Linear,georgeprest,georgeprest,1,1.0,1.0,1.0,1.0,0,0,5000.0,1.0,0.0,0.0,1
pairs_twitter_instagram,Linear,jayliebs,jayliebs,1,0.999511,1.0,0.266667,0.529412,0,0,5000.0,0.451613,0.0,0.0,1
pairs_twitter_instagram,Linear,yogasonry,yogasonry,1,1.0,1.0,1.0,1.0,0,0,5000.0,0.0,0.0,0.0,1
pairs_twitter_instagram,Linear,chonilla,chonilla,1,0.998205,1.0,0.0,0.5,0,0,5000.0,0.451613,0.0,0.0,1
pairs_twitter_instagram,Linear,hishamhenry14,hishamhenry14,1,1.0,1.0,1.0,1.0,0,0,5000.0,0.4,0.0,0.0,1
pairs_twitter_instagram,Linear,jayaprime,jayjayasuriya,0,0.379975,0.307692,0.230769,0.315789,0,0,5000.0,0.5625,0.0,0.0,1
pairs_twitter_instagram,Linear,scottwilliams,scottwilliams,1,0.999999,0.866667,1.0,0.8,0,0,5000.0,0.153846,0.0,0.0,1
pairs_twitter_instagram,Linear,waltermmv,waltermmv,1,1.0,1.0,1.0,1.0,0,0,5000.0,0.428571,0.0,0.0,1
pairs_twitter_instagram,Linear,h0st,h0st,1,0.881078,1.0,0.0,0.210526,0,0,5000.0,0.125,0.0,0.0,1
pairs_twitter_instagram,Linear,analie,analie,1,0.96632,1.0,0.095238,0.333333,0,0,5000.0,1.0,0.0,0.0,1
pairs_twitter_instagram,Linear,rkjd,rkjd,1,1.0,1.0,1.0,1.0,0,0,5000.0,0.538462,0.0,0.0,1
pairs_twitter_instagram,Linear,leonardoangelini,leonardoangelini,1,1.0,1.0,1.0,1.0,0,0,5000.0,0.461538,0.0,0.0,1
pairs_twitter_instagram,Linear,hotelemarketer,hotelemarketer,1,1.0,1.0,1.0,1.0,0,0,5000.0,0.357143,0.0,0.0,1
pairs_twitter_instagram,Linear,mengqi,mengqi,1,1.0,1.0,1.0,1.0,0,0,5000.0,0.428571,0.0,0.0,1
pairs_twitter_instagram,Linear,kaykluba,kaykluba,1,1.0,1.0,1.0,1.0,0,0,5000.0,0.461538,0.0,0.0,1
pairs_twitter_instagram,Linear,jamesjohnston,clementtang,0,0.322455,0.357143,0.333333,0.25,0,0,5000.0,0.4,0.0,0.0,0
pairs_twitter_instagram,Linear,essenzamente,essenzamente,1,0.999939,1.0,0.133333,0.6875,0,0,5000.0,0.5,0.0,0.0,1
pairs_twitter_instagram,Linear,jogarrett,jogarrett,1,0.997585,0.470588,1.0,0.5,0,0,5000.0,0.454545,0.0,0.0,1
pairs_twitter_instagram,Linear,azntaiji,azntaiji,1,1.0,1.0,1.0,1.0,0,0,5000.0,0.416667,0.0,0.0,1
pairs_twitter_instagram,Linear,larrycummings,larrycummings,1,0.995134,0.153846,1.0,0.56,0,0,5000.0,0.108108,0.0,0.0,1
pairs_twitter_instagram,Linear,kevinfalcon,kevinfalcon,1,0.999999,0.666667,1.0,0.9,0,0,5000.0,0.352941,0.0,0.0,1
pairs_twitter_instagram,Linear,celioikeda,celioikeda,1,0.99999,1.0,0.461538,0.733333,0,0,5000.0,0.461538,0.0,0.0,1
pairs_twitter_instagram,Linear,webduck,webduck,1,0.999983,0.555556,1.0,0.769231,0,0,5000.0,0.384615,0.0,0.0,1
pairs_twitter_instagram,Linear,ashreginaldevasco,ashreginaldevasco,1,1.0,1.0,1.0,1.0,0,0,5000.0,0.583333,0.0,0.0,1
pairs_twitter_instagram,Linear,claynewton,claynewton,1,1.0,1.0,1.0,1.0,0,0,5000.0,0.108108,0.0,0.0,1
pairs_twitter_instagram,Linear,kpapasteriadis,kpapasteriadis,1,0.948591,0.625,0.324324,0.375,0,0,5000.0,0.444444,0.0,0.0,1
pairs_twitter_instagram,Linear,nicklove,nicklove,1,0.998761,0.6,0.25,0.636364,0,0,5000.0,0.482759,0.0,0.0,1
pairs_twitter_instagram,Linear,bowiesinphotography,bowiesinphotography,1,0.972769,0.478261,0.307692,0.477273,0,0,5000.0,0.4375,0.0,0.0,1
pairs_twitter_instagram,Linear,salzman,salzman,1,1.0,1.0,1.0,1.0,0,0,5000.0,0.5,0.0,0.0,1
pairs_twitter_instagram,Linear,jdmckay,jdmckay,1,0.999994,1.0,0.0,0.857143,0,0,5000.0,0.466667,0.0,0.0,1
pairs_twitter_instagram,Linear,galobaro,galobaro,1,0.178023,0.0,0.529412,0.344828,0,0,5000.0,1.0,0.0,0.0,1
pairs_twitter_instagram,Linear,trishlalisan,trishlalisan,1,0.999804,1.0,0.529412,0.571429,0,0,5000.0,1.0,0.0,0.0,1
pairs_twitter_instagram,Linear,greghyer,greghyer,1,1.0,1.0,1.0,1.0,0,0,5000.0,0.380952,0.0,0.0,1
pairs_twitter_instagram,Linear,thedudedean,thedudedean,1,0.999997,1.0,0.333333,0.833333,0,0,5000.0,0.325581,0.0,0.0,1
pairs_twitter_instagram,Linear,gudel803,gudel803,1,1.0,1.0,1.0,1.0,0,0,5000.0,0.3,0.0,0.0,1
pairs_twitter_instagram,Linear,shamansir,shamanerivers,0,0.957267,0.454545,0.454545,0.428571,0,0,5000.0,0.424242,0.0,0.0,1
pairs_twitter_instagram,Linear,msyarif,msyarif,1,0.999986,0.5,1.0,0.8,0,0,5000.0,0.333333,0.0,0.0,1
pairs_twitter_instagram,Linear,christinaorso,christinaorso,1,0.9983,1.0,0.0,0.5,0,0,5000.0,0.4,0.0,0.0,1
pairs_twitter_instagram,Linear,ivarsmas,ivarsmas,1,1.0,1.0,1.0,1.0,0,0,5000.0,0.6,0.0,0.0,1
pairs_twitter_instagram,Linear,marialy,marialy,1,1.0,1.0,1.0,1.0,0,0,5000.0,1.0,0.0,0.0,1
pairs_twitter_instagram,Linear,louisabate,louisabate,1,0.999997,0.727273,1.0,0.8,0,0,5000.0,0.391304,0.0,0.0,1
pairs_twitter_instagram,Linear,oskrvalenzuela,oskrvalenzuela,1,1.0,1.0,1.0,1.0,0,0,5000.0,0.413793,0.0,0.0,1
pairs_twitter_instagram,Linear,aabdalla,aabdalla,1,0.745663,0.125,0.409091,0.44,0,0,5000.0,0.387097,0.0,0.0,1
pairs_twitter_instagram,Linear,tiffanydenise,tiffanydenise,1,0.999996,1.0,0.6,0.8,0,0,5000.0,1.0,0.0,0.0,1
pairs_twitter_instagram,Linear,masami,masami,1,1.0,1.0,1.0,1.0,0,0,5000.0,0.421053,0.0,0.0,1
pairs_twitter_instagram,Linear,suekerr,suekerr,1,0.996752,0.818182,0.318182,0.472222,0,0,5000.0,0.421053,0.0,0.0,1
pairs_twitter_instagram,Linear,saulacevedo,saulacevedo,1,0.99974,1.0,0.285714,0.578947,0,0,5000.0,0.666667,0.0,0.0,1
pairs_twitter_instagram,Linear,kellyhofer,kellyhofer,1,1.0,1.0,1.0,1.0,0,0,5000.0,0.375,0.0,0.0,1
pairs_twitter_instagram,Linear,paulrharvey3,paulrharvey3,1,1.0,1.0,1.0,1.0,0,0,5000.0,0.342857,0.0,0.0,1
pairs_twitter_instagram,Linear,yskkt,yskkt,1,1.0,1.0,0.0,1.0,0,0,5000.0,0.0,0.0,0.0,1
pairs_twitter_instagram,Linear,patriciayoung,patriciayoung,1,1.0,1.0,1.0,1.0,0,0,5000.0,0.214286,0.0,0.0,1
pairs_twitter_instagram,Linear,jamesngo,jamesngo,1,0.999999,1.0,0.8,0.857143,0,0,5000.0,1.0,0.0,0.0,1
pairs_twitter_instagram,Linear,jonartlucas,jonartlucas,1,1.0,1.0,0.8,0.875,0,0,5000.0,0.391304,0.0,0.0,1
pairs_twitter_instagram,Linear,victorhernandez,victorhernandez,1,0.970963,0.352941,0.483871,0.485714,0,0,5000.0,0.384615,0.0,0.0,1
pairs_twitter_instagram,Linear,moscar,moscar,1,0.999992,0.888889,0.444444,0.769231,0,0,5000.0,0.0,0.0,0.0,1
pairs_twitter_instagram,Linear,nealffischer,nealffischer,1,1.0,1.0,0.916667,0.9375,0,0,5000.0,0.421053,0.0,0.0,1
pairs_twitter_instagram,Linear,stevewilliams,stevewilliams,1,1.0,1.0,1.0,1.0,0,0,5000.0,0.325581,0.0,0.0,1
pairs_twitter_instagram,Linear,eventosfera,eventosfera,1,1.0,1.0,1.0,1.0,0,0,5000.0,0.322581,0.0,0.0,1
pairs_twitter_instagram,Linear,scottayres,scottayres,1,1.0,1.0,1.0,1.0,0,0,5000.0,0.444444,0.0,0.0,1
pairs_twitter_instagram,Linear,clyderamos,clyderamos,1,1.0,1.0,1.0,1.0,0,0,5000.0,0.421053,0.0,0.0,1
pairs_twitter_instagram,Linear,joshpeak,joshpeak,1,1.0,1.0,1.0,1.0,0,0,5000.0,0.421053,0.0,0.0,1
pairs_twitter_instagram,Linear,metodrybar,metodrybar,1,0.999904,0.714286,0.666667,0.666667,0,0,5000.0,0.444444,0.0,0.0,1
pairs_twitter_instagram,Linear,jmarkdodds,jmarkdodds,1,0.999998,1.0,0.6875,0.789474,0,0,5000.0,0.37037,0.0,0.0,1
pairs_twitter_instagram,Linear,marcusmeisel,marcusmeisel,1,1.0,1.0,0.769231,0.928571,0,0,5000.0,0.2,0.0,0.0,1
pairs_twitter_instagram,Linear,waynedunbar,waynedunbar,1,1.0,1.0,1.0,1.0,0,0,5000.0,0.461538,0.0,0.0,1
pairs_twitter_instagram,Linear,alessandrasassi,alessandrasassi,1,0.999975,0.846154,0.846154,0.666667,0,0,5000.0,0.5,0.0,0.0,1
pairs_twitter_instagram,Linear,mikeblackburn,mikeblackburn,1,1.0,1.0,1.0,1.0,0,0,5000.0,0.52,0.0,0.0,1
pairs_twitter_instagram,Linear,urswestermann,urswestermann,1,1.0,1.0,1.0,1.0,0,0,5000.0,0.526316,0.0,0.0,1
pairs_twitter_instagram,Linear,shehannf,shehannf,1,1.0,1.0,1.0,1.0,0,0,5000.0,0.428571,0.0,0.0,1
pairs_twitter_instagram,Linear,danishaw,danishaw,1,0.99999,0.777778,1.0,0.714286,0,0,5000.0,0.4,0.0,0.0,1
pairs_twitter_instagram,Linear,miguelsanchz,miguelsanchz,1,1.0,1.0,1.0,1.0,0,0,5000.0,0.390244,0.0,0.0,1
pairs_twitter_instagram,Linear,davidweaver,davidbutler,0,0.702405,0.3125,0.333333,0.363636,0,0,5000.0,0.344828,0.0,0.0,0
pairs_twitter_instagram,Linear,nob0322,nob0322,1,1.0,1.0,1.0,1.0,0,0,5000.0,0.0,0.0,0.0,1
pairs_twitter_instagram,Linear,lucianosalles,lucianosalles,1,1.0,1.0,1.0,1.0,0,0,5000.0,0.380952,0.0,0.0,1
pairs_twitter_instagram,Linear,michaelholz,michaelholz,1,1.0,1.0,1.0,1.0,0,0,5000.0,0.846154,0.0,0.0,1
pairs_twitter_instagram,Linear,marccruz,marccruz,1,1.0,1.0,1.0,1.0,0,0,5000.0,0.375,0.0,0.0,1
pairs_twitter_instagram,Linear,luisaca,luisaca,1,0.996594,0.545455,0.611111,0.517241,0,0,5000.0,0.355556,0.0,0.0,1
pairs_twitter_instagram,Linear,lizjostes,lizjostes,1,0.999996,1.0,0.222222,0.833333,0,0,5000.0,0.375,0.0,0.0,1
pairs_twitter_instagram,Linear,valdezate,valdezate,1,0.99983,1.0,0.470588,0.526316,0,0,5000.0,0.0,0.0,0.0,1
pairs_twitter_instagram,Linear,shoebsyed1985,shoebsyed1985,1,0.978808,0.538462,0.0,0.5,0,0,5000.0,0.0,0.0,0.0,1
pairs_twitter_instagram,Linear,felipavillegas,felipavillegas,1,1.0,1.0,1.0,1.0,0,0,5000.0,0.384615,0.0,0.0,1
pairs_twitter_instagram,Linear,scottknauer,scottknauer,1,1.0,1.0,1.0,1.0,0,0,5000.0,0.516129,0.0,0.0,1
pairs_twitter_instagram,Linear,kimberlyt,kimberlyt,1,0.85618,0.230769,0.5,0.464286,0,0,5000.0,1.0,0.0,0.0,1
pairs_twitter_instagram,Linear,ajarn,ajarn,1,1.0,1.0,1.0,1.0,0,0,5000.0,1.0,0.0,0.0,1
pairs_twitter_instagram,Linear,jasonchan,jasonchan,1,0.99996,1.0,0.0,0.714286,0,0,5000.0,0.111111,0.0,0.0,1
pairs_twitter_instagram,Linear,punkagogo,punkagogo,1,0.999908,1.0,0.357143,0.608696,0,0,5000.0,0.344828,0.0,0.0,1
pairs_twitter_instagram,Linear,summeranne,summeranne,1,0.999912,1.0,0.548387,0.575758,0,0,5000.0,0.357143,0.0,0.0,1
pairs_twitter_instagram,Linear,mgr,mgr,1,1.0,1.0,1.0,1.0,0,0,5000.0,0.387097,0.0,0.0,1
pairs_twitter_instagram,Linear,judaph,judaph,1,0.898876,1.0,0.096774,0.21875,0,0,5000.0,0.363636,0.0,0.0,1
pairs_twitter_instagram,Linear,grahamhancock,grahamhancock,1,0.999999,1.0,0.769231,0.866667,0,0,5000.0,0.866667,0.0,0.0,1
pairs_twitter_instagram,Linear,brunosan,brunolaurosantos,0,0.389515,0.5,0.189189,0.244444,0,0,5000.0,0.482759,0.0,0.0,1
pairs_twitter_instagram,Linear,robertbirnie,robertbirnie,1,0.999919,0.769231,0.416667,0.705882,0,0,5000.0,0.48,0.0,0.0,1
pairs_twitter_instagram,Linear,javiercostacom,javiercostacom,1,0.999693,1.0,0.375,0.538462,0,0,5000.0,0.466667,0.0,0.0,1
pairs_twitter_instagram,Linear,speterkane,speterkane,1,0.999998,1.0,0.583333,0.8,0,0,5000.0,0.296296,0.0,0.0,1
pairs_twitter_instagram,Linear,photosoldier860,photolarry,0,0.299687,0.263158,0.277778,0.272727,0,0,5000.0,0.111111,0.0,0.0,1
pairs_twitter_instagram,Linear,maestrofficial,maestrofficial,1,0.999999,1.0,0.764706,0.789474,0,0,5000.0,0.3,0.0,0.0,1
pairs_twitter_instagram,Linear,kristenlynch,kristenlynch,1,0.999985,1.0,0.5,0.727273,0,0,5000.0,0.866667,0.0,0.0,1
pairs_twitter_instagram,Linear,wardelldesign,wardelldesign,1,1.0,1.0,1.0,1.0,0,0,5000.0,0.388889,0.0,0.0,1
pairs_twitter_instagram,Linear,stephaniemcd,stephaniemcd,1,0.993257,1.0,0.0,0.411765,0,0,5000.0,0.363636,0.0,0.0,1
pairs_twitter_instagram,Linear,bowokusumo,bowokusumo,1,0.066879,0.272727,0.0,0.214286,0,0,5000.0,0.153846,0.0,0.0,1
pairs_twitter_instagram,Linear,mccoygalvan,mccoygalvan,1,1.0,1.0,1.0,1.0,0,0,5000.0,0.315789,0.0,0.0,1
pairs_twitter_instagram,Linear,mamaru14,mamaru14,1,1.0,1.0,0.0,1.0,0,0,5000.0,0.0,0.0,0.0,1
pairs_twitter_instagram,Linear,borisbaldinger,borisbaldinger,1,1.0,1.0,0.285714,0.9375,0,0,5000.0,0.117647,0.0,0.0,1
pairs_twitter_instagram,Linear,limbach,thatsnathan,0,0.689247,0.0,1.0,0.333333,0,0,5000.0,0.0,0.0,0.0,1
pairs_twitter_instagram,Linear,muratbilican,muratbilican,1,1.0,1.0,1.0,1.0,0,0,5000.0,0.325581,0.0,0.0,1
pairs_twitter_instagram,Linear,jaggers,jaggers,1,0.988109,1.0,0.038462,0.382353,0,0,5000.0,0.571429,0.0,0.0,1
pairs_twitter_instagram,Linear,liveandkern,liveandkern,1,0.265046,0.055556,0.416667,0.333333,0,0,5000.0,0.344828,0.0,0.0,1
pairs_twitter_instagram,Linear,fernandoanzures,fernandoanzures,1,1.0,1.0,1.0,1.0,0,0,5000.0,0.5,0.0,0.0,1
pairs_twitter_instagram,Linear,fairysari,fairysari,1,1.0,1.0,1.0,1.0,0,0,5000.0,0.421053,0.0,0.0,1
pairs_twitter_instagram,Linear,gtbundy,gtbundy,1,1.0,1.0,1.0,1.0,0,0,5000.0,0.866667,0.0,0.0,1
pairs_twitter_instagram,Linear,cicarca,cicarca,1,1.0,1.0,1.0,1.0,0,0,5000.0,0.37037,0.0,0.0,1
pairs_twitter_instagram,Linear,calebdann,calebdann,1,0.994648,1.0,0.0,0.428571,0,0,5000.0,0.4,0.0,0.0,1
pairs_twitter_instagram,Linear,scottanthonyanderson,scottanthonyanderson,1,1.0,1.0,1.0,1.0,0,0,5000.0,0.35,0.0,0.0,1
pairs_twitter_instagram,Linear,eamrselim,luviwebit,0,0.105312,0.3,0.125,0.227273,0,0,5000.0,0.416667,0.0,0.0,0
pairs_twitter_instagram,Linear,alejandrovaras,alejandrovaras,1,1.0,1.0,1.0,1.0,0,0,5000.0,0.380952,0.0,0.0,1
pairs_twitter_instagram,Linear,donduck,donduck,1,0.99948,0.75,0.583333,0.6,0,0,5000.0,1.0,0.0,0.0,1
pairs_twitter_instagram,Linear,trentpartridge,cendrinemarrouat,0,0.283252,0.285714,0.192308,0.294118,0,0,5000.0,0.4,0.0,0.0,0
pairs_twitter_instagram,Linear,mrgood,mrgood,1,0.99807,1.0,0.066667,0.478261,0,0,5000.0,0.384615,0.0,0.0,1
pairs_twitter_instagram,Linear,davidroessli,davidroessli,1,0.999999,0.545455,1.0,0.933333,0,0,5000.0,0.444444,0.0,0.0,1
pairs_twitter_instagram,Linear,vitoramaral,vitoramaral,1,1.0,1.0,1.0,1.0,0,0,5000.0,0.375,0.0,0.0,1
pairs_twitter_instagram,Linear,kristinrichey,kristinrichey,1,0.996318,0.428571,0.5,0.578947,0,0,5000.0,0.333333,0.0,0.0,1
pairs_twitter_instagram,Linear,sarahdope,sarahdope,1,0.980015,1.0,0.0,0.344828,0,0,5000.0,0.384615,0.0,0.0,1
pairs_twitter_instagram,Linear,valmoro,valmoro,1,0.99966,1.0,0.0,0.6,0,0,5000.0,0.4,0.0,0.0,1
pairs_twitter_instagram,Linear,afnan,aribaban,0,0.229485,0.384615,0.0,0.28,0,0,5000.0,0.488889,0.0,0.0,1
pairs_twitter_instagram,Linear,salimnensi,salimnensi,1,0.999996,0.555556,1.0,0.857143,0,0,5000.0,0.4,0.0,0.0,1
pairs_twitter_instagram,Linear,folghera,folghera,1,1.0,1.0,1.0,1.0,0,0,5000.0,0.416667,0.0,0.0,1
pairs_twitter_instagram,Linear,santiagodorego,santiagodorego,1,0.999748,1.0,0.464286,0.53125,0,0,5000.0,0.431373,0.0,0.0,1
pairs_twitter_instagram,Linear,edcartre,edcartre,1,1.0,1.0,1.0,1.0,0,0,5000.0,0.384615,0.0,0.0,1
pairs_twitter_instagram,Linear,stacysanchez,stacysanchez,1,0.992669,1.0,0.2,0.368421,0,0,5000.0,0.37037,0.0,0.0,1
pairs_twitter_instagram,Linear,norahaura,norahaura,1,1.0,1.0,1.0,1.0,0,0,5000.0,0.342857,0.0,0.0,1
pairs_twitter_instagram,Linear,xpsteven,xpsteven,1,1.0,1.0,1.0,1.0,0,0,5000.0,0.473684,0.0,0.0,1
pairs_twitter_instagram,Linear,robmyers,robmyers,1,0.766475,0.058824,1.0,0.375,0,0,5000.0,0.625,0.0,0.0,1
pairs_twitter_instagram,Linear,lindybester,lindybester,1,0.99062,1.0,0.0,0.4,0,0,5000.0,0.5,0.0,0.0,1
pairs_twitter_instagram,Linear,ericgroom,ericgroom,1,0.999157,1.0,0.4,0.45,0,0,5000.0,0.146341,0.0,0.0,1
pairs_twitter_instagram,Linear,andrewgotti,andrewgotti,1,1.0,1.0,1.0,1.0,0,0,5000.0,0.432432,0.0,0.0,1
pairs_twitter_instagram,Linear,xallehrazax,xallehrazax,1,1.0,1.0,1.0,1.0,0,0,5000.0,0.64,0.0,0.0,1
pairs_twitter_instagram,Linear,warrenknight,warrenknight,1,0.973068,1.0,0.034483,0.294118,0,0,5000.0,0.0,0.0,0.0,1
pairs_twitter_instagram,Linear,tegel10,cjoanporter,0,0.690436,0.333333,0.3125,0.333333,0,0,5000.0,0.0,0.0,0.0,0
pairs_twitter_instagram,Linear,justbeingarlyn,justbeingarlyn,1,0.999949,1.0,0.277778,0.666667,0,0,5000.0,0.444444,0.0,0.0,1
pairs_twitter_instagram,Linear,orleysc,orleysc,1,1.0,1.0,1.0,1.0,0,0,5000.0,0.533333,0.0,0.0,1
pairs_twitter_instagram,Linear,rachelrubes,rachelrubes,1,0.999948,1.0,0.444444,0.631579,0,0,5000.0,0.4,0.0,0.0,1
pairs_twitter_instagram,Linear,tylerhopf,tylerhopf,1,1.0,1.0,1.0,1.0,0,0,5000.0,1.0,0.0,0.0,1
pairs_twitter_instagram,Linear,jimmyd,jimmyd,1,1.0,1.0,1.0,1.0,0,0,5000.0,0.1,0.0,0.0,1
pairs_twitter_instagram,Linear,mymymy,mymymy,1,1.0,1.0,1.0,1.0,0,0,5000.0,1.0,0.0,0.0,1
pairs_twitter_instagram,Linear,serantes,serantes,1,0.999787,1.0,0.481481,0.535714,0,0,5000.0,0.391304,0.0,0.0,1
pairs_twitter_instagram,Linear,emanuelazaccone,emanuelazaccone,1,0.999955,1.0,0.535714,0.617647,0,0,5000.0,0.333333,0.0,0.0,1
pairs_twitter_instagram,Linear,ahmedalhajri,ahmedalhajri,1,1.0,1.0,1.0,1.0,0,0,5000.0,0.0,0.0,0.0,1
pairs_twitter_instagram,Linear,mrjoemontoya,mrjoemontoya,1,1.0,1.0,1.0,1.0,0,0,5000.0,0.434783,0.0,0.0,1
pairs_twitter_instagram,Linear,mikewsmith,mikewsmith,1,1.0,1.0,1.0,1.0,0,0,5000.0,0.428571,0.0,0.0,1
pairs_twitter_instagram,Linear,jeffcameron,jeffcameron,1,1.0,1.0,1.0,1.0,0,0,5000.0,0.363636,0.0,0.0,1
pairs_twitter_instagram,Linear,obstaclespecialist,obstaclespecialist,1,0.838119,0.6875,0.0,0.333333,0,0,5000.0,0.439024,0.0,0.0,1
pairs_twitter_instagram,Linear,shawnday,shawnday,1,0.953631,0.0,1.0,0.5,0,0,5000.0,0.434783,0.0,0.0,1
pairs_twitter_instagram,Linear,salvatorecanfora,salvatorecanfora,1,1.0,1.0,1.0,1.0,0,0,5000.0,0.484848,0.0,0.0,1
pairs_twitter_instagram,Linear,patmulles,patmulles,1,1.0,1.0,1.0,1.0,0,0,5000.0,0.444444,0.0,0.0,1
pairs_twitter_instagram,Linear,claregrant,gerardalba,0,0.198444,0.4,0.185185,0.25,0,0,5000.0,0.846154,0.0,0.0,0
pairs_twitter_instagram,Linear,zoedphotography,denisdoeland,0,0.800201,0.357143,0.4,0.368421,0,0,5000.0,0.384615,0.0,0.0,1
pairs_twitter_instagram,Linear,jamiehinks,jamiehinks,1,1.0,1.0,1.0,1.0,0,0,5000.0,0.488889,0.0,0.0,1
pairs_twitter_instagram,Linear,kindahamwi,kindahamwi,1,0.999999,1.0,0.769231,0.833333,0,0,5000.0,0.48,0.0,0.0,1
pairs_twitter_instagram,Linear,benmiller,benmiller,1,0.324716,0.181818,0.375,0.3125,0,0,5000.0,0.4,0.0,0.0,1
pairs_twitter_instagram,Linear,lesleyscott,lesleyscott,1,1.0,1.0,1.0,1.0,0,0,5000.0,0.210526,0.0,0.0,1
pairs_twitter_instagram,Linear,anasse,anasse,1,0.953541,0.833333,0.153846,0.333333,0,0,5000.0,0.473684,0.0,0.0,1
pairs_twitter_instagram,Linear,stephenrobles,stephenrobles,1,1.0,1.0,1.0,1.0,0,0,5000.0,0.5,0.0,0.0,1
pairs_twitter_instagram,Linear,laurieturk,laurieturk,1,1.0,1.0,1.0,1.0,0,0,5000.0,0.352941,0.0,0.0,1
pairs_twitter_instagram,Linear,bscheckel,bscheckel,1,1.0,1.0,1.0,1.0,0,0,5000.0,1.0,0.0,0.0,1
pairs_twitter_instagram,Linear,carlosgamboa,carlosgamboa,1,1.0,1.0,1.0,1.0,0,0,5000.0,0.315789,0.0,0.0,1
pairs_twitter_instagram,Linear,griff,griff,1,1.0,1.0,1.0,1.0,0,0,5000.0,0.380952,0.0,0.0,1
pairs_twitter_instagram,Linear,eltounsi54,eltounsi54,1,0.999747,1.0,0.0,0.625,0,0,5000.0,0.5,0.0,0.0,1
pairs_twitter_instagram,Linear,jtroyer,jtroyer,1,1.0,1.0,1.0,1.0,0,0,5000.0,0.454545,0.0,0.0,1
pairs_twitter_instagram,Linear,elliottv,elliottv,1,1.0,1.0,1.0,1.0,0,0,5000.0,1.0,0.0,0.0,1
pairs_twitter_instagram,Linear,irenekimmel,irenekimmel,1,1.0,1.0,1.0,1.0,0,0,5000.0,0.333333,0.0,0.0,1
pairs_twitter_instagram,Linear,jonathanfleming,jonathanfleming,1,1.0,1.0,0.8125,0.888889,0,0,5000.0,0.818182,0.0,0.0,1
pairs_twitter_instagram,Linear,arthas,arthas,1,1.0,1.0,1.0,1.0,0,0,5000.0,0.333333,0.0,0.0,1
pairs_twitter_instagram,Linear,stephyates,stephyates,1,0.924486,0.071429,1.0,0.47619,0,0,5000.0,1.0,0.0,0.0,1
pairs_twitter_instagram,Linear,brianblock,brianblock,1,1.0,1.0,0.833333,0.882353,0,0,5000.0,0.372093,0.0,0.0,1
pairs_twitter_instagram,Linear,akurjata,akurjata,1,0.999649,1.0,0.433333,0.516129,0,0,5000.0,0.425532,0.0,0.0,1
pairs_twitter_instagram,Linear,jiyaadsabiq,jiyaadsabiq,1,0.994853,0.75,0.0,0.526316,0,0,5000.0,0.333333,0.0,0.0,1
pairs_twitter_instagram,Linear,lenhattrieu,lenhattrieu,1,0.999641,1.0,0.318182,0.533333,0,0,5000.0,0.368421,0.0,0.0,1
pairs_twitter_instagram,Linear,jamesbaker,jamesbaker,1,1.0,1.0,1.0,1.0,0,0,5000.0,0.48,0.0,0.0,1
pairs_twitter_instagram,Linear,edwardloh,edwardloh,1,0.583874,0.25,0.391304,0.322581,0,0,5000.0,0.0,0.0,0.0,1
pairs_twitter_instagram,Linear,trevorellestad,trevorellestad,1,0.985478,0.0,1.0,0.555556,0,0,5000.0,0.15,0.0,0.0,1
pairs_twitter_instagram,Linear,lalquier,lalquier,1,1.0,1.0,1.0,1.0,0,0,5000.0,0.461538,0.0,0.0,1
pairs_twitter_instagram,Linear,vbco,vbco,1,1.0,0.857143,1.0,0.894737,0,0,5000.0,0.518519,0.0,0.0,1
pairs_twitter_instagram,Linear,spanoghe,spanoghe,1,1.0,1.0,1.0,1.0,0,0,5000.0,0.866667,0.0,0.0,1
pairs_twitter_instagram,Linear,andrescarceller,andrescarceller,1,1.0,1.0,1.0,1.0,0,0,5000.0,1.0,0.0,0.0,1
pairs_twitter_instagram,Linear,kikaps,kikaps,1,1.0,1.0,0.842105,0.869565,0,0,5000.0,0.15,0.0,0.0,1
pairs_twitter_instagram,Linear,jnxyz,jnxyz,1,0.992152,1.0,0.190476,0.37037,0,0,5000.0,0.4375,0.0,0.0,1
pairs_twitter_instagram,Linear,s0uls,s0uls,1,1.0,1.0,0.875,0.904762,0,0,5000.0,0.428571,0.0,0.0,1
pairs_twitter_instagram,Linear,gaufgang,gaufgang,1,1.0,1.0,1.0,1.0,0,0,5000.0,0.407407,0.0,0.0,1
pairs_twitter_instagram,Linear,beckymaew,beckymaew,1,0.991122,0.333333,0.333333,0.6,0,0,5000.0,0.424242,0.0,0.0,1
pairs_twitter_instagram,Linear,ivanl,ivanl,1,1.0,1.0,1.0,1.0,0,0,5000.0,0.333333,0.0,0.0,1
pairs_twitter_instagram,Linear,rodrigobispo,rodrigobispo,1,0.999994,1.0,0.666667,0.7,0,0,5000.0,0.0,0.0,0.0,1
pairs_twitter_instagram,Linear,cesarnovelo,cesarnovelo,1,1.0,1.0,1.0,1.0,0,0,5000.0,0.384615,0.0,0.0,1
pairs_twitter_instagram,Linear,tsanghon,tsanghon,1,0.992401,0.857143,0.214286,0.421053,0,0,5000.0,0.380952,0.0,0.0,1
pairs_twitter_instagram,Linear,phoole,phoole,1,0.902719,0.714286,0.0,0.352941,0,0,5000.0,0.347826,0.0,0.0,1
pairs_twitter_instagram,Linear,ryanthompson,thompsontanya,0,0.982825,0.769231,0.344828,0.354839,0,0,5000.0,0.0,0.0,0.0,0
pairs_twitter_instagram,Linear,corporatephotographer,corporatephotographer,1,0.633077,0.0,0.0,0.575758,0,0,5000.0,1.0,0.0,0.0,1
pairs_twitter_instagram,Linear,chrispgriffin,chrispgriffin,1,0.997926,1.0,0.0,0.461538,0,0,5000.0,0.0,0.0,0.0,1
pairs_twitter_instagram,Linear,lisizhe,lisizhe,1,1.0,1.0,0.9,0.933333,0,0,5000.0,0.4,0.0,0.0,1
pairs_twitter_instagram,Linear,teppeimisue,teppeimisue,1,0.999943,1.0,0.0,0.714286,0,0,5000.0,0.45,0.0,0.0,1
pairs_twitter_instagram,Linear,janekimberly,janekimberly,1,1.0,1.0,1.0,1.0,0,0,5000.0,0.8,0.0,0.0,1
pairs_twitter_instagram,Linear,marisafewtrell,marisafewtrell,1,1.0,1.0,1.0,1.0,0,0,5000.0,1.0,0.0,0.0,1
pairs_twitter_instagram,Linear,chriswright,chriswright,1,1.0,1.0,1.0,1.0,0,0,5000.0,1.0,0.0,0.0,1
pairs_twitter_instagram,Linear,natejtaylor,natejtaylor,1,1.0,1.0,0.833333,0.875,0,0,5000.0,0.153846,0.0,0.0,1
pairs_twitter_instagram,Linear,christhedj,christhedj,1,1.0,1.0,1.0,1.0,0,0,5000.0,1.0,0.0,0.0,1
pairs_twitter_instagram,Linear,owengeronimo,owengeronimo,1,1.0,1.0,1.0,1.0,0,0,5000.0,0.0,0.0,0.0,1
pairs_twitter_instagram,Linear,mnegrini,mnegrini,1,1.0,1.0,0.933333,1.0,0,0,5000.0,0.428571,0.0,0.0,1
pairs_twitter_instagram,Linear,alliebeau,alliebeau,1,0.998691,1.0,0.391304,0.48,0,0,5000.0,1.0,0.0,0.0,1
pairs_twitter_instagram,Linear,ru0905,ru0905,1,0.99941,0.666667,0.6,0.571429,0,0,5000.0,0.222222,0.0,0.0,1
pairs_twitter_instagram,Linear,sercanparan,sercanparan,1,1.0,1.0,1.0,1.0,0,0,5000.0,0.391304,0.0,0.0,1
pairs_twitter_instagram,Linear,jigsha,jigsha,1,0.998508,1.0,0.407407,0.428571,0,0,5000.0,0.384615,0.0,0.0,1
pairs_twitter_instagram,Linear,eryk,eryk,1,1.0,1.0,1.0,1.0,0,0,5000.0,0.26087,0.0,0.0,1
pairs_twitter_instagram,Linear,philipcheang,philipcheang,1,0.995859,0.076923,1.0,0.619048,0,0,5000.0,0.388889,0.0,0.0,1
pairs_twitter_instagram,Linear,laurentbuanec,laurentbuanec,1,0.990386,0.052632,1.0,0.583333,0,0,5000.0,0.5,0.0,0.0,1
pairs_twitter_instagram,Linear,iwatatakuma,iwatatakuma,1,0.999971,1.0,0.0,0.727273,0,0,5000.0,0.0,0.0,0.0,1
pairs_twitter_instagram,Linear,lesliepasserino,lesliepasserino,1,1.0,1.0,1.0,1.0,0,0,5000.0,0.461538,0.0,0.0,1
pairs_twitter_instagram,Linear,iamlfb,iamlfb,1,1.0,1.0,1.0,1.0,0,0,5000.0,0.3,0.0,0.0,1
pairs_twitter_instagram,Linear,van2fabiola,van2fabiola,1,0.99973,1.0,0.0,0.588235,0,0,5000.0,0.0,0.0,0.0,1
pairs_twitter_instagram,Linear,mariakarpenko,mariakarpenko,1,1.0,1.0,1.0,1.0,0,0,5000.0,0.461538,0.0,0.0,1
pairs_twitter_instagram,Linear,mariarti,mariarti,1,0.998459,0.625,0.375,0.583333,0,0,5000.0,0.4,0.0,0.0,1
pairs_twitter_instagram,Linear,msdark,msdark,1,0.999998,1.0,0.708333,0.8,0,0,5000.0,0.47619,0.0,0.0,1
pairs_twitter_instagram,Linear,jenbalisi,melissabalsan,0,0.225635,0.266667,0.3125,0.285714,0,0,5000.0,0.8,0.0,0.0,0
pairs_twitter_instagram,Linear,philjengkane,philjengkane,1,0.978345,1.0,0.0,0.342857,0,0,5000.0,0.432432,0.0,0.0,1
pairs_twitter_instagram,Linear,stefandan,stefandan,1,0.999998,0.888889,1.0,0.785714,0,0,5000.0,0.428571,0.0,0.0,1
pairs_twitter_instagram,Linear,alvaropascual84,alvaropascual84,1,1.0,1.0,1.0,1.0,0,0,5000.0,0.421053,0.0,0.0,1
pairs_twitter_instagram,Linear,josefnemec,rkpost,0,0.281011,0.5,0.0,0.235294,0,0,5000.0,0.25,0.0,0.0,0
pairs_twitter_instagram,Linear,juancabrera,juancabrera,1,1.0,1.0,1.0,1.0,0,0,5000.0,0.461538,0.0,0.0,1
pairs_twitter_instagram,Linear,djquietstorm,djquietstorm,1,1.0,1.0,1.0,1.0,0,0,5000.0,0.512821,0.0,0.0,1
pairs_twitter_instagram,Linear,celivingston,celivingston,1,0.999996,1.0,0.538462,0.769231,0,0,5000.0,0.434783,0.0,0.0,1
pairs_twitter_instagram,Linear,timberrymd,thierryweber,0,0.345388,0.285714,0.266667,0.3,0,0,5000.0,0.434783,0.0,0.0,0
pairs_twitter_instagram,Linear,minasuka,minasuka,1,0.999338,1.0,0.285714,0.5,0,0,5000.0,0.344828,0.0,0.0,1
pairs_twitter_instagram,Linear,dennissmith,dennissmith,1,0.98508,1.0,0.172414,0.333333,0,0,5000.0,0.434783,0.0,0.0,1
pairs_twitter_instagram,Linear,jeromeoliu,jeromeoliu,1,0.995874,1.0,0.090909,0.411765,0,0,5000.0,0.162162,0.0,0.0,1
pairs_twitter_instagram,Linear,ocramen,ocramen,1,1.0,1.0,1.0,1.0,0,0,5000.0,0.347826,0.0,0.0,1
pairs_twitter_instagram,Linear,nancycole,nancycole,1,0.999983,0.5,1.0,0.833333,0,0,5000.0,1.0,0.0,0.0,1
pairs_twitter_instagram,Linear,feinnecchi,feinnecchi,1,1.0,1.0,1.0,1.0,0,0,5000.0,0.428571,0.0,0.0,1
pairs_twitter_instagram,Linear,mikemagan,mikemagan,1,1.0,1.0,1.0,1.0,0,0,5000.0,0.421053,0.0,0.0,1
pairs_twitter_instagram,Linear,leegunter,leegunter,1,1.0,1.0,1.0,1.0,0,0,5000.0,1.0,0.0,0.0,1
pairs_twitter_instagram,Linear,davidredelberger,davidredelberger,1,1.0,1.0,1.0,1.0,0,0,5000.0,0.333333,0.0,0.0,1
pairs_twitter_instagram,Linear,jannic,jannic,1,1.0,1.0,1.0,1.0,0,0,5000.0,0.571429,0.0,0.0,1
pairs_twitter_instagram,Linear,panjim,roninoone,0,0.700173,0.3,0.272727,0.357143,0,0,5000.0,0.0,0.0,0.0,0
pairs_twitter_instagram,Linear,ilansdee,ilansdee,1,1.0,1.0,1.0,1.0,0,0,5000.0,0.8,0.0,0.0,1
pairs_twitter_instagram,Linear,seanrainer,seanrainer,1,1.0,1.0,1.0,1.0,0,0,5000.0,0.352941,0.0,0.0,1
pairs_twitter_instagram,Linear,abigailharenberg,abigailharenberg,1,1.0,1.0,1.0,1.0,0,0,5000.0,0.666667,0.0,0.0,1
pairs_twitter_instagram,Linear,franziskakaterbaum,franziskakaterbaum,1,0.98995,0.785714,0.214286,0.444444,0,0,5000.0,0.571429,0.0,0.0,1
pairs_twitter_instagram,Linear,liamodowd,liamodowd,1,0.997642,0.25,1.0,0.625,0,0,5000.0,1.0,0.0,0.0,1
pairs_twitter_instagram,Linear,kevinsutton,kevinsutton,1,1.0,1.0,1.0,1.0,0,0,5000.0,0.111111,0.0,0.0,1
pairs_twitter_instagram,Linear,eugg,eugg,1,0.91645,0.142857,0.5,0.5,0,0,5000.0,0.428571,0.0,0.0,1
pairs_twitter_instagram,Linear,cyriljones,cyriljones,1,0.988621,0.0,1.0,0.586207,0,0,5000.0,0.384615,0.0,0.0,1
pairs_twitter_instagram,Linear,anast,anast,1,1.0,1.0,0.928571,0.952381,0,0,5000.0,0.378378,0.0,0.0,1
pairs_twitter_instagram,Linear,anjummalkana,anjummalkana,1,1.0,1.0,1.0,1.0,0,0,5000.0,0.363636,0.0,0.0,1
pairs_twitter_instagram,Linear,scobleizer,scobleizer,1,0.99796,1.0,0.366667,0.457143,0,0,5000.0,1.0,0.0,0.0,1
pairs_twitter_instagram,Linear,zalmenkurinsky,zalmenkurinsky,1,0.999623,0.222222,1.0,0.75,0,0,5000.0,1.0,0.0,0.0,1
pairs_twitter_instagram,Linear,marionvillette,marionvillette,1,0.999157,0.8,0.0,0.631579,0,0,5000.0,0.526316,0.0,0.0,1
pairs_twitter_instagram,Linear,hacen,hacen,1,1.0,1.0,1.0,1.0,0,0,5000.0,0.5,0.0,0.0,1
pairs_twitter_instagram,Linear,jralexander,jralexander,1,0.994432,1.0,0.0,0.4,0,0,5000.0,0.0,0.0,0.0,1
pairs_twitter_instagram,Linear,andiashten,andiashten,1,0.996296,1.0,0.125,0.423077,0,0,5000.0,0.333333,0.0,0.0,1
pairs_twitter_instagram,Linear,teritemme,teritemme,1,1.0,1.0,1.0,1.0,0,0,5000.0,0.846154,0.0,0.0,1
pairs_twitter_instagram,Linear,jonashalmstad,jonashalmstad,1,1.0,1.0,1.0,1.0,0,0,5000.0,0.416667,0.0,0.0,1
pairs_twitter_instagram,Linear,goranhalusa,goranhalusa,1,0.676429,0.454545,0.0,0.368421,0,0,5000.0,0.416667,0.0,0.0,1
pairs_twitter_instagram,Linear,francktourneret,francktourneret,1,0.998979,0.347826,1.0,0.607143,0,0,5000.0,0.526316,0.0,0.0,1
pairs_twitter_instagram,Linear,gustt,gustt,1,0.999928,0.230769,1.0,0.809524,0,0,5000.0,0.388889,0.0,0.0,1
pairs_twitter_instagram,Linear,stjon,stjon,1,1.0,1.0,1.0,1.0,0,0,5000.0,1.0,0.0,0.0,1
pairs_twitter_instagram,Linear,yazeedaloyoun,yazeedaloyoun,1,1.0,1.0,1.0,1.0,0,0,5000.0,0.387097,0.0,0.0,1
pairs_twitter_instagram,Linear,allards,allards,1,1.0,1.0,1.0,1.0,0,0,5000.0,0.470588,0.0,0.0,1
pairs_twitter_instagram,Linear,phi303,phi303,1,0.999957,0.428571,1.0,0.75,0,0,5000.0,0.190476,0.0,0.0,1
pairs_twitter_instagram,Linear,nancielovesphotography,flyingphotog,0,0.22866,0.5,0.058824,0.190476,0,0,5000.0,0.0,0.0,0.0,0
pairs_twitter_instagram,Linear,darcast,darcast,1,1.0,1.0,1.0,1.0,0,0,5000.0,0.410256,0.0,0.0,1
pairs_twitter_instagram,Linear,larslentz,larslentz,1,0.989552,0.444444,1.0,0.454545,0,0,5000.0,1.0,0.0,0.0,1
pairs_twitter_instagram,Linear,kkristopherkimbrew,christopherspiewak,0,0.868537,0.428571,0.384615,0.375,0,0,5000.0,0.4,0.0,0.0,0
pairs_twitter_instagram,Linear,craiglambie,craiglambie,1,0.999979,0.416667,1.0,0.8125,0,0,5000.0,0.4,0.0,0.0,1
pairs_twitter_instagram,Linear,dertoco,tonychau,0,0.198796,0.111111,0.2,0.333333,0,0,5000.0,0.4,0.0,0.0,1
pairs_twitter_instagram,Linear,nicoletoderas,nicoletoderas,1,0.998285,1.0,0.083333,0.481481,0,0,5000.0,0.37037,0.0,0.0,1
pairs_twitter_instagram,Linear,marieiscool,marieiscool,1,1.0,1.0,1.0,1.0,0,0,5000.0,0.48,0.0,0.0,1
pairs_twitter_instagram,Linear,thecrazygm,thecrazygm,1,1.0,1.0,1.0,1.0,0,0,5000.0,0.384615,0.0,0.0,1
pairs_twitter_instagram,Linear,akronohiohomes,akronohiohomes,1,1.0,1.0,1.0,1.0,0,0,5000.0,0.4,0.0,0.0,1
pairs_twitter_instagram,Linear,mikedarcyhughes,mikedarcyhughes,1,1.0,1.0,1.0,1.0,0,0,5000.0,0.511628,0.0,0.0,1
pairs_twitter_instagram,Linear,jirocer,jirocer,1,0.999976,1.0,0.5,0.666667,0,0,5000.0,0.357143,0.0,0.0,1
pairs_twitter_instagram,Linear,joebuglione,joebuglione,1,0.088051,0.0,0.384615,0.291667,0,0,5000.0,0.526316,0.0,0.0,1
pairs_twitter_instagram,Linear,soulsailor,soulsailor,1,1.0,1.0,1.0,1.0,0,0,5000.0,1.0,0.0,0.0,1
pairs_twitter_instagram,Linear,matthiaslechner,matthiaslechner,1,1.0,1.0,1.0,1.0,0,0,5000.0,0.363636,0.0,0.0,1
pairs_twitter_instagram,Linear,grantstern,grantstern,1,0.999341,1.0,0.416667,0.481481,0,0,5000.0,0.444444,0.0,0.0,1
pairs_twitter_instagram,Linear,briseeley,briseeley,1,0.97202,0.727273,0.375,0.4,0,0,5000.0,1.0,0.0,0.0,1
pairs_twitter_instagram,Linear,nicholasbohac,nicholasbohac,1,1.0,1.0,1.0,1.0,0,0,5000.0,1.0,0.0,0.0,1
pairs_twitter_instagram,Linear,dheras,dheras,1,1.0,1.0,1.0,1.0,0,0,5000.0,0.363636,0.0,0.0,1
pairs_twitter_instagram,Linear,letylabo,letylabo,1,0.999989,1.0,0.461538,0.764706,0,0,5000.0,1.0,0.0,0.0,1
pairs_twitter_instagram,Linear,gege2ge,gege2ge,1,0.999998,0.5,1.0,0.916667,0,0,5000.0,0.0,0.0,0.0,1
pairs_twitter_instagram,Linear,johanmede,johanmede,1,0.999999,1.0,0.764706,0.826087,0,0,5000.0,0.451613,0.0,0.0,1
pairs_twitter_instagram,Linear,queenesther,cheneselewis,0,0.048439,0.25,0.2,0.21875,0,0,5000.0,1.0,0.0,0.0,1
pairs_twitter_instagram,Linear,tollerton,tollerton,1,1.0,1.0,1.0,1.0,0,0,5000.0,0.333333,0.0,0.0,1
pairs_twitter_instagram,Linear,danielrdelpino,danielrdelpino,1,1.0,1.0,1.0,1.0,0,0,5000.0,0.545455,0.0,0.0,1
pairs_twitter_instagram,Linear,elishaparris,elishaparris,1,0.999995,1.0,0.647059,0.736842,0,0,5000.0,0.413793,0.0,0.0,1
pairs_twitter_instagram,Linear,xandergamble,xandergamble,1,1.0,1.0,1.0,1.0,0,0,5000.0,0.454545,0.0,0.0,1
pairs_twitter_instagram,Linear,hyperbreed,hyperbreed,1,0.912966,0.692308,0.037037,0.366667,0,0,5000.0,0.416667,0.0,0.0,1
pairs_twitter_instagram,Linear,alexndrsn87,alexndrsn87,1,0.992931,0.277778,1.0,0.545455,0,0,5000.0,1.0,0.0,0.0,1
pairs_twitter_instagram,Linear,akirareiko,akirareiko,1,0.999794,1.0,0.371429,0.560976,0,0,5000.0,0.421053,0.0,0.0,1
pairs_twitter_instagram,Linear,petrbelik,petrbelik,1,1.0,1.0,1.0,1.0,0,0,5000.0,0.368421,0.0,0.0,1
pairs_twitter_instagram,Linear,valuedmerchants,valuedmerchants,1,1.0,1.0,1.0,1.0,0,0,5000.0,1.0,0.0,0.0,1
pairs_twitter_instagram,Linear,vivian,vivian,1,1.0,1.0,1.0,1.0,0,0,5000.0,1.0,0.0,0.0,1
pairs_twitter_instagram,Linear,tylorsweeney,tylorsweeney,1,0.999997,0.833333,1.0,0.8125,0,0,5000.0,1.0,0.0,0.0,1
pairs_twitter_instagram,Linear,jotaypunto,jotaypunto,1,0.999999,1.0,0.727273,0.846154,0,0,5000.0,0.545455,0.0,0.0,1
pairs_twitter_instagram,Linear,hardiyantorico,hardiyantorico,1,1.0,1.0,1.0,1.0,0,0,5000.0,0.4375,0.0,0.0,1
pairs_twitter_instagram,Linear,carolinhinz,carolinhinz,1,0.999987,1.0,0.625,0.684211,0,0,5000.0,0.444444,0.0,0.0,1
pairs_twitter_instagram,Linear,jessydior,jessydior,1,0.870952,0.7,0.0,0.35,0,0,5000.0,0.518519,0.0,0.0,1
pairs_twitter_instagram,Linear,dygrafi,dygrafi,1,1.0,1.0,1.0,1.0,0,0,5000.0,0.454545,0.0,0.0,1
pairs_twitter_instagram,Linear,jesschg,jesschg,1,0.988054,1.0,0.192308,0.322581,0,0,5000.0,0.114286,0.0,0.0,1
pairs_twitter_instagram,Linear,drmikec,drmikec,1,0.991786,0.05,1.0,0.6,0,0,5000.0,0.588235,0.0,0.0,1
pairs_twitter_instagram,Linear,ashleycheretes,ashleycheretes,1,1.0,1.0,1.0,1.0,0,0,5000.0,0.461538,0.0,0.0,1
pairs_twitter_instagram,Linear,chadbordes,chadbordes,1,0.999998,1.0,0.3,0.846154,0,0,5000.0,0.0,0.0,0.0,1
pairs_twitter_instagram,Linear,hatemzidi,hatemzidi,1,1.0,1.0,1.0,1.0,0,0,5000.0,0.470588,0.0,0.0,1
pairs_twitter_instagram,Linear,ronsela,ronsela,1,0.999991,0.666667,1.0,0.769231,0,0,5000.0,0.45,0.0,0.0,1
pairs_twitter_instagram,Linear,leovillanova,leovillanova,1,1.0,1.0,1.0,1.0,0,0,5000.0,0.413793,0.0,0.0,1
pairs_twitter_instagram,Linear,albertcorbett,albertcorbett,1,0.999755,1.0,0.416667,0.541667,0,0,5000.0,0.424242,0.0,0.0,1
pairs_twitter_instagram,Linear,tomaszkrela,tomaszkrela,1,0.999988,1.0,0.666667,0.6875,0,0,5000.0,0.5,0.0,0.0,1
pairs_twitter_instagram,Linear,pon,pon,1,1.0,1.0,1.0,1.0,0,0,5000.0,0.0,0.0,0.0,1
pairs_twitter_instagram,Linear,civix,civix,1,0.999797,1.0,0.448276,0.542857,0,0,5000.0,0.357143,0.0,0.0,1
pairs_twitter_instagram,Linear,xgasso,xgasso,1,1.0,1.0,1.0,1.0,0,0,5000.0,0.418605,0.0,0.0,1
pairs_twitter_instagram,Linear,luxedesignnyc,luxedesignnyc,1,0.99778,1.0,0.0,0.481481,0,0,5000.0,0.37037,0.0,0.0,1
pairs_twitter_instagram,Linear,tselliott,tselliott,1,0.999999,1.0,0.636364,0.846154,0,0,5000.0,0.588235,0.0,0.0,1
pairs_twitter_instagram,Linear,nogaret,nogaret,1,0.958418,1.0,0.0,0.304348,0,0,5000.0,0.482759,0.0,0.0,1
pairs_twitter_instagram,Linear,jessicamclaughlin,jessicamclaughlin,1,0.989264,0.058824,1.0,0.571429,0,0,5000.0,0.461538,0.0,0.0,1
pairs_twitter_instagram,Linear,fgac,fgac,1,0.876758,1.0,0.137931,0.205882,0,0,5000.0,0.5,0.0,0.0,1
pairs_twitter_instagram,Linear,anomosity,anomosity,1,1.0,1.0,1.0,1.0,0,0,5000.0,0.526316,0.0,0.0,1
pairs_twitter_instagram,Linear,markbarner,markbarner,1,0.999953,1.0,0.5,0.625,0,0,5000.0,0.375,0.0,0.0,1
pairs_twitter_instagram,Linear,fullo,fullo,1,0.849391,0.571429,0.25,0.333333,0,0,5000.0,0.387097,0.0,0.0,1
pairs_twitter_instagram,Linear,marquesstewart,marquesstewart,1,0.987686,0.0,1.0,0.583333,0,0,5000.0,0.416667,0.0,0.0,1
pairs_twitter_instagram,Linear,sergiovenuto,sergiovenuto,1,1.0,1.0,1.0,1.0,0,0,5000.0,0.4,0.0,0.0,1
pairs_twitter_instagram,Linear,laliam,laliam,1,0.999999,0.625,1.0,0.909091,0,0,5000.0,0.56,0.0,0.0,1
pairs_twitter_instagram,Linear,sergioredondo,sergioredondo,1,1.0,1.0,0.923077,0.9375,0,0,5000.0,0.363636,0.0,0.0,1
pairs_twitter_instagram,Linear,kosodesign,kosodesign,1,0.982319,1.0,0.0,0.357143,0,0,5000.0,0.454545,0.0,0.0,1
pairs_twitter_instagram,Linear,cancunstudios,cancunstudios,1,1.0,1.0,1.0,1.0,0,0,5000.0,0.5,0.0,0.0,1
pairs_twitter_instagram,Linear,calebkinchlow,calebkinchlow,1,1.0,1.0,1.0,1.0,0,0,5000.0,0.391304,0.0,0.0,1
pairs_twitter_instagram,Linear,ferranbrooks,ferranbrooks,1,1.0,1.0,1.0,1.0,0,0,5000.0,0.390244,0.0,0.0,1
pairs_twitter_instagram,Linear,cdnstevequinn,cdnstevequinn,1,0.999964,0.692308,1.0,0.666667,0,0,5000.0,0.363636,0.0,0.0,1
pairs_twitter_instagram,Linear,hippik,hippik,1,1.0,1.0,1.0,1.0,0,0,5000.0,0.307692,0.0,0.0,1
pairs_twitter_instagram,Linear,georgedearing,georgedearing,1,1.0,1.0,1.0,1.0,0,0,5000.0,1.0,0.0,0.0,1
pairs_twitter_instagram,Linear,ericwheeler,ericwheeler,1,1.0,1.0,1.0,1.0,0,0,5000.0,0.363636,0.0,0.0,1
pairs_twitter_instagram,Linear,oiradario,oiradario,1,0.999694,1.0,0.125,0.588235,0,0,5000.0,0.488889,0.0,0.0,1
pairs_twitter_instagram,Linear,falkschmidt,falkschmidt,1,1.0,1.0,1.0,1.0,0,0,5000.0,0.325581,0.0,0.0,1
pairs_twitter_instagram,Linear,noahwieder,noahwieder,1,0.999999,1.0,0.428571,0.888889,0,0,5000.0,0.0,0.0,0.0,1
pairs_twitter_instagram,Linear,minkrott,minkrott,1,0.999997,0.75,1.0,0.8125,0,0,5000.0,0.625,0.0,0.0,1
pairs_twitter_instagram,Linear,lunaaskar,lunaaskar,1,0.999791,0.625,0.6,0.666667,0,0,5000.0,0.4375,0.0,0.0,1
pairs_twitter_instagram,Linear,mattlevinson,mattlevinson,1,0.999998,1.0,0.25,0.875,0,0,5000.0,0.421053,0.0,0.0,1
pairs_twitter_instagram,Linear,vubui,vubui,1,0.988231,1.0,0.238095,0.333333,0,0,5000.0,0.4,0.0,0.0,1
pairs_twitter_instagram,Linear,deborahpagliuca,deborahpagliuca,1,1.0,1.0,1.0,1.0,0,0,5000.0,0.461538,0.0,0.0,1
pairs_twitter_instagram,Linear,maxfabrizi,maxfabrizi,1,1.0,1.0,1.0,1.0,0,0,5000.0,0.413793,0.0,0.0,1
pairs_twitter_instagram,Linear,erikaperugachi,erikaperugachi,1,1.0,1.0,1.0,1.0,0,0,5000.0,0.380952,0.0,0.0,1
pairs_twitter_instagram,Linear,rileyb,rileyb,1,1.0,1.0,1.0,1.0,0,0,5000.0,0.4375,0.0,0.0,1
pairs_twitter_instagram,Linear,germanogurgel,germanogurgel,1,0.896911,0.352941,0.5,0.4,0,0,5000.0,0.4,0.0,0.0,1
pairs_twitter_instagram,Linear,anibalgoransky,anibalgoransky,1,0.966221,0.041667,1.0,0.482759,0,0,5000.0,0.111111,0.0,0.0,1
pairs_twitter_instagram,Linear,parisprimeau,parisprimeau,1,0.999998,1.0,0.0,0.923077,0,0,5000.0,0.384615,0.0,0.0,1
pairs_twitter_instagram,Linear,mindanaoan,mindanaoan,1,0.999954,1.0,0.5,0.652174,0,0,5000.0,0.761905,0.0,0.0,1
pairs_twitter_instagram,Linear,charismatikasd,charismatikasd,1,0.999884,1.0,0.458333,0.576923,0,0,5000.0,0.372093,0.0,0.0,1
pairs_twitter_instagram,Linear,johnmichaelvasquez,johnmichaelvasquez,1,1.0,1.0,0.785714,0.875,0,0,5000.0,0.521739,0.0,0.0,1
pairs_twitter_instagram,Linear,feixiao,feixiao,1,1.0,1.0,1.0,1.0,0,0,5000.0,0.470588,0.0,0.0,1
pairs_twitter_instagram,Linear,jakenelko,jakenelko,1,1.0,1.0,1.0,1.0,0,0,5000.0,0.434783,0.0,0.0,1
pairs_twitter_instagram,Linear,fbadenes,fbadenes,1,1.0,1.0,0.764706,0.875,0,0,5000.0,0.592593,0.0,0.0,1
pairs_twitter_instagram,Linear,focusedtiff,focusedtiff,1,0.942426,1.0,0.0,0.27907,0,0,5000.0,0.421053,0.0,0.0,1
pairs_twitter_instagram,Linear,joseparis,joseparis,1,0.997929,0.8,0.45,0.48,0,0,5000.0,0.388889,0.0,0.0,1
pairs_twitter_instagram,Linear,richstaples,richstaples,1,0.999385,1.0,0.423077,0.482759,0,0,5000.0,0.416667,0.0,0.0,1
pairs_twitter_instagram,Linear,gesteves,gesteves,1,1.0,1.0,1.0,1.0,0,0,5000.0,0.434783,0.0,0.0,1
pairs_twitter_instagram,Linear,mensan98th,mensan98th,1,0.986949,1.0,0.0,0.375,0,0,5000.0,0.434783,0.0,0.0,1
pairs_twitter_instagram,Linear,thefergie,thefergie,1,1.0,1.0,1.0,1.0,0,0,5000.0,0.153846,0.0,0.0,1
pairs_twitter_instagram,Linear,greghauenstein,greghauenstein,1,1.0,1.0,1.0,1.0,0,0,5000.0,0.466667,0.0,0.0,1
pairs_twitter_instagram,Linear,cherieannturpin,cherieannturpin,1,1.0,1.0,1.0,1.0,0,0,5000.0,1.0,0.0,0.0,1
pairs_twitter_instagram,Linear,tarikraiss,tarikraiss,1,1.0,1.0,1.0,1.0,0,0,5000.0,0.484848,0.0,0.0,1
pairs_twitter_instagram,Linear,poetinthepantry,poetinthepantry,1,1.0,1.0,1.0,1.0,0,0,5000.0,0.352941,0.0,0.0,1
pairs_twitter_instagram,Linear,randallcurtis,randallcurtis,1,0.998591,0.277778,1.0,0.608696,0,0,5000.0,0.428571,0.0,0.0,1
pairs_twitter_instagram,Linear,ngiraldo,ngiraldo,1,0.95219,0.15,0.428571,0.52,0,0,5000.0,0.0,0.0,0.0,1
pairs_twitter_instagram,Linear,katherinebartlett,katherinebartlett,1,1.0,1.0,1.0,1.0,0,0,5000.0,0.0,0.0,0.0,1
pairs_twitter_instagram,Linear,technonizm,technonizm,1,0.999981,1.0,0.416667,0.695652,0,0,5000.0,0.357143,0.0,0.0,1
pairs_twitter_instagram,Linear,catherinegreen,catherinegreen,1,0.952555,0.416667,0.307692,0.4375,0,0,5000.0,0.0,0.0,0.0,1
pairs_twitter_instagram,Linear,davidbustamantetoledo,davidbustamantetoledo,1,0.999999,1.0,0.772727,0.814815,0,0,5000.0,0.347826,0.0,0.0,1
pairs_twitter_instagram,Linear,juanmamiguens,juanmamiguens,1,0.999997,1.0,0.681818,0.76,0,0,5000.0,0.431373,0.0,0.0,1
pairs_twitter_instagram,Linear,wouterdeheij,wouterdeheij,1,0.999998,0.454545,1.0,0.941176,0,0,5000.0,0.205128,0.0,0.0,1
pairs_twitter_instagram,Linear,harshankola,harshankola,1,1.0,1.0,1.0,1.0,0,0,5000.0,0.44,0.0,0.0,1
pairs_twitter_instagram,Linear,xines,tomviturino,0,0.437827,0.411765,0.0,0.32,0,0,5000.0,0.352941,0.0,0.0,0
pairs_twitter_instagram,Linear,bradfriedman,bradfriedman,1,1.0,1.0,1.0,1.0,0,0,5000.0,0.47619,0.0,0.0,1
pairs_twitter_instagram,Linear,gnowynnad,gnowynnad,1,1.0,1.0,1.0,1.0,0,0,5000.0,0.533333,0.0,0.0,1
pairs_twitter_instagram,Linear,authenticseacoast,authenticseacoast,1,0.999954,0.705882,0.708333,0.703704,0,0,5000.0,0.375,0.0,0.0,1
pairs_twitter_instagram,Linear,dmisto,dmisto,1,0.999654,1.0,0.444444,0.517241,0,0,5000.0,0.461538,0.0,0.0,1
pairs_twitter_instagram,Linear,tinoxiii,tinoxiii,1,0.921648,1.0,0.0,0.241379,0,0,5000.0,0.157895,0.0,0.0,1
pairs_twitter_instagram,Linear,candyspendervanrood,candyspendervanrood,1,0.997854,0.75,0.45,0.5,0,0,5000.0,0.424242,0.0,0.0,1
pairs_twitter_instagram,Linear,janetholthilton,jonaneto,0,0.199619,0.083333,0.333333,0.318182,0,0,5000.0,0.387097,0.0,0.0,1
pairs_twitter_instagram,Linear,rachelhermosura,rachelhermosura,1,1.0,1.0,1.0,1.0,0,0,5000.0,0.4,0.0,0.0,1
pairs_twitter_instagram,Linear,arndal,arndal,1,0.999922,1.0,0.52381,0.590909,0,0,5000.0,0.4,0.0,0.0,1
pairs_twitter_instagram,Linear,alessandrodilella,alessandrodilella,1,1.0,0.857143,1.0,0.952381,0,0,5000.0,0.521739,0.0,0.0,1
pairs_twitter_instagram,Linear,djjy,djjy,1,0.975043,1.0,0.2,0.304348,0,0,5000.0,0.571429,0.0,0.0,1
pairs_twitter_instagram,Linear,klassy,klassy,1,0.173519,0.714286,0.0,0.151515,0,0,5000.0,0.866667,0.0,0.0,1
pairs_twitter_instagram,Linear,dpencilpusher,dpencilpusher,1,1.0,1.0,1.0,1.0,0,0,5000.0,0.444444,0.0,0.0,1
pairs_twitter_instagram,Linear,jennlevine,jennlevine,1,1.0,1.0,1.0,1.0,0,0,5000.0,0.8,0.0,0.0,1
pairs_twitter_instagram,Linear,omerabdellatif,omerabdellatif,1,1.0,1.0,1.0,1.0,0,0,5000.0,0.357143,0.0,0.0,1
pairs_twitter_instagram,Linear,mauraneill,mauraneill,1,1.0,1.0,1.0,1.0,0,0,5000.0,0.37037,0.0,0.0,1
pairs_twitter_instagram,Linear,brunoassis,brunoassis,1,1.0,1.0,1.0,1.0,0,0,5000.0,0.413793,0.0,0.0,1
pairs_twitter_instagram,Linear,knerq,knerq,1,0.999999,1.0,0.714286,0.846154,0,0,5000.0,0.454545,0.0,0.0,1
pairs_twitter_instagram,Linear,jakefaulkner,jakefaulkner,1,1.0,1.0,1.0,1.0,0,0,5000.0,0.466667,0.0,0.0,1
pairs_twitter_instagram,Linear,lablondeblafarde,lablondeblafarde,1,0.865304,1.0,0.0,0.222222,0,0,5000.0,0.44,0.0,0.0,1
pairs_twitter_instagram,Linear,timbr,timbr,1,0.604776,0.2,0.407407,0.4,0,0,5000.0,0.846154,0.0,0.0,1
pairs_twitter_instagram,Linear,chrisgoulet,chrisgoulet,1,1.0,1.0,0.75,0.857143,0,0,5000.0,0.272727,0.0,0.0,1
pairs_twitter_instagram,Linear,bordzgor,bordzgor,1,0.999967,1.0,0.521739,0.64,0,0,5000.0,0.333333,0.0,0.0,1
pairs_twitter_instagram,Linear,markrbuckley,markrbuckley,1,1.0,1.0,1.0,1.0,0,0,5000.0,0.1,0.0,0.0,1
pairs_twitter_instagram,Linear,nabeelalwazzan,nabeelalwazzan,1,0.998656,0.3,0.875,0.625,0,0,5000.0,0.4,0.0,0.0,1
pairs_twitter_instagram,Linear,mickou,mickou,1,0.999999,1.0,0.777778,0.818182,0,0,5000.0,0.551724,0.0,0.0,1
pairs_twitter_instagram,Linear,webgrrl,webgrrl,1,0.970959,0.666667,0.428571,0.368421,0,0,5000.0,0.340426,0.0,0.0,1
pairs_twitter_instagram,Linear,gkampolis,gkampolis,1,1.0,1.0,1.0,1.0,0,0,5000.0,0.418605,0.0,0.0,1
pairs_twitter_instagram,Linear,injction,injction,1,0.999179,1.0,0.25,0.5,0,0,5000.0,0.444444,0.0,0.0,1
pairs_twitter_instagram,Linear,amarocreative,amarocreative,1,1.0,1.0,1.0,1.0,0,0,5000.0,1.0,0.0,0.0,1
pairs_twitter_instagram,Linear,gagis,gagis,1,1.0,1.0,0.941176,0.954545,0,0,5000.0,0.45,0.0,0.0,1
pairs_twitter_instagram,Linear,emaforo,emaforo,1,1.0,1.0,1.0,1.0,0,0,5000.0,0.615385,0.0,0.0,1
pairs_twitter_instagram,Linear,craigweich,craigweich,1,1.0,1.0,1.0,1.0,0,0,5000.0,1.0,0.0,0.0,1
pairs_twitter_instagram,Linear,kazu721010,kazu721010,1,1.0,1.0,1.0,1.0,0,0,5000.0,0.0,0.0,0.0,1
pairs_twitter_instagram,Linear,mofeedbhr,mofeedbhr,1,0.99974,1.0,0.333333,0.526316,0,0,5000.0,0.0,0.0,0.0,1
pairs_twitter_instagram,Linear,imregmeligmeijling,imregmeligmeijling,1,1.0,1.0,1.0,1.0,0,0,5000.0,0.4,0.0,0.0,1
pairs_twitter_instagram,Linear,danaron,dancondon,0,0.658906,0.3,0.25,0.375,0,0,5000.0,0.387097,0.0,0.0,0
pairs_twitter_instagram,Linear,metawops,metawops,1,0.999966,1.0,0.384615,0.666667,0,0,5000.0,0.363636,0.0,0.0,1
pairs_twitter_instagram,Linear,schwegler,schwegler,1,0.998731,0.888889,0.0,0.5625,0,0,5000.0,0.4,0.0,0.0,1
pairs_twitter_instagram,Linear,reneritchie,reneritchie,1,0.999416,1.0,0.44,0.48,0,0,5000.0,0.375,0.0,0.0,1
pairs_twitter_instagram,Linear,jwike,bexlondontown,0,0.306688,0.428571,0.0,0.28,0,0,5000.0,0.380952,0.0,0.0,0
pairs_twitter_instagram,Linear,rmathieson,rmathieson,1,1.0,1.0,1.0,1.0,0,0,5000.0,0.48,0.0,0.0,1
pairs_twitter_instagram,Linear,tomepejoski,tomepejoski,1,1.0,1.0,1.0,1.0,0,0,5000.0,0.0,0.0,0.0,1
pairs_twitter_instagram,Linear,sarataricani,sarataricani,1,1.0,1.0,1.0,1.0,0,0,5000.0,0.461538,0.0,0.0,1
pairs_twitter_instagram,Linear,vystrcil,vystrcil,1,1.0,0.875,1.0,0.9375,0,0,5000.0,0.4,0.0,0.0,1
pairs_twitter_instagram,Linear,nicolashayek,nicolashayek,1,1.0,1.0,1.0,1.0,0,0,5000.0,0.434783,0.0,0.0,1
pairs_twitter_instagram,Linear,roncaglia,roncaglia,1,0.999981,1.0,0.615385,0.666667,0,0,5000.0,0.47619,0.0,0.0,1
pairs_twitter_instagram,Linear,kadiprescott,kadiprescott,1,0.999996,1.0,0.666667,0.75,0,0,5000.0,0.444444,0.0,0.0,1
pairs_twitter_instagram,Linear,fggutierrez,fggutierrez,1,0.999997,1.0,0.68,0.758621,0,0,5000.0,0.4,0.0,0.0,1
pairs_twitter_instagram,Linear,macnolo,macnolo,1,1.0,1.0,1.0,1.0,0,0,5000.0,0.461538,0.0,0.0,1
pairs_twitter_instagram,Linear,indumental,indumental,1,0.999993,1.0,0.0,0.818182,0,0,5000.0,0.0,0.0,0.0,1
pairs_twitter_instagram,Linear,kayleighblanchette,kayleighblanchette,1,0.725318,0.0,0.607143,0.447368,0,0,5000.0,0.421053,0.0,0.0,1
pairs_twitter_instagram,Linear,gabbycorsalas,gabbycorsalas,1,0.999957,1.0,0.1875,0.666667,0,0,5000.0,0.0,0.0,0.0,1
pairs_twitter_instagram,Linear,leelyning,leelyning,1,1.0,1.0,0.818182,0.923077,0,0,5000.0,0.342857,0.0,0.0,1
pairs_twitter_instagram,Linear,jmurphpix,jmurphpix,1,1.0,1.0,1.0,1.0,0,0,5000.0,0.352941,0.0,0.0,1
pairs_twitter_instagram,Linear,kvs,kvs,1,1.0,1.0,1.0,1.0,0,0,5000.0,0.153846,0.0,0.0,1
pairs_twitter_instagram,Linear,fenotavel,fenotavel,1,0.999981,1.0,0.473684,0.689655,0,0,5000.0,0.444444,0.0,0.0,1
pairs_twitter_instagram,Linear,stephenwells,jenniferstinnett,0,0.129969,0.333333,0.25,0.2,0,0,5000.0,0.344828,0.0,0.0,0
pairs_twitter_instagram,Linear,andrewjamesmorgan,andrewjamesmorgan,1,1.0,1.0,1.0,1.0,0,0,5000.0,0.117647,0.0,0.0,1
pairs_twitter_instagram,Linear,garethevans,garethevans,1,0.883708,1.0,0.0,0.25,0,0,5000.0,0.705882,0.0,0.0,1
pairs_twitter_instagram,Linear,jkdesignarts,jkdesignarts,1,1.0,1.0,1.0,1.0,0,0,5000.0,1.0,0.0,0.0,1
pairs_twitter_instagram,Linear,atlcomputerdude,atlcomputerdude,1,0.997393,1.0,0.03125,0.46875,0,0,5000.0,0.421053,0.0,0.0,1
pairs_twitter_instagram,Linear,tanguymignot,tanguymignot,1,0.962656,0.0,1.0,0.52,0,0,5000.0,0.526316,0.0,0.0,1
pairs_twitter_instagram,Linear,elizabethpro,elizabethpro,1,1.0,1.0,1.0,1.0,0,0,5000.0,0.666667,0.0,0.0,1
pairs_twitter_instagram,Linear,hamassyujaiy,hamassyujaiy,1,1.0,1.0,1.0,1.0,0,0,5000.0,0.45,0.0,0.0,1
pairs_twitter_instagram,Linear,multiservice5d,multiservice5d,1,1.0,1.0,1.0,1.0,0,0,5000.0,0.418605,0.0,0.0,1
pairs_twitter_instagram,Linear,danielmarins,danielmcclure,0,0.872451,0.352941,0.388889,0.409091,0,0,5000.0,0.44,0.0,0.0,1
pairs_twitter_instagram,Linear,joelynndesign,joelynndesign,1,0.905795,0.625,0.041667,0.387097,0,0,5000.0,0.415094,0.0,0.0,1
pairs_twitter_instagram,Linear,socialsoundsystem,socialsoundsystem,1,0.918253,0.473684,0.0,0.483871,0,0,5000.0,0.702703,0.0,0.0,1
pairs_twitter_instagram,Linear,laurengarland,laurengarland,1,1.0,1.0,1.0,1.0,0,0,5000.0,1.0,0.0,0.0,1
pairs_twitter_instagram,Linear,hunterleesoik,hunterleesoik,1,1.0,1.0,1.0,1.0,0,0,5000.0,0.0,0.0,0.0,1
pairs_twitter_instagram,Linear,tonick,tonick,1,0.999991,1.0,0.4,0.75,0,0,5000.0,0.461538,0.0,0.0,1
pairs_twitter_instagram,Linear,dcsmall,yannick,0,0.067206,0.333333,0.0,0.210526,0,0,5000.0,0.461538,0.0,0.0,1
pairs_twitter_instagram,Linear,ijstokes,ijstokes,1,0.995362,1.0,0.0,0.4375,0,0,5000.0,0.4,0.0,0.0,1
pairs_twitter_instagram,Linear,juninbsk,juninbsk,1,0.999999,1.0,0.5,0.818182,0,0,5000.0,0.0,0.0,0.0,1
pairs_twitter_instagram,Linear,luisete,luisete,1,0.999878,0.4,0.733333,0.772727,0,0,5000.0,0.571429,0.0,0.0,1
pairs_twitter_instagram,Linear,zjonquil,zjonquil,1,0.915666,0.0,1.0,0.448276,0,0,5000.0,0.25,0.0,0.0,1
pairs_twitter_instagram,Linear,giozi,giozi,1,0.5776,0.571429,0.214286,0.25,0,0,5000.0,0.352941,0.0,0.0,1
pairs_twitter_instagram,Linear,scottpatrick,scottpatrick,1,0.989226,1.0,0.0,0.391304,0,0,5000.0,0.5,0.0,0.0,1
pairs_twitter_instagram,Linear,jakup,jakup,1,0.967979,1.0,0.0,0.315789,0,0,5000.0,0.4,0.0,0.0,1
pairs_twitter_instagram,Linear,mikeyil,mikeyil,1,0.991742,1.0,0.142857,0.375,0,0,5000.0,0.416667,0.0,0.0,1
pairs_twitter_instagram,Linear,tracy0h,tracy0h,1,0.99973,1.0,0.0,0.615385,0,0,5000.0,0.416667,0.0,0.0,1
pairs_twitter_instagram,Linear,ishamazad,ishamazad,1,0.999999,0.888889,0.8125,0.842105,0,0,5000.0,0.625,0.0,0.0,1
pairs_twitter_instagram,Linear,schiavini,schiavini,1,0.988621,0.0,1.0,0.586207,0,0,5000.0,0.384615,0.0,0.0,1
pairs_twitter_instagram,Linear,aunurrofik,aunurrofik,1,1.0,1.0,1.0,1.0,0,0,5000.0,0.424242,0.0,0.0,1
pairs_twitter_instagram,Linear,douglaine,douglaine,1,1.0,1.0,1.0,1.0,0,0,5000.0,0.866667,0.0,0.0,1
pairs_twitter_instagram,Linear,davidpillen,davidpillen,1,1.0,1.0,1.0,1.0,0,0,5000.0,0.434783,0.0,0.0,1
pairs_twitter_instagram,Linear,colleenbohensky,colleenbohensky,1,0.999977,1.0,0.428571,0.692308,0,0,5000.0,0.5,0.0,0.0,1
pairs_twitter_instagram,Linear,lisafarquharson,lisafarquharson,1,0.952748,0.692308,0.0,0.416667,0,0,5000.0,0.451613,0.0,0.0,1
pairs_twitter_instagram,Linear,apalaciosm,apalaciosm,1,0.954304,1.0,0.052632,0.28,0,0,5000.0,0.358974,0.0,0.0,1
pairs_twitter_instagram,Linear,mpritchard,mpritchard,1,0.999996,0.818182,1.0,0.789474,0,0,5000.0,0.866667,0.0,0.0,1
pairs_twitter_instagram,Linear,nikishinpro,nikishinpro,1,1.0,1.0,1.0,1.0,0,0,5000.0,0.0,0.0,0.0,1
pairs_twitter_instagram,Linear,juanbelmonte,juanbelmonte,1,0.990162,0.105263,1.0,0.541667,0,0,5000.0,0.205128,0.0,0.0,1
pairs_twitter_instagram,Linear,robinfay,robinfay,1,0.999924,1.0,0.0,0.7,0,0,5000.0,0.5,0.0,0.0,1
pairs_twitter_instagram,Linear,danieledler,danieledler,1,0.956945,0.444444,0.44,0.433333,0,0,5000.0,0.4,0.0,0.0,1
pairs_twitter_instagram,Linear,christaevonne,christaevonne,1,0.998884,0.857143,0.461538,0.533333,0,0,5000.0,1.0,0.0,0.0,1
pairs_twitter_instagram,Linear,loig,loig,1,1.0,1.0,1.0,1.0,0,0,5000.0,0.375,0.0,0.0,1
pairs_twitter_instagram,Linear,ramoss,ramoss,1,1.0,1.0,1.0,1.0,0,0,5000.0,0.4,0.0,0.0,1
pairs_twitter_instagram,Linear,tongjie,tongjie,1,0.999309,1.0,0.0,0.5625,0,0,5000.0,0.5,0.0,0.0,1
pairs_twitter_instagram,Linear,vicaso,vinhle,0,0.189747,0.4,0.0,0.26087,0,0,5000.0,0.518519,0.0,0.0,0
pairs_twitter_instagram,Linear,joshin,joshin,1,0.998038,0.7,0.25,0.5625,0,0,5000.0,0.4,0.0,0.0,1
pairs_twitter_instagram,Linear,hjaviercs,hjaviercs,1,0.998877,1.0,0.333333,0.461538,0,0,5000.0,0.4,0.0,0.0,1
pairs_twitter_instagram,Linear,meaganwarncke,meaganwarncke,1,0.931991,0.388889,0.384615,0.4375,0,0,5000.0,0.421053,0.0,0.0,1
pairs_twitter_instagram,Linear,melanieburger,melanieburger,1,0.999999,0.642857,1.0,0.888889,0,0,5000.0,0.375,0.0,0.0,1
pairs_twitter_instagram,Linear,egyuno,egyuno,1,0.999924,1.0,0.0,0.666667,0,0,5000.0,0.0,0.0,0.0,1
pairs_twitter_instagram,Linear,florentlesauvage,florentlesauvage,1,1.0,1.0,1.0,1.0,0,0,5000.0,0.521739,0.0,0.0,1
pairs_twitter_instagram,Linear,juliemaure,praptichowdhury,0,0.099173,0.173913,0.105263,0.25,0,0,5000.0,0.0,0.0,0.0,0
pairs_twitter_instagram,Linear,otir,otir,1,1.0,1.0,1.0,1.0,0,0,5000.0,0.5,0.0,0.0,1
pairs_twitter_instagram,Linear,peterparker513,peterparker513,1,0.999994,1.0,0.555556,0.736842,0,0,5000.0,0.344828,0.0,0.0,1
pairs_twitter_instagram,Linear,gaylejoseph,gaylejoseph,1,1.0,1.0,1.0,1.0,0,0,5000.0,0.4,0.0,0.0,1
pairs_twitter_instagram,Linear,giuditta,saridigital,0,0.112357,0.307692,0.086957,0.233333,0,0,5000.0,0.375,0.0,0.0,1
pairs_twitter_instagram,Linear,aritulla,vtatultiwari,0,0.153701,0.071429,0.384615,0.333333,0,0,5000.0,1.0,0.0,0.0,0
pairs_twitter_instagram,Linear,nolanpetersen,nolanpetersen,1,0.991412,0.285714,1.0,0.5,0,0,5000.0,0.538462,0.0,0.0,1
pairs_twitter_instagram,Linear,transportgooru,transportgooru,1,1.0,1.0,1.0,1.0,0,0,5000.0,0.434783,0.0,0.0,1
pairs_twitter_instagram,Linear,hanspetermeyer,hanspetermeyer,1,1.0,1.0,1.0,1.0,0,0,5000.0,0.432432,0.0,0.0,1
pairs_twitter_instagram,Linear,meshell,meshell,1,0.304226,0.0,1.0,0.259259,0,0,5000.0,0.410256,0.0,0.0,1
pairs_twitter_instagram,Linear,chriscree,chriscree,1,1.0,1.0,1.0,1.0,0,0,5000.0,0.516129,0.0,0.0,1
pairs_twitter_instagram,Linear,pesaldias,pesaldias,1,0.999935,1.0,0.470588,0.619048,0,0,5000.0,0.5,0.0,0.0,1
pairs_twitter_instagram,Linear,ihanna,ihanna,1,0.972839,0.833333,0.285714,0.333333,0,0,5000.0,0.333333,0.0,0.0,1
pairs_twitter_instagram,Linear,michaelbrandvold,michaelbrandvold,1,1.0,1.0,1.0,1.0,0,0,5000.0,0.866667,0.0,0.0,1
pairs_twitter_instagram,Linear,elisapicchiotti,elisapicchiotti,1,1.0,1.0,1.0,1.0,0,0,5000.0,0.382979,0.0,0.0,1
pairs_twitter_instagram,Linear,georgegardelinos,georgegardelinos,1,0.999927,1.0,0.266667,0.647059,0,0,5000.0,0.444444,0.0,0.0,1
pairs_twitter_instagram,Linear,jagomez,jagomez,1,0.994038,1.0,0.041667,0.413793,0,0,5000.0,0.4,0.0,0.0,1
pairs_twitter_instagram,Linear,normiesd,normiesd,1,0.999991,1.0,0.4,0.75,0,0,5000.0,0.444444,0.0,0.0,1
pairs_twitter_instagram,Linear,nrgiga,nrgiga,1,1.0,1.0,1.0,1.0,0,0,5000.0,0.615385,0.0,0.0,1
pairs_twitter_instagram,Linear,belikesean,belikesean,1,0.9964,0.176471,1.0,0.6,0,0,5000.0,0.571429,0.0,0.0,1
pairs_twitter_instagram,Linear,iamangelique,iamangelique,1,0.993564,0.6,0.533333,0.473684,0,0,5000.0,0.4,0.0,0.0,1
pairs_twitter_instagram,Linear,romullopontes,romullopontes,1,1.0,1.0,1.0,1.0,0,0,5000.0,0.428571,0.0,0.0,1
pairs_twitter_instagram,Linear,varunpramanik,varunpramanik,1,1.0,1.0,1.0,1.0,0,0,5000.0,0.37037,0.0,0.0,1
pairs_twitter_instagram,Linear,michelevangelista,michelevangelista,1,1.0,1.0,1.0,1.0,0,0,5000.0,0.47619,0.0,0.0,1
pairs_twitter_instagram,Linear,heyitsvo,heyitsvo,1,1.0,1.0,1.0,1.0,0,0,5000.0,0.416667,0.0,0.0,1
pairs_twitter_instagram,Linear,luisfernandez,luisfernandez,1,0.999621,0.421053,0.708333,0.689655,0,0,5000.0,0.432432,0.0,0.0,1
pairs_twitter_instagram,Linear,willytai9,willytai9,1,0.995757,0.066667,1.0,0.62963,0,0,5000.0,0.511628,0.0,0.0,1
pairs_twitter_instagram,Linear,burovayulia,juliahull,0,0.052756,0.071429,0.277778,0.241379,0,0,5000.0,0.4,0.0,0.0,1
pairs_twitter_instagram,Linear,jamideleon,jamideleon,1,1.0,1.0,1.0,1.0,0,0,5000.0,0.444444,0.0,0.0,1
pairs_twitter_instagram,Linear,safaripoet,safaripoet,1,0.999232,1.0,0.210526,0.482759,0,0,5000.0,0.0,0.0,0.0,1
pairs_twitter_instagram,Linear,luckybag,luckybag,1,1.0,1.0,1.0,1.0,0,0,5000.0,0.363636,0.0,0.0,1
pairs_twitter_instagram,Linear,carmenmg5,carmenmg5,1,0.133435,0.461538,0.0,0.176471,0,0,5000.0,0.0,0.0,0.0,1
pairs_twitter_instagram,Linear,ricardoosornofallas,ricardoosornofallas,1,0.999997,1.0,0.684211,0.76,0,0,5000.0,0.473684,0.0,0.0,1
pairs_twitter_instagram,Linear,adamcarlson,adamaoc,0,0.368528,0.058824,1.0,0.25,0,0,5000.0,0.352941,0.0,0.0,1
pairs_twitter_instagram,Linear,patrizio,patrizio,1,1.0,1.0,1.0,1.0,0,0,5000.0,0.5,0.0,0.0,1
pairs_twitter_instagram,Linear,seanness,seanness,1,1.0,1.0,1.0,1.0,0,0,5000.0,0.482759,0.0,0.0,1
pairs_twitter_instagram,Linear,stephanebmeyer,stephanebmeyer,1,0.551692,0.066667,0.482759,0.4,0,0,5000.0,0.461538,0.0,0.0,1
pairs_twitter_instagram,Linear,lucasmaiacom,lucasmaiacom,1,0.999998,0.846154,1.0,0.777778,0,0,5000.0,0.4375,0.0,0.0,1
pairs_twitter_instagram,Linear,mirvana,mirvana,1,0.754873,0.5,0.214286,0.333333,0,0,5000.0,0.421053,0.0,0.0,1
pairs_twitter_instagram,Linear,gabrielbarrera,gabrielbarrera,1,0.988674,0.35,0.428571,0.56,0,0,5000.0,0.428571,0.0,0.0,1
pairs_twitter_instagram,Linear,uptimist,uptimist,1,0.969696,0.7,0.35,0.375,0,0,5000.0,0.454545,0.0,0.0,1
pairs_twitter_instagram,Linear,pierretran,pierretran,1,1.0,1.0,1.0,1.0,0,0,5000.0,0.555556,0.0,0.0,1
pairs_twitter_instagram,Linear,ahmed,ahmed,1,1.0,1.0,1.0,1.0,0,0,5000.0,0.4,0.0,0.0,1
pairs_twitter_instagram,Linear,travelandbeyond,travelandbeyond,1,0.998236,1.0,0.142857,0.46875,0,0,5000.0,0.378378,0.0,0.0,1
pairs_twitter_instagram,Linear,navodarszkygeorgeta,navodarszkygeorgeta,1,0.988875,0.4,0.5625,0.513514,0,0,5000.0,0.4,0.0,0.0,1
pairs_twitter_instagram,Linear,melteruz,melteruz,1,0.999997,1.0,0.666667,0.769231,0,0,5000.0,0.428571,0.0,0.0,1
pairs_twitter_instagram,Linear,samhoover,samhoover,1,0.999996,1.0,0.222222,0.846154,0,0,5000.0,0.571429,0.0,0.0,1
pairs_twitter_instagram,Linear,akirauchimura,akirauchimura,1,0.999999,0.833333,1.0,0.823529,0,0,5000.0,0.428571,0.0,0.0,1
pairs_twitter_instagram,Linear,angelbravo,angelfrancia,0,0.912768,0.454545,0.666667,0.333333,0,0,5000.0,0.315789,0.0,0.0,1
pairs_twitter_instagram,Linear,rcsmit,rcsmit,1,1.0,1.0,1.0,1.0,0,0,5000.0,0.0,0.0,0.0,1
pairs_twitter_instagram,Linear,pennycheng,pennycheng,1,0.999933,1.0,0.56,0.592593,0,0,5000.0,0.4,0.0,0.0,1
pairs_twitter_instagram,Linear,espelina,espelina,1,0.998567,1.0,0.347826,0.482759,0,0,5000.0,1.0,0.0,0.0,1
pairs_twitter_instagram,Linear,johnnio,johnnio,1,0.98516,0.090909,0.857143,0.590909,0,0,5000.0,0.846154,0.0,0.0,1
pairs_twitter_instagram,Linear,looiss,loig,0,0.473259,0.25,0.3,0.3125,0,0,5000.0,0.0,0.0,0.0,1
pairs_twitter_instagram,Linear,marioalvarezch,marioalvarezch,1,0.988149,1.0,0.03125,0.368421,0,0,5000.0,0.333333,0.0,0.0,1
pairs_twitter_instagram,Linear,leandrolobosco,leandrolobosco,1,0.99904,1.0,0.2,0.48,0,0,5000.0,0.139535,0.0,0.0,1
pairs_twitter_instagram,Linear,jletti,jletti,1,1.0,1.0,1.0,1.0,0,0,5000.0,0.424242,0.0,0.0,1
pairs_twitter_instagram,Linear,adamsarwar,adamsarwar,1,1.0,1.0,1.0,1.0,0,0,5000.0,0.625,0.0,0.0,1
pairs_twitter_instagram,Linear,ceslava,ceslava,1,0.999825,0.357143,0.333333,0.833333,0,0,5000.0,0.4,0.0,0.0,1
pairs_twitter_instagram,Linear,susangoulding,susangoulding,1,1.0,1.0,1.0,1.0,0,0,5000.0,0.108108,0.0,0.0,1
pairs_twitter_instagram,Linear,nielspaul,nielspaul,1,1.0,1.0,1.0,1.0,0,0,5000.0,0.0,0.0,0.0,1
pairs_twitter_instagram,Linear,reggiejamz,reggiejamz,1,1.0,1.0,1.0,1.0,0,0,5000.0,0.352941,0.0,0.0,1
pairs_twitter_instagram,Linear,jordibonvehi,jordibonvehi,1,0.999884,0.357143,1.0,0.736842,0,0,5000.0,0.5,0.0,0.0,1
pairs_twitter_instagram,Linear,sam1meta,sam1meta,1,1.0,1.0,1.0,1.0,0,0,5000.0,0.416667,0.0,0.0,1
pairs_twitter_instagram,Linear,goroji,goroji,1,1.0,1.0,1.0,1.0,0,0,5000.0,0.333333,0.0,0.0,1
pairs_twitter_instagram,Linear,tomparadiso,tomparadiso,1,1.0,1.0,1.0,1.0,0,0,5000.0,0.444444,0.0,0.0,1
pairs_twitter_instagram,Linear,markbusse,markbusse,1,1.0,1.0,1.0,1.0,0,0,5000.0,0.367347,0.0,0.0,1
pairs_twitter_instagram,Linear,sidede,sidede,1,0.834006,1.0,0.0,0.2,0,0,5000.0,0.333333,0.0,0.0,1
pairs_twitter_instagram,Linear,jhonathan,jhonathan,1,0.929019,1.0,0.0,0.264706,0,0,5000.0,0.413793,0.0,0.0,1
pairs_twitter_instagram,Linear,tiffanyff,tiffanyff,1,0.999708,1.0,0.0,0.583333,0,0,5000.0,0.0,0.0,0.0,1
pairs_twitter_instagram,Linear,betuco,betuco,1,0.999999,0.714286,1.0,0.875,0,0,5000.0,0.318182,0.0,0.0,1
pairs_twitter_instagram,Linear,powerpoole,powerpoole,1,1.0,1.0,1.0,1.0,0,0,5000.0,0.434783,0.0,0.0,1
pairs_twitter_instagram,Linear,lucafilippetti,oliviertripet,0,0.077486,0.190476,0.235294,0.225806,0,0,5000.0,0.372093,0.0,0.0,0
pairs_twitter_instagram,Linear,benjaminhowarth,benjaminhowarth,1,0.999999,0.933333,1.0,0.85,0,0,5000.0,0.571429,0.0,0.0,1
pairs_twitter_instagram,Linear,lkpetrolino,lkpetrolino,1,1.0,1.0,1.0,1.0,0,0,5000.0,0.5,0.0,0.0,1
pairs_twitter_instagram,Linear,mathieurensen,mathieurensen,1,1.0,1.0,0.769231,0.866667,0,0,5000.0,0.533333,0.0,0.0,1
pairs_twitter_instagram,Linear,rosslarocco,rosslarocco,1,0.999527,1.0,0.4,0.5,0,0,5000.0,0.363636,0.0,0.0,1
pairs_twitter_instagram,Linear,brianmonroe,brianmonroe,1,0.999911,0.357143,0.916667,0.736842,0,0,5000.0,0.0,0.0,0.0,1
pairs_twitter_instagram,Linear,nicolesy,nicolesy,1,1.0,1.0,1.0,1.0,0,0,5000.0,1.0,0.0,0.0,1
pairs_twitter_instagram,Linear,tracybobbitt,tracybobbitt,1,1.0,1.0,1.0,1.0,0,0,5000.0,0.344828,0.0,0.0,1
pairs_twitter_instagram,Linear,alexandrabigley,alexandrabigley,1,0.969661,0.0,1.0,0.555556,0,0,5000.0,0.866667,0.0,0.0,1
pairs_twitter_instagram,Linear,toledoscanner,toledoscanner,1,1.0,1.0,1.0,1.0,0,0,5000.0,0.434783,0.0,0.0,1
pairs_twitter_instagram,Linear,cezarygapik,cezarygapik,1,0.999998,0.818182,1.0,0.8,0,0,5000.0,0.571429,0.0,0.0,1
pairs_twitter_instagram,Linear,lolalin,lolalin,1,1.0,1.0,1.0,1.0,0,0,5000.0,0.666667,0.0,0.0,1
pairs_twitter_instagram,Linear,maxuel84,maxuel84,1,0.999418,0.181818,1.0,0.7,0,0,5000.0,0.4,0.0,0.0,1
pairs_twitter_instagram,Linear,sharronp,sharronp,1,0.989863,1.0,0.117647,0.37037,0,0,5000.0,0.468085,0.0,0.0,1
pairs_twitter_instagram,Linear,gladtrejo,gladtrejo,1,0.996223,1.0,0.2,0.411765,0,0,5000.0,0.4,0.0,0.0,1
pairs_twitter_instagram,Linear,clopin,clopin,1,1.0,1.0,1.0,1.0,0,0,5000.0,0.37037,0.0,0.0,1
pairs_twitter_instagram,Linear,kevinveloso,kevinveloso,1,0.993868,0.0,1.0,0.631579,0,0,5000.0,0.486486,0.0,0.0,1
pairs_twitter_instagram,Linear,berriepelser,berriepelser,1,1.0,1.0,1.0,1.0,0,0,5000.0,0.521739,0.0,0.0,1
pairs_twitter_instagram,Linear,boffism,boffism,1,1.0,1.0,1.0,1.0,0,0,5000.0,1.0,0.0,0.0,1
pairs_twitter_instagram,Linear,shortformelissa,shortformelissa,1,1.0,1.0,1.0,1.0,0,0,5000.0,0.866667,0.0,0.0,1
pairs_twitter_instagram,Linear,fottoni,fottoni,1,1.0,1.0,1.0,1.0,0,0,5000.0,0.458333,0.0,0.0,1
pairs_twitter_instagram,Linear,catarinafernandes,catarinafernandes,1,0.974154,0.35,0.363636,0.516129,0,0,5000.0,0.363636,0.0,0.0,1
pairs_twitter_instagram,Linear,mariuscucuruz,mariuscucuruz,1,0.989994,1.0,0.0,0.428571,0,0,5000.0,1.0,0.0,0.0,1
pairs_twitter_instagram,Linear,pablomartino,pablomartino,1,0.999997,0.785714,1.0,0.777778,0,0,5000.0,0.4,0.0,0.0,1
pairs_twitter_instagram,Linear,hectorigual,hectorigual,1,0.999319,1.0,0.384615,0.482759,0,0,5000.0,0.4,0.0,0.0,1
pairs_twitter_instagram,Linear,allruiz,allruiz,1,0.999976,1.0,0.5,0.666667,0,0,5000.0,0.388889,0.0,0.0,1
pairs_twitter_instagram,Linear,daniellethe,daniellethe,1,1.0,1.0,1.0,1.0,0,0,5000.0,0.461538,0.0,0.0,1
pairs_twitter_instagram,Linear,gerbenjacobs,gerbenjacobs,1,1.0,1.0,1.0,1.0,0,0,5000.0,0.37037,0.0,0.0,1
pairs_twitter_instagram,Linear,ohegarty,ohegarty,1,0.99999,1.0,0.647059,0.7,0,0,5000.0,0.451613,0.0,0.0,1
pairs_twitter_instagram,Linear,jayfingers,jayfingers,1,1.0,1.0,1.0,1.0,0,0,5000.0,0.333333,0.0,0.0,1
pairs_twitter_instagram,Linear,jcstearns,jcstearns,1,1.0,1.0,1.0,1.0,0,0,5000.0,0.347826,0.0,0.0,1
pairs_twitter_instagram,Linear,alrringo,alrringo,1,0.950979,0.0,0.307692,0.631579,0,0,5000.0,0.461538,0.0,0.0,1
pairs_twitter_instagram,Linear,haraldkrassnitzer,haraldkrassnitzer,1,0.999997,0.588235,1.0,0.857143,0,0,5000.0,0.4,0.0,0.0,1
pairs_twitter_instagram,Linear,norrishughes,norrishughes,1,1.0,1.0,1.0,1.0,0,0,5000.0,0.421053,0.0,0.0,1
pairs_twitter_instagram,Linear,fmrcastro,jsfernando,0,0.754572,0.0,0.5,0.45,0,0,5000.0,0.0,0.0,0.0,0
pairs_twitter_instagram,Linear,herupurwito,herupurwito,1,0.999322,1.0,0.423077,0.482759,0,0,5000.0,0.509091,0.0,0.0,1
pairs_twitter_instagram,Linear,pacmankillers,pacmankillers,1,1.0,1.0,1.0,1.0,0,0,5000.0,0.44,0.0,0.0,1
pairs_twitter_instagram,Linear,wgaspar,wgaspar,1,0.999975,0.428571,1.0,0.8,0,0,5000.0,0.428571,0.0,0.0,1
pairs_twitter_instagram,Linear,kristysvihlikova,kristysvihlikova,1,1.0,0.8,1.0,0.923077,0,0,5000.0,0.347826,0.0,0.0,1
pairs_twitter_instagram,Linear,ramizahrahman,ramizahrahman,1,0.98677,0.125,0.75,0.55,0,0,5000.0,0.0,0.0,0.0,1
pairs_twitter_instagram,Linear,paulwatson,paulwatson,1,1.0,1.0,1.0,1.0,0,0,5000.0,1.0,0.0,0.0,1
pairs_twitter_instagram,Linear,stephanieu,stephanieu,1,0.999931,0.727273,0.714286,0.709677,0,0,5000.0,1.0,0.0,0.0,1
pairs_twitter_instagram,Linear,rudestan,rudestan,1,0.99997,1.0,0.5,0.636364,0,0,5000.0,0.114286,0.0,0.0,1
pairs_twitter_instagram,Linear,nickesteen,nickesteen,1,1.0,1.0,1.0,1.0,0,0,5000.0,0.555556,0.0,0.0,1
pairs_twitter_instagram,Linear,raulf,raulf,1,0.999964,0.8,0.733333,0.681818,0,0,5000.0,0.470588,0.0,0.0,1
pairs_twitter_instagram,Linear,mariamonegro,mariamonegro,1,0.997926,1.0,0.0,0.461538,0,0,5000.0,0.0,0.0,0.0,1
pairs_twitter_instagram,Linear,yasai,yasai,1,0.999969,1.0,0.0,0.722222,0,0,5000.0,0.0,0.0,0.0,1
pairs_twitter_instagram,Linear,inlovewithnow,inlovewithnow,1,1.0,1.0,1.0,1.0,0,0,5000.0,0.4,0.0,0.0,1
pairs_twitter_instagram,Linear,tylerholland,tylerholland,1,1.0,1.0,1.0,1.0,0,0,5000.0,0.407407,0.0,0.0,1
pairs_twitter_instagram,Linear,logiops,logiops,1,1.0,1.0,1.0,1.0,0,0,5000.0,0.375,0.0,0.0,1
pairs_twitter_instagram,Linear,jackerbie,jackerbie,1,1.0,1.0,1.0,1.0,0,0,5000.0,0.444444,0.0,0.0,1
pairs_twitter_instagram,Linear,keithpickett,keithpickett,1,1.0,1.0,1.0,1.0,0,0,5000.0,0.4375,0.0,0.0,1
pairs_twitter_instagram,Linear,simonemccallum,simonemccallum,1,0.999737,1.0,0.482759,0.53125,0,0,5000.0,0.526316,0.0,0.0,1
pairs_twitter_instagram,Linear,claudialo,claudialo,1,0.947457,0.363636,0.666667,0.411765,0,0,5000.0,0.444444,0.0,0.0,1
pairs_twitter_instagram,Linear,alexleung,alexleung,1,1.0,1.0,0.8,0.944444,0,0,5000.0,0.4,0.0,0.0,1
pairs_twitter_instagram,Linear,harryjbauer,harryjbauer,1,0.999999,1.0,0.714286,0.826087,0,0,5000.0,0.375,0.0,0.0,1
pairs_twitter_instagram,Linear,helenrogerson,helenrogerson,1,0.999903,0.466667,1.0,0.736842,0,0,5000.0,1.0,0.0,0.0,1
pairs_twitter_instagram,Linear,paullinger,paullinger,1,0.990989,1.0,0.0,0.4,0,0,5000.0,0.461538,0.0,0.0,1
pairs_twitter_instagram,Linear,dianebourque,dianebourque,1,0.999914,1.0,0.521739,0.583333,0,0,5000.0,0.375,0.0,0.0,1
pairs_twitter_instagram,Linear,danicaj,danicaj,1,0.999994,1.0,0.454545,0.76,0,0,5000.0,0.410256,0.0,0.0,1
pairs_twitter_instagram,Linear,lawsonjohn,lawsonjohn,1,0.999996,1.0,0.588235,0.777778,0,0,5000.0,0.625,0.0,0.0,1
pairs_twitter_instagram,Linear,michaelgarywirth,michaelgarywirth,1,0.996169,1.0,0.12,0.428571,0,0,5000.0,0.434783,0.0,0.0,1
pairs_twitter_instagram,Linear,paulamaarisa,paulamaarisa,1,0.999548,0.263158,1.0,0.681818,0,0,5000.0,0.377358,0.0,0.0,1
pairs_twitter_instagram,Linear,vardita,vardita,1,1.0,1.0,1.0,1.0,0,0,5000.0,0.0,0.0,0.0,1
pairs_twitter_instagram,Linear,evanottavian,followsound,0,0.060519,0.222222,0.071429,0.214286,0,0,5000.0,0.157895,0.0,0.0,0
pairs_twitter_instagram,Linear,marcelotalassuh,marcelotalassuh,1,1.0,1.0,0.789474,0.857143,0,0,5000.0,0.4,0.0,0.0,1
pairs_twitter_instagram,Linear,lucymackay,lucymackay,1,0.93684,0.136364,1.0,0.423077,0,0,5000.0,0.4,0.0,0.0,1
pairs_twitter_instagram,Linear,luchollanca,luchollanca,1,0.999978,1.0,0.0,0.769231,0,0,5000.0,0.384615,0.0,0.0,1
pairs_twitter_instagram,Linear,chbrandt,chbrandt,1,1.0,1.0,1.0,1.0,0,0,5000.0,0.615385,0.0,0.0,1
pairs_twitter_instagram,Linear,bradrussell,bradrussell,1,1.0,1.0,1.0,1.0,0,0,5000.0,0.5,0.0,0.0,1
pairs_twitter_instagram,Linear,stephdc,stephaniewalls,0,0.958863,0.363636,1.0,0.357143,0,0,5000.0,0.347826,0.0,0.0,1
pairs_twitter_instagram,Linear,kyledempster,kyledempster,1,1.0,1.0,1.0,1.0,0,0,5000.0,0.451613,0.0,0.0,1
pairs_twitter_instagram,Linear,fabrymondino,fabrymondino,1,0.986582,1.0,0.0,0.375,0,0,5000.0,0.461538,0.0,0.0,1
pairs_twitter_instagram,Linear,ashleywilliams,ashleywilliams,1,1.0,1.0,1.0,1.0,0,0,5000.0,0.470588,0.0,0.0,1
pairs_twitter_instagram,Linear,paoloaliberti,paoloaliberti,1,1.0,1.0,1.0,1.0,0,0,5000.0,0.363636,0.0,0.0,1
pairs_twitter_instagram,Linear,chrisdscottphoto,chrisdscottphoto,1,0.996018,1.0,0.16,0.413793,0,0,5000.0,0.363636,0.0,0.0,1
pairs_twitter_instagram,Linear,karlmiller,karlmiller,1,0.999999,1.0,0.727273,0.846154,0,0,5000.0,1.0,0.0,0.0,1
pairs_twitter_instagram,Linear,greateralexander,greateralexander,1,0.99904,0.857143,0.517241,0.5,0,0,5000.0,0.510638,0.0,0.0,1
pairs_twitter_instagram,Linear,mylesb,mylesb,1,0.999999,0.8,1.0,0.882353,0,0,5000.0,0.461538,0.0,0.0,1
pairs_twitter_instagram,Linear,claudiagarciatrejo,moises,0,0.09575,0.166667,0.25,0.277778,0,0,5000.0,0.846154,0.0,0.0,0
pairs_twitter_instagram,Linear,frindley,frindley,1,0.992314,0.071429,1.0,0.583333,0,0,5000.0,0.4,0.0,0.0,1
pairs_twitter_instagram,Linear,silviarossi,silviarossi,1,1.0,1.0,1.0,1.0,0,0,5000.0,0.0,0.0,0.0,1
pairs_twitter_instagram,Linear,christianthompson,etthompson,0,0.917102,0.4,0.533333,0.363636,0,0,5000.0,0.0,0.0,0.0,1
pairs_twitter_instagram,Linear,mariannehope,mariannehope,1,0.999999,0.833333,1.0,0.866667,0,0,5000.0,0.521739,0.0,0.0,1
pairs_twitter_instagram,Linear,atkinja,atkinja,1,0.999847,1.0,0.307692,0.571429,0,0,5000.0,0.108108,0.0,0.0,1
pairs_twitter_instagram,Linear,shelleychampine,shelleychampine,1,0.993177,1.0,0.0,0.411765,0,0,5000.0,0.375,0.0,0.0,1
pairs_twitter_instagram,Linear,joerobb,joerobb,1,0.999985,0.625,1.0,0.75,0,0,5000.0,0.4,0.0,0.0,1
pairs_twitter_instagram,Linear,heathertorres,heathertorres,1,1.0,1.0,1.0,1.0,0,0,5000.0,0.588235,0.0,0.0,1
pairs_twitter_instagram,Linear,vikornsakrakhnoo,vikornsakrakhnoo,1,0.046018,0.0,0.166667,0.285714,0,0,5000.0,0.451613,0.0,0.0,1
pairs_twitter_instagram,Linear,vandenberghe,vandenberghe,1,0.999951,0.1875,1.0,0.85,0,0,5000.0,0.384615,0.0,0.0,1
pairs_twitter_instagram,Linear,pacoperan,pacoperan,1,1.0,1.0,1.0,1.0,0,0,5000.0,0.4,0.0,0.0,1
pairs_twitter_instagram,Linear,olivierbauermeister,olivierbauermeister,1,0.992111,0.074074,1.0,0.580645,0,0,5000.0,0.4,0.0,0.0,1
pairs_twitter_instagram,Linear,librasnake,librasnake,1,0.910781,0.818182,0.0,0.36,0,0,5000.0,1.0,0.0,0.0,1
pairs_twitter_instagram,Linear,kassiafelix,kassiafelix,1,1.0,1.0,0.846154,0.947368,0,0,5000.0,0.146341,0.0,0.0,1
pairs_twitter_instagram,Linear,markusantoine,markusantoine,1,0.999869,1.0,0.0,0.666667,0,0,5000.0,0.511628,0.0,0.0,1
pairs_twitter_instagram,Linear,robertovillino,robertovillino,1,0.999946,0.8,0.352941,0.7,0,0,5000.0,0.0,0.0,0.0,1
pairs_twitter_instagram,Linear,developit,developit,1,0.998973,1.0,0.0,0.529412,0,0,5000.0,0.37037,0.0,0.0,1
pairs_twitter_instagram,Linear,jeremyawilliams,jeremyawilliams,1,1.0,1.0,0.875,0.9,0,0,5000.0,0.47619,0.0,0.0,1
pairs_twitter_instagram,Linear,samwhite,sineadmckeown,0,0.073686,0.2,0.136364,0.242424,0,0,5000.0,0.444444,0.0,0.0,1
pairs_twitter_instagram,Linear,rainervonhabs,rainervonhabs,1,0.999998,1.0,0.782609,0.814815,0,0,5000.0,1.0,0.0,0.0,1
pairs_twitter_instagram,Linear,misterlib,misterlib,1,0.998917,1.0,0.133333,0.5,0,0,5000.0,0.363636,0.0,0.0,1
pairs_twitter_instagram,Linear,fellipec,fellipec,1,0.999998,1.0,0.75,0.782609,0,0,5000.0,0.37931,0.0,0.0,1
pairs_twitter_instagram,Linear,matthewpantoja,matthewpantoja,1,1.0,1.0,1.0,1.0,0,0,5000.0,0.0,0.0,0.0,1
pairs_twitter_instagram,Linear,rubenpapian,rubenpapian,1,1.0,1.0,1.0,1.0,0,0,5000.0,0.470588,0.0,0.0,1
pairs_twitter_instagram,Linear,alfbrand,alfbrand,1,1.0,1.0,1.0,1.0,0,0,5000.0,0.4,0.0,0.0,1
pairs_twitter_instagram,Linear,marjolijn,marjolijn,1,0.999829,1.0,0.470588,0.555556,0,0,5000.0,0.454545,0.0,0.0,1
pairs_twitter_instagram,Linear,alcibiades,alcibiades,1,0.92047,0.714286,0.038462,0.366667,0,0,5000.0,0.461538,0.0,0.0,1
pairs_twitter_instagram,Linear,germer,germer,1,1.0,1.0,1.0,1.0,0,0,5000.0,0.5,0.0,0.0,1
pairs_twitter_instagram,Linear,hewitt,hewitt,1,0.965038,0.75,0.192308,0.375,0,0,5000.0,0.434783,0.0,0.0,1
pairs_twitter_instagram,Linear,anderslorentsen,anderslorentsen,1,1.0,1.0,1.0,1.0,0,0,5000.0,0.384615,0.0,0.0,1
pairs_twitter_instagram,Linear,tobyweiss,tobyweiss,1,1.0,1.0,1.0,1.0,0,0,5000.0,0.416667,0.0,0.0,1
pairs_twitter_instagram,Linear,djandyw,djandyw,1,0.886326,0.0,1.0,0.4375,0,0,5000.0,0.4,0.0,0.0,1
pairs_twitter_instagram,Linear,beatesorum,beatesorum,1,1.0,1.0,1.0,1.0,0,0,5000.0,0.357143,0.0,0.0,1
pairs_twitter_instagram,Linear,albertoj,albertoj,1,1.0,1.0,1.0,1.0,0,0,5000.0,0.545455,0.0,0.0,1
pairs_twitter_instagram,Linear,derekmcclain,davemcclinton,0,0.115888,0.266667,0.16,0.24,0,0,5000.0,0.409091,0.0,0.0,0
pairs_twitter_instagram,Linear,karo,karo,1,1.0,1.0,1.0,1.0,0,0,5000.0,0.45614,0.0,0.0,1
pairs_twitter_instagram,Linear,lewismccaine,lewismccaine,1,0.999085,1.0,0.115385,0.5,0,0,5000.0,0.15,0.0,0.0,1
pairs_twitter_instagram,Linear,thejennylam,thejennylam,1,0.343953,0.2,0.333333,0.333333,0,0,5000.0,0.625,0.0,0.0,1
pairs_twitter_instagram,Linear,candyhernandez,candyhernandez,1,0.999999,0.916667,0.923077,0.823529,0,0,5000.0,0.153846,0.0,0.0,1
pairs_twitter_instagram,Linear,aaronboerger,aaronboerger,1,1.0,1.0,1.0,1.0,0,0,5000.0,0.444444,0.0,0.0,1
pairs_twitter_instagram,Linear,harisrahman,harisrahman,1,1.0,1.0,1.0,1.0,0,0,5000.0,0.357143,0.0,0.0,1
pairs_twitter_instagram,Linear,santospalazzi,santospalazzi,1,1.0,1.0,1.0,1.0,0,0,5000.0,0.846154,0.0,0.0,1
pairs_twitter_instagram,Linear,ravidor,ravidor,1,1.0,1.0,1.0,1.0,0,0,5000.0,0.4,0.0,0.0,1
pairs_twitter_instagram,Linear,anthonyavila,anthonyavila,1,1.0,1.0,1.0,1.0,0,0,5000.0,0.357143,0.0,0.0,1
pairs_twitter_instagram,Linear,plajazz,plajazz,1,0.864889,1.0,0.03125,0.2,0,0,5000.0,0.195122,0.0,0.0,1
pairs_twitter_instagram,Linear,wickedying,wickedying,1,1.0,1.0,1.0,1.0,0,0,5000.0,0.0,0.0,0.0,1
pairs_twitter_instagram,Linear,clarasoler,clarasoler,1,0.999366,1.0,0.4,0.482759,0,0,5000.0,0.377358,0.0,0.0,1
pairs_twitter_instagram,Linear,daphnecheung,toxxus,0,0.091973,0.142857,0.181818,0.307692,0,0,5000.0,1.0,0.0,0.0,0
pairs_twitter_instagram,Linear,abdulsmith,abdulsmith,1,1.0,1.0,1.0,1.0,0,0,5000.0,0.195122,0.0,0.0,1
pairs_twitter_instagram,Linear,martinhinrich,martinhinrich,1,0.999957,1.0,0.0,0.733333,0,0,5000.0,0.468085,0.0,0.0,1
pairs_twitter_instagram,Linear,martinmcguire,martinmcguire,1,0.373261,0.052632,0.0,0.454545,0,0,5000.0,0.47619,0.0,0.0,1
pairs_twitter_instagram,Linear,yitsushi,yitsushi,1,1.0,1.0,1.0,1.0,0,0,5000.0,0.4,0.0,0.0,1
pairs_twitter_instagram,Linear,pauldiaz1776,pauldiaz1776,1,0.999997,1.0,0.642857,0.8,0,0,5000.0,1.0,0.0,0.0,1
pairs_twitter_instagram,Linear,deepeshmd,deepeshmd,1,0.999815,1.0,0.421053,0.571429,0,0,5000.0,0.625,0.0,0.0,1
pairs_twitter_instagram,Linear,fujimoto,fujimoto,1,1.0,1.0,0.0,1.0,0,0,5000.0,0.0,0.0,0.0,1
pairs_twitter_instagram,Linear,erdisi,erdisi,1,1.0,1.0,1.0,1.0,0,0,5000.0,0.390244,0.0,0.0,1
pairs_twitter_instagram,Linear,remelehane,remelehane,1,0.999994,1.0,0.363636,0.785714,0,0,5000.0,0.432432,0.0,0.0,1
pairs_twitter_instagram,Linear,andreaspeziali,andreaspeziali,1,1.0,1.0,1.0,1.0,0,0,5000.0,0.47619,0.0,0.0,1
pairs_twitter_instagram,Linear,bybayezit,bybayezit,1,0.999677,1.0,0.428571,0.52,0,0,5000.0,0.391304,0.0,0.0,1
pairs_twitter_instagram,Linear,troubalex,troubalex,1,0.999991,1.0,0.571429,0.714286,0,0,5000.0,0.357143,0.0,0.0,1
pairs_twitter_instagram,Linear,kerryheaney,kerryheaney,1,0.999998,0.722222,1.0,0.833333,0,0,5000.0,0.4,0.0,0.0,1
pairs_twitter_instagram,Linear,chandrikararas,chandrikararas,1,0.960834,1.0,0.0625,0.297297,0,0,5000.0,0.5,0.0,0.0,1
pairs_twitter_instagram,Linear,glennpratt,glennpratt,1,0.999928,1.0,0.0,0.692308,0,0,5000.0,0.333333,0.0,0.0,1
pairs_twitter_instagram,Linear,michelleparker,michelleparker,1,1.0,1.0,1.0,1.0,0,0,5000.0,0.48,0.0,0.0,1
pairs_twitter_instagram,Linear,chmurphy,chmurphy,1,0.999954,0.454545,1.0,0.75,0,0,5000.0,0.418605,0.0,0.0,1
pairs_twitter_instagram,Linear,amberboyd,amberboyd,1,1.0,1.0,1.0,1.0,0,0,5000.0,0.4,0.0,0.0,1
pairs_twitter_instagram,Linear,francoismathieu,francoismathieu,1,0.999999,0.714286,1.0,0.894737,0,0,5000.0,0.4,0.0,0.0,1
pairs_twitter_instagram,Linear,gabrieleenricopersi,gailgabrielle,0,0.404122,0.4375,0.225806,0.264706,0,0,5000.0,0.461538,0.0,0.0,0
pairs_twitter_instagram,Linear,sunshinessui,starnott,0,0.014932,0.090909,0.333333,0.142857,0,0,5000.0,0.411765,0.0,0.0,0
pairs_twitter_instagram,Linear,604homes,604homes,1,0.999996,0.7,1.0,0.8,0,0,5000.0,0.4,0.0,0.0,1
pairs_twitter_instagram,Linear,yopefonic,yopefonic,1,1.0,1.0,1.0,1.0,0,0,5000.0,0.37037,0.0,0.0,1
pairs_twitter_instagram,Linear,oscarbowen,oscarbowen,1,1.0,1.0,1.0,1.0,0,0,5000.0,0.555556,0.0,0.0,1
pairs_twitter_instagram,Linear,sandilenene,sandilenene,1,1.0,1.0,0.769231,0.9375,0,0,5000.0,0.473684,0.0,0.0,1
pairs_twitter_instagram,Linear,juanteje,juanteje,1,0.999989,1.0,0.545455,0.692308,0,0,5000.0,0.2,0.0,0.0,1
pairs_twitter_instagram,Linear,natebear,natebear,1,0.538548,0.230769,0.333333,0.354839,0,0,5000.0,0.380952,0.0,0.0,1
pairs_twitter_instagram,Linear,tonghuix,tonghuix,1,0.998237,1.0,0.333333,0.407407,0,0,5000.0,0.0,0.0,0.0,1
pairs_twitter_instagram,Linear,burakkayzum,burakkayzum,1,0.999621,1.0,0.423077,0.516129,0,0,5000.0,0.466667,0.0,0.0,1
pairs_twitter_instagram,Linear,ayanamihitomi,ayanamihitomi,1,1.0,1.0,1.0,1.0,0,0,5000.0,1.0,0.0,0.0,1
pairs_twitter_instagram,Linear,helmialfarra,helmialfarra,1,0.999767,1.0,0.0,0.625,0,0,5000.0,0.424242,0.0,0.0,1
pairs_twitter_instagram,Linear,lauramgriffith,lauramgriffith,1,0.999997,0.666667,1.0,0.842105,0,0,5000.0,0.421053,0.0,0.0,1
pairs_twitter_instagram,Linear,beverlynoelle,beverlynoelle,1,0.990726,1.0,0.0,0.433333,0,0,5000.0,1.0,0.0,0.0,1
pairs_twitter_instagram,Linear,korepov,korepov,1,0.689661,1.0,0.0,0.155556,0,0,5000.0,0.428571,0.0,0.0,1
pairs_twitter_instagram,Linear,markelmes,markelmes,1,0.999899,1.0,0.25,0.666667,0,0,5000.0,1.0,0.0,0.0,1
pairs_twitter_instagram,Linear,genejackson,genejackson,1,0.9995,1.0,0.0,0.55,0,0,5000.0,0.0,0.0,0.0,1
pairs_twitter_instagram,Linear,ftrujillo,ftrujillo,1,0.998999,0.888889,0.388889,0.47619,0,0,5000.0,0.0,0.0,0.0,1
pairs_twitter_instagram,Linear,abdisk,abdisk,1,0.999998,0.714286,1.0,0.826087,0,0,5000.0,0.357143,0.0,0.0,1
pairs_twitter_instagram,Linear,rkf,rkf,1,1.0,1.0,1.0,1.0,0,0,5000.0,1.0,0.0,0.0,1
pairs_twitter_instagram,Linear,kurtchristenson,kurtchristenson,1,0.76946,0.0,0.545455,0.468085,0,0,5000.0,0.333333,0.0,0.0,1
pairs_twitter_instagram,Linear,nicholasreed,nicholasreed,1,0.999998,1.0,0.666667,0.777778,0,0,5000.0,0.413793,0.0,0.0,1
pairs_twitter_instagram,Linear,evq,evq,1,1.0,1.0,1.0,1.0,0,0,5000.0,0.4,0.0,0.0,1
pairs_twitter_instagram,Linear,toxxus,toxxus,1,0.985204,1.0,0.066667,0.333333,0,0,5000.0,0.114286,0.0,0.0,1
pairs_twitter_instagram,Linear,rgd714,rgd714,1,1.0,1.0,1.0,1.0,0,0,5000.0,0.461538,0.0,0.0,1
pairs_twitter_instagram,Linear,kirakariakin,kirakariakin,1,0.999998,0.666667,1.0,0.846154,0,0,5000.0,0.4,0.0,0.0,1
pairs_twitter_instagram,Linear,pamelamkramer,pamelamkramer,1,0.980212,1.0,0.0,0.344828,0,0,5000.0,0.375,0.0,0.0,1
pairs_twitter_instagram,Linear,sakuntalaa,sakuntalaa,1,0.999975,0.533333,0.833333,0.761905,0,0,5000.0,0.0,0.0,0.0,1
pairs_twitter_instagram,Linear,fionalui,fionalui,1,0.999999,1.0,0.5,0.857143,0,0,5000.0,0.436364,0.0,0.0,1
pairs_twitter_instagram,Linear,jeannacaldwell,jeannacaldwell,1,1.0,1.0,1.0,1.0,0,0,5000.0,0.380952,0.0,0.0,1
pairs_twitter_instagram,Linear,airthom,airthom,1,0.997729,1.0,0.230769,0.4375,0,0,5000.0,0.4,0.0,0.0,1
pairs_twitter_instagram,Linear,zouyuefen,zouyuefen,1,1.0,1.0,0.0,1.0,0,0,5000.0,0.0,0.0,0.0,1
pairs_twitter_instagram,Linear,dgonz,dgonz,1,0.998907,1.0,0.181818,0.5,0,0,5000.0,0.516129,0.0,0.0,1
pairs_twitter_instagram,Linear,markbartucca,markbartucca,1,1.0,1.0,1.0,1.0,0,0,5000.0,0.352941,0.0,0.0,1
pairs_twitter_instagram,Linear,angelaball,angelaball,1,1.0,1.0,1.0,1.0,0,0,5000.0,0.444444,0.0,0.0,1
pairs_twitter_instagram,Linear,illtrax,illtrax,1,0.978789,1.0,0.0,0.35,0,0,5000.0,0.521739,0.0,0.0,1
pairs_twitter_instagram,Linear,janifer,janifer,1,0.998963,0.5,0.857143,0.590909,0,0,5000.0,0.8,0.0,0.0,1
pairs_twitter_instagram,Linear,iankyburz,iankyburz,1,1.0,1.0,1.0,1.0,0,0,5000.0,0.382979,0.0,0.0,1
pairs_twitter_instagram,Linear,bryangarvin,bryangarvin,1,1.0,1.0,1.0,1.0,0,0,5000.0,0.4,0.0,0.0,1
pairs_twitter_instagram,Linear,visnjakljajic,visnjakljajic,1,0.999956,0.769231,0.6,0.7,0,0,5000.0,0.344828,0.0,0.0,1
pairs_twitter_instagram,Linear,stevenromo,stevenromo,1,0.990816,0.818182,0.4,0.387097,0,0,5000.0,0.352941,0.0,0.0,1
pairs_twitter_instagram,Linear,selimbasak,selimbasak,1,0.998977,1.0,0.153846,0.5,0,0,5000.0,0.37037,0.0,0.0,1
pairs_twitter_instagram,Linear,jackieflynt,jackieflynt,1,1.0,1.0,1.0,1.0,0,0,5000.0,0.454545,0.0,0.0,1
pairs_twitter_instagram,Linear,mlikeasong,mlikeasong,1,0.816921,0.0,0.111111,0.555556,0,0,5000.0,0.114286,0.0,0.0,1
pairs_twitter_instagram,Linear,marcocostanzo,marcocostanzo,1,1.0,1.0,1.0,1.0,0,0,5000.0,0.352941,0.0,0.0,1
pairs_twitter_instagram,Linear,zamply,alessandrodilella,0,0.16636,0.105263,0.25,0.3125,0,0,5000.0,0.4,0.0,0.0,0
pairs_twitter_instagram,Linear,amritamathur,amritamathur,1,1.0,1.0,1.0,1.0,0,0,5000.0,0.461538,0.0,0.0,1
pairs_twitter_instagram,Linear,jeanniecw,jeanniecw,1,0.999919,0.4,1.0,0.75,0,0,5000.0,0.625,0.0,0.0,1
pairs_twitter_instagram,Linear,narniafans,narniafans,1,0.999903,1.0,0.47619,0.590909,0,0,5000.0,0.470588,0.0,0.0,1
pairs_twitter_instagram,Linear,drchrisstout,drchrisstout,1,1.0,1.0,1.0,1.0,0,0,5000.0,0.666667,0.0,0.0,1
pairs_twitter_instagram,Linear,kazarnowicz,kazarnowicz,1,1.0,1.0,1.0,1.0,0,0,5000.0,0.4,0.0,0.0,1
pairs_twitter_instagram,Linear,kiracus,kiracus,1,1.0,1.0,0.0,1.0,0,0,5000.0,0.0,0.0,0.0,1
pairs_twitter_instagram,Linear,abihail,merit,0,0.814423,0.375,0.4,0.363636,0,0,5000.0,0.333333,0.0,0.0,1
pairs_twitter_instagram,Linear,gipreda,gipreda,1,0.828398,0.555556,0.0,0.352941,0,0,5000.0,0.0,0.0,0.0,1
pairs_twitter_instagram,Linear,nickjborelli,nickfrost,0,0.285567,0.294118,0.307692,0.269231,0,0,5000.0,0.4,0.0,0.0,1
pairs_twitter_instagram,Linear,edna,edna,1,1.0,1.0,1.0,1.0,0,0,5000.0,0.382979,0.0,0.0,1
pairs_twitter_instagram,Linear,rebeccapedersonhessey,rebeccapedersonhessey,1,0.951939,0.0,1.0,0.5,0,0,5000.0,0.470588,0.0,0.0,1
pairs_twitter_instagram,Linear,shivanand,shivanand,1,0.999999,0.571429,1.0,0.947368,0,0,5000.0,0.436364,0.0,0.0,1
pairs_twitter_instagram,Linear,furkanfidan,furkanfidan,1,1.0,1.0,1.0,1.0,0,0,5000.0,0.30303,0.0,0.0,1
pairs_twitter_instagram,Linear,migmae,migmae,1,1.0,1.0,1.0,1.0,0,0,5000.0,0.347826,0.0,0.0,1
pairs_twitter_instagram,Linear,mamakoid,mamakoid,1,1.0,1.0,1.0,1.0,0,0,5000.0,0.357143,0.0,0.0,1
pairs_twitter_instagram,Linear,alexmclean,alexmclean,1,0.999189,0.416667,1.0,0.588235,0,0,5000.0,0.4375,0.0,0.0,1
pairs_twitter_instagram,Linear,alexdaniloff,alexdaniloff,1,0.999565,0.25,1.0,0.692308,0,0,5000.0,0.421053,0.0,0.0,1
pairs_twitter_instagram,Linear,christielazo,christielazo,1,1.0,1.0,1.0,1.0,0,0,5000.0,0.388889,0.0,0.0,1
pairs_twitter_instagram,Linear,gaydarski,gaydarski,1,0.999998,0.571429,1.0,0.944444,0,0,5000.0,1.0,0.0,0.0,1
pairs_twitter_instagram,Linear,andrewlie,andrewlie,1,1.0,1.0,1.0,1.0,0,0,5000.0,0.444444,0.0,0.0,1
pairs_twitter_instagram,Linear,josephmcmullin,josephmcmullin,1,0.999985,1.0,0.5625,0.684211,0,0,5000.0,0.40678,0.0,0.0,1
pairs_twitter_instagram,Linear,brentvardy,liapin,0,0.059436,0.153846,0.25,0.26087,0,0,5000.0,1.0,0.0,0.0,0
pairs_twitter_instagram,Linear,chertanchico,chertanchico,1,1.0,1.0,1.0,1.0,0,0,5000.0,0.571429,0.0,0.0,1
pairs_twitter_instagram,Linear,jerometurner,jerometurner,1,1.0,1.0,1.0,1.0,0,0,5000.0,1.0,0.0,0.0,1
pairs_twitter_instagram,Linear,picklesjon,picklesjon,1,1.0,1.0,1.0,1.0,0,0,5000.0,1.0,0.0,0.0,1
pairs_twitter_instagram,Linear,judytuna,judytuna,1,0.999963,1.0,0.0,0.777778,0,0,5000.0,1.0,0.0,0.0,1
pairs_twitter_instagram,Linear,ericweisbrod,ericweisbrod,1,0.999652,1.0,0.461538,0.535714,0,0,5000.0,0.8,0.0,0.0,1
pairs_twitter_instagram,Linear,svenaanesen,svenanders,0,0.885688,0.384615,0.35,0.409091,0,0,5000.0,0.4,0.0,0.0,1
pairs_twitter_instagram,Linear,basemsal7,shazasalem,0,0.219823,0.307692,0.111111,0.28,0,0,5000.0,0.4,0.0,0.0,1
pairs_twitter_instagram,Linear,veronica,veronica,1,0.99964,1.0,0.518519,0.535714,0,0,5000.0,1.0,0.0,0.0,1
pairs_twitter_instagram,Linear,gregcarley,gregcarley,1,1.0,1.0,1.0,1.0,0,0,5000.0,0.387097,0.0,0.0,1
pairs_twitter_instagram,Linear,porcupiny,porcupiny,1,1.0,1.0,1.0,1.0,0,0,5000.0,1.0,0.0,0.0,1
pairs_twitter_instagram,Linear,esalazar,garyacers,0,0.545623,0.333333,0.230769,0.333333,0,0,5000.0,0.347826,0.0,0.0,0
pairs_twitter_instagram,Linear,mitb,mitb,1,0.888553,1.0,0.0,0.235294,0,0,5000.0,0.434783,0.0,0.0,1
pairs_twitter_instagram,Linear,marcovignaroli,marcovignaroli,1,0.98273,0.045455,1.0,0.538462,0,0,5000.0,0.333333,0.0,0.0,1
pairs_twitter_instagram,Linear,mattmamet,mattmamet,1,0.999987,1.0,0.5625,0.666667,0,0,5000.0,0.0,0.0,0.0,1
pairs_twitter_instagram,Linear,kmdk,kmdk,1,1.0,1.0,1.0,1.0,0,0,5000.0,0.375,0.0,0.0,1
pairs_twitter_instagram,Linear,savannahbelshermaclean,savannahbelshermaclean,1,0.981092,1.0,0.216216,0.309524,0,0,5000.0,0.428571,0.0,0.0,1
pairs_twitter_instagram,Linear,thephotographer4you,daniiloros,0,0.362083,0.166667,0.357143,0.371429,0,0,5000.0,1.0,0.0,0.0,1
pairs_twitter_instagram,Linear,julioromo,julioromo,1,1.0,1.0,1.0,1.0,0,0,5000.0,0.44898,0.0,0.0,1
pairs_twitter_instagram,Linear,wrightscs,wrightscs,1,0.984238,1.0,0.0,0.36,0,0,5000.0,0.387097,0.0,0.0,1
pairs_twitter_instagram,Linear,shaymfa,shaymfa,1,1.0,1.0,1.0,1.0,0,0,5000.0,0.4,0.0,0.0,1
pairs_twitter_instagram,Linear,mbuist,mbuist,1,0.992505,0.7,0.4,0.45,0,0,5000.0,0.4,0.0,0.0,1
pairs_twitter_instagram,Linear,webgirl,webgirl,1,0.651501,0.0,1.0,0.36,0,0,5000.0,0.571429,0.0,0.0,1
pairs_twitter_instagram,Linear,patrickklepek,patrickklepek,1,0.999244,1.0,0.464286,0.5,0,0,5000.0,1.0,0.0,0.0,1
pairs_twitter_instagram,Linear,nicolewong,nicolewong,1,0.999999,1.0,0.833333,0.875,0,0,5000.0,1.0,0.0,0.0,1
pairs_twitter_instagram,Linear,danielgohl,danielgohl,1,1.0,1.0,1.0,1.0,0,0,5000.0,0.325581,0.0,0.0,1
pairs_twitter_instagram,Linear,susanaayala,susanaayala,1,0.978935,0.0,1.0,0.545455,0,0,5000.0,0.355556,0.0,0.0,1
pairs_twitter_instagram,Linear,defyrecordings,defyrecordings,1,1.0,1.0,1.0,1.0,0,0,5000.0,1.0,0.0,0.0,1
pairs_twitter_instagram,Linear,oulmidianas,oulmidianas,1,0.999997,1.0,0.666667,0.764706,0,0,5000.0,0.296296,0.0,0.0,1
pairs_twitter_instagram,Linear,dianamrodriguez,dianamrodriguez,1,1.0,1.0,1.0,1.0,0,0,5000.0,0.454545,0.0,0.0,1
pairs_twitter_instagram,Linear,sorgenia,adrienneec,0,0.234581,0.1875,0.333333,0.304348,0,0,5000.0,0.615385,0.0,0.0,0
pairs_twitter_instagram,Linear,galancantu,galancantu,1,1.0,1.0,1.0,1.0,0,0,5000.0,0.352941,0.0,0.0,1
pairs_twitter_instagram,Linear,dextress,dextress,1,1.0,1.0,1.0,1.0,0,0,5000.0,0.4,0.0,0.0,1
pairs_twitter_instagram,Linear,pjteixeira,pjteixeira,1,0.998613,0.083333,1.0,0.666667,0,0,5000.0,0.114286,0.0,0.0,1
pairs_twitter_instagram,Linear,rdvnfrtn,rdvnfrtn,1,0.999841,1.0,0.464286,0.558824,0,0,5000.0,0.416667,0.0,0.0,1
pairs_twitter_instagram,Linear,hilo,hilo,1,0.999535,1.0,0.272727,0.529412,0,0,5000.0,0.421053,0.0,0.0,1
pairs_twitter_instagram,Linear,cefm,cefm,1,0.999899,1.0,0.444444,0.590909,0,0,5000.0,0.418605,0.0,0.0,1
pairs_twitter_instagram,Linear,thomasgerstmann,tcwaters,0,0.511668,0.388889,0.2,0.32,0,0,5000.0,0.521739,0.0,0.0,0
pairs_twitter_instagram,Linear,kylewiebalk,kylewiebalk,1,1.0,1.0,1.0,1.0,0,0,5000.0,0.529412,0.0,0.0,1
pairs_twitter_instagram,Linear,giacomoardesi,glfreelancegraphic,0,0.199747,0.058824,0.461538,0.318182,0,0,5000.0,0.615385,0.0,0.0,1
pairs_twitter_instagram,Linear,ivanlajara,ivanmola,0,0.84562,0.333333,0.384615,0.411765,0,0,5000.0,0.56,0.0,0.0,0
pairs_twitter_instagram,Linear,juangomis,juanmamiguens,0,0.398906,0.235294,0.344828,0.323529,0,0,5000.0,0.5,0.0,0.0,0
pairs_twitter_instagram,Linear,elianacubillos,elianacubillos,1,0.993503,1.0,0.076923,0.4,0,0,5000.0,0.375,0.0,0.0,1
pairs_twitter_instagram,Linear,dhernandezv,dhernandezv,1,1.0,1.0,0.875,0.909091,0,0,5000.0,0.5,0.0,0.0,1
pairs_twitter_instagram,Linear,ricardoanton,ricardoanton,1,0.999957,1.0,0.0,0.733333,0,0,5000.0,0.48,0.0,0.0,1
pairs_twitter_instagram,Linear,victorjceron,victorjceron,1,0.984938,0.0,1.0,0.571429,0,0,5000.0,0.428571,0.0,0.0,1
pairs_twitter_instagram,Linear,mattshultz,mattshultz,1,0.999998,1.0,0.714286,0.8125,0,0,5000.0,1.0,0.0,0.0,1
pairs_twitter_instagram,Linear,skyjunior203,juniortv,0,0.058112,0.357143,0.0,0.16129,0,0,5000.0,0.0,0.0,0.0,0
pairs_twitter_instagram,Linear,jimmyblocksom,jimmyblocksom,1,1.0,1.0,1.0,1.0,0,0,5000.0,0.521739,0.0,0.0,1
pairs_twitter_instagram,Linear,luisdeseta,luisdeseta,1,0.999903,1.0,0.25,0.631579,0,0,5000.0,0.431373,0.0,0.0,1
pairs_twitter_instagram,Linear,weknow,weknow,1,0.999656,1.0,0.111111,0.578947,0,0,5000.0,0.415094,0.0,0.0,1
pairs_twitter_instagram,Linear,philipcummins,philipcummins,1,1.0,1.0,1.0,1.0,0,0,5000.0,0.48,0.0,0.0,1
pairs_twitter_instagram,Linear,germanscoglio,germanscoglio,1,1.0,1.0,1.0,1.0,0,0,5000.0,0.431373,0.0,0.0,1
pairs_twitter_instagram,Linear,mdheard,mdheard,1,0.925991,0.0,0.347826,0.592593,0,0,5000.0,0.4,0.0,0.0,1
pairs_twitter_instagram,Linear,calinsapunaru,carsonsamson,0,0.516252,0.235294,0.277778,0.333333,0,0,5000.0,0.0,0.0,0.0,0
pairs_twitter_instagram,Linear,cleutonsilva,cleutonsilva,1,1.0,1.0,1.0,1.0,0,0,5000.0,0.4,0.0,0.0,1
pairs_twitter_instagram,Linear,osum,osum,1,0.999997,1.0,0.6875,0.761905,0,0,5000.0,0.514286,0.0,0.0,1
pairs_twitter_instagram,Linear,fotomaf,fotomaf,1,0.999692,1.0,0.413793,0.527778,0,0,5000.0,0.421053,0.0,0.0,1
pairs_twitter_instagram,Linear,julieoli,julieoli,1,0.999979,1.0,0.058824,0.8,0,0,5000.0,1.0,0.0,0.0,1
pairs_twitter_instagram,Linear,tuxotaku,tuxotaku,1,1.0,1.0,1.0,1.0,0,0,5000.0,0.416667,0.0,0.0,1
pairs_twitter_instagram,Linear,ssidwashere,ssidwashere,1,0.983308,1.0,0.138889,0.304348,0,0,5000.0,0.0,0.0,0.0,1
pairs_twitter_instagram,Linear,antone,antone,1,0.975153,0.545455,0.444444,0.466667,0,0,5000.0,1.0,0.0,0.0,1
pairs_twitter_instagram,Linear,dawnfraser,dawnfraser,1,0.961247,0.047619,1.0,0.464286,0,0,5000.0,0.0,0.0,0.0,1
pairs_twitter_instagram,Linear,vinothnatarajan,vinothnatarajan,1,0.924162,0.625,0.333333,0.35,0,0,5000.0,0.482759,0.0,0.0,1
pairs_twitter_instagram,Linear,aydensims,aydensims,1,0.984591,1.0,0.071429,0.352941,0,0,5000.0,0.468085,0.0,0.0,1
pairs_twitter_instagram,Linear,adonispointer,adonispointer,1,0.997817,1.0,0.142857,0.454545,0,0,5000.0,0.363636,0.0,0.0,1
pairs_twitter_instagram,Linear,donmik,miguelescuela,0,0.137346,0.0,0.454545,0.3,0,0,5000.0,0.384615,0.0,0.0,0
pairs_twitter_instagram,Linear,leandromaioral,leandromaioral,1,1.0,1.0,1.0,1.0,0,0,5000.0,0.368421,0.0,0.0,1
pairs_twitter_instagram,Linear,christianfarley,christianfarley,1,1.0,1.0,1.0,1.0,0,0,5000.0,0.375,0.0,0.0,1
pairs_twitter_instagram,Linear,darrenscotland,darrenscotland,1,0.999955,1.0,0.0,0.764706,0,0,5000.0,1.0,0.0,0.0,1
pairs_twitter_instagram,Linear,nickclark,nickclark,1,0.999369,0.727273,0.5,0.578947,0,0,5000.0,0.47619,0.0,0.0,1
pairs_twitter_instagram,Linear,vehpus,vehpus,1,0.999983,1.0,0.545455,0.678571,0,0,5000.0,0.363636,0.0,0.0,1
pairs_twitter_instagram,Linear,jamesforeman,jamesforeman,1,0.999997,1.0,0.666667,0.764706,0,0,5000.0,0.419355,0.0,0.0,1
pairs_twitter_instagram,Linear,joseguimaraes,joseguimaraes,1,1.0,1.0,1.0,1.0,0,0,5000.0,0.421053,0.0,0.0,1
pairs_twitter_instagram,Linear,briangreen,briangreen,1,1.0,1.0,1.0,1.0,0,0,5000.0,0.432432,0.0,0.0,1
pairs_twitter_instagram,Linear,bobbychuck,bobbychuck,1,0.962785,0.818182,0.0,0.375,0,0,5000.0,0.344828,0.0,0.0,1
pairs_twitter_instagram,Linear,cahyaaa,cahyaaa,1,0.929451,0.444444,0.444444,0.4,0,0,5000.0,0.4,0.0,0.0,1
pairs_twitter_instagram,Linear,solutionsinla,solutionsinla,1,1.0,1.0,1.0,1.0,0,0,5000.0,1.0,0.0,0.0,1
pairs_twitter_instagram,Linear,rtwgirl,rtwgirl,1,0.999997,1.0,0.708333,0.766667,0,0,5000.0,0.545455,0.0,0.0,1
pairs_twitter_instagram,Linear,robertjonathan,robertjonathan,1,0.99242,1.0,0.066667,0.40625,0,0,5000.0,0.588235,0.0,0.0,1
pairs_twitter_instagram,Linear,bobbibooker,bobbibooker,1,0.880005,0.0,1.0,0.434783,0,0,5000.0,0.416667,0.0,0.0,1
pairs_twitter_instagram,Linear,lisasadleir,lisasadleir,1,0.887353,0.0,1.0,0.44,0,0,5000.0,0.428571,0.0,0.0,1
pairs_twitter_instagram,Linear,booyabobby,booyabobby,1,1.0,1.0,0.5,1.0,0,0,5000.0,0.625,0.0,0.0,1
pairs_twitter_instagram,Linear,tondin,tondin,1,1.0,1.0,0.615385,1.0,0,0,5000.0,0.490566,0.0,0.0,1
pairs_twitter_instagram,Linear,giulianonardin,giulianonardin,1,0.976118,1.0,0.2,0.277778,0,0,5000.0,0.121212,0.0,0.0,1
pairs_twitter_instagram,Linear,kengao,kengao,1,0.958339,1.0,0.0,0.272727,0,0,5000.0,0.0,0.0,0.0,1
pairs_twitter_instagram,Linear,gordonogden,gordonogden,1,1.0,1.0,1.0,1.0,0,0,5000.0,0.375,0.0,0.0,1
pairs_twitter_instagram,Linear,divaka,dhilipsiva,0,0.12592,0.166667,0.166667,0.285714,0,0,5000.0,0.428571,0.0,0.0,0
pairs_twitter_instagram,Linear,slakker9,jacksonlo,0,0.508668,0.461538,0.272727,0.269231,0,0,5000.0,0.413793,0.0,0.0,0
pairs_twitter_instagram,Linear,edelomahony,edelomahony,1,1.0,1.0,1.0,1.0,0,0,5000.0,0.363636,0.0,0.0,1
pairs_twitter_instagram,Linear,mcammuso,mcammuso,1,0.997884,1.0,0.3,0.428571,0,0,5000.0,0.4,0.0,0.0,1
pairs_twitter_instagram,Linear,fangkay,mangky,0,0.140393,0.375,0.222222,0.2,0,0,5000.0,0.432432,0.0,0.0,0
pairs_twitter_instagram,Linear,tikves,tikves,1,1.0,1.0,1.0,1.0,0,0,5000.0,0.166667,0.0,0.0,1
pairs_twitter_instagram,Linear,catinamurillo,catinamurillo,1,0.966263,0.047619,1.0,0.538462,0,0,5000.0,1.0,0.0,0.0,1
pairs_twitter_instagram,Linear,davefrost,davefrost,1,1.0,1.0,1.0,1.0,0,0,5000.0,1.0,0.0,0.0,1
pairs_twitter_instagram,Linear,alexandrasampaiopassaro,alexandrepinto,0,0.120711,0.052632,0.333333,0.333333,0,0,5000.0,1.0,0.0,0.0,0
pairs_twitter_instagram,Linear,joshdirks,joshdirks,1,0.999698,0.636364,0.666667,0.625,0,0,5000.0,0.416667,0.0,0.0,1
pairs_twitter_instagram,Linear,sigurdson,sigurdson,1,1.0,1.0,1.0,1.0,0,0,5000.0,0.461538,0.0,0.0,1
pairs_twitter_instagram,Linear,thelmabowlen,thelmabowlen,1,1.0,1.0,1.0,1.0,0,0,5000.0,0.380952,0.0,0.0,1
pairs_twitter_instagram,Linear,huzaifasial,huzaifasial,1,0.999217,0.153846,1.0,0.666667,0,0,5000.0,0.0,0.0,0.0,1
pairs_twitter_instagram,Linear,gabetaviano,gabetaviano,1,1.0,1.0,1.0,1.0,0,0,5000.0,0.425532,0.0,0.0,1
pairs_twitter_instagram,Linear,christiankoestlin,christiankoestlin,1,1.0,0.9,1.0,0.892857,0,0,5000.0,0.4,0.0,0.0,1
pairs_twitter_instagram,Linear,stuttgarter,stenmartin,0,0.437749,0.266667,0.3,0.310345,0,0,5000.0,0.205128,0.0,0.0,1
pairs_twitter_instagram,Linear,ayamuz,ayamuz,1,0.999999,0.833333,1.0,0.842105,0,0,5000.0,0.451613,0.0,0.0,1
pairs_twitter_instagram,Linear,rmzindorf,rmzindorf,1,1.0,1.0,1.0,1.0,0,0,5000.0,0.4,0.0,0.0,1
pairs_twitter_instagram,Linear,cramirezmonforte,cramirezmonforte,1,0.999999,0.857143,1.0,0.866667,0,0,5000.0,0.461538,0.0,0.0,1
pairs_twitter_instagram,Linear,jcriqqelme,jcriqqelme,1,0.997726,1.0,0.217391,0.44,0,0,5000.0,0.4,0.0,0.0,1
pairs_twitter_instagram,Linear,someonesomebody,someonesomebody,1,0.991332,1.0,0.0,0.4,0,0,5000.0,0.424242,0.0,0.0,1
pairs_twitter_instagram,Linear,fadra,fadra,1,1.0,1.0,1.0,1.0,0,0,5000.0,0.390244,0.0,0.0,1
pairs_twitter_instagram,Linear,zivgillat,giannilabbate,0,0.153439,0.307692,0.157895,0.227273,0,0,5000.0,0.15,0.0,0.0,0
pairs_twitter_instagram,Linear,kadehara,kadehara,1,1.0,1.0,1.0,1.0,0,0,5000.0,0.411765,0.0,0.0,1
pairs_twitter_instagram,Linear,davequick,davequick,1,0.999999,1.0,0.7,0.833333,0,0,5000.0,0.111111,0.0,0.0,1
pairs_twitter_instagram,Linear,zigah,zigah,1,1.0,1.0,1.0,1.0,0,0,5000.0,0.0,0.0,0.0,1
pairs_twitter_instagram,Linear,axmai,axmai,1,1.0,1.0,1.0,1.0,0,0,5000.0,0.434783,0.0,0.0,1
pairs_twitter_instagram,Linear,paolofrancescosita,paolofrancescosita,1,1.0,1.0,1.0,1.0,0,0,5000.0,0.352941,0.0,0.0,1
pairs_twitter_instagram,Linear,santoyuniarsa,sabrinarabi,0,0.045845,0.214286,0.090909,0.185185,0,0,5000.0,0.0,0.0,0.0,0
pairs_twitter_instagram,Linear,carsonjgallo,carsonjgallo,1,1.0,1.0,1.0,1.0,0,0,5000.0,0.5,0.0,0.0,1
pairs_twitter_instagram,Linear,alanrust,alanrust,1,1.0,1.0,1.0,1.0,0,0,5000.0,0.421053,0.0,0.0,1
pairs_twitter_instagram,Linear,erinmartin,erinmartin,1,0.999985,1.0,0.375,0.730769,0,0,5000.0,0.521739,0.0,0.0,1
pairs_twitter_instagram,Linear,kevinbuckstiegel,kevinbuckstiegel,1,1.0,1.0,1.0,1.0,0,0,5000.0,0.625,0.0,0.0,1
pairs_twitter_instagram,Linear,sawaiemohammed,sawaiemohammed,1,1.0,1.0,1.0,1.0,0,0,5000.0,1.0,0.0,0.0,1
pairs_twitter_instagram,Linear,jonsuk,jonsuk,1,1.0,1.0,1.0,1.0,0,0,5000.0,0.415094,0.0,0.0,1
pairs_twitter_instagram,Linear,carolinedeleuze,carolinedeleuze,1,1.0,1.0,1.0,1.0,0,0,5000.0,1.0,0.0,0.0,1
pairs_twitter_instagram,Linear,michikunz77,michikunz77,1,1.0,1.0,1.0,1.0,0,0,5000.0,0.307692,0.0,0.0,1
pairs_twitter_instagram,Linear,omgchad,omgchad,1,0.998736,0.625,0.5,0.545455,0,0,5000.0,0.0,0.0,0.0,1
pairs_twitter_instagram,Linear,attila,attila,1,1.0,1.0,1.0,1.0,0,0,5000.0,0.470588,0.0,0.0,1
pairs_twitter_instagram,Linear,keaven,keaven,1,1.0,1.0,1.0,1.0,0,0,5000.0,0.416667,0.0,0.0,1
pairs_twitter_instagram,Linear,mrobertsonline,mrobertsonline,1,1.0,1.0,1.0,1.0,0,0,5000.0,0.545455,0.0,0.0,1
pairs_twitter_instagram,Linear,djteo,djteo,1,1.0,1.0,1.0,1.0,0,0,5000.0,0.846154,0.0,0.0,1
pairs_twitter_instagram,Linear,massimodesantis,massimodesantis,1,1.0,1.0,1.0,1.0,0,0,5000.0,0.5,0.0,0.0,1
pairs_twitter_instagram,Linear,leninluna,leninluna,1,1.0,1.0,1.0,1.0,0,0,5000.0,0.111111,0.0,0.0,1
pairs_twitter_instagram,Linear,losangelas,gerardfreeman,0,0.755936,0.466667,0.375,0.318182,0,0,5000.0,0.454545,0.0,0.0,0
pairs_twitter_instagram,Linear,heathernolan,heathernolan,1,0.999329,1.0,0.423077,0.482759,0,0,5000.0,0.5,0.0,0.0,1
pairs_twitter_instagram,Linear,jacksonlo,jacksonlo,1,0.999995,0.7,1.0,0.785714,0,0,5000.0,0.4,0.0,0.0,1
pairs_twitter_instagram,Linear,tommyflovildengebretsen,tommyflovildengebretsen,1,1.0,1.0,0.666667,0.928571,0,0,5000.0,0.357143,0.0,0.0,1
pairs_twitter_instagram,Linear,karineardault,karineardault,1,1.0,1.0,1.0,1.0,0,0,5000.0,0.555556,0.0,0.0,1
pairs_twitter_instagram,Linear,luaisultan,luaisultan,1,0.999699,1.0,0.0,0.625,0,0,5000.0,0.666667,0.0,0.0,1
pairs_twitter_instagram,Linear,gabelittle,gabelittle,1,0.981515,0.727273,0.4,0.37931,0,0,5000.0,0.352941,0.0,0.0,1
pairs_twitter_instagram,Linear,howtobearedhead,howtobearedhead,1,0.999954,1.0,0.5625,0.638889,0,0,5000.0,0.761905,0.0,0.0,1
pairs_twitter_instagram,Linear,mbstuart,mbstuart,1,0.993992,0.181818,0.866667,0.583333,0,0,5000.0,0.444444,0.0,0.0,1
pairs_twitter_instagram,Linear,sharonlflynn,sharonlflynn,1,1.0,1.0,1.0,1.0,0,0,5000.0,0.521739,0.0,0.0,1
pairs_twitter_instagram,Linear,devonabejo,kevinpdevera,0,0.099424,0.176471,0.2,0.259259,0,0,5000.0,0.434783,0.0,0.0,0
pairs_twitter_instagram,Linear,pantinozzi,mikeantares,0,0.100335,0.266667,0.142857,0.241379,0,0,5000.0,0.533333,0.0,0.0,1
pairs_twitter_instagram,Linear,dayveeka,dayveeka,1,1.0,1.0,1.0,1.0,0,0,5000.0,0.625,0.0,0.0,1
pairs_twitter_instagram,Linear,telmamelo,telmamelo,1,0.918151,0.285714,0.5,0.444444,0,0,5000.0,0.428571,0.0,0.0,1
pairs_twitter_instagram,Linear,danieltaylor,danieltaylor,1,1.0,1.0,1.0,1.0,0,0,5000.0,0.461538,0.0,0.0,1
pairs_twitter_instagram,Linear,schalaschly,schalaschly,1,0.999867,1.0,0.5,0.588235,0,0,5000.0,0.8,0.0,0.0,1
pairs_twitter_instagram,Linear,jopyrah,jopyrah,1,1.0,1.0,1.0,1.0,0,0,5000.0,0.333333,0.0,0.0,1
pairs_twitter_instagram,Linear,rabbitrunz,rabbitrunz,1,0.999648,1.0,0.263158,0.548387,0,0,5000.0,0.418605,0.0,0.0,1
pairs_twitter_instagram,Linear,andrewwilkins,andrewwilkins,1,1.0,1.0,1.0,1.0,0,0,5000.0,0.4,0.0,0.0,1
pairs_twitter_instagram,Linear,eliasmanopla,eliasmanopla,1,0.999815,0.166667,1.0,0.764706,0,0,5000.0,0.206897,0.0,0.0,1
pairs_twitter_instagram,Linear,oleandreas,oleandreas,1,1.0,1.0,1.0,1.0,0,0,5000.0,0.357143,0.0,0.0,1
pairs_twitter_instagram,Linear,melissachusid,melissachusid,1,1.0,1.0,0.722222,0.952381,0,0,5000.0,1.0,0.0,0.0,1
pairs_twitter_instagram,Linear,ricardopontes,ricardopontes,1,1.0,1.0,1.0,1.0,0,0,5000.0,0.454545,0.0,0.0,1
pairs_twitter_instagram,Linear,capdiaz,capdiaz,1,1.0,1.0,1.0,1.0,0,0,5000.0,0.324324,0.0,0.0,1
pairs_twitter_instagram,Linear,kurtkelly,kurtkelly,1,1.0,0.888889,1.0,0.916667,0,0,5000.0,0.709677,0.0,0.0,1
pairs_twitter_instagram,Linear,wrry,hyunheeban,0,0.074796,0.285714,0.176471,0.2,0,0,5000.0,0.421053,0.0,0.0,0
pairs_twitter_instagram,Linear,prisqua,prisqua,1,1.0,1.0,1.0,1.0,0,0,5000.0,0.530612,0.0,0.0,1
pairs_twitter_instagram,Linear,keithlucas,keithlucas,1,1.0,1.0,1.0,1.0,0,0,5000.0,1.0,0.0,0.0,1
pairs_twitter_instagram,Linear,imajo0od,imajo0od,1,0.999998,1.0,0.636364,0.8,0,0,5000.0,0.238095,0.0,0.0,1
pairs_twitter_instagram,Linear,joelduggan,joelduggan,1,1.0,1.0,1.0,1.0,0,0,5000.0,0.434783,0.0,0.0,1
pairs_twitter_instagram,Linear,chrismalenab,chrismalenab,1,1.0,1.0,1.0,1.0,0,0,5000.0,0.434783,0.0,0.0,1
pairs_twitter_instagram,Linear,mayka,mayka,1,1.0,1.0,1.0,1.0,0,0,5000.0,0.428571,0.0,0.0,1
pairs_twitter_instagram,Linear,nikolastojkovic,ohcatrina,0,0.15595,0.230769,0.230769,0.235294,0,0,5000.0,0.0,0.0,0.0,0
pairs_twitter_instagram,Linear,wicker,wicker,1,0.999776,1.0,0.482759,0.53125,0,0,5000.0,0.375,0.0,0.0,1
pairs_twitter_instagram,Linear,javierandreu,javierandreu,1,1.0,1.0,1.0,1.0,0,0,5000.0,0.0,0.0,0.0,1
pairs_twitter_instagram,Linear,cyantifik,cyantifik,1,0.997458,1.0,0.0,0.47619,0,0,5000.0,0.418605,0.0,0.0,1
pairs_twitter_instagram,Linear,jjamor,jjamor,1,0.994612,0.0,1.0,0.647059,0,0,5000.0,0.6,0.0,0.0,1
pairs_twitter_instagram,Linear,agustinamate,agustinamate,1,1.0,1.0,1.0,1.0,0,0,5000.0,0.6,0.0,0.0,1
pairs_twitter_instagram,Linear,kenkaufman,kenkaufman,1,1.0,0.9,1.0,0.916667,0,0,5000.0,1.0,0.0,0.0,1
pairs_twitter_instagram,Linear,esrad,esrad,1,0.877633,1.0,0.111111,0.206897,0,0,5000.0,0.428571,0.0,0.0,1
pairs_twitter_instagram,Linear,williamchong,williamchong,1,0.993701,0.090909,1.0,0.590909,0,0,5000.0,0.444444,0.0,0.0,1
pairs_twitter_instagram,Linear,vaduvaiulian,vaduvaiulian,1,0.999875,1.0,0.3,0.611111,0,0,5000.0,0.5,0.0,0.0,1
pairs_twitter_instagram,Linear,adeanom,adeanom,1,1.0,1.0,0.875,1.0,0,0,5000.0,0.478261,0.0,0.0,1
pairs_twitter_instagram,Linear,subigya,subigya,1,0.999803,1.0,0.3,0.615385,0,0,5000.0,1.0,0.0,0.0,1
pairs_twitter_instagram,Linear,mducoffre,mducoffre,1,0.997423,1.0,0.0,0.466667,0,0,5000.0,0.285714,0.0,0.0,1
pairs_twitter_instagram,Linear,joshfinnie,joshfinnie,1,1.0,1.0,1.0,1.0,0,0,5000.0,0.454545,0.0,0.0,1
pairs_twitter_instagram,Linear,hardeeps,hardeeps,1,0.999382,1.0,0.235294,0.518519,0,0,5000.0,0.415094,0.0,0.0,1
pairs_twitter_instagram,Linear,indiedo,indiedo,1,1.0,1.0,1.0,1.0,0,0,5000.0,0.285714,0.0,0.0,1
pairs_twitter_instagram,Linear,fabds,rafacama,0,0.099924,0.3,0.3,0.2,0,0,5000.0,0.571429,0.0,0.0,1
pairs_twitter_instagram,Linear,ww1way,ww1way,1,0.999999,1.0,0.0,1.0,0,0,5000.0,0.5,0.0,0.0,1
pairs_twitter_instagram,Linear,orenbennett,orenbennett,1,0.997227,1.0,0.0,0.5,0,0,5000.0,0.866667,0.0,0.0,1
pairs_twitter_instagram,Linear,lilliammdez,lilliammdez,1,0.999999,1.0,0.8,0.842105,0,0,5000.0,0.5,0.0,0.0,1
pairs_twitter_instagram,Linear,putuebo,putuebo,1,1.0,1.0,1.0,1.0,0,0,5000.0,0.444444,0.0,0.0,1
pairs_twitter_instagram,Linear,jimbrady,jimbrady,1,1.0,1.0,1.0,1.0,0,0,5000.0,0.0,0.0,0.0,1
pairs_twitter_instagram,Linear,mikejesse,mikejesse,1,0.998922,0.357143,1.0,0.588235,0,0,5000.0,0.344828,0.0,0.0,1
pairs_twitter_instagram,Linear,artwitholiveri,artwitholiveri,1,1.0,1.0,1.0,1.0,0,0,5000.0,0.333333,0.0,0.0,1
pairs_twitter_instagram,Linear,gatosg,gatosg,1,1.0,1.0,1.0,1.0,0,0,5000.0,0.428571,0.0,0.0,1
pairs_twitter_instagram,Linear,l0ckergn0me,l0ckergn0me,1,0.999385,1.0,0.423077,0.482759,0,0,5000.0,0.416667,0.0,0.0,1
pairs_twitter_instagram,Linear,almowhed,almowhed,1,0.448629,0.583333,0.0,0.259259,0,0,5000.0,0.428571,0.0,0.0,1
pairs_twitter_instagram,Linear,marlymcmillen,marlymcmillen,1,0.999916,1.0,0.25,0.647059,0,0,5000.0,0.533333,0.0,0.0,1
pairs_twitter_instagram,Linear,malibumuffie,malibumuffie,1,1.0,1.0,1.0,1.0,0,0,5000.0,0.6,0.0,0.0,1
pairs_twitter_instagram,Linear,cheneselewis,cheneselewis,1,0.998905,1.0,0.428571,0.483871,0,0,5000.0,1.0,0.0,0.0,1
pairs_twitter_instagram,Linear,dietmarhoffmann,spyridonkagkas,0,0.053647,0.272727,0.181818,0.181818,0,0,5000.0,0.416667,0.0,0.0,0
pairs_twitter_instagram,Linear,pabloolmeda,pabloolmeda,1,1.0,1.0,1.0,1.0,0,0,5000.0,0.545455,0.0,0.0,1
pairs_twitter_instagram,Linear,cigarmob,cigarmob,1,1.0,1.0,1.0,1.0,0,0,5000.0,0.0,0.0,0.0,1
pairs_twitter_instagram,Linear,gabriel89,gabriel89,1,0.999999,1.0,0.75,0.827586,0,0,5000.0,0.378378,0.0,0.0,1
pairs_twitter_instagram,Linear,stevei,stevei,1,0.999848,1.0,0.461538,0.5625,0,0,5000.0,0.424242,0.0,0.0,1
pairs_twitter_instagram,Linear,squirrelytonks,squirrelytonks,1,0.999979,1.0,0.333333,0.709677,0,0,5000.0,0.4,0.0,0.0,1
pairs_twitter_instagram,Linear,davefernandez,davefernandez,1,0.770023,0.5,0.238095,0.333333,0,0,5000.0,0.411765,0.0,0.0,1
pairs_twitter_instagram,Linear,ekiafoto,ekiafoto,1,0.885177,1.0,0.027027,0.225,0,0,5000.0,0.388889,0.0,0.0,1
pairs_twitter_instagram,Linear,galuhparantri,galuhparantri,1,1.0,1.0,1.0,1.0,0,0,5000.0,0.333333,0.0,0.0,1
pairs_twitter_instagram,Linear,munait,munait,1,0.999999,1.0,0.777778,0.818182,0,0,5000.0,0.4,0.0,0.0,1
pairs_twitter_instagram,Linear,globomarketing,globomarketing,1,1.0,0.928571,1.0,0.842105,0,0,5000.0,0.363636,0.0,0.0,1
pairs_twitter_instagram,Linear,briantmarquis,briantmarquis,1,1.0,1.0,1.0,1.0,0,0,5000.0,0.8,0.0,0.0,1
pairs_twitter_instagram,Linear,dianagonzalezgonzalez,dianagonzalezgonzalez,1,1.0,1.0,1.0,1.0,0,0,5000.0,0.428571,0.0,0.0,1
pairs_twitter_instagram,Linear,juniortv,juniortv,1,0.751951,1.0,0.0,0.212121,0,0,5000.0,1.0,0.0,0.0,1
pairs_twitter_instagram,Linear,ednaroberta,ednaroberta,1,1.0,1.0,1.0,1.0,0,0,5000.0,0.44898,0.0,0.0,1
pairs_twitter_instagram,Linear,haivo,haivo,1,0.996027,1.0,0.0,0.421053,0,0,5000.0,0.0,0.0,0.0,1
pairs_twitter_instagram,Linear,frederickpolk,frederickpolk,1,1.0,1.0,0.785714,0.933333,0,0,5000.0,1.0,0.0,0.0,1
pairs_twitter_instagram,Linear,tonydiehl,tonydiehl,1,1.0,1.0,1.0,1.0,0,0,5000.0,0.380952,0.0,0.0,1
pairs_twitter_instagram,Linear,marshallwright,marshallwright,1,0.973953,0.041667,1.0,0.517241,0,0,5000.0,0.384615,0.0,0.0,1
pairs_twitter_instagram,Linear,rachelcampion,rachelcampion,1,0.993184,1.0,0.178571,0.352941,0,0,5000.0,0.0,0.0,0.0,1
pairs_twitter_instagram,Linear,vehiclehistory,vehiclehistory,1,0.999996,0.733333,1.0,0.789474,0,0,5000.0,0.384615,0.0,0.0,1
pairs_twitter_instagram,Linear,fridaynimh,fridaynimh,1,0.911688,0.357143,0.416667,0.428571,0,0,5000.0,0.454545,0.0,0.0,1
pairs_twitter_instagram,Linear,timford,timford,1,0.602178,0.0,1.0,0.333333,0,0,5000.0,0.363636,0.0,0.0,1
pairs_twitter_instagram,Linear,mikescott8,mikescott8,1,0.999718,1.0,0.34375,0.545455,0,0,5000.0,0.4,0.0,0.0,1
pairs_twitter_instagram,Linear,catchtorolav,catchtorolav,1,0.999752,1.0,0.25,0.545455,0,0,5000.0,0.0,0.0,0.0,1
pairs_twitter_instagram,Linear,michaelwitham,michaelwitham,1,1.0,1.0,1.0,1.0,0,0,5000.0,0.846154,0.0,0.0,1
pairs_twitter_instagram,Linear,fazk,fazk,1,0.990499,0.166667,1.0,0.529412,0,0,5000.0,0.358974,0.0,0.0,1
pairs_twitter_instagram,Linear,samportillo,samportillo,1,0.987561,1.0,0.0,0.37931,0,0,5000.0,0.454545,0.0,0.0,1
pairs_twitter_instagram,Linear,aajain,aajain,1,1.0,1.0,1.0,1.0,0,0,5000.0,1.0,0.0,0.0,1
pairs_twitter_instagram,Linear,habuw,habuw,1,0.960389,1.0,0.1,0.285714,0,0,5000.0,0.444444,0.0,0.0,1
pairs_twitter_instagram,Linear,sueblack,sueblack,1,0.999959,0.444444,1.0,0.8,0,0,5000.0,1.0,0.0,0.0,1
pairs_twitter_instagram,Linear,mpulido,mpulido,1,0.999993,0.777778,0.85,0.769231,0,0,5000.0,0.470588,0.0,0.0,1
pairs_twitter_instagram,Linear,billelsey,billelsey,1,1.0,1.0,1.0,1.0,0,0,5000.0,0.382979,0.0,0.0,1
pairs_twitter_instagram,Linear,mnantais,mnantais,1,0.993526,0.0,1.0,0.631579,0,0,5000.0,0.538462,0.0,0.0,1
pairs_twitter_instagram,Linear,yurtake,yurtake,1,0.999973,1.0,0.416667,0.65,0,0,5000.0,0.0,0.0,0.0,1
pairs_twitter_instagram,Linear,idsphotographers,idsphotographers,1,0.999938,1.0,0.357143,0.64,0,0,5000.0,0.44898,0.0,0.0,1
pairs_twitter_instagram,Linear,jorgeluisgatica,jorgeluisgatica,1,1.0,1.0,1.0,1.0,0,0,5000.0,0.461538,0.0,0.0,1
pairs_twitter_instagram,Linear,esavestheworld,esavestheworld,1,1.0,1.0,1.0,1.0,0,0,5000.0,0.866667,0.0,0.0,1
pairs_twitter_instagram,Linear,daimanuel,daimanuel,1,0.962976,1.0,0.2,0.27027,0,0,5000.0,0.436364,0.0,0.0,1
pairs_twitter_instagram,Linear,noslo,noslo,1,0.968024,0.0,1.0,0.521739,0,0,5000.0,0.4,0.0,0.0,1
pairs_twitter_instagram,Linear,mvismara,mvismara,1,0.999658,0.4375,1.0,0.633333,0,0,5000.0,0.434783,0.0,0.0,1
pairs_twitter_instagram,Linear,swissmountainleader,swissmountainleader,1,0.829242,0.08,0.0,0.571429,0,0,5000.0,0.4375,0.0,0.0,1
pairs_twitter_instagram,Linear,mestizo,rafaelbustamante,0,0.015717,0.25,0.136364,0.148148,0,0,5000.0,0.833333,0.0,0.0,0
pairs_twitter_instagram,Linear,biancajsmith,biancajsmith,1,1.0,1.0,0.846154,0.882353,0,0,5000.0,0.416667,0.0,0.0,1
pairs_twitter_instagram,Linear,patton,patricialisa,0,0.493099,0.333333,0.272727,0.3125,0,0,5000.0,0.352941,0.0,0.0,0
pairs_twitter_instagram,Linear,trewmusic,jakew,0,0.622291,0.066667,0.642857,0.357143,0,0,5000.0,0.0,0.0,0.0,0
pairs_twitter_instagram,Linear,tinrocket,tinrocket,1,0.297734,0.0,0.363636,0.375,0,0,5000.0,0.333333,0.0,0.0,1
pairs_twitter_instagram,Linear,muhammadghazali,muhammadghazali,1,0.999927,0.571429,0.777778,0.727273,0,0,5000.0,0.571429,0.0,0.0,1
pairs_twitter_instagram,Linear,hawaii,hawaii,1,0.999112,1.0,0.36,0.466667,0,0,5000.0,0.333333,0.0,0.0,1
pairs_twitter_instagram,Linear,socialstephen,socialstephen,1,1.0,1.0,1.0,1.0,0,0,5000.0,0.421053,0.0,0.0,1
pairs_twitter_instagram,Linear,vabisin,kennethshinabery,0,0.02714,0.294118,0.0,0.16129,0,0,5000.0,0.37037,0.0,0.0,0
pairs_twitter_instagram,Linear,jsprasanna,jsprasanna,1,0.999985,0.75,0.833333,0.730769,0,0,5000.0,0.37037,0.0,0.0,1
pairs_twitter_instagram,Linear,patmuldowney,patmuldowney,1,0.996855,1.0,0.375,0.428571,0,0,5000.0,1.0,0.0,0.0,1
pairs_twitter_instagram,Linear,rebekahradice,rebekahradice,1,0.99555,1.0,0.358974,0.4,0,0,5000.0,0.846154,0.0,0.0,1
pairs_twitter_instagram,Linear,ricardollera,ricardollera,1,1.0,1.0,1.0,1.0,0,0,5000.0,0.545455,0.0,0.0,1
pairs_twitter_instagram,Linear,jasonbmckinnon,jasonbmckinnon,1,1.0,1.0,0.714286,0.933333,0,0,5000.0,0.454545,0.0,0.0,1
pairs_twitter_instagram,Linear,yamasoto,yamasoto,1,0.995901,1.0,0.333333,0.380952,0,0,5000.0,0.4,0.0,0.0,1
pairs_twitter_instagram,Linear,michaeltapp,michaeltapp,1,1.0,1.0,1.0,1.0,0,0,5000.0,1.0,0.0,0.0,1
pairs_twitter_instagram,Linear,martinhabacher,martinhabacher,1,1.0,1.0,1.0,1.0,0,0,5000.0,0.4,0.0,0.0,1
pairs_twitter_instagram,Linear,tuncelmas,tuncelmas,1,0.999998,1.0,0.642857,0.8,0,0,5000.0,0.434783,0.0,0.0,1
pairs_twitter_instagram,Linear,pamallen68,spyridonkagkas,0,0.17468,0.3,0.0,0.285714,0,0,5000.0,0.384615,0.0,0.0,1
pairs_twitter_instagram,Linear,rashdan82,rashdan82,1,0.960308,1.0,0.0,0.275862,0,0,5000.0,0.0,0.0,0.0,1
pairs_twitter_instagram,Linear,massimosaviotti,massimosaviotti,1,1.0,1.0,1.0,1.0,0,0,5000.0,0.4,0.0,0.0,1
pairs_twitter_instagram,Linear,calculatedstepz,calculatedstepz,1,0.993461,1.0,0.0,0.4,0,0,5000.0,0.153846,0.0,0.0,1
pairs_twitter_instagram,Linear,annagunderson,annagunderson,1,1.0,1.0,1.0,1.0,0,0,5000.0,0.37037,0.0,0.0,1
pairs_twitter_instagram,Linear,zarasyed,fahadraza,0,0.283172,0.1,0.368421,0.333333,0,0,5000.0,0.387097,0.0,0.0,0
pairs_twitter_instagram,Linear,bryanleung,bryanleung,1,0.992556,1.0,0.181818,0.392857,0,0,5000.0,0.705882,0.0,0.0,1
pairs_twitter_instagram,Linear,michelejmartin,michelejmartin,1,1.0,1.0,1.0,1.0,0,0,5000.0,0.4,0.0,0.0,1
pairs_twitter_instagram,Linear,jeremyamoore,jeremyamoore,1,0.999573,1.0,0.0,0.625,0,0,5000.0,1.0,0.0,0.0,1
pairs_twitter_instagram,Linear,sstiavetti,sstiavetti,1,0.999999,1.0,0.6,0.884615,0,0,5000.0,0.866667,0.0,0.0,1
pairs_twitter_instagram,Linear,toddwalsh,toddwalsh,1,0.999997,1.0,0.642857,0.772727,0,0,5000.0,0.363636,0.0,0.0,1
pairs_twitter_instagram,Linear,pbrady,mktantum,0,0.124496,0.266667,0.235294,0.227273,0,0,5000.0,0.358974,0.0,0.0,0
pairs_twitter_instagram,Linear,gerty,gerty,1,0.999955,0.571429,1.0,0.6875,0,0,5000.0,0.153846,0.0,0.0,1
pairs_twitter_instagram,Linear,kevinmichaelr,kevinmichaelr,1,0.999877,1.0,0.4,0.625,0,0,5000.0,1.0,0.0,0.0,1
pairs_twitter_instagram,Linear,chiragbatra,chiragbatra,1,1.0,1.0,1.0,1.0,0,0,5000.0,0.434783,0.0,0.0,1
pairs_twitter_instagram,Linear,ideasandrew,ideasandrew,1,1.0,1.0,1.0,1.0,0,0,5000.0,0.157895,0.0,0.0,1
pairs_twitter_instagram,Linear,timlai,timlai,1,1.0,1.0,1.0,1.0,0,0,5000.0,0.48,0.0,0.0,1
pairs_twitter_instagram,Linear,jesusmargon,jesusmargon,1,1.0,1.0,1.0,1.0,0,0,5000.0,0.390244,0.0,0.0,1
pairs_twitter_instagram,Linear,amccrim,amccrim,1,1.0,1.0,1.0,1.0,0,0,5000.0,0.4,0.0,0.0,1
pairs_twitter_instagram,Linear,webnelly,webnelly,1,0.995879,0.173913,1.0,0.592593,0,0,5000.0,0.571429,0.0,0.0,1
pairs_twitter_instagram,Linear,jsfernando,jsfernando,1,0.995916,0.571429,0.466667,0.526316,0,0,5000.0,0.4,0.0,0.0,1
pairs_twitter_instagram,Linear,calligrafist,calligrafist,1,0.999398,1.0,0.1875,0.529412,0,0,5000.0,0.415094,0.0,0.0,1
pairs_twitter_instagram,Linear,marcdomingo,marcdomingo,1,1.0,1.0,1.0,1.0,0,0,5000.0,0.451613,0.0,0.0,1
pairs_twitter_instagram,Linear,mabosekina,mabosekina,1,1.0,1.0,1.0,1.0,0,0,5000.0,0.382979,0.0,0.0,1
pairs_twitter_instagram,Linear,cindyratzlaff,cindyratzlaff,1,0.999069,0.1875,1.0,0.666667,0,0,5000.0,0.37037,0.0,0.0,1
pairs_twitter_instagram,Linear,usmanarif,usmanarif,1,0.997358,0.785714,0.047619,0.56,0,0,5000.0,0.571429,0.0,0.0,1
pairs_twitter_instagram,Linear,craigdrummond,craigdrummond,1,0.977611,0.0,1.0,0.538462,0,0,5000.0,0.307692,0.0,0.0,1
pairs_twitter_instagram,Linear,lovingjem25,lovingjem25,1,0.999977,1.0,0.375,0.705882,0,0,5000.0,0.545455,0.0,0.0,1
pairs_twitter_instagram,Linear,starbuckspitfire,starbuckspitfire,1,0.941093,0.333333,0.454545,0.458333,0,0,5000.0,0.461538,0.0,0.0,1
pairs_twitter_instagram,Linear,zachkouwe,zachkouwe,1,1.0,1.0,1.0,1.0,0,0,5000.0,0.8,0.0,0.0,1
pairs_twitter_instagram,Linear,jnfotos,jnfotos,1,0.99413,0.210526,1.0,0.541667,0,0,5000.0,0.352941,0.0,0.0,1
pairs_twitter_instagram,Linear,adaospina,adaospina,1,0.953284,0.153846,0.222222,0.625,0,0,5000.0,1.0,0.0,0.0,1
pairs_twitter_instagram,Linear,jeanfrancoislabelle,jeanfrancoislabelle,1,0.991828,0.75,0.35,0.444444,0,0,5000.0,0.555556,0.0,0.0,1
pairs_twitter_instagram,Linear,monismith,monismith,1,1.0,1.0,1.0,1.0,0,0,5000.0,1.0,0.0,0.0,1
pairs_twitter_instagram,Linear,rebeccateldja,rebeccateldja,1,0.999853,0.846154,0.0,0.6875,0,0,5000.0,0.0,0.0,0.0,1
pairs_twitter_instagram,Linear,paultakeuchi,paultakeuchi,1,1.0,1.0,1.0,1.0,0,0,5000.0,0.555556,0.0,0.0,1
pairs_twitter_instagram,Linear,griscuevasz,griscuevasz,1,0.99853,1.0,0.25,0.5,0,0,5000.0,1.0,0.0,0.0,1
pairs_twitter_instagram,Linear,fierzafajri,fierzafajri,1,0.999947,1.0,0.3125,0.666667,0,0,5000.0,0.571429,0.0,0.0,1
pairs_twitter_instagram,Linear,ekswitaj,ekswitaj,1,1.0,1.0,0.9,0.916667,0,0,5000.0,0.416667,0.0,0.0,1
pairs_twitter_instagram,Linear,melindamoses,melindamoses,1,1.0,1.0,1.0,1.0,0,0,5000.0,0.571429,0.0,0.0,1
pairs_twitter_instagram,Linear,franciscojimenez,franciscojimenez,1,0.999997,1.0,0.695652,0.75,0,0,5000.0,0.333333,0.0,0.0,1
pairs_twitter_instagram,Linear,spyroslangkos,spyroslangkos,1,1.0,1.0,0.769231,0.933333,0,0,5000.0,0.416667,0.0,0.0,1
pairs_twitter_instagram,Linear,ivanataylor,ivanataylor,1,0.895055,0.0,1.0,0.444444,0,0,5000.0,0.421053,0.0,0.0,1
pairs_twitter_instagram,Linear,scarlettran,scarlettran,1,0.999969,1.0,0.5,0.65,0,0,5000.0,0.368421,0.0,0.0,1
pairs_twitter_instagram,Linear,snarah,snarah,1,0.984344,1.0,0.15,0.333333,0,0,5000.0,0.415094,0.0,0.0,1
pairs_twitter_instagram,Linear,garthdb,garthdb,1,1.0,1.0,1.0,1.0,0,0,5000.0,0.387097,0.0,0.0,1
pairs_twitter_instagram,Linear,alessandrotimpanaro,alessandrotimpanaro,1,0.999924,1.0,0.157895,0.636364,0,0,5000.0,0.0,0.0,0.0,1
pairs_twitter_instagram,Linear,romcalbc,romcalbc,1,0.99921,0.333333,1.0,0.619048,0,0,5000.0,0.375,0.0,0.0,1
pairs_twitter_instagram,Linear,jagonsu,jagonsu,1,0.999999,1.0,0.692308,0.809524,0,0,5000.0,0.461538,0.0,0.0,1
pairs_twitter_instagram,Linear,atomicdarinka,atomicdarinka,1,0.999769,1.0,0.4375,0.538462,0,0,5000.0,0.380952,0.0,0.0,1
pairs_twitter_instagram,Linear,mauriziosartori,mauriziosartori,1,0.999997,1.0,0.6,0.782609,0,0,5000.0,0.333333,0.0,0.0,1
pairs_twitter_instagram,Linear,kylepearce,kylepearce,1,1.0,1.0,1.0,1.0,0,0,5000.0,0.436364,0.0,0.0,1
pairs_twitter_instagram,Linear,enricvega,enricvega,1,1.0,1.0,1.0,1.0,0,0,5000.0,0.615385,0.0,0.0,1
pairs_twitter_instagram,Linear,bradkoehn,treenachambers,0,0.058673,0.235294,0.108108,0.254902,0,0,5000.0,1.0,0.0,0.0,0
pairs_twitter_instagram,Linear,paolomorelli,paolomorelli,1,1.0,1.0,1.0,1.0,0,0,5000.0,0.363636,0.0,0.0,1
pairs_twitter_instagram,Linear,gletham,gletham,1,1.0,1.0,1.0,1.0,0,0,5000.0,0.444444,0.0,0.0,1
pairs_twitter_instagram,Linear,danhurlbut,danhurlbut,1,0.999993,1.0,0.2,0.846154,0,0,5000.0,1.0,0.0,0.0,1
pairs_twitter_instagram,Linear,nextjen,nextjen,1,0.998262,1.0,0.0,0.5,0,0,5000.0,0.421053,0.0,0.0,1
pairs_twitter_instagram,Linear,joseantoniorodriguez,joseantoniorodriguez,1,0.999996,1.0,0.636364,0.75,0,0,5000.0,0.4,0.0,0.0,1
pairs_twitter_instagram,Linear,jamesmcknight,jamesmcknight,1,0.999999,0.777778,1.0,0.826087,0,0,5000.0,0.195122,0.0,0.0,1
pairs_twitter_instagram,Linear,kathleenjoyce,kathleenjoyce,1,0.998967,0.555556,0.538462,0.619048,0,0,5000.0,0.625,0.0,0.0,1
pairs_twitter_instagram,Linear,divanotrite,divanotrite,1,1.0,1.0,0.857143,0.92,0,0,5000.0,0.5,0.0,0.0,1
pairs_twitter_instagram,Linear,ickledot,ickledot,1,0.991258,1.0,0.0,0.4,0,0,5000.0,0.432432,0.0,0.0,1
pairs_twitter_instagram,Linear,rayhowe,rayhowe,1,1.0,1.0,1.0,1.0,0,0,5000.0,0.4,0.0,0.0,1
pairs_twitter_instagram,Linear,erinalbert,henspie,0,0.123132,0.375,0.117647,0.210526,0,0,5000.0,0.428571,0.0,0.0,0
pairs_twitter_instagram,Linear,danstasiewski,danstasiewski,1,0.999999,0.785714,1.0,0.833333,0,0,5000.0,0.357143,0.0,0.0,1
pairs_twitter_instagram,Linear,nimamoinpour,nimamoinpour,1,0.974596,0.0,1.0,0.541667,0,0,5000.0,0.48,0.0,0.0,1
pairs_twitter_instagram,Linear,abcheikh,abcheikh,1,1.0,1.0,1.0,1.0,0,0,5000.0,0.555556,0.0,0.0,1
pairs_twitter_instagram,Linear,brownsdon,brownsdon,1,0.999968,1.0,0.615385,0.666667,0,0,5000.0,1.0,0.0,0.0,1
pairs_twitter_instagram,Linear,adrianaortizgalbe,adrianaortizgalbe,1,0.999998,1.0,0.666667,0.76,0,0,5000.0,0.133333,0.0,0.0,1
pairs_twitter_instagram,Linear,rayzorback,rayzorback,1,0.999891,1.0,0.133333,0.647059,0,0,5000.0,0.428571,0.0,0.0,1
pairs_twitter_instagram,Linear,isaacsunkes,isaacsunkes,1,1.0,1.0,1.0,1.0,0,0,5000.0,0.413793,0.0,0.0,1
pairs_twitter_instagram,Linear,kentspeakman,kentspeakman,1,0.999315,1.0,0.444444,0.5,0,0,5000.0,0.846154,0.0,0.0,1
pairs_twitter_instagram,Linear,benjaminyeurch,benjaminyeurch,1,1.0,1.0,1.0,1.0,0,0,5000.0,0.5,0.0,0.0,1
pairs_twitter_instagram,Linear,bazzoliserena,bazzoliserena,1,0.999924,1.0,0.0,0.666667,0,0,5000.0,0.0,0.0,0.0,1
pairs_twitter_instagram,Linear,itxavel,itxavel,1,0.999999,1.0,0.764706,0.826087,0,0,5000.0,0.545455,0.0,0.0,1
pairs_twitter_instagram,Linear,taymoor,taymoor,1,1.0,0.857143,1.0,1.0,0,0,5000.0,0.363636,0.0,0.0,1
pairs_twitter_instagram,Linear,leiah,leiah,1,0.999805,1.0,0.363636,0.538462,0,0,5000.0,0.0,0.0,0.0,1
pairs_twitter_instagram,Linear,paullanzerstorfer,paullanzerstorfer,1,1.0,1.0,1.0,1.0,0,0,5000.0,0.384615,0.0,0.0,1
pairs_twitter_instagram,Linear,aguantamena,aguantamena,1,1.0,1.0,1.0,1.0,0,0,5000.0,0.380952,0.0,0.0,1
pairs_twitter_instagram,Linear,iwankanda,iwankanda,1,1.0,1.0,1.0,1.0,0,0,5000.0,0.470588,0.0,0.0,1
pairs_twitter_instagram,Linear,cameronmagruder,cameronmagruder,1,0.996314,1.0,0.264706,0.405405,0,0,5000.0,0.470588,0.0,0.0,1
pairs_twitter_instagram,Linear,plongo,plongo,1,1.0,1.0,1.0,1.0,0,0,5000.0,0.0,0.0,0.0,1
pairs_twitter_instagram,Linear,pauley,pauley,1,0.898825,0.157895,0.541667,0.466667,0,0,5000.0,0.333333,0.0,0.0,1
pairs_twitter_instagram,Linear,netpierre,netpierre,1,1.0,1.0,1.0,1.0,0,0,5000.0,0.487805,0.0,0.0,1
pairs_twitter_instagram,Linear,russellvjward,russellvjward,1,1.0,1.0,1.0,1.0,0,0,5000.0,0.473684,0.0,0.0,1
pairs_twitter_instagram,Linear,justkimonline,justkimonline,1,1.0,1.0,1.0,1.0,0,0,5000.0,1.0,0.0,0.0,1
pairs_twitter_instagram,Linear,artcoulson,artcoulson,1,1.0,1.0,1.0,1.0,0,0,5000.0,0.153846,0.0,0.0,1
pairs_twitter_instagram,Linear,siricui,bryanrapoza,0,0.056248,0.222222,0.166667,0.206897,0,0,5000.0,0.4,0.0,0.0,0
pairs_twitter_instagram,Linear,andypiper,andypiper,1,1.0,1.0,0.818182,0.923077,0,0,5000.0,1.0,0.0,0.0,1
pairs_twitter_instagram,Linear,kuntoaji,kuntoaji,1,0.99971,0.777778,0.636364,0.571429,0,0,5000.0,0.333333,0.0,0.0,1
pairs_twitter_instagram,Linear,fahadalotaibi,fahadalotaibi,1,0.910469,1.0,0.0,0.25,0,0,5000.0,0.428571,0.0,0.0,1
pairs_twitter_instagram,Linear,jessicajoyce,jessicajoyce,1,1.0,1.0,0.736842,0.954545,0,0,5000.0,0.428571,0.0,0.0,1
pairs_twitter_instagram,Linear,hubertmotleyjr,hubertmotleyjr,1,0.999953,1.0,0.466667,0.636364,0,0,5000.0,0.444444,0.0,0.0,1
pairs_twitter_instagram,Linear,brocolinho,brocolinho,1,0.944186,0.0,0.772727,0.529412,0,0,5000.0,0.4,0.0,0.0,1
pairs_twitter_instagram,Linear,johnrogers,johnrogers,1,0.998719,0.153846,1.0,0.653846,0,0,5000.0,0.272727,0.0,0.0,1
pairs_twitter_instagram,Linear,antoniogomez,antoniogomez,1,0.999998,1.0,0.666667,0.777778,0,0,5000.0,0.363636,0.0,0.0,1
pairs_twitter_instagram,Linear,elnous,elnous,1,0.999994,1.0,0.571429,0.75,0,0,5000.0,0.461538,0.0,0.0,1
pairs_twitter_instagram,Linear,serveure,serveure,1,0.99525,1.0,0.047619,0.434783,0,0,5000.0,0.521739,0.0,0.0,1
pairs_twitter_instagram,Linear,gerardcorbett,gerardcorbett,1,0.97988,0.047619,1.0,0.571429,0,0,5000.0,1.0,0.0,0.0,1
pairs_twitter_instagram,Linear,isracv,isracv,1,1.0,1.0,1.0,1.0,0,0,5000.0,0.333333,0.0,0.0,1
pairs_twitter_instagram,Linear,garwinlu,weknow,0,0.118334,0.454545,0.0,0.227273,0,0,5000.0,0.866667,0.0,0.0,0
pairs_twitter_instagram,Linear,oisinhurley,vabisin,0,0.504298,0.428571,0.142857,0.307692,0,0,5000.0,0.434783,0.0,0.0,1
pairs_twitter_instagram,Linear,hanoglu,hanoglu,1,1.0,1.0,1.0,1.0,0,0,5000.0,0.416667,0.0,0.0,1
pairs_twitter_instagram,Linear,nathangreenberg,nathangreenberg,1,1.0,1.0,1.0,1.0,0,0,5000.0,0.4,0.0,0.0,1
pairs_twitter_instagram,Linear,riddhiman,riddhiman,1,1.0,1.0,1.0,1.0,0,0,5000.0,0.533333,0.0,0.0,1
pairs_twitter_instagram,Linear,rodrigoluna,rodrigoluna,1,0.999999,1.0,0.692308,0.866667,0,0,5000.0,0.333333,0.0,0.0,1
pairs_twitter_instagram,Linear,maruxz,marccruz,0,0.751054,0.333333,0.3,0.384615,0,0,5000.0,0.461538,0.0,0.0,0
pairs_twitter_instagram,Linear,shugo,shugo,1,1.0,1.0,1.0,1.0,0,0,5000.0,0.363636,0.0,0.0,1
pairs_twitter_instagram,Linear,visualem,visualem,1,0.990586,0.7,0.5,0.421053,0,0,5000.0,0.470588,0.0,0.0,1
pairs_twitter_instagram,Linear,shaan360,shaan360,1,0.995313,0.4,0.777778,0.5,0,0,5000.0,0.0,0.0,0.0,1
pairs_twitter_instagram,Linear,mysmartpuppy,mysmartpuppy,1,1.0,1.0,1.0,1.0,0,0,5000.0,1.0,0.0,0.0,1
pairs_twitter_instagram,Linear,ajcsantiago,ajcsantiago,1,0.999954,0.785714,0.681818,0.68,0,0,5000.0,0.434783,0.0,0.0,1
pairs_twitter_instagram,Linear,paolobianchi,paolobianchi,1,0.928223,0.714286,0.090909,0.333333,0,0,5000.0,0.0,0.0,0.0,1
pairs_twitter_instagram,Linear,sherifwilliam,sherifwilliam,1,0.999924,0.785714,0.65,0.652174,0,0,5000.0,0.384615,0.0,0.0,1
pairs_twitter_instagram,Linear,valverdemiguez,valverdemiguez,1,1.0,1.0,0.65,0.875,0,0,5000.0,0.0,0.0,0.0,1
pairs_twitter_instagram,Linear,zohare,zohare,1,1.0,1.0,1.0,1.0,0,0,5000.0,0.631579,0.0,0.0,1
pairs_twitter_instagram,Linear,jmzubi,jmzubi,1,0.999983,1.0,0.615385,0.666667,0,0,5000.0,0.4,0.0,0.0,1
pairs_twitter_instagram,Linear,ferminpeluqueros,ferminpeluqueros,1,0.99999,0.928571,0.333333,0.789474,0,0,5000.0,0.5,0.0,0.0,1
pairs_twitter_instagram,Linear,jeremyblum,jeremyblum,1,1.0,1.0,1.0,1.0,0,0,5000.0,1.0,0.0,0.0,1
pairs_twitter_instagram,Linear,damienfranco,damienfranco,1,1.0,1.0,1.0,1.0,0,0,5000.0,0.352941,0.0,0.0,1
pairs_twitter_instagram,Linear,amandaabella,amandaabella,1,0.999202,1.0,0.444444,0.464286,0,0,5000.0,0.444444,0.0,0.0,1
pairs_twitter_instagram,Linear,jagomf,jagomf,1,1.0,1.0,1.0,1.0,0,0,5000.0,0.461538,0.0,0.0,1
pairs_twitter_instagram,Linear,hassantawab,hassantawab,1,0.999971,1.0,0.3125,0.666667,0,0,5000.0,0.0,0.0,0.0,1
pairs_twitter_instagram,Linear,patriciacanellis,patriciacanellis,1,1.0,1.0,1.0,1.0,0,0,5000.0,0.357143,0.0,0.0,1
pairs_twitter_instagram,Linear,joemoran,joemoran,1,0.776645,0.055556,1.0,0.391304,0,0,5000.0,0.8,0.0,0.0,1
pairs_twitter_instagram,Linear,farryaprianto,farryaprianto,1,0.99999,0.333333,1.0,0.875,0,0,5000.0,0.146341,0.0,0.0,1
pairs_twitter_instagram,Linear,sabrinamiso,jimbgreen,0,0.047868,0.1,0.210526,0.233333,0,0,5000.0,0.35,0.0,0.0,0
pairs_twitter_instagram,Linear,syamanthsays,syamanthsays,1,0.999999,1.0,0.529412,0.904762,0,0,5000.0,0.44898,0.0,0.0,1
pairs_twitter_instagram,Linear,edgaile,aliciagreene,0,0.175662,0.307692,0.210526,0.217391,0,0,5000.0,0.0,0.0,0.0,0
pairs_twitter_instagram,Linear,celebrone,celebrone,1,1.0,1.0,1.0,1.0,0,0,5000.0,0.466667,0.0,0.0,1
pairs_twitter_instagram,Linear,charlesbabb,charlesbabb,1,0.998371,1.0,0.047619,0.5,0,0,5000.0,0.5,0.0,0.0,1
pairs_twitter_instagram,Linear,gkneefl,gkneefl,1,0.720467,0.666667,0.071429,0.263158,0,0,5000.0,0.111111,0.0,0.0,1
pairs_twitter_instagram,Linear,lindapierre,lindapierre,1,1.0,1.0,1.0,1.0,0,0,5000.0,0.352941,0.0,0.0,1
pairs_twitter_instagram,Linear,michaelcempa,michaelcempa,1,1.0,1.0,1.0,1.0,0,0,5000.0,0.5,0.0,0.0,1
pairs_twitter_instagram,Linear,jeangoodwyn,jeangoodwyn,1,0.999999,1.0,0.846154,0.866667,0,0,5000.0,1.0,0.0,0.0,1
pairs_twitter_instagram,Linear,bruff,bruff,1,0.927241,0.307692,0.464286,0.45,0,0,5000.0,0.421053,0.0,0.0,1
pairs_twitter_instagram,Linear,cristopolis,cristopolis,1,1.0,1.0,1.0,1.0,0,0,5000.0,0.434783,0.0,0.0,1
pairs_twitter_instagram,Linear,giffaririfkihidayat,giffaririfkihidayat,1,0.999882,0.181818,1.0,0.8,0,0,5000.0,0.411765,0.0,0.0,1
pairs_twitter_instagram,Linear,renemueller,renemueller,1,0.999624,0.25,1.0,0.7,0,0,5000.0,0.4,0.0,0.0,1
pairs_twitter_instagram,Linear,syntasium,syntasium,1,1.0,1.0,1.0,1.0,0,0,5000.0,0.571429,0.0,0.0,1
pairs_twitter_instagram,Linear,jorgeteixeira,jorgeteixeira,1,0.999856,1.0,0.333333,0.588235,0,0,5000.0,0.382979,0.0,0.0,1
pairs_twitter_instagram,Linear,marcemars,marcemars,1,0.999273,1.0,0.285714,0.5,0,0,5000.0,0.434783,0.0,0.0,1
pairs_twitter_instagram,Linear,sarabiaphoto,sarabiaphoto,1,0.999998,1.0,0.705882,0.791667,0,0,5000.0,0.4,0.0,0.0,1
pairs_twitter_instagram,Linear,cesvlc,cesvlc,1,0.99895,1.0,0.263158,0.48,0,0,5000.0,0.411765,0.0,0.0,1
pairs_twitter_instagram,Linear,fjasonwhitaker,fjasonwhitaker,1,1.0,1.0,1.0,1.0,0,0,5000.0,0.4,0.0,0.0,1
pairs_twitter_instagram,Linear,georgeadria,georgeadria,1,1.0,1.0,1.0,1.0,0,0,5000.0,0.333333,0.0,0.0,1
pairs_twitter_instagram,Linear,tomscholfield,tomscholfield,1,0.985714,1.0,0.058824,0.351351,0,0,5000.0,0.333333,0.0,0.0,1
pairs_twitter_instagram,Linear,jessicafajans,jessicafajans,1,1.0,1.0,1.0,1.0,0,0,5000.0,0.357143,0.0,0.0,1
pairs_twitter_instagram,Linear,eleanorthorne,eleanorthorne,1,0.825111,0.071429,0.631579,0.433333,0,0,5000.0,0.162162,0.0,0.0,1
pairs_twitter_instagram,Linear,afroninjax,afroninjax,1,0.999984,0.818182,0.818182,0.714286,0,0,5000.0,0.571429,0.0,0.0,1
pairs_twitter_instagram,Linear,assadullah,assadullah,1,1.0,1.0,1.0,1.0,0,0,5000.0,0.866667,0.0,0.0,1
pairs_twitter_instagram,Linear,drguara,drguara,1,1.0,1.0,1.0,1.0,0,0,5000.0,0.461538,0.0,0.0,1
pairs_twitter_instagram,Linear,jenkane,jenkane,1,1.0,1.0,1.0,1.0,0,0,5000.0,0.375,0.0,0.0,1
pairs_twitter_instagram,Linear,stoneysteiner,stoneysteiner,1,1.0,1.0,0.666667,0.9375,0,0,5000.0,0.526316,0.0,0.0,1
pairs_twitter_instagram,Linear,hopkins,hopkins,1,0.997949,1.0,0.043478,0.461538,0,0,5000.0,0.117647,0.0,0.0,1
pairs_twitter_instagram,Linear,jfzuluaga,jfzuluaga,1,0.999292,1.0,0.0,0.555556,0,0,5000.0,0.416667,0.0,0.0,1
pairs_twitter_instagram,Linear,makeesha,makeesha,1,1.0,0.875,1.0,0.875,0,0,5000.0,0.4,0.0,0.0,1
pairs_twitter_instagram,Linear,cathieheart,cathieheart,1,1.0,1.0,1.0,1.0,0,0,5000.0,0.461538,0.0,0.0,1
pairs_twitter_instagram,Linear,milenaregos,milenaregos,1,1.0,1.0,1.0,1.0,0,0,5000.0,0.392157,0.0,0.0,1
pairs_twitter_instagram,Linear,funkybass,funkybass,1,0.999954,0.727273,1.0,0.642857,0,0,5000.0,0.434783,0.0,0.0,1
pairs_twitter_instagram,Linear,walterburton,walterburton,1,0.999938,0.428571,1.0,0.736842,0,0,5000.0,0.333333,0.0,0.0,1
pairs_twitter_instagram,Linear,markustressl,markustressl,1,1.0,1.0,1.0,1.0,0,0,5000.0,0.428571,0.0,0.0,1
pairs_twitter_instagram,Linear,dciandy,dciandy,1,1.0,1.0,1.0,1.0,0,0,5000.0,0.434783,0.0,0.0,1
pairs_twitter_instagram,Linear,blaked13,blaked13,1,0.999638,0.357143,0.461538,0.789474,0,0,5000.0,0.8,0.0,0.0,1
pairs_twitter_instagram,Linear,plastikstuhl,plastikstuhl,1,0.985997,1.0,0.0,0.366667,0,0,5000.0,0.375,0.0,0.0,1
pairs_twitter_instagram,Linear,tomgeraghty,tomgeraghty,1,1.0,1.0,1.0,1.0,0,0,5000.0,0.421053,0.0,0.0,1
pairs_twitter_instagram,Linear,earlreagan,earlreagan,1,1.0,1.0,1.0,1.0,0,0,5000.0,0.378378,0.0,0.0,1
pairs_twitter_instagram,Linear,jabellag,javilabbe,0,0.991083,0.428571,0.642857,0.5,0,0,5000.0,0.392157,0.0,0.0,1
pairs_twitter_instagram,Linear,mthokozisig,mthokozisig,1,1.0,1.0,1.0,1.0,0,0,5000.0,0.434783,0.0,0.0,1
pairs_twitter_instagram,Linear,rolfek,rolfek,1,0.999999,0.625,1.0,0.916667,0,0,5000.0,0.388889,0.0,0.0,1
pairs_twitter_instagram,Linear,marcosba,marcosba,1,0.999999,1.0,0.75,0.8,0,0,5000.0,0.431373,0.0,0.0,1
pairs_twitter_instagram,Linear,leannekoh,leannekoh,1,0.99999,0.7,1.0,0.785714,0,0,5000.0,1.0,0.0,0.0,1
pairs_twitter_instagram,Linear,etthompson,etthompson,1,1.0,1.0,1.0,1.0,0,0,5000.0,1.0,0.0,0.0,1
pairs_twitter_instagram,Linear,mikelyden,mikelyden,1,1.0,1.0,1.0,1.0,0,0,5000.0,1.0,0.0,0.0,1
pairs_twitter_instagram,Linear,barbarapigazzi,barbaraparolini,0,0.285521,0.0,0.333333,0.380952,0,0,5000.0,0.391304,0.0,0.0,1
pairs_twitter_instagram,Linear,mariaalana,mariaalana,1,1.0,1.0,1.0,1.0,0,0,5000.0,0.8,0.0,0.0,1
pairs_twitter_instagram,Linear,jordanhaines,jordanhaines,1,1.0,1.0,1.0,1.0,0,0,5000.0,1.0,0.0,0.0,1
pairs_twitter_instagram,Linear,alruizm,alruizm,1,1.0,1.0,1.0,1.0,0,0,5000.0,0.454545,0.0,0.0,1
pairs_twitter_instagram,Linear,grisoni77,grisoni77,1,0.987296,1.0,0.0,0.380952,0,0,5000.0,0.5,0.0,0.0,1
pairs_twitter_instagram,Linear,lenzorizzo,lenzorizzo,1,1.0,1.0,1.0,1.0,0,0,5000.0,0.0,0.0,0.0,1
pairs_twitter_instagram,Linear,sebastianjimenez,sebastianjimenez,1,0.999998,0.75,1.0,0.846154,0,0,5000.0,0.521739,0.0,0.0,1
pairs_twitter_instagram,Linear,ibeso,ibeso,1,0.979972,1.0,0.0,0.333333,0,0,5000.0,0.210526,0.0,0.0,1
pairs_twitter_instagram,Linear,axknightroad,axknightroad,1,0.999994,1.0,0.428571,0.789474,0,0,5000.0,0.714286,0.0,0.0,1
pairs_twitter_instagram,Linear,marwsay,marwsay,1,1.0,1.0,1.0,1.0,0,0,5000.0,0.4,0.0,0.0,1
pairs_twitter_instagram,Linear,jayjayasuriya,jayjayasuriya,1,1.0,1.0,1.0,1.0,0,0,5000.0,0.4,0.0,0.0,1
pairs_twitter_instagram,Linear,lindaholland,allielholland,0,0.42541,0.2,0.571429,0.333333,0,0,5000.0,1.0,0.0,0.0,0
pairs_twitter_instagram,Linear,aleriga,aleriga,1,0.999996,0.470588,1.0,0.9,0,0,5000.0,0.363636,0.0,0.0,1
pairs_twitter_instagram,Linear,jamescuff,jamescuff,1,1.0,1.0,1.0,1.0,0,0,5000.0,0.5,0.0,0.0,1
pairs_twitter_instagram,Linear,hamzakhan,hamzakhan,1,0.997141,1.0,0.333333,0.407407,0,0,5000.0,0.461538,0.0,0.0,1
pairs_twitter_instagram,Linear,nobiann,nobiann,1,0.922799,0.6,0.363636,0.321429,0,0,5000.0,0.0,0.0,0.0,1
pairs_twitter_instagram,Linear,shalahbowden,shalahbowden,1,0.999341,0.461538,0.666667,0.684211,0,0,5000.0,1.0,0.0,0.0,1
pairs_twitter_instagram,Linear,juandiegoperez,juandiegoperez,1,1.0,1.0,0.764706,0.88,0,0,5000.0,0.4,0.0,0.0,1
pairs_twitter_instagram,Linear,nonanovi,nonanovi,1,1.0,1.0,1.0,1.0,0,0,5000.0,0.380952,0.0,0.0,1
pairs_twitter_instagram,Linear,brionsalazar,brionsalazar,1,1.0,1.0,1.0,1.0,0,0,5000.0,0.454545,0.0,0.0,1
pairs_twitter_instagram,Linear,whoisjuan,whoisjuan,1,1.0,1.0,1.0,1.0,0,0,5000.0,0.416667,0.0,0.0,1
pairs_twitter_instagram,Linear,verenetta,verenetta,1,0.853784,0.0,0.785714,0.5,0,0,5000.0,1.0,0.0,0.0,1
pairs_twitter_instagram,Linear,beauvarlet,beauvarlet,1,0.997741,1.0,0.36,0.423077,0,0,5000.0,0.555556,0.0,0.0,1
pairs_twitter_instagram,Linear,angelramiromerina,michaelangelo,0,0.077806,0.0,0.37037,0.275,0,0,5000.0,0.357143,0.0,0.0,0
pairs_twitter_instagram,Linear,carmelyne,carmelyne,1,1.0,1.0,1.0,1.0,0,0,5000.0,0.846154,0.0,0.0,1
pairs_twitter_instagram,Linear,barrett,barrett,1,0.996726,0.0,1.0,0.666667,0,0,5000.0,0.424242,0.0,0.0,1
pairs_twitter_instagram,Linear,favatas,favatas,1,0.999998,0.6,1.0,0.888889,0,0,5000.0,0.434783,0.0,0.0,1
pairs_twitter_instagram,Linear,fulltime,juliahull,0,0.071012,0.181818,0.230769,0.2,0,0,5000.0,0.0,0.0,0.0,1
pairs_twitter_instagram,Linear,adrianlp5,adrianlp5,1,1.0,1.0,1.0,1.0,0,0,5000.0,0.153846,0.0,0.0,1
pairs_twitter_instagram,Linear,lisamurraycom,lisamurraycom,1,0.572411,0.0,0.0,0.56,0,0,5000.0,1.0,0.0,0.0,1
pairs_twitter_instagram,Linear,bilyk,bilyk,1,0.999983,0.7,0.636364,0.785714,0,0,5000.0,0.461538,0.0,0.0,1
pairs_twitter_instagram,Linear,manuel,manuel,1,0.999062,1.0,0.2,0.5,0,0,5000.0,0.424242,0.0,0.0,1
pairs_twitter_instagram,Linear,kenn,kenn,1,1.0,1.0,1.0,1.0,0,0,5000.0,0.4,0.0,0.0,1
pairs_twitter_instagram,Linear,alisonlehr,alisonlehr,1,1.0,1.0,1.0,1.0,0,0,5000.0,0.357143,0.0,0.0,1
pairs_twitter_instagram,Linear,dimitriskanellopoulos,gosiabem,0,0.039421,0.266667,0.0,0.2,0,0,5000.0,0.428571,0.0,0.0,0
pairs_twitter_instagram,Linear,dppschoenmaker,dppschoenmaker,1,0.999557,1.0,0.05,0.576923,0,0,5000.0,0.444444,0.0,0.0,1
pairs_twitter_instagram,Linear,oyewaleoyediran,oyewaleoyediran,1,1.0,1.0,0.461538,0.933333,0,0,5000.0,0.444444,0.0,0.0,1
pairs_twitter_instagram,Linear,clintstapleton,clintstapleton,1,1.0,1.0,1.0,1.0,0,0,5000.0,0.421053,0.0,0.0,1
pairs_twitter_instagram,Linear,brodychilds,brodychilds,1,1.0,1.0,1.0,1.0,0,0,5000.0,1.0,0.0,0.0,1
pairs_twitter_instagram,Linear,thecindykelly,thecindykelly,1,0.98801,0.210526,1.0,0.5,0,0,5000.0,0.4,0.0,0.0,1
pairs_twitter_instagram,Linear,sambassman,sambassman,1,0.999876,1.0,0.44,0.588235,0,0,5000.0,0.5625,0.0,0.0,1
pairs_twitter_instagram,Linear,briankameoka,briankameoka,1,1.0,1.0,1.0,1.0,0,0,5000.0,0.357143,0.0,0.0,1
pairs_twitter_instagram,Linear,iperry,iperry,1,0.999983,0.714286,1.0,0.714286,0,0,5000.0,0.5,0.0,0.0,1
pairs_twitter_instagram,Linear,gosiabem,gosiabem,1,1.0,1.0,0.8,0.916667,0,0,5000.0,0.47619,0.0,0.0,1
pairs_twitter_instagram,Linear,obiwan,obiwan,1,1.0,1.0,1.0,1.0,0,0,5000.0,0.387097,0.0,0.0,1
pairs_twitter_instagram,Linear,nalts,nalts,1,0.999537,1.0,0.4,0.5,0,0,5000.0,0.342857,0.0,0.0,1
pairs_twitter_instagram,Linear,j4nu5,j4nu5,1,1.0,1.0,1.0,1.0,0,0,5000.0,0.407407,0.0,0.0,1
pairs_twitter_instagram,Linear,bradreason,bradreason,1,1.0,1.0,1.0,1.0,0,0,5000.0,1.0,0.0,0.0,1
pairs_twitter_instagram,Linear,conradomacalossi,conradomacalossi,1,1.0,0.933333,1.0,0.9,0,0,5000.0,0.0,0.0,0.0,1
pairs_twitter_instagram,Linear,milosradovic,milosradovic,1,0.999377,1.0,0.423077,0.482759,0,0,5000.0,0.428571,0.0,0.0,1
pairs_twitter_instagram,Linear,avatara,avatara,1,0.999999,0.571429,1.0,0.954545,0,0,5000.0,0.432432,0.0,0.0,1
pairs_twitter_instagram,Linear,hindemith,hindemith,1,1.0,1.0,1.0,1.0,0,0,5000.0,0.385965,0.0,0.0,1
pairs_twitter_instagram,Linear,tnsuarez,tnsuarez,1,1.0,1.0,0.846154,0.913043,0,0,5000.0,0.0,0.0,0.0,1
pairs_twitter_instagram,Linear,rafaeltinel,rafaeltinel,1,1.0,1.0,1.0,1.0,0,0,5000.0,0.428571,0.0,0.0,1
pairs_twitter_instagram,Linear,marisacarranza,marisacarranza,1,0.999999,0.846154,0.928571,0.833333,0,0,5000.0,0.6,0.0,0.0,1
pairs_twitter_instagram,Linear,avinashconda,avinashconda,1,1.0,1.0,1.0,1.0,0,0,5000.0,1.0,0.0,0.0,1
pairs_twitter_instagram,Linear,ben101,ben101,1,1.0,0.875,1.0,0.944444,0,0,5000.0,0.0,0.0,0.0,1
pairs_twitter_instagram,Linear,barriejdavies,barriejdavies,1,1.0,1.0,1.0,1.0,0,0,5000.0,0.488889,0.0,0.0,1
pairs_twitter_instagram,Linear,yohannlibot,yohannlibot,1,0.986825,1.0,0.066667,0.363636,0,0,5000.0,0.466667,0.0,0.0,1
pairs_twitter_instagram,Linear,joshuarmcgee,joshuarmcgee,1,0.999999,1.0,0.692308,0.866667,0,0,5000.0,0.571429,0.0,0.0,1
pairs_twitter_instagram,Linear,samboswell,samboswell,1,0.997277,0.375,1.0,0.52381,0,0,5000.0,0.35,0.0,0.0,1
pairs_twitter_instagram,Linear,parthans,parthans,1,1.0,1.0,1.0,1.0,0,0,5000.0,0.357143,0.0,0.0,1
pairs_twitter_instagram,Linear,rokck,rokck,1,0.904674,1.0,0.071429,0.235294,0,0,5000.0,0.48,0.0,0.0,1
pairs_twitter_instagram,Linear,lauramjimenez,lauramjimenez,1,0.999948,0.785714,0.625,0.681818,0,0,5000.0,0.4,0.0,0.0,1
pairs_twitter_instagram,Linear,ovie,ovie,1,1.0,1.0,1.0,1.0,0,0,5000.0,0.425532,0.0,0.0,1
pairs_twitter_instagram,Linear,christopherbornstein,christopherbornstein,1,0.999994,0.625,1.0,0.809524,0,0,5000.0,0.425532,0.0,0.0,1
pairs_twitter_instagram,Linear,eapesteguia,eapesteguia,1,1.0,1.0,1.0,1.0,0,0,5000.0,0.521739,0.0,0.0,1
pairs_twitter_instagram,Linear,herwigdaemon,herwigdaemon,1,1.0,1.0,1.0,1.0,0,0,5000.0,0.357143,0.0,0.0,1
pairs_twitter_instagram,Linear,molivieri,molivieri,1,1.0,1.0,1.0,1.0,0,0,5000.0,0.0,0.0,0.0,1
pairs_twitter_instagram,Linear,linzshelton,linzshelton,1,0.999996,0.75,1.0,0.8125,0,0,5000.0,0.8,0.0,0.0,1
pairs_twitter_instagram,Linear,cvstodia,cvstodia,1,0.93982,1.0,0.0,0.275862,0,0,5000.0,0.416667,0.0,0.0,1
pairs_twitter_instagram,Linear,thegaryjnix,thegaryjnix,1,0.931389,0.5,0.3,0.404762,0,0,5000.0,0.357143,0.0,0.0,1
pairs_twitter_instagram,Linear,arisadowitz,arisadowitz,1,0.999984,0.636364,1.0,0.73913,0,0,5000.0,0.333333,0.0,0.0,1
pairs_twitter_instagram,Linear,paulsapiano,paulsapiano,1,1.0,1.0,1.0,1.0,0,0,5000.0,0.545455,0.0,0.0,1
pairs_twitter_instagram,Linear,laurindel,laurindel,1,1.0,1.0,1.0,1.0,0,0,5000.0,0.5,0.0,0.0,1
pairs_twitter_instagram,Linear,scottymcdonald,scottymcdonald,1,0.999999,0.8,1.0,0.842105,0,0,5000.0,0.416667,0.0,0.0,1
pairs_twitter_instagram,Linear,kaymani,kaymani,1,0.996957,0.066667,1.0,0.64,0,0,5000.0,0.352941,0.0,0.0,1
pairs_twitter_instagram,Linear,tavojimenez,tavojimenez,1,1.0,1.0,1.0,1.0,0,0,5000.0,0.444444,0.0,0.0,1
pairs_twitter_instagram,Linear,raen,raen,1,0.999995,1.0,0.333333,0.833333,0,0,5000.0,1.0,0.0,0.0,1
pairs_twitter_instagram,Linear,nadines,nadines,1,1.0,1.0,1.0,1.0,0,0,5000.0,0.347826,0.0,0.0,1
pairs_twitter_instagram,Linear,paolobarbaglia,paolobarbaglia,1,1.0,1.0,1.0,1.0,0,0,5000.0,0.571429,0.0,0.0,1
pairs_twitter_instagram,Linear,eriksjos,eriksjos,1,0.999532,1.0,0.266667,0.529412,0,0,5000.0,0.410256,0.0,0.0,1
pairs_twitter_instagram,Linear,annaaroca,annaaroca,1,1.0,1.0,0.333333,1.0,0,0,5000.0,0.347826,0.0,0.0,1
pairs_twitter_instagram,Linear,daziapineda,daziapineda,1,1.0,1.0,1.0,1.0,0,0,5000.0,0.431373,0.0,0.0,1
pairs_twitter_instagram,Linear,metingunvar,metingunvar,1,1.0,1.0,1.0,1.0,0,0,5000.0,0.347826,0.0,0.0,1
pairs_twitter_instagram,Linear,brianskellie,brianskellie,1,0.999289,0.181818,1.0,0.684211,0,0,5000.0,0.347826,0.0,0.0,1
pairs_twitter_instagram,Linear,hflpjtrade,hflpjtrade,1,0.996089,1.0,0.0,0.45,0,0,5000.0,0.428571,0.0,0.0,1
pairs_twitter_instagram,Linear,frankrodriguez,frankrodriguez,1,1.0,1.0,1.0,1.0,0,0,5000.0,0.4,0.0,0.0,1
pairs_twitter_instagram,Linear,chethaka,chethaka,1,1.0,1.0,0.789474,0.9,0,0,5000.0,0.421053,0.0,0.0,1
pairs_twitter_instagram,Linear,joelhelbling,joelhelbling,1,1.0,1.0,1.0,1.0,0,0,5000.0,1.0,0.0,0.0,1
pairs_twitter_instagram,Linear,brentcoley,brentcoley,1,0.999962,0.363636,1.0,0.8,0,0,5000.0,0.454545,0.0,0.0,1
pairs_twitter_instagram,Linear,suereynolds,dalereynolds,0,0.999529,0.615385,0.642857,0.611111,0,0,5000.0,0.428571,0.0,0.0,1
pairs_twitter_instagram,Linear,toxicsquall,toxicsquall,1,0.995202,1.0,0.0,0.44,0,0,5000.0,0.470588,0.0,0.0,1
pairs_twitter_instagram,Linear,halleyknigge,halleyknigge,1,1.0,1.0,1.0,1.0,0,0,5000.0,0.434783,0.0,0.0,1
pairs_twitter_instagram,Linear,mneidich,mneidich,1,0.97427,1.0,0.0,0.333333,0,0,5000.0,0.454545,0.0,0.0,1
pairs_twitter_instagram,Linear,philosophermattlee,philosophermattlee,1,0.387002,0.047619,1.0,0.266667,0,0,5000.0,0.465116,0.0,0.0,1
pairs_twitter_instagram,Linear,scripty,scripty,1,0.999995,0.666667,1.0,0.8,0,0,5000.0,0.428571,0.0,0.0,1
pairs_twitter_instagram,Linear,anaelisa,anaelisa,1,0.999888,0.307692,0.9375,0.769231,0,0,5000.0,0.47619,0.0,0.0,1
pairs_twitter_instagram,Linear,jainmckay,jmcbain,0,0.99553,0.454545,0.5,0.6,0,0,5000.0,1.0,0.0,0.0,1
pairs_twitter_instagram,Linear,melissawalter,melissawalter,1,0.999095,0.318182,1.0,0.628571,0,0,5000.0,0.55814,0.0,0.0,1
pairs_twitter_instagram,Linear,ubskur,ubskur,1,0.872001,1.0,0.0,0.227273,0,0,5000.0,0.461538,0.0,0.0,1
pairs_twitter_instagram,Linear,janetstephenson,janetstephenson,1,0.999938,0.47619,0.681818,0.785714,0,0,5000.0,0.434783,0.0,0.0,1
pairs_twitter_instagram,Linear,gabeweb,gabeweb,1,1.0,1.0,1.0,1.0,0,0,5000.0,0.37037,0.0,0.0,1
pairs_twitter_instagram,Linear,colleengreene,colleengreene,1,1.0,1.0,1.0,1.0,0,0,5000.0,0.4,0.0,0.0,1
pairs_twitter_instagram,Linear,ianstgermain,ianstgermain,1,0.998295,1.0,0.166667,0.470588,0,0,5000.0,0.444444,0.0,0.0,1
pairs_twitter_instagram,Linear,bosstonsown,bosstonsown,1,0.999893,1.0,0.4,0.594595,0,0,5000.0,0.4,0.0,0.0,1
pairs_twitter_instagram,Linear,txsjohnny,txsjohnny,1,1.0,1.0,1.0,1.0,0,0,5000.0,0.162162,0.0,0.0,1
pairs_twitter_instagram,Linear,vikramkharvi,vikramkharvi,1,1.0,1.0,1.0,1.0,0,0,5000.0,0.521739,0.0,0.0,1
pairs_twitter_instagram,Linear,mattiaslundquist,mattiaslundquist,1,0.992409,0.181818,0.777778,0.576923,0,0,5000.0,0.307692,0.0,0.0,1
pairs_twitter_instagram,Linear,intan,intan,1,1.0,1.0,1.0,1.0,0,0,5000.0,0.424242,0.0,0.0,1
pairs_twitter_instagram,Linear,lucas13lab,lucas13lab,1,1.0,1.0,1.0,1.0,0,0,5000.0,0.0,0.0,0.0,1
pairs_twitter_instagram,Linear,nobuhata,nobuhata,1,0.999998,1.0,0.666667,0.818182,0,0,5000.0,0.666667,0.0,0.0,1
pairs_twitter_instagram,Linear,jnunes,jlantunez,0,0.418023,0.25,0.25,0.333333,0,0,5000.0,0.384615,0.0,0.0,0
pairs_twitter_instagram,Linear,mapsgirl,mapsgirl,1,1.0,1.0,1.0,1.0,0,0,5000.0,0.363636,0.0,0.0,1
pairs_twitter_instagram,Linear,jithinjb,jithinjb,1,0.999999,1.0,0.0,1.0,0,0,5000.0,0.533333,0.0,0.0,1
pairs_twitter_instagram,Linear,gailobannon,gailobannon,1,0.973606,1.0,0.0,0.315789,0,0,5000.0,0.210526,0.0,0.0,1
pairs_twitter_instagram,Linear,willcoley,willcoley,1,0.999981,0.444444,1.0,0.846154,0,0,5000.0,1.0,0.0,0.0,1
pairs_twitter_instagram,Linear,josepholesh,josepholesh,1,1.0,1.0,1.0,1.0,0,0,5000.0,0.347826,0.0,0.0,1
pairs_twitter_instagram,Linear,raulvillanueva,rodolfopereira,0,0.305835,0.25,0.263158,0.304348,0,0,5000.0,0.444444,0.0,0.0,0
pairs_twitter_instagram,Linear,beerluver,beerluver,1,1.0,1.0,1.0,1.0,0,0,5000.0,0.382979,0.0,0.0,1
pairs_twitter_instagram,Linear,artchang,artchang,1,0.99502,0.666667,0.5,0.5,0,0,5000.0,0.866667,0.0,0.0,1
pairs_twitter_instagram,Linear,shannonkelley,shannonkelley,1,1.0,1.0,1.0,1.0,0,0,5000.0,0.588235,0.0,0.0,1
pairs_twitter_instagram,Linear,richardthomson,richardthomson,1,1.0,1.0,1.0,1.0,0,0,5000.0,0.111111,0.0,0.0,1
pairs_twitter_instagram,Linear,michellehoffert,michellehoffert,1,1.0,1.0,1.0,1.0,0,0,5000.0,0.461538,0.0,0.0,1
pairs_twitter_instagram,Linear,chrishartley,chrishartley,1,0.998055,0.769231,0.0,0.588235,0,0,5000.0,0.470588,0.0,0.0,1
pairs_twitter_instagram,Linear,briankurzweil,briankurzweil,1,0.999991,0.5,1.0,0.833333,0,0,5000.0,0.424242,0.0,0.0,1
pairs_twitter_instagram,Linear,stephaniecain,stephaniecain,1,0.999943,0.5,0.866667,0.75,0,0,5000.0,0.5,0.0,0.0,1
pairs_twitter_instagram,Linear,dajw,dajw,1,1.0,1.0,1.0,1.0,0,0,5000.0,1.0,0.0,0.0,1
pairs_twitter_instagram,Linear,dopie,noahwieder,0,0.715209,0.333333,0.272727,0.375,0,0,5000.0,0.408163,0.0,0.0,1
pairs_twitter_instagram,Linear,laurapasquini,laurapasquini,1,1.0,1.0,1.0,1.0,0,0,5000.0,1.0,0.0,0.0,1
pairs_twitter_instagram,Linear,mattauckland,mattauckland,1,1.0,1.0,1.0,1.0,0,0,5000.0,1.0,0.0,0.0,1
pairs_twitter_instagram,Linear,delthatcher,delthatcher,1,1.0,1.0,1.0,1.0,0,0,5000.0,0.222222,0.0,0.0,1
pairs_twitter_instagram,Linear,emiarai,emiarai,1,1.0,1.0,1.0,1.0,0,0,5000.0,0.363636,0.0,0.0,1
pairs_twitter_instagram,Linear,leongersing,leongersing,1,0.958117,0.0,1.0,0.521739,0,0,5000.0,0.666667,0.0,0.0,1
pairs_twitter_instagram,Linear,angelfrancia,angelfrancia,1,1.0,1.0,1.0,1.0,0,0,5000.0,0.285714,0.0,0.0,1
pairs_twitter_instagram,Linear,davidgrimes,davidgrimes,1,0.99998,0.416667,1.0,0.8125,0,0,5000.0,0.363636,0.0,0.0,1
pairs_twitter_instagram,Linear,djemiliot,djemiliot,1,0.999999,1.0,0.636364,0.857143,0,0,5000.0,0.357143,0.0,0.0,1
pairs_twitter_instagram,Linear,asiace,asiace,1,0.985782,0.727273,0.0,0.473684,0,0,5000.0,0.363636,0.0,0.0,1
pairs_twitter_instagram,Linear,christopherspiewak,christopherspiewak,1,0.999996,0.526316,1.0,0.869565,0,0,5000.0,0.375,0.0,0.0,1
pairs_twitter_instagram,Linear,mita56,markbusse,0,0.227061,0.266667,0.294118,0.26087,0,0,5000.0,0.357143,0.0,0.0,0
pairs_twitter_instagram,Linear,damianopovoleri,aydensims,0,0.134859,0.375,0.153846,0.222222,0,0,5000.0,0.615385,0.0,0.0,0
pairs_twitter_instagram,Linear,missycaulk,missycaulk,1,0.999915,1.0,0.0,0.6875,0,0,5000.0,0.421053,0.0,0.0,1
pairs_twitter_instagram,Linear,playequalspeace,playequalspeace,1,1.0,1.0,1.0,1.0,0,0,5000.0,0.363636,0.0,0.0,1
pairs_twitter_instagram,Linear,rinachong,rinachong,1,0.55875,0.0,0.7,0.375,0,0,5000.0,0.285714,0.0,0.0,1
pairs_twitter_instagram,Linear,erikpt,erikpt,1,1.0,1.0,1.0,1.0,0,0,5000.0,0.538462,0.0,0.0,1
pairs_twitter_instagram,Linear,zohebraza,zohebraza,1,1.0,1.0,1.0,1.0,0,0,5000.0,0.421053,0.0,0.0,1
pairs_twitter_instagram,Linear,mekhovov,mekhovov,1,1.0,1.0,1.0,1.0,0,0,5000.0,0.344828,0.0,0.0,1
pairs_twitter_instagram,Linear,njurgensen,njurgensen,1,0.873619,0.3,0.4,0.4,0,0,5000.0,0.0,0.0,0.0,1
pairs_twitter_instagram,Linear,mcdermott,jamesmcknight,0,0.512035,0.25,0.35,0.3125,0,0,5000.0,0.0,0.0,0.0,0
pairs_twitter_instagram,Linear,mircowilhelm,mircowilhelm,1,1.0,1.0,1.0,1.0,0,0,5000.0,0.382979,0.0,0.0,1
pairs_twitter_instagram,Linear,xadusx,xadusx,1,1.0,1.0,1.0,1.0,0,0,5000.0,1.0,0.0,0.0,1
pairs_twitter_instagram,Linear,azfarrizvi,azfarrizvi,1,0.999971,1.0,0.555556,0.65,0,0,5000.0,0.461538,0.0,0.0,1
pairs_twitter_instagram,Linear,kelseawilhelm,kelseawilhelm,1,0.481639,0.357143,0.357143,0.285714,0,0,5000.0,0.380952,0.0,0.0,1
pairs_twitter_instagram,Linear,kasihelialg,kasihelialg,1,0.9999,0.8,0.458333,0.666667,0,0,5000.0,0.384615,0.0,0.0,1
pairs_twitter_instagram,Linear,israeltorres,israeltorres,1,1.0,1.0,1.0,1.0,0,0,5000.0,0.4,0.0,0.0,1
pairs_twitter_instagram,Linear,michaellgray,michaellgray,1,0.919475,0.045455,1.0,0.444444,0,0,5000.0,0.421053,0.0,0.0,1
pairs_twitter_instagram,Linear,aorcsik,aorcsik,1,0.999996,1.0,0.6875,0.736842,0,0,5000.0,0.4,0.0,0.0,1
pairs_twitter_instagram,Linear,justbiglee,justbiglee,1,1.0,1.0,1.0,1.0,0,0,5000.0,0.461538,0.0,0.0,1
pairs_twitter_instagram,Linear,aaroneden,aaroneden,1,1.0,1.0,1.0,1.0,0,0,5000.0,1.0,0.0,0.0,1
pairs_twitter_instagram,Linear,dabneyporte,dabneyporte,1,1.0,1.0,1.0,1.0,0,0,5000.0,0.444444,0.0,0.0,1
pairs_twitter_instagram,Linear,ramdanih,ramdanih,1,0.999954,1.0,0.538462,0.625,0,0,5000.0,0.466667,0.0,0.0,1
pairs_twitter_instagram,Linear,justinjackson,justinjackson,1,0.999608,1.0,0.464286,0.5,0,0,5000.0,0.375,0.0,0.0,1
pairs_twitter_instagram,Linear,johnwhitney,johnwhitney,1,0.999996,1.0,0.6875,0.736842,0,0,5000.0,0.384615,0.0,0.0,1
pairs_twitter_instagram,Linear,swords,swords,1,0.999998,0.555556,1.0,0.923077,0,0,5000.0,0.761905,0.0,0.0,1
pairs_twitter_instagram,Linear,samirhajiyev,samirhajiyev,1,1.0,1.0,1.0,1.0,0,0,5000.0,0.0,0.0,0.0,1
pairs_twitter_instagram,Linear,mattflessner,mattflessner,1,0.978249,1.0,0.074074,0.322581,0,0,5000.0,0.344828,0.0,0.0,1
pairs_twitter_instagram,Linear,primesuspect,primesuspect,1,0.670093,0.222222,0.44,0.372093,0,0,5000.0,0.380952,0.0,0.0,1
pairs_twitter_instagram,Linear,warrenwhitlock,warrenwhitlock,1,0.999606,1.0,0.466667,0.5,0,0,5000.0,0.384615,0.0,0.0,1
pairs_twitter_instagram,Linear,erickabe,erickabe,1,0.997947,1.0,0.347826,0.423077,0,0,5000.0,0.428571,0.0,0.0,1
pairs_twitter_instagram,Linear,seanmcmenemy,seanmcmenemy,1,0.999983,0.625,1.0,0.75,0,0,5000.0,0.484848,0.0,0.0,1
pairs_twitter_instagram,Linear,cpepin,cpepin,1,1.0,1.0,1.0,1.0,0,0,5000.0,1.0,0.0,0.0,1
pairs_twitter_instagram,Linear,alshehri,pierreedouardschmitt,0,0.016498,0.2,0.111111,0.132075,0,0,5000.0,0.16,0.0,0.0,0
pairs_twitter_instagram,Linear,alexbeckwith,alexbeckwith,1,0.999999,0.833333,1.0,0.846154,0,0,5000.0,0.421053,0.0,0.0,1
pairs_twitter_instagram,Linear,marcos5000,marcos5000,1,1.0,1.0,1.0,1.0,0,0,5000.0,0.434783,0.0,0.0,1
pairs_twitter_instagram,Linear,jesusgarciav,jesusgarciav,1,0.988732,1.0,0.105263,0.37037,0,0,5000.0,0.533333,0.0,0.0,1
pairs_twitter_instagram,Linear,giants5go5go5,giants5go5go5,1,1.0,1.0,1.0,1.0,0,0,5000.0,0.133333,0.0,0.0,1
pairs_twitter_instagram,Linear,dartanyon,dartanyon,1,1.0,1.0,1.0,1.0,0,0,5000.0,0.416667,0.0,0.0,1
pairs_twitter_instagram,Linear,dalereynolds,dalereynolds,1,1.0,0.916667,1.0,0.9375,0,0,5000.0,0.375,0.0,0.0,1
pairs_twitter_instagram,Linear,migscruz,migscruz,1,0.961376,0.666667,0.315789,0.375,0,0,5000.0,0.388889,0.0,0.0,1
pairs_twitter_instagram,Linear,michaelwylie,michaelwylie,1,0.999402,0.333333,1.0,0.636364,0,0,5000.0,0.375,0.0,0.0,1
pairs_twitter_instagram,Linear,femolina,jsfernando,0,0.884674,0.133333,0.538462,0.473684,0,0,5000.0,0.421053,0.0,0.0,0
pairs_twitter_instagram,Linear,smaku,smaku,1,0.990447,0.571429,0.333333,0.5,0,0,5000.0,0.416667,0.0,0.0,1
pairs_twitter_instagram,Linear,mayckxavier,mayckxavier,1,0.999998,1.0,0.363636,0.857143,0,0,5000.0,0.44,0.0,0.0,1
pairs_twitter_instagram,Linear,haroldcabezas,haroldcabezas,1,0.999937,0.5,0.461538,0.8125,0,0,5000.0,0.357143,0.0,0.0,1
pairs_twitter_instagram,Linear,eduardohernandezcamacho,eduardohernandezcamacho,1,1.0,1.0,1.0,1.0,0,0,5000.0,0.625,0.0,0.0,1
pairs_twitter_instagram,Linear,provocaretina,provocaretina,1,0.999978,1.0,0.416667,0.685714,0,0,5000.0,0.324324,0.0,0.0,1
pairs_twitter_instagram,Linear,davidaprice,davidaprice,1,1.0,1.0,0.833333,0.866667,0,0,5000.0,0.342857,0.0,0.0,1
pairs_twitter_instagram,Linear,julianasakae,julianasakae,1,0.999763,1.0,0.461538,0.5625,0,0,5000.0,0.846154,0.0,0.0,1
pairs_twitter_instagram,Linear,toshialex,toshialex,1,1.0,1.0,1.0,1.0,0,0,5000.0,0.421053,0.0,0.0,1
pairs_twitter_instagram,Linear,anscari19,anscari19,1,0.939344,0.75,0.0,0.375,0,0,5000.0,0.416667,0.0,0.0,1
pairs_twitter_instagram,Linear,iaincroll,iaincroll,1,0.999974,1.0,0.333333,0.7,0,0,5000.0,0.48,0.0,0.0,1
pairs_twitter_instagram,Linear,alsadekeen,alsadekeen,1,1.0,1.0,0.928571,0.95,0,0,5000.0,0.390244,0.0,0.0,1
pairs_twitter_instagram,Linear,chrispenny,chrispenny,1,1.0,1.0,1.0,1.0,0,0,5000.0,0.352941,0.0,0.0,1
pairs_twitter_instagram,Linear,mikewood,mikewood,1,0.995429,0.375,1.0,0.5,0,0,5000.0,0.48,0.0,0.0,1
pairs_twitter_instagram,Linear,schmeezus,schmeezus,1,1.0,1.0,0.625,1.0,0,0,5000.0,0.48,0.0,0.0,1
pairs_twitter_instagram,Linear,mbhw,mbhw,1,0.999989,1.0,0.6,0.7,0,0,5000.0,0.458333,0.0,0.0,1
pairs_twitter_instagram,Linear,marciehull,marciehull,1,1.0,1.0,0.833333,0.894737,0,0,5000.0,0.0,0.0,0.0,1
pairs_twitter_instagram,Linear,cyrilabbas,cyrilabbas,1,0.969694,1.0,0.0,0.322581,0,0,5000.0,0.45,0.0,0.0,1
pairs_twitter_instagram,Linear,mikelotaegi,mikelotaegi,1,1.0,1.0,1.0,1.0,0,0,5000.0,0.434783,0.0,0.0,1
pairs_twitter_instagram,Linear,teriblaschke,teriblaschke,1,0.999951,0.647059,0.857143,0.689655,0,0,5000.0,0.307692,0.0,0.0,1
pairs_twitter_instagram,Linear,chrislentz,chrislentz,1,1.0,1.0,1.0,1.0,0,0,5000.0,0.421053,0.0,0.0,1
pairs_twitter_instagram,Linear,julieraesandifer,julieraesandifer,1,0.9996,0.0625,1.0,0.772727,0,0,5000.0,0.428571,0.0,0.0,1
pairs_twitter_instagram,Linear,stephanweiss,stephanweiss,1,1.0,1.0,1.0,1.0,0,0,5000.0,0.342857,0.0,0.0,1
pairs_twitter_instagram,Linear,gyokusai,gyokusai,1,0.367811,0.0,1.0,0.275862,0,0,5000.0,0.392857,0.0,0.0,1
pairs_twitter_instagram,Linear,laughedelic,laughedelic,1,1.0,1.0,1.0,1.0,0,0,5000.0,0.518519,0.0,0.0,1
pairs_twitter_instagram,Linear,bryanstone,bryanstone,1,1.0,1.0,1.0,1.0,0,0,5000.0,0.421053,0.0,0.0,1
pairs_twitter_instagram,Linear,gabrielravarini,gabrielravarini,1,1.0,1.0,1.0,1.0,0,0,5000.0,0.431373,0.0,0.0,1
pairs_twitter_instagram,Linear,jonathanvu,jonathanvu,1,0.999999,1.0,0.727273,0.846154,0,0,5000.0,1.0,0.0,0.0,1
pairs_twitter_instagram,Linear,andyhickl,andyhickl,1,0.999993,0.8,1.0,0.733333,0,0,5000.0,0.416667,0.0,0.0,1
pairs_twitter_instagram,Linear,lunic,lunic,1,1.0,1.0,1.0,1.0,0,0,5000.0,1.0,0.0,0.0,1
pairs_twitter_instagram,Linear,giovanenunes,giovanenunes,1,0.999915,0.461538,1.0,0.705882,0,0,5000.0,0.372093,0.0,0.0,1
pairs_twitter_instagram,Linear,chrismontoya,chrismontoya,1,0.999983,1.0,0.611111,0.708333,0,0,5000.0,1.0,0.0,0.0,1
pairs_twitter_instagram,Linear,fcoblanco,fcoblanco,1,1.0,1.0,1.0,1.0,0,0,5000.0,0.545455,0.0,0.0,1
pairs_twitter_instagram,Linear,johnmischief,johnmischief,1,1.0,1.0,1.0,1.0,0,0,5000.0,0.108108,0.0,0.0,1
pairs_twitter_instagram,Linear,swburdine,swburdine,1,1.0,1.0,1.0,1.0,0,0,5000.0,0.666667,0.0,0.0,1
pairs_twitter_instagram,Linear,rjudas,rjudas,1,0.999987,0.363636,1.0,0.866667,0,0,5000.0,0.444444,0.0,0.0,1
pairs_twitter_instagram,Linear,victorhgtzr,victorhgtzr,1,0.999194,1.0,0.136364,0.5,0,0,5000.0,0.090909,0.0,0.0,1
pairs_twitter_instagram,Linear,tekjau,tekjau,1,0.99986,1.0,0.363636,0.583333,0,0,5000.0,0.375,0.0,0.0,1
pairs_twitter_instagram,Linear,michellenichols,michellenichols,1,0.997118,1.0,0.0,0.46875,0,0,5000.0,0.424242,0.0,0.0,1
pairs_twitter_instagram,Linear,colinrusso,colinrusso,1,1.0,1.0,1.0,1.0,0,0,5000.0,1.0,0.0,0.0,1
pairs_twitter_instagram,Linear,chrisdiaz,chrisdiaz,1,1.0,1.0,1.0,1.0,0,0,5000.0,0.333333,0.0,0.0,1
pairs_twitter_instagram,Linear,stephintoronto,stephintoronto,1,0.999998,1.0,0.307692,0.866667,0,0,5000.0,0.461538,0.0,0.0,1
pairs_twitter_instagram,Linear,giraudkd,giraudkd,1,0.999992,0.3,1.0,0.92,0,0,5000.0,0.444444,0.0,0.0,1
pairs_twitter_instagram,Linear,gabealonso,gabealonso,1,0.999999,0.666667,1.0,0.923077,0,0,5000.0,0.25,0.0,0.0,1
pairs_twitter_instagram,Linear,sergiocastro,sergiocastro,1,0.999933,0.6875,0.785714,0.684211,0,0,5000.0,0.56,0.0,0.0,1
pairs_twitter_instagram,Linear,mdupls,mdupls,1,1.0,1.0,1.0,1.0,0,0,5000.0,0.468085,0.0,0.0,1
pairs_twitter_instagram,Linear,rheyankaj,aliciagreene,0,0.190026,0.266667,0.181818,0.28125,0,0,5000.0,0.551724,0.0,0.0,0
pairs_twitter_instagram,Linear,rubenbrave,rubenbrave,1,0.911266,0.0,1.0,0.458333,0,0,5000.0,0.457143,0.0,0.0,1
pairs_twitter_instagram,Linear,garthsmitman,garthsmitman,1,1.0,1.0,1.0,1.0,0,0,5000.0,0.0,0.0,0.0,1
pairs_twitter_instagram,Linear,vanou,vanou,1,1.0,1.0,1.0,1.0,0,0,5000.0,0.341463,0.0,0.0,1
pairs_twitter_instagram,Linear,caseygonzales,caseygonzales,1,1.0,1.0,0.666667,1.0,0,0,5000.0,0.625,0.0,0.0,1
pairs_twitter_instagram,Linear,peterlombard,peterlombard,1,0.540792,0.125,0.315789,0.407407,0,0,5000.0,0.48,0.0,0.0,1
pairs_twitter_instagram,Linear,chicotoxico,chicotoxico,1,1.0,1.0,1.0,1.0,0,0,5000.0,0.4,0.0,0.0,1
pairs_twitter_instagram,Linear,danieldiazandres,danieldiazandres,1,0.99969,0.75,0.5,0.611111,0,0,5000.0,0.432432,0.0,0.0,1
pairs_twitter_instagram,Linear,rafaelknupfer,rafaelknupfer,1,1.0,1.0,0.733333,0.888889,0,0,5000.0,0.428571,0.0,0.0,1
pairs_twitter_instagram,Linear,erinjeany,erinjeany,1,1.0,1.0,1.0,1.0,0,0,5000.0,0.444444,0.0,0.0,1
pairs_twitter_instagram,Linear,ianord,ianord,1,1.0,1.0,1.0,1.0,0,0,5000.0,0.333333,0.0,0.0,1
pairs_twitter_instagram,Linear,jefflombardo,jefflombardo,1,1.0,1.0,1.0,1.0,0,0,5000.0,0.444444,0.0,0.0,1
pairs_twitter_instagram,Linear,laurarenieri,laurarenieri,1,0.999956,1.0,0.238095,0.68,0,0,5000.0,0.375,0.0,0.0,1
pairs_twitter_instagram,Linear,yannawilson,yannawilson,1,1.0,1.0,1.0,1.0,0,0,5000.0,0.8,0.0,0.0,1
pairs_twitter_instagram,Linear,tjgraf,tjgraf,1,1.0,1.0,0.833333,0.875,0,0,5000.0,0.413793,0.0,0.0,1
pairs_twitter_instagram,Linear,giuseppeazzaro,giuseppeazzaro,1,0.999761,0.2,1.0,0.75,0,0,5000.0,0.428571,0.0,0.0,1
pairs_twitter_instagram,Linear,jeremycwilson,jeremycwilson,1,1.0,1.0,1.0,1.0,0,0,5000.0,0.666667,0.0,0.0,1
pairs_twitter_instagram,Linear,andreadellacqua,andreadellacqua,1,0.965933,1.0,0.0,0.285714,0,0,5000.0,0.0,0.0,0.0,1
pairs_twitter_instagram,Linear,egalli,egalli,1,1.0,1.0,1.0,1.0,0,0,5000.0,0.117647,0.0,0.0,1
pairs_twitter_instagram,Linear,emanuelepapi,emanuelepapi,1,0.999992,0.416667,1.0,0.875,0,0,5000.0,0.457143,0.0,0.0,1
pairs_twitter_instagram,Linear,ginecita,ginecita,1,1.0,1.0,1.0,1.0,0,0,5000.0,0.425532,0.0,0.0,1
pairs_twitter_instagram,Linear,kevintrotman,kevintrotman,1,0.967579,0.0,1.0,0.56,0,0,5000.0,1.0,0.0,0.0,1
pairs_twitter_instagram,Linear,animerxn,animerxn,1,0.999886,1.0,0.133333,0.647059,0,0,5000.0,0.470588,0.0,0.0,1
pairs_twitter_instagram,Linear,kenwatson,kenwatson,1,0.998383,1.0,0.346154,0.433333,0,0,5000.0,0.352941,0.0,0.0,1
pairs_twitter_instagram,Linear,phelzito,phelzito,1,1.0,1.0,1.0,1.0,0,0,5000.0,0.142857,0.0,0.0,1
pairs_twitter_instagram,Linear,osamakhaled,osamakhaled,1,1.0,1.0,1.0,1.0,0,0,5000.0,0.454545,0.0,0.0,1
pairs_twitter_instagram,Linear,neilalexander,neilalexander,1,1.0,1.0,0.8125,1.0,0,0,5000.0,0.416667,0.0,0.0,1
pairs_twitter_instagram,Linear,michaelkoenig,michaelkoenig,1,1.0,1.0,1.0,1.0,0,0,5000.0,1.0,0.0,0.0,1
pairs_twitter_instagram,Linear,seronline,mrobertsonline,0,0.364166,0.5,0.115385,0.285714,0,0,5000.0,1.0,0.0,0.0,0
pairs_twitter_instagram,Linear,vmshreddy,vmshreddy,1,1.0,1.0,1.0,1.0,0,0,5000.0,0.545455,0.0,0.0,1
pairs_twitter_instagram,Linear,deckerweb,deckerweb,1,1.0,1.0,1.0,1.0,0,0,5000.0,0.461538,0.0,0.0,1
pairs_twitter_instagram,Linear,gpagliucas,gpagliucas,1,1.0,1.0,1.0,1.0,0,0,5000.0,0.5,0.0,0.0,1
pairs_twitter_instagram,Linear,zulfikrock,zulfikrock,1,1.0,1.0,0.75,0.9,0,0,5000.0,0.444444,0.0,0.0,1
pairs_twitter_instagram,Linear,stefanjez,stefanjez,1,0.961129,0.0,0.05,0.692308,0,0,5000.0,0.4,0.0,0.0,1
pairs_twitter_instagram,Linear,moseljack,moseljack,1,0.999936,1.0,0.0,0.727273,0,0,5000.0,0.761905,0.0,0.0,1
pairs_twitter_instagram,Linear,staciehaightconnerty,staciehaightconnerty,1,1.0,1.0,0.875,0.923077,0,0,5000.0,0.421053,0.0,0.0,1
pairs_twitter_instagram,Linear,getpalmd,getpalmd,1,1.0,1.0,1.0,1.0,0,0,5000.0,0.478261,0.0,0.0,1
pairs_twitter_instagram,Linear,millares,millares,1,1.0,1.0,1.0,1.0,0,0,5000.0,0.4,0.0,0.0,1
pairs_twitter_instagram,Linear,joeybryant,joeybryant,1,0.708403,0.0,1.0,0.366667,0,0,5000.0,0.424242,0.0,0.0,1
pairs_twitter_instagram,Linear,miph,miph,1,0.974465,0.6,0.3,0.434783,0,0,5000.0,0.444444,0.0,0.0,1
pairs_twitter_instagram,Linear,marionaaragay,marionaaragay,1,1.0,1.0,0.769231,0.866667,0,0,5000.0,0.4,0.0,0.0,1
pairs_twitter_instagram,Linear,jrwoodward,jrwoodward,1,1.0,1.0,0.833333,0.916667,0,0,5000.0,1.0,0.0,0.0,1
pairs_twitter_instagram,Linear,lagonzi,patriciamellin,0,0.126063,0.285714,0.263158,0.222222,0,0,5000.0,0.466667,0.0,0.0,0
pairs_twitter_instagram,Linear,fzzio,fzzio,1,0.999999,1.0,0.8,0.833333,0,0,5000.0,0.45,0.0,0.0,1
pairs_twitter_instagram,Linear,maxculleen,maxculleen,1,0.997029,1.0,0.333333,0.4,0,0,5000.0,0.384615,0.0,0.0,1
pairs_twitter_instagram,Linear,marloncureg,marloncureg,1,0.996484,1.0,0.0,0.458333,0,0,5000.0,0.454545,0.0,0.0,1
pairs_twitter_instagram,Linear,raullazar,raullazar,1,0.999999,0.8,1.0,0.846154,0,0,5000.0,0.363636,0.0,0.0,1
pairs_twitter_instagram,Linear,vaseem,vaseem,1,1.0,1.0,1.0,1.0,0,0,5000.0,0.352941,0.0,0.0,1
pairs_twitter_instagram,Linear,avikaco,avikaco,1,0.999574,1.0,0.375,0.516129,0,0,5000.0,0.4375,0.0,0.0,1
pairs_twitter_instagram,Linear,ivankovacevic,ivankovacevic,1,1.0,1.0,1.0,1.0,0,0,5000.0,0.363636,0.0,0.0,1
pairs_twitter_instagram,Linear,thatgirlmegan,thatgirlmegan,1,1.0,1.0,1.0,1.0,0,0,5000.0,1.0,0.0,0.0,1
pairs_twitter_instagram,Linear,elsabonafonte,elsabonafonte,1,1.0,1.0,1.0,1.0,0,0,5000.0,0.545455,0.0,0.0,1
pairs_twitter_instagram,Linear,peppayo,peppayo,1,0.999999,1.0,0.285714,0.888889,0,0,5000.0,0.418605,0.0,0.0,1
pairs_twitter_instagram,Linear,joypoulsen,johelsen,0,0.440979,0.333333,0.1,0.375,0,0,5000.0,1.0,0.0,0.0,1
pairs_twitter_instagram,Linear,nicolevsanchez,nicolevsanchez,1,0.999791,0.866667,0.0,0.684211,0,0,5000.0,0.413793,0.0,0.0,1
pairs_twitter_instagram,Linear,cristiancraig,cristiancraig,1,0.999705,1.0,0.2,0.576923,0,0,5000.0,0.5,0.0,0.0,1
pairs_twitter_instagram,Linear,dbproductionltd,dbproductionltd,1,0.953175,0.090909,1.0,0.5,0,0,5000.0,1.0,0.0,0.0,1
pairs_twitter_instagram,Linear,havepening,helloethan,0,0.535759,0.4,0.0,0.333333,0,0,5000.0,0.111111,0.0,0.0,0
pairs_twitter_instagram,Linear,drkevinlau,drkevinlau,1,0.990626,0.071429,1.0,0.571429,0,0,5000.0,0.408163,0.0,0.0,1
pairs_twitter_instagram,Linear,enzomartinez,enzomartinez,1,0.999985,0.833333,1.0,0.666667,0,0,5000.0,0.378378,0.0,0.0,1
pairs_twitter_instagram,Linear,libertrand,libertrand,1,1.0,1.0,0.0,1.0,0,0,5000.0,0.0,0.0,0.0,1
pairs_twitter_instagram,Linear,alexreekie,alexreekie,1,1.0,1.0,1.0,1.0,0,0,5000.0,1.0,0.0,0.0,1
pairs_twitter_instagram,Linear,shepdaddy,shepdaddy,1,1.0,0.8,1.0,0.904762,0,0,5000.0,0.461538,0.0,0.0,1
pairs_twitter_instagram,Linear,davidinlines,davidinlines,1,1.0,1.0,1.0,1.0,0,0,5000.0,0.341463,0.0,0.0,1
pairs_twitter_instagram,Linear,know4life,know4life,1,0.984509,1.0,0.0,0.36,0,0,5000.0,0.37037,0.0,0.0,1
pairs_twitter_instagram,Linear,jimenamazucco,jimenamazucco,1,1.0,1.0,0.785714,0.875,0,0,5000.0,0.545455,0.0,0.0,1
pairs_twitter_instagram,Linear,tomromano,tomromano,1,0.999966,1.0,0.25,0.7,0,0,5000.0,0.47619,0.0,0.0,1
pairs_twitter_instagram,Linear,roccoruffa,roccoruffa,1,0.987827,0.176471,1.0,0.52381,0,0,5000.0,0.571429,0.0,0.0,1
pairs_twitter_instagram,Linear,cintiavanesadias,amyturman,0,0.538856,0.333333,0.307692,0.294118,0,0,5000.0,0.0,0.0,0.0,0
pairs_twitter_instagram,Linear,rycosandy,rycosandy,1,1.0,1.0,1.0,1.0,0,0,5000.0,0.37037,0.0,0.0,1
pairs_twitter_instagram,Linear,samuelstrickland,samuelstrickland,1,1.0,1.0,1.0,1.0,0,0,5000.0,0.846154,0.0,0.0,1
pairs_twitter_instagram,Linear,fernandabh,jsfernando,0,0.992961,0.5,0.75,0.466667,0,0,5000.0,0.407407,0.0,0.0,1
pairs_twitter_instagram,Linear,dangordon,dangordon,1,0.999606,1.0,0.444444,0.5,0,0,5000.0,0.32,0.0,0.0,1
pairs_twitter_instagram,Linear,ryanriot,ryanriot,1,1.0,1.0,1.0,1.0,0,0,5000.0,0.4,0.0,0.0,1
pairs_twitter_instagram,Linear,kshkhanna,kshkhanna,1,1.0,1.0,1.0,1.0,0,0,5000.0,0.5,0.0,0.0,1
pairs_twitter_instagram,Linear,jakeathomas,jakeathomas,1,1.0,1.0,1.0,1.0,0,0,5000.0,0.521739,0.0,0.0,1
pairs_twitter_instagram,Linear,difol,difol,1,0.943718,1.0,0.0,0.285714,0,0,5000.0,0.5,0.0,0.0,1
pairs_twitter_instagram,Linear,narayanann,narayanann,1,0.842179,0.0,0.75,0.470588,0,0,5000.0,0.529412,0.0,0.0,1
pairs_twitter_instagram,Linear,raulk,raulk,1,0.999984,0.8,0.818182,0.6875,0,0,5000.0,0.0,0.0,0.0,1
pairs_twitter_instagram,Linear,dianaantholis,dianaantholis,1,1.0,1.0,1.0,1.0,0,0,5000.0,1.0,0.0,0.0,1
pairs_twitter_instagram,Linear,wesleycruise,wesleycruise,1,1.0,1.0,1.0,1.0,0,0,5000.0,0.432432,0.0,0.0,1
pairs_twitter_instagram,Linear,jacobtell,jacobtell,1,1.0,1.0,1.0,1.0,0,0,5000.0,0.514286,0.0,0.0,1
pairs_twitter_instagram,Linear,flavenne,flavenne,1,0.054149,0.0,0.333333,0.3,0,0,5000.0,1.0,0.0,0.0,1
pairs_twitter_instagram,Linear,nerism,elleneinkauf,0,0.233739,0.555556,0.0,0.222222,0,0,5000.0,0.625,0.0,0.0,1
pairs_twitter_instagram,Linear,whitneyenglish,whitneyenglish,1,1.0,1.0,1.0,1.0,0,0,5000.0,0.0,0.0,0.0,1
pairs_twitter_instagram,Linear,nanaweber,nanaweber,1,0.999984,1.0,0.25,0.73913,0,0,5000.0,0.380952,0.0,0.0,1
pairs_twitter_instagram,Linear,insurgo222,insurgo222,1,0.976829,1.0,0.0,0.310345,0,0,5000.0,0.0,0.0,0.0,1
pairs_twitter_instagram,Linear,friederikeschmidt,friederikeschmidt,1,1.0,1.0,1.0,1.0,0,0,5000.0,0.424242,0.0,0.0,1
pairs_twitter_instagram,Linear,dashable,dashable,1,0.999549,1.0,0.411765,0.5,0,0,5000.0,0.352941,0.0,0.0,1
pairs_twitter_instagram,Linear,paulmederos,paulmederos,1,0.998157,0.25,0.6875,0.666667,0,0,5000.0,0.48,0.0,0.0,1
pairs_twitter_instagram,Linear,jonarogers,jonarogers,1,1.0,1.0,1.0,1.0,0,0,5000.0,1.0,0.0,0.0,1
pairs_twitter_instagram,Linear,tobiaskemper,tobiaskemper,1,0.999928,0.333333,1.0,0.8,0,0,5000.0,0.866667,0.0,0.0,1
pairs_twitter_instagram,Linear,agathamarsha,agathamarsha,1,1.0,1.0,1.0,1.0,0,0,5000.0,0.4,0.0,0.0,1
pairs_twitter_instagram,Linear,rikkiarundel,rikkiarundel,1,1.0,1.0,1.0,1.0,0,0,5000.0,1.0,0.0,0.0,1
pairs_twitter_instagram,Linear,elwaslibet,elwaslibet,1,0.999613,0.214286,1.0,0.72,0,0,5000.0,0.516129,0.0,0.0,1
pairs_twitter_instagram,Linear,hldpn,hldpn,1,0.995244,1.0,0.083333,0.428571,0,0,5000.0,0.533333,0.0,0.0,1
pairs_twitter_instagram,Linear,littlebitsandpieces,littlebitsandpieces,1,0.99999,1.0,0.461538,0.730769,0,0,5000.0,0.37037,0.0,0.0,1
pairs_twitter_instagram,Linear,utsavmaden,utsavmaden,1,1.0,1.0,1.0,1.0,0,0,5000.0,0.588235,0.0,0.0,1
pairs_twitter_instagram,Linear,dhilipsiva,dhilipsiva,1,1.0,1.0,1.0,1.0,0,0,5000.0,0.625,0.0,0.0,1
pairs_twitter_instagram,Linear,davelabush,davelabush,1,1.0,1.0,1.0,1.0,0,0,5000.0,0.461538,0.0,0.0,1
pairs_twitter_instagram,Linear,andrerbrown,andrerbrown,1,0.964716,0.461538,0.461538,0.4375,0,0,5000.0,0.434783,0.0,0.0,1
pairs_twitter_instagram,Linear,elbaloo,elbaloo,1,0.882633,1.0,0.0,0.230769,0,0,5000.0,0.421053,0.0,0.0,1
pairs_twitter_instagram,Linear,enriquemeza,enriquemeza,1,0.999998,0.769231,1.0,0.823529,0,0,5000.0,0.428571,0.0,0.0,1
pairs_twitter_instagram,Linear,johnbishopimages,johnbishopimages,1,0.999804,0.529412,0.588235,0.708333,0,0,5000.0,0.4,0.0,0.0,1
pairs_twitter_instagram,Linear,mananpatel,mananpatel,1,1.0,1.0,1.0,1.0,0,0,5000.0,0.866667,0.0,0.0,1
pairs_twitter_instagram,Linear,eisema,eisema,1,1.0,1.0,1.0,1.0,0,0,5000.0,0.533333,0.0,0.0,1
pairs_twitter_instagram,Linear,mikejeide,mikejeide,1,0.999988,0.444444,1.0,0.833333,0,0,5000.0,0.333333,0.0,0.0,1
pairs_twitter_instagram,Linear,stephenbarr,stevegary,0,0.73337,0.416667,0.444444,0.352941,0,0,5000.0,1.0,0.0,0.0,1
pairs_twitter_instagram,Linear,bonarae,bonarae,1,0.99422,0.0,1.0,0.62963,0,0,5000.0,0.4,0.0,0.0,1
pairs_twitter_instagram,Linear,glemak,glemak,1,1.0,1.0,1.0,1.0,0,0,5000.0,1.0,0.0,0.0,1
pairs_twitter_instagram,Linear,ahaportugal,ahaportugal,1,0.998852,1.0,0.0,0.526316,0,0,5000.0,0.428571,0.0,0.0,1
pairs_twitter_instagram,Linear,franktraylor,franktraylor,1,1.0,1.0,1.0,1.0,0,0,5000.0,0.333333,0.0,0.0,1
pairs_twitter_instagram,Linear,corikesler,corikesler,1,0.999986,1.0,0.3,0.777778,0,0,5000.0,1.0,0.0,0.0,1
pairs_twitter_instagram,Linear,larrybradshaw,larrybradshaw,1,1.0,1.0,1.0,1.0,0,0,5000.0,0.108108,0.0,0.0,1
pairs_twitter_instagram,Linear,martinpsialer,martinpsialer,1,1.0,1.0,1.0,1.0,0,0,5000.0,0.461538,0.0,0.0,1
pairs_twitter_instagram,Linear,stiofanoriain,stiofanoriain,1,1.0,1.0,1.0,1.0,0,0,5000.0,0.666667,0.0,0.0,1
pairs_twitter_instagram,Linear,ccostan,ccostan,1,1.0,1.0,1.0,1.0,0,0,5000.0,0.195122,0.0,0.0,1
pairs_twitter_instagram,Linear,michaelfleming,michaelfleming,1,1.0,1.0,1.0,1.0,0,0,5000.0,1.0,0.0,0.0,1
pairs_twitter_instagram,Linear,evasanagustin,evasanagustin,1,1.0,1.0,0.733333,0.888889,0,0,5000.0,0.4,0.0,0.0,1
pairs_twitter_instagram,Linear,lucioscarpa,lucioscarpa,1,0.999997,0.75,1.0,0.8125,0,0,5000.0,0.444444,0.0,0.0,1
pairs_twitter_instagram,Linear,mathiasmaul,mathiasmaul,1,1.0,1.0,1.0,1.0,0,0,5000.0,0.4,0.0,0.0,1
pairs_twitter_instagram,Linear,bryanmurley,bryanmurley,1,0.99264,0.454545,0.0,0.6,0,0,5000.0,0.0,0.0,0.0,1
pairs_twitter_instagram,Linear,threedot,threedot,1,0.42419,0.636364,0.0,0.269231,0,0,5000.0,1.0,0.0,0.0,1
pairs_twitter_instagram,Linear,adeelnkhan,adeelnkhan,1,0.95522,0.0,1.0,0.5,0,0,5000.0,0.4,0.0,0.0,1
pairs_twitter_instagram,Linear,dayn,daynah,0,0.996127,0.6,0.6,0.5,0,0,5000.0,0.514286,0.0,0.0,1
pairs_twitter_instagram,Linear,naireh,naireh,1,1.0,1.0,1.0,1.0,0,0,5000.0,0.392157,0.0,0.0,1
pairs_twitter_instagram,Linear,jensan,jensan,1,0.990513,1.0,0.15,0.37037,0,0,5000.0,0.5,0.0,0.0,1
pairs_twitter_instagram,Linear,alisovsky,alisovsky,1,0.994528,1.0,0.178571,0.366667,0,0,5000.0,0.0,0.0,0.0,1
pairs_twitter_instagram,Linear,kyrcha,kyrcha,1,0.999998,1.0,0.73913,0.769231,0,0,5000.0,0.5,0.0,0.0,1
pairs_twitter_instagram,Linear,rayhanbaradi,rayhanbaradi,1,0.955205,1.0,0.0,0.294118,0,0,5000.0,0.4,0.0,0.0,1
pairs_twitter_instagram,Linear,acnatta,acnatta,1,0.996334,1.0,0.285714,0.4,0,0,5000.0,0.444444,0.0,0.0,1
pairs_twitter_instagram,Linear,ijonas,ijonas,1,1.0,1.0,1.0,1.0,0,0,5000.0,0.466667,0.0,0.0,1
pairs_twitter_instagram,Linear,lisamackay,lisamackay,1,0.99841,0.153846,1.0,0.647059,0,0,5000.0,0.375,0.0,0.0,1
pairs_twitter_instagram,Linear,johnmknight,johnmknight,1,0.999771,1.0,0.0,0.625,0,0,5000.0,0.408163,0.0,0.0,1
pairs_twitter_instagram,Linear,tamarabubble,tamarabubble,1,1.0,1.0,1.0,1.0,0,0,5000.0,0.482759,0.0,0.0,1
pairs_twitter_instagram,Linear,cristianovalim,cristianovalim,1,1.0,1.0,1.0,1.0,0,0,5000.0,0.363636,0.0,0.0,1
pairs_twitter_instagram,Linear,stanley,stanley,1,0.898894,1.0,0.096774,0.222222,0,0,5000.0,0.416667,0.0,0.0,1
pairs_twitter_instagram,Linear,tmazon,tmazon,1,1.0,1.0,1.0,1.0,0,0,5000.0,0.571429,0.0,0.0,1
pairs_twitter_instagram,Linear,davidemontanaro,davidemontanaro,1,1.0,1.0,1.0,1.0,0,0,5000.0,0.470588,0.0,0.0,1
pairs_twitter_instagram,Linear,buraktuylek,buraktuylek,1,0.999993,0.454545,1.0,0.875,0,0,5000.0,0.5,0.0,0.0,1
pairs_twitter_instagram,Linear,mircodimarcello,mircodimarcello,1,1.0,1.0,1.0,1.0,0,0,5000.0,0.390244,0.0,0.0,1
pairs_twitter_instagram,Linear,dorothylovy,dorothylovy,1,1.0,1.0,1.0,1.0,0,0,5000.0,1.0,0.0,0.0,1
pairs_twitter_instagram,Linear,thesournotes,thesournotes,1,0.999992,1.0,0.642857,0.75,0,0,5000.0,1.0,0.0,0.0,1
pairs_twitter_instagram,Linear,designinvan,designinvan,1,1.0,1.0,1.0,1.0,0,0,5000.0,0.4,0.0,0.0,1
pairs_twitter_instagram,Linear,hebervega,hebervega,1,1.0,1.0,1.0,1.0,0,0,5000.0,0.461538,0.0,0.0,1
pairs_twitter_instagram,Linear,gustiana,gustiana,1,0.999975,0.777778,1.0,0.666667,0,0,5000.0,0.533333,0.0,0.0,1
pairs_twitter_instagram,Linear,sachaqs,sachaqs,1,1.0,1.0,1.0,1.0,0,0,5000.0,0.555556,0.0,0.0,1
pairs_twitter_instagram,Linear,joshuawagy,joshuawagy,1,1.0,1.0,1.0,1.0,0,0,5000.0,0.416667,0.0,0.0,1
pairs_twitter_instagram,Linear,jaybull95,jaybull95,1,1.0,1.0,1.0,1.0,0,0,5000.0,0.424242,0.0,0.0,1
pairs_twitter_instagram,Linear,shashankkulkarni,shashankkulkarni,1,1.0,1.0,1.0,1.0,0,0,5000.0,0.409091,0.0,0.0,1
pairs_twitter_instagram,Linear,chriscandy,chriscandy,1,0.997915,0.473684,1.0,0.478261,0,0,5000.0,0.0,0.0,0.0,1
pairs_twitter_instagram,Linear,deanmarsden,deanmarsden,1,0.995839,0.1875,1.0,0.578947,0,0,5000.0,0.454545,0.0,0.0,1
pairs_twitter_instagram,Linear,perolofarnas,perolofarnas,1,0.989644,0.083333,1.0,0.555556,0,0,5000.0,0.333333,0.0,0.0,1
pairs_twitter_instagram,Linear,trezzaalfonso,trezzaalfonso,1,1.0,1.0,1.0,1.0,0,0,5000.0,0.352941,0.0,0.0,1
pairs_twitter_instagram,Linear,curtisnatalie,curtisnatalie,1,0.999999,1.0,0.384615,0.875,0,0,5000.0,0.4,0.0,0.0,1
pairs_twitter_instagram,Linear,eliut,guillermomeeder,0,0.056633,0.2,0.222222,0.2,0,0,5000.0,0.315789,0.0,0.0,0
pairs_twitter_instagram,Linear,amandablain,amandablain,1,1.0,1.0,1.0,1.0,0,0,5000.0,0.4,0.0,0.0,1
pairs_twitter_instagram,Linear,dmjoaoigor,tapps,0,0.184643,0.333333,0.333333,0.230769,0,0,5000.0,0.666667,0.0,0.0,0
pairs_twitter_instagram,Linear,shokolalife,shokolalife,1,1.0,1.0,0.6,1.0,0,0,5000.0,0.47619,0.0,0.0,1
pairs_twitter_instagram,Linear,paulinekiseleva,paulinekiseleva,1,0.999391,1.0,0.375,0.487179,0,0,5000.0,0.333333,0.0,0.0,1
pairs_twitter_instagram,Linear,wrahool,wrahool,1,1.0,1.0,1.0,1.0,0,0,5000.0,0.416667,0.0,0.0,1
pairs_twitter_instagram,Linear,larryjgalante,larryjgalante,1,1.0,1.0,1.0,1.0,0,0,5000.0,0.461538,0.0,0.0,1
pairs_twitter_instagram,Linear,svengauditz,svengauditz,1,0.99984,1.0,0.4,0.571429,0,0,5000.0,0.428571,0.0,0.0,1
pairs_twitter_instagram,Linear,lukerumley,lukerumley,1,1.0,1.0,1.0,1.0,0,0,5000.0,0.588235,0.0,0.0,1
pairs_twitter_instagram,Linear,thepanda,thepanda,1,0.99997,1.0,0.454545,0.666667,0,0,5000.0,0.454545,0.0,0.0,1
pairs_twitter_instagram,Linear,danbrown,danbrown,1,0.999984,1.0,0.25,0.75,0,0,5000.0,0.545455,0.0,0.0,1
pairs_twitter_instagram,Linear,robertbadillo,robertbadillo,1,1.0,1.0,0.875,0.923077,0,0,5000.0,0.342857,0.0,0.0,1
pairs_twitter_instagram,Linear,wendyjordan,wendyjordan,1,0.973744,1.0,0.03125,0.324324,0,0,5000.0,0.428571,0.0,0.0,1
pairs_twitter_instagram,Linear,susanmees,susanmees,1,0.992789,0.153846,1.0,0.555556,0,0,5000.0,0.416667,0.0,0.0,1
pairs_twitter_instagram,Linear,socialcrm,socialcrm,1,0.272678,0.095238,0.0,0.407407,0,0,5000.0,0.454545,0.0,0.0,1
pairs_twitter_instagram,Linear,remiforall,remiforall,1,1.0,1.0,1.0,1.0,0,0,5000.0,0.416667,0.0,0.0,1
pairs_twitter_instagram,Linear,mukiibijohn,mukiibijohn,1,0.845557,0.7,0.0,0.368421,0,0,5000.0,1.0,0.0,0.0,1
pairs_twitter_instagram,Linear,luisvivancosoriano,luisvivancosoriano,1,0.993106,1.0,0.1,0.4,0,0,5000.0,0.5,0.0,0.0,1
pairs_twitter_instagram,Linear,salvadoraceves,salvadoraceves,1,0.997368,0.055556,1.0,0.652174,0,0,5000.0,0.333333,0.0,0.0,1
pairs_twitter_instagram,Linear,raychang,helloethan,0,0.468834,0.1875,0.384615,0.32,0,0,5000.0,0.0,0.0,0.0,1
pairs_twitter_instagram,Linear,mamadweeb,mamadweeb,1,0.999967,0.875,0.666667,0.705882,0,0,5000.0,1.0,0.0,0.0,1
pairs_twitter_instagram,Linear,sethwyatt,sethwyatt,1,1.0,1.0,1.0,1.0,0,0,5000.0,0.157895,0.0,0.0,1
pairs_twitter_instagram,Linear,avinashraghava,avinashraghava,1,1.0,1.0,0.571429,0.882353,0,0,5000.0,0.157895,0.0,0.0,1
pairs_twitter_instagram,Linear,kaleighmackay,kaleighmackay,1,0.999997,0.733333,1.0,0.789474,0,0,5000.0,0.0,0.0,0.0,1
pairs_twitter_instagram,Linear,ihakkim,ihakkim,1,1.0,1.0,1.0,1.0,0,0,5000.0,0.461538,0.0,0.0,1
pairs_twitter_instagram,Linear,johnkaminski,johnkaminski,1,1.0,1.0,1.0,1.0,0,0,5000.0,0.390244,0.0,0.0,1
pairs_twitter_instagram,Linear,nicholasgarofalo,nicholasgarofalo,1,1.0,1.0,1.0,1.0,0,0,5000.0,0.526316,0.0,0.0,1
pairs_twitter_instagram,Linear,madgrin,madgrin,1,0.503378,0.666667,0.0,0.241379,0,0,5000.0,0.454545,0.0,0.0,1
pairs_twitter_instagram,Linear,ortysan,ortysan,1,0.999801,1.0,0.466667,0.545455,0,0,5000.0,0.431373,0.0,0.0,1
pairs_twitter_instagram,Linear,zachhayden,zachhayden,1,1.0,1.0,1.0,1.0,0,0,5000.0,0.4,0.0,0.0,1
pairs_twitter_instagram,Linear,janholmquist,janholmquist,1,1.0,1.0,1.0,1.0,0,0,5000.0,0.375,0.0,0.0,1
pairs_twitter_instagram,Linear,kimhong,kimhong,1,1.0,1.0,1.0,1.0,0,0,5000.0,0.866667,0.0,0.0,1
pairs_twitter_instagram,Linear,alleliaspili,alleliaspili,1,0.99579,1.0,0.083333,0.428571,0,0,5000.0,0.416667,0.0,0.0,1
pairs_twitter_instagram,Linear,patrickliu,patrickliu,1,0.999826,0.75,0.0,0.75,0,0,5000.0,0.533333,0.0,0.0,1
pairs_twitter_instagram,Linear,ericsstandlee,ericsstandlee,1,1.0,1.0,1.0,1.0,0,0,5000.0,0.375,0.0,0.0,1
pairs_twitter_instagram,Linear,iangarrett,iangarrett,1,0.937621,0.0,1.0,0.478261,0,0,5000.0,0.4,0.0,0.0,1
pairs_twitter_instagram,Linear,revolution52,revolution52,1,1.0,1.0,1.0,1.0,0,0,5000.0,0.470588,0.0,0.0,1
pairs_twitter_instagram,Linear,braz,braz,1,0.873141,0.428571,0.375,0.384615,0,0,5000.0,0.48,0.0,0.0,1
pairs_twitter_instagram,Linear,hortovanyi,hortovanyi,1,1.0,1.0,1.0,1.0,0,0,5000.0,0.444444,0.0,0.0,1
pairs_twitter_instagram,Linear,jakedubss,jakedubss,1,0.999999,1.0,0.7,0.833333,0,0,5000.0,0.333333,0.0,0.0,1
pairs_twitter_instagram,Linear,celebquote,celebquote,1,0.999999,1.0,0.75,0.882353,0,0,5000.0,1.0,0.0,0.0,1
pairs_twitter_instagram,Linear,kjordan,kjordan,1,0.999976,0.75,0.692308,0.733333,0,0,5000.0,0.425532,0.0,0.0,1
pairs_twitter_instagram,Linear,joshhilden,joshhighland,0,0.389306,0.235294,0.375,0.318182,0,0,5000.0,0.545455,0.0,0.0,0
pairs_twitter_instagram,Linear,jumpmancol,jumpmancol,1,1.0,1.0,1.0,1.0,0,0,5000.0,0.56,0.0,0.0,1
pairs_twitter_instagram,Linear,lilioli,lilioli,1,0.999924,1.0,0.0,0.666667,0,0,5000.0,0.0,0.0,0.0,1
pairs_twitter_instagram,Linear,palel,palel,1,0.999998,1.0,0.695652,0.78125,0,0,5000.0,0.380952,0.0,0.0,1
pairs_twitter_instagram,Linear,kollner,kollner,1,1.0,1.0,1.0,1.0,0,0,5000.0,0.4,0.0,0.0,1
pairs_twitter_instagram,Linear,oweneff,oweneff,1,0.999993,1.0,0.428571,0.8,0,0,5000.0,1.0,0.0,0.0,1
pairs_twitter_instagram,Linear,reimstourisme,reimstourisme,1,1.0,1.0,1.0,1.0,0,0,5000.0,0.538462,0.0,0.0,1
pairs_twitter_instagram,Linear,michaeljdennis,michaeljdennis,1,1.0,1.0,1.0,1.0,0,0,5000.0,0.4,0.0,0.0,1
pairs_twitter_instagram,Linear,rondoner,rondoner,1,1.0,1.0,1.0,1.0,0,0,5000.0,0.416667,0.0,0.0,1
pairs_twitter_instagram,Linear,stilo,stilo,1,1.0,1.0,0.0,1.0,0,0,5000.0,0.117647,0.0,0.0,1
pairs_twitter_instagram,Linear,danielfrancavilla,danielfrancavilla,1,1.0,0.666667,1.0,0.947368,0,0,5000.0,0.4,0.0,0.0,1
pairs_twitter_instagram,Linear,markjameswilson,markjameswilson,1,0.632761,0.0,1.0,0.34375,0,0,5000.0,0.4,0.0,0.0,1
pairs_twitter_instagram,Linear,andycmartin,dower,0,0.929434,0.461538,0.3125,0.421053,0,0,5000.0,0.4375,0.0,0.0,0
pairs_twitter_instagram,Linear,albertojauregui,albertojauregui,1,1.0,1.0,1.0,1.0,0,0,5000.0,0.424242,0.0,0.0,1
pairs_twitter_instagram,Linear,nonakumis,nonakumis,1,1.0,1.0,1.0,1.0,0,0,5000.0,0.342857,0.0,0.0,1
pairs_twitter_instagram,Linear,lotharseifert,lotharseifert,1,0.992304,0.066667,1.0,0.583333,0,0,5000.0,0.372093,0.0,0.0,1
pairs_twitter_instagram,Linear,jcbivins,jcbivins,1,1.0,1.0,1.0,1.0,0,0,5000.0,0.8,0.0,0.0,1
pairs_twitter_instagram,Linear,shaicoggins,shaicoggins,1,1.0,1.0,1.0,1.0,0,0,5000.0,0.4,0.0,0.0,1
pairs_twitter_instagram,Linear,udomichelcuria,udomichelcuria,1,0.997503,1.0,0.0,0.45,0,0,5000.0,0.0,0.0,0.0,1
pairs_twitter_instagram,Linear,foodnouveau,foodnouveau,1,1.0,1.0,1.0,1.0,0,0,5000.0,0.357143,0.0,0.0,1
pairs_twitter_instagram,Linear,raingal7,raingal7,1,0.999982,1.0,0.565217,0.677419,0,0,5000.0,0.461538,0.0,0.0,1
pairs_twitter_instagram,Linear,tylerstev,tylerstev,1,0.99974,0.181818,1.0,0.75,0,0,5000.0,0.4,0.0,0.0,1
pairs_twitter_instagram,Linear,erikatamaura,erikatamaura,1,1.0,1.0,1.0,1.0,0,0,5000.0,0.444444,0.0,0.0,1
pairs_twitter_instagram,Linear,brianayers,brianayers,1,1.0,1.0,1.0,1.0,0,0,5000.0,0.4,0.0,0.0,1
pairs_twitter_instagram,Linear,almada,rodrigoayala,0,0.995157,0.533333,0.5,0.526316,0,0,5000.0,0.428571,0.0,0.0,1
pairs_twitter_instagram,Linear,erickfdez,erickfdez,1,1.0,1.0,1.0,1.0,0,0,5000.0,0.5,0.0,0.0,1
pairs_twitter_instagram,Linear,johnbyerrum,johnbyerrum,1,0.999996,0.545455,1.0,0.866667,0,0,5000.0,0.434783,0.0,0.0,1
pairs_twitter_instagram,Linear,ath3na,ath3na,1,0.995726,0.833333,0.25,0.5,0,0,5000.0,1.0,0.0,0.0,1
pairs_twitter_instagram,Linear,vivijor,vivijor,1,0.995439,0.6,0.25,0.545455,0,0,5000.0,0.333333,0.0,0.0,1
pairs_twitter_instagram,Linear,khthompson,khthompson,1,1.0,1.0,1.0,1.0,0,0,5000.0,0.413793,0.0,0.0,1
pairs_twitter_instagram,Linear,kherallah24,kherallah24,1,0.999997,1.0,0.181818,0.866667,0,0,5000.0,0.4,0.0,0.0,1
pairs_twitter_instagram,Linear,chrispolk,chrispolk,1,0.998051,0.571429,0.6,0.545455,0,0,5000.0,0.380952,0.0,0.0,1
pairs_twitter_instagram,Linear,rosaalberti,rosaalberti,1,0.989806,1.0,0.0,0.392857,0,0,5000.0,0.470588,0.0,0.0,1
pairs_twitter_instagram,Linear,fadawah,fadawah,1,0.998609,1.0,0.25,0.464286,0,0,5000.0,0.4,0.0,0.0,1
pairs_twitter_instagram,Linear,immahmudi,immahmudi,1,0.999913,1.0,0.230769,0.636364,0,0,5000.0,0.340426,0.0,0.0,1
pairs_twitter_instagram,Linear,raeshika,raeshika,1,0.772968,0.25,0.4,0.391304,0,0,5000.0,0.235294,0.0,0.0,1
pairs_twitter_instagram,Linear,riccardoghignoni,riccardoghignoni,1,1.0,0.714286,1.0,0.944444,0,0,5000.0,0.390244,0.0,0.0,1
pairs_twitter_instagram,Linear,lennywu,lennywu,1,1.0,1.0,1.0,1.0,0,0,5000.0,0.421053,0.0,0.0,1
pairs_twitter_instagram,Linear,acerentacargreece,acerentacargreece,1,0.999987,0.846154,0.695652,0.730769,0,0,5000.0,0.444444,0.0,0.0,1
pairs_twitter_instagram,Linear,jgibbard,jgibbard,1,0.999354,1.0,0.407407,0.482759,0,0,5000.0,0.416667,0.0,0.0,1
pairs_twitter_instagram,Linear,adrianalemus,adrianoteles,0,0.677601,0.375,0.258065,0.323529,0,0,5000.0,0.0,0.0,0.0,1
pairs_twitter_instagram,Linear,marcioferreira,marcioferreira,1,0.999863,0.529412,1.0,0.625,0,0,5000.0,0.0,0.0,0.0,1
pairs_twitter_instagram,Linear,davidbrodie,davidbrodie,1,1.0,1.0,0.75,0.923077,0,0,5000.0,0.4,0.0,0.0,1
pairs_twitter_instagram,Linear,euamotubaina,euamotubaina,1,1.0,1.0,1.0,1.0,0,0,5000.0,0.428571,0.0,0.0,1
pairs_twitter_instagram,Linear,jeffmadlock,jeffmadlock,1,1.0,1.0,1.0,1.0,0,0,5000.0,0.458333,0.0,0.0,1
pairs_twitter_instagram,Linear,magarciamartin,magarciamartin,1,1.0,1.0,1.0,1.0,0,0,5000.0,0.0,0.0,0.0,1
pairs_twitter_instagram,Linear,wanderingeater,wanderingeater,1,0.999836,0.923077,0.4,0.625,0,0,5000.0,0.8,0.0,0.0,1
pairs_twitter_instagram,Linear,juliaserafina,juliaserafina,1,1.0,1.0,1.0,1.0,0,0,5000.0,0.4375,0.0,0.0,1
pairs_twitter_instagram,Linear,minorcortes,minorcortes,1,1.0,1.0,1.0,1.0,0,0,5000.0,0.413793,0.0,0.0,1
pairs_twitter_instagram,Linear,treenachambers,treenachambers,1,1.0,1.0,1.0,1.0,0,0,5000.0,0.375,0.0,0.0,1
pairs_twitter_instagram,Linear,richardstep,richardstep,1,0.828802,0.166667,0.5,0.434783,0,0,5000.0,0.352941,0.0,0.0,1
pairs_twitter_instagram,Linear,christopherbrightwell,christopherbrightwell,1,0.999522,1.0,0.0,0.571429,0,0,5000.0,0.285714,0.0,0.0,1
pairs_twitter_instagram,Linear,pugin,philiphan,0,0.741974,0.357143,0.294118,0.368421,0,0,5000.0,0.387097,0.0,0.0,0
pairs_twitter_instagram,Linear,scottharrell,scottharrell,1,0.999996,1.0,0.7,0.73913,0,0,5000.0,0.32,0.0,0.0,1
pairs_twitter_instagram,Linear,melanieramone,melanieramone,1,1.0,1.0,1.0,1.0,0,0,5000.0,0.411765,0.0,0.0,1
pairs_twitter_instagram,Linear,christinema,christinehauer,0,0.995153,0.5625,0.5625,0.5,0,0,5000.0,0.388889,0.0,0.0,1
pairs_twitter_instagram,Linear,ejwettstein,ejwettstein,1,0.951786,0.0,0.866667,0.518519,0,0,5000.0,0.363636,0.0,0.0,1
pairs_twitter_instagram,Linear,rjacquez,rjacquez,1,0.999781,1.0,0.0,0.636364,0,0,5000.0,0.538462,0.0,0.0,1
pairs_twitter_instagram,Linear,jeansanchez,thebeerbabe,0,0.056816,0.0625,0.333333,0.238095,0,0,5000.0,0.384615,0.0,0.0,0
pairs_twitter_instagram,Linear,billloguidice,billloguidice,1,0.995578,0.846154,0.448276,0.454545,0,0,5000.0,1.0,0.0,0.0,1
pairs_twitter_instagram,Linear,shareeda,shareeda,1,1.0,1.0,1.0,1.0,0,0,5000.0,0.533333,0.0,0.0,1
pairs_twitter_instagram,Linear,donatellotrisolino,donatellotrisolino,1,1.0,1.0,1.0,1.0,0,0,5000.0,0.428571,0.0,0.0,1
pairs_twitter_instagram,Linear,sumeetmoghe,sumeetmoghe,1,0.999997,0.75,1.0,0.8125,0,0,5000.0,0.461538,0.0,0.0,1
pairs_twitter_instagram,Linear,shylopreston,shylopreston,1,0.999994,0.571429,1.0,0.823529,0,0,5000.0,0.384615,0.0,0.0,1
pairs_twitter_instagram,Linear,k9blaze,k9blaze,1,1.0,1.0,1.0,1.0,0,0,5000.0,0.521739,0.0,0.0,1
pairs_twitter_instagram,Linear,bagusanugrah,bagusanugrah,1,1.0,1.0,0.875,0.913043,0,0,5000.0,0.424242,0.0,0.0,1
pairs_twitter_instagram,Linear,kevanobrien,kevanobrien,1,0.999662,1.0,0.333333,0.538462,0,0,5000.0,0.436364,0.0,0.0,1
pairs_twitter_instagram,Linear,uni,uni,1,0.999964,1.0,0.333333,0.692308,0,0,5000.0,0.666667,0.0,0.0,1
pairs_twitter_instagram,Linear,jeffkart,jeffkart,1,0.999999,1.0,0.666667,0.818182,0,0,5000.0,0.388889,0.0,0.0,1
pairs_twitter_instagram,Linear,kellythul,kellythul,1,1.0,1.0,1.0,1.0,0,0,5000.0,0.47619,0.0,0.0,1
pairs_twitter_instagram,Linear,gorguito,gorguito,1,0.999999,1.0,0.714286,0.809524,0,0,5000.0,0.363636,0.0,0.0,1
pairs_twitter_instagram,Linear,scottnolansmith,scottnolansmith,1,1.0,1.0,1.0,1.0,0,0,5000.0,0.434783,0.0,0.0,1
pairs_twitter_instagram,Linear,carlydamico,carlydamico,1,1.0,1.0,1.0,1.0,0,0,5000.0,0.153846,0.0,0.0,1
pairs_twitter_instagram,Linear,yasyf,yasyf,1,1.0,1.0,1.0,1.0,0,0,5000.0,0.521739,0.0,0.0,1
pairs_twitter_instagram,Linear,tonyveroeven,tonyveroeven,1,1.0,1.0,1.0,1.0,0,0,5000.0,0.416667,0.0,0.0,1
pairs_twitter_instagram,Linear,omnized,omnized,1,0.999987,0.5,1.0,0.818182,0,0,5000.0,0.551724,0.0,0.0,1
pairs_twitter_instagram,Linear,jagudeye,jagudeye,1,1.0,1.0,0.619048,0.954545,0,0,5000.0,0.5,0.0,0.0,1
pairs_twitter_instagram,Linear,dominiquedesrosiers,dominiquedesrosiers,1,1.0,1.0,1.0,1.0,0,0,5000.0,0.375,0.0,0.0,1
pairs_twitter_instagram,Linear,svil3,svil3,1,1.0,1.0,1.0,1.0,0,0,5000.0,0.583333,0.0,0.0,1
pairs_twitter_instagram,Linear,chancelorf,chancelorf,1,0.998664,1.0,0.071429,0.5,0,0,5000.0,0.380952,0.0,0.0,1
pairs_twitter_instagram,Linear,cparadis,cparadis,1,1.0,1.0,1.0,1.0,0,0,5000.0,0.375,0.0,0.0,1
pairs_twitter_instagram,Linear,actifirmskincare,actifirmskincare,1,0.999722,1.0,0.4375,0.529412,0,0,5000.0,0.416667,0.0,0.0,1
pairs_twitter_instagram,Linear,yodspica,yodspica,1,0.800154,1.0,0.051282,0.219512,0,0,5000.0,1.0,0.0,0.0,1
pairs_twitter_instagram,Linear,pjbeyer,pjbeyer,1,1.0,1.0,0.846154,0.882353,0,0,5000.0,0.357143,0.0,0.0,1
pairs_twitter_instagram,Linear,kylemadson,kylemadson,1,1.0,1.0,1.0,1.0,0,0,5000.0,0.416667,0.0,0.0,1
pairs_twitter_instagram,Linear,richtaylorllc,richtaylorllc,1,1.0,1.0,1.0,1.0,0,0,5000.0,0.37037,0.0,0.0,1
pairs_twitter_instagram,Linear,mikecorak,mikecorak,1,0.999999,1.0,0.7,0.833333,0,0,5000.0,0.4,0.0,0.0,1
pairs_twitter_instagram,Linear,swism,swism,1,1.0,1.0,1.0,1.0,0,0,5000.0,0.4,0.0,0.0,1
pairs_twitter_instagram,Linear,joemcmillen,joemcmillen,1,0.991797,0.533333,0.181818,0.578947,0,0,5000.0,0.8,0.0,0.0,1
pairs_twitter_instagram,Linear,jonaskills,jonaskills,1,0.999994,1.0,0.625,0.727273,0,0,5000.0,0.384615,0.0,0.0,1
pairs_twitter_instagram,Linear,yuliakatkova,yuliakatkova,1,1.0,1.0,1.0,1.0,0,0,5000.0,0.347826,0.0,0.0,1
pairs_twitter_instagram,Linear,psalian,psalian,1,0.94663,0.538462,0.0,0.466667,0,0,5000.0,0.4,0.0,0.0,1
pairs_twitter_instagram,Linear,sudio,sudio,1,0.99999,1.0,0.692308,0.714286,0,0,5000.0,0.8,0.0,0.0,1
pairs_twitter_instagram,Linear,huiwenhan,huiwenhan,1,0.999973,1.0,0.230769,0.714286,0,0,5000.0,0.428571,0.0,0.0,1
pairs_twitter_instagram,Linear,yoleidycarvajal,yoleidycarvajal,1,1.0,1.0,1.0,1.0,0,0,5000.0,0.482759,0.0,0.0,1
pairs_twitter_instagram,Linear,gallib,gallib,1,0.999748,0.555556,1.0,0.6,0,0,5000.0,0.352941,0.0,0.0,1
pairs_twitter_instagram,Linear,sergiocaredda,sergiocaredda,1,1.0,1.0,1.0,1.0,0,0,5000.0,0.526316,0.0,0.0,1
pairs_twitter_instagram,Linear,pinkuneko,pinkuneko,1,0.9702,0.7,0.0625,0.409091,0,0,5000.0,0.111111,0.0,0.0,1
pairs_twitter_instagram,Linear,wendysung,wendysoucie,0,0.871348,0.375,0.428571,0.428571,0,0,5000.0,1.0,0.0,0.0,1
pairs_twitter_instagram,Linear,alejandropulido,alejandropulido,1,1.0,1.0,0.9375,0.952381,0,0,5000.0,0.375,0.0,0.0,1
pairs_twitter_instagram,Linear,jeandregericke,jeandregericke,1,1.0,1.0,1.0,1.0,0,0,5000.0,0.388889,0.0,0.0,1
pairs_twitter_instagram,Linear,polanri,polanri,1,0.999997,1.0,0.666667,0.75,0,0,5000.0,0.117647,0.0,0.0,1
pairs_twitter_instagram,Linear,colinmacrae,colinmacrae,1,1.0,1.0,1.0,1.0,0,0,5000.0,0.344828,0.0,0.0,1
pairs_twitter_instagram,Linear,syukranmohdrosli,syukranmohdrosli,1,0.606695,0.625,0.028571,0.275,0,0,5000.0,0.4,0.0,0.0,1
pairs_twitter_instagram,Linear,dougfrancis,dougfrancis,1,1.0,1.0,1.0,1.0,0,0,5000.0,0.347826,0.0,0.0,1
pairs_twitter_instagram,Linear,petergiordano,petergiordano,1,0.997921,0.210526,1.0,0.583333,0,0,5000.0,0.0,0.0,0.0,1
pairs_twitter_instagram,Linear,jacquesfroissant,jacquesfroissant,1,1.0,1.0,1.0,1.0,0,0,5000.0,1.0,0.0,0.0,1
pairs_twitter_instagram,Linear,yoshio,yoshio,1,1.0,1.0,1.0,1.0,0,0,5000.0,0.428571,0.0,0.0,1
pairs_twitter_instagram,Linear,joelo,joelo,1,0.990314,0.5,0.4,0.5,0,0,5000.0,0.190476,0.0,0.0,1
pairs_twitter_instagram,Linear,marksark,marksark,1,0.999999,1.0,0.75,0.8,0,0,5000.0,0.344828,0.0,0.0,1
pairs_twitter_instagram,Linear,korafotomorgana,korafotomorgana,1,1.0,1.0,1.0,1.0,0,0,5000.0,1.0,0.0,0.0,1
pairs_twitter_instagram,Linear,markmayer,markmayer,1,1.0,1.0,1.0,1.0,0,0,5000.0,1.0,0.0,0.0,1
pairs_twitter_instagram,Linear,di2t,di2t,1,0.96265,1.0,0.0625,0.277778,0,0,5000.0,0.153846,0.0,0.0,1
pairs_twitter_instagram,Linear,spongemonkey,spongemonkey,1,0.999462,1.0,0.0,0.545455,0,0,5000.0,0.0,0.0,0.0,1
pairs_twitter_instagram,Linear,doschu,doschu,1,0.998835,1.0,0.307692,0.466667,0,0,5000.0,0.4375,0.0,0.0,1
pairs_twitter_instagram,Linear,colinolford,colinolford,1,1.0,1.0,1.0,1.0,0,0,5000.0,0.461538,0.0,0.0,1
pairs_twitter_instagram,Linear,kiatinsley,saraking,0,0.221797,0.230769,0.125,0.3,0,0,5000.0,0.266667,0.0,0.0,0
pairs_twitter_instagram,Linear,vonnelara,vonnelara,1,0.999999,1.0,0.9,0.8,0,0,5000.0,0.315789,0.0,0.0,1
pairs_twitter_instagram,Linear,anamagal,tamersolieman,0,0.097696,0.190476,0.25,0.242424,0,0,5000.0,0.428571,0.0,0.0,0
pairs_twitter_instagram,Linear,aleonidas,aleonidas,1,0.999995,0.466667,1.0,0.894737,0,0,5000.0,0.533333,0.0,0.0,1
pairs_twitter_instagram,Linear,nickcusters,nickcusters,1,1.0,1.0,1.0,1.0,0,0,5000.0,0.45,0.0,0.0,1
pairs_twitter_instagram,Linear,kyotonaradreamtrips,kyotonaradreamtrips,1,1.0,0.684211,1.0,0.952381,0,0,5000.0,0.363636,0.0,0.0,1
pairs_twitter_instagram,Linear,janequigley,janequigley,1,0.999308,0.230769,1.0,0.666667,0,0,5000.0,0.352941,0.0,0.0,1
pairs_twitter_instagram,Linear,topekajim,topekajim,1,1.0,1.0,1.0,1.0,0,0,5000.0,0.117647,0.0,0.0,1
pairs_twitter_instagram,Linear,weshead,weshead,1,0.999998,1.0,0.625,0.8,0,0,5000.0,0.4375,0.0,0.0,1
pairs_twitter_instagram,Linear,scottneumyer,scottneumyer,1,0.999701,1.0,0.461538,0.517241,0,0,5000.0,0.372093,0.0,0.0,1
pairs_twitter_instagram,Linear,uira,uira,1,0.99987,0.6,0.8,0.666667,0,0,5000.0,0.423077,0.0,0.0,1
pairs_twitter_instagram,Linear,muccitas,muccitas,1,0.142768,0.5,0.0,0.190476,0,0,5000.0,0.375,0.0,0.0,1
pairs_twitter_instagram,Linear,kgronwall,kgronwall,1,0.999998,0.75,1.0,0.833333,0,0,5000.0,0.352941,0.0,0.0,1
pairs_twitter_instagram,Linear,beapaxson,beapaxson,1,0.999438,0.142857,0.5625,0.8,0,0,5000.0,0.367347,0.0,0.0,1
pairs_twitter_instagram,Linear,knuppel,knuppel,1,0.999979,0.25,1.0,0.888889,0,0,5000.0,0.533333,0.0,0.0,1
pairs_twitter_instagram,Linear,fahads,fahads,1,1.0,1.0,1.0,1.0,0,0,5000.0,0.357143,0.0,0.0,1
pairs_twitter_instagram,Linear,volkovroman,volkovroman,1,1.0,1.0,1.0,1.0,0,0,5000.0,0.111111,0.0,0.0,1
pairs_twitter_instagram,Linear,annaebbesen,annaebbesen,1,0.999988,1.0,0.0,0.833333,0,0,5000.0,0.8,0.0,0.0,1
pairs_twitter_instagram,Linear,valinreallife,valinreallife,1,0.999626,1.0,0.157895,0.565217,0,0,5000.0,0.424242,0.0,0.0,1
pairs_twitter_instagram,Linear,anthonyedwards,anthonyedwards,1,0.996012,0.454545,0.428571,0.578947,0,0,5000.0,0.357143,0.0,0.0,1
pairs_twitter_instagram,Linear,daveallen,daveallen,1,0.999999,1.0,0.583333,0.85,0,0,5000.0,0.315789,0.0,0.0,1
pairs_twitter_instagram,Linear,ronlocke,ronlocke,1,1.0,1.0,0.933333,0.941176,0,0,5000.0,0.25,0.0,0.0,1
pairs_twitter_instagram,Linear,franklingan,franklingan,1,0.999975,0.75,0.7,0.733333,0,0,5000.0,0.5,0.0,0.0,1
pairs_twitter_instagram,Linear,robboudon,robboudon,1,1.0,1.0,1.0,1.0,0,0,5000.0,0.4,0.0,0.0,1
pairs_twitter_instagram,Linear,scg33esp,scg33esp,1,0.271605,0.0,0.074074,0.428571,0,0,5000.0,0.421053,0.0,0.0,1
pairs_twitter_instagram,Linear,leomrco,leomrco,1,1.0,1.0,1.0,1.0,0,0,5000.0,0.461538,0.0,0.0,1
pairs_twitter_instagram,Linear,rakeshpatwari,rakeshpatwari,1,0.999996,0.785714,1.0,0.777778,0,0,5000.0,0.421053,0.0,0.0,1
pairs_twitter_instagram,Linear,nickbuttler,nickbuttler,1,0.999525,1.0,0.28125,0.52381,0,0,5000.0,0.380952,0.0,0.0,1
pairs_twitter_instagram,Linear,thegandiman,thegandiman,1,0.999999,1.0,0.666667,0.842105,0,0,5000.0,0.114286,0.0,0.0,1
pairs_twitter_instagram,Linear,barhatov,barhatov,1,0.844439,1.0,0.0,0.210526,0,0,5000.0,0.421053,0.0,0.0,1
pairs_twitter_instagram,Linear,nachoserrano,nachoserrano,1,1.0,1.0,1.0,1.0,0,0,5000.0,0.363636,0.0,0.0,1
pairs_twitter_instagram,Linear,swarmster,mcdessureault,0,0.148185,0.210526,0.185185,0.3,0,0,5000.0,0.790698,0.0,0.0,0
pairs_twitter_instagram,Linear,jorgedeandres,jorgedeandres,1,0.999994,1.0,0.619048,0.73913,0,0,5000.0,0.5,0.0,0.0,1
pairs_twitter_instagram,Linear,wallhattori,wallhattori,1,1.0,1.0,1.0,1.0,0,0,5000.0,0.4,0.0,0.0,1
pairs_twitter_instagram,Linear,larsnystrom,larsnystrom,1,0.874473,0.0,1.0,0.428571,0,0,5000.0,0.37037,0.0,0.0,1
pairs_twitter_instagram,Linear,rashidalkuwari,rashidalkuwari,1,0.992861,1.0,0.078947,0.395349,0,0,5000.0,0.4,0.0,0.0,1
pairs_twitter_instagram,Linear,lucacatania,lucacatania,1,1.0,1.0,1.0,1.0,0,0,5000.0,0.48,0.0,0.0,1
pairs_twitter_instagram,Linear,michaelpashaev,michaelpashaev,1,0.997433,1.0,0.0,0.448276,0,0,5000.0,0.0,0.0,0.0,1
pairs_twitter_instagram,Linear,igorbotelho,igorbotelho,1,0.99984,1.0,0.428571,0.545455,0,0,5000.0,0.111111,0.0,0.0,1
pairs_twitter_instagram,Linear,memocervantes,memocervantes,1,0.995605,1.0,0.043478,0.444444,0,0,5000.0,0.583333,0.0,0.0,1
pairs_twitter_instagram,Linear,albertomarini,albertomarini,1,0.999999,0.769231,1.0,0.882353,0,0,5000.0,0.6,0.0,0.0,1
pairs_twitter_instagram,Linear,rahmatmh,rahmatmh,1,0.986606,1.0,0.0,0.368421,0,0,5000.0,0.358974,0.0,0.0,1
pairs_twitter_instagram,Linear,monanicoara,monanicoara,1,1.0,1.0,1.0,1.0,0,0,5000.0,0.461538,0.0,0.0,1
pairs_twitter_instagram,Linear,nikcree,nikcree,1,0.749596,0.0,1.0,0.380952,0,0,5000.0,0.444444,0.0,0.0,1
pairs_twitter_instagram,Linear,luisd3williams,luisd3williams,1,0.893049,0.1875,0.652174,0.432432,0,0,5000.0,0.375,0.0,0.0,1
pairs_twitter_instagram,Linear,georginalester,georginalester,1,0.999998,0.8,1.0,0.842105,0,0,5000.0,1.0,0.0,0.0,1
pairs_twitter_instagram,Linear,tonyburgess,tonyburgess,1,1.0,1.0,1.0,1.0,0,0,5000.0,0.153846,0.0,0.0,1
pairs_twitter_instagram,Linear,soumikshah,soumikshah,1,1.0,1.0,1.0,1.0,0,0,5000.0,1.0,0.0,0.0,1
pairs_twitter_instagram,Linear,jordijubany,jordijubany,1,0.999994,1.0,0.647059,0.722222,0,0,5000.0,0.4,0.0,0.0,1
pairs_twitter_instagram,Linear,jakubzalas,jakubzalas,1,0.999993,0.727273,1.0,0.8,0,0,5000.0,1.0,0.0,0.0,1
pairs_twitter_instagram,Linear,berndbitzer,berndbitzer,1,1.0,1.0,1.0,1.0,0,0,5000.0,0.468085,0.0,0.0,1
pairs_twitter_instagram,Linear,joaoanzanello,joaoanzanello,1,0.999998,1.0,0.75,0.789474,0,0,5000.0,0.407407,0.0,0.0,1
pairs_twitter_instagram,Linear,photothiel,photothiel,1,1.0,1.0,1.0,1.0,0,0,5000.0,0.421053,0.0,0.0,1
pairs_twitter_instagram,Linear,stuartsjones,stuartsjones,1,1.0,1.0,1.0,1.0,0,0,5000.0,0.418605,0.0,0.0,1
pairs_twitter_instagram,Linear,joanieduquette,joanieduquette,1,0.999791,1.0,0.482759,0.533333,0,0,5000.0,0.339623,0.0,0.0,1
pairs_twitter_instagram,Linear,cbacelar,cbacelar,1,1.0,1.0,1.0,1.0,0,0,5000.0,0.4,0.0,0.0,1
pairs_twitter_instagram,Linear,praveenkumarjha,praveenkumarjha,1,1.0,1.0,1.0,1.0,0,0,5000.0,0.4,0.0,0.0,1
pairs_twitter_instagram,Linear,alisejohnson,alisejohnson,1,1.0,1.0,1.0,1.0,0,0,5000.0,0.45,0.0,0.0,1
pairs_twitter_instagram,Linear,daveclarketv,daveclarketv,1,0.999994,0.75,1.0,0.8,0,0,5000.0,1.0,0.0,0.0,1
pairs_twitter_instagram,Linear,jacqueswang,jacquesshu,0,0.08474,0.0,0.5,0.258065,0,0,5000.0,0.392157,0.0,0.0,1
pairs_twitter_instagram,Linear,annamioni,licarayen,0,0.034328,0.16,0.214286,0.194444,0,0,5000.0,0.461538,0.0,0.0,0
pairs_twitter_instagram,Linear,bbautista,bbautista,1,0.99993,0.466667,0.4,0.833333,0,0,5000.0,0.4,0.0,0.0,1
pairs_twitter_instagram,Linear,anthonyrblack,anthonyrblack,1,1.0,1.0,1.0,1.0,0,0,5000.0,0.421053,0.0,0.0,1
pairs_twitter_instagram,Linear,stefandavis,stefandavis,1,1.0,1.0,1.0,1.0,0,0,5000.0,0.421053,0.0,0.0,1
pairs_twitter_instagram,Linear,edenilton,edenilton,1,1.0,0.888889,1.0,0.941176,0,0,5000.0,0.428571,0.0,0.0,1
pairs_twitter_instagram,Linear,donanela,donanela,1,0.999818,1.0,0.5,0.545455,0,0,5000.0,0.444444,0.0,0.0,1
pairs_twitter_instagram,Linear,nylander,nylander,1,0.996045,0.583333,0.482759,0.516129,0,0,5000.0,0.333333,0.0,0.0,1
pairs_twitter_instagram,Linear,amoration,amoration,1,1.0,1.0,1.0,1.0,0,0,5000.0,0.434783,0.0,0.0,1
pairs_twitter_instagram,Linear,wisehou,wisehou,1,0.998343,0.625,0.0,0.625,0,0,5000.0,0.0,0.0,0.0,1
pairs_twitter_instagram,Linear,razshafer,razshafer,1,0.998722,1.0,0.375,0.444444,0,0,5000.0,0.384615,0.0,0.0,1
pairs_twitter_instagram,Linear,anandnav,anandnav,1,1.0,1.0,1.0,1.0,0,0,5000.0,0.538462,0.0,0.0,1
pairs_twitter_instagram,Linear,wordsmanifest,wordsmanifest,1,0.999583,1.0,0.1,0.565217,0,0,5000.0,0.357143,0.0,0.0,1
pairs_twitter_instagram,Linear,mamaharriskitchen,mamaharriskitchen,1,1.0,0.866667,1.0,0.909091,0,0,5000.0,0.432432,0.0,0.0,1
pairs_twitter_instagram,Linear,leventozen,leventozen,1,0.843258,0.052632,1.0,0.4,0,0,5000.0,0.5,0.0,0.0,1
pairs_twitter_instagram,Linear,furkanacarel,furkanacarel,1,1.0,1.0,1.0,1.0,0,0,5000.0,0.380952,0.0,0.0,1
pairs_twitter_instagram,Linear,dijuca,dijuca,1,1.0,1.0,1.0,1.0,0,0,5000.0,0.0,0.0,0.0,1
pairs_twitter_instagram,Linear,davidchow,davidcuen,0,0.988616,0.454545,0.5,0.5,0,0,5000.0,0.363636,0.0,0.0,0
pairs_twitter_instagram,Linear,dolphinsmind,dolphinsmind,1,0.999999,1.0,0.714286,0.818182,0,0,5000.0,0.375,0.0,0.0,1
pairs_twitter_instagram,Linear,deanwormell,deanwormell,1,0.982986,1.0,0.117647,0.333333,0,0,5000.0,0.4,0.0,0.0,1
pairs_twitter_instagram,Linear,billreichart,michaelreuter,0,0.341279,0.277778,0.315789,0.291667,0,0,5000.0,0.421053,0.0,0.0,0
pairs_twitter_instagram,Linear,nickborelli,nickjborelli,0,1.0,1.0,1.0,1.0,0,0,5000.0,0.421053,0.0,0.0,1
pairs_twitter_instagram,Linear,jeffwaldmanhr,jeffwaldmanhr,1,1.0,1.0,1.0,1.0,0,0,5000.0,0.157895,0.0,0.0,1
pairs_twitter_instagram,Linear,davidleebiz,davidleebiz,1,0.999322,1.0,0.3,0.538462,0,0,5000.0,1.0,0.0,0.0,1
pairs_twitter_instagram,Linear,epuertas,epuertas,1,0.760101,0.666667,0.206897,0.272727,0,0,5000.0,0.461538,0.0,0.0,1
pairs_twitter_instagram,Linear,symonchow,kiener,0,0.177388,0.428571,0.0,0.210526,0,0,5000.0,0.0,0.0,0.0,0
pairs_twitter_instagram,Linear,pamo,pamo,1,1.0,1.0,1.0,1.0,0,0,5000.0,0.866667,0.0,0.0,1
pairs_twitter_instagram,Linear,ohme,michellefreeman,0,0.060552,0.117647,0.307692,0.235294,0,0,5000.0,0.538462,0.0,0.0,0
pairs_twitter_instagram,Linear,josepmanchado,josepmanchado,1,0.999996,0.571429,1.0,0.857143,0,0,5000.0,0.416667,0.0,0.0,1
pairs_twitter_instagram,Linear,kurtgessler,kurtgessler,1,0.999355,1.0,0.423077,0.482759,0,0,5000.0,0.461538,0.0,0.0,1
pairs_twitter_instagram,Linear,superlopez,superlopez,1,0.99731,0.888889,0.368421,0.483871,0,0,5000.0,1.0,0.0,0.0,1
pairs_twitter_instagram,Linear,jackiecross,jackiecross,1,0.99995,1.0,0.333333,0.666667,0,0,5000.0,0.588235,0.0,0.0,1
pairs_twitter_instagram,Linear,sponselli,sponselli,1,0.999499,1.0,0.473684,0.52381,0,0,5000.0,1.0,0.0,0.0,1
pairs_twitter_instagram,Linear,srcalypsoo,srcalypsoo,1,1.0,1.0,1.0,1.0,0,0,5000.0,0.347826,0.0,0.0,1
pairs_twitter_instagram,Linear,atencio,atencio,1,0.999126,1.0,0.166667,0.548387,0,0,5000.0,1.0,0.0,0.0,1
pairs_twitter_instagram,Linear,swapnilsarwe,swapnilsarwe,1,1.0,1.0,0.769231,0.928571,0,0,5000.0,0.4,0.0,0.0,1
pairs_twitter_instagram,Linear,producimosideas,producimosideas,1,0.994976,1.0,0.060606,0.428571,0,0,5000.0,0.518519,0.0,0.0,1
pairs_twitter_instagram,Linear,nkosi,nkosi,1,0.99998,0.571429,1.0,0.75,0,0,5000.0,0.357143,0.0,0.0,1
pairs_twitter_instagram,Linear,davidcuen,davidcuen,1,0.997562,1.0,0.375,0.444444,0,0,5000.0,1.0,0.0,0.0,1
pairs_twitter_instagram,Linear,richkirkpatrick,richkirkpatrick,1,1.0,1.0,1.0,1.0,0,0,5000.0,0.846154,0.0,0.0,1
pairs_twitter_instagram,Linear,crowdini,crowdini,1,1.0,1.0,1.0,1.0,0,0,5000.0,0.357143,0.0,0.0,1
pairs_twitter_instagram,Linear,didszuleit,didszuleit,1,0.998012,1.0,0.0,0.529412,0,0,5000.0,1.0,0.0,0.0,1
pairs_twitter_instagram,Linear,ronrocz,ronrocz,1,1.0,1.0,1.0,1.0,0,0,5000.0,0.470588,0.0,0.0,1
pairs_twitter_instagram,Linear,fmprodguy,fmprodguy,1,0.988089,0.0,1.0,0.583333,0,0,5000.0,0.384615,0.0,0.0,1
pairs_twitter_instagram,Linear,zick,zick,1,1.0,1.0,1.0,1.0,0,0,5000.0,0.372093,0.0,0.0,1
pairs_twitter_instagram,Linear,federicoferro,federicoferro,1,1.0,1.0,1.0,1.0,0,0,5000.0,0.461538,0.0,0.0,1
pairs_twitter_instagram,Linear,marketintegrations,marketintegrations,1,0.999999,1.0,0.5,0.882353,0,0,5000.0,0.4,0.0,0.0,1
pairs_twitter_instagram,Linear,snekac,snekac,1,0.916171,1.0,0.0,0.25,0,0,5000.0,0.36,0.0,0.0,1
pairs_twitter_instagram,Linear,victormlgh,victormlgh,1,1.0,1.0,1.0,1.0,0,0,5000.0,0.413793,0.0,0.0,1
pairs_twitter_instagram,Linear,roblef,roblef,1,0.999943,1.0,0.0,0.714286,0,0,5000.0,0.451613,0.0,0.0,1
pairs_twitter_instagram,Linear,vinhle,vinhle,1,0.999995,1.0,0.5,0.8,0,0,5000.0,1.0,0.0,0.0,1
pairs_twitter_instagram,Linear,manosgerakinis,manosgerakinis,1,1.0,1.0,1.0,1.0,0,0,5000.0,1.0,0.0,0.0,1
pairs_twitter_instagram,Linear,tdanthony,tdanthony,1,0.999996,0.5,1.0,0.888889,0,0,5000.0,0.5,0.0,0.0,1
pairs_twitter_instagram,Linear,jordanstemarie,jordanstemarie,1,1.0,1.0,1.0,1.0,0,0,5000.0,0.608696,0.0,0.0,1
pairs_twitter_instagram,Linear,akbarwahyudi,akbarwahyudi,1,1.0,1.0,1.0,1.0,0,0,5000.0,0.424242,0.0,0.0,1
pairs_twitter_instagram,Linear,basarpatir,basarpatir,1,0.610836,0.285714,0.363636,0.347826,0,0,5000.0,0.416667,0.0,0.0,1
pairs_twitter_instagram,Linear,symbiansymoh,symbiansymoh,1,1.0,1.0,1.0,1.0,0,0,5000.0,0.425532,0.0,0.0,1
pairs_twitter_instagram,Linear,fredrikbergstrom,fredrikbergstrom,1,0.999333,1.0,0.285714,0.5,0,0,5000.0,0.352941,0.0,0.0,1
pairs_twitter_instagram,Linear,keiyoshikawa,raeshika,0,0.060758,0.285714,0.0,0.217391,0,0,5000.0,0.378378,0.0,0.0,1
pairs_twitter_instagram,Linear,andrewghawkins,andrewghawkins,1,1.0,1.0,0.863636,0.88,0,0,5000.0,0.434783,0.0,0.0,1
pairs_twitter_instagram,Linear,macgeeky,macgeeky,1,0.335423,0.583333,0.0,0.225806,0,0,5000.0,0.37037,0.0,0.0,1
pairs_twitter_instagram,Linear,juanjobueno,juanjobueno,1,0.993181,0.416667,0.0,0.647059,0,0,5000.0,0.416667,0.0,0.0,1
pairs_twitter_instagram,Linear,ryanketterman,ryanketterman,1,1.0,1.0,1.0,1.0,0,0,5000.0,0.4,0.0,0.0,1
pairs_twitter_instagram,Linear,wirava,edgarvangorkum,0,0.029581,0.117647,0.208333,0.2,0,0,5000.0,0.416667,0.0,0.0,0
pairs_twitter_instagram,Linear,leosimoessh,leosimoessh,1,0.963523,1.0,0.068966,0.294118,0,0,5000.0,0.4,0.0,0.0,1
pairs_twitter_instagram,Linear,natemcgee,natemcgee,1,0.98026,0.0625,1.0,0.526316,0,0,5000.0,0.380952,0.0,0.0,1
pairs_twitter_instagram,Linear,ilhampakelogika,ilhampakelogika,1,0.999973,1.0,0.5,0.642857,0,0,5000.0,0.108108,0.0,0.0,1
pairs_twitter_instagram,Linear,marymarchesano,marymarchesano,1,0.999981,1.0,0.235294,0.736842,0,0,5000.0,0.425532,0.0,0.0,1
pairs_twitter_instagram,Linear,adamy,adamaoc,0,0.976534,0.428571,0.75,0.4,0,0,5000.0,0.111111,0.0,0.0,1
pairs_twitter_instagram,Linear,benackerman,benackerman,1,0.999994,1.0,0.6875,0.722222,0,0,5000.0,0.5,0.0,0.0,1
pairs_twitter_instagram,Linear,dubx,russianuniverse,0,0.435883,0.368421,0.0,0.333333,0,0,5000.0,0.3,0.0,0.0,0
pairs_twitter_instagram,Linear,yvanboudillet,bavance,0,0.025225,0.166667,0.136364,0.222222,0,0,5000.0,1.0,0.0,0.0,0
pairs_twitter_instagram,Linear,rhettallain,rhettallain,1,0.882355,0.416667,0.423077,0.419355,0,0,5000.0,1.0,0.0,0.0,1
pairs_twitter_instagram,Linear,nataliecheng88,nataliecheng88,1,1.0,1.0,1.0,1.0,0,0,5000.0,0.444444,0.0,0.0,1
pairs_twitter_instagram,Linear,javierarmentia,javierarmentia,1,1.0,1.0,1.0,1.0,0,0,5000.0,0.428571,0.0,0.0,1
pairs_twitter_instagram,Linear,phuzylogik,phuzylogik,1,0.999997,1.0,0.625,0.777778,0,0,5000.0,0.588235,0.0,0.0,1
pairs_twitter_instagram,Linear,toddpoole,toddpoole,1,1.0,0.888889,1.0,0.923077,0,0,5000.0,0.434783,0.0,0.0,1
pairs_twitter_instagram,Linear,crystalking,crystalking,1,0.999997,0.818182,1.0,0.789474,0,0,5000.0,0.5,0.0,0.0,1
pairs_twitter_instagram,Linear,cristinabelloni,cristinabelloni,1,0.999998,0.533333,1.0,0.894737,0,0,5000.0,0.0,0.0,0.0,1
pairs_twitter_instagram,Linear,riefaja,riefaja,1,0.999998,1.0,0.625,0.8,0,0,5000.0,0.333333,0.0,0.0,1
pairs_twitter_instagram,Linear,biverson,biverson,1,0.997152,0.0,1.0,0.684211,0,0,5000.0,0.56,0.0,0.0,1
pairs_twitter_instagram,Linear,teoriametalica,teoriametalica,1,0.597299,0.0,1.0,0.333333,0,0,5000.0,0.382979,0.0,0.0,1
pairs_twitter_instagram,Linear,matsugawa,rjudas,0,0.049402,0.0,0.35,0.25,0,0,5000.0,0.375,0.0,0.0,0
pairs_twitter_instagram,Linear,bryantobiason,bryantobiason,1,1.0,1.0,1.0,1.0,0,0,5000.0,0.153846,0.0,0.0,1
pairs_twitter_instagram,Linear,dydyhujan,dydyhujan,1,1.0,1.0,1.0,1.0,0,0,5000.0,0.372093,0.0,0.0,1
pairs_twitter_instagram,Linear,radphotography,radphotography,1,0.999991,1.0,0.6,0.75,0,0,5000.0,1.0,0.0,0.0,1
pairs_twitter_instagram,Linear,manishreddy,manishreddy,1,0.999723,0.384615,1.0,0.666667,0,0,5000.0,0.421053,0.0,0.0,1
pairs_twitter_instagram,Linear,rainerflame,rainerflame,1,1.0,1.0,1.0,1.0,0,0,5000.0,0.146341,0.0,0.0,1
pairs_twitter_instagram,Linear,fabianalvarez,fabianalvarez,1,0.999706,1.0,0.464286,0.558824,0,0,5000.0,1.0,0.0,0.0,1
pairs_twitter_instagram,Linear,diesteph,diesteph,1,1.0,1.0,1.0,1.0,0,0,5000.0,0.4,0.0,0.0,1
pairs_twitter_instagram,Linear,marcosaurellio,marcosaurellio,1,0.999537,1.0,0.354839,0.514286,0,0,5000.0,0.428571,0.0,0.0,1
pairs_twitter_instagram,Linear,mariogiancini,mariogiancini,1,1.0,1.0,1.0,1.0,0,0,5000.0,0.588235,0.0,0.0,1
pairs_twitter_instagram,Linear,torid,torid,1,0.997379,1.0,0.04,0.482759,0,0,5000.0,0.666667,0.0,0.0,1
pairs_twitter_instagram,Linear,filjedi,filjedi,1,1.0,1.0,1.0,1.0,0,0,5000.0,0.421053,0.0,0.0,1
pairs_twitter_instagram,Linear,yannispatras,yannispatras,1,0.864571,0.0,0.416667,0.521739,0,0,5000.0,0.157895,0.0,0.0,1
pairs_twitter_instagram,Linear,markusortner,markusortner,1,1.0,1.0,1.0,1.0,0,0,5000.0,0.418605,0.0,0.0,1
pairs_twitter_instagram,Linear,ericzimmett,ericzimmett,1,1.0,1.0,1.0,1.0,0,0,5000.0,0.390244,0.0,0.0,1
pairs_twitter_instagram,Linear,tapps,tapps,1,0.999375,1.0,0.3,0.5,0,0,5000.0,0.333333,0.0,0.0,1
pairs_twitter_instagram,Linear,sertxu,sertxu,1,0.956434,0.416667,0.384615,0.458333,0,0,5000.0,0.461538,0.0,0.0,1
pairs_twitter_instagram,Linear,mitchbaldwin,mitchbaldwin,1,1.0,1.0,1.0,1.0,0,0,5000.0,0.4,0.0,0.0,1
pairs_twitter_instagram,Linear,jortegahd,jortegahd,1,0.981182,1.0,0.058824,0.351351,0,0,5000.0,0.6,0.0,0.0,1
pairs_twitter_instagram,Linear,tjameswhite,tjameswhite,1,0.996825,1.0,0.090909,0.482759,0,0,5000.0,1.0,0.0,0.0,1
pairs_twitter_instagram,Linear,ryanwright,ryanwright,1,1.0,1.0,1.0,1.0,0,0,5000.0,0.363636,0.0,0.0,1
pairs_twitter_instagram,Linear,uvabe,uvabe,1,1.0,1.0,1.0,1.0,0,0,5000.0,1.0,0.0,0.0,1
pairs_twitter_instagram,Linear,vanora,vanora,1,1.0,1.0,1.0,1.0,0,0,5000.0,1.0,0.0,0.0,1
pairs_twitter_instagram,Linear,ibulat,ibulat,1,0.945826,0.571429,0.25,0.4,0,0,5000.0,0.333333,0.0,0.0,1
pairs_twitter_instagram,Linear,iamcorn,erwinhuang,0,0.096366,0.0,0.357143,0.3,0,0,5000.0,0.478261,0.0,0.0,0
pairs_twitter_instagram,Linear,pascalstjean,pascalstjean,1,0.999992,0.416667,1.0,0.875,0,0,5000.0,0.428571,0.0,0.0,1
pairs_twitter_instagram,Linear,ercansevinc,ercansevinc,1,1.0,1.0,1.0,1.0,0,0,5000.0,0.0,0.0,0.0,1
pairs_twitter_instagram,Linear,brianyw,brianyw,1,1.0,1.0,1.0,1.0,0,0,5000.0,0.384615,0.0,0.0,1
pairs_twitter_instagram,Linear,knittingandpurling,knittingandpurling,1,0.480695,0.115385,0.047619,0.416667,0,0,5000.0,0.0,0.0,0.0,1
pairs_twitter_instagram,Linear,avaragado,avaragado,1,1.0,1.0,1.0,1.0,0,0,5000.0,1.0,0.0,0.0,1
pairs_twitter_instagram,Linear,dannybooty,dannybooty,1,0.999954,0.363636,1.0,0.785714,0,0,5000.0,0.410256,0.0,0.0,1
pairs_twitter_instagram,Linear,shawareb,shawareb,1,0.999999,0.583333,1.0,0.9375,0,0,5000.0,0.421053,0.0,0.0,1
pairs_twitter_instagram,Linear,charlierein,charlierein,1,0.999961,0.538462,1.0,0.764706,0,0,5000.0,1.0,0.0,0.0,1
pairs_twitter_instagram,Linear,joeteh,joeteh,1,1.0,1.0,1.0,1.0,0,0,5000.0,0.444444,0.0,0.0,1
pairs_twitter_instagram,Linear,jerrybarnwell,jerrybarnwell,1,1.0,1.0,1.0,1.0,0,0,5000.0,1.0,0.0,0.0,1
pairs_twitter_instagram,Linear,tacianomm,tacianomm,1,0.999998,1.0,0.722222,0.772727,0,0,5000.0,0.409091,0.0,0.0,1
pairs_twitter_instagram,Linear,aaronphil,aaronphil,1,0.999947,1.0,0.0,0.714286,0,0,5000.0,0.388889,0.0,0.0,1
pairs_twitter_instagram,Linear,jaryves,jaryves,1,1.0,1.0,1.0,1.0,0,0,5000.0,0.418605,0.0,0.0,1
pairs_twitter_instagram,Linear,barbaraparolini,barbaraparolini,1,0.998669,0.25,1.0,0.619048,0,0,5000.0,0.363636,0.0,0.0,1
pairs_twitter_instagram,Linear,jeffersonfonseca,jeffersonfonseca,1,1.0,1.0,1.0,1.0,0,0,5000.0,0.461538,0.0,0.0,1
pairs_twitter_instagram,Linear,kkitajima,kkitajima,1,0.999997,1.0,0.7,0.8,0,0,5000.0,1.0,0.0,0.0,1
pairs_twitter_instagram,Linear,michellefreeman,michellefreeman,1,1.0,1.0,1.0,1.0,0,0,5000.0,0.5,0.0,0.0,1
pairs_twitter_instagram,Linear,antoninremond,antoninremond,1,0.999999,0.769231,1.0,0.842105,0,0,5000.0,0.0,0.0,0.0,1
pairs_twitter_instagram,Linear,khagendra13,khagendra13,1,1.0,1.0,1.0,1.0,0,0,5000.0,0.4,0.0,0.0,1
pairs_twitter_instagram,Linear,keithdevereux,keithdevereux,1,0.994494,1.0,0.133333,0.375,0,0,5000.0,0.0,0.0,0.0,1
pairs_twitter_instagram,Linear,urbanconsultant,urbanconsultant,1,0.996225,1.0,0.0,0.424242,0,0,5000.0,0.0,0.0,0.0,1
pairs_twitter_instagram,Linear,aleksandersoender,aleksandersoender,1,1.0,1.0,1.0,1.0,0,0,5000.0,0.482759,0.0,0.0,1
pairs_twitter_instagram,Linear,dezydelima,dezydelima,1,0.141341,0.166667,0.291667,0.275862,0,0,5000.0,0.52,0.0,0.0,1
pairs_twitter_instagram,Linear,giulianoabate,giulianoabate,1,1.0,1.0,1.0,1.0,0,0,5000.0,0.571429,0.0,0.0,1
pairs_twitter_instagram,Linear,jenniferrosenblatt,kyleoleary,0,0.31739,0.25,0.294118,0.272727,0,0,5000.0,0.0,0.0,0.0,0
pairs_twitter_instagram,Linear,danilolara,danilolara,1,1.0,1.0,1.0,1.0,0,0,5000.0,0.413793,0.0,0.0,1
pairs_twitter_instagram,Linear,colleenburns,colleenburns,1,1.0,1.0,1.0,1.0,0,0,5000.0,0.588235,0.0,0.0,1
pairs_twitter_instagram,Linear,mattslens,mattslens,1,1.0,1.0,1.0,1.0,0,0,5000.0,0.32,0.0,0.0,1
pairs_twitter_instagram,Linear,docmurphy,docmurphy,1,1.0,1.0,1.0,1.0,0,0,5000.0,0.375,0.0,0.0,1
pairs_twitter_instagram,Linear,claudenahon,claudenahon,1,0.999998,0.818182,1.0,0.8,0,0,5000.0,0.555556,0.0,0.0,1
pairs_twitter_instagram,Linear,americoferrara,americoferrara,1,0.999999,1.0,0.5,0.866667,0,0,5000.0,0.333333,0.0,0.0,1
pairs_twitter_instagram,Linear,marcusnelson,marcusnelson,1,1.0,1.0,1.0,1.0,0,0,5000.0,0.416667,0.0,0.0,1
pairs_twitter_instagram,Linear,maritosv,maritosv,1,0.999918,1.0,0.25,0.642857,0,0,5000.0,0.439024,0.0,0.0,1
pairs_twitter_instagram,Linear,mikesorg,mikesorg,1,1.0,1.0,0.846154,0.9,0,0,5000.0,0.421053,0.0,0.0,1
pairs_twitter_instagram,Linear,hieuiee,hieuiee,1,0.993067,1.0,0.0,0.411765,0,0,5000.0,0.390244,0.0,0.0,1
pairs_twitter_instagram,Linear,jhauge,jhauge,1,0.999988,0.363636,1.0,0.866667,0,0,5000.0,0.390244,0.0,0.0,1
pairs_twitter_instagram,Linear,roadtrippers,roadtrippers,1,0.999332,1.0,0.44,0.481481,0,0,5000.0,0.526316,0.0,0.0,1
pairs_twitter_instagram,Linear,philstrahl,philstrahl,1,0.999999,1.0,0.769231,0.8,0,0,5000.0,0.390244,0.0,0.0,1
pairs_twitter_instagram,Linear,nhiranz,nhiranz,1,1.0,1.0,1.0,1.0,0,0,5000.0,0.315789,0.0,0.0,1
pairs_twitter_instagram,Linear,arqjlsm,arqjlsm,1,0.999904,1.0,0.0,0.684211,0,0,5000.0,0.484848,0.0,0.0,1
pairs_twitter_instagram,Linear,fionagraham,fionagraham,1,1.0,1.0,1.0,1.0,0,0,5000.0,1.0,0.0,0.0,1
pairs_twitter_instagram,Linear,shunn,shunn,1,0.948612,0.571429,0.444444,0.393939,0,0,5000.0,0.761905,0.0,0.0,1
pairs_twitter_instagram,Linear,akippingruane,akippingruane,1,0.999998,1.0,0.652174,0.777778,0,0,5000.0,0.352941,0.0,0.0,1
pairs_twitter_instagram,Linear,marlenebitzer,marlenebitzer,1,0.999999,0.785714,1.0,0.833333,0,0,5000.0,0.44,0.0,0.0,1
pairs_twitter_instagram,Linear,guy1067,guy1067,1,1.0,1.0,1.0,1.0,0,0,5000.0,1.0,0.0,0.0,1
pairs_twitter_instagram,Linear,jinuem,jinuem,1,1.0,1.0,1.0,1.0,0,0,5000.0,0.461538,0.0,0.0,1
pairs_twitter_instagram,Linear,byross,byross,1,0.99396,1.0,0.0,0.416667,0,0,5000.0,0.333333,0.0,0.0,1
pairs_twitter_instagram,Linear,joshuaparker,bmacmedia,0,0.179671,0.363636,0.111111,0.25,0,0,5000.0,0.521739,0.0,0.0,0
pairs_twitter_instagram,Linear,dianeharrigan,dianeharrigan,1,1.0,1.0,1.0,1.0,0,0,5000.0,0.866667,0.0,0.0,1
pairs_twitter_instagram,Linear,chrislittler,christuttle76,0,0.980957,0.5,0.533333,0.45,0,0,5000.0,0.470588,0.0,0.0,0
pairs_twitter_instagram,Linear,venier,venier,1,1.0,1.0,1.0,1.0,0,0,5000.0,0.518519,0.0,0.0,1
pairs_twitter_instagram,Linear,eesmyal,eesmyal,1,1.0,1.0,1.0,1.0,0,0,5000.0,0.4,0.0,0.0,1
pairs_twitter_instagram,Linear,rhoinkes,rhoinkes,1,0.99999,0.461538,1.0,0.882353,0,0,5000.0,1.0,0.0,0.0,1
pairs_twitter_instagram,Linear,ronsansone,ronsansone,1,0.99119,0.714286,0.416667,0.4375,0,0,5000.0,0.5,0.0,0.0,1
pairs_twitter_instagram,Linear,starmomma,lizbarnett,0,0.43904,0.142857,0.454545,0.342105,0,0,5000.0,0.387097,0.0,0.0,1
pairs_twitter_instagram,Linear,johnstefanidis,johnstefanidis,1,0.247677,0.363636,0.0,0.285714,0,0,5000.0,0.352941,0.0,0.0,1
pairs_twitter_instagram,Linear,kokilayaa,kokilayaa,1,1.0,1.0,1.0,1.0,0,0,5000.0,0.5,0.0,0.0,1
pairs_twitter_instagram,Linear,roslauski,roslauski,1,1.0,1.0,1.0,1.0,0,0,5000.0,0.846154,0.0,0.0,1
pairs_twitter_instagram,Linear,raffaellosetten,raffaellosetten,1,1.0,1.0,1.0,1.0,0,0,5000.0,0.571429,0.0,0.0,1
pairs_twitter_instagram,Linear,daengdoang,daengdoang,1,1.0,1.0,0.866667,0.9,0,0,5000.0,0.4,0.0,0.0,1
pairs_twitter_instagram,Linear,derekameyer,katesalyers,0,0.759329,0.35,0.473684,0.346154,0,0,5000.0,0.444444,0.0,0.0,0
pairs_twitter_instagram,Linear,marissahughes,marissahughes,1,1.0,1.0,1.0,1.0,0,0,5000.0,0.461538,0.0,0.0,1
pairs_twitter_instagram,Linear,ggty,ggty,1,0.999993,1.0,0.666667,0.714286,0,0,5000.0,0.413793,0.0,0.0,1
pairs_twitter_instagram,Linear,jreese,jreese,1,1.0,1.0,1.0,1.0,0,0,5000.0,0.347826,0.0,0.0,1
pairs_twitter_instagram,Linear,arklady,arklady,1,0.999992,1.0,0.434783,0.75,0,0,5000.0,0.434783,0.0,0.0,1
pairs_twitter_instagram,Linear,andreaskuehn,andreaskuehn,1,0.999771,1.0,0.421053,0.541667,0,0,5000.0,0.375,0.0,0.0,1
pairs_twitter_instagram,Linear,negegabriel,negegabriel,1,1.0,1.0,1.0,1.0,0,0,5000.0,0.413793,0.0,0.0,1
pairs_twitter_instagram,Linear,ricardosalgado,ricardosalgado,1,0.986971,1.0,0.083333,0.354839,0,0,5000.0,0.37037,0.0,0.0,1
pairs_twitter_instagram,Linear,pavelsmirnov,pavelsmirnov,1,1.0,1.0,1.0,1.0,0,0,5000.0,0.0,0.0,0.0,1
pairs_twitter_instagram,Linear,ube17,salahg,0,0.287457,0.428571,0.08,0.264706,0,0,5000.0,0.470588,0.0,0.0,0
pairs_twitter_instagram,Linear,frankdasilva,frankdasilva,1,1.0,1.0,1.0,1.0,0,0,5000.0,1.0,0.0,0.0,1
pairs_twitter_instagram,Linear,mithical,mithical,1,1.0,1.0,1.0,1.0,0,0,5000.0,0.4,0.0,0.0,1
pairs_twitter_instagram,Linear,zackpund,zackpund,1,1.0,1.0,1.0,1.0,0,0,5000.0,0.625,0.0,0.0,1
pairs_twitter_instagram,Linear,pamvickers,pamvickers,1,0.991928,0.5,0.666667,0.473684,0,0,5000.0,0.4,0.0,0.0,1
pairs_twitter_instagram,Linear,marinasweet,marinasweet,1,0.974806,0.227273,1.0,0.444444,0,0,5000.0,0.37037,0.0,0.0,1
pairs_twitter_instagram,Linear,kicey,kicey,1,0.099366,0.125,0.4,0.24,0,0,5000.0,0.416667,0.0,0.0,1
pairs_twitter_instagram,Linear,lizcarey13,lizcarey13,1,1.0,1.0,1.0,1.0,0,0,5000.0,0.866667,0.0,0.0,1
pairs_twitter_instagram,Linear,fontesfilipe,fontesfilipe,1,1.0,1.0,1.0,1.0,0,0,5000.0,0.30303,0.0,0.0,1
pairs_twitter_instagram,Linear,ozturkmurat,ozturkmurat,1,0.99996,0.615385,1.0,0.7,0,0,5000.0,0.5,0.0,0.0,1
pairs_twitter_instagram,Linear,michielheijmans,michielheijmans,1,0.928628,0.0,0.4,0.583333,0,0,5000.0,0.375,0.0,0.0,1
pairs_twitter_instagram,Linear,jimbgreen,jimbgreen,1,0.997094,0.076923,1.0,0.647059,0,0,5000.0,0.48,0.0,0.0,1
pairs_twitter_instagram,Linear,mrchorusman,anibaldelatorre,0,0.059869,0.272727,0.096774,0.2,0,0,5000.0,0.333333,0.0,0.0,0
pairs_twitter_instagram,Linear,royterp,royterp,1,1.0,1.0,1.0,1.0,0,0,5000.0,0.4,0.0,0.0,1
pairs_twitter_instagram,Linear,jcarlossoto,jcarlossoto,1,1.0,1.0,1.0,1.0,0,0,5000.0,0.344828,0.0,0.0,1
pairs_twitter_instagram,Linear,peregeis,peregeis,1,1.0,1.0,1.0,1.0,0,0,5000.0,0.47619,0.0,0.0,1
pairs_twitter_instagram,Linear,tcmorgan,visionario,0,0.109959,0.583333,0.0,0.179487,0,0,5000.0,1.0,0.0,0.0,0
pairs_twitter_instagram,Linear,reportertim,reportertim,1,1.0,1.0,1.0,1.0,0,0,5000.0,0.413793,0.0,0.0,1
pairs_twitter_instagram,Linear,juanpascual,juanpascual,1,1.0,1.0,1.0,1.0,0,0,5000.0,0.545455,0.0,0.0,1
pairs_twitter_instagram,Linear,jeremeyperkins,jeremeyperkins,1,1.0,1.0,1.0,1.0,0,0,5000.0,1.0,0.0,0.0,1
pairs_twitter_instagram,Linear,pmoraes,pmoraes,1,0.69929,0.076923,0.55,0.419355,0,0,5000.0,0.413793,0.0,0.0,1
pairs_twitter_instagram,Linear,victorpanlilio,victorpanlilio,1,1.0,1.0,1.0,1.0,0,0,5000.0,0.375,0.0,0.0,1
pairs_twitter_instagram,Linear,doncrow,doncrow,1,1.0,1.0,1.0,1.0,0,0,5000.0,0.358974,0.0,0.0,1
pairs_twitter_instagram,Linear,intweetion,intweetion,1,0.995016,0.818182,0.222222,0.466667,0,0,5000.0,0.461538,0.0,0.0,1
pairs_twitter_instagram,Linear,jasongraham99,jasongraham99,1,1.0,1.0,1.0,1.0,0,0,5000.0,0.4375,0.0,0.0,1
pairs_twitter_instagram,Linear,silviabarroso,silviabarroso,1,1.0,1.0,1.0,1.0,0,0,5000.0,0.48,0.0,0.0,1
pairs_twitter_instagram,Linear,briancsmith,briancsmith,1,1.0,1.0,1.0,1.0,0,0,5000.0,0.538462,0.0,0.0,1
pairs_twitter_instagram,Linear,lidiadepadua,lidiadepadua,1,0.326395,0.142857,0.041667,0.366667,0,0,5000.0,0.0,0.0,0.0,1
pairs_twitter_instagram,Linear,sebastianruester,sebastianruester,1,0.944702,0.055556,1.0,0.470588,0,0,5000.0,0.5,0.0,0.0,1
pairs_twitter_instagram,Linear,lizapierce,lizapierce,1,0.999994,1.0,0.5,0.769231,0,0,5000.0,0.545455,0.0,0.0,1
pairs_twitter_instagram,Linear,scottpaterson,scottpaterson,1,1.0,1.0,1.0,1.0,0,0,5000.0,0.410256,0.0,0.0,1
pairs_twitter_instagram,Linear,julianojacob,julianojacob,1,0.999998,1.0,0.0,0.928571,0,0,5000.0,0.428571,0.0,0.0,1
pairs_twitter_instagram,Linear,alneil,alneil,1,1.0,1.0,1.0,1.0,0,0,5000.0,0.387097,0.0,0.0,1
pairs_twitter_instagram,Linear,fernandoamezrafael,fernandoamezrafael,1,0.999997,1.0,0.631579,0.777778,0,0,5000.0,0.4,0.0,0.0,1
pairs_twitter_instagram,Linear,kimberlylawson,kimberlylawson,1,0.97715,0.4375,0.421053,0.481481,0,0,5000.0,0.416667,0.0,0.0,1
pairs_twitter_instagram,Linear,guedadojacopomele,guedadojacopomele,1,0.999999,1.0,0.555556,0.894737,0,0,5000.0,0.461538,0.0,0.0,1
pairs_twitter_instagram,Linear,jeffcarroll,jeffcarroll,1,1.0,1.0,1.0,1.0,0,0,5000.0,0.333333,0.0,0.0,1
pairs_twitter_instagram,Linear,taniabishop,dbishop,0,0.745381,0.25,0.45,0.384615,0,0,5000.0,0.424242,0.0,0.0,0
pairs_twitter_instagram,Linear,mollahasani,mollahasani,1,1.0,1.0,1.0,1.0,0,0,5000.0,0.333333,0.0,0.0,1
pairs_twitter_instagram,Linear,felicelam,felicelam,1,1.0,1.0,1.0,1.0,0,0,5000.0,0.424242,0.0,0.0,1
pairs_twitter_instagram,Linear,estudiooberon,estudiooberon,1,0.991633,1.0,0.193548,0.358974,0,0,5000.0,0.333333,0.0,0.0,1
pairs_twitter_instagram,Linear,sonyanews,sonyanews,1,1.0,1.0,1.0,1.0,0,0,5000.0,0.4,0.0,0.0,1
pairs_twitter_instagram,Linear,esenterre,esenterre,1,1.0,1.0,1.0,1.0,0,0,5000.0,0.347826,0.0,0.0,1
pairs_twitter_instagram,Linear,mserdark,mserdark,1,0.99959,1.0,0.441176,0.5,0,0,5000.0,0.347826,0.0,0.0,1
pairs_twitter_instagram,Linear,paolamosso,paolamosso,1,1.0,1.0,1.0,1.0,0,0,5000.0,0.533333,0.0,0.0,1
pairs_twitter_instagram,Linear,rodedelpino,rodedelpino,1,1.0,1.0,1.0,1.0,0,0,5000.0,0.315789,0.0,0.0,1
pairs_twitter_instagram,Linear,locohama,locohama,1,0.999919,1.0,0.3,0.631579,0,0,5000.0,0.4,0.0,0.0,1
pairs_twitter_instagram,Linear,rbanffy,rbanffy,1,0.973459,1.0,0.0,0.333333,0,0,5000.0,0.484848,0.0,0.0,1
pairs_twitter_instagram,Linear,falmazroa,falmazroa,1,0.997801,1.0,0.190476,0.448276,0,0,5000.0,0.415094,0.0,0.0,1
pairs_twitter_instagram,Linear,chrisjenglish,chrisjenglish,1,0.999961,1.0,0.555556,0.636364,0,0,5000.0,0.545455,0.0,0.0,1
pairs_twitter_instagram,Linear,karenlieberman,karenlieberman,1,1.0,1.0,1.0,1.0,0,0,5000.0,1.0,0.0,0.0,1
pairs_twitter_instagram,Linear,zhangqiao,zhangqiao,1,0.999084,1.0,0.4,0.464286,0,0,5000.0,0.444444,0.0,0.0,1
pairs_twitter_instagram,Linear,andreuibanez,andreuibanez,1,0.999994,0.5,1.0,0.857143,0,0,5000.0,0.434783,0.0,0.0,1
pairs_twitter_instagram,Linear,jasonlister,jasonlister,1,1.0,1.0,1.0,1.0,0,0,5000.0,0.347826,0.0,0.0,1
pairs_twitter_instagram,Linear,justinharkey,justinharkey,1,0.999971,0.384615,1.0,0.823529,0,0,5000.0,0.666667,0.0,0.0,1
pairs_twitter_instagram,Linear,gozdebalkan,hyunheeban,0,0.170612,0.1875,0.222222,0.285714,0,0,5000.0,0.380952,0.0,0.0,0
pairs_twitter_instagram,Linear,pedrocaeiros,pedrocaeiros,1,1.0,1.0,1.0,1.0,0,0,5000.0,0.518519,0.0,0.0,1
pairs_twitter_instagram,Linear,mellielang,mellielang,1,0.999994,0.8,0.727273,0.8,0,0,5000.0,0.530612,0.0,0.0,1
pairs_twitter_instagram,Linear,twool9,twool9,1,1.0,1.0,1.0,1.0,0,0,5000.0,0.533333,0.0,0.0,1
pairs_twitter_instagram,Linear,ahmedhakim,ahmedhakim,1,0.999796,1.0,0.307692,0.578947,0,0,5000.0,0.5,0.0,0.0,1
pairs_twitter_instagram,Linear,dontsithome,dontsithome,1,1.0,1.0,1.0,1.0,0,0,5000.0,0.388889,0.0,0.0,1
pairs_twitter_instagram,Linear,lebohangbucibo,lebohangbucibo,1,1.0,1.0,1.0,1.0,0,0,5000.0,0.111111,0.0,0.0,1
pairs_twitter_instagram,Linear,rickaustin,rickaustin,1,0.999935,0.727273,0.727273,0.666667,0,0,5000.0,0.333333,0.0,0.0,1
pairs_twitter_instagram,Linear,dbhaffey,dbhaffey,1,0.999951,1.0,0.416667,0.642857,0,0,5000.0,0.444444,0.0,0.0,1
pairs_twitter_instagram,Linear,michaelallenberg,michaelallenberg,1,1.0,1.0,1.0,1.0,0,0,5000.0,1.0,0.0,0.0,1
pairs_twitter_instagram,Linear,raymondwyu,clint,0,0.228009,0.266667,0.176471,0.315789,0,0,5000.0,0.846154,0.0,0.0,0
pairs_twitter_instagram,Linear,neocroma,neocroma,1,0.998186,1.0,0.0,0.5,0,0,5000.0,0.461538,0.0,0.0,1
pairs_twitter_instagram,Linear,briannagami,briannagami,1,0.999997,0.75,1.0,0.8125,0,0,5000.0,0.545455,0.0,0.0,1
pairs_twitter_instagram,Linear,vivipedraglio,vivipedraglio,1,1.0,1.0,1.0,1.0,0,0,5000.0,0.425532,0.0,0.0,1
pairs_twitter_instagram,Linear,impureacts,impureacts,1,1.0,1.0,1.0,1.0,0,0,5000.0,1.0,0.0,0.0,1
pairs_twitter_instagram,Linear,thomaspleil,thomaspleil,1,1.0,1.0,1.0,1.0,0,0,5000.0,0.428571,0.0,0.0,1
pairs_twitter_instagram,Linear,floriandedio,floriandedio,1,0.999987,0.333333,1.0,0.875,0,0,5000.0,0.352941,0.0,0.0,1
pairs_twitter_instagram,Linear,davidadams,davidadams,1,0.999645,0.444444,1.0,0.625,0,0,5000.0,0.384615,0.0,0.0,1
pairs_twitter_instagram,Linear,domesposito,domesposito,1,0.999764,1.0,0.407407,0.583333,0,0,5000.0,1.0,0.0,0.0,1
pairs_twitter_instagram,Linear,alhasani,alhasani,1,0.99999,1.0,0.6,0.703704,0,0,5000.0,0.377358,0.0,0.0,1
pairs_twitter_instagram,Linear,sanahsayani,sanahsayani,1,0.999911,0.666667,1.0,0.625,0,0,5000.0,0.421053,0.0,0.0,1
pairs_twitter_instagram,Linear,lotuscarroll,lotuscarroll,1,1.0,1.0,1.0,1.0,0,0,5000.0,0.25,0.0,0.0,1
pairs_twitter_instagram,Linear,robnelson,laliam,0,0.236818,0.230769,0.285714,0.277778,0,0,5000.0,0.32,0.0,0.0,0
pairs_twitter_instagram,Linear,laurendaymakeup,laurendaymakeup,1,1.0,1.0,1.0,1.0,0,0,5000.0,0.444444,0.0,0.0,1
pairs_twitter_instagram,Linear,joshuagriffler,joshuagriffler,1,1.0,1.0,1.0,1.0,0,0,5000.0,1.0,0.0,0.0,1
pairs_twitter_instagram,Linear,tyroneeaton,baltimoretom,0,0.156071,0.277778,0.227273,0.258065,0,0,5000.0,0.625,0.0,0.0,1
pairs_twitter_instagram,Linear,bradyocallahan,bradyocallahan,1,1.0,1.0,1.0,1.0,0,0,5000.0,0.421053,0.0,0.0,1
pairs_twitter_instagram,Linear,scottjwalter,scottjwalter,1,1.0,1.0,1.0,1.0,0,0,5000.0,0.4,0.0,0.0,1
pairs_twitter_instagram,Linear,laranovales,laranovales,1,0.999983,1.0,0.611111,0.666667,0,0,5000.0,0.377358,0.0,0.0,1
pairs_twitter_instagram,Linear,codyo,codyo,1,0.999987,0.6,1.0,0.777778,0,0,5000.0,0.551724,0.0,0.0,1
pairs_twitter_instagram,Linear,sejalparekh,sejalparekh,1,1.0,1.0,1.0,1.0,0,0,5000.0,1.0,0.0,0.0,1
pairs_twitter_instagram,Linear,visualmethod,visualmethod,1,1.0,1.0,1.0,1.0,0,0,5000.0,0.482759,0.0,0.0,1
pairs_twitter_instagram,Linear,ojdurham,rachelhermosura,0,0.069791,0.333333,0.0,0.206897,0,0,5000.0,0.367347,0.0,0.0,0
pairs_twitter_instagram,Linear,arcarga,arcarga,1,0.997127,1.0,0.285714,0.424242,0,0,5000.0,0.583333,0.0,0.0,1
pairs_twitter_instagram,Linear,wizardparadox,wizardparadox,1,0.652113,0.769231,0.0,0.23913,0,0,5000.0,0.461538,0.0,0.0,1
pairs_twitter_instagram,Linear,kevinhealey,kevinhealey,1,0.88145,0.642857,0.34375,0.307692,0,0,5000.0,0.444444,0.0,0.0,1
pairs_twitter_instagram,Linear,jeroenvangils,jeroenvangils,1,1.0,1.0,1.0,1.0,0,0,5000.0,0.4,0.0,0.0,1
pairs_twitter_instagram,Linear,bradenframe,bradenframe,1,1.0,1.0,1.0,1.0,0,0,5000.0,0.333333,0.0,0.0,1
pairs_twitter_instagram,Linear,rubeelnellikad,rubeelnellikad,1,1.0,1.0,1.0,1.0,0,0,5000.0,0.5,0.0,0.0,1
pairs_twitter_instagram,Linear,bobhazlett,bobhazlett,1,0.923209,0.125,1.0,0.411765,0,0,5000.0,0.357143,0.0,0.0,1
pairs_twitter_instagram,Linear,wojciechnowacki,wojciechnowacki,1,0.960529,0.047619,1.0,0.484848,0,0,5000.0,0.333333,0.0,0.0,1
pairs_twitter_instagram,Linear,fivekey,fivekey,1,0.958447,1.0,0.0,0.307692,0,0,5000.0,0.533333,0.0,0.0,1
pairs_twitter_instagram,Linear,ayepee99,ayepee99,1,0.227143,0.0,1.0,0.235294,0,0,5000.0,0.421053,0.0,0.0,1
pairs_twitter_instagram,Linear,rjjaramillo,rjjaramillo,1,1.0,1.0,1.0,1.0,0,0,5000.0,0.466667,0.0,0.0,1
pairs_twitter_instagram,Linear,tylerkessler,tylerkessler,1,1.0,1.0,1.0,1.0,0,0,5000.0,0.434783,0.0,0.0,1
pairs_twitter_instagram,Linear,helloethan,helloethan,1,0.999885,0.363636,1.0,0.733333,0,0,5000.0,0.473684,0.0,0.0,1
pairs_twitter_instagram,Linear,jenngrover,jenngrover,1,0.999996,0.727273,1.0,0.8,0,0,5000.0,0.4,0.0,0.0,1
pairs_twitter_instagram,Linear,robertheadley,robertheadley,1,1.0,1.0,1.0,1.0,0,0,5000.0,0.387097,0.0,0.0,1
pairs_twitter_instagram,Linear,antgoo,antgoo,1,1.0,1.0,1.0,1.0,0,0,5000.0,0.866667,0.0,0.0,1
pairs_twitter_instagram,Linear,fdemouy,fdemouy,1,0.972405,1.0,0.095238,0.32,0,0,5000.0,0.6,0.0,0.0,1
pairs_twitter_instagram,Linear,caroquezadac,caroquezadac,1,1.0,1.0,0.9375,1.0,0,0,5000.0,0.461538,0.0,0.0,1
pairs_twitter_instagram,Linear,jareduraine,jareduraine,1,1.0,1.0,1.0,1.0,0,0,5000.0,0.444444,0.0,0.0,1
pairs_twitter_instagram,Linear,valyb,valyb,1,1.0,1.0,1.0,1.0,0,0,5000.0,0.5,0.0,0.0,1
pairs_twitter_instagram,Linear,davidbonet,davidbonet,1,1.0,1.0,1.0,1.0,0,0,5000.0,0.4,0.0,0.0,1
pairs_twitter_instagram,Linear,julieg,julieg,1,0.897206,0.5,0.4,0.4,0,0,5000.0,1.0,0.0,0.0,1
pairs_twitter_instagram,Linear,michaelletang,michaelletang,1,0.999995,0.416667,1.0,0.9375,0,0,5000.0,1.0,0.0,0.0,1
pairs_twitter_instagram,Linear,dgosplvd,dgosplvd,1,0.999999,1.0,0.75,0.833333,0,0,5000.0,0.5,0.0,0.0,1
pairs_twitter_instagram,Linear,cesarmuela,cesarmuela,1,0.999221,1.0,0.384615,0.483871,0,0,5000.0,0.545455,0.0,0.0,1
pairs_twitter_instagram,Linear,jellederoeck,jellederoeck,1,0.999951,1.0,0.0,0.722222,0,0,5000.0,0.428571,0.0,0.0,1
pairs_twitter_instagram,Linear,caty,caty,1,0.948975,0.142857,1.0,0.473684,0,0,5000.0,1.0,0.0,0.0,1
pairs_twitter_instagram,Linear,nicholaschen,nicholaschen,1,0.995507,0.625,0.461538,0.5,0,0,5000.0,0.4,0.0,0.0,1
pairs_twitter_instagram,Linear,sassycurls,sassycurls,1,1.0,1.0,0.789474,0.866667,0,0,5000.0,0.521739,0.0,0.0,1
pairs_twitter_instagram,Linear,zelia,zelia,1,0.999987,0.571429,1.0,0.777778,0,0,5000.0,0.375,0.0,0.0,1
pairs_twitter_instagram,Linear,mitz,mitz,1,0.999997,1.0,0.3,0.846154,0,0,5000.0,0.416667,0.0,0.0,1
pairs_twitter_instagram,Linear,domingoriera,domingoriera,1,0.999989,1.0,0.631579,0.695652,0,0,5000.0,0.425532,0.0,0.0,1
pairs_twitter_instagram,Linear,naborgarrido,naborgarrido,1,0.999996,1.0,0.666667,0.75,0,0,5000.0,0.342857,0.0,0.0,1
pairs_twitter_instagram,Linear,mjarron,mjarron,1,0.995401,0.454545,0.6,0.578947,0,0,5000.0,1.0,0.0,0.0,1
pairs_twitter_instagram,Linear,rdalba,rdalba,1,1.0,1.0,1.0,1.0,0,0,5000.0,0.190476,0.0,0.0,1
pairs_twitter_instagram,Linear,larrytron,larrytron,1,1.0,1.0,1.0,1.0,0,0,5000.0,0.195122,0.0,0.0,1
pairs_twitter_instagram,Linear,colinlord,colinlord,1,1.0,1.0,1.0,1.0,0,0,5000.0,0.434783,0.0,0.0,1
pairs_twitter_instagram,Linear,kivettbednar,kivettbednar,1,1.0,1.0,1.0,1.0,0,0,5000.0,0.5,0.0,0.0,1
pairs_twitter_instagram,Linear,joeyfeith,joeyfeith,1,1.0,1.0,1.0,1.0,0,0,5000.0,0.533333,0.0,0.0,1
pairs_twitter_instagram,Linear,silviafattori,silviafattori,1,0.999942,1.0,0.333333,0.65,0,0,5000.0,0.470588,0.0,0.0,1
pairs_twitter_instagram,Linear,alifeallah,alifeallah,1,1.0,1.0,1.0,1.0,0,0,5000.0,0.195122,0.0,0.0,1
pairs_twitter_instagram,Linear,mrdrazad,mrdrazad,1,0.999919,1.0,0.428571,0.608696,0,0,5000.0,0.432432,0.0,0.0,1
pairs_twitter_instagram,Linear,davidweb,davidpardo,0,0.921569,0.307692,0.571429,0.428571,0,0,5000.0,0.486486,0.0,0.0,1
pairs_twitter_instagram,Linear,luclegay,luclegay,1,1.0,1.0,1.0,1.0,0,0,5000.0,0.555556,0.0,0.0,1
pairs_twitter_instagram,Linear,voyta,voyta,1,0.999996,1.0,0.6,0.75,0,0,5000.0,0.333333,0.0,0.0,1
pairs_twitter_instagram,Linear,yawjosephetse,yawjosephetse,1,0.998394,1.0,0.153846,0.5,0,0,5000.0,0.8,0.0,0.0,1
pairs_twitter_instagram,Linear,lupupavel,lupupavel,1,0.69629,0.076923,0.444444,0.444444,0,0,5000.0,0.5,0.0,0.0,1
pairs_twitter_instagram,Linear,chyan,chyan,1,0.999944,1.0,0.444444,0.6,0,0,5000.0,0.0,0.0,0.0,1
pairs_twitter_instagram,Linear,jlbravo,jlbravo,1,0.998796,0.363636,0.454545,0.6875,0,0,5000.0,0.4,0.0,0.0,1
pairs_twitter_instagram,Linear,shantellmartin,shantellmartin,1,0.999656,1.0,0.482759,0.545455,0,0,5000.0,1.0,0.0,0.0,1
pairs_twitter_instagram,Linear,maiz,maiz,1,1.0,1.0,1.0,1.0,0,0,5000.0,0.428571,0.0,0.0,1
pairs_twitter_instagram,Linear,jayjohnsonmlp,jayjohnsonmlp,1,1.0,1.0,1.0,1.0,0,0,5000.0,1.0,0.0,0.0,1
pairs_twitter_instagram,Linear,jennaavery,jennaavery,1,1.0,1.0,1.0,1.0,0,0,5000.0,1.0,0.0,0.0,1
pairs_twitter_instagram,Linear,naccarato,naccarato,1,0.999958,0.416667,1.0,0.764706,0,0,5000.0,0.333333,0.0,0.0,1
pairs_twitter_instagram,Linear,olatin,olatin,1,0.999987,1.0,0.428571,0.722222,0,0,5000.0,0.4,0.0,0.0,1
pairs_twitter_instagram,Linear,hogeslag,hogeslag,1,0.991064,0.0,1.0,0.6,0,0,5000.0,0.363636,0.0,0.0,1
pairs_twitter_instagram,Linear,kedtaz,kedtaz,1,1.0,1.0,1.0,1.0,0,0,5000.0,0.533333,0.0,0.0,1
pairs_twitter_instagram,Linear,fredrodrigues,fredrodrigues,1,1.0,1.0,1.0,1.0,0,0,5000.0,0.4,0.0,0.0,1
pairs_twitter_instagram,Linear,victorzaidi,danbeazley,0,0.53927,0.235294,0.263158,0.363636,0,0,5000.0,0.333333,0.0,0.0,0
pairs_twitter_instagram,Linear,betharnold,betharnold,1,0.999995,0.818182,1.0,0.75,0,0,5000.0,0.428571,0.0,0.0,1
pairs_twitter_instagram,Linear,frosch03,frosch03,1,0.954473,1.0,0.076923,0.275862,0,0,5000.0,0.363636,0.0,0.0,1
pairs_twitter_instagram,Linear,shawnmor,shawnmor,1,1.0,1.0,0.875,0.894737,0,0,5000.0,0.375,0.0,0.0,1
pairs_twitter_instagram,Linear,ihsan,ihsan,1,0.998836,1.0,0.25,0.478261,0,0,5000.0,0.444444,0.0,0.0,1
pairs_twitter_instagram,Linear,krolow,krolow,1,1.0,1.0,1.0,1.0,0,0,5000.0,0.461538,0.0,0.0,1
pairs_twitter_instagram,Linear,frayser,frayser,1,0.940018,0.0,1.0,0.52,0,0,5000.0,1.0,0.0,0.0,1
pairs_twitter_instagram,Linear,timothylmooney,timothylmooney,1,1.0,1.0,1.0,1.0,0,0,5000.0,0.5,0.0,0.0,1
pairs_twitter_instagram,Linear,vbrown3709,vbrown3709,1,1.0,1.0,1.0,1.0,0,0,5000.0,0.0,0.0,0.0,1
pairs_twitter_instagram,Linear,jeffalldridge,jeffalldridge,1,0.998293,0.176471,1.0,0.636364,0,0,5000.0,0.416667,0.0,0.0,1
pairs_twitter_instagram,Linear,dedicatedshep,dedicatedshep,1,1.0,1.0,1.0,1.0,0,0,5000.0,0.363636,0.0,0.0,1
pairs_twitter_instagram,Linear,doughaddix,doughaddix,1,0.999999,1.0,0.727273,0.846154,0,0,5000.0,0.347826,0.0,0.0,1
pairs_twitter_instagram,Linear,warp,warp,1,1.0,1.0,0.571429,1.0,0,0,5000.0,0.235294,0.0,0.0,1
pairs_twitter_instagram,Linear,russwalker,russwalker,1,0.998527,0.357143,1.0,0.578947,0,0,5000.0,0.5,0.0,0.0,1
pairs_twitter_instagram,Linear,6clicks,6clicks,1,0.999998,0.625,1.0,0.88,0,0,5000.0,0.48,0.0,0.0,1
pairs_twitter_instagram,Linear,cassiodeveloper,cassiodeveloper,1,0.42313,0.263158,0.378378,0.314815,0,0,5000.0,0.540541,0.0,0.0,1
pairs_twitter_instagram,Linear,dadangebudi,dadangebudi,1,0.999956,1.0,0.4,0.647059,0,0,5000.0,0.357143,0.0,0.0,1
pairs_twitter_instagram,Linear,joshuatalley,joshuatalley,1,1.0,1.0,1.0,1.0,0,0,5000.0,0.4,0.0,0.0,1
pairs_twitter_instagram,Linear,pedrosdh,pedrosdh,1,0.990627,1.0,0.111111,0.375,0,0,5000.0,0.444444,0.0,0.0,1
pairs_twitter_instagram,Linear,krajabi,krajabi,1,0.999997,1.0,0.363636,0.857143,0,0,5000.0,0.8,0.0,0.0,1
pairs_twitter_instagram,Linear,jamiesmyth,kylegray,0,0.195691,0.222222,0.3,0.307692,0,0,5000.0,1.0,0.0,0.0,1
pairs_twitter_instagram,Linear,alissasadler,alissasadler,1,1.0,1.0,1.0,1.0,0,0,5000.0,0.761905,0.0,0.0,1
pairs_twitter_instagram,Linear,alwynvelasquez,alwynvelasquez,1,0.97807,0.041667,1.0,0.535714,0,0,5000.0,0.5,0.0,0.0,1
pairs_twitter_instagram,Linear,anibaldelatorre,anibaldelatorre,1,1.0,1.0,0.789474,0.913043,0,0,5000.0,0.4,0.0,0.0,1
pairs_twitter_instagram,Linear,micahb,micahb,1,0.998312,1.0,0.428571,0.448276,0,0,5000.0,0.866667,0.0,0.0,1
pairs_twitter_instagram,Linear,miguelmarqueze,miguelmarqueze,1,0.999994,1.0,0.6,0.73913,0,0,5000.0,0.384615,0.0,0.0,1
pairs_twitter_instagram,Linear,darrenchivers,darrenchivers,1,1.0,1.0,1.0,1.0,0,0,5000.0,1.0,0.0,0.0,1
pairs_twitter_instagram,Linear,kevindoohan,kevindoohan,1,0.998236,1.0,0.407407,0.448276,0,0,5000.0,0.846154,0.0,0.0,1
pairs_twitter_instagram,Linear,juancarikt,juancarikt,1,1.0,1.0,1.0,1.0,0,0,5000.0,0.387097,0.0,0.0,1
pairs_twitter_instagram,Linear,niiabbey,niiabbey,1,1.0,1.0,1.0,1.0,0,0,5000.0,0.2,0.0,0.0,1
pairs_twitter_instagram,Linear,genedexter,genedexter,1,0.586626,0.545455,0.066667,0.333333,0,0,5000.0,1.0,0.0,0.0,1
pairs_twitter_instagram,Linear,otterfreak,otterfreak,1,1.0,1.0,1.0,1.0,0,0,5000.0,0.5,0.0,0.0,1
pairs_twitter_instagram,Linear,andecha,andecha,1,0.999775,0.75,0.619048,0.645161,0,0,5000.0,1.0,0.0,0.0,1
pairs_twitter_instagram,Linear,ibo,ibo,1,0.954582,0.666667,0.0,0.4,0,0,5000.0,0.0,0.0,0.0,1
pairs_twitter_instagram,Linear,katiedeluca,katiedeluca,1,0.999612,0.769231,0.578947,0.583333,0,0,5000.0,0.571429,0.0,0.0,1
pairs_twitter_instagram,Linear,jeffcurto,jeffcurto,1,0.999988,0.444444,1.0,0.846154,0,0,5000.0,0.538462,0.0,0.0,1
pairs_twitter_instagram,Linear,zachancell,zachancell,1,1.0,1.0,1.0,1.0,0,0,5000.0,0.5,0.0,0.0,1
pairs_twitter_instagram,Linear,taotao,taotao,1,0.999999,1.0,0.0,1.0,0,0,5000.0,0.533333,0.0,0.0,1
pairs_twitter_instagram,Linear,mgarciaad,mgarciaad,1,1.0,1.0,0.692308,1.0,0,0,5000.0,1.0,0.0,0.0,1
pairs_twitter_instagram,Linear,germanico,germanico,1,0.999622,1.0,0.424242,0.512821,0,0,5000.0,0.418605,0.0,0.0,1
pairs_twitter_instagram,Linear,zachory,zachory,1,0.999804,1.0,0.272727,0.583333,0,0,5000.0,0.424242,0.0,0.0,1
pairs_twitter_instagram,Linear,mirjan,michelevangelista,0,0.201549,0.111111,0.304348,0.314286,0,0,5000.0,0.4,0.0,0.0,1
pairs_twitter_instagram,Linear,jgardner04,jgardner04,1,1.0,1.0,1.0,1.0,0,0,5000.0,1.0,0.0,0.0,1
pairs_twitter_instagram,Linear,ybenami,ybenami,1,0.991236,1.0,0.0,0.4,0,0,5000.0,0.434783,0.0,0.0,1
pairs_twitter_instagram,Linear,oliviaduran,oliviaduran,1,0.999992,0.571429,1.0,0.8125,0,0,5000.0,0.4,0.0,0.0,1
pairs_twitter_instagram,Linear,markkelly333,markkelly333,1,1.0,1.0,1.0,1.0,0,0,5000.0,1.0,0.0,0.0,1
pairs_twitter_instagram,Linear,craightonmiller,craightonmiller,1,1.0,1.0,1.0,1.0,0,0,5000.0,0.416667,0.0,0.0,1
pairs_twitter_instagram,Linear,arjantupan,arjantupan,1,1.0,1.0,1.0,1.0,0,0,5000.0,0.363636,0.0,0.0,1
pairs_twitter_instagram,Linear,danielcanton,danielcanton,1,0.999986,0.909091,0.75,0.6875,0,0,5000.0,0.333333,0.0,0.0,1
pairs_twitter_instagram,Linear,dougsandquist,dougsandquist,1,1.0,1.0,1.0,1.0,0,0,5000.0,1.0,0.0,0.0,1
pairs_twitter_instagram,Linear,poetyca,poetyca,1,1.0,1.0,0.428571,0.933333,0,0,5000.0,0.461538,0.0,0.0,1
pairs_twitter_instagram,Linear,julioguerrero,julioguerrero,1,0.999816,0.714286,0.307692,0.666667,0,0,5000.0,0.0,0.0,0.0,1
pairs_twitter_instagram,Linear,dawghouston,dawghouston,1,0.609847,0.75,0.025641,0.229167,0,0,5000.0,0.44,0.0,0.0,1
pairs_twitter_instagram,Linear,danalmasy,danalmasy,1,1.0,1.0,1.0,1.0,0,0,5000.0,0.421053,0.0,0.0,1
pairs_twitter_instagram,Linear,melissabgriffin,melissabgriffin,1,0.977135,0.05,0.875,0.555556,0,0,5000.0,0.526316,0.0,0.0,1
pairs_twitter_instagram,Linear,gabriellekleinmejia,gabriellekleinmejia,1,0.988128,1.0,0.0,0.380952,0,0,5000.0,0.434783,0.0,0.0,1
pairs_twitter_instagram,Linear,shawntkeating,shawntkeating,1,1.0,1.0,1.0,1.0,0,0,5000.0,1.0,0.0,0.0,1
pairs_twitter_instagram,Linear,bettinakast,bettinakast,1,1.0,1.0,1.0,1.0,0,0,5000.0,1.0,0.0,0.0,1
pairs_twitter_instagram,Linear,leehoward,leehoward,1,0.999584,0.272727,1.0,0.6875,0,0,5000.0,0.444444,0.0,0.0,1
pairs_twitter_instagram,Linear,jimnapier,jimnapier,1,0.999996,0.7,1.0,0.785714,0,0,5000.0,0.25,0.0,0.0,1
pairs_twitter_instagram,Linear,thanhnkh,jarvisemerald,0,0.885665,0.428571,0.461538,0.368421,0,0,5000.0,0.375,0.0,0.0,0
pairs_twitter_instagram,Linear,egorfedorov,egorfedorov,1,0.461274,0.333333,0.0,0.37037,0,0,5000.0,0.555556,0.0,0.0,1
pairs_twitter_instagram,Linear,tiscar,tiscar,1,0.997954,1.0,0.36,0.428571,0,0,5000.0,0.545455,0.0,0.0,1
pairs_twitter_instagram,Linear,kyleankney,kyleankney,1,1.0,1.0,1.0,1.0,0,0,5000.0,0.421053,0.0,0.0,1
pairs_twitter_instagram,Linear,faishalyusof,faishalyusof,1,1.0,1.0,1.0,1.0,0,0,5000.0,0.363636,0.0,0.0,1
pairs_twitter_instagram,Linear,rubenabravoc,rubenabravoc,1,0.999978,1.0,0.545455,0.703704,0,0,5000.0,1.0,0.0,0.0,1
pairs_twitter_instagram,Linear,halanscott,halanscott,1,0.999474,1.0,0.44,0.517241,0,0,5000.0,0.846154,0.0,0.0,1
pairs_twitter_instagram,Linear,marianoherrera,marianoherrera,1,0.98782,1.0,0.038462,0.363636,0,0,5000.0,0.307692,0.0,0.0,1
pairs_twitter_instagram,Linear,aurora7x,aurora7x,1,1.0,1.0,1.0,1.0,0,0,5000.0,0.315789,0.0,0.0,1
pairs_twitter_instagram,Linear,andyaskren,andyaskren,1,1.0,1.0,1.0,1.0,0,0,5000.0,0.5,0.0,0.0,1
pairs_twitter_instagram,Linear,jeffreyamcguire,jeffreyamcguire,1,1.0,1.0,0.789474,0.9,0,0,5000.0,0.4,0.0,0.0,1
pairs_twitter_instagram,Linear,mjgsm,mjgsm,1,0.999245,1.0,0.333333,0.483871,0,0,5000.0,0.363636,0.0,0.0,1
pairs_twitter_instagram,Linear,ralbiol,ralbiol,1,1.0,1.0,1.0,1.0,0,0,5000.0,0.545455,0.0,0.0,1
pairs_twitter_instagram,Linear,robertoalbertini,robertoalbertini,1,0.999975,0.666667,1.0,0.7,0,0,5000.0,0.368421,0.0,0.0,1
pairs_twitter_instagram,Linear,azoozysa,azoozysa,1,1.0,0.75,1.0,0.947368,0,0,5000.0,0.350877,0.0,0.0,1
pairs_twitter_instagram,Linear,jaycorcoran,jaycorcoran,1,1.0,1.0,1.0,1.0,0,0,5000.0,1.0,0.0,0.0,1
pairs_twitter_instagram,Linear,fernandogallardo,fernandogallardo,1,0.999993,0.466667,1.0,0.888889,0,0,5000.0,0.761905,0.0,0.0,1
pairs_twitter_instagram,Linear,ginastark,ginastark,1,1.0,1.0,1.0,1.0,0,0,5000.0,0.466667,0.0,0.0,1
pairs_twitter_instagram,Linear,deepseadawn,deepseadawn,1,1.0,1.0,1.0,1.0,0,0,5000.0,0.468085,0.0,0.0,1
pairs_twitter_instagram,Linear,jberndes,jberndes,1,1.0,1.0,1.0,1.0,0,0,5000.0,0.333333,0.0,0.0,1
pairs_twitter_instagram,Linear,aaljuma,aaljuma,1,1.0,1.0,1.0,1.0,0,0,5000.0,1.0,0.0,0.0,1
pairs_twitter_instagram,Linear,derjarjour,derjarjour,1,0.999863,1.0,0.482759,0.5625,0,0,5000.0,0.382979,0.0,0.0,1
pairs_twitter_instagram,Linear,kathyhagle,farmnwife,0,0.078906,0.285714,0.052632,0.2,0,0,5000.0,0.0,0.0,0.0,0
pairs_twitter_instagram,Linear,bstefan,bstefan,1,0.841317,0.75,0.0,0.28125,0,0,5000.0,0.0,0.0,0.0,1
pairs_twitter_instagram,Linear,klischnet,klischnet,1,0.999754,1.0,0.3125,0.555556,0,0,5000.0,0.333333,0.0,0.0,1
pairs_twitter_instagram,Linear,joancolell,joancolell,1,0.997347,1.0,0.366667,0.40625,0,0,5000.0,0.470588,0.0,0.0,1
pairs_twitter_instagram,Linear,katharts,katharts,1,0.999957,1.0,0.5,0.636364,0,0,5000.0,0.461538,0.0,0.0,1
pairs_twitter_instagram,Linear,dielmer,dielmer,1,0.892121,1.0,0.0,0.235294,0,0,5000.0,0.4,0.0,0.0,1
pairs_twitter_instagram,Linear,schwankpetr,schwankpetr,1,1.0,1.0,1.0,1.0,0,0,5000.0,0.0,0.0,0.0,1
pairs_twitter_instagram,Linear,djuggler,djuggler,1,1.0,1.0,1.0,1.0,0,0,5000.0,0.378378,0.0,0.0,1
pairs_twitter_instagram,Linear,xiangfei,feixiao,0,0.762291,0.5,0.0,0.357143,0,0,5000.0,0.114286,0.0,0.0,0
pairs_twitter_instagram,Linear,staboada,staboada,1,0.811325,0.5,0.318182,0.333333,0,0,5000.0,0.410256,0.0,0.0,1
pairs_twitter_instagram,Linear,mussumalive,mussumalive,1,0.999566,1.0,0.44,0.5,0,0,5000.0,0.4,0.0,0.0,1
pairs_twitter_instagram,Linear,heribertohdez,heribertohdez,1,0.998872,1.0,0.125,0.5,0,0,5000.0,0.378378,0.0,0.0,1
pairs_twitter_instagram,Linear,rebeccahill,rebeccaroebuck,0,0.870825,0.25,0.625,0.375,0,0,5000.0,0.0,0.0,0.0,1
pairs_twitter_instagram,Linear,harlinghausen,harlinghausen,1,0.989752,1.0,0.289474,0.333333,0,0,5000.0,0.418605,0.0,0.0,1
pairs_twitter_instagram,Linear,chrisjpowell,chrisjpowell,1,0.875588,0.090909,0.846154,0.428571,0,0,5000.0,0.461538,0.0,0.0,1
pairs_twitter_instagram,Linear,frankhartman,frankhartman,1,1.0,1.0,1.0,1.0,0,0,5000.0,0.48,0.0,0.0,1
pairs_twitter_instagram,Linear,melissagonzales,dgonz,0,0.345734,0.1,0.529412,0.322581,0,0,5000.0,0.421053,0.0,0.0,1
pairs_twitter_instagram,Linear,garethjonesnow,garethevans,0,0.860999,0.5,0.0,0.416667,0,0,5000.0,0.4,0.0,0.0,1
pairs_twitter_instagram,Linear,brothermarlon,brothermarlon,1,0.999999,1.0,0.722222,0.842105,0,0,5000.0,0.421053,0.0,0.0,1
pairs_twitter_instagram,Linear,marktewart,marktewart,1,1.0,1.0,1.0,1.0,0,0,5000.0,0.451613,0.0,0.0,1
pairs_twitter_instagram,Linear,emiliormn,emiliofolgar,0,0.509002,0.357143,0.352941,0.291667,0,0,5000.0,0.355556,0.0,0.0,0
pairs_twitter_instagram,Linear,nanay,nanay,1,0.995176,1.0,0.181818,0.4,0,0,5000.0,0.4,0.0,0.0,1
pairs_twitter_instagram,Linear,amyrogers,amyrogers,1,0.999992,1.0,0.333333,0.806452,0,0,5000.0,1.0,0.0,0.0,1
pairs_twitter_instagram,Linear,emanuelearosio,emanuelearosio,1,0.999999,0.8,1.0,0.842105,0,0,5000.0,0.571429,0.0,0.0,1
pairs_twitter_instagram,Linear,rmorrison,rmorrison,1,1.0,1.0,1.0,1.0,0,0,5000.0,0.0,0.0,0.0,1
pairs_twitter_instagram,Linear,rudolfkorv,rolfek,0,0.188544,0.214286,0.266667,0.263158,0,0,5000.0,0.214286,0.0,0.0,1
pairs_twitter_instagram,Linear,erycwikromo,erycwikromo,1,1.0,1.0,1.0,1.0,0,0,5000.0,0.4,0.0,0.0,1
pairs_twitter_instagram,Linear,dianwahyu,wesleydesouza,0,0.023739,0.230769,0.0,0.153846,0,0,5000.0,0.0,0.0,0.0,0
pairs_twitter_instagram,Linear,miamilawrence,miamilawrence,1,0.999809,1.0,0.368421,0.571429,0,0,5000.0,0.5,0.0,0.0,1
pairs_twitter_instagram,Linear,amberhewitt,amberhewitt,1,1.0,1.0,1.0,1.0,0,0,5000.0,0.538462,0.0,0.0,1
pairs_twitter_instagram,Linear,paulacolantonio,paulacolantonio,1,1.0,1.0,1.0,1.0,0,0,5000.0,0.6,0.0,0.0,1
pairs_twitter_instagram,Linear,mizenertodd,mizenertodd,1,0.999996,0.545455,1.0,0.866667,0,0,5000.0,0.421053,0.0,0.0,1
pairs_twitter_instagram,Linear,shaker909,shaker909,1,0.869621,1.0,0.0,0.204545,0,0,5000.0,0.133333,0.0,0.0,1
pairs_twitter_instagram,Linear,meikahazim,meikahazim,1,0.999999,1.0,0.727273,0.846154,0,0,5000.0,0.411765,0.0,0.0,1
pairs_twitter_instagram,Linear,dracorubio,dracorubio,1,1.0,1.0,1.0,1.0,0,0,5000.0,0.521739,0.0,0.0,1
pairs_twitter_instagram,Linear,mariadocarmo,mariadocarmo,1,0.992341,1.0,0.068966,0.394737,0,0,5000.0,0.428571,0.0,0.0,1
pairs_twitter_instagram,Linear,ecook,ecook,1,1.0,1.0,1.0,1.0,0,0,5000.0,0.363636,0.0,0.0,1
pairs_twitter_instagram,Linear,gerardfreeman,gerardfreeman,1,1.0,0.857143,1.0,0.888889,0,0,5000.0,0.108108,0.0,0.0,1
pairs_twitter_instagram,Linear,nickgaston,nickgaston,1,1.0,1.0,1.0,1.0,0,0,5000.0,0.457143,0.0,0.0,1
pairs_twitter_instagram,Linear,liannefarbes,liannefarbes,1,0.814418,0.047619,0.5,0.481481,0,0,5000.0,0.434783,0.0,0.0,1
pairs_twitter_instagram,Linear,vladgorenshteyn,vladgorenshteyn,1,1.0,1.0,1.0,1.0,0,0,5000.0,0.421053,0.0,0.0,1
pairs_twitter_instagram,Linear,tyschwoeffermann,tyschwoeffermann,1,1.0,1.0,0.888889,0.913043,0,0,5000.0,0.363636,0.0,0.0,1
pairs_twitter_instagram,Linear,vincenzodimaria,vincenzodimaria,1,1.0,1.0,1.0,1.0,0,0,5000.0,0.47619,0.0,0.0,1
pairs_twitter_instagram,Linear,cbachini,cbachini,1,1.0,1.0,1.0,1.0,0,0,5000.0,0.413793,0.0,0.0,1
pairs_twitter_instagram,Linear,roysteele,roysteele,1,0.818664,0.105263,1.0,0.387097,0,0,5000.0,0.790698,0.0,0.0,1
pairs_twitter_instagram,Linear,igoryok,igoryok,1,0.999996,0.75,1.0,0.789474,0,0,5000.0,0.4,0.0,0.0,1
pairs_twitter_instagram,Linear,antoniorodilla,antonioaraya,0,0.835154,0.333333,0.368421,0.409091,0,0,5000.0,0.545455,0.0,0.0,1
pairs_twitter_instagram,Linear,nusca,nusca,1,0.098828,0.0,0.407407,0.326087,0,0,5000.0,1.0,0.0,0.0,1
pairs_twitter_instagram,Linear,andrewyee,andrewyee,1,1.0,1.0,1.0,1.0,0,0,5000.0,1.0,0.0,0.0,1
pairs_twitter_instagram,Linear,pierrebaillargeon,pierrebaillargeon,1,0.999977,0.454545,1.0,0.793103,0,0,5000.0,0.418605,0.0,0.0,1
pairs_twitter_instagram,Linear,norbertrovira,norbertrovira,1,1.0,1.0,1.0,1.0,0,0,5000.0,0.421053,0.0,0.0,1
pairs_twitter_instagram,Linear,baubalred,baubalred,1,0.999963,1.0,0.5625,0.611111,0,0,5000.0,0.117647,0.0,0.0,1
pairs_twitter_instagram,Linear,mattcoe,mattcoe,1,1.0,1.0,1.0,1.0,0,0,5000.0,1.0,0.0,0.0,1
pairs_twitter_instagram,Linear,sarahnance,sarahnance,1,0.999987,0.666667,1.0,0.75,0,0,5000.0,0.529412,0.0,0.0,1
pairs_twitter_instagram,Linear,carlosbrandt,carlosbrandt,1,1.0,1.0,1.0,1.0,0,0,5000.0,1.0,0.0,0.0,1
pairs_twitter_instagram,Linear,leonardocarlos,leonardocarlos,1,1.0,1.0,1.0,1.0,0,0,5000.0,0.384615,0.0,0.0,1
pairs_twitter_instagram,Linear,rlavigne42,rlavigne42,1,1.0,1.0,1.0,1.0,0,0,5000.0,0.444444,0.0,0.0,1
pairs_twitter_instagram,Linear,jeffsandhu,jeffsandhu,1,1.0,1.0,1.0,1.0,0,0,5000.0,0.368421,0.0,0.0,1
pairs_twitter_instagram,Linear,undasein,undasein,1,0.999774,1.0,0.333333,0.565217,0,0,5000.0,0.461538,0.0,0.0,1
pairs_twitter_instagram,Linear,davispaul,davispaul,1,0.953293,0.7,0.095238,0.423077,0,0,5000.0,0.866667,0.0,0.0,1
pairs_twitter_instagram,Linear,gaerttnerharald,gaerttnerharald,1,0.98544,0.0,1.0,0.576923,0,0,5000.0,0.48,0.0,0.0,1
pairs_twitter_instagram,Linear,juliaperezzz,juliaperezzz,1,0.999999,1.0,0.666667,0.875,0,0,5000.0,1.0,0.0,0.0,1
pairs_twitter_instagram,Linear,francescomeani,fraietta,0,0.029372,0.166667,0.166667,0.2,0,0,5000.0,0.6,0.0,0.0,1
pairs_twitter_instagram,Linear,camillevanneer,agustinamate,0,0.13107,0.142857,0.153846,0.296296,0,0,5000.0,0.363636,0.0,0.0,0
pairs_twitter_instagram,Linear,gcardona,gcardona,1,0.999997,0.666667,1.0,0.842105,0,0,5000.0,0.411765,0.0,0.0,1
pairs_twitter_instagram,Linear,suzureign,suzureign,1,0.045032,0.3,0.0,0.2,0,0,5000.0,0.5,0.0,0.0,1
pairs_twitter_instagram,Linear,hawk8509,hawk8509,1,1.0,1.0,1.0,1.0,0,0,5000.0,0.342857,0.0,0.0,1
pairs_twitter_instagram,Linear,scottivey,scottivey,1,1.0,1.0,1.0,1.0,0,0,5000.0,0.4,0.0,0.0,1
pairs_twitter_instagram,Linear,soniconp,soniconp,1,1.0,1.0,1.0,1.0,0,0,5000.0,0.388889,0.0,0.0,1
pairs_twitter_instagram,Linear,dcosand,dcosand,1,0.999998,0.6,0.75,0.923077,0,0,5000.0,0.424242,0.0,0.0,1
pairs_twitter_instagram,Linear,darrenwoolley,darrenwoolley,1,1.0,1.0,1.0,1.0,0,0,5000.0,0.421053,0.0,0.0,1
pairs_twitter_instagram,Linear,natashayounge,natashayounge,1,1.0,1.0,1.0,1.0,0,0,5000.0,0.846154,0.0,0.0,1
pairs_twitter_instagram,Linear,kathleendheuer,kathleendheuer,1,0.999961,0.285714,1.0,0.833333,0,0,5000.0,0.5,0.0,0.0,1
pairs_twitter_instagram,Linear,brittanyhite,brittanyhite,1,0.99908,1.0,0.423077,0.482759,0,0,5000.0,0.8,0.0,0.0,1
pairs_twitter_instagram,Linear,charlesdicomo,charlesdicomo,1,0.999994,0.384615,1.0,0.909091,0,0,5000.0,0.461538,0.0,0.0,1
pairs_twitter_instagram,Linear,matthewtimmer,matthewtimmer,1,0.999999,0.785714,1.0,0.833333,0,0,5000.0,0.355556,0.0,0.0,1
pairs_twitter_instagram,Linear,brianmayzure,brianmayzure,1,0.999908,1.0,0.52381,0.583333,0,0,5000.0,0.451613,0.0,0.0,1
pairs_twitter_instagram,Linear,johnmadden,johnmadden,1,1.0,1.0,1.0,1.0,0,0,5000.0,0.470588,0.0,0.0,1
pairs_twitter_instagram,Linear,lekstudios,lekstudios,1,0.999961,1.0,0.266667,0.722222,0,0,5000.0,1.0,0.0,0.0,1
pairs_twitter_instagram,Linear,shannitawilliams,danishaw,0,0.859553,0.416667,0.363636,0.352941,0,0,5000.0,0.0,0.0,0.0,0
pairs_twitter_instagram,Linear,tonyclomax,tonyclomax,1,0.947227,1.0,0.088235,0.305556,0,0,5000.0,1.0,0.0,0.0,1
pairs_twitter_instagram,Linear,markwalz,markwalz,1,1.0,1.0,1.0,1.0,0,0,5000.0,0.375,0.0,0.0,1
pairs_twitter_instagram,Linear,elenarubio,elenarubio,1,0.985324,0.857143,0.375,0.35,0,0,5000.0,0.4,0.0,0.0,1
pairs_twitter_instagram,Linear,franvillafanez,fvidiella,0,0.882337,0.166667,0.565217,0.451613,0,0,5000.0,0.387097,0.0,0.0,0
pairs_twitter_instagram,Linear,vazquezjm,vazquezjm,1,1.0,1.0,1.0,1.0,0,0,5000.0,0.428571,0.0,0.0,1
pairs_twitter_instagram,Linear,aletrentin,aletrentin,1,0.999999,0.818182,1.0,0.826087,0,0,5000.0,0.511628,0.0,0.0,1
pairs_twitter_instagram,Linear,pascalvuylsteker,pascalvuylsteker,1,1.0,1.0,1.0,1.0,0,0,5000.0,0.555556,0.0,0.0,1
pairs_twitter_instagram,Linear,cruisebuzz,cruisebuzz,1,1.0,1.0,0.842105,0.9,0,0,5000.0,0.4,0.0,0.0,1
pairs_twitter_instagram,Linear,wesleybackhouse,wesleybackhouse,1,0.999953,0.333333,1.0,0.8,0,0,5000.0,0.461538,0.0,0.0,1
pairs_twitter_instagram,Linear,rappler,rappler,1,0.466491,0.5,0.285714,0.241379,0,0,5000.0,0.421053,0.0,0.0,1
pairs_twitter_instagram,Linear,alvarogpolavieja,alvaroangulo,0,0.200879,0.153846,0.272727,0.307692,0,0,5000.0,0.470588,0.0,0.0,0
pairs_twitter_instagram,Linear,simok33,simok33,1,1.0,1.0,1.0,1.0,0,0,5000.0,0.421053,0.0,0.0,1
pairs_twitter_instagram,Linear,labiba,labiba,1,0.998034,0.555556,0.4,0.588235,0,0,5000.0,0.357143,0.0,0.0,1
pairs_twitter_instagram,Linear,caseyknox,caseyknox,1,0.999971,1.0,0.529412,0.652174,0,0,5000.0,0.432432,0.0,0.0,1
pairs_twitter_instagram,Linear,jacquibrown,thatgirlmegan,0,0.322664,0.176471,0.3125,0.3,0,0,5000.0,0.0,0.0,0.0,0
pairs_twitter_instagram,Linear,jphintze,jphintze,1,1.0,1.0,1.0,1.0,0,0,5000.0,0.235294,0.0,0.0,1
pairs_twitter_instagram,Linear,igormitrovic,igormitrovic,1,1.0,1.0,1.0,1.0,0,0,5000.0,0.344828,0.0,0.0,1
pairs_twitter_instagram,Linear,steadicam,steadicam,1,0.999848,1.0,0.3125,0.6,0,0,5000.0,0.555556,0.0,0.0,1
pairs_twitter_instagram,Linear,mje,mje,1,1.0,1.0,0.857143,0.909091,0,0,5000.0,0.536585,0.0,0.0,1
