pair_name,model,source_profile_id,predicted_profile_id,is_correct_top1,predicted_match_probability,uu_sim,un_sim,ub_sim,true_candidate_in_topk
pairs_twitter_googleplus,RF,virotela,virotela,1,1.0,1.0,0.1,0.692308,1
pairs_twitter_googleplus,RF,danajones,danajones,1,1.0,0.25,1.0,0.52381,1
pairs_twitter_googleplus,RF,lukedavids,lukedavids,1,1.0,0.642857,0.470588,0.55,1
pairs_twitter_googleplus,RF,cheapblueguitar,briankemm,0,0.948333,0.0,0.416667,0.2,1
pairs_twitter_googleplus,RF,peterkapakos,peterkapakos,1,1.0,1.0,1.0,1.0,1
pairs_twitter_googleplus,RF,jameslutley,jameslutley,1,1.0,1.0,1.0,1.0,1
pairs_twitter_googleplus,RF,dengdeng,dengdeng,1,1.0,0.363636,1.0,0.6,1
pairs_twitter_googleplus,RF,janiv,janiv,1,1.0,0.4,1.0,0.857143,1
pairs_twitter_googleplus,RF,aferrandini,aferrandini,1,1.0,0.6,1.0,0.894737,1
pairs_twitter_googleplus,RF,carloschevez,carloschevez,1,1.0,0.75,0.769231,0.705882,1
pairs_twitter_googleplus,RF,sardinasa,sardinasa,1,1.0,0.538462,1.0,0.882353,1
pairs_twitter_googleplus,RF,brianeisley,brianeisley,1,1.0,1.0,1.0,1.0,1
pairs_twitter_googleplus,RF,philipraybennett,philipraybennett,1,1.0,0.294118,1.0,0.636364,1
pairs_twitter_googleplus,RF,earthxplorer,raintogreen,0,0.876667,0.045455,0.2,0.190476,1
pairs_twitter_googleplus,RF,copyare,krdesigndotit,0,1.0,0.0,0.545455,0.333333,1
pairs_twitter_googleplus,RF,jeroensangers,jeroensangers,1,1.0,1.0,1.0,1.0,1
pairs_twitter_googleplus,RF,platinumvoicepr,platinumvoicepr,1,1.0,1.0,0.684211,0.761905,1
pairs_twitter_googleplus,RF,richtatum,richtatum,1,1.0,1.0,1.0,1.0,1
pairs_twitter_googleplus,RF,apelosi,apelosi,1,1.0,0.384615,1.0,0.882353,1
pairs_twitter_googleplus,RF,oriolmendivil,oriolmendivil,1,0.983333,0.769231,0.357143,0.666667,1
pairs_twitter_googleplus,RF,chrisrockhold,justkate,0,0.973333,0.352941,0.315789,0.347826,1
pairs_twitter_googleplus,RF,jamesgass,jamesgass,1,1.0,1.0,1.0,1.0,1
pairs_twitter_googleplus,RF,jacobhodgson,jacobhodgson,1,1.0,0.785714,1.0,0.736842,1
pairs_twitter_googleplus,RF,akitaonrails,akitaonrails,1,1.0,0.2,1.0,0.44,1
pairs_twitter_googleplus,RF,andriatriv,andriatriv,1,1.0,0.571429,1.0,0.652174,1
pairs_twitter_googleplus,RF,paullevinson,paullevinson,1,1.0,0.545455,0.428571,0.4375,1
pairs_twitter_googleplus,RF,jdperkins1369,jdperkins1369,1,1.0,0.352941,1.0,0.590909,1
pairs_twitter_googleplus,RF,lifeonmobile,lifeonmobile,1,1.0,0.0,1.0,0.434783,1
pairs_twitter_googleplus,RF,chosendragon,tuxotaku,0,0.973333,0.266667,0.3125,0.3,0
pairs_twitter_googleplus,RF,brianwang,brianwang,1,1.0,0.3,1.0,0.714286,1
pairs_twitter_googleplus,RF,carolinn,carolinn,1,1.0,0.583333,0.466667,0.483871,1
pairs_twitter_googleplus,RF,deabaria,deabaria,1,0.946667,0.333333,0.24,0.266667,1
pairs_twitter_googleplus,RF,ianedgar,ianedgar,1,1.0,1.0,1.0,1.0,1
pairs_twitter_googleplus,RF,patriciamellin,patriciamellin,1,1.0,0.590909,0.583333,0.607143,1
pairs_twitter_googleplus,RF,bayardelgerg,bayardelgerg,1,1.0,0.0,0.526316,0.413793,1
pairs_twitter_googleplus,RF,asacredrebel,asacredrebel,1,1.0,0.0,0.521739,0.884615,1
pairs_twitter_googleplus,RF,axbom,axbom,1,0.963333,0.571429,0.363636,0.4,1
pairs_twitter_googleplus,RF,kennethshinabery,kennethshinabery,1,1.0,0.421053,0.4,0.375,1
pairs_twitter_googleplus,RF,brianlucas,brianlucas,1,1.0,0.190476,1.0,0.44,1
pairs_twitter_googleplus,RF,natelandau,natelandau,1,1.0,0.571429,1.0,0.888889,1
pairs_twitter_googleplus,RF,nmcglynn,nmcglynn,1,1.0,1.0,1.0,1.0,1
pairs_twitter_googleplus,RF,alinoancea,alinoancea,1,1.0,1.0,1.0,1.0,1
pairs_twitter_googleplus,RF,jayjohnson,bradwolff,0,0.996667,0.454545,0.0,0.263158,1
pairs_twitter_googleplus,RF,angieward,angieward,1,1.0,0.571429,0.375,0.387097,1
pairs_twitter_googleplus,RF,ifabio,fabiolottino,0,0.99,0.333333,0.307692,0.3125,1
pairs_twitter_googleplus,RF,senolsenturk,senolsenturk,1,1.0,1.0,0.5,0.666667,1
pairs_twitter_googleplus,RF,delgeronimo,delgeronimo,1,1.0,0.833333,1.0,0.764706,1
pairs_twitter_googleplus,RF,painsufferersspeak,jjbirden,0,1.0,0.375,0.0,0.233333,1
pairs_twitter_googleplus,RF,holmespi,holmespi,1,1.0,0.5,1.0,0.666667,1
pairs_twitter_googleplus,RF,joaogcosta,joaogcosta,1,1.0,0.047619,0.842105,0.53125,1
pairs_twitter_googleplus,RF,agungportal,albertcorbett,0,0.790278,0.217391,0.0,0.222222,1
pairs_twitter_googleplus,RF,shroomz81,tedmihu,0,0.679444,0.0,0.148148,0.131579,1
pairs_twitter_googleplus,RF,zuhiboy,ashleyweigel,0,0.701988,0.0,0.0,0.045455,1
pairs_twitter_googleplus,RF,peterkornaat,peterkornaat,1,1.0,0.058824,1.0,0.625,1
pairs_twitter_googleplus,RF,jasson,jasson,1,1.0,0.416667,1.0,0.875,1
pairs_twitter_googleplus,RF,rude64,rude64,1,1.0,0.181818,1.0,0.6,1
pairs_twitter_googleplus,RF,anthonymaw,anthonymaw,1,1.0,0.818182,0.727273,0.625,1
pairs_twitter_googleplus,RF,estibalizcamara,estibalizcamara,1,1.0,0.454545,0.458333,0.451613,1
pairs_twitter_googleplus,RF,carijansen,carijansen,1,1.0,0.818182,1.0,0.75,1
pairs_twitter_googleplus,RF,juanjobrizuela,juanjobrizuela,1,1.0,1.0,1.0,1.0,1
pairs_twitter_googleplus,RF,emretekinarslan,emretekinarslan,1,1.0,1.0,0.210526,0.772727,1
pairs_twitter_googleplus,RF,paulleary,paulleary,1,0.996667,1.0,0.36,0.428571,1
pairs_twitter_googleplus,RF,davidgautier,davidgautier,1,1.0,0.615385,1.0,0.882353,1
pairs_twitter_googleplus,RF,jessereilly,jessereilly,1,1.0,0.0,1.0,0.6,1
pairs_twitter_googleplus,RF,giovannicanzio,giovannicanzio,1,1.0,0.769231,1.0,0.823529,1
pairs_twitter_googleplus,RF,hichamsouilmicom,hichamsouilmicom,1,1.0,1.0,1.0,1.0,1
pairs_twitter_googleplus,RF,mollirunner,kollner,0,0.786667,0.222222,0.0,0.092593,1
pairs_twitter_googleplus,RF,christianwidlund,christianwidlund,1,1.0,0.157895,1.0,0.708333,1
pairs_twitter_googleplus,RF,artsvit,artsvit,1,1.0,0.357143,1.0,0.833333,1
pairs_twitter_googleplus,RF,marianabydesign,marianabydesign,1,1.0,0.315789,1.0,0.541667,1
pairs_twitter_googleplus,RF,oats,davidadams,0,1.0,0.444444,0.0,0.294118,1
pairs_twitter_googleplus,RF,gabbygolub,gabbygolub,1,1.0,1.0,0.4,0.916667,1
pairs_twitter_googleplus,RF,crossleykim,crossleykim,1,1.0,0.5,0.105263,0.391304,1
pairs_twitter_googleplus,RF,shelleysanders,mrsanders,0,1.0,0.388889,0.421053,0.391304,1
pairs_twitter_googleplus,RF,shomilin,shomilin,1,1.0,0.538462,0.5,0.529412,1
pairs_twitter_googleplus,RF,katerynatopol,katerynatopol,1,1.0,0.583333,1.0,0.875,1
pairs_twitter_googleplus,RF,pedromolleda,pedromolleda,1,1.0,0.0,1.0,0.48,1
pairs_twitter_googleplus,RF,jessicaperry,jessicaperry,1,1.0,0.136364,1.0,0.481481,1
pairs_twitter_googleplus,RF,enriqueburgos,enriqueburgos,1,1.0,0.666667,1.0,0.652174,1
pairs_twitter_googleplus,RF,sirisakc,sirisakc,1,0.99,0.388889,0.0,0.269231,1
pairs_twitter_googleplus,RF,debbiegioquindo,debbiegioquindo,1,1.0,0.130435,0.833333,0.548387,1
pairs_twitter_googleplus,RF,jasonramsey,jasonramsey,1,1.0,0.692308,1.0,0.764706,1
pairs_twitter_googleplus,RF,lisini,lisini,1,1.0,0.357143,1.0,1.0,1
pairs_twitter_googleplus,RF,hotelcostanarejos,hotelcostanarejos,1,1.0,0.526316,0.545455,0.555556,1
pairs_twitter_googleplus,RF,camiloathem,camiloathem,1,1.0,1.0,1.0,1.0,1
pairs_twitter_googleplus,RF,sekarkhatulistiwa,sekarkhatulistiwa,1,1.0,0.611111,1.0,0.863636,1
pairs_twitter_googleplus,RF,jrai,designinvan,0,0.993333,0.5,0.166667,0.333333,1
pairs_twitter_googleplus,RF,aseroff,aseroff,1,1.0,0.416667,1.0,0.875,1
pairs_twitter_googleplus,RF,gustavolopes,gustavoramirez,0,1.0,0.5,0.6,0.411765,1
pairs_twitter_googleplus,RF,bans,sebasanjuan,0,0.913333,0.214286,0.0,0.111111,0
pairs_twitter_googleplus,RF,sonic010739,sonyanews,0,0.739722,0.1875,0.176471,0.190476,0
pairs_twitter_googleplus,RF,cecilyarambula,cecilyarambula,1,1.0,0.8,1.0,0.842105,1
pairs_twitter_googleplus,RF,jpieters,jpieters,1,1.0,0.235294,0.588235,0.56,1
pairs_twitter_googleplus,RF,dawnjensen,virgilalonso,0,0.976667,0.333333,0.3,0.333333,0
pairs_twitter_googleplus,RF,roseguccione,roseguccione,1,1.0,0.578947,1.0,0.608696,1
pairs_twitter_googleplus,RF,xavdog,xavdog,1,1.0,0.117647,1.0,0.727273,1
pairs_twitter_googleplus,RF,lanalayne,nordiclania,0,0.99,0.25,0.454545,0.3125,1
pairs_twitter_googleplus,RF,vanissawanick,vanissawanick,1,1.0,0.6,1.0,0.857143,1
pairs_twitter_googleplus,RF,oenriqueg,oenriqueg,1,1.0,0.5,0.0,0.36,1
pairs_twitter_googleplus,RF,danielebazzano,danielebazzano,1,1.0,1.0,1.0,1.0,1
pairs_twitter_googleplus,RF,hillmiester,hillmiester,1,1.0,0.1875,1.0,0.52381,1
pairs_twitter_googleplus,RF,floa,floa,1,1.0,0.16,0.666667,0.451613,1
pairs_twitter_googleplus,RF,simonamelani,simonamelani,1,1.0,1.0,0.344828,0.419355,1
pairs_twitter_googleplus,RF,elbahloul,ahmedalhajri,0,0.896667,0.214286,0.0,0.107143,0
pairs_twitter_googleplus,RF,brunobarbieri,brunobarbieri,1,1.0,0.5,1.0,0.777778,1
pairs_twitter_googleplus,RF,riccardotm,riccardotm,1,1.0,0.411765,1.0,0.772727,1
pairs_twitter_googleplus,RF,craftymummy,craftymummy,1,1.0,0.666667,0.05,0.4,1
pairs_twitter_googleplus,RF,kevingoldsmith,kevingoldsmith,1,1.0,1.0,0.466667,0.515152,1
pairs_twitter_googleplus,RF,avclubvids,ideasandrew,0,0.99,0.055556,0.533333,0.333333,1
pairs_twitter_googleplus,RF,erwinhuang,erwinhuang,1,1.0,1.0,0.727273,0.846154,1
pairs_twitter_googleplus,RF,jpekstrand,jpekstrand,1,1.0,0.5,1.0,0.833333,1
pairs_twitter_googleplus,RF,tamcdonald,tamcdonald,1,1.0,0.538462,1.0,0.666667,1
pairs_twitter_googleplus,RF,brendanberg,brendanberg,1,1.0,0.0,1.0,0.44,1
pairs_twitter_googleplus,RF,manuelarestrepo,manuelarestrepo,1,1.0,0.2,0.583333,0.45,1
pairs_twitter_googleplus,RF,stephenramkissoon,stephenramkissoon,1,1.0,0.272727,1.0,0.692308,1
pairs_twitter_googleplus,RF,runcilrebello,claudiagarciatrejo,0,0.906667,0.214286,0.0,0.103448,1
pairs_twitter_googleplus,RF,alekps,izazael,0,0.733889,0.222222,0.25,0.210526,0
pairs_twitter_googleplus,RF,rahsheen,rahsheen,1,1.0,0.538462,1.0,0.882353,1
pairs_twitter_googleplus,RF,sukhrajbeasla,bettinablass,0,0.722944,0.214286,0.222222,0.227273,1
pairs_twitter_googleplus,RF,bidtravel,bidtravel,1,0.633333,0.285714,0.027027,0.195122,1
pairs_twitter_googleplus,RF,ziyadhryz,ziyadhryz,1,1.0,0.7,0.0,0.307692,1
pairs_twitter_googleplus,RF,tronathan,jonathancaines,0,1.0,0.4,0.666667,0.578947,1
pairs_twitter_googleplus,RF,elizabethany,elizabethany,1,0.993333,0.55,0.371429,0.358974,1
pairs_twitter_googleplus,RF,bertdickerson,bertdickerson,1,1.0,1.0,1.0,1.0,1
pairs_twitter_googleplus,RF,inesandres,inesandres,1,1.0,0.076923,0.545455,0.368421,1
pairs_twitter_googleplus,RF,zhimera,naomimeran,0,0.996667,0.363636,0.0,0.222222,0
pairs_twitter_googleplus,RF,chaddr,chaddr,1,1.0,0.363636,1.0,0.75,1
pairs_twitter_googleplus,RF,mightycasey,mightyjoecastro,0,0.97,0.411765,0.105263,0.275862,1
pairs_twitter_googleplus,RF,tarekp,tarekp,1,1.0,0.5,1.0,0.866667,1
pairs_twitter_googleplus,RF,angiecook,angiecook,1,1.0,0.0,1.0,0.5,1
pairs_twitter_googleplus,RF,yudik,marniarnold,0,0.996667,0.384615,0.071429,0.26087,1
pairs_twitter_googleplus,RF,kevingranger,kevingranger,1,1.0,0.5,0.571429,0.538462,1
pairs_twitter_googleplus,RF,joshcornett,joshcornett,1,1.0,1.0,0.75,0.857143,1
pairs_twitter_googleplus,RF,kylegray,kylegray,1,1.0,0.5,0.615385,0.555556,1
pairs_twitter_googleplus,RF,jameson079,jameson079,1,1.0,0.238095,1.0,0.6,1
pairs_twitter_googleplus,RF,developer71facebookgarygilstrap,designinvan,0,0.786667,0.166667,0.428571,0.157895,0
pairs_twitter_googleplus,RF,lordjerome,lordjerome,1,1.0,0.04,0.714286,0.470588,1
pairs_twitter_googleplus,RF,rolflindstrom,rolflindstrom,1,1.0,0.769231,0.785714,0.7,1
pairs_twitter_googleplus,RF,calistoga,calistoga,1,1.0,0.421053,1.0,0.826087,1
pairs_twitter_googleplus,RF,biancorudy,biancorudy,1,1.0,0.8,1.0,0.785714,1
pairs_twitter_googleplus,RF,wildcatwearhouse,wildcatwearhouse,1,1.0,0.933333,1.0,0.894737,1
pairs_twitter_googleplus,RF,alfianhidayat,h0nza,0,0.923333,0.3,0.0,0.176471,1
pairs_twitter_googleplus,RF,marcsuria,mariancanalda,0,0.953333,0.176471,0.36,0.37931,1
pairs_twitter_googleplus,RF,daveedens,cheapblueguitar,0,0.739722,0.1875,0.176471,0.190476,0
pairs_twitter_googleplus,RF,clouvi,clouvi,1,1.0,0.25,0.5,0.619048,1
pairs_twitter_googleplus,RF,christopherdavidkaufman,christopherdavidkaufman,1,1.0,0.068966,1.0,0.558824,1
pairs_twitter_googleplus,RF,markocular,kristin,0,0.97,0.333333,0.0,0.266667,0
pairs_twitter_googleplus,RF,amandamcunningham,amandamcunningham,1,1.0,0.466667,1.0,0.947368,1
pairs_twitter_googleplus,RF,jasonjordan,jasonjordan,1,0.993333,0.526316,0.407407,0.315789,1
pairs_twitter_googleplus,RF,alfgel,alfgel,1,1.0,0.173913,0.56,0.62069,1
pairs_twitter_googleplus,RF,pgerngross,speterkane,0,0.98,0.333333,0.307692,0.333333,1
pairs_twitter_googleplus,RF,thomasosborne,thomasosborne,1,1.0,0.608696,1.0,0.925926,1
pairs_twitter_googleplus,RF,guillermonavarro,jissell,0,0.626667,0.227273,0.0,0.125,0
pairs_twitter_googleplus,RF,larsbredahl,larsbredahl,1,1.0,1.0,1.0,1.0,1
pairs_twitter_googleplus,RF,marlonlom,brothermarlon,0,0.716667,0.454545,0.2,0.205882,1
pairs_twitter_googleplus,RF,andrewchau,leonchia,0,0.956667,0.333333,0.0,0.277778,1
pairs_twitter_googleplus,RF,ffred,gdonofrio,0,0.97,0.333333,0.0,0.266667,1
pairs_twitter_googleplus,RF,shanestokes,cocoesteves,0,0.886667,0.266667,0.238095,0.28,1
pairs_twitter_googleplus,RF,daniortega,daniortega,1,1.0,1.0,1.0,1.0,1
pairs_twitter_googleplus,RF,shaolintiger,m1ket,0,0.92,0.0,0.4,0.296296,0
pairs_twitter_googleplus,RF,susanrapp,susanrapp,1,1.0,0.111111,1.0,0.434783,1
pairs_twitter_googleplus,RF,adekadek,adekadek,1,1.0,0.043478,0.571429,0.433333,1
pairs_twitter_googleplus,RF,meryba,richardstep,0,0.99,0.375,0.272727,0.3125,1
pairs_twitter_googleplus,RF,lilyrdz,lilyrdz,1,0.996667,0.285714,0.333333,0.444444,1
pairs_twitter_googleplus,RF,jensissel,jensissel,1,1.0,1.0,1.0,1.0,1
pairs_twitter_googleplus,RF,skeetle,skeetle,1,1.0,0.0,1.0,0.55,1
pairs_twitter_googleplus,RF,nadinedelrez,nadinedelrez,1,1.0,1.0,1.0,1.0,1
pairs_twitter_googleplus,RF,danielvillalona,danielvillalona,1,1.0,0.736842,0.75,0.821429,1
pairs_twitter_googleplus,RF,rikardohj,rikardohj,1,1.0,0.294118,0.823529,0.666667,1
pairs_twitter_googleplus,RF,msvk,halauyama,0,0.69,0.0,0.2,0.111111,1
pairs_twitter_googleplus,RF,peteste,peteste,1,1.0,0.0,1.0,0.409091,1
pairs_twitter_googleplus,RF,eldavidson,dsimmons,0,0.996667,0.352941,0.333333,0.307692,1
pairs_twitter_googleplus,RF,anfoc,anfoc,1,0.88,0.307692,0.25,0.333333,1
pairs_twitter_googleplus,RF,kq111,kq111,1,1.0,0.0,0.481481,0.424242,1
pairs_twitter_googleplus,RF,jesushs07,jesushs07,1,0.996667,0.357143,0.083333,0.285714,1
pairs_twitter_googleplus,RF,yannick,yannick,1,1.0,0.454545,1.0,0.866667,1
pairs_twitter_googleplus,RF,makarios,makarios,1,1.0,0.058824,1.0,0.409091,1
pairs_twitter_googleplus,RF,stellagassaway,stellagassaway,1,1.0,0.266667,0.571429,0.5,1
pairs_twitter_googleplus,RF,ioanna,ioanna,1,1.0,0.307692,1.0,0.75,1
pairs_twitter_googleplus,RF,dancondon,dancondon,1,1.0,0.666667,1.0,0.75,1
pairs_twitter_googleplus,RF,jflefebvre,jefflee,0,0.74,0.272727,0.428571,0.25,1
pairs_twitter_googleplus,RF,torrejeremy,torrejeremy,1,0.915,0.0,0.384615,0.285714,1
pairs_twitter_googleplus,RF,tomgallant,tomgallant,1,1.0,1.0,1.0,1.0,1
pairs_twitter_googleplus,RF,tuyetanh,edthralls,0,0.40155,0.0,0.147059,0.133333,1
pairs_twitter_googleplus,RF,caiuby,caiuby,1,1.0,0.384615,1.0,0.823529,1
pairs_twitter_googleplus,RF,inigoparalle,inigoparalle,1,1.0,0.75,0.769231,0.722222,1
pairs_twitter_googleplus,RF,wolfgangcarter,wolfgangcarter,1,1.0,0.722222,1.0,0.695652,1
pairs_twitter_googleplus,RF,wooddickinson,wooddickinson,1,1.0,1.0,1.0,1.0,1
pairs_twitter_googleplus,RF,chadrpink,chadrpink,1,1.0,0.666667,1.0,0.769231,1
pairs_twitter_googleplus,RF,trevormay,hasanakca,0,1.0,0.363636,0.230769,0.3125,0
pairs_twitter_googleplus,RF,elenavelez,elenavelez,1,1.0,0.777778,0.7,0.791667,1
pairs_twitter_googleplus,RF,patriciadiez,patriciadiez,1,1.0,0.5,0.5,0.52,1
pairs_twitter_googleplus,RF,chrisdoelle,chrisdoelle,1,1.0,0.529412,1.0,0.619048,1
pairs_twitter_googleplus,RF,ramkrishnabhattacharjee,brattyneil,0,0.581111,0.181818,0.2,0.2,0
pairs_twitter_googleplus,RF,rensegeorge,rensegeorge,1,1.0,0.615385,1.0,0.833333,1
pairs_twitter_googleplus,RF,natelockwood,natelockwood,1,1.0,0.538462,1.0,0.823529,1
pairs_twitter_googleplus,RF,parhamb,parhamb,1,1.0,0.4,1.0,0.9,1
pairs_twitter_googleplus,RF,mfvisuals,fig,0,1.0,0.0,0.555556,0.413793,1
pairs_twitter_googleplus,RF,ericavirtue,ericavirtue,1,1.0,1.0,1.0,1.0,1
pairs_twitter_googleplus,RF,jayvicious,flaviosousa,0,0.73,0.210526,0.0,0.121212,0
pairs_twitter_googleplus,RF,masamuneto,holycowiamcom,0,0.613333,0.142857,0.0,0.133333,0
pairs_twitter_googleplus,RF,petermonbailleu,petermonbailleu,1,1.0,0.190476,1.0,0.64,1
pairs_twitter_googleplus,RF,janefriedman,janefriedman,1,1.0,1.0,0.458333,0.518519,1
pairs_twitter_googleplus,RF,daviddaniel,daviddaniel,1,1.0,0.375,1.0,0.619048,1
pairs_twitter_googleplus,RF,jorgeglez,jorgeglez,1,1.0,1.0,0.785714,0.85,1
pairs_twitter_googleplus,RF,mathieubellet,mathieubellet,1,1.0,0.384615,1.0,0.882353,1
pairs_twitter_googleplus,RF,iervolinofrancesco,iervolinofrancesco,1,1.0,0.0,1.0,0.542857,1
pairs_twitter_googleplus,RF,herbieman,herbieman,1,1.0,0.052632,1.0,0.565217,1
pairs_twitter_googleplus,RF,brianfarnham,brianfarnham,1,1.0,0.333333,1.0,0.764706,1
pairs_twitter_googleplus,RF,anouarnach,anouarnach,1,1.0,0.363636,1.0,0.461538,1
pairs_twitter_googleplus,RF,guillermovelasco,guillermovelasco,1,1.0,0.136364,1.0,0.653846,1
pairs_twitter_googleplus,RF,natbuehler,natbuehler,1,1.0,0.0,0.5,0.870968,1
pairs_twitter_googleplus,RF,mhantirah,mhantirah,1,1.0,0.5,1.0,0.888889,1
pairs_twitter_googleplus,RF,lovlesh,lovlesh,1,1.0,0.545455,1.0,0.866667,1
pairs_twitter_googleplus,RF,boris,boris,1,1.0,0.333333,1.0,0.846154,1
pairs_twitter_googleplus,RF,lorielberg,lorielberg,1,1.0,1.0,1.0,1.0,1
pairs_twitter_googleplus,RF,jmiguelrodriguez,jmiguelrodriguez,1,1.0,0.5,0.733333,0.666667,1
pairs_twitter_googleplus,RF,maggardkyle,maggardkyle,1,1.0,0.545455,0.392857,0.40625,1
pairs_twitter_googleplus,RF,gusei,gusei,1,1.0,0.333333,1.0,0.823529,1
pairs_twitter_googleplus,RF,kristilenz,kristilenz,1,1.0,0.727273,0.625,0.571429,1
pairs_twitter_googleplus,RF,simondingle,simondingle,1,1.0,1.0,1.0,1.0,1
pairs_twitter_googleplus,RF,bryanwelsh,jugartenis,0,0.576667,0.125,0.2,0.195122,0
pairs_twitter_googleplus,RF,mohamedissa,mohamedissa,1,1.0,0.5,1.0,0.875,1
pairs_twitter_googleplus,RF,caraposey,caraposey,1,1.0,0.888889,1.0,0.785714,1
pairs_twitter_googleplus,RF,pauljansen,pauljansen,1,1.0,0.818182,1.0,0.75,1
pairs_twitter_googleplus,RF,chanelleh,chanelleh,1,1.0,0.466667,0.0,0.368421,1
pairs_twitter_googleplus,RF,keithbrooks,keithbrooks,1,1.0,0.0,1.0,0.413793,1
pairs_twitter_googleplus,RF,athenrahl,loganrath,0,0.96,0.333333,0.1,0.259259,1
pairs_twitter_googleplus,RF,danielrhorton,danielrhorton,1,1.0,0.769231,1.0,0.823529,1
pairs_twitter_googleplus,RF,robamado,robamado,1,1.0,1.0,1.0,1.0,1
pairs_twitter_googleplus,RF,sanpedrohotelspa,sanpedrohotelspa,1,1.0,0.538462,0.444444,0.52381,1
pairs_twitter_googleplus,RF,intelligenius,intelligenius,1,1.0,0.482759,0.424242,0.421053,1
pairs_twitter_googleplus,RF,nikkiwoods,nikkiwoods,1,0.826667,0.36,0.384615,0.26087,1
pairs_twitter_googleplus,RF,aykuttanay,aykuttanay,1,1.0,1.0,1.0,1.0,1
pairs_twitter_googleplus,RF,estelius,estelius,1,1.0,0.461538,1.0,0.777778,1
pairs_twitter_googleplus,RF,frankenhain,frankenhain,1,1.0,0.047619,0.8,0.481481,1
pairs_twitter_googleplus,RF,lolaromero,lolaromero,1,1.0,0.8,1.0,0.733333,1
pairs_twitter_googleplus,RF,fernandorodriguez,fernandorodriguez,1,1.0,0.157895,0.833333,0.615385,1
pairs_twitter_googleplus,RF,pierrebinet,pierrebinet,1,1.0,0.6,1.0,0.866667,1
pairs_twitter_googleplus,RF,scherre,thecorey,0,1.0,0.6,0.0,0.315789,1
pairs_twitter_googleplus,RF,zaava,zaava,1,1.0,0.0,1.0,0.578947,1
pairs_twitter_googleplus,RF,yvsajay,yvsajay,1,1.0,0.714286,1.0,0.727273,1
pairs_twitter_googleplus,RF,ricardotrinidad,ricardotrinidad,1,1.0,0.0,1.0,0.625,1
pairs_twitter_googleplus,RF,danamoos,danamoos,1,1.0,1.0,1.0,1.0,1
pairs_twitter_googleplus,RF,peteyrave,peteyrave,1,1.0,1.0,1.0,1.0,1
pairs_twitter_googleplus,RF,xiangdiming,xiangdiming,1,1.0,0.0,1.0,0.521739,1
pairs_twitter_googleplus,RF,antoniojcuevas,antoniojcuevas,1,1.0,0.1,0.533333,0.423077,1
pairs_twitter_googleplus,RF,daveyjacobson,daveyjacobson,1,1.0,1.0,0.307692,0.875,1
pairs_twitter_googleplus,RF,lynnwallenstein,lynnwallenstein,1,1.0,1.0,1.0,1.0,1
pairs_twitter_googleplus,RF,rickbakas,rickbakas,1,1.0,1.0,0.375,0.444444,1
pairs_twitter_googleplus,RF,ryanmarkpauleriksson,ryanmarkpauleriksson,1,1.0,1.0,1.0,1.0,1
pairs_twitter_googleplus,RF,alexanderrentsch,alexanderrentsch,1,1.0,0.0,1.0,0.566667,1
pairs_twitter_googleplus,RF,joemaffia,joemaffia,1,1.0,1.0,1.0,1.0,1
pairs_twitter_googleplus,RF,realzil,bryantobiason,0,0.739722,0.1875,0.176471,0.190476,0
pairs_twitter_googleplus,RF,dustinhershberger,dustinhershberger,1,1.0,0.176471,1.0,0.727273,1
pairs_twitter_googleplus,RF,stephenchip,stephenchip,1,1.0,1.0,1.0,1.0,1
pairs_twitter_googleplus,RF,arcreyes,marcemars,0,1.0,0.545455,0.461538,0.4375,1
pairs_twitter_googleplus,RF,jerrybuccilli,mgpolitis,0,0.953333,0.333333,0.235294,0.3,0
pairs_twitter_googleplus,RF,adamsheikh,adamsheikh,1,1.0,1.0,1.0,1.0,1
pairs_twitter_googleplus,RF,modbeat,nicoletoderas,0,0.753333,0.125,0.111111,0.2,0
pairs_twitter_googleplus,RF,miguelcaballero,miguelcaballero,1,1.0,0.421053,1.0,0.666667,1
pairs_twitter_googleplus,RF,mikepetrucci,mikepetrucci,1,1.0,1.0,1.0,1.0,1
pairs_twitter_googleplus,RF,heartrepreneur,heartrepreneur,1,1.0,0.578947,0.6,0.625,1
pairs_twitter_googleplus,RF,samarb,samarb,1,1.0,1.0,0.0,0.555556,1
pairs_twitter_googleplus,RF,dannyngan,dannyngan,1,1.0,0.0,1.0,0.473684,1
pairs_twitter_googleplus,RF,leahsmith,leahsmith,1,1.0,0.333333,0.533333,0.555556,1
pairs_twitter_googleplus,RF,jotajr,jotajr,1,0.8,0.333333,0.461538,0.411765,1
pairs_twitter_googleplus,RF,shashikantjagtap,shashikantjagtap,1,1.0,0.5,1.0,0.761905,1
pairs_twitter_googleplus,RF,captkeating,captkeating,1,1.0,0.3,1.0,0.52,1
pairs_twitter_googleplus,RF,bexlondontown,bexlondontown,1,1.0,0.117647,1.0,0.454545,1
pairs_twitter_googleplus,RF,coryroush,coryroush,1,1.0,1.0,1.0,1.0,1
pairs_twitter_googleplus,RF,lilyl,carlosoleaga,0,0.883333,0.214286,0.0,0.078947,1
pairs_twitter_googleplus,RF,webgrrrl,webgrrrl,1,1.0,0.0,0.578947,0.818182,1
pairs_twitter_googleplus,RF,ryanfrazier,rahsheen,0,0.87,0.227273,0.217391,0.222222,0
pairs_twitter_googleplus,RF,albertobueno,albertobueno,1,1.0,1.0,0.352941,0.666667,1
pairs_twitter_googleplus,RF,thenothing,thenothing,1,1.0,0.0,0.5,0.740741,1
pairs_twitter_googleplus,RF,mrjamesnoble,mrjamesnoble,1,1.0,0.818182,1.0,0.866667,1
pairs_twitter_googleplus,RF,alinemachado1,amandaabella,0,0.943333,0.454545,0.25,0.272727,0
pairs_twitter_googleplus,RF,katiemsmith,katiemsmith,1,0.996667,1.0,0.277778,0.590909,1
pairs_twitter_googleplus,RF,sulimanru,kadulima,0,0.986667,0.363636,0.0,0.172414,0
pairs_twitter_googleplus,RF,jenvargas,jenvargas,1,1.0,1.0,0.08,0.37037,1
pairs_twitter_googleplus,RF,luviwebit,luviwebit,1,1.0,0.153846,1.0,0.647059,1
pairs_twitter_googleplus,RF,jasongrimesdotcom,jasongrimesdotcom,1,1.0,0.769231,1.0,0.722222,1
pairs_twitter_googleplus,RF,chokchaibenjapinyo,chokchaibenjapinyo,1,1.0,0.041667,1.0,0.62069,1
pairs_twitter_googleplus,RF,jeanbritneyl,jeanbritneyl,1,1.0,1.0,0.0,0.733333,1
pairs_twitter_googleplus,RF,ronron607,ronrocz,0,0.953333,0.375,0.230769,0.263158,1
pairs_twitter_googleplus,RF,lelira,lelira,1,1.0,0.363636,1.0,0.846154,1
pairs_twitter_googleplus,RF,bardsmith,bardsmith,1,1.0,0.454545,1.0,0.8,1
pairs_twitter_googleplus,RF,curtiscavanaugh,curtiscavanaugh,1,1.0,0.5,0.241379,0.294118,1
pairs_twitter_googleplus,RF,ericacullum,ericacullum,1,1.0,0.545455,1.0,0.933333,1
pairs_twitter_googleplus,RF,stofa,krdesigndotit,0,0.706667,0.230769,0.0,0.130435,1
pairs_twitter_googleplus,RF,nosepuedevlc,nosepuedevlc,1,0.993333,0.5,0.363636,0.461538,1
pairs_twitter_googleplus,RF,lomokev,lomokev,1,1.0,1.0,1.0,1.0,1
pairs_twitter_googleplus,RF,chanomuslera,sandrasalerno,0,0.97,0.294118,0.263158,0.318182,1
pairs_twitter_googleplus,RF,ivandequito,ivandequito,1,1.0,0.727273,0.692308,0.823529,1
pairs_twitter_googleplus,RF,bronsonharrington,bronsonharrington,1,1.0,0.0,1.0,0.666667,1
pairs_twitter_googleplus,RF,stevegarfield,stevegarfield,1,1.0,1.0,0.5,0.571429,1
pairs_twitter_googleplus,RF,markvictoryoung,markvictoryoung,1,1.0,1.0,1.0,1.0,1
pairs_twitter_googleplus,RF,stevenlarson,stevenlarson,1,1.0,1.0,1.0,1.0,1
pairs_twitter_googleplus,RF,bluemeda,bluemeda,1,1.0,0.318182,0.421053,0.571429,1
pairs_twitter_googleplus,RF,raffaelebianco,raffaelebianco,1,1.0,1.0,1.0,1.0,1
pairs_twitter_googleplus,RF,stephenalee,stephenalee,1,1.0,0.727273,1.0,0.8,1
pairs_twitter_googleplus,RF,suelax,tonidineen,0,1.0,0.090909,0.423077,0.4,0
pairs_twitter_googleplus,RF,matiassecchi,matiassecchi,1,1.0,1.0,1.0,1.0,1
pairs_twitter_googleplus,RF,sucio,sucio,1,0.88,0.333333,0.4,0.4,1
pairs_twitter_googleplus,RF,dreamnetrob,mjrjr,0,0.79,0.285714,0.0,0.230769,1
pairs_twitter_googleplus,RF,antoniogarrido,antoniogarrido,1,1.0,0.8,1.0,0.833333,1
pairs_twitter_googleplus,RF,helderschultz,helderschultz,1,1.0,1.0,1.0,1.0,1
pairs_twitter_googleplus,RF,mufidsalim,mufidsalim,1,1.0,1.0,1.0,1.0,1
pairs_twitter_googleplus,RF,ericgrace,ericgrace,1,1.0,0.0,1.0,0.47619,1
pairs_twitter_googleplus,RF,blek,blek,1,1.0,0.055556,1.0,0.565217,1
pairs_twitter_googleplus,RF,mycroft221,xntrek,0,0.701988,0.0,0.0,0.045455,1
pairs_twitter_googleplus,RF,terrinakamura,terrinakamura,1,1.0,0.5,1.0,0.517241,1
pairs_twitter_googleplus,RF,watsonn,watsonn,1,1.0,0.909091,1.0,0.866667,1
pairs_twitter_googleplus,RF,davidmcclurg,davidmcclurg,1,1.0,0.461538,1.0,0.823529,1
pairs_twitter_googleplus,RF,timgolden,timgolden,1,1.0,0.380952,0.6,0.551724,1
pairs_twitter_googleplus,RF,jonathanlally,jonathanlally,1,1.0,1.0,1.0,1.0,1
pairs_twitter_googleplus,RF,leevogler,leevogler,1,1.0,1.0,1.0,1.0,1
pairs_twitter_googleplus,RF,fvidiella,fvidiella,1,1.0,0.411765,1.0,0.904762,1
pairs_twitter_googleplus,RF,carlcatedral,carlcatedral,1,1.0,1.0,1.0,1.0,1
pairs_twitter_googleplus,RF,mariannamarcucci,mariannamarcucci,1,1.0,0.785714,1.0,0.882353,1
pairs_twitter_googleplus,RF,avdrockr,avdrockr,1,0.835833,0.0,0.352941,0.27907,1
pairs_twitter_googleplus,RF,strawberrykoi,strawberrykoi,1,1.0,0.0,1.0,0.375,1
pairs_twitter_googleplus,RF,mohamedwagdy,mohamedwagdy,1,1.0,0.916667,0.0,0.52381,1
pairs_twitter_googleplus,RF,asandre,asandre,1,0.89,0.428571,0.36,0.294118,1
pairs_twitter_googleplus,RF,jeicker,jeicker,1,1.0,1.0,1.0,1.0,1
pairs_twitter_googleplus,RF,ghholtphotography,tonidineen,0,1.0,0.047619,0.458333,0.354839,1
pairs_twitter_googleplus,RF,patriciascholz,pierrecappelli,0,0.678889,0.25,0.166667,0.238095,0
pairs_twitter_googleplus,RF,kostasdissios,kostasdissios,1,1.0,0.105263,0.75,0.538462,1
pairs_twitter_googleplus,RF,jasongraciano,jasongraciano,1,1.0,1.0,1.0,1.0,1
pairs_twitter_googleplus,RF,diniehz,diniehz,1,1.0,0.166667,1.0,0.708333,1
pairs_twitter_googleplus,RF,eliazu,eliazu,1,1.0,0.333333,1.0,0.764706,1
pairs_twitter_googleplus,RF,davidlaplante,davidlaplante,1,1.0,1.0,1.0,1.0,1
pairs_twitter_googleplus,RF,marioschumacher,marioschumacher,1,1.0,1.0,1.0,1.0,1
pairs_twitter_googleplus,RF,davebias,davebias,1,1.0,0.5,1.0,0.785714,1
pairs_twitter_googleplus,RF,jimashley,jimashley,1,1.0,0.888889,1.0,0.923077,1
pairs_twitter_googleplus,RF,federicolukkini,federicolukkini,1,1.0,0.611111,0.235294,0.565217,1
pairs_twitter_googleplus,RF,smilyborg,smilyborg,1,1.0,0.0,0.433333,0.666667,1
pairs_twitter_googleplus,RF,daisipollardsepulveda,daisipollardsepulveda,1,1.0,0.285714,0.4,0.5,1
pairs_twitter_googleplus,RF,trevorsmiley,trevorsmiley,1,1.0,1.0,1.0,1.0,1
pairs_twitter_googleplus,RF,katgear,katgear,1,1.0,0.384615,0.47619,0.583333,1
pairs_twitter_googleplus,RF,jonfun,jonmcp,0,0.956667,0.25,0.222222,0.333333,1
pairs_twitter_googleplus,RF,alessandraturati,alessandraturati,1,1.0,0.095238,1.0,0.615385,1
pairs_twitter_googleplus,RF,geoffreyvertlieb,geoffreyvertlieb,1,1.0,0.4375,1.0,0.9,1
pairs_twitter_googleplus,RF,ernohannink,ernohannink,1,1.0,0.769231,1.0,0.722222,1
pairs_twitter_googleplus,RF,betinasuarez,betinasuarez,1,1.0,0.222222,0.714286,0.5,1
pairs_twitter_googleplus,RF,aperture24,loicsimon,0,1.0,0.0,0.5,0.217391,1
pairs_twitter_googleplus,RF,ianblack,ianblack,1,1.0,1.0,1.0,1.0,1
pairs_twitter_googleplus,RF,clayenos,clayenos,1,1.0,1.0,1.0,1.0,1
pairs_twitter_googleplus,RF,bymichael,bymichael,1,1.0,0.0,1.0,0.583333,1
pairs_twitter_googleplus,RF,courtneyhoskins,courtneyhoskins,1,1.0,0.047619,0.6,0.785714,1
pairs_twitter_googleplus,RF,michaeldching,michaeldching,1,1.0,0.75,1.0,0.8125,1
pairs_twitter_googleplus,RF,gambrill,gambrill,1,1.0,0.5,1.0,0.684211,1
pairs_twitter_googleplus,RF,robwoodbridge,robwoodbridge,1,1.0,1.0,1.0,1.0,1
pairs_twitter_googleplus,RF,jepoy,jeremyboye,0,0.837778,0.230769,0.1875,0.304348,1
pairs_twitter_googleplus,RF,marcolodovichi,marcolodovichi,1,1.0,1.0,1.0,1.0,1
pairs_twitter_googleplus,RF,sarahkuntsal,sarahkuntsal,1,1.0,1.0,1.0,1.0,1
pairs_twitter_googleplus,RF,jillriter,jillriter,1,1.0,1.0,1.0,1.0,1
pairs_twitter_googleplus,RF,ojkriguano,hawaiianobrien,0,0.85,0.214286,0.0,0.130435,1
pairs_twitter_googleplus,RF,nuzulputri,katetalbot,0,0.903333,0.285714,0.0,0.148148,1
pairs_twitter_googleplus,RF,salmurza,salmurza,1,1.0,0.0,0.8125,0.538462,1
pairs_twitter_googleplus,RF,alexurrea,andrealaureti,0,0.883333,0.266667,0.176471,0.315789,1
pairs_twitter_googleplus,RF,zaidilfirza,zaidilfirza,1,1.0,0.555556,1.0,0.846154,1
pairs_twitter_googleplus,RF,sgclark,sgclark,1,1.0,0.266667,1.0,0.65,1
pairs_twitter_googleplus,RF,maeghansmulders,maeghansmulders,1,1.0,1.0,1.0,1.0,1
pairs_twitter_googleplus,RF,joelmarans,joelmarans,1,1.0,0.052632,1.0,0.458333,1
pairs_twitter_googleplus,RF,jisampedro,jisampedro,1,1.0,0.444444,1.0,0.72,1
pairs_twitter_googleplus,RF,bentyyc,bentyyc,1,1.0,0.5,1.0,0.857143,1
pairs_twitter_googleplus,RF,dorahardy,dorahardy,1,0.996667,0.071429,0.692308,0.45,1
pairs_twitter_googleplus,RF,m1ket,m1ket,1,1.0,0.181818,1.0,0.75,1
pairs_twitter_googleplus,RF,agbear,agbear,1,1.0,0.0,1.0,0.625,1
pairs_twitter_googleplus,RF,pokharel,pokharel,1,1.0,1.0,0.384615,0.933333,1
pairs_twitter_googleplus,RF,migueldecastro,rogerserra,0,0.946667,0.285714,0.285714,0.315789,0
pairs_twitter_googleplus,RF,handmadejewelry,jalexandermartin,0,0.679444,0.0,0.148148,0.131579,0
pairs_twitter_googleplus,RF,ghibril,ghibril,1,0.966667,0.35,0.285714,0.346154,1
pairs_twitter_googleplus,RF,oli4b,careybhartman,0,0.701988,0.0,0.0,0.045455,1
pairs_twitter_googleplus,RF,matosnuno,matosnuno,1,1.0,1.0,1.0,1.0,1
pairs_twitter_googleplus,RF,aquatellus,catellen,0,0.823333,0.333333,0.1,0.184211,0
pairs_twitter_googleplus,RF,johanneslenz,johanneslenz,1,1.0,1.0,1.0,1.0,1
pairs_twitter_googleplus,RF,lukedonegan,lukedonegan,1,1.0,1.0,0.1,0.478261,1
pairs_twitter_googleplus,RF,jinaljmehta,jinaljmehta,1,1.0,0.727273,0.4,0.666667,1
pairs_twitter_googleplus,RF,shannonrlittle,shannonrlittle,1,1.0,0.785714,1.0,0.833333,1
pairs_twitter_googleplus,RF,idrisbusari,hanroc,0,0.656667,0.25,0.206897,0.235294,0
pairs_twitter_googleplus,RF,gualdjouma,kikaps,0,0.68,0.090909,0.0,0.073529,1
pairs_twitter_googleplus,RF,rielax,rielax,1,1.0,1.0,0.363636,0.785714,1
pairs_twitter_googleplus,RF,christopherlyttle,christopherlyttle,1,1.0,0.272727,0.578947,0.703704,1
pairs_twitter_googleplus,RF,alejandrojgs,alejandrojgs,1,1.0,0.4,1.0,0.6,1
pairs_twitter_googleplus,RF,christophbuck,diesteph,0,0.3,0.058824,0.107143,0.090909,1
pairs_twitter_googleplus,RF,justincambria,justincambria,1,1.0,1.0,1.0,1.0,1
pairs_twitter_googleplus,RF,dkc,dkc,1,1.0,1.0,1.0,1.0,1
pairs_twitter_googleplus,RF,roshandaniel,roshandaniel,1,1.0,0.666667,1.0,0.705882,1
pairs_twitter_googleplus,RF,joshharcus,joshharcus,1,1.0,1.0,1.0,1.0,1
pairs_twitter_googleplus,RF,adamwhalley,rodneypike,0,0.983333,0.428571,0.3125,0.3,0
pairs_twitter_googleplus,RF,cmroman,cmroman,1,1.0,0.4,1.0,0.8,1
pairs_twitter_googleplus,RF,jodybossert,jodybossert,1,1.0,1.0,1.0,1.0,1
pairs_twitter_googleplus,RF,konradburman,konradburman,1,1.0,0.769231,1.0,0.823529,1
pairs_twitter_googleplus,RF,domynatrix,matrixtyler,0,0.706667,0.266667,0.0,0.238095,1
pairs_twitter_googleplus,RF,taylortoussaint,taylortoussaint,1,1.0,1.0,1.0,1.0,1
pairs_twitter_googleplus,RF,paulashton,paulashton,1,1.0,0.692308,1.0,0.666667,1
pairs_twitter_googleplus,RF,catflippen,catflippen,1,1.0,1.0,1.0,1.0,1
pairs_twitter_googleplus,RF,dariusguerrero,dariusguerrero,1,1.0,0.55,0.583333,0.571429,1
pairs_twitter_googleplus,RF,henspie,henspie,1,1.0,0.5,0.5,0.6,1
pairs_twitter_googleplus,RF,poohkohawaii,poohkohawaii,1,1.0,0.5,0.571429,0.518519,1
pairs_twitter_googleplus,RF,stevendent,stevendent,1,1.0,0.388889,1.0,0.434783,1
pairs_twitter_googleplus,RF,dgancedo,dgancedo,1,1.0,0.428571,0.857143,0.65,1
pairs_twitter_googleplus,RF,rubenserra,rubenserra,1,1.0,0.454545,0.555556,0.590909,1
pairs_twitter_googleplus,RF,gulgungoktan,gulgungoktan,1,1.0,1.0,1.0,1.0,1
pairs_twitter_googleplus,RF,juliehunter,juliehunter,1,1.0,0.75,1.0,0.8125,1
pairs_twitter_googleplus,RF,kientran,kientran,1,1.0,1.0,1.0,1.0,1
pairs_twitter_googleplus,RF,aldreendumasig,aldreendumasig,1,1.0,1.0,0.038462,0.551724,1
pairs_twitter_googleplus,RF,lazarusross,lazarusross,1,1.0,1.0,1.0,1.0,1
pairs_twitter_googleplus,RF,viry,danacosta,0,0.761889,0.0,0.285714,0.25,1
pairs_twitter_googleplus,RF,lucabecattini,lucabecattini,1,1.0,1.0,1.0,1.0,1
pairs_twitter_googleplus,RF,kilttilter,scottjwalter,0,1.0,0.285714,0.4,0.454545,1
pairs_twitter_googleplus,RF,plr,plr,1,1.0,0.692308,1.0,0.894737,1
pairs_twitter_googleplus,RF,tpoulton,tpoulton,1,1.0,1.0,1.0,1.0,1
pairs_twitter_googleplus,RF,karendatangel,karendatangel,1,1.0,0.461538,1.0,0.823529,1
pairs_twitter_googleplus,RF,jasonbergin,anomosity,0,0.323333,0.12,0.214286,0.189189,0
pairs_twitter_googleplus,RF,cathynesbit,zealyte,0,0.89,0.277778,0.0,0.178571,0
pairs_twitter_googleplus,RF,rodmilam,rodmilam,1,1.0,0.0,1.0,0.428571,1
pairs_twitter_googleplus,RF,joninickrentpopartminis,joninickrentpopartminis,1,1.0,0.111111,1.0,0.565217,1
pairs_twitter_googleplus,RF,erkstam,erkstam,1,1.0,0.5,1.0,0.9375,1
pairs_twitter_googleplus,RF,majalarsson,majalarsson,1,1.0,0.75,1.0,0.8125,1
pairs_twitter_googleplus,RF,thegadgeteur,thegadgeteur,1,1.0,0.0,1.0,0.423077,1
pairs_twitter_googleplus,RF,andrewfoote,andrewfoote,1,1.0,1.0,1.0,1.0,1
pairs_twitter_googleplus,RF,karenmarie,karenmarie,1,1.0,0.5,0.470588,0.454545,1
pairs_twitter_googleplus,RF,michaelrajivshah,michaelrajivshah,1,1.0,0.0,1.0,0.485714,1
pairs_twitter_googleplus,RF,nadirozkan,nadirozkan,1,1.0,0.7,0.727273,0.625,1
pairs_twitter_googleplus,RF,carsonbelinda,lindanelson,0,1.0,0.1875,0.5,0.409091,1
pairs_twitter_googleplus,RF,jenleheny,jenleheny,1,1.0,0.0,1.0,0.428571,1
pairs_twitter_googleplus,RF,naningutoyo,naningutoyo,1,1.0,1.0,0.0,0.285714,1
pairs_twitter_googleplus,RF,willblackford,willblackford,1,1.0,1.0,1.0,1.0,1
pairs_twitter_googleplus,RF,jasonriemens,jasonriemens,1,1.0,1.0,1.0,1.0,1
pairs_twitter_googleplus,RF,dimmu,dimmu,1,1.0,0.117647,0.692308,0.454545,1
pairs_twitter_googleplus,RF,arielcohen,arielcohen,1,1.0,0.9,1.0,0.928571,1
pairs_twitter_googleplus,RF,rafaeltds,rafaeltds,1,1.0,0.4,1.0,0.8,1
pairs_twitter_googleplus,RF,joonkang,joonkang,1,1.0,0.3,1.0,0.714286,1
pairs_twitter_googleplus,RF,fitbodylife,fitbodylife,1,1.0,0.565217,1.0,0.925926,1
pairs_twitter_googleplus,RF,cserafin,cserafin,1,1.0,0.0,1.0,0.590909,1
pairs_twitter_googleplus,RF,shawnalholman,shawnalholman,1,1.0,0.333333,1.0,0.684211,1
pairs_twitter_googleplus,RF,raymondwong,rey,0,0.923333,0.230769,0.333333,0.30303,1
pairs_twitter_googleplus,RF,hrodzpr,katiekutthroat,0,0.486667,0.095238,0.0,0.074074,1
pairs_twitter_googleplus,RF,elbisnet,elbisnet,1,1.0,0.210526,1.0,0.72,1
pairs_twitter_googleplus,RF,antonioaraya,antonioaraya,1,1.0,1.0,1.0,1.0,1
pairs_twitter_googleplus,RF,ianeisenberg,ianeisenberg,1,1.0,0.058824,1.0,0.590909,1
pairs_twitter_googleplus,RF,mariadpablos,princessmartha,0,1.0,0.105263,0.526316,0.392857,1
pairs_twitter_googleplus,RF,mikedoeff,mikedoeff,1,1.0,0.444444,1.0,0.846154,1
pairs_twitter_googleplus,RF,vilapol,vilapol,1,1.0,0.857143,0.5,0.8,1
pairs_twitter_googleplus,RF,brittanyberger,jonathankopp,0,0.663333,0.0,0.125,0.090909,1
pairs_twitter_googleplus,RF,matthieuthomas,odam,0,0.63,0.15,0.176471,0.148148,1
pairs_twitter_googleplus,RF,leeharmon,leeharmon,1,1.0,1.0,1.0,1.0,1
pairs_twitter_googleplus,RF,katiekutthroat,katiekutthroat,1,0.996667,0.705882,0.277778,0.714286,1
pairs_twitter_googleplus,RF,codytatman,codytatman,1,1.0,1.0,1.0,1.0,1
pairs_twitter_googleplus,RF,salah286,salah286,1,1.0,0.181818,1.0,0.625,1
pairs_twitter_googleplus,RF,mdyoder,mdyoder,1,1.0,0.222222,0.857143,0.52,1
pairs_twitter_googleplus,RF,ekoprobo,ekoprobo,1,1.0,0.466667,1.0,0.863636,1
pairs_twitter_googleplus,RF,abedsaifi,edsafin,0,0.996667,0.4,0.454545,0.375,1
pairs_twitter_googleplus,RF,laszloreszegi,laszloreszegi,1,1.0,0.5,0.571429,0.526316,1
pairs_twitter_googleplus,RF,aleksanderdye,aleksanderdye,1,1.0,1.0,1.0,1.0,1
pairs_twitter_googleplus,RF,nicoias,nicoias,1,1.0,0.769231,1.0,0.823529,1
pairs_twitter_googleplus,RF,lidahasbrouck,lidahasbrouck,1,1.0,1.0,1.0,1.0,1
pairs_twitter_googleplus,RF,theeastsiderealestateguy,theeastsiderealestateguy,1,1.0,0.076923,0.555556,0.515152,1
pairs_twitter_googleplus,RF,gadgeeked,gadgeeked,1,1.0,0.0,1.0,0.592593,1
pairs_twitter_googleplus,RF,moos3,moos3,1,1.0,0.15,1.0,0.76,1
pairs_twitter_googleplus,RF,trevorlong,trevorlong,1,0.996667,0.818182,0.384615,0.375,1
pairs_twitter_googleplus,RF,mahmoudhamamou,mahmoudhamamou,1,1.0,1.0,1.0,1.0,1
pairs_twitter_googleplus,RF,davedebor,davedebor,1,1.0,1.0,1.0,1.0,1
pairs_twitter_googleplus,RF,kwanza,emkwan,0,0.496667,0.375,0.090909,0.105263,1
pairs_twitter_googleplus,RF,michaelkrantz,michaelkrantz,1,1.0,0.478261,0.464286,0.425,1
pairs_twitter_googleplus,RF,calfn,calfn,1,1.0,0.571429,1.0,0.818182,1
pairs_twitter_googleplus,RF,krystasch,drywit,0,0.946667,0.0,0.333333,0.217391,1
pairs_twitter_googleplus,RF,eduardomueses,eduardomueses,1,1.0,0.0,1.0,0.5,1
pairs_twitter_googleplus,RF,lindsayrain,lindsaytan,0,1.0,0.5,0.461538,0.5,1
pairs_twitter_googleplus,RF,jorgeramossantos,jorgeramossantos,1,1.0,0.428571,1.0,0.62963,1
pairs_twitter_googleplus,RF,mikemartin,mikemartin,1,1.0,0.277778,1.0,0.454545,1
pairs_twitter_googleplus,RF,stevelevine,stevelevine,1,1.0,1.0,1.0,1.0,1
pairs_twitter_googleplus,RF,djryan,djryan,1,1.0,0.272727,1.0,0.785714,1
pairs_twitter_googleplus,RF,karimellis,karimellis,1,1.0,0.727273,1.0,0.823529,1
pairs_twitter_googleplus,RF,nzeckner,derekpurdy,0,0.98,0.333333,0.3125,0.333333,0
pairs_twitter_googleplus,RF,angelamisri,angelamisri,1,1.0,0.333333,1.0,0.6,1
pairs_twitter_googleplus,RF,juergvollmer,juergvollmer,1,1.0,0.727273,0.75,0.705882,1
pairs_twitter_googleplus,RF,aaronphillips,aaronphillips,1,1.0,1.0,1.0,1.0,1
pairs_twitter_googleplus,RF,idrialis,idrialis,1,1.0,1.0,1.0,1.0,1
pairs_twitter_googleplus,RF,jcabezuelo,joelo,0,0.914167,0.222222,0.375,0.285714,1
pairs_twitter_googleplus,RF,ohkirsten,ohkirsten,1,1.0,0.461538,1.0,0.764706,1
pairs_twitter_googleplus,RF,carolinemccarthy,carolinemccarthy,1,1.0,0.230769,0.482759,0.454545,1
pairs_twitter_googleplus,RF,psyko,sharronp,0,0.99,0.5,0.0,0.172414,0
pairs_twitter_googleplus,RF,djgrill,djgrill,1,1.0,0.333333,0.733333,0.823529,1
pairs_twitter_googleplus,RF,motivationdoc,motivationdoc,1,1.0,0.041667,1.0,0.551724,1
pairs_twitter_googleplus,RF,tdodson,tdodson,1,1.0,1.0,1.0,1.0,1
pairs_twitter_googleplus,RF,joshgriffin,joshgriffin,1,1.0,0.190476,1.0,0.576923,1
pairs_twitter_googleplus,RF,jsschultz88,jsschultz88,1,1.0,0.461538,1.0,0.611111,1
pairs_twitter_googleplus,RF,pepehoms,pepehoms,1,1.0,0.714286,1.0,0.727273,1
pairs_twitter_googleplus,RF,adrianoteles,adrianoteles,1,1.0,1.0,1.0,1.0,1
pairs_twitter_googleplus,RF,jessemontano,jessemontano,1,1.0,1.0,1.0,1.0,1
pairs_twitter_googleplus,RF,tessadufresne,tessadufresne,1,0.993333,0.416667,0.4375,0.52381,1
pairs_twitter_googleplus,RF,oliebana,oliebana,1,1.0,0.5,0.714286,0.777778,1
pairs_twitter_googleplus,RF,daveballesteros,daveballesteros,1,1.0,0.166667,1.0,0.695652,1
pairs_twitter_googleplus,RF,blakekbrown,blakekbrown,1,1.0,0.727273,0.833333,0.6875,1
pairs_twitter_googleplus,RF,troshy,troshy,1,1.0,0.4,1.0,0.733333,1
pairs_twitter_googleplus,RF,eugenekaspersky,eugenekaspersky,1,1.0,0.5,0.5,0.485714,1
pairs_twitter_googleplus,RF,ginograziano,ginograziano,1,1.0,0.909091,1.0,0.857143,1
pairs_twitter_googleplus,RF,kmartinezcarter,kmartinezcarter,1,1.0,0.6875,0.451613,0.5,1
pairs_twitter_googleplus,RF,karendaniela,kendanieli,0,1.0,0.538462,0.571429,0.555556,1
pairs_twitter_googleplus,RF,alexsablan,alexsablan,1,1.0,0.454545,0.6,0.55,1
pairs_twitter_googleplus,RF,cheeseberger,cheeseberger,1,1.0,0.333333,1.0,0.631579,1
pairs_twitter_googleplus,RF,stefanwoldekidan,stefanwoldekidan,1,1.0,0.6875,1.0,0.842105,1
pairs_twitter_googleplus,RF,katmaund,katmaund,1,1.0,0.428571,1.0,0.888889,1
pairs_twitter_googleplus,RF,traced,daniellemsmith,0,0.402351,0.033333,0.0,0.058824,1
pairs_twitter_googleplus,RF,maccih,maccih,1,1.0,0.4,1.0,0.9,1
pairs_twitter_googleplus,RF,cendrinemarrouat,cendrinemarrouat,1,1.0,0.421053,1.0,0.75,1
pairs_twitter_googleplus,RF,elleneinkauf,elleneinkauf,1,0.956667,0.214286,0.444444,0.375,1
pairs_twitter_googleplus,RF,dannyquigley,dannyquigley,1,1.0,1.0,1.0,1.0,1
pairs_twitter_googleplus,RF,muzicoholicated,muzicoholicated,1,1.0,0.0,1.0,0.444444,1
pairs_twitter_googleplus,RF,atsushigt,peejayalmera,0,1.0,0.0,0.555556,0.217391,0
pairs_twitter_googleplus,RF,sebastianmueller,sebastianmueller,1,1.0,0.0,0.8125,0.483871,1
pairs_twitter_googleplus,RF,renelego,renelego,1,1.0,1.0,0.6,0.769231,1
pairs_twitter_googleplus,RF,craigansell,craigansell,1,1.0,0.75,1.0,0.8125,1
pairs_twitter_googleplus,RF,corbet,corbet,1,1.0,0.416667,0.5625,0.666667,1
pairs_twitter_googleplus,RF,hasanmhm,hasanmhm,1,1.0,0.25,1.0,0.714286,1
pairs_twitter_googleplus,RF,micaheriksson,micaheriksson,1,1.0,1.0,0.307692,0.875,1
pairs_twitter_googleplus,RF,guillaumeoudenot,guillaumeoudenot,1,1.0,0.052632,1.0,0.708333,1
pairs_twitter_googleplus,RF,carlosclouthier,carlosclouthier,1,1.0,1.0,1.0,1.0,1
pairs_twitter_googleplus,RF,jchiatt,jchiatt,1,1.0,1.0,1.0,1.0,1
pairs_twitter_googleplus,RF,christiepingvin,christiepingvin,1,1.0,0.346154,0.68,0.636364,1
pairs_twitter_googleplus,RF,sugarfreecoach,clairecoady,0,0.79,0.210526,0.0,0.111111,1
pairs_twitter_googleplus,RF,brunno,brunno,1,1.0,0.75,0.769231,0.722222,1
pairs_twitter_googleplus,RF,dnhills,dnhills,1,1.0,0.4,1.0,0.785714,1
pairs_twitter_googleplus,RF,ianmcconnell,ianmcconnell,1,1.0,0.846154,1.0,0.777778,1
pairs_twitter_googleplus,RF,leanderwattig,leanderwattig,1,1.0,1.0,0.464286,0.516129,1
pairs_twitter_googleplus,RF,marygrace,marygrace,1,1.0,0.166667,1.0,0.608696,1
pairs_twitter_googleplus,RF,bambiblue,bambiblue,1,1.0,1.0,1.0,1.0,1
pairs_twitter_googleplus,RF,markusrach,markusrach,1,1.0,1.0,1.0,1.0,1
pairs_twitter_googleplus,RF,jupptedesco,jupptedesco,1,0.966667,0.368421,0.142857,0.290323,1
pairs_twitter_googleplus,RF,michaelcoley,michaelcoley,1,1.0,0.333333,1.0,0.875,1
pairs_twitter_googleplus,RF,theoryoferin,theoryoferin,1,1.0,1.0,0.333333,0.722222,1
pairs_twitter_googleplus,RF,amandaloy,amandaloy,1,1.0,1.0,0.5,0.545455,1
pairs_twitter_googleplus,RF,robcoers,robcoers,1,1.0,1.0,1.0,1.0,1
pairs_twitter_googleplus,RF,jehf,joelhelbling,0,1.0,0.363636,0.25,0.35,1
pairs_twitter_googleplus,RF,pbustas,pbustas,1,1.0,0.3,0.818182,0.88,1
pairs_twitter_googleplus,RF,alaasabra,alaasabra,1,1.0,0.692308,1.0,0.947368,1
pairs_twitter_googleplus,RF,peteseroogy,peteseroogy,1,1.0,1.0,1.0,1.0,1
pairs_twitter_googleplus,RF,williamorellana,williamorellana,1,1.0,0.05,1.0,0.6,1
pairs_twitter_googleplus,RF,waadf,waadf,1,1.0,0.384615,0.533333,0.47619,1
pairs_twitter_googleplus,RF,davidmerinas,davidmerinas,1,1.0,1.0,1.0,1.0,1
pairs_twitter_googleplus,RF,timothyryan,timothyryan,1,1.0,0.6,1.0,0.684211,1
pairs_twitter_googleplus,RF,dajallo,tranceh2,0,0.98,0.285714,0.266667,0.333333,1
pairs_twitter_googleplus,RF,kosmach,kosmach,1,1.0,0.6,1.0,0.928571,1
pairs_twitter_googleplus,RF,dhyll,callismakesfilms,0,0.613333,0.071429,0.066667,0.166667,1
pairs_twitter_googleplus,RF,rodrigoamem,rodrigoamem,1,1.0,0.727273,0.75,0.705882,1
pairs_twitter_googleplus,RF,ankatextile,katehailey,0,1.0,0.357143,0.235294,0.285714,1
pairs_twitter_googleplus,RF,pattymitchell,pattymitchell,1,1.0,0.0,1.0,0.583333,1
pairs_twitter_googleplus,RF,whart,kellywhalen,0,1.0,0.333333,0.3125,0.368421,1
pairs_twitter_googleplus,RF,lizzmc,mirjan,0,0.93,0.294118,0.227273,0.310345,1
pairs_twitter_googleplus,RF,aguseji,nachoserrano,0,0.879722,0.0625,0.368421,0.28,1
pairs_twitter_googleplus,RF,gailaustin,rickaustin,0,0.986667,0.357143,0.0,0.176471,1
pairs_twitter_googleplus,RF,balexandre,balexandre,1,1.0,0.571429,0.533333,0.555556,1
pairs_twitter_googleplus,RF,davidhernandez,davidweb,0,1.0,0.034483,0.7,0.405405,1
pairs_twitter_googleplus,RF,shahsocialmedia,shahsocialmedia,1,1.0,0.157895,0.5,0.375,1
pairs_twitter_googleplus,RF,evagarciaalende,evagarciaalende,1,1.0,0.111111,1.0,0.666667,1
pairs_twitter_googleplus,RF,ericdlussier,ericdlussier,1,1.0,1.0,1.0,1.0,1
pairs_twitter_googleplus,RF,wproof,wproof,1,1.0,0.363636,1.0,0.866667,1
pairs_twitter_googleplus,RF,conoraltier,conoraltier,1,1.0,1.0,0.333333,0.705882,1
pairs_twitter_googleplus,RF,linji,linji,1,1.0,0.166667,0.733333,0.823529,1
pairs_twitter_googleplus,RF,ocrucelaegui,nanyvianna,0,0.993333,0.333333,0.307692,0.294118,1
pairs_twitter_googleplus,RF,kkbyrns,kkbyrns,1,0.976667,0.444444,0.25,0.615385,1
pairs_twitter_googleplus,RF,kdnewman,kdnewman,1,1.0,0.3125,1.0,0.6,1
pairs_twitter_googleplus,RF,nessabirdie,jordiesquirol,0,0.953333,0.333333,0.04,0.242424,1
pairs_twitter_googleplus,RF,kuroroh,kuroroh,1,0.856667,0.0,0.421053,0.321429,1
pairs_twitter_googleplus,RF,claudiogiulio,claudiogiulio,1,1.0,0.0,1.0,0.483871,1
pairs_twitter_googleplus,RF,andrearusky,andrearusky,1,1.0,0.263158,1.0,0.727273,1
pairs_twitter_googleplus,RF,frantxuvb,frantxuvb,1,0.986667,1.0,0.14,0.285714,1
pairs_twitter_googleplus,RF,themichaelshane,themichaelshane,1,1.0,0.769231,0.6,0.611111,1
pairs_twitter_googleplus,RF,atsoukalidis,atsoukalidis,1,1.0,0.555556,1.0,0.909091,1
pairs_twitter_googleplus,RF,angiepascale,angiepascale,1,1.0,1.0,1.0,1.0,1
pairs_twitter_googleplus,RF,eastonplacedesigns,pattiagapi,0,0.920667,0.0,0.3125,0.2,1
pairs_twitter_googleplus,RF,sugabetic,sugabetic,1,0.966667,0.421053,0.315789,0.6,1
pairs_twitter_googleplus,RF,karypastor,karypastor,1,1.0,0.538462,0.125,0.473684,1
pairs_twitter_googleplus,RF,davidgregson,davidgregson,1,1.0,0.214286,1.0,0.944444,1
pairs_twitter_googleplus,RF,ajuece,ajuece,1,1.0,0.117647,1.0,0.809524,1
pairs_twitter_googleplus,RF,matthewjadams,matthewjadams,1,1.0,0.222222,1.0,0.64,1
pairs_twitter_googleplus,RF,ergomezg,ergomezg,1,1.0,0.0,1.0,0.565217,1
pairs_twitter_googleplus,RF,marsherlin,emredincer13,0,0.925556,0.4,0.0,0.214286,1
pairs_twitter_googleplus,RF,abuznadah,abuznadah,1,0.973333,0.615385,0.0,0.3,1
pairs_twitter_googleplus,RF,vbellais,vbellais,1,1.0,0.428571,1.0,0.888889,1
pairs_twitter_googleplus,RF,rahulkadari,rahulkadari,1,1.0,0.285714,1.0,0.631579,1
pairs_twitter_googleplus,RF,proxywolf,proxywolf,1,0.68,0.2,0.357143,0.305556,1
pairs_twitter_googleplus,RF,diegoisaid,diegoisaid,1,1.0,0.6,0.473684,0.695652,1
pairs_twitter_googleplus,RF,sanabakshi,sanabakshi,1,1.0,1.0,0.4,0.464286,1
pairs_twitter_googleplus,RF,omorgan,omorgan,1,1.0,0.846154,1.0,0.777778,1
pairs_twitter_googleplus,RF,darkmagepr,darkmagepr,1,1.0,0.142857,1.0,0.529412,1
pairs_twitter_googleplus,RF,manishdas,manishreddy,0,0.956667,0.304348,0.428571,0.310345,1
pairs_twitter_googleplus,RF,paolobaratta,shonhughes,0,0.739722,0.1875,0.176471,0.190476,0
pairs_twitter_googleplus,RF,north4loor,dtnorth,0,0.8925,0.266667,0.0,0.16,1
pairs_twitter_googleplus,RF,fdavid,facenda,0,0.986667,0.363636,0.083333,0.259259,1
pairs_twitter_googleplus,RF,jimmyrey,jimmyrey,1,1.0,0.307692,1.0,0.666667,1
pairs_twitter_googleplus,RF,peggydolane,peggydolane,1,1.0,1.0,1.0,1.0,1
pairs_twitter_googleplus,RF,jcdaniels,becada,0,1.0,0.583333,0.4,0.368421,1
pairs_twitter_googleplus,RF,faheemalik,faheemalik,1,1.0,0.545455,1.0,0.6875,1
pairs_twitter_googleplus,RF,anthonyakin,anthonyakin,1,1.0,0.25,1.0,0.8,1
pairs_twitter_googleplus,RF,zenoskyline,djteo,0,0.916667,0.266667,0.3125,0.285714,0
pairs_twitter_googleplus,RF,bradhuss,bradhuss,1,1.0,1.0,1.0,1.0,1
pairs_twitter_googleplus,RF,paulduncan,paulduncan,1,1.0,0.230769,1.0,0.611111,1
pairs_twitter_googleplus,RF,victorgaxiola,victorgaxiola,1,1.0,1.0,1.0,1.0,1
pairs_twitter_googleplus,RF,matthewrogers,matthewrogers,1,1.0,0.041667,0.642857,0.366667,1
pairs_twitter_googleplus,RF,davidshogan,davidshogan,1,1.0,0.272727,1.0,0.655172,1
pairs_twitter_googleplus,RF,parmp,logancarmichael,0,0.636667,0.176471,0.103448,0.114286,1
pairs_twitter_googleplus,RF,jeromyu,jeromyu,1,1.0,0.5,0.393939,0.378378,1
pairs_twitter_googleplus,RF,charlesalewis,charlesalewis,1,1.0,0.642857,1.0,0.666667,1
pairs_twitter_googleplus,RF,hayobethlehem,hayobethlehem,1,1.0,1.0,1.0,1.0,1
pairs_twitter_googleplus,RF,tom440,tomasgola,0,1.0,0.333333,0.571429,0.428571,1
pairs_twitter_googleplus,RF,emredjan,emredjan,1,1.0,0.444444,1.0,0.692308,1
pairs_twitter_googleplus,RF,jasonrjohnston,jasonrjohnston,1,1.0,0.666667,1.0,0.7,1
pairs_twitter_googleplus,RF,kenmayes,kenmayes,1,1.0,1.0,1.0,1.0,1
pairs_twitter_googleplus,RF,matthewknell,matthewknell,1,1.0,1.0,0.413793,0.483871,1
pairs_twitter_googleplus,RF,pietrodibello,pietrodibello,1,1.0,0.611111,1.0,0.75,1
pairs_twitter_googleplus,RF,dwanellington,dwanellington,1,1.0,0.043478,1.0,0.518519,1
pairs_twitter_googleplus,RF,xevian,kevinlimfungyen,0,0.996667,0.333333,0.0,0.227273,1
pairs_twitter_googleplus,RF,tinahunt,tinahunt,1,1.0,0.666667,0.571429,0.526316,1
pairs_twitter_googleplus,RF,zehnbar,zehnbar,1,1.0,0.058824,1.0,0.619048,1
pairs_twitter_googleplus,RF,dlosuna,dlosuna,1,1.0,0.333333,1.0,0.857143,1
pairs_twitter_googleplus,RF,ryanruppe,ryanruppe,1,1.0,1.0,0.083333,0.37037,1
pairs_twitter_googleplus,RF,valeriecross,valeriecross,1,1.0,0.538462,1.0,0.777778,1
pairs_twitter_googleplus,RF,seanwilliams,seandent,0,1.0,0.375,0.333333,0.307692,1
pairs_twitter_googleplus,RF,presljf,presljf,1,1.0,0.266667,1.0,0.727273,1
pairs_twitter_googleplus,RF,sweeperdk,sweeperdk,1,1.0,1.0,1.0,1.0,1
pairs_twitter_googleplus,RF,treyratcliff,treyratcliff,1,1.0,1.0,1.0,1.0,1
pairs_twitter_googleplus,RF,homersapien619,homersapien619,1,1.0,0.0,1.0,0.466667,1
pairs_twitter_googleplus,RF,marlaschulman,vinhle,0,0.9,0.222222,0.0,0.105263,1
pairs_twitter_googleplus,RF,jayjayartist,jayjayartist,1,1.0,1.0,1.0,1.0,1
pairs_twitter_googleplus,RF,megsrhea,megsrhea,1,1.0,0.357143,1.0,0.8,1
pairs_twitter_googleplus,RF,katiecollins,katiecollins,1,1.0,0.769231,1.0,0.823529,1
pairs_twitter_googleplus,RF,xeniarm,xeniarm,1,1.0,0.545455,0.307692,0.388889,1
pairs_twitter_googleplus,RF,paolomargari,paolomargari,1,1.0,0.555556,0.769231,0.52,1
pairs_twitter_googleplus,RF,flxbarth,vlhorton,0,0.936667,0.071429,0.583333,0.347826,1
pairs_twitter_googleplus,RF,roberttrahan,roberttrahan,1,1.0,0.153846,1.0,0.555556,1
pairs_twitter_googleplus,RF,robeh,robeh,1,1.0,0.307692,1.0,0.882353,1
pairs_twitter_googleplus,RF,sidsel,sidsel,1,1.0,0.6,1.0,0.894737,1
pairs_twitter_googleplus,RF,berillium04,jerrybuccilli,0,0.9,0.222222,0.0,0.105263,1
pairs_twitter_googleplus,RF,ikitamara,ikitamara,1,1.0,0.357143,1.0,0.722222,1
pairs_twitter_googleplus,RF,kcnphoto,photolarry,0,0.983333,0.333333,0.285714,0.333333,1
pairs_twitter_googleplus,RF,clairewickenden,clairewickenden,1,1.0,1.0,0.0,0.555556,1
pairs_twitter_googleplus,RF,rustyarty,rustyarty,1,1.0,0.625,0.5,0.642857,1
pairs_twitter_googleplus,RF,thomasseifert,thomasseifert,1,1.0,1.0,1.0,1.0,1
pairs_twitter_googleplus,RF,terrawalkermrkulic,terrawalkermrkulic,1,1.0,0.166667,0.611111,0.387097,1
pairs_twitter_googleplus,RF,sherrytrueself,sherrytrueself,1,1.0,0.333333,1.0,0.545455,1
pairs_twitter_googleplus,RF,kdlb,kristinereese,0,1.0,0.0,0.538462,0.421053,1
pairs_twitter_googleplus,RF,ffaruq,ffaruq,1,1.0,0.444444,1.0,0.846154,1
pairs_twitter_googleplus,RF,lapakko,lapakko,1,1.0,0.6,0.769231,0.75,1
pairs_twitter_googleplus,RF,aviannetan,aviannetan,1,1.0,0.428571,1.0,0.526316,1
pairs_twitter_googleplus,RF,chrisbrocious,chrisbrocious,1,1.0,0.368421,1.0,0.913043,1
pairs_twitter_googleplus,RF,rgprofesional,zeroarte,0,0.701988,0.0,0.0,0.045455,0
pairs_twitter_googleplus,RF,gy2k,gy2k,1,1.0,0.529412,0.545455,0.518519,1
pairs_twitter_googleplus,RF,bertboerland,bertboerland,1,1.0,1.0,1.0,1.0,1
pairs_twitter_googleplus,RF,adrianatoriz,adrianatoriz,1,1.0,0.625,1.0,0.909091,1
pairs_twitter_googleplus,RF,scoutshonor,virginiourbina,0,0.496667,0.176471,0.103448,0.111111,0
pairs_twitter_googleplus,RF,sherrybrink,sherrybrink,1,1.0,0.625,0.647059,0.541667,1
pairs_twitter_googleplus,RF,jeroenmiedema,jeroenmiedema,1,1.0,0.133333,1.0,0.7,1
pairs_twitter_googleplus,RF,msqrd2,msqrd2,1,0.676667,0.25,0.066667,0.235294,1
pairs_twitter_googleplus,RF,becada,becada,1,1.0,0.142857,0.571429,0.47619,1
pairs_twitter_googleplus,RF,kaushalk,kaushalk,1,1.0,0.461538,1.0,0.875,1
pairs_twitter_googleplus,RF,hoosierteacher,hoosierteacher,1,1.0,0.0,1.0,0.4,1
pairs_twitter_googleplus,RF,luiselizondo,luiselizondo,1,1.0,0.583333,1.0,0.875,1
pairs_twitter_googleplus,RF,markchih,chaseroper,0,0.753333,0.125,0.111111,0.2,1
pairs_twitter_googleplus,RF,jeepgeek,jeepgeek,1,1.0,0.0,1.0,0.576923,1
pairs_twitter_googleplus,RF,mariagabrielabermudez,mariagabrielabermudez,1,1.0,0.388889,0.285714,0.333333,1
pairs_twitter_googleplus,RF,lynncooper,lynncooper,1,1.0,0.047619,1.0,0.464286,1
pairs_twitter_googleplus,RF,winsportstv,winsportstv,1,0.99,1.0,0.36,0.466667,1
pairs_twitter_googleplus,RF,oracleblog,yimozhang,0,0.94,0.0,0.333333,0.216216,0
pairs_twitter_googleplus,RF,markgravender,markgravender,1,1.0,0.0,1.0,0.636364,1
pairs_twitter_googleplus,RF,amandambenson,amandambenson,1,1.0,0.625,1.0,0.909091,1
pairs_twitter_googleplus,RF,danielescobar,danielescobar,1,1.0,0.5,1.0,0.761905,1
pairs_twitter_googleplus,RF,ashisheth,ashisheth,1,1.0,1.0,1.0,1.0,1
pairs_twitter_googleplus,RF,whoyer,djchuang,0,1.0,0.0,0.545455,0.35,0
pairs_twitter_googleplus,RF,carlospl,joaobrando,0,0.963333,0.25,0.230769,0.333333,0
pairs_twitter_googleplus,RF,danielmrose,roshandaniel,0,1.0,0.538462,0.5,0.555556,1
pairs_twitter_googleplus,RF,danielwoolnough,danielwoolnough,1,1.0,1.0,0.066667,0.484848,1
pairs_twitter_googleplus,RF,ainu,ainu,1,1.0,1.0,1.0,1.0,1
pairs_twitter_googleplus,RF,vtassani,vtassani,1,0.91,0.3,0.461538,0.28,1
pairs_twitter_googleplus,RF,howardlake,howardlake,1,1.0,1.0,1.0,1.0,1
pairs_twitter_googleplus,RF,jaheadley,jaheadley,1,0.85,0.368421,0.111111,0.243243,1
pairs_twitter_googleplus,RF,valentinthirion,valentinthirion,1,1.0,0.533333,1.0,0.888889,1
pairs_twitter_googleplus,RF,tranduyhung,braz,0,0.913333,0.214286,0.0,0.111111,1
pairs_twitter_googleplus,RF,manubordera,manubordera,1,1.0,1.0,1.0,1.0,1
pairs_twitter_googleplus,RF,dithern,ernesthe,0,1.0,0.444444,0.555556,0.533333,1
pairs_twitter_googleplus,RF,lanelima,lanelima,1,1.0,1.0,1.0,1.0,1
pairs_twitter_googleplus,RF,icaroferracini,icaroferracini,1,1.0,1.0,0.928571,0.888889,1
pairs_twitter_googleplus,RF,wendytownley,wendytownley,1,1.0,0.5,1.0,0.866667,1
pairs_twitter_googleplus,RF,jeffmwebster,jeffmwebster,1,1.0,0.5,1.0,0.8125,1
pairs_twitter_googleplus,RF,cyclofiend,cyclofiend,1,1.0,0.75,0.105263,0.666667,1
pairs_twitter_googleplus,RF,cavdan,cavdan,1,1.0,0.285714,1.0,0.789474,1
pairs_twitter_googleplus,RF,jonoh,jonbohn,0,0.6,0.428571,0.064516,0.117647,1
pairs_twitter_googleplus,RF,davidarcifa,davidarcifa,1,1.0,0.307692,1.0,0.666667,1
pairs_twitter_googleplus,RF,mickyates,mickyates,1,1.0,1.0,1.0,1.0,1
pairs_twitter_googleplus,RF,nanymata,nanymata,1,1.0,1.0,0.307692,0.625,1
pairs_twitter_googleplus,RF,cynthiakseymour,cynthiakseymour,1,1.0,1.0,0.583333,0.666667,1
pairs_twitter_googleplus,RF,kaykas,kaykas,1,1.0,0.285714,0.483871,0.457143,1
pairs_twitter_googleplus,RF,ricardovaz,ricardovaz,1,1.0,0.25,1.0,0.647059,1
pairs_twitter_googleplus,RF,davidfernando,davefernandez,0,1.0,0.647059,0.333333,0.5,1
pairs_twitter_googleplus,RF,nvyoung,natashayoung,0,1.0,0.307692,0.533333,0.5,1
pairs_twitter_googleplus,RF,emmaruthbeer,losangelas,0,0.846667,0.266667,0.0,0.166667,1
pairs_twitter_googleplus,RF,katmandelstein,katmandelstein,1,1.0,1.0,1.0,1.0,1
pairs_twitter_googleplus,RF,princessmartha,princessmartha,1,1.0,0.333333,1.0,0.653846,1
pairs_twitter_googleplus,RF,mariogiancini,mariogiancini,1,1.0,1.0,1.0,1.0,1
pairs_twitter_googleplus,RF,annapfeiffer,annapfeiffer,1,1.0,0.75,1.0,0.8125,1
pairs_twitter_googleplus,RF,markvanderhorst,markvanderhorst,1,1.0,0.588235,1.0,0.769231,1
pairs_twitter_googleplus,RF,alannamiq,alannamiq,1,1.0,1.0,1.0,1.0,1
pairs_twitter_googleplus,RF,marceloperez,marceloperez,1,1.0,0.5,0.769231,0.571429,1
pairs_twitter_googleplus,RF,christopherasnider,christopherichert,0,1.0,0.043478,0.714286,0.428571,1
pairs_twitter_googleplus,RF,andiiprasetiyo,andiiprasetiyo,1,1.0,0.733333,1.0,0.789474,1
pairs_twitter_googleplus,RF,paulburton,oracleblog,0,0.843333,0.3,0.272727,0.266667,0
pairs_twitter_googleplus,RF,raycloyd,raycloyd,1,1.0,1.0,0.7,0.857143,1
pairs_twitter_googleplus,RF,anatonia,anatonia,1,1.0,0.222222,0.761905,0.869565,1
pairs_twitter_googleplus,RF,lanerimatheus,lanerimatheus,1,1.0,1.0,0.481481,0.533333,1
pairs_twitter_googleplus,RF,wendyrollins,wendyrollins,1,1.0,0.583333,1.0,0.928571,1
pairs_twitter_googleplus,RF,stevenbryner,stevenbryner,1,1.0,0.588235,1.0,0.666667,1
pairs_twitter_googleplus,RF,bearenok,bearenok,1,1.0,0.0,1.0,0.62963,1
pairs_twitter_googleplus,RF,carlosprnt,carlosprnt,1,1.0,0.5,1.0,0.789474,1
pairs_twitter_googleplus,RF,anitastewart,anitastewart,1,1.0,0.785714,1.0,0.736842,1
pairs_twitter_googleplus,RF,wesleygmorais,wesleygmorais,1,1.0,1.0,0.3,0.625,1
pairs_twitter_googleplus,RF,saralingafelter,saralingafelter,1,1.0,1.0,1.0,1.0,1
pairs_twitter_googleplus,RF,calebruckner,getpalmd,0,0.976667,0.333333,0.0,0.15,0
pairs_twitter_googleplus,RF,sofiavicu,nachovega,0,0.976667,0.333333,0.0,0.190476,1
pairs_twitter_googleplus,RF,izazael,gaabieliza,0,0.92,0.333333,0.214286,0.235294,0
pairs_twitter_googleplus,RF,soniagennaro,soniagennaro,1,1.0,0.25,1.0,0.52,1
pairs_twitter_googleplus,RF,vfreitas,vfreitas,1,1.0,0.538462,0.785714,0.684211,1
pairs_twitter_googleplus,RF,karenlancaster,apetersen,0,1.0,0.0,0.5,0.391304,0
pairs_twitter_googleplus,RF,angelapenny,angelapenny,1,1.0,0.5,1.0,1.0,1
pairs_twitter_googleplus,RF,reubenrai,reubenrai,1,1.0,1.0,1.0,1.0,1
pairs_twitter_googleplus,RF,linkzero,paullinger,0,0.85,0.230769,0.214286,0.222222,1
pairs_twitter_googleplus,RF,capitu,davidadams,0,0.356722,0.0,0.151515,0.131579,0
pairs_twitter_googleplus,RF,thedanieljsmith,thedanieljsmith,1,1.0,0.846154,0.8125,0.857143,1
pairs_twitter_googleplus,RF,mikesupple,mikesupple,1,1.0,0.384615,1.0,0.6875,1
pairs_twitter_googleplus,RF,atrh,atrh,1,0.993333,0.266667,0.526316,0.652174,1
pairs_twitter_googleplus,RF,simonesantoba,simonesantoba,1,1.0,1.0,1.0,1.0,1
pairs_twitter_googleplus,RF,joshstagg,joshstagg,1,1.0,1.0,1.0,1.0,1
pairs_twitter_googleplus,RF,melissasolito,melissabalsan,0,1.0,0.1875,0.473684,0.37037,1
pairs_twitter_googleplus,RF,moisescainan,moyanaya,0,1.0,0.5,0.210526,0.375,1
pairs_twitter_googleplus,RF,darrenmsmith,darrenmsmith,1,1.0,0.384615,1.0,0.764706,1
pairs_twitter_googleplus,RF,luisrp89,luisete,0,0.95,0.25,0.4,0.333333,1
pairs_twitter_googleplus,RF,siobhan,siobhan,1,0.97,0.041667,0.464286,0.318182,1
pairs_twitter_googleplus,RF,philipslade,weshead,0,0.973333,0.333333,0.3,0.285714,1
pairs_twitter_googleplus,RF,devrancakmak,devrancakmak,1,1.0,0.818182,1.0,0.8,1
pairs_twitter_googleplus,RF,matthewduncan,matthewduncan,1,1.0,0.571429,1.0,0.578947,1
pairs_twitter_googleplus,RF,juliusjulius,juliusjulius,1,1.0,0.3125,1.0,0.8,1
pairs_twitter_googleplus,RF,marioanima,marioanima,1,1.0,1.0,1.0,1.0,1
pairs_twitter_googleplus,RF,hollywoodpunk,hollywoodpunk,1,1.0,0.461538,0.789474,0.823529,1
pairs_twitter_googleplus,RF,andrewtelegin,schwegler,0,1.0,0.368421,0.05,0.285714,1
pairs_twitter_googleplus,RF,jimsage,jimsage,1,1.0,0.1875,1.0,0.45,1
pairs_twitter_googleplus,RF,emiescudero,emiescudero,1,1.0,0.333333,1.0,0.75,1
pairs_twitter_googleplus,RF,katelynshelby,katelynshelby,1,1.0,0.375,1.0,0.619048,1
pairs_twitter_googleplus,RF,eolai,justbeingarlyn,0,0.866667,0.0,0.318182,0.25,0
pairs_twitter_googleplus,RF,maxmajestic,maxmajestic,1,1.0,0.1,1.0,0.416667,1
pairs_twitter_googleplus,RF,sepulveda93,sepulveda93,1,1.0,0.5,1.0,0.761905,1
pairs_twitter_googleplus,RF,joaobrando,joaobrando,1,1.0,0.7,0.727273,0.666667,1
pairs_twitter_googleplus,RF,andrebrown,andrebrown,1,1.0,0.4,1.0,0.733333,1
pairs_twitter_googleplus,RF,davemalby,davemalby,1,1.0,1.0,1.0,1.0,1
pairs_twitter_googleplus,RF,rhegan,rhegan,1,1.0,0.384615,0.055556,0.380952,1
pairs_twitter_googleplus,RF,georgeskhairallah,gbases,0,0.739722,0.1875,0.176471,0.190476,0
pairs_twitter_googleplus,RF,tomekcwioro,tomekcwioro,1,1.0,1.0,0.363636,0.857143,1
pairs_twitter_googleplus,RF,skeller,skeller,1,1.0,0.0,1.0,0.545455,1
pairs_twitter_googleplus,RF,kerijaehnig,kerijaehnig,1,1.0,0.0,1.0,0.5,1
pairs_twitter_googleplus,RF,karlheinzeberts,karlheinzeberts,1,1.0,1.0,1.0,1.0,1
pairs_twitter_googleplus,RF,khomeinimuj,khomeinimuj,1,1.0,0.714286,0.5625,0.789474,1
pairs_twitter_googleplus,RF,lucasamura,lucasamura,1,1.0,1.0,1.0,1.0,1
pairs_twitter_googleplus,RF,vickiewyman,vickiewyman,1,1.0,0.277778,0.846154,0.5,1
pairs_twitter_googleplus,RF,tracidavis,tracidavis,1,1.0,0.105263,1.0,0.521739,1
pairs_twitter_googleplus,RF,octubrerojo72,rodmeier,0,0.915556,0.318182,0.0,0.212121,0
pairs_twitter_googleplus,RF,robnoris,robnoris,1,1.0,0.5,0.5,0.529412,1
pairs_twitter_googleplus,RF,noahcurthoys,noahcurthoys,1,1.0,1.0,1.0,1.0,1
pairs_twitter_googleplus,RF,becketteaston,orenbennett,0,1.0,0.375,0.411765,0.45,1
pairs_twitter_googleplus,RF,kevohl,kevohl,1,1.0,1.0,0.133333,0.411765,1
pairs_twitter_googleplus,RF,derekrstewart,derekrstewart,1,1.0,0.055556,1.0,0.565217,1
pairs_twitter_googleplus,RF,godivaartstudio,godivaartstudio,1,1.0,1.0,1.0,1.0,1
pairs_twitter_googleplus,RF,pierreedouardschmitt,pierreedouardschmitt,1,1.0,0.285714,0.761905,0.692308,1
pairs_twitter_googleplus,RF,laurierohner,laurierohner,1,1.0,1.0,1.0,1.0,1
pairs_twitter_googleplus,RF,paulgallagher,paulgallagher,1,1.0,0.105263,1.0,0.583333,1
pairs_twitter_googleplus,RF,beatrizemendoza,beatrizemendoza,1,1.0,1.0,1.0,1.0,1
pairs_twitter_googleplus,RF,christiangiollo,christiangiollo,1,1.0,1.0,0.8125,0.888889,1
pairs_twitter_googleplus,RF,ryanlucia,ryanlucia,1,1.0,0.363636,1.0,0.625,1
pairs_twitter_googleplus,RF,brienmhall,brienmhall,1,1.0,1.0,1.0,1.0,1
pairs_twitter_googleplus,RF,tomviturino,tomviturino,1,1.0,0.75,1.0,0.8125,1
pairs_twitter_googleplus,RF,noemidado,vegasbloggers,0,0.836667,0.4,0.052632,0.155556,1
pairs_twitter_googleplus,RF,scottbellisario,scottbellisario,1,1.0,0.05,1.0,0.64,1
pairs_twitter_googleplus,RF,juniorales,juniorales,1,1.0,0.727273,1.0,0.8,1
pairs_twitter_googleplus,RF,melodythacker,melodythacker,1,1.0,1.0,1.0,1.0,1
pairs_twitter_googleplus,RF,vishizzle,vishizzle,1,1.0,1.0,1.0,1.0,1
pairs_twitter_googleplus,RF,lukwam,lukwam,1,1.0,1.0,1.0,1.0,1
pairs_twitter_googleplus,RF,tapiro,tapiro,1,1.0,1.0,0.631579,0.708333,1
pairs_twitter_googleplus,RF,raquelvillarreal,raquelvillarreal,1,1.0,0.0,1.0,0.653846,1
pairs_twitter_googleplus,RF,vicentortega,vbellais,0,0.986667,0.235294,0.421053,0.333333,1
pairs_twitter_googleplus,RF,benlinders,benlinders,1,1.0,0.9,1.0,0.8,1
pairs_twitter_googleplus,RF,ericcortes,ericcortes,1,0.97,0.3125,0.3,0.5,1
pairs_twitter_googleplus,RF,allantito,allantito,1,1.0,0.555556,1.0,0.785714,1
pairs_twitter_googleplus,RF,annarydne,annarydne,1,1.0,0.0,1.0,0.5,1
pairs_twitter_googleplus,RF,akkaouim,akkaouim,1,1.0,0.315789,0.619048,0.5,1
pairs_twitter_googleplus,RF,oliverslay,oliverslay,1,0.996667,0.066667,0.545455,0.45,1
pairs_twitter_googleplus,RF,georgeprest,georgeprest,1,1.0,1.0,1.0,1.0,1
pairs_twitter_googleplus,RF,jayliebs,jamiegott,0,0.68,0.285714,0.266667,0.263158,1
pairs_twitter_googleplus,RF,yogasonry,yogasonry,1,1.0,0.5,1.0,0.9,1
pairs_twitter_googleplus,RF,chonilla,jessicapercifield,0,1.0,0.0,0.526316,0.305556,1
pairs_twitter_googleplus,RF,hishamhenry14,hishamhenry14,1,1.0,0.277778,1.0,0.590909,1
pairs_twitter_googleplus,RF,jayaprime,jayaprime,1,1.0,1.0,0.363636,0.785714,1
pairs_twitter_googleplus,RF,scottwilliams,williamscott,0,1.0,0.846154,0.666667,0.777778,1
pairs_twitter_googleplus,RF,waltermmv,waltermmv,1,1.0,0.227273,1.0,0.689655,1
pairs_twitter_googleplus,RF,h0st,niuz,0,0.903333,0.222222,0.0,0.108108,0
pairs_twitter_googleplus,RF,analie,misstammyum,0,0.981111,0.4,0.0,0.153846,1
pairs_twitter_googleplus,RF,rkjd,rkjd,1,1.0,0.0,1.0,0.580645,1
pairs_twitter_googleplus,RF,leonardoangelini,leonardoangelini,1,1.0,0.05,1.0,0.68,1
pairs_twitter_googleplus,RF,hotelemarketer,peterparker513,0,0.996667,0.333333,0.0,0.291667,1
pairs_twitter_googleplus,RF,mengqi,mengqi,1,1.0,0.909091,1.0,0.933333,1
pairs_twitter_googleplus,RF,kaykluba,kaykluba,1,1.0,0.142857,1.0,0.578947,1
pairs_twitter_googleplus,RF,jamesjohnston,rayzorback,0,0.85,0.230769,0.214286,0.222222,0
pairs_twitter_googleplus,RF,essenzamente,essenzamente,1,1.0,0.142857,1.0,0.5,1
pairs_twitter_googleplus,RF,jogarrett,jogarrett,1,1.0,1.0,1.0,1.0,1
pairs_twitter_googleplus,RF,azntaiji,azntaiji,1,1.0,0.363636,1.0,0.733333,1
pairs_twitter_googleplus,RF,larrycummings,larrycummings,1,1.0,0.133333,1.0,0.7,1
pairs_twitter_googleplus,RF,kevinfalcon,adventuresinc,0,0.99,0.2,0.407407,0.363636,1
pairs_twitter_googleplus,RF,celioikeda,celioikeda,1,1.0,0.636364,0.5,0.5,1
pairs_twitter_googleplus,RF,webduck,webduck,1,1.0,0.0,0.7,0.483871,1
pairs_twitter_googleplus,RF,ashreginaldevasco,ashreginaldevasco,1,1.0,0.666667,1.0,0.904762,1
pairs_twitter_googleplus,RF,claynewton,claynewton,1,1.0,1.0,1.0,1.0,1
pairs_twitter_googleplus,RF,kpapasteriadis,kpapasteriadis,1,0.763333,0.0,0.0,0.408163,1
pairs_twitter_googleplus,RF,nicklove,nicklove,1,1.0,0.5,0.25,0.428571,1
pairs_twitter_googleplus,RF,bowiesinphotography,minorcortes,0,1.0,0.454545,0.076923,0.309524,1
pairs_twitter_googleplus,RF,salzman,salzman,1,1.0,0.071429,1.0,0.631579,1
pairs_twitter_googleplus,RF,jdmckay,jdmckay,1,1.0,0.727273,0.454545,0.6875,1
pairs_twitter_googleplus,RF,galobaro,galobaro,1,1.0,0.0,0.777778,0.5,1
pairs_twitter_googleplus,RF,trishlalisan,trishlalisan,1,1.0,0.533333,0.555556,0.566667,1
pairs_twitter_googleplus,RF,greghyer,greghyer,1,1.0,1.0,1.0,1.0,1
pairs_twitter_googleplus,RF,thedudedean,thedudedean,1,1.0,0.157895,0.5,0.423077,1
pairs_twitter_googleplus,RF,gudel803,gudel803,1,1.0,1.0,0.055556,0.45,1
pairs_twitter_googleplus,RF,shamansir,shadman,0,0.993333,0.333333,0.3125,0.3,0
pairs_twitter_googleplus,RF,msyarif,aryaantaputra,0,0.663333,0.0,0.125,0.090909,1
pairs_twitter_googleplus,RF,christinaorso,christinaorso,1,1.0,1.0,0.785714,0.875,1
pairs_twitter_googleplus,RF,ivarsmas,ivarsmas,1,1.0,0.411765,0.789474,0.909091,1
pairs_twitter_googleplus,RF,marialy,marialy,1,1.0,1.0,1.0,1.0,1
pairs_twitter_googleplus,RF,louisabate,louisabate,1,1.0,0.727273,1.0,0.8,1
pairs_twitter_googleplus,RF,oskrvalenzuela,oskrvalenzuela,1,1.0,1.0,0.611111,0.727273,1
pairs_twitter_googleplus,RF,aabdalla,aabdalla,1,1.0,0.6875,0.52381,0.583333,1
pairs_twitter_googleplus,RF,tiffanydenise,tiffanydenise,1,1.0,0.857143,1.0,0.875,1
pairs_twitter_googleplus,RF,masami,masami,1,1.0,0.3125,1.0,0.666667,1
pairs_twitter_googleplus,RF,suekerr,suekerr,1,0.893333,0.0,0.318182,0.216216,1
pairs_twitter_googleplus,RF,saulacevedo,saulacevedo,1,0.996667,0.266667,0.529412,0.608696,1
pairs_twitter_googleplus,RF,kellyhofer,kellyhofer,1,1.0,0.5625,1.0,0.571429,1
pairs_twitter_googleplus,RF,paulrharvey3,paulrharvey3,1,1.0,0.75,1.0,0.8125,1
pairs_twitter_googleplus,RF,yskkt,eugenekaspersky,0,0.643333,0.055556,0.0,0.045455,0
pairs_twitter_googleplus,RF,patriciayoung,patriciayovera,0,1.0,0.5625,0.47619,0.5,1
pairs_twitter_googleplus,RF,jamesngo,jamesngo,1,1.0,0.6,1.0,0.6,1
pairs_twitter_googleplus,RF,jonartlucas,jonartlucas,1,1.0,0.545455,0.8,0.588235,1
pairs_twitter_googleplus,RF,victorhernandez,victorhernandez,1,1.0,0.5,0.483871,0.527778,1
pairs_twitter_googleplus,RF,moscar,moscar,1,1.0,1.0,0.444444,0.833333,1
pairs_twitter_googleplus,RF,nealffischer,nealffischer,1,1.0,1.0,1.0,1.0,1
pairs_twitter_googleplus,RF,stevewilliams,stevewilliams,1,1.0,0.0,1.0,0.666667,1
pairs_twitter_googleplus,RF,eventosfera,eventosfera,1,1.0,0.666667,0.470588,0.8,1
pairs_twitter_googleplus,RF,scottayres,scottayres,1,1.0,1.0,1.0,1.0,1
pairs_twitter_googleplus,RF,clyderamos,clyderamos,1,1.0,0.705882,0.722222,0.666667,1
pairs_twitter_googleplus,RF,joshpeak,joshpeak,1,1.0,1.0,1.0,1.0,1
pairs_twitter_googleplus,RF,metodrybar,metodrybar,1,1.0,0.0,0.727273,0.409091,1
pairs_twitter_googleplus,RF,jmarkdodds,jmarkdodds,1,1.0,1.0,0.6875,0.789474,1
pairs_twitter_googleplus,RF,marcusmeisel,marcusmeisel,1,1.0,1.0,0.769231,0.928571,1
pairs_twitter_googleplus,RF,waynedunbar,waynedunbar,1,1.0,0.416667,0.733333,0.722222,1
pairs_twitter_googleplus,RF,alessandrasassi,alessandrasassi,1,1.0,1.0,1.0,1.0,1
pairs_twitter_googleplus,RF,mikeblackburn,mikeblackburn,1,1.0,0.45,1.0,0.583333,1
pairs_twitter_googleplus,RF,urswestermann,urswestermann,1,1.0,1.0,1.0,1.0,1
pairs_twitter_googleplus,RF,shehannf,shehannf,1,1.0,0.5,1.0,0.944444,1
pairs_twitter_googleplus,RF,danishaw,danishaw,1,1.0,0.777778,1.0,0.714286,1
pairs_twitter_googleplus,RF,miguelsanchz,miguelsanchz,1,1.0,0.571429,0.785714,0.7,1
pairs_twitter_googleplus,RF,davidweaver,davidweaver,1,1.0,0.642857,0.769231,0.6,1
pairs_twitter_googleplus,RF,nob0322,nob0322,1,1.0,0.125,1.0,0.666667,1
pairs_twitter_googleplus,RF,lucianosalles,lucianosalles,1,1.0,1.0,1.0,1.0,1
pairs_twitter_googleplus,RF,michaelholz,michaelholz,1,1.0,0.909091,1.0,0.933333,1
pairs_twitter_googleplus,RF,marccruz,marccruz,1,1.0,1.0,1.0,1.0,1
pairs_twitter_googleplus,RF,luisaca,luisaca,1,1.0,0.153846,0.478261,0.393939,1
pairs_twitter_googleplus,RF,lizjostes,lizjostes,1,1.0,1.0,1.0,1.0,1
pairs_twitter_googleplus,RF,valdezate,valdezate,1,1.0,0.5,0.470588,0.5,1
pairs_twitter_googleplus,RF,shoebsyed1985,shoebsyed1985,1,1.0,0.666667,0.0,0.333333,1
pairs_twitter_googleplus,RF,felipavillegas,felipavillegas,1,1.0,0.3125,1.0,0.75,1
pairs_twitter_googleplus,RF,scottknauer,scottknauer,1,1.0,0.333333,1.0,0.75,1
pairs_twitter_googleplus,RF,kimberlyt,kimberlyt,1,1.0,0.3,1.0,0.916667,1
pairs_twitter_googleplus,RF,ajarn,ajarn,1,1.0,0.75,1.0,0.857143,1
pairs_twitter_googleplus,RF,jasonchan,jasonchan,1,1.0,0.8,0.363636,0.666667,1
pairs_twitter_googleplus,RF,punkagogo,punkagogo,1,1.0,0.0,0.714286,0.333333,1
pairs_twitter_googleplus,RF,summeranne,summeranne,1,1.0,0.6,0.548387,0.542857,1
pairs_twitter_googleplus,RF,mgr,mjrjr,0,0.826667,0.0,0.0,0.25,0
pairs_twitter_googleplus,RF,judaph,captrichardbarone,0,0.636667,0.055556,0.111111,0.096774,1
pairs_twitter_googleplus,RF,grahamhancock,grahamhancock,1,1.0,1.0,1.0,1.0,1
pairs_twitter_googleplus,RF,brunosan,brunosan,1,1.0,0.333333,0.295455,0.382979,1
pairs_twitter_googleplus,RF,robertbirnie,robertbirnie,1,1.0,0.769231,1.0,0.823529,1
pairs_twitter_googleplus,RF,javiercostacom,javiercostacom,1,1.0,0.588235,0.642857,0.5,1
pairs_twitter_googleplus,RF,speterkane,speterkane,1,1.0,0.666667,0.5,0.611111,1
pairs_twitter_googleplus,RF,photosoldier860,photosoldier860,1,1.0,0.636364,0.045455,0.576923,1
pairs_twitter_googleplus,RF,maestrofficial,maestrofficial,1,1.0,0.333333,0.764706,0.56,1
pairs_twitter_googleplus,RF,kristenlynch,kristenlynch,1,1.0,0.0,1.0,0.541667,1
pairs_twitter_googleplus,RF,wardelldesign,wardelldesign,1,1.0,0.375,1.0,0.666667,1
pairs_twitter_googleplus,RF,stephaniemcd,marilee,0,1.0,0.05,0.533333,0.4,1
pairs_twitter_googleplus,RF,bowokusumo,bowokusumo,1,1.0,1.0,1.0,1.0,1
pairs_twitter_googleplus,RF,mccoygalvan,mccoygalvan,1,1.0,0.363636,0.75,0.588235,1
pairs_twitter_googleplus,RF,mamaru14,damanharun,0,1.0,0.363636,0.0,0.285714,0
pairs_twitter_googleplus,RF,borisbaldinger,borisbaldinger,1,1.0,1.0,1.0,1.0,1
pairs_twitter_googleplus,RF,limbach,jonathanvu,0,1.0,0.0,0.5,0.217391,1
pairs_twitter_googleplus,RF,muratbilican,muratbilican,1,1.0,1.0,1.0,1.0,1
pairs_twitter_googleplus,RF,jaggers,jaggers,1,1.0,0.263158,1.0,0.625,1
pairs_twitter_googleplus,RF,liveandkern,liveandkern,1,1.0,0.818182,0.416667,0.4,1
pairs_twitter_googleplus,RF,fernandoanzures,fernandoanzures,1,1.0,0.428571,1.0,0.888889,1
pairs_twitter_googleplus,RF,fairysari,farissamawi,0,0.976667,0.285714,0.272727,0.333333,1
pairs_twitter_googleplus,RF,gtbundy,gtbundy,1,1.0,0.454545,1.0,0.882353,1
pairs_twitter_googleplus,RF,cicarca,cicarca,1,1.0,0.066667,0.785714,0.52381,1
pairs_twitter_googleplus,RF,calebdann,calebdann,1,1.0,1.0,0.0,0.428571,1
pairs_twitter_googleplus,RF,scottanthonyanderson,scottanthonyanderson,1,1.0,0.0,1.0,0.482759,1
pairs_twitter_googleplus,RF,eamrselim,javicebrian,0,0.572222,0.214286,0.125,0.130435,0
pairs_twitter_googleplus,RF,alejandrovaras,alejandrovaras,1,1.0,0.619048,0.608696,0.62963,1
pairs_twitter_googleplus,RF,donduck,danglar,0,0.87,0.25,0.307692,0.294118,1
pairs_twitter_googleplus,RF,trentpartridge,kelseyjacobsen,0,0.693333,0.210526,0.0,0.166667,0
pairs_twitter_googleplus,RF,mrgood,bobbibooker,0,0.913333,0.214286,0.0,0.111111,1
pairs_twitter_googleplus,RF,davidroessli,davidroessli,1,1.0,0.545455,1.0,0.933333,1
pairs_twitter_googleplus,RF,vitoramaral,vitoramaral,1,1.0,0.692308,1.0,0.666667,1
pairs_twitter_googleplus,RF,kristinrichey,kristinrichey,1,1.0,0.733333,0.5,0.6,1
pairs_twitter_googleplus,RF,sarahdope,sarahdope,1,1.0,1.0,0.4375,0.588235,1
pairs_twitter_googleplus,RF,valmoro,valmoro,1,1.0,1.0,1.0,1.0,1
pairs_twitter_googleplus,RF,afnan,afnan,1,1.0,0.210526,1.0,0.681818,1
pairs_twitter_googleplus,RF,salimnensi,salimnensi,1,1.0,0.333333,1.0,0.647059,1
pairs_twitter_googleplus,RF,folghera,folghera,1,1.0,0.411765,1.0,0.952381,1
pairs_twitter_googleplus,RF,santiagodorego,santiagodorego,1,0.993333,0.066667,0.464286,0.411765,1
pairs_twitter_googleplus,RF,edcartre,edcartre,1,1.0,1.0,1.0,1.0,1
pairs_twitter_googleplus,RF,stacysanchez,melanieramone,0,0.67,0.304348,0.307692,0.236842,0
pairs_twitter_googleplus,RF,norahaura,norahaura,1,0.996667,0.238095,0.434783,0.444444,1
pairs_twitter_googleplus,RF,xpsteven,xpsteven,1,1.0,0.555556,1.0,0.666667,1
pairs_twitter_googleplus,RF,robmyers,robmyers,1,1.0,0.058824,1.0,0.409091,1
pairs_twitter_googleplus,RF,lindybester,lindybester,1,1.0,0.277778,0.722222,0.708333,1
pairs_twitter_googleplus,RF,ericgroom,ericgroom,1,1.0,0.555556,0.4,0.4,1
pairs_twitter_googleplus,RF,andrewgotti,andrewgotti,1,1.0,1.0,1.0,1.0,1
pairs_twitter_googleplus,RF,xallehrazax,xallehrazax,1,1.0,1.0,0.0,0.611111,1
pairs_twitter_googleplus,RF,warrenknight,johnmknight,0,0.96,0.416667,0.037037,0.176471,1
pairs_twitter_googleplus,RF,tegel10,cjoanporter,0,0.99,0.357143,0.333333,0.35,0
pairs_twitter_googleplus,RF,justbeingarlyn,justbeingarlyn,1,1.0,0.25,0.714286,0.48,1
pairs_twitter_googleplus,RF,orleysc,orleysc,1,1.0,0.363636,1.0,0.625,1
pairs_twitter_googleplus,RF,rachelrubes,rachelrubes,1,1.0,0.5625,1.0,0.85,1
pairs_twitter_googleplus,RF,tylerhopf,tylerhopf,1,1.0,1.0,1.0,1.0,1
pairs_twitter_googleplus,RF,jimmyd,jimmyd,1,1.0,0.0,1.0,0.576923,1
pairs_twitter_googleplus,RF,mymymy,mymymy,1,1.0,0.769231,1.0,0.823529,1
pairs_twitter_googleplus,RF,serantes,serantes,1,0.996667,1.0,0.259259,0.321429,1
pairs_twitter_googleplus,RF,emanuelazaccone,emanuelazaccone,1,1.0,0.111111,0.535714,0.444444,1
pairs_twitter_googleplus,RF,ahmedalhajri,ahmedalhajri,1,1.0,1.0,0.0,0.48,1
pairs_twitter_googleplus,RF,mrjoemontoya,mrjoemontoya,1,1.0,0.727273,1.0,0.8,1
pairs_twitter_googleplus,RF,mikewsmith,mikewsmith,1,1.0,0.285714,1.0,0.555556,1
pairs_twitter_googleplus,RF,jeffcameron,jeffcameron,1,1.0,0.833333,1.0,0.764706,1
pairs_twitter_googleplus,RF,obstaclespecialist,obstaclespecialist,1,1.0,0.04,1.0,0.566667,1
pairs_twitter_googleplus,RF,shawnday,shawns52,0,0.996667,0.0,0.555556,0.3,1
pairs_twitter_googleplus,RF,salvatorecanfora,salvatorecanfora,1,1.0,0.105263,1.0,0.666667,1
pairs_twitter_googleplus,RF,patmulles,patmulles,1,1.0,0.5,1.0,0.888889,1
pairs_twitter_googleplus,RF,claregrant,claregrant,1,1.0,0.9,0.4,0.4,1
pairs_twitter_googleplus,RF,zoedphotography,zoedphotography,1,1.0,0.8,1.0,0.733333,1
pairs_twitter_googleplus,RF,jamiehinks,jamiehinks,1,1.0,0.727273,1.0,0.8,1
pairs_twitter_googleplus,RF,kindahamwi,kindahamwi,1,1.0,0.333333,1.0,0.647059,1
pairs_twitter_googleplus,RF,benmiller,rubenserra,0,0.786667,0.444444,0.133333,0.176471,1
pairs_twitter_googleplus,RF,lesleyscott,scottayres,0,0.86,0.3125,0.25,0.291667,1
pairs_twitter_googleplus,RF,anasse,joseanavas,0,0.993333,0.4,0.142857,0.352941,1
pairs_twitter_googleplus,RF,stephenrobles,stephenrobles,1,1.0,1.0,1.0,1.0,1
pairs_twitter_googleplus,RF,laurieturk,laurieturk,1,0.996667,0.066667,0.5,0.761905,1
pairs_twitter_googleplus,RF,bscheckel,bscheckel,1,1.0,0.538462,1.0,0.882353,1
pairs_twitter_googleplus,RF,carlosgamboa,carlosgamboa,1,1.0,0.733333,1.0,0.7,1
pairs_twitter_googleplus,RF,griff,griff,1,1.0,1.0,1.0,1.0,1
pairs_twitter_googleplus,RF,eltounsi54,edthralls,0,0.701988,0.0,0.0,0.045455,0
pairs_twitter_googleplus,RF,jtroyer,jtroyer,1,1.0,0.357143,1.0,0.85,1
pairs_twitter_googleplus,RF,elliottv,elliottv,1,1.0,0.466667,1.0,0.947368,1
pairs_twitter_googleplus,RF,irenekimmel,irenekimmel,1,1.0,1.0,1.0,1.0,1
pairs_twitter_googleplus,RF,jonathanfleming,jonathanfleming,1,1.0,0.7,0.8125,0.6,1
pairs_twitter_googleplus,RF,arthas,artchang,0,0.963333,0.142857,0.4,0.363636,1
pairs_twitter_googleplus,RF,stephyates,stephyates,1,1.0,0.307692,1.0,0.588235,1
pairs_twitter_googleplus,RF,brianblock,brianblock,1,1.0,0.461538,0.833333,0.611111,1
pairs_twitter_googleplus,RF,akurjata,akurjata,1,0.996667,0.461538,0.433333,0.46875,1
pairs_twitter_googleplus,RF,jiyaadsabiq,jiyaadsabiq,1,1.0,0.75,0.0,0.526316,1
pairs_twitter_googleplus,RF,lenhattrieu,lenhattrieu,1,1.0,1.0,0.192308,0.382353,1
pairs_twitter_googleplus,RF,jamesbaker,jamesbaker,1,1.0,0.052632,1.0,0.478261,1
pairs_twitter_googleplus,RF,edwardloh,edwardloh,1,1.0,0.5,0.375,0.461538,1
pairs_twitter_googleplus,RF,trevorellestad,trevorellestad,1,1.0,1.0,1.0,1.0,1
pairs_twitter_googleplus,RF,lalquier,lalquier,1,1.0,0.538462,1.0,0.941176,1
pairs_twitter_googleplus,RF,vbco,vbco,1,1.0,0.333333,1.0,0.842105,1
pairs_twitter_googleplus,RF,spanoghe,spanoghe,1,1.0,0.214286,1.0,0.684211,1
pairs_twitter_googleplus,RF,andrescarceller,andrescarceller,1,1.0,1.0,1.0,1.0,1
pairs_twitter_googleplus,RF,ianjamesdavies,ianjamesdavies,1,1.0,0.538462,1.0,0.647059,1
pairs_twitter_googleplus,RF,jnxyz,jmnish,0,1.0,0.0,0.473684,0.37037,1
pairs_twitter_googleplus,RF,s0uls,s0uls,1,1.0,0.0,0.590909,0.4375,1
pairs_twitter_googleplus,RF,gaufgang,gaufgang,1,1.0,0.5,1.0,0.9375,1
pairs_twitter_googleplus,RF,beckymaew,beckymaew,1,1.0,0.235294,1.0,0.590909,1
pairs_twitter_googleplus,RF,ivanl,ivanmola,0,1.0,0.375,0.333333,0.307692,1
pairs_twitter_googleplus,RF,rodrigobispo,rodrigobispo,1,1.0,1.0,0.666667,0.7,1
pairs_twitter_googleplus,RF,cesarnovelo,cesarnovelo,1,0.996667,0.6875,0.45,0.583333,1
pairs_twitter_googleplus,RF,tsanghon,tsanghon,1,1.0,0.2,1.0,0.533333,1
pairs_twitter_googleplus,RF,phoole,philechols,0,0.996667,0.4,0.25,0.333333,1
pairs_twitter_googleplus,RF,ryanthompson,ryanthompson,1,1.0,0.785714,0.461538,0.4375,1
pairs_twitter_googleplus,RF,corporatephotographer,corporatephotographer,1,1.0,1.0,0.0,0.392857,1
pairs_twitter_googleplus,RF,chrispgriffin,chrispgriffin,1,1.0,0.692308,0.0,0.310345,1
pairs_twitter_googleplus,RF,lisizhe,valeriecross,0,0.996667,0.4,0.466667,0.363636,1
pairs_twitter_googleplus,RF,teppeimisue,teppeimisue,1,1.0,1.0,0.0,0.714286,1
pairs_twitter_googleplus,RF,janekimberly,janekimberly,1,1.0,0.5,1.0,0.571429,1
pairs_twitter_googleplus,RF,marisafewtrell,marisafewtrell,1,1.0,0.0,1.0,0.576923,1
pairs_twitter_googleplus,RF,chriswright,chriswright,1,1.0,0.0,0.588235,0.615385,1
pairs_twitter_googleplus,RF,natejtaylor,natejtaylor,1,1.0,0.727273,0.833333,0.705882,1
pairs_twitter_googleplus,RF,christhedj,christhedj,1,1.0,0.25,1.0,0.619048,1
pairs_twitter_googleplus,RF,owengeronimo,owengeronimo,1,1.0,1.0,1.0,1.0,1
pairs_twitter_googleplus,RF,mnegrini,mnegrini,1,1.0,0.333333,1.0,0.652174,1
pairs_twitter_googleplus,RF,alliebeau,photobeaulieu,0,1.0,0.4375,0.47619,0.48,1
pairs_twitter_googleplus,RF,ru0905,alexleung,0,0.865667,0.0,0.3,0.2,0
pairs_twitter_googleplus,RF,sercanparan,sercanparan,1,1.0,1.0,1.0,1.0,1
pairs_twitter_googleplus,RF,jigsha,jigsha,1,1.0,0.5,0.407407,0.4,1
pairs_twitter_googleplus,RF,eryk,eryk,1,1.0,1.0,1.0,1.0,1
pairs_twitter_googleplus,RF,philipcheang,philipcheang,1,1.0,0.166667,1.0,0.764706,1
pairs_twitter_googleplus,RF,laurentbuanec,laurentbuanec,1,1.0,1.0,1.0,1.0,1
pairs_twitter_googleplus,RF,iwatatakuma,smaku,0,1.0,0.454545,0.0,0.333333,0
pairs_twitter_googleplus,RF,lesliepasserino,lesliepasserino,1,1.0,1.0,0.75,0.818182,1
pairs_twitter_googleplus,RF,iamlfb,iamlfb,1,1.0,0.0,0.833333,0.592593,1
pairs_twitter_googleplus,RF,van2fabiola,van2fabiola,1,1.0,0.363636,0.0,0.307692,1
pairs_twitter_googleplus,RF,mariakarpenko,mariakarpenko,1,1.0,1.0,1.0,1.0,1
pairs_twitter_googleplus,RF,mariarti,mariarti,1,1.0,1.0,0.625,0.888889,1
pairs_twitter_googleplus,RF,msdark,iabel,0,0.983333,0.0,0.4,0.393939,1
pairs_twitter_googleplus,RF,jenbalisi,jenbalisi,1,1.0,1.0,1.0,1.0,1
pairs_twitter_googleplus,RF,philjengkane,philjengkane,1,1.0,1.0,0.0,0.342857,1
pairs_twitter_googleplus,RF,stefandan,stefandan,1,1.0,0.666667,0.777778,0.692308,1
pairs_twitter_googleplus,RF,alvaropascual84,alvaropascual84,1,1.0,0.846154,0.666667,0.583333,1
pairs_twitter_googleplus,RF,josefnemec,manuelarestrepo,0,0.96,0.307692,0.0,0.173913,1
pairs_twitter_googleplus,RF,juancabrera,juancabrera,1,1.0,0.0,0.772727,0.529412,1
pairs_twitter_googleplus,RF,djquietstorm,uira,0,0.663333,0.0,0.125,0.090909,0
pairs_twitter_googleplus,RF,celivingston,celivingston,1,1.0,0.391304,1.0,0.821429,1
pairs_twitter_googleplus,RF,timberrymd,timberrymd,1,1.0,0.545455,1.0,0.5625,1
pairs_twitter_googleplus,RF,minasuka,danieltaylor,0,1.0,0.0,0.5,0.344828,1
pairs_twitter_googleplus,RF,dennissmith,dennissmith,1,0.873333,0.3125,0.266667,0.277778,1
pairs_twitter_googleplus,RF,jeromeoliu,jeromeoliu,1,0.796667,0.3,0.071429,0.263158,1
pairs_twitter_googleplus,RF,ocramen,ocramen,1,1.0,1.0,1.0,1.0,1
pairs_twitter_googleplus,RF,nancycole,nancycole,1,1.0,0.5,1.0,0.833333,1
pairs_twitter_googleplus,RF,feinnecchi,feinnecchi,1,1.0,0.470588,1.0,0.857143,1
pairs_twitter_googleplus,RF,mikemagan,mikemagan,1,1.0,0.666667,1.0,0.625,1
pairs_twitter_googleplus,RF,leegunter,leegunter,1,1.0,1.0,1.0,1.0,1
pairs_twitter_googleplus,RF,davidredelberger,davidredelberger,1,1.0,0.217391,0.576923,0.892857,1
pairs_twitter_googleplus,RF,jannic,jannic,1,1.0,0.333333,1.0,0.736842,1
pairs_twitter_googleplus,RF,panjim,roninoone,0,0.923333,0.3,0.272727,0.357143,0
pairs_twitter_googleplus,RF,ilansdee,ilansdee,1,1.0,0.0,1.0,0.444444,1
pairs_twitter_googleplus,RF,seanrainer,seanrainer,1,1.0,1.0,1.0,1.0,1
pairs_twitter_googleplus,RF,abigailharenberg,abigailharenberg,1,1.0,0.5,1.0,0.818182,1
pairs_twitter_googleplus,RF,franziskakaterbaum,frankgoad,0,0.96,0.166667,0.444444,0.272727,1
pairs_twitter_googleplus,RF,liamodowd,liamodowd,1,1.0,1.0,1.0,1.0,1
pairs_twitter_googleplus,RF,kevinsutton,kevinsutton,1,1.0,1.0,1.0,1.0,1
pairs_twitter_googleplus,RF,eugg,eugg,1,1.0,0.4,1.0,0.857143,1
pairs_twitter_googleplus,RF,cyriljones,cyriljones,1,1.0,0.533333,1.0,0.857143,1
pairs_twitter_googleplus,RF,anast,anast,1,1.0,0.222222,0.631579,0.6,1
pairs_twitter_googleplus,RF,anjummalkana,anjummalkana,1,1.0,0.230769,1.0,0.705882,1
pairs_twitter_googleplus,RF,scobleizer,scobleizer,1,0.983333,1.0,0.366667,0.457143,1
pairs_twitter_googleplus,RF,zalmenkurinsky,zalmenkurinsky,1,1.0,0.461538,1.0,0.888889,1
pairs_twitter_googleplus,RF,marionvillette,treestar,0,0.993333,0.357143,0.3125,0.35,1
pairs_twitter_googleplus,RF,hacen,hacen,1,1.0,0.333333,1.0,0.588235,1
pairs_twitter_googleplus,RF,jralexander,kimartino,0,0.903333,0.222222,0.0,0.108108,0
pairs_twitter_googleplus,RF,andiashten,andiashten,1,1.0,1.0,0.416667,0.461538,1
pairs_twitter_googleplus,RF,teritemme,teritemme,1,1.0,1.0,1.0,1.0,1
pairs_twitter_googleplus,RF,jonashalmstad,guardic,0,0.833333,0.294118,0.277778,0.285714,1
pairs_twitter_googleplus,RF,goranhalusa,goranhalusa,1,0.996667,0.666667,0.181818,0.578947,1
pairs_twitter_googleplus,RF,francktourneret,francktourneret,1,1.0,1.0,1.0,1.0,1
pairs_twitter_googleplus,RF,gustt,gustt,1,1.0,0.2,1.0,0.809524,1
pairs_twitter_googleplus,RF,stjon,stjon,1,1.0,0.444444,1.0,0.846154,1
pairs_twitter_googleplus,RF,yazeedaloyoun,yazeedaloyoun,1,1.0,1.0,1.0,1.0,1
pairs_twitter_googleplus,RF,allards,gordsellar,0,1.0,0.5,0.333333,0.3125,1
pairs_twitter_googleplus,RF,phi303,phi303,1,1.0,0.375,1.0,0.764706,1
pairs_twitter_googleplus,RF,nancielovesphotography,allenvenables,0,0.4,0.153846,0.0,0.086957,0
pairs_twitter_googleplus,RF,darcast,darcast,1,1.0,0.357143,1.0,0.789474,1
pairs_twitter_googleplus,RF,larslentz,larslentz,1,1.0,1.0,1.0,1.0,1
pairs_twitter_googleplus,RF,kkristopherkimbrew,kkristopherkimbrew,1,1.0,0.45,0.894737,0.791667,1
pairs_twitter_googleplus,RF,craiglambie,craiglambie,1,1.0,1.0,1.0,1.0,1
pairs_twitter_googleplus,RF,dertoco,chicotoxico,0,0.91,0.333333,0.3,0.416667,0
pairs_twitter_googleplus,RF,nicoletoderas,nicoletoderas,1,1.0,0.090909,1.0,0.555556,1
pairs_twitter_googleplus,RF,marieiscool,marieiscool,1,1.0,0.555556,0.6,0.869565,1
pairs_twitter_googleplus,RF,thecrazygm,thecrazygm,1,1.0,0.0,0.52,0.7,1
pairs_twitter_googleplus,RF,akronohiohomes,akronohiohomes,1,1.0,0.2,1.0,0.567568,1
pairs_twitter_googleplus,RF,mikedarcyhughes,mikedarcyhughes,1,1.0,0.533333,0.625,0.571429,1
pairs_twitter_googleplus,RF,jirocer,jirocer,1,1.0,0.4,0.421053,0.636364,1
pairs_twitter_googleplus,RF,joebuglione,joebuglione,1,1.0,0.0,1.0,0.521739,1
pairs_twitter_googleplus,RF,soulsailor,soulsailor,1,1.0,0.0,1.0,0.4,1
pairs_twitter_googleplus,RF,matthiaslechner,matthiaslechner,1,1.0,1.0,1.0,1.0,1
pairs_twitter_googleplus,RF,grantstern,grantstern,1,1.0,1.0,0.416667,0.481481,1
pairs_twitter_googleplus,RF,briseeley,briseeley,1,1.0,1.0,0.375,0.444444,1
pairs_twitter_googleplus,RF,nicholasbohac,nicholasbohac,1,1.0,1.0,1.0,1.0,1
pairs_twitter_googleplus,RF,dheras,dheras,1,1.0,0.555556,1.0,1.0,1
pairs_twitter_googleplus,RF,letylabo,letylabo,1,1.0,0.266667,1.0,0.684211,1
pairs_twitter_googleplus,RF,gege2ge,gege2ge,1,1.0,0.125,1.0,0.833333,1
pairs_twitter_googleplus,RF,johanmede,johanmede,1,1.0,1.0,0.8125,0.863636,1
pairs_twitter_googleplus,RF,queenesther,renehamburg,0,0.538333,0.214286,0.125,0.129032,1
pairs_twitter_googleplus,RF,tollerton,tollerton,1,1.0,0.583333,1.0,0.933333,1
pairs_twitter_googleplus,RF,danielrdelpino,danielrdelpino,1,1.0,1.0,1.0,1.0,1
pairs_twitter_googleplus,RF,elishaparris,elishaparris,1,1.0,1.0,1.0,1.0,1
pairs_twitter_googleplus,RF,xandergamble,xandergamble,1,1.0,1.0,1.0,1.0,1
pairs_twitter_googleplus,RF,hyperbreed,jortegahd,0,0.896667,0.263158,0.0,0.175,0
pairs_twitter_googleplus,RF,alexndrsn87,alexndrsn87,1,1.0,0.625,1.0,0.6,1
pairs_twitter_googleplus,RF,akirareiko,akirareiko,1,1.0,1.0,0.5,0.571429,1
pairs_twitter_googleplus,RF,petrbelik,petrskuta,0,0.940667,0.0,0.307692,0.2,1
pairs_twitter_googleplus,RF,valuedmerchants,valuedmerchants,1,1.0,0.083333,1.0,0.5,1
pairs_twitter_googleplus,RF,vivian,vivian,1,1.0,1.0,1.0,1.0,1
pairs_twitter_googleplus,RF,tylorsweeney,tylorsweeney,1,1.0,0.833333,1.0,0.8125,1
pairs_twitter_googleplus,RF,jotaypunto,arwan,0,0.739722,0.1875,0.176471,0.190476,1
pairs_twitter_googleplus,RF,hardiyantorico,hardiyantorico,1,1.0,0.857143,1.0,0.882353,1
pairs_twitter_googleplus,RF,carolinhinz,carolinhinz,1,1.0,1.0,1.0,1.0,1
pairs_twitter_googleplus,RF,jessydior,jessydior,1,1.0,0.7,0.0,0.5,1
pairs_twitter_googleplus,RF,dygrafi,dygrafi,1,1.0,0.1875,0.615385,0.36,1
pairs_twitter_googleplus,RF,jesschg,jessienuz,0,0.63,0.25,0.2,0.1875,1
pairs_twitter_googleplus,RF,drmikec,drmikec,1,1.0,0.05,1.0,0.6,1
pairs_twitter_googleplus,RF,ashleycheretes,ashleycheretes,1,1.0,1.0,1.0,1.0,1
pairs_twitter_googleplus,RF,chadbordes,chadbordes,1,1.0,1.0,0.3,0.846154,1
pairs_twitter_googleplus,RF,hatemzidi,hatemzidi,1,1.0,0.0,1.0,0.588235,1
pairs_twitter_googleplus,RF,ronsela,ronsela,1,1.0,1.0,1.0,1.0,1
pairs_twitter_googleplus,RF,leovillanova,leovillanova,1,1.0,0.666667,1.0,0.736842,1
pairs_twitter_googleplus,RF,albertcorbett,albertcorbett,1,1.0,0.526316,0.625,0.48,1
pairs_twitter_googleplus,RF,tomaszkrela,tomaszkrela,1,1.0,0.384615,1.0,0.833333,1
pairs_twitter_googleplus,RF,pon,pon,1,1.0,0.6,1.0,0.857143,1
pairs_twitter_googleplus,RF,civix,civix,1,0.996667,0.0,0.441176,0.380952,1
pairs_twitter_googleplus,RF,xgasso,xgasso,1,1.0,0.875,0.888889,0.714286,1
pairs_twitter_googleplus,RF,luxedesignnyc,joelynndesign,0,0.986667,0.333333,0.055556,0.304348,0
pairs_twitter_googleplus,RF,tselliott,tselliott,1,1.0,0.7,1.0,0.785714,1
pairs_twitter_googleplus,RF,nogaret,jogarrett,0,1.0,0.555556,0.363636,0.428571,0
pairs_twitter_googleplus,RF,jessicamclaughlin,jessicamclaughlin,1,1.0,0.038462,1.0,0.633333,1
pairs_twitter_googleplus,RF,fgac,tcmorgan,0,0.623333,0.1,0.090909,0.107143,1
pairs_twitter_googleplus,RF,anomosity,anomosity,1,1.0,1.0,0.470588,0.64,1
pairs_twitter_googleplus,RF,markbarner,markbarner,1,1.0,0.888889,0.692308,0.611111,1
pairs_twitter_googleplus,RF,fullo,fullo,1,1.0,0.571429,0.25,0.333333,1
pairs_twitter_googleplus,RF,marquesstewart,marquesstewart,1,1.0,1.0,1.0,1.0,1
pairs_twitter_googleplus,RF,sergiovenuto,sergiovenuto,1,1.0,1.0,1.0,1.0,1
pairs_twitter_googleplus,RF,laliam,laliam,1,1.0,0.625,1.0,0.909091,1
pairs_twitter_googleplus,RF,sergioredondo,sergioredondo,1,1.0,0.769231,0.923077,0.764706,1
pairs_twitter_googleplus,RF,kosodesign,heyrui,0,1.0,0.4,0.0,0.35,0
pairs_twitter_googleplus,RF,cancunstudios,lekstudios,0,1.0,0.4,0.038462,0.258065,0
pairs_twitter_googleplus,RF,calebkinchlow,calebkinchlow,1,1.0,1.0,1.0,1.0,1
pairs_twitter_googleplus,RF,ferranbrooks,ferranbrooks,1,1.0,1.0,1.0,1.0,1
pairs_twitter_googleplus,RF,cdnstevequinn,cdnstevequinn,1,1.0,0.692308,1.0,0.666667,1
pairs_twitter_googleplus,RF,hippik,hippik,1,1.0,0.0,0.65,0.869565,1
pairs_twitter_googleplus,RF,georgedearing,georgedearing,1,1.0,1.0,1.0,1.0,1
pairs_twitter_googleplus,RF,ericwheeler,ericwheeler,1,1.0,0.727273,0.833333,0.705882,1
pairs_twitter_googleplus,RF,oiradario,oiradario,1,1.0,0.285714,0.666667,0.55,1
pairs_twitter_googleplus,RF,falkschmidt,falkschmidt,1,1.0,1.0,1.0,1.0,1
pairs_twitter_googleplus,RF,noahwieder,dopie,0,0.983333,0.333333,0.5,0.4375,1
pairs_twitter_googleplus,RF,minkrott,minkrott,1,1.0,1.0,1.0,1.0,1
pairs_twitter_googleplus,RF,lunaaskar,lunaaskar,1,1.0,0.625,0.6,0.666667,1
pairs_twitter_googleplus,RF,mattlevinson,nathanlevinson,0,1.0,0.470588,0.0625,0.428571,1
pairs_twitter_googleplus,RF,vubui,vubui,1,1.0,1.0,0.238095,0.333333,1
pairs_twitter_googleplus,RF,deborahpagliuca,deborahpagliuca,1,1.0,0.0,1.0,0.62963,1
pairs_twitter_googleplus,RF,maxfabrizi,maxfabrizi,1,1.0,0.45,0.826087,0.958333,1
pairs_twitter_googleplus,RF,erikaperugachi,erikaperugachi,1,1.0,1.0,1.0,1.0,1
pairs_twitter_googleplus,RF,rileyb,rileyb,1,1.0,0.727273,1.0,0.8,1
pairs_twitter_googleplus,RF,germanogurgel,joelburman,0,0.976667,0.333333,0.294118,0.285714,1
pairs_twitter_googleplus,RF,anibalgoransky,anibalgoransky,1,1.0,1.0,1.0,1.0,1
pairs_twitter_googleplus,RF,parisprimeau,parisprimeau,1,1.0,1.0,0.0,0.923077,1
pairs_twitter_googleplus,RF,mindanaoan,mindanaoan,1,1.0,0.615385,0.578947,0.8,1
pairs_twitter_googleplus,RF,charismatikasd,charismatikasd,1,1.0,0.545455,0.458333,0.464286,1
pairs_twitter_googleplus,RF,johnmichaelvasquez,johnnysette,0,0.956667,0.294118,0.333333,0.363636,1
pairs_twitter_googleplus,RF,feixiao,feixiao,1,1.0,1.0,1.0,1.0,1
pairs_twitter_googleplus,RF,jakenelko,jakenelko,1,1.0,0.2,1.0,0.526316,1
pairs_twitter_googleplus,RF,fbadenes,fbadenes,1,0.993333,0.052632,0.428571,0.37931,1
pairs_twitter_googleplus,RF,focusedtiff,focusedtiff,1,1.0,1.0,0.136364,0.44,1
pairs_twitter_googleplus,RF,joseparis,jorgeparedes,0,0.996667,0.266667,0.3125,0.421053,1
pairs_twitter_googleplus,RF,richstaples,richstaples,1,1.0,1.0,0.423077,0.482759,1
pairs_twitter_googleplus,RF,gesteves,gesteves,1,1.0,0.333333,1.0,0.894737,1
pairs_twitter_googleplus,RF,mensan98th,sandilenene,0,0.86,0.214286,0.0,0.129032,1
pairs_twitter_googleplus,RF,thefergie,thefergie,1,1.0,0.368421,0.631579,0.72,1
pairs_twitter_googleplus,RF,greghauenstein,greghauenstein,1,1.0,0.705882,1.0,0.761905,1
pairs_twitter_googleplus,RF,cherieannturpin,cherieannturpin,1,1.0,0.357143,1.0,0.809524,1
pairs_twitter_googleplus,RF,tarikraiss,tarikraiss,1,1.0,0.727273,1.0,0.8,1
pairs_twitter_googleplus,RF,poetinthepantry,poetinthepantry,1,1.0,0.0,1.0,0.448276,1
pairs_twitter_googleplus,RF,randallcurtis,randallcurtis,1,1.0,1.0,1.0,1.0,1
pairs_twitter_googleplus,RF,ngiraldo,ngiraldo,1,1.0,0.166667,1.0,0.652174,1
pairs_twitter_googleplus,RF,katherinebartlett,katherinebartlett,1,1.0,0.24,1.0,0.862069,1
pairs_twitter_googleplus,RF,technonizm,technonizm,1,1.0,0.0,0.8,0.217391,1
pairs_twitter_googleplus,RF,catherinegreen,jimbgreen,0,1.0,0.363636,0.333333,0.3125,1
pairs_twitter_googleplus,RF,davidbustamantetoledo,davidbustamantetoledo,1,1.0,0.0,0.772727,0.6,1
pairs_twitter_googleplus,RF,juanmamiguens,juanmamiguens,1,1.0,0.52381,1.0,0.692308,1
pairs_twitter_googleplus,RF,wouterdeheij,wouterdeheij,1,1.0,0.454545,1.0,0.941176,1
pairs_twitter_googleplus,RF,harshankola,harshankola,1,1.0,0.9,1.0,1.0,1
pairs_twitter_googleplus,RF,xines,xines,1,0.973333,0.333333,0.454545,0.521739,1
pairs_twitter_googleplus,RF,bradfriedman,bradfriedman,1,1.0,1.0,1.0,1.0,1
pairs_twitter_googleplus,RF,gnowynnad,gnowynnad,1,1.0,0.066667,1.0,0.5,1
pairs_twitter_googleplus,RF,authenticseacoast,authenticseacoast,1,1.0,0.705882,0.708333,0.703704,1
pairs_twitter_googleplus,RF,dmisto,dmisto,1,1.0,1.0,1.0,1.0,1
pairs_twitter_googleplus,RF,tinoxiii,fabiolottino,0,0.86,0.214286,0.0,0.115385,1
pairs_twitter_googleplus,RF,candyspendervanrood,candyspendervanrood,1,1.0,0.625,0.44,0.448276,1
pairs_twitter_googleplus,RF,janetholthilton,janetholthilton,1,1.0,0.076923,0.692308,0.47619,1
pairs_twitter_googleplus,RF,rachelhermosura,rachelhermosura,1,1.0,0.166667,1.0,0.608696,1
pairs_twitter_googleplus,RF,arndal,arndal,1,0.996667,0.263158,0.52381,0.52,1
pairs_twitter_googleplus,RF,alessandrodilella,alessandrodilella,1,1.0,0.4,0.73913,0.769231,1
pairs_twitter_googleplus,RF,djjy,eonsmiami,0,0.613333,0.0,0.0,0.085714,0
pairs_twitter_googleplus,RF,klassy,klassy,1,1.0,0.384615,1.0,0.882353,1
pairs_twitter_googleplus,RF,dpencilpusher,dpencilpusher,1,1.0,0.0,1.0,0.423077,1
pairs_twitter_googleplus,RF,jennlevine,jennlevine,1,1.0,0.571429,1.0,0.888889,1
pairs_twitter_googleplus,RF,omerabdellatif,aabdalla,0,0.873333,0.318182,0.304348,0.285714,1
pairs_twitter_googleplus,RF,mauraneill,mauraneill,1,1.0,1.0,1.0,1.0,1
pairs_twitter_googleplus,RF,brunoassis,brunoassis,1,1.0,0.818182,1.0,0.75,1
pairs_twitter_googleplus,RF,knerq,nicolelee,0,1.0,0.0,0.625,0.4,1
pairs_twitter_googleplus,RF,jakefaulkner,jakefaulkner,1,1.0,0.538462,1.0,0.823529,1
pairs_twitter_googleplus,RF,lablondeblafarde,denikasep,0,0.96,0.333333,0.0,0.16129,0
pairs_twitter_googleplus,RF,timbr,timbr,1,1.0,0.2,0.407407,0.4,1
pairs_twitter_googleplus,RF,chrisgoulet,chrisgoulet,1,1.0,1.0,1.0,1.0,1
pairs_twitter_googleplus,RF,bordzgor,bordzgor,1,1.0,1.0,1.0,1.0,1
pairs_twitter_googleplus,RF,markrbuckley,markrbuckley,1,1.0,0.0,1.0,0.387097,1
pairs_twitter_googleplus,RF,nabeelalwazzan,nabeelalwazzan,1,1.0,0.3,1.0,0.64,1
pairs_twitter_googleplus,RF,mickou,mickou,1,1.0,0.1875,0.823529,0.652174,1
pairs_twitter_googleplus,RF,webgrrl,webgrrl,1,0.89,0.315789,0.428571,0.291667,1
pairs_twitter_googleplus,RF,gkampolis,gkampolis,1,1.0,0.538462,1.0,0.882353,1
pairs_twitter_googleplus,RF,injction,javierotero,0,0.993333,0.0,0.5,0.26087,1
pairs_twitter_googleplus,RF,amarocreative,amarocreative,1,1.0,0.2,1.0,0.583333,1
pairs_twitter_googleplus,RF,gagis,gagis,1,1.0,0.166667,0.941176,0.68,1
pairs_twitter_googleplus,RF,emaforo,emaforo,1,1.0,0.117647,1.0,0.714286,1
pairs_twitter_googleplus,RF,craigweich,craigweich,1,1.0,1.0,1.0,1.0,1
pairs_twitter_googleplus,RF,kazu721010,nob0322,0,0.865667,0.0,0.3,0.2,0
pairs_twitter_googleplus,RF,mofeedbhr,mofeedbhr,1,1.0,0.375,0.333333,0.333333,1
pairs_twitter_googleplus,RF,imregmeligmeijling,imregmeligmeijling,1,1.0,0.642857,1.0,1.0,1
pairs_twitter_googleplus,RF,danaron,starbuckspitfire,0,1.0,0.5,0.125,0.315789,1
pairs_twitter_googleplus,RF,metawops,metawops,1,1.0,0.055556,1.0,0.608696,1
pairs_twitter_googleplus,RF,schwegler,schwegler,1,1.0,0.571429,0.533333,0.555556,1
pairs_twitter_googleplus,RF,reneritchie,reneritchie,1,1.0,1.0,0.44,0.48,1
pairs_twitter_googleplus,RF,jwike,danglar,0,0.843333,0.230769,0.285714,0.3125,0
pairs_twitter_googleplus,RF,rmathieson,rmathieson,1,1.0,0.615385,1.0,0.882353,1
pairs_twitter_googleplus,RF,tomepejoski,tomepejoski,1,1.0,0.7,1.0,0.866667,1
pairs_twitter_googleplus,RF,sarataricani,sarataricani,1,1.0,1.0,1.0,1.0,1
pairs_twitter_googleplus,RF,vystrcil,vystrcil,1,1.0,0.538462,1.0,0.882353,1
pairs_twitter_googleplus,RF,nicolashayek,nicolashayek,1,1.0,0.466667,0.833333,0.857143,1
pairs_twitter_googleplus,RF,roncaglia,roncaglia,1,1.0,1.0,0.615385,0.666667,1
pairs_twitter_googleplus,RF,kadiprescott,kadiprescott,1,1.0,1.0,0.666667,0.75,1
pairs_twitter_googleplus,RF,fggutierrez,fggutierrez,1,1.0,0.333333,0.576923,0.5625,1
pairs_twitter_googleplus,RF,macnolo,macnolo,1,1.0,0.6,0.454545,0.5,1
pairs_twitter_googleplus,RF,indumental,indumental,1,1.0,0.818182,0.75,0.733333,1
pairs_twitter_googleplus,RF,kayleighblanchette,kayleighblanchette,1,1.0,0.0,1.0,0.708333,1
pairs_twitter_googleplus,RF,gabbycorsalas,gabbycorsalas,1,1.0,0.380952,0.590909,0.571429,1
pairs_twitter_googleplus,RF,leelyning,leelyning,1,1.0,0.777778,0.818182,0.857143,1
pairs_twitter_googleplus,RF,jmurphpix,jmurphpix,1,1.0,1.0,1.0,1.0,1
pairs_twitter_googleplus,RF,kvs,kvs,1,1.0,0.15,1.0,0.666667,1
pairs_twitter_googleplus,RF,fenotavel,fenotavel,1,1.0,0.346154,0.473684,0.625,1
pairs_twitter_googleplus,RF,stephenwells,gwynnekostin,0,0.87,0.3125,0.294118,0.285714,0
pairs_twitter_googleplus,RF,andrewjamesmorgan,andrewjamesmorgan,1,1.0,0.769231,1.0,0.722222,1
pairs_twitter_googleplus,RF,garethevans,garethevans,1,1.0,0.461538,0.44,0.466667,1
pairs_twitter_googleplus,RF,jkdesignarts,jkdesignarts,1,1.0,1.0,1.0,1.0,1
pairs_twitter_googleplus,RF,atlcomputerdude,atlcomputerdude,1,0.963333,0.047619,0.375,0.846154,1
pairs_twitter_googleplus,RF,tanguymignot,tanguymignot,1,1.0,0.0,1.0,0.52,1
pairs_twitter_googleplus,RF,elizabethpro,elizabethpro,1,1.0,0.32,1.0,0.566667,1
pairs_twitter_googleplus,RF,hamassyujaiy,hamassyujaiy,1,1.0,0.75,1.0,0.95,1
pairs_twitter_googleplus,RF,multiservice5d,verygoodservice,0,0.906667,0.3,0.26087,0.285714,0
pairs_twitter_googleplus,RF,danielmarins,danielmoreno,0,1.0,0.375,0.411765,0.428571,1
pairs_twitter_googleplus,RF,joelynndesign,joelynndesign,1,1.0,1.0,0.333333,0.823529,1
pairs_twitter_googleplus,RF,socialsoundsystem,kyledempster,0,0.663333,0.0,0.125,0.090909,0
pairs_twitter_googleplus,RF,laurengarland,laurengarland,1,1.0,0.461538,0.416667,0.611111,1
pairs_twitter_googleplus,RF,hunterleesoik,hunterleesoik,1,1.0,0.923077,1.0,0.85,1
pairs_twitter_googleplus,RF,tonick,nickstone,0,1.0,0.625,0.555556,0.461538,1
pairs_twitter_googleplus,RF,dcsmall,adrivebywv,0,0.701988,0.0,0.0,0.045455,1
pairs_twitter_googleplus,RF,ijstokes,ijstokes,1,1.0,0.333333,1.0,0.65,1
pairs_twitter_googleplus,RF,juninbsk,juninbsk,1,1.0,1.0,1.0,1.0,1
pairs_twitter_googleplus,RF,luisete,luisete,1,1.0,0.1875,0.785714,0.521739,1
pairs_twitter_googleplus,RF,zjonquil,zjonquil,1,1.0,0.058824,1.0,0.590909,1
pairs_twitter_googleplus,RF,giozi,giovannicanzio,0,0.93,0.25,0.230769,0.3125,1
pairs_twitter_googleplus,RF,scottpatrick,scottpatrick,1,1.0,0.0,0.571429,0.424242,1
pairs_twitter_googleplus,RF,jakup,jakup,1,1.0,0.266667,0.8125,0.666667,1
pairs_twitter_googleplus,RF,mikeyil,stephanieong,0,0.768556,0.0,0.285714,0.233333,1
pairs_twitter_googleplus,RF,tracy0h,tracytran,0,1.0,0.5,0.0,0.294118,1
pairs_twitter_googleplus,RF,ishamazad,ishamazad,1,1.0,1.0,0.642857,0.705882,1
pairs_twitter_googleplus,RF,schiavini,schiavini,1,1.0,1.0,1.0,1.0,1
pairs_twitter_googleplus,RF,aunurrofik,banikaaron,0,0.976667,0.333333,0.277778,0.333333,1
pairs_twitter_googleplus,RF,douglaine,douglaine,1,1.0,1.0,1.0,1.0,1
pairs_twitter_googleplus,RF,davidpillen,davidpillen,1,1.0,1.0,1.0,1.0,1
pairs_twitter_googleplus,RF,colleenbohensky,colleenbohensky,1,1.0,0.0,1.0,0.535714,1
pairs_twitter_googleplus,RF,lisafarquharson,lisafarquharson,1,1.0,1.0,1.0,1.0,1
pairs_twitter_googleplus,RF,apalaciosm,lelouchjoshua,0,0.913333,0.214286,0.0,0.111111,1
pairs_twitter_googleplus,RF,mpritchard,mpritchard,1,1.0,0.533333,1.0,0.7,1
pairs_twitter_googleplus,RF,nikishinpro,nikishinpro,1,1.0,0.4375,1.0,0.714286,1
pairs_twitter_googleplus,RF,juanbelmonte,juanbenitez,0,1.0,0.357143,0.571429,0.391304,1
pairs_twitter_googleplus,RF,robinfay,robinfay,1,1.0,0.619048,0.565217,0.555556,1
pairs_twitter_googleplus,RF,danieledler,danieledler,1,0.996667,0.363636,0.44,0.448276,1
pairs_twitter_googleplus,RF,christaevonne,chrisastall,0,1.0,0.545455,0.545455,0.4375,1
pairs_twitter_googleplus,RF,loig,loig,1,1.0,0.727273,1.0,0.8,1
pairs_twitter_googleplus,RF,ramoss,ramoss,1,1.0,0.363636,0.6875,0.7,1
pairs_twitter_googleplus,RF,tongjie,tongjie,1,1.0,0.5,1.0,0.736842,1
pairs_twitter_googleplus,RF,vicaso,dgtech91,0,0.642278,0.25,0.190476,0.25,0
pairs_twitter_googleplus,RF,joshin,joonshin,0,1.0,0.285714,0.555556,0.368421,1
pairs_twitter_googleplus,RF,hjaviercs,hjaviercs,1,1.0,0.136364,0.736842,0.740741,1
pairs_twitter_googleplus,RF,meaganwarncke,irinaradchenko,0,1.0,0.35,0.0,0.225806,1
pairs_twitter_googleplus,RF,melanieburger,melanieburger,1,1.0,0.391304,1.0,0.535714,1
pairs_twitter_googleplus,RF,egyuno,egyuno,1,1.0,1.0,1.0,1.0,1
pairs_twitter_googleplus,RF,florentlesauvage,florentlesauvage,1,1.0,0.0,1.0,0.68,1
pairs_twitter_googleplus,RF,juliemaure,justinjackson,0,0.873333,0.3,0.0,0.179487,0
pairs_twitter_googleplus,RF,otir,angelcano,0,0.953333,0.285714,0.0,0.173913,0
pairs_twitter_googleplus,RF,peterparker513,peterparker513,1,1.0,1.0,1.0,1.0,1
pairs_twitter_googleplus,RF,gaylejoseph,gaylejoseph,1,1.0,1.0,1.0,1.0,1
pairs_twitter_googleplus,RF,giuditta,giuditta,1,1.0,0.0,1.0,0.6,1
pairs_twitter_googleplus,RF,aritulla,aritulla,1,1.0,0.1,1.0,0.6,1
pairs_twitter_googleplus,RF,nolanpetersen,nolanpetersen,1,1.0,0.235294,1.0,0.666667,1
pairs_twitter_googleplus,RF,transportgooru,transportgooru,1,1.0,0.043478,1.0,0.518519,1
pairs_twitter_googleplus,RF,hanspetermeyer,hanspetermeyer,1,1.0,1.0,0.823529,1.0,1
pairs_twitter_googleplus,RF,meshell,meshell,1,0.996667,0.0,0.545455,0.368421,1
pairs_twitter_googleplus,RF,chriscree,chriscree,1,1.0,1.0,1.0,1.0,1
pairs_twitter_googleplus,RF,pesaldias,pesaldias,1,0.99,0.666667,0.333333,0.409091,1
pairs_twitter_googleplus,RF,ihanna,ihanna,1,1.0,1.0,1.0,1.0,1
pairs_twitter_googleplus,RF,michaelbrandvold,michaelbrandvold,1,1.0,0.352941,1.0,0.772727,1
pairs_twitter_googleplus,RF,elisapicchiotti,elisapicchiotti,1,1.0,0.0,1.0,0.592593,1
pairs_twitter_googleplus,RF,georgegardelinos,georgegardelinos,1,1.0,0.5,0.266667,0.555556,1
pairs_twitter_googleplus,RF,jagomez,lorinwood,0,0.808333,0.0,0.294118,0.193548,0
pairs_twitter_googleplus,RF,normiesd,normiesd,1,1.0,0.461538,0.142857,0.368421,1
pairs_twitter_googleplus,RF,nrgiga,nrgiga,1,1.0,0.277778,1.0,0.909091,1
pairs_twitter_googleplus,RF,belikesean,belikesean,1,1.0,0.176471,1.0,0.6,1
pairs_twitter_googleplus,RF,iamangelique,iamangelique,1,1.0,0.1875,0.533333,0.428571,1
pairs_twitter_googleplus,RF,romullopontes,romullopontes,1,1.0,1.0,1.0,1.0,1
pairs_twitter_googleplus,RF,varunpramanik,varunpramanik,1,1.0,1.0,1.0,1.0,1
pairs_twitter_googleplus,RF,michelevangelista,michelevangelista,1,1.0,0.5,1.0,0.857143,1
pairs_twitter_googleplus,RF,heyitsvo,heyitsvo,1,1.0,0.777778,0.125,0.5,1
pairs_twitter_googleplus,RF,luisfernandez,luisfernandez,1,1.0,0.631579,0.73913,0.7,1
pairs_twitter_googleplus,RF,willytai9,willytai9,1,1.0,0.357143,1.0,0.85,1
pairs_twitter_googleplus,RF,burovayulia,fulltime,0,0.77,0.272727,0.0,0.148148,0
pairs_twitter_googleplus,RF,jamideleon,jamideleon,1,1.0,0.294118,0.8,0.875,1
pairs_twitter_googleplus,RF,safaripoet,safaripoet,1,1.0,0.230769,0.5,0.5,1
pairs_twitter_googleplus,RF,luckybag,luckybag,1,1.0,0.0,1.0,0.636364,1
pairs_twitter_googleplus,RF,carmenmg5,javierarmentia,0,0.886667,0.222222,0.0,0.102564,1
pairs_twitter_googleplus,RF,ricardoosornofallas,ricardoosornofallas,1,1.0,0.217391,0.684211,0.5,1
pairs_twitter_googleplus,RF,adamcarlson,adamaoc,0,0.995,0.0,0.6,0.2,1
pairs_twitter_googleplus,RF,patrizio,patrizio,1,1.0,1.0,1.0,1.0,1
pairs_twitter_googleplus,RF,seanness,seanness,1,1.0,1.0,1.0,1.0,1
pairs_twitter_googleplus,RF,stephanebmeyer,stephanebmeyer,1,0.996667,0.428571,0.482759,0.484848,1
pairs_twitter_googleplus,RF,lucasmaiacom,lucasmaiacom,1,1.0,0.666667,1.0,0.647059,1
pairs_twitter_googleplus,RF,mirvana,annamioni,0,0.83,0.25,0.333333,0.294118,1
pairs_twitter_googleplus,RF,gabrielbarrera,gabrielbarrera,1,1.0,0.35,1.0,0.64,1
pairs_twitter_googleplus,RF,uptimist,uptimist,1,1.0,0.7,0.75,0.857143,1
pairs_twitter_googleplus,RF,pierretran,pierretran,1,1.0,1.0,1.0,1.0,1
pairs_twitter_googleplus,RF,ahmed,ahmed,1,1.0,1.0,1.0,1.0,1
pairs_twitter_googleplus,RF,travelandbeyond,angelbravo,0,0.71,0.181818,0.304348,0.285714,0
pairs_twitter_googleplus,RF,navodarszkygeorgeta,navodarszkygeorgeta,1,1.0,0.823529,0.5625,0.6,1
pairs_twitter_googleplus,RF,melteruz,melteruz,1,1.0,0.0,0.666667,0.571429,1
pairs_twitter_googleplus,RF,samhoover,samhoover,1,1.0,0.636364,0.222222,0.5,1
pairs_twitter_googleplus,RF,akirauchimura,akirauchimura,1,1.0,0.454545,1.0,0.933333,1
pairs_twitter_googleplus,RF,angelbravo,angelaball,0,1.0,0.363636,0.333333,0.3125,1
pairs_twitter_googleplus,RF,rcsmit,rcsmit,1,1.0,0.333333,1.0,0.769231,1
pairs_twitter_googleplus,RF,pennycheng,tsans,0,0.95,0.294118,0.277778,0.333333,0
pairs_twitter_googleplus,RF,espelina,lindanelson,0,0.84,0.214286,0.0,0.131579,1
pairs_twitter_googleplus,RF,johnnio,johnnio,1,1.0,0.285714,1.0,0.761905,1
pairs_twitter_googleplus,RF,looiss,loig,0,0.966667,0.272727,0.3,0.333333,1
pairs_twitter_googleplus,RF,marioalvarezch,marioalvarezch,1,1.0,1.0,0.033333,0.388889,1
pairs_twitter_googleplus,RF,leandrolobosco,leandrolobosco,1,0.836667,0.294118,0.2,0.32,1
pairs_twitter_googleplus,RF,jletti,jletti,1,1.0,0.333333,1.0,0.875,1
pairs_twitter_googleplus,RF,adamsarwar,adamsarwar,1,1.0,1.0,1.0,1.0,1
pairs_twitter_googleplus,RF,ceslava,ceslava,1,1.0,0.357143,0.823529,0.944444,1
pairs_twitter_googleplus,RF,susangoulding,susangoulding,1,1.0,1.0,1.0,1.0,1
pairs_twitter_googleplus,RF,nielspaul,nielspaul,1,1.0,1.0,1.0,1.0,1
pairs_twitter_googleplus,RF,reggiejamz,reggiejamz,1,1.0,0.818182,1.0,0.8,1
pairs_twitter_googleplus,RF,jordibonvehi,jordibonvehi,1,1.0,0.6875,0.611111,0.636364,1
pairs_twitter_googleplus,RF,sam1meta,sam1meta,1,1.0,0.105263,0.941176,0.68,1
pairs_twitter_googleplus,RF,goroji,goroji,1,1.0,0.333333,0.6,0.636364,1
pairs_twitter_googleplus,RF,tomparadiso,tomparadiso,1,1.0,1.0,0.5625,0.684211,1
pairs_twitter_googleplus,RF,markbusse,markbusse,1,1.0,1.0,1.0,1.0,1
pairs_twitter_googleplus,RF,sidede,hieuiee,0,0.853333,0.222222,0.0,0.129032,0
pairs_twitter_googleplus,RF,jhonathan,jonathanvu,0,1.0,0.545455,0.0,0.233333,1
pairs_twitter_googleplus,RF,tiffanyff,badtiff,0,0.976667,0.352941,0.0,0.230769,1
pairs_twitter_googleplus,RF,betuco,robertoarias,0,0.973333,0.05,0.434783,0.354839,1
pairs_twitter_googleplus,RF,powerpoole,powerpoole,1,1.0,0.285714,0.714286,0.478261,1
pairs_twitter_googleplus,RF,lucafilippetti,lucafilippetti,1,1.0,1.0,0.047619,0.56,1
pairs_twitter_googleplus,RF,benjaminhowarth,benjaminhowarth,1,1.0,1.0,1.0,1.0,1
pairs_twitter_googleplus,RF,lkpetrolino,lkpetrolino,1,1.0,0.533333,1.0,0.842105,1
pairs_twitter_googleplus,RF,mathieurensen,mathieurensen,1,1.0,1.0,1.0,1.0,1
pairs_twitter_googleplus,RF,rosslarocco,rosslarocco,1,1.0,1.0,1.0,1.0,1
pairs_twitter_googleplus,RF,brianmonroe,brianmonroe,1,1.0,0.714286,0.916667,0.65,1
pairs_twitter_googleplus,RF,nicolesy,nicolesy,1,1.0,1.0,1.0,1.0,1
pairs_twitter_googleplus,RF,tracybobbitt,tracybobbitt,1,1.0,0.0,1.0,0.481481,1
pairs_twitter_googleplus,RF,alexandrabigley,alexandrabigley,1,1.0,1.0,1.0,1.0,1
pairs_twitter_googleplus,RF,toledoscanner,toledoscanner,1,1.0,1.0,1.0,1.0,1
pairs_twitter_googleplus,RF,cezarygapik,cezarygapik,1,1.0,1.0,1.0,1.0,1
pairs_twitter_googleplus,RF,lolalin,lolalin,1,1.0,0.75,1.0,0.666667,1
pairs_twitter_googleplus,RF,maxuel84,maxuel84,1,1.0,0.037037,0.818182,0.575758,1
pairs_twitter_googleplus,RF,sharronp,morganbrady,0,0.793333,0.214286,0.0,0.125,1
pairs_twitter_googleplus,RF,gladtrejo,taniagarron,0,0.846667,0.071429,0.3125,0.368421,1
pairs_twitter_googleplus,RF,clopin,clopin,1,1.0,0.066667,1.0,0.666667,1
pairs_twitter_googleplus,RF,kevinveloso,kevinveloso,1,1.0,0.066667,1.0,0.684211,1
pairs_twitter_googleplus,RF,berriepelser,berriepelser,1,1.0,1.0,1.0,1.0,1
pairs_twitter_googleplus,RF,boffism,boffism,1,0.936667,0.272727,0.210526,0.375,1
pairs_twitter_googleplus,RF,shortformelissa,shortformelissa,1,1.0,0.3,1.0,0.625,1
pairs_twitter_googleplus,RF,fottoni,fottoni,1,1.0,0.357143,0.75,0.7,1
pairs_twitter_googleplus,RF,catarinafernandes,catarinafernandes,1,1.0,0.35,1.0,0.68,1
pairs_twitter_googleplus,RF,mariuscucuruz,mariuscucuruz,1,1.0,1.0,0.0,0.428571,1
pairs_twitter_googleplus,RF,pablomartino,pablomartino,1,1.0,0.785714,1.0,0.777778,1
pairs_twitter_googleplus,RF,hectorigual,hrodzpr,0,1.0,0.470588,0.235294,0.315789,1
pairs_twitter_googleplus,RF,allruiz,allruiz,1,1.0,0.555556,1.0,0.846154,1
pairs_twitter_googleplus,RF,daniellethe,daniellethe,1,1.0,0.9,0.909091,0.8,1
pairs_twitter_googleplus,RF,gerbenjacobs,gerbenjacobs,1,1.0,1.0,1.0,1.0,1
pairs_twitter_googleplus,RF,ohegarty,ohegarty,1,1.0,0.545455,0.647059,0.619048,1
pairs_twitter_googleplus,RF,jayfingers,jayfingers,1,1.0,1.0,1.0,1.0,1
pairs_twitter_googleplus,RF,jcstearns,jcstearns,1,1.0,0.428571,0.714286,0.631579,1
pairs_twitter_googleplus,RF,alrringo,alrringo,1,1.0,0.266667,1.0,0.7,1
pairs_twitter_googleplus,RF,haraldkrassnitzer,haraldkrassnitzer,1,1.0,0.588235,1.0,0.857143,1
pairs_twitter_googleplus,RF,norrishughes,norrishughes,1,1.0,1.0,1.0,1.0,1
pairs_twitter_googleplus,RF,fmrcastro,fmrcastro,1,1.0,0.277778,1.0,0.681818,1
pairs_twitter_googleplus,RF,herupurwito,herupurwito,1,1.0,1.0,0.423077,0.482759,1
pairs_twitter_googleplus,RF,pacmankillers,pacmankillers,1,1.0,0.058824,1.0,0.384615,1
pairs_twitter_googleplus,RF,wgaspar,wgaspar,1,1.0,0.176471,0.631579,0.565217,1
pairs_twitter_googleplus,RF,kristysvihlikova,kristysvihlikova,1,1.0,0.388889,0.52381,0.4,1
pairs_twitter_googleplus,RF,ramizahrahman,ramizahrahman,1,1.0,0.125,0.75,0.55,1
pairs_twitter_googleplus,RF,paulwatson,paulwatson,1,1.0,0.0,1.0,0.55,1
pairs_twitter_googleplus,RF,stephanieu,stephanieu,1,1.0,0.111111,0.714286,0.5,1
pairs_twitter_googleplus,RF,rudestan,rudestan,1,1.0,0.157895,0.5,0.391304,1
pairs_twitter_googleplus,RF,nickesteen,nickesteen,1,1.0,1.0,1.0,1.0,1
pairs_twitter_googleplus,RF,raulf,raulf,1,1.0,0.153846,0.6,0.5,1
pairs_twitter_googleplus,RF,mariamonegro,mariamonegro,1,1.0,1.0,0.0,0.461538,1
pairs_twitter_googleplus,RF,yasai,hirosh,0,1.0,0.388889,0.0,0.318182,0
pairs_twitter_googleplus,RF,inlovewithnow,inlovewithnow,1,1.0,0.0,1.0,0.4,1
pairs_twitter_googleplus,RF,tylerholland,tylerholland,1,1.0,0.636364,0.333333,0.615385,1
pairs_twitter_googleplus,RF,logiops,logiops,1,1.0,0.0,0.833333,0.571429,1
pairs_twitter_googleplus,RF,jackerbie,jackerbie,1,1.0,0.375,1.0,0.85,1
pairs_twitter_googleplus,RF,keithpickett,keithpickett,1,1.0,1.0,1.0,1.0,1
pairs_twitter_googleplus,RF,simonemccallum,simonemccallum,1,1.0,1.0,0.482759,0.53125,1
pairs_twitter_googleplus,RF,claudialo,claudiagarciatrejo,0,0.993333,0.285714,0.5,0.388889,1
pairs_twitter_googleplus,RF,alexleung,alexleung,1,1.0,0.071429,1.0,0.6,1
pairs_twitter_googleplus,RF,harryjbauer,harryjbauer,1,1.0,0.166667,1.0,0.636364,1
pairs_twitter_googleplus,RF,helenrogerson,helenrogerson,1,1.0,0.538462,1.0,0.875,1
pairs_twitter_googleplus,RF,paullinger,paullinger,1,1.0,0.25,1.0,0.75,1
pairs_twitter_googleplus,RF,dianebourque,dianebourque,1,1.0,0.6875,1.0,0.7,1
pairs_twitter_googleplus,RF,danicaj,danicaj,1,1.0,0.0,1.0,0.444444,1
pairs_twitter_googleplus,RF,lawsonjohn,lawsonjohn,1,1.0,0.0,0.588235,0.314286,1
pairs_twitter_googleplus,RF,michaelgarywirth,michaelgarywirth,1,0.953333,0.357143,0.116279,0.3,1
pairs_twitter_googleplus,RF,paulamaarisa,paulamaarisa,1,1.0,0.923077,1.0,0.9375,1
pairs_twitter_googleplus,RF,vardita,vardita,1,1.0,1.0,0.153846,0.75,1
pairs_twitter_googleplus,RF,evanottavian,evanottavian,1,1.0,0.583333,1.0,0.533333,1
pairs_twitter_googleplus,RF,marcelotalassuh,marcelotalassuh,1,1.0,1.0,1.0,1.0,1
pairs_twitter_googleplus,RF,lucymackay,lucymackay,1,1.0,1.0,1.0,1.0,1
pairs_twitter_googleplus,RF,luchollanca,luchollanca,1,1.0,1.0,1.0,1.0,1
pairs_twitter_googleplus,RF,chbrandt,chbrandt,1,1.0,0.428571,0.875,0.772727,1
pairs_twitter_googleplus,RF,bradrussell,bradrussell,1,1.0,0.0,1.0,0.571429,1
pairs_twitter_googleplus,RF,stephdc,stephenalee,0,0.986667,0.363636,0.4,0.3125,1
pairs_twitter_googleplus,RF,kyledempster,kyledempster,1,1.0,0.916667,1.0,0.823529,1
pairs_twitter_googleplus,RF,fabrymondino,fabrymondino,1,1.0,0.307692,1.0,0.722222,1
pairs_twitter_googleplus,RF,ashleywilliams,ashleywilliams,1,1.0,0.277778,1.0,0.521739,1
pairs_twitter_googleplus,RF,paoloaliberti,paoloaliberti,1,1.0,1.0,1.0,1.0,1
pairs_twitter_googleplus,RF,chrisdscottphoto,chrisdscottphoto,1,1.0,0.5,0.4,0.314286,1
pairs_twitter_googleplus,RF,karlmiller,karlmiller,1,1.0,0.75,1.0,0.705882,1
pairs_twitter_googleplus,RF,greateralexander,greateralexander,1,0.993333,0.26087,0.394737,0.372093,1
pairs_twitter_googleplus,RF,mylesb,mylesb,1,1.0,0.384615,1.0,0.888889,1
pairs_twitter_googleplus,RF,claudiagarciatrejo,claudiagarciatrejo,1,1.0,0.166667,0.578947,0.413793,1
pairs_twitter_googleplus,RF,frindley,frindley,1,1.0,0.461538,1.0,0.823529,1
pairs_twitter_googleplus,RF,silviarossi,silviarossi,1,1.0,0.9,1.0,0.8,1
pairs_twitter_googleplus,RF,christianthompson,christianthompson,1,1.0,0.235294,0.409091,0.384615,1
pairs_twitter_googleplus,RF,mariannehope,mariannehope,1,1.0,0.833333,1.0,0.866667,1
pairs_twitter_googleplus,RF,atkinja,atkinja,1,1.0,0.333333,0.307692,0.375,1
pairs_twitter_googleplus,RF,shelleychampine,michellelitv,0,0.686667,0.045455,0.04,0.103448,0
pairs_twitter_googleplus,RF,joerobb,joerobb,1,1.0,0.625,1.0,0.75,1
pairs_twitter_googleplus,RF,heathertorres,heathertorres,1,1.0,0.666667,1.0,0.65,1
pairs_twitter_googleplus,RF,vikornsakrakhnoo,uni,0,0.823333,0.222222,0.0,0.1,0
pairs_twitter_googleplus,RF,vandenberghe,vandenberghe,1,1.0,0.4375,1.0,0.9,1
pairs_twitter_googleplus,RF,pacoperan,pacobarranco,0,1.0,0.384615,0.333333,0.375,1
pairs_twitter_googleplus,RF,olivierbauermeister,olivierbauermeister,1,1.0,0.074074,1.0,0.580645,1
pairs_twitter_googleplus,RF,librasnake,tomdrake,0,0.85,0.230769,0.214286,0.222222,0
pairs_twitter_googleplus,RF,kassiafelix,kassiafelix,1,1.0,1.0,0.466667,0.777778,1
pairs_twitter_googleplus,RF,markusantoine,mgpolitis,0,0.996667,0.352941,0.0,0.285714,1
pairs_twitter_googleplus,RF,robertovillino,robertovillino,1,1.0,1.0,0.428571,0.9375,1
pairs_twitter_googleplus,RF,developit,franceshui,0,0.996667,0.0,0.6,0.318182,1
pairs_twitter_googleplus,RF,jeremyawilliams,jeremyawilliams,1,1.0,1.0,1.0,1.0,1
pairs_twitter_googleplus,RF,samwhite,tjameswhite,0,0.963333,0.0,0.6,0.222222,1
pairs_twitter_googleplus,RF,rainervonhabs,rainervonhabs,1,1.0,0.6,0.782609,0.724138,1
pairs_twitter_googleplus,RF,misterlib,misterlib,1,1.0,0.142857,1.0,0.526316,1
pairs_twitter_googleplus,RF,fellipec,fellipec,1,1.0,0.388889,0.75,0.68,1
pairs_twitter_googleplus,RF,matthewpantoja,matthewpantoja,1,1.0,0.1875,1.0,0.714286,1
pairs_twitter_googleplus,RF,rubenpapian,rubenpapian,1,1.0,0.769231,1.0,0.764706,1
pairs_twitter_googleplus,RF,alfbrand,alfbrand,1,1.0,1.0,1.0,1.0,1
pairs_twitter_googleplus,RF,marjolijn,marjolijn,1,1.0,0.5,0.470588,0.5,1
pairs_twitter_googleplus,RF,alcibiades,alcibiades,1,1.0,0.192308,1.0,0.612903,1
pairs_twitter_googleplus,RF,germer,germer,1,1.0,0.4,1.0,0.928571,1
pairs_twitter_googleplus,RF,hewitt,hewitt,1,0.99,0.416667,0.461538,0.419355,1
pairs_twitter_googleplus,RF,anderslorentsen,anderslorentsen,1,1.0,1.0,1.0,1.0,1
pairs_twitter_googleplus,RF,tobyweiss,tobyweiss,1,1.0,0.461538,1.0,0.823529,1
pairs_twitter_googleplus,RF,djandyw,djandyw,1,1.0,0.043478,1.0,0.518519,1
pairs_twitter_googleplus,RF,beatesorum,beatesorum,1,1.0,0.7,0.727273,0.6875,1
pairs_twitter_googleplus,RF,albertoj,albertoj,1,1.0,0.636364,1.0,0.875,1
pairs_twitter_googleplus,RF,derekmcclain,derekmcclain,1,1.0,1.0,0.555556,0.722222,1
pairs_twitter_googleplus,RF,karo,karo,1,1.0,0.142857,1.0,0.583333,1
pairs_twitter_googleplus,RF,lewismccaine,caseylewis,0,0.96,0.333333,0.173913,0.290323,1
pairs_twitter_googleplus,RF,thejennylam,thejennylam,1,1.0,0.7,0.333333,0.366667,1
pairs_twitter_googleplus,RF,candyhernandez,candyhernandez,1,1.0,1.0,1.0,1.0,1
pairs_twitter_googleplus,RF,aaronboerger,aaronboerger,1,1.0,1.0,1.0,1.0,1
pairs_twitter_googleplus,RF,harisrahman,harisrahman,1,1.0,0.5625,1.0,0.863636,1
pairs_twitter_googleplus,RF,santospalazzi,santospalazzi,1,1.0,1.0,1.0,1.0,1
pairs_twitter_googleplus,RF,ravidor,ravidor,1,1.0,0.666667,0.846154,1.0,1
pairs_twitter_googleplus,RF,anthonyavila,anthonyavila,1,1.0,0.0,1.0,0.428571,1
pairs_twitter_googleplus,RF,plajazz,plajazz,1,0.65,0.26087,0.025641,0.181818,1
pairs_twitter_googleplus,RF,wickedying,wickedying,1,1.0,0.6,0.0,0.52381,1
pairs_twitter_googleplus,RF,clarasoler,clarasoler,1,1.0,0.727273,0.4,0.4,1
pairs_twitter_googleplus,RF,daphnecheung,daphnecheung,1,1.0,0.846154,1.0,0.944444,1
pairs_twitter_googleplus,RF,abdulsmith,abdulsmith,1,1.0,1.0,1.0,1.0,1
pairs_twitter_googleplus,RF,martinhinrich,martinhinrich,1,1.0,1.0,1.0,1.0,1
pairs_twitter_googleplus,RF,martinmcguire,martinmcguire,1,0.983333,0.076923,0.666667,0.34375,1
pairs_twitter_googleplus,RF,yitsushi,yitsushi,1,1.0,0.0,1.0,0.652174,1
pairs_twitter_googleplus,RF,pauldiaz1776,pauldiaz1776,1,1.0,0.538462,1.0,0.578947,1
pairs_twitter_googleplus,RF,deepeshmd,deepeshmd,1,1.0,0.5,0.421053,0.5,1
pairs_twitter_googleplus,RF,fujimoto,mrsimonwood,0,0.953333,0.333333,0.0,0.25,0
pairs_twitter_googleplus,RF,erdisi,erdisi,1,1.0,0.4,1.0,0.733333,1
pairs_twitter_googleplus,RF,remelehane,remelehane,1,1.0,1.0,0.363636,0.785714,1
pairs_twitter_googleplus,RF,andreaspeziali,andreaspeziali,1,1.0,1.0,1.0,1.0,1
pairs_twitter_googleplus,RF,bybayezit,bybayezit,1,0.9,0.461538,0.5,0.478261,1
pairs_twitter_googleplus,RF,troubalex,troubalex,1,1.0,0.176471,0.571429,0.409091,1
pairs_twitter_googleplus,RF,kerryheaney,kerryheaney,1,1.0,0.263158,1.0,0.545455,1
pairs_twitter_googleplus,RF,chandrikararas,chandrikararas,1,1.0,0.15,1.0,0.833333,1
pairs_twitter_googleplus,RF,glennpratt,glennpratt,1,1.0,1.0,1.0,1.0,1
pairs_twitter_googleplus,RF,michelleparker,michelleparker,1,1.0,0.444444,1.0,0.727273,1
pairs_twitter_googleplus,RF,chmurphy,chmurphy,1,1.0,0.545455,1.0,0.866667,1
pairs_twitter_googleplus,RF,amberboyd,amberboyd,1,1.0,1.0,1.0,1.0,1
pairs_twitter_googleplus,RF,francoismathieu,francoismathieu,1,1.0,0.625,1.0,0.809524,1
pairs_twitter_googleplus,RF,gabrieleenricopersi,gabrieleenricopersi,1,1.0,1.0,0.5,0.551724,1
pairs_twitter_googleplus,RF,sunshinessui,sunshinessui,1,1.0,0.285714,0.4,0.4,1
pairs_twitter_googleplus,RF,604homes,604homes,1,1.0,0.0,1.0,0.5,1
pairs_twitter_googleplus,RF,yopefonic,yopefonic,1,1.0,0.0,1.0,0.56,1
pairs_twitter_googleplus,RF,oscarbowen,oscarbowen,1,1.0,0.727273,1.0,0.823529,1
pairs_twitter_googleplus,RF,sandilenene,sandilenene,1,1.0,0.454545,1.0,0.733333,1
pairs_twitter_googleplus,RF,juanteje,juanteje,1,1.0,0.777778,0.545455,0.571429,1
pairs_twitter_googleplus,RF,natebear,natebear,1,1.0,1.0,0.533333,0.611111,1
pairs_twitter_googleplus,RF,tonghuix,tonghuix,1,1.0,0.857143,0.32,0.384615,1
pairs_twitter_googleplus,RF,burakkayzum,burakkayzum,1,0.993333,0.153846,0.423077,0.363636,1
pairs_twitter_googleplus,RF,ayanamihitomi,jameslontayao,0,0.716667,0.15,0.0,0.09375,1
pairs_twitter_googleplus,RF,helmialfarra,helmialfarra,1,1.0,1.0,0.266667,0.666667,1
pairs_twitter_googleplus,RF,lauramgriffith,lauramgriffith,1,1.0,0.285714,1.0,0.578947,1
pairs_twitter_googleplus,RF,beverlynoelle,beverlynoelle,1,0.963333,0.444444,0.0,0.25,1
pairs_twitter_googleplus,RF,korepov,nikolabornova,0,0.88,0.214286,0.0,0.083333,0
pairs_twitter_googleplus,RF,markelmes,markelmes,1,1.0,1.0,0.75,0.8,1
pairs_twitter_googleplus,RF,genejackson,aurora7x,0,0.834,0.266667,0.0,0.181818,1
pairs_twitter_googleplus,RF,ftrujillo,juliustrujillo,0,1.0,0.5,0.466667,0.421053,1
pairs_twitter_googleplus,RF,abdisk,abdisk,1,1.0,0.235294,1.0,0.818182,1
pairs_twitter_googleplus,RF,rkf,rkf,1,1.0,1.0,1.0,1.0,1
pairs_twitter_googleplus,RF,kurtchristenson,kurtchristenson,1,1.0,1.0,0.454545,0.514286,1
pairs_twitter_googleplus,RF,nicholasreed,nicholasreed,1,1.0,1.0,0.666667,0.777778,1
pairs_twitter_googleplus,RF,evq,evq,1,1.0,0.0,1.0,0.7,1
pairs_twitter_googleplus,RF,toxxus,karlotorres,0,0.613333,0.071429,0.066667,0.166667,0
pairs_twitter_googleplus,RF,rgd714,jkdesignarts,0,0.71,0.0,0.230769,0.242424,1
pairs_twitter_googleplus,RF,kirakariakin,kirakariakin,1,1.0,0.666667,1.0,0.846154,1
pairs_twitter_googleplus,RF,pamelamkramer,pamelamkramer,1,0.996667,0.818182,0.035714,0.285714,1
pairs_twitter_googleplus,RF,sakuntalaa,sakuntalaa,1,1.0,0.533333,1.0,0.888889,1
pairs_twitter_googleplus,RF,fionalui,fionalui,1,1.0,0.5,1.0,0.785714,1
pairs_twitter_googleplus,RF,jeannacaldwell,jeannacaldwell,1,1.0,1.0,1.0,1.0,1
pairs_twitter_googleplus,RF,airthom,etthompson,0,1.0,0.1875,0.470588,0.375,1
pairs_twitter_googleplus,RF,zouyuefen,mlletravelista,0,0.806667,0.214286,0.0,0.096774,0
pairs_twitter_googleplus,RF,dgonz,allianz,0,0.82,0.0,0.333333,0.133333,1
pairs_twitter_googleplus,RF,markbartucca,markbartucca,1,0.996667,0.0,0.407407,0.833333,1
pairs_twitter_googleplus,RF,angelaball,angelaball,1,1.0,0.266667,1.0,0.684211,1
pairs_twitter_googleplus,RF,illtrax,illtrax,1,0.96,0.315789,0.272727,0.307692,1
pairs_twitter_googleplus,RF,janifer,janifer,1,1.0,0.352941,0.857143,0.541667,1
pairs_twitter_googleplus,RF,iankyburz,iankyburz,1,1.0,0.0,1.0,0.47619,1
pairs_twitter_googleplus,RF,bryangarvin,bryangarvin,1,1.0,0.909091,1.0,0.866667,1
pairs_twitter_googleplus,RF,visnjakljajic,visnjakljajic,1,1.0,1.0,1.0,1.0,1
pairs_twitter_googleplus,RF,stevenromo,stevenromo,1,1.0,1.0,0.4,0.464286,1
pairs_twitter_googleplus,RF,selimbasak,selimbasak,1,1.0,0.214286,1.0,0.578947,1
pairs_twitter_googleplus,RF,jackieflynt,jackieflynt,1,1.0,1.0,1.0,1.0,1
pairs_twitter_googleplus,RF,mlikeasong,mlikeasong,1,1.0,0.0,1.0,0.588235,1
pairs_twitter_googleplus,RF,marcocostanzo,marcocostanzo,1,1.0,0.0,0.666667,0.625,1
pairs_twitter_googleplus,RF,zamply,thegandiman,0,0.772222,0.222222,0.227273,0.222222,0
pairs_twitter_googleplus,RF,amritamathur,amritamathur,1,1.0,1.0,1.0,1.0,1
pairs_twitter_googleplus,RF,jeanniecw,jeanniecw,1,1.0,0.4,1.0,0.75,1
pairs_twitter_googleplus,RF,narniafans,narniafans,1,1.0,1.0,1.0,1.0,1
pairs_twitter_googleplus,RF,drchrisstout,drchrisstout,1,1.0,0.818182,0.866667,0.941176,1
pairs_twitter_googleplus,RF,kazarnowicz,kazarnowicz,1,1.0,0.625,1.0,0.95,1
pairs_twitter_googleplus,RF,kiracus,akirauchimura,0,0.76,0.214286,0.0,0.176471,0
pairs_twitter_googleplus,RF,abihail,marcorivera,0,1.0,0.357143,0.125,0.315789,1
pairs_twitter_googleplus,RF,gipreda,gipreda,1,1.0,1.0,0.0,0.466667,1
pairs_twitter_googleplus,RF,nickjborelli,nicklove,0,0.926667,0.2,0.454545,0.318182,1
pairs_twitter_googleplus,RF,edna,dnay,0,0.856667,0.0,0.5,0.25,1
pairs_twitter_googleplus,RF,rebeccapedersonhessey,rebeccapedersonhessey,1,1.0,0.038462,0.590909,0.424242,1
pairs_twitter_googleplus,RF,shivanand,shivanand,1,1.0,0.25,1.0,0.857143,1
pairs_twitter_googleplus,RF,furkanfidan,furkanfidan,1,0.993333,0.0,1.0,0.357143,1
pairs_twitter_googleplus,RF,migmae,migmae,1,1.0,0.222222,0.65,0.681818,1
pairs_twitter_googleplus,RF,mamakoid,mamakoid,1,1.0,0.416667,1.0,0.866667,1
pairs_twitter_googleplus,RF,alexmclean,alexmclean,1,1.0,0.727273,1.0,0.6875,1
pairs_twitter_googleplus,RF,alexdaniloff,alexdaniloff,1,1.0,0.0,1.0,0.666667,1
pairs_twitter_googleplus,RF,christielazo,christielazo,1,1.0,0.769231,1.0,0.823529,1
pairs_twitter_googleplus,RF,gaydarski,gaydarski,1,1.0,0.571429,1.0,0.944444,1
pairs_twitter_googleplus,RF,andrewlie,ideasandrew,0,1.0,0.583333,0.461538,0.409091,1
pairs_twitter_googleplus,RF,josephmcmullin,josephmcmullin,1,1.0,1.0,1.0,1.0,1
pairs_twitter_googleplus,RF,brentvardy,andrewzander,0,0.739722,0.1875,0.176471,0.190476,0
pairs_twitter_googleplus,RF,chertanchico,chertanchico,1,1.0,0.176471,1.0,0.545455,1
pairs_twitter_googleplus,RF,jerometurner,jerometurner,1,1.0,0.5,1.0,0.8125,1
pairs_twitter_googleplus,RF,picklesjon,picklesjon,1,1.0,0.8,1.0,0.785714,1
pairs_twitter_googleplus,RF,judytuna,judytuna,1,1.0,0.555556,0.363636,0.428571,1
pairs_twitter_googleplus,RF,ericweisbrod,ericweisbrod,1,1.0,1.0,0.461538,0.535714,1
pairs_twitter_googleplus,RF,svenaanesen,svenaanesen,1,1.0,1.0,1.0,1.0,1
pairs_twitter_googleplus,RF,basemsal7,basemsal7,1,0.983333,0.416667,0.176471,0.32,1
pairs_twitter_googleplus,RF,veronica,veronica,1,1.0,0.538462,0.518519,0.5,1
pairs_twitter_googleplus,RF,gregcarley,gregcarley,1,1.0,1.0,1.0,1.0,1
pairs_twitter_googleplus,RF,porcupiny,allianz,0,0.91,0.0,0.428571,0.157895,1
pairs_twitter_googleplus,RF,esalazar,garyacers,0,0.93,0.25,0.230769,0.3125,0
pairs_twitter_googleplus,RF,mitb,mitb,1,1.0,0.0,1.0,0.666667,1
pairs_twitter_googleplus,RF,marcovignaroli,marcovignaroli,1,1.0,1.0,1.0,1.0,1
pairs_twitter_googleplus,RF,mattmamet,mattmamet,1,1.0,0.347826,0.487179,0.604651,1
pairs_twitter_googleplus,RF,kmdk,kmdk,1,1.0,0.0,1.0,0.666667,1
pairs_twitter_googleplus,RF,savannahbelshermaclean,sanahsayani,0,0.7,0.285714,0.227273,0.259259,1
pairs_twitter_googleplus,RF,thephotographer4you,dandriscoll,0,0.99,0.416667,0.0,0.193548,1
pairs_twitter_googleplus,RF,julioromo,julioromo,1,1.0,0.0,1.0,0.434783,1
pairs_twitter_googleplus,RF,wrightscs,jessewright,0,1.0,0.384615,0.0,0.185185,1
pairs_twitter_googleplus,RF,shaymfa,shaymfa,1,1.0,0.095238,1.0,0.740741,1
pairs_twitter_googleplus,RF,mbuist,mbuist,1,1.0,0.357143,1.0,0.684211,1
pairs_twitter_googleplus,RF,webgirl,hoosierteacher,0,0.915,0.0,0.307692,0.208333,1
pairs_twitter_googleplus,RF,patrickklepek,patrickklepek,1,1.0,1.0,0.464286,0.5,1
pairs_twitter_googleplus,RF,nicolewong,nicolewong,1,1.0,1.0,1.0,1.0,1
pairs_twitter_googleplus,RF,danielgohl,danielgohl,1,1.0,1.0,1.0,1.0,1
pairs_twitter_googleplus,RF,susanaayala,susanaayala,1,1.0,0.538462,1.0,0.8125,1
pairs_twitter_googleplus,RF,defyrecordings,defyrecordings,1,1.0,0.0,1.0,0.451613,1
pairs_twitter_googleplus,RF,oulmidianas,oulmidianas,1,1.0,0.818182,1.0,0.8,1
pairs_twitter_googleplus,RF,dianamrodriguez,dianamrodriguez,1,1.0,0.285714,1.0,0.888889,1
pairs_twitter_googleplus,RF,sorgenia,pedrosdh,0,0.739722,0.1875,0.176471,0.190476,0
pairs_twitter_googleplus,RF,galancantu,galancantu,1,1.0,0.307692,0.818182,0.647059,1
pairs_twitter_googleplus,RF,dextress,dextress,1,1.0,0.333333,1.0,0.92,1
pairs_twitter_googleplus,RF,pjteixeira,pjteixeira,1,1.0,0.0,1.0,0.619048,1
pairs_twitter_googleplus,RF,rdvnfrtn,rdvnfrtn,1,0.993333,0.285714,0.37931,0.4,1
pairs_twitter_googleplus,RF,hilo,hilo,1,1.0,0.214286,0.636364,0.631579,1
pairs_twitter_googleplus,RF,cefm,chankafai,0,1.0,0.0,0.636364,0.5,1
pairs_twitter_googleplus,RF,thomasgerstmann,thomasgerstmann,1,1.0,0.6,1.0,0.736842,1
pairs_twitter_googleplus,RF,kylewiebalk,kylewiebalk,1,1.0,1.0,1.0,1.0,1
pairs_twitter_googleplus,RF,giacomoardesi,giacomoardesi,1,1.0,1.0,1.0,1.0,1
pairs_twitter_googleplus,RF,ivanlajara,ivanlajara,1,1.0,1.0,1.0,1.0,1
pairs_twitter_googleplus,RF,juangomis,juangomis,1,1.0,0.7,0.529412,0.52381,1
pairs_twitter_googleplus,RF,elianacubillos,juliehunter,0,0.86,0.277778,0.0,0.162162,0
pairs_twitter_googleplus,RF,dhernandezv,dhernandezv,1,1.0,0.055556,1.0,0.68,1
pairs_twitter_googleplus,RF,ricardoanton,ricardoanton,1,1.0,1.0,1.0,1.0,1
pairs_twitter_googleplus,RF,victorjceron,victorjceron,1,1.0,0.5,0.75,0.611111,1
pairs_twitter_googleplus,RF,mattshultz,mattshultz,1,1.0,0.818182,0.714286,0.631579,1
pairs_twitter_googleplus,RF,skyjunior203,iltonjr,0,0.933333,0.217391,0.0,0.108696,0
pairs_twitter_googleplus,RF,jimmyblocksom,jimmyblocksom,1,1.0,1.0,1.0,1.0,1
pairs_twitter_googleplus,RF,luisdeseta,luisdeseta,1,1.0,1.0,0.25,0.631579,1
pairs_twitter_googleplus,RF,weknow,johnrefford,0,0.839167,0.285714,0.0,0.208333,1
pairs_twitter_googleplus,RF,philipcummins,philipcummins,1,1.0,0.8,1.0,0.75,1
pairs_twitter_googleplus,RF,germanscoglio,germanscoglio,1,1.0,0.5,0.785714,0.722222,1
pairs_twitter_googleplus,RF,mdheard,mdheard,1,1.0,0.222222,0.533333,0.5,1
pairs_twitter_googleplus,RF,calinsapunaru,calinsapunaru,1,1.0,1.0,1.0,1.0,1
pairs_twitter_googleplus,RF,cleutonsilva,cleutonsilva,1,1.0,0.4375,0.705882,0.636364,1
pairs_twitter_googleplus,RF,osum,osum,1,1.0,0.0,0.6875,0.521739,1
pairs_twitter_googleplus,RF,fotomaf,fotomaf,1,0.99,0.0625,0.428571,0.372093,1
pairs_twitter_googleplus,RF,julieoli,motivationdoc,0,0.74,0.272727,0.24,0.275862,0
pairs_twitter_googleplus,RF,tuxotaku,tuxotaku,1,1.0,0.0,1.0,0.5,1
pairs_twitter_googleplus,RF,ssidwashere,tomwalters,0,0.936667,0.333333,0.025,0.18,1
pairs_twitter_googleplus,RF,antone,antone,1,1.0,1.0,0.444444,0.517241,1
pairs_twitter_googleplus,RF,dawnfraser,dawnfraser,1,1.0,0.045455,1.0,0.448276,1
pairs_twitter_googleplus,RF,vinothnatarajan,vinothnatarajan,1,0.86,0.3125,0.333333,0.35,1
pairs_twitter_googleplus,RF,aydensims,hayday,0,0.956667,0.272727,0.230769,0.3125,1
pairs_twitter_googleplus,RF,adonispointer,careybhartman,0,0.793333,0.214286,0.0,0.125,0
pairs_twitter_googleplus,RF,donmik,mrebollo,0,0.945,0.0,0.384615,0.24,1
pairs_twitter_googleplus,RF,leandromaioral,leandromaioral,1,1.0,1.0,1.0,1.0,1
pairs_twitter_googleplus,RF,christianfarley,christianfarley,1,1.0,0.04,1.0,0.533333,1
pairs_twitter_googleplus,RF,darrenscotland,darrenscotland,1,1.0,1.0,1.0,1.0,1
pairs_twitter_googleplus,RF,nickclark,nickclark,1,1.0,0.333333,1.0,0.565217,1
pairs_twitter_googleplus,RF,vehpus,vehpus,1,0.986667,0.0,0.428571,0.351351,1
pairs_twitter_googleplus,RF,jamesforeman,jamesforeman,1,1.0,0.785714,0.857143,0.666667,1
pairs_twitter_googleplus,RF,joseguimaraes,joseguimaraes,1,1.0,0.428571,0.6,0.52381,1
pairs_twitter_googleplus,RF,briangreen,briangreer,0,1.0,0.214286,0.818182,0.588235,1
pairs_twitter_googleplus,RF,bobbychuck,bobbychuck,1,0.996667,0.45,0.0,0.384615,1
pairs_twitter_googleplus,RF,cahyaaa,cahyaaa,1,0.986667,0.5,0.5,0.421053,1
pairs_twitter_googleplus,RF,solutionsinla,ronlute,0,0.836667,0.285714,0.3125,0.272727,1
pairs_twitter_googleplus,RF,rtwgirl,rtwgirl,1,0.87,0.185185,0.038462,0.444444,1
pairs_twitter_googleplus,RF,robertjonathan,billywatson,0,0.97,0.333333,0.0,0.21875,1
pairs_twitter_googleplus,RF,bobbibooker,bobbibooker,1,1.0,0.0,1.0,0.434783,1
pairs_twitter_googleplus,RF,lisasadleir,lisasadleir,1,1.0,0.0,1.0,0.44,1
pairs_twitter_googleplus,RF,booyabobby,booyabobby,1,1.0,0.363636,0.571429,0.666667,1
pairs_twitter_googleplus,RF,tondin,tondin,1,1.0,0.384615,1.0,0.882353,1
pairs_twitter_googleplus,RF,giulianonardin,giulianonardin,1,1.0,0.214286,1.0,0.789474,1
pairs_twitter_googleplus,RF,kengao,kengao,1,1.0,1.0,0.571429,0.777778,1
pairs_twitter_googleplus,RF,gordonogden,gordonogden,1,1.0,1.0,1.0,1.0,1
pairs_twitter_googleplus,RF,divaka,deepeshmd,0,0.776667,0.3125,0.277778,0.272727,0
pairs_twitter_googleplus,RF,slakker9,jacksoncruz,0,0.976667,0.4,0.25,0.296296,0
pairs_twitter_googleplus,RF,edelomahony,edelomahony,1,1.0,0.666667,1.0,0.65,1
pairs_twitter_googleplus,RF,mcammuso,mcammuso,1,1.0,0.315789,1.0,0.909091,1
pairs_twitter_googleplus,RF,fangkay,fangkay,1,1.0,0.75,1.0,0.833333,1
pairs_twitter_googleplus,RF,tikves,tikves,1,1.0,0.625,1.0,0.916667,1
pairs_twitter_googleplus,RF,catinamurillo,catinamurillo,1,1.0,0.047619,1.0,0.538462,1
pairs_twitter_googleplus,RF,davefrost,davefrost,1,1.0,1.0,1.0,1.0,1
pairs_twitter_googleplus,RF,alexandrasampaiopassaro,alexandrasampaiopassaro,1,1.0,0.04,0.818182,0.645161,1
pairs_twitter_googleplus,RF,joshdirks,joshdirks,1,1.0,0.636364,0.666667,0.625,1
pairs_twitter_googleplus,RF,sigurdson,sigurdson,1,1.0,0.666667,0.722222,0.75,1
pairs_twitter_googleplus,RF,thelmabowlen,thelmabowlen,1,1.0,1.0,1.0,1.0,1
pairs_twitter_googleplus,RF,huzaifasial,huzaifasial,1,1.0,1.0,1.0,1.0,1
pairs_twitter_googleplus,RF,gabetaviano,gabetaviano,1,1.0,1.0,1.0,1.0,1
pairs_twitter_googleplus,RF,christiankoestlin,christiankoestlin,1,1.0,0.0,0.8125,0.5,1
pairs_twitter_googleplus,RF,stuttgarter,stuttgarter,1,1.0,0.086957,1.0,0.607143,1
pairs_twitter_googleplus,RF,ayamuz,ayamuz,1,1.0,0.153846,0.769231,0.55,1
pairs_twitter_googleplus,RF,rmzindorf,rmzindorf,1,1.0,0.5,1.0,0.8125,1
pairs_twitter_googleplus,RF,cramirezmonforte,cocorocha,0,1.0,0.0,0.555556,0.352941,1
pairs_twitter_googleplus,RF,jcriqqelme,jcriqqelme,1,1.0,0.178571,0.703704,0.583333,1
pairs_twitter_googleplus,RF,someonesomebody,scottcarter19,0,0.793333,0.214286,0.0,0.125,0
pairs_twitter_googleplus,RF,fadra,fadra,1,1.0,0.375,1.0,0.55,1
pairs_twitter_googleplus,RF,zivgillat,zivgillat,1,1.0,0.625,1.0,0.916667,1
pairs_twitter_googleplus,RF,kadehara,papatyakaradede,0,1.0,0.357143,0.0,0.259259,1
pairs_twitter_googleplus,RF,davequick,davequick,1,1.0,0.666667,0.7,0.529412,1
pairs_twitter_googleplus,RF,zigah,zigah,1,1.0,0.214286,0.857143,0.590909,1
pairs_twitter_googleplus,RF,axmai,axmai,1,1.0,0.333333,1.0,0.7,1
pairs_twitter_googleplus,RF,paolofrancescosita,theomeder,0,0.996667,0.333333,0.0,0.181818,1
pairs_twitter_googleplus,RF,santoyuniarsa,paalll,0,0.756667,0.214286,0.0,0.190476,0
pairs_twitter_googleplus,RF,carsonjgallo,carsonjgallo,1,1.0,0.769231,0.866667,0.842105,1
pairs_twitter_googleplus,RF,alanrust,alanrust,1,1.0,0.7,1.0,0.666667,1
pairs_twitter_googleplus,RF,erinmartin,erinmartin,1,1.0,0.0,1.0,0.5,1
pairs_twitter_googleplus,RF,kevinbuckstiegel,kevinbuckstiegel,1,1.0,0.0,1.0,0.459459,1
pairs_twitter_googleplus,RF,sawaiemohammed,sawaiemohammed,1,1.0,1.0,1.0,1.0,1
pairs_twitter_googleplus,RF,jonsuk,jonsuk,1,1.0,1.0,1.0,1.0,1
pairs_twitter_googleplus,RF,carolinedeleuze,carolinedeleuze,1,1.0,1.0,1.0,1.0,1
pairs_twitter_googleplus,RF,michikunz77,michikunz77,1,1.0,0.428571,0.785714,0.65,1
pairs_twitter_googleplus,RF,omgchad,chadkopca,0,0.913333,0.25,0.333333,0.3125,1
pairs_twitter_googleplus,RF,attila,attila,1,1.0,1.0,1.0,1.0,1
pairs_twitter_googleplus,RF,keaven,kengao,0,0.956667,0.25,0.222222,0.333333,1
pairs_twitter_googleplus,RF,mrobertsonline,mrobertsonline,1,1.0,0.375,1.0,0.6,1
pairs_twitter_googleplus,RF,djteo,djteo,1,1.0,1.0,1.0,1.0,1
pairs_twitter_googleplus,RF,massimodesantis,massimodesantis,1,1.0,1.0,1.0,1.0,1
pairs_twitter_googleplus,RF,leninluna,leninluna,1,1.0,1.0,1.0,1.0,1
pairs_twitter_googleplus,RF,losangelas,losangelas,1,1.0,1.0,1.0,1.0,1
pairs_twitter_googleplus,RF,heathernolan,heathernolan,1,1.0,1.0,0.423077,0.482759,1
pairs_twitter_googleplus,RF,jacksonlo,jacksonlo,1,1.0,0.7,1.0,0.785714,1
pairs_twitter_googleplus,RF,tommyflovildengebretsen,tommyflovildengebretsen,1,1.0,0.666667,0.666667,0.862069,1
pairs_twitter_googleplus,RF,karineardault,karineardault,1,1.0,1.0,1.0,1.0,1
pairs_twitter_googleplus,RF,luaisultan,luaisultan,1,1.0,1.0,0.0,0.625,1
pairs_twitter_googleplus,RF,gabelittle,gabelittle,1,1.0,1.0,0.4,0.444444,1
pairs_twitter_googleplus,RF,howtobearedhead,howtobearedhead,1,1.0,1.0,0.5625,0.638889,1
pairs_twitter_googleplus,RF,mbstuart,mbstuart,1,1.0,0.428571,0.866667,0.8,1
pairs_twitter_googleplus,RF,sharonlflynn,sharonlflynn,1,1.0,0.75,1.0,0.8,1
pairs_twitter_googleplus,RF,devonabejo,vonatron,0,0.91,0.117647,0.416667,0.259259,1
pairs_twitter_googleplus,RF,pantinozzi,pantinozzi,1,0.948333,0.0,0.428571,0.264706,1
pairs_twitter_googleplus,RF,dayveeka,dayveeka,1,0.846667,0.055556,0.384615,0.318182,1
pairs_twitter_googleplus,RF,telmamelo,telmamelo,1,1.0,0.214286,1.0,0.5,1
pairs_twitter_googleplus,RF,danieltaylor,danieltaylor,1,1.0,0.0,1.0,0.565217,1
pairs_twitter_googleplus,RF,schalaschly,schalaschly,1,1.0,0.533333,1.0,0.894737,1
pairs_twitter_googleplus,RF,jopyrah,jopyrah,1,1.0,0.5,1.0,0.529412,1
pairs_twitter_googleplus,RF,rabbitrunz,albirabbit,0,0.966667,0.384615,0.0,0.16129,1
pairs_twitter_googleplus,RF,andrewwilkins,andrewwilkins,1,1.0,0.0,1.0,0.56,1
pairs_twitter_googleplus,RF,eliasmanopla,eliasmanopla,1,1.0,0.636364,1.0,0.875,1
pairs_twitter_googleplus,RF,oleandreas,oleandreas,1,1.0,0.6,1.0,0.909091,1
pairs_twitter_googleplus,RF,melissachusid,melissachusid,1,1.0,0.117647,0.722222,0.608696,1
pairs_twitter_googleplus,RF,ricardopontes,ricardopontes,1,1.0,1.0,1.0,1.0,1
pairs_twitter_googleplus,RF,capdiaz,capdiaz,1,1.0,0.235294,0.789474,0.76,1
pairs_twitter_googleplus,RF,kurtkelly,kelly,0,1.0,0.454545,0.384615,0.533333,1
pairs_twitter_googleplus,RF,wrry,daveballesteros,0,0.646508,0.095238,0.043478,0.074074,0
pairs_twitter_googleplus,RF,prisqua,prisqua,1,1.0,0.5,0.461538,0.5,1
pairs_twitter_googleplus,RF,keithlucas,keithlucas,1,1.0,0.333333,1.0,0.647059,1
pairs_twitter_googleplus,RF,imajo0od,imajo0od,1,0.996667,0.416667,0.0,0.230769,1
pairs_twitter_googleplus,RF,joelduggan,joelduggan,1,1.0,1.0,1.0,1.0,1
pairs_twitter_googleplus,RF,chrismalenab,chrismalenab,1,1.0,0.555556,1.0,0.909091,1
pairs_twitter_googleplus,RF,mayka,mayka,1,1.0,0.571429,1.0,0.8,1
pairs_twitter_googleplus,RF,nikolastojkovic,604homes,0,0.96,0.266667,0.25,0.315789,0
pairs_twitter_googleplus,RF,wicker,aimeesparadise,0,0.953333,0.388889,0.235294,0.27027,1
pairs_twitter_googleplus,RF,javierandreu,chandrafree,0,1.0,0.5,0.428571,0.388889,1
pairs_twitter_googleplus,RF,cyantifik,cyantifik,1,1.0,0.421053,0.846154,0.875,1
pairs_twitter_googleplus,RF,jjamor,jjamor,1,1.0,0.25,0.571429,0.611111,1
pairs_twitter_googleplus,RF,agustinamate,agustinamate,1,0.986667,0.45,0.434783,0.444444,1
pairs_twitter_googleplus,RF,kenkaufman,kenkaufman,1,1.0,0.9,1.0,0.916667,1
pairs_twitter_googleplus,RF,esrad,esrad,1,1.0,0.363636,0.3,0.333333,1
pairs_twitter_googleplus,RF,williamchong,williamchong,1,1.0,0.285714,1.0,0.684211,1
pairs_twitter_googleplus,RF,vaduvaiulian,davidemontanaro,0,0.695278,0.210526,0.0,0.208333,1
pairs_twitter_googleplus,RF,adeanom,adeanom,1,1.0,1.0,0.875,1.0,1
pairs_twitter_googleplus,RF,subigya,subigya,1,1.0,0.545455,0.25,0.615385,1
pairs_twitter_googleplus,RF,mducoffre,shopgialuxe,0,0.786667,0.222222,0.0,0.125,0
pairs_twitter_googleplus,RF,joshfinnie,joshfinnie,1,1.0,1.0,1.0,1.0,1
pairs_twitter_googleplus,RF,hardeeps,hardeeps,1,1.0,0.0,1.0,0.586207,1
pairs_twitter_googleplus,RF,indiedo,indiedo,1,1.0,0.117647,0.6875,0.681818,1
pairs_twitter_googleplus,RF,fabds,fazk,0,0.6225,0.181818,0.181818,0.1875,1
pairs_twitter_googleplus,RF,ww1way,trotro,0,0.643333,0.055556,0.0,0.045455,1
pairs_twitter_googleplus,RF,orenbennett,orenbennett,1,1.0,0.454545,1.0,0.8,1
pairs_twitter_googleplus,RF,lilliammdez,lilliammdez,1,1.0,0.615385,0.857143,0.833333,1
pairs_twitter_googleplus,RF,putuebo,putuebo,1,1.0,1.0,1.0,1.0,1
pairs_twitter_googleplus,RF,jimbrady,jimbrady,1,1.0,0.777778,1.0,0.714286,1
pairs_twitter_googleplus,RF,mikejesse,mikejesse,1,1.0,0.357143,1.0,0.588235,1
pairs_twitter_googleplus,RF,artwitholiveri,artwitholiveri,1,1.0,0.285714,0.625,0.592593,1
pairs_twitter_googleplus,RF,gatosg,gatosg,1,1.0,0.454545,1.0,0.928571,1
pairs_twitter_googleplus,RF,l0ckergn0me,l0ckergn0me,1,1.0,1.0,0.423077,0.482759,1
pairs_twitter_googleplus,RF,almowhed,almowhed,1,1.0,0.5,0.0,0.233333,1
pairs_twitter_googleplus,RF,marlymcmillen,mariamjameel,0,0.983333,0.357143,0.153846,0.315789,1
pairs_twitter_googleplus,RF,malibumuffie,malibumuffie,1,1.0,1.0,1.0,1.0,1
pairs_twitter_googleplus,RF,cheneselewis,cheneselewis,1,1.0,1.0,0.428571,0.483871,1
pairs_twitter_googleplus,RF,dietmarhoffmann,plusjack,0,0.613333,0.0,0.0,0.085714,1
pairs_twitter_googleplus,RF,pabloolmeda,pabloolmeda,1,1.0,0.714286,1.0,0.684211,1
pairs_twitter_googleplus,RF,cigarmob,cigarmob,1,1.0,0.0,1.0,0.6,1
pairs_twitter_googleplus,RF,gabriel89,gabriel89,1,1.0,0.0,0.866667,0.6,1
pairs_twitter_googleplus,RF,stevei,xpsteven,0,1.0,0.5,0.4,0.357143,1
pairs_twitter_googleplus,RF,squirrelytonks,squirrelytonks,1,0.97,0.363636,0.333333,0.484848,1
pairs_twitter_googleplus,RF,davefernandez,dheras,0,1.0,0.142857,0.421053,0.346154,1
pairs_twitter_googleplus,RF,ekiafoto,davefernandez,0,1.0,0.0,1.0,0.555556,1
pairs_twitter_googleplus,RF,galuhparantri,galuhparantri,1,1.0,0.117647,1.0,0.636364,1
pairs_twitter_googleplus,RF,munait,munait,1,1.0,0.2,1.0,0.75,1
pairs_twitter_googleplus,RF,globomarketing,martinpombo,0,0.986667,0.333333,0.25,0.333333,0
pairs_twitter_googleplus,RF,briantmarquis,briantmarquis,1,1.0,1.0,0.857143,0.888889,1
pairs_twitter_googleplus,RF,dianagonzalezgonzalez,dianagonzalezgonzalez,1,1.0,0.769231,0.785714,0.736842,1
pairs_twitter_googleplus,RF,juniortv,juniortv,1,0.983333,0.333333,0.482759,0.428571,1
pairs_twitter_googleplus,RF,ednaroberta,ednaroberta,1,1.0,1.0,1.0,1.0,1
pairs_twitter_googleplus,RF,haivo,rebecamandm,0,0.69,0.214286,0.0,0.142857,1
pairs_twitter_googleplus,RF,frederickpolk,frederickpolk,1,1.0,1.0,0.785714,0.933333,1
pairs_twitter_googleplus,RF,tonydiehl,tonydiehl,1,1.0,1.0,1.0,1.0,1
pairs_twitter_googleplus,RF,marshallwright,marshallwright,1,1.0,1.0,1.0,1.0,1
pairs_twitter_googleplus,RF,rachelcampion,yimozhang,0,0.676667,0.0,0.304348,0.179487,1
pairs_twitter_googleplus,RF,vehiclehistory,vlhorton,0,0.843333,0.266667,0.294118,0.285714,0
pairs_twitter_googleplus,RF,fridaynimh,alandrew,0,1.0,0.0,0.625,0.388889,1
pairs_twitter_googleplus,RF,timford,timford,1,1.0,0.0,1.0,0.307692,1
pairs_twitter_googleplus,RF,mikescott8,mikescott8,1,1.0,0.529412,0.363636,0.527778,1
pairs_twitter_googleplus,RF,catchtorolav,catchtorolav,1,1.0,0.352941,1.0,0.695652,1
pairs_twitter_googleplus,RF,michaelwitham,michaelwitham,1,1.0,0.384615,1.0,0.823529,1
pairs_twitter_googleplus,RF,fazk,fazk,1,1.0,0.166667,1.0,0.529412,1
pairs_twitter_googleplus,RF,samportillo,samportillo,1,0.996667,1.0,0.181818,0.857143,1
pairs_twitter_googleplus,RF,aajain,aajain,1,1.0,0.0,1.0,0.636364,1
pairs_twitter_googleplus,RF,habuw,habuw,1,0.99,0.75,0.368421,0.5,1
pairs_twitter_googleplus,RF,sueblack,sueblack,1,1.0,0.4,0.533333,0.526316,1
pairs_twitter_googleplus,RF,mpulido,mpulido,1,1.0,0.333333,0.85,0.833333,1
pairs_twitter_googleplus,RF,billelsey,billelsey,1,1.0,1.0,1.0,1.0,1
pairs_twitter_googleplus,RF,mnantais,mnantais,1,1.0,0.307692,1.0,0.722222,1
pairs_twitter_googleplus,RF,yurtake,yurtake,1,1.0,1.0,0.0,0.333333,1
pairs_twitter_googleplus,RF,idsphotographers,idsphotographers,1,1.0,0.041667,1.0,0.518519,1
pairs_twitter_googleplus,RF,jorgeluisgatica,jorgeluisgatica,1,1.0,1.0,1.0,1.0,1
pairs_twitter_googleplus,RF,esavestheworld,esavestheworld,1,1.0,0.0,1.0,0.4,1
pairs_twitter_googleplus,RF,daimanuel,daimanuel,1,0.996667,1.0,0.36,0.428571,1
pairs_twitter_googleplus,RF,noslo,noslo,1,1.0,0.066667,1.0,0.6,1
pairs_twitter_googleplus,RF,mvismara,mvismara,1,1.0,0.058824,1.0,0.590909,1
pairs_twitter_googleplus,RF,swissmountainleader,xntrek,0,0.696667,0.0,0.2,0.125,0
pairs_twitter_googleplus,RF,mestizo,erikkropp,0,0.701988,0.0,0.0,0.045455,0
pairs_twitter_googleplus,RF,biancajsmith,biancajsmith,1,1.0,0.75,0.846154,0.722222,1
pairs_twitter_googleplus,RF,patton,patton,1,1.0,0.714286,0.625,0.7,1
pairs_twitter_googleplus,RF,trewmusic,jakew,0,1.0,0.052632,0.642857,0.4,1
pairs_twitter_googleplus,RF,tinrocket,trewmusic,0,1.0,0.357143,0.333333,0.388889,0
pairs_twitter_googleplus,RF,muhammadghazali,muhammadghazali,1,1.0,0.571429,1.0,0.888889,1
pairs_twitter_googleplus,RF,hawaii,hawaii,1,0.713333,0.181818,0.36,0.3125,1
pairs_twitter_googleplus,RF,socialstephen,socialstephen,1,1.0,0.368421,1.0,0.727273,1
pairs_twitter_googleplus,RF,vabisin,vabisin,1,0.996667,0.4375,0.0,0.259259,1
pairs_twitter_googleplus,RF,jsprasanna,jsprasanna,1,1.0,0.157895,0.833333,0.592593,1
pairs_twitter_googleplus,RF,patmuldowney,patmuldowney,1,1.0,0.625,0.375,0.388889,1
pairs_twitter_googleplus,RF,rebekahradice,rebekahradice,1,1.0,1.0,0.448276,0.483871,1
pairs_twitter_googleplus,RF,ricardollera,ricardollera,1,1.0,1.0,1.0,1.0,1
pairs_twitter_googleplus,RF,jasonbmckinnon,jasonbmckinnon,1,1.0,0.769231,1.0,0.8125,1
pairs_twitter_googleplus,RF,yamasoto,makou,0,1.0,0.333333,0.3125,0.368421,1
pairs_twitter_googleplus,RF,michaeltapp,michaeltapp,1,1.0,1.0,1.0,1.0,1
pairs_twitter_googleplus,RF,martinhabacher,martinhabacher,1,1.0,0.538462,1.0,0.941176,1
pairs_twitter_googleplus,RF,tuncelmas,tuncelmas,1,1.0,0.666667,0.642857,0.6875,1
pairs_twitter_googleplus,RF,pamallen68,miph,0,0.86,0.214286,0.0,0.115385,1
pairs_twitter_googleplus,RF,rashdan82,rashdan82,1,0.993333,0.538462,0.0,0.266667,1
pairs_twitter_googleplus,RF,massimosaviotti,massimosaviotti,1,1.0,0.043478,1.0,0.571429,1
pairs_twitter_googleplus,RF,calculatedstepz,ilovenateb,0,0.8875,0.294118,0.0,0.15625,1
pairs_twitter_googleplus,RF,annagunderson,annagunderson,1,1.0,1.0,1.0,1.0,1
pairs_twitter_googleplus,RF,zarasyed,zarasyed,1,0.993333,0.4,0.041667,0.266667,1
pairs_twitter_googleplus,RF,bryanleung,treestar,0,0.793333,0.222222,0.0,0.085714,1
pairs_twitter_googleplus,RF,michelejmartin,michelejmartin,1,1.0,0.733333,0.9375,0.8,1
pairs_twitter_googleplus,RF,jeremyamoore,jeremyamoore,1,1.0,0.727273,0.833333,0.705882,1
pairs_twitter_googleplus,RF,sstiavetti,sstiavetti,1,0.993333,0.4375,0.142857,0.448276,1
pairs_twitter_googleplus,RF,toddwalsh,toddwalsh,1,1.0,0.157895,1.0,0.6,1
pairs_twitter_googleplus,RF,pbrady,serantes,0,0.739722,0.1875,0.176471,0.190476,0
pairs_twitter_googleplus,RF,gerty,gerty,1,1.0,0.444444,1.0,0.923077,1
pairs_twitter_googleplus,RF,kevinmichaelr,kevinmichaelr,1,1.0,0.0,1.0,0.478261,1
pairs_twitter_googleplus,RF,chiragbatra,chiragbatra,1,1.0,1.0,1.0,1.0,1
pairs_twitter_googleplus,RF,ideasandrew,ideasandrew,1,1.0,1.0,1.0,1.0,1
pairs_twitter_googleplus,RF,timlai,timlai,1,0.99,0.4,1.0,0.466667,1
pairs_twitter_googleplus,RF,jesusmargon,jesusmargon,1,1.0,0.368421,0.409091,0.448276,1
pairs_twitter_googleplus,RF,amccrim,adamaoc,0,1.0,0.0,0.833333,0.428571,1
pairs_twitter_googleplus,RF,webnelly,webnelly,1,1.0,0.0,1.0,0.392857,1
pairs_twitter_googleplus,RF,jsfernando,jsfernando,1,1.0,0.785714,0.866667,0.7,1
pairs_twitter_googleplus,RF,calligrafist,calligrafist,1,1.0,0.047619,1.0,0.5,1
pairs_twitter_googleplus,RF,marcdomingo,marcdomingo,1,1.0,0.277778,1.0,0.521739,1
pairs_twitter_googleplus,RF,mabosekina,mabosekina,1,1.0,0.5625,1.0,0.95,1
pairs_twitter_googleplus,RF,cindyratzlaff,cindyratzlaff,1,1.0,0.411765,1.0,0.904762,1
pairs_twitter_googleplus,RF,usmanarif,bintangdiwasjati,0,0.9,0.285714,0.26087,0.296296,0
pairs_twitter_googleplus,RF,craigdrummond,craigdrummond,1,1.0,0.0,1.0,0.56,1
pairs_twitter_googleplus,RF,lovingjem25,jaimyers,0,0.701988,0.0,0.0,0.045455,1
pairs_twitter_googleplus,RF,starbuckspitfire,starbuckspitfire,1,0.996667,0.0,0.571429,0.32,1
pairs_twitter_googleplus,RF,zachkouwe,zachkouwe,1,1.0,0.4,1.0,0.666667,1
pairs_twitter_googleplus,RF,jnfotos,jnfotos,1,1.0,0.222222,1.0,0.565217,1
pairs_twitter_googleplus,RF,adaospina,adaospina,1,1.0,0.153846,0.777778,0.625,1
pairs_twitter_googleplus,RF,jeanfrancoislabelle,elleiconlee,0,0.949722,0.25,0.363636,0.277778,1
pairs_twitter_googleplus,RF,monismith,craftymummy,0,0.996667,0.461538,0.083333,0.28,1
pairs_twitter_googleplus,RF,rebeccateldja,rebeccateldja,1,1.0,1.0,0.857143,1.0,1
pairs_twitter_googleplus,RF,paultakeuchi,paultakeuchi,1,1.0,0.388889,0.454545,0.37931,1
pairs_twitter_googleplus,RF,griscuevasz,griscuevasz,1,1.0,0.222222,0.555556,0.5,1
pairs_twitter_googleplus,RF,fierzafajri,fierzafajri,1,1.0,0.714286,0.217391,0.461538,1
pairs_twitter_googleplus,RF,ekswitaj,ekswitaj,1,1.0,0.3125,0.833333,0.73913,1
pairs_twitter_googleplus,RF,melindamoses,melindamoses,1,1.0,0.5,1.0,0.866667,1
pairs_twitter_googleplus,RF,franciscojimenez,crishnakh,0,1.0,0.210526,0.5,0.407407,1
pairs_twitter_googleplus,RF,spyroslangkos,spyroslangkos,1,1.0,0.833333,0.846154,0.866667,1
pairs_twitter_googleplus,RF,ivanataylor,ivanataylor,1,1.0,0.0,0.458333,0.851852,1
pairs_twitter_googleplus,RF,scarlettran,scarlettran,1,1.0,1.0,0.65,0.772727,1
pairs_twitter_googleplus,RF,snarah,snarah,1,1.0,0.166667,1.0,0.791667,1
pairs_twitter_googleplus,RF,garthdb,garthdb,1,1.0,0.285714,1.0,0.736842,1
pairs_twitter_googleplus,RF,alessandrotimpanaro,alessandrotimpanaro,1,1.0,0.769231,0.157895,0.521739,1
pairs_twitter_googleplus,RF,romcalbc,romcalbc,1,1.0,0.133333,1.0,0.5,1
pairs_twitter_googleplus,RF,jagonsu,jagonsu,1,0.993333,0.375,0.45,0.73913,1
pairs_twitter_googleplus,RF,atomicdarinka,atomicdarinka,1,1.0,0.6,0.4375,0.525,1
pairs_twitter_googleplus,RF,mauriziosartori,mauriziosartori,1,1.0,0.1,1.0,0.6,1
pairs_twitter_googleplus,RF,kylepearce,kylepearce,1,1.0,0.0,1.0,0.611111,1
pairs_twitter_googleplus,RF,enricvega,enricvega,1,1.0,1.0,1.0,1.0,1
pairs_twitter_googleplus,RF,bradkoehn,markmayer,0,0.776667,0.363636,0.047619,0.152174,0
pairs_twitter_googleplus,RF,paolomorelli,paolomorelli,1,1.0,0.428571,1.0,0.92,1
pairs_twitter_googleplus,RF,gletham,gletham,1,1.0,0.666667,1.0,0.923077,1
pairs_twitter_googleplus,RF,danhurlbut,danhurlbut,1,1.0,1.0,1.0,1.0,1
pairs_twitter_googleplus,RF,nextjen,genedexter,0,0.896667,0.266667,0.0,0.148148,1
pairs_twitter_googleplus,RF,joseantoniorodriguez,joseantoniorodriguez,1,0.986667,0.095238,0.416667,0.363636,1
pairs_twitter_googleplus,RF,jamesmcknight,jamesmcknight,1,1.0,0.117647,1.0,0.636364,1
pairs_twitter_googleplus,RF,kathleenjoyce,kathleenjoyce,1,1.0,0.266667,1.0,0.7,1
pairs_twitter_googleplus,RF,divanotrite,adrianarodriguez,0,1.0,0.095238,0.555556,0.4,1
pairs_twitter_googleplus,RF,ickledot,ickledot,1,1.0,0.0,1.0,0.55,1
pairs_twitter_googleplus,RF,rayhowe,rayhowe,1,1.0,1.0,1.0,1.0,1
pairs_twitter_googleplus,RF,erinalbert,yusukeito,0,0.530667,0.181818,0.2,0.222222,0
pairs_twitter_googleplus,RF,danstasiewski,danstasiewski,1,1.0,1.0,1.0,1.0,1
pairs_twitter_googleplus,RF,nimamoinpour,nimamoinpour,1,1.0,0.0,1.0,0.541667,1
pairs_twitter_googleplus,RF,abcheikh,abcheikh,1,1.0,0.0,1.0,0.727273,1
pairs_twitter_googleplus,RF,brownsdon,brownsdon,1,1.0,0.533333,0.705882,0.7,1
pairs_twitter_googleplus,RF,adrianaortizgalbe,adrianaortizgalbe,1,1.0,0.142857,1.0,0.678571,1
pairs_twitter_googleplus,RF,rayzorback,burakkayzum,0,0.739722,0.1875,0.176471,0.190476,1
pairs_twitter_googleplus,RF,isaacsunkes,isaacsunkes,1,1.0,0.6,1.0,0.928571,1
pairs_twitter_googleplus,RF,kentspeakman,kentspeakman,1,1.0,1.0,0.444444,0.5,1
pairs_twitter_googleplus,RF,benjaminyeurch,benjaminyeurch,1,1.0,1.0,1.0,1.0,1
pairs_twitter_googleplus,RF,bazzoliserena,bazzoliserena,1,1.0,0.578947,0.384615,0.521739,1
pairs_twitter_googleplus,RF,itxavel,itxavel,1,1.0,0.315789,0.8125,0.791667,1
pairs_twitter_googleplus,RF,taymoor,taymoor,1,1.0,0.6,1.0,0.866667,1
pairs_twitter_googleplus,RF,leiah,tiagohsleite,0,0.99,0.4,0.272727,0.333333,1
pairs_twitter_googleplus,RF,paullanzerstorfer,paullanzerstorfer,1,1.0,0.2,1.0,0.68,1
pairs_twitter_googleplus,RF,brianayers,brianayers,1,1.0,1.0,1.0,1.0,1
pairs_twitter_googleplus,RF,iwankanda,iwankanda,1,1.0,0.7,1.0,0.666667,1
pairs_twitter_googleplus,RF,cameronmagruder,cameronmagruder,1,1.0,0.368421,0.482759,0.432432,1
pairs_twitter_googleplus,RF,plongo,plongo,1,1.0,0.333333,1.0,0.588235,1
pairs_twitter_googleplus,RF,pauley,pauley,1,1.0,0.214286,1.0,0.736842,1
pairs_twitter_googleplus,RF,netpierre,netpierre,1,1.0,0.454545,0.9,0.625,1
pairs_twitter_googleplus,RF,russellvjward,russellvjward,1,1.0,0.642857,1.0,0.631579,1
pairs_twitter_googleplus,RF,justkimonline,justkimonline,1,1.0,0.571429,0.565217,0.851852,1
pairs_twitter_googleplus,RF,artcoulson,artcoulson,1,1.0,0.0,1.0,0.407407,1
pairs_twitter_googleplus,RF,siricui,aaronrcouch,0,0.444222,0.0,0.08,0.096774,0
pairs_twitter_googleplus,RF,andypiper,andypiper,1,1.0,1.0,0.818182,0.923077,1
pairs_twitter_googleplus,RF,kuntoaji,kuntoaji,1,1.0,0.466667,0.545455,0.380952,1
pairs_twitter_googleplus,RF,fahadalotaibi,sommercollier,0,0.913333,0.214286,0.0,0.111111,0
pairs_twitter_googleplus,RF,jessicajoyce,jessicajoyce,1,1.0,0.538462,0.444444,0.521739,1
pairs_twitter_googleplus,RF,hubertmotleyjr,hubertmotleyjr,1,1.0,0.0,1.0,0.64,1
pairs_twitter_googleplus,RF,brocolinho,brocolinho,1,1.0,0.0,0.772727,0.514286,1
pairs_twitter_googleplus,RF,johnrogers,johnrogers,1,1.0,0.1,0.625,0.615385,1
pairs_twitter_googleplus,RF,antoniogomez,antoniogomez,1,1.0,0.315789,0.526316,0.4,1
pairs_twitter_googleplus,RF,elnous,elnous,1,1.0,0.0,0.571429,0.47619,1
pairs_twitter_googleplus,RF,serveure,serveure,1,1.0,0.05,1.0,0.583333,1
pairs_twitter_googleplus,RF,gerardcorbett,gerardcorbett,1,1.0,0.05,0.866667,0.518519,1
pairs_twitter_googleplus,RF,isracv,isracv,1,1.0,0.176471,0.695652,0.730769,1
pairs_twitter_googleplus,RF,garwinlu,thederbiedone,0,0.85,0.230769,0.214286,0.222222,0
pairs_twitter_googleplus,RF,oisinhurley,oisinhurley,1,0.923333,0.4,0.363636,0.428571,1
pairs_twitter_googleplus,RF,hanoglu,hanoglu,1,0.99,0.357143,0.538462,0.409091,1
pairs_twitter_googleplus,RF,nathangreenberg,nathangreenberg,1,1.0,1.0,1.0,1.0,1
pairs_twitter_googleplus,RF,riddhiman,riddhiman,1,1.0,0.133333,1.0,0.65,1
pairs_twitter_googleplus,RF,rodrigoluna,rodrigoluna,1,1.0,0.909091,0.692308,0.6875,1
pairs_twitter_googleplus,RF,maruxz,marccruz,0,1.0,0.333333,0.3,0.384615,1
pairs_twitter_googleplus,RF,shugo,shugo,1,1.0,0.4,1.0,0.857143,1
pairs_twitter_googleplus,RF,visualem,visualem,1,1.0,0.538462,1.0,0.882353,1
pairs_twitter_googleplus,RF,shaan360,shaan360,1,1.0,0.7,0.777778,0.625,1
pairs_twitter_googleplus,RF,mysmartpuppy,mysmartpuppy,1,1.0,0.52381,0.478261,0.851852,1
pairs_twitter_googleplus,RF,ajcsantiago,ajcsantiago,1,1.0,0.6875,0.75,0.592593,1
pairs_twitter_googleplus,RF,paolobianchi,paulinenee,0,0.996667,0.0,0.5,0.444444,1
pairs_twitter_googleplus,RF,sherifwilliam,sherifwilliam,1,1.0,0.631579,0.65,0.666667,1
pairs_twitter_googleplus,RF,valverdemiguez,valverdemiguez,1,1.0,0.611111,0.55,0.68,1
pairs_twitter_googleplus,RF,zohare,zohare,1,1.0,0.0,1.0,0.571429,1
pairs_twitter_googleplus,RF,jonhowson,jonhowson,1,1.0,0.666667,1.0,0.75,1
pairs_twitter_googleplus,RF,ferminpeluqueros,ferminpeluqueros,1,1.0,0.928571,1.0,0.894737,1
pairs_twitter_googleplus,RF,jeremyblum,jeremyblum,1,1.0,0.058824,1.0,0.619048,1
pairs_twitter_googleplus,RF,damienfranco,damienfranco,1,1.0,1.0,1.0,1.0,1
pairs_twitter_googleplus,RF,amandaabella,amandaabella,1,1.0,1.0,0.444444,0.464286,1
pairs_twitter_googleplus,RF,jagomf,jagomf,1,1.0,1.0,1.0,1.0,1
pairs_twitter_googleplus,RF,hassantawab,hassantawab,1,1.0,1.0,0.588235,0.684211,1
pairs_twitter_googleplus,RF,patriciacanellis,patriciacanellis,1,1.0,0.0,0.727273,0.5625,1
pairs_twitter_googleplus,RF,joemoran,joemoran,1,1.0,0.153846,1.0,0.5,1
pairs_twitter_googleplus,RF,farryaprianto,farryaprianto,1,1.0,0.333333,1.0,0.875,1
pairs_twitter_googleplus,RF,sabrinamiso,adamcoomes,0,0.723333,0.153846,0.0,0.09375,0
pairs_twitter_googleplus,RF,syamanthsays,syamanthsays,1,1.0,0.470588,1.0,0.8,1
pairs_twitter_googleplus,RF,edgaile,georgegardelinos,0,0.617778,0.2,0.238095,0.25,1
pairs_twitter_googleplus,RF,celebrone,celebrone,1,1.0,0.5,1.0,0.95,1
pairs_twitter_googleplus,RF,charlesbabb,charlesbabb,1,1.0,1.0,1.0,1.0,1
pairs_twitter_googleplus,RF,gkneefl,janekimberly,0,0.72,0.2,0.222222,0.2,1
pairs_twitter_googleplus,RF,lindapierre,lindapierre,1,1.0,1.0,1.0,1.0,1
pairs_twitter_googleplus,RF,michaelcempa,michaelcempa,1,1.0,0.214286,1.0,0.555556,1
pairs_twitter_googleplus,RF,jeangoodwyn,jeangoodwyn,1,1.0,1.0,0.846154,0.866667,1
pairs_twitter_googleplus,RF,bruff,bruff,1,0.993333,0.066667,0.464286,0.4,1
pairs_twitter_googleplus,RF,cristopolis,cristopolis,1,1.0,0.5625,0.529412,0.55,1
pairs_twitter_googleplus,RF,giffaririfkihidayat,giffaririfkihidayat,1,1.0,0.5625,1.0,0.619048,1
pairs_twitter_googleplus,RF,renemueller,renemueller,1,1.0,0.0,0.5,0.35,1
pairs_twitter_googleplus,RF,syntasium,syntasium,1,1.0,0.315789,1.0,0.730769,1
pairs_twitter_googleplus,RF,jorgeteixeira,jorgeteixeira,1,1.0,0.461538,1.0,0.777778,1
pairs_twitter_googleplus,RF,marcemars,marceldarvas,0,1.0,0.333333,0.307692,0.375,1
pairs_twitter_googleplus,RF,sarabiaphoto,sarabiaphoto,1,1.0,0.315789,1.0,0.68,1
pairs_twitter_googleplus,RF,cesvlc,brionsalazar,0,0.696667,0.0,0.2,0.125,1
pairs_twitter_googleplus,RF,fjasonwhitaker,fjasonwhitaker,1,1.0,0.235294,1.0,0.636364,1
pairs_twitter_googleplus,RF,georgeadria,georgeadria,1,1.0,1.0,1.0,1.0,1
pairs_twitter_googleplus,RF,tomscholfield,tomscholfield,1,1.0,1.0,1.0,1.0,1
pairs_twitter_googleplus,RF,jessicafajans,jessicafajans,1,1.0,1.0,1.0,1.0,1
pairs_twitter_googleplus,RF,eleanorthorne,eleanorthorne,1,1.0,0.111111,1.0,0.565217,1
pairs_twitter_googleplus,RF,afroninjax,afroninjax,1,1.0,1.0,0.615385,0.866667,1
pairs_twitter_googleplus,RF,assadullah,assadullah,1,1.0,0.058824,1.0,0.5,1
pairs_twitter_googleplus,RF,drguara,drguara,1,1.0,0.0625,1.0,0.65,1
pairs_twitter_googleplus,RF,jenkane,jenkane,1,1.0,0.357143,1.0,0.684211,1
pairs_twitter_googleplus,RF,stoneysteiner,stoneysteiner,1,1.0,0.461538,0.666667,0.647059,1
pairs_twitter_googleplus,RF,hopkins,odile,0,0.916667,0.3125,0.294118,0.315789,0
pairs_twitter_googleplus,RF,jfzuluaga,jfzuluaga,1,1.0,0.333333,0.684211,0.6,1
pairs_twitter_googleplus,RF,makeesha,makeesha,1,1.0,0.583333,1.0,0.875,1
pairs_twitter_googleplus,RF,cathieheart,cathieheart,1,1.0,1.0,1.0,1.0,1
pairs_twitter_googleplus,RF,milenaregos,milenaregos,1,1.0,1.0,1.0,1.0,1
pairs_twitter_googleplus,RF,funkybass,jefffunk,0,0.843444,0.214286,0.230769,0.210526,1
pairs_twitter_googleplus,RF,walterburton,walterburton,1,1.0,0.428571,1.0,0.736842,1
pairs_twitter_googleplus,RF,markustressl,markustressl,1,1.0,0.0,1.0,0.565217,1
pairs_twitter_googleplus,RF,dciandy,dciandy,1,1.0,0.230769,1.0,0.705882,1
pairs_twitter_googleplus,RF,blaked13,blaked13,1,1.0,0.357143,1.0,0.789474,1
pairs_twitter_googleplus,RF,plastikstuhl,philstrahl,0,0.715,0.117647,0.111111,0.2,0
pairs_twitter_googleplus,RF,tomgeraghty,tomgeraghty,1,1.0,0.529412,1.0,0.619048,1
pairs_twitter_googleplus,RF,earlreagan,earlreagan,1,1.0,0.7,1.0,0.785714,1
pairs_twitter_googleplus,RF,jabellag,jabellag,1,1.0,0.916667,1.0,0.823529,1
pairs_twitter_googleplus,RF,mthokozisig,mthokozisig,1,1.0,0.666667,1.0,0.9,1
pairs_twitter_googleplus,RF,rolfek,rolfek,1,1.0,0.625,1.0,0.916667,1
pairs_twitter_googleplus,RF,marcosba,marcosba,1,1.0,0.636364,0.75,0.611111,1
pairs_twitter_googleplus,RF,leannekoh,leannekoh,1,1.0,1.0,1.0,1.0,1
pairs_twitter_googleplus,RF,etthompson,etthompson,1,1.0,0.571429,0.6,0.631579,1
pairs_twitter_googleplus,RF,mikelyden,mikelyden,1,1.0,1.0,1.0,1.0,1
pairs_twitter_googleplus,RF,barbarapigazzi,barbarapigazzi,1,1.0,0.545455,1.0,0.933333,1
pairs_twitter_googleplus,RF,mariaalana,mariaalana,1,1.0,1.0,0.625,0.666667,1
pairs_twitter_googleplus,RF,jordanhaines,jordanhaines,1,1.0,0.285714,1.0,0.5,1
pairs_twitter_googleplus,RF,alruizm,alruizm,1,1.0,0.181818,0.5,0.451613,1
pairs_twitter_googleplus,RF,grisoni77,grisoni77,1,1.0,0.105263,1.0,0.636364,1
pairs_twitter_googleplus,RF,lenzorizzo,lenzorizzo,1,1.0,0.7,0.0,0.380952,1
pairs_twitter_googleplus,RF,sebastianjimenez,sebastianjimenez,1,1.0,0.421053,1.0,0.708333,1
pairs_twitter_googleplus,RF,ibeso,etiennebesson,0,0.84,0.214286,0.0,0.1,0
pairs_twitter_googleplus,RF,axknightroad,axknightroad,1,1.0,0.714286,0.157895,0.714286,1
pairs_twitter_googleplus,RF,marwsay,marwsay,1,1.0,0.5,1.0,0.733333,1
pairs_twitter_googleplus,RF,jayjayasuriya,jayjayasuriya,1,1.0,1.0,0.833333,1.0,1
pairs_twitter_googleplus,RF,lindaholland,lindaholland,1,1.0,0.214286,1.0,0.631579,1
pairs_twitter_googleplus,RF,aleriga,aleriga,1,1.0,0.411765,1.0,0.85,1
pairs_twitter_googleplus,RF,jamescuff,jamescuff,1,1.0,1.0,1.0,1.0,1
pairs_twitter_googleplus,RF,hamzakhan,hamzakhan,1,1.0,0.555556,0.333333,0.344828,1
pairs_twitter_googleplus,RF,nobiann,cherieannturpin,0,0.663333,0.0,0.125,0.090909,0
pairs_twitter_googleplus,RF,shalahbowden,salah286,0,0.926667,0.333333,0.235294,0.26087,1
pairs_twitter_googleplus,RF,juandiegoperez,juandiegoperez,1,1.0,0.0,0.8125,0.5,1
pairs_twitter_googleplus,RF,nonanovi,nonanovi,1,1.0,0.166667,1.0,0.647059,1
pairs_twitter_googleplus,RF,brionsalazar,brionsalazar,1,1.0,0.846154,1.0,0.777778,1
pairs_twitter_googleplus,RF,whoisjuan,whoisjuan,1,1.0,0.176471,0.588235,0.4,1
pairs_twitter_googleplus,RF,verenetta,verenetta,1,1.0,0.0,0.619048,0.388889,1
pairs_twitter_googleplus,RF,beauvarlet,beauvarlet,1,1.0,0.529412,0.375,0.423077,1
pairs_twitter_googleplus,RF,angelramiromerina,angelramiromerina,1,1.0,0.0,0.944444,0.607143,1
pairs_twitter_googleplus,RF,carmelyne,carmelyne,1,1.0,0.5,1.0,0.9,1
pairs_twitter_googleplus,RF,barrett,barrett,1,1.0,0.583333,1.0,0.882353,1
pairs_twitter_googleplus,RF,favatas,favatas,1,1.0,0.533333,1.0,0.888889,1
pairs_twitter_googleplus,RF,fulltime,fulltime,1,1.0,1.0,0.0,0.461538,1
pairs_twitter_googleplus,RF,adrianlp5,adrianlp5,1,1.0,0.357143,1.0,0.666667,1
pairs_twitter_googleplus,RF,lisamurraycom,lisamurraycom,1,1.0,0.5625,0.0,0.681818,1
pairs_twitter_googleplus,RF,bilyk,bilyk,1,1.0,0.7,0.636364,0.785714,1
pairs_twitter_googleplus,RF,manuel,dithern,0,0.683333,0.125,0.2,0.2,0
pairs_twitter_googleplus,RF,kenn,kenn,1,1.0,0.533333,1.0,0.631579,1
pairs_twitter_googleplus,RF,alisonlehr,alisonlehr,1,1.0,1.0,1.0,1.0,1
pairs_twitter_googleplus,RF,dimitriskanellopoulos,amberhewitt,0,0.79,0.210526,0.0,0.111111,0
pairs_twitter_googleplus,RF,dppschoenmaker,dppschoenmaker,1,1.0,0.555556,0.05,0.444444,1
pairs_twitter_googleplus,RF,oyewaleoyediran,oyewaleoyediran,1,1.0,0.916667,0.461538,0.933333,1
pairs_twitter_googleplus,RF,clintstapleton,clintstapleton,1,1.0,1.0,1.0,1.0,1
pairs_twitter_googleplus,RF,brodychilds,brodychilds,1,1.0,1.0,1.0,1.0,1
pairs_twitter_googleplus,RF,thecindykelly,thecindykelly,1,1.0,0.25,1.0,0.578947,1
pairs_twitter_googleplus,RF,sambassman,sambassman,1,0.846667,0.117647,0.44,0.333333,1
pairs_twitter_googleplus,RF,briankameoka,briankameoka,1,1.0,1.0,1.0,1.0,1
pairs_twitter_googleplus,RF,iperry,iperry,1,1.0,0.5,1.0,0.833333,1
pairs_twitter_googleplus,RF,gosiabem,gosiabem,1,1.0,1.0,0.8,0.916667,1
pairs_twitter_googleplus,RF,obiwan,obiwan,1,1.0,0.111111,1.0,0.75,1
pairs_twitter_googleplus,RF,nalts,nalts,1,0.993333,0.444444,0.4,0.461538,1
pairs_twitter_googleplus,RF,j4nu5,j4nu5,1,1.0,0.0,1.0,0.684211,1
pairs_twitter_googleplus,RF,bradreason,bryantobiason,0,0.976667,0.294118,0.333333,0.304348,0
pairs_twitter_googleplus,RF,conradomacalossi,conradomacalossi,1,1.0,0.933333,1.0,0.9,1
pairs_twitter_googleplus,RF,milosradovic,asier3d,0,0.714278,0.2,0.189189,0.25,0
pairs_twitter_googleplus,RF,avatara,avatara,1,1.0,0.25,0.785714,0.44,1
pairs_twitter_googleplus,RF,hindemith,hindemith,1,1.0,0.0,1.0,0.59375,1
pairs_twitter_googleplus,RF,tnsuarez,tnsuarez,1,1.0,0.055556,0.846154,0.48,1
pairs_twitter_googleplus,RF,rafaeltinel,rafaeltinel,1,1.0,1.0,1.0,1.0,1
pairs_twitter_googleplus,RF,marisacarranza,marisacarranza,1,1.0,0.578947,0.230769,0.5625,1
pairs_twitter_googleplus,RF,avinashconda,avinashconda,1,1.0,1.0,1.0,1.0,1
pairs_twitter_googleplus,RF,ben101,ben101,1,1.0,0.375,1.0,0.842105,1
pairs_twitter_googleplus,RF,barriejdavies,barriejdavies,1,1.0,0.916667,1.0,0.944444,1
pairs_twitter_googleplus,RF,yohannlibot,yohannlibot,1,1.0,1.0,1.0,1.0,1
pairs_twitter_googleplus,RF,joshuarmcgee,joshuarmcgee,1,1.0,0.642857,1.0,0.631579,1
pairs_twitter_googleplus,RF,samboswell,samboswell,1,1.0,0.428571,1.0,0.578947,1
pairs_twitter_googleplus,RF,parthans,parthans,1,1.0,0.4,1.0,0.85,1
pairs_twitter_googleplus,RF,rokck,maiz,0,1.0,0.0,0.5,0.333333,1
pairs_twitter_googleplus,RF,lauramjimenez,lauramjimenez,1,1.0,0.6,0.8,0.652174,1
pairs_twitter_googleplus,RF,ovie,ovie,1,1.0,0.272727,1.0,0.75,1
pairs_twitter_googleplus,RF,christopherbornstein,alicedaer,0,0.933333,0.333333,0.190476,0.291667,0
pairs_twitter_googleplus,RF,eapesteguia,eapesteguia,1,1.0,0.529412,1.0,0.904762,1
pairs_twitter_googleplus,RF,herwigdaemon,herwigdaemon,1,1.0,1.0,1.0,1.0,1
pairs_twitter_googleplus,RF,molivieri,rebekahradice,0,0.653333,0.133333,0.125,0.157895,0
pairs_twitter_googleplus,RF,linzshelton,linzshelton,1,1.0,0.75,1.0,0.8125,1
pairs_twitter_googleplus,RF,cvstodia,yimozhang,0,0.88,0.0,0.333333,0.228571,1
pairs_twitter_googleplus,RF,thegaryjnix,molivieri,0,0.663333,0.0,0.125,0.090909,1
pairs_twitter_googleplus,RF,arisadowitz,arisadowitz,1,1.0,0.214286,1.0,0.684211,1
pairs_twitter_googleplus,RF,paulsapiano,paulsapiano,1,1.0,0.153846,0.6875,0.833333,1
pairs_twitter_googleplus,RF,laurindel,laurindel,1,1.0,0.083333,0.7,0.5,1
pairs_twitter_googleplus,RF,scottymcdonald,scottymcdonald,1,1.0,0.8,1.0,0.842105,1
pairs_twitter_googleplus,RF,kaymani,kaymani,1,1.0,0.5,1.0,0.809524,1
pairs_twitter_googleplus,RF,tavojimenez,tavojimenez,1,1.0,0.625,1.0,0.619048,1
pairs_twitter_googleplus,RF,raen,raen,1,1.0,1.0,1.0,1.0,1
pairs_twitter_googleplus,RF,nadines,nadines,1,1.0,1.0,1.0,1.0,1
pairs_twitter_googleplus,RF,paolobarbaglia,paolobarbaglia,1,1.0,1.0,1.0,1.0,1
pairs_twitter_googleplus,RF,eriksjos,eriksjos,1,0.993333,0.416667,0.285714,0.352941,1
pairs_twitter_googleplus,RF,annaaroca,annaaroca,1,1.0,1.0,1.0,1.0,1
pairs_twitter_googleplus,RF,daziapineda,daziapineda,1,1.0,0.133333,1.0,0.578947,1
pairs_twitter_googleplus,RF,metingunvar,metingunvar,1,1.0,0.727273,0.75,0.705882,1
pairs_twitter_googleplus,RF,brianskellie,brianskellie,1,1.0,0.4,0.705882,0.7,1
pairs_twitter_googleplus,RF,hflpjtrade,hflpjtrade,1,1.0,0.058824,1.0,0.5,1
pairs_twitter_googleplus,RF,frankrodriguez,frankrodriguez,1,1.0,0.333333,0.8,0.52,1
pairs_twitter_googleplus,RF,chethaka,chethaka,1,1.0,0.875,0.789474,0.857143,1
pairs_twitter_googleplus,RF,joelhelbling,joelhelbling,1,1.0,1.0,1.0,1.0,1
pairs_twitter_googleplus,RF,brentcoley,brentcoley,1,1.0,1.0,1.0,1.0,1
pairs_twitter_googleplus,RF,suereynolds,suereynolds,1,1.0,1.0,1.0,1.0,1
pairs_twitter_googleplus,RF,toxicsquall,toxicsquall,1,1.0,0.588235,0.0,0.5,1
pairs_twitter_googleplus,RF,halleyknigge,halleyknigge,1,1.0,0.277778,0.6,0.433333,1
pairs_twitter_googleplus,RF,mneidich,esabiwibowo,0,0.701988,0.0,0.0,0.045455,0
pairs_twitter_googleplus,RF,philosophermattlee,mattheerema,0,0.936667,0.0,0.416667,0.214286,1
pairs_twitter_googleplus,RF,scripty,scripty,1,1.0,0.052632,1.0,0.652174,1
pairs_twitter_googleplus,RF,anaelisa,anaelisa,1,1.0,0.470588,1.0,0.782609,1
pairs_twitter_googleplus,RF,jainmckay,jainmckay,1,1.0,1.0,1.0,1.0,1
pairs_twitter_googleplus,RF,melissawalter,melissawalter,1,1.0,0.0,1.0,0.482759,1
pairs_twitter_googleplus,RF,ubskur,ubskur,1,1.0,0.0,1.0,0.666667,1
pairs_twitter_googleplus,RF,janetstephenson,janetstephenson,1,1.0,0.47619,0.681818,0.785714,1
pairs_twitter_googleplus,RF,gabeweb,gabeweb,1,1.0,0.272727,0.636364,0.444444,1
pairs_twitter_googleplus,RF,colleengreene,colleengreene,1,1.0,1.0,1.0,1.0,1
pairs_twitter_googleplus,RF,ianstgermain,sebas8gonzalez,0,0.726667,0.210526,0.0,0.133333,1
pairs_twitter_googleplus,RF,bosstonsown,bosstonsown,1,0.921667,0.0,0.4,0.282051,1
pairs_twitter_googleplus,RF,txsjohnny,txsjohnny,1,1.0,0.333333,1.0,0.631579,1
pairs_twitter_googleplus,RF,vikramkharvi,vikramkharvi,1,1.0,1.0,1.0,1.0,1
pairs_twitter_googleplus,RF,mattiaslundquist,mattiaslundquist,1,1.0,0.352941,1.0,0.772727,1
pairs_twitter_googleplus,RF,intan,intan,1,1.0,0.4,1.0,0.894737,1
pairs_twitter_googleplus,RF,lucas13lab,lucas13lab,1,1.0,0.3125,0.8125,0.714286,1
pairs_twitter_googleplus,RF,nobuhata,nobuhata,1,1.0,1.0,0.666667,0.818182,1
pairs_twitter_googleplus,RF,jnunes,jnunes,1,1.0,0.190476,0.7,0.346154,1
pairs_twitter_googleplus,RF,mapsgirl,mapsgirl,1,1.0,0.538462,0.866667,0.789474,1
pairs_twitter_googleplus,RF,jithinjb,jithinjb,1,1.0,0.384615,0.0,0.333333,1
pairs_twitter_googleplus,RF,gailobannon,meredithtennent,0,0.883333,0.2,0.214286,0.2,0
pairs_twitter_googleplus,RF,willcoley,willcoley,1,1.0,0.615385,1.0,0.611111,1
pairs_twitter_googleplus,RF,josepholesh,josepholesh,1,1.0,1.0,1.0,1.0,1
pairs_twitter_googleplus,RF,raulvillanueva,moisescainan,0,0.633333,0.076923,0.1,0.138889,0
pairs_twitter_googleplus,RF,beerluver,beerluver,1,1.0,0.0,1.0,0.473684,1
pairs_twitter_googleplus,RF,artchang,artchang,1,1.0,0.5,1.0,0.8125,1
pairs_twitter_googleplus,RF,shannonkelley,shannonkelley,1,1.0,0.333333,1.0,0.551724,1
pairs_twitter_googleplus,RF,richardthomson,richardthomson,1,1.0,0.0,1.0,0.517241,1
pairs_twitter_googleplus,RF,michellehoffert,michellehoffert,1,1.0,0.047619,1.0,0.68,1
pairs_twitter_googleplus,RF,chrishartley,chrishartley,1,1.0,0.769231,1.0,0.823529,1
pairs_twitter_googleplus,RF,briankurzweil,briankurzweil,1,1.0,1.0,1.0,1.0,1
pairs_twitter_googleplus,RF,stephaniecain,stephaniecain,1,1.0,0.785714,0.866667,0.75,1
pairs_twitter_googleplus,RF,dajw,dajw,1,1.0,0.0,1.0,0.684211,1
pairs_twitter_googleplus,RF,dopie,dopie,1,1.0,1.0,1.0,1.0,1
pairs_twitter_googleplus,RF,laurapasquini,laurapasquini,1,1.0,1.0,1.0,1.0,1
pairs_twitter_googleplus,RF,mattauckland,mattauckland,1,1.0,1.0,1.0,1.0,1
pairs_twitter_googleplus,RF,delthatcher,delthatcher,1,1.0,1.0,1.0,1.0,1
pairs_twitter_googleplus,RF,emiarai,ecoturismo,0,0.701988,0.0,0.0,0.045455,1
pairs_twitter_googleplus,RF,leongersing,leongersing,1,1.0,0.0,1.0,0.521739,1
pairs_twitter_googleplus,RF,angelfrancia,angelfrancia,1,1.0,1.0,0.363636,0.857143,1
pairs_twitter_googleplus,RF,davidgrimes,davidgrimes,1,1.0,0.454545,1.0,0.764706,1
pairs_twitter_googleplus,RF,djemiliot,emiliotudela,0,0.986667,0.461538,0.3125,0.35,1
pairs_twitter_googleplus,RF,asiace,faisalali,0,1.0,0.363636,0.230769,0.3125,0
pairs_twitter_googleplus,RF,christopherspiewak,christopherspiewak,1,1.0,0.555556,1.0,0.909091,1
pairs_twitter_googleplus,RF,mita56,kellyburkhardt,0,0.7405,0.2,0.227273,0.214286,0
pairs_twitter_googleplus,RF,damianopovoleri,albertcorbett,0,0.673333,0.090909,0.0,0.074074,0
pairs_twitter_googleplus,RF,missycaulk,missycaulk,1,0.98,0.428571,0.0,0.380952,1
pairs_twitter_googleplus,RF,playequalspeace,playequalspeace,1,1.0,0.083333,1.0,0.5,1
pairs_twitter_googleplus,RF,rinachong,rinachong,1,1.0,1.0,1.0,1.0,1
pairs_twitter_googleplus,RF,erikpt,erikpt,1,1.0,0.444444,1.0,0.785714,1
pairs_twitter_googleplus,RF,zohebraza,zohebraza,1,1.0,1.0,0.444444,0.833333,1
pairs_twitter_googleplus,RF,mekhovov,mekhovov,1,1.0,0.4,1.0,0.684211,1
pairs_twitter_googleplus,RF,njurgensen,njurgensen,1,1.0,0.615385,0.4,0.5,1
pairs_twitter_googleplus,RF,mcdermott,mcdermott,1,1.0,0.117647,1.0,0.681818,1
pairs_twitter_googleplus,RF,mircowilhelm,mircowilhelm,1,1.0,0.05,1.0,0.52,1
pairs_twitter_googleplus,RF,xadusx,xadusx,1,1.0,0.083333,1.0,0.588235,1
pairs_twitter_googleplus,RF,azfarrizvi,azfarrizvi,1,1.0,1.0,1.0,1.0,1
pairs_twitter_googleplus,RF,kelseawilhelm,kelseawilhelm,1,1.0,1.0,0.857143,0.882353,1
pairs_twitter_googleplus,RF,kasihelialg,kassiafelix,0,1.0,0.5,0.0,0.225806,1
pairs_twitter_googleplus,RF,israeltorres,israeltorres,1,1.0,0.846154,1.0,0.882353,1
pairs_twitter_googleplus,RF,michaellgray,michaellgray,1,1.0,0.043478,1.0,0.428571,1
pairs_twitter_googleplus,RF,aorcsik,aorcsik,1,1.0,0.454545,0.6875,0.65,1
pairs_twitter_googleplus,RF,justbiglee,justbiglee,1,1.0,1.0,1.0,1.0,1
pairs_twitter_googleplus,RF,aaroneden,aaroneden,1,1.0,1.0,1.0,1.0,1
pairs_twitter_googleplus,RF,dabneyporte,dabneyporte,1,1.0,1.0,1.0,1.0,1
pairs_twitter_googleplus,RF,ramdanih,ramdanih,1,0.94,0.538462,0.538462,0.444444,1
pairs_twitter_googleplus,RF,justinjackson,justinjackson,1,1.0,0.466667,0.464286,0.46875,1
pairs_twitter_googleplus,RF,johnwhitney,johnwhitney,1,1.0,0.75,0.8125,0.714286,1
pairs_twitter_googleplus,RF,swords,swords,1,1.0,0.555556,1.0,0.923077,1
pairs_twitter_googleplus,RF,samirhajiyev,gooshe,0,0.603333,0.0,0.2,0.076923,1
pairs_twitter_googleplus,RF,mattflessner,mattflessner,1,1.0,0.25,1.0,0.761905,1
pairs_twitter_googleplus,RF,primesuspect,primesuspect,1,0.903333,0.05,0.44,0.307692,1
pairs_twitter_googleplus,RF,warrenwhitlock,warrenwhitlock,1,1.0,1.0,0.466667,0.5,1
pairs_twitter_googleplus,RF,erickabe,erickabe,1,1.0,1.0,0.347826,0.423077,1
pairs_twitter_googleplus,RF,seanmcmenemy,seanmcmenemy,1,1.0,0.230769,1.0,0.722222,1
pairs_twitter_googleplus,RF,cpepin,cpepin,1,1.0,1.0,1.0,1.0,1
pairs_twitter_googleplus,RF,alshehri,dhrumildesai,0,0.544722,0.153846,0.0,0.06383,0
pairs_twitter_googleplus,RF,alexbeckwith,alexbeckwith,1,1.0,0.035714,0.578947,0.352941,1
pairs_twitter_googleplus,RF,marcos5000,marcogomes,0,0.993333,0.285714,0.307692,0.3,1
pairs_twitter_googleplus,RF,jesusgarciav,luchobugallo,0,0.906667,0.214286,0.0,0.103448,1
pairs_twitter_googleplus,RF,giants5go5go5,giants5go5go5,1,1.0,0.0625,1.0,0.45,1
pairs_twitter_googleplus,RF,dartanyon,dartanyon,1,1.0,0.666667,0.464286,0.466667,1
pairs_twitter_googleplus,RF,dalereynolds,suereynolds,0,1.0,0.571429,0.642857,0.578947,1
pairs_twitter_googleplus,RF,migscruz,migscruz,1,1.0,1.0,1.0,1.0,1
pairs_twitter_googleplus,RF,michaelwylie,michaelwylie,1,1.0,0.333333,0.705882,0.608696,1
pairs_twitter_googleplus,RF,femolina,femolina,1,1.0,0.428571,1.0,0.736842,1
pairs_twitter_googleplus,RF,smaku,smaku,1,0.976667,0.25,0.333333,0.375,1
pairs_twitter_googleplus,RF,mayckxavier,mayckxavier,1,1.0,1.0,0.363636,0.857143,1
pairs_twitter_googleplus,RF,haroldcabezas,haroldcabezas,1,1.0,0.5,1.0,0.9375,1
pairs_twitter_googleplus,RF,eduardohernandezcamacho,eduardohernandezcamacho,1,1.0,0.157895,1.0,0.708333,1
pairs_twitter_googleplus,RF,provocaretina,provocaretina,1,0.936667,0.0,0.416667,0.297297,1
pairs_twitter_googleplus,RF,davidaprice,davidaprice,1,1.0,0.8,0.833333,0.75,1
pairs_twitter_googleplus,RF,julianasakae,julianasakae,1,1.0,1.0,0.461538,0.5625,1
pairs_twitter_googleplus,RF,toshialex,toshialex,1,1.0,0.0,0.647059,0.565217,1
pairs_twitter_googleplus,RF,anscari19,anscari19,1,1.0,0.230769,0.642857,0.65,1
pairs_twitter_googleplus,RF,iaincroll,iaincroll,1,1.0,0.0,1.0,0.454545,1
pairs_twitter_googleplus,RF,alsadekeen,alsadekeen,1,1.0,0.333333,0.928571,0.681818,1
pairs_twitter_googleplus,RF,chrispenny,chrispenny,1,1.0,1.0,1.0,1.0,1
pairs_twitter_googleplus,RF,mikewood,mikewood,1,1.0,0.666667,1.0,0.769231,1
pairs_twitter_googleplus,RF,schmeezus,shahmeerhaq,0,0.821944,0.214286,0.25,0.210526,0
pairs_twitter_googleplus,RF,mbhw,mbhw,1,1.0,0.0,1.0,0.695652,1
pairs_twitter_googleplus,RF,marciehull,marciehull,1,1.0,0.0,0.833333,0.52381,1
pairs_twitter_googleplus,RF,cyrilabbas,cyrilabbas,1,0.996667,1.0,0.0,0.322581,1
pairs_twitter_googleplus,RF,mikelotaegi,mikelotaegi,1,1.0,1.0,1.0,1.0,1
pairs_twitter_googleplus,RF,teriblaschke,teriblaschke,1,1.0,0.52,0.454545,0.5,1
pairs_twitter_googleplus,RF,chrislentz,chrislentz,1,1.0,0.333333,1.0,0.6875,1
pairs_twitter_googleplus,RF,julieraesandifer,julieraesandifer,1,1.0,0.428571,0.8125,0.75,1
pairs_twitter_googleplus,RF,stephanweiss,stephanweiss,1,1.0,0.384615,1.0,0.823529,1
pairs_twitter_googleplus,RF,gyokusai,gyokusai,1,1.0,0.0,1.0,0.380952,1
pairs_twitter_googleplus,RF,laughedelic,laughedelic,1,1.0,0.47619,0.478261,0.846154,1
pairs_twitter_googleplus,RF,bryanstone,bryanstone,1,1.0,0.222222,1.0,0.478261,1
pairs_twitter_googleplus,RF,gabrielravarini,gabrielravarini,1,1.0,1.0,1.0,1.0,1
pairs_twitter_googleplus,RF,jonathanvu,jonathanvu,1,1.0,1.0,0.727273,0.846154,1
pairs_twitter_googleplus,RF,andyhickl,andyhickl,1,1.0,1.0,1.0,1.0,1
pairs_twitter_googleplus,RF,lunic,lunic,1,1.0,0.5,0.444444,0.545455,1
pairs_twitter_googleplus,RF,giovanenunes,giovanenunes,1,1.0,0.461538,1.0,0.705882,1
pairs_twitter_googleplus,RF,chrismontoya,chrismontoya,1,1.0,0.785714,0.611111,0.52,1
pairs_twitter_googleplus,RF,fcoblanco,fcoblanco,1,1.0,1.0,1.0,1.0,1
pairs_twitter_googleplus,RF,johnmischief,johnmischief,1,1.0,1.0,1.0,1.0,1
pairs_twitter_googleplus,RF,swburdine,stevelevine,0,1.0,0.125,0.4,0.4,1
pairs_twitter_googleplus,RF,rjudas,rjudas,1,1.0,1.0,1.0,1.0,1
pairs_twitter_googleplus,RF,victorhgtzr,victorhgtzr,1,1.0,0.291667,0.653846,0.606061,1
pairs_twitter_googleplus,RF,tekjau,tekjau,1,1.0,0.625,0.363636,0.538462,1
pairs_twitter_googleplus,RF,michellenichols,patriciamellin,0,0.833333,0.206897,0.322581,0.305556,0
pairs_twitter_googleplus,RF,colinrusso,colinrusso,1,1.0,1.0,1.0,1.0,1
pairs_twitter_googleplus,RF,chrisdiaz,chrisdiaz,1,1.0,0.7,0.818182,0.6875,1
pairs_twitter_googleplus,RF,stephintoronto,stephintoronto,1,1.0,1.0,0.769231,0.866667,1
pairs_twitter_googleplus,RF,giraudkd,giraudkd,1,1.0,0.0,1.0,0.703704,1
pairs_twitter_googleplus,RF,gabealonso,gabealonso,1,1.0,1.0,1.0,1.0,1
pairs_twitter_googleplus,RF,sergiocastro,sergiocastro,1,1.0,0.714286,0.769231,0.666667,1
pairs_twitter_googleplus,RF,mdupls,mdupls,1,1.0,0.176471,1.0,0.869565,1
pairs_twitter_googleplus,RF,rheyankaj,queenesther,0,0.906667,0.222222,0.0,0.111111,0
pairs_twitter_googleplus,RF,rubenbrave,rubenbrave,1,1.0,0.055556,1.0,0.478261,1
pairs_twitter_googleplus,RF,garthsmitman,garthsmitman,1,1.0,0.5,1.0,0.875,1
pairs_twitter_googleplus,RF,vanou,vanora,0,0.923333,0.428571,0.375,0.333333,1
pairs_twitter_googleplus,RF,caseygonzales,caseygonzales,1,0.933333,0.333333,0.375,0.473684,1
pairs_twitter_googleplus,RF,peterlombard,peterlombard,1,1.0,0.846154,0.315789,0.565217,1
pairs_twitter_googleplus,RF,chicotoxico,chicotoxico,1,1.0,0.545455,0.461538,0.5625,1
pairs_twitter_googleplus,RF,danieldiazandres,surfpunkian,0,0.996667,0.352941,0.583333,0.375,1
pairs_twitter_googleplus,RF,rafaelknupfer,rafaelknupfer,1,1.0,0.769231,0.785714,0.736842,1
pairs_twitter_googleplus,RF,erinjeany,erinjeany,1,1.0,0.142857,1.0,0.538462,1
pairs_twitter_googleplus,RF,ianord,ianord,1,0.983333,0.0,1.0,0.304348,1
pairs_twitter_googleplus,RF,jefflombardo,jefflombardo,1,1.0,1.0,1.0,1.0,1
pairs_twitter_googleplus,RF,laurarenieri,laurarenieri,1,1.0,0.190476,1.0,0.5,1
pairs_twitter_googleplus,RF,yannawilson,yannawilson,1,1.0,0.222222,1.0,0.521739,1
pairs_twitter_googleplus,RF,tjgraf,tjgraf,1,1.0,0.230769,0.833333,0.55,1
pairs_twitter_googleplus,RF,giuseppeazzaro,giuseppeazzaro,1,1.0,1.0,1.0,1.0,1
pairs_twitter_googleplus,RF,jeremycwilson,jeremycwilson,1,1.0,1.0,1.0,1.0,1
pairs_twitter_googleplus,RF,andreadellacqua,pierrewalters,0,0.891667,0.0,0.3125,0.192308,0
pairs_twitter_googleplus,RF,egalli,egalli,1,1.0,0.461538,1.0,0.882353,1
pairs_twitter_googleplus,RF,emanuelepapi,emanuelepapi,1,1.0,0.454545,1.0,0.933333,1
pairs_twitter_googleplus,RF,ginecita,ginecita,1,0.98,0.285714,0.266667,0.333333,1
pairs_twitter_googleplus,RF,kevintrotman,kevintrotman,1,1.0,0.0,1.0,0.684211,1
pairs_twitter_googleplus,RF,animerxn,animerxn,1,1.0,0.5,0.529412,0.52381,1
pairs_twitter_googleplus,RF,kenwatson,kenwatson,1,1.0,0.416667,1.0,0.588235,1
pairs_twitter_googleplus,RF,phelzito,phelzito,1,1.0,0.133333,1.0,0.6,1
pairs_twitter_googleplus,RF,osamakhaled,osamakhaled,1,1.0,0.0625,1.0,0.571429,1
pairs_twitter_googleplus,RF,neilalexander,neilalexander,1,1.0,0.052632,0.8125,0.583333,1
pairs_twitter_googleplus,RF,michaelkoenig,michaelkoenig,1,1.0,0.0,1.0,0.5,1
pairs_twitter_googleplus,RF,seronline,seronline,1,1.0,0.086957,1.0,0.678571,1
pairs_twitter_googleplus,RF,vmshreddy,manishreddy,0,0.62,0.315789,0.375,0.241379,1
pairs_twitter_googleplus,RF,deckerweb,deckerweb,1,1.0,0.384615,1.0,0.647059,1
pairs_twitter_googleplus,RF,gpagliucas,gpagliucas,1,1.0,0.411765,1.0,0.809524,1
pairs_twitter_googleplus,RF,zulfikrock,zulfikrock,1,0.993333,0.6,0.15,0.444444,1
pairs_twitter_googleplus,RF,stefanjez,stefanjez,1,1.0,0.0,1.0,0.416667,1
pairs_twitter_googleplus,RF,moseljack,moseljack,1,1.0,0.777778,1.0,0.769231,1
pairs_twitter_googleplus,RF,staciehaightconnerty,staciehaightconnerty,1,0.996667,0.185185,0.681818,0.457143,1
pairs_twitter_googleplus,RF,getpalmd,getpalmd,1,1.0,1.0,0.666667,0.833333,1
pairs_twitter_googleplus,RF,millares,millares,1,1.0,0.714286,0.4,0.48,1
pairs_twitter_googleplus,RF,joeybryant,joeybryant,1,1.0,0.173913,1.0,0.481481,1
pairs_twitter_googleplus,RF,miph,miph,1,1.0,0.0,0.55,0.521739,1
pairs_twitter_googleplus,RF,marionaaragay,marionaaragay,1,1.0,1.0,0.769231,0.866667,1
pairs_twitter_googleplus,RF,jrwoodward,jrwoodward,1,1.0,0.05,0.833333,0.48,1
pairs_twitter_googleplus,RF,lagonzi,albertomartinez,0,0.786667,0.222222,0.0,0.125,0
pairs_twitter_googleplus,RF,fzzio,fzzio,1,1.0,0.0625,0.875,0.761905,1
pairs_twitter_googleplus,RF,maxculleen,maxculleen,1,1.0,0.615385,0.5,0.5,1
pairs_twitter_googleplus,RF,marloncureg,philiprobinellis,0,0.78,0.2,0.176471,0.238095,0
pairs_twitter_googleplus,RF,raullazar,raullazar,1,1.0,0.333333,1.0,0.714286,1
pairs_twitter_googleplus,RF,vaseem,vaseem,1,1.0,0.416667,1.0,0.8125,1
pairs_twitter_googleplus,RF,avikaco,avinashconda,0,0.81,0.214286,0.0,0.095238,1
pairs_twitter_googleplus,RF,ivankovacevic,ivankovacevic,1,1.0,0.916667,1.0,0.823529,1
pairs_twitter_googleplus,RF,thatgirlmegan,thatgirlmegan,1,1.0,0.235294,1.0,0.55,1
pairs_twitter_googleplus,RF,elsabonafonte,elsabonafonte,1,1.0,0.6875,0.705882,0.652174,1
pairs_twitter_googleplus,RF,peppayo,peppayo,1,1.0,1.0,1.0,1.0,1
pairs_twitter_googleplus,RF,joypoulsen,joypoulsen,1,1.0,1.0,1.0,1.0,1
pairs_twitter_googleplus,RF,nicolevsanchez,nicolevsanchez,1,1.0,0.785714,1.0,0.833333,1
pairs_twitter_googleplus,RF,cristiancraig,cristiancraig,1,1.0,0.846154,0.875,0.76,1
pairs_twitter_googleplus,RF,dbproductionltd,dbproductionltd,1,1.0,0.227273,1.0,0.64,1
pairs_twitter_googleplus,RF,havepening,brianwang,0,0.996667,0.333333,0.0,0.285714,1
pairs_twitter_googleplus,RF,drkevinlau,drkevinlau,1,1.0,0.8,0.727273,0.75,1
pairs_twitter_googleplus,RF,enzomartinez,woogybeef,0,0.821944,0.214286,0.25,0.210526,1
pairs_twitter_googleplus,RF,libertrand,bertboerland,0,1.0,0.357143,0.0,0.294118,0
pairs_twitter_googleplus,RF,alexreekie,alexreekie,1,1.0,0.533333,0.5625,0.55,1
pairs_twitter_googleplus,RF,shepdaddy,shepdaddy,1,1.0,0.25,1.0,0.7,1
pairs_twitter_googleplus,RF,davidinlines,davidinlines,1,1.0,1.0,1.0,1.0,1
pairs_twitter_googleplus,RF,know4life,xavilife,0,0.776667,0.25,0.0,0.133333,1
pairs_twitter_googleplus,RF,jimenamazucco,jimenamazucco,1,1.0,1.0,1.0,1.0,1
pairs_twitter_googleplus,RF,tomromano,tomromano,1,1.0,0.0,1.0,0.409091,1
pairs_twitter_googleplus,RF,roccoruffa,roccoruffa,1,1.0,0.117647,1.0,0.47619,1
pairs_twitter_googleplus,RF,cintiavanesadias,amyturman,0,0.993333,0.333333,0.307692,0.294118,0
pairs_twitter_googleplus,RF,rycosandy,rycosandy,1,1.0,0.263158,1.0,0.8,1
pairs_twitter_googleplus,RF,samuelstrickland,samuelstrickland,1,1.0,0.7,1.0,0.769231,1
pairs_twitter_googleplus,RF,fernandabh,laurindel,0,1.0,0.35,0.285714,0.307692,1
pairs_twitter_googleplus,RF,dangordon,dangordon,1,1.0,0.583333,0.444444,0.451613,1
pairs_twitter_googleplus,RF,ryanriot,ryanriot,1,1.0,0.272727,1.0,0.714286,1
pairs_twitter_googleplus,RF,kshkhanna,kshkhanna,1,1.0,0.846154,1.0,0.8125,1
pairs_twitter_googleplus,RF,jakeathomas,jakeathomas,1,1.0,0.375,1.0,0.571429,1
pairs_twitter_googleplus,RF,difol,difol,1,0.743333,0.125,0.0,0.26087,1
pairs_twitter_googleplus,RF,narayanann,narayanann,1,1.0,0.0,1.0,0.470588,1
pairs_twitter_googleplus,RF,raulk,raulk,1,1.0,0.3,0.833333,0.705882,1
pairs_twitter_googleplus,RF,dianaantholis,dianaantholis,1,1.0,1.0,1.0,1.0,1
pairs_twitter_googleplus,RF,wesleycruise,wesleycruise,1,1.0,1.0,1.0,1.0,1
pairs_twitter_googleplus,RF,jacobtell,jacobtell,1,1.0,1.0,1.0,1.0,1
pairs_twitter_googleplus,RF,flavenne,flavenne,1,1.0,0.8,1.0,0.866667,1
pairs_twitter_googleplus,RF,nerism,nerism,1,0.913333,0.0,0.416667,0.26087,1
pairs_twitter_googleplus,RF,whitneyenglish,whitneyenglish,1,1.0,1.0,1.0,1.0,1
pairs_twitter_googleplus,RF,nanaweber,sambassman,0,0.98,0.352941,0.0,0.24,1
pairs_twitter_googleplus,RF,insurgo222,insurgo222,1,0.996667,0.038462,0.52381,0.352941,1
pairs_twitter_googleplus,RF,friederikeschmidt,friederikeschmidt,1,1.0,0.125,1.0,0.586207,1
pairs_twitter_googleplus,RF,dashable,dmisto,0,0.716667,0.125,0.25,0.304348,1
pairs_twitter_googleplus,RF,paulmederos,paulmederos,1,1.0,0.0,1.0,0.571429,1
pairs_twitter_googleplus,RF,jonarogers,jonarogers,1,1.0,0.347826,1.0,0.592593,1
pairs_twitter_googleplus,RF,tobiaskemper,tobiaskemper,1,1.0,0.142857,1.0,0.888889,1
pairs_twitter_googleplus,RF,agathamarsha,agathamarsha,1,1.0,0.235294,1.0,0.65,1
pairs_twitter_googleplus,RF,rikkiarundel,rikkiarundel,1,1.0,1.0,1.0,1.0,1
pairs_twitter_googleplus,RF,elwaslibet,elwaslibet,1,1.0,0.15,1.0,0.666667,1
pairs_twitter_googleplus,RF,hldpn,hldpn,1,1.0,0.090909,1.0,0.733333,1
pairs_twitter_googleplus,RF,littlebitsandpieces,littlebitsandpieces,1,1.0,0.043478,1.0,0.5,1
pairs_twitter_googleplus,RF,utsavmaden,utsavmaden,1,1.0,1.0,1.0,1.0,1
pairs_twitter_googleplus,RF,dhilipsiva,dhilipsiva,1,1.0,0.642857,0.75,0.611111,1
pairs_twitter_googleplus,RF,davelabush,davelabush,1,1.0,0.583333,1.0,0.8125,1
pairs_twitter_googleplus,RF,andrerbrown,bradstarks,0,0.99,0.4,0.4,0.421053,1
pairs_twitter_googleplus,RF,elbaloo,rdalba,0,0.963333,0.375,0.0,0.25,1
pairs_twitter_googleplus,RF,enriquemeza,enriquemeza,1,1.0,0.555556,1.0,0.565217,1
pairs_twitter_googleplus,RF,johnbishopimages,johnbishopimages,1,1.0,1.0,0.588235,0.681818,1
pairs_twitter_googleplus,RF,mananpatel,mananpatel,1,1.0,0.363636,1.0,0.8,1
pairs_twitter_googleplus,RF,eisema,eisema,1,1.0,0.555556,1.0,0.923077,1
pairs_twitter_googleplus,RF,mikejeide,mikejeide,1,1.0,0.888889,1.0,0.846154,1
pairs_twitter_googleplus,RF,stephenbarr,lordsteve,0,1.0,0.357143,0.285714,0.333333,1
pairs_twitter_googleplus,RF,bonarae,bonarae,1,1.0,0.090909,1.0,0.607143,1
pairs_twitter_googleplus,RF,glemak,glemak,1,1.0,0.0,1.0,0.529412,1
pairs_twitter_googleplus,RF,ahaportugal,ahaportugal,1,1.0,0.588235,1.0,0.904762,1
pairs_twitter_googleplus,RF,franktraylor,franktraylor,1,1.0,1.0,1.0,1.0,1
pairs_twitter_googleplus,RF,corikesler,philkeeler,0,0.953333,0.285714,0.0,0.173913,1
pairs_twitter_googleplus,RF,larrybradshaw,larrybradshaw,1,1.0,0.052632,1.0,0.583333,1
pairs_twitter_googleplus,RF,martinpsialer,martinpsialer,1,1.0,1.0,1.0,1.0,1
pairs_twitter_googleplus,RF,stiofanoriain,stiofanoriain,1,1.0,1.0,1.0,1.0,1
pairs_twitter_googleplus,RF,ccostan,ccostan,1,1.0,0.294118,1.0,0.619048,1
pairs_twitter_googleplus,RF,michaelfleming,michaelfleming,1,1.0,0.05,1.0,0.56,1
pairs_twitter_googleplus,RF,evasanagustin,evasanagustin,1,1.0,1.0,1.0,1.0,1
pairs_twitter_googleplus,RF,lucioscarpa,lucioscarpa,1,1.0,0.75,1.0,0.8125,1
pairs_twitter_googleplus,RF,mathiasmaul,mathiasmaul,1,1.0,1.0,1.0,1.0,1
pairs_twitter_googleplus,RF,bryanmurley,bryanmurley,1,1.0,0.454545,1.0,0.866667,1
pairs_twitter_googleplus,RF,threedot,threedot,1,1.0,0.0,1.0,0.583333,1
pairs_twitter_googleplus,RF,adeelnkhan,adeelnkhan,1,1.0,0.636364,1.0,0.625,1
pairs_twitter_googleplus,RF,dayn,daynwj,0,0.96,0.3,0.272727,0.384615,1
pairs_twitter_googleplus,RF,naireh,naireh,1,1.0,0.0,1.0,0.6,1
pairs_twitter_googleplus,RF,jensan,janifer,0,1.0,0.125,0.421053,0.37037,1
pairs_twitter_googleplus,RF,alisovsky,voyta,0,0.457778,0.0,0.0,0.076923,1
pairs_twitter_googleplus,RF,kyrcha,kyrcha,1,1.0,0.181818,0.73913,0.642857,1
pairs_twitter_googleplus,RF,rayhanbaradi,kirillostrovskiy,0,0.98,0.363636,0.0,0.266667,1
pairs_twitter_googleplus,RF,acnatta,acnatta,1,0.983333,0.363636,0.296296,0.322581,1
pairs_twitter_googleplus,RF,ijonas,ijonas,1,1.0,0.333333,1.0,0.894737,1
pairs_twitter_googleplus,RF,lisamackay,lisamackay,1,1.0,1.0,1.0,1.0,1
pairs_twitter_googleplus,RF,johnmknight,johnmknight,1,1.0,0.727273,0.833333,0.705882,1
pairs_twitter_googleplus,RF,tamarabubble,tamarabubble,1,1.0,1.0,1.0,1.0,1
pairs_twitter_googleplus,RF,cristianovalim,cristianovalim,1,1.0,1.0,1.0,1.0,1
pairs_twitter_googleplus,RF,stanley,stanley,1,1.0,0.058824,1.0,0.708333,1
pairs_twitter_googleplus,RF,tmazon,tmazon,1,1.0,0.5,1.0,0.833333,1
pairs_twitter_googleplus,RF,davidemontanaro,davidemontanaro,1,1.0,1.0,1.0,1.0,1
pairs_twitter_googleplus,RF,buraktuylek,buraktuylek,1,1.0,0.727273,0.75,0.6875,1
pairs_twitter_googleplus,RF,mircodimarcello,mircodimarcello,1,1.0,1.0,1.0,1.0,1
pairs_twitter_googleplus,RF,dorothylovy,irfandarian,0,0.613333,0.0,0.0,0.085714,1
pairs_twitter_googleplus,RF,thesournotes,turbidsoul,0,0.763,0.210526,0.2,0.208333,0
pairs_twitter_googleplus,RF,designinvan,lmdesign,0,1.0,0.466667,0.047619,0.285714,1
pairs_twitter_googleplus,RF,hebervega,hebervega,1,1.0,0.571429,1.0,0.578947,1
pairs_twitter_googleplus,RF,gustiana,gustiana,1,1.0,0.583333,0.636364,0.470588,1
pairs_twitter_googleplus,RF,sachaqs,sachaqs,1,1.0,0.3125,0.7,0.64,1
pairs_twitter_googleplus,RF,joshuawagy,joshuagalloway,0,1.0,0.466667,0.411765,0.5,0
pairs_twitter_googleplus,RF,jaybull95,jaybull95,1,1.0,0.666667,1.0,0.642857,1
pairs_twitter_googleplus,RF,shashankkulkarni,shashankkulkarni,1,1.0,0.388889,1.0,0.652174,1
pairs_twitter_googleplus,RF,chriscandy,chriscandy,1,1.0,0.642857,1.0,0.611111,1
pairs_twitter_googleplus,RF,deanmarsden,deanmarsden,1,1.0,0.1875,1.0,0.578947,1
pairs_twitter_googleplus,RF,perolofarnas,christinegioia,0,0.763333,0.210526,0.0,0.108108,1
pairs_twitter_googleplus,RF,trezzaalfonso,trezzaalfonso,1,1.0,0.0,1.0,0.7,1
pairs_twitter_googleplus,RF,curtisnatalie,curtisnatalie,1,1.0,1.0,0.384615,0.875,1
pairs_twitter_googleplus,RF,eliut,meganmccann,0,0.663333,0.0,0.125,0.090909,0
pairs_twitter_googleplus,RF,amandablain,amandablain,1,1.0,1.0,1.0,1.0,1
pairs_twitter_googleplus,RF,dmjoaoigor,nicolaibonde,0,0.739722,0.1875,0.176471,0.190476,0
pairs_twitter_googleplus,RF,shokolalife,shokolalife,1,1.0,0.428571,0.4,0.368421,1
pairs_twitter_googleplus,RF,paulinekiseleva,carolinn,0,0.833333,0.538462,0.073171,0.209302,1
pairs_twitter_googleplus,RF,wrahool,wrahool,1,1.0,0.0,1.0,0.653846,1
pairs_twitter_googleplus,RF,larryjgalante,larryjgalante,1,1.0,1.0,0.846154,0.882353,1
pairs_twitter_googleplus,RF,svengauditz,kientran,0,0.663333,0.0,0.125,0.090909,0
pairs_twitter_googleplus,RF,lukerumley,lukerumley,1,1.0,1.0,1.0,1.0,1
pairs_twitter_googleplus,RF,thepanda,thepanda,1,1.0,0.0,1.0,0.6,1
pairs_twitter_googleplus,RF,danbrown,danbrown,1,0.996667,0.0,1.0,0.321429,1
pairs_twitter_googleplus,RF,robertbadillo,robertbadillo,1,1.0,0.0,0.875,0.576923,1
pairs_twitter_googleplus,RF,wendyjordan,wendyjordan,1,1.0,0.75,1.0,0.8125,1
pairs_twitter_googleplus,RF,susanmees,susanmees,1,1.0,1.0,1.0,1.0,1
pairs_twitter_googleplus,RF,socialcrm,socialcrm,1,1.0,0.095238,1.0,0.571429,1
pairs_twitter_googleplus,RF,remiforall,remiforall,1,1.0,0.058824,0.75,0.416667,1
pairs_twitter_googleplus,RF,mukiibijohn,mukiibijohn,1,1.0,0.588235,0.809524,0.75,1
pairs_twitter_googleplus,RF,luisvivancosoriano,kathunter,0,1.0,0.333333,0.0,0.185185,1
pairs_twitter_googleplus,RF,salvadoraceves,salvadoraceves,1,1.0,0.722222,1.0,0.695652,1
pairs_twitter_googleplus,RF,raychang,raychang,1,1.0,0.0,1.0,0.409091,1
pairs_twitter_googleplus,RF,mamadweeb,mamadweeb,1,0.983333,0.0,0.666667,0.227273,1
pairs_twitter_googleplus,RF,sethwyatt,sethwyatt,1,1.0,0.7,1.0,0.785714,1
pairs_twitter_googleplus,RF,avinashraghava,avinashraghava,1,1.0,1.0,1.0,1.0,1
pairs_twitter_googleplus,RF,kaleighmackay,kaleighmackay,1,1.0,1.0,1.0,1.0,1
pairs_twitter_googleplus,RF,ihakkim,ihakkim,1,1.0,0.454545,1.0,0.866667,1
pairs_twitter_googleplus,RF,johnkaminski,johnkaminski,1,1.0,1.0,1.0,1.0,1
pairs_twitter_googleplus,RF,nicholasgarofalo,nicholasgarofalo,1,1.0,0.130435,1.0,0.607143,1
pairs_twitter_googleplus,RF,madgrin,sharinsg,0,0.993333,0.333333,0.307692,0.294118,1
pairs_twitter_googleplus,RF,ortysan,ortysan,1,1.0,0.090909,0.464286,0.5625,1
pairs_twitter_googleplus,RF,zachhayden,zachhayden,1,1.0,0.384615,1.0,0.705882,1
pairs_twitter_googleplus,RF,janholmquist,janholmquist,1,1.0,1.0,1.0,1.0,1
pairs_twitter_googleplus,RF,kimhong,kimhong,1,1.0,0.461538,1.0,0.5,1
pairs_twitter_googleplus,RF,alleliaspili,fireflame,0,0.87,0.222222,0.0,0.117647,0
pairs_twitter_googleplus,RF,patrickliu,patrickliu,1,1.0,0.818182,0.0,0.642857,1
pairs_twitter_googleplus,RF,ericsstandlee,ericsstandlee,1,1.0,1.0,1.0,1.0,1
pairs_twitter_googleplus,RF,iangarrett,iangarrett,1,1.0,0.0,1.0,0.458333,1
pairs_twitter_googleplus,RF,revolution52,revolution52,1,1.0,0.095238,1.0,0.538462,1
pairs_twitter_googleplus,RF,braz,braz,1,0.983333,0.428571,0.375,0.5,1
pairs_twitter_googleplus,RF,hortovanyi,hortovanyi,1,1.0,0.692308,1.0,0.941176,1
pairs_twitter_googleplus,RF,jakedubss,jakedubss,1,1.0,1.0,0.7,0.833333,1
pairs_twitter_googleplus,RF,celebquote,celebquote,1,0.983333,0.409091,0.473684,0.407407,1
pairs_twitter_googleplus,RF,kjordan,kjordan,1,1.0,0.909091,1.0,0.866667,1
pairs_twitter_googleplus,RF,joshhilden,joshhilden,1,1.0,0.727273,1.0,0.8,1
pairs_twitter_googleplus,RF,jumpmancol,jumpmancol,1,1.0,0.0,1.0,0.44,1
pairs_twitter_googleplus,RF,lilioli,lilioli,1,0.976667,0.444444,0.2,0.461538,1
pairs_twitter_googleplus,RF,palel,palel,1,1.0,0.0,0.541667,0.388889,1
pairs_twitter_googleplus,RF,kollner,kollner,1,1.0,0.5,1.0,0.9375,1
pairs_twitter_googleplus,RF,oweneff,oweneff,1,1.0,1.0,1.0,1.0,1
pairs_twitter_googleplus,RF,reimstourisme,yuripeixoto,0,0.91,0.333333,0.2,0.285714,0
pairs_twitter_googleplus,RF,michaeljdennis,michaeljdennis,1,1.0,0.785714,1.0,0.833333,1
pairs_twitter_googleplus,RF,rondoner,rondoner,1,1.0,0.333333,0.6,0.869565,1
pairs_twitter_googleplus,RF,stilo,danilojrr,0,0.906667,0.222222,0.0,0.111111,1
pairs_twitter_googleplus,RF,danielfrancavilla,danielfrancavilla,1,1.0,0.666667,1.0,0.947368,1
pairs_twitter_googleplus,RF,markjameswilson,agentmarkwong,0,0.98,0.052632,0.5,0.333333,1
pairs_twitter_googleplus,RF,andycmartin,jayjayartist,0,1.0,0.5,0.538462,0.529412,1
pairs_twitter_googleplus,RF,albertojauregui,albertojauregui,1,1.0,0.608696,0.576923,0.62069,1
pairs_twitter_googleplus,RF,nonakumis,nonakumis,1,0.94,0.0,0.5,0.230769,1
pairs_twitter_googleplus,RF,lotharseifert,lotharseifert,1,1.0,0.3,1.0,0.56,1
pairs_twitter_googleplus,RF,jcbivins,jcbivins,1,1.0,0.384615,1.0,0.823529,1
pairs_twitter_googleplus,RF,shaicoggins,shaicoggins,1,1.0,1.0,1.0,1.0,1
pairs_twitter_googleplus,RF,udomichelcuria,udomichelcuria,1,1.0,0.0,0.642857,0.37037,1
pairs_twitter_googleplus,RF,foodnouveau,foodnouveau,1,1.0,0.47619,0.48,0.827586,1
pairs_twitter_googleplus,RF,raingal7,raingal7,1,1.0,0.388889,0.733333,0.730769,1
pairs_twitter_googleplus,RF,tylerstev,tylerstev,1,1.0,0.2,0.692308,0.7,1
pairs_twitter_googleplus,RF,erikatamaura,erikatamaura,1,1.0,1.0,1.0,1.0,1
pairs_twitter_googleplus,RF,aguantamena,aguantamena,1,1.0,0.833333,0.8,0.766667,1
pairs_twitter_googleplus,RF,almada,almada,1,1.0,0.631579,0.272727,0.56,1
pairs_twitter_googleplus,RF,erickfdez,erickfdez,1,1.0,0.5,0.647059,0.590909,1
pairs_twitter_googleplus,RF,johnbyerrum,johnbyerrum,1,1.0,1.0,1.0,1.0,1
pairs_twitter_googleplus,RF,ath3na,natyataniarza,0,0.653333,0.133333,0.125,0.157895,1
pairs_twitter_googleplus,RF,vivijor,andriatriv,0,0.67,0.2,0.0,0.111111,1
pairs_twitter_googleplus,RF,khthompson,ianphilthompson,0,1.0,0.466667,0.0,0.257143,1
pairs_twitter_googleplus,RF,kherallah24,kherallah24,1,1.0,0.666667,1.0,0.705882,1
pairs_twitter_googleplus,RF,chrispolk,chrispolk,1,1.0,0.45,1.0,0.5,1
pairs_twitter_googleplus,RF,rosaalberti,robertoalbertini,0,1.0,0.466667,0.041667,0.290323,1
pairs_twitter_googleplus,RF,fadawah,jawaar,0,0.95,0.363636,0.0,0.137931,1
pairs_twitter_googleplus,RF,immahmudi,mattexe,0,0.821889,0.0,0.285714,0.24,1
pairs_twitter_googleplus,RF,raeshika,raeshika,1,0.98,0.166667,0.4,0.36,1
pairs_twitter_googleplus,RF,riccardoghignoni,riccardoghignoni,1,1.0,0.333333,1.0,0.894737,1
pairs_twitter_googleplus,RF,johelsen,johelsen,1,1.0,1.0,1.0,1.0,1
pairs_twitter_googleplus,RF,acerentacargreece,acerentacargreece,1,1.0,1.0,0.611111,0.8,1
pairs_twitter_googleplus,RF,jgibbard,jgibbard,1,1.0,0.545455,0.407407,0.433333,1
pairs_twitter_googleplus,RF,adrianalemus,adrianalemus,1,1.0,1.0,0.444444,0.5,1
pairs_twitter_googleplus,RF,marcioferreira,marcioferreira,1,1.0,0.916667,0.8,0.789474,1
pairs_twitter_googleplus,RF,davidbrodie,davidbrodie,1,1.0,0.818182,1.0,0.8,1
pairs_twitter_googleplus,RF,euamotubaina,euamotubaina,1,1.0,0.043478,1.0,0.555556,1
pairs_twitter_googleplus,RF,jeffmadlock,jeffmadlock,1,1.0,0.545455,1.0,0.866667,1
pairs_twitter_googleplus,RF,magarciamartin,magarciamartin,1,1.0,0.117647,0.666667,0.481481,1
pairs_twitter_googleplus,RF,wanderingeater,wanderingeater,1,1.0,0.111111,1.0,0.391304,1
pairs_twitter_googleplus,RF,juliaserafina,juliaserafina,1,1.0,1.0,1.0,1.0,1
pairs_twitter_googleplus,RF,minorcortes,minorcortes,1,1.0,0.473684,1.0,0.5,1
pairs_twitter_googleplus,RF,treenachambers,treenachambers,1,1.0,0.0,1.0,0.483871,1
pairs_twitter_googleplus,RF,richardstep,socialstephen,0,0.996667,0.5625,0.391304,0.357143,0
pairs_twitter_googleplus,RF,christopherbrightwell,tobiaskemper,0,0.986667,0.375,0.25,0.28,0
pairs_twitter_googleplus,RF,pugin,pugin,1,1.0,1.0,1.0,1.0,1
pairs_twitter_googleplus,RF,scottharrell,scottharrell,1,1.0,1.0,1.0,1.0,1
pairs_twitter_googleplus,RF,melanieramone,melanieramone,1,1.0,0.666667,0.8125,0.727273,1
pairs_twitter_googleplus,RF,christinema,christinema,1,1.0,0.692308,1.0,0.764706,1
pairs_twitter_googleplus,RF,ejwettstein,ejwettstein,1,1.0,0.642857,1.0,0.9,1
pairs_twitter_googleplus,RF,rjacquez,rjacquez,1,1.0,0.875,1.0,0.916667,1
pairs_twitter_googleplus,RF,jeansanchez,aaronfisher,0,0.85,0.214286,0.0,0.130435,1
pairs_twitter_googleplus,RF,billloguidice,billloguidice,1,1.0,0.647059,0.448276,0.368421,1
pairs_twitter_googleplus,RF,shareeda,shareeda,1,1.0,0.538462,1.0,0.882353,1
pairs_twitter_googleplus,RF,donatellotrisolino,donatellotrisolino,1,1.0,0.047619,1.0,0.76,1
pairs_twitter_googleplus,RF,sumeetmoghe,sumeetmoghe,1,1.0,0.75,1.0,0.8125,1
pairs_twitter_googleplus,RF,shylopreston,shylopreston,1,1.0,0.307692,1.0,0.722222,1
pairs_twitter_googleplus,RF,k9blaze,k9blaze,1,1.0,0.0,0.7,0.4,1
pairs_twitter_googleplus,RF,bagusanugrah,bagusanugrah,1,1.0,0.578947,0.681818,0.958333,1
pairs_twitter_googleplus,RF,kevanobrien,kevanobrien,1,0.993333,0.363636,0.333333,0.428571,1
pairs_twitter_googleplus,RF,uni,looiss,0,0.85,0.214286,0.0,0.130435,1
pairs_twitter_googleplus,RF,jeffkart,jeffkart,1,1.0,1.0,0.666667,0.818182,1
pairs_twitter_googleplus,RF,kellythul,kellythul,1,1.0,1.0,1.0,1.0,1
pairs_twitter_googleplus,RF,gorguito,gorguito,1,0.943333,0.095238,0.37037,0.516129,1
pairs_twitter_googleplus,RF,scottnolansmith,scottnolansmith,1,1.0,1.0,1.0,1.0,1
pairs_twitter_googleplus,RF,carlydamico,carlydamico,1,1.0,0.454545,1.0,0.8125,1
pairs_twitter_googleplus,RF,yasyf,yasyf,1,1.0,0.285714,1.0,0.888889,1
pairs_twitter_googleplus,RF,tonyveroeven,tonyveroeven,1,1.0,1.0,1.0,1.0,1
pairs_twitter_googleplus,RF,omnized,omnized,1,1.0,0.058824,1.0,0.636364,1
pairs_twitter_googleplus,RF,jagudeye,jagudeye,1,1.0,0.0,0.545455,0.833333,1
pairs_twitter_googleplus,RF,dominiquedesrosiers,dominiquedesrosiers,1,1.0,0.315789,1.0,0.826087,1
pairs_twitter_googleplus,RF,svil3,svil3,1,1.0,0.0,0.777778,0.473684,1
pairs_twitter_googleplus,RF,chancelorf,chethaka,0,0.78,0.3125,0.0,0.139535,1
pairs_twitter_googleplus,RF,cparadis,cparadis,1,1.0,0.285714,1.0,0.6,1
pairs_twitter_googleplus,RF,actifirmskincare,waltonkmartin,0,0.636667,0.055556,0.111111,0.096774,0
pairs_twitter_googleplus,RF,yodspica,ericalynnyoung,0,0.473333,0.230769,0.166667,0.185185,0
pairs_twitter_googleplus,RF,pjbeyer,pjbeyer,1,1.0,0.333333,0.846154,0.722222,1
pairs_twitter_googleplus,RF,kylemadson,kylemadson,1,1.0,1.0,1.0,1.0,1
pairs_twitter_googleplus,RF,richtaylorllc,richtaylorllc,1,1.0,1.0,1.0,1.0,1
pairs_twitter_googleplus,RF,mikecorak,mikecorak,1,1.0,1.0,0.7,0.833333,1
pairs_twitter_googleplus,RF,swism,swism,1,1.0,0.0,1.0,0.72,1
pairs_twitter_googleplus,RF,joemcmillen,joemcmillen,1,1.0,0.5,1.0,0.571429,1
pairs_twitter_googleplus,RF,jonaskills,jonaskills,1,1.0,0.285714,0.625,0.478261,1
pairs_twitter_googleplus,RF,yuliakatkova,yuliakatkova,1,1.0,0.647059,1.0,0.666667,1
pairs_twitter_googleplus,RF,psalian,psalian,1,1.0,0.764706,0.5,0.636364,1
pairs_twitter_googleplus,RF,sudio,sudio,1,1.0,0.4,0.75,0.6,1
pairs_twitter_googleplus,RF,huiwenhan,huiwenhan,1,1.0,0.75,0.4,0.625,1
pairs_twitter_googleplus,RF,yoleidycarvajal,yoleidycarvajal,1,1.0,1.0,1.0,1.0,1
pairs_twitter_googleplus,RF,gallib,rhettallain,0,0.966667,0.176471,0.363636,0.380952,1
pairs_twitter_googleplus,RF,sergiocaredda,sergiocaredda,1,1.0,1.0,1.0,1.0,1
pairs_twitter_googleplus,RF,pinkuneko,pinkuneko,1,1.0,1.0,1.0,1.0,1
pairs_twitter_googleplus,RF,wendysung,wendysung,1,1.0,0.666667,1.0,0.75,1
pairs_twitter_googleplus,RF,alejandropulido,alejandropulido,1,1.0,0.380952,0.8,0.666667,1
pairs_twitter_googleplus,RF,jeandregericke,jeandregericke,1,1.0,1.0,1.0,1.0,1
pairs_twitter_googleplus,RF,polanri,polanri,1,1.0,0.428571,0.47619,0.652174,1
pairs_twitter_googleplus,RF,colinmacrae,colinmacrae,1,1.0,0.333333,1.0,0.5,1
pairs_twitter_googleplus,RF,syukranmohdrosli,syukranmohdrosli,1,1.0,0.625,0.037037,0.333333,1
pairs_twitter_googleplus,RF,dougfrancis,dougfrancis,1,1.0,1.0,1.0,1.0,1
pairs_twitter_googleplus,RF,petergiordano,petergiordano,1,1.0,0.785714,1.0,0.833333,1
pairs_twitter_googleplus,RF,jacquesfroissant,jacquesfroissant,1,1.0,0.0,1.0,0.548387,1
pairs_twitter_googleplus,RF,yoshio,yoshio,1,1.0,0.076923,1.0,0.705882,1
pairs_twitter_googleplus,RF,joelo,johelsen,0,0.873333,0.222222,0.111111,0.307692,1
pairs_twitter_googleplus,RF,marksark,marksark,1,1.0,1.0,1.0,1.0,1
pairs_twitter_googleplus,RF,korafotomorgana,korafotomorgana,1,1.0,1.0,0.2,0.833333,1
pairs_twitter_googleplus,RF,markmayer,markmayer,1,1.0,0.2,0.470588,0.842105,1
pairs_twitter_googleplus,RF,di2t,urmilesh,0,0.613333,0.071429,0.066667,0.166667,1
pairs_twitter_googleplus,RF,spongemonkey,poakpong,0,0.886667,0.3125,0.222222,0.285714,0
pairs_twitter_googleplus,RF,doschu,doschu,1,1.0,1.0,0.25,0.388889,1
pairs_twitter_googleplus,RF,colinolford,colinolford,1,1.0,0.357143,1.0,0.611111,1
pairs_twitter_googleplus,RF,kiatinsley,kiatinsley,1,1.0,0.142857,0.578947,0.565217,1
pairs_twitter_googleplus,RF,vonnelara,vonnelara,1,1.0,0.363636,0.9,0.529412,1
pairs_twitter_googleplus,RF,anamagal,tiboine,0,0.7,0.090909,0.071429,0.105263,0
pairs_twitter_googleplus,RF,aleonidas,aleonidas,1,1.0,0.466667,1.0,0.894737,1
pairs_twitter_googleplus,RF,nickcusters,nickcusters,1,1.0,1.0,1.0,1.0,1
pairs_twitter_googleplus,RF,kyotonaradreamtrips,kyotonaradreamtrips,1,1.0,0.777778,0.545455,0.5,1
pairs_twitter_googleplus,RF,janequigley,janequigley,1,1.0,0.230769,1.0,0.666667,1
pairs_twitter_googleplus,RF,topekajim,topekajim,1,1.0,0.166667,1.0,0.5,1
pairs_twitter_googleplus,RF,weshead,weshead,1,1.0,1.0,0.625,0.8,1
pairs_twitter_googleplus,RF,scottneumyer,scottneumyer,1,1.0,1.0,0.461538,0.517241,1
pairs_twitter_googleplus,RF,uira,uira,1,1.0,0.333333,0.555556,0.461538,1
pairs_twitter_googleplus,RF,muccitas,natediniro,0,0.891667,0.0,0.3125,0.192308,0
pairs_twitter_googleplus,RF,kgronwall,kgronwall,1,1.0,0.105263,0.8125,0.538462,1
pairs_twitter_googleplus,RF,beapaxson,beapaxson,1,1.0,0.142857,1.0,0.526316,1
pairs_twitter_googleplus,RF,knuppel,knuppel,1,1.0,0.461538,1.0,0.941176,1
pairs_twitter_googleplus,RF,fahads,fahads,1,1.0,0.235294,1.0,0.666667,1
pairs_twitter_googleplus,RF,volkovroman,volkovroman,1,1.0,0.142857,1.0,0.777778,1
pairs_twitter_googleplus,RF,annaebbesen,annaebbesen,1,1.0,1.0,0.75,0.857143,1
pairs_twitter_googleplus,RF,valinreallife,alifeallah,0,1.0,0.5,0.222222,0.333333,1
pairs_twitter_googleplus,RF,anthonyedwards,anthonyedwards,1,1.0,0.533333,1.0,0.842105,1
pairs_twitter_googleplus,RF,daveallen,daveallen,1,1.0,0.5,1.0,0.833333,1
pairs_twitter_googleplus,RF,ronlocke,ronlocke,1,1.0,0.461538,0.933333,0.75,1
pairs_twitter_googleplus,RF,franklingan,franklingan,1,1.0,1.0,0.7,0.916667,1
pairs_twitter_googleplus,RF,robboudon,robboudon,1,1.0,1.0,1.0,1.0,1
pairs_twitter_googleplus,RF,scg33esp,scg33esp,1,1.0,0.08,0.772727,0.545455,1
pairs_twitter_googleplus,RF,leomrco,leomrco,1,1.0,0.266667,0.411765,0.45,1
pairs_twitter_googleplus,RF,rakeshpatwari,rakeshpatwari,1,1.0,1.0,1.0,1.0,1
pairs_twitter_googleplus,RF,nickbuttler,nicholasreed,0,0.796667,0.1,0.3125,0.272727,1
pairs_twitter_googleplus,RF,thegandiman,thegandiman,1,1.0,0.214286,0.727273,0.428571,1
pairs_twitter_googleplus,RF,barhatov,wendysoucie,0,0.81,0.214286,0.0,0.088235,0
pairs_twitter_googleplus,RF,nachoserrano,nachoserrano,1,1.0,1.0,1.0,1.0,1
pairs_twitter_googleplus,RF,swarmster,mcdessureault,0,0.89,0.2,0.185185,0.310345,0
pairs_twitter_googleplus,RF,jorgedeandres,jorgedeandres,1,1.0,1.0,1.0,1.0,1
pairs_twitter_googleplus,RF,wallhattori,superwall13,0,1.0,1.0,1.0,1.0,1
pairs_twitter_googleplus,RF,larsnystrom,larsnystrom,1,1.0,0.0,0.75,0.434783,1
pairs_twitter_googleplus,RF,rashidalkuwari,rashidalkuwari,1,1.0,0.8,0.078947,0.340909,1
pairs_twitter_googleplus,RF,lucacatania,lucacatania,1,1.0,0.818182,1.0,0.8,1
pairs_twitter_googleplus,RF,michaelpashaev,rmichaelthomas,0,1.0,0.388889,0.0,0.184211,0
pairs_twitter_googleplus,RF,igorbotelho,igorbotelho,1,1.0,0.526316,0.428571,0.5,1
pairs_twitter_googleplus,RF,memocervantes,greengeedivan,0,1.0,0.533333,0.0,0.333333,1
pairs_twitter_googleplus,RF,albertomarini,albertomarini,1,1.0,0.769231,1.0,0.882353,1
pairs_twitter_googleplus,RF,rahmatmh,rahmatmh,1,1.0,0.333333,0.789474,0.68,1
pairs_twitter_googleplus,RF,monanicoara,monanicoara,1,1.0,1.0,1.0,1.0,1
pairs_twitter_googleplus,RF,nikcree,nikcree,1,1.0,0.0,1.0,0.380952,1
pairs_twitter_googleplus,RF,luisd3williams,jeromiewilliams,0,1.0,0.35,0.0,0.257143,1
pairs_twitter_googleplus,RF,georginalester,georginalester,1,1.0,0.8,1.0,0.842105,1
pairs_twitter_googleplus,RF,tonyburgess,tonyburgess,1,1.0,1.0,1.0,1.0,1
pairs_twitter_googleplus,RF,soumikshah,soumikshah,1,1.0,1.0,1.0,1.0,1
pairs_twitter_googleplus,RF,jordijubany,jordijubany,1,1.0,1.0,0.647059,0.722222,1
pairs_twitter_googleplus,RF,jakubzalas,jakubzalas,1,1.0,0.727273,1.0,0.8,1
pairs_twitter_googleplus,RF,berndbitzer,berndbitzer,1,1.0,1.0,1.0,1.0,1
pairs_twitter_googleplus,RF,joaoanzanello,joaoanzanello,1,1.0,0.6,0.588235,0.571429,1
pairs_twitter_googleplus,RF,photothiel,photothiel,1,1.0,0.454545,1.0,0.8,1
pairs_twitter_googleplus,RF,stuartsjones,stuartsjones,1,1.0,0.833333,1.0,0.875,1
pairs_twitter_googleplus,RF,joanieduquette,joanieduquette,1,1.0,1.0,0.482759,0.533333,1
pairs_twitter_googleplus,RF,cbacelar,cbacelar,1,1.0,0.5,1.0,0.875,1
pairs_twitter_googleplus,RF,praveenkumarjha,praveenkumarjha,1,1.0,0.0,1.0,0.392857,1
pairs_twitter_googleplus,RF,alisejohnson,alisejohnson,1,1.0,1.0,1.0,1.0,1
pairs_twitter_googleplus,RF,daveclarketv,daveclarketv,1,1.0,0.9,1.0,0.857143,1
pairs_twitter_googleplus,RF,jacqueswang,jacqueswang,1,1.0,0.0,1.0,0.428571,1
pairs_twitter_googleplus,RF,annamioni,raycloyd,0,0.663333,0.0,0.125,0.090909,0
pairs_twitter_googleplus,RF,bbautista,bbautista,1,1.0,0.466667,1.0,0.888889,1
pairs_twitter_googleplus,RF,anthonyrblack,danajones,0,0.933333,0.333333,0.090909,0.277778,1
pairs_twitter_googleplus,RF,stefandavis,stefandavis,1,1.0,0.714286,1.0,0.777778,1
pairs_twitter_googleplus,RF,edenilton,edenilton,1,1.0,0.533333,0.8125,0.666667,1
pairs_twitter_googleplus,RF,donanela,donanela,1,1.0,0.181818,0.457143,0.390244,1
pairs_twitter_googleplus,RF,nylander,nylander,1,1.0,0.583333,0.482759,0.516129,1
pairs_twitter_googleplus,RF,amoration,goranhalusa,0,0.996667,0.352941,0.0,0.304348,1
pairs_twitter_googleplus,RF,wisehou,liamwise,0,0.624,0.272727,0.0,0.2,0
pairs_twitter_googleplus,RF,razshafer,razshafer,1,1.0,1.0,0.375,0.444444,1
pairs_twitter_googleplus,RF,anandnav,anandnav,1,1.0,1.0,1.0,1.0,1
pairs_twitter_googleplus,RF,wordsmanifest,wordsmanifest,1,1.0,0.105263,0.571429,0.541667,1
pairs_twitter_googleplus,RF,mamaharriskitchen,mamaharriskitchen,1,1.0,0.866667,1.0,0.909091,1
pairs_twitter_googleplus,RF,leventozen,leventozen,1,0.91,0.285714,0.7,0.285714,1
pairs_twitter_googleplus,RF,furkanacarel,furkanacarel,1,1.0,1.0,1.0,1.0,1
pairs_twitter_googleplus,RF,dijuca,dijuca,1,1.0,0.142857,1.0,0.684211,1
pairs_twitter_googleplus,RF,davidchow,davidchow,1,1.0,1.0,1.0,1.0,1
pairs_twitter_googleplus,RF,dolphinsmind,dolphinsmind,1,1.0,0.0,0.714286,0.444444,1
pairs_twitter_googleplus,RF,deanwormell,deanwormell,1,1.0,0.090909,1.0,0.5625,1
pairs_twitter_googleplus,RF,billreichart,billreichart,1,1.0,1.0,1.0,1.0,1
pairs_twitter_googleplus,RF,nickborelli,nickborelli,1,1.0,1.0,1.0,1.0,1
pairs_twitter_googleplus,RF,jeffwaldmanhr,jeffwaldmanhr,1,1.0,0.833333,1.0,0.764706,1
pairs_twitter_googleplus,RF,davidleebiz,davidleebiz,1,1.0,0.7,0.421053,0.44,1
pairs_twitter_googleplus,RF,epuertas,epuertas,1,1.0,0.583333,0.464286,0.516129,1
pairs_twitter_googleplus,RF,symonchow,rogermenezes,0,0.996667,0.363636,0.0,0.181818,0
pairs_twitter_googleplus,RF,pamo,pamo,1,1.0,0.416667,1.0,0.8125,1
pairs_twitter_googleplus,RF,ohme,gerardfreeman,0,0.732222,0.222222,0.230769,0.225806,0
pairs_twitter_googleplus,RF,josepmanchado,josepmanchado,1,1.0,0.058824,1.0,0.636364,1
pairs_twitter_googleplus,RF,kurtgessler,kurtgessler,1,1.0,1.0,0.423077,0.482759,1
pairs_twitter_googleplus,RF,superlopez,javierlopezlorenzo,0,0.8625,0.315789,0.0,0.157895,1
pairs_twitter_googleplus,RF,jackiecross,jackiecross,1,1.0,0.6,1.0,0.894737,1
pairs_twitter_googleplus,RF,sponselli,sponselli,1,1.0,0.470588,1.0,0.952381,1
pairs_twitter_googleplus,RF,srcalypsoo,srcalypsoo,1,1.0,1.0,1.0,1.0,1
pairs_twitter_googleplus,RF,atencio,atencio,1,1.0,0.277778,1.0,0.619048,1
pairs_twitter_googleplus,RF,swapnilsarwe,swapnilsarwe,1,1.0,1.0,0.769231,0.928571,1
pairs_twitter_googleplus,RF,producimosideas,ldproducts,0,0.93,0.277778,0.333333,0.333333,0
pairs_twitter_googleplus,RF,nkosi,nkosi,1,1.0,0.4,1.0,0.857143,1
pairs_twitter_googleplus,RF,davidcuen,davidcuen,1,1.0,1.0,0.375,0.444444,1
pairs_twitter_googleplus,RF,richkirkpatrick,richkirkpatrick,1,1.0,0.055556,1.0,0.608696,1
pairs_twitter_googleplus,RF,crowdini,crowdini,1,0.993333,0.411765,0.0,0.363636,1
pairs_twitter_googleplus,RF,didszuleit,didszuleit,1,1.0,0.642857,1.0,0.944444,1
pairs_twitter_googleplus,RF,ronrocz,ronrocz,1,1.0,1.0,1.0,1.0,1
pairs_twitter_googleplus,RF,fmprodguy,fmprodguy,1,1.0,0.0,1.0,0.538462,1
pairs_twitter_googleplus,RF,zick,zick,1,1.0,1.0,1.0,1.0,1
pairs_twitter_googleplus,RF,federicoferro,federicoferro,1,1.0,0.833333,1.0,0.857143,1
pairs_twitter_googleplus,RF,marketintegrations,marketintegrations,1,1.0,1.0,0.5,0.882353,1
pairs_twitter_googleplus,RF,snekac,snekac,1,1.0,0.0,0.5625,0.4,1
pairs_twitter_googleplus,RF,victormlgh,victormlgh,1,1.0,0.277778,1.0,0.727273,1
pairs_twitter_googleplus,RF,roblef,roblef,1,0.996667,0.5,0.333333,0.4,1
pairs_twitter_googleplus,RF,vinhle,vinhle,1,1.0,0.25,1.0,0.411765,1
pairs_twitter_googleplus,RF,manosgerakinis,chethaka,0,0.636667,0.176471,0.103448,0.114286,0
pairs_twitter_googleplus,RF,tdanthony,tdanthony,1,1.0,0.785714,1.0,0.833333,1
pairs_twitter_googleplus,RF,jordanstemarie,jordanstemarie,1,1.0,0.0,1.0,0.727273,1
pairs_twitter_googleplus,RF,akbarwahyudi,riefaja,0,0.836667,0.0,0.066667,0.363636,0
pairs_twitter_googleplus,RF,basarpatir,basarpatir,1,0.933333,0.333333,0.3,0.35,1
pairs_twitter_googleplus,RF,symbiansymoh,symbiansymoh,1,1.0,0.086957,0.608696,0.709677,1
pairs_twitter_googleplus,RF,fredrikbergstrom,fredrikbergstrom,1,0.92,0.315789,0.3,0.291667,1
pairs_twitter_googleplus,RF,keiyoshikawa,keiyoshikawa,1,1.0,1.0,0.066667,0.777778,1
pairs_twitter_googleplus,RF,andrewghawkins,neilhawkins,0,0.986667,0.428571,0.25,0.285714,1
pairs_twitter_googleplus,RF,macgeeky,lelek,0,0.513333,0.111111,0.125,0.076923,0
pairs_twitter_googleplus,RF,juanjobueno,juanjobueno,1,1.0,0.75,0.0,0.6875,1
pairs_twitter_googleplus,RF,ryanketterman,ryanketterman,1,1.0,1.0,1.0,1.0,1
pairs_twitter_googleplus,RF,wirava,marcosatanaka,0,0.457778,0.0,0.0,0.076923,0
pairs_twitter_googleplus,RF,leosimoessh,leosimoessh,1,0.973333,0.388889,0.068966,0.236842,1
pairs_twitter_googleplus,RF,natemcgee,natemcgee,1,1.0,0.4375,1.0,0.526316,1
pairs_twitter_googleplus,RF,ilhampakelogika,ilhampakelogika,1,1.0,0.333333,1.0,0.888889,1
pairs_twitter_googleplus,RF,marymarchesano,marymarchesano,1,1.0,1.0,1.0,1.0,1
pairs_twitter_googleplus,RF,adamy,adamsadam,0,1.0,0.5,0.428571,0.4,0
pairs_twitter_googleplus,RF,benackerman,benackerman,1,1.0,0.666667,0.6875,0.722222,1
pairs_twitter_googleplus,RF,dubx,dubx,1,1.0,0.631579,0.0,0.48,1
pairs_twitter_googleplus,RF,yvanboudillet,yvanboudillet,1,1.0,0.0,1.0,0.7,1
pairs_twitter_googleplus,RF,rhettallain,rhettallain,1,1.0,0.384615,0.423077,0.363636,1
pairs_twitter_googleplus,RF,nataliecheng88,nataliecheng88,1,1.0,0.0,1.0,0.541667,1
pairs_twitter_googleplus,RF,javierarmentia,javierarmentia,1,1.0,0.928571,1.0,0.842105,1
pairs_twitter_googleplus,RF,phuzylogik,phuzylogik,1,1.0,0.0,1.0,0.52,1
pairs_twitter_googleplus,RF,toddpoole,toddpoole,1,1.0,1.0,1.0,1.0,1
pairs_twitter_googleplus,RF,crystalking,crystalking,1,1.0,0.461538,1.0,0.666667,1
pairs_twitter_googleplus,RF,cristinabelloni,cristinabelloni,1,1.0,0.533333,1.0,0.894737,1
pairs_twitter_googleplus,RF,riefaja,riefaja,1,1.0,1.0,0.266667,0.5,1
pairs_twitter_googleplus,RF,biverson,biverson,1,1.0,0.230769,0.857143,0.65,1
pairs_twitter_googleplus,RF,teoriametalica,teoriametalica,1,1.0,0.045455,1.0,0.5,1
pairs_twitter_googleplus,RF,matsugawa,sudol,0,0.903333,0.333333,0.041667,0.1875,1
pairs_twitter_googleplus,RF,bryantobiason,bryantobiason,1,0.986667,0.0,0.421053,0.310345,1
pairs_twitter_googleplus,RF,dydyhujan,dydyhujan,1,1.0,0.0,1.0,0.5,1
pairs_twitter_googleplus,RF,radphotography,radphotography,1,1.0,0.272727,1.0,0.666667,1
pairs_twitter_googleplus,RF,manishreddy,manishreddy,1,1.0,0.473684,1.0,0.5,1
pairs_twitter_googleplus,RF,rainerflame,rainerflame,1,1.0,0.055556,1.0,0.478261,1
pairs_twitter_googleplus,RF,fabianalvarez,fabianalvarez,1,0.93,0.2,0.464286,0.285714,1
pairs_twitter_googleplus,RF,diesteph,stephyates,0,1.0,0.5,0.454545,0.4,1
pairs_twitter_googleplus,RF,marcosaurellio,marcosaurellio,1,1.0,0.5,0.423077,0.441176,1
pairs_twitter_googleplus,RF,alessiacamera,alessiacamera,1,1.0,0.785714,1.0,0.823529,1
pairs_twitter_googleplus,RF,kimauclair,kimauclair,1,1.0,1.0,0.4,0.464286,1
pairs_twitter_googleplus,RF,filjedi,filjedi,1,1.0,0.0,1.0,0.571429,1
pairs_twitter_googleplus,RF,yannispatras,yannispatras,1,1.0,0.416667,0.416667,0.8,1
pairs_twitter_googleplus,RF,markusortner,markusortner,1,1.0,0.0,1.0,0.65,1
pairs_twitter_googleplus,RF,ericzimmett,ericzimmett,1,1.0,1.0,1.0,1.0,1
pairs_twitter_googleplus,RF,tapps,tapps,1,1.0,0.333333,0.75,0.923077,1
pairs_twitter_googleplus,RF,sertxu,sertxu,1,1.0,1.0,0.190476,0.56,1
pairs_twitter_googleplus,RF,mitchbaldwin,mitchbaldwin,1,1.0,1.0,1.0,1.0,1
pairs_twitter_googleplus,RF,jortegahd,jortegahd,1,1.0,1.0,0.033333,0.393939,1
pairs_twitter_googleplus,RF,tjameswhite,whatleydude,0,0.9,0.4,0.0625,0.189189,1
pairs_twitter_googleplus,RF,ryanwright,ryanwright,1,1.0,0.294118,1.0,0.5,1
pairs_twitter_googleplus,RF,uvabe,uvabe,1,1.0,0.230769,0.785714,0.631579,1
pairs_twitter_googleplus,RF,vanora,vanora,1,1.0,1.0,0.714286,0.8,1
pairs_twitter_googleplus,RF,ibulat,larshaberl,0,0.84,0.222222,0.0,0.066667,0
pairs_twitter_googleplus,RF,iamcorn,djchuang,0,0.940667,0.0,0.307692,0.2,0
pairs_twitter_googleplus,RF,pascalstjean,pascalstjean,1,1.0,0.384615,1.0,0.722222,1
pairs_twitter_googleplus,RF,ercansevinc,ercansevinc,1,1.0,1.0,0.909091,0.933333,1
pairs_twitter_googleplus,RF,brianyw,brianyw,1,1.0,0.3125,1.0,0.619048,1
pairs_twitter_googleplus,RF,knittingandpurling,frogdiva,0,0.693333,0.217391,0.0,0.142857,0
pairs_twitter_googleplus,RF,avaragado,avaragado,1,1.0,1.0,1.0,1.0,1
pairs_twitter_googleplus,RF,dannybooty,dannybooty,1,1.0,0.727273,1.0,0.785714,1
pairs_twitter_googleplus,RF,shawareb,shawareb,1,1.0,1.0,1.0,1.0,1
pairs_twitter_googleplus,RF,charlierein,charlierein,1,1.0,0.538462,1.0,0.764706,1
pairs_twitter_googleplus,RF,joeteh,joeteh,1,1.0,0.714286,1.0,0.666667,1
pairs_twitter_googleplus,RF,jerrybarnwell,jerrybarnwell,1,1.0,1.0,1.0,1.0,1
pairs_twitter_googleplus,RF,tacianomm,tacianomm,1,1.0,0.388889,0.722222,0.652174,1
pairs_twitter_googleplus,RF,aaronphil,brodychilds,0,0.756667,0.285714,0.0,0.2,0
pairs_twitter_googleplus,RF,jaryves,jaryves,1,1.0,0.230769,0.705882,0.8,1
pairs_twitter_googleplus,RF,barbaraparolini,barbaraparolini,1,1.0,0.2,1.0,0.52,1
pairs_twitter_googleplus,RF,jeffersonfonseca,jeffersonfonseca,1,1.0,0.529412,1.0,0.772727,1
pairs_twitter_googleplus,RF,kkitajima,kkitajima,1,1.0,0.043478,0.7,0.4375,1
pairs_twitter_googleplus,RF,michellefreeman,michellefreeman,1,1.0,0.3,1.0,0.64,1
pairs_twitter_googleplus,RF,antoninremond,antoninremond,1,1.0,0.571429,0.769231,0.6,1
pairs_twitter_googleplus,RF,khagendra13,khagendra13,1,1.0,0.533333,1.0,0.75,1
pairs_twitter_googleplus,RF,keithdevereux,angelcano,0,0.971667,0.0,0.416667,0.272727,0
pairs_twitter_googleplus,RF,urbanconsultant,michaelarmstrong,0,0.846667,0.321429,0.034483,0.230769,0
pairs_twitter_googleplus,RF,aleksandersoender,aleksandersoender,1,1.0,0.133333,1.0,0.789474,1
pairs_twitter_googleplus,RF,dezydelima,monib,0,0.613333,0.0,0.0,0.085714,1
pairs_twitter_googleplus,RF,giulianoabate,giulianoabate,1,1.0,0.785714,1.0,0.833333,1
pairs_twitter_googleplus,RF,jenniferrosenblatt,daphnecheung,0,0.936667,0.315789,0.333333,0.36,0
pairs_twitter_googleplus,RF,danilolara,danilolara,1,1.0,1.0,1.0,1.0,1
pairs_twitter_googleplus,RF,colleenburns,colleenburns,1,1.0,1.0,1.0,1.0,1
pairs_twitter_googleplus,RF,mattslens,mattslens,1,1.0,0.157895,1.0,0.666667,1
pairs_twitter_googleplus,RF,docmurphy,docmurphy,1,1.0,0.142857,1.0,0.555556,1
pairs_twitter_googleplus,RF,claudenahon,claudenahon,1,1.0,1.0,1.0,1.0,1
pairs_twitter_googleplus,RF,americoferrara,americoferrara,1,1.0,1.0,0.5,0.866667,1
pairs_twitter_googleplus,RF,marcusnelson,marcusnelson,1,1.0,1.0,1.0,1.0,1
pairs_twitter_googleplus,RF,maritosv,maritosv,1,1.0,0.272727,1.0,0.6,1
pairs_twitter_googleplus,RF,mikesorg,jeepgeek,0,1.0,0.105263,0.421053,0.423077,1
pairs_twitter_googleplus,RF,hieuiee,hieuiee,1,0.97,0.428571,0.0,0.277778,1
pairs_twitter_googleplus,RF,jhauge,jhauge,1,1.0,0.363636,1.0,0.866667,1
pairs_twitter_googleplus,RF,roadtrippers,roadtrippers,1,1.0,1.0,0.423077,0.5,1
pairs_twitter_googleplus,RF,philstrahl,philstrahl,1,1.0,1.0,0.769231,0.8,1
pairs_twitter_googleplus,RF,nhiranz,nhiranz,1,1.0,0.166667,0.541667,0.466667,1
pairs_twitter_googleplus,RF,arqjlsm,manuelmonserrate,0,0.863333,0.333333,0.217391,0.233333,0
pairs_twitter_googleplus,RF,fionagraham,fionagraham,1,1.0,1.0,1.0,1.0,1
pairs_twitter_googleplus,RF,shunn,shunn,1,0.976667,0.363636,0.444444,0.466667,1
pairs_twitter_googleplus,RF,akippingruane,baochi,0,0.89,0.333333,0.038462,0.194444,1
pairs_twitter_googleplus,RF,marlenebitzer,marlenebitzer,1,1.0,0.785714,1.0,0.833333,1
pairs_twitter_googleplus,RF,guy1067,guy1067,1,1.0,0.4,0.647059,0.85,1
pairs_twitter_googleplus,RF,jinuem,jinuem,1,1.0,0.071429,1.0,0.631579,1
pairs_twitter_googleplus,RF,byross,spyroslangkos,0,0.97,0.333333,0.0,0.266667,1
pairs_twitter_googleplus,RF,joshuaparker,irmazimmermann,0,0.683333,0.181818,0.384615,0.166667,0
pairs_twitter_googleplus,RF,dianeharrigan,dianeharrigan,1,1.0,0.043478,0.461538,0.862069,1
pairs_twitter_googleplus,RF,chrislittler,chrislittler,1,1.0,0.916667,1.0,0.823529,1
pairs_twitter_googleplus,RF,venier,venier,1,1.0,0.411765,1.0,0.857143,1
pairs_twitter_googleplus,RF,eesmyal,eesmyal,1,1.0,0.333333,1.0,0.909091,1
pairs_twitter_googleplus,RF,rhoinkes,rhoinkes,1,1.0,1.0,1.0,1.0,1
pairs_twitter_googleplus,RF,ronsansone,ronsansone,1,1.0,0.454545,0.416667,0.466667,1
pairs_twitter_googleplus,RF,starmomma,starmomma,1,1.0,0.045455,0.882353,0.551724,1
pairs_twitter_googleplus,RF,johnstefanidis,stefandan,0,0.983333,0.416667,0.0,0.151515,1
pairs_twitter_googleplus,RF,kokilayaa,kokilayaa,1,1.0,0.352941,1.0,0.85,1
pairs_twitter_googleplus,RF,roslauski,roslauski,1,1.0,0.615385,0.5625,0.555556,1
pairs_twitter_googleplus,RF,raffaellosetten,raffaellosetten,1,1.0,1.0,1.0,1.0,1
pairs_twitter_googleplus,RF,daengdoang,daengdoang,1,1.0,1.0,0.571429,0.653846,1
pairs_twitter_googleplus,RF,derekameyer,ssofia,0,0.87,0.227273,0.217391,0.222222,0
pairs_twitter_googleplus,RF,marissahughes,marissahughes,1,1.0,0.833333,1.0,0.764706,1
pairs_twitter_googleplus,RF,ggty,ggty,1,1.0,0.0,0.666667,0.566667,1
pairs_twitter_googleplus,RF,jreese,jreese,1,1.0,0.625,1.0,0.75,1
pairs_twitter_googleplus,RF,arklady,arklady,1,1.0,0.0,0.56,0.827586,1
pairs_twitter_googleplus,RF,andreaskuehn,andreaskuehn,1,1.0,0.461538,0.75,0.5,1
pairs_twitter_googleplus,RF,negegabriel,negegabriel,1,1.0,0.9,1.0,0.857143,1
pairs_twitter_googleplus,RF,ricardosalgado,nicolewong,0,0.866667,0.214286,0.0,0.114286,0
pairs_twitter_googleplus,RF,pavelsmirnov,pavelsmirnov,1,1.0,0.0,1.0,0.52,1
pairs_twitter_googleplus,RF,ube17,ycnex,0,0.903333,0.5,0.388889,0.333333,0
pairs_twitter_googleplus,RF,frankdasilva,frankdasilva,1,1.0,1.0,1.0,1.0,1
pairs_twitter_googleplus,RF,mithical,mithical,1,1.0,0.0,1.0,0.583333,1
pairs_twitter_googleplus,RF,zackpund,zackpund,1,1.0,1.0,1.0,1.0,1
pairs_twitter_googleplus,RF,pamvickers,pamvickers,1,1.0,0.727273,1.0,0.8,1
pairs_twitter_googleplus,RF,marinasweet,marinasweet,1,1.0,0.277778,1.0,0.521739,1
pairs_twitter_googleplus,RF,kicey,kicey,1,1.0,0.052632,1.0,0.458333,1
pairs_twitter_googleplus,RF,lizcarey13,lizcarey13,1,1.0,0.777778,1.0,0.714286,1
pairs_twitter_googleplus,RF,fontesfilipe,fontesfilipe,1,1.0,0.833333,1.0,0.8,1
pairs_twitter_googleplus,RF,ozturkmurat,ozturkmurat,1,0.893333,0.461538,0.538462,0.363636,1
pairs_twitter_googleplus,RF,michielheijmans,michielheijmans,1,1.0,0.875,0.4,0.75,1
pairs_twitter_googleplus,RF,jimbgreen,jimbgreen,1,1.0,0.666667,1.0,0.769231,1
pairs_twitter_googleplus,RF,mrchorusman,webgirl,0,0.664778,0.217391,0.214286,0.233333,0
pairs_twitter_googleplus,RF,royterp,royterp,1,1.0,0.272727,1.0,0.625,1
pairs_twitter_googleplus,RF,jcarlossoto,jcarlossoto,1,1.0,0.692308,1.0,0.894737,1
pairs_twitter_googleplus,RF,peregeis,peregeis,1,1.0,0.538462,0.533333,0.578947,1
pairs_twitter_googleplus,RF,tcmorgan,tcmorgan,1,1.0,0.0625,1.0,0.428571,1
pairs_twitter_googleplus,RF,reportertim,reportertim,1,1.0,0.1,1.0,0.6,1
pairs_twitter_googleplus,RF,juanpascual,juanpascual,1,1.0,0.315789,1.0,0.730769,1
pairs_twitter_googleplus,RF,jeremeyperkins,jeremeyperkins,1,1.0,0.428571,1.0,0.777778,1
pairs_twitter_googleplus,RF,pmoraes,pmoraes,1,0.996667,0.227273,0.55,0.413793,1
pairs_twitter_googleplus,RF,victorpanlilio,victorpanlilio,1,1.0,1.0,1.0,1.0,1
pairs_twitter_googleplus,RF,doncrow,doncrow,1,1.0,1.0,1.0,1.0,1
pairs_twitter_googleplus,RF,intweetion,intweetion,1,1.0,0.074074,0.85,0.59375,1
pairs_twitter_googleplus,RF,jasongraham99,jasongraham99,1,1.0,0.833333,1.0,0.764706,1
pairs_twitter_googleplus,RF,silviabarroso,silviabarroso,1,1.0,1.0,1.0,1.0,1
pairs_twitter_googleplus,RF,briancsmith,briancsmith,1,1.0,1.0,1.0,1.0,1
pairs_twitter_googleplus,RF,lidiadepadua,lidiadepadua,1,1.0,1.0,0.041667,0.461538,1
pairs_twitter_googleplus,RF,sebastianruester,sebastianruester,1,1.0,0.083333,0.8,0.451613,1
pairs_twitter_googleplus,RF,lizapierce,lizapierce,1,1.0,0.0,1.0,0.5,1
pairs_twitter_googleplus,RF,scottpaterson,kilttilter,0,1.0,0.0,0.666667,0.217391,1
pairs_twitter_googleplus,RF,julianojacob,julianojacob,1,1.0,1.0,0.769231,0.928571,1
pairs_twitter_googleplus,RF,alneil,alneil,1,1.0,0.5,1.0,0.8125,1
pairs_twitter_googleplus,RF,fernandoamezrafael,fernandoamezrafael,1,1.0,0.086957,0.85,0.5625,1
pairs_twitter_googleplus,RF,kimberlylawson,kimbamcmichael,0,1.0,0.368421,0.428571,0.357143,1
pairs_twitter_googleplus,RF,guedadojacopomele,guedadojacopomele,1,1.0,0.375,0.944444,0.904762,1
pairs_twitter_googleplus,RF,jeffcarroll,jeffcarroll,1,1.0,0.909091,1.0,0.8125,1
pairs_twitter_googleplus,RF,taniabishop,taniabishop,1,1.0,1.0,0.647059,0.736842,1
pairs_twitter_googleplus,RF,mollahasani,mollahasani,1,1.0,0.666667,1.0,0.941176,1
pairs_twitter_googleplus,RF,felicelam,felicelam,1,1.0,1.0,1.0,1.0,1
pairs_twitter_googleplus,RF,estudiooberon,estudiooberon,1,1.0,0.294118,1.0,0.590909,1
pairs_twitter_googleplus,RF,sonyanews,sonyanews,1,1.0,0.307692,1.0,0.611111,1
pairs_twitter_googleplus,RF,esenterre,esenterre,1,1.0,0.636364,0.916667,0.705882,1
pairs_twitter_googleplus,RF,mserdark,mserdark,1,1.0,1.0,0.454545,0.513514,1
pairs_twitter_googleplus,RF,paolamosso,paolamosso,1,1.0,1.0,1.0,1.0,1
pairs_twitter_googleplus,RF,rodedelpino,rodedelpino,1,1.0,0.8,0.833333,0.809524,1
pairs_twitter_googleplus,RF,locohama,locohama,1,1.0,0.0,1.0,0.52381,1
pairs_twitter_googleplus,RF,rbanffy,rbanffy,1,1.0,0.384615,0.785714,0.75,1
pairs_twitter_googleplus,RF,falmazroa,mycroft221,0,0.93,0.214286,0.0,0.105263,1
pairs_twitter_googleplus,RF,chrisjenglish,chrisjenglish,1,1.0,0.692308,1.0,0.666667,1
pairs_twitter_googleplus,RF,karenlieberman,karenlieberman,1,1.0,0.1875,1.0,0.75,1
pairs_twitter_googleplus,RF,zhangqiao,zhangqiao,1,0.923333,0.307692,0.24,0.375,1
pairs_twitter_googleplus,RF,andreuibanez,andreuibanez,1,1.0,0.727273,0.75,0.8,1
pairs_twitter_googleplus,RF,jasonlister,jasonlister,1,1.0,0.0625,1.0,0.571429,1
pairs_twitter_googleplus,RF,glenndavisjr,glenndavisjr,1,1.0,1.0,1.0,1.0,1
pairs_twitter_googleplus,RF,gozdebalkan,gozdebalkan,1,1.0,1.0,1.0,1.0,1
pairs_twitter_googleplus,RF,pedrocaeiros,pedrocaeiros,1,1.0,1.0,1.0,1.0,1
pairs_twitter_googleplus,RF,mellielang,mellielang,1,1.0,0.5,1.0,0.588235,1
pairs_twitter_googleplus,RF,twool9,twool9,1,1.0,0.176471,1.0,0.772727,1
pairs_twitter_googleplus,RF,ahmedhakim,ahmedhakim,1,0.96,0.285714,0.277778,0.47619,1
pairs_twitter_googleplus,RF,dontsithome,domesposito,0,0.93,0.333333,0.222222,0.26087,0
pairs_twitter_googleplus,RF,lebohangbucibo,lebohangbucibo,1,1.0,0.538462,1.0,0.882353,1
pairs_twitter_googleplus,RF,rickaustin,rickaustin,1,1.0,0.727273,0.727273,0.666667,1
pairs_twitter_googleplus,RF,dbhaffey,dbhaffey,1,1.0,0.636364,0.411765,0.529412,1
pairs_twitter_googleplus,RF,michaelallenberg,michaelallenberg,1,1.0,0.470588,1.0,0.772727,1
pairs_twitter_googleplus,RF,raymondwyu,clint,0,0.883333,0.266667,0.176471,0.315789,0
pairs_twitter_googleplus,RF,neocroma,tomacreon,0,0.98,0.363636,0.0,0.266667,0
pairs_twitter_googleplus,RF,briannagami,briannagami,1,1.0,1.0,1.0,1.0,1
pairs_twitter_googleplus,RF,vivipedraglio,vivipedraglio,1,1.0,0.916667,1.0,0.823529,1
pairs_twitter_googleplus,RF,impureacts,impureacts,1,1.0,0.0,1.0,0.538462,1
pairs_twitter_googleplus,RF,thomaspleil,plevel,0,1.0,0.0,0.642857,0.454545,0
pairs_twitter_googleplus,RF,floriandedio,floriandedio,1,1.0,1.0,1.0,1.0,1
pairs_twitter_googleplus,RF,davidadams,davidadams,1,1.0,0.444444,1.0,0.714286,1
pairs_twitter_googleplus,RF,domesposito,domesposito,1,0.933333,0.0,0.407407,0.315789,1
pairs_twitter_googleplus,RF,alhasani,alhasani,1,0.996667,0.304348,0.6,0.53125,1
pairs_twitter_googleplus,RF,sanahsayani,sanahsayani,1,1.0,0.666667,1.0,0.625,1
pairs_twitter_googleplus,RF,lotuscarroll,lotuscarroll,1,1.0,1.0,1.0,1.0,1
pairs_twitter_googleplus,RF,robnelson,psyko,0,0.993333,0.333333,0.0,0.222222,0
pairs_twitter_googleplus,RF,laurendaymakeup,laurendaymakeup,1,1.0,0.571429,1.0,0.578947,1
pairs_twitter_googleplus,RF,joshuagriffler,joshuagriffler,1,1.0,0.235294,1.0,0.681818,1
pairs_twitter_googleplus,RF,tyroneeaton,tyroneeaton,1,0.83,0.05,0.444444,0.3,1
pairs_twitter_googleplus,RF,bradyocallahan,bradyocallahan,1,1.0,1.0,1.0,1.0,1
pairs_twitter_googleplus,RF,scottjwalter,scottjwalter,1,1.0,1.0,1.0,1.0,1
pairs_twitter_googleplus,RF,laranovales,laranovales,1,1.0,0.178571,0.419355,0.368421,1
pairs_twitter_googleplus,RF,codyo,codyo,1,1.0,0.230769,1.0,0.777778,1
pairs_twitter_googleplus,RF,sejalparekh,sejalparekh,1,1.0,0.285714,1.0,0.666667,1
pairs_twitter_googleplus,RF,visualmethod,visualmethod,1,1.0,0.0,1.0,0.416667,1
pairs_twitter_googleplus,RF,ojdurham,vitamingc,0,0.996667,0.333333,0.0,0.227273,0
pairs_twitter_googleplus,RF,arcarga,sosylos,0,0.9,0.4,0.0625,0.2,1
pairs_twitter_googleplus,RF,wizardparadox,wizardparadox,1,1.0,0.0,0.666667,0.394737,1
pairs_twitter_googleplus,RF,kevinhealey,kevinhealey,1,0.996667,0.75,0.34375,0.361111,1
pairs_twitter_googleplus,RF,jeroenvangils,jeroenvangils,1,1.0,0.52381,1.0,0.884615,1
pairs_twitter_googleplus,RF,bradenframe,bradenframe,1,1.0,1.0,1.0,1.0,1
pairs_twitter_googleplus,RF,rubeelnellikad,rubeelnellikad,1,1.0,1.0,1.0,1.0,1
pairs_twitter_googleplus,RF,bobhazlett,bobhazlett,1,1.0,0.1,1.0,0.44,1
pairs_twitter_googleplus,RF,wojciechnowacki,wojciechnowacki,1,1.0,0.375,1.0,0.85,1
pairs_twitter_googleplus,RF,fivekey,andybundy,0,0.457778,0.0,0.0,0.076923,0
pairs_twitter_googleplus,RF,ayepee99,pjain,0,0.703333,0.1875,0.3,0.136364,1
pairs_twitter_googleplus,RF,rjjaramillo,rjjaramillo,1,1.0,0.470588,1.0,0.714286,1
pairs_twitter_googleplus,RF,tylerkessler,tylerkessler,1,1.0,1.0,1.0,1.0,1
pairs_twitter_googleplus,RF,helloethan,helloethan,1,1.0,0.153846,1.0,0.366667,1
pairs_twitter_googleplus,RF,jenngrover,jenngrover,1,1.0,1.0,1.0,1.0,1
pairs_twitter_googleplus,RF,robertheadley,robertheadley,1,1.0,1.0,1.0,1.0,1
pairs_twitter_googleplus,RF,antgoo,antgoo,1,1.0,0.333333,1.0,0.8125,1
pairs_twitter_googleplus,RF,fdemouy,fdemouy,1,1.0,0.357143,1.0,0.888889,1
pairs_twitter_googleplus,RF,caroquezadac,caroquezadac,1,1.0,0.5625,0.9375,0.8,1
pairs_twitter_googleplus,RF,jareduraine,jareduraine,1,1.0,1.0,1.0,1.0,1
pairs_twitter_googleplus,RF,valyb,valyb,1,1.0,0.238095,1.0,0.653846,1
pairs_twitter_googleplus,RF,davidbonet,davidbonet,1,1.0,1.0,1.0,1.0,1
pairs_twitter_googleplus,RF,julieg,julieg,1,1.0,0.5,0.4,0.4,1
pairs_twitter_googleplus,RF,michaelletang,michaelletang,1,1.0,1.0,1.0,1.0,1
pairs_twitter_googleplus,RF,dgosplvd,dgosplvd,1,1.0,0.136364,0.571429,0.451613,1
pairs_twitter_googleplus,RF,cesarmuela,cesarmuela,1,1.0,0.7,0.296296,0.34375,1
pairs_twitter_googleplus,RF,jellederoeck,jellederoeck,1,1.0,1.0,0.0,0.722222,1
pairs_twitter_googleplus,RF,caty,caty,1,1.0,1.0,1.0,1.0,1
pairs_twitter_googleplus,RF,nicholaschen,nicholaschen,1,1.0,0.357143,0.461538,0.5,1
pairs_twitter_googleplus,RF,sassycurls,sassycurls,1,0.973333,0.727273,0.0,0.3,1
pairs_twitter_googleplus,RF,zelia,zelia,1,1.0,0.153846,0.785714,0.705882,1
pairs_twitter_googleplus,RF,mitz,anitachauhan,0,1.0,0.5,0.083333,0.411765,1
pairs_twitter_googleplus,RF,domingoriera,domingoriera,1,1.0,0.166667,0.631579,0.541667,1
pairs_twitter_googleplus,RF,naborgarrido,naborgarrido,1,1.0,0.6875,1.0,0.909091,1
pairs_twitter_googleplus,RF,mjarron,mjarron,1,1.0,0.133333,0.733333,0.571429,1
pairs_twitter_googleplus,RF,rdalba,rdalba,1,1.0,1.0,1.0,1.0,1
pairs_twitter_googleplus,RF,larrytron,larrytron,1,1.0,0.2,1.0,0.703704,1
pairs_twitter_googleplus,RF,colinlord,colinlord,1,1.0,1.0,1.0,1.0,1
pairs_twitter_googleplus,RF,kivettbednar,kivettbednar,1,1.0,1.0,1.0,1.0,1
pairs_twitter_googleplus,RF,joeyfeith,joeyfeith,1,1.0,1.0,1.0,1.0,1
pairs_twitter_googleplus,RF,silviafattori,silviafoglia,0,0.996667,0.416667,0.294118,0.285714,1
pairs_twitter_googleplus,RF,alifeallah,alifeallah,1,1.0,1.0,0.75,0.733333,1
pairs_twitter_googleplus,RF,mrdrazad,mrdrazad,1,1.0,0.0625,1.0,0.571429,1
pairs_twitter_googleplus,RF,davidweb,davidcardona,0,0.98,0.2,0.5,0.321429,1
pairs_twitter_googleplus,RF,luclegay,luclegay,1,1.0,1.0,1.0,1.0,1
pairs_twitter_googleplus,RF,voyta,voyta,1,1.0,0.0625,0.714286,0.44,1
pairs_twitter_googleplus,RF,yawjosephetse,yawjosephetse,1,1.0,0.416667,1.0,0.833333,1
pairs_twitter_googleplus,RF,lupupavel,lupupavel,1,1.0,0.083333,0.636364,0.588235,1
pairs_twitter_googleplus,RF,chyan,chyan,1,1.0,0.5,1.0,0.833333,1
pairs_twitter_googleplus,RF,jlbravo,jlbravo,1,1.0,0.5,0.454545,0.5,1
pairs_twitter_googleplus,RF,shantellmartin,shantellmartin,1,1.0,0.8,0.482759,0.470588,1
pairs_twitter_googleplus,RF,maiz,maiz,1,1.0,0.7,0.727273,0.785714,1
pairs_twitter_googleplus,RF,jayjohnsonmlp,jayjohnsonmlp,1,1.0,0.75,1.0,0.6875,1
pairs_twitter_googleplus,RF,jennaavery,jennaavery,1,1.0,1.0,1.0,1.0,1
pairs_twitter_googleplus,RF,naccarato,naccarato,1,1.0,1.0,1.0,1.0,1
pairs_twitter_googleplus,RF,olatin,olatin,1,1.0,1.0,0.461538,0.764706,1
pairs_twitter_googleplus,RF,hogeslag,hogeslag,1,1.0,0.0,1.0,0.6,1
pairs_twitter_googleplus,RF,kedtaz,kedtaz,1,1.0,1.0,1.0,1.0,1
pairs_twitter_googleplus,RF,fredrodrigues,fredrodrigues,1,1.0,0.733333,1.0,0.7,1
pairs_twitter_googleplus,RF,victorzaidi,bayardelgerg,0,0.966667,0.318182,0.230769,0.310345,0
pairs_twitter_googleplus,RF,betharnold,betharnold,1,1.0,1.0,1.0,1.0,1
pairs_twitter_googleplus,RF,frosch03,byross,0,0.97,0.363636,0.230769,0.235294,1
pairs_twitter_googleplus,RF,shawnmor,shawnmor,1,1.0,0.538462,0.875,0.8,1
pairs_twitter_googleplus,RF,ihsan,ihsan,1,1.0,0.266667,0.6875,0.48,1
pairs_twitter_googleplus,RF,krolow,krolow,1,1.0,0.416667,0.8,0.777778,1
pairs_twitter_googleplus,RF,frayser,frayser,1,1.0,0.1,1.0,0.52,1
pairs_twitter_googleplus,RF,timothylmooney,timothylmooney,1,1.0,0.538462,1.0,0.647059,1
pairs_twitter_googleplus,RF,vbrown3709,vbrown3709,1,1.0,0.5,1.0,0.9,1
pairs_twitter_googleplus,RF,jeffalldridge,jeffalldridge,1,1.0,0.176471,1.0,0.636364,1
pairs_twitter_googleplus,RF,dedicatedshep,shepdaddy,0,0.703056,0.210526,0.230769,0.217391,1
pairs_twitter_googleplus,RF,doughaddix,doughaddix,1,1.0,1.0,0.727273,0.846154,1
pairs_twitter_googleplus,RF,warp,warp,1,1.0,0.428571,1.0,0.666667,1
pairs_twitter_googleplus,RF,russwalker,russwalker,1,1.0,0.727273,1.0,0.8,1
pairs_twitter_googleplus,RF,6clicks,6clicks,1,1.0,0.047619,0.695652,0.75,1
pairs_twitter_googleplus,RF,cassiodeveloper,cassiodeveloper,1,0.783333,0.12,0.315789,0.291667,1
pairs_twitter_googleplus,RF,dadangebudi,dadangebudi,1,1.0,1.0,0.363636,0.733333,1
pairs_twitter_googleplus,RF,joshuatalley,joshuatalley,1,1.0,1.0,1.0,1.0,1
pairs_twitter_googleplus,RF,pedrosdh,pedrosdh,1,0.996667,0.454545,0.142857,0.307692,1
pairs_twitter_googleplus,RF,krajabi,krajabi,1,1.0,0.454545,1.0,0.866667,1
pairs_twitter_googleplus,RF,jamiesmyth,jamiesmyth,1,0.726667,0.333333,0.352941,0.363636,1
pairs_twitter_googleplus,RF,alissasadler,alissasadler,1,1.0,1.0,1.0,1.0,1
pairs_twitter_googleplus,RF,alwynvelasquez,alwynvelasquez,1,1.0,0.866667,1.0,0.8,1
pairs_twitter_googleplus,RF,anibaldelatorre,anibaldelatorre,1,1.0,1.0,1.0,1.0,1
pairs_twitter_googleplus,RF,micahb,micahb,1,0.99,0.363636,0.428571,0.419355,1
pairs_twitter_googleplus,RF,miguelmarqueze,miguelmarqueze,1,1.0,0.588235,0.631579,0.608696,1
pairs_twitter_googleplus,RF,darrenchivers,darrenchivers,1,1.0,1.0,1.0,1.0,1
pairs_twitter_googleplus,RF,kevindoohan,kevindoohan,1,0.956667,0.454545,0.407407,0.4,1
pairs_twitter_googleplus,RF,juancarikt,juancarikt,1,1.0,0.333333,1.0,0.76,1
pairs_twitter_googleplus,RF,niiabbey,niiabbey,1,1.0,0.538462,1.0,0.894737,1
pairs_twitter_googleplus,RF,genedexter,genedexter,1,1.0,0.75,1.0,0.705882,1
pairs_twitter_googleplus,RF,otterfreak,otterfreak,1,1.0,0.05,0.866667,0.538462,1
pairs_twitter_googleplus,RF,andecha,dengdeng,0,0.986667,0.363636,0.0,0.172414,1
pairs_twitter_googleplus,RF,ibo,ibo,1,1.0,0.529412,0.318182,0.653846,1
pairs_twitter_googleplus,RF,katiedeluca,katiedeluca,1,1.0,1.0,1.0,1.0,1
pairs_twitter_googleplus,RF,jeffcurto,jeffcurto,1,1.0,1.0,1.0,1.0,1
pairs_twitter_googleplus,RF,zachancell,zachancell,1,1.0,1.0,1.0,1.0,1
pairs_twitter_googleplus,RF,taotao,anoli,0,0.986667,0.333333,0.0,0.263158,0
pairs_twitter_googleplus,RF,mgarciaad,mgarciaad,1,1.0,0.333333,1.0,0.7,1
pairs_twitter_googleplus,RF,germanico,germanico,1,0.986667,0.055556,0.4375,0.375,1
pairs_twitter_googleplus,RF,zachory,zachory,1,1.0,1.0,0.461538,0.875,1
pairs_twitter_googleplus,RF,mirjan,mirjan,1,1.0,0.045455,1.0,0.551724,1
pairs_twitter_googleplus,RF,jgardner04,jgardner04,1,1.0,0.35,1.0,0.75,1
pairs_twitter_googleplus,RF,ybenami,ybenami,1,1.0,0.5,0.75,0.75,1
pairs_twitter_googleplus,RF,oliviaduran,oliviaduran,1,1.0,0.333333,1.0,0.8125,1
pairs_twitter_googleplus,RF,markkelly333,markkelly333,1,1.0,1.0,1.0,1.0,1
pairs_twitter_googleplus,RF,craightonmiller,craightonmiller,1,1.0,0.571429,1.0,0.888889,1
pairs_twitter_googleplus,RF,arjantupan,arjantupan,1,1.0,1.0,1.0,1.0,1
pairs_twitter_googleplus,RF,danielcanton,danielcanton,1,1.0,1.0,0.75,0.857143,1
pairs_twitter_googleplus,RF,dougsandquist,dougsandquist,1,1.0,0.6875,0.705882,0.666667,1
pairs_twitter_googleplus,RF,poetyca,poetyca,1,1.0,0.461538,0.428571,0.875,1
pairs_twitter_googleplus,RF,julioguerrero,rrojuan,0,1.0,0.466667,0.5,0.5,1
pairs_twitter_googleplus,RF,dawghouston,dawghouston,1,1.0,0.136364,0.882353,0.571429,1
pairs_twitter_googleplus,RF,danalmasy,danalmasy,1,1.0,1.0,1.0,1.0,1
pairs_twitter_googleplus,RF,melissabgriffin,melissabgriffin,1,1.0,0.8,0.875,0.761905,1
pairs_twitter_googleplus,RF,gabriellekleinmejia,gabriellekleinmejia,1,1.0,0.315789,0.684211,0.68,1
pairs_twitter_googleplus,RF,shawntkeating,shawntkeating,1,1.0,0.769231,1.0,0.823529,1
pairs_twitter_googleplus,RF,bettinakast,bettinakast,1,1.0,0.0,1.0,0.461538,1
pairs_twitter_googleplus,RF,leehoward,leehoward,1,1.0,1.0,1.0,1.0,1
pairs_twitter_googleplus,RF,jimnapier,jimnapier,1,1.0,0.7,1.0,0.785714,1
pairs_twitter_googleplus,RF,thanhnkh,ivanalpera,0,0.953333,0.333333,0.083333,0.263158,0
pairs_twitter_googleplus,RF,egorfedorov,egorfedorov,1,1.0,0.307692,1.0,0.764706,1
pairs_twitter_googleplus,RF,tiscar,tiscar,1,0.88,0.333333,0.269231,0.258065,1
pairs_twitter_googleplus,RF,kyleankney,kyleankney,1,1.0,1.0,1.0,1.0,1
pairs_twitter_googleplus,RF,faishalyusof,faishalyusof,1,1.0,0.058824,1.0,0.619048,1
pairs_twitter_googleplus,RF,rubenabravoc,rubenabravoc,1,1.0,0.5,0.6,0.538462,1
pairs_twitter_googleplus,RF,halanscott,halanscott,1,1.0,0.818182,0.44,0.4375,1
pairs_twitter_googleplus,RF,marianoherrera,aragunde,0,0.993333,0.411765,0.037037,0.235294,1
pairs_twitter_googleplus,RF,aurora7x,aurora7x,1,1.0,0.416667,1.0,0.705882,1
pairs_twitter_googleplus,RF,andyaskren,andyaskren,1,1.0,0.25,1.0,0.666667,1
pairs_twitter_googleplus,RF,jeffreyamcguire,jeffreyamcguire,1,1.0,0.0,1.0,0.586207,1
pairs_twitter_googleplus,RF,mjgsm,mjgsm,1,0.946667,0.052632,0.37037,0.393939,1
pairs_twitter_googleplus,RF,ralbiol,ralbiol,1,1.0,0.666667,0.75,0.733333,1
pairs_twitter_googleplus,RF,robertoalbertini,robertoalbertini,1,1.0,0.769231,1.0,0.882353,1
pairs_twitter_googleplus,RF,azoozysa,azoozysa,1,1.0,0.0625,1.0,0.65,1
pairs_twitter_googleplus,RF,jaycorcoran,jaycorcoran,1,1.0,1.0,1.0,1.0,1
pairs_twitter_googleplus,RF,fernandogallardo,fernandogallardo,1,1.0,0.411765,1.0,0.761905,1
pairs_twitter_googleplus,RF,ginastark,ginastark,1,1.0,0.0,1.0,0.526316,1
pairs_twitter_googleplus,RF,deepseadawn,deepseadawn,1,1.0,0.1875,1.0,0.55,1
pairs_twitter_googleplus,RF,jberndes,jberndes,1,1.0,0.461538,1.0,0.882353,1
pairs_twitter_googleplus,RF,aaljuma,aaljuma,1,1.0,0.357143,1.0,0.882353,1
pairs_twitter_googleplus,RF,derjarjour,derjarjour,1,0.986667,0.428571,0.4,0.411765,1
pairs_twitter_googleplus,RF,kathyhagle,joemcfarlane,0,0.71,0.0,0.2,0.108108,0
pairs_twitter_googleplus,RF,bstefan,bstefan,1,1.0,0.0,1.0,0.558824,1
pairs_twitter_googleplus,RF,klischnet,andreaskuehn,0,1.0,0.058824,0.533333,0.454545,1
pairs_twitter_googleplus,RF,joancolell,joancolell,1,1.0,1.0,0.833333,0.928571,1
pairs_twitter_googleplus,RF,katharts,karascharwath,0,0.99,0.384615,0.277778,0.304348,1
pairs_twitter_googleplus,RF,dielmer,eliezerdiaz,0,0.99,0.333333,0.0,0.178571,1
pairs_twitter_googleplus,RF,schwankpetr,peterwells,0,0.976667,0.307692,0.4,0.277778,1
pairs_twitter_googleplus,RF,djuggler,djuggler,1,1.0,0.058824,1.0,0.590909,1
pairs_twitter_googleplus,RF,xiangfei,xiangfei,1,1.0,0.6,0.0,0.428571,1
pairs_twitter_googleplus,RF,staboada,staboada,1,1.0,1.0,0.555556,0.7,1
pairs_twitter_googleplus,RF,mussumalive,almowhed,0,0.646667,0.117647,0.166667,0.142857,0
pairs_twitter_googleplus,RF,heribertohdez,gabeweb,0,0.996667,0.384615,0.090909,0.315789,1
pairs_twitter_googleplus,RF,rebeccahill,nicolereber,0,1.0,0.333333,0.285714,0.375,1
pairs_twitter_googleplus,RF,harlinghausen,harlinghausen,1,0.99,0.55,0.289474,0.317073,1
pairs_twitter_googleplus,RF,chrisjpowell,chrisjpowell,1,1.0,0.36,0.846154,0.387097,1
pairs_twitter_googleplus,RF,frankhartman,frankhartman,1,1.0,1.0,1.0,1.0,1
pairs_twitter_googleplus,RF,melissagonzales,melissagonzales,1,1.0,0.0,1.0,0.64,1
pairs_twitter_googleplus,RF,garethjonesnow,shaolintiger,0,0.913333,0.3125,0.416667,0.285714,1
pairs_twitter_googleplus,RF,brothermarlon,maryabrown,0,0.956667,0.25,0.222222,0.333333,1
pairs_twitter_googleplus,RF,marktewart,marktewart,1,1.0,1.0,1.0,1.0,1
pairs_twitter_googleplus,RF,emiliormn,emiliormn,1,1.0,1.0,0.538462,0.75,1
pairs_twitter_googleplus,RF,nanay,alefeldman,0,1.0,0.095238,0.454545,0.354839,1
pairs_twitter_googleplus,RF,amyrogers,amyrogers,1,1.0,0.0,1.0,0.37037,1
pairs_twitter_googleplus,RF,emanuelearosio,emanuelearosio,1,1.0,0.8,1.0,0.842105,1
pairs_twitter_googleplus,RF,rmorrison,rmorrison,1,1.0,0.0,1.0,0.433333,1
pairs_twitter_googleplus,RF,rudolfkorv,rudolfkorv,1,1.0,1.0,1.0,1.0,1
pairs_twitter_googleplus,RF,erycwikromo,erycwikromo,1,1.0,0.375,0.76,0.709677,1
pairs_twitter_googleplus,RF,dianwahyu,adamon,0,0.701988,0.0,0.0,0.045455,0
pairs_twitter_googleplus,RF,miamilawrence,miamilawrence,1,0.973333,0.047619,0.421053,0.346154,1
pairs_twitter_googleplus,RF,amberhewitt,zuzugraphics,0,0.813333,0.461538,0.375,0.315789,0
pairs_twitter_googleplus,RF,paulacolantonio,paulacolantonio,1,1.0,1.0,1.0,1.0,1
pairs_twitter_googleplus,RF,mizenertodd,mizenertodd,1,1.0,1.0,1.0,1.0,1
pairs_twitter_googleplus,RF,shaker909,makeesha,0,0.91,0.333333,0.0,0.131579,0
pairs_twitter_googleplus,RF,meikahazim,meikahazim,1,1.0,1.0,1.0,1.0,1
pairs_twitter_googleplus,RF,dracorubio,caiocorraini,0,0.783333,0.266667,0.25,0.263158,0
pairs_twitter_googleplus,RF,mariadocarmo,mariadocarmo,1,1.0,0.481481,0.068966,0.357143,1
pairs_twitter_googleplus,RF,ecook,ecook,1,1.0,1.0,1.0,1.0,1
pairs_twitter_googleplus,RF,gerardfreeman,gerardfreeman,1,1.0,1.0,1.0,1.0,1
pairs_twitter_googleplus,RF,nickgaston,nickgaston,1,1.0,1.0,1.0,1.0,1
pairs_twitter_googleplus,RF,liannefarbes,liannefarbes,1,1.0,1.0,1.0,1.0,1
pairs_twitter_googleplus,RF,vladgorenshteyn,vladgorenshteyn,1,1.0,1.0,1.0,1.0,1
pairs_twitter_googleplus,RF,tyschwoeffermann,tyschwoeffermann,1,1.0,0.352941,0.888889,0.75,1
pairs_twitter_googleplus,RF,vincenzodimaria,vincenzodimaria,1,1.0,0.0,1.0,0.586207,1
pairs_twitter_googleplus,RF,cbachini,cbachini,1,1.0,0.5,0.785714,0.722222,1
pairs_twitter_googleplus,RF,roysteele,roysteele,1,1.0,0.0,1.0,0.434783,1
pairs_twitter_googleplus,RF,igoryok,igoryok,1,1.0,0.230769,1.0,0.666667,1
pairs_twitter_googleplus,RF,antoniorodilla,antoniorodilla,1,1.0,1.0,1.0,1.0,1
pairs_twitter_googleplus,RF,nusca,allisondiaz,0,0.8875,0.294118,0.0,0.155556,1
pairs_twitter_googleplus,RF,andrewyee,alandrew,0,1.0,0.5,0.416667,0.466667,1
pairs_twitter_googleplus,RF,pierrebaillargeon,pierrebaillargeon,1,1.0,0.05,1.0,0.72,1
pairs_twitter_googleplus,RF,norbertrovira,norbertrovira,1,1.0,0.428571,1.0,0.777778,1
pairs_twitter_googleplus,RF,baubalred,baubalred,1,1.0,1.0,0.5625,0.611111,1
pairs_twitter_googleplus,RF,mattcoe,mattcoe,1,1.0,0.454545,1.0,0.6875,1
pairs_twitter_googleplus,RF,sarahnance,sarahnance,1,1.0,0.727273,1.0,0.8,1
pairs_twitter_googleplus,RF,carlosbrandt,carlosbrandt,1,1.0,1.0,1.0,1.0,1
pairs_twitter_googleplus,RF,leonardocarlos,leonardocarlos,1,1.0,1.0,1.0,1.0,1
pairs_twitter_googleplus,RF,rlavigne42,rlavigne42,1,1.0,0.4,1.0,0.7,1
pairs_twitter_googleplus,RF,jeffsandhu,jeffsandhu,1,1.0,1.0,1.0,1.0,1
pairs_twitter_googleplus,RF,undasein,asandre,0,0.996667,0.153846,0.454545,0.35,1
pairs_twitter_googleplus,RF,davispaul,davispaul,1,1.0,0.7,1.0,0.785714,1
pairs_twitter_googleplus,RF,gaerttnerharald,gaerttnerharald,1,1.0,0.047619,1.0,0.576923,1
pairs_twitter_googleplus,RF,juliaperezzz,juliaperezzz,1,1.0,0.9,0.666667,0.8125,1
pairs_twitter_googleplus,RF,francescomeani,woollymindedlib,0,0.613333,0.071429,0.066667,0.166667,1
pairs_twitter_googleplus,RF,camillevanneer,joshuaiin,0,0.57,0.0,0.233333,0.242424,0
pairs_twitter_googleplus,RF,gcardona,gcardona,1,1.0,0.3,0.7,0.666667,1
pairs_twitter_googleplus,RF,suzureign,suzureign,1,0.713333,0.3,0.375,0.344828,1
pairs_twitter_googleplus,RF,hawk8509,hawk8509,1,1.0,0.411765,1.0,0.904762,1
pairs_twitter_googleplus,RF,scottivey,scottivey,1,1.0,1.0,1.0,1.0,1
pairs_twitter_googleplus,RF,soniconp,soniconp,1,1.0,0.333333,1.0,0.705882,1
pairs_twitter_googleplus,RF,dcosand,dcosand,1,1.0,1.0,0.75,0.923077,1
pairs_twitter_googleplus,RF,darrenwoolley,darrenwoolley,1,1.0,0.357143,1.0,0.736842,1
pairs_twitter_googleplus,RF,natashayounge,natashayounge,1,1.0,0.923077,1.0,0.833333,1
pairs_twitter_googleplus,RF,kathleendheuer,kathleendheuer,1,1.0,1.0,1.0,1.0,1
pairs_twitter_googleplus,RF,brittanyhite,brittanyhite,1,1.0,1.0,0.423077,0.482759,1
pairs_twitter_googleplus,RF,charlesdicomo,charlesdicomo,1,1.0,1.0,0.684211,0.761905,1
pairs_twitter_googleplus,RF,matthewtimmer,matthewtimmer,1,1.0,0.785714,1.0,0.833333,1
pairs_twitter_googleplus,RF,brianmayzure,brianmayzure,1,1.0,0.5,0.52381,0.52,1
pairs_twitter_googleplus,RF,johnmadden,darkmagepr,0,0.963333,0.0,0.5,0.222222,1
pairs_twitter_googleplus,RF,lekstudios,lekstudios,1,1.0,1.0,0.142857,0.5,1
pairs_twitter_googleplus,RF,shannitawilliams,shannitawilliams,1,1.0,0.533333,0.4375,0.45,1
pairs_twitter_googleplus,RF,tonyclomax,tonyclomax,1,0.996667,1.0,0.115385,0.333333,1
pairs_twitter_googleplus,RF,markwalz,markwalz,1,1.0,0.153846,1.0,0.6,1
pairs_twitter_googleplus,RF,elenarubio,elenacuboni,0,0.943333,0.307692,0.307692,0.277778,1
pairs_twitter_googleplus,RF,franvillafanez,franvillafanez,1,1.0,0.45,0.8,0.666667,1
pairs_twitter_googleplus,RF,vazquezjm,vazquezjm,1,1.0,0.352941,0.647059,0.5,1
pairs_twitter_googleplus,RF,aletrentin,aletrentin,1,1.0,0.421053,1.0,0.75,1
pairs_twitter_googleplus,RF,pascalvuylsteker,pascalvuylsteker,1,1.0,0.0,0.8,0.863636,1
pairs_twitter_googleplus,RF,cruisebuzz,cruisebuzz,1,1.0,0.0,0.666667,0.53125,1
pairs_twitter_googleplus,RF,wesleybackhouse,wesleybackhouse,1,1.0,1.0,1.0,1.0,1
pairs_twitter_googleplus,RF,rappler,rappler,1,0.836667,0.375,0.28,0.235294,1
pairs_twitter_googleplus,RF,alvarogpolavieja,alvarogpolavieja,1,1.0,0.227273,0.625,0.6,1
pairs_twitter_googleplus,RF,simok33,simok33,1,1.0,0.230769,1.0,0.65,1
pairs_twitter_googleplus,RF,labiba,labiba,1,1.0,1.0,0.4,0.705882,1
pairs_twitter_googleplus,RF,caseyknox,caseyknox,1,1.0,0.583333,0.529412,0.458333,1
pairs_twitter_googleplus,RF,jacquibrown,jacquibrown,1,1.0,0.043478,1.0,0.481481,1
pairs_twitter_googleplus,RF,jphintze,jphintze,1,1.0,0.294118,1.0,0.818182,1
pairs_twitter_googleplus,RF,igormitrovic,igormitrovic,1,1.0,0.909091,0.846154,0.823529,1
pairs_twitter_googleplus,RF,steadicam,steadicam,1,1.0,0.0,0.823529,0.517241,1
pairs_twitter_googleplus,RF,mje,mje,1,1.0,0.0,0.857143,0.5,1
