split_name,pair_type,label,pred_label,pred_class,probability,profile_row_id_a,platform_a,userName_a,fullName_a,user_folder_a,profile_row_id_b,platform_b,userName_b,fullName_b,user_folder_b,username_jaro,username_lev,username_token_sort,fullname_jaro,fullname_lev,fullname_token_sort,bio_tfidf_cosine,bio_sbert_cosine,domain_jaccard,url_jaccard,location_jaro,location_token_sort,mention_jaccard,hashtag_jaccard,style_caps_diff,style_avgword_diff,style_biolen_ratio,style_punct_diff,platform_pair_code,image_any_local,image_both_local,image_one_local_only,image_phash_sim,image_dhash_sim,image_brightness_diff,image_contrast_diff,image_entropy_diff,image_rgb_l1,image_filesize_ratio,image_face_count_diff,image_face_area_diff,image_blur_diff,image_metadata_any,image_caption_any,image_caption_bio_sbert_cross,image_caption_fullname_token_cross,image_caption_username_token_cross,is_tp,is_tn,is_fp,is_fn
test,positive,1,1,MATCH,1.0,8744,instagram,abroaderview,abroaderview volunteers,Abroaderview,8745,twitter,abroaderview,a broader view,Abroaderview,1.0,1.0,1.0,0.8019827998088869,0.4347826086956522,0.6486486486486487,0.5519595916841264,0.6649814248085022,0.0,0.0,0.0,0.0,0.0,0.0,0.0,0.2679425837320579,0.6,0.005555555555555555,2,0,0,0,0.0,0.0,0.0,0.0,0.0,0.0,0.0,0.0,0.0,0.0,0,0,0.0,0.0,0.0,1,0,0,0
test,positive,1,1,MATCH,1.0,8782,instagram,afnanaldimasi,afnan aldimasi,AfnanAlDimasi,8783,twitter,afnanaldimasi,afnan aldimasi,AfnanAlDimasi,1.0,1.0,1.0,1.0,1.0,1.0,0.8570666412080753,0.9772477149963379,0.0,0.0,0.0,0.0,0.0,0.0,0.0,0.11111111111111072,0.9850746268656716,0.000226142017186794,2,0,0,0,0.0,0.0,0.0,0.0,0.0,0.0,0.0,0.0,0.0,0.0,0,0,0.0,0.0,0.0,1,0,0,0
test,positive,1,1,MATCH,1.0,8808,instagram,anonymityfilms,ajakari mark angelo,AjakariMarkAngelo,8809,twitter,anonymityfilms,dirano,AjakariMarkAngelo,1.0,1.0,1.0,0.4415204678362572,0.26315789473684215,0.31999999999999995,0.3178959620397315,0.5068198442459106,0.0,0.0,0.0,0.0,0.0,0.0,0.0,5.887700534759357,0.34418604651162793,0.002199874292897544,2,1,0,1,0.0,0.0,0.0,0.0,0.0,0.0,0.0,0.0,0.0,0.0,0,0,0.0,0.0,0.0,1,0,0,0
test,positive,1,1,MATCH,1.0,8890,instagram,etihwxela,alex white,AlexWhitePhotography,8891,twitter,etihwxela,alexwhite,AlexWhitePhotography,1.0,1.0,1.0,0.98,0.9,0.9473684210526316,0.22846123154722311,0.4473329484462738,0.0,0.0,0.0,0.0,0.0,0.0,0.0,1.4000000000000004,0.8409090909090909,0.06818181818181818,2,0,0,0,0.0,0.0,0.0,0.0,0.0,0.0,0.0,0.0,0.0,0.0,0,0,0.0,0.0,0.0,1,0,0,0
test,positive,1,1,MATCH,1.0,8894,instagram,alfreditoromano,romano,AlfreditoRomano,8895,twitter,alfreditoromano,alfredito r monero,AlfreditoRomano,1.0,1.0,1.0,0.5462962962962963,0.2777777777777778,0.41666666666666663,0.8452676674424461,0.8539116382598877,0.0,0.0,0.0,0.0,0.0,0.0,0.0,0.5523809523809522,0.9253731343283582,0.010471834376504573,2,0,0,0,0.0,0.0,0.0,0.0,0.0,0.0,0.0,0.0,0.0,0.0,0,0,0.0,0.0,0.0,1,0,0,0
test,positive,1,1,MATCH,1.0,8904,instagram,alienjon,alien jon,AlienJon,8905,twitter,alienjon,alien jon,AlienJon,1.0,1.0,1.0,1.0,1.0,1.0,0.0,0.22847974300384521,0.0,0.0,0.0,0.0,0.0,0.0,0.0,3.857142857142857,0.0,0.18181818181818182,2,1,0,1,0.0,0.0,0.0,0.0,0.0,0.0,0.0,0.0,0.0,0.0,0,0,0.0,0.0,0.0,1,0,0,0
test,positive,1,1,MATCH,1.0,8940,instagram,alqamash,,Alqamash,8941,twitter,alqamash,,Alqamash,1.0,1.0,1.0,1.0,1.0,1.0,0.0,0.37834423780441284,0.0,0.0,0.0,0.0,0.0,0.0,0.0,0.5999999999999996,0.4,0.09230769230769231,2,0,0,0,0.0,0.0,0.0,0.0,0.0,0.0,0.0,0.0,0.0,0.0,0,0,0.0,0.0,0.0,1,0,0,0
test,positive,1,1,MATCH,1.0,3120,googleplus,andrewbatesg,andrew bates,AndrewBates,3121,twitter,andrewbates,andrew bates,AndrewBates,0.9833333333333333,0.9166666666666666,0.9565217391304348,1.0,1.0,1.0,0.048198495342570424,0.3800196945667267,0.0,0.0,0.0,0.0,0.0,0.0,0.0,1.7797270955165692,0.9171974522292994,0.02375265392781316,1,1,0,1,0.0,0.0,0.0,0.0,0.0,0.0,0.0,0.0,0.0,0.0,0,0,0.0,0.0,0.0,1,0,0,0
test,positive,1,1,MATCH,1.0,3130,googleplus,andrewpreble,andrew preble,AndrewPreble,3131,twitter,andrewpreble,andrew preble,AndrewPreble,1.0,1.0,1.0,1.0,1.0,1.0,0.44859505244348524,0.60048907995224,0.0,0.0,0.0,0.0,0.0,0.0,0.0,0.7125000000000004,0.6938775510204082,0.0033013205282112906,1,0,0,0,0.0,0.0,0.0,0.0,0.0,0.0,0.0,0.0,0.0,0.0,0,0,0.0,0.0,0.0,1,0,0,0
test,positive,1,1,MATCH,1.0,3244,googleplus,arielllarson,ariell larson,AriellLarson,3245,twitter,arielllarson,ariell larson,AriellLarson,1.0,1.0,1.0,1.0,1.0,1.0,0.040651945085843355,0.2658204138278961,0.0,0.0,0.0,0.0,0.0,0.0,0.0,2.01,0.9523809523809523,0.013095238095238097,1,0,0,0,0.0,0.0,0.0,0.0,0.0,0.0,0.0,0.0,0.0,0.0,0,0,0.0,0.0,0.0,1,0,0,0
test,positive,1,1,MATCH,1.0,1638,googleplus,artschultz13,art schultz,ArtSchultz,1639,instagram,artschultz13,art schultz,ArtSchultz,1.0,1.0,1.0,1.0,1.0,1.0,0.4461117880879645,0.6968319416046143,0.0,0.0,0.0,0.0,0.0,0.0,0.0,0.3043478260869561,0.38243626062322944,0.032021823523239956,0,0,0,0,0.0,0.0,0.0,0.0,0.0,0.0,0.0,0.0,0.0,0.0,0,0,0.0,0.0,0.0,1,0,0,0
test,positive,1,1,MATCH,1.0,3598,googleplus,butikrumahan,butik rumahan,ButikRumahan,3599,twitter,butikrumahan,butik rumahan,ButikRumahan,1.0,1.0,1.0,1.0,1.0,1.0,0.0,0.5215286612510681,0.0,0.0,0.0,0.0,0.0,0.0,0.0,0.541666666666667,0.35668789808917195,0.003753412192902643,1,1,0,1,0.0,0.0,0.0,0.0,0.0,0.0,0.0,0.0,0.0,0.0,0,0,0.0,0.0,0.0,1,0,0,0
test,positive,1,1,MATCH,1.0,3628,googleplus,cameronconaway,cameron conaway,CameronConaway,3629,twitter,cameronconaway,cameron conaway verified account,CameronConaway,1.0,1.0,1.0,0.8937499999999999,0.46875,0.6382978723404256,0.4995959484067178,0.6153323650360107,0.0,0.0,0.0,0.0,0.0,0.0,0.0,0.8908132530120483,0.16878980891719744,0.050114168970075715,1,0,0,0,0.0,0.0,0.0,0.0,0.0,0.0,0.0,0.0,0.0,0.0,0,0,0.0,0.0,0.0,1,0,0,0
test,positive,1,1,MATCH,1.0,3666,googleplus,carlostabora,carlos tabora,CarlosTabora,3667,twitter,carlostabora,carlos tabora,CarlosTabora,1.0,1.0,1.0,1.0,1.0,1.0,0.05622749966073369,0.3379400968551636,0.0,0.0,0.0,0.0,0.0,0.0,0.0,0.47111111111111104,0.12540192926045016,0.06406134058867179,1,0,0,0,0.0,0.0,0.0,0.0,0.0,0.0,0.0,0.0,0.0,0.0,0,0,0.0,0.0,0.0,1,0,0,0
test,positive,1,1,MATCH,1.0,9474,instagram,carolina_1522,arolina,Carolina1522,9475,twitter,carolina_1522,arolina,Carolina1522,1.0,1.0,1.0,1.0,1.0,1.0,0.0,0.07785023748874664,0.0,0.0,0.0,0.0,0.0,0.0,0.0,1.8611111111111107,0.3860759493670886,0.01670471052085494,2,0,0,0,0.0,0.0,0.0,0.0,0.0,0.0,0.0,0.0,0.0,0.0,0,0,0.0,0.0,0.0,1,0,0,0
test,positive,1,1,MATCH,1.0,9502,instagram,cesstowers,ceci torres,CeciTorres,9503,twitter,cesstowers,ceci torres,CeciTorres,1.0,1.0,1.0,1.0,1.0,1.0,0.0,0.0703897774219513,0.0,0.0,0.0,0.0,0.0,0.0,0.0,8.666666666666666,0.0,0.03571428571428571,2,0,0,0,0.0,0.0,0.0,0.0,0.0,0.0,0.0,0.0,0.0,0.0,0,0,0.0,0.0,0.0,1,0,0,0
test,positive,1,1,MATCH,1.0,3740,googleplus,chantalphotopix,chantal photopix,ChantalPhotoPix,3741,twitter,chantalphotopix,chantal photopix,ChantalPhotoPix,1.0,1.0,1.0,1.0,1.0,1.0,0.28723835101950235,0.42650341987609863,0.0,0.0,0.0,0.0,0.0,0.0,0.0,0.37971014492753596,0.6139240506329114,0.03653921440689026,1,1,0,1,0.0,0.0,0.0,0.0,0.0,0.0,0.0,0.0,0.0,0.0,0,0,0.0,0.0,0.0,1,0,0,0
test,positive,1,1,MATCH,1.0,9568,instagram,pelley,christopher pelley,ChrisPelley,9569,twitter,pelley,christopher pelley,ChrisPelley,1.0,1.0,1.0,1.0,1.0,1.0,1.0,1.0,0.0,0.0,0.0,0.0,0.0,0.0,0.0,0.0,1.0,0.0,2,0,0,0,0.0,0.0,0.0,0.0,0.0,0.0,0.0,0.0,0.0,0.0,0,0,0.0,0.0,0.0,1,0,0,0
test,positive,1,1,MATCH,1.0,9890,instagram,dhash,dhash,DHASH,9891,twitter,dhash,dave hashim,DHASH,1.0,1.0,1.0,0.7763636363636364,0.4545454545454546,0.625,0.5729952906730288,0.677860677242279,0.0,0.0,0.0,0.0,0.0,0.0,0.0,0.10980392156862795,0.8979591836734694,0.004638218923933214,2,1,0,1,0.0,0.0,0.0,0.0,0.0,0.0,0.0,0.0,0.0,0.0,0,0,0.0,0.0,0.0,1,0,0,0
test,positive,1,1,MATCH,1.0,9728,instagram,stylenbeautydoc,danielle gray,DanielleGray,9729,twitter,stylenbeautydoc,danielle grayverified account,DanielleGray,1.0,1.0,1.0,0.889655172413793,0.4482758620689655,0.6190476190476191,0.1768512522220393,0.5523877143859863,0.0,0.0,0.0,0.0,0.0,0.0,0.02,3.1780303030303036,0.71,0.0007042253521126821,2,0,0,0,0.0,0.0,0.0,0.0,0.0,0.0,0.0,0.0,0.0,0.0,0,0,0.0,0.0,0.0,1,0,0,0
test,positive,1,1,MATCH,1.0,9758,instagram,darkstardust,lady stardust,DarkStardust,9759,twitter,darkstardust,lady stardustprotected tweets,DarkStardust,1.0,1.0,1.0,0.889655172413793,0.4482758620689655,0.6190476190476191,0.3401656684709207,0.6995164155960083,0.0,0.0,0.0,0.0,0.0,0.0,0.0,1.1428571428571432,0.8881118881118881,0.052420020923957936,2,1,0,1,0.0,0.0,0.0,0.0,0.0,0.0,0.0,0.0,0.0,0.0,0,0,0.0,0.0,0.0,1,0,0,0
test,positive,1,1,MATCH,1.0,4030,googleplus,davevoyles,dave voyles,DaveVoyles,4031,twitter,davevoyles,dave voyles,DaveVoyles,1.0,1.0,1.0,1.0,1.0,1.0,0.12646333693105646,0.4504227042198181,0.0,0.0,0.0,0.0,0.0,0.0,0.0,2.053915275994865,0.3311036789297659,0.08769973987365291,1,0,0,0,0.0,0.0,0.0,0.0,0.0,0.0,0.0,0.0,0.0,0.0,0,0,0.0,0.0,0.0,1,0,0,0
test,positive,1,1,MATCH,1.0,9868,instagram,garagewineco,derek mossman knapp,Derekmossman,9869,twitter,garagewineco,derek mossman knapp,Derekmossman,1.0,1.0,1.0,1.0,1.0,1.0,0.0,0.1483297049999237,0.0,0.0,0.0,0.0,0.0,0.0,0.0,5.6521739130434785,0.0,0.039473684210526314,2,1,0,1,0.0,0.0,0.0,0.0,0.0,0.0,0.0,0.0,0.0,0.0,0,0,0.0,0.0,0.0,1,0,0,0
test,positive,1,1,MATCH,1.0,9892,instagram,dhintheman,dean campbell,Dhintheman,9893,twitter,dhintheman,dhin,Dhintheman,1.0,1.0,1.0,0.5512820512820512,0.15384615384615385,0.23529411764705888,0.019002517377511866,-0.010613782331347466,0.0,0.0,0.0,0.0,0.0,0.0,0.0,0.2916666666666665,0.38596491228070173,0.019138755980861247,2,0,0,0,0.0,0.0,0.0,0.0,0.0,0.0,0.0,0.0,0.0,0.0,0,0,0.0,0.0,0.0,1,0,0,0
test,positive,1,1,MATCH,1.0,9954,instagram,doc_gamer,samuel castanon iii,DocGamer,9955,twitter,doc_gamer,docgamer,DocGamer,1.0,1.0,1.0,0.4035087719298245,0.10526315789473684,0.2962962962962963,0.5433370791141211,0.7000556588172913,0.0,0.0,0.0,0.0,0.0,0.0,0.0,1.0292397660818713,0.8888888888888888,0.006410256410256415,2,1,0,1,0.0,0.0,0.0,0.0,0.0,0.0,0.0,0.0,0.0,0.0,0,0,0.0,0.0,0.0,1,0,0,0
test,positive,1,1,MATCH,1.0,9988,instagram,thedramagirl,kate foy,Dramagirl,9989,twitter,dramagirl,kate foy,Dramagirl,0.9166666666666666,0.75,0.8571428571428572,1.0,1.0,1.0,0.38763837920020594,0.6727725863456726,0.0,0.0,0.0,0.0,0.0,0.0,0.0,1.3636363636363642,0.8387096774193549,0.0016542597187758495,2,0,0,0,0.0,0.0,0.0,0.0,0.0,0.0,0.0,0.0,0.0,0.0,0,0,0.0,0.0,0.0,1,0,0,0
test,positive,1,1,MATCH,1.0,10164,instagram,errekrbo,rafa,ErreKrbo,10165,twitter,errekrbo,rafa carb,ErreKrbo,1.0,1.0,1.0,0.888888888888889,0.4444444444444444,0.6153846153846154,0.0,0.37948301434516907,0.0,0.0,0.0,0.0,0.0,0.0,0.0,0.20000000000000018,0.032467532467532464,0.14155844155844158,2,1,0,1,0.0,0.0,0.0,0.0,0.0,0.0,0.0,0.0,0.0,0.0,0,0,0.0,0.0,0.0,1,0,0,0
test,positive,1,1,MATCH,1.0,10184,instagram,evelinbandera,velin bandeira,EvelinBandeira,10185,twitter,evelinbandeira,,EvelinBandeira,0.9857142857142858,0.9285714285714286,0.962962962962963,0.0,0.0,0.0,0.0,0.17293432354927063,0.0,0.0,0.0,0.0,0.0,0.0,0.0,4.355263157894737,0.3384615384615385,0.06923076923076923,2,0,0,0,0.0,0.0,0.0,0.0,0.0,0.0,0.0,0.0,0.0,0.0,0,0,0.0,0.0,0.0,1,0,0,0
test,positive,1,1,MATCH,1.0,4574,googleplus,michelleakin,michelle akin,FartWHO,4575,twitter,michelleakin,michelle akin,FartWHO,1.0,1.0,1.0,1.0,1.0,1.0,0.0,0.2464805245399475,0.0,0.0,0.0,0.0,0.0,0.0,0.0,5.538461538461538,0.0,0.023809523809523808,1,0,0,0,0.0,0.0,0.0,0.0,0.0,0.0,0.0,0.0,0.0,0.0,0,0,0.0,0.0,0.0,1,0,0,0
test,positive,1,1,MATCH,1.0,10254,instagram,firovazquez,firo vzquez de parga,FiroVazquez,10255,twitter,firovazquez,firo vzquez d parga,FiroVazquez,1.0,1.0,1.0,0.99,0.95,0.9743589743589743,0.7878955865415609,0.7063151001930237,0.0,0.0,0.0,0.0,0.0,0.0,0.0,1.3161904761904761,0.9807692307692307,0.03154851684263449,2,1,0,1,0.0,0.0,0.0,0.0,0.0,0.0,0.0,0.0,0.0,0.0,0,0,0.0,0.0,0.0,1,0,0,0
test,positive,1,1,MATCH,1.0,4730,googleplus,garyschrader920,gary schrader,GarySchrader,4731,twitter,garyschrader,gary schrader,GarySchrader,0.96,0.8,0.8888888888888888,1.0,1.0,1.0,0.22768773464927738,0.4973165690898895,0.0,0.0,0.0,0.0,0.0,0.0,0.0,1.1032467532467525,0.21579961464354527,0.04445361959812827,1,0,0,0,0.0,0.0,0.0,0.0,0.0,0.0,0.0,0.0,0.0,0.0,0,0,0.0,0.0,0.0,1,0,0,0
test,positive,1,1,MATCH,1.0,10538,instagram,hus_karim,hussah abdulkarim,Huskarim,10539,twitter,hus_karim,protected tweets,Huskarim,1.0,1.0,1.0,0.24754901960784315,0.05882352941176472,0.18181818181818177,0.0,0.5006541013717651,0.0,0.0,0.0,0.0,0.0,0.0,0.0,4.114285714285714,0.8783783783783784,0.03305613305613306,2,0,0,0,0.0,0.0,0.0,0.0,0.0,0.0,0.0,0.0,0.0,0.0,0,0,0.0,0.0,0.0,1,0,0,0
test,positive,1,1,MATCH,1.0,5054,googleplus,iamgilgamesh,i am gilgamesh,IamGilgamesh,5055,twitter,iamgilgamesh,i am gilgamesh,IamGilgamesh,1.0,1.0,1.0,1.0,1.0,1.0,0.0,0.10135677456855774,0.0,0.0,0.0,0.0,0.0,0.0,0.0,0.375,0.6956521739130435,0.04076086956521739,1,0,0,0,0.0,0.0,0.0,0.0,0.0,0.0,0.0,0.0,0.0,0.0,0,0,0.0,0.0,0.0,1,0,0,0
test,positive,1,1,MATCH,1.0,10628,instagram,italianbrother,dilshad corleone,Italianbrother,10629,twitter,italianbrother,dilshad corleone,Italianbrother,1.0,1.0,1.0,1.0,1.0,1.0,0.0686435701000594,0.12795057892799377,0.0,0.0,0.0,0.0,0.0,0.0,0.0,0.9177018633540368,0.9776119402985075,0.0161216816679959,2,0,0,0,0.0,0.0,0.0,0.0,0.0,0.0,0.0,0.0,0.0,0.0,0,0,0.0,0.0,0.0,1,0,0,0
test,positive,1,1,MATCH,1.0,5192,googleplus,ivanbegtin,ivan begtin,IvanBegtin,5193,twitter,ibegtin,ivan begtin,IvanBegtin,0.7814285714285714,0.7,0.8235294117647058,1.0,1.0,1.0,0.0,0.14799481630325317,0.0,0.0,0.0,0.0,0.0,0.0,0.0,6.266666666666667,0.0,0.027777777777777776,1,1,0,1,0.0,0.0,0.0,0.0,0.0,0.0,0.0,0.0,0.0,0.0,0,0,0.0,0.0,0.0,1,0,0,0
test,positive,1,1,MATCH,1.0,11146,instagram,phoenixspirit,jenifer valdivia,JValdivia,11147,twitter,phoenixspirit,j valdivia,JValdivia,1.0,1.0,1.0,0.7675000000000001,0.625,0.7692307692307692,0.0,0.2768692076206207,0.0,0.0,0.0,0.0,0.0,0.0,0.0,1.5428571428571427,0.41721854304635764,0.04772416692946495,2,1,0,1,0.0,0.0,0.0,0.0,0.0,0.0,0.0,0.0,0.0,0.0,0,0,0.0,0.0,0.0,1,0,0,0
test,positive,1,1,MATCH,1.0,10682,instagram,jakelea,jake lea,JakeLea,10683,twitter,jakelea,jake lea,JakeLea,1.0,1.0,1.0,1.0,1.0,1.0,0.5320420230008507,0.6136748790740967,0.0,0.0,0.0,0.0,0.0,0.0,0.0,0.3736263736263741,0.5675675675675675,0.010296010296010294,2,0,0,0,0.0,0.0,0.0,0.0,0.0,0.0,0.0,0.0,0.0,0.0,0,0,0.0,0.0,0.0,1,0,0,0
test,positive,1,1,MATCH,1.0,5252,googleplus,divergentimage,divergent image,Jamesmuirhead,5253,twitter,divergentimage,divergent image,Jamesmuirhead,1.0,1.0,1.0,1.0,1.0,1.0,0.06784671316697416,0.49552178382873535,0.0,0.0,0.0,0.0,0.0,0.0,0.0,0.8722826086956523,0.7866666666666666,0.0018079096045197736,1,1,0,1,0.0,0.0,0.0,0.0,0.0,0.0,0.0,0.0,0.0,0.0,0,0,0.0,0.0,0.0,1,0,0,0
test,positive,1,1,MATCH,1.0,10800,instagram,jefhguerra,jefferson guerra,JeffersonGuerra,10801,twitter,jefhguerra,jefferson guerra,JeffersonGuerra,1.0,1.0,1.0,1.0,1.0,1.0,0.0,0.19089674949645996,0.0,0.0,0.0,0.0,0.0,0.0,0.0,0.23809523809523814,0.5522388059701493,0.09318273497377975,2,0,0,0,0.0,0.0,0.0,0.0,0.0,0.0,0.0,0.0,0.0,0.0,0,0,0.0,0.0,0.0,1,0,0,0
test,positive,1,1,MATCH,1.0,10838,instagram,jeremesmith,jereme smith,Jeremesmith,10839,twitter,jeremesmith,jereme andrez smith,Jeremesmith,1.0,1.0,1.0,0.9263157894736842,0.631578947368421,0.7741935483870968,0.23265642617461485,0.6263145804405212,0.0,0.0,0.0,0.0,0.0,0.0,0.0,2.5341614906832293,0.41721854304635764,0.021128981393882054,2,1,0,1,0.0,0.0,0.0,0.0,0.0,0.0,0.0,0.0,0.0,0.0,0,0,0.0,0.0,0.0,1,0,0,0
test,positive,1,1,MATCH,1.0,10960,instagram,johnaslarona,john aslarona,JohnAslarona,10961,twitter,johnaslarona,john aslarona,JohnAslarona,1.0,1.0,1.0,1.0,1.0,1.0,0.0,0.21963615715503693,0.0,0.0,0.0,0.0,0.0,0.0,0.0,6.4,0.0,0.027777777777777776,2,0,0,0,0.0,0.0,0.0,0.0,0.0,0.0,0.0,0.0,0.0,0.0,0,0,0.0,0.0,0.0,1,0,0,0
test,positive,1,1,MATCH,1.0,5598,googleplus,josephguirguisgad,joseph guirguis,JosephGuirguis,5599,twitter,josephguirguis,joseph guirguis,JosephGuirguis,0.9647058823529411,0.8235294117647058,0.9032258064516128,1.0,1.0,1.0,0.12726882075794949,0.7019989490509033,0.0,0.0,0.0,0.0,0.0,0.0,0.0,0.6729166666666666,0.5082644628099173,0.044245111872606324,1,0,0,0,0.0,0.0,0.0,0.0,0.0,0.0,0.0,0.0,0.0,0.0,0,0,0.0,0.0,0.0,1,0,0,0
test,positive,1,1,MATCH,1.0,11172,instagram,karimnassef,karim nassef,KARiMN4SS3Fcom,11173,twitter,karimnassef,karim nassef,KARiMN4SS3Fcom,1.0,1.0,1.0,1.0,1.0,1.0,0.23257373761443792,0.5796713829040527,0.0,0.0,0.0,0.0,0.0,0.0,0.0,0.33333333333333304,0.7972027972027972,0.0733652312599681,2,0,0,0,0.0,0.0,0.0,0.0,0.0,0.0,0.0,0.0,0.0,0.0,0,0,0.0,0.0,0.0,1,0,0,0
test,positive,1,1,MATCH,1.0,11154,instagram,kaibree,makaibree,Kaibree,11155,twitter,kaibree,makaibree reese,Kaibree,1.0,1.0,1.0,0.92,0.6,0.75,0.0,0.05174551159143448,0.0,0.0,0.0,0.0,0.0,0.0,0.0,4.571428571428571,0.0,0.05194805194805195,2,1,0,1,0.0,0.0,0.0,0.0,0.0,0.0,0.0,0.0,0.0,0.0,0,0,0.0,0.0,0.0,1,0,0,0
test,positive,1,1,MATCH,1.0,5880,googleplus,kitsuneshan,kitsune shan,KitsuneShan,5881,twitter,kitsune_shan,kitsune shan,KitsuneShan,0.9833333333333333,0.9166666666666666,0.9565217391304348,1.0,1.0,1.0,0.0,0.24063962697982788,0.0,0.0,0.0,0.0,0.0,0.0,0.0,1.333333333333333,0.06689536878216124,0.046136253683423493,1,0,0,0,0.0,0.0,0.0,0.0,0.0,0.0,0.0,0.0,0.0,0.0,0,0,0.0,0.0,0.0,1,0,0,0
test,positive,1,1,MATCH,1.0,11324,instagram,krystynnsg,,KrystynnSG,11325,twitter,krystynnsg,tinprotected tweets,KrystynnSG,1.0,1.0,1.0,0.0,0.0,0.0,0.0,0.07182913273572922,0.0,0.0,0.0,0.0,0.0,0.0,0.0,1.0999999999999996,0.2962962962962963,0.0,2,0,0,0,0.0,0.0,0.0,0.0,0.0,0.0,0.0,0.0,0.0,0.0,0,0,0.0,0.0,0.0,1,0,0,0
test,positive,1,1,MATCH,1.0,5986,googleplus,larbisamir,larbi samir,LARBISamir,5987,twitter,larbisamir,larbi samir,LARBISamir,1.0,1.0,1.0,1.0,1.0,1.0,0.9637176062492081,0.8932361006736755,0.0,0.0,0.0,0.0,0.0,0.0,0.0,0.7142857142857144,0.6590909090909091,0.004179728317659351,1,0,0,0,0.0,0.0,0.0,0.0,0.0,0.0,0.0,0.0,0.0,0.0,0,0,0.0,0.0,0.0,1,0,0,0
test,positive,1,1,MATCH,1.0,11436,instagram,lesleylambert,lesley lambert,LesleyLambert,11437,twitter,lesleylambert,lesley lambert,LesleyLambert,1.0,1.0,1.0,1.0,1.0,1.0,0.4749921514376244,0.7399170994758606,0.0,0.0,0.0,0.0,0.0,0.0,0.0,0.4220779220779223,0.8427672955974843,0.024406270534121845,2,1,0,1,0.0,0.0,0.0,0.0,0.0,0.0,0.0,0.0,0.0,0.0,0,0,0.0,0.0,0.0,1,0,0,0
test,positive,1,1,MATCH,1.0,6154,googleplus,louissokol,louis sokol,LouisSokol,6155,twitter,louissokol,louis sokol,LouisSokol,1.0,1.0,1.0,1.0,1.0,1.0,0.235740123100449,0.44787925481796265,0.0,0.0,0.0,0.0,0.0,0.0,0.0,0.258258258258258,0.2323943661971831,0.01621852326077678,1,1,0,1,0.0,0.0,0.0,0.0,0.0,0.0,0.0,0.0,0.0,0.0,0,0,0.0,0.0,0.0,1,0,0,0
test,positive,1,1,MATCH,1.0,6218,googleplus,lynelabrie,lyne labrie,LyneLabrie,6219,twitter,lyne_labrie,lyne labrie,LyneLabrie,0.9818181818181818,0.9090909090909091,0.9523809523809522,1.0,1.0,1.0,0.0,0.06328047811985016,0.0,0.0,0.0,0.0,0.0,0.0,0.0,4.733333333333333,0.0,0.023529411764705882,1,0,0,0,0.0,0.0,0.0,0.0,0.0,0.0,0.0,0.0,0.0,0.0,0,0,0.0,0.0,0.0,1,0,0,0
test,positive,1,1,MATCH,1.0,6422,googleplus,maryeaudet,marye audet,MaryeAudet,6423,twitter,maryeaudet,maryeaudet,MaryeAudet,1.0,1.0,1.0,0.9818181818181818,0.9090909090909091,0.4761904761904761,0.04500909930301658,0.4014621376991272,0.0,0.0,0.0,0.0,0.0,0.0,0.0,3.416040100250626,0.5608465608465608,0.0013976240391334743,1,1,0,1,0.0,0.0,0.0,0.0,0.0,0.0,0.0,0.0,0.0,0.0,0,0,0.0,0.0,0.0,1,0,0,0
test,positive,1,1,MATCH,1.0,11762,instagram,arakm,arak,McShoshan,11763,twitter,arakm,arak protected tweets,McShoshan,1.0,1.0,1.0,0.8380952380952381,0.19047619047619047,0.31999999999999995,0.9999999999999998,0.8437145948410034,0.0,0.0,0.0,0.0,0.0,0.0,0.0,1.0714285714285712,0.5714285714285714,0.04545454545454544,2,0,0,0,0.0,0.0,0.0,0.0,0.0,0.0,0.0,0.0,0.0,0.0,0,0,0.0,0.0,0.0,1,0,0,0
test,positive,1,1,MATCH,1.0,11830,instagram,michaelvanlaar,michael van laar,MichaelvanLaar,11831,twitter,michaelvanlaar,michael van laar,MichaelvanLaar,1.0,1.0,1.0,1.0,1.0,1.0,0.7192966823984845,0.6742992401123047,0.0,0.0,0.0,0.0,0.0,0.0,0.0,0.9411764705882355,0.8740157480314961,0.03383698659289211,2,0,0,0,0.0,0.0,0.0,0.0,0.0,0.0,0.0,0.0,0.0,0.0,0,0,0.0,0.0,0.0,1,0,0,0
test,positive,1,1,MATCH,1.0,6714,googleplus,mitchellhall,mitchell hall,MitchellJHall,6715,twitter,nycbroker,mitchell hall,MitchellJHall,0.462962962962963,0.08333333333333337,0.19047619047619047,1.0,1.0,1.0,0.5362847737181942,0.8100136518478394,0.0,0.0,0.0,0.0,0.0,0.0,0.0,0.7777777777777777,0.16747572815533981,0.04340790769663712,1,0,0,0,0.0,0.0,0.0,0.0,0.0,0.0,0.0,0.0,0.0,0.0,0,0,0.0,0.0,0.0,1,0,0,0
test,positive,1,1,MATCH,1.0,12006,instagram,mysqto,chen lei,Mysqto,12007,twitter,mysqto,,Mysqto,1.0,1.0,1.0,0.0,0.0,0.0,0.0,0.064165398478508,0.0,0.0,0.0,0.0,0.0,0.0,0.0,6.742857142857142,0.5789473684210527,0.14992025518341306,2,0,0,0,0.0,0.0,0.0,0.0,0.0,0.0,0.0,0.0,0.0,0.0,0,0,0.0,0.0,0.0,1,0,0,0
test,positive,1,1,MATCH,1.0,12108,instagram,wnofal,,Nofal,12109,twitter,wnofal,ur imaginary frndprotected tweets,Nofal,1.0,1.0,1.0,0.0,0.0,0.0,0.4126995848713694,0.7437500953674316,0.0,0.0,0.0,0.0,0.0,0.0,0.0,0.5948717948717954,0.6363636363636364,0.027972027972027975,2,0,0,0,0.0,0.0,0.0,0.0,0.0,0.0,0.0,0.0,0.0,0.0,0,0,0.0,0.0,0.0,1,0,0,0
test,positive,1,1,MATCH,1.0,7060,googleplus,osheagreen,oshea green,OSheaGreen,7061,twitter,osheagreen,oshea green,OSheaGreen,1.0,1.0,1.0,1.0,1.0,1.0,0.0,0.15525035560131073,0.0,0.0,0.0,0.0,0.0,0.0,0.0,4.166666666666667,0.0,0.04918032786885246,1,0,0,0,0.0,0.0,0.0,0.0,0.0,0.0,0.0,0.0,0.0,0.0,0,0,0.0,0.0,0.0,1,0,0,0
test,positive,1,1,MATCH,1.0,7014,googleplus,oisnhalmhainpersonal,oisn halmhain,OisinOhAlmhain,7015,twitter,oisinohalmhain,oisn halmhain,OisinOhAlmhain,0.7955555555555556,0.5,0.7058823529411764,1.0,1.0,1.0,0.26227864474313667,0.6681473851203918,0.0,0.0,0.0,0.0,0.0,0.0,0.0,0.564685314685315,0.2684563758389262,0.02558724832214765,1,0,0,0,0.0,0.0,0.0,0.0,0.0,0.0,0.0,0.0,0.0,0.0,0,0,0.0,0.0,0.0,1,0,0,0
test,positive,1,1,MATCH,1.0,12260,instagram,pcaporali,pat caporali,PCaporali,12261,twitter,pcaporali,pat caporali,PCaporali,1.0,1.0,1.0,1.0,1.0,1.0,0.2347136875336368,0.6885148882865906,0.0,0.0,0.0,0.0,0.0,0.0,0.0,0.2946859903381638,0.8181818181818182,0.06216006216006216,2,1,0,1,0.0,0.0,0.0,0.0,0.0,0.0,0.0,0.0,0.0,0.0,0,0,0.0,0.0,0.0,1,0,0,0
test,positive,1,1,MATCH,1.0,12222,instagram,pdigitl,parrish lewis,ParrishLewis,12223,twitter,pdigitl,parrish lewis,ParrishLewis,1.0,1.0,1.0,1.0,1.0,1.0,0.0,0.4982233941555023,0.0,0.0,0.0,0.0,0.0,0.0,0.0,3.0,0.2111111111111111,0.05555555555555555,2,0,0,0,0.0,0.0,0.0,0.0,0.0,0.0,0.0,0.0,0.0,0.0,0,0,0.0,0.0,0.0,1,0,0,0
test,positive,1,1,MATCH,1.0,7196,googleplus,pmjgomes,pedro gomes,PedroGomes,7197,twitter,pmjgomes,pedro gomes,PedroGomes,1.0,1.0,1.0,1.0,1.0,1.0,0.0,0.14030784368515015,0.0,0.0,0.0,0.0,0.0,0.0,0.0,5.111111111111111,0.0,0.08256880733944955,1,1,0,1,0.0,0.0,0.0,0.0,0.0,0.0,0.0,0.0,0.0,0.0,0,0,0.0,0.0,0.0,1,0,0,0
test,positive,1,1,MATCH,1.0,2444,googleplus,pierresuchet,pierre suchet,PierreSuchet,2445,instagram,pierresuchet,pierre suchet,PierreSuchet,1.0,1.0,1.0,1.0,1.0,1.0,0.0,0.2847769260406494,0.0,0.0,0.0,0.0,0.0,0.0,0.0,2.3611111111111107,0.9583333333333334,0.020380434782608696,0,0,0,0,0.0,0.0,0.0,0.0,0.0,0.0,0.0,0.0,0.0,0.0,0,0,0.0,0.0,0.0,1,0,0,0
test,positive,1,1,MATCH,1.0,7352,googleplus,rachelrubinis,rachel rubin,RachelRubin,7353,twitter,rachelrubin,rachel rubin,RachelRubin,0.9692307692307692,0.8461538461538461,0.9166666666666665,1.0,1.0,1.0,0.5936864648745661,0.7103673815727234,0.0,0.0,0.0,0.0,0.0,0.0,0.0,0.3555555555555552,0.28771929824561404,0.018870346598202824,1,0,0,0,0.0,0.0,0.0,0.0,0.0,0.0,0.0,0.0,0.0,0.0,0,0,0.0,0.0,0.0,1,0,0,0
test,positive,1,1,MATCH,1.0,12446,instagram,raquelohashi,raquel ohashi,RaquelOhashi,12447,twitter,raquelohashi,raquel ohashi,RaquelOhashi,1.0,1.0,1.0,1.0,1.0,1.0,0.0,0.1703762710094452,0.0,0.0,0.0,0.0,0.0,0.0,0.0,21.0,0.36363636363636365,0.06818181818181818,2,0,0,0,0.0,0.0,0.0,0.0,0.0,0.0,0.0,0.0,0.0,0.0,0,0,0.0,0.0,0.0,1,0,0,0
test,positive,1,1,MATCH,1.0,7404,googleplus,rasmusjungersen,rasmus jungersen,RasmusJungersen,7405,twitter,rasmusjungersen,rasmus jungersen,RasmusJungersen,1.0,1.0,1.0,1.0,1.0,1.0,0.24507505220810297,0.6723865270614624,0.0,0.0,0.0,0.0,0.0,0.0,0.0,0.420803782505911,0.20132013201320131,0.039279337769842555,1,0,0,0,0.0,0.0,0.0,0.0,0.0,0.0,0.0,0.0,0.0,0.0,0,0,0.0,0.0,0.0,1,0,0,0
test,positive,1,1,MATCH,1.0,7624,googleplus,roseannhiggins,roseann higgins,RoseannHiggins,7625,twitter,roseannhiggins,roseann higgins,RoseannHiggins,1.0,1.0,1.0,1.0,1.0,1.0,0.20471421021046038,0.6510233283042908,0.0,0.0,0.0,0.0,0.0,0.0,0.0,0.12205882352941178,0.13839285714285715,0.019117223502304145,1,0,0,0,0.0,0.0,0.0,0.0,0.0,0.0,0.0,0.0,0.0,0.0,0,0,0.0,0.0,0.0,1,0,0,0
test,positive,1,1,MATCH,1.0,12640,instagram,ryangambrill,ryan gambrill,Ryangambrill,12641,twitter,ryangambrill,ryan gambrillprotected tweets,Ryangambrill,1.0,1.0,1.0,0.889655172413793,0.4482758620689655,0.6190476190476191,0.0,0.3312795162200928,0.0,0.0,0.0,0.0,0.0,0.0,0.0,2.0256410256410255,0.6049382716049383,0.025195263290501382,2,0,0,0,0.0,0.0,0.0,0.0,0.0,0.0,0.0,0.0,0.0,0.0,0,0,0.0,0.0,0.0,1,0,0,0
test,positive,1,1,MATCH,1.0,7892,googleplus,shineelulu,shinee lulu,SHINeeLulu,7893,twitter,shineelulu,lulu,SHINeeLulu,1.0,1.0,1.0,0.0,0.36363636363636365,0.5333333333333333,0.0,0.36497199535369873,0.0,0.0,0.0,0.0,0.0,0.0,0.0,2.9348659003831417,0.5037593984962406,0.014588710582426216,1,0,0,0,0.0,0.0,0.0,0.0,0.0,0.0,0.0,0.0,0.0,0.0,0,0,0.0,0.0,0.0,1,0,0,0
test,positive,1,1,MATCH,1.0,7746,googleplus,sandrafoyt,sandra foyt,SandraFoyt,7747,twitter,sandrafoyt,sandra foyt,SandraFoyt,1.0,1.0,1.0,1.0,1.0,1.0,0.09004134206104605,0.5538434982299805,0.0,0.0,0.0,0.0,0.0,0.0,0.0,0.43055555555555536,0.8402777777777778,0.006600091827364554,1,0,0,0,0.0,0.0,0.0,0.0,0.0,0.0,0.0,0.0,0.0,0.0,0,0,0.0,0.0,0.0,1,0,0,0
test,positive,1,1,MATCH,1.0,12732,instagram,sarahledesma,sarah ledesma,SarahLedesma,12733,twitter,sarahledesma,sarah ledesma,SarahLedesma,1.0,1.0,1.0,1.0,1.0,1.0,0.0,0.2122359573841095,0.0,0.0,0.0,0.0,0.0,0.0,0.0,4.571428571428571,0.0,0.03896103896103896,2,0,0,0,0.0,0.0,0.0,0.0,0.0,0.0,0.0,0.0,0.0,0.0,0,0,0.0,0.0,0.0,1,0,0,0
test,positive,1,1,MATCH,1.0,7804,googleplus,scottkoegler,scott koegler,ScottKoegler,7805,twitter,scottkoegler,scott koeglerverified account,ScottKoegler,1.0,1.0,1.0,0.889655172413793,0.4482758620689655,0.6190476190476191,0.24843741955030488,0.5480871200561523,0.0,0.0,0.0,0.0,0.0,0.0,0.0,0.14999999999999947,0.8135593220338984,0.011652542372881353,1,0,0,0,0.0,0.0,0.0,0.0,0.0,0.0,0.0,0.0,0.0,0.0,0,0,0.0,0.0,0.0,1,0,0,0
test,positive,1,1,MATCH,1.0,12790,instagram,seraix,sarah wilson,Seraix,12791,twitter,seraix,seraix,Seraix,1.0,1.0,1.0,0.5833333333333334,0.33333333333333337,0.4444444444444444,0.0,0.06335378438234329,0.0,0.0,0.0,0.0,0.0,0.0,0.0,1.75,0.24806201550387597,0.06976744186046512,2,1,0,1,0.0,0.0,0.0,0.0,0.0,0.0,0.0,0.0,0.0,0.0,0,0,0.0,0.0,0.0,1,0,0,0
test,positive,1,1,MATCH,1.0,12842,instagram,shaunstutodc,shaun stuto,ShaunStutoDC,12843,twitter,shaunstutodc,shaun p stuto,ShaunStutoDC,1.0,1.0,1.0,0.9692307692307692,0.8461538461538461,0.9166666666666665,0.0,0.7729859352111816,0.0,0.0,0.0,0.0,0.0,0.0,0.0,3.2666666666666666,0.8,0.011538461538461539,2,1,0,1,0.0,0.0,0.0,0.0,0.0,0.0,0.0,0.0,0.0,0.0,0,0,0.0,0.0,0.0,1,0,0,0
test,positive,1,1,MATCH,1.0,7878,googleplus,shelleyberkley,shelley berkley,ShelleyBerkley,7879,twitter,repberkley,shelley berkleyverified account,ShelleyBerkley,0.6654761904761904,0.5714285714285714,0.6666666666666667,0.8967741935483872,0.4838709677419355,0.6521739130434783,0.46278460160765966,0.93428635597229,0.0,0.0,0.0,0.0,0.0,0.0,0.0,2.3083333333333336,0.34513274336283184,0.003970955298388926,1,0,0,0,0.0,0.0,0.0,0.0,0.0,0.0,0.0,0.0,0.0,0.0,0,0,0.0,0.0,0.0,1,0,0,0
test,positive,1,1,MATCH,1.0,12970,instagram,p3rf3kt,stacie snoddon,StacieSnoddon,12971,twitter,p3rf3kt,stacie s,StacieSnoddon,1.0,1.0,1.0,0.9142857142857143,0.5714285714285714,0.7272727272727273,0.0330865839308557,0.5199313759803772,0.0,0.0,0.0,0.0,0.0,0.0,0.0,4.348684210526316,0.7109826589595376,0.012453592744019922,2,0,0,0,0.0,0.0,0.0,0.0,0.0,0.0,0.0,0.0,0.0,0.0,0,0,0.0,0.0,0.0,1,0,0,0
test,positive,1,1,MATCH,1.0,12988,instagram,wildfireeffect,wildfire effect consulting,StephanieMichelleScott,12989,twitter,wildfireeffect,stephanie m scott,StephanieMichelleScott,1.0,1.0,1.0,0.5688331276566571,0.15384615384615385,0.32558139534883723,0.00960761588947309,0.26571398973464966,0.0,0.0,0.0,0.0,0.5,0.0,0.0,0.8484848484848482,0.6935483870967742,0.04126031507876969,2,0,0,0,0.0,0.0,0.0,0.0,0.0,0.0,0.0,0.0,0.0,0.0,0,0,0.0,0.0,0.0,1,0,0,0
test,positive,1,1,MATCH,1.0,13066,instagram,sweetpeaangel,krista hughes nicholas,SweetPeaAngel,13067,twitter,sweetpeaangelz,krista lynn hughes,SweetPeaAngel,0.9857142857142858,0.9285714285714286,0.962962962962963,0.8496969696969697,0.4545454545454546,0.75,0.6117705617209115,0.8945009112358093,0.0,0.0,0.0,0.0,0.0,0.0,0.0,0.75,0.8936170212765957,0.0008443093549476526,2,0,0,0,0.0,0.0,0.0,0.0,0.0,0.0,0.0,0.0,0.0,0.0,0,0,0.0,0.0,0.0,1,0,0,0
test,positive,1,1,MATCH,1.0,13100,instagram,teacupkitteh,,TeaCupKitteh,13101,twitter,teacupkitteh,,TeaCupKitteh,1.0,1.0,1.0,1.0,1.0,1.0,0.0,1.0,0.0,0.0,0.0,0.0,0.0,0.0,0.0,0.0,1.0,0.0,2,0,0,0,0.0,0.0,0.0,0.0,0.0,0.0,0.0,0.0,0.0,0.0,0,0,0.0,0.0,0.0,1,0,0,0
test,positive,1,1,MATCH,1.0,13174,instagram,tierneymaria,tierney,TierneyMaria,13175,twitter,tierneymaria,tierney,TierneyMaria,1.0,1.0,1.0,1.0,1.0,1.0,0.0,0.5714414119720459,0.0,0.0,0.0,0.0,0.0,0.0,0.0,6.352941176470589,0.896551724137931,0.019451812555260836,2,0,0,0,0.0,0.0,0.0,0.0,0.0,0.0,0.0,0.0,0.0,0.0,0,0,0.0,0.0,0.0,1,0,0,0
test,positive,1,1,MATCH,1.0,13252,instagram,anewwoman08,tracy foreman,TracyForeman,13253,twitter,anewwoman08,apostle tiyi el,TracyForeman,1.0,1.0,1.0,0.4538461538461538,0.06666666666666665,0.3571428571428571,0.0,0.16577142477035522,0.0,0.0,0.0,0.0,0.0,0.0,0.0,2.675,0.25333333333333335,0.03368421052631579,2,0,0,0,0.0,0.0,0.0,0.0,0.0,0.0,0.0,0.0,0.0,0.0,0,0,0.0,0.0,0.0,1,0,0,0
test,positive,1,1,MATCH,1.0,13430,instagram,vpbartz,vassilios billy,VPBartzokas,13431,twitter,vpbartz,vassilios bartzokas,VPBartzokas,1.0,1.0,1.0,0.8624561403508773,0.5789473684210527,0.6470588235294117,0.0,0.46577489376068115,0.0,0.0,0.0,0.0,0.0,0.0,0.0,1.8968253968253972,0.5266666666666666,0.03603375527426161,2,0,0,0,0.0,0.0,0.0,0.0,0.0,0.0,0.0,0.0,0.0,0.0,0,0,0.0,0.0,0.0,1,0,0,0
test,positive,1,1,MATCH,1.0,8490,googleplus,veragavrilovic-vivaspygirl,vera gavrilovic,VivaSpyGirl,8491,twitter,vivaspygirl,vera,VivaSpyGirl,0.5533216783216783,0.42307692307692313,0.5945945945945945,0.8533333333333333,0.2666666666666667,0.42105263157894735,0.29854432081276755,0.5543670058250427,0.0,0.0,0.0,0.0,0.0,0.0,0.0,0.5401069518716577,0.6893939393939394,0.083000333000333,1,1,0,1,0.0,0.0,0.0,0.0,0.0,0.0,0.0,0.0,0.0,0.0,0,0,0.0,0.0,0.0,1,0,0,0
test,positive,1,1,MATCH,1.0,13444,instagram,waltkarmolinski,walt karmolinski,WaltKarmolinski,13445,twitter,waltkarmolinski,walt karmolinski,WaltKarmolinski,1.0,1.0,1.0,1.0,1.0,1.0,0.0,0.6345481872558594,0.0,0.0,0.0,0.0,0.0,0.0,0.0,0.3624999999999998,0.8405797101449275,0.02936031984007996,2,0,0,0,0.0,0.0,0.0,0.0,0.0,0.0,0.0,0.0,0.0,0.0,0,0,0.0,0.0,0.0,1,0,0,0
test,positive,1,1,MATCH,1.0,13612,instagram,zonozi,amir zonozi,Zonozi,13613,twitter,zonozi,amir zonoziverified account,Zonozi,1.0,1.0,1.0,0.8814814814814815,0.40740740740740744,0.5789473684210527,0.05466680609468535,0.23652370274066925,0.0,0.0,0.0,0.0,0.0,0.0,0.0,0.8105263157894731,0.5963302752293578,0.008892025405786874,2,0,0,0,0.0,0.0,0.0,0.0,0.0,0.0,0.0,0.0,0.0,0.0,0,0,0.0,0.0,0.0,1,0,0,0
test,positive,1,1,MATCH,1.0,2778,googleplus,atulsharma,atul sharma,aaatulsharma,2779,twitter,seoatulsharma,atul sharma,aaatulsharma,0.8564102564102564,0.7692307692307692,0.8695652173913043,1.0,1.0,1.0,0.17560996701463974,0.7459458112716675,0.0,0.0,0.0,0.0,0.0,0.0,0.0,0.7703349282296648,0.965034965034965,0.008259856085943044,1,0,0,0,0.0,0.0,0.0,0.0,0.0,0.0,0.0,0.0,0.0,0.0,0,0,0.0,0.0,0.0,1,0,0,0
test,positive,1,1,MATCH,1.0,2800,googleplus,amybethcuppdesign,amy beth cupp,abcddesigns,2801,twitter,abcddesigns,amy beth cupp,abcddesigns,0.7709447415329769,0.47058823529411764,0.6428571428571428,1.0,1.0,1.0,0.2344541159200626,0.3778247833251953,0.0,0.0,0.0,0.0,0.0,0.0,0.0,0.15120967741935498,0.5023696682464455,0.02816775462755969,1,1,0,1,0.0,0.0,0.0,0.0,0.0,0.0,0.0,0.0,0.0,0.0,0,0,0.0,0.0,0.0,1,0,0,0
test,positive,1,1,MATCH,1.0,8740,instagram,abmsharif,abul bashar md sharif,abmsharif,8741,twitter,abmsharif,abul bashar m sharif,abmsharif,1.0,1.0,1.0,0.9904761904761905,0.9523809523809523,0.975609756097561,0.0470724469554927,0.47759339213371277,0.0,0.0,0.0,0.0,0.0,0.0,0.0,1.4285714285714288,0.6308724832214765,0.005569041839211766,2,1,0,1,0.0,0.0,0.0,0.0,0.0,0.0,0.0,0.0,0.0,0.0,0,0,0.0,0.0,0.0,1,0,0,0
test,positive,1,1,MATCH,1.0,2838,googleplus,adamlasseter,adam lasseter,adamlasseter,2839,twitter,adamlasseter,adam lasseter,adamlasseter,1.0,1.0,1.0,1.0,1.0,1.0,0.0,0.11929202079772949,0.0,0.0,0.0,0.0,0.0,0.0,0.0,5.068965517241379,0.0,0.005714285714285714,1,0,0,0,0.0,0.0,0.0,0.0,0.0,0.0,0.0,0.0,0.0,0.0,0,0,0.0,0.0,0.0,1,0,0,0
test,positive,1,1,MATCH,1.0,8766,instagram,adinwardhani,dini kusumawardhani,adinwardhani,8767,twitter,adinwardhani,dini kusumawardhani,adinwardhani,1.0,1.0,1.0,1.0,1.0,1.0,0.0,0.12132836878299713,0.0,0.0,0.0,0.0,0.0,0.0,0.0,7.0,0.0,0.07042253521126761,2,1,0,1,0.0,0.0,0.0,0.0,0.0,0.0,0.0,0.0,0.0,0.0,0,0,0.0,0.0,0.0,1,0,0,0
test,positive,1,1,MATCH,1.0,8770,instagram,adnys,n y s t r o m a n d r e,adnys,8771,twitter,adnys,nystrom andrewverified account,adnys,1.0,1.0,1.0,0.5489302967563837,0.16666666666666663,0.339622641509434,0.0,0.173947274684906,0.0,0.0,0.0,0.0,0.0,0.0,0.0,14.083333333333334,0.3103448275862069,0.009578544061302693,2,0,0,0,0.0,0.0,0.0,0.0,0.0,0.0,0.0,0.0,0.0,0.0,0,0,0.0,0.0,0.0,1,0,0,0
test,positive,1,1,MATCH,1.0,8774,instagram,adrianaarjona,adriana arjona,adrianaarjona,8775,twitter,adrianaarjona,adriana arjona,adrianaarjona,1.0,1.0,1.0,1.0,1.0,1.0,0.512907127792017,0.4744170904159546,0.0,0.0,0.0,0.0,0.0,0.0,0.0,3.3499999999999996,0.34946236559139787,0.006865177832919768,2,0,0,0,0.0,0.0,0.0,0.0,0.0,0.0,0.0,0.0,0.0,0.0,0,0,0.0,0.0,0.0,1,0,0,0
test,positive,1,1,MATCH,1.0,1558,googleplus,adriannaamato,adrianna amato,adriannaamato,1559,instagram,adriannaamato,adrianna amato,adriannaamato,1.0,1.0,1.0,1.0,1.0,1.0,0.0,1.0,0.0,0.0,0.0,0.0,0.0,0.0,0.0,0.0,1.0,0.0,0,0,0,0,0.0,0.0,0.0,0.0,0.0,0.0,0.0,0.0,0.0,0.0,0,0,0.0,0.0,0.0,1,0,0,0
test,positive,1,1,MATCH,1.0,8780,instagram,msadriennec,adrienne c,adriennechiu,8781,twitter,msadriennec,adrienne c,adriennechiu,1.0,1.0,1.0,1.0,1.0,1.0,0.4685890112276535,0.7361781597137451,0.0,0.0,0.0,0.0,0.0,0.0,0.0,0.6363636363636367,0.965034965034965,0.009526705178879089,2,1,0,1,0.0,0.0,0.0,0.0,0.0,0.0,0.0,0.0,0.0,0.0,0,0,0.0,0.0,0.0,1,0,0,0
test,positive,1,1,MATCH,1.0,8786,instagram,aftabsayed,aftab sayed,aftabsayed,8787,twitter,aftab_sayed,aftab sayed,aftabsayed,0.9818181818181818,0.9090909090909091,0.9523809523809522,1.0,1.0,1.0,0.06928433778912381,0.273405522108078,0.0,0.0,0.0,0.0,0.0,0.0,0.0,1.3968253968253963,0.5357142857142857,0.030952380952380953,2,0,0,0,0.0,0.0,0.0,0.0,0.0,0.0,0.0,0.0,0.0,0.0,0,0,0.0,0.0,0.0,1,0,0,0
test,positive,1,1,MATCH,1.0,8792,instagram,agleibowitz,ali,agleibowitz,8793,twitter,agleibowitz,ali leibowitz,agleibowitz,1.0,1.0,1.0,0.8205128205128205,0.23076923076923073,0.375,0.0,1.0,0.0,0.0,0.0,0.0,0.0,0.0,0.0,0.0,1.0,0.0,2,0,0,0,0.0,0.0,0.0,0.0,0.0,0.0,0.0,0.0,0.0,0.0,0,0,0.0,0.0,0.0,1,0,0,0
test,positive,1,1,MATCH,1.0,2886,googleplus,ahmedhikal,ahmed hikal,ahmedhikal,2887,twitter,ahmedhikal,ahmed hikal,ahmedhikal,1.0,1.0,1.0,1.0,1.0,1.0,0.0,0.1628292202949524,0.0,0.0,0.0,0.0,0.0,0.0,0.0,5.230769230769231,0.0,0.1,1,0,0,0,0.0,0.0,0.0,0.0,0.0,0.0,0.0,0.0,0.0,0.0,0,0,0.0,0.0,0.0,1,0,0,0
test,positive,1,1,MATCH,1.0,8800,instagram,aidenmckenna,aiden patrick mckenna,aidenmckenna,8801,twitter,aidenmckenna,aiden mckenna,aidenmckenna,1.0,1.0,1.0,0.8930402930402931,0.6190476190476191,0.7647058823529411,0.47713284663355626,0.7613656520843506,0.0,0.0,0.0,0.0,0.0,0.0,0.0,0.5499999999999998,0.9290322580645162,0.0024641577060931924,2,0,0,0,0.0,0.0,0.0,0.0,0.0,0.0,0.0,0.0,0.0,0.0,0,0,0.0,0.0,0.0,1,0,0,0
test,positive,1,1,MATCH,1.0,2902,googleplus,akashmendiratta,akash mendiratta,akashmendiratta,2903,twitter,akashmendiratta,akash mendiratta,akashmendiratta,1.0,1.0,1.0,1.0,1.0,1.0,0.05257350964013933,0.5423570871353149,0.0,0.0,0.0,0.0,0.0,0.0,0.0,0.1862318840579711,0.3925,0.0018471337579617844,1,1,0,1,0.0,0.0,0.0,0.0,0.0,0.0,0.0,0.0,0.0,0.0,0,0,0.0,0.0,0.0,1,0,0,0
test,positive,1,1,MATCH,1.0,8820,instagram,alanbraga,alan braga,alanbraga,8821,twitter,alanbragha,alan braga,alanbraga,0.98,0.9,0.9473684210526316,1.0,1.0,1.0,0.0,0.29345571994781494,0.0,0.0,0.0,0.0,0.0,0.0,0.0,4.875,0.4107142857142857,0.03571428571428571,2,0,0,0,0.0,0.0,0.0,0.0,0.0,0.0,0.0,0.0,0.0,0.0,0,0,0.0,0.0,0.0,1,0,0,0
test,positive,1,1,MATCH,1.0,8830,instagram,alantshearer,alan taylorshearer,alantshearer,8831,twitter,alantshearer,alan taylorshearer,alantshearer,1.0,1.0,1.0,1.0,1.0,1.0,0.2125744869239504,0.6311815977096558,0.0,0.0,0.0,0.0,0.0,0.0,0.0,0.34126984126984095,0.6063829787234043,0.07502799552071668,2,0,0,0,0.0,0.0,0.0,0.0,0.0,0.0,0.0,0.0,0.0,0.0,0,0,0.0,0.0,0.0,1,0,0,0
test,positive,1,1,MATCH,1.0,8834,instagram,witzkea,alan witzke,alanwitzke,8835,twitter,witzkea,witzke sour,alanwitzke,1.0,1.0,1.0,0.39393939393939403,0.09090909090909094,0.6363636363636364,0.846756064712129,0.7857152223587036,0.0,0.0,0.0,0.0,0.0,0.0,0.0,0.16666666666666696,0.6410256410256411,0.04307692307692307,2,0,0,0,0.0,0.0,0.0,0.0,0.0,0.0,0.0,0.0,0.0,0.0,0,0,0.0,0.0,0.0,1,0,0,0
test,positive,1,1,MATCH,1.0,8844,instagram,aldomorrison,aldo,aldojeda,8845,twitter,aldomorrison,aldo ojeda,aldojeda,1.0,1.0,1.0,0.88,0.4,0.5714285714285714,0.0,-0.01460358314216137,0.0,0.0,0.0,0.0,0.0,0.0,0.0,1.5476190476190474,0.06802721088435375,0.02040816326530612,2,0,0,0,0.0,0.0,0.0,0.0,0.0,0.0,0.0,0.0,0.0,0.0,0,0,0.0,0.0,0.0,1,0,0,0
test,positive,1,1,MATCH,1.0,8850,instagram,aleathwood,alistair leathwood,aleathwood,8851,twitter,aleathwood,alistair leathwood,aleathwood,1.0,1.0,1.0,1.0,1.0,1.0,0.0,0.19582080841064453,0.0,0.0,0.0,0.0,0.0,0.0,0.0,5.777777777777778,0.0,0.08264462809917356,2,1,0,1,0.0,0.0,0.0,0.0,0.0,0.0,0.0,0.0,0.0,0.0,0,0,0.0,0.0,0.0,1,0,0,0
test,positive,1,1,MATCH,1.0,2936,googleplus,aleixarnavat,aleix arnavat,aleixarnavat,2937,twitter,aleixarnavat,aleix arnavat,aleixarnavat,1.0,1.0,1.0,1.0,1.0,1.0,0.0,1.0,0.0,0.0,0.0,0.0,0.0,0.0,0.0,0.0,1.0,0.0,1,0,0,0,0.0,0.0,0.0,0.0,0.0,0.0,0.0,0.0,0.0,0.0,0,0,0.0,0.0,0.0,1,0,0,0
test,positive,1,1,MATCH,1.0,2970,googleplus,alexcaza,alex caza,alexcaza,2971,twitter,alexcaza,alex caza,alexcaza,1.0,1.0,1.0,1.0,1.0,1.0,0.019761175627961147,0.22028286755084991,0.0,0.0,0.0,0.0,0.0,0.0,0.0,0.7712550607287447,0.30223880597014924,0.014648977335544499,1,0,0,0,0.0,0.0,0.0,0.0,0.0,0.0,0.0,0.0,0.0,0.0,0,0,0.0,0.0,0.0,1,0,0,0
test,positive,1,1,MATCH,1.0,8872,instagram,iamalexfinch,iamalexfinch,alexfinch,8873,twitter,iamalexfinch,iamalexfinchverified account,alexfinch,1.0,1.0,1.0,0.8857142857142858,0.4285714285714286,0.6,0.4729581092110636,0.7993174195289612,0.0,0.0,0.0,0.0,1.0,0.0,0.0,1.0750000000000002,0.7168141592920354,0.03026330164973233,2,0,0,0,0.0,0.0,0.0,0.0,0.0,0.0,0.0,0.0,0.0,0.0,0,0,0.0,0.0,0.0,1,0,0,0
test,positive,1,1,MATCH,1.0,8882,instagram,alexorlowski,alex orlowski,alexorlowski,8883,twitter,alex_orlowski,alex orlowskiverified account,alexorlowski,0.9846153846153847,0.9230769230769231,0.96,0.889655172413793,0.4482758620689655,0.6190476190476191,0.11039685594960127,0.7300208806991577,0.0,0.0,0.0,0.0,0.0,0.0,0.0,0.3774509803921564,0.7384615384615385,0.03301282051282052,2,0,0,0,0.0,0.0,0.0,0.0,0.0,0.0,0.0,0.0,0.0,0.0,0,0,0.0,0.0,0.0,1,0,0,0
test,positive,1,1,MATCH,1.0,8900,instagram,ali_alsabbagh,ali alsabbagh,alialsabbagh,8901,twitter,ali_alsabbagh,,alialsabbagh,1.0,1.0,1.0,0.0,0.0,0.0,0.29239200853396674,0.7238951921463013,0.0,0.0,0.0,0.0,0.0,0.0,0.007407407407407408,2.413533834586466,0.9851851851851852,0.014146477304372046,2,0,0,0,0.0,0.0,0.0,0.0,0.0,0.0,0.0,0.0,0.0,0.0,0,0,0.0,0.0,0.0,1,0,0,0
test,positive,1,1,MATCH,1.0,8906,instagram,alishabenson,inner melbourne,alishabenson,8907,twitter,alishabenson,a l i s h a,alishabenson,1.0,1.0,1.0,0.3797979797979798,0.06666666666666665,0.23076923076923073,0.0,0.0953909307718277,0.0,0.0,0.0,0.0,0.0,0.0,0.0,2.25,0.09782608695652174,0.043478260869565216,2,0,0,0,0.0,0.0,0.0,0.0,0.0,0.0,0.0,0.0,0.0,0.0,0,0,0.0,0.0,0.0,1,0,0,0
test,positive,1,1,MATCH,1.0,8924,instagram,allanmoran,allan moran,allanmoran,8925,twitter,allanmoran,allan moran,allanmoran,1.0,1.0,1.0,1.0,1.0,1.0,0.07581768699604673,0.2905314862728119,0.0,0.0,0.0,0.0,0.0,0.0,0.0,0.5952380952380958,0.7931034482758621,0.008995502248875561,2,1,0,1,0.0,0.0,0.0,0.0,0.0,0.0,0.0,0.0,0.0,0.0,0,0,0.0,0.0,0.0,1,0,0,0
test,positive,1,1,MATCH,1.0,8928,instagram,mojofat,allen smith,allenwsmith,8929,twitter,mojofat,allen smith,allenwsmith,1.0,1.0,1.0,1.0,1.0,1.0,0.0,0.14780953526496887,0.0,0.0,0.0,0.0,0.0,0.0,0.0,7.1,0.0,0.075,2,0,0,0,0.0,0.0,0.0,0.0,0.0,0.0,0.0,0.0,0.0,0.0,0,0,0.0,0.0,0.0,1,0,0,0
test,positive,1,1,MATCH,1.0,8930,instagram,almarvill,lex martnez,almarvill,8931,twitter,almarvill,lex martnez,almarvill,1.0,1.0,1.0,1.0,1.0,1.0,0.0,1.0,0.0,0.0,0.0,0.0,0.0,0.0,0.0,0.0,1.0,0.0,2,0,0,0,0.0,0.0,0.0,0.0,0.0,0.0,0.0,0.0,0.0,0.0,0,0,0.0,0.0,0.0,1,0,0,0
test,positive,1,1,MATCH,1.0,8936,instagram,alpoma,alejandro polanco,alpoma,8937,twitter,alpoma,alejandro polanco,alpoma,1.0,1.0,1.0,1.0,1.0,1.0,0.0,0.18648208677768707,0.0,0.0,0.0,0.0,0.0,0.0,0.0,6.875,0.0,0.06451612903225806,2,0,0,0,0.0,0.0,0.0,0.0,0.0,0.0,0.0,0.0,0.0,0.0,0,0,0.0,0.0,0.0,1,0,0,0
test,positive,1,1,MATCH,1.0,8944,instagram,albretel,alvaro bretel,alvarobretel,8945,twitter,albretel,alvaro bretel,alvarobretel,1.0,1.0,1.0,1.0,1.0,1.0,0.0,0.2900620400905609,0.0,0.0,0.0,0.0,0.0,0.0,0.0,0.17647058823529438,0.35714285714285715,0.0163265306122449,2,0,0,0,0.0,0.0,0.0,0.0,0.0,0.0,0.0,0.0,0.0,0.0,0,0,0.0,0.0,0.0,1,0,0,0
test,positive,1,1,MATCH,1.0,3044,googleplus,alfonsmaes,alfons maes,amaes,3045,twitter,alfonsmaes,alfons maesl,amaes,1.0,1.0,1.0,0.9833333333333333,0.9166666666666666,0.9565217391304348,0.3425352155833403,0.5153999924659729,0.0,0.0,0.0,0.0,0.0,0.0,0.0,2.075,0.28378378378378377,0.009974259974259977,1,0,0,0,0.0,0.0,0.0,0.0,0.0,0.0,0.0,0.0,0.0,0.0,0,0,0.0,0.0,0.0,1,0,0,0
test,positive,1,1,MATCH,1.0,8956,instagram,haohmaru,haohmaru,amakusa,8957,twitter,haohmaru,haohmaru,amakusa,1.0,1.0,1.0,1.0,1.0,1.0,0.0,0.39953917264938354,0.0,0.0,0.0,0.0,0.0,0.0,0.0,0.9500000000000002,0.6666666666666666,0.0,2,1,0,1,0.0,0.0,0.0,0.0,0.0,0.0,0.0,0.0,0.0,0.0,0,0,0.0,0.0,0.0,1,0,0,0
test,positive,1,1,MATCH,1.0,3050,googleplus,amandalerch,amanda lerch,amandalerch,3051,twitter,amanda_lerch,amanda lerch,amandalerch,0.9833333333333333,0.9166666666666666,0.9565217391304348,1.0,1.0,1.0,0.0,0.08932974934577942,0.0,0.0,0.0,0.0,0.0,0.0,0.0,4.166666666666667,0.0,0.06666666666666667,1,1,0,1,0.0,0.0,0.0,0.0,0.0,0.0,0.0,0.0,0.0,0.0,0,0,0.0,0.0,0.0,1,0,0,0
test,positive,1,1,MATCH,1.0,8962,instagram,aulia,aulia masna,amasna,8963,twitter,aulia,aulia masna,amasna,1.0,1.0,1.0,1.0,1.0,1.0,0.0,0.1589752584695816,0.0,0.0,0.0,0.0,0.0,0.0,0.0,2.5666666666666673,0.272,0.005176470588235296,2,0,0,0,0.0,0.0,0.0,0.0,0.0,0.0,0.0,0.0,0.0,0.0,0,0,0.0,0.0,0.0,1,0,0,0
test,positive,1,1,MATCH,1.0,8970,instagram,omgitsamr,omgitsamr,amberrinehard,8971,twitter,omgitsamr,amber flack,amberrinehard,1.0,1.0,1.0,0.4242424242424241,0.18181818181818177,0.30000000000000004,0.1158798196801406,0.3660763204097748,0.0,0.0,0.0,0.0,0.0,0.0,0.0,3.8717948717948714,0.9784172661870504,0.027348709267879814,2,1,0,1,0.0,0.0,0.0,0.0,0.0,0.0,0.0,0.0,0.0,0.0,0,0,0.0,0.0,0.0,1,0,0,0
test,positive,1,1,MATCH,1.0,3080,googleplus,amydipierro,amy dipierro,amydipierro,3081,twitter,amydipierro,amy dipierro,amydipierro,1.0,1.0,1.0,1.0,1.0,1.0,0.0,0.40601086616516113,0.0,0.0,0.0,0.0,0.0,0.0,0.0,1.6799999999999997,0.554140127388535,0.03323815799106816,1,0,0,0,0.0,0.0,0.0,0.0,0.0,0.0,0.0,0.0,0.0,0.0,0,0,0.0,0.0,0.0,1,0,0,0
test,positive,1,1,MATCH,1.0,8996,instagram,andersonenvy,andersonenvy,andersonenvy,8997,twitter,andersonenvy,andersonenvy,andersonenvy,1.0,1.0,1.0,1.0,1.0,1.0,0.0,0.46056875586509705,0.0,0.0,0.0,0.0,0.0,0.0,0.0,0.25,0.5,0.03125,2,1,0,1,0.0,0.0,0.0,0.0,0.0,0.0,0.0,0.0,0.0,0.0,0,0,0.0,0.0,0.0,1,0,0,0
test,positive,1,1,MATCH,1.0,9000,instagram,andonicarrion,andoni carrion,andonicarrion,9001,twitter,andonicarrion,andoni carrion,andonicarrion,1.0,1.0,1.0,1.0,1.0,1.0,0.0,0.0708400085568428,0.0,0.0,0.0,0.0,0.0,0.0,0.0,6.222222222222222,0.0,0.031007751937984496,2,0,0,0,0.0,0.0,0.0,0.0,0.0,0.0,0.0,0.0,0.0,0.0,0,0,0.0,0.0,0.0,1,0,0,0
test,positive,1,1,MATCH,1.0,9002,instagram,abusse,andrea busse,andreabusse,9003,twitter,abusse,andrea busse,andreabusse,1.0,1.0,1.0,1.0,1.0,1.0,0.0,0.1324404776096344,0.0,0.0,0.0,0.0,0.0,0.0,0.0,3.923076923076923,0.0,0.031496062992125984,2,1,0,1,0.0,0.0,0.0,0.0,0.0,0.0,0.0,0.0,0.0,0.0,0,0,0.0,0.0,0.0,1,0,0,0
test,positive,1,1,MATCH,1.0,9006,instagram,dreapuff,a n d r e a,andreamarie,9007,twitter,dreapuff,andrea novotny,andreamarie,1.0,1.0,1.0,0.5692640692640693,0.1428571428571429,0.4,0.0,-0.007304098457098007,0.0,0.0,0.0,0.0,0.0,0.0,0.0,2.3571428571428568,0.6915887850467289,0.057211417024501145,2,1,0,1,0.0,0.0,0.0,0.0,0.0,0.0,0.0,0.0,0.0,0.0,0,0,0.0,0.0,0.0,1,0,0,0
test,positive,1,1,MATCH,1.0,9010,instagram,mrhammarstedt,andreas hammarstedt,andreashammarstedt,9011,twitter,mrhammarstedt,andreas hammarstedt,andreashammarstedt,1.0,1.0,1.0,1.0,1.0,1.0,0.2816486587929244,0.5627328753471375,0.0,0.0,0.0,0.0,0.0,0.0,0.0,1.583333333333334,0.9299363057324841,0.03315592007678213,2,1,0,1,0.0,0.0,0.0,0.0,0.0,0.0,0.0,0.0,0.0,0.0,0,0,0.0,0.0,0.0,1,0,0,0
test,positive,1,1,MATCH,1.0,9020,instagram,andresfranco,andres franco,andresfranco,9021,twitter,andresfranco,andrew franco,andresfranco,1.0,1.0,1.0,0.9692307692307692,0.9230769230769231,0.923076923076923,0.0,0.19215187430381775,0.0,0.0,0.0,0.0,0.0,0.0,0.0,0.04166666666666696,0.9933333333333333,0.013557046979865772,2,0,0,0,0.0,0.0,0.0,0.0,0.0,0.0,0.0,0.0,0.0,0.0,0,0,0.0,0.0,0.0,1,0,0,0
test,positive,1,1,MATCH,1.0,9034,instagram,hami,andrew hamilton hami,andrewhamilton,9035,twitter,hami,hami,andrewhamilton,1.0,1.0,1.0,0.65,0.19999999999999996,0.33333333333333337,0.3260262726993095,0.5575962066650391,0.0,0.0,0.0,0.0,0.0,0.0,0.0,1.1391304347826088,0.7207792207792207,0.006084006084006083,2,1,0,1,0.0,0.0,0.0,0.0,0.0,0.0,0.0,0.0,0.0,0.0,0,0,0.0,0.0,0.0,1,0,0,0
test,positive,1,1,MATCH,1.0,9042,instagram,andrewschar,andrew schr,andrewschar,9043,twitter,andrewschar,s,andrewschar,1.0,1.0,1.0,0.0,0.09090909090909094,0.16666666666666663,0.06038640087073142,0.3074323236942291,0.0,0.0,0.0,0.0,0.0,0.0,0.0,3.966666666666667,0.43386243386243384,0.037488708220415536,2,0,0,0,0.0,0.0,0.0,0.0,0.0,0.0,0.0,0.0,0.0,0.0,0,0,0.0,0.0,0.0,1,0,0,0
test,positive,1,1,MATCH,1.0,9048,instagram,greyworld,greyworld,andrewshoben,9049,twitter,greyworld,greyworld,andrewshoben,1.0,1.0,1.0,1.0,1.0,1.0,0.2078480211082383,0.8929622173309326,0.0,0.0,0.0,0.0,0.0,0.0,0.0,0.2994505494505493,0.4866666666666667,0.012968036529680368,2,1,0,1,0.0,0.0,0.0,0.0,0.0,0.0,0.0,0.0,0.0,0.0,0,0,0.0,0.0,0.0,1,0,0,0
test,positive,1,1,MATCH,1.0,3160,googleplus,angelaanessi,angela anessi,angelaanessi,3161,twitter,angelaanessi,angela anessi,angelaanessi,1.0,1.0,1.0,1.0,1.0,1.0,0.0,0.13938915729522705,0.0,0.0,0.0,0.0,0.0,0.0,0.0,4.8125,0.0,0.043478260869565216,1,1,0,1,0.0,0.0,0.0,0.0,0.0,0.0,0.0,0.0,0.0,0.0,0,0,0.0,0.0,0.0,1,0,0,0
test,positive,1,1,MATCH,1.0,9074,instagram,annamarkwell,anna markwell,annamarkwell,9075,twitter,annamarkwell,anna markwell,annamarkwell,1.0,1.0,1.0,1.0,1.0,1.0,0.02287277623955062,0.3497994542121887,0.0,0.0,0.0,0.0,0.0,0.0,0.0,1.947058823529412,0.8303571428571429,0.01987327188940092,2,0,0,0,0.0,0.0,0.0,0.0,0.0,0.0,0.0,0.0,0.0,0.0,0,0,0.0,0.0,0.0,1,0,0,0
test,positive,1,1,MATCH,1.0,9088,instagram,annna86,annna,annna,9089,twitter,annna86,anna bella wong,annna,1.0,1.0,1.0,0.6888888888888888,0.2666666666666667,0.4,0.10832132882865662,0.4434385299682617,0.0,0.0,0.0,0.0,0.0,0.0,0.005714285714285714,3.9170040485829967,0.7885714285714286,0.023685300207039336,2,1,0,1,0.0,0.0,0.0,0.0,0.0,0.0,0.0,0.0,0.0,0.0,0,0,0.0,0.0,0.0,1,0,0,0
test,positive,1,1,MATCH,1.0,9100,instagram,c4antonio,antonio ficai,antonioficai,9101,twitter,c4antonio,antonio ficai,antonioficai,1.0,1.0,1.0,1.0,1.0,1.0,0.04134044855956465,0.4084842801094055,0.0,0.0,0.0,0.0,0.5,0.0,0.008771929824561403,1.6420454545454541,0.9421487603305785,0.0005074670146440474,2,1,0,1,0.0,0.0,0.0,0.0,0.0,0.0,0.0,0.0,0.0,0.0,0,0,0.0,0.0,0.0,1,0,0,0
test,positive,1,1,MATCH,1.0,9106,instagram,anwarkabir,anwar kabir,anwkabir,9107,twitter,anwkabir,anwar kabir,anwkabir,0.895,0.8,0.8888888888888888,1.0,1.0,1.0,0.5822539058928833,0.8047471046447754,0.0,0.0,0.0,0.0,0.0,0.0,0.0,0.6985294117647056,0.968,0.00026446280991735543,2,0,0,0,0.0,0.0,0.0,0.0,0.0,0.0,0.0,0.0,0.0,0.0,0,0,0.0,0.0,0.0,1,0,0,0
test,positive,1,1,MATCH,1.0,9116,instagram,archmemory,ashraf o,archmemory,9117,twitter,archmemory,ashraf o,archmemory,1.0,1.0,1.0,1.0,1.0,1.0,0.5111169620771019,0.7884663939476013,0.0,0.0,0.0,0.0,0.0,0.0,0.0,0.28671328671328666,0.8853503184713376,0.005315492828667001,2,0,0,0,0.0,0.0,0.0,0.0,0.0,0.0,0.0,0.0,0.0,0.0,0,0,0.0,0.0,0.0,1,0,0,0
test,positive,1,1,MATCH,1.0,9128,instagram,saffronistah,arnab roy,arnabroy,9129,twitter,saffronistah,arnab roy choudhury,arnabroy,1.0,1.0,1.0,0.8947368421052632,0.4736842105263158,0.6428571428571428,0.5566716073192113,0.6118456721305847,0.0,0.0,0.0,0.0,0.0,0.0,0.0,0.1923076923076925,0.8759124087591241,0.01143552311435523,2,0,0,0,0.0,0.0,0.0,0.0,0.0,0.0,0.0,0.0,0.0,0.0,0,0,0.0,0.0,0.0,1,0,0,0
test,positive,1,1,MATCH,1.0,9134,instagram,arthur_chance,arthur chance,arthurchance,9135,twitter,arthur_chance,arthur chance,arthurchance,1.0,1.0,1.0,1.0,1.0,1.0,0.0,0.1337071806192398,0.0,0.0,0.0,0.0,0.0,0.0,0.0,1.775,0.9,0.033333333333333326,2,0,0,0,0.0,0.0,0.0,0.0,0.0,0.0,0.0,0.0,0.0,0.0,0,0,0.0,0.0,0.0,1,0,0,0
test,positive,1,1,MATCH,1.0,9140,instagram,artismia,brandon artismia,artismia,9141,twitter,artismia,artismia brandon,artismia,1.0,1.0,1.0,0.5416666666666666,0.125,1.0,0.17356255877899995,0.23349672555923462,0.0,0.0,0.0,0.0,0.0,0.0,0.0,0.40909090909090917,0.9312977099236641,0.0033788011512952063,2,0,0,0,0.0,0.0,0.0,0.0,0.0,0.0,0.0,0.0,0.0,0.0,0,0,0.0,0.0,0.0,1,0,0,0
test,positive,1,1,MATCH,1.0,9150,instagram,ashelam,ash elam,ashelam,9151,twitter,lashelam,ash elam,ashelam,0.9583333333333334,0.875,0.9333333333333332,1.0,1.0,1.0,0.5483250785608083,0.6043523550033569,0.0,0.0,0.0,0.0,0.0,0.0,0.0,1.7619047619047619,0.44036697247706424,0.01089449541284404,2,0,0,0,0.0,0.0,0.0,0.0,0.0,0.0,0.0,0.0,0.0,0.0,0,0,0.0,0.0,0.0,1,0,0,0
test,positive,1,1,MATCH,1.0,3294,googleplus,ashwinsanghi,ashwin sanghi,ashwinsanghi,3295,twitter,ashwinsanghi,ashwin sanghiverified account,ashwinsanghi,1.0,1.0,1.0,0.889655172413793,0.4482758620689655,0.6190476190476191,0.7434255296195733,0.8155167102813721,0.0,0.0,0.0,0.0,0.0,0.0,0.0,0.7883597883597879,0.6971153846153846,0.016710875331564984,1,0,0,0,0.0,0.0,0.0,0.0,0.0,0.0,0.0,0.0,0.0,0.0,0,0,0.0,0.0,0.0,1,0,0,0
test,positive,1,1,MATCH,1.0,9168,instagram,astrodub,angeliki jackson,astrodub,9169,twitter,astrodub,astrodub,astrodub,1.0,1.0,1.0,0.39583333333333326,0.0625,0.25,0.0,0.2949608266353607,0.0,0.0,0.0,0.0,0.0,0.0,0.0,0.6000000000000005,0.9117647058823529,0.036527514231499046,2,0,0,0,0.0,0.0,0.0,0.0,0.0,0.0,0.0,0.0,0.0,0.0,0,0,0.0,0.0,0.0,1,0,0,0
test,positive,1,1,MATCH,1.0,3310,googleplus,atifernndez,ati fernndez,atifernandez,3311,twitter,atifernandez,ati fernndez,atifernandez,0.9833333333333333,0.9166666666666666,0.9565217391304348,1.0,1.0,1.0,0.06314623883955409,0.4191685914993286,0.0,0.0,0.0,0.0,0.0,0.0,0.0,0.9206963249516438,0.2619047619047619,0.04085497835497835,1,0,0,0,0.0,0.0,0.0,0.0,0.0,0.0,0.0,0.0,0.0,0.0,0,0,0.0,0.0,0.0,1,0,0,0
test,positive,1,1,MATCH,1.0,9180,instagram,atooshi,atooshi,atooshi,9181,twitter,atooshi,atooshi,atooshi,1.0,1.0,1.0,1.0,1.0,1.0,0.0,-0.0068274810910224915,0.0,0.0,0.0,0.0,0.0,0.0,0.0,0.0,0.7391304347826086,0.0,2,1,0,1,0.0,0.0,0.0,0.0,0.0,0.0,0.0,0.0,0.0,0.0,0,0,0.0,0.0,0.0,1,0,0,0
test,positive,1,1,MATCH,1.0,9188,instagram,aasiain,aurelio asiain,aurelioasiain,9189,twitter,aasiain,aurelio asiain,aurelioasiain,1.0,1.0,1.0,1.0,1.0,1.0,0.0,0.044801726937294006,0.0,0.0,0.0,0.0,0.0,0.0,0.0,4.833333333333333,0.0,0.029411764705882353,2,0,0,0,0.0,0.0,0.0,0.0,0.0,0.0,0.0,0.0,0.0,0.0,0,0,0.0,0.0,0.0,1,0,0,0
test,positive,1,1,MATCH,1.0,1646,googleplus,ejayalde,ej ayalde,ayaldev,1647,instagram,ayaldev,ej ayalde,ayaldev,0.8690476190476191,0.625,0.8,1.0,1.0,1.0,0.786229421684037,0.5591518878936768,0.0,0.0,0.0,0.0,0.0,0.0,0.0,2.616666666666667,0.28,0.041428571428571426,0,0,0,0,0.0,0.0,0.0,0.0,0.0,0.0,0.0,0.0,0.0,0.0,0,0,0.0,0.0,0.0,1,0,0,0
test,positive,1,1,MATCH,1.0,9202,instagram,azekone,azek one,azekone,9203,twitter,azekone,azek one,azekone,1.0,1.0,1.0,1.0,1.0,1.0,0.44291080734552,0.7414321899414062,0.0,0.0,0.0,0.0,0.0,0.0,0.0,2.2,0.35802469135802467,0.007237122179650918,2,1,0,1,0.0,0.0,0.0,0.0,0.0,0.0,0.0,0.0,0.0,0.0,0,0,0.0,0.0,0.0,1,0,0,0
test,positive,1,1,MATCH,1.0,9206,instagram,azrullmasnam,mohd azrull masnam,azrull,9207,twitter,azrullmasnam,mohd azrull masnam,azrull,1.0,1.0,1.0,1.0,1.0,1.0,0.9999999999999998,0.9732295274734497,0.0,0.0,0.0,0.0,0.0,0.0,0.0,0.16666666666666607,0.9807692307692307,0.018476621417797892,2,0,0,0,0.0,0.0,0.0,0.0,0.0,0.0,0.0,0.0,0.0,0.0,0,0,0.0,0.0,0.0,1,0,0,0
test,positive,1,1,MATCH,1.0,9232,instagram,barnapkins,ryan shelley,barnapkins,9233,twitter,barnapkins,ryan shelley,barnapkins,1.0,1.0,1.0,1.0,1.0,1.0,0.4956309614864955,0.7955177426338196,0.0,0.0,0.0,0.0,0.0,0.0,0.0,0.5,0.3181818181818182,0.02597402597402597,2,1,0,1,0.0,0.0,0.0,0.0,0.0,0.0,0.0,0.0,0.0,0.0,0,0,0.0,0.0,0.0,1,0,0,0
test,positive,1,1,MATCH,1.0,3366,googleplus,briandazme,brian daz,bdiaz,3367,twitter,briandiazme,brian daz,bdiaz,0.9818181818181818,0.9090909090909091,0.9523809523809522,1.0,1.0,1.0,0.45208452907041735,0.41821837425231934,0.0,0.0,0.0,0.0,0.0,0.0,0.0,0.6333333333333337,0.6037735849056604,0.03125,1,0,0,0,0.0,0.0,0.0,0.0,0.0,0.0,0.0,0.0,0.0,0.0,0,0,0.0,0.0,0.0,1,0,0,0
test,positive,1,1,MATCH,1.0,9252,instagram,beccacaddy,becca caddy,beccacaddy,9253,twitter,beccacaddy,becca caddyverified account,beccacaddy,1.0,1.0,1.0,0.8814814814814815,0.40740740740740744,0.5789473684210527,0.6720719151794835,0.6491494178771973,0.0,0.0,0.0,0.0,0.0,0.0,0.0,0.7272727272727275,0.23809523809523808,0.0054421768707483,2,0,0,0,0.0,0.0,0.0,0.0,0.0,0.0,0.0,0.0,0.0,0.0,0,0,0.0,0.0,0.0,1,0,0,0
test,positive,1,1,MATCH,1.0,9256,instagram,befiboi,befiboi rizqi nurkanda b r n,befiboi,9257,twitter,befiboi,befiboi rizqi nprotected tweets,befiboi,1.0,1.0,1.0,0.8447004608294931,0.5483870967741935,0.576271186440678,0.0,0.07308360934257507,0.0,0.0,0.0,0.0,0.0,0.0,0.0,3.25,0.19298245614035087,0.20255183413078148,2,1,0,1,0.0,0.0,0.0,0.0,0.0,0.0,0.0,0.0,0.0,0.0,0,0,0.0,0.0,0.0,1,0,0,0
test,positive,1,1,MATCH,1.0,3382,googleplus,belisabartra,belisa bartra,belisabartra,3383,twitter,belisabartra,belisa bartra,belisabartra,1.0,1.0,1.0,1.0,1.0,1.0,0.0,0.08703430742025375,0.0,0.0,0.0,0.0,0.0,0.0,0.0,5.136363636363637,0.0,0.06716417910447761,1,0,0,0,0.0,0.0,0.0,0.0,0.0,0.0,0.0,0.0,0.0,0.0,0,0,0.0,0.0,0.0,1,0,0,0
test,positive,1,1,MATCH,1.0,1660,googleplus,benediktsebastian,benedikt sebastian,benediktsebastian,1661,instagram,benediktsebastian,benedikt sebastian,benediktsebastian,1.0,1.0,1.0,1.0,1.0,1.0,0.11981835506285071,0.48048844933509827,0.0,0.0,0.0,0.0,0.0,0.0,0.0,0.4583333333333339,0.12755102040816327,0.025510204081632654,0,0,0,0,0.0,0.0,0.0,0.0,0.0,0.0,0.0,0.0,0.0,0.0,0,0,0.0,0.0,0.0,1,0,0,0
test,positive,1,1,MATCH,1.0,9266,instagram,indiefilmben,benjamin andrews,benjamesandrews,9267,twitter,indiefilmben,benjamin andrews,benjamesandrews,1.0,1.0,1.0,1.0,1.0,1.0,0.06400307036824668,0.5326063632965088,0.0,0.0,0.0,0.0,0.0,0.0,0.0,1.0,0.971830985915493,0.02980200040824658,2,0,0,0,0.0,0.0,0.0,0.0,0.0,0.0,0.0,0.0,0.0,0.0,0,0,0.0,0.0,0.0,1,0,0,0
test,positive,1,1,MATCH,1.0,3398,googleplus,benjaminmoorebeer,benjamin moore,benjaminmoore,3399,twitter,activebeergeek,benjamin moore,benjaminmoore,0.5556722689075629,0.17647058823529416,0.4516129032258065,1.0,1.0,1.0,0.24169926609669407,0.6827068328857422,0.0,0.0,0.0,0.0,0.0,0.0,0.0,1.538738738738739,0.31868131868131866,0.004168245547555892,1,0,0,0,0.0,0.0,0.0,0.0,0.0,0.0,0.0,0.0,0.0,0.0,0,0,0.0,0.0,0.0,1,0,0,0
test,positive,1,1,MATCH,1.0,3408,googleplus,berkanbagci,berkan bac,berkan,3409,twitter,berkanbagci,berkan bac,berkan,1.0,1.0,1.0,1.0,1.0,1.0,0.2007221544433379,0.6296536922454834,0.0,0.0,0.0,0.0,0.0,0.0,0.0,2.0999999999999996,0.703125,0.058854166666666666,1,1,0,1,0.0,0.0,0.0,0.0,0.0,0.0,0.0,0.0,0.0,0.0,0,0,0.0,0.0,0.0,1,0,0,0
test,positive,1,1,MATCH,1.0,9278,instagram,bermuarias,maria arias,bermuarias,9279,twitter,bermuarias,maria,bermuarias,1.0,1.0,1.0,0.890909090909091,0.4545454545454546,0.625,0.0,0.4884759187698364,0.0,0.0,0.0,0.0,0.0,0.0,0.0,3.3333333333333335,0.8666666666666667,0.12307692307692308,2,1,0,1,0.0,0.0,0.0,0.0,0.0,0.0,0.0,0.0,0.0,0.0,0,0,0.0,0.0,0.0,1,0,0,0
test,positive,1,1,MATCH,1.0,3418,googleplus,betseymerkel,betsey merkel,betseymerkel,3419,twitter,betseymerkel,betsey merkel,betseymerkel,1.0,1.0,1.0,1.0,1.0,1.0,0.0,0.3423476219177246,0.0,0.0,0.0,0.0,0.0,0.0,0.0,1.8979166666666663,0.5945945945945946,0.009213759213759214,1,0,0,0,0.0,0.0,0.0,0.0,0.0,0.0,0.0,0.0,0.0,0.0,0,0,0.0,0.0,0.0,1,0,0,0
test,positive,1,1,MATCH,1.0,9282,instagram,bhaenen,bart haenen,bhaenen,9283,twitter,bhaenen,bart,bhaenen,1.0,1.0,1.0,0.8727272727272728,0.36363636363636365,0.5333333333333333,1.0,1.0,0.0,0.0,0.0,0.0,0.0,0.0,0.0,0.0,1.0,0.0,2,1,0,1,0.0,0.0,0.0,0.0,0.0,0.0,0.0,0.0,0.0,0.0,0,0,0.0,0.0,0.0,1,0,0,0
test,positive,1,1,MATCH,1.0,9286,instagram,bilalhouri,bilal houri,bilalhouri,9287,twitter,bilalhouri,bilal houri,bilalhouri,1.0,1.0,1.0,1.0,1.0,1.0,0.10015709759497618,0.5124869346618652,0.0,0.0,0.0,0.0,0.0,0.0,0.0,0.4642857142857144,0.3709677419354839,0.06837307152875174,2,0,0,0,0.0,0.0,0.0,0.0,0.0,0.0,0.0,0.0,0.0,0.0,0,0,0.0,0.0,0.0,1,0,0,0
test,positive,1,1,MATCH,1.0,3440,googleplus,billdouglas,bill douglas,billdouglas,3441,twitter,billdouglas,bill douglas,billdouglas,1.0,1.0,1.0,1.0,1.0,1.0,0.35668748897342406,0.5561119318008423,0.0,0.0,0.0,0.0,0.0,0.0,0.0,1.0397727272727275,0.8378378378378378,0.006756756756756757,1,1,0,1,0.0,0.0,0.0,0.0,0.0,0.0,0.0,0.0,0.0,0.0,0,0,0.0,0.0,0.0,1,0,0,0
test,positive,1,1,MATCH,1.0,3462,googleplus,brianjepson,brian jepson,bjepson,3463,twitter,bjepson,brian jepson,bjepson,0.7623376623376624,0.6363636363636364,0.7777777777777779,1.0,1.0,1.0,0.5901591210708984,0.3772324323654175,0.0,0.0,0.0,0.0,0.0,0.0,0.0,1.2555555555555555,0.34108527131782945,0.03690979563072586,1,0,0,0,0.0,0.0,0.0,0.0,0.0,0.0,0.0,0.0,0.0,0.0,0,0,0.0,0.0,0.0,1,0,0,0
test,positive,1,1,MATCH,1.0,9304,instagram,bjornmeansbear,kristian bjornard,bjornmeansbear,9305,twitter,bjornmeansbear,kristian bjrnard,bjornmeansbear,1.0,1.0,1.0,0.9882352941176471,0.9411764705882353,0.9696969696969697,0.1570515463838152,0.7556110620498657,0.0,0.0,0.0,0.0,0.0,0.0,0.0,1.8888888888888893,0.8257575757575758,0.012788434806783433,2,0,0,0,0.0,0.0,0.0,0.0,0.0,0.0,0.0,0.0,0.0,0.0,0,0,0.0,0.0,0.0,1,0,0,0
test,positive,1,1,MATCH,1.0,9308,instagram,bkmontgomery,brad montgomery,bkmontgomery,9309,twitter,bkmontgomery,brad montgomery,bkmontgomery,1.0,1.0,1.0,1.0,1.0,1.0,0.0,-0.03655019775032997,0.0,0.0,0.0,0.0,0.0,0.0,0.0,2.954545454545454,0.2535211267605634,0.07042253521126761,2,0,0,0,0.0,0.0,0.0,0.0,0.0,0.0,0.0,0.0,0.0,0.0,0,0,0.0,0.0,0.0,1,0,0,0
test,positive,1,1,MATCH,1.0,9310,instagram,blacklilypie,tara,blacklilypie,9311,twitter,blacklilypie,tara fortin,blacklilypie,1.0,1.0,1.0,0.8727272727272728,0.36363636363636365,0.5333333333333333,0.0,0.14519914984703064,0.0,0.0,0.0,0.0,0.0,0.0,0.0,1.495798319327731,0.5157894736842106,0.04339419978517723,2,1,0,1,0.0,0.0,0.0,0.0,0.0,0.0,0.0,0.0,0.0,0.0,0,0,0.0,0.0,0.0,1,0,0,0
test,positive,1,1,MATCH,1.0,1678,googleplus,blakeayers,blake ayers,blakeayers,1679,instagram,blakejayers,blake ayers,blakeayers,0.9818181818181818,0.9090909090909091,0.9523809523809522,1.0,1.0,1.0,0.2690723241911438,0.566452145576477,0.0,0.0,0.0,0.0,0.0,0.0,0.0,5.035714285714286,0.22746781115879827,0.018422544335573728,0,0,0,0,0.0,0.0,0.0,0.0,0.0,0.0,0.0,0.0,0.0,0.0,0,0,0.0,0.0,0.0,1,0,0,0
test,positive,1,1,MATCH,1.0,9316,instagram,bloodyxu,,bloody,9317,twitter,bloodyxu,bloodyxu,bloody,1.0,1.0,1.0,0.0,0.0,0.0,0.8659856725979226,0.5241221189498901,0.0,0.0,0.0,0.0,0.0,0.0,0.0,0.09999999999999964,0.4857142857142857,0.013445378151260505,2,0,0,0,0.0,0.0,0.0,0.0,0.0,0.0,0.0,0.0,0.0,0.0,0,0,0.0,0.0,0.0,1,0,0,0
test,positive,1,1,MATCH,1.0,1684,googleplus,bobbyblue,bobby blue,bluesqare,1685,instagram,bobby4blue,bobby blue,bluesqare,0.98,0.9,0.9473684210526316,1.0,1.0,1.0,0.0,0.09897460043430328,0.0,0.0,0.0,0.0,0.0,0.0,0.0,10.090909090909092,0.0,0.11570247933884298,0,0,0,0,0.0,0.0,0.0,0.0,0.0,0.0,0.0,0.0,0.0,0.0,0,0,0.0,0.0,0.0,1,0,0,0
test,positive,1,1,MATCH,1.0,9318,instagram,bnweiss,ben,bnweiss,9319,twitter,bnweiss,ben,bnweiss,1.0,1.0,1.0,1.0,1.0,1.0,0.1296138458884256,0.47606223821640015,0.0,0.0,0.0,0.0,0.0,0.0,0.0,0.7402597402597397,0.704225352112676,0.06450704225352112,2,0,0,0,0.0,0.0,0.0,0.0,0.0,0.0,0.0,0.0,0.0,0.0,0,0,0.0,0.0,0.0,1,0,0,0
test,positive,1,1,MATCH,1.0,9322,instagram,bobkiesow,bob kiesow,bobkiesow,9323,twitter,bobkiesow,bob kiesow,bobkiesow,1.0,1.0,1.0,1.0,1.0,1.0,0.4935645590374388,0.438892662525177,0.0,0.0,0.0,0.0,1.0,0.0,0.0,0.75,0.6071428571428571,0.07773109243697479,2,1,0,1,0.0,0.0,0.0,0.0,0.0,0.0,0.0,0.0,0.0,0.0,0,0,0.0,0.0,0.0,1,0,0,0
test,positive,1,1,MATCH,1.0,9326,instagram,bogdansuditu,bogdan suditu,bogdansuditu,9327,twitter,bogdansuditu,bogdan suditu,bogdansuditu,1.0,1.0,1.0,1.0,1.0,1.0,0.43136494215938986,0.8063889741897583,0.0,0.0,0.0,0.0,0.0,0.0,0.0,0.04761904761904745,0.4205607476635514,0.015160955347871232,2,0,0,0,0.0,0.0,0.0,0.0,0.0,0.0,0.0,0.0,0.0,0.0,0,0,0.0,0.0,0.0,1,0,0,0
test,positive,1,1,MATCH,1.0,3488,googleplus,jrgbolliger,jrg bolliger,bollibiel,3489,twitter,bollibiel,jrg bolliger,bollibiel,0.7373737373737373,0.4545454545454546,0.6,1.0,1.0,1.0,0.638235579671048,0.45930081605911255,0.0,0.0,0.0,0.0,0.0,0.0,0.0,4.710691823899372,0.08552631578947369,0.017543859649122806,1,0,0,0,0.0,0.0,0.0,0.0,0.0,0.0,0.0,0.0,0.0,0.0,0,0,0.0,0.0,0.0,1,0,0,0
test,positive,1,1,MATCH,1.0,9348,instagram,scaredofgenre,brad strain,bradstrain,9349,twitter,scaredofgenre,brad strain,bradstrain,1.0,1.0,1.0,1.0,1.0,1.0,0.0,0.18462398648262024,0.0,0.0,0.0,0.0,0.0,0.0,0.0,4.9,0.0,0.05982905982905983,2,0,0,0,0.0,0.0,0.0,0.0,0.0,0.0,0.0,0.0,0.0,0.0,0,0,0.0,0.0,0.0,1,0,0,0
test,positive,1,1,MATCH,1.0,9352,instagram,bradydahl,brady dahl,bradydahl,9353,twitter,bradydahl,brady dahl,bradydahl,1.0,1.0,1.0,1.0,1.0,1.0,0.5219927350853872,0.43701398372650146,0.0,0.0,0.0,0.0,0.0,0.0,0.0,1.754545454545454,0.691358024691358,0.02601410934744268,2,0,0,0,0.0,0.0,0.0,0.0,0.0,0.0,0.0,0.0,0.0,0.0,0,0,0.0,0.0,0.0,1,0,0,0
test,positive,1,1,MATCH,1.0,9356,instagram,brandbull,s s,brandbull,9357,twitter,brandbull,shyam swaraj,brandbull,1.0,1.0,1.0,0.775,0.25,0.4,0.06285799278101566,0.32031649351119995,0.0,0.0,0.0,0.0,0.0,0.0,0.0,0.016666666666666607,0.53,0.01,2,0,0,0,0.0,0.0,0.0,0.0,0.0,0.0,0.0,0.0,0.0,0.0,0,0,0.0,0.0,0.0,1,0,0,0
test,positive,1,1,MATCH,1.0,3512,googleplus,brenewilson,brene wilson,brenewilson,3513,twitter,brenewilson,brene wilson,brenewilson,1.0,1.0,1.0,1.0,1.0,1.0,0.7641930480794671,0.588383674621582,0.0,0.0,0.0,0.0,0.0,0.0,0.0,2.595959595959596,0.6186440677966102,0.023450197353146046,1,0,0,0,0.0,0.0,0.0,0.0,0.0,0.0,0.0,0.0,0.0,0.0,0,0,0.0,0.0,0.0,1,0,0,0
test,positive,1,1,MATCH,1.0,9388,instagram,broadwayallday,chris broadway romero,broadwayallday,9389,twitter,broadwayallday,chrisbroadwayromeroverified account,broadwayallday,1.0,1.0,1.0,0.8747619047619047,0.48571428571428577,0.5,0.19027093663569902,0.5036818981170654,0.0,0.0,0.0,0.0,0.0,0.0,0.0,1.1517857142857144,0.96,0.03875000000000001,2,0,0,0,0.0,0.0,0.0,0.0,0.0,0.0,0.0,0.0,0.0,0.0,0,0,0.0,0.0,0.0,1,0,0,0
test,positive,1,1,MATCH,1.0,9396,instagram,barbosabc,bruno cbarbosa,brunocbarbosa,9397,twitter,barbosabc,bruno barbosa,brunocbarbosa,1.0,1.0,1.0,0.9857142857142858,0.9285714285714286,0.5185185185185186,1.0000000000000002,0.9977502822875977,0.0,0.0,0.0,0.0,0.0,0.0,0.0,0.0,1.0,0.0,2,0,0,0,0.0,0.0,0.0,0.0,0.0,0.0,0.0,0.0,0.0,0.0,0,0,0.0,0.0,0.0,1,0,0,0
test,positive,1,1,MATCH,1.0,9398,instagram,brunoacr,bruno rodrigues,brunorodrigues,9399,twitter,brunoacr,brunoacr,brunorodrigues,1.0,1.0,1.0,0.8300000000000001,0.4,0.5217391304347826,0.0,1.0,0.0,0.0,0.0,0.0,0.0,0.0,0.0,0.0,1.0,0.0,2,0,0,0,0.0,0.0,0.0,0.0,0.0,0.0,0.0,0.0,0.0,0.0,0,0,0.0,0.0,0.0,1,0,0,0
test,positive,1,1,MATCH,1.0,3570,googleplus,bryanmcanulty,bryan mcanulty,bryanmcanulty,3571,twitter,bryanmcanulty,bryan mcanulty,bryanmcanulty,1.0,1.0,1.0,1.0,1.0,1.0,0.26785984707057076,0.5483194589614868,0.0,0.0,0.0,0.0,0.0,0.0,0.0,0.31944444444444464,0.9285714285714286,0.02930402930402931,1,0,0,0,0.0,0.0,0.0,0.0,0.0,0.0,0.0,0.0,0.0,0.0,0,0,0.0,0.0,0.0,1,0,0,0
test,positive,1,1,MATCH,1.0,9416,instagram,bunz,antje,bunz,9417,twitter,bunz,bunz,bunz,1.0,1.0,1.0,0.4833333333333334,0.0,0.2222222222222222,0.0,1.0,0.0,0.0,0.0,0.0,0.0,0.0,0.0,0.0,1.0,0.0,2,1,0,1,0.0,0.0,0.0,0.0,0.0,0.0,0.0,0.0,0.0,0.0,0,0,0.0,0.0,0.0,1,0,0,0
test,positive,1,1,MATCH,1.0,3592,googleplus,burgesspetcare,burgess petcare,burgesspetcare,3593,twitter,burgesspetcare,burgess pet care,burgesspetcare,1.0,1.0,1.0,0.9874999999999999,0.9375,0.7741935483870968,0.36082248418684654,0.609000563621521,0.0,0.0,0.0,0.0,0.0,0.0,0.0,1.2481203007518804,0.44144144144144143,0.006618863761720908,1,0,0,0,0.0,0.0,0.0,0.0,0.0,0.0,0.0,0.0,0.0,0.0,0,0,0.0,0.0,0.0,1,0,0,0
test,positive,1,1,MATCH,1.0,3596,googleplus,butchewing1,butch ewing,butchewing,3597,twitter,butchewing,butch ewing,butchewing,0.9818181818181818,0.9090909090909091,0.9523809523809522,1.0,1.0,1.0,0.011371126470861397,0.3608933091163635,0.0,0.0,0.0,0.0,0.0,0.0,0.0,0.9434389140271495,0.5617977528089888,0.003146067415730338,1,0,0,0,0.0,0.0,0.0,0.0,0.0,0.0,0.0,0.0,0.0,0.0,0,0,0.0,0.0,0.0,1,0,0,0
test,positive,1,1,MATCH,1.0,9422,instagram,beshur,alex buznik,buznik,9423,twitter,beshur,shu buznik,buznik,1.0,1.0,1.0,0.7311688311688312,0.6363636363636364,0.5714285714285714,0.0,-0.024086076766252518,0.0,0.0,0.0,0.0,0.0,0.0,0.0,8.2,0.4642857142857143,0.005494505494505503,2,0,0,0,0.0,0.0,0.0,0.0,0.0,0.0,0.0,0.0,0.0,0.0,0,0,0.0,0.0,0.0,1,0,0,0
test,positive,1,1,MATCH,1.0,9428,instagram,byronbaker,byron baker,byronbaker,9429,twitter,byronbaker,byron m baker,byronbaker,1.0,1.0,1.0,0.9692307692307692,0.8461538461538461,0.9166666666666665,0.4629138388923658,0.6893821358680725,0.0,0.0,0.0,0.0,0.0,0.0,0.0,0.5512820512820515,0.5084745762711864,0.01581920903954802,2,1,0,1,0.0,0.0,0.0,0.0,0.0,0.0,0.0,0.0,0.0,0.0,0,0,0.0,0.0,0.0,1,0,0,0
test,positive,1,1,MATCH,1.0,9434,instagram,cailjudy,cail judy,cailjudy,9435,twitter,cail_judy,cail judy,cailjudy,0.9777777777777777,0.8888888888888888,0.9411764705882352,1.0,1.0,1.0,0.10045133614286705,0.29500842094421387,0.0,0.0,0.0,0.0,0.0,0.0,0.0,1.2847222222222223,0.4375,0.028273809523809527,2,0,0,0,0.0,0.0,0.0,0.0,0.0,0.0,0.0,0.0,0.0,0.0,0,0,0.0,0.0,0.0,1,0,0,0
test,positive,1,1,MATCH,1.0,9444,instagram,canerrsanli,caner sanli,canersanli,9445,twitter,canerrsanli,caner,canersanli,1.0,1.0,1.0,0.890909090909091,0.4545454545454546,0.625,0.039813015802774875,0.4490811228752136,0.0,0.0,0.0,0.0,0.0,0.0,0.0,0.26984126984126977,0.8028169014084507,0.04583642204101804,2,0,0,0,0.0,0.0,0.0,0.0,0.0,0.0,0.0,0.0,0.0,0.0,0,0,0.0,0.0,0.0,1,0,0,0
test,positive,1,1,MATCH,1.0,9446,instagram,edwardmagbago,edward magbago,captenedi,9447,twitter,edwardmagbago,edward magbago,captenedi,1.0,1.0,1.0,1.0,1.0,1.0,0.7028878856886038,0.5010969638824463,0.0,0.0,0.0,0.0,0.0,0.0,0.0,0.40000000000000036,0.3611111111111111,0.0,2,1,0,1,0.0,0.0,0.0,0.0,0.0,0.0,0.0,0.0,0.0,0.0,0,0,0.0,0.0,0.0,1,0,0,0
test,positive,1,1,MATCH,1.0,9450,instagram,carlabguti,carla b,carlabguti,9451,twitter,carlabguti,carla b gutirrezprotected tweets,carlabguti,1.0,1.0,1.0,0.84375,0.21875,0.3589743589743589,0.0,0.2526068687438965,0.0,0.0,0.0,0.0,0.0,0.0,0.0,6.730769230769231,0.2988505747126437,0.05747126436781609,2,0,0,0,0.0,0.0,0.0,0.0,0.0,0.0,0.0,0.0,0.0,0.0,0,0,0.0,0.0,0.0,1,0,0,0
test,positive,1,1,MATCH,1.0,3660,googleplus,carloseberhardt,carlos eberhardt,carloseberhardt,3661,twitter,carloseberhardt,carlos eberhardt,carloseberhardt,1.0,1.0,1.0,1.0,1.0,1.0,0.0,0.26349735260009766,0.0,0.0,0.0,0.0,0.0,0.0,0.0,0.16369047619047628,0.13988095238095238,0.07959726443768997,1,1,0,1,0.0,0.0,0.0,0.0,0.0,0.0,0.0,0.0,0.0,0.0,0,0,0.0,0.0,0.0,1,0,0,0
test,positive,1,1,MATCH,1.0,1720,googleplus,carlosgarita,carlos garita,carlosgarita,1721,instagram,charliedigitalcr,carlos garita,carlosgarita,0.6967592592592592,0.4375,0.5714285714285714,1.0,1.0,1.0,0.48095620496593394,0.4119788408279419,0.0,0.0,0.0,0.0,0.0,0.0,0.0,0.15277777777777768,0.7333333333333333,0.03787878787878788,0,0,0,0,0.0,0.0,0.0,0.0,0.0,0.0,0.0,0.0,0.0,0.0,0,0,0.0,0.0,0.0,1,0,0,0
test,positive,1,1,MATCH,1.0,1722,googleplus,carlospacheco,carlos pacheco,carlospacheco,1723,instagram,carlospacheco,carlos pacheco,carlospacheco,1.0,1.0,1.0,1.0,1.0,1.0,0.0,0.2104255110025406,0.0,0.0,0.0,0.0,0.0,0.0,0.0,0.5789473684210522,0.0457516339869281,0.026143790849673203,0,0,0,0,0.0,0.0,0.0,0.0,0.0,0.0,0.0,0.0,0.0,0.0,0,0,0.0,0.0,0.0,1,0,0,0
test,positive,1,1,MATCH,1.0,3672,googleplus,carlwebb,carl webb,carlwebb,3673,twitter,carlwebb,carl webb,carlwebb,1.0,1.0,1.0,1.0,1.0,1.0,0.0598532042258294,0.3077991306781769,0.0,0.0,0.0,0.0,0.0,0.0,0.0,1.3888888888888884,0.20748299319727892,0.04856696777071484,1,0,0,0,0.0,0.0,0.0,0.0,0.0,0.0,0.0,0.0,0.0,0.0,0,0,0.0,0.0,0.0,1,0,0,0
test,positive,1,1,MATCH,1.0,3682,googleplus,carolehayes,carole hayes,carolehayes,3683,twitter,carolehayes,carolehayes,carolehayes,1.0,1.0,1.0,0.9833333333333333,0.9166666666666666,0.9565217391304348,0.023712779600045645,0.1370983123779297,0.0,0.0,0.0,0.0,0.0,0.0,0.0,0.5,0.5742574257425742,0.0034994878798224674,1,1,0,1,0.0,0.0,0.0,0.0,0.0,0.0,0.0,0.0,0.0,0.0,0,0,0.0,0.0,0.0,1,0,0,0
test,positive,1,1,MATCH,1.0,9478,instagram,carolmadureira,ana carolina madureira,carolmadureira,9479,twitter,carolmadureira,krol,carolmadureira,1.0,1.0,1.0,0.6287878787878788,0.13636363636363635,0.23076923076923073,0.0,0.0867462158203125,0.0,0.0,0.0,0.0,0.0,0.0,0.0,9.746031746031747,0.2631578947368421,0.10526315789473684,2,0,0,0,0.0,0.0,0.0,0.0,0.0,0.0,0.0,0.0,0.0,0.0,0,0,0.0,0.0,0.0,1,0,0,0
test,positive,1,1,MATCH,1.0,9482,instagram,carrumbe,nacho,carrumbe,9483,twitter,carrumbe,nacho merlo,carrumbe,1.0,1.0,1.0,0.890909090909091,0.4545454545454546,0.625,0.1731668370910257,0.550482451915741,0.0,0.0,0.0,0.0,0.0,0.0,0.0,2.0625,0.3333333333333333,0.006944444444444434,2,0,0,0,0.0,0.0,0.0,0.0,0.0,0.0,0.0,0.0,0.0,0.0,0,0,0.0,0.0,0.0,1,0,0,0
test,positive,1,1,MATCH,1.0,9486,instagram,caseysousa,casey sousa,caseysousa,9487,twitter,caseysousa,casey sousa,caseysousa,1.0,1.0,1.0,1.0,1.0,1.0,0.3547731812938044,0.5943270921707153,0.0,0.0,0.0,0.0,0.0,0.0,0.0,0.8684210526315788,0.352,0.027818181818181825,2,0,0,0,0.0,0.0,0.0,0.0,0.0,0.0,0.0,0.0,0.0,0.0,0,0,0.0,0.0,0.0,1,0,0,0
test,positive,1,1,MATCH,1.0,3704,googleplus,catherinecronin,catherine cronin,catherinecronin,3705,twitter,catherinecronin,catherine cronin,catherinecronin,1.0,1.0,1.0,1.0,1.0,1.0,0.29214700140882205,0.7568982839584351,0.0,0.0,0.0,0.0,0.0,0.0,0.0,0.3366013071895422,0.9855072463768116,0.006500426257459509,1,1,0,1,0.0,0.0,0.0,0.0,0.0,0.0,0.0,0.0,0.0,0.0,0,0,0.0,0.0,0.0,1,0,0,0
test,positive,1,1,MATCH,1.0,9496,instagram,ccnoffi,courtney noffsinger,ccnoffi,9497,twitter,ccnoffi,courtney noffsinger,ccnoffi,1.0,1.0,1.0,1.0,1.0,1.0,1.0000000000000002,1.0,0.0,0.0,0.0,0.0,0.0,0.0,0.0,0.0,1.0,0.0,2,0,0,0,0.0,0.0,0.0,0.0,0.0,0.0,0.0,0.0,0.0,0.0,0,0,0.0,0.0,0.0,1,0,0,0
test,positive,1,1,MATCH,1.0,9500,instagram,christopherlane,cdl,cdl,9501,twitter,christopherlane,christopher lane,cdl,1.0,1.0,1.0,0.4652777777777777,0.125,0.21052631578947367,0.0,0.3588755130767822,0.0,0.0,0.0,0.0,1.0,0.0,0.0,0.6666666666666665,0.8,0.0,2,1,0,1,0.0,0.0,0.0,0.0,0.0,0.0,0.0,0.0,0.0,0.0,0,0,0.0,0.0,0.0,1,0,0,0
test,positive,1,1,MATCH,1.0,9504,instagram,cecycorrea,cecy correa,cecycorrea,9505,twitter,cecycorrea,cecy correa,cecycorrea,1.0,1.0,1.0,1.0,1.0,1.0,0.0,0.17575359344482422,0.0,0.0,0.0,0.0,0.0,0.0,0.0,4.333333333333333,0.0,0.04504504504504504,2,0,0,0,0.0,0.0,0.0,0.0,0.0,0.0,0.0,0.0,0.0,0.0,0,0,0.0,0.0,0.0,1,0,0,0
test,positive,1,1,MATCH,1.0,9512,instagram,cgarridoc,chris garrido,cgarridoc,9513,twitter,cgarridoc,chris garrido,cgarridoc,1.0,1.0,1.0,1.0,1.0,1.0,0.9039045558802512,0.885090708732605,0.0,0.0,0.0,0.0,0.0,0.0,0.011627906976744186,0.125,0.8837209302325582,0.008261933904528757,2,0,0,0,0.0,0.0,0.0,0.0,0.0,0.0,0.0,0.0,0.0,0.0,0,0,0.0,0.0,0.0,1,0,0,0
test,positive,1,1,MATCH,1.0,9520,instagram,chadnovotny,chad novotny,chadnovotny,9521,twitter,chadnovotny,chad novotny,chadnovotny,1.0,1.0,1.0,1.0,1.0,1.0,0.4412720131285837,0.8572230935096741,0.0,0.0,0.0,0.0,0.0,0.0,0.0,1.526610644257703,0.9923664122137404,0.006928948913681732,2,0,0,0,0.0,0.0,0.0,0.0,0.0,0.0,0.0,0.0,0.0,0.0,0,0,0.0,0.0,0.0,1,0,0,0
test,positive,1,1,MATCH,1.0,9524,instagram,jongchandra,nuun corner studio,chandratresnadi,9525,twitter,jongchandra,c,chandratresnadi,1.0,1.0,1.0,0.6851851851851851,0.05555555555555558,0.10526315789473684,0.0,0.5581655502319336,0.0,0.0,0.0,0.0,0.0,0.0,0.0,0.384615384615385,0.23529411764705882,0.023529411764705882,2,0,0,0,0.0,0.0,0.0,0.0,0.0,0.0,0.0,0.0,0.0,0.0,0,0,0.0,0.0,0.0,1,0,0,0
test,positive,1,1,MATCH,1.0,9536,instagram,cgreendesign,charlie green,charliegreen,9537,twitter,cgreendesign,charlie green,charliegreen,1.0,1.0,1.0,1.0,1.0,1.0,0.20381374510867137,0.6288677453994751,0.0,0.0,0.0,0.0,0.0,0.0,0.0,1.583524027459955,0.9402985074626866,0.02653399668325042,2,0,0,0,0.0,0.0,0.0,0.0,0.0,0.0,0.0,0.0,0.0,0.0,0,0,0.0,0.0,0.0,1,0,0,0
test,positive,1,1,MATCH,1.0,3744,googleplus,charliestyr,charlie styr,charliestyr,3745,twitter,charliestyr,charlie styr,charliestyr,1.0,1.0,1.0,1.0,1.0,1.0,0.0,1.0,0.0,0.0,0.0,0.0,0.0,0.0,0.0,0.0,1.0,0.0,1,0,0,0,0.0,0.0,0.0,0.0,0.0,0.0,0.0,0.0,0.0,0.0,0,0,0.0,0.0,0.0,1,0,0,0
test,positive,1,1,MATCH,1.0,3748,googleplus,chaselisbon,chase lisbon,chaselisbon,3749,twitter,chaselisbon,chase lisbon,chaselisbon,1.0,1.0,1.0,1.0,1.0,1.0,0.0,0.2854642868041992,0.0,0.0,0.0,0.0,0.0,0.0,0.0,12.0,0.0,0.0,1,0,0,0,0.0,0.0,0.0,0.0,0.0,0.0,0.0,0.0,0.0,0.0,0,0,0.0,0.0,0.0,1,0,0,0
test,positive,1,1,MATCH,1.0,9544,instagram,chemaar,chema ar,chemaar,9545,twitter,chemaar,chema de ngel,chemaar,1.0,1.0,1.0,0.8423076923076923,0.46153846153846156,0.4761904761904761,0.6694175586109509,0.9415725469589233,0.0,0.0,0.0,0.0,0.0,0.0,0.0,0.10101010101010122,0.8,0.004166666666666666,2,0,0,0,0.0,0.0,0.0,0.0,0.0,0.0,0.0,0.0,0.0,0.0,0,0,0.0,0.0,0.0,1,0,0,0
test,positive,1,1,MATCH,1.0,9548,instagram,cheryll,cheryll del rosario,cherylld,9549,twitter,cheryll,cheryll del rosario,cherylld,1.0,1.0,1.0,1.0,1.0,1.0,1.0,1.0000001192092896,0.0,0.0,0.0,0.0,0.0,0.0,0.0,0.0,1.0,0.0,2,0,0,0,0.0,0.0,0.0,0.0,0.0,0.0,0.0,0.0,0.0,0.0,0,0,0.0,0.0,0.0,1,0,0,0
test,positive,1,1,MATCH,1.0,9550,instagram,unluckyxiii,chikit,chikit,9551,twitter,unluckyxiii,chikit,chikit,1.0,1.0,1.0,1.0,1.0,1.0,0.9999999999999998,1.0,0.0,0.0,0.0,0.0,0.0,0.0,0.0,0.0,1.0,0.0,2,1,0,1,0.0,0.0,0.0,0.0,0.0,0.0,0.0,0.0,0.0,0.0,0,0,0.0,0.0,0.0,1,0,0,0
test,positive,1,1,MATCH,1.0,9554,instagram,ichrischatt,ichrischatt,chrischatt,9555,twitter,ichrischatt,ichrischatt,chrischatt,1.0,1.0,1.0,1.0,1.0,1.0,0.06033520781795278,-2.5383196771144867e-05,0.0,0.0,0.0,0.0,0.0,0.0,0.0,0.4740740740740743,0.4015151515151515,0.03773584905660377,2,0,0,0,0.0,0.0,0.0,0.0,0.0,0.0,0.0,0.0,0.0,0.0,0,0,0.0,0.0,0.0,1,0,0,0
test,positive,1,1,MATCH,1.0,3784,googleplus,chrislopezjr,chris lopez jr,chrislopezjr,3785,twitter,chrislopezjr,chris lopez jr,chrislopezjr,1.0,1.0,1.0,1.0,1.0,1.0,0.0,0.18983370065689087,0.0,0.0,0.0,0.0,0.0,0.0,0.0,6.2,0.8701298701298701,0.005815080441946112,1,0,0,0,0.0,0.0,0.0,0.0,0.0,0.0,0.0,0.0,0.0,0.0,0,0,0.0,0.0,0.0,1,0,0,0
test,positive,1,1,MATCH,1.0,9566,instagram,chrismfry,chris fry,chrismfry,9567,twitter,chrismfry,chris m fry,chrismfry,1.0,1.0,1.0,0.9636363636363636,0.8181818181818181,0.9,0.39492040878762674,0.5425706505775452,0.0,0.0,0.0,0.0,0.0,0.0,0.0,0.5222222222222221,0.7753623188405797,0.01963971285385345,2,0,0,0,0.0,0.0,0.0,0.0,0.0,0.0,0.0,0.0,0.0,0.0,0,0,0.0,0.0,0.0,1,0,0,0
test,positive,1,1,MATCH,1.0,3792,googleplus,chrisreighley,chris reighley,chrisreighley,3793,twitter,chrisreighley,chris reighley,chrisreighley,1.0,1.0,1.0,1.0,1.0,1.0,0.18847926423605355,0.24507062137126923,0.0,0.0,0.0,0.0,0.0,0.0,0.0,0.1309523809523805,0.36705882352941177,0.02134238310708899,1,0,0,0,0.0,0.0,0.0,0.0,0.0,0.0,0.0,0.0,0.0,0.0,0,0,0.0,0.0,0.0,1,0,0,0
test,positive,1,1,MATCH,1.0,3800,googleplus,christianheeren,christian heeren,christianheeren,3801,twitter,christianheeren,christian heeren,christianheeren,1.0,1.0,1.0,1.0,1.0,1.0,0.0,0.10004468262195587,0.0,0.0,0.0,0.0,0.0,0.0,0.0,5.333333333333333,0.0,0.0,1,0,0,0,0.0,0.0,0.0,0.0,0.0,0.0,0.0,0.0,0.0,0.0,0,0,0.0,0.0,0.0,1,0,0,0
test,positive,1,1,MATCH,1.0,9580,instagram,christinahood,christina hood,christinahood,9581,twitter,christinahood,christina hood,christinahood,1.0,1.0,1.0,1.0,1.0,1.0,0.3004175377388927,0.6758161783218384,0.0,0.0,0.0,0.0,0.0,0.0,0.0,0.5571428571428569,0.7517241379310344,6.327111673520847e-05,2,0,0,0,0.0,0.0,0.0,0.0,0.0,0.0,0.0,0.0,0.0,0.0,0,0,0.0,0.0,0.0,1,0,0,0
test,positive,1,1,MATCH,1.0,9582,instagram,scivi,scivi,christofglaser,9583,twitter,scivi,christof glaser,christofglaser,1.0,1.0,1.0,0.48888888888888893,0.06666666666666665,0.19999999999999996,1.0,0.9473957419395447,0.0,0.0,0.0,0.0,0.0,0.0,0.0,0.0,1.0,0.0,2,0,0,0,0.0,0.0,0.0,0.0,0.0,0.0,0.0,0.0,0.0,0.0,0,0,0.0,0.0,0.0,1,0,0,0
test,positive,1,1,MATCH,1.0,1754,googleplus,chrisvriend,chris vriend,chrisvriend,1755,instagram,mistervriend,chris vriend,chrisvriend,0.7449494949494949,0.5,0.6956521739130435,1.0,1.0,1.0,0.43237688033229715,0.6677584648132324,0.0,0.0,0.0,0.0,0.0,0.0,0.0,0.0777777777777775,0.8902439024390244,0.04426996324757769,0,0,0,0,0.0,0.0,0.0,0.0,0.0,0.0,0.0,0.0,0.0,0.0,0,0,0.0,0.0,0.0,1,0,0,0
test,positive,1,1,MATCH,1.0,9588,instagram,leolodreamland,leon trimble,chromatouch,9589,twitter,leolodreamland,leon trimble,chromatouch,1.0,1.0,1.0,1.0,1.0,1.0,0.0,0.43001341819763184,0.0,0.0,0.0,0.0,0.0,0.0,0.0,0.7307692307692308,0.08053691275167785,0.03355704697986577,2,0,0,0,0.0,0.0,0.0,0.0,0.0,0.0,0.0,0.0,0.0,0.0,0,0,0.0,0.0,0.0,1,0,0,0
test,positive,1,1,MATCH,1.0,1758,googleplus,cindyholman,cindy holman,cindyholman,1759,instagram,cindyholman,cindyholman,cindyholman,1.0,1.0,1.0,0.9833333333333333,0.9166666666666666,0.9565217391304348,0.3756176189939563,0.5883135199546814,0.0,0.0,0.0,0.0,0.0,0.0,0.0,0.8076923076923075,0.510752688172043,0.02507074136955291,0,0,0,0,0.0,0.0,0.0,0.0,0.0,0.0,0.0,0.0,0.0,0.0,0,0,0.0,0.0,0.0,1,0,0,0
test,positive,1,1,MATCH,1.0,9592,instagram,cintallano,cintallano,cintallano,9593,twitter,cintallano,cinta llano lvarez,cintallano,1.0,1.0,1.0,0.9111111111111111,0.5555555555555556,0.7142857142857143,0.1552167029052104,0.25012826919555664,0.0,0.0,0.0,0.0,0.0,0.0,0.0,1.3499999999999996,0.46825396825396826,0.006860371267150927,2,0,0,0,0.0,0.0,0.0,0.0,0.0,0.0,0.0,0.0,0.0,0.0,0,0,0.0,0.0,0.0,1,0,0,0
test,positive,1,1,MATCH,1.0,9596,instagram,trazmick,kahna,cj,9597,twitter,trazmick,connorprotected tweets,cj,1.0,1.0,1.0,0.41515151515151527,0.045454545454545414,0.07407407407407407,0.34102840837016346,0.4051034450531006,0.0,0.0,0.0,0.0,0.0,0.0,0.0,2.8181818181818183,0.26785714285714285,0.07142857142857142,2,0,0,0,0.0,0.0,0.0,0.0,0.0,0.0,0.0,0.0,0.0,0.0,0,0,0.0,0.0,0.0,1,0,0,0
test,positive,1,1,MATCH,1.0,9618,instagram,ultraclay,clay williams,claywilliams,9619,twitter,ultraclay,clay williams,claywilliams,1.0,1.0,1.0,1.0,1.0,1.0,0.15543168920604997,0.6578699350357056,0.0,0.0,0.0,0.0,0.0,0.0,0.0,1.0,0.8705882352941177,0.01653418124006359,2,0,0,0,0.0,0.0,0.0,0.0,0.0,0.0,0.0,0.0,0.0,0.0,0,0,0.0,0.0,0.0,1,0,0,0
test,positive,1,1,MATCH,1.0,9622,instagram,clinejj,john cline,clinejj,9623,twitter,clinejj,john cline,clinejj,1.0,1.0,1.0,1.0,1.0,1.0,0.5860047194078339,0.7303100824356079,0.0,0.0,0.0,0.0,0.0,0.0,0.0,2.1000000000000005,0.6666666666666666,0.008333333333333331,2,1,0,1,0.0,0.0,0.0,0.0,0.0,0.0,0.0,0.0,0.0,0.0,0,0,0.0,0.0,0.0,1,0,0,0
test,positive,1,1,MATCH,1.0,1766,googleplus,cliveroach,clive roach,cliveroach,1767,instagram,cliveroach,clive roach,cliveroach,1.0,1.0,1.0,1.0,1.0,1.0,0.19925088816516778,0.41180887818336487,0.0,0.0,0.0,0.0,0.0,0.0,0.0,0.6954545454545462,0.49295774647887325,0.07022132796780683,0,0,0,0,0.0,0.0,0.0,0.0,0.0,0.0,0.0,0.0,0.0,0.0,0,0,0.0,0.0,0.0,1,0,0,0
test,positive,1,1,MATCH,1.0,9626,instagram,sneakerboxclyde,clyde,clydeedwards,9627,twitter,sneakerboxclyde,clydeverified account,clydeedwards,1.0,1.0,1.0,0.8476190476190476,0.23809523809523814,0.3846153846153846,0.3246006131287379,0.5877652168273926,0.0,0.0,0.0,0.0,0.3333333333333333,0.0,0.0,1.1764705882352944,0.8449612403100775,0.0022046796102695443,2,0,0,0,0.0,0.0,0.0,0.0,0.0,0.0,0.0,0.0,0.0,0.0,0,0,0.0,0.0,0.0,1,0,0,0
test,positive,1,1,MATCH,1.0,3870,googleplus,charlesnyangiti,charles nyangiti,cnyangiti,3871,twitter,charlesnyangiti,charles nyangiti,cnyangiti,1.0,1.0,1.0,1.0,1.0,1.0,0.15497933287491444,0.37026888132095337,0.0,0.0,0.0,0.0,0.0,0.0,0.0,0.15458937198067613,0.39622641509433965,0.04702006588799042,1,1,0,1,0.0,0.0,0.0,0.0,0.0,0.0,0.0,0.0,0.0,0.0,0,0,0.0,0.0,0.0,1,0,0,0
test,positive,1,1,MATCH,1.0,9638,instagram,bonycolin,colin lam,colinlam,9639,twitter,bonycolin,colin lam,colinlam,1.0,1.0,1.0,1.0,1.0,1.0,0.0,0.04826832190155983,0.0,0.0,0.0,0.0,0.0,0.0,0.0,5.666666666666667,0.0,0.05263157894736842,2,0,0,0,0.0,0.0,0.0,0.0,0.0,0.0,0.0,0.0,0.0,0.0,0,0,0.0,0.0,0.0,1,0,0,0
test,positive,1,1,MATCH,1.0,9644,instagram,connersherline,conner sherline,connersherline,9645,twitter,connersherline,conner sherline,connersherline,1.0,1.0,1.0,1.0,1.0,1.0,0.0,0.1433928906917572,0.0,0.0,0.0,0.0,0.0,0.0,0.04424778761061947,10.4,0.0,0.07964601769911504,2,0,0,0,0.0,0.0,0.0,0.0,0.0,0.0,0.0,0.0,0.0,0.0,0,0,0.0,0.0,0.0,1,0,0,0
test,positive,1,1,MATCH,1.0,3902,googleplus,corleymay,corley may,corleymay,3903,twitter,corleymay,corley may,corleymay,1.0,1.0,1.0,1.0,1.0,1.0,0.17960476469561623,0.5327649712562561,0.0,0.0,0.0,0.0,0.0,0.0,0.0,0.2605263157894733,0.9083333333333333,0.011697247706422019,1,0,0,0,0.0,0.0,0.0,0.0,0.0,0.0,0.0,0.0,0.0,0.0,0,0,0.0,0.0,0.0,1,0,0,0
test,positive,1,1,MATCH,1.0,9650,instagram,corrincampbell,sgt corrin campbell,corrincampbell,9651,twitter,corrincampbell,corrin campbell,corrincampbell,1.0,1.0,1.0,0.8631578947368421,0.7894736842105263,0.8823529411764706,0.2049884806941179,0.5786677598953247,0.0,0.0,0.0,0.0,0.0,0.0,0.0,1.7717391304347823,0.4391891891891892,0.04355509355509356,2,0,0,0,0.0,0.0,0.0,0.0,0.0,0.0,0.0,0.0,0.0,0.0,0,0,0.0,0.0,0.0,1,0,0,0
test,positive,1,1,MATCH,1.0,9660,instagram,chrispoteet,chris poteet,cpoteet,9661,twitter,chrispoteet,chris poteet,cpoteet,1.0,1.0,1.0,1.0,1.0,1.0,0.0,0.1625479757785797,0.0,0.0,0.0,0.0,0.0,0.0,0.0,5.636363636363637,0.0,0.041666666666666664,2,0,0,0,0.0,0.0,0.0,0.0,0.0,0.0,0.0,0.0,0.0,0.0,0,0,0.0,0.0,0.0,1,0,0,0
test,positive,1,1,MATCH,1.0,3918,googleplus,craigcmehil,craig cmehil,craigcmehil,3919,twitter,ccmehil,craig cmehil,craigcmehil,0.8051948051948052,0.6363636363636364,0.7777777777777779,1.0,1.0,1.0,0.20503549698620963,0.5643616914749146,0.0,0.0,0.0,0.0,0.0,0.0,0.0,4.39047619047619,0.1834862385321101,0.04525993883792049,1,0,0,0,0.0,0.0,0.0,0.0,0.0,0.0,0.0,0.0,0.0,0.0,0,0,0.0,0.0,0.0,1,0,0,0
test,positive,1,1,MATCH,1.0,3920,googleplus,craigshipp,craig shipp,craigshipp,3921,twitter,craigshipp,craig shipp,craigshipp,1.0,1.0,1.0,1.0,1.0,1.0,0.10418854268908401,0.47187310457229614,0.0,0.0,0.0,0.0,0.0,0.0,0.0,1.45125,0.6291666666666667,0.0011865342163355427,1,0,0,0,0.0,0.0,0.0,0.0,0.0,0.0,0.0,0.0,0.0,0.0,0,0,0.0,0.0,0.0,1,0,0,0
test,positive,1,1,MATCH,1.0,9670,instagram,unnika,cristina,cristinaruiz,9671,twitter,unnika,cristina ruiz,cristinaruiz,1.0,1.0,1.0,0.9230769230769231,0.6153846153846154,0.7619047619047619,0.0,0.39252763986587524,0.0,0.0,0.0,0.0,0.0,0.0,0.0,0.6051282051282048,0.7904761904761904,0.058290304073436605,2,0,0,0,0.0,0.0,0.0,0.0,0.0,0.0,0.0,0.0,0.0,0.0,0,0,0.0,0.0,0.0,1,0,0,0
test,positive,1,1,MATCH,1.0,9686,instagram,marauder,caroline giegerich,dailymarauder,9687,twitter,dailymarauder,caroline giegerich,dailymarauder,0.7884615384615384,0.6153846153846154,0.7619047619047619,1.0,1.0,1.0,0.6349411141118176,0.7921673059463501,0.0,0.0,0.0,0.0,0.0,0.0,0.0,0.615384615384615,0.9272727272727272,0.005704099821746883,2,0,0,0,0.0,0.0,0.0,0.0,0.0,0.0,0.0,0.0,0.0,0.0,0,0,0.0,0.0,0.0,1,0,0,0
test,positive,1,1,MATCH,1.0,9702,instagram,danbedford,dan bedford,danbedford,9703,twitter,danbedford,dan bedford,danbedford,1.0,1.0,1.0,1.0,1.0,1.0,0.0,0.11298127472400665,0.0,0.0,0.0,0.0,0.0,0.0,0.0,3.3245614035087714,0.4909090909090909,0.09057239057239057,2,0,0,0,0.0,0.0,0.0,0.0,0.0,0.0,0.0,0.0,0.0,0.0,0,0,0.0,0.0,0.0,1,0,0,0
test,positive,1,1,MATCH,1.0,9724,instagram,danieldmoses,daniel d moses,danieldmoses,9725,twitter,danieldmoses,daniel d moses,danieldmoses,1.0,1.0,1.0,1.0,1.0,1.0,0.46456269149373774,0.5920859575271606,0.0,0.0,0.0,0.0,0.0,0.0,0.0,0.18055555555555625,0.7674418604651163,0.023784355179704016,2,0,0,0,0.0,0.0,0.0,0.0,0.0,0.0,0.0,0.0,0.0,0.0,0,0,0.0,0.0,0.0,1,0,0,0
test,positive,1,1,MATCH,1.0,3986,googleplus,danielpbarron,daniel barron,danielpbarron,3987,twitter,danielpbarron,daniel p barronprotected tweets,danielpbarron,1.0,1.0,1.0,0.8838709677419355,0.4193548387096774,0.5909090909090908,0.38515708468430204,0.42721647024154663,0.0,0.0,0.0,0.0,0.0,0.0,0.0,1.5428571428571436,0.11267605633802817,0.017165492957746477,1,0,0,0,0.0,0.0,0.0,0.0,0.0,0.0,0.0,0.0,0.0,0.0,0,0,0.0,0.0,0.0,1,0,0,0
test,positive,1,1,MATCH,1.0,9746,instagram,dannybeckettjr,danny beckett jr,dannybeckettjr,9747,twitter,dannybeckettjr,danny beckett jr,dannybeckettjr,1.0,1.0,1.0,1.0,1.0,1.0,0.0,0.1336067169904709,0.0,0.0,0.0,0.0,0.0,0.0,0.0,6.333333333333333,0.0,0.07339449541284404,2,0,0,0,0.0,0.0,0.0,0.0,0.0,0.0,0.0,0.0,0.0,0.0,0,0,0.0,0.0,0.0,1,0,0,0
test,positive,1,1,MATCH,1.0,4010,googleplus,darinlhammondzipminis,darin l hammond,darinlhammond,4011,twitter,darinlhammond,darin l hammond,darinlhammond,0.9238095238095239,0.6190476190476191,0.7647058823529411,1.0,1.0,1.0,0.09405273939216428,0.44397199153900146,0.0,0.0,0.0,0.0,0.0,0.0,0.0,1.25,0.2907488986784141,0.024395941796822855,1,1,0,1,0.0,0.0,0.0,0.0,0.0,0.0,0.0,0.0,0.0,0.0,0,0,0.0,0.0,0.0,1,0,0,0
test,positive,1,1,MATCH,1.0,9760,instagram,darlingstewie,stewie nycc,darlingstewie,9761,twitter,darlingstewie,stewie,darlingstewie,1.0,1.0,1.0,0.9090909090909091,0.5454545454545454,0.7058823529411764,0.0,0.3246266841888428,0.0,0.0,0.0,0.0,0.0,0.0,0.0,0.15000000000000036,0.7280701754385965,0.007715070809554005,2,0,0,0,0.0,0.0,0.0,0.0,0.0,0.0,0.0,0.0,0.0,0.0,0,0,0.0,0.0,0.0,1,0,0,0
test,positive,1,1,MATCH,1.0,9768,instagram,12stepbuddhist,darren littlejohn,darrenlittlejohn,9769,twitter,12stepbuddhist,12stepbuddhist,darrenlittlejohn,1.0,1.0,1.0,0.41708683473389363,0.05882352941176472,0.19354838709677424,0.0,0.4839288592338562,0.0,0.0,0.0,0.0,0.0,0.0,0.0,2.5500000000000007,0.3945578231292517,0.0077410274454609435,2,1,0,1,0.0,0.0,0.0,0.0,0.0,0.0,0.0,0.0,0.0,0.0,0,0,0.0,0.0,0.0,1,0,0,0
test,positive,1,1,MATCH,1.0,9776,instagram,davebos,david bos,davebos,9777,twitter,davebos,david bos,davebos,1.0,1.0,1.0,1.0,1.0,1.0,0.46253878127963444,0.30708956718444824,0.0,0.0,0.0,0.0,1.0,0.0,0.0,2.484126984126984,0.40625,0.016025641025641024,2,1,0,1,0.0,0.0,0.0,0.0,0.0,0.0,0.0,0.0,0.0,0.0,0,0,0.0,0.0,0.0,1,0,0,0
test,positive,1,1,MATCH,1.0,4020,googleplus,davegray,dave gray,davegray,4021,twitter,davegray,dave gray,davegray,1.0,1.0,1.0,1.0,1.0,1.0,0.0,0.12245892733335495,0.0,0.0,0.0,0.0,0.0,0.0,0.0,1.5723684210526319,0.32061068702290074,0.016175936023264267,1,0,0,0,0.0,0.0,0.0,0.0,0.0,0.0,0.0,0.0,0.0,0.0,0,0,0.0,0.0,0.0,1,0,0,0
test,positive,1,1,MATCH,1.0,4028,googleplus,davesoucy,dave soucy,davesoucy,4029,twitter,davesoucy,dave soucy,davesoucy,1.0,1.0,1.0,1.0,1.0,1.0,0.009002104642862704,0.1359996795654297,0.0,0.0,0.0,0.0,0.0,0.0,0.0,0.670168067226891,0.5540540540540541,0.055152713689299054,1,0,0,0,0.0,0.0,0.0,0.0,0.0,0.0,0.0,0.0,0.0,0.0,0,0,0.0,0.0,0.0,1,0,0,0
test,positive,1,1,MATCH,1.0,4034,googleplus,davidaignerm,david aigner,davidaigner,4035,twitter,davidaigner,david aigner,davidaigner,0.9833333333333333,0.9166666666666666,0.9565217391304348,1.0,1.0,1.0,0.2583608452114867,0.4983079731464386,0.0,0.0,0.0,0.0,0.0,0.0,0.0,1.3761384335154823,0.2434077079107505,0.017106152805949966,1,0,0,0,0.0,0.0,0.0,0.0,0.0,0.0,0.0,0.0,0.0,0.0,0,0,0.0,0.0,0.0,1,0,0,0
test,positive,1,1,MATCH,1.0,4050,googleplus,davidchurbuck,david churbuck,davidchurbuck,4051,twitter,dchurbuck,david churbuck,davidchurbuck,0.9076923076923077,0.6923076923076923,0.8181818181818181,1.0,1.0,1.0,0.4644277962432787,0.4804483652114868,0.0,0.0,0.0,0.0,0.0,0.0,0.0,0.7196969696969697,0.12987012987012986,0.024675324675324677,1,0,0,0,0.0,0.0,0.0,0.0,0.0,0.0,0.0,0.0,0.0,0.0,0,0,0.0,0.0,0.0,1,0,0,0
test,positive,1,1,MATCH,1.0,9810,instagram,dave_gutierrez,,davidgutierrez,9811,twitter,dave_gutierrez,dave gutirrez,davidgutierrez,1.0,1.0,1.0,0.0,0.0,0.0,0.09702869809590126,0.4335881173610687,0.0,0.0,0.0,0.0,0.0,0.0,0.004016064257028112,2.797160243407708,0.39357429718875503,0.029751659700024594,2,0,0,0,0.0,0.0,0.0,0.0,0.0,0.0,0.0,0.0,0.0,0.0,0,0,0.0,0.0,0.0,1,0,0,0
test,positive,1,1,MATCH,1.0,4068,googleplus,davidkenny,david kenny,davidkenny,4069,twitter,davidkenny,david kenny,davidkenny,1.0,1.0,1.0,1.0,1.0,1.0,0.0,0.0781017616391182,0.0,0.0,0.0,0.0,0.0,0.0,0.0,3.6,0.0,0.09090909090909091,1,0,0,0,0.0,0.0,0.0,0.0,0.0,0.0,0.0,0.0,0.0,0.0,0,0,0.0,0.0,0.0,1,0,0,0
test,positive,1,1,MATCH,1.0,4070,googleplus,davidaldridge,david aldridge,davidmaldridge,4071,twitter,davidmaldridge,david aldridge,davidmaldridge,0.9857142857142858,0.9285714285714286,0.962962962962963,1.0,1.0,1.0,0.0,0.21960203349590302,0.0,0.0,0.0,0.0,0.0,0.0,0.0,0.18367346938775508,0.15669515669515668,0.022118622118622117,1,0,0,0,0.0,0.0,0.0,0.0,0.0,0.0,0.0,0.0,0.0,0.0,0,0,0.0,0.0,0.0,1,0,0,0
test,positive,1,1,MATCH,1.0,9822,instagram,davidramirer,david ramirer,davidramirer,9823,twitter,davidramirer,david ramirer,davidramirer,1.0,1.0,1.0,1.0,1.0,1.0,1.0,0.9940561056137085,0.0,0.0,0.0,0.0,0.0,0.0,0.0,0.25,0.8813559322033898,0.0029335071707953103,2,1,0,1,0.0,0.0,0.0,0.0,0.0,0.0,0.0,0.0,0.0,0.0,0,0,0.0,0.0,0.0,1,0,0,0
test,positive,1,1,MATCH,1.0,9824,instagram,davidrmackenzie,,davidrmackenzie,9825,twitter,davidrmackenzie,david r mackenzie,davidrmackenzie,1.0,1.0,1.0,0.0,0.0,0.0,0.0,1.0,0.0,0.0,0.0,0.0,0.0,0.0,0.0,0.0,1.0,0.0,2,1,0,1,0.0,0.0,0.0,0.0,0.0,0.0,0.0,0.0,0.0,0.0,0,0,0.0,0.0,0.0,1,0,0,0
test,positive,1,1,MATCH,1.0,4136,googleplus,debbiedoglady,debbie d doglady,debbiedoglady,4137,twitter,debbiedoglady,debbie d doglady,debbiedoglady,1.0,1.0,1.0,1.0,1.0,1.0,0.08789630795866805,0.6059336066246033,0.0,0.0,0.0,0.0,0.0,0.0,0.0,3.000000000000001,0.4522058823529412,0.0511119081779053,1,0,0,0,0.0,0.0,0.0,0.0,0.0,0.0,0.0,0.0,0.0,0.0,0,0,0.0,0.0,0.0,1,0,0,0
test,positive,1,1,MATCH,1.0,9852,instagram,vieiradee,andressa vieira,deevieira,9853,twitter,vieiradee,a n d r e s s a,deevieira,1.0,1.0,1.0,0.6592592592592593,0.2666666666666667,0.33333333333333337,0.0,0.25958722829818726,0.0,0.0,0.0,0.0,0.0,0.0,0.0,1.8095238095238098,0.9047619047619048,0.045112781954887216,2,0,0,0,0.0,0.0,0.0,0.0,0.0,0.0,0.0,0.0,0.0,0.0,0,0,0.0,0.0,0.0,1,0,0,0
test,positive,1,1,MATCH,1.0,9854,instagram,dekbladh,daniel ekbladh,dekbladh,9855,twitter,dekbladh,daniel ekbladh,dekbladh,1.0,1.0,1.0,1.0,1.0,1.0,0.36191974507798313,0.4834862947463989,0.0,0.0,0.0,0.0,0.0,0.0,0.0,0.05555555555555536,0.21333333333333335,0.02666666666666667,2,1,0,1,0.0,0.0,0.0,0.0,0.0,0.0,0.0,0.0,0.0,0.0,0,0,0.0,0.0,0.0,1,0,0,0
test,positive,1,1,MATCH,1.0,9858,instagram,niseag03,denise,denisemattox,9859,twitter,niseag03,denise,denisemattox,1.0,1.0,1.0,1.0,1.0,1.0,0.7066893608421628,0.9183814525604248,0.0,0.0,0.0,0.0,0.0,0.0,0.0,1.3058823529411763,0.8176100628930818,0.00624092888243831,2,0,0,0,0.0,0.0,0.0,0.0,0.0,0.0,0.0,0.0,0.0,0.0,0,0,0.0,0.0,0.0,1,0,0,0
test,positive,1,1,MATCH,1.0,9864,instagram,dennis_bernhard,dennis bernhard,dennismbernhard,9865,twitter,dennis_bernhard,dennis bernhard,dennismbernhard,1.0,1.0,1.0,1.0,1.0,1.0,1.0000000000000002,1.0000001192092896,0.0,0.0,0.0,0.0,0.0,0.0,0.0,0.0,1.0,0.0,2,0,0,0,0.0,0.0,0.0,0.0,0.0,0.0,0.0,0.0,0.0,0.0,0,0,0.0,0.0,0.0,1,0,0,0
test,positive,1,1,MATCH,1.0,4178,googleplus,derrekcooper,derrek cooper,derrekcooper,4179,twitter,derrekcooper,derrek cooper,derrekcooper,1.0,1.0,1.0,1.0,1.0,1.0,0.1387948616514396,0.2036588340997696,0.0,0.0,0.0,0.0,0.0,0.0,0.0,1.3504901960784315,0.5909090909090909,0.05322455322455323,1,0,0,0,0.0,0.0,0.0,0.0,0.0,0.0,0.0,0.0,0.0,0.0,0,0,0.0,0.0,0.0,1,0,0,0
test,positive,1,1,MATCH,1.0,9884,instagram,dgrull,demian grull,dgrull,9885,twitter,dgrull,nb u3p,dgrull,1.0,1.0,1.0,0.5,0.16666666666666663,0.33333333333333337,0.0,1.0,0.0,0.0,0.0,0.0,0.0,0.0,0.0,0.0,1.0,0.0,2,1,0,1,0.0,0.0,0.0,0.0,0.0,0.0,0.0,0.0,0.0,0.0,0,0,0.0,0.0,0.0,1,0,0,0
test,positive,1,1,MATCH,1.0,9894,instagram,dhitowibowo,dhito wibowo,dhito,9895,twitter,dhitowibowo,dhito wibowo,dhito,1.0,1.0,1.0,1.0,1.0,1.0,0.0,0.1733090579509735,0.0,0.0,0.0,0.0,0.0,0.0,0.0,1.75,0.6153846153846154,0.0625,2,0,0,0,0.0,0.0,0.0,0.0,0.0,0.0,0.0,0.0,0.0,0.0,0,0,0.0,0.0,0.0,1,0,0,0
test,positive,1,1,MATCH,1.0,9898,instagram,dianayung,diana yung,dianayung,9899,twitter,dianayung,diana yung,dianayung,1.0,1.0,1.0,1.0,1.0,1.0,0.24266467936265662,0.4984452724456787,0.0,0.0,0.0,0.0,0.0,0.0,0.0,6.583333333333334,0.9428571428571428,0.02597402597402597,2,0,0,0,0.0,0.0,0.0,0.0,0.0,0.0,0.0,0.0,0.0,0.0,0,0,0.0,0.0,0.0,1,0,0,0
test,positive,1,1,MATCH,1.0,4214,googleplus,diannaott,dianna ott,diannaott,4215,twitter,diannao,dianna ott,diannaott,0.9555555555555556,0.7777777777777778,0.875,1.0,1.0,1.0,0.29454982904014565,0.838125467300415,0.0,0.0,0.0,0.0,0.0,0.0,0.0,0.625,0.6685714285714286,0.017289377289377295,1,0,0,0,0.0,0.0,0.0,0.0,0.0,0.0,0.0,0.0,0.0,0.0,0,0,0.0,0.0,0.0,1,0,0,0
test,positive,1,1,MATCH,1.0,9906,instagram,diditsaad,jepretan didit saad,diditsaad,9907,twitter,diditsaad,didit saad,diditsaad,1.0,1.0,1.0,0.5466165413533834,0.5263157894736843,0.6896551724137931,0.0,0.0706648901104927,0.0,0.0,0.0,0.0,0.0,0.0,0.0,4.630769230769231,0.6891891891891891,0.05140434552199258,2,0,0,0,0.0,0.0,0.0,0.0,0.0,0.0,0.0,0.0,0.0,0.0,0,0,0.0,0.0,0.0,1,0,0,0
test,positive,1,1,MATCH,1.0,9912,instagram,diegoguillen,diego guillen,diegoguillen,9913,twitter,diegoguillen90,diego guillen,diegoguillen,0.9714285714285714,0.8571428571428572,0.923076923076923,1.0,1.0,1.0,0.6017729306409546,0.7166720032691956,0.0,0.0,0.0,0.0,0.0,0.0,0.0,2.952380952380952,0.24,0.056666666666666685,2,0,0,0,0.0,0.0,0.0,0.0,0.0,0.0,0.0,0.0,0.0,0.0,0,0,0.0,0.0,0.0,1,0,0,0
test,positive,1,1,MATCH,1.0,1868,googleplus,djgoddessa,grangoddessa,djGoddessa,1869,instagram,djgoddessa,grangoddessa,djGoddessa,1.0,1.0,1.0,1.0,1.0,1.0,0.0,0.1594797968864441,0.0,0.0,0.0,0.0,0.0,0.0,0.0,0.3636363636363633,0.13756613756613756,0.038461538461538464,0,0,0,0,0.0,0.0,0.0,0.0,0.0,0.0,0.0,0.0,0.0,0.0,0,0,0.0,0.0,0.0,1,0,0,0
test,positive,1,1,MATCH,1.0,9952,instagram,dmych,,dmych,9953,twitter,dmych,dmych,dmych,1.0,1.0,1.0,0.0,0.0,0.0,0.6293733821609664,0.8673981428146362,0.0,0.0,0.0,0.0,0.0,0.0,0.0,2.3018181818181818,0.6095890410958904,0.012621209789133447,2,0,0,0,0.0,0.0,0.0,0.0,0.0,0.0,0.0,0.0,0.0,0.0,0,0,0.0,0.0,0.0,1,0,0,0
test,positive,1,1,MATCH,1.0,4286,googleplus,domdeoliveira,dom de oliveira,domdeoliveira,4287,twitter,domdeoliveira,dom de oliveira,domdeoliveira,1.0,1.0,1.0,1.0,1.0,1.0,0.0,0.6050098538398743,0.0,0.0,0.0,0.0,0.0,0.0,0.0,0.09090909090909083,0.9868421052631579,0.03912280701754385,1,0,0,0,0.0,0.0,0.0,0.0,0.0,0.0,0.0,0.0,0.0,0.0,0,0,0.0,0.0,0.0,1,0,0,0
test,positive,1,1,MATCH,1.0,9974,instagram,donnyperry,donny perry,donnyperry,9975,twitter,donnyperry,donny perry,donnyperry,1.0,1.0,1.0,1.0,1.0,1.0,0.5209132380295989,0.43621739745140076,0.0,0.0,0.0,0.0,1.0,0.0,0.0,0.5811965811965818,0.7741935483870968,0.011760752688172046,2,0,0,0,0.0,0.0,0.0,0.0,0.0,0.0,0.0,0.0,0.0,0.0,0,0,0.0,0.0,0.0,1,0,0,0
test,positive,1,1,MATCH,1.0,9976,instagram,dontrunk,don trunk,dontrunk,9977,twitter,dontrunk,don trunk,dontrunk,1.0,1.0,1.0,1.0,1.0,1.0,0.6171217725571703,0.2449784129858017,0.0,0.0,0.0,0.0,0.0,0.0,0.0,9.980676328502415,0.15762273901808785,0.04125894861693566,2,0,0,0,0.0,0.0,0.0,0.0,0.0,0.0,0.0,0.0,0.0,0.0,0,0,0.0,0.0,0.0,1,0,0,0
test,positive,1,1,MATCH,1.0,4312,googleplus,douglasazevedo,douglas azevedo,douglasazevedo,4313,twitter,douglas_azevedo,douglas azevedo,douglasazevedo,0.9866666666666667,0.9333333333333333,0.9655172413793103,1.0,1.0,1.0,0.09957913863886331,0.41447770595550537,0.0,0.0,0.0,0.0,1.0,0.0,0.0,0.035460992907800915,0.12573099415204678,0.00013599891200870295,1,0,0,0,0.0,0.0,0.0,0.0,0.0,0.0,0.0,0.0,0.0,0.0,0,0,0.0,0.0,0.0,1,0,0,0
test,positive,1,1,MATCH,1.0,9980,instagram,douglasmiguel,douglas miguel,douglasmiguel,9981,twitter,douglasmiguel,douglas miguel,douglasmiguel,1.0,1.0,1.0,1.0,1.0,1.0,0.9587588351642632,0.8621993660926819,0.0,0.0,0.0,0.0,0.0,0.0,0.0,0.22222222222222232,0.9327731092436975,0.012037247331364978,2,0,0,0,0.0,0.0,0.0,0.0,0.0,0.0,0.0,0.0,0.0,0.0,0,0,0.0,0.0,0.0,1,0,0,0
test,positive,1,1,MATCH,1.0,9996,instagram,drlauriend,laurie brodsky,drlauriend,9997,twitter,drlauriend,laurie brodsky,drlauriend,1.0,1.0,1.0,1.0,1.0,1.0,0.0,0.18753713369369507,0.0,0.0,0.0,0.0,0.0,0.0,0.0,4.925925925925926,0.0,0.050314465408805034,2,1,0,1,0.0,0.0,0.0,0.0,0.0,0.0,0.0,0.0,0.0,0.0,0,0,0.0,0.0,0.0,1,0,0,0
test,positive,1,1,MATCH,1.0,10002,instagram,droydi,andr lucas carvalho,droydi,10003,twitter,droydi,oydi,droydi,1.0,1.0,1.0,0.4342105263157894,0.052631578947368474,0.08695652173913049,0.0,0.15307775139808655,0.0,0.0,0.0,0.0,0.0,0.0,0.0,1.615384615384615,0.28654970760233917,0.04105501849862752,2,0,0,0,0.0,0.0,0.0,0.0,0.0,0.0,0.0,0.0,0.0,0.0,0,0,0.0,0.0,0.0,1,0,0,0
test,positive,1,1,MATCH,1.0,10008,instagram,dschrijvers,danny schrijvers,dschrijvers,10009,twitter,dschrijvers,danny schrijvers,dschrijvers,1.0,1.0,1.0,1.0,1.0,1.0,0.0,0.1590500921010971,0.0,0.0,0.0,0.0,0.0,0.0,0.0,4.75,0.0,0.07894736842105263,2,0,0,0,0.0,0.0,0.0,0.0,0.0,0.0,0.0,0.0,0.0,0.0,0,0,0.0,0.0,0.0,1,0,0,0
test,positive,1,1,MATCH,1.0,10024,instagram,dzstoner,diego san martn,dzstoner,10025,twitter,dzstoner,diego san martn,dzstoner,1.0,1.0,1.0,1.0,1.0,1.0,0.0,0.47869089245796204,0.0,0.0,0.0,0.0,1.0,0.0,0.0,1.4333333333333327,0.49411764705882355,0.04817927170868347,2,1,0,1,0.0,0.0,0.0,0.0,0.0,0.0,0.0,0.0,0.0,0.0,0,0,0.0,0.0,0.0,1,0,0,0
test,positive,1,1,MATCH,1.0,10030,instagram,eddieoliversmith,eddie oliver smith,eddiesmith,10031,twitter,eddieolivers,eddie oliver smith,eddiesmith,0.95,0.75,0.8571428571428572,1.0,1.0,1.0,0.7791149091781298,0.6772305369377136,0.0,0.0,0.0,0.0,0.0,0.0,0.0,0.754545454545454,0.7810650887573964,0.029809933656087508,2,0,0,0,0.0,0.0,0.0,0.0,0.0,0.0,0.0,0.0,0.0,0.0,0,0,0.0,0.0,0.0,1,0,0,0
test,positive,1,1,MATCH,1.0,10040,instagram,edwardclewis,edward lewis,edwardclewis,10041,twitter,edwardclewis,edward lewis,edwardclewis,1.0,1.0,1.0,1.0,1.0,1.0,0.23687639569910668,0.4893152415752411,0.0,0.0,0.0,0.0,0.0,0.0,0.0,0.08333333333333304,0.60431654676259,0.02158273381294964,2,0,0,0,0.0,0.0,0.0,0.0,0.0,0.0,0.0,0.0,0.0,0.0,0,0,0.0,0.0,0.0,1,0,0,0
test,positive,1,1,MATCH,1.0,10046,instagram,edwardrkerr,edward kerr,edwardrkerr,10047,twitter,edwardrkerr,edward kerr,edwardrkerr,1.0,1.0,1.0,1.0,1.0,1.0,0.27219851916643484,0.35173851251602173,0.0,0.0,0.0,0.0,0.0,0.0,0.0,1.3492063492063489,0.9782608695652174,0.021256038647342993,2,0,0,0,0.0,0.0,0.0,0.0,0.0,0.0,0.0,0.0,0.0,0.0,0,0,0.0,0.0,0.0,1,0,0,0
test,positive,1,1,MATCH,1.0,10050,instagram,egermano,bruno germano,egermano,10051,twitter,egermano,bruno germano,egermano,1.0,1.0,1.0,1.0,1.0,1.0,0.2780505809760512,0.47371789813041687,0.0,0.0,0.0,0.0,0.0,0.0,0.0,0.8365384615384617,0.704225352112676,0.030422535211267608,2,0,0,0,0.0,0.0,0.0,0.0,0.0,0.0,0.0,0.0,0.0,0.0,0,0,0.0,0.0,0.0,1,0,0,0
test,positive,1,1,MATCH,1.0,10070,instagram,elifermar,elas fernndez,elifermar,10071,twitter,elifermar,elas fernndez,elifermar,1.0,1.0,1.0,1.0,1.0,1.0,0.8499513504539038,0.6878573298454285,0.0,0.0,0.0,0.0,0.0,0.0,0.0,0.6666666666666661,0.5254237288135594,0.004920721705850201,2,1,0,1,0.0,0.0,0.0,0.0,0.0,0.0,0.0,0.0,0.0,0.0,0,0,0.0,0.0,0.0,1,0,0,0
test,positive,1,1,MATCH,1.0,10076,instagram,eliizmaker,elizabeth galicia,elizabethgalicia,10077,twitter,eliizmaker,eli g,elizabethgalicia,1.0,1.0,1.0,0.8352941176470587,0.2941176470588235,0.4545454545454546,1.0,1.0,0.0,0.0,0.0,0.0,0.0,0.0,0.0,0.0,1.0,0.0,2,0,0,0,0.0,0.0,0.0,0.0,0.0,0.0,0.0,0.0,0.0,0.0,0,0,0.0,0.0,0.0,1,0,0,0
test,positive,1,1,MATCH,1.0,10082,instagram,ellenespelund,ellen espelund,ellenespelund,10083,twitter,ellenespelund,ellen espelundprotected tweets,ellenespelund,1.0,1.0,1.0,0.8933333333333334,0.4666666666666667,0.6363636363636364,0.0,0.4892256259918213,0.0,0.0,0.0,0.0,0.0,0.0,0.0,1.1999999999999993,0.4368932038834951,0.011003236245954687,2,0,0,0,0.0,0.0,0.0,0.0,0.0,0.0,0.0,0.0,0.0,0.0,0,0,0.0,0.0,0.0,1,0,0,0
test,positive,1,1,MATCH,1.0,10088,instagram,elpatrak,el patrak hdz,elpatrak,10089,twitter,elpatrak,prk,elpatrak,1.0,1.0,1.0,0.6068376068376068,0.23076923076923073,0.375,0.0,0.5351474285125732,0.0,0.0,0.0,0.0,0.0,0.0,0.0,1.1999999999999993,0.8125,0.17548076923076922,2,0,0,0,0.0,0.0,0.0,0.0,0.0,0.0,0.0,0.0,0.0,0.0,0,0,0.0,0.0,0.0,1,0,0,0
test,positive,1,1,MATCH,1.0,4436,googleplus,amrelshair,amr el shair,elshair,4437,twitter,elshair,amr el shair,elshair,0.7571428571428571,0.7,0.8235294117647058,1.0,1.0,1.0,0.021433495634231328,0.5882055759429932,0.0,0.0,0.0,0.0,0.0,0.0,0.0,1.333333333333333,0.6435643564356436,0.0010662604722010693,1,0,0,0,0.0,0.0,0.0,0.0,0.0,0.0,0.0,0.0,0.0,0.0,0,0,0.0,0.0,0.0,1,0,0,0
test,positive,1,1,MATCH,1.0,4438,googleplus,elzacohen,elza cohen,elzacohen,4439,twitter,elzacohen,elza cohen,elzacohen,1.0,1.0,1.0,1.0,1.0,1.0,0.10241703838013998,0.47654634714126587,0.0,0.0,0.0,0.0,0.0,0.0,0.0,0.9743589743589745,0.5151515151515151,0.020202020202020204,1,0,0,0,0.0,0.0,0.0,0.0,0.0,0.0,0.0,0.0,0.0,0.0,0,0,0.0,0.0,0.0,1,0,0,0
test,positive,1,1,MATCH,1.0,10108,instagram,makeup_emma,emma farrell,emmafarrellmakeup,10109,twitter,makeup_emma,emma farrell,emmafarrellmakeup,1.0,1.0,1.0,1.0,1.0,1.0,0.6042930041327278,0.4815814197063446,0.0,0.0,0.0,0.0,0.0,0.0,0.0,2.688888888888889,0.8586956521739131,0.005503577325261418,2,0,0,0,0.0,0.0,0.0,0.0,0.0,0.0,0.0,0.0,0.0,0.0,0,0,0.0,0.0,0.0,1,0,0,0
test,positive,1,1,MATCH,1.0,10112,instagram,emzy,emzy enzyme,emzy,10113,twitter,emzy,emzy,emzy,1.0,1.0,1.0,0.8727272727272728,0.36363636363636365,0.5333333333333333,0.0,0.05787421762943268,0.0,0.0,0.0,0.0,0.0,0.0,0.0,4.571428571428571,0.0,0.05194805194805195,2,0,0,0,0.0,0.0,0.0,0.0,0.0,0.0,0.0,0.0,0.0,0.0,0,0,0.0,0.0,0.0,1,0,0,0
test,positive,1,1,MATCH,1.0,10124,instagram,esepulveda,enrique sepulveda,enriquesepulveda,10125,twitter,esepulveda,enrique seplveda,enriquesepulveda,1.0,1.0,1.0,0.9882352941176471,0.9411764705882353,0.9696969696969697,0.0,1.0,0.0,0.0,0.0,0.0,0.0,0.0,0.0,0.0,1.0,0.0,2,0,0,0,0.0,0.0,0.0,0.0,0.0,0.0,0.0,0.0,0.0,0.0,0,0,0.0,0.0,0.0,1,0,0,0
test,positive,1,1,MATCH,1.0,10134,instagram,ericfoster,eric foster,ericfoster,10135,twitter,ericfoster,ericfoster,ericfoster,1.0,1.0,1.0,0.9818181818181818,0.9090909090909091,0.9523809523809522,0.15277398163280415,0.6867580413818359,0.0,0.0,0.0,0.0,0.0,0.0,0.0,1.735785953177258,0.7279411764705882,0.008318478906714201,2,1,0,1,0.0,0.0,0.0,0.0,0.0,0.0,0.0,0.0,0.0,0.0,0,0,0.0,0.0,0.0,1,0,0,0
test,positive,1,1,MATCH,1.0,4480,googleplus,ericstjohnactor,eric st john,ericstjohn,4481,twitter,actorericstjohn,eric st john,ericstjohn,0.7572649572649572,0.33333333333333337,0.6666666666666667,1.0,1.0,1.0,0.9535983356928578,0.9929911494255066,0.0,0.0,0.0,0.0,0.0,0.0,0.0,0.11888888888888971,0.6782178217821783,0.007046325070463252,1,0,0,0,0.0,0.0,0.0,0.0,0.0,0.0,0.0,0.0,0.0,0.0,0,0,0.0,0.0,0.0,1,0,0,0
test,positive,1,1,MATCH,1.0,4500,googleplus,erinbelmore,erin belmore,erinbelmore70,4501,twitter,erinbelmore70,erin belmore,erinbelmore70,0.9692307692307692,0.8461538461538461,0.9166666666666665,1.0,1.0,1.0,0.32410195009081805,0.9300296902656555,0.0,0.0,0.0,0.0,0.0,0.0,0.0,0.1363636363636367,0.9803921568627451,0.012549019607843135,1,1,0,1,0.0,0.0,0.0,0.0,0.0,0.0,0.0,0.0,0.0,0.0,0,0,0.0,0.0,0.0,1,0,0,0
test,positive,1,1,MATCH,1.0,1922,googleplus,ernestcustodio,ernest custodio,ernestcustodio,1923,instagram,ernestcustodio,ernest custodio,ernestcustodio,1.0,1.0,1.0,1.0,1.0,1.0,0.0,0.3711920380592346,0.0,0.0,0.0,0.0,0.0,0.0,0.0,1.4666666666666668,0.07922912205567452,0.006423982869379015,0,0,0,0,0.0,0.0,0.0,0.0,0.0,0.0,0.0,0.0,0.0,0.0,0,0,0.0,0.0,0.0,1,0,0,0
test,positive,1,1,MATCH,1.0,10182,instagram,evamarieu,eva marie uzctegui trinkl,evamarieu,10183,twitter,evamarieu,eva marie uzctegui,evamarieu,1.0,1.0,1.0,0.944,0.72,0.8372093023255813,0.30253329058974354,0.5869779586791992,0.0,0.0,0.0,0.0,0.4,0.0,0.0,0.38311688311688297,0.5882352941176471,0.015966386554621848,2,0,0,0,0.0,0.0,0.0,0.0,0.0,0.0,0.0,0.0,0.0,0.0,0,0,0.0,0.0,0.0,1,0,0,0
test,positive,1,1,MATCH,1.0,1930,googleplus,evangolden,evan golden,evangolden,1931,instagram,goldentv,evan golden,evangolden,0.6166666666666667,0.4,0.6666666666666667,1.0,1.0,1.0,0.17319238980961343,0.4187697768211365,0.0,0.0,0.0,0.0,0.0,0.0,0.0,0.05555555555555536,0.4393939393939394,0.0,0,0,0,0,0.0,0.0,0.0,0.0,0.0,0.0,0.0,0.0,0.0,0.0,0,0,0.0,0.0,0.0,1,0,0,0
test,positive,1,1,MATCH,1.0,10190,instagram,evrtstudio,brian everett,evrtstudio,10191,twitter,evrtstudio,brian everett,evrtstudio,1.0,1.0,1.0,1.0,1.0,1.0,0.0,0.2386416345834732,0.0,0.0,0.0,0.0,0.0,0.0,0.0,0.2727272727272725,0.9552238805970149,0.017723880597014928,2,1,0,1,0.0,0.0,0.0,0.0,0.0,0.0,0.0,0.0,0.0,0.0,0,0,0.0,0.0,0.0,1,0,0,0
test,positive,1,1,MATCH,1.0,4550,googleplus,ezrahill,ezra hill,ezrahill,4551,twitter,ezrahill,ezra hill,ezrahill,1.0,1.0,1.0,1.0,1.0,1.0,0.26624699043566813,0.6069215536117554,0.0,0.0,0.0,0.0,0.0,0.0,0.0,0.3073593073593077,0.2706270627062706,0.05996941157530387,1,1,0,1,0.0,0.0,0.0,0.0,0.0,0.0,0.0,0.0,0.0,0.0,0,0,0.0,0.0,0.0,1,0,0,0
test,positive,1,1,MATCH,1.0,10208,instagram,fabimagnier,fab magnier,fabimagnier,10209,twitter,fabimagnier,baladetamarindo,fabimagnier,1.0,1.0,1.0,0.5868686868686869,0.19999999999999996,0.3076923076923077,0.3615975832413376,0.7100887298583984,0.0,0.0,0.0,0.0,0.0,0.0,0.0,1.7287581699346402,0.6949152542372882,0.027077304671351797,2,0,0,0,0.0,0.0,0.0,0.0,0.0,0.0,0.0,0.0,0.0,0.0,0,0,0.0,0.0,0.0,1,0,0,0
test,positive,1,1,MATCH,1.0,10222,instagram,feikalaprieza,feikal aprieza,feikal,10223,twitter,feikalaprieza,feikal aprieza,feikal,1.0,1.0,1.0,1.0,1.0,1.0,0.04172932825808313,0.5409210920333862,0.0,0.0,0.0,0.0,1.0,0.0,0.0,1.4224137931034484,0.7122302158273381,0.021728072087784316,2,0,0,0,0.0,0.0,0.0,0.0,0.0,0.0,0.0,0.0,0.0,0.0,0,0,0.0,0.0,0.0,1,0,0,0
test,positive,1,1,MATCH,1.0,1956,googleplus,fernandocebolla,fernando cebolla,fernandocebolla,1957,instagram,fernandocebolla,fernando cebolla,fernandocebolla,1.0,1.0,1.0,1.0,1.0,1.0,0.2530395702797189,0.615943431854248,0.0,0.0,0.0,0.0,0.0,0.0,0.0,1.033333333333334,0.437984496124031,0.029910132400356726,0,0,0,0,0.0,0.0,0.0,0.0,0.0,0.0,0.0,0.0,0.0,0.0,0,0,0.0,0.0,0.0,1,0,0,0
test,positive,1,1,MATCH,1.0,10240,instagram,ferociousj,jon sung,ferociousj,10241,twitter,ferociousj,jon sung,ferociousj,1.0,1.0,1.0,1.0,1.0,1.0,1.0,1.0,0.0,0.0,0.0,0.0,0.0,0.0,0.0,0.0,1.0,0.0,2,1,0,1,0.0,0.0,0.0,0.0,0.0,0.0,0.0,0.0,0.0,0.0,0,0,0.0,0.0,0.0,1,0,0,0
test,positive,1,1,MATCH,1.0,10244,instagram,fifoprijoles,fifo prijoles,fifoprijoles,10245,twitter,fifoprijoles,fifo prijoles,fifoprijoles,1.0,1.0,1.0,1.0,1.0,1.0,0.42173879614412657,0.7717125415802002,0.0,0.0,0.0,0.0,0.3333333333333333,0.0,0.0,3.25,0.5955056179775281,0.03095187619249523,2,0,0,0,0.0,0.0,0.0,0.0,0.0,0.0,0.0,0.0,0.0,0.0,0,0,0.0,0.0,0.0,1,0,0,0
test,positive,1,1,MATCH,1.0,10248,instagram,filosnet,luca filigheddu,filos,10249,twitter,filos,luca filigheddu,filos,0.925,0.625,0.7692307692307692,1.0,1.0,1.0,0.5630948092876032,0.8327159285545349,0.0,0.0,0.0,0.0,0.0,0.0,0.0,0.21052631578947345,0.9731543624161074,0.011941680166628096,2,0,0,0,0.0,0.0,0.0,0.0,0.0,0.0,0.0,0.0,0.0,0.0,0,0,0.0,0.0,0.0,1,0,0,0
test,positive,1,1,MATCH,1.0,10250,instagram,finianmurphy,finian murphy,finianmurphy,10251,twitter,finianmurphy,finian murphy,finianmurphy,1.0,1.0,1.0,1.0,1.0,1.0,0.0,0.14699777960777283,0.0,0.0,0.0,0.0,0.0,0.0,0.0,5.571428571428571,0.0,0.022222222222222223,2,0,0,0,0.0,0.0,0.0,0.0,0.0,0.0,0.0,0.0,0.0,0.0,0,0,0.0,0.0,0.0,1,0,0,0
test,positive,1,1,MATCH,1.0,10258,instagram,fitopardo,dp fitopardocom,fitopardo,10259,twitter,fitopardo,fito pardo,fitopardo,1.0,1.0,1.0,0.7888888888888888,0.5333333333333333,0.72,0.0,0.5630661249160767,0.0,0.0,0.0,0.0,0.0,0.0,0.0,0.5595238095238093,0.6971830985915493,0.004908237302603501,2,0,0,0,0.0,0.0,0.0,0.0,0.0,0.0,0.0,0.0,0.0,0.0,0,0,0.0,0.0,0.0,1,0,0,0
test,positive,1,1,MATCH,1.0,10262,instagram,flavialaw,flavia valentine,flaviavalentine,10263,twitter,flavia_law,flavia valentine,flaviavalentine,0.98,0.9,0.9473684210526316,1.0,1.0,1.0,0.17750163771988106,0.4773472845554352,0.0,0.0,0.0,0.0,0.0,0.0,0.0,1.6818181818181817,0.8640776699029126,0.0009817824806370723,2,0,0,0,0.0,0.0,0.0,0.0,0.0,0.0,0.0,0.0,0.0,0.0,0,0,0.0,0.0,0.0,1,0,0,0
test,positive,1,1,MATCH,1.0,10274,instagram,fo2elsoto7,ibrahim gamal eldin,fo2elsoto7,10275,twitter,fo2elsoto7,ibrahim gamaleldin,fo2elsoto7,1.0,1.0,1.0,0.9894736842105263,0.9473684210526316,0.7027027027027026,0.0,0.17999300360679626,0.0,0.0,0.0,0.0,0.0,0.0,0.0,3.5,0.0,0.06818181818181818,2,0,0,0,0.0,0.0,0.0,0.0,0.0,0.0,0.0,0.0,0.0,0.0,0,0,0.0,0.0,0.0,1,0,0,0
test,positive,1,1,MATCH,1.0,10294,instagram,francinalg,francina lpez,francinalg,10295,twitter,francinalg,francina lpez,francinalg,1.0,1.0,1.0,1.0,1.0,1.0,0.0,0.16735997796058655,0.0,0.0,0.0,0.0,0.0,0.0,0.0,2.0476190476190474,0.5714285714285714,0.07142857142857142,2,0,0,0,0.0,0.0,0.0,0.0,0.0,0.0,0.0,0.0,0.0,0.0,0,0,0.0,0.0,0.0,1,0,0,0
test,positive,1,1,MATCH,1.0,10298,instagram,franciscocalder,,franciscocalderon,10299,twitter,franciscocalder,francisco calder,franciscocalderon,1.0,1.0,1.0,0.0,0.0,0.0,0.36708060870485737,0.5653842687606812,0.0,0.0,0.0,0.0,0.0,0.0,0.0,5.3809523809523805,0.7386363636363636,0.03339160839160839,2,0,0,0,0.0,0.0,0.0,0.0,0.0,0.0,0.0,0.0,0.0,0.0,0,0,0.0,0.0,0.0,1,0,0,0
test,positive,1,1,MATCH,1.0,4664,googleplus,frankthuss,frank thuss,frankthuss,4665,twitter,frankthuss,frank thuss,frankthuss,1.0,1.0,1.0,1.0,1.0,1.0,0.5140686976418931,0.5311315655708313,0.0,0.0,0.0,0.0,0.0,0.0,0.0,0.5714285714285712,0.9344262295081968,0.07377049180327869,1,0,0,0,0.0,0.0,0.0,0.0,0.0,0.0,0.0,0.0,0.0,0.0,0,0,0.0,0.0,0.0,1,0,0,0
test,positive,1,1,MATCH,1.0,10306,instagram,fredeagle,fred eagle,fredeagle,10307,twitter,fredeagle,fred eagle,fredeagle,1.0,1.0,1.0,1.0,1.0,1.0,0.0,0.2043236941099167,0.0,0.0,0.0,0.0,0.0,0.0,0.0,6.05,0.0,0.02857142857142857,2,1,0,1,0.0,0.0,0.0,0.0,0.0,0.0,0.0,0.0,0.0,0.0,0,0,0.0,0.0,0.0,1,0,0,0
test,positive,1,1,MATCH,1.0,4680,googleplus,fredstrauss,fred strauss,fredstrauss,4681,twitter,fredstrauss,fred strauss,fredstrauss,1.0,1.0,1.0,1.0,1.0,1.0,0.0,0.14069177210330963,0.0,0.0,0.0,0.0,0.0,0.0,0.0,5.3,0.0,0.016129032258064516,1,0,0,0,0.0,0.0,0.0,0.0,0.0,0.0,0.0,0.0,0.0,0.0,0,0,0.0,0.0,0.0,1,0,0,0
test,positive,1,1,MATCH,1.0,10316,instagram,frutron,fru artist producer,frutron,10317,twitter,frutron,frutron,frutron,1.0,1.0,1.0,0.6687552213868003,0.3157894736842105,0.3846153846153846,0.08026408754676859,0.3884686231613159,0.0,0.0,0.0,0.0,0.0,0.0,0.0,1.1677631578947372,0.7189542483660131,0.019904931669637554,2,0,0,0,0.0,0.0,0.0,0.0,0.0,0.0,0.0,0.0,0.0,0.0,0,0,0.0,0.0,0.0,1,0,0,0
test,positive,1,1,MATCH,1.0,10324,instagram,fursid,fursid,fursid,10325,twitter,fursid,fursid,fursid,1.0,1.0,1.0,1.0,1.0,1.0,0.09842385791297163,0.39317429065704346,0.0,0.0,0.0,0.0,0.0,0.0,0.0,0.625,0.1678832116788321,0.03586163122818153,2,0,0,0,0.0,0.0,0.0,0.0,0.0,0.0,0.0,0.0,0.0,0.0,0,0,0.0,0.0,0.0,1,0,0,0
test,positive,1,1,MATCH,1.0,4694,googleplus,michafuss,micha fuss,fuss,4695,twitter,fussm,micha fuss,fuss,0.0,0.33333333333333337,0.5714285714285714,1.0,1.0,1.0,0.0,0.06791283190250397,0.0,0.0,0.0,0.0,0.0,0.0,0.0,5.5,0.0,0.031007751937984496,1,0,0,0,0.0,0.0,0.0,0.0,0.0,0.0,0.0,0.0,0.0,0.0,0,0,0.0,0.0,0.0,1,0,0,0
test,positive,1,1,MATCH,1.0,10338,instagram,gabonghi,gab bonghi,gabonghi,10339,twitter,gabonghi,gab bonghi,gabonghi,1.0,1.0,1.0,1.0,1.0,1.0,0.2283322008726775,0.5515402555465698,0.0,0.0,0.0,0.0,0.0,0.0,0.0,0.0,0.36936936936936937,0.010107668644254011,2,0,0,0,0.0,0.0,0.0,0.0,0.0,0.0,0.0,0.0,0.0,0.0,0,0,0.0,0.0,0.0,1,0,0,0
test,positive,1,1,MATCH,1.0,1982,googleplus,gabrielchapudiaz,gabriel chapu diaz,gabrieldiaz,1983,instagram,chapurc44,gabriel chapu diaz,gabrieldiaz,0.5138888888888888,0.3125,0.4,1.0,1.0,1.0,0.3765258191959787,0.5046136379241943,0.0,0.0,0.0,0.0,0.0,0.0,0.0,1.2093023255813957,0.3074433656957929,0.057502980752853,0,0,0,0,0.0,0.0,0.0,0.0,0.0,0.0,0.0,0.0,0.0,0.0,0,0,0.0,0.0,0.0,1,0,0,0
test,positive,1,1,MATCH,1.0,4722,googleplus,aarongarsky,aaron garsky,garsky,4723,twitter,aarongarsky,aaron garsky,garsky,1.0,1.0,1.0,1.0,1.0,1.0,0.050680361384906586,0.4853009879589081,0.0,0.0,0.0,0.0,0.0,0.0,0.0,1.4466403162055332,0.5339805825242718,0.03451015004413062,1,1,0,1,0.0,0.0,0.0,0.0,0.0,0.0,0.0,0.0,0.0,0.0,0,0,0.0,0.0,0.0,1,0,0,0
test,positive,1,1,MATCH,1.0,4736,googleplus,stevemoss,steve moss,gawbul,4737,twitter,gawbul,steve moss,gawbul,0.0,0.0,0.0,1.0,1.0,1.0,0.48429863419557845,0.7338075637817383,0.0,0.0,0.0,0.0,0.0,0.0,0.0,0.34137931034482705,0.6555023923444976,0.020919917577620233,1,0,0,0,0.0,0.0,0.0,0.0,0.0,0.0,0.0,0.0,0.0,0.0,0,0,0.0,0.0,0.0,1,0,0,0
test,positive,1,1,MATCH,1.0,10362,instagram,gecaspa,,geca,10363,twitter,gecaspa,geca libricatloghi,geca,1.0,1.0,1.0,0.0,0.0,0.0,0.24411540515269392,0.5236775875091553,0.0,0.0,0.0,0.0,0.0,0.0,0.0,1.0452488687782804,0.6355140186915887,0.013331500824628917,2,0,0,0,0.0,0.0,0.0,0.0,0.0,0.0,0.0,0.0,0.0,0.0,0,0,0.0,0.0,0.0,1,0,0,0
test,positive,1,1,MATCH,1.0,10374,instagram,geilt,alexander conroy,geilt,10375,twitter,geilt,alexander conroy,geilt,1.0,1.0,1.0,1.0,1.0,1.0,0.4725369705444466,0.7425485849380493,0.0,0.0,0.0,0.0,0.5,0.0,0.0,0.7013888888888893,0.8085106382978723,0.04329973870847331,2,0,0,0,0.0,0.0,0.0,0.0,0.0,0.0,0.0,0.0,0.0,0.0,0,0,0.0,0.0,0.0,1,0,0,0
test,positive,1,1,MATCH,1.0,4754,googleplus,geraldadler,gerald adler,geraldadler,4755,twitter,gadler,gerald adler,geraldadler,0.7636363636363637,0.5454545454545454,0.7058823529411764,1.0,1.0,1.0,0.39644936918452856,0.6603837013244629,0.0,0.0,0.0,0.0,0.0,0.0,0.0,1.804347826086956,0.8579545454545454,0.060505719446116796,1,1,0,1,0.0,0.0,0.0,0.0,0.0,0.0,0.0,0.0,0.0,0.0,0,0,0.0,0.0,0.0,1,0,0,0
test,positive,1,1,MATCH,1.0,10386,instagram,geriayn,geriayn gaul,geriayn,10387,twitter,geriayn,geriayn gaul,geriayn,1.0,1.0,1.0,1.0,1.0,1.0,0.0,0.41223153471946716,0.0,0.0,0.0,0.0,0.0,0.0,0.0,0.5999999999999996,0.7428571428571429,0.008791208791208788,2,1,0,1,0.0,0.0,0.0,0.0,0.0,0.0,0.0,0.0,0.0,0.0,0,0,0.0,0.0,0.0,1,0,0,0
test,positive,1,1,MATCH,1.0,10396,instagram,gianmarco_ferro,gianmarco ferro,gianmarcoferro,10397,twitter,gianmarcoferro,gianmarco ferro,gianmarcoferro,0.9866666666666667,0.9333333333333333,0.9655172413793103,1.0,1.0,1.0,1.0,1.0,0.0,0.0,0.0,0.0,0.0,0.0,0.0,0.0,1.0,0.0,2,0,0,0,0.0,0.0,0.0,0.0,0.0,0.0,0.0,0.0,0.0,0.0,0,0,0.0,0.0,0.0,1,0,0,0
test,positive,1,1,MATCH,1.0,10404,instagram,giradesai,gira desai wieczorek,giradesai,10405,twitter,giradesai,gira desai wieczorek,giradesai,1.0,1.0,1.0,1.0,1.0,1.0,0.11194749803160489,0.4809882342815399,0.0,0.0,0.0,0.0,0.0,0.0,0.0,1.3238095238095235,0.5734265734265734,0.017226675763261125,2,0,0,0,0.0,0.0,0.0,0.0,0.0,0.0,0.0,0.0,0.0,0.0,0,0,0.0,0.0,0.0,1,0,0,0
test,positive,1,1,MATCH,1.0,10416,instagram,andes360,gonzalo mora,gonzalomora,10417,twitter,andes360,gonzalo mora c,gonzalomora,1.0,1.0,1.0,0.9714285714285714,0.8571428571428572,0.923076923076923,0.0,0.11849737167358398,0.0,0.0,0.0,0.0,0.0,0.0,0.0,2.0,0.8823529411764706,0.0,2,0,0,0,0.0,0.0,0.0,0.0,0.0,0.0,0.0,0.0,0.0,0.0,0,0,0.0,0.0,0.0,1,0,0,0
test,positive,1,1,MATCH,1.0,10426,instagram,grahammcuk,graham mcdonnell,grahammcdonnell,10427,twitter,grahammcuk,graham mcdonnell,grahammcdonnell,1.0,1.0,1.0,1.0,1.0,1.0,0.7202247594071626,0.7757716178894043,0.0,0.0,0.0,0.0,0.0,0.0,0.0,0.19696969696969635,0.5555555555555556,0.03055555555555555,2,0,0,0,0.0,0.0,0.0,0.0,0.0,0.0,0.0,0.0,0.0,0.0,0,0,0.0,0.0,0.0,1,0,0,0
test,positive,1,1,MATCH,1.0,4840,googleplus,grazianaparisi,graziana parisi,grazianaparisi,4841,twitter,grazianaparisi,graziana parisi,grazianaparisi,1.0,1.0,1.0,1.0,1.0,1.0,0.0,0.32890674471855164,0.0,0.0,0.0,0.0,0.0,0.0,0.0,8.433333333333334,0.27876106194690264,0.10928501193987919,1,0,0,0,0.0,0.0,0.0,0.0,0.0,0.0,0.0,0.0,0.0,0.0,0,0,0.0,0.0,0.0,1,0,0,0
test,positive,1,1,MATCH,1.0,10438,instagram,greyrainyskies,ville matias,greyrainyskies,10439,twitter,greyrainyskies,ville matias,greyrainyskies,1.0,1.0,1.0,1.0,1.0,1.0,0.0,0.06779178231954575,0.0,0.0,0.0,0.0,0.0,0.0,0.0,3.888888888888889,0.27388535031847133,0.008591319804473412,2,0,0,0,0.0,0.0,0.0,0.0,0.0,0.0,0.0,0.0,0.0,0.0,0,0,0.0,0.0,0.0,1,0,0,0
test,positive,1,1,MATCH,1.0,10442,instagram,grking,gary king,grking,10443,twitter,grking,gary kingverified account,grking,1.0,1.0,1.0,0.872,0.36,0.5294117647058824,0.2705779007773208,0.749968409538269,0.0,0.0,0.0,0.0,0.0,0.0,0.0,4.0,0.6065573770491803,0.06601683650863978,2,0,0,0,0.0,0.0,0.0,0.0,0.0,0.0,0.0,0.0,0.0,0.0,0,0,0.0,0.0,0.0,1,0,0,0
test,positive,1,1,MATCH,1.0,4890,googleplus,gustavozapico,gustavo zapico,gustavozapico,4891,twitter,gzapico,gustavo zapico,gustavozapico,0.553113553113553,0.5384615384615384,0.7,1.0,1.0,1.0,0.3123162793492562,0.6614190340042114,0.0,0.0,0.0,0.0,0.0,0.0,0.0,2.0238095238095237,0.14334470989761092,0.02039655452624736,1,0,0,0,0.0,0.0,0.0,0.0,0.0,0.0,0.0,0.0,0.0,0.0,0,0,0.0,0.0,0.0,1,0,0,0
test,positive,1,1,MATCH,1.0,10454,instagram,gyoni0030,gyoni0030,gyoni0030,10455,twitter,gyoni0030,,gyoni0030,1.0,1.0,1.0,0.0,0.0,0.0,0.0,0.5146241784095764,0.0,0.0,0.0,0.0,0.0,0.0,0.0,17.333333333333336,0.43478260869565216,0.10978260869565216,2,1,0,1,0.0,0.0,0.0,0.0,0.0,0.0,0.0,0.0,0.0,0.0,0,0,0.0,0.0,0.0,1,0,0,0
test,positive,1,1,MATCH,1.0,4906,googleplus,haideralleg,haider alleg,haideralleg,4907,twitter,haider_alleg,haider alleg,haideralleg,0.9833333333333333,0.9166666666666666,0.9565217391304348,1.0,1.0,1.0,0.0,0.48433083295822144,0.0,0.0,0.0,0.0,0.0,0.0,0.0,1.6280487804878048,0.11683848797250859,0.006872852233676976,1,0,0,0,0.0,0.0,0.0,0.0,0.0,0.0,0.0,0.0,0.0,0.0,0,0,0.0,0.0,0.0,1,0,0,0
test,positive,1,1,MATCH,1.0,10464,instagram,hakbjo,hkan bjrk,hakbjo,10465,twitter,hakbjo,hkan bjrk,hakbjo,1.0,1.0,1.0,1.0,1.0,1.0,1.0,0.7265534996986389,0.0,0.0,0.0,0.0,0.0,0.0,0.0,0.07407407407407396,0.9847328244274809,0.014675424581336173,2,0,0,0,0.0,0.0,0.0,0.0,0.0,0.0,0.0,0.0,0.0,0.0,0,0,0.0,0.0,0.0,1,0,0,0
test,positive,1,1,MATCH,1.0,10470,instagram,halwerner,hal werner,halwerner,10471,twitter,halwerner,hal werner,halwerner,1.0,1.0,1.0,1.0,1.0,1.0,0.11019544004277859,0.3706970512866974,0.0,0.0,0.0,0.0,0.0,0.0,0.0,1.8666666666666663,0.9560439560439561,0.023998989516230893,2,0,0,0,0.0,0.0,0.0,0.0,0.0,0.0,0.0,0.0,0.0,0.0,0,0,0.0,0.0,0.0,1,0,0,0
test,positive,1,1,MATCH,1.0,10472,instagram,hamface,hammond buckland,hamface,10473,twitter,hamface,,hamface,1.0,1.0,1.0,0.0,0.0,0.0,0.0,0.07725371420383453,0.0,0.0,0.0,0.0,0.0,0.0,0.0,4.888888888888889,0.0,0.038461538461538464,2,0,0,0,0.0,0.0,0.0,0.0,0.0,0.0,0.0,0.0,0.0,0.0,0,0,0.0,0.0,0.0,1,0,0,0
test,positive,1,1,MATCH,1.0,4936,googleplus,harrietfreeman,harriet freeman,harrietfreeman,4937,twitter,hrtfreeman,harriet freeman,harrietfreeman,0.8542857142857143,0.7142857142857143,0.8333333333333335,1.0,1.0,1.0,0.6245458200928447,0.6587594151496887,0.0,0.0,0.0,0.0,0.0,0.0,0.0,0.11111111111111072,0.5037593984962406,0.03007518796992481,1,1,0,1,0.0,0.0,0.0,0.0,0.0,0.0,0.0,0.0,0.0,0.0,0,0,0.0,0.0,0.0,1,0,0,0
test,positive,1,1,MATCH,1.0,10486,instagram,hasanharnett,hasan harnett,hasanharnett,10487,twitter,hasanharnett,hasan harnett,hasanharnett,1.0,1.0,1.0,1.0,1.0,1.0,0.18934360388068813,0.354145884513855,0.0,0.0,0.0,0.0,0.0,0.0,0.0,2.1875,0.8082191780821918,0.016600882284652896,2,0,0,0,0.0,0.0,0.0,0.0,0.0,0.0,0.0,0.0,0.0,0.0,0,0,0.0,0.0,0.0,1,0,0,0
test,positive,1,1,MATCH,1.0,10490,instagram,haylymick,hayly a mickles,haylymick,10491,twitter,haylymick,hayly mickles,haylymick,1.0,1.0,1.0,0.9733333333333334,0.8666666666666667,0.9285714285714286,0.0,0.18622323870658875,0.0,0.0,0.0,0.0,0.0,0.0,0.0,3.888888888888889,0.0,0.046511627906976744,2,0,0,0,0.0,0.0,0.0,0.0,0.0,0.0,0.0,0.0,0.0,0.0,0,0,0.0,0.0,0.0,1,0,0,0
test,positive,1,1,MATCH,1.0,10496,instagram,heatherpark,heather park,heatherpark,10497,twitter,heatherpark,heather park,heatherpark,1.0,1.0,1.0,1.0,1.0,1.0,1.0,0.6848957538604736,0.0,0.0,0.0,0.0,1.0,0.0,0.0,1.0428571428571436,0.5573770491803278,0.031340405014464806,2,0,0,0,0.0,0.0,0.0,0.0,0.0,0.0,0.0,0.0,0.0,0.0,0,0,0.0,0.0,0.0,1,0,0,0
test,positive,1,1,MATCH,1.0,10498,instagram,solarisrulez,szabolcs husz,heightoffield,10499,twitter,solarisrulez,szabolcs husz,heightoffield,1.0,1.0,1.0,1.0,1.0,1.0,0.5213809001741935,0.705674409866333,0.0,0.0,0.0,0.0,0.0,0.0,0.0,0.28947368421052655,0.9171597633136095,0.01992746707386906,2,1,0,1,0.0,0.0,0.0,0.0,0.0,0.0,0.0,0.0,0.0,0.0,0,0,0.0,0.0,0.0,1,0,0,0
test,positive,1,1,MATCH,1.0,10500,instagram,helderdarocha,helder da rocha,helderdarocha,10501,twitter,helderdarocha,helderdarocha,helderdarocha,1.0,1.0,1.0,0.9733333333333334,0.8666666666666667,0.7857142857142857,0.0,0.13131186366081238,0.0,0.0,0.0,0.0,0.0,0.0,0.0,5.833333333333333,0.0,0.075,2,0,0,0,0.0,0.0,0.0,0.0,0.0,0.0,0.0,0.0,0.0,0.0,0,0,0.0,0.0,0.0,1,0,0,0
test,positive,1,1,MATCH,1.0,10506,instagram,helsyflores,helsy flores,helsyflores,10507,twitter,helsyflores,helsy flores,helsyflores,1.0,1.0,1.0,1.0,1.0,1.0,0.0,0.2509690523147583,0.0,0.0,0.0,0.0,0.0,0.0,0.0,2.6875,0.9492753623188406,0.032857616993030206,2,0,0,0,0.0,0.0,0.0,0.0,0.0,0.0,0.0,0.0,0.0,0.0,0,0,0.0,0.0,0.0,1,0,0,0
test,positive,1,1,MATCH,1.0,10516,instagram,hikari5r,,hikari5r,10517,twitter,hikari5r,,hikari5r,1.0,1.0,1.0,1.0,1.0,1.0,0.0,0.06349766254425049,0.0,0.0,0.0,0.0,0.0,0.0,0.0,23.0,0.0,0.043478260869565216,2,0,0,0,0.0,0.0,0.0,0.0,0.0,0.0,0.0,0.0,0.0,0.0,0,0,0.0,0.0,0.0,1,0,0,0
test,positive,1,1,MATCH,1.0,4994,googleplus,hillaryfox,hillary fox,hillaryfox,4995,twitter,hillaryfox,hillary fox,hillaryfox,1.0,1.0,1.0,1.0,1.0,1.0,0.2815839279926252,0.7112661004066467,0.0,0.0,0.0,0.0,0.0,0.0,0.0,2.69047619047619,0.7395833333333334,0.019586267605633804,1,0,0,0,0.0,0.0,0.0,0.0,0.0,0.0,0.0,0.0,0.0,0.0,0,0,0.0,0.0,0.0,1,0,0,0
test,positive,1,1,MATCH,1.0,10520,instagram,hoitepolkamp,hoite polkamp,hoite,10521,twitter,hoitepolkamp,hoitepolkamp,hoite,1.0,1.0,1.0,0.9846153846153847,0.9230769230769231,0.96,0.0,0.21722421050071716,0.0,0.0,0.0,0.0,0.0,0.0,0.0,5.083333333333333,0.0,0.013888888888888888,2,0,0,0,0.0,0.0,0.0,0.0,0.0,0.0,0.0,0.0,0.0,0.0,0,0,0.0,0.0,0.0,1,0,0,0
test,positive,1,1,MATCH,1.0,5042,googleplus,huldarode,hulda rode,huldarode,5043,twitter,huldarode,hulda rode,huldarode,1.0,1.0,1.0,1.0,1.0,1.0,0.39199799647316813,0.4288126826286316,0.0,0.0,0.0,0.0,0.0,0.0,0.0,0.9379310344827587,0.07376058041112454,0.009138303566118899,1,0,0,0,0.0,0.0,0.0,0.0,0.0,0.0,0.0,0.0,0.0,0.0,0,0,0.0,0.0,0.0,1,0,0,0
test,positive,1,1,MATCH,1.0,5080,googleplus,emersonquevedo,emerson quevedo,iEmerson,5081,twitter,iemerson,emerson quevedo,iEmerson,0.7916666666666666,0.4285714285714286,0.6363636363636364,1.0,1.0,1.0,0.4868181419627364,0.8347399830818176,0.0,0.0,0.0,0.0,0.0,0.0,0.0,1.0201450443190971,0.2641509433962264,0.006469002695417789,1,1,0,1,0.0,0.0,0.0,0.0,0.0,0.0,0.0,0.0,0.0,0.0,0,0,0.0,0.0,0.0,1,0,0,0
test,positive,1,1,MATCH,1.0,10588,instagram,ihnnno,,iHnnno,10589,twitter,ihnnno,,iHnnno,1.0,1.0,1.0,1.0,1.0,1.0,0.0,1.0,0.0,0.0,0.0,0.0,0.0,0.0,0.0,0.0,1.0,0.0,2,1,0,1,0.0,0.0,0.0,0.0,0.0,0.0,0.0,0.0,0.0,0.0,0,0,0.0,0.0,0.0,1,0,0,0
test,positive,1,1,MATCH,1.0,10540,instagram,iainmhepburn,iain hepburn,iainmhepburn,10541,twitter,iainmhepburn,iain hepburnprotected tweets,iainmhepburn,1.0,1.0,1.0,0.8857142857142858,0.4285714285714286,0.6,0.0,0.14833475649356842,0.0,0.0,0.0,0.0,0.0,0.0,0.0,3.7083333333333335,0.1724137931034483,0.06896551724137931,2,0,0,0,0.0,0.0,0.0,0.0,0.0,0.0,0.0,0.0,0.0,0.0,0,0,0.0,0.0,0.0,1,0,0,0
test,positive,1,1,MATCH,1.0,10556,instagram,ianmunroe,ian munroe,ianmunroe,10557,twitter,ianmunroe,ian munroe,ianmunroe,1.0,1.0,1.0,1.0,1.0,1.0,0.018532795938848292,0.293354332447052,0.0,0.0,0.0,0.0,0.0,0.0,0.0,1.8611111111111116,1.0,0.030303030303030304,2,0,0,0,0.0,0.0,0.0,0.0,0.0,0.0,0.0,0.0,0.0,0.0,0,0,0.0,0.0,0.0,1,0,0,0
test,positive,1,1,MATCH,1.0,10582,instagram,iclapers,ignasi clapers,ignasi,10583,twitter,iclapers,ignasi clapers,ignasi,1.0,1.0,1.0,1.0,1.0,1.0,0.5048426154522494,0.4970591962337494,0.0,0.0,0.0,0.0,0.0,0.0,0.0,3.0333333333333323,0.5454545454545454,0.1859504132231405,2,1,0,1,0.0,0.0,0.0,0.0,0.0,0.0,0.0,0.0,0.0,0.0,0,0,0.0,0.0,0.0,1,0,0,0
test,positive,1,1,MATCH,1.0,10598,instagram,individjoality,joanna white,individjoality,10599,twitter,individjoality,joanna white,individjoality,1.0,1.0,1.0,1.0,1.0,1.0,0.22833946696368576,0.3821318745613098,0.0,0.0,0.0,0.0,0.0,0.0,0.0,0.06666666666666732,0.8231292517006803,0.007252487771968283,2,0,0,0,0.0,0.0,0.0,0.0,0.0,0.0,0.0,0.0,0.0,0.0,0,0,0.0,0.0,0.0,1,0,0,0
test,positive,1,1,MATCH,1.0,5122,googleplus,indranilchanda,indranil chanda,indranilchanda,5123,twitter,indranilchanda,indranil chanda,indranilchanda,1.0,1.0,1.0,1.0,1.0,1.0,0.0,0.10770735144615173,0.0,0.0,0.0,0.0,0.0,0.0,0.0,4.777777777777778,0.0,0.06451612903225806,1,1,0,1,0.0,0.0,0.0,0.0,0.0,0.0,0.0,0.0,0.0,0.0,0,0,0.0,0.0,0.0,1,0,0,0
test,positive,1,1,MATCH,1.0,10604,instagram,informo,mattias jnsson,informo,10605,twitter,informo,yo informo,informo,1.0,1.0,1.0,0.47857142857142865,0.1428571428571429,0.25,0.0,0.15773198008537292,0.0,0.0,0.0,0.0,0.0,0.0,0.0,0.033333333333333215,0.9032258064516129,0.012672811059907835,2,1,0,1,0.0,0.0,0.0,0.0,0.0,0.0,0.0,0.0,0.0,0.0,0,0,0.0,0.0,0.0,1,0,0,0
test,positive,1,1,MATCH,1.0,10618,instagram,irvannsuryanto,irvan n suryanto,irvannsuryanto,10619,twitter,irvannsuryanto,irvan n suryanto,irvannsuryanto,1.0,1.0,1.0,1.0,1.0,1.0,0.7732856498810341,0.8776977062225342,0.0,0.0,0.0,0.0,0.0,0.0,0.0,1.333333333333333,0.8588235294117647,0.00016116035455278344,2,0,0,0,0.0,0.0,0.0,0.0,0.0,0.0,0.0,0.0,0.0,0.0,0,0,0.0,0.0,0.0,1,0,0,0
test,positive,1,1,MATCH,1.0,10622,instagram,iscvladimir,vladimir toledo,iscvladimir,10623,twitter,iscvladimir,vladimir toledo,iscvladimir,1.0,1.0,1.0,1.0,1.0,1.0,0.9999999999999999,0.8486016988754272,0.0,0.0,0.0,0.0,0.0,0.0,0.0,0.11111111111111072,0.86875,0.00683453237410072,2,0,0,0,0.0,0.0,0.0,0.0,0.0,0.0,0.0,0.0,0.0,0.0,0,0,0.0,0.0,0.0,1,0,0,0
test,positive,1,1,MATCH,1.0,10626,instagram,issaelk,issael falcon,issaelk,10627,twitter,issaelk,issael falcon,issaelk,1.0,1.0,1.0,1.0,1.0,1.0,0.0,0.13447383046150208,0.0,0.0,0.0,0.0,0.0,0.0,0.0,5.5,0.0,0.017241379310344827,2,1,0,1,0.0,0.0,0.0,0.0,0.0,0.0,0.0,0.0,0.0,0.0,0,0,0.0,0.0,0.0,1,0,0,0
test,positive,1,1,MATCH,1.0,5182,googleplus,michaelrobertlawrenceitsec,michael r lawrence,itsecmichaelrlawrence,5183,twitter,lonewolf359,michael r lawrence,itsecmichaelrlawrence,0.41561771561771566,0.15384615384615385,0.2162162162162162,1.0,1.0,1.0,0.32076743476531167,0.584194540977478,0.0,0.0,0.0,0.0,0.0,0.0,0.0,0.31490683229813676,0.05877551020408163,0.017993197278911563,1,1,0,1,0.0,0.0,0.0,0.0,0.0,0.0,0.0,0.0,0.0,0.0,0,0,0.0,0.0,0.0,1,0,0,0
test,positive,1,1,MATCH,1.0,10638,instagram,ittakesii,julin gustavo gmez,ittakesii,10639,twitter,ittakesii,julin gustavo gmez,ittakesii,1.0,1.0,1.0,1.0,1.0,1.0,0.0,0.35003334283828735,0.0,0.0,0.0,0.0,0.0,0.0,0.0,1.0,0.3026315789473684,0.009153318077803202,2,0,0,0,0.0,0.0,0.0,0.0,0.0,0.0,0.0,0.0,0.0,0.0,0,0,0.0,0.0,0.0,1,0,0,0
test,positive,1,1,MATCH,1.0,10640,instagram,teleadictoyque,ivn llera,ivanllera,10641,twitter,teleadictoyque,ivn llera,ivanllera,1.0,1.0,1.0,1.0,1.0,1.0,0.0,0.27229997515678406,0.0,0.0,0.0,0.0,0.0,0.0,0.0,7.066666666666666,0.1724137931034483,0.05172413793103448,2,0,0,0,0.0,0.0,0.0,0.0,0.0,0.0,0.0,0.0,0.0,0.0,0,0,0.0,0.0,0.0,1,0,0,0
test,positive,1,1,MATCH,1.0,10644,instagram,ivetastic,ivetastic,ivetastic,10645,twitter,ivetastic,ivetastic,ivetastic,1.0,1.0,1.0,1.0,1.0,1.0,0.0,0.30927467346191406,0.0,0.0,0.0,0.0,0.0,0.0,0.0,8.592592592592592,0.0896551724137931,0.056233421750663135,2,0,0,0,0.0,0.0,0.0,0.0,0.0,0.0,0.0,0.0,0.0,0.0,0,0,0.0,0.0,0.0,1,0,0,0
test,positive,1,1,MATCH,1.0,10664,instagram,jbnotes,jacqui b,jacquibarrineau,10665,twitter,jbnotes,jacqui barrineauverified account,jacquibarrineau,1.0,1.0,1.0,0.85,0.25,0.4,0.21022183205397565,0.4694772958755493,0.0,0.0,0.0,0.0,0.0,0.0,0.0,1.4884210526315789,0.952054794520548,0.017147925495220262,2,0,0,0,0.0,0.0,0.0,0.0,0.0,0.0,0.0,0.0,0.0,0.0,0,0,0.0,0.0,0.0,1,0,0,0
test,positive,1,1,MATCH,1.0,10680,instagram,jakejarvis,jake jarvis,jakejarvis,10681,twitter,jakejarvis,jake jarvis,jakejarvis,1.0,1.0,1.0,1.0,1.0,1.0,0.5206655136737253,0.7474706172943115,0.0,0.0,0.0,0.0,0.0,0.0,0.0,0.12605042016806767,0.3956043956043956,0.027167277167277168,2,0,0,0,0.0,0.0,0.0,0.0,0.0,0.0,0.0,0.0,0.0,0.0,0,0,0.0,0.0,0.0,1,0,0,0
test,positive,1,1,MATCH,1.0,10690,instagram,jamesbuck,james buck,jamesbuck,10691,twitter,jamesbuck,james buck,jamesbuck,1.0,1.0,1.0,1.0,1.0,1.0,0.12972948694638395,0.5725342631340027,0.0,0.0,0.0,0.0,0.0,0.0,0.0,1.365384615384615,0.7551020408163265,0.023166023166023175,2,0,0,0,0.0,0.0,0.0,0.0,0.0,0.0,0.0,0.0,0.0,0.0,0,0,0.0,0.0,0.0,1,0,0,0
test,positive,1,1,MATCH,1.0,10694,instagram,jamescolman,james colman,jamescolman,10695,twitter,jamescolman,james colman,jamescolman,1.0,1.0,1.0,1.0,1.0,1.0,0.2409171867862988,0.3954571485519409,0.0,0.0,0.0,0.0,1.0,0.0,0.0,1.1527777777777777,0.8985507246376812,0.04523141654978963,2,0,0,0,0.0,0.0,0.0,0.0,0.0,0.0,0.0,0.0,0.0,0.0,0,0,0.0,0.0,0.0,1,0,0,0
test,positive,1,1,MATCH,1.0,10700,instagram,joliveiraphoto,james oliveira,jamesoliveira,10701,twitter,joliveiraphoto,james oliveira,jamesoliveira,1.0,1.0,1.0,1.0,1.0,1.0,0.08160315189544003,0.6235853433609009,0.0,0.0,0.0,0.0,0.0,0.0,0.0,0.6666666666666661,0.4473684210526316,0.006191950464396287,2,0,0,0,0.0,0.0,0.0,0.0,0.0,0.0,0.0,0.0,0.0,0.0,0,0,0.0,0.0,0.0,1,0,0,0
test,positive,1,1,MATCH,1.0,10702,instagram,questjames,james quest,jamesquest,10703,twitter,questjames,james quest,jamesquest,1.0,1.0,1.0,1.0,1.0,1.0,0.0,0.170899897813797,0.0,0.0,0.0,0.0,0.0,0.0,0.0,5.333333333333333,0.0,0.0728476821192053,2,1,0,1,0.0,0.0,0.0,0.0,0.0,0.0,0.0,0.0,0.0,0.0,0,0,0.0,0.0,0.0,1,0,0,0
test,positive,1,1,MATCH,1.0,10708,instagram,jsrocker,james squire,jamessquire,10709,twitter,jsrocker,james squire,jamessquire,1.0,1.0,1.0,1.0,1.0,1.0,0.0,1.0,0.0,0.0,0.0,0.0,0.0,0.0,0.0,0.0,1.0,0.0,2,1,0,1,0.0,0.0,0.0,0.0,0.0,0.0,0.0,0.0,0.0,0.0,0,0,0.0,0.0,0.0,1,0,0,0
test,positive,1,1,MATCH,1.0,10712,instagram,jamiepappas423,jamie pappas,jamiepappas,10713,twitter,jamiepappas,jamie pappas,jamiepappas,0.9571428571428571,0.7857142857142857,0.88,1.0,1.0,1.0,0.8473756501966307,0.8190246820449829,0.0,0.0,0.0,0.0,0.0,0.0,0.0,0.2706766917293235,0.9416058394160584,0.0018672551349516175,2,0,0,0,0.0,0.0,0.0,0.0,0.0,0.0,0.0,0.0,0.0,0.0,0,0,0.0,0.0,0.0,1,0,0,0
test,positive,1,1,MATCH,1.0,10720,instagram,bijouxdejane,jane quillerat,janequillerat,10721,twitter,bijouxdejane,jane quillerat,janequillerat,1.0,1.0,1.0,1.0,1.0,1.0,0.6944696666606768,0.6115912199020386,0.0,0.0,0.0,0.0,0.0,0.0,0.0,0.9272727272727277,0.39285714285714285,0.03571428571428571,2,0,0,0,0.0,0.0,0.0,0.0,0.0,0.0,0.0,0.0,0.0,0.0,0,0,0.0,0.0,0.0,1,0,0,0
test,positive,1,1,MATCH,1.0,5274,googleplus,janislacouve,janis la couve,janislacouvee,5275,twitter,lacouvee,janis la couve,janislacouvee,0.7718253968253969,0.5,0.7,1.0,1.0,1.0,0.31091197684024907,0.3296906650066376,0.0,0.0,0.0,0.0,0.0,0.0,0.0,2.5303030303030303,0.875,0.010989010989010992,1,0,0,0,0.0,0.0,0.0,0.0,0.0,0.0,0.0,0.0,0.0,0.0,0,0,0.0,0.0,0.0,1,0,0,0
test,positive,1,1,MATCH,1.0,10722,instagram,janumedia,i nengah januartha,januartha,10723,twitter,janumedia,i nengah januartha,januartha,1.0,1.0,1.0,1.0,1.0,1.0,0.0,0.05911881476640701,0.0,0.0,0.0,0.0,0.0,0.0,0.0,4.0,0.8709677419354839,0.07586618876941457,2,1,0,1,0.0,0.0,0.0,0.0,0.0,0.0,0.0,0.0,0.0,0.0,0,0,0.0,0.0,0.0,1,0,0,0
test,positive,1,1,MATCH,1.0,10726,instagram,jarbasribeiro,jarbas ribeiro,jarbasribeiro,10727,twitter,jarbasribeiro,tropical,jarbasribeiro,1.0,1.0,1.0,0.4186507936507937,0.1428571428571429,0.18181818181818177,0.0,0.034977465867996216,0.0,0.0,0.0,0.0,0.0,0.0,0.0,5.0,0.0,0.035398230088495575,2,0,0,0,0.0,0.0,0.0,0.0,0.0,0.0,0.0,0.0,0.0,0.0,0,0,0.0,0.0,0.0,1,0,0,0
test,positive,1,1,MATCH,1.0,5286,googleplus,jaredzlotnick,jared zlotnick,jaredzlotnick,5287,twitter,jaredzlotnick,jared zlotnick,jaredzlotnick,1.0,1.0,1.0,1.0,1.0,1.0,0.0,0.04705324023962021,0.0,0.0,0.0,0.0,0.0,0.0,0.0,1.9772727272727275,0.06402439024390244,0.009146341463414634,1,0,0,0,0.0,0.0,0.0,0.0,0.0,0.0,0.0,0.0,0.0,0.0,0,0,0.0,0.0,0.0,1,0,0,0
test,positive,1,1,MATCH,1.0,5292,googleplus,jasminevalveux,jasmine valveux,jasminevalveux,5293,twitter,jasminevalveux,jasmine valveux,jasminevalveux,1.0,1.0,1.0,1.0,1.0,1.0,0.0,0.12638163566589355,0.0,0.0,0.0,0.0,0.0,0.0,0.0,4.611111111111111,0.0,0.01,1,1,0,1,0.0,0.0,0.0,0.0,0.0,0.0,0.0,0.0,0.0,0.0,0,0,0.0,0.0,0.0,1,0,0,0
test,positive,1,1,MATCH,1.0,10732,instagram,appertunity,jason feather,jasonfeather,10733,twitter,appertunity,jason feather,jasonfeather,1.0,1.0,1.0,1.0,1.0,1.0,0.0,0.31361034512519836,0.0,0.0,0.0,0.0,0.0,0.0,0.0,2.1527777777777777,0.9864864864864865,0.0398000740466494,2,0,0,0,0.0,0.0,0.0,0.0,0.0,0.0,0.0,0.0,0.0,0.0,0,0,0.0,0.0,0.0,1,0,0,0
test,positive,1,1,MATCH,1.0,10736,instagram,jkleist,jason kleist,jasonkleist,10737,twitter,jkleist,ninjason,jasonkleist,1.0,1.0,1.0,0.5472222222222222,0.16666666666666663,0.5,0.0,0.21196933090686798,0.0,0.0,0.0,0.0,0.0,0.0,0.0,2.9111111111111114,0.36036036036036034,0.02207207207207207,2,0,0,0,0.0,0.0,0.0,0.0,0.0,0.0,0.0,0.0,0.0,0.0,0,0,0.0,0.0,0.0,1,0,0,0
test,positive,1,1,MATCH,1.0,10746,instagram,jasonsyptak,,jasonsyptak,10747,twitter,jasonsyptak,,jasonsyptak,1.0,1.0,1.0,1.0,1.0,1.0,0.0,0.1923031508922577,0.0,0.0,0.0,0.0,0.0,0.0,0.0,6.916666666666667,0.0,0.02127659574468085,2,0,0,0,0.0,0.0,0.0,0.0,0.0,0.0,0.0,0.0,0.0,0.0,0,0,0.0,0.0,0.0,1,0,0,0
test,positive,1,1,MATCH,1.0,10750,instagram,jasonbonvivant,jason tse,jasontse,10751,twitter,jasonbonvivant,jason tse,jasontse,1.0,1.0,1.0,1.0,1.0,1.0,0.20500980728724016,0.5830593109130859,0.0,0.0,0.0,0.0,0.0,0.0,0.0,0.276190476190477,0.4462809917355372,0.004285277012549743,2,1,0,1,0.0,0.0,0.0,0.0,0.0,0.0,0.0,0.0,0.0,0.0,0,0,0.0,0.0,0.0,1,0,0,0
test,positive,1,1,MATCH,1.0,10766,instagram,jccortes,jc cortes,jccortes,10767,twitter,jccortes,juan carlos corts,jccortes,1.0,1.0,1.0,0.5620915032679737,0.4117647058823529,0.5384615384615384,0.5816021435055165,0.7579052448272705,0.0,0.0,0.0,0.0,0.0,0.0,0.0,0.5595238095238102,0.6305732484076433,0.028758926848098824,2,0,0,0,0.0,0.0,0.0,0.0,0.0,0.0,0.0,0.0,0.0,0.0,0,0,0.0,0.0,0.0,1,0,0,0
test,positive,1,1,MATCH,1.0,10794,instagram,sjbaxter1,jeff baxter,jeffbaxter,10795,twitter,sjbaxter,jeff baxter,jeffbaxter,0.9777777777777777,0.8888888888888888,0.9411764705882352,1.0,1.0,1.0,0.12189740904789667,0.6778058409690857,0.0,0.0,0.0,0.0,0.0,0.0,0.0,0.6425000000000001,0.7074829931972789,0.020866038723181584,2,0,0,0,0.0,0.0,0.0,0.0,0.0,0.0,0.0,0.0,0.0,0.0,0,0,0.0,0.0,0.0,1,0,0,0
test,positive,1,1,MATCH,1.0,10810,instagram,jefftabaco,jeff tabaco,jefftabaco,10811,twitter,jefftabaco,jeff tabaco,jefftabaco,1.0,1.0,1.0,1.0,1.0,1.0,0.0,0.4924197196960449,0.0,0.0,0.0,0.0,0.0,0.0,0.0,1.1575757575757573,0.625,0.010000000000000002,2,0,0,0,0.0,0.0,0.0,0.0,0.0,0.0,0.0,0.0,0.0,0.0,0,0,0.0,0.0,0.0,1,0,0,0
test,positive,1,1,MATCH,1.0,10826,instagram,fiery_jennyrose,jennifer r mullin,jennifermullin,10827,twitter,fiery_jennyrose,jennifer r mullin,jennifermullin,1.0,1.0,1.0,1.0,1.0,1.0,0.3320530880231487,0.6687384843826294,0.0,0.0,0.0,0.0,0.0,0.0,0.0,0.1416666666666666,0.9557522123893806,0.00040970173713536506,2,0,0,0,0.0,0.0,0.0,0.0,0.0,0.0,0.0,0.0,0.0,0.0,0,0,0.0,0.0,0.0,1,0,0,0
test,positive,1,1,MATCH,1.0,5392,googleplus,jensparks,jen sparks,jensparksart,5393,twitter,jensparksart,jen sparks,jensparksart,0.95,0.75,0.8571428571428572,1.0,1.0,1.0,0.14261030723289614,0.5228999257087708,0.0,0.0,0.0,0.0,0.0,0.0,0.0,1.8636363636363633,0.4175824175824176,0.10294968189705031,1,0,0,0,0.0,0.0,0.0,0.0,0.0,0.0,0.0,0.0,0.0,0.0,0,0,0.0,0.0,0.0,1,0,0,0
test,positive,1,1,MATCH,1.0,5396,googleplus,jeremyvitale,jeremy vitale,jeremyvitale,5397,twitter,jeremyvitale,jeremy vitale,jeremyvitale,1.0,1.0,1.0,1.0,1.0,1.0,0.0,0.4039630889892578,0.0,0.0,0.0,0.0,0.0,0.0,0.0,0.04999999999999982,0.39285714285714285,0.024675324675324677,1,0,0,0,0.0,0.0,0.0,0.0,0.0,0.0,0.0,0.0,0.0,0.0,0,0,0.0,0.0,0.0,1,0,0,0
test,positive,1,1,MATCH,1.0,5408,googleplus,jessicasideways,jessica sideways,jessicasideways,5409,twitter,jessicasideways,jessica sideways,jessicasideways,1.0,1.0,1.0,1.0,1.0,1.0,0.06808649281658273,0.24797499179840088,0.0,0.0,0.0,0.0,0.0,0.0,0.0,1.979166666666667,0.14695340501792115,0.038027799632835035,1,0,0,0,0.0,0.0,0.0,0.0,0.0,0.0,0.0,0.0,0.0,0.0,0,0,0.0,0.0,0.0,1,0,0,0
test,positive,1,1,MATCH,1.0,10874,instagram,jetan,masato w,jetan,10875,twitter,jetan,masato w,jetan,1.0,1.0,1.0,1.0,1.0,1.0,0.03133375748099085,0.04431059956550598,0.0,0.0,0.0,0.0,0.0,0.0,0.0,8.721153846153847,0.7808219178082192,0.04169670752223023,2,0,0,0,0.0,0.0,0.0,0.0,0.0,0.0,0.0,0.0,0.0,0.0,0,0,0.0,0.0,0.0,1,0,0,0
test,positive,1,1,MATCH,1.0,10880,instagram,jgomezt,jgomezt,jgomezt,10881,twitter,jgomezt,jgomezt,jgomezt,1.0,1.0,1.0,1.0,1.0,1.0,0.3403610091681456,0.5065337419509888,0.0,0.0,0.0,0.0,0.0,0.0,0.0,1.1904761904761898,0.7052631578947368,0.04383346425765906,2,0,0,0,0.0,0.0,0.0,0.0,0.0,0.0,0.0,0.0,0.0,0.0,0,0,0.0,0.0,0.0,1,0,0,0
test,positive,1,1,MATCH,1.0,10892,instagram,jhporte,jeff porter,jhporte,10893,twitter,jhporte,jeff porter,jhporte,1.0,1.0,1.0,1.0,1.0,1.0,0.0,0.07703106105327606,0.0,0.0,0.0,0.0,0.0,0.0,0.0,4.769230769230769,0.0,0.05405405405405406,2,1,0,1,0.0,0.0,0.0,0.0,0.0,0.0,0.0,0.0,0.0,0.0,0,0,0.0,0.0,0.0,1,0,0,0
test,positive,1,1,MATCH,1.0,10894,instagram,jhullyk,jhully koller,jhullyk,10895,twitter,jhullyk,jk para presidente,jhullyk,1.0,1.0,1.0,0.4207977207977207,0.16666666666666663,0.19354838709677424,0.3471430976431851,0.5623654127120972,0.0,0.0,0.0,0.0,0.0,0.0,0.0,0.21590909090909083,0.4383561643835616,0.016695205479452052,2,0,0,0,0.0,0.0,0.0,0.0,0.0,0.0,0.0,0.0,0.0,0.0,0,0,0.0,0.0,0.0,1,0,0,0
test,positive,1,1,MATCH,1.0,5434,googleplus,jimhaysom,jim haysom,jimhaysom,5435,twitter,jimhaysom,jim haysom,jimhaysom,1.0,1.0,1.0,1.0,1.0,1.0,0.034903680832970754,0.3423950970172882,0.0,0.0,0.0,0.0,0.0,0.0,0.0,0.8738738738738734,0.5504201680672269,0.051125793828981976,1,0,0,0,0.0,0.0,0.0,0.0,0.0,0.0,0.0,0.0,0.0,0.0,0,0,0.0,0.0,0.0,1,0,0,0
test,positive,1,1,MATCH,1.0,10896,instagram,jimmyether,jimmy ether,jimmyether,10897,twitter,jimmyether,jimmy ether,jimmyether,1.0,1.0,1.0,1.0,1.0,1.0,0.3512716450650386,0.5762738585472107,0.0,0.0,0.0,0.0,0.0,0.0,0.0,0.7142857142857144,0.6308724832214765,0.01949164643724119,2,0,0,0,0.0,0.0,0.0,0.0,0.0,0.0,0.0,0.0,0.0,0.0,0,0,0.0,0.0,0.0,1,0,0,0
test,positive,1,1,MATCH,1.0,10902,instagram,townsendtribe,jim townsend,jimtownsend,10903,twitter,townsendtribe,jim townsend,jimtownsend,1.0,1.0,1.0,1.0,1.0,1.0,0.0,0.20701152086257935,0.0,0.0,0.0,0.0,0.0,0.0,0.0,5.888888888888889,0.0,0.08196721311475409,2,0,0,0,0.0,0.0,0.0,0.0,0.0,0.0,0.0,0.0,0.0,0.0,0,0,0.0,0.0,0.0,1,0,0,0
test,positive,1,1,MATCH,1.0,10904,instagram,jinkwell,jennifer kye,jinkwell,10905,twitter,jinkwell,jen kye,jinkwell,1.0,1.0,1.0,0.8361111111111111,0.5833333333333333,0.736842105263158,0.3583769423800482,0.3521007299423218,0.0,0.0,0.0,0.0,0.0,0.0,0.015151515151515152,4.097435897435896,0.6893939393939394,0.04512154512154512,2,0,0,0,0.0,0.0,0.0,0.0,0.0,0.0,0.0,0.0,0.0,0.0,0,0,0.0,0.0,0.0,1,0,0,0
test,positive,1,1,MATCH,1.0,10910,instagram,jjnford,jj ford,jjNford,10911,twitter,jjnford,jj ford,jjNford,1.0,1.0,1.0,1.0,1.0,1.0,0.0,0.16321158409118652,0.0,0.0,0.0,0.0,0.0,0.0,0.0136986301369863,5.25,0.18493150684931506,0.05200405885337392,2,0,0,0,0.0,0.0,0.0,0.0,0.0,0.0,0.0,0.0,0.0,0.0,0,0,0.0,0.0,0.0,1,0,0,0
test,positive,1,1,MATCH,1.0,10922,instagram,rousehouse1013,jake rouse,jnrouse,10923,twitter,rousehouse1013,jake rouse,jnrouse,1.0,1.0,1.0,1.0,1.0,1.0,0.0,0.1460503339767456,0.0,0.0,0.0,0.0,0.0,0.0,0.0,5.916666666666667,0.0,0.06097560975609756,2,0,0,0,0.0,0.0,0.0,0.0,0.0,0.0,0.0,0.0,0.0,0.0,0,0,0.0,0.0,0.0,1,0,0,0
test,positive,1,1,MATCH,1.0,5484,googleplus,joegande,joe gande,joegande,5485,twitter,joegande,joe gande,joegande,1.0,1.0,1.0,1.0,1.0,1.0,0.42870642636069084,0.4286935329437256,0.0,0.0,0.0,0.0,0.0,0.0,0.0,10.95,0.70625,0.020353982300884962,1,1,0,1,0.0,0.0,0.0,0.0,0.0,0.0,0.0,0.0,0.0,0.0,0,0,0.0,0.0,0.0,1,0,0,0
test,positive,1,1,MATCH,1.0,5492,googleplus,joeortenzi,joe ortenzi,joeortenzi,5493,twitter,wheelyweb,joe ortenzi,joeortenzi,0.4740740740740741,0.09999999999999998,0.21052631578947367,1.0,1.0,1.0,0.29345251829675056,0.7796398401260376,0.0,0.0,0.0,0.0,0.0,0.0,0.0,1.0888888888888895,0.9748427672955975,0.03968350578210591,1,0,0,0,0.0,0.0,0.0,0.0,0.0,0.0,0.0,0.0,0.0,0.0,0,0,0.0,0.0,0.0,1,0,0,0
test,positive,1,1,MATCH,1.0,5496,googleplus,joeprice77,joe price,joeprice77,5497,twitter,joeprice77,joe price,joeprice77,1.0,1.0,1.0,1.0,1.0,1.0,0.0,0.19270078837871552,0.0,0.0,0.0,0.0,0.0,0.0,0.0,1.333333333333333,0.9099099099099099,0.04406386584604406,1,0,0,0,0.0,0.0,0.0,0.0,0.0,0.0,0.0,0.0,0.0,0.0,0,0,0.0,0.0,0.0,1,0,0,0
test,positive,1,1,MATCH,1.0,10950,instagram,jogais,jordi gangolells isanta,jogais,10951,twitter,jogais,jordi gangolells,jogais,1.0,1.0,1.0,0.9391304347826087,0.6956521739130435,0.8205128205128205,0.21698412137042317,0.463062047958374,0.0,0.0,0.0,0.0,0.6666666666666666,0.0,0.017857142857142856,0.4465240641711228,0.7261904761904762,0.012002341920374714,2,0,0,0,0.0,0.0,0.0,0.0,0.0,0.0,0.0,0.0,0.0,0.0,0,0,0.0,0.0,0.0,1,0,0,0
test,positive,1,1,MATCH,1.0,10964,instagram,johnbulmer,john bulmer,johnbulmer,10965,twitter,johnbulmer,john bulmer,johnbulmer,1.0,1.0,1.0,1.0,1.0,1.0,0.6912432905550303,0.9144895076751709,0.0,0.0,0.0,0.0,0.0,0.0,0.0,0.0,0.7986111111111112,0.019021739130434784,2,0,0,0,0.0,0.0,0.0,0.0,0.0,0.0,0.0,0.0,0.0,0.0,0,0,0.0,0.0,0.0,1,0,0,0
test,positive,1,1,MATCH,1.0,10966,instagram,johnbentleyheng,john heng,johnheng,10967,twitter,johnbentleyheng,john heng,johnheng,1.0,1.0,1.0,1.0,1.0,1.0,0.0,0.07191422581672668,0.0,0.0,0.0,0.0,0.0,0.0,0.0,6.615384615384615,0.0,0.05102040816326531,2,1,0,1,0.0,0.0,0.0,0.0,0.0,0.0,0.0,0.0,0.0,0.0,0,0,0.0,0.0,0.0,1,0,0,0
test,positive,1,1,MATCH,1.0,10970,instagram,john_hutchings,john hutchings,johnhutchings,10971,twitter,john_hutchings,john hutchings,johnhutchings,1.0,1.0,1.0,1.0,1.0,1.0,0.0,0.12323452532291412,0.0,0.0,0.0,0.0,0.0,0.0,0.0,6.625,0.0,0.049586776859504134,2,1,0,1,0.0,0.0,0.0,0.0,0.0,0.0,0.0,0.0,0.0,0.0,0,0,0.0,0.0,0.0,1,0,0,0
test,positive,1,1,MATCH,1.0,10976,instagram,johnnylynch,johnny lynch,johnnylynch,10977,twitter,johnnylynch,johnny lynch,johnnylynch,1.0,1.0,1.0,1.0,1.0,1.0,0.0,0.0786745697259903,0.0,0.0,0.0,0.0,0.0,0.0,0.0,0.03623188405797162,0.7857142857142857,0.02597402597402597,2,0,0,0,0.0,0.0,0.0,0.0,0.0,0.0,0.0,0.0,0.0,0.0,0,0,0.0,0.0,0.0,1,0,0,0
test,positive,1,1,MATCH,1.0,10980,instagram,johnrelova,john relova,johnrelova,10981,twitter,johnrelova,jonald relova,johnrelova,1.0,1.0,1.0,0.8608857808857808,0.6923076923076923,0.8333333333333335,0.0,0.19687522947788239,0.0,0.0,0.0,0.0,0.0,0.0,0.0,4.0,0.8571428571428571,0.05555555555555555,2,1,0,1,0.0,0.0,0.0,0.0,0.0,0.0,0.0,0.0,0.0,0.0,0,0,0.0,0.0,0.0,1,0,0,0
test,positive,1,1,MATCH,1.0,10988,instagram,johnclifford,,johnvclifford,10989,twitter,johnvclifford,john clifford,johnvclifford,0.9846153846153847,0.9230769230769231,0.96,0.0,0.0,0.0,0.0,0.14269010722637177,0.0,0.0,0.0,0.0,0.0,0.0,0.0,5.15,0.0,0.01639344262295082,2,1,0,1,0.0,0.0,0.0,0.0,0.0,0.0,0.0,0.0,0.0,0.0,0,0,0.0,0.0,0.0,1,0,0,0
test,positive,1,1,MATCH,1.0,5540,googleplus,jonadair,jon adair,jonadair,5541,twitter,jonadair,jon adair,jonadair,1.0,1.0,1.0,1.0,1.0,1.0,0.25972314283348175,0.6575696468353271,0.0,0.0,0.0,0.0,0.0,0.0,0.0,1.9634551495016614,0.3743169398907104,0.006441705556220333,1,0,0,0,0.0,0.0,0.0,0.0,0.0,0.0,0.0,0.0,0.0,0.0,0,0,0.0,0.0,0.0,1,0,0,0
test,positive,1,1,MATCH,1.0,10998,instagram,meaningbusiness,jonathan champ,jonathanchamp,10999,twitter,meaningbusiness,jonathan champ,jonathanchamp,1.0,1.0,1.0,1.0,1.0,1.0,0.0,0.1554049402475357,0.0,0.0,0.0,0.0,0.0,0.0,0.0,3.666666666666667,0.49230769230769234,0.04567307692307693,2,0,0,0,0.0,0.0,0.0,0.0,0.0,0.0,0.0,0.0,0.0,0.0,0,0,0.0,0.0,0.0,1,0,0,0
test,positive,1,1,MATCH,1.0,11002,instagram,jonathangarda,jonathan garda,jonathangarda,11003,twitter,jonathangarda,jonathan garda,jonathangarda,1.0,1.0,1.0,1.0,1.0,1.0,0.0,0.54393070936203,0.0,0.0,0.0,0.0,0.0,0.0,0.0,0.8119658119658126,0.6067415730337079,0.010611735330836453,2,0,0,0,0.0,0.0,0.0,0.0,0.0,0.0,0.0,0.0,0.0,0.0,0,0,0.0,0.0,0.0,1,0,0,0
test,positive,1,1,MATCH,1.0,5552,googleplus,jondallas,jon dallas,jondallas,5553,twitter,jondallas,jon dallas,jondallas,1.0,1.0,1.0,1.0,1.0,1.0,0.03223972557241066,0.2006014585494995,0.0,0.0,0.0,0.0,0.0,0.0,0.0,0.5205882352941176,0.79375,0.06786417322834645,1,0,0,0,0.0,0.0,0.0,0.0,0.0,0.0,0.0,0.0,0.0,0.0,0,0,0.0,0.0,0.0,1,0,0,0
test,positive,1,1,MATCH,1.0,11010,instagram,jonfreeze,jon freeze,jonfreeze,11011,twitter,jonfreeze,jonfreeze,jonfreeze,1.0,1.0,1.0,0.9766666666666667,0.9,0.631578947368421,0.1269141749711805,0.6223928332328796,0.0,0.0,0.0,0.0,0.0,0.0,0.0,0.6558441558441563,0.7083333333333334,0.0232843137254902,2,0,0,0,0.0,0.0,0.0,0.0,0.0,0.0,0.0,0.0,0.0,0.0,0,0,0.0,0.0,0.0,1,0,0,0
test,positive,1,1,MATCH,1.0,11016,instagram,jonosapien,jonas caruana,jonosapien,11017,twitter,jonosapien,jonas caruana,jonosapien,1.0,1.0,1.0,1.0,1.0,1.0,0.18861609459212061,0.3937971591949463,0.0,0.0,0.0,0.0,0.0,0.0,0.006211180124223602,2.875,0.2981366459627329,0.012810559006211183,2,0,0,0,0.0,0.0,0.0,0.0,0.0,0.0,0.0,0.0,0.0,0.0,0,0,0.0,0.0,0.0,1,0,0,0
test,positive,1,1,MATCH,1.0,11024,instagram,imnotjk,jordan kong,jordankong,11025,twitter,imnotjk,jordan kong,jordankong,1.0,1.0,1.0,1.0,1.0,1.0,0.255126817055129,0.5658810138702393,0.0,0.0,0.0,0.0,0.0,0.0,0.0,0.6644736842105265,0.9489795918367347,0.07943822690366469,2,0,0,0,0.0,0.0,0.0,0.0,0.0,0.0,0.0,0.0,0.0,0.0,0,0,0.0,0.0,0.0,1,0,0,0
test,positive,1,1,MATCH,1.0,11032,instagram,jorgecist,jorge,jorgecist,11033,twitter,jorgecist,george,jorgecist,1.0,1.0,1.0,0.8222222222222223,0.6666666666666667,0.7272727272727273,0.0,0.2601868808269501,0.0,0.0,0.0,0.0,0.0,0.0,0.0,2.25,0.1509433962264151,0.018867924528301886,2,0,0,0,0.0,0.0,0.0,0.0,0.0,0.0,0.0,0.0,0.0,0.0,0,0,0.0,0.0,0.0,1,0,0,0
test,positive,1,1,MATCH,1.0,2160,googleplus,josephspendlovec,joseph spendlove,josephspendlove,2161,instagram,josephspendlove,joseph spendlove,josephspendlove,0.9874999999999999,0.9375,0.967741935483871,1.0,1.0,1.0,0.0,0.25402089953422546,0.0,0.0,0.0,0.0,0.0,0.0,0.012658227848101266,2.716666666666666,0.6012658227848101,0.027514990006662222,0,0,0,0,0.0,0.0,0.0,0.0,0.0,0.0,0.0,0.0,0.0,0.0,0,0,0.0,0.0,0.0,1,0,0,0
test,positive,1,1,MATCH,1.0,5606,googleplus,josezuazua,jose zuazua,josezuazua,5607,twitter,josezuazua,jose zuazua,josezuazua,1.0,1.0,1.0,1.0,1.0,1.0,0.0,0.3222842216491699,0.0,0.0,0.0,0.0,0.0,0.0,0.0,1.5775401069518722,0.49572649572649574,0.0166519304450339,1,0,0,0,0.0,0.0,0.0,0.0,0.0,0.0,0.0,0.0,0.0,0.0,0,0,0.0,0.0,0.0,1,0,0,0
test,positive,1,1,MATCH,1.0,11048,instagram,justdueck,josh dueck,joshdueck,11049,twitter,justdueck,josh dueck,joshdueck,1.0,1.0,1.0,1.0,1.0,1.0,0.0,0.15708231925964355,0.0,0.0,0.0,0.0,0.0,0.0,0.0,6.0,0.0,0.0,2,1,0,1,0.0,0.0,0.0,0.0,0.0,0.0,0.0,0.0,0.0,0.0,0,0,0.0,0.0,0.0,1,0,0,0
test,positive,1,1,MATCH,1.0,11054,instagram,joshuaarmstrong,joshua armstrong,joshuaarmstrongmusic,11055,twitter,joshuaarmstrong,joshua armstrong,joshuaarmstrongmusic,1.0,1.0,1.0,1.0,1.0,1.0,0.3578211981539827,0.38987886905670166,0.0,0.0,0.0,0.0,0.0,0.0,0.0,5.393939393939394,0.24817518248175183,0.04422498926577931,2,0,0,0,0.0,0.0,0.0,0.0,0.0,0.0,0.0,0.0,0.0,0.0,0,0,0.0,0.0,0.0,1,0,0,0
test,positive,1,1,MATCH,1.0,5634,googleplus,jotamarks18,jota marks,jotamarks,5635,twitter,jotamarks18,jota marks,jotamarks,1.0,1.0,1.0,1.0,1.0,1.0,0.0,1.0,0.0,0.0,0.0,0.0,0.0,0.0,0.0,0.0,1.0,0.0,1,0,0,0,0.0,0.0,0.0,0.0,0.0,0.0,0.0,0.0,0.0,0.0,0,0,0.0,0.0,0.0,1,0,0,0
test,positive,1,1,MATCH,1.0,5640,googleplus,joylynskey,joy lynskey,joylynskey,5641,twitter,joylynskey,joy lynskey,joylynskey,1.0,1.0,1.0,1.0,1.0,1.0,0.0377795311455514,0.25362628698349,0.0,0.0,0.0,0.0,0.0,0.0,0.0,1.1452380952380956,0.2857142857142857,0.005952380952380952,1,1,0,1,0.0,0.0,0.0,0.0,0.0,0.0,0.0,0.0,0.0,0.0,0,0,0.0,0.0,0.0,1,0,0,0
test,positive,1,1,MATCH,1.0,11078,instagram,jptobin,jp tobin,jptobin,11079,twitter,jptobin,jp tobin,jptobin,1.0,1.0,1.0,1.0,1.0,1.0,0.0,0.12715360522270203,0.0,0.0,0.0,0.0,0.0,0.0,0.0,4.75,0.0,0.13333333333333333,2,0,0,0,0.0,0.0,0.0,0.0,0.0,0.0,0.0,0.0,0.0,0.0,0,0,0.0,0.0,0.0,1,0,0,0
test,positive,1,1,MATCH,1.0,11088,instagram,jsuhn,jason,jsuhn,11089,twitter,jsuhn,jason,jsuhn,1.0,1.0,1.0,1.0,1.0,1.0,0.0,0.12696456909179688,0.0,0.0,0.0,0.0,0.0,0.0,0.0,7.0,0.0,0.07936507936507936,2,0,0,0,0.0,0.0,0.0,0.0,0.0,0.0,0.0,0.0,0.0,0.0,0,0,0.0,0.0,0.0,1,0,0,0
test,positive,1,1,MATCH,1.0,11096,instagram,jtross00,jacob ross,jtross00,11097,twitter,jtross00,jacob ross,jtross00,1.0,1.0,1.0,1.0,1.0,1.0,0.7901803647383261,0.7947781085968018,0.0,0.0,0.0,0.0,0.0,0.0,0.0,1.1439393939393927,0.9743589743589743,0.008996851102114258,2,0,0,0,0.0,0.0,0.0,0.0,0.0,0.0,0.0,0.0,0.0,0.0,0,0,0.0,0.0,0.0,1,0,0,0
test,positive,1,1,MATCH,1.0,11100,instagram,juanisaza,juan isaza,juanisaza,11101,twitter,juanisaza,juan isaza,juanisaza,1.0,1.0,1.0,1.0,1.0,1.0,0.16389457141939967,0.5700892806053162,0.0,0.0,0.0,0.0,0.0,0.0,0.0,3.741666666666667,0.9931972789115646,0.013092908396235212,2,0,0,0,0.0,0.0,0.0,0.0,0.0,0.0,0.0,0.0,0.0,0.0,0,0,0.0,0.0,0.0,1,0,0,0
test,positive,1,1,MATCH,1.0,11114,instagram,bunnybisous,jules frakes,juliafrakes,11115,twitter,bunnybisous,julia frakes,juliafrakes,1.0,1.0,1.0,0.8755555555555556,0.8333333333333334,0.8333333333333335,0.0,0.15210282802581787,0.0,0.0,0.0,0.0,0.0,0.0,0.024691358024691357,1.8888888888888884,0.627906976744186,0.020384725811082402,2,0,0,0,0.0,0.0,0.0,0.0,0.0,0.0,0.0,0.0,0.0,0.0,0,0,0.0,0.0,0.0,1,0,0,0
test,positive,1,1,MATCH,1.0,11120,instagram,julianna12369,jules s,juliannashapiro,11121,twitter,julianna12369,jules shapiro,juliannashapiro,1.0,1.0,1.0,0.9076923076923077,0.5384615384615384,0.7,0.10873794376426821,0.5629725456237793,0.0,0.0,0.0,0.0,0.0,0.0,0.0,1.5833333333333321,0.935251798561151,0.00420586607636967,2,0,0,0,0.0,0.0,0.0,0.0,0.0,0.0,0.0,0.0,0.0,0.0,0,0,0.0,0.0,0.0,1,0,0,0
test,positive,1,1,MATCH,1.0,2170,googleplus,julienallam,julien allam,julienallam,2171,instagram,julien_allam,julien allam,julienallam,0.9833333333333333,0.9166666666666666,0.9565217391304348,1.0,1.0,1.0,0.0,0.05691695958375931,0.0,0.0,0.0,0.0,0.0,0.0,0.10256410256410256,0.9166666666666661,0.2154696132596685,0.09151437880719648,0,0,0,0,0.0,0.0,0.0,0.0,0.0,0.0,0.0,0.0,0.0,0.0,0,0,0.0,0.0,0.0,1,0,0,0
test,positive,1,1,MATCH,1.0,11130,instagram,juliettemaxwell,julie,juliettemaxwell,11131,twitter,juliettemaxwell,julie,juliettemaxwell,1.0,1.0,1.0,1.0,1.0,1.0,0.8250707789580001,0.9023046493530273,0.0,0.0,0.0,0.0,0.0,0.0,0.0,0.33636363636363686,0.8674698795180723,0.0,2,0,0,0,0.0,0.0,0.0,0.0,0.0,0.0,0.0,0.0,0.0,0.0,0,0,0.0,0.0,0.0,1,0,0,0
test,positive,1,1,MATCH,1.0,11136,instagram,justbychan,jstn chn,justbychan,11137,twitter,justbychan,jbc,justbychan,1.0,1.0,1.0,0.6388888888888888,0.25,0.18181818181818177,0.0,1.0,0.0,0.0,0.0,0.0,0.0,0.0,0.0,0.0,1.0,0.0,2,1,0,1,0.0,0.0,0.0,0.0,0.0,0.0,0.0,0.0,0.0,0.0,0,0,0.0,0.0,0.0,1,0,0,0
test,positive,1,1,MATCH,1.0,11156,instagram,kaigait,kai gait,kaigait,11157,twitter,kaigait,kai gait,kaigait,1.0,1.0,1.0,1.0,1.0,1.0,0.032864407123994056,0.21417555212974548,0.0,0.0,0.0,0.0,0.0,0.0,0.0,0.08333333333333304,0.903448275862069,0.04185311924190577,2,0,0,0,0.0,0.0,0.0,0.0,0.0,0.0,0.0,0.0,0.0,0.0,0,0,0.0,0.0,0.0,1,0,0,0
test,positive,1,1,MATCH,1.0,11164,instagram,kmilanga,camilo andrs,kamo,11165,twitter,kmilanga,camilo andrs,kamo,1.0,1.0,1.0,1.0,1.0,1.0,0.0,0.19582891464233398,0.0,0.0,0.0,0.0,0.0,0.0,0.0,4.199999999999999,0.4954954954954955,0.09090909090909091,2,0,0,0,0.0,0.0,0.0,0.0,0.0,0.0,0.0,0.0,0.0,0.0,0,0,0.0,0.0,0.0,1,0,0,0
test,positive,1,1,MATCH,1.0,11166,instagram,kanhaku,alfredo ponce,kanhaku,11167,twitter,kanhaku,alfredo ponce,kanhaku,1.0,1.0,1.0,1.0,1.0,1.0,0.13789171040611253,0.3640536665916443,0.0,0.0,0.0,0.0,0.0,0.0,0.0,1.2428571428571429,0.785234899328859,0.010956232432742498,2,0,0,0,0.0,0.0,0.0,0.0,0.0,0.0,0.0,0.0,0.0,0.0,0,0,0.0,0.0,0.0,1,0,0,0
test,positive,1,1,MATCH,1.0,5746,googleplus,karenwink,karen wink,karenwink,5747,twitter,karenwink,karen wink,karenwink,1.0,1.0,1.0,1.0,1.0,1.0,0.014311719672981909,0.6358959078788757,0.0,0.0,0.0,0.0,0.0,0.0,0.0,3.0769230769230766,0.7037037037037037,0.021052631578947368,1,0,0,0,0.0,0.0,0.0,0.0,0.0,0.0,0.0,0.0,0.0,0.0,0,0,0.0,0.0,0.0,1,0,0,0
test,positive,1,1,MATCH,1.0,11182,instagram,karliits,krlis vns,karliits,11183,twitter,karliits,krlis,karliits,1.0,1.0,1.0,0.9111111111111111,0.5555555555555556,0.7142857142857143,0.0,0.44719618558883667,0.0,0.0,0.0,0.0,0.0,0.0,0.0,0.03571428571428559,0.5581395348837209,0.02810077519379845,2,0,0,0,0.0,0.0,0.0,0.0,0.0,0.0,0.0,0.0,0.0,0.0,0,0,0.0,0.0,0.0,1,0,0,0
test,positive,1,1,MATCH,1.0,11184,instagram,karolnut,karoline cruvinel,karolnut,11185,twitter,karolnut,karoline,karolnut,1.0,1.0,1.0,0.8941176470588236,0.47058823529411764,0.64,0.0,0.2694597542285919,0.0,0.0,0.0,0.0,0.0,0.0,0.0,5.6923076923076925,0.0,0.19767441860465115,2,0,0,0,0.0,0.0,0.0,0.0,0.0,0.0,0.0,0.0,0.0,0.0,0,0,0.0,0.0,0.0,1,0,0,0
test,positive,1,1,MATCH,1.0,11192,instagram,kathpom,kathy elliot pomerleau,kathypomerleau,11193,twitter,kathpom,kathy pomerleau,kathypomerleau,1.0,1.0,1.0,0.8963636363636363,0.6818181818181819,0.8108108108108109,0.0,0.30377113819122314,0.0,0.0,0.0,0.0,0.0,0.0,0.0,0.125,0.3660130718954248,0.04143323996265173,2,1,0,1,0.0,0.0,0.0,0.0,0.0,0.0,0.0,0.0,0.0,0.0,0,0,0.0,0.0,0.0,1,0,0,0
test,positive,1,1,MATCH,1.0,11196,instagram,letsbepreppy,katie,katierudder,11197,twitter,letsbepreppy,katie rudder,katierudder,1.0,1.0,1.0,0.8833333333333334,0.41666666666666663,0.5882352941176471,0.0,1.0,0.0,0.0,0.0,0.0,0.0,0.0,0.0,0.0,1.0,0.0,2,0,0,0,0.0,0.0,0.0,0.0,0.0,0.0,0.0,0.0,0.0,0.0,0,0,0.0,0.0,0.0,1,0,0,0
test,positive,1,1,MATCH,1.0,11210,instagram,kdj,kristy duncan,kdj,11211,twitter,kdj,kristy duncan,kdj,1.0,1.0,1.0,1.0,1.0,1.0,0.45344474214931785,0.6679707169532776,0.0,0.0,0.0,0.0,0.0,0.0,0.0,2.4318181818181817,0.5118110236220472,0.02967898243488795,2,0,0,0,0.0,0.0,0.0,0.0,0.0,0.0,0.0,0.0,0.0,0.0,0,0,0.0,0.0,0.0,1,0,0,0
test,positive,1,1,MATCH,1.0,11218,instagram,kekke828,keisuke makino,keisukemakino,11219,twitter,kekke828,keisuke makino,keisukemakino,1.0,1.0,1.0,1.0,1.0,1.0,0.31381160859296064,0.5269758701324463,0.0,0.0,0.0,0.0,0.0,0.0,0.0,2.420634920634921,0.925,0.01576576576576577,2,0,0,0,0.0,0.0,0.0,0.0,0.0,0.0,0.0,0.0,0.0,0.0,0,0,0.0,0.0,0.0,1,0,0,0
test,positive,1,1,MATCH,1.0,5792,googleplus,keithstonehart,keith stonehart,keithstonehart,5793,twitter,keithstonehart,keith stonehartprotected tweets,keithstonehart,1.0,1.0,1.0,0.8967741935483872,0.4838709677419355,0.6521739130434783,0.5152690685537837,0.7636580467224121,0.0,0.0,0.0,0.0,0.0,0.0,0.0,0.47712418300653603,0.16037735849056603,0.05327413984461709,1,0,0,0,0.0,0.0,0.0,0.0,0.0,0.0,0.0,0.0,0.0,0.0,0,0,0.0,0.0,0.0,1,0,0,0
test,positive,1,1,MATCH,1.0,2192,googleplus,keiththomasjackson,keith thomas jackson,keiththomasjackson,2193,instagram,keiththomasjackson,keith thomas jackson,keiththomasjackson,1.0,1.0,1.0,1.0,1.0,1.0,0.0,0.17089220881462097,0.0,0.0,0.0,0.0,0.0,0.0,0.0,1.7721428571428568,0.3425925925925926,0.02683933933933934,0,0,0,0,0.0,0.0,0.0,0.0,0.0,0.0,0.0,0.0,0.0,0.0,0,0,0.0,0.0,0.0,1,0,0,0
test,positive,1,1,MATCH,1.0,5800,googleplus,kellieelmore,kellie elmore,kellieelmore,5801,twitter,kellie_elmore,kellie elmore,kellieelmore,0.9846153846153847,0.9230769230769231,0.96,1.0,1.0,1.0,0.24500879921793384,0.5599497556686401,0.0,0.0,0.0,0.0,0.0,0.0,0.0,11.263157894736842,0.22282608695652173,0.027041357370095442,1,0,0,0,0.0,0.0,0.0,0.0,0.0,0.0,0.0,0.0,0.0,0.0,0,0,0.0,0.0,0.0,1,0,0,0
test,positive,1,1,MATCH,1.0,11224,instagram,kellymilkies,kelly ong xiao wei,kellymilkies,11225,twitter,kellymilkies,kelly,kellymilkies,1.0,1.0,1.0,0.8555555555555555,0.2777777777777778,0.43478260869565216,0.0,0.033427536487579346,0.0,0.0,0.0,0.0,0.0,0.0,0.013793103448275862,0.3095238095238093,0.6344827586206897,0.06206896551724138,2,0,0,0,0.0,0.0,0.0,0.0,0.0,0.0,0.0,0.0,0.0,0.0,0,0,0.0,0.0,0.0,1,0,0,0
test,positive,1,1,MATCH,1.0,11228,instagram,driftingfocus,wilson freeman,kelseyfreeman,11229,twitter,driftingfocus,wilson freeman,kelseyfreeman,1.0,1.0,1.0,1.0,1.0,1.0,0.3361012957467363,0.7147367596626282,0.0,0.0,0.0,0.0,0.0,0.0,0.0,0.8660714285714288,0.9632352941176471,0.0028064660978895373,2,0,0,0,0.0,0.0,0.0,0.0,0.0,0.0,0.0,0.0,0.0,0.0,0,0,0.0,0.0,0.0,1,0,0,0
test,positive,1,1,MATCH,1.0,2198,googleplus,kenbuis,ken buis,kenbuis,2199,instagram,kenbuis,ken buis,kenbuis,1.0,1.0,1.0,1.0,1.0,1.0,0.0,0.19801807403564453,0.0,0.0,0.0,0.0,0.0,0.0,0.0,2.4000000000000004,0.033962264150943396,0.026415094339622643,0,0,0,0,0.0,0.0,0.0,0.0,0.0,0.0,0.0,0.0,0.0,0.0,0,0,0.0,0.0,0.0,1,0,0,0
test,positive,1,1,MATCH,1.0,5816,googleplus,kennethpfeifer,kenneth pfeifer,kennethpfeifer,5817,twitter,kennethpfeifer,kenneth pfeifer,kennethpfeifer,1.0,1.0,1.0,1.0,1.0,1.0,0.0,0.13855984807014465,0.0,0.0,0.0,0.0,0.0,0.0,0.0,5.529411764705882,0.0,0.01818181818181818,1,0,0,0,0.0,0.0,0.0,0.0,0.0,0.0,0.0,0.0,0.0,0.0,0,0,0.0,0.0,0.0,1,0,0,0
test,positive,1,1,MATCH,1.0,5822,googleplus,kennysalazar,kenny salazar,kennysalazar,5823,twitter,kennysalazar,kenny salazar,kennysalazar,1.0,1.0,1.0,1.0,1.0,1.0,0.0,0.1585814356803894,0.0,0.0,0.0,0.0,0.0,0.0,0.0,0.8571428571428568,0.45454545454545453,0.012987012987012988,1,1,0,1,0.0,0.0,0.0,0.0,0.0,0.0,0.0,0.0,0.0,0.0,0,0,0.0,0.0,0.0,1,0,0,0
test,positive,1,1,MATCH,1.0,5828,googleplus,kenreabejr,ken reabe jr,kenreabe,5829,twitter,kenreabe,ken reabe jr,kenreabe,0.96,0.8,0.8888888888888888,1.0,1.0,1.0,0.08359985317868146,0.6885970830917358,0.0,0.0,0.0,0.0,0.0,0.0,0.0,2.4375,0.7214285714285714,0.017538896746817537,1,1,0,1,0.0,0.0,0.0,0.0,0.0,0.0,0.0,0.0,0.0,0.0,0,0,0.0,0.0,0.0,1,0,0,0
test,positive,1,1,MATCH,1.0,11238,instagram,kevineriley,kevin riley,kevineriley,11239,twitter,kevineriley,kevin riley,kevineriley,1.0,1.0,1.0,1.0,1.0,1.0,0.39723027532362554,0.46038126945495605,0.0,0.0,0.0,0.0,0.0,0.0,0.0,1.7000000000000002,0.9,0.004166666666666666,2,1,0,1,0.0,0.0,0.0,0.0,0.0,0.0,0.0,0.0,0.0,0.0,0,0,0.0,0.0,0.0,1,0,0,0
test,positive,1,1,MATCH,1.0,11244,instagram,kevinjohnmarks,kevin marks,kevinjohnmarks,11245,twitter,kevinjohnmarks,kevin marks,kevinjohnmarks,1.0,1.0,1.0,1.0,1.0,1.0,0.0,0.16167648136615753,0.0,0.0,0.0,0.0,0.0,0.0,0.0,8.375,0.0,0.02702702702702703,2,1,0,1,0.0,0.0,0.0,0.0,0.0,0.0,0.0,0.0,0.0,0.0,0,0,0.0,0.0,0.0,1,0,0,0
test,positive,1,1,MATCH,1.0,11252,instagram,khaimano,khairil bahar,khaimano,11253,twitter,khaimano,khairil m bahar,khaimano,1.0,1.0,1.0,0.9733333333333334,0.8666666666666667,0.9285714285714286,0.5641929674281044,0.7458319664001465,0.0,0.0,0.0,0.0,0.0,0.0,0.0,0.7575757575757587,0.494949494949495,0.08080808080808081,2,1,0,1,0.0,0.0,0.0,0.0,0.0,0.0,0.0,0.0,0.0,0.0,0,0,0.0,0.0,0.0,1,0,0,0
test,positive,1,1,MATCH,1.0,5852,googleplus,kikiahmadi,kiki ahmadi,kikiahmadi,5853,twitter,kikiahmadi,kikiahmadi,kikiahmadi,1.0,1.0,1.0,0.9818181818181818,0.9090909090909091,0.5714285714285714,0.050756728111790224,0.6203574538230896,0.0,0.0,0.0,0.0,0.0,0.0,0.0,0.05555555555555536,0.5648535564853556,0.016736401673640166,1,0,0,0,0.0,0.0,0.0,0.0,0.0,0.0,0.0,0.0,0.0,0.0,0,0,0.0,0.0,0.0,1,0,0,0
test,positive,1,1,MATCH,1.0,11276,instagram,kipfinch,kip finch,kipfinch,11277,twitter,kipfinch,kip finch,kipfinch,1.0,1.0,1.0,1.0,1.0,1.0,0.0,0.1729746013879776,0.0,0.0,0.0,0.0,0.0,0.0,0.0,8.11111111111111,0.0,0.06172839506172839,2,1,0,1,0.0,0.0,0.0,0.0,0.0,0.0,0.0,0.0,0.0,0.0,0,0,0.0,0.0,0.0,1,0,0,0
test,positive,1,1,MATCH,1.0,11282,instagram,kironcmukherjee,kiron mukherjee,kironcm,11283,twitter,kironcmukherjee,kiron mukherjee,kironcm,1.0,1.0,1.0,1.0,1.0,1.0,0.9828502224299379,0.9287888407707214,0.0,0.0,0.0,0.0,1.0,0.0,0.0,0.17293233082706738,0.8811188811188811,0.0075480075480075445,2,0,0,0,0.0,0.0,0.0,0.0,0.0,0.0,0.0,0.0,0.0,0.0,0,0,0.0,0.0,0.0,1,0,0,0
test,positive,1,1,MATCH,1.0,11284,instagram,farmerkit,christopher kit papworth,kitpapworth,11285,twitter,farmerkit,kit papworth,kitpapworth,1.0,1.0,1.0,0.5601851851851852,0.5,0.6666666666666667,0.3544165941918629,0.7300384044647217,0.0,0.0,0.0,0.0,0.0,0.0,0.0,0.5764705882352947,0.5371900826446281,0.02848061029879212,2,0,0,0,0.0,0.0,0.0,0.0,0.0,0.0,0.0,0.0,0.0,0.0,0,0,0.0,0.0,0.0,1,0,0,0
test,positive,1,1,MATCH,1.0,5894,googleplus,kodewulf,kodewulf,kodewulf,5895,twitter,kodewulf,kodewulf,kodewulf,1.0,1.0,1.0,1.0,1.0,1.0,0.0,1.0,0.0,0.0,0.0,0.0,0.0,0.0,0.0,0.0,1.0,0.0,1,1,0,1,0.0,0.0,0.0,0.0,0.0,0.0,0.0,0.0,0.0,0.0,0,0,0.0,0.0,0.0,1,0,0,0
test,positive,1,1,MATCH,1.0,11296,instagram,kogiso,ogiso kenji,kogiso,11297,twitter,kogiso,ogiso kenji,kogiso,1.0,1.0,1.0,1.0,1.0,1.0,0.0,1.0,1.0,0.0,0.0,0.0,0.0,0.0,0.0,0.0,1.0,0.0,2,0,0,0,0.0,0.0,0.0,0.0,0.0,0.0,0.0,0.0,0.0,0.0,0,0,0.0,0.0,0.0,1,0,0,0
test,positive,1,1,MATCH,1.0,11312,instagram,kriskayoo,kristina doyle,kriskayoo,11313,twitter,kriskayoo,kristina doyle,kriskayoo,1.0,1.0,1.0,1.0,1.0,1.0,0.18330550459691464,0.3414943218231201,0.0,0.0,0.0,0.0,0.0,0.0,0.0,0.7492260061919502,0.792,0.024808080808080814,2,0,0,0,0.0,0.0,0.0,0.0,0.0,0.0,0.0,0.0,0.0,0.0,0,0,0.0,0.0,0.0,1,0,0,0
test,positive,1,1,MATCH,1.0,11332,instagram,kunishi,takeo kunishima,kunishimatakeo,11333,twitter,kunishi,,kunishimatakeo,1.0,1.0,1.0,0.0,0.0,0.0,0.0,0.09457427263259888,0.0,0.0,0.0,0.0,0.0,0.0,0.0,142.93333333333334,0.6081081081081081,0.07762762762762762,2,0,0,0,0.0,0.0,0.0,0.0,0.0,0.0,0.0,0.0,0.0,0.0,0,0,0.0,0.0,0.0,1,0,0,0
test,positive,1,1,MATCH,1.0,11338,instagram,kurt_gielen,kurt gielen,kurtgielen,11339,twitter,kurt_gielen,kurtgielen,kurtgielen,1.0,1.0,1.0,0.9818181818181818,0.9090909090909091,0.5714285714285714,0.0,0.17883017659187317,0.0,0.0,0.0,0.0,0.0,0.0,0.0,13.666666666666668,0.20212765957446807,0.07334826427771557,2,0,0,0,0.0,0.0,0.0,0.0,0.0,0.0,0.0,0.0,0.0,0.0,0,0,0.0,0.0,0.0,1,0,0,0
test,positive,1,1,MATCH,1.0,11340,instagram,kygwen,kygwen,kygwen,11341,twitter,kygwen,kyla ernstalper,kygwen,1.0,1.0,1.0,0.6444444444444445,0.2666666666666667,0.19047619047619047,0.8809490533125965,0.7808315753936768,0.0,0.0,0.0,0.0,0.0,0.0,0.0,2.0749999999999993,0.8035714285714286,0.02658730158730159,2,0,0,0,0.0,0.0,0.0,0.0,0.0,0.0,0.0,0.0,0.0,0.0,0,0,0.0,0.0,0.0,1,0,0,0
test,positive,1,1,MATCH,1.0,11344,instagram,thekylegolding,kyle golding,kylegolding,11345,twitter,kylegolding,kyle golding,kylegolding,0.8679653679653679,0.7857142857142857,0.88,1.0,1.0,1.0,0.12145842901429976,0.548893928527832,0.0,0.0,0.0,0.0,0.14285714285714285,0.0,0.0,6.43076923076923,0.7,0.05571428571428572,2,0,0,0,0.0,0.0,0.0,0.0,0.0,0.0,0.0,0.0,0.0,0.0,0,0,0.0,0.0,0.0,1,0,0,0
test,positive,1,1,MATCH,1.0,5954,googleplus,kylesorkness,kyle sorkness,kylesorkness,5955,twitter,kylesorkness,kyle sorkness,kylesorkness,1.0,1.0,1.0,1.0,1.0,1.0,0.12372538744778923,0.511793851852417,0.0,0.0,0.0,0.0,0.0,0.0,0.0,0.12916666666666732,0.07475083056478406,0.011221853082318198,1,0,0,0,0.0,0.0,0.0,0.0,0.0,0.0,0.0,0.0,0.0,0.0,0,0,0.0,0.0,0.0,1,0,0,0
test,positive,1,1,MATCH,1.0,11354,instagram,lacarmina,la carmina lacarminacom,lacarmina,11355,twitter,lacarmina,la carmina,lacarmina,1.0,1.0,1.0,0.8869565217391304,0.4347826086956522,0.6060606060606061,0.31785184699778,0.729392945766449,0.0,0.0,0.0,0.0,0.0,0.0,0.0,2.2990476190476183,0.6157407407407407,0.008632692843219159,2,0,0,0,0.0,0.0,0.0,0.0,0.0,0.0,0.0,0.0,0.0,0.0,0,0,0.0,0.0,0.0,1,0,0,0
test,positive,1,1,MATCH,1.0,11366,instagram,lakombolab,mako,lakombolab,11367,twitter,lakombolab,mako,lakombolab,1.0,1.0,1.0,1.0,1.0,1.0,0.7132571313756433,0.5164216756820679,0.0,0.0,0.0,0.0,0.0,0.0,0.0,0.3636363636363633,0.40939597315436244,0.004510947298932776,2,1,0,1,0.0,0.0,0.0,0.0,0.0,0.0,0.0,0.0,0.0,0.0,0,0,0.0,0.0,0.0,1,0,0,0
test,positive,1,1,MATCH,1.0,11378,instagram,lararaposo,larissa raposo,lararaposo,11379,twitter,lararaposo,larissa raposo,lararaposo,1.0,1.0,1.0,1.0,1.0,1.0,0.0,0.0906115174293518,0.0,0.0,0.0,0.0,0.0,0.0,0.0,2.75,0.0,0.11363636363636363,2,0,0,0,0.0,0.0,0.0,0.0,0.0,0.0,0.0,0.0,0.0,0.0,0,0,0.0,0.0,0.0,1,0,0,0
test,positive,1,1,MATCH,1.0,11386,instagram,laurencemadill,laurence madill,laurencemadill,11387,twitter,laurencemadill,laurence madill,laurencemadill,1.0,1.0,1.0,1.0,1.0,1.0,0.17772331411069536,0.5462024807929993,0.0,0.0,0.0,0.0,0.0,0.0,0.0,0.791666666666667,0.6694214876033058,0.024895418834812777,2,0,0,0,0.0,0.0,0.0,0.0,0.0,0.0,0.0,0.0,0.0,0.0,0,0,0.0,0.0,0.0,1,0,0,0
test,positive,1,1,MATCH,1.0,11388,instagram,laurenlemon,lauren randolph,laurenrandolph,11389,twitter,laurenlemon,lauren randolph,laurenrandolph,1.0,1.0,1.0,1.0,1.0,1.0,0.9682320189305081,0.7494474053382874,0.0,0.0,0.0,0.0,0.0,0.0,0.0,1.0499999999999998,0.6716417910447762,0.006965174129353234,2,0,0,0,0.0,0.0,0.0,0.0,0.0,0.0,0.0,0.0,0.0,0.0,0,0,0.0,0.0,0.0,1,0,0,0
test,positive,1,1,MATCH,1.0,11392,instagram,plavinha,lavinha,lavinha,11393,twitter,plavinha,plavinha,lavinha,1.0,1.0,1.0,0.9583333333333334,0.875,0.9333333333333332,0.03575182828372765,0.39088261127471924,0.0,0.0,0.0,0.0,0.0,0.0,0.0,3.625,0.6,0.01666666666666667,2,0,0,0,0.0,0.0,0.0,0.0,0.0,0.0,0.0,0.0,0.0,0.0,0,0,0.0,0.0,0.0,1,0,0,0
test,positive,1,1,MATCH,1.0,6016,googleplus,jameslawrenceweb,james lawrence,lawrenceweb,6017,twitter,lawrenceweb,james lawrence,lawrenceweb,0.7443181818181818,0.6875,0.814814814814815,1.0,1.0,1.0,0.2857829777239789,0.5105882287025452,0.0,0.0,0.0,0.0,0.0,0.0,0.0,0.44444444444444464,0.13812154696132597,0.02615101289134438,1,1,0,1,0.0,0.0,0.0,0.0,0.0,0.0,0.0,0.0,0.0,0.0,0,0,0.0,0.0,0.0,1,0,0,0
test,positive,1,1,MATCH,1.0,11410,instagram,leighannsays,leigh ann,leighannsays,11411,twitter,leighannsays,leigh annverified account,leighannsays,1.0,1.0,1.0,0.872,0.36,0.5294117647058824,0.17384226659008048,0.5146161913871765,0.0,0.0,0.0,0.0,0.0,0.0,0.006622516556291391,2.97979797979798,0.5827814569536424,0.031306441902468396,2,1,0,1,0.0,0.0,0.0,0.0,0.0,0.0,0.0,0.0,0.0,0.0,0,0,0.0,0.0,0.0,1,0,0,0
test,positive,1,1,MATCH,1.0,11416,instagram,lemaxim,maxim fris,lemaxim,11417,twitter,lemaxim,maxim fris,lemaxim,1.0,1.0,1.0,1.0,1.0,1.0,0.0,0.16826194524765015,0.0,0.0,0.0,0.0,0.0,0.0,0.0,6.619047619047619,0.0,0.09433962264150944,2,0,0,0,0.0,0.0,0.0,0.0,0.0,0.0,0.0,0.0,0.0,0.0,0,0,0.0,0.0,0.0,1,0,0,0
test,positive,1,1,MATCH,1.0,11428,instagram,leoperezfoto,leo prez,leoperezfoto,11429,twitter,leoperezfoto,leo perez,leoperezfoto,1.0,1.0,1.0,0.9527777777777777,0.8888888888888888,0.9411764705882352,0.161945733985361,0.6146788597106934,0.0,0.0,0.0,0.0,0.0,0.0,0.0,0.9666666666666659,0.24390243902439024,0.23170731707317074,2,1,0,1,0.0,0.0,0.0,0.0,0.0,0.0,0.0,0.0,0.0,0.0,0,0,0.0,0.0,0.0,1,0,0,0
test,positive,1,1,MATCH,1.0,11434,instagram,lesleepetersen,leslee petersen,lesleepetersen,11435,twitter,lesleepetersen,leslee ann petersen,lesleepetersen,1.0,1.0,1.0,0.9045614035087719,0.7894736842105263,0.8823529411764706,0.09381262448359295,0.6528035402297974,0.0,0.0,0.0,0.0,0.0,0.0,0.0,2.253968253968253,0.48427672955974843,0.08176100628930817,2,0,0,0,0.0,0.0,0.0,0.0,0.0,0.0,0.0,0.0,0.0,0.0,0,0,0.0,0.0,0.0,1,0,0,0
test,positive,1,1,MATCH,1.0,11458,instagram,limmidy,limmidy,limmidy,11459,twitter,limmidy,limmidy,limmidy,1.0,1.0,1.0,1.0,1.0,1.0,0.0,0.1135609820485115,0.0,0.0,0.0,0.0,0.0,0.0,0.0,5.5,0.1891891891891892,0.14285714285714285,2,0,0,0,0.0,0.0,0.0,0.0,0.0,0.0,0.0,0.0,0.0,0.0,0,0,0.0,0.0,0.0,1,0,0,0
test,positive,1,1,MATCH,1.0,11468,instagram,linehk,line kamhaug hopmoen,linehk,11469,twitter,linehk,line kamhaug hopmoen,linehk,1.0,1.0,1.0,1.0,1.0,1.0,0.35846238152631593,0.5246286392211914,0.0,0.0,0.0,0.0,0.0,0.0,0.0,0.34920634920634885,0.36363636363636365,0.010330578512396688,2,1,0,1,0.0,0.0,0.0,0.0,0.0,0.0,0.0,0.0,0.0,0.0,0,0,0.0,0.0,0.0,1,0,0,0
test,positive,1,1,MATCH,1.0,11472,instagram,adora,lisa brewster,lisabrewster,11473,twitter,adora,lisa brewster,lisabrewster,1.0,1.0,1.0,1.0,1.0,1.0,0.3235953768046512,0.520924985408783,0.0,0.0,0.0,0.0,0.0,0.0,0.0,0.0,0.6631578947368421,0.020885547201336674,2,0,0,0,0.0,0.0,0.0,0.0,0.0,0.0,0.0,0.0,0.0,0.0,0,0,0.0,0.0,0.0,1,0,0,0
test,positive,1,1,MATCH,1.0,11482,instagram,livesharetravel,livesharetravel,livesharetravel,11483,twitter,livesharetravel,sarah terry,livesharetravel,1.0,1.0,1.0,0.5581529581529582,0.19999999999999996,0.3846153846153846,0.39150919160012626,0.5805671215057373,0.0,0.0,0.0,0.0,0.0,0.0,0.0213903743315508,0.5229629629629624,0.8556149732620321,0.017914438502673796,2,1,0,1,0.0,0.0,0.0,0.0,0.0,0.0,0.0,0.0,0.0,0.0,0,0,0.0,0.0,0.0,1,0,0,0
test,positive,1,1,MATCH,1.0,6128,googleplus,lneconsulting,lne consulting,lneconsultinginc,6129,twitter,lneconsulting,lne consulting,lneconsultinginc,1.0,1.0,1.0,1.0,1.0,1.0,0.07333891283565375,0.737723708152771,0.0,0.0,0.0,0.0,0.0,0.0,0.0,0.9296187683284458,0.6239669421487604,0.020715888566580923,1,1,0,1,0.0,0.0,0.0,0.0,0.0,0.0,0.0,0.0,0.0,0.0,0,0,0.0,0.0,0.0,1,0,0,0
test,positive,1,1,MATCH,1.0,11492,instagram,lockhartcsj,jessica yang,lockhartcsj,11493,twitter,lockhartcsj,protected tweets,lockhartcsj,1.0,1.0,1.0,0.47916666666666674,0.125,0.2142857142857143,0.0,0.034047722816467285,0.0,0.0,0.0,0.0,0.0,0.0,0.0,0.666666666666667,0.2857142857142857,0.03571428571428571,2,0,0,0,0.0,0.0,0.0,0.0,0.0,0.0,0.0,0.0,0.0,0.0,0,0,0.0,0.0,0.0,1,0,0,0
test,positive,1,1,MATCH,1.0,6142,googleplus,lordmhor,lord mhor,lordmhor,6143,twitter,lordmhor,lord mhor,lordmhor,1.0,1.0,1.0,1.0,1.0,1.0,0.5380729622474232,0.6244028806686401,0.0,0.0,0.0,0.0,0.0,0.0,0.0,0.7222222222222223,0.19909502262443438,0.04103249691484985,1,1,0,1,0.0,0.0,0.0,0.0,0.0,0.0,0.0,0.0,0.0,0.0,0,0,0.0,0.0,0.0,1,0,0,0
test,positive,1,1,MATCH,1.0,11510,instagram,lsolheid,lacey solheid,lsolheid,11511,twitter,lsolheid,lacey solheid,lsolheid,1.0,1.0,1.0,1.0,1.0,1.0,0.0,0.1296384036540985,0.0,0.0,0.0,0.0,0.0,0.0,0.0,5.6,0.0,0.03125,2,1,0,1,0.0,0.0,0.0,0.0,0.0,0.0,0.0,0.0,0.0,0.0,0,0,0.0,0.0,0.0,1,0,0,0
test,positive,1,1,MATCH,1.0,11512,instagram,lucacicca,luca ciccarelli,lucacicca,11513,twitter,lucacicca,luca ciccarelli,lucacicca,1.0,1.0,1.0,1.0,1.0,1.0,0.0,0.025182601064443588,0.0,0.0,0.0,0.0,0.0,0.0,0.0,4.0,0.0,0.05405405405405406,2,0,0,0,0.0,0.0,0.0,0.0,0.0,0.0,0.0,0.0,0.0,0.0,0,0,0.0,0.0,0.0,1,0,0,0
test,positive,1,1,MATCH,1.0,11522,instagram,luchotaq,luchotaq,luchotaq,11523,twitter,luchotaq,luis espinoza,luchotaq,1.0,1.0,1.0,0.46794871794871784,0.23076923076923073,0.19047619047619047,0.9610791654056923,0.9526838064193726,0.0,0.0,0.0,0.0,0.0,0.0,0.0,0.14571746384872108,0.9037037037037037,0.0010928961748633836,2,0,0,0,0.0,0.0,0.0,0.0,0.0,0.0,0.0,0.0,0.0,0.0,0,0,0.0,0.0,0.0,1,0,0,0
test,positive,1,1,MATCH,1.0,11524,instagram,lucianofra,luciano frascetto,lucianofra,11525,twitter,lucianofra,luciano,lucianofra,1.0,1.0,1.0,0.8823529411764706,0.4117647058823529,0.5833333333333333,0.0,0.1792200654745102,0.0,0.0,0.0,0.0,0.0,0.0,0.0,8.875,0.0,0.05128205128205128,2,0,0,0,0.0,0.0,0.0,0.0,0.0,0.0,0.0,0.0,0.0,0.0,0,0,0.0,0.0,0.0,1,0,0,0
test,positive,1,1,MATCH,1.0,11528,instagram,lugamx,lupita garca,lugamx,11529,twitter,lugamx,lupita garca,lugamx,1.0,1.0,1.0,1.0,1.0,1.0,0.0,0.015989044681191444,0.0,0.0,0.0,0.0,0.0,0.0,0.0,17.888888888888886,0.5909090909090909,0.10606060606060606,2,0,0,0,0.0,0.0,0.0,0.0,0.0,0.0,0.0,0.0,0.0,0.0,0,0,0.0,0.0,0.0,1,0,0,0
test,positive,1,1,MATCH,1.0,11532,instagram,luisgguedes,lus guedes,luisgguedes,11533,twitter,luisgguedes,luis guedes,luisgguedes,1.0,1.0,1.0,0.9757575757575758,0.9090909090909091,0.9523809523809522,0.0,0.21564339101314545,0.0,0.0,0.0,0.0,0.0,0.0,0.0,8.0,0.0,0.0,2,0,0,0,0.0,0.0,0.0,0.0,0.0,0.0,0.0,0.0,0.0,0.0,0,0,0.0,0.0,0.0,1,0,0,0
test,positive,1,1,MATCH,1.0,6206,googleplus,lukeeischen,luke eischen,lukeeischen,6207,twitter,lukeeischen,luke eischen,lukeeischen,1.0,1.0,1.0,1.0,1.0,1.0,0.1238702105602229,0.4213002324104309,0.0,0.0,0.0,0.0,0.0,0.0,0.0,0.054545454545454675,0.44871794871794873,0.09816849816849818,1,0,0,0,0.0,0.0,0.0,0.0,0.0,0.0,0.0,0.0,0.0,0.0,0,0,0.0,0.0,0.0,1,0,0,0
test,positive,1,1,MATCH,1.0,11544,instagram,sneydman,luke sneyd,lukesneyd,11545,twitter,sneydman,luke sneyd,lukesneyd,1.0,1.0,1.0,1.0,1.0,1.0,0.07420552708540441,0.4809761047363281,0.0,0.0,0.0,0.0,0.0,0.0,0.0,1.158730158730159,0.7425742574257426,0.060198019801980196,2,0,0,0,0.0,0.0,0.0,0.0,0.0,0.0,0.0,0.0,0.0,0.0,0,0,0.0,0.0,0.0,1,0,0,0
test,positive,1,1,MATCH,1.0,11548,instagram,lullylucky,luisa clasen lully,lully,11549,twitter,lullylucky,luisa clasen lullyverified account,lully,1.0,1.0,1.0,0.9058823529411765,0.5294117647058824,0.6923076923076923,0.028855471872853873,0.4138681888580322,0.0,0.0,0.0,0.0,0.0,0.0,0.0,3.554112554112554,0.8429752066115702,0.017501215362177927,2,0,0,0,0.0,0.0,0.0,0.0,0.0,0.0,0.0,0.0,0.0,0.0,0,0,0.0,0.0,0.0,1,0,0,0
test,positive,1,1,MATCH,1.0,11552,instagram,jackrevelator,,lunamars,11553,twitter,jackrevelator,,lunamars,1.0,1.0,1.0,1.0,1.0,1.0,0.0,0.5146667957305908,0.0,0.0,0.0,0.0,0.0,0.0,0.0,1.0,0.8421052631578947,0.0,2,0,0,0,0.0,0.0,0.0,0.0,0.0,0.0,0.0,0.0,0.0,0.0,0,0,0.0,0.0,0.0,1,0,0,0
test,positive,1,1,MATCH,1.0,6220,googleplus,lynmuldrow,lyn muldrow,lynmuldrow,6221,twitter,lynmuldrow,lyn muldrow,lynmuldrow,1.0,1.0,1.0,1.0,1.0,1.0,0.04951413748735123,0.5509867072105408,0.0,0.0,0.0,0.0,0.0,0.0,0.0,1.3106060606060606,0.7745098039215687,0.0,1,0,0,0,0.0,0.0,0.0,0.0,0.0,0.0,0.0,0.0,0.0,0.0,0,0,0.0,0.0,0.0,1,0,0,0
test,positive,1,1,MATCH,1.0,6238,googleplus,mackreed,mack reed,mackreed,6239,twitter,mackreed,mack reed,mackreed,1.0,1.0,1.0,1.0,1.0,1.0,0.0,0.18808555603027344,0.0,0.0,0.0,0.0,0.0,0.0,0.0,4.666666666666667,0.0,0.04950495049504951,1,0,0,0,0.0,0.0,0.0,0.0,0.0,0.0,0.0,0.0,0.0,0.0,0,0,0.0,0.0,0.0,1,0,0,0
test,positive,1,1,MATCH,1.0,11566,instagram,maczter,chris carter,maczter,11567,twitter,maczter,chris carter,maczter,1.0,1.0,1.0,1.0,1.0,1.0,0.8566461166754863,0.8650850057601929,0.0,0.0,0.0,0.0,0.0,0.0,0.0,0.08235294117647118,0.8706896551724138,0.000938886992147496,2,0,0,0,0.0,0.0,0.0,0.0,0.0,0.0,0.0,0.0,0.0,0.0,0,0,0.0,0.0,0.0,1,0,0,0
test,positive,1,1,MATCH,1.0,11580,instagram,maggiequerido,maggie querido,maggiequerido,11581,twitter,maggiequerido,maggie,maggiequerido,1.0,1.0,1.0,0.8857142857142858,0.4285714285714286,0.6,0.0,0.1537104845046997,0.0,0.0,0.0,0.0,0.0,0.0,0.0,3.3,0.23255813953488372,0.05348837209302326,2,0,0,0,0.0,0.0,0.0,0.0,0.0,0.0,0.0,0.0,0.0,0.0,0,0,0.0,0.0,0.0,1,0,0,0
test,positive,1,1,MATCH,1.0,11582,instagram,magictrax,magic trax,magictrax,11583,twitter,magictrax,magic trax,magictrax,1.0,1.0,1.0,1.0,1.0,1.0,0.8858933099034626,0.8804042339324951,0.0,0.0,0.0,0.0,0.0,0.0,0.0,0.11688311688311703,0.7692307692307693,0.005494505494505503,2,1,0,1,0.0,0.0,0.0,0.0,0.0,0.0,0.0,0.0,0.0,0.0,0,0,0.0,0.0,0.0,1,0,0,0
test,positive,1,1,MATCH,1.0,11594,instagram,makikuroneko,maki,makikuroneko,11595,twitter,makikuroneko,maki,makikuroneko,1.0,1.0,1.0,1.0,1.0,1.0,0.0,0.6336370706558228,0.0,0.0,0.0,0.0,0.0,0.0,0.01293103448275862,3.5304347826086957,0.5646551724137931,0.026487233482495397,2,0,0,0,0.0,0.0,0.0,0.0,0.0,0.0,0.0,0.0,0.0,0.0,0,0,0.0,0.0,0.0,1,0,0,0
test,positive,1,1,MATCH,1.0,6308,googleplus,marceljepson,marcel jepson,marceljepson,6309,twitter,marceljepson,marcel jepson,marceljepson,1.0,1.0,1.0,1.0,1.0,1.0,0.0,0.11999543756246567,0.0,0.0,0.0,0.0,0.0,0.0,0.0,3.8,0.0,0.08421052631578947,1,0,0,0,0.0,0.0,0.0,0.0,0.0,0.0,0.0,0.0,0.0,0.0,0,0,0.0,0.0,0.0,1,0,0,0
test,positive,1,1,MATCH,1.0,6316,googleplus,marcijames,marci james,marcijames,6317,twitter,marcijames,marci james,marcijames,1.0,1.0,1.0,1.0,1.0,1.0,0.23475690442905572,0.24958613514900208,0.0,0.0,0.0,0.0,0.0,0.0,0.0,0.0625,0.8333333333333334,0.013636363636363637,1,0,0,0,0.0,0.0,0.0,0.0,0.0,0.0,0.0,0.0,0.0,0.0,0,0,0.0,0.0,0.0,1,0,0,0
