item_id,num_faces,face_confidence,face_area_ratio,face_cluster_id
aajain_twitter_0edeb0c9,1,0.93,0.198,-1
aaronbavs_twitter_3b9f5946,1,0.0,0.995,-1
abahgat_twitter_f1bec87b,1,0.93,0.98,-1
abdisk_twitter_4ee88404,1,0.89,0.183,-1
abdullawissam_twitter_d17b7cc4,1,0.9,0.09,-1
abo1bs_twitter_7968cc9f,1,0.0,0.995,-1
acanadianfoodie_twitter_543d0d94,1,0.93,0.265,-1
acarrillo_twitter_b473fdbb,1,0.0,0.995,-1
ackleysuicide_twitter_eded2b7b,1,0.0,0.995,-1
actifirmskincare_twitter_5511e1bb,1,0.0,0.995,-1
adambonham_twitter_8d6a11cf,1,0.0,0.995,-1
adamcarlson_twitter_79550e24,1,0.0,0.995,-1
adamchristianson_twitter_474807a7,1,0.0,0.995,-1
adamthede_twitter_267c4d28,1,0.0,0.995,-1
adamy_twitter_ab775900,1,0.0,0.995,-1
adeanom_twitter_4a9ea9ca,1,0.0,0.995,-1
adesyahlubis_twitter_48ee8726,1,0.9,0.273,-1
adic_twitter_32d8689c,1,0.92,0.422,-1
adilch_twitter_f4417316,1,0.95,0.083,-1
adnansyed_twitter_7a684921,1,0.0,0.993,-1
adrianalemus_twitter_7806cbbf,1,0.95,0.476,-1
adrianatoriz_twitter_28da5437,1,0.94,0.172,-1
adrianmanea_twitter_1b5f3781,1,0.0,0.995,-1
adrianver_twitter_6e8363ea,1,0.92,0.166,-1
adrienehughes_twitter_f062b830,1,0.9,0.4,-1
adtyysf_twitter_cdccf90f,1,0.92,0.357,-1
adventuresinc_twitter_d5d0ca36,1,0.0,0.995,-1
aedaddy_twitter_ddaae308,1,0.0,0.995,-1
af8ab_twitter_90df09e3,1,0.0,0.995,-1
aferrandini_twitter_16b1d108,1,0.0,0.995,-1
agawebdesign_twitter_41a9ba91,1,0.0,0.995,-1
age_twitter_3fdbf86c,1,0.93,0.449,-1
agustinamate_twitter_5397d21b,1,0.0,0.995,-1
ahaportugal_twitter_3242ff12,1,0.95,0.258,-1
ahh_twitter_67190685,1,0.95,0.086,-1
ahmedhakim_twitter_198cd89d,1,0.0,0.995,-1
aholub_twitter_a994bb00,1,0.0,0.995,-1
ahoward_twitter_2401ec44,1,0.0,0.995,-1
ahu_twitter_e0a9def8,1,0.0,0.995,-1
aidandoyle_twitter_3e5c9966,1,0.92,0.032,-1
aimeelane_twitter_bc247fb2,1,0.92,0.156,-1
ajarn_twitter_089f6006,1,0.97,0.053,-1
ajeyapaul_twitter_bf56335f,1,0.0,0.995,-1
ajma_twitter_f09d2f7b,1,0.93,0.228,-1
akronohiohomes_twitter_ef8ad1b4,1,0.92,0.203,-1
al3_twitter_6adafb37,1,0.0,0.995,-1
alainstephan_twitter_3e0bccc4,1,0.0,0.995,-1
alancalvert_twitter_babb6e64,1,0.97,0.115,-1
alandrew_twitter_c3502748,1,0.0,0.995,-1
alannamiq_twitter_ddb3937d,1,0.0,0.995,-1
alanndc_twitter_ff742cf0,1,0.0,0.995,-1
alay_twitter_490e79e0,1,0.0,0.995,-1
alberthathazi_twitter_45ec1397,1,0.93,0.48,-1
albertocsaldamando_twitter_11820196,1,0.0,0.995,-1
albertodowning_twitter_10688504,1,0.93,0.526,-1
albertomarini_twitter_faeb8d67,1,0.0,0.995,-1
albirabbit_twitter_ccfdc6c5,1,0.0,0.995,-1
aldrintabay_twitter_7eaa4032,1,0.0,0.995,-1
alefeldman_twitter_44ff9e5e,1,0.0,0.995,-1
alejandroandher_twitter_dab32725,1,0.93,0.128,-1
aleksanderdye_twitter_86be0d9d,1,0.95,0.174,-1
alessandrasassi_twitter_1b1d18ec,1,0.0,0.995,-1
alessandraturati_twitter_f8fb93f0,1,0.97,0.382,-1
alessandrodilella_twitter_4ed353b7,1,0.9,0.397,-1
aletrentin_twitter_0f46b893,1,0.95,0.139,-1
alexanderposselt_twitter_77882ced,1,1.01,0.024,-1
alexandrakozlova_twitter_5b31e644,1,0.0,0.995,-1
alexandrunistor_twitter_1614d2ee,1,0.94,0.462,-1
alexcowan_twitter_621acdd5,1,0.0,0.995,-1
alexiakalfaian_twitter_d0ca43a9,1,0.93,0.487,-1
alexreekie_twitter_c6889f8c,1,0.97,0.477,-1
alexsablan_twitter_051ef681,1,0.94,0.612,-1
alexstoica_twitter_bbc49f14,1,0.89,0.012,-1
alexwisner_twitter_9afea3f7,1,0.0,0.995,-1
alhasani_twitter_a96aba82,1,0.0,0.995,-1
alice7vong_twitter_fd339204,1,0.0,0.995,-1
alisamhughley_twitter_5c9f92b4,1,0.94,0.238,-1
alisejohnson_twitter_0fe5ec95,1,0.95,0.363,-1
alisonlehr_twitter_d49071c3,1,0.88,0.179,-1
alixia88_twitter_11a800ac,1,0.9,0.039,-1
alleliaspili_twitter_28cfc566,1,0.93,0.174,-1
allenward_twitter_5ccee06d,1,0.92,0.077,-1
alliebeau_twitter_2804d35f,1,0.92,0.101,-1
allurazama_twitter_73d7185e,1,0.0,0.995,-1
almowhed_twitter_c45a2e68,1,0.96,0.334,-1
alneil_twitter_ba9cc75c,1,0.0,0.995,-1
alopezxiv_twitter_0c6a1ab6,1,0.0,0.995,-1
alqassimnakheel_twitter_9306e3f2,1,0.0,0.995,-1
alsadekeen_twitter_2e160f1e,1,0.95,0.235,-1
alvaroangulo_twitter_5f5bdab1,1,0.94,0.255,-1
alvarodequeiroz_twitter_1e24ade1,1,0.93,0.297,-1
alvaropascual84_twitter_704f65d7,1,0.91,0.191,-1
alvarovalladares_twitter_ad13c2d6,1,0.95,0.495,-1
alvinkclee_twitter_7f53fb5b,1,0.0,0.995,-1
alyssawelch_twitter_6301db92,1,0.95,0.426,-1
amaliorodriguez_twitter_a86e801a,1,0.0,0.994,-1
amandablain_twitter_7ee6d79c,1,0.93,0.203,-1
amandaloy_twitter_fad7c2e7,1,0.0,0.995,-1
amandamcunningham_twitter_ba83152d,1,0.96,0.263,-1
amandavo_twitter_ec7b1e46,1,0.95,0.019,-1
amateurx_twitter_19b7c0ee,1,0.0,0.995,-1
ambassadorbruny_twitter_4fb128d7,1,0.98,0.124,-1
amberdavis_twitter_e64d2db4,1,0.96,0.486,-1
amberhewitt_twitter_bd83478e,1,0.0,0.995,-1
amerzdralovic_twitter_5b6d9083,1,0.92,0.016,-1
amirabet_twitter_21c8f27b,1,0.0,0.995,-1
amrinlong_twitter_5927d443,1,0.0,0.995,-1
amyhadiastuti_twitter_a988038c,1,0.96,0.056,-1
amyripplinger_twitter_34ea0c5b,1,0.0,0.995,-1
amyrogers_twitter_5fb8cab2,1,0.92,0.501,-1
amyturman_twitter_b6f8a71d,1,0.0,0.995,-1
anamagal_twitter_83a2d531,1,0.97,0.019,-1
anaparejayepes_twitter_e7233c23,1,0.0,0.995,-1
anass_twitter_443f2560,1,0.92,0.342,-1
anastasioskikidis_twitter_994028cd,1,0.96,0.429,-1
anbi_twitter_4dc92c81,1,0.0,0.992,-1
andira47_twitter_3b957b31,1,0.0,0.995,-1
andolicious_twitter_2cb3ee08,1,0.0,0.994,-1
andreaarden_twitter_62ad21f3,2,0.945,0.127,-1
andreacastelli_twitter_8b1fae71,1,0.94,0.327,-1
andreameneghini_twitter_d28c0c3d,1,0.0,0.995,-1
andrearusky_twitter_2cba2bd8,1,0.92,0.143,-1
andreashumala_twitter_8ef69dcc,1,0.0,0.995,-1
andrescm_twitter_c67ee422,1,0.0,0.995,-1
andrewjamesmorgan_twitter_bd6122d7,1,0.91,0.397,-1
andrewnawoichik_twitter_e49c9e27,1,0.0,0.995,-1
andrewweiser_twitter_6470d79c,1,0.97,0.518,-1
andrewwilkins_twitter_4c1f905a,1,0.92,0.868,-1
andrewyee_twitter_a7bdc128,1,0.92,0.015,-1
andriatriv_twitter_7f378cf5,1,0.92,0.058,-1
andyciordia_twitter_3617a74b,1,0.92,0.384,-1
andywhyte_twitter_d6cdf502,1,0.92,0.137,-1
anesanmiguel_twitter_0a5dc9b0,1,0.0,0.995,-1
angelaball_twitter_2343e6f0,1,0.92,0.284,-1
angelfrancia_twitter_8342048e,1,0.0,0.995,-1
angelikalattner_twitter_513bb274,1,0.91,0.286,-1
angelinamontanez_twitter_2611476e,1,0.96,0.426,-1
anibaldelatorre_twitter_76c8fc64,1,0.0,0.995,-1
anibalgoransky_twitter_0560b223,1,0.0,0.995,-1
anitakilkenny_twitter_bbd94623,1,0.94,0.139,-1
annamioni_twitter_23ea065e,1,0.0,0.995,-1
annapfeiffer_twitter_651a1b12,1,0.95,0.212,-1
annelaurejoliot_twitter_c46fc629,1,0.91,0.126,-1
anoli_twitter_26ee2dff,1,0.0,0.995,-1
anthonymaw_twitter_55d7788d,1,0.95,0.995,-1
anthonystevven_twitter_a6515aab,1,0.91,0.065,-1
anthonyvelazquez_twitter_0fcec8cc,1,0.0,0.995,-1
antoninremond_twitter_c677a862,1,0.91,0.555,-1
antoniodomingo_twitter_f5145330,1,0.0,0.995,-1
antoniognassi_twitter_d8c8b3e8,1,0.9,0.096,-1
antoniojcuevas_twitter_fbf299f8,1,0.0,0.995,-1
antoniorodilla_twitter_4cca6b13,1,0.91,0.253,-1
apedroza_twitter_315599f4,1,0.0,0.99,-1
apetersen_twitter_166fc65e,1,0.93,0.305,-1
apolorestaurante_twitter_7d136512,1,0.0,0.995,-1
appleheadink_twitter_30b73000,1,0.0,0.995,-1
aquatellus_twitter_b8bb9b18,1,0.0,0.995,-1
aquilafare_twitter_19d7ef97,1,0.9,0.045,-1
arahmahs_twitter_73151902,1,0.0,0.995,-1
arcreyes_twitter_5e94c3f7,1,0.0,0.995,-1
ariantifebi_twitter_658c510a,1,0.0,0.995,-1
ariefbudisantoso_twitter_4fbfff42,1,0.92,0.388,-1
ariefsatria_twitter_29378310,1,0.0,0.995,-1
arlindopereira_twitter_8b57fc89,1,0.92,0.683,-1
arnauoman_twitter_70d2510e,1,0.94,0.319,-1
arnedevos_twitter_9a27b590,1,0.0,0.995,-1
arqjlsm_twitter_bd7f351d,3,0.937,0.372,-1
artesvisuales_twitter_3fe7bf3d,1,0.0,0.995,-1
arthas_twitter_c3624ba6,1,0.0,0.995,-1
artiedavis_twitter_248b89d2,1,0.89,0.194,-1
arturogarrido_twitter_54cfa648,1,0.0,0.992,-1
artwarriors_twitter_903b14a3,1,0.94,0.41,-1
asamur_twitter_d931c2d9,1,0.91,0.372,-1
asandre_twitter_7437f9e3,1,0.95,0.48,-1
asbjornu_twitter_92180c6c,1,0.0,0.995,-1
aschauerte_twitter_15bdf750,1,0.0,0.995,-1
aseroff_twitter_e4e8e18a,1,0.0,0.992,-1
asesino_twitter_7d420c17,1,0.0,0.995,-1
ashisheth_twitter_fae33871,1,0.94,0.95,-1
ashokkamal_twitter_fb798db2,1,0.0,0.995,-1
ashreginaldevasco_twitter_c86140a5,1,0.0,0.995,-1
asiace_twitter_470cebeb,1,0.0,0.995,-1
asiergapa_twitter_618d65cd,1,0.95,0.245,-1
assimtulba_twitter_416b16e1,1,0.91,0.238,-1
astav_twitter_cac509bf,1,0.0,0.995,-1
atahualpa_twitter_692b9bf5,1,0.0,0.995,-1
atsoukalidis_twitter_8033150b,1,0.9,0.292,-1
attila_twitter_b3280f04,1,0.95,0.214,-1
audiohard_twitter_e20ce305,1,0.0,0.993,-1
auliazahra_twitter_f0ad7f2d,1,0.93,0.296,-1
austinhk_twitter_eac554d9,1,0.0,0.995,-1
austrazubkovs_twitter_8c3c0dff,1,0.0,0.995,-1
authenticseacoast_twitter_72552d39,1,0.0,0.995,-1
avaarka_twitter_74d22c1e,1,0.0,0.995,-1
avalon1982_twitter_6ca5decb,1,0.0,0.995,-1
avatartravel_twitter_4056a625,1,0.0,0.995,-1
avdrockr_twitter_a1eef6ad,1,0.96,0.096,-1
avinashconda_twitter_d8ee2933,1,0.9,0.128,-1
awkingkhan_twitter_ecb3d6a2,1,0.95,0.995,-1
axknightroad_twitter_bf7b9815,1,0.0,0.995,-1
axmai_twitter_6d0a036d,1,0.0,0.995,-1
aymanrahouhi_twitter_58865cea,1,0.0,0.995,-1
azzamalasfoor_twitter_82d36a19,1,0.91,0.328,-1
bagusanugrah_twitter_6460cb1b,9,0.939,0.178,-1
balexandre_twitter_ee35d228,1,0.0,0.995,-1
balkurdi_twitter_a6a30be7,1,0.92,0.133,-1
bandadanieis_twitter_9782f73a,1,0.0,0.995,-1
banikaaron_twitter_1494f86e,1,0.94,0.124,-1
bans_twitter_a3a192fc,1,0.0,0.991,-1
barbaraparolini_twitter_e9f73914,1,0.0,0.995,-1
barhatov_twitter_9cff258a,1,0.0,0.995,-1
barneyallen_twitter_b15aa93c,1,0.94,0.148,-1
barrett_twitter_2e240d4f,1,0.96,0.207,-1
basarpatir_twitter_eafe4259,1,0.0,0.995,-1
basemsal7_twitter_c63c4120,1,0.0,0.995,-1
bassplayer83_twitter_08918665,1,0.92,0.459,-1
bboylaba_twitter_2c769dc6,1,0.0,0.995,-1
bdbrooker_twitter_ea880264,1,0.95,0.419,-1
beapaxson_twitter_3831f31b,2,0.945,0.301,-1
bearenok_twitter_62f57b55,1,0.96,0.25,-1
beaumont_twitter_04555692,1,0.0,0.995,-1
beauraines_twitter_f6b213d0,1,0.94,0.128,-1
beautyluxury_twitter_4c712fa7,1,0.0,0.995,-1
beerluver_twitter_3f6f2404,1,0.92,0.083,-1
beichstaedt_twitter_6fd741b9,1,0.87,0.334,-1
benfinch_twitter_f04e8c14,1,0.9,0.058,-1
benitoroig_twitter_74872ce6,1,0.0,0.995,-1
benjacobsen_twitter_2135f63a,1,0.0,0.995,-1
benjamincole_twitter_5a3f07c7,1,0.0,0.995,-1
benjaminyeurch_twitter_7b7d9301,1,0.93,0.441,-1
benjsellers_twitter_fdf197b0,1,0.0,0.995,-1
benkalsky_twitter_788d88b1,1,0.98,0.612,-1
benlinders_twitter_28603ec5,1,0.94,0.466,-1
benlizzotte_twitter_6dadff48,1,0.0,0.995,-1
benlyh_twitter_3a594911,1,0.97,0.372,-1
benoitdeclercq_twitter_ecdd46a2,1,0.88,0.228,-1
bensonhendrix_twitter_6b42562f,1,0.0,0.995,-1
berillium04_twitter_190c88d3,1,0.0,0.995,-1
bertboerland_twitter_286b548b,1,0.94,0.131,-1
bertdickerson_twitter_a9898ae9,1,0.94,0.273,-1
bestnatesmithever_twitter_1d7d5960,1,0.9,0.143,-1
betooliveira_twitter_d55ef943,1,0.0,0.995,-1
betsyweber_twitter_d3dff905,1,0.91,0.268,-1
bexlondontown_twitter_8636b455,1,0.0,0.995,-1
beyoubrazil_twitter_ad1f0e62,1,0.0,0.995,-1
bggarden_twitter_326f09eb,1,0.91,0.336,-1
bidabooking_twitter_aa7567a0,1,0.0,0.995,-1
billelsey_twitter_5814f951,1,0.9,0.077,-1
billiambabble_twitter_8609b003,1,0.0,0.995,-1
billlee_twitter_4ee8ac5b,1,0.93,0.23,-1
billlublin_twitter_a70b31fc,1,0.95,0.032,-1
billrousseau_twitter_f4b2878c,1,0.93,0.018,-1
bioanarchism_twitter_206372ec,1,0.0,0.995,-1
biverson_twitter_9a2b8909,1,0.0,0.995,-1
blackxxxxxx_twitter_bfea4806,1,0.94,0.035,-1
blairmosberg_twitter_e923d80e,1,0.96,0.081,-1
bluebrain_twitter_f9c3f5f9,1,0.0,0.995,-1
blueturtlefl_twitter_cb89dfc4,1,0.95,0.223,-1
bobbibooker_twitter_5f0eae8b,1,0.0,0.995,-1
bobbytravis_twitter_e46762b4,1,0.0,0.995,-1
boffism_twitter_04350d57,1,0.0,0.995,-1
bogohack_twitter_3a586a51,1,0.0,0.995,-1
bolomik_twitter_7979e5a2,1,0.0,0.995,-1
bookkeepergirl_twitter_eb8758c5,1,0.95,0.205,-1
boostventilator_twitter_6259827c,1,0.97,0.342,-1
booyabobby_twitter_c663c010,1,0.92,0.973,-1
born2addiction_twitter_c70b245c,1,0.0,0.995,-1
bornmannevan_twitter_2bbf660c,1,0.0,0.995,-1
bpuga_twitter_cfe3902d,1,0.0,0.995,-1
bradharvey_twitter_e5dafa7b,1,0.0,0.995,-1
bradkoehn_twitter_2373c737,1,0.0,0.995,-1
bradrussell_twitter_4337d051,1,0.0,0.995,-1
bradwolff_twitter_d1a8ce9c,2,0.955,0.117,-1
brandie_twitter_9ae27e65,1,0.94,0.235,-1
brankko_twitter_ba0ef529,1,0.95,0.214,-1
brefe_twitter_5ce60967,1,0.94,0.096,-1
brendanberg_twitter_b0b8fe11,1,0.0,0.995,-1
brendanoconnell_twitter_d3bdf78a,1,0.0,0.995,-1
brettginsberg_twitter_3fd47014,1,0.95,0.005,-1
brianayers_twitter_301efb45,1,0.95,0.345,-1
briancsmith_twitter_fd243f2b,1,0.9,0.13,-1
brianfarnham_twitter_b20a5ae1,1,0.0,0.995,-1
brianfit_twitter_78e690a9,1,0.95,0.819,-1
briankemm_twitter_4cafb878,1,0.0,0.995,-1
briankurzweil_twitter_6dcee1ca,1,0.94,0.009,-1
brianlucas_twitter_0029a561,1,0.0,0.995,-1
brianmonroe_twitter_0d870819,1,0.0,0.992,-1
briannagami_twitter_d995674e,1,0.0,0.995,-1
brianskellie_twitter_b47e71c9,1,0.97,0.131,-1
briantiede_twitter_f4eb1a91,1,0.93,0.336,-1
brianwang_twitter_f80fb669,1,0.98,0.734,-1
brittanyberger_twitter_fafd1913,1,0.93,0.07,-1
brownsdon_twitter_6fe53f96,1,0.92,0.597,-1
brucewise_twitter_2f553b6a,1,0.95,0.487,-1
brunno_twitter_9b6a9245,1,0.91,0.313,-1
brunoconte_twitter_a89c7d01,1,0.91,0.515,-1
brunolaurosantos_twitter_8a716ca6,1,0.94,0.41,-1
bryanmcanally_twitter_d3dddb06,2,0.955,0.076,-1
bryanrapoza_twitter_be255d3b,1,0.0,0.995,-1
bryans_twitter_7709146d,1,0.93,0.05,-1
bryantcabrera_twitter_0f3137aa,1,0.96,0.24,-1
bryanwelsh_twitter_57834f40,1,0.0,0.995,-1
bscheckel_twitter_5f510043,1,0.0,0.995,-1
btihin_twitter_883c4751,1,0.92,0.995,-1
burovayulia_twitter_ef120fad,1,0.0,0.989,-1
caelanhuntress_twitter_65f721c6,1,0.0,0.995,-1
caitlingarzi_twitter_5c8de85e,1,0.0,0.995,-1
caitlynbates_twitter_f479a375,1,0.0,0.995,-1
calculatedstepz_twitter_e1211123,1,0.0,0.995,-1
calebkinchlow_twitter_76d51bbc,1,0.93,0.278,-1
calfn_twitter_615be962,1,0.0,0.989,-1
calistoga_twitter_780e5c7e,1,0.0,0.995,-1
calitoe_twitter_d9d9c8fd,1,0.0,0.995,-1
calvia_twitter_ae151315,1,0.0,0.995,-1
camillek_twitter_141eee87,5,0.932,0.043,-1
camillerodriquez_twitter_49cf2eee,1,0.0,0.995,-1
camillevanneer_twitter_8092d25c,1,0.0,0.995,-1
camiloathem_twitter_7abaf108,1,0.0,0.995,-1
campervan_twitter_0e961c09,1,0.0,0.995,-1
cancunstudios_twitter_854fa98d,1,0.0,0.995,-1
capitu_twitter_12d37449,1,0.0,0.995,-1
caravanacreativa_twitter_51f26755,1,0.0,0.995,-1
carlarozman_twitter_2a5e352b,1,0.0,0.995,-1
carlayashiro_twitter_bb547c88,1,0.92,0.363,-1
carlescabrer_twitter_2eea5647,1,0.88,0.083,-1
carlospl_twitter_ea765a41,1,0.0,0.995,-1
carlycasper_twitter_1a14e789,1,0.0,0.995,-1
carlydamico_twitter_c4192cee,1,0.0,0.995,-1
carmenmg5_twitter_2c305a72,1,0.94,0.101,-1
carolyncummins_twitter_6955b25f,1,0.0,0.995,-1
carovillalva_twitter_2801aeea,2,0.955,0.047,-1
carriebisme_twitter_429cd920,3,0.927,0.051,-1
carsonbelinda_twitter_84227a7e,1,0.98,0.562,-1
carstenlange_twitter_856412cb,1,0.93,0.494,-1
carstenpaetz_twitter_fa72e20c,1,0.95,0.095,-1
castellani_twitter_7685121c,1,0.0,0.995,-1
castlecruz_twitter_4e35cd74,1,0.0,0.995,-1
catarinavarao_twitter_52dd9490,1,0.0,0.995,-1
catchtorolav_twitter_8b9bd823,1,0.97,0.196,-1
catinamurillo_twitter_a5bee91f,1,0.93,0.191,-1
catturner_twitter_6111ca3b,1,0.0,0.995,-1
cavdan_twitter_ff812e57,1,0.98,0.601,-1
cblack_twitter_ab567e36,1,0.92,0.462,-1
cecilialiao_twitter_8114c50f,1,0.94,0.101,-1
cecilyarambula_twitter_6d59bf95,1,0.98,0.07,-1
celebquote_twitter_d7d850f3,1,0.0,0.995,-1
celebrone_twitter_653b77af,1,0.95,0.176,-1
celiooliveira_twitter_2b50466d,1,0.89,0.415,-1
cemtozar_twitter_5a8c30a1,1,0.92,0.221,-1
chadnewman_twitter_2bb9c94c,1,0.0,0.995,-1
chammccutchen_twitter_bdc83149,1,0.0,0.995,-1
charlablue_twitter_af8d2706,1,0.93,0.041,-1
charlielujan_twitter_e3d71bfe,1,0.93,0.268,-1
charliemac_twitter_6eb445af,1,0.93,0.015,-1
charyshed_twitter_04a093f2,1,0.0,0.995,-1
cheeseberger_twitter_34af91d4,1,0.0,0.995,-1
chekostyle_twitter_8a3ddbf1,2,0.95,0.387,-1
chelseastark_twitter_7ed870e1,1,0.0,0.995,-1
chertanchico_twitter_5096f5c5,1,0.95,0.268,-1
chiarapis_twitter_1cb5831f,1,0.0,0.995,-1
chitraagrawal_twitter_24d02a87,1,0.92,0.238,-1
chonilla_twitter_d46bd2f9,1,0.93,0.406,-1
chrisastall_twitter_eaa83c0b,1,0.95,0.238,-1
chrischass_twitter_f47d1a66,1,0.0,0.995,-1
chrisdate_twitter_391a1303,1,0.93,0.037,-1
chrisdscottphoto_twitter_aad91686,1,0.0,0.995,-1
chrisgiddens_twitter_7c83a65e,1,0.97,0.255,-1
chrishartley_twitter_d9e20805,1,0.0,0.995,-1
chrislittler_twitter_99e41bae,1,0.0,0.995,-1
chrismontoya_twitter_90b253a4,1,0.94,0.25,-1
chrisparkin_twitter_985edc2b,1,0.91,0.384,-1
chrispenny_twitter_2fae5cd4,1,0.94,0.047,-1
christiancalvino_twitter_bb6b0e90,1,0.98,0.946,-1
christiankoestlin_twitter_a31e1fdc,1,0.0,0.995,-1
christianperez_twitter_2299dbb0,1,0.94,0.276,-1
christiepingvin_twitter_2ef3aeae,1,0.97,0.348,-1
christinalauren_twitter_dca05357,1,0.93,0.221,-1
christinehauer_twitter_673671a3,1,0.91,0.209,-1
christinema_twitter_e6ee255a,1,0.9,0.078,-1
christophelaurent_twitter_b8e10d8b,1,0.93,0.273,-1
christopherbornstein_twitter_f6263ad1,1,0.0,0.995,-1
christopherdavidkaufman_twitter_0f38535d,1,0.91,0.55,-1
christopherhyde_twitter_97ce18ac,1,0.0,0.995,-1
christopherichert_twitter_3527d14e,1,0.0,0.995,-1
christopherspiewak_twitter_f754e7ef,1,0.94,0.16,-1
chriswright_twitter_48f04754,1,0.91,0.312,-1
chrisyoungdesign_twitter_2e8e1a45,1,0.95,0.032,-1
chromjuwelen_twitter_44aace3c,1,0.0,0.995,-1
cimet_twitter_d6861d2a,1,0.0,0.992,-1
cintiamcr_twitter_05632c7c,1,0.0,0.995,-1
cjeam_twitter_4fcdd4ff,1,0.93,0.077,-1
ckassociati_twitter_cfea6260,1,0.0,0.995,-1
claireisabel_twitter_00ed0ba9,1,1.0,0.08,-1
clairewickenden_twitter_de78478c,1,0.98,0.053,-1
claudiogiulio_twitter_81f48d78,1,0.93,0.589,-1
claudiogonzalo_twitter_f3fc1513,1,0.0,0.995,-1
clayton21_twitter_19bfbdc8,1,0.0,0.995,-1
clintmccollum_twitter_ea226b12,1,0.0,0.995,-1
cnicely_twitter_d947add4,1,0.0,0.995,-1
coachnicole_twitter_45569184,1,0.0,0.995,-1
coastermedia_twitter_fc01adea,1,0.96,0.319,-1
codyo_twitter_af540ffe,1,0.92,0.086,-1
colinmaddox_twitter_bac44134,1,0.0,0.995,-1
colinmilligan_twitter_98b5da65,1,0.0,0.992,-1
colinolford_twitter_dbc11135,1,0.93,0.24,-1
colleenburns_twitter_64c360cc,1,0.94,0.336,-1
condottasuite_twitter_20305e8c,1,0.0,0.995,-1
conorgilmer_twitter_a284faa0,1,0.9,0.432,-1
conradomacalossi_twitter_3f8d1cb0,1,0.97,0.086,-1
constanceruppender_twitter_a330ea1b,1,0.0,0.995,-1
consuelogandia_twitter_e80fad7f,1,0.0,0.995,-1
coreyjo_twitter_15edcb16,1,0.0,0.995,-1
corgimas_twitter_dc6ee838,1,0.0,0.995,-1
corporatephotographer_twitter_e1f7bcef,1,0.93,0.25,-1
countup_twitter_061dff35,1,0.0,0.995,-1
cousindirk_twitter_f854ebf0,1,0.0,0.995,-1
craigansell_twitter_80828ec5,1,0.97,0.23,-1
craigdeakin_twitter_a9f984ec,1,0.87,0.526,-1
cranesitearo_twitter_5e50cfd4,1,0.0,0.995,-1
cris33_twitter_a30384ae,1,0.0,0.995,-1
cristianmarimon_twitter_16bf4380,1,0.0,0.995,-1
cristianovalim_twitter_26819ccb,2,0.95,0.191,-1
cristinac_twitter_1d2519b8,1,0.9,0.422,-1
cristinadirnea_twitter_ab35335a,1,0.92,0.172,-1
croome_twitter_08dfdb29,1,0.94,0.181,-1
crossleykim_twitter_bb6d297f,1,0.0,0.995,-1
crowdini_twitter_285c305f,1,0.0,0.995,-1
cskonsol_twitter_cc840591,1,0.0,0.995,-1
csrollyson_twitter_12c8b63d,1,0.9,0.574,-1
currobarrena_twitter_5b486596,1,0.92,0.302,-1
curtiscavanaugh_twitter_16042cb7,2,0.91,0.065,-1
curtisguise_twitter_bcc48f02,1,0.0,0.995,-1
customfitonline_twitter_1717b755,1,0.94,0.397,-1
cyclofiend_twitter_cc720166,1,0.0,0.995,-1
cyko_twitter_d5f5c749,1,0.0,0.991,-1
cynthiakseymour_twitter_a5bef8d5,1,0.93,0.286,-1
daeglo_twitter_21cd683f,1,0.0,0.995,-1
daeshinkim_twitter_05a93018,2,0.975,0.87,-1
daimanuel_twitter_d369544c,1,0.89,0.048,-1
dalereynolds_twitter_583a22fc,1,0.91,0.038,-1
dallasfoodie_twitter_6cd58621,1,0.92,0.242,-1
damianopovoleri_twitter_63ed9f56,1,0.0,0.995,-1
danacosta_twitter_c80f1786,1,0.0,0.995,-1
danajones_twitter_c8e78cf5,1,0.91,0.119,-1
danbeazley_twitter_8bd3cb42,1,0.97,0.202,-1
danbrown_twitter_5e560c3d,1,0.94,0.446,-1
dancondon_twitter_3fb350f7,1,0.93,0.061,-1
dandydanno_twitter_ef12be32,1,0.92,0.106,-1
danehartwell_twitter_55c96988,1,0.0,0.995,-1
danielabutcu_twitter_7d4b625d,1,0.95,0.032,-1
danielcaceres_twitter_9af3b8da,1,0.0,0.995,-1
danielebazzano_twitter_19b02179,1,0.94,0.369,-1
danieledler_twitter_41d3d564,1,0.0,0.995,-1
danielemoggia_twitter_87fe0fcc,1,0.0,0.991,-1
daniellekogan_twitter_3137e165,1,1.0,0.375,-1
danielmoreno_twitter_0eb29f76,1,0.93,0.26,-1
danielrdossantos_twitter_1e6d964f,1,0.96,0.24,-1
danielscott_twitter_7b207443,1,0.92,0.122,-1
danieltaylor_twitter_a7eb9594,1,0.0,0.995,-1
daniiloros_twitter_1b7fc941,1,0.91,0.286,-1
danilojrr_twitter_3393482a,1,0.93,0.073,-1
dannybooty_twitter_7807c270,2,0.885,0.116,-1
dannyj_twitter_fa0ffae7,1,0.93,0.417,-1
dannyngan_twitter_47a10694,1,0.97,0.061,-1
danpancamo_twitter_33361335,1,0.94,0.459,-1
danweese_twitter_b5c73ac6,1,0.91,0.116,-1
danzenbinos_twitter_b356a406,1,0.0,0.995,-1
daphnecheung_twitter_066f0253,1,0.0,0.995,-1
daphnemaia_twitter_7a44e1c8,1,0.0,0.995,-1
dargadgetz_twitter_cbf72175,1,0.0,0.995,-1
dari0_twitter_ea3c410f,1,0.0,0.995,-1
darleenepowells_twitter_174e051d,1,0.0,0.995,-1
darraghdoyle_twitter_e307fd7a,1,0.97,0.444,-1
darrenlawson_twitter_ac20bd72,1,0.0,0.991,-1
darrent_twitter_68c4e428,1,0.0,0.995,-1
darrenwoolley_twitter_f6bb37d4,1,0.94,0.16,-1
darrylpropp_twitter_0168deaf,1,0.0,0.995,-1
darrymorales_twitter_7904179d,1,0.0,0.995,-1
dashable_twitter_d63199fa,1,0.0,0.995,-1
daveballesteros_twitter_9911bb49,1,0.95,0.058,-1
davecornthwaite_twitter_669fd37e,1,0.95,0.462,-1
davefernandez_twitter_965d60af,1,0.89,0.25,-1
davefrost_twitter_4857b9aa,1,0.0,0.995,-1
davegoodman_twitter_f5edb1d1,1,0.0,0.995,-1
daveknight_twitter_08e16d31,1,0.9,0.442,-1
davekyte_twitter_8e739e78,1,0.0,0.995,-1
davidadams_twitter_f5739526,1,0.95,0.286,-1
davidbird_twitter_6d8b869c,1,0.0,0.995,-1
davidcardona_twitter_e87a87f5,1,0.0,0.995,-1
davidcorpuz_twitter_31ba3e62,1,0.88,0.092,-1
davideesposto_twitter_155bc801,1,0.0,0.995,-1
davidegrassi_twitter_16ea7565,1,0.94,0.268,-1
davidessex_twitter_08e9d009,1,0.0,0.995,-1
davidfernando_twitter_35df02d1,1,0.9,0.254,-1
davidhartlcz_twitter_971ffbaf,1,0.0,0.995,-1
davidhousholder_twitter_ec9529cf,1,0.0,0.995,-1
davidleebiz_twitter_bb80b4af,1,0.89,0.347,-1
davidlewismd_twitter_078ef74d,1,0.0,0.995,-1
davidmerinas_twitter_44e6f2c3,1,0.0,0.995,-1
davidmichaelwynne_twitter_1e919770,1,0.94,0.181,-1
davidparmet_twitter_c1b1ea41,1,0.0,0.995,-1
davidramirezordonez_twitter_960792e0,1,0.95,0.433,-1
davidredelberger_twitter_85f266d5,1,0.94,0.104,-1
davidsmcnamara_twitter_50df5f9a,1,0.94,0.219,-1
davidvidorreta_twitter_fdd2fc66,1,0.96,0.473,-1
davidweaver_twitter_c4e8662d,2,0.945,0.272,-1
davispaul_twitter_06b1e068,1,0.0,0.995,-1
dawnnewton_twitter_689f2268,1,0.0,0.995,-1
daynah_twitter_4ebf57dd,2,0.945,0.139,-1
dayveeka_twitter_f1fd7dd7,1,0.97,0.112,-1
dazeofadventure_twitter_a026ece0,1,0.94,0.384,-1
dbhaffey_twitter_2b48ac41,1,0.89,0.461,-1
dciandy_twitter_5eeffa89,1,0.89,0.339,-1
deabaria_twitter_ca5f4029,1,0.0,0.995,-1
deanmarsden_twitter_2282393e,1,0.9,0.367,-1
deanwormell_twitter_d8a5addc,1,0.0,0.995,-1
deaydre_twitter_ad8d4d92,1,0.0,0.995,-1
debbiegioquindo_twitter_c441f559,1,0.96,0.074,-1
deborahpagliuca_twitter_e09335ef,1,0.0,0.995,-1
dedicatedshep_twitter_8ab189e1,1,0.0,0.995,-1
deepeshmd_twitter_640a6027,1,0.9,0.116,-1
deflemonkid_twitter_0e653e8f,1,0.0,0.995,-1
defyrecordings_twitter_48fe0fd6,1,0.0,0.995,-1
delcoursolutions_twitter_aff8b44a,1,0.0,0.995,-1
delgeronimo_twitter_4764d08d,1,0.0,0.995,-1
denikasep_twitter_01c54f23,1,0.94,0.022,-1
denisdoeland_twitter_78fe7afa,1,0.0,0.995,-1
denisdubois_twitter_eebb382f,1,0.94,0.586,-1
dennissmith_twitter_38d5aeeb,1,0.91,0.995,-1
derekameyer_twitter_333d03ff,1,0.0,0.995,-1
derekfromson_twitter_d09c64c2,1,0.95,0.139,-1
derekmcclain_twitter_f0330ee8,1,0.93,0.268,-1
derekrstewart_twitter_42ae9ed0,1,0.89,0.162,-1
designergna_twitter_3e37fa1f,1,0.0,0.995,-1
det_twitter_146cc4e8,1,0.91,0.559,-1
developer71facebookgarygilstrap_twitter_734f35dc,1,0.0,0.995,-1
developit_twitter_101a5bec,1,0.0,0.995,-1
dewitopia_twitter_35e0a569,1,0.0,0.995,-1
deya_twitter_e8aefea4,1,0.0,0.995,-1
deydos_twitter_1dd3fcf0,1,0.0,0.995,-1
dezelquillen_twitter_2692dfd8,1,0.0,0.995,-1
dezydelima_twitter_5a390cc6,1,0.95,0.258,-1
dheras_twitter_41bab982,1,0.94,0.148,-1
dianaantholis_twitter_c160d10e,1,0.94,0.087,-1
dianemueller_twitter_38e29cb7,1,0.93,0.336,-1
diavianjacob_twitter_14603c8d,1,0.0,0.995,-1
dibusydeabus_twitter_be9606fc,1,0.0,0.995,-1
diegofunaro_twitter_78e8c37c,1,0.0,0.995,-1
diegomanule_twitter_581873e7,1,0.0,0.995,-1
dieterpeeters_twitter_1b4053d2,1,0.94,0.656,-1
dimyume_twitter_ee158cea,1,0.0,0.995,-1
divaka_twitter_efa86dab,1,0.0,0.995,-1
divanotrite_twitter_b4bba3f1,1,0.0,0.995,-1
djduncan_twitter_80542429,1,0.93,0.248,-1
djemiliot_twitter_721ba2df,1,0.92,0.187,-1
djquietstorm_twitter_ca5bb7de,1,0.0,0.995,-1
djthedoctor_twitter_acf0bd78,1,0.96,0.096,-1
dkakaiya_twitter_5abbc578,1,0.91,0.174,-1
dlosuna_twitter_a4bbb25c,1,0.0,0.995,-1
dmjoaoigor_twitter_5255b0cf,1,0.0,0.995,-1
dnay_twitter_b7855b18,1,0.0,0.995,-1
doanttran_twitter_b4c51a82,1,0.93,0.265,-1
docouto_twitter_05278e0f,1,0.92,0.089,-1
doctorparadox_twitter_307d3001,1,0.0,0.992,-1
dolmisani_twitter_6fd452b3,1,0.95,0.578,-1
dolphinsmind_twitter_29ffa7f7,1,0.0,0.995,-1
dominicfuchs_twitter_3dd46828,1,0.92,0.24,-1
dominiquedesrosiers_twitter_491b580b,1,0.0,0.994,-1
domusauditoirum_twitter_0da830f7,1,0.0,0.959,-1
domynatrix_twitter_39f16bb2,1,0.0,0.995,-1
donanela_twitter_53570524,1,0.92,0.13,-1
donatellotrisolino_twitter_228b2167,1,0.94,0.203,-1
donkomo_twitter_ab97d4e6,1,0.96,0.121,-1
donmik_twitter_57ef4d09,1,0.0,0.995,-1
dontpose_twitter_e74e011e,1,0.0,0.995,-1
dorahardy_twitter_be7955e9,1,0.0,0.995,-1
dorothylovy_twitter_b7630072,1,0.0,0.995,-1
dorsetscouser_twitter_5b0e44c8,1,0.0,0.995,-1
dotsilicon_twitter_b88e6752,1,0.0,0.995,-1
dougfrancis_twitter_7179cfd3,1,0.0,0.995,-1
doughiltz_twitter_1617e4a6,1,0.93,0.334,-1
dppschoenmaker_twitter_71559a68,1,0.0,0.995,-1
drchrisstout_twitter_1f3b1e75,1,0.91,0.422,-1
dreammm_twitter_4454b8d9,1,0.94,0.319,-1
dreaprieto_twitter_d7289e52,1,0.95,0.439,-1
drewalanbeaty_twitter_7c9415db,1,0.0,0.995,-1
drseisenberg_twitter_5710be4b,1,0.0,0.995,-1
dubecarlos_twitter_8b1ab165,1,0.0,0.995,-1
dustinhershberger_twitter_f9f3f530,1,0.95,0.196,-1
dwanellington_twitter_54c856c9,1,0.0,0.995,-1
dwymonster_twitter_95ee518d,1,0.0,0.995,-1
dygrafi_twitter_e4203246,1,0.93,0.205,-1
dyzisaboy_twitter_68cb24bb,1,0.0,0.995,-1
eamrselim_twitter_e64b635f,1,0.0,0.995,-1
earthxplorer_twitter_d2164e6e,1,0.98,0.196,-1
ebaechler_twitter_13a3e0ec,1,0.0,0.995,-1
eboniife_twitter_6ba529bb,1,0.94,0.061,-1
edersonsandre_twitter_40a51b70,1,0.0,0.995,-1
edesonsouza_twitter_47d98416,1,0.96,0.226,-1
edmondwong_twitter_20b3e730,1,0.0,0.995,-1
edna_twitter_4043f2e2,1,0.96,0.114,-1
edsafin_twitter_48e6c4fe,1,0.0,0.995,-1
edscanlan_twitter_e8fd8f8e,1,0.94,0.405,-1
eduardohernandezcamacho_twitter_fbab3acb,1,0.92,0.05,-1
edwardanton_twitter_8023d850,1,0.91,0.069,-1
edwardloh_twitter_1b11869b,1,0.0,0.995,-1
efelippe_twitter_1e6d0fd4,1,0.95,0.57,-1
ehrok_twitter_741402f9,1,0.0,0.995,-1
ekafri_twitter_a931dc2e,1,0.92,0.394,-1
ekapol_twitter_ab7e2c2e,1,0.93,0.205,-1
ekiafoto_twitter_1e9f8267,1,0.91,0.995,-1
eladbs_twitter_c25597cb,1,0.88,0.137,-1
elbisnet_twitter_0ddd1727,1,0.94,0.137,-1
elchaninovstar_twitter_65d649b4,1,0.97,0.363,-1
elenakalis_twitter_2b609fb2,1,0.0,0.995,-1
elenamanzini_twitter_0e10cd47,1,0.95,0.289,-1
elenaperez_twitter_8babbb0b,1,0.92,0.133,-1
elenavelez_twitter_67cd0a55,1,0.0,0.995,-1
elerick_twitter_ff138f25,1,0.0,0.995,-1
elfolen_twitter_4781ed1e,1,0.92,0.203,-1
elianaca_twitter_65ffe607,1,0.0,0.99,-1
eliazu_twitter_d4a4006b,1,0.92,0.152,-1
eliezerdiaz_twitter_dfee71a0,1,0.0,0.995,-1
elisapicchiotti_twitter_9381e60a,1,0.0,0.995,-1
eliut_twitter_7bac7c25,1,0.0,0.995,-1
elki_twitter_62538ef3,1,0.94,0.087,-1
ellaclawley_twitter_429a8e4e,1,0.96,0.203,-1
elleiconlee_twitter_652343f4,1,0.9,0.248,-1
elleneinkauf_twitter_01a81fcd,1,0.95,0.021,-1
elliepotts_twitter_be65f5ba,1,0.96,0.289,-1
elmo_twitter_1eb34faf,1,0.0,0.995,-1
elreptar_twitter_32877a18,1,0.0,0.995,-1
elsander_twitter_cab25f9f,1,0.98,0.013,-1
eltounsi54_twitter_4af903d0,1,0.0,0.993,-1
emanuelepapi_twitter_60a25b6d,1,0.93,0.615,-1
emiarai_twitter_cb588b6f,1,0.0,0.995,-1
emiliofolgar_twitter_8edc8e4e,1,0.94,0.297,-1
emiloberg_twitter_992fa3db,1,0.93,0.106,-1
emilymulle_twitter_868c94b0,1,0.0,0.995,-1
emimatsushita_twitter_f5f1cd7b,1,0.0,0.995,-1
emmaruthbeer_twitter_376b09f0,1,0.0,0.995,-1
emredjan_twitter_9d19ee46,1,0.93,0.054,-1
enricodemitri_twitter_a75b39d8,1,0.0,0.995,-1
enricorossomando_twitter_a860ca72,1,0.92,0.436,-1
enricvega_twitter_57fe68e7,1,0.89,0.233,-1
enzomartinez_twitter_6199899f,1,0.0,0.995,-1
eole_twitter_390fd9f1,1,0.91,0.388,-1
eonsmiami_twitter_9e7024a6,1,0.93,0.073,-1
epuertas_twitter_3417f0b6,1,0.96,0.797,-1
erdelcroix_twitter_85f7e392,1,0.0,0.995,-1
erdemtuzen_twitter_51c05135,1,0.0,0.995,-1
erdisi_twitter_40c83189,1,0.0,0.995,-1
erdo_twitter_28274a51,1,0.0,0.995,-1
ericalynnyoung_twitter_d1ada060,1,0.91,0.268,-1
ericastella_twitter_65e57743,1,0.0,0.995,-1
ericavirtue_twitter_35629972,1,0.94,0.026,-1
ericbreece_twitter_f88de7f8,1,0.89,0.111,-1
ericepetersen_twitter_3c09a486,1,0.0,0.995,-1
ericlaurie_twitter_dfa7170f,1,0.92,0.943,-1
ericnojimd_twitter_cdd4246f,1,0.0,0.995,-1
erikaperugachi_twitter_6467d161,1,0.0,0.995,-1
erikdehkhoda_twitter_8e296b66,1,0.0,0.995,-1
erikmacpherson_twitter_c75dc507,1,0.0,0.995,-1
erikpt_twitter_a14c13bd,1,0.89,0.255,-1
erinlambert_twitter_13697f3c,1,0.94,0.183,-1
erinslick_twitter_455becfe,1,0.91,0.612,-1
erwinhuang_twitter_6251b934,1,0.93,0.476,-1
eryk_twitter_cfd060f6,1,0.97,0.645,-1
esmeraldabeautylounge_twitter_41e8c875,1,0.0,0.995,-1
estibalizcamara_twitter_5af63bde,1,0.94,0.485,-1
etthompson_twitter_644d7896,1,0.0,0.995,-1
eugenemartinez_twitter_929ca641,1,0.94,0.314,-1
eurekatek_twitter_d9cfdf02,1,0.0,0.995,-1
evandroarruda_twitter_67971377,1,0.93,0.073,-1
evandrooliveira_twitter_215a503f,1,0.92,0.268,-1
evandrosudre_twitter_b0259bf4,1,0.0,0.995,-1
evanschikarakara_twitter_c43af1c0,1,0.0,0.995,-1
fabianoalmeida_twitter_abca7bca,1,0.93,0.23,-1
fabienadouani_twitter_4d7cb7ac,1,0.93,0.322,-1
fabioj_twitter_10af93ff,1,0.0,0.992,-1
fabiolottino_twitter_695eef72,1,0.96,0.046,-1
fabrymondino_twitter_cb82274d,1,0.93,0.072,-1
fahads_twitter_157899b9,1,0.94,0.366,-1
faisalkhatib_twitter_eff04a89,1,0.0,0.995,-1
falana_twitter_76e40761,1,0.94,0.117,-1
fardeen_twitter_8a844baf,1,0.95,0.092,-1
fayeoakey_twitter_64978196,1,0.0,0.995,-1
fdavid_twitter_ab98504e,1,0.0,0.995,-1
fedsimonetti_twitter_64ff91b6,1,0.0,0.995,-1
feixiao_twitter_171b62c2,1,0.9,0.162,-1
felicelam_twitter_bd034eeb,1,0.89,0.216,-1
ferminpeluqueros_twitter_b4e93176,1,0.0,0.995,-1
fernandabh_twitter_8313d345,1,0.93,0.4,-1
fernandezdjr_twitter_1ea2a3da,1,0.91,0.487,-1
fernandoamezrafael_twitter_4e10115a,1,0.0,0.995,-1
fernandoescudero_twitter_88e3a7f9,1,0.0,0.995,-1
fernandogallardo_twitter_5e6cc5af,1,0.92,0.27,-1
ferrodino_twitter_aff22ad0,1,0.92,0.098,-1
fethiyegolgesiz_twitter_a51d650d,1,0.97,0.093,-1
fig_twitter_39b9bfbe,1,0.0,0.995,-1
finchfm_twitter_df282868,1,0.0,0.995,-1
fionagraham_twitter_9efc63ec,1,0.0,0.995,-1
firasbenhamida_twitter_09440163,1,0.0,0.995,-1
fireos_twitter_d68e6c7f,1,0.0,0.995,-1
firnas_twitter_51146571,1,0.0,0.995,-1
fitbodylife_twitter_a3483d3c,1,0.0,0.995,-1
fixelzero_twitter_22edb68c,1,0.0,0.995,-1
fjd_twitter_a9f8971d,1,0.99,0.081,-1
fleurmcgerr_twitter_eb0d7e0f,1,0.92,0.116,-1
flickeringember_twitter_de4aac5d,1,0.97,0.084,-1
flxbarth_twitter_e65d57e6,1,0.9,0.053,-1
flyzipper_twitter_32fd069a,1,0.0,0.995,-1
fmmor_twitter_e7b9519a,1,0.0,0.995,-1
fmrcastro_twitter_48a4960d,1,0.94,0.111,-1
followsound_twitter_c0aa49aa,1,0.9,0.166,-1
forevaimagescom_twitter_bcc3df80,1,0.0,0.995,-1
fotokiosk_twitter_d3f56001,1,0.89,0.053,-1
fotolory_twitter_ac569fbf,1,0.0,0.995,-1
fozterz_twitter_44160537,2,0.965,0.074,-1
fposati_twitter_98ee18b5,1,0.0,0.995,-1
fraidy_twitter_741bfa1a,1,0.0,0.995,-1
francescacampigli_twitter_5a5f0e56,1,0.92,0.111,-1
francescoalbano_twitter_1bb78100,1,0.94,0.093,-1
francescodendi_twitter_5edced70,1,0.92,0.292,-1
francescodilillo_twitter_7ce9ceb9,1,0.0,0.995,-1
francescomeani_twitter_be402cc1,1,0.95,0.021,-1
frankcarter_twitter_40f4e7d8,2,0.905,0.064,-1
frankneulichedl_twitter_ee6c564c,1,0.0,0.995,-1
franko_twitter_a1d5dda8,1,0.95,0.34,-1
frankpeter_twitter_fe0028b8,1,0.0,0.995,-1
frankrodriguez_twitter_d178fc5f,1,0.93,0.228,-1
franktraylor_twitter_e0f399de,1,0.94,0.292,-1
frankt_twitter_2a3e20c4,1,0.0,0.995,-1
frankyhp_twitter_f8304b94,1,0.0,0.995,-1
fransiskusariesa_twitter_b7534b52,1,0.0,0.994,-1
franziskakaterbaum_twitter_082881fb,1,0.94,0.25,-1
frayser_twitter_a6b4d55d,1,0.0,0.995,-1
frederickpolk_twitter_431fd50c,1,0.0,0.995,-1
fredriclandqvist_twitter_934a7749,1,1.0,0.357,-1
frijal_twitter_9899d705,1,0.0,0.995,-1
frogdiva_twitter_2c9b201c,1,0.92,0.289,-1
frosch03_twitter_d50400f7,1,0.0,0.995,-1
fsy_twitter_b350e7bd,1,0.0,0.995,-1
ftrujillo_twitter_12ec65ef,1,0.91,0.221,-1
fullo_twitter_a1093260,1,0.94,0.031,-1
fulltime_twitter_2333e77c,1,0.0,0.995,-1
funkycoda_twitter_01c5ba04,1,0.0,0.995,-1
fuzzy_twitter_b150a76a,1,0.0,0.995,-1
gabi_twitter_6c0c5fae,1,0.91,0.017,-1
gailgabrielle_twitter_0c4d4656,1,0.9,0.137,-1
gailobannon_twitter_0f2b7f25,1,0.92,0.214,-1
galobaro_twitter_13feb392,1,0.93,0.494,-1
galobart_twitter_ca32a55a,1,0.0,0.995,-1
ganant_twitter_1ae9c07d,1,0.0,0.995,-1
garthsmitman_twitter_311d8bd8,1,0.92,0.98,-1
garwinlu_twitter_d8d69dd9,1,0.0,0.995,-1
garyacers_twitter_386bbb86,1,0.91,0.164,-1
garyreed_twitter_3e88da9b,1,0.0,0.995,-1
gastonsz_twitter_3d1cb75b,1,0.0,0.995,-1
gavsouthern_twitter_6195cc35,2,0.925,0.33,-1
gcardona_twitter_0d5787da,1,0.0,0.995,-1
gege2ge_twitter_4611871a,1,0.0,0.995,-1
gemmaphelan_twitter_9ab09ba7,1,0.94,0.245,-1
gemsmaquillage_twitter_b1324236,1,0.0,0.995,-1
genosbil_twitter_d821c790,1,0.92,0.316,-1
gentra_twitter_e21a095f,1,0.0,0.995,-1
georgedearing_twitter_f3f64de2,1,0.94,0.233,-1
georgeferris_twitter_fb2b16a0,1,0.92,0.24,-1
georginalester_twitter_00258c5c,1,0.93,0.305,-1
gerhardheinrich_twitter_ec49bb26,1,0.92,0.416,-1
germanogurgel_twitter_9d49436a,1,0.0,0.995,-1
germer_twitter_4f47b309,1,0.0,0.995,-1
gerty_twitter_2fc132b6,1,0.0,0.995,-1
ghholtphotography_twitter_91143b56,1,0.95,0.273,-1
giacomoardesi_twitter_d0be852a,1,0.0,0.995,-1
giamarcs_twitter_60d36895,1,0.0,0.995,-1
giants5go5go5_twitter_3f5f6f89,1,0.0,0.995,-1
gilbertmc_twitter_a8082f45,1,0.0,0.995,-1
ginsonspeich_twitter_52190e4e,1,0.93,0.158,-1
giorgiopapallo_twitter_33278151,1,0.0,0.995,-1
giovaniricciardi_twitter_377c37a0,1,0.0,0.995,-1
giovinator_twitter_f8dc7b50,1,0.94,0.265,-1
giraudkd_twitter_9f9de9fe,1,0.0,0.995,-1
gisanders_twitter_e229cd56,1,0.96,0.366,-1
giselabeer_twitter_d2e3c760,1,0.0,0.995,-1
giulianoabate_twitter_1b4a323f,1,0.0,0.995,-1
giuseppeazzaro_twitter_ca961781,1,0.93,0.309,-1
gladtrejo_twitter_16871844,1,0.95,0.324,-1
gleamland_twitter_4031e865,1,0.0,0.992,-1
glemak_twitter_9e2b3b26,1,0.0,0.995,-1
glennthorpe_twitter_d64e04f0,1,0.0,0.995,-1
glfreelancegraphic_twitter_4d9e0da8,1,0.0,0.995,-1
globalpatriot_twitter_58c079b1,1,0.91,0.17,-1
globomarketing_twitter_d3f6645a,1,0.0,0.995,-1
gmlumpy_twitter_558eadb3,1,0.0,0.995,-1
gmpentaxfan_twitter_c5c5362e,1,0.0,0.995,-1
goace_twitter_81a47054,1,0.0,0.995,-1
godivaartstudio_twitter_564d55a6,1,0.0,0.995,-1
gomayara_twitter_080f01cf,1,0.92,0.116,-1
gonzalodroguett_twitter_d445103d,1,0.0,0.995,-1
gonzalofera_twitter_5149854d,1,0.0,0.995,-1
goodboyroy_twitter_1e280bef,1,0.0,0.995,-1
gordsellar_twitter_ddf0c13c,1,0.0,0.995,-1
gorguito_twitter_8b1f8e67,1,0.0,0.995,-1
gosiabem_twitter_31daa85b,1,0.0,0.995,-1
gotnur_twitter_a141058d,1,0.0,0.995,-1
gozdebalkan_twitter_e302cab2,1,0.94,0.114,-1
gracemassalanglois_twitter_5e2c0bcd,1,0.96,0.176,-1
greengeedivan_twitter_8ab2557c,1,0.0,0.995,-1
gregcarley_twitter_2ba8b01e,1,0.93,0.286,-1
greghyer_twitter_22ec54ac,1,0.92,0.25,-1
gregmcbride_twitter_7ec23311,1,0.0,0.995,-1
gregthurtle_twitter_3c3740d4,1,0.0,0.995,-1
grisoni77_twitter_097377ed,1,0.0,0.995,-1
gson_twitter_a966d1bc,1,0.0,0.995,-1
gtbundy_twitter_460e51a0,1,0.91,0.331,-1
guardic_twitter_c14078da,1,0.9,0.101,-1
guedadojacopomele_twitter_54ffce95,1,0.91,0.17,-1
guidocataldi_twitter_54832c22,1,0.94,0.037,-1
guillermoruiz24_twitter_0160f3be,1,0.96,0.031,-1
gurumef_twitter_61ef9610,1,0.0,0.995,-1
gusei_twitter_2087b8f3,1,0.0,0.995,-1
gustavoarias_twitter_54c0cdd5,1,0.0,0.995,-1
guycocker_twitter_b330a1df,1,0.92,0.342,-1
guysonecstasy_twitter_b846c333,1,0.0,0.995,-1
gvirtucio_twitter_0e90f22a,1,0.0,0.995,-1
gwalter_twitter_0c6dd10d,2,0.97,0.997,-1
gwynf_twitter_3d5c2458,1,0.0,0.995,-1
gwynnekostin_twitter_c623b300,1,0.93,0.487,-1
habuw_twitter_4a555da8,1,0.97,0.902,-1
hacen_twitter_0bed7b72,1,0.95,0.357,-1
hairboutiquecom_twitter_c5bf09b2,1,0.0,0.995,-1
haivo_twitter_bdd72100,1,0.0,0.995,-1
hakandahlstrom_twitter_9773d942,1,0.94,0.922,-1
halgarob_twitter_67d039d4,1,0.93,0.292,-1
halilkupeli_twitter_acae7c70,1,0.94,0.147,-1
hallyboost_twitter_6e6d3adb,1,0.94,0.01,-1
handmadejewelry_twitter_108df45b,1,0.0,0.995,-1
hanma_twitter_857c9d61,1,0.9,0.023,-1
hannoliiva_twitter_2eb1f948,1,0.0,0.995,-1
hansvaneijsden_twitter_ab317d1b,1,0.95,0.406,-1
harishsharma_twitter_cca3ead0,2,0.97,0.57,-1
harisrahman_twitter_1f7c8d1b,1,0.0,0.982,-1
harshit_twitter_cc982ff0,1,0.0,0.995,-1
harvest316_twitter_2e57cdc0,1,0.91,0.328,-1
hasanalikhattak_twitter_1b8c3961,1,0.0,0.995,-1
hayleyvu_twitter_5771cfe5,1,0.0,0.995,-1
hbeme_twitter_d4642ec2,1,0.96,0.449,-1
heartrepreneur_twitter_4c084163,1,0.94,0.273,-1
heartstrung_twitter_d96ea892,1,0.0,0.995,-1
heatherho_twitter_134146a4,1,0.96,0.205,-1
heathertorres_twitter_68535343,1,0.95,0.095,-1
hectorigual_twitter_5422ab63,1,0.99,0.173,-1
heilweil_twitter_a9fa6e13,1,0.0,0.995,-1
helka_twitter_d6b8047d,1,0.92,0.126,-1
henrikfohns_twitter_1cebd35f,1,0.0,0.993,-1
henspie_twitter_17aa669f,1,0.94,0.046,-1
hepekiz_twitter_702d2303,1,0.0,0.995,-1
hernancortes_twitter_844f2a68,1,0.95,0.051,-1
hflpjtrade_twitter_ec4057b9,1,0.0,0.995,-1
hillmiester_twitter_d1a14f7f,1,0.99,0.025,-1
hiredmyway_twitter_ae311bde,1,0.0,0.995,-1
hisforhome_twitter_b2a8cc12,1,0.0,0.994,-1
hishizaki_twitter_2fddf773,1,0.96,0.062,-1
hlh_twitter_7accfa24,1,0.95,0.413,-1
hogeslag_twitter_5e738c6b,1,0.94,0.203,-1
holleyjacobs_twitter_871a8a44,1,0.95,0.207,-1
hollyccarter_twitter_6e578e3f,1,0.0,0.995,-1
hollywoodpunk_twitter_26829078,1,0.91,0.36,-1
homesacrosstheworldcom_twitter_dc31cc66,1,0.0,0.995,-1
hookedonwax_twitter_b55ebb54,1,0.0,0.995,-1
hoosierteacher_twitter_d9ebc414,1,0.92,0.255,-1
hortovanyi_twitter_973c33d0,1,0.0,0.995,-1
hostels247_twitter_139daa85,1,0.0,0.995,-1
hotelcostanarejos_twitter_c1c0110c,1,0.0,0.995,-1
howielevy_twitter_0585d474,1,0.94,0.378,-1
hthaiwon_twitter_e0e5da0c,1,0.95,0.406,-1
huko_twitter_c299cad2,1,0.0,0.995,-1
humanlie_twitter_cd6c7d6a,1,0.0,0.995,-1
huzaifasial_twitter_60c82a39,1,0.0,0.995,-1
hyperbreed_twitter_a25e4ca0,1,0.0,0.995,-1
iabdulghani_twitter_7fa1eb79,1,0.91,0.515,-1
iamangelique_twitter_a92c5588,1,0.0,0.995,-1
iamlfb_twitter_4fb7edfc,1,0.0,0.995,-1
iamryno_twitter_1b4da683,1,0.94,0.334,-1
iancorless_twitter_17c5fdca,1,0.0,0.995,-1
ianedgar_twitter_85a15d06,1,0.0,0.995,-1
ianjamesdavies_twitter_f57dcb86,1,0.94,0.25,-1
iankath_twitter_953fc7cb,1,0.95,0.354,-1
ibulat_twitter_9fabb951,1,0.88,0.043,-1
idaperri_twitter_c09e48a1,1,0.95,0.245,-1
idaveml_twitter_28dd4888,1,0.94,0.319,-1
ideas4ios_twitter_c082de65,1,0.0,0.995,-1
idrialis_twitter_f1818d78,1,0.0,0.995,-1
idvaad_twitter_bcf2f056,1,0.0,0.995,-1
iesposito_twitter_47f18673,1,0.96,0.168,-1
ifabio_twitter_40e0cd7d,1,0.0,0.994,-1
ifeelitall_twitter_f25f9d35,1,0.0,0.995,-1
igorbotelho_twitter_5ab5d7a8,1,0.93,0.022,-1
igormitrovic_twitter_7fbdae41,1,0.92,0.345,-1
igoryok_twitter_1baf2792,1,0.0,0.995,-1
ihakkim_twitter_0c7ce0a3,1,0.92,0.068,-1
ihanna_twitter_c51554ab,1,0.97,0.258,-1
ilariadefilippo_twitter_ba5def50,1,0.0,0.995,-1
ilariapic_twitter_2cedd304,1,0.0,0.995,-1
ilario_twitter_68607ef1,1,0.9,0.214,-1
ileshshah_twitter_61110826,1,0.92,0.168,-1
ilkkakukkonen_twitter_ac550d7e,1,0.9,0.369,-1
illtrax_twitter_1a1d5e70,3,0.913,0.371,-1
ilpagliarino_twitter_8c55b8b8,1,0.0,0.995,-1
indietunes_twitter_e83631c5,1,0.0,0.995,-1
indumental_twitter_db63d9ae,1,0.0,0.993,-1
inesandres_twitter_e93a4891,1,0.96,0.995,-1
inigoparalle_twitter_b15aa013,1,0.0,0.995,-1
injction_twitter_c5f2fc9d,1,0.94,0.316,-1
intanrizky_twitter_235881d9,4,0.938,0.326,-1
intelligenius_twitter_54dcd23e,1,0.89,0.276,-1
intercer_twitter_48e5af44,1,0.96,0.16,-1
ipranab_twitter_00f852cc,1,0.0,0.995,-1
irecevic_twitter_c097f388,1,0.95,0.319,-1
irenegarmu_twitter_e484b227,1,0.94,0.086,-1
irenekimmel_twitter_ac98d11a,1,0.92,0.168,-1
irf_twitter_7f923eec,1,0.0,0.995,-1
irinaradchenko_twitter_30999e7b,1,0.9,0.15,-1
irinasouiki_twitter_4382bfa6,1,0.92,0.351,-1
irmazimmermann_twitter_8ec0bae6,1,0.0,0.995,-1
isaacadams_twitter_85f8654b,1,0.97,0.018,-1
isaacbf_twitter_1fce440a,1,0.0,0.995,-1
isaacsmith_twitter_5cc7dfdb,1,0.91,0.102,-1
isuruyapa_twitter_e0a9fd3c,1,0.0,0.995,-1
itsvitorgomes_twitter_58be4379,1,0.93,0.497,-1
iucnwani_twitter_ad8bb904,1,0.0,0.992,-1
ivanataylor_twitter_adc1ab37,1,0.92,0.388,-1
ivanhernandez_twitter_0b47da79,1,0.93,0.24,-1
ivanilic_twitter_3b3d3667,1,0.0,0.995,-1
ivankovacevic_twitter_090f678f,1,0.0,0.995,-1
ivanlajara_twitter_47424b61,1,0.93,0.652,-1
ivanmola_twitter_e0045627,1,0.91,0.16,-1
ivanvega_twitter_9a12a4d8,1,0.94,0.187,-1
ivarsmas_twitter_7e1851e6,1,0.89,0.357,-1
ivosilvestro_twitter_70789f9d,1,0.96,0.289,-1
iwatatakuma_twitter_63c209af,1,0.0,0.995,-1
iwichita_twitter_9aefd46e,1,0.0,0.994,-1
izackruiz_twitter_c3c62de9,1,0.0,0.995,-1
izazael_twitter_6d55c349,1,0.0,0.992,-1
j0hnsy_twitter_ae331e5c,1,0.0,0.995,-1
j4nu5_twitter_b635fcfa,1,0.91,0.164,-1
jackprindle_twitter_9755afbd,1,0.98,0.164,-1
jacquesshu_twitter_3b14181c,1,0.94,0.265,-1
jacquibrown_twitter_14a34343,2,0.96,0.693,-1
jadenwalker_twitter_ff88f3be,1,0.0,0.995,-1
jaelrincon_twitter_47a49f56,1,0.0,0.995,-1
jagudeye_twitter_4038cc9f,1,0.0,0.995,-1
jaimerojasandaur_twitter_da11d9b8,1,0.94,0.112,-1
jainashish_twitter_0016dd8b,1,0.0,0.994,-1
jajodiasaket_twitter_7fe3a46b,1,0.98,0.041,-1
jakedubss_twitter_c03b0dc2,1,0.0,0.995,-1
jamesbellamy3_twitter_2b6126e8,1,0.94,0.137,-1
jamescrawford_twitter_208ab316,1,0.93,0.397,-1
jamesgoodnow_twitter_adc9a524,1,0.93,0.189,-1
jamesjohnston_twitter_d4f80aad,1,0.0,0.995,-1
jameson079_twitter_8e1fa9a3,1,0.0,0.995,-1
jamessacci_twitter_109a3d36,1,0.0,0.995,-1
jameswatsoninternet_twitter_c9d12070,1,0.0,0.995,-1
jamiegilpin_twitter_8094a687,1,0.0,0.995,-1
jamiehinks_twitter_60200ba6,1,0.92,0.331,-1
jamieleeong_twitter_7ff1aa7e,1,0.0,0.995,-1
janbush_twitter_e3420437,1,0.91,0.198,-1
janehamill_twitter_352ee4cd,1,0.0,0.995,-1
janelbrennan_twitter_72b9f16b,1,0.95,0.25,-1
janellewilson_twitter_313a6c63,1,0.9,0.092,-1
janifer_twitter_f4d7e4a1,1,0.92,0.483,-1
janiv_twitter_6c328abe,1,0.95,0.048,-1
japros_twitter_11c126e3,1,0.98,0.255,-1
jaredholmquist_twitter_fa4b7178,1,0.91,0.116,-1
jaredmagouirk_twitter_afbcdaa3,1,0.0,0.995,-1
jaryves_twitter_d83d06fe,1,0.93,0.978,-1
jasminrovira_twitter_905df1d1,1,0.0,0.995,-1
jasonbergin_twitter_557321ca,1,0.0,0.992,-1
jasonchan_twitter_f947b6c6,1,0.0,0.995,-1
jasondupuis_twitter_604a4ea8,1,0.95,0.154,-1
jasonemiller_twitter_84b4f048,1,0.89,0.658,-1
jasongraciano_twitter_5a1ec285,1,0.92,0.055,-1
jasongraham99_twitter_66c29f64,1,0.98,0.585,-1
jasonlloyd_twitter_458c19c8,1,0.99,0.111,-1
jasonloehr_twitter_fa1e5a2f,1,0.92,0.366,-1
jasonmarineau_twitter_633eb7c9,1,0.0,0.995,-1
jasonmartorana_twitter_1c170ec5,1,0.93,0.164,-1
jasonohaire_twitter_1f34c7b8,1,0.0,0.995,-1
jasson_twitter_efc7b09a,1,0.0,0.989,-1
javicebrian_twitter_049aaaed,1,0.96,0.041,-1
javierandreu_twitter_bad60328,1,0.0,0.995,-1
javierbrisa_twitter_7cbb97f9,1,0.0,0.995,-1
javiersanchez_twitter_a42a8588,1,0.0,0.995,-1
javikarni_twitter_638b5b61,1,0.96,0.464,-1
jayboucher_twitter_1796f13f,1,0.0,0.995,-1
jaycorcoran_twitter_b6cbb10c,1,0.93,0.061,-1
jaynev_twitter_5dc978f4,1,0.94,0.223,-1
jaypsyd_twitter_bd24af2b,1,0.9,0.131,-1
jazael_twitter_e08b22e1,1,0.9,0.223,-1
jazrt_twitter_eed13493,1,0.0,0.995,-1
jazza_twitter_94858f81,1,0.95,0.121,-1
jberndes_twitter_424b06a9,1,0.88,0.363,-1
jcov90_twitter_805884a4,1,0.0,0.995,-1
jcriqqelme_twitter_c52b8be8,1,0.9,0.03,-1
jdperkins1369_twitter_b93ad2f3,1,0.0,0.988,-1
jeacosta_twitter_8799a0b7,1,0.0,0.995,-1
jeanfrancoislabelle_twitter_06143101,1,0.0,0.995,-1
jeansanchez_twitter_da39065b,1,0.0,0.995,-1
jects_twitter_be19fbc2,1,0.0,0.995,-1
jeepgeek_twitter_75cc76d2,2,0.925,0.067,-1
jeffarazzi_twitter_7f4b0bb2,1,0.92,0.345,-1
jeffbone_twitter_33a810ac,1,0.91,0.375,-1
jeffipad_twitter_14c87aec,1,0.0,0.995,-1
jefflarkin_twitter_e0ef7813,1,0.9,0.345,-1
jeffmclean_twitter_1f69b096,1,0.89,0.486,-1
jeffmwebster_twitter_fdeaebf9,1,0.0,0.995,-1
jeffreyamcguire_twitter_ac97c567,1,0.94,0.328,-1
jeffreydodge_twitter_65b44add,1,0.95,0.185,-1
jehf_twitter_f9349936,1,0.92,0.894,-1
jeicker_twitter_455c1f4b,1,0.95,0.022,-1
jellederoeck_twitter_376d4469,1,0.92,0.273,-1
jelleoostrom_twitter_56216f16,1,0.0,0.995,-1
jenbalisi_twitter_ec3798a8,1,0.95,0.135,-1
jenevison_twitter_8acf9fc2,1,0.0,0.995,-1
jenleheny_twitter_17111b55,1,0.91,0.342,-1
jenmathews_twitter_6cefe4ab,1,0.95,0.125,-1
jenner_twitter_cd086305,1,0.9,0.223,-1
jenniferhill_twitter_9c8e2b8a,1,0.9,0.124,-1
jenniferrosenblatt_twitter_93ba7407,1,0.0,0.992,-1
jenniferwong_twitter_baa6ff82,2,0.965,0.458,-1
jennturner_twitter_08a54c1b,1,0.0,0.995,-1
jenovaproject_twitter_5584fe01,1,0.0,0.995,-1
jereclancy_twitter_15037bd5,1,0.95,0.194,-1
jeremycwilson_twitter_1b2d29ba,2,0.95,0.043,-1
jeremyfranklin_twitter_19dd28ce,1,0.93,0.221,-1
jeremymd_twitter_855bd9cc,1,0.95,0.016,-1
jeroenmiedema_twitter_e4099201,1,0.94,0.366,-1
jeromeshaw_twitter_a2507e7e,1,0.0,0.995,-1
jerometurner_twitter_f015652f,1,0.0,0.995,-1
jeromevadon_twitter_7bbe40b2,1,0.96,0.497,-1
jeromiewilliams_twitter_5b4a8dcd,1,0.93,0.174,-1
jerrybarnwell_twitter_cbd7b683,1,0.94,0.233,-1
jessecorinella_twitter_c432ea70,1,0.96,0.025,-1
jessereilly_twitter_af4029a7,1,0.92,0.07,-1
jessetrelstad_twitter_385144a0,1,0.0,0.995,-1
jessevalley_twitter_8602d0ee,1,0.94,0.16,-1
jessewright_twitter_5ef6975d,1,0.0,0.995,-1
jessicafajans_twitter_bd679c07,1,0.0,0.995,-1
jessienuz_twitter_b93a3e54,1,0.0,0.995,-1
jesusivo_twitter_7663cfc3,1,0.95,0.144,-1
jesuslugo_twitter_16e56c7f,1,0.0,0.995,-1
jesusmier_twitter_8d74e587,1,0.95,0.243,-1
jetvhs_twitter_74117c75,1,0.0,0.995,-1
jevtovic_twitter_f88cb5fb,1,0.0,0.995,-1
jfbautista_twitter_f37b46f4,1,0.0,0.995,-1
jgoff_twitter_83adead5,1,0.0,0.995,-1
jgorehampenney_twitter_40206fbf,2,0.945,0.202,-1
jhonjairo_twitter_9f16e7cd,1,0.96,0.106,-1
jillian_twitter_f36fff3b,1,0.96,0.41,-1
jimbgreen_twitter_e1f8798a,1,0.0,0.995,-1
jimbobmarley_twitter_bece6fee,1,0.0,0.995,-1
jimhicks_twitter_eb164c2b,1,0.94,0.17,-1
jimlarrison_twitter_dee5dabb,1,0.95,0.515,-1
jimmetzger_twitter_faa222f7,1,0.96,0.028,-1
jimmurdoch_twitter_e2e0c232,1,0.92,0.305,-1
jinaljmehta_twitter_10a128fd,1,0.0,0.995,-1
jinuem_twitter_ca112bf6,1,0.0,0.995,-1
jiriruzek_twitter_e248e9f9,1,0.0,0.995,-1
jiteshpanchal_twitter_662a611f,1,0.0,0.995,-1
jithinjb_twitter_3ad744df,1,0.0,0.995,-1
jjamor_twitter_352474b3,1,0.0,0.98,-1
jjmlloret_twitter_22f84a80,1,0.92,0.112,-1
jkdesignarts_twitter_c7e411c0,1,0.0,0.995,-1
jking1627_twitter_31386cf4,1,0.0,0.995,-1
jklfacom_twitter_ca241816,1,0.96,0.005,-1
jkshim_twitter_d5fdd5eb,1,0.0,0.995,-1
jlat85_twitter_a9200085,2,0.945,0.527,-1
jletti_twitter_b9a98ba2,1,0.0,0.995,-1
jmac303_twitter_68403514,1,0.0,0.995,-1
jmerkoski_twitter_3dd3063f,1,0.0,0.995,-1
jmgiron_twitter_4d143529,1,0.0,0.995,-1
jmnish_twitter_04dd4d8a,1,0.93,0.585,-1
jmzubi_twitter_4f8f4b47,1,0.0,0.995,-1
jnfotos_twitter_2030beb6,1,0.0,0.995,-1
joannaleelin_twitter_025e0c9d,1,0.95,0.27,-1
joannalinden_twitter_d58db6b4,1,0.96,0.101,-1
joannegreco_twitter_a8685d60,1,0.94,0.322,-1
joannwoolley_twitter_b7284b7b,1,0.93,0.121,-1
joaorio_twitter_c4b1106d,1,0.0,0.995,-1
joaoterrivel_twitter_5339abb7,1,0.95,0.185,-1
joaquingatica_twitter_0a6b8089,1,0.91,0.121,-1
joebuglione_twitter_aa7611bd,1,0.0,0.995,-1
joecayetano_twitter_ac0182ad,1,0.0,0.995,-1
joelsteinmann_twitter_9a4b22c1,1,0.0,0.995,-1
joelynndesign_twitter_22ff8ee5,1,0.0,0.995,-1
joem_twitter_c3a32b4a,1,0.0,0.995,-1
joerobb_twitter_db58d2ad,1,0.93,0.095,-1
joeteh_twitter_782d1b92,1,0.91,0.174,-1
joeybryant_twitter_807d699d,1,0.91,0.487,-1
joeyfeith_twitter_1c642e25,1,0.94,0.073,-1
joeymakalintal_twitter_1dafa4da,1,0.0,0.995,-1
jogarrett_twitter_01c5eaf1,1,0.94,0.226,-1
johnayers_twitter_3cebfaa5,1,0.94,0.36,-1
johnbyerrum_twitter_1ebcc911,1,0.91,0.451,-1
johncast78_twitter_a9f36fb6,1,0.0,0.995,-1
johndeguzman_twitter_ca6b74d9,1,0.0,0.995,-1
johnearickson_twitter_78563dba,1,0.0,0.995,-1
johnjdillon_twitter_7b2b3d39,1,0.94,0.041,-1
johnkaminski_twitter_27ab222b,1,0.0,0.995,-1
johnmadden_twitter_71161496,1,0.93,0.221,-1
johnmischief_twitter_a702acab,1,0.87,0.059,-1
johnperez_twitter_332745af,1,0.0,0.995,-1
johnporcaro_twitter_39f80842,1,0.89,0.668,-1
johnson2772_twitter_020fea73,1,0.0,0.995,-1
johnvicory_twitter_7c1b0543,1,0.91,0.238,-1
jokingonzalez_twitter_328718a3,1,0.97,0.417,-1
jolafeltra_twitter_9e1a8441,1,0.0,0.994,-1
jolenejang_twitter_eb986f1d,1,0.91,0.068,-1
jonahguo_twitter_c2833174,1,0.91,0.186,-1
jonartlucas_twitter_47d878d0,1,0.93,0.27,-1
jonashalmstad_twitter_5f657ab1,2,0.925,0.095,-1
jonathandenby_twitter_a3026d8a,1,0.89,0.092,-1
jonathanfleming_twitter_2c14fa71,1,0.95,0.029,-1
jonathanlopez_twitter_eac5191e,1,0.88,0.473,-1
jonathanromero_twitter_fdd8e7ac,1,0.0,0.995,-1
jonathanvu_twitter_3c598bc7,1,0.91,0.137,-1
jondifro_twitter_06afc1d2,1,0.0,0.995,-1
jonhowson_twitter_ab1ee1b7,1,0.0,0.994,-1
jonjohns_twitter_68d2d3ba,1,0.96,0.034,-1
jonmaceda_twitter_33a734bb,1,0.0,0.995,-1
jonthedvl_twitter_a25b4ad2,1,0.0,0.995,-1
joolsstone_twitter_94226464,1,0.0,0.995,-1
joonshin_twitter_893afb8b,1,0.92,0.442,-1
jordanhaines_twitter_c97e8de9,1,0.89,0.305,-1
jorgecisneros_twitter_5bb853c7,1,0.88,0.176,-1
jorgeglez_twitter_c91c1fdc,1,0.0,0.995,-1
jorgeramossantos_twitter_b2136afe,1,0.91,0.177,-1
jorgeteixeira_twitter_4d746f0e,1,0.93,0.566,-1
joselopezarcos_twitter_5e0983ca,1,0.91,0.198,-1
josemanuelzardainbbr_twitter_b6ec7a83,1,0.96,0.152,-1
josephsocorro_twitter_230f513b,1,0.0,0.995,-1
josepmanchado_twitter_8257a550,1,0.0,0.995,-1
joshaidan_twitter_995e085d,1,0.93,0.203,-1
joshdirks_twitter_584561bd,1,0.88,0.111,-1
joshgibson_twitter_74baec17,1,0.0,0.995,-1
joshgriffin_twitter_5f030a62,1,0.89,0.216,-1
joshjeppson_twitter_21b548ea,1,0.0,0.995,-1
joshpeak_twitter_e94e5ac8,1,0.0,0.995,-1
joshpeardon_twitter_f54c4bf0,1,0.0,0.995,-1
joshuagalloway_twitter_54717c29,1,0.0,0.995,-1
joshuahor_twitter_fbd8d6bd,1,0.94,0.148,-1
joshuaparker_twitter_b5836ffc,1,0.0,0.995,-1
josiaanep_twitter_99718dc1,1,0.93,0.166,-1
joyceanndavis_twitter_b7d9cdf4,1,0.89,0.316,-1
joypoulsen_twitter_f198e9d7,1,0.94,0.276,-1
joysgupta_twitter_d96c2466,1,0.0,0.995,-1
joyvalencia_twitter_07552557,1,0.0,0.995,-1
jparker1978_twitter_0b80d325,1,0.0,0.995,-1
jphilpin_twitter_1ba075a7,1,0.94,0.555,-1
jpieters_twitter_2748a6d1,1,0.94,0.119,-1
jralexander_twitter_bfd49754,1,0.99,0.164,-1
jralfonso_twitter_405fbc30,1,0.92,0.292,-1
jrodrigo_twitter_5a145d3a,1,0.0,0.995,-1
jrufer_twitter_65870c11,1,0.0,0.995,-1
jseguir_twitter_906ceab3,1,0.0,0.995,-1
jsesh_twitter_8cd521a7,1,0.95,0.092,-1
jtotheizzoe_twitter_eb27f0a4,1,0.0,0.992,-1
juanantoniojarasoria_twitter_351a1538,1,0.93,0.664,-1
juangarcias_twitter_8c6f2a23,2,0.955,0.176,-1
juangomis_twitter_23de1f7b,1,0.0,0.995,-1
juanramar_twitter_378feb12,1,0.0,0.995,-1
judicaellevalin_twitter_67de983e,1,0.0,0.995,-1
juil_twitter_46563adc,1,0.0,0.995,-1
juliahull_twitter_cd60ea4c,1,0.93,0.053,-1
juliaiglesias_twitter_c44946e4,1,0.96,0.253,-1
julianasakae_twitter_ec465663,1,0.92,0.221,-1
juliaprior_twitter_aeaf85d6,1,0.0,0.995,-1
juliaspencer_twitter_d782ebf0,1,0.0,0.995,-1
juliemaure_twitter_677071c6,1,0.0,0.994,-1
julieraesandifer_twitter_ca54e5a4,1,0.0,0.995,-1
julionoel_twitter_4b04accc,1,0.93,0.263,-1
juliusjulius_twitter_2018d069,1,0.9,0.203,-1
jumpstartbikes_twitter_b71c9705,1,0.0,0.995,-1
juninbsk_twitter_3cf26ec9,1,0.91,0.328,-1
juniortv_twitter_616d8fe4,1,0.95,0.032,-1
justindoub_twitter_2736315c,1,0.0,0.995,-1
justinhammack_twitter_45144f9b,2,0.945,0.195,-1
justinphillips_twitter_e1f86596,1,0.0,0.995,-1
justkate_twitter_fd9aeea3,1,0.0,0.995,-1
jvnchan_twitter_6ac82d8d,1,0.0,0.995,-1
jwike_twitter_65be2fd8,1,0.92,0.133,-1
jwsteiert_twitter_0b5360b7,1,0.94,0.228,-1
kaanakin_twitter_595cd2bc,1,0.93,0.076,-1
kadirates_twitter_1e3d444b,1,0.0,0.995,-1
kamalbadawy_twitter_39801931,1,0.97,0.045,-1
kamikura_twitter_c147ac87,1,0.93,0.158,-1
kampeerboerin_twitter_10929a8a,1,0.92,0.214,-1
kanochiemi_twitter_da78abed,1,0.96,0.248,-1
kantares_twitter_3dab538d,1,0.0,0.994,-1
kantiki_twitter_b3eb4cca,1,0.95,0.077,-1
kanyoncoyotewoman_twitter_51eeff45,1,0.0,0.995,-1
karabee_twitter_2890a953,1,0.97,0.589,-1
karascharwath_twitter_74c05ff9,1,0.91,0.114,-1
karenharding_twitter_350a2db5,1,0.93,0.339,-1
karenlieberman_twitter_1936d515,1,0.0,0.995,-1
karenlmessick_twitter_46859344,1,0.95,0.19,-1
karenpham_twitter_c8488e1d,1,0.0,0.995,-1
kariemitchell_twitter_ca46b5ad,1,0.95,0.995,-1
karllindsay_twitter_ca657f06,1,0.96,0.284,-1
karlotorres_twitter_5e81d907,1,0.0,0.995,-1
karma_twitter_4ea7de0f,1,0.9,0.187,-1
kartika9_twitter_aed617e0,1,0.94,0.214,-1
karvax_twitter_47c0addd,1,0.0,0.989,-1
karynlwiseman_twitter_c0268b7d,1,0.0,0.992,-1
karypastor_twitter_d4351e0d,1,0.0,0.995,-1
kasihelialg_twitter_ee3ce00a,1,0.0,0.995,-1
kasraeian_twitter_259aaee2,1,0.93,0.448,-1
katalnikov_twitter_43f81c35,1,0.0,0.995,-1
katesalyers_twitter_9fa1b0ec,1,0.0,0.995,-1
katesloan_twitter_608446c0,1,0.9,0.855,-1
kateylee_twitter_7d837ead,1,0.0,0.99,-1
katgear_twitter_f06dedfe,1,0.93,0.735,-1
kathaber_twitter_f87108b0,1,0.92,0.406,-1
kathiaokada_twitter_40c32a09,1,0.0,0.995,-1
kathleenjoyce_twitter_a47d92d4,1,0.0,0.995,-1
kathrinaue_twitter_fd5f5df5,1,0.0,0.995,-1
kathydragon_twitter_8249e5fd,1,0.94,0.054,-1
katibren_twitter_7bf4b9d8,1,0.0,0.995,-1
katiedeluca_twitter_22e38eb3,1,0.94,0.023,-1
katiemsmith_twitter_dda6b518,1,0.0,0.995,-1
katmandelstein_twitter_d25fe08a,2,0.915,0.252,-1
katsumo_twitter_e2053395,1,0.0,0.995,-1
kattgw_twitter_4ea5b1f7,1,0.0,0.995,-1
kazu721010_twitter_564a8040,1,0.0,0.995,-1
kcakduman_twitter_c5935982,1,0.98,0.06,-1
keefmoon_twitter_de050880,2,0.945,0.13,-1
kellydelay_twitter_ed2ae8cf,1,0.92,0.406,-1
kellyjaggers_twitter_e3259332,1,0.0,0.995,-1
kellykermode_twitter_d60f5c31,1,0.91,0.3,-1
kellynagaoka_twitter_8e42ad9d,1,0.91,0.18,-1
kellythul_twitter_3f825a0b,1,0.92,0.078,-1
kelly_twitter_bcf3f13a,1,0.0,0.995,-1
kelseawilhelm_twitter_07407364,1,0.92,0.334,-1
kelseyivey_twitter_619f4040,1,0.0,0.995,-1
kendanieli_twitter_13242cef,1,0.0,0.992,-1
kennyrivas_twitter_a488b73f,1,0.0,0.995,-1
kerijaehnig_twitter_b9b86e3f,1,0.91,0.426,-1
kerryleslie_twitter_4dcba34e,1,0.0,0.995,-1
kevanobrien_twitter_f9af73f0,1,0.0,0.995,-1
kevinallocca_twitter_07e4a870,1,0.0,0.995,-1
kevinduane_twitter_429ad3a2,1,0.0,0.995,-1
kevinfalcon_twitter_2d20a38d,1,0.93,0.141,-1
kevinjimeno_twitter_63d10137,1,0.0,0.995,-1
kevinkrejca_twitter_b81fceae,1,0.0,0.995,-1
kevinlimfungyen_twitter_1fee1a3e,1,0.92,0.253,-1
kevinmichaelr_twitter_34c7d76f,1,0.91,0.135,-1
kevinquinlan_twitter_25656a45,1,0.94,0.162,-1
khalilalmusaeed_twitter_19a2563b,1,0.0,0.995,-1
khannings_twitter_a001cb53,1,0.92,0.126,-1
kiaorabeagle_twitter_d151c219,1,0.0,0.995,-1
kiatinsley_twitter_1322ccff,1,0.94,0.709,-1
kientran_twitter_d8c872e5,1,0.9,0.243,-1
kikaps_twitter_990c5410,1,0.9,0.302,-1
kimberlymunoz_twitter_310b222a,1,0.94,0.483,-1
kimberlyrotter_twitter_bce4a410,1,0.9,0.436,-1
kingjn_twitter_0aa60aa2,2,0.93,0.33,-1
kinnajonsson_twitter_993760f6,1,0.93,0.131,-1
kirakariakin_twitter_aeeedfcf,1,0.0,0.995,-1
kirkjantzer_twitter_e02f9b87,1,0.95,0.013,-1
kivettbednar_twitter_d2c0138a,1,0.0,0.995,-1
kkbyrns_twitter_5a793ca4,1,0.92,0.426,-1
kkristopherkimbrew_twitter_219fa186,1,0.0,0.995,-1
klappacher_twitter_6aed21de,1,0.0,0.995,-1
klinikassyarif_twitter_050728c9,1,0.0,0.995,-1
klou_twitter_79ef1e7e,1,0.0,0.995,-1
knakamura1977_twitter_a23366ff,1,0.0,0.995,-1
kochergin_twitter_71bc1b25,1,0.0,0.995,-1
koky1982_twitter_4dc87c2e,2,0.94,0.516,-1
korepov_twitter_f321721d,1,0.0,0.995,-1
koryklem_twitter_422ef9f9,1,0.95,0.219,-1
kostasdissios_twitter_36dab137,1,0.94,0.406,-1
kreasimalam_twitter_c7dde480,1,0.0,0.995,-1
kreiner_twitter_263cab99,1,0.0,0.995,-1
kristapalmu_twitter_688a8c0c,1,0.95,0.638,-1
kristelyoneda_twitter_db4daf8f,2,0.95,0.054,-1
kristinacarlson_twitter_e876d9b3,1,0.92,0.064,-1
kristinahowells_twitter_e52f2843,1,0.9,0.073,-1
kristinarabarison_twitter_cebc327e,1,0.96,0.292,-1
kristinrichey_twitter_7bbaf95c,1,0.0,0.995,-1
kristjanmorgan_twitter_bcdd2755,1,0.0,0.991,-1
kristysvihlikova_twitter_f8029544,1,0.0,0.995,-1
krystasch_twitter_8f2fe3c9,1,0.95,0.139,-1
ksquad_twitter_9cdf7cd2,1,0.0,0.995,-1
kurtkelly_twitter_dc49ebf0,2,0.925,0.1,-1
kylechildress_twitter_3685d9cd,1,0.0,0.995,-1
kylemadson_twitter_4814bbb3,1,0.97,0.078,-1
kylepearce_twitter_95130bcf,1,0.93,0.215,-1
kylewiebalk_twitter_36364cb0,1,0.93,0.146,-1
kyotonaradreamtrips_twitter_bca2684f,1,0.0,0.995,-1
ladewig_twitter_b64b2c85,1,0.89,0.384,-1
laffraff_twitter_a2e32ac5,1,0.92,0.238,-1
lagonzi_twitter_29409c95,1,0.0,0.995,-1
landaarte_twitter_7946253a,1,0.93,0.248,-1
landissmithers_twitter_15c7544e,1,0.0,0.994,-1
larchanka_twitter_0422454d,1,0.0,0.995,-1
larrybroughton_twitter_af87f21b,1,0.89,0.233,-1
larrylipsmeyer_twitter_88aee018,1,0.92,0.174,-1
larsnystrom_twitter_fb200280,1,0.88,0.366,-1
laughedelic_twitter_82f0f762,1,0.0,0.995,-1
laura333_twitter_674c25ff,1,0.0,0.995,-1
laurabestler_twitter_7933823f,1,0.99,0.579,-1
lauramorelliphd_twitter_5c12d7a4,1,0.94,0.319,-1
laurasfiat_twitter_0c65ea88,1,0.9,0.372,-1
laurengrieco_twitter_f2aa5ab4,1,0.99,0.27,-1
laurenhard_twitter_f18a1bcd,1,0.93,0.096,-1
laurentlecler_twitter_8a920009,1,0.95,0.144,-1
laurieturk_twitter_b3c00375,1,0.93,0.102,-1
lavalion_twitter_b60fb8a9,1,0.0,0.995,-1
leahmessina_twitter_76db8151,1,0.93,0.098,-1
leandromaioral_twitter_2c47e5d6,1,0.9,0.322,-1
leannekoh_twitter_510bc321,1,0.93,0.164,-1
leannestaples_twitter_2d53a355,1,0.0,0.995,-1
lebohangbucibo_twitter_ddb8a55c,1,0.0,0.995,-1
leecassidy_twitter_7af64e58,1,0.0,0.995,-1
leegunter_twitter_f36d8012,1,0.0,0.995,-1
leeharmon_twitter_448ebf5c,1,0.9,0.185,-1
leelyning_twitter_baabfd04,1,0.94,0.351,-1
leetoomes_twitter_5ad1e20b,1,0.95,0.372,-1
leiah_twitter_d9e296c2,1,0.0,0.995,-1
lekstudios_twitter_fd91f41d,1,0.0,0.995,-1
lelouchjoshua_twitter_069acb0a,1,0.0,0.995,-1
lemihacioglu_twitter_39f556c5,1,0.0,0.995,-1
lenhattrieu_twitter_04310bfe,1,0.9,0.363,-1
leninluna_twitter_11a965e1,1,0.95,0.005,-1
lennoazevedo_twitter_4a7eb5b6,1,0.93,0.243,-1
leomrco_twitter_40189604,1,0.92,0.359,-1
leonchia_twitter_799b82c6,1,0.0,0.995,-1
leonovel_twitter_e1c8d073,1,0.92,0.995,-1
leovigildo_twitter_4986ffcd,1,0.95,0.25,-1
lerona_twitter_c37f6086,1,0.0,0.995,-1
leslieerin_twitter_87fd6515,1,0.93,0.322,-1
letandueza_twitter_432fd8e7,1,0.92,0.084,-1
letchange_twitter_52e1fa9b,1,0.95,0.342,-1
lewisevans777_twitter_a77e366e,1,0.9,0.644,-1
lewisjordon_twitter_662c5954,1,0.94,0.073,-1
libertrand_twitter_6108894c,1,0.0,0.995,-1
lidahasbrouck_twitter_988e5031,1,0.93,0.452,-1
lifeofbryan_twitter_5524dce3,1,0.93,0.36,-1
ligiaadam_twitter_a5c1aedd,1,0.0,0.995,-1
lilxand_twitter_f58009a1,1,0.96,0.172,-1
lilyrdz_twitter_ff04f7d6,1,0.0,0.995,-1
lindsayblogs_twitter_2d7b4959,1,0.93,0.436,-1
lindsayrain_twitter_45af7d67,1,0.0,0.995,-1
lingtime_twitter_6c868872,1,0.0,0.995,-1
linji_twitter_05edbd64,1,0.93,0.325,-1
linusblanket_twitter_727f8bb1,1,0.0,0.995,-1
linzshelton_twitter_1f39afba,1,0.92,0.156,-1
lisalaskaridis_twitter_18efd7df,1,0.94,0.032,-1
lisamackay_twitter_25782075,1,0.0,0.995,-1
lissendehors_twitter_4b0416b4,1,0.92,0.13,-1
litasworld_twitter_cfff52b7,2,0.965,0.097,-1
livej_twitter_1c87afd7,1,0.94,0.209,-1
lizandromelean_twitter_cfc88c89,1,0.0,0.995,-1
lizapierce_twitter_58c331b7,1,0.96,0.104,-1
lizbarnett_twitter_8e7b3e76,1,0.96,0.366,-1
lizcappon_twitter_60824e53,1,0.92,0.135,-1
lizcarey13_twitter_b7dfc473,1,0.95,0.183,-1
ljstubbs_twitter_c76bd191,1,0.97,0.562,-1
lmdesign_twitter_fe9ab94d,1,0.0,0.995,-1
logiops_twitter_f580dd9d,1,0.96,0.294,-1
loig_twitter_dbfc352f,1,0.0,0.995,-1
lollydurand_twitter_82d500d4,1,0.95,0.034,-1
looiss_twitter_02f84660,1,0.0,0.995,-1
loosehold_twitter_351f6cd6,1,0.0,0.995,-1
loremoja_twitter_85929b8f,1,0.0,0.995,-1
lorenia_twitter_2bef8fda,1,0.96,0.281,-1
lorenzocaiazzo_twitter_f779e90f,1,0.0,0.995,-1
lorielberg_twitter_fa8263b4,1,0.93,0.36,-1
loriruff_twitter_f903750e,1,0.91,0.226,-1
loscollacios_twitter_ff539e68,1,0.0,0.995,-1
lotharseifert_twitter_961d0a0a,1,0.0,0.995,-1
louised_twitter_d339d98b,1,0.0,0.995,-1
loumartini_twitter_8f955eb4,1,0.96,0.022,-1
lovebeyondwords_twitter_bc9c33e9,1,0.0,0.995,-1
lovlesh_twitter_472fa2ee,1,0.89,0.41,-1
lroddd_twitter_f5e6e280,1,0.94,0.044,-1
lr_twitter_947a6756,1,0.93,0.04,-1
ltenhagen_twitter_c6b7c347,1,0.9,0.668,-1
luanadefaveri_twitter_162699f1,1,0.0,0.995,-1
lucaantonini_twitter_2ffd7dea,1,0.93,0.203,-1
lucabove_twitter_884cbafa,1,0.91,0.581,-1
lucacatania_twitter_955c2ddb,1,0.97,0.245,-1
lucasamura_twitter_b36bb199,1,0.0,0.995,-1
lucasbally_twitter_41419cc0,1,0.93,0.26,-1
lucasmaiacom_twitter_0d2cce9d,1,0.97,0.183,-1
luckybag_twitter_53f674dc,1,0.0,0.995,-1
luigibusti_twitter_54015272,1,0.94,0.842,-1
luisaca_twitter_3b9b8409,1,0.0,0.995,-1
luisfernandez_twitter_364b1e2c,1,0.91,0.35,-1
luizalgarra_twitter_cc276f43,1,0.0,0.995,-1
lurvina_twitter_3d202782,1,0.0,0.995,-1
luviwebit_twitter_954bc1f4,1,0.0,0.995,-1
lynnbrownca_twitter_9f3426b9,1,0.93,0.369,-1
lynnwallenstein_twitter_c3b3667f,1,0.94,0.164,-1
m2atk_twitter_30a5e99f,1,0.0,0.995,-1
maayanplaut_twitter_242f596c,1,0.96,0.419,-1
mabosekina_twitter_e8bc60a5,1,0.89,0.148,-1
macchimatteo_twitter_50e05bcd,1,0.93,0.833,-1
macenzo_twitter_57ae7be0,1,0.95,0.033,-1
macgeeky_twitter_39fbcde3,1,0.0,0.995,-1
madamebijoux_twitter_5366d0b0,1,0.0,0.995,-1
maddalenafaedo_twitter_c69ccb1c,1,0.0,0.995,-1
madgrin_twitter_37a4c81e,1,0.0,0.995,-1
madovsky_twitter_3aa6c38c,1,0.0,0.992,-1
mafaldida_twitter_2ba1f558,1,0.96,0.436,-1
mafueri_twitter_ac82c42f,1,0.91,0.164,-1
mahalululu_twitter_aeb03a07,1,0.0,0.995,-1
majorg_twitter_200a3b88,1,0.0,0.995,-1
malbarda_twitter_af1e0a7a,1,0.92,0.061,-1
malbooth_twitter_01e536fa,1,0.94,0.121,-1
maliagros_twitter_3db9b29d,1,0.0,0.995,-1
malibumuffie_twitter_8091e502,1,0.0,0.995,-1
mallikawow_twitter_381bc59b,1,0.93,0.058,-1
malukorj_twitter_d35b08cf,1,0.0,0.994,-1
mamakoid_twitter_30959590,1,0.0,0.995,-1
mangaman_twitter_d3edff94,1,0.0,0.995,-1
mangky_twitter_0dff8a1e,1,0.0,0.995,-1
manolegloria_twitter_484aa1d6,2,0.915,0.211,-1
manoshatzi_twitter_721b7a3d,1,0.94,0.053,-1
manubordera_twitter_4098567b,1,0.9,0.077,-1
manuretea_twitter_bd200eaf,1,0.94,0.099,-1
marcalaninnes_twitter_6e581b9f,1,0.97,0.026,-1
marcaugier_twitter_f51afdae,1,0.92,0.24,-1
marccloutier89_twitter_e35d4325,1,0.96,0.139,-1
marcdomingo_twitter_3c252b34,1,0.0,0.993,-1
marcellemaire_twitter_87888cdb,2,0.925,0.287,-1
marcelotalassuh_twitter_f5933253,1,0.94,0.139,-1
marcelziul_twitter_cfd16109,1,0.0,0.995,-1
marcioferreira_twitter_b0212f75,1,0.93,0.342,-1
marclamber_twitter_fd78b351,1,0.93,0.072,-1
marcmeltzer_twitter_8a139f74,1,0.0,0.995,-1
marcocostanzo_twitter_dc2faac7,1,0.92,0.101,-1
marcorivera_twitter_21bed8ac,1,0.92,0.369,-1
marcosgeremias_twitter_b4bb7a03,1,0.94,0.25,-1
marcsoares_twitter_6edc32a9,1,0.0,0.995,-1
marcusmeisel_twitter_11cf0196,1,0.88,0.292,-1
marcvatic_twitter_d43faecf,1,0.0,0.995,-1
marcweil_twitter_90edf351,1,0.0,0.995,-1
mariaalana_twitter_bbc8ca6d,1,0.97,0.07,-1
mariamartinez_twitter_d128f3c0,1,0.95,0.187,-1
mariamjameel_twitter_03c4a234,1,0.0,0.995,-1
mariamonegro_twitter_834539fa,1,0.0,0.995,-1
mariannehope_twitter_714c4d17,1,0.93,0.069,-1
marianosanfilippo_twitter_0d3fad85,1,0.91,0.351,-1
mariarti_twitter_b1561027,1,0.0,0.995,-1
maribelcastilla_twitter_59ba3ecd,1,0.0,0.995,-1
marioalberto_twitter_855fae64,1,0.0,0.995,-1
marioalvarezch_twitter_a1acf212,1,0.0,0.995,-1
marioh_twitter_33e3c302,1,0.89,0.09,-1
mariomartinezarrabal_twitter_b8ab361c,1,0.89,0.369,-1
marisasabatini_twitter_a4efed5a,1,0.89,0.068,-1
marissahughes_twitter_a37d148d,1,0.95,0.133,-1
mariuscucuruz_twitter_83e2c776,1,0.0,0.995,-1
markbaar_twitter_5ee67ca7,1,0.0,0.995,-1
markborkowski_twitter_bf38e950,1,0.0,0.995,-1
markcastator_twitter_c9dd7555,1,0.94,0.23,-1
markdunne_twitter_670342ac,8,0.94,0.293,-1
markelmes_twitter_892d9ea8,1,0.96,0.24,-1
marketingmichele_twitter_11f16a80,1,0.0,0.995,-1
markgantt_twitter_8e7ba96e,1,0.91,0.17,-1
markorandjelovic_twitter_9f408f09,1,0.89,0.466,-1
markpuckett_twitter_a08f5a56,1,0.95,0.163,-1
markusortner_twitter_ae22e3ca,1,0.0,0.995,-1
markustressl_twitter_e2d80521,1,0.0,0.992,-1
marlenebitzer_twitter_6ff401c2,1,0.0,0.995,-1
marloncureg_twitter_b0267fa8,1,0.0,0.995,-1
marnitako_twitter_49151130,1,0.0,0.995,-1
marqueee_twitter_f8f49734,1,0.92,0.176,-1
marquesstewart_twitter_1cc12e4d,1,0.0,0.993,-1
marshacollier_twitter_11cbfe82,1,0.92,0.273,-1
martincwalter_twitter_e672e01d,1,0.95,0.348,-1
martinhinrich_twitter_dfca0c3e,1,0.0,0.989,-1
martinosabia_twitter_f88664f2,1,0.0,0.995,-1
martinrobinson_twitter_32fef6e3,1,0.91,0.442,-1
martinsliz_twitter_c065a118,1,0.95,0.406,-1
martinsoler_twitter_2811de0d,1,0.95,0.255,-1
martinugalde_twitter_0e91332e,1,0.96,0.54,-1
maruxz_twitter_4f2a5a42,1,0.92,0.351,-1
marvin713_twitter_be3ab41d,1,0.0,0.995,-1
marwsay_twitter_c624ea8d,1,0.0,0.995,-1
mashael92_twitter_e7a802d5,1,0.0,0.995,-1
maskdmegane_twitter_543225d7,1,0.0,0.995,-1
masmith_twitter_5077f6b8,1,0.94,0.357,-1
masoudhaghi_twitter_cdb6f6d6,1,0.0,0.995,-1
massimosaviotti_twitter_f63addf5,1,0.0,0.995,-1
matheusfsantos_twitter_039c71ce,1,0.0,0.992,-1
mathiasmaul_twitter_34b87187,1,0.94,0.314,-1
mathieubellet_twitter_b4c5d551,1,0.0,0.995,-1
mathieurensen_twitter_7288d916,1,0.0,0.995,-1
matluschek_twitter_11794b2f,1,0.95,0.323,-1
matsgulbrandsen_twitter_a09bd579,1,0.94,0.076,-1
mattauckland_twitter_2900821c,1,0.91,0.64,-1
mattcoe_twitter_a339b9f4,1,0.95,0.375,-1
matteolever_twitter_0370affb,1,0.0,0.995,-1
mattharvey_twitter_b496ad9c,1,0.0,0.995,-1
matthewduncan_twitter_2a19134d,2,0.975,0.105,-1
matthewpantoja_twitter_a009d053,1,0.0,0.995,-1
mattmassaro_twitter_42d26437,1,0.0,0.995,-1
mattshields_twitter_2c6e5150,1,0.95,0.381,-1
mattshultz_twitter_5266390a,1,0.94,0.233,-1
mau_twitter_810d051c,1,0.92,0.384,-1
maxculleen_twitter_838a420d,1,0.91,0.026,-1
maxduke_twitter_b43521e2,1,0.0,0.995,-1
maxfabrizi_twitter_64a686ab,1,0.0,0.995,-1
maximdikun_twitter_e012cb94,1,0.0,0.995,-1
maxuel84_twitter_2a222ef3,1,0.0,0.995,-1
maxvazquez_twitter_b940fbef,2,0.94,0.168,-1
maysounhanna_twitter_b16e4285,1,0.99,0.121,-1
mazenjizani_twitter_71c9db49,1,0.9,0.168,-1
mballada_twitter_167f1a49,1,0.91,0.375,-1
mborodov_twitter_37392d35,1,0.0,0.995,-1
mccoygalvan_twitter_6539d51b,1,0.98,0.027,-1
mcdessureault_twitter_3389d035,1,0.0,0.995,-1
mcoyne_twitter_339a4934,1,0.95,0.342,-1
mdicer_twitter_cef832f6,1,0.92,0.24,-1
mdupls_twitter_f1aaf0a0,1,0.0,0.995,-1
meberl_twitter_b608a183,1,0.0,0.995,-1
meganclark_twitter_10102f25,1,0.96,0.021,-1
meganorr_twitter_f3a41600,1,0.0,0.995,-1
megsrhea_twitter_369a2c4b,1,0.9,0.154,-1
mekhovov_twitter_33fdfe0b,1,0.95,0.141,-1
melaganodeojo_twitter_c133d10c,1,0.0,0.995,-1
melanieburger_twitter_0166b386,1,0.97,0.718,-1
melanieramone_twitter_17a2756c,1,0.0,0.995,-1
melanieschram_twitter_d5ad9ce6,1,0.91,0.447,-1
melindamoses_twitter_e5806991,1,0.9,0.351,-1
melissademata_twitter_7db20926,1,0.92,0.253,-1
melissagonzales_twitter_3fab42a8,1,0.93,0.292,-1
melissata_twitter_6b7959bf,1,1.0,0.099,-1
melodythacker_twitter_df2da0cf,1,0.93,0.216,-1
melteruz_twitter_cd06957b,2,0.93,0.128,-1
memorylanecarclub_twitter_7b41d6df,1,0.0,0.995,-1
menchiesp_twitter_29b449ac,1,0.0,0.989,-1
mendeavor_twitter_993b1923,1,0.0,0.995,-1
mengqi_twitter_e746b682,1,0.0,0.995,-1
mercry_twitter_c2c9587d,1,0.0,0.995,-1
mervae_twitter_04e25115,1,0.0,0.995,-1
meryba_twitter_1c45f0b9,1,0.0,0.995,-1
metaed_twitter_5a632907,1,0.0,0.995,-1
mhantirah_twitter_9ba1be87,1,0.93,0.27,-1
mhenderson_twitter_b8a9ae6d,1,0.87,0.207,-1
mherrling_twitter_3053757e,1,0.9,0.198,-1
miamilawrence_twitter_55ce5521,1,0.95,0.297,-1
miamirealestate_twitter_7422c5c9,1,0.0,0.995,-1
micampioni_twitter_ad8d6100,1,0.0,0.995,-1
michaelangelo_twitter_c03b3d6c,1,0.88,0.029,-1
michaelaranda_twitter_e0cca2e5,1,0.91,0.13,-1
michaelarmstrong_twitter_782cba9f,1,0.0,0.995,-1
michaelberndt_twitter_737f7264,1,0.0,0.995,-1
michaelcempa_twitter_4fb89646,1,0.0,0.995,-1
michaeldutcher_twitter_65b89f9c,1,0.0,0.995,-1
michaeldylanferrara_twitter_330cc59a,1,0.0,0.995,-1
michaelgodfre_twitter_81b56241,1,0.0,0.992,-1
michaelgoff_twitter_bd1bab80,1,0.0,0.995,-1
michaeljdennis_twitter_94fd8883,1,0.97,0.06,-1
michaelkoenig_twitter_c17e3420,1,0.95,0.245,-1
michaelkrantz_twitter_8127e086,1,0.0,0.995,-1
michaelpierceca_twitter_ee6a35a5,1,0.0,0.994,-1
michaeltapp_twitter_a8fbd7b6,1,0.88,0.25,-1
michaelwitham_twitter_d8140c8c,1,0.0,0.995,-1
michaelwuensch_twitter_3a32b985,1,0.93,0.109,-1
michelejmartin_twitter_b8bd5ea9,1,0.0,0.995,-1
michelevitucci_twitter_f4eab92b,1,0.0,0.995,-1
michellefreeman_twitter_4ce05b13,1,0.98,0.021,-1
michellemcivor_twitter_5fe2908f,1,0.93,0.185,-1
micheltrapani_twitter_911f0dc7,1,0.0,0.995,-1
mickmurillo_twitter_33455ffc,1,0.95,0.168,-1
midorimiller_twitter_0e7bcce5,1,0.93,0.442,-1
mightycasey_twitter_f3673bf1,1,0.0,0.995,-1
miguelandres_twitter_502b1412,1,0.91,0.106,-1
miguelcaballero_twitter_aef41545,1,0.9,0.406,-1
miguelcaria_twitter_3eab4dc4,1,0.98,0.027,-1
migueldecastro_twitter_e1825048,1,0.0,0.995,-1
miguelsanchz_twitter_b7197199,1,0.92,0.176,-1
miguelsoler_twitter_2a39fb85,1,0.0,0.995,-1
mihirs_twitter_65de7ac0,1,0.95,0.62,-1
mikeantares_twitter_35c28110,1,0.0,0.992,-1
mikeberrios_twitter_32b32605,1,0.0,0.995,-1
mikeconaty_twitter_4717350f,1,0.96,0.029,-1
mikecorak_twitter_b106a495,1,0.93,0.289,-1
mikedarcyhughes_twitter_c0b8cc9e,2,0.935,0.189,-1
mikedarnell_twitter_61eb6be9,1,0.0,0.995,-1
mikehill_twitter_c2b5a848,1,0.0,0.995,-1
mikehochanadel_twitter_3163283a,1,0.0,0.995,-1
mikejeide_twitter_c83c0b40,1,0.93,0.328,-1
mikelefebvre_twitter_a75f09fe,1,0.96,0.686,-1
mikemartin_twitter_b12b062a,1,0.92,0.228,-1
mikemcbride_twitter_ccb44d7d,1,0.0,0.995,-1
mikeoneill76_twitter_9f1e9eab,1,0.0,0.995,-1
mikestake_twitter_8db2463c,1,0.96,0.393,-1
mikesupple_twitter_450cc8d6,1,0.0,0.995,-1
mikewhitmore_twitter_ffc7eec9,1,0.0,0.995,-1
mikewood_twitter_dd65acc3,1,0.0,0.995,-1
mikey3982_twitter_a0c8724f,1,0.94,0.334,-1
mikhailsevalnev_twitter_d0860905,1,0.0,0.995,-1
milatatham_twitter_32f73789,1,0.98,0.068,-1
milko_twitter_07971ddf,1,0.0,0.995,-1
minhazchowdhury_twitter_61798156,1,0.0,0.994,-1
minorcortes_twitter_f0aefb1b,1,0.91,0.198,-1
miph_twitter_2efbb055,1,0.0,0.995,-1
mirellenascimento_twitter_f130b6c9,1,0.95,0.08,-1
mirkojankovic_twitter_6adc1cd9,1,0.91,0.258,-1
miroslavhelcl_twitter_d1f80a89,1,0.0,0.995,-1
misstammyum_twitter_439f30cd,1,0.0,0.995,-1
missycaulk_twitter_a42fb9d1,1,0.95,0.258,-1
misteranggie_twitter_2841b77d,2,0.92,0.076,-1
mitb_twitter_7d096be7,1,0.95,0.995,-1
mitchenglish_twitter_4ca0f0cd,1,0.0,0.995,-1
mitz_twitter_576e5781,1,0.0,0.995,-1
mjarron_twitter_1b41b5a4,1,0.0,0.995,-1
mjbrender_twitter_620a182a,1,0.91,0.077,-1
mlikeasong_twitter_bc30aaf4,1,0.0,0.995,-1
mlucasx_twitter_80053b41,1,0.95,0.073,-1
mnasir_twitter_63da8f00,1,0.9,0.126,-1
mneidich_twitter_35be259b,1,0.0,0.995,-1
mobillionaire_twitter_af5b9b09,1,0.0,0.995,-1
mobyo_twitter_fe405393,1,0.0,0.995,-1
mohsinnaeem_twitter_a55fef82,1,0.94,0.286,-1
moisesrial_twitter_8c811175,1,0.0,0.995,-1
molivieri_twitter_92ce360a,1,0.0,0.995,-1
monicagmh_twitter_2027dfa0,1,0.9,0.302,-1
monikafuchs_twitter_18925b2e,2,0.93,0.243,-1
monik_twitter_7828ec38,1,0.0,0.995,-1
montezmccrary_twitter_37f9ef46,1,0.0,0.995,-1
montsev_twitter_2d6f1f59,1,0.0,0.995,-1
morganbrady_twitter_d0d0e383,1,0.89,0.131,-1
mrandrewbradley_twitter_5c4b73ac,1,0.97,0.366,-1
mrbambang_twitter_43c1d924,1,0.91,0.101,-1
mrdrazad_twitter_6a2b07cd,1,0.96,0.23,-1
mrjamesnoble_twitter_434eedb7,1,0.0,0.995,-1
mrobertsonline_twitter_b6855b37,1,0.0,0.994,-1
mrsimonwood_twitter_c7c60128,1,0.96,0.449,-1
mrsrosietaylor_twitter_6780ca8e,2,0.925,0.066,-1
msanhuezacelsi_twitter_eef409d2,1,0.0,0.995,-1
msjuliars_twitter_887ad06e,1,0.0,0.995,-1
msyarif_twitter_0c27361c,1,0.96,0.574,-1
mtoigo_twitter_3243c811,1,0.0,0.995,-1
mtrcorona_twitter_3ba37a3b,1,0.0,0.995,-1
muccitas_twitter_266c130d,1,0.0,0.995,-1
muhamadtaufik_twitter_8e1aa08c,1,0.0,0.995,-1
multifacetsflux_twitter_71222129,1,0.0,0.995,-1
munait_twitter_514804e3,1,0.0,0.995,-1
munta_twitter_77851c73,1,0.92,0.119,-1
murphyz_twitter_7a1651e3,1,0.0,0.995,-1
murrayfrancis_twitter_30208cec,1,0.0,0.995,-1
mvalencaa_twitter_2135fb36,1,0.91,0.26,-1
mybikemyworldcom_twitter_f1798481,1,0.0,0.995,-1
mybookandmycoffee_twitter_bf411a40,1,0.0,0.995,-1
mycroft221_twitter_8b677b2f,1,0.0,0.995,-1
mylastpagefirst_twitter_6456021b,1,0.0,0.995,-1
myriamsabolla_twitter_69b49086,1,0.94,0.384,-1
nachoirazoqui_twitter_33acdc66,1,0.93,0.263,-1
nachovega_twitter_7352d4f6,1,0.0,0.994,-1
nadenemurray_twitter_0f8d30f1,1,0.95,0.209,-1
nakeeb_twitter_29f4c45d,1,0.0,0.995,-1
namesjamin_twitter_d5ad5073,1,0.92,0.212,-1
nancielovesphotography_twitter_065a5f07,1,0.0,0.995,-1
nancypham707_twitter_fe6fe62e,1,0.0,0.995,-1
naningutoyo_twitter_96568701,1,0.0,0.995,-1
narendraangkita_twitter_d075531c,1,0.93,0.058,-1
nastia_twitter_c9938788,1,0.0,0.995,-1
natalialamange_twitter_ca9ab5dd,1,0.0,0.995,-1
nataliamartinez_twitter_6bb9edd0,1,0.95,0.589,-1
natbuehler_twitter_3f2a9bcc,1,0.94,0.3,-1
natelandau_twitter_9db35525,1,0.0,0.995,-1
natelockwood_twitter_2e5d9c6b,1,0.0,0.995,-1
natemcgee_twitter_017c9e59,1,0.94,0.265,-1
nathanpduffy_twitter_b3041101,1,0.93,0.331,-1
nathanwpace_twitter_7a38d61a,1,0.93,0.388,-1
natureboundafrica_twitter_da13ea2b,1,0.0,0.995,-1
naturesknockout_twitter_08031169,1,0.93,0.083,-1
natyataniarza_twitter_4ea048c4,1,0.0,0.993,-1
naveenkonduri_twitter_8cfaa8a2,1,0.9,0.16,-1
negegabriel_twitter_dd7378e4,1,0.92,0.363,-1
neophillip_twitter_8ecf421f,1,0.0,0.995,-1
neotrix_twitter_510180a4,1,0.0,0.995,-1
nerebe_twitter_ea6e56cb,1,0.0,0.995,-1
neridawalker_twitter_c6ef765f,1,0.94,0.034,-1
netpierre_twitter_d3fb517c,1,0.9,0.078,-1
nfremd_twitter_fb626c18,1,0.88,0.022,-1
nicholaschen_twitter_f7797305,1,0.0,0.995,-1
niciacruz_twitter_1f4f6be4,1,0.0,0.995,-1
nickbuttler_twitter_1113e8e1,1,0.89,0.158,-1
nickcusters_twitter_77bc3581,1,0.94,0.2,-1
nickesteen_twitter_c844126d,1,0.0,0.995,-1
nickfrost_twitter_53ad8d68,1,0.92,0.243,-1
nickgaston_twitter_521e3e78,1,0.99,0.243,-1
nickitens_twitter_0ae0f97d,1,0.95,0.265,-1
nickjborelli_twitter_3faaa8de,1,0.96,0.384,-1
nicklove_twitter_e028cc24,1,0.94,0.476,-1
nickstone_twitter_7644af68,1,0.96,0.107,-1
nicksturrock_twitter_85cfbcb0,1,0.0,0.995,-1
nicogarassino_twitter_6bb0250d,1,0.0,0.995,-1
nicolalosito_twitter_272602d4,1,0.0,0.995,-1
nicolashayek_twitter_94b833ce,1,0.93,0.043,-1
nicolatimmins_twitter_99d9a869,1,0.0,0.995,-1
nicolejackson_twitter_4d8abc3d,1,0.93,0.177,-1
nicolenobs_twitter_58c1224c,3,0.95,0.414,-1
nicoletteorlemans_twitter_41c5a92f,1,0.92,0.394,-1
nictok_twitter_b9f6144c,1,0.0,0.995,-1
niiabbey_twitter_6cd12195,1,0.0,0.995,-1
niisniis_twitter_50e5b3ae,1,0.0,0.995,-1
ninjamama_twitter_6e497f15,1,0.0,0.991,-1
nitastronauta_twitter_bea6c670,1,0.0,0.995,-1
niuz_twitter_e3bf621f,1,0.0,0.995,-1
nob0322_twitter_099185b9,1,0.97,0.168,-1
nobiann_twitter_844d6b56,1,0.0,0.995,-1
nohemimata_twitter_29bddcc7,1,0.96,0.076,-1
normiesd_twitter_1f4b7fe3,1,0.0,0.995,-1
nosepuedevlc_twitter_b4d4cf15,1,0.0,0.995,-1
noslo_twitter_1d9fa785,1,0.0,0.995,-1
nrgiga_twitter_73aac26e,1,0.0,0.995,-1
nuakin_twitter_91590daf,1,0.0,0.995,-1
nvarsos_twitter_0e605abd,1,0.0,0.98,-1
nvrcrysplledmlk_twitter_fb2a3a50,1,0.0,0.995,-1
nwinburn_twitter_a847b6d7,1,0.93,0.162,-1
nxhack_twitter_7508144f,1,0.0,0.995,-1
nyskye_twitter_5c6ce12e,1,0.0,0.995,-1
nzeckner_twitter_b6eb2c3a,2,0.93,0.092,-1
obiwan_twitter_0100753a,1,0.91,0.363,-1
obstaclespecialist_twitter_07993d8c,1,0.92,0.36,-1
octubrerojo72_twitter_090fe06c,1,0.0,0.994,-1
odile_twitter_e3def1f6,1,0.0,0.992,-1
ogie_twitter_18d9e00a,1,0.0,0.995,-1
ohadbarda_twitter_0f323fff,1,0.0,0.995,-1
ohme_twitter_896dae18,1,0.0,0.995,-1
ojdurham_twitter_b99bb2fa,1,0.0,0.995,-1
oldolphin_twitter_926afa8a,1,0.97,0.54,-1
oleandreas_twitter_a8bf98dc,1,0.0,0.995,-1
olegwhite_twitter_5cb7feea,1,0.96,0.253,-1
oliviaduran_twitter_cf3e4230,1,0.0,0.995,-1
olivierbauermeister_twitter_a2a57162,1,0.0,0.994,-1
olivierchapelle_twitter_751d043c,1,0.0,0.995,-1
oliviertripet_twitter_a0e342ee,1,0.91,0.27,-1
omaralamoudi_twitter_190af9a8,1,0.9,0.181,-1
omarc_twitter_5162d916,1,0.9,0.578,-1
omerabdellatif_twitter_30c5f722,1,0.97,0.076,-1
omorgan_twitter_319c2b09,1,0.99,0.108,-1
ongzb_twitter_5bd71b79,1,0.94,0.084,-1
onuruzunismail_twitter_d269690b,1,0.92,0.284,-1
opsigno_twitter_a2aa9076,1,0.0,0.995,-1
optikalefx_twitter_c1cbd22a,1,0.92,0.137,-1
optimusdag_twitter_4d51b84a,1,0.92,0.256,-1
oracio_twitter_fafbad18,1,0.93,0.363,-1
oscarray_twitter_b05e106f,1,0.0,0.995,-1
oscarsantamaria_twitter_5884d142,1,0.92,0.135,-1
oscarsvq_twitter_87eb9830,1,0.0,0.995,-1
osmanaymelek_twitter_4832dc23,1,0.9,0.228,-1
oticasparis_twitter_67aa1bb4,1,0.0,0.992,-1
otir_twitter_61b691c4,1,0.91,0.562,-1
otterfreak_twitter_68645688,1,0.0,0.995,-1
oulmidianas_twitter_c4dc2587,1,0.92,0.046,-1
outfoxer_twitter_9eae65e3,1,0.0,0.995,-1
owenye_twitter_afc62ee7,1,0.0,0.995,-1
oyvind_twitter_50d4fd1a,1,0.88,0.311,-1
ozamodaz_twitter_a4f52b7b,1,0.96,0.995,-1
ozcanozgur_twitter_d24fbe70,1,0.0,0.995,-1
pablomartino_twitter_40867ce9,1,0.0,0.995,-1
pabloxcl_twitter_6cd7d5f8,1,0.0,0.993,-1
pacobarranco_twitter_a3df4a4c,1,0.91,0.121,-1
pampiiranzo_twitter_74d100d0,1,0.0,0.995,-1
pandafoodie_twitter_9430c1e4,1,0.0,0.995,-1
panjim_twitter_c057abb0,1,0.89,0.289,-1
paolaroldan_twitter_1c0c06bf,1,0.0,0.995,-1
paolofrancescosita_twitter_744f162a,1,0.93,0.774,-1
paondart_twitter_30da7c2d,1,0.0,0.995,-1
papatyakaradede_twitter_041b506d,1,0.95,0.086,-1
paramoreuruguay_twitter_e064f1d5,1,0.93,0.028,-1
parhamb_twitter_a1ad179d,1,0.93,0.342,-1
pasqualeparisi_twitter_ad93902f,1,0.0,0.995,-1
patmulles_twitter_d4a45cc4,1,0.95,0.16,-1
patriciadiez_twitter_01b0a2b9,1,0.93,0.26,-1
patriciascholz_twitter_972eac4b,1,0.95,0.689,-1
patriciawensch_twitter_ecf14e36,1,0.97,0.853,-1
patricklarranaga_twitter_fc094825,1,0.0,0.995,-1
patrickrousseau_twitter_a42b1111,1,0.87,0.099,-1
patrickthoffman_twitter_f8ed4a30,1,0.95,0.294,-1
patricktigue_twitter_42e7edc8,1,0.0,0.994,-1
patrizio_twitter_340142a8,1,0.9,0.468,-1
patton_twitter_ea7a0520,1,0.93,0.177,-1
paulamaarisa_twitter_41d9a486,1,0.0,0.995,-1
paulasimoes_twitter_4ddd4af5,1,0.0,0.995,-1
paulatinocotrindade_twitter_04ce9d84,1,0.94,0.13,-1
paulbekkum_twitter_bacfaae6,1,0.96,0.209,-1
paulcripps_twitter_5794f3d8,1,0.0,0.995,-1
paulerland_twitter_c5dbde39,1,0.92,0.268,-1
paulgallagher_twitter_670ebb2f,1,0.0,0.995,-1
paulinasalazar_twitter_cd7c1d40,1,0.92,0.183,-1
pauloschiavon_twitter_46bb3976,1,0.9,0.273,-1
paulpereira_twitter_d58963b1,1,0.0,0.995,-1
paulseele_twitter_d30ba527,1,0.0,0.991,-1
paulsloan_twitter_86a09762,1,0.9,0.403,-1
paulstickland_twitter_062ca3e5,1,0.98,0.995,-1
pavelrakusan_twitter_fef0d880,1,0.0,0.994,-1
pavelsmirnov_twitter_57ec179a,1,0.94,0.298,-1
pavelvassiljev_twitter_343f30c9,1,0.94,0.183,-1
pbrady_twitter_0bf822a0,1,0.0,0.995,-1
pbuyle_twitter_499c6692,1,0.0,0.992,-1
pcmello_twitter_4a25506e,1,0.0,0.995,-1
pcrampton_twitter_9b7dbd3b,1,0.0,0.995,-1
pedrocaeiros_twitter_bac8f149,1,0.93,0.095,-1
pedromolleda_twitter_eb253160,1,0.97,0.384,-1
pedroparraguez_twitter_ae4cfb25,1,0.88,0.203,-1
pedrsn_twitter_2e952ad9,1,0.0,0.99,-1
peggynairn_twitter_44397252,3,0.93,0.393,-1
pellenordin_twitter_1e4fa35d,1,0.89,0.121,-1
pena_twitter_a5fa2e7d,1,0.0,0.994,-1
pennycheng_twitter_85cb7a5c,1,0.0,0.995,-1
peregeis_twitter_ceadc8e4,1,0.0,0.995,-1
perolofarnas_twitter_b60b7c47,1,0.93,0.459,-1
perzennstrom_twitter_000e70b3,1,0.92,0.513,-1
petehill_twitter_922d157d,1,0.94,0.308,-1
petergiordano_twitter_a2982e07,1,0.0,0.992,-1
peterkapakos_twitter_1423e9f1,1,0.0,0.995,-1
peterkornaat_twitter_2e55cff2,1,0.93,0.917,-1
peterlombard_twitter_89af999e,1,0.92,0.23,-1
petermonbailleu_twitter_ebb3490d,1,0.91,0.589,-1
peterplaatsman_twitter_14c6c883,1,0.0,0.995,-1
peterwells_twitter_3355108a,1,0.0,0.995,-1
peteste_twitter_78a2fcd7,2,0.96,0.297,-1
petevyler_twitter_bf51893a,1,0.0,0.995,-1
pfiel_twitter_d13649b4,1,0.0,0.995,-1
pfrias_twitter_56b51137,1,0.92,0.286,-1
pgerngross_twitter_2d87bfaa,1,0.0,0.995,-1
phi303_twitter_9b4ef46a,1,0.94,0.3,-1
philackley_twitter_db6abab9,1,0.0,0.995,-1
phoenixartistry_twitter_e84ef013,1,0.0,0.995,-1
photoblogger_twitter_72c3f38f,1,0.0,0.994,-1
photographybypixie_twitter_9f55d7ac,1,0.95,0.958,-1
photosoldier860_twitter_a0952e14,1,0.97,0.073,-1
phuzylogik_twitter_88ccdadf,1,0.9,0.187,-1
pierreedouardschmitt_twitter_049e6b75,1,0.94,0.152,-1
pinkcakebox_twitter_f89298d8,1,0.94,0.137,-1
pinkuneko_twitter_08f2e588,1,0.0,0.995,-1
pjbeyer_twitter_e624f6d2,1,0.92,0.212,-1
plastikstuhl_twitter_66c575dd,1,0.0,0.995,-1
platinumvoicepr_twitter_3cbfdb4c,1,0.0,0.995,-1
pmilleredu_twitter_e938cfb7,1,0.0,0.995,-1
pmoa_twitter_76242946,1,0.0,0.995,-1
poetyca_twitter_cae2d8d4,1,0.0,0.985,-1
pokipsie_twitter_e12411bd,1,0.97,0.233,-1
pon_twitter_dba18bbf,1,0.0,0.995,-1
poohkohawaii_twitter_ca6269be,1,0.0,0.994,-1
pqhoang_twitter_73f81056,1,0.96,0.055,-1
pressnet_twitter_867a1654,1,0.0,0.995,-1
prestonpardy_twitter_a3c0791b,1,0.94,0.048,-1
prettypinkponies_twitter_72ad8af8,1,0.0,0.995,-1
prissajean_twitter_5fd73307,1,0.0,0.995,-1
producimosideas_twitter_212ddf3b,1,0.0,0.995,-1
pugin_twitter_5b43b36d,1,0.99,0.058,-1
punzoo_twitter_f3fbff89,1,0.96,0.04,-1
purinek2_twitter_08993a51,1,0.95,0.462,-1
putuebo_twitter_60c06ca6,1,0.0,0.995,-1
queenesther_twitter_fc161a71,1,0.0,0.988,-1
r3d_twitter_4f8f6293,1,0.0,0.991,-1
raccettura_twitter_03b8e3be,1,0.95,0.537,-1
rachaelbeauty_twitter_a98f4199,1,0.0,0.995,-1
rachelrvincent_twitter_ad04c43a,1,0.96,0.308,-1
rachelzevita_twitter_5a009021,1,0.0,0.995,-1
radiomann1_twitter_2b83014d,1,0.92,0.119,-1
rafacama_twitter_89aa43d7,1,0.9,0.518,-1
rafaelbustamante_twitter_9536a06a,1,0.9,0.357,-1
rafaelochoa_twitter_3b3d8300,1,0.0,0.995,-1
rahmatmh_twitter_c5ad04db,1,0.94,0.089,-1
rahsheen_twitter_caa200c8,1,0.97,0.581,-1
ralphdepagter_twitter_f73f25ff,1,0.91,0.083,-1
ramizahrahman_twitter_43ee1c14,1,0.9,0.364,-1
randomandodd_twitter_458aedd9,1,0.94,0.761,-1
randyrichter_twitter_dbfaeb22,1,0.0,0.96,-1
ranjiththomas_twitter_230780f5,1,0.89,0.226,-1
rappler_twitter_53cb9f7c,1,0.0,0.995,-1
rappscott_twitter_bbed4b67,1,0.96,0.02,-1
raquelsotollacer_twitter_12199d1e,1,0.0,0.991,-1
raquelvillarreal_twitter_46100a2f,1,0.93,0.391,-1
raulk_twitter_b2e1fb92,1,0.0,0.995,-1
ravenlynch_twitter_833f63c6,1,0.0,0.995,-1
ravidor_twitter_f1297781,1,0.95,0.4,-1
ravimohan2_twitter_4e907de9,1,0.9,0.308,-1
raychang_twitter_246877b6,1,0.0,0.995,-1
rayhowe_twitter_15fd19b5,1,0.93,0.26,-1
raymondwyu_twitter_a9a6a921,1,0.0,0.995,-1
razshafer_twitter_510c575f,1,0.95,0.378,-1
rbanffy_twitter_4ded632f,1,0.0,0.994,-1
rdeva_twitter_66ca81e8,1,0.93,0.158,-1
rdhnk9_twitter_2e9c1845,1,0.0,0.995,-1
rdvnfrtn_twitter_39d3e267,1,0.95,0.2,-1
rebeccamaguire_twitter_20fc4e30,1,0.0,0.995,-1
rebeccateldja_twitter_fcb9e061,1,0.9,0.107,-1
redphone_twitter_da97e782,1,0.0,0.995,-1
regtiangha_twitter_486605e4,1,0.0,0.995,-1
relixvariety_twitter_6bfb7cff,1,0.0,0.995,-1
remyandella_twitter_cce38f7d,1,0.0,0.995,-1
renelego_twitter_8520103d,1,0.94,0.483,-1
reportertim_twitter_bdc45172,1,0.0,0.995,-1
reuscher_twitter_9128dd4a,2,0.94,0.283,-1
rheyankaj_twitter_ca76f1ac,1,0.94,0.278,-1
rhoinkes_twitter_4514aaf0,1,0.0,0.994,-1
ricardoanton_twitter_db73ee54,1,0.91,0.403,-1
ricardopadilha_twitter_28f7db1e,1,0.0,0.995,-1
ricardosalgado_twitter_a67a52c7,1,0.0,0.995,-1
riccardoghignoni_twitter_0246b5cb,1,0.95,0.148,-1
richardajacobson_twitter_669b64f2,1,0.97,0.584,-1
richardharrington_twitter_890f5870,1,0.91,0.265,-1
richardterborg_twitter_47c1ff50,1,0.96,0.369,-1
richardthomson_twitter_49751783,1,0.0,0.995,-1
richtosi_twitter_d7781694,1,0.0,0.995,-1
rickcaffeinated_twitter_85c47b88,1,0.0,0.993,-1
rickycain_twitter_5a0c8795,1,0.92,0.034,-1
rickzwiep_twitter_f48cb7c4,1,0.93,0.774,-1
ricmccoy_twitter_29323cbf,1,0.93,0.101,-1
ricseedbluebubbledesign_twitter_efa0c588,1,0.0,0.995,-1
riefaja_twitter_2d16af9e,1,0.0,0.995,-1
rielax_twitter_287e6b5a,1,0.0,0.995,-1
rieramadhaanie_twitter_95559c04,2,0.93,0.102,-1
rikardohj_twitter_e49d3023,1,0.0,0.995,-1
rjacquez_twitter_165247fa,1,0.91,0.314,-1
rjjaramillo_twitter_5bc60093,1,0.97,0.112,-1
rjudas_twitter_03f2fc9d,1,0.0,0.995,-1
rkellyga_twitter_e84def54,2,0.95,0.098,-1
rmichaelbrown_twitter_37dad87f,1,0.0,0.995,-1
rmorrison_twitter_c2e7acd2,1,0.0,0.995,-1
roadzy_twitter_5a48972f,2,0.955,0.749,-1
roannarupinta_twitter_47ddc520,1,0.0,0.995,-1
robaris_twitter_b94a33a2,1,0.98,0.248,-1
robboudon_twitter_ab47cc4d,2,0.94,0.265,-1
robertbadillo_twitter_3931cd30,1,0.0,0.995,-1
robertbarney_twitter_bf04aa53,1,0.0,0.995,-1
robertbirnie_twitter_55171ca6,1,0.97,0.354,-1
robertjonathan_twitter_b4517402,1,0.0,0.995,-1
robertschueler_twitter_2f8881ef,1,0.0,0.995,-1
robingood_twitter_f96a762c,2,0.97,0.711,-1
robinhassan_twitter_02921c0b,1,0.93,0.559,-1
robkrueger_twitter_231481d6,1,0.0,0.995,-1
robmoses_twitter_87da1a79,1,0.89,0.207,-1
robnelson_twitter_6bdaab25,1,0.0,0.995,-1
robseaver_twitter_583d116a,1,0.94,0.391,-1
robwillington_twitter_df32046c,1,0.0,0.995,-1
robwoodbridge_twitter_b895da06,1,0.9,0.307,-1
rockaz_twitter_5be5ad2e,1,0.0,0.995,-1
rockstarmomlv_twitter_3543907c,3,0.943,0.046,-1
rockyvy_twitter_f4a4b184,1,0.91,0.183,-1
rodmeier_twitter_626598c4,1,0.95,0.207,-1
rodmilam_twitter_5b9ca20b,1,0.93,0.436,-1
rodrigoluna_twitter_8e25c865,2,0.985,0.186,-1
rogerbalettie_twitter_eadbce86,1,0.91,0.093,-1
rogerellman_twitter_36e3371c,1,0.96,0.422,-1
rohnjay_twitter_ef2597d2,1,0.0,0.995,-1
roh_twitter_a365eef8,1,0.96,0.194,-1
rolfek_twitter_90986cb9,1,0.0,0.995,-1
romcalbc_twitter_5cca21d8,1,0.0,0.995,-1
rommiej_twitter_84d0147a,1,0.0,0.995,-1
romulocostacurta_twitter_eccaed7c,1,0.0,0.995,-1
romybeatwriter_twitter_008d2f8b,1,0.0,0.995,-1
ronaldomanga_twitter_37eae251,1,0.96,0.148,-1
roncaglia_twitter_a787050e,1,0.93,0.316,-1
ronlute_twitter_46e29637,1,0.0,0.995,-1
ronron607_twitter_c9c85270,1,0.92,0.483,-1
ronsela_twitter_ff050895,1,0.93,0.476,-1
roook_twitter_28bfed5e,1,0.0,0.995,-1
roseannefoxx_twitter_a38b57ef,1,0.94,0.047,-1
rositaxx_twitter_b7059a67,1,0.0,0.995,-1
rousso_twitter_59e84726,1,0.91,0.384,-1
rowdyfolk_twitter_a2a538da,1,0.0,0.995,-1
roxipappa_twitter_e1520ccf,1,0.0,0.995,-1
roybird_twitter_2534c68d,1,0.0,0.995,-1
roysteele_twitter_b6d88bf1,1,0.91,0.503,-1
royterp_twitter_28a40299,1,0.0,0.995,-1
rscpics_twitter_81eb30db,1,0.0,0.995,-1
ru0905_twitter_9635c14e,1,0.0,0.995,-1
ruanalmeida_twitter_0318eba0,1,0.91,0.26,-1
rubenbrave_twitter_2d5e3366,1,0.0,0.995,-1
rubenmascarophotography_twitter_756b0938,1,0.0,0.995,-1
rubodewig_twitter_fa89137d,1,0.0,0.995,-1
rude64_twitter_4648b5b3,1,0.0,0.995,-1
rudestan_twitter_24dad8be,1,0.0,0.995,-1
russellvjward_twitter_5725bf3f,1,0.92,0.054,-1
russpond_twitter_d8977b8b,1,0.91,0.429,-1
ryanfrazier_twitter_bdfd301a,1,0.0,0.995,-1
ryanjgoodman_twitter_8e97ae97,1,0.9,0.117,-1
ryanketterman_twitter_07c376be,1,0.0,0.995,-1
ryanlmurphy_twitter_2b3497cd,1,0.0,0.995,-1
ryanott_twitter_eddc944e,1,0.95,0.2,-1
ryanporter_twitter_f50df5a3,1,0.0,0.995,-1
ryanthompson_twitter_c403efec,1,0.0,0.994,-1
s0uls_twitter_354cae4f,1,0.0,0.995,-1
s1lentb0buk_twitter_65fe0dc6,1,0.93,0.054,-1
sabrinamiso_twitter_075c6b5e,1,0.0,0.995,-1
sachaqs_twitter_510fc552,1,0.95,0.432,-1
sachiyokojima_twitter_73509f19,1,0.0,0.995,-1
sacpetsits_twitter_89d93487,1,0.0,0.995,-1
saeedalmenhali_twitter_96067146,1,0.0,0.995,-1
sahithi_twitter_4b77fa07,1,0.0,0.995,-1
sakshamgumber_twitter_8aecaf3b,1,0.0,0.995,-1
salikov_twitter_2605b0dc,1,0.9,0.046,-1
salinasmx_twitter_f156d5af,1,0.94,0.281,-1
samanthaholloway_twitter_787a8b35,1,0.94,0.164,-1
samarb_twitter_b73a7536,1,0.0,0.992,-1
sambassman_twitter_b32456fa,1,0.0,0.995,-1
samipage_twitter_5bdde226,1,0.95,0.995,-1
samuelmartinx_twitter_07e75f74,1,0.0,0.995,-1
samuelreis_twitter_6206dfd4,1,0.0,0.995,-1
samuelstrickland_twitter_cf56073d,1,0.93,0.292,-1
samwhite_twitter_4bfb88bb,1,0.0,0.995,-1
sanahsayani_twitter_0ff44974,1,0.93,0.26,-1
sanderdatema_twitter_b21c3162,1,0.91,0.956,-1
sanderterhaar_twitter_b6dde02f,1,0.0,0.995,-1
sandieterenzisellshomescom_twitter_6c6fcd84,1,0.93,0.141,-1
saniday_twitter_c7d20258,1,0.0,0.995,-1
sanpedrohotelspa_twitter_01abb6dd,1,0.0,0.995,-1
santayanapower_twitter_d86bdf33,1,0.94,0.439,-1
sanurasnowpaw_twitter_7076f8ec,1,0.0,0.995,-1
sarahemiline_twitter_685fdc01,1,0.93,0.187,-1
sarahjones_twitter_fb2dffb4,1,0.9,0.032,-1
saratpollock_twitter_09423e27,1,0.0,0.995,-1
sarito_twitter_d89bbaa5,1,0.94,0.238,-1
satoryasuga_twitter_1a945fe9,1,0.0,0.995,-1
satotaka_twitter_7cd90995,1,0.0,0.995,-1
saurospagnol_twitter_70707e7e,1,0.0,0.995,-1
saviodemartino_twitter_03e07da9,1,0.0,0.995,-1
scesini_twitter_cd27e127,1,0.98,0.265,-1
scg33esp_twitter_b8d5fed8,1,0.0,0.995,-1
scherem_twitter_4ba05b29,1,0.0,0.995,-1
scherka_twitter_60e80184,1,0.94,0.172,-1
scherre_twitter_b8044559,2,0.98,0.288,-1
schlossneubeuern_twitter_a8d60970,1,0.0,0.995,-1
schneidan_twitter_4bccaae4,1,0.0,0.995,-1
scholzeralph_twitter_567d5449,1,0.0,0.995,-1
scottbellisario_twitter_6b9613f9,1,0.94,0.363,-1
scottellisonphotography_twitter_d09444e9,1,0.94,0.081,-1
scottjwalter_twitter_a0b333a6,1,0.0,0.995,-1
scottycze_twitter_a905f428,1,0.91,0.381,-1
scoutshonor_twitter_7d05be4e,1,0.0,0.995,-1
scowie_twitter_54596923,1,0.96,0.228,-1
seancoyne_twitter_af76f774,1,0.91,0.508,-1
seanmcmenemy_twitter_4f379188,1,0.0,0.995,-1
sebastianjimenez_twitter_cb18ed4f,1,0.97,0.801,-1
sebastianlofvall_twitter_4de2ef38,1,0.0,0.995,-1
sebastianmueller_twitter_31cad4df,1,0.0,0.995,-1
sebastienbarre_twitter_8727d673,1,0.0,0.995,-1
sebgonza_twitter_4554e722,1,0.0,0.995,-1
sebhawker_twitter_83feb5e2,1,0.92,0.52,-1
seerickson_twitter_0adf8381,1,0.93,0.253,-1
sekarkhatulistiwa_twitter_0f4bad4e,1,0.0,0.995,-1
semilla_twitter_6a9e442f,1,0.95,0.101,-1
seraphim_twitter_155311ef,1,0.91,0.397,-1
sercanparan_twitter_46778234,1,0.95,0.305,-1
serdarbarut_twitter_8e2c5044,1,0.88,0.325,-1
sergeioarroyo_twitter_98a6c9df,1,0.0,0.995,-1
sergioelizondomora_twitter_0e693dee,1,0.93,0.345,-1
sergiopellico_twitter_b5076bbc,1,0.0,0.995,-1
sergiovenuto_twitter_87107233,1,0.0,0.995,-1
serra_twitter_e0b02472,1,0.0,0.992,-1
serveure_twitter_c8cd06e4,1,0.97,0.302,-1
sfharper_twitter_5c03a1a9,1,0.91,0.25,-1
sfy_twitter_870e1700,1,0.0,0.995,-1
shalahbowden_twitter_66643dc5,1,0.9,0.41,-1
shanedesloges_twitter_a6c7ec69,1,0.0,0.995,-1
shanestokes_twitter_cd0e5f82,1,0.96,0.016,-1
shanewalter_twitter_4848e3a1,1,0.94,0.492,-1
shanmoorthy_twitter_9cc764a6,1,0.95,0.409,-1
shannonedris_twitter_a35b0c8b,1,0.0,0.995,-1
shannonkelley_twitter_4f282eba,1,0.0,0.995,-1
sharonpianchan_twitter_f21c6061,1,0.0,0.995,-1
shaunsimpson_twitter_dbb37e18,1,0.95,0.348,-1
shawnalholman_twitter_25eaa3b1,1,0.9,0.325,-1
shawnday_twitter_d272ef74,1,0.0,0.995,-1
shawnmor_twitter_151d4235,1,0.0,0.995,-1
shaymfa_twitter_acfba946,1,0.95,0.378,-1
shazasalem_twitter_3373906a,1,0.92,0.2,-1
sheanroberts_twitter_de38c31c,1,0.93,0.196,-1
shehannf_twitter_f2a41450,1,0.9,0.044,-1
shelleysanders_twitter_dc8f6027,1,0.92,0.095,-1
shelleywest_twitter_61b58e80,1,0.0,0.995,-1
sherekaan_twitter_1b40f342,1,0.0,0.995,-1
sherifhany_twitter_e623be40,1,0.97,0.09,-1
sherrytrueself_twitter_47d6d530,1,0.0,0.995,-1
shibuibrahim_twitter_a729b460,1,0.0,0.995,-1
shintaroabe_twitter_54652463,1,0.0,0.995,-1
shonhughes_twitter_32ffc4f1,1,0.0,0.995,-1
shortformelissa_twitter_c816f818,1,0.0,0.995,-1
shugo_twitter_b75d733b,1,0.0,0.995,-1
siam_twitter_2f6bc02a,2,0.935,0.21,-1
sicarpv_twitter_7f65caca,1,0.0,0.995,-1
sidali_twitter_3f20d524,1,0.95,0.131,-1
sidede_twitter_6e1291ea,1,0.0,0.995,-1
sidsel_twitter_a6ed81dd,1,0.94,0.268,-1
signhk_twitter_8a31cd7b,1,0.0,0.992,-1
sigurdson_twitter_aaf9310a,1,0.93,0.06,-1
siguy_twitter_7a082433,1,0.0,0.995,-1
silviabriano_twitter_fe2df68f,1,0.97,0.281,-1
silviafattori_twitter_785a0bfe,1,0.93,0.378,-1
silviafoglia_twitter_ba2e0628,1,0.0,0.995,-1
simonemccallum_twitter_6dc52e31,1,0.94,0.41,-1
sio_twitter_e4fe1bbc,1,0.0,0.995,-1
sirmmo_twitter_979a3b13,1,0.93,0.581,-1
sitiodascitacoes_twitter_990ce278,1,0.0,0.995,-1
skyjunior203_twitter_15d43683,1,0.0,0.995,-1
skypanther_twitter_7276169d,1,0.0,0.995,-1
slakker9_twitter_c1339ec6,1,0.0,0.995,-1
smediabutterfly_twitter_f8d8e133,1,0.93,0.436,-1
smokinronniehalcomb_twitter_42a33e45,1,0.0,0.991,-1
sniyazov_twitter_4291a9e8,1,0.0,0.995,-1
snowhole_twitter_23b3bd2b,1,0.0,0.995,-1
socialcrm_twitter_5f42be80,1,0.0,0.995,-1
socialleslie_twitter_0ba98e23,1,0.92,0.664,-1
societychurch_twitter_7acf9a45,1,0.0,0.995,-1
soenarko_twitter_8a1d2dbf,1,0.93,0.593,-1
sohochoc_twitter_cecc26d1,1,0.0,0.99,-1
sokazo_twitter_fe9d55dd,1,0.9,0.189,-1
sokrekl_twitter_fd2f69d2,1,0.94,0.041,-1
solomonbrothers_twitter_75bbc695,1,0.0,0.989,-1
soloseba_twitter_2bae5a18,1,0.9,0.022,-1
solutionsinla_twitter_41b98303,1,0.0,0.995,-1
sommercollier_twitter_4181036f,1,0.92,0.172,-1
soniagennaro_twitter_1059f0c7,1,0.93,0.419,-1
soniapolacci_twitter_9a32f1e7,1,0.95,0.628,-1
sonic010739_twitter_c314e540,1,0.0,0.995,-1
sonnyellar_twitter_a9df2e9d,1,0.94,0.041,-1
sorayasantos_twitter_2bd2b9ae,1,0.96,0.162,-1
sorgenia_twitter_353a49c5,1,0.0,0.995,-1
soulsailor_twitter_cbe10188,1,0.94,0.012,-1
soundroll_twitter_f83af302,1,0.92,0.062,-1
soyoscar_twitter_4b8f6428,1,0.95,0.106,-1
spacefoxstudio_twitter_1003bd92,1,0.0,0.995,-1
speakingbadger_twitter_145a24ed,1,0.94,0.348,-1
srcalypsoo_twitter_1696e34c,1,0.0,0.995,-1
sroyer_twitter_c7ac23eb,1,0.0,0.995,-1
ssalazars_twitter_c57bdce4,1,0.9,0.207,-1
ssofia_twitter_2c4b2da8,1,0.0,0.995,-1
staboada_twitter_e377a5c0,1,0.94,0.632,-1
stacysanchez_twitter_c271be91,1,0.0,0.989,-1
stefanocannizzaro_twitter_f2a1d53f,1,0.0,0.995,-1
stefanogiudici_twitter_b2da153b,1,0.97,0.152,-1
stefanwoldekidan_twitter_46abbc88,1,0.95,0.648,-1
stenmartin_twitter_8126b74f,1,0.96,0.061,-1
stephaniebogus_twitter_ed151cce,1,0.0,0.995,-1
stephaniemaxwell_twitter_25ad05ec,1,0.95,0.016,-1
stephaniemcd_twitter_b55ff373,1,0.91,0.162,-1
stephanieowen_twitter_64775330,1,0.0,0.995,-1
stephanlendl_twitter_e785495d,1,0.89,0.372,-1
stephenalee_twitter_b10d757e,1,0.91,0.276,-1
stephenbarr_twitter_b036364f,1,0.0,0.995,-1
stephenbonner_twitter_e0fd2ee6,1,0.0,0.995,-1
stephend3_twitter_d359aaea,1,0.93,0.233,-1
stephenitis_twitter_2e8ded5c,1,0.9,0.023,-1
stephenjscott_twitter_4438a161,2,0.94,0.38,-1
stephenmillard_twitter_3f879dbd,1,0.9,0.226,-1
stephenwells_twitter_efd0c92e,1,0.94,0.006,-1
stephintoronto_twitter_30066e51,1,0.0,0.995,-1
stephlauren_twitter_bc00ac3b,1,0.93,0.135,-1
stevegarfield_twitter_4da1e447,1,0.94,0.466,-1
stevei_twitter_3434df97,1,0.89,0.422,-1
stevenabittan_twitter_6890a36e,1,0.96,0.406,-1
stevencullifer_twitter_1b14998d,1,0.9,0.574,-1
stevendamron_twitter_e3588812,1,0.97,0.135,-1
stevenlarson_twitter_f76c0661,1,0.98,0.494,-1
steventjones_twitter_c7fcbb8d,1,0.98,0.164,-1
steveweston_twitter_7b49659d,1,0.0,0.995,-1
stewarthayes_twitter_26887e93,1,0.0,0.995,-1
stickgrinder_twitter_d6a61627,1,0.93,0.25,-1
stoneyxl_twitter_a41eb6b2,1,0.0,0.995,-1
stormy86_twitter_f017a36b,1,0.94,0.194,-1
strawfish_twitter_e457cda8,1,0.0,0.995,-1
stregato86_twitter_414150b0,1,0.0,0.995,-1
stuarthiggs_twitter_701a28c1,1,0.96,0.406,-1
studiomiguel_twitter_87356f2a,1,0.94,0.019,-1
stuttgarter_twitter_c272cfe7,1,0.0,0.995,-1
sucio_twitter_00399805,1,0.0,0.995,-1
sudol_twitter_93fa21ea,1,0.0,0.995,-1
sueblack_twitter_621aa64e,1,0.0,0.995,-1
sugabetic_twitter_a1df951c,1,0.94,0.066,-1
sukhighuman_twitter_6f0acd9e,2,0.935,0.07,-1
sultangfx_twitter_139c3f72,1,0.94,0.135,-1
sunanulhuda_twitter_6f93a57d,1,0.0,0.995,-1
suneeshlal_twitter_ff77713d,1,0.99,0.09,-1
sungoddess_twitter_0a1b76c5,1,0.0,0.995,-1
sunshinessui_twitter_1a98dbed,1,0.0,0.995,-1
sunupermana_twitter_5502fa04,1,0.96,0.069,-1
supersupersuper_twitter_dbb72d1b,1,0.0,0.995,-1
susanaayala_twitter_96ef1c13,1,0.0,0.995,-1
susannahseefeldt_twitter_67ef4f49,1,0.97,0.697,-1
susanrapp_twitter_05460e2a,1,0.95,0.268,-1
susanscrupski_twitter_d2c87a79,1,0.93,0.062,-1
suvrobanerji_twitter_ee423a98,1,0.9,0.223,-1
suzannecourtney_twitter_19ddb761,1,0.93,0.065,-1
svilen_twitter_983fb4c4,1,0.0,0.995,-1
swarmster_twitter_4ec52488,1,0.92,0.028,-1
swellsbennett_twitter_82a40c8e,1,0.91,0.221,-1
swism_twitter_75bb6ed4,1,0.0,0.995,-1
swissmountainleader_twitter_e1da210a,1,0.0,0.995,-1
syedrushda_twitter_540554b2,1,0.92,0.013,-1
symonchow_twitter_c66b5d30,1,0.0,0.995,-1
syntasium_twitter_a1f5cfa6,1,0.93,0.314,-1
tadd31_twitter_580802a9,1,0.0,0.995,-1
taeff_twitter_e53f71b1,1,0.0,0.995,-1
tahoe58_twitter_5515ce6a,1,0.0,0.995,-1
talintyre_twitter_5fa93778,1,0.0,0.995,-1
talrasha_twitter_25a67244,1,0.0,0.995,-1
tanguymignot_twitter_a52e1025,1,0.0,0.988,-1
taniagarron_twitter_787b579d,2,0.965,0.312,-1
tanyagagnon_twitter_e6c17cf4,1,0.95,0.354,-1
tapps_twitter_9b3c70de,1,0.95,0.243,-1
tassoskapernekas_twitter_88c5d10b,1,0.91,0.233,-1
tatianaavdjiev_twitter_3103b95a,1,0.0,0.995,-1
taymoor_twitter_0446059e,1,0.0,0.995,-1
tearyeyezs_twitter_63448b11,1,0.96,0.093,-1
tedmihu_twitter_0edc169c,1,0.88,0.07,-1
tedr_twitter_fa80e28c,1,0.0,0.995,-1
tele_twitter_9519f294,1,0.0,0.994,-1
tellurideblues_twitter_c61b253d,1,0.0,0.995,-1
telmamelo_twitter_4f6c9e62,1,0.0,0.995,-1
terrahambly_twitter_91da4cf1,1,0.91,0.258,-1
terricoles_twitter_c0e08298,2,0.95,0.199,-1
tessadufresne_twitter_a2a35a41,1,0.0,0.995,-1
thalitasantos_twitter_3d9b9330,1,0.95,0.334,-1
thanhnkh_twitter_e03e6bd0,1,0.0,0.995,-1
thanser_twitter_39863a8a,1,0.92,0.221,-1
thatgirlmegan_twitter_617e3a5f,1,0.0,0.992,-1
thecomfortoutlet_twitter_3793746d,1,0.0,0.98,-1
thecuriouscreative_twitter_41cd347c,1,0.96,0.104,-1
thedanieljsmith_twitter_1235a678,1,0.92,0.102,-1
thedudedean_twitter_37398770,1,0.0,0.995,-1
thegadgeteur_twitter_72937d4f,1,0.92,0.218,-1
thejeff_twitter_262022f8,1,0.93,0.714,-1
thejennafox_twitter_4f956c3d,1,0.0,0.994,-1
thejennylam_twitter_c89a201c,1,0.97,0.05,-1
themichaelshane_twitter_1e6bea78,1,0.0,0.995,-1
themiscfiles_twitter_d27b4324,1,0.96,0.265,-1
theoryoferin_twitter_8d398912,1,0.0,0.993,-1
thepanda_twitter_06168571,1,0.95,0.183,-1
thereadingcircle01_twitter_d81e2dbf,1,0.0,0.995,-1
theresag_twitter_ce7c639f,1,0.93,0.078,-1
thesimonharris_twitter_465c1c45,1,0.89,0.112,-1
thexwarrior_twitter_1b18fc62,1,0.0,0.995,-1
thiagobusse_twitter_1c290eba,1,0.96,0.028,-1
thierryocho_twitter_193917dc,1,0.94,0.216,-1
thierryweber_twitter_fee183a2,1,0.0,0.995,-1
thinkpositive_twitter_a0e1c2aa,1,0.0,0.993,-1
thinzaroo_twitter_b117c631,1,0.0,0.995,-1
thisgunforhire_twitter_fc8346b9,2,0.965,0.247,-1
thomaskeup_twitter_0031c401,1,0.93,0.578,-1
thomasmarcusgeorge_twitter_73d82e03,1,0.0,0.995,-1
thomasosborne_twitter_7cf9d0c7,1,0.92,0.345,-1
thomaspleil_twitter_7e69bffd,1,0.0,0.992,-1
thomasseifert_twitter_71ecf510,1,0.0,0.995,-1
thompsontanya_twitter_b4546d5b,1,0.92,0.198,-1
thorstenbastian_twitter_7e543edb,1,0.0,0.995,-1
threedot_twitter_094ef3d3,1,0.95,0.17,-1
tiagohiroshi_twitter_7b709740,1,0.96,0.152,-1
tiffanyff_twitter_ed05c88a,1,0.98,0.148,-1
timbr_twitter_c3a4010c,1,0.0,0.992,-1
timgolden_twitter_2310daee,1,0.0,0.995,-1
timhoward_twitter_16cb4c45,1,0.88,0.154,-1
timnewsome_twitter_07cdd4f9,2,0.94,0.119,-1
timolsen_twitter_a0155da1,1,0.0,0.992,-1
timothyalexander_twitter_50f69f1e,1,0.92,0.139,-1
timothydahl_twitter_7a48ccfa,1,0.94,0.322,-1
timothyjohn_twitter_5f65026d,1,0.0,0.995,-1
timothylmooney_twitter_353e9b2e,1,0.88,0.107,-1
timothyryan_twitter_9e971c95,1,0.0,0.995,-1
timpowell_twitter_69e07ee7,1,0.95,0.172,-1
timryan67_twitter_b6da0d97,1,0.95,0.114,-1
tinrocket_twitter_10309275,1,0.0,0.995,-1
tjanderson_twitter_3608955f,1,0.0,0.995,-1
tks_twitter_f0b02230,1,0.0,0.995,-1
tlindorfer_twitter_72ed5a43,1,0.97,0.028,-1
tnsuarez_twitter_7bbdf08d,1,0.94,0.566,-1
toddebert_twitter_0f4594b9,1,0.94,0.328,-1
toledoscanner_twitter_38786b30,1,0.0,0.995,-1
tomasfragoso_twitter_8bac8333,1,0.88,0.372,-1
tomkeenebloomberg_twitter_3a766ce7,1,0.0,0.995,-1
tomkenyon_twitter_ebf27878,1,0.93,0.168,-1
tommyflovildengebretsen_twitter_a9f6a85d,1,0.0,0.995,-1
tommyoshima_twitter_a80a1af3,1,0.92,0.23,-1
tommyp_twitter_8a8d6073,1,0.96,0.469,-1
tommyudo_twitter_b3636396,2,0.935,0.103,-1
tommywhitty_twitter_a193cb70,1,0.0,0.995,-1
tomparadiso_twitter_fc2b8ad4,1,0.94,0.022,-1
tomromano_twitter_1c7b2977,1,0.0,0.995,-1
tomviturino_twitter_7bf59f6a,1,0.0,0.995,-1
tonyveroeven_twitter_e8065ae5,1,0.91,0.243,-1
tooti_twitter_8d4dda64,1,0.0,0.995,-1
topher5_twitter_f1df05c0,1,0.9,0.302,-1
torid_twitter_9d86f47d,1,0.0,0.995,-1
toriegehlmeyer_twitter_8301441d,1,0.0,0.995,-1
torreyn_twitter_e7df9a1f,1,0.0,0.995,-1
traced_twitter_328be1fb,1,0.0,0.995,-1
tracidavis_twitter_cf672d04,2,0.95,0.081,-1
tranceh2_twitter_3dae425d,1,0.0,0.995,-1
tranericvu_twitter_4d9abf55,1,0.97,0.15,-1
trezzaalfonso_twitter_917d9feb,1,0.0,0.995,-1
tristantiteux_twitter_24631579,1,0.94,0.165,-1
tronathan_twitter_ba11ea36,1,0.93,0.648,-1
tselliott_twitter_a6c500b8,1,0.96,0.08,-1
tuesdaygirl_twitter_bd174bec,1,0.92,0.076,-1
tugak_twitter_f4b762c6,1,0.0,0.995,-1
turbidsoul_twitter_fdfcd5a2,1,0.0,0.993,-1
turieco_twitter_9ff697f1,1,0.0,0.994,-1
turnerburns_twitter_451e192f,1,0.92,0.207,-1
tuubagul_twitter_ac902216,1,0.92,0.051,-1
tuyetanh_twitter_d1aaf2ac,1,0.0,0.995,-1
twool9_twitter_483dc28f,1,0.91,0.255,-1
tylerkessler_twitter_da056af8,1,0.91,0.087,-1
tyroneeaton_twitter_7e691ea9,1,0.0,0.995,-1
ube17_twitter_06b1e418,1,0.0,0.995,-1
ubskur_twitter_25133884,1,0.0,0.995,-1
ucedaman_twitter_8c3735b8,1,0.0,0.995,-1
ucmusicdoc_twitter_7f3182e3,1,0.0,0.995,-1
udomichelcuria_twitter_808f1bcb,1,0.95,0.995,-1
uhachefe_twitter_838b24a2,1,0.0,0.995,-1
uk01speed_twitter_dd6ca754,1,0.0,0.995,-1
ullyses_twitter_b00540b6,1,0.0,0.995,-1
ulrichraab_twitter_d4e62bf4,1,0.91,0.363,-1
umarquez_twitter_99cdc00d,1,0.98,0.265,-1
urmilesh_twitter_2f78e105,1,0.0,0.995,-1
usmanarif_twitter_64ca021c,1,0.0,0.995,-1
usuyu_twitter_e44e3077,1,0.0,0.995,-1
utkuozturk_twitter_4ca2a0b4,1,0.0,0.995,-1
uvmann_twitter_15024e57,1,0.91,0.166,-1
vaduvaiulian_twitter_f00b3d32,1,0.94,0.096,-1
valentinaspoto_twitter_27cd61b9,1,0.98,0.098,-1
valentinthirion_twitter_28dbf126,1,0.89,0.214,-1
valiuh_twitter_a4ec3ab6,1,0.95,0.099,-1
vanessajeny_twitter_263a2a85,1,0.0,0.995,-1
vanhci_twitter_6612157d,1,0.0,0.995,-1
varunpramanik_twitter_316e24a3,1,0.0,0.995,-1
vaseem_twitter_bf4ccac7,1,0.92,0.148,-1
vegasbloggers_twitter_d682b714,1,0.0,0.987,-1
vehiclehistory_twitter_411972e7,1,0.0,0.995,-1
venicebeachstyl_twitter_e21ab02b,1,0.98,0.014,-1
venkatsrao_twitter_b046038e,1,0.95,0.112,-1
verygoodservice_twitter_4b5b7bd6,1,0.0,0.995,-1
vicaso_twitter_4ffb9f31,1,0.0,0.995,-1
vicdiaz_twitter_1ef7d7aa,1,0.0,0.995,-1
vicentenadal_twitter_b732b452,1,0.94,0.537,-1
vickiayala_twitter_c5c506bb,1,0.0,0.995,-1
vickiewyman_twitter_fcfc0d57,1,0.0,0.995,-1
victorhgtzr_twitter_b668a107,1,0.0,0.994,-1
victoriaborja_twitter_4b23b9f1,1,0.0,0.995,-1
victoriafield_twitter_bf9f8044,1,0.0,0.995,-1
victormlgh_twitter_ea8aca98,1,0.0,0.995,-1
victorruben_twitter_d222348d,1,0.0,0.995,-1
vigerpersinger_twitter_a0e4bdfc,1,0.0,0.995,-1
vikashkrgupta_twitter_4ad641e9,1,0.0,0.995,-1
villy_twitter_33fdaf21,1,0.92,0.255,-1
vilterpanitz_twitter_da72191a,1,0.95,0.505,-1
vincenza_twitter_4984a525,1,0.0,0.992,-1
vincenzopallotta_twitter_45a109d3,1,0.97,0.172,-1
vinitmevada_twitter_7d37c73c,1,0.93,0.116,-1
vinothnatarajan_twitter_3e0e0e9b,1,0.0,0.995,-1
virajt_twitter_d74e1f60,1,0.0,0.995,-1
virandesilva_twitter_2060829d,2,0.92,0.107,-1
virgilalonso_twitter_ccf2e09f,1,0.0,0.995,-1
visualem_twitter_e9b8af89,1,0.0,0.995,-1
vitamingc_twitter_6192afc5,1,0.96,0.369,-1
vivekreddy_twitter_32a6427f,1,0.94,0.319,-1
vivienchan_twitter_be64b911,1,0.89,0.394,-1
vizcacha_twitter_7dcfa0a4,1,0.95,0.297,-1
vlasenko_twitter_35d903ac,1,0.0,0.995,-1
volkovroman_twitter_c384bd3e,1,0.96,0.099,-1
vonoiral_twitter_eec6b68b,1,0.92,0.479,-1
voreshkov_twitter_09f11d71,1,0.96,0.223,-1
voyta_twitter_f57b3450,1,0.0,0.995,-1
wadolfo_twitter_03d809da,2,0.955,0.223,-1
wakelight_twitter_92f83399,3,0.923,0.111,-1
wakingsaints_twitter_4487f6fb,1,0.9,0.038,-1
walterburton_twitter_8294bb6d,1,0.0,0.995,-1
wangtianweijtwd_twitter_2d305898,1,0.0,0.995,-1
warrenknight_twitter_7c6739f4,1,0.93,0.009,-1
wautierent_twitter_57106352,1,0.0,0.96,-1
wcntransmedia_twitter_c7ac5c62,1,0.0,0.995,-1
webnelly_twitter_a81c6e1c,1,0.0,0.995,-1
websenat_twitter_0c41abc3,1,0.92,0.289,-1
weirdeetz_twitter_fddae116,1,0.0,0.995,-1
wendimitchell_twitter_11c9fcc1,1,0.0,0.995,-1
wendymccullar_twitter_f4b87fd7,1,0.93,0.194,-1
wendyrollins_twitter_e40dcb00,1,0.92,0.413,-1
wendytownley_twitter_012027b1,1,0.0,0.995,-1
wesgrubbs_twitter_5585977b,1,0.0,0.995,-1
wesleybackhouse_twitter_272ac37e,1,0.0,0.995,-1
wesleycruise_twitter_43c1fc38,1,0.0,0.995,-1
whfrank_twitter_9d06ac3d,1,0.92,0.581,-1
whoyer_twitter_6755e96c,1,0.9,0.102,-1
wideawakeness_twitter_bca8d2f9,1,0.0,0.995,-1
wilberthleo_twitter_78fac8e3,1,0.94,0.289,-1
wildcatwearhouse_twitter_dc4d67e1,1,0.0,0.995,-1
wilkasg_twitter_5c979682,1,0.96,0.014,-1
willblackford_twitter_0cd09853,1,0.94,0.243,-1
williamdavieson_twitter_2087a25d,1,0.97,0.48,-1
windyjonas_twitter_c197ec75,1,0.98,0.036,-1
winniee_twitter_08a20a63,1,0.95,0.426,-1
wirava_twitter_792ce1cf,1,0.0,0.995,-1
wooddickinson_twitter_e923b7f6,1,0.95,0.994,-1
woogybeef_twitter_17b2399b,1,0.93,0.286,-1
wrightscs_twitter_905074ad,1,0.0,0.992,-1
wrry_twitter_b272cfc6,1,0.9,0.214,-1
ww1way_twitter_b1114607,4,0.943,0.129,-1
wwwgoherbeu_twitter_b2f92f88,3,0.933,0.136,-1
xavigaya_twitter_f2ece4fb,1,0.93,0.228,-1
xavilife_twitter_59448006,1,0.0,0.995,-1
xianyangwong_twitter_e7b619a0,1,0.94,0.355,-1
yackeroeni_twitter_aabe6f61,1,0.0,0.995,-1
yannispatras_twitter_ad579ce1,1,0.0,0.995,-1
yaolu_twitter_7296abee,1,0.0,0.995,-1
yasirnasir_twitter_c7d9354f,1,0.0,0.995,-1
yatirido_twitter_3b6db0c0,1,0.0,0.995,-1
ybenami_twitter_8bfbb530,1,0.91,0.462,-1
ycnex_twitter_9ff158ad,1,0.95,0.322,-1
yimozhang_twitter_23657583,1,0.0,0.995,-1
yitsushi_twitter_2f72871e,1,0.0,0.995,-1
ynprojectsoundcreator_twitter_93ae1723,1,0.0,0.995,-1
yogasonry_twitter_c2b541a9,1,0.92,0.166,-1
yogurinha_twitter_85747e47,1,0.95,0.076,-1
yopefonic_twitter_baa7e4ec,1,0.94,0.052,-1
yoshichika_twitter_845faecb,1,0.0,0.995,-1
yosoysyt_twitter_549f160a,1,0.0,0.993,-1
youngowen_twitter_ce7501da,1,0.97,0.263,-1
yoyodre_twitter_8e817df7,1,0.97,0.152,-1
yudik_twitter_8e3f2d19,1,0.0,0.995,-1
yuliakatkova_twitter_8922f143,1,0.0,0.995,-1
yusukeito_twitter_87eba658,1,0.0,0.995,-1
yuyolarrazabal_twitter_d382c010,1,0.0,0.995,-1
zableckis_twitter_3a15f9bb,1,0.0,0.995,-1
zacharycrockett_twitter_e7f8d6d7,1,0.0,0.995,-1
zackpund_twitter_b57106bc,1,0.0,0.995,-1
zafra30_twitter_32e57b62,1,0.0,0.995,-1
zahagc_twitter_78ed2f39,1,0.0,0.993,-1
zaidilfirza_twitter_812c3b85,1,0.0,0.995,-1
zaneriley_twitter_b8e810a8,1,0.9,0.191,-1
zeluiscorreia_twitter_0f524fa8,1,0.89,0.631,-1
zenabowli_twitter_9c078a57,1,0.0,0.995,-1
zennie62_twitter_97386b3d,1,0.92,0.196,-1
zenoskyline_twitter_5229e190,1,0.0,0.995,-1
zepio_twitter_6ecff86e,1,0.98,0.043,-1
zeravlar_twitter_efb35d9d,1,0.0,0.994,-1
zero27_twitter_a202a97d,1,0.0,0.995,-1
zgr213_twitter_35c423b4,1,0.98,0.48,-1
zhimera_twitter_e7ae4884,1,0.96,0.351,-1
zia505_twitter_8ee82f97,1,0.0,0.995,-1
ziera_twitter_1eb26228,1,0.0,0.995,-1
zigah_twitter_d3c9e5f0,1,0.0,0.995,-1
zippyonline_twitter_e77ad2b2,1,0.0,0.995,-1
zjonquil_twitter_dfca4508,1,0.0,0.995,-1
zlatko_twitter_a3024647,1,0.94,0.328,-1
zoedphotography_twitter_2720dc29,1,0.94,0.24,-1
zoelaycock_twitter_bf617d8c,1,0.0,0.995,-1
zouyuefen_twitter_d0c6c843,1,0.0,0.995,-1
zwirwel_twitter_e3337274,1,0.94,0.131,-1
