item_id,image_path,profile_id,platform,created_at
aajain_twitter_0edeb0c9,d:\66070260-Year3_Term2\Project1\Code\Project-for-Work\data\images\aajain_twitter_0edeb0c9.jpg,aajain,twitter,2026-01-12T01:16:20.829476
aaronbavs_twitter_3b9f5946,d:\66070260-Year3_Term2\Project1\Code\Project-for-Work\data\images\aaronbavs_twitter_3b9f5946.jpg,aaronbavs,twitter,2026-01-12T01:16:20.894428
abahgat_twitter_f1bec87b,d:\66070260-Year3_Term2\Project1\Code\Project-for-Work\data\images\abahgat_twitter_f1bec87b.jpg,abahgat,twitter,2026-01-12T01:16:20.969205
abdisk_twitter_4ee88404,d:\66070260-Year3_Term2\Project1\Code\Project-for-Work\data\images\abdisk_twitter_4ee88404.jpg,abdisk,twitter,2026-01-12T01:16:21.023902
abdullawissam_twitter_d17b7cc4,d:\66070260-Year3_Term2\Project1\Code\Project-for-Work\data\images\abdullawissam_twitter_d17b7cc4.jpg,abdullawissam,twitter,2026-01-12T01:16:21.057023
abo1bs_twitter_7968cc9f,d:\66070260-Year3_Term2\Project1\Code\Project-for-Work\data\images\abo1bs_twitter_7968cc9f.jpg,abo1bs,twitter,2026-01-12T01:16:21.081443
acanadianfoodie_twitter_543d0d94,d:\66070260-Year3_Term2\Project1\Code\Project-for-Work\data\images\acanadianfoodie_twitter_543d0d94.jpg,acanadianfoodie,twitter,2026-01-12T01:16:21.119849
acarrillo_twitter_b473fdbb,d:\66070260-Year3_Term2\Project1\Code\Project-for-Work\data\images\acarrillo_twitter_b473fdbb.jpg,acarrillo,twitter,2026-01-12T01:16:21.155696
ackleysuicide_twitter_eded2b7b,d:\66070260-Year3_Term2\Project1\Code\Project-for-Work\data\images\ackleysuicide_twitter_eded2b7b.jpg,ackleysuicide,twitter,2026-01-12T01:16:21.190631
actifirmskincare_twitter_5511e1bb,d:\66070260-Year3_Term2\Project1\Code\Project-for-Work\data\images\actifirmskincare_twitter_5511e1bb.jpg,actifirmskincare,twitter,2026-01-12T01:16:21.219755
adambonham_twitter_8d6a11cf,d:\66070260-Year3_Term2\Project1\Code\Project-for-Work\data\images\adambonham_twitter_8d6a11cf.jpg,adambonham,twitter,2026-01-12T01:16:21.250975
adamcarlson_twitter_79550e24,d:\66070260-Year3_Term2\Project1\Code\Project-for-Work\data\images\adamcarlson_twitter_79550e24.jpg,adamcarlson,twitter,2026-01-12T01:16:21.280716
adamchristianson_twitter_474807a7,d:\66070260-Year3_Term2\Project1\Code\Project-for-Work\data\images\adamchristianson_twitter_474807a7.jpg,adamchristianson,twitter,2026-01-12T01:16:21.314872
adamthede_twitter_267c4d28,d:\66070260-Year3_Term2\Project1\Code\Project-for-Work\data\images\adamthede_twitter_267c4d28.jpg,adamthede,twitter,2026-01-12T01:16:21.356242
adamy_twitter_ab775900,d:\66070260-Year3_Term2\Project1\Code\Project-for-Work\data\images\adamy_twitter_ab775900.jpg,adamy,twitter,2026-01-12T01:16:21.388356
adeanom_twitter_4a9ea9ca,d:\66070260-Year3_Term2\Project1\Code\Project-for-Work\data\images\adeanom_twitter_4a9ea9ca.jpg,adeanom,twitter,2026-01-12T01:16:21.416626
adesyahlubis_twitter_48ee8726,d:\66070260-Year3_Term2\Project1\Code\Project-for-Work\data\images\adesyahlubis_twitter_48ee8726.jpg,adesyahlubis,twitter,2026-01-12T01:16:21.452018
adic_twitter_32d8689c,d:\66070260-Year3_Term2\Project1\Code\Project-for-Work\data\images\adic_twitter_32d8689c.jpg,adic,twitter,2026-01-12T01:16:21.500163
adilch_twitter_f4417316,d:\66070260-Year3_Term2\Project1\Code\Project-for-Work\data\images\adilch_twitter_f4417316.jpg,adilch,twitter,2026-01-12T01:16:21.543928
adnansyed_twitter_7a684921,d:\66070260-Year3_Term2\Project1\Code\Project-for-Work\data\images\adnansyed_twitter_7a684921.jpg,adnansyed,twitter,2026-01-12T01:16:21.567835
adrianalemus_twitter_7806cbbf,d:\66070260-Year3_Term2\Project1\Code\Project-for-Work\data\images\adrianalemus_twitter_7806cbbf.jpg,adrianalemus,twitter,2026-01-12T01:16:21.614024
adrianatoriz_twitter_28da5437,d:\66070260-Year3_Term2\Project1\Code\Project-for-Work\data\images\adrianatoriz_twitter_28da5437.jpg,adrianatoriz,twitter,2026-01-12T01:16:21.652875
adrianmanea_twitter_1b5f3781,d:\66070260-Year3_Term2\Project1\Code\Project-for-Work\data\images\adrianmanea_twitter_1b5f3781.jpg,adrianmanea,twitter,2026-01-12T01:16:21.691975
adrianver_twitter_6e8363ea,d:\66070260-Year3_Term2\Project1\Code\Project-for-Work\data\images\adrianver_twitter_6e8363ea.jpg,adrianver,twitter,2026-01-12T01:16:21.729840
adrienehughes_twitter_f062b830,d:\66070260-Year3_Term2\Project1\Code\Project-for-Work\data\images\adrienehughes_twitter_f062b830.jpg,adrienehughes,twitter,2026-01-12T01:16:21.776093
adtyysf_twitter_cdccf90f,d:\66070260-Year3_Term2\Project1\Code\Project-for-Work\data\images\adtyysf_twitter_cdccf90f.jpg,adtyysf,twitter,2026-01-12T01:16:21.820876
adventuresinc_twitter_d5d0ca36,d:\66070260-Year3_Term2\Project1\Code\Project-for-Work\data\images\adventuresinc_twitter_d5d0ca36.jpg,adventuresinc,twitter,2026-01-12T01:16:21.850557
aedaddy_twitter_ddaae308,d:\66070260-Year3_Term2\Project1\Code\Project-for-Work\data\images\aedaddy_twitter_ddaae308.jpg,aedaddy,twitter,2026-01-12T01:16:21.881118
af8ab_twitter_90df09e3,d:\66070260-Year3_Term2\Project1\Code\Project-for-Work\data\images\af8ab_twitter_90df09e3.jpg,af8ab,twitter,2026-01-12T01:16:21.918575
aferrandini_twitter_16b1d108,d:\66070260-Year3_Term2\Project1\Code\Project-for-Work\data\images\aferrandini_twitter_16b1d108.jpg,aferrandini,twitter,2026-01-12T01:16:21.956338
agawebdesign_twitter_41a9ba91,d:\66070260-Year3_Term2\Project1\Code\Project-for-Work\data\images\agawebdesign_twitter_41a9ba91.jpg,agawebdesign,twitter,2026-01-12T01:16:21.985590
age_twitter_3fdbf86c,d:\66070260-Year3_Term2\Project1\Code\Project-for-Work\data\images\age_twitter_3fdbf86c.jpg,age,twitter,2026-01-12T01:16:22.042298
agustinamate_twitter_5397d21b,d:\66070260-Year3_Term2\Project1\Code\Project-for-Work\data\images\agustinamate_twitter_5397d21b.jpg,agustinamate,twitter,2026-01-12T01:16:22.073677
ahaportugal_twitter_3242ff12,d:\66070260-Year3_Term2\Project1\Code\Project-for-Work\data\images\ahaportugal_twitter_3242ff12.jpg,ahaportugal,twitter,2026-01-12T01:16:22.115507
ahh_twitter_67190685,d:\66070260-Year3_Term2\Project1\Code\Project-for-Work\data\images\ahh_twitter_67190685.jpg,ahh,twitter,2026-01-12T01:16:22.153346
ahmedhakim_twitter_198cd89d,d:\66070260-Year3_Term2\Project1\Code\Project-for-Work\data\images\ahmedhakim_twitter_198cd89d.jpg,ahmedhakim,twitter,2026-01-12T01:16:22.180821
aholub_twitter_a994bb00,d:\66070260-Year3_Term2\Project1\Code\Project-for-Work\data\images\aholub_twitter_a994bb00.jpg,aholub,twitter,2026-01-12T01:16:22.213060
ahoward_twitter_2401ec44,d:\66070260-Year3_Term2\Project1\Code\Project-for-Work\data\images\ahoward_twitter_2401ec44.jpg,ahoward,twitter,2026-01-12T01:16:22.239665
ahu_twitter_e0a9def8,d:\66070260-Year3_Term2\Project1\Code\Project-for-Work\data\images\ahu_twitter_e0a9def8.jpg,ahu,twitter,2026-01-12T01:16:22.261502
aidandoyle_twitter_3e5c9966,d:\66070260-Year3_Term2\Project1\Code\Project-for-Work\data\images\aidandoyle_twitter_3e5c9966.jpg,aidandoyle,twitter,2026-01-12T01:16:22.296356
aimeelane_twitter_bc247fb2,d:\66070260-Year3_Term2\Project1\Code\Project-for-Work\data\images\aimeelane_twitter_bc247fb2.jpg,aimeelane,twitter,2026-01-12T01:16:22.331602
ajarn_twitter_089f6006,d:\66070260-Year3_Term2\Project1\Code\Project-for-Work\data\images\ajarn_twitter_089f6006.jpg,ajarn,twitter,2026-01-12T01:16:22.363626
ajeyapaul_twitter_bf56335f,d:\66070260-Year3_Term2\Project1\Code\Project-for-Work\data\images\ajeyapaul_twitter_bf56335f.jpg,ajeyapaul,twitter,2026-01-12T01:16:22.399578
ajma_twitter_f09d2f7b,d:\66070260-Year3_Term2\Project1\Code\Project-for-Work\data\images\ajma_twitter_f09d2f7b.jpg,ajma,twitter,2026-01-12T01:16:22.444999
akronohiohomes_twitter_ef8ad1b4,d:\66070260-Year3_Term2\Project1\Code\Project-for-Work\data\images\akronohiohomes_twitter_ef8ad1b4.jpg,akronohiohomes,twitter,2026-01-12T01:16:22.480663
al3_twitter_6adafb37,d:\66070260-Year3_Term2\Project1\Code\Project-for-Work\data\images\al3_twitter_6adafb37.jpg,al3,twitter,2026-01-12T01:16:22.504524
alainstephan_twitter_3e0bccc4,d:\66070260-Year3_Term2\Project1\Code\Project-for-Work\data\images\alainstephan_twitter_3e0bccc4.jpg,alainstephan,twitter,2026-01-12T01:16:22.535319
alancalvert_twitter_babb6e64,d:\66070260-Year3_Term2\Project1\Code\Project-for-Work\data\images\alancalvert_twitter_babb6e64.jpg,alancalvert,twitter,2026-01-12T01:16:22.562667
alandrew_twitter_c3502748,d:\66070260-Year3_Term2\Project1\Code\Project-for-Work\data\images\alandrew_twitter_c3502748.jpg,alandrew,twitter,2026-01-12T01:16:22.590350
alannamiq_twitter_ddb3937d,d:\66070260-Year3_Term2\Project1\Code\Project-for-Work\data\images\alannamiq_twitter_ddb3937d.jpg,alannamiq,twitter,2026-01-12T01:16:22.623816
alanndc_twitter_ff742cf0,d:\66070260-Year3_Term2\Project1\Code\Project-for-Work\data\images\alanndc_twitter_ff742cf0.jpg,alanndc,twitter,2026-01-12T01:16:22.648823
alay_twitter_490e79e0,d:\66070260-Year3_Term2\Project1\Code\Project-for-Work\data\images\alay_twitter_490e79e0.jpg,alay,twitter,2026-01-12T01:16:22.674604
alberthathazi_twitter_45ec1397,d:\66070260-Year3_Term2\Project1\Code\Project-for-Work\data\images\alberthathazi_twitter_45ec1397.jpg,alberthathazi,twitter,2026-01-12T01:16:22.721939
albertocsaldamando_twitter_11820196,d:\66070260-Year3_Term2\Project1\Code\Project-for-Work\data\images\albertocsaldamando_twitter_11820196.jpg,albertocsaldamando,twitter,2026-01-12T01:16:22.750823
albertodowning_twitter_10688504,d:\66070260-Year3_Term2\Project1\Code\Project-for-Work\data\images\albertodowning_twitter_10688504.jpg,albertodowning,twitter,2026-01-12T01:16:22.794356
albertomarini_twitter_faeb8d67,d:\66070260-Year3_Term2\Project1\Code\Project-for-Work\data\images\albertomarini_twitter_faeb8d67.jpg,albertomarini,twitter,2026-01-12T01:16:22.822365
albirabbit_twitter_ccfdc6c5,d:\66070260-Year3_Term2\Project1\Code\Project-for-Work\data\images\albirabbit_twitter_ccfdc6c5.jpg,albirabbit,twitter,2026-01-12T01:16:22.854866
aldrintabay_twitter_7eaa4032,d:\66070260-Year3_Term2\Project1\Code\Project-for-Work\data\images\aldrintabay_twitter_7eaa4032.jpg,aldrintabay,twitter,2026-01-12T01:16:22.899970
alefeldman_twitter_44ff9e5e,d:\66070260-Year3_Term2\Project1\Code\Project-for-Work\data\images\alefeldman_twitter_44ff9e5e.jpg,alefeldman,twitter,2026-01-12T01:16:22.924386
alejandroandher_twitter_dab32725,d:\66070260-Year3_Term2\Project1\Code\Project-for-Work\data\images\alejandroandher_twitter_dab32725.jpg,alejandroandher,twitter,2026-01-12T01:16:22.966983
aleksanderdye_twitter_86be0d9d,d:\66070260-Year3_Term2\Project1\Code\Project-for-Work\data\images\aleksanderdye_twitter_86be0d9d.jpg,aleksanderdye,twitter,2026-01-12T01:16:23.013783
alessandrasassi_twitter_1b1d18ec,d:\66070260-Year3_Term2\Project1\Code\Project-for-Work\data\images\alessandrasassi_twitter_1b1d18ec.jpg,alessandrasassi,twitter,2026-01-12T01:16:23.066907
alessandraturati_twitter_f8fb93f0,d:\66070260-Year3_Term2\Project1\Code\Project-for-Work\data\images\alessandraturati_twitter_f8fb93f0.jpg,alessandraturati,twitter,2026-01-12T01:16:23.186438
alessandrodilella_twitter_4ed353b7,d:\66070260-Year3_Term2\Project1\Code\Project-for-Work\data\images\alessandrodilella_twitter_4ed353b7.jpg,alessandrodilella,twitter,2026-01-12T01:16:23.265111
aletrentin_twitter_0f46b893,d:\66070260-Year3_Term2\Project1\Code\Project-for-Work\data\images\aletrentin_twitter_0f46b893.jpg,aletrentin,twitter,2026-01-12T01:16:23.305829
alexanderposselt_twitter_77882ced,d:\66070260-Year3_Term2\Project1\Code\Project-for-Work\data\images\alexanderposselt_twitter_77882ced.jpg,alexanderposselt,twitter,2026-01-12T01:16:23.345358
alexandrakozlova_twitter_5b31e644,d:\66070260-Year3_Term2\Project1\Code\Project-for-Work\data\images\alexandrakozlova_twitter_5b31e644.jpg,alexandrakozlova,twitter,2026-01-12T01:16:23.378098
alexandrunistor_twitter_1614d2ee,d:\66070260-Year3_Term2\Project1\Code\Project-for-Work\data\images\alexandrunistor_twitter_1614d2ee.jpg,alexandrunistor,twitter,2026-01-12T01:16:23.423705
alexcowan_twitter_621acdd5,d:\66070260-Year3_Term2\Project1\Code\Project-for-Work\data\images\alexcowan_twitter_621acdd5.jpg,alexcowan,twitter,2026-01-12T01:16:23.455711
alexiakalfaian_twitter_d0ca43a9,d:\66070260-Year3_Term2\Project1\Code\Project-for-Work\data\images\alexiakalfaian_twitter_d0ca43a9.jpg,alexiakalfaian,twitter,2026-01-12T01:16:23.506682
alexreekie_twitter_c6889f8c,d:\66070260-Year3_Term2\Project1\Code\Project-for-Work\data\images\alexreekie_twitter_c6889f8c.jpg,alexreekie,twitter,2026-01-12T01:16:23.528489
alexsablan_twitter_051ef681,d:\66070260-Year3_Term2\Project1\Code\Project-for-Work\data\images\alexsablan_twitter_051ef681.jpg,alexsablan,twitter,2026-01-12T01:16:23.572948
alexstoica_twitter_bbc49f14,d:\66070260-Year3_Term2\Project1\Code\Project-for-Work\data\images\alexstoica_twitter_bbc49f14.jpg,alexstoica,twitter,2026-01-12T01:16:23.614989
alexwisner_twitter_9afea3f7,d:\66070260-Year3_Term2\Project1\Code\Project-for-Work\data\images\alexwisner_twitter_9afea3f7.jpg,alexwisner,twitter,2026-01-12T01:16:23.657641
alhasani_twitter_a96aba82,d:\66070260-Year3_Term2\Project1\Code\Project-for-Work\data\images\alhasani_twitter_a96aba82.jpg,alhasani,twitter,2026-01-12T01:16:23.683089
alice7vong_twitter_fd339204,d:\66070260-Year3_Term2\Project1\Code\Project-for-Work\data\images\alice7vong_twitter_fd339204.jpg,alice7vong,twitter,2026-01-12T01:16:23.717638
alisamhughley_twitter_5c9f92b4,d:\66070260-Year3_Term2\Project1\Code\Project-for-Work\data\images\alisamhughley_twitter_5c9f92b4.jpg,alisamhughley,twitter,2026-01-12T01:16:23.774079
alisejohnson_twitter_0fe5ec95,d:\66070260-Year3_Term2\Project1\Code\Project-for-Work\data\images\alisejohnson_twitter_0fe5ec95.jpg,alisejohnson,twitter,2026-01-12T01:16:23.807298
alisonlehr_twitter_d49071c3,d:\66070260-Year3_Term2\Project1\Code\Project-for-Work\data\images\alisonlehr_twitter_d49071c3.jpg,alisonlehr,twitter,2026-01-12T01:16:23.845009
alixia88_twitter_11a800ac,d:\66070260-Year3_Term2\Project1\Code\Project-for-Work\data\images\alixia88_twitter_11a800ac.jpg,alixia88,twitter,2026-01-12T01:16:23.879128
alleliaspili_twitter_28cfc566,d:\66070260-Year3_Term2\Project1\Code\Project-for-Work\data\images\alleliaspili_twitter_28cfc566.jpg,alleliaspili,twitter,2026-01-12T01:16:23.901189
allenward_twitter_5ccee06d,d:\66070260-Year3_Term2\Project1\Code\Project-for-Work\data\images\allenward_twitter_5ccee06d.jpg,allenward,twitter,2026-01-12T01:16:23.940105
alliebeau_twitter_2804d35f,d:\66070260-Year3_Term2\Project1\Code\Project-for-Work\data\images\alliebeau_twitter_2804d35f.jpg,alliebeau,twitter,2026-01-12T01:16:23.981797
allurazama_twitter_73d7185e,d:\66070260-Year3_Term2\Project1\Code\Project-for-Work\data\images\allurazama_twitter_73d7185e.jpg,allurazama,twitter,2026-01-12T01:16:24.012389
almowhed_twitter_c45a2e68,d:\66070260-Year3_Term2\Project1\Code\Project-for-Work\data\images\almowhed_twitter_c45a2e68.jpg,almowhed,twitter,2026-01-12T01:16:24.056656
alneil_twitter_ba9cc75c,d:\66070260-Year3_Term2\Project1\Code\Project-for-Work\data\images\alneil_twitter_ba9cc75c.jpg,alneil,twitter,2026-01-12T01:16:24.095803
alopezxiv_twitter_0c6a1ab6,d:\66070260-Year3_Term2\Project1\Code\Project-for-Work\data\images\alopezxiv_twitter_0c6a1ab6.jpg,alopezxiv,twitter,2026-01-12T01:16:24.131456
alqassimnakheel_twitter_9306e3f2,d:\66070260-Year3_Term2\Project1\Code\Project-for-Work\data\images\alqassimnakheel_twitter_9306e3f2.jpg,alqassimnakheel,twitter,2026-01-12T01:16:24.155754
alsadekeen_twitter_2e160f1e,d:\66070260-Year3_Term2\Project1\Code\Project-for-Work\data\images\alsadekeen_twitter_2e160f1e.jpg,alsadekeen,twitter,2026-01-12T01:16:24.197341
alvaroangulo_twitter_5f5bdab1,d:\66070260-Year3_Term2\Project1\Code\Project-for-Work\data\images\alvaroangulo_twitter_5f5bdab1.jpg,alvaroangulo,twitter,2026-01-12T01:16:24.232024
alvarodequeiroz_twitter_1e24ade1,d:\66070260-Year3_Term2\Project1\Code\Project-for-Work\data\images\alvarodequeiroz_twitter_1e24ade1.jpg,alvarodequeiroz,twitter,2026-01-12T01:16:24.282018
alvaropascual84_twitter_704f65d7,d:\66070260-Year3_Term2\Project1\Code\Project-for-Work\data\images\alvaropascual84_twitter_704f65d7.jpg,alvaropascual84,twitter,2026-01-12T01:16:24.327003
alvarovalladares_twitter_ad13c2d6,d:\66070260-Year3_Term2\Project1\Code\Project-for-Work\data\images\alvarovalladares_twitter_ad13c2d6.jpg,alvarovalladares,twitter,2026-01-12T01:16:24.340949
alvinkclee_twitter_7f53fb5b,d:\66070260-Year3_Term2\Project1\Code\Project-for-Work\data\images\alvinkclee_twitter_7f53fb5b.jpg,alvinkclee,twitter,2026-01-12T01:16:24.365236
alyssawelch_twitter_6301db92,d:\66070260-Year3_Term2\Project1\Code\Project-for-Work\data\images\alyssawelch_twitter_6301db92.jpg,alyssawelch,twitter,2026-01-12T01:16:24.413086
amaliorodriguez_twitter_a86e801a,d:\66070260-Year3_Term2\Project1\Code\Project-for-Work\data\images\amaliorodriguez_twitter_a86e801a.jpg,amaliorodriguez,twitter,2026-01-12T01:16:24.441141
amandablain_twitter_7ee6d79c,d:\66070260-Year3_Term2\Project1\Code\Project-for-Work\data\images\amandablain_twitter_7ee6d79c.jpg,amandablain,twitter,2026-01-12T01:16:24.480574
amandaloy_twitter_fad7c2e7,d:\66070260-Year3_Term2\Project1\Code\Project-for-Work\data\images\amandaloy_twitter_fad7c2e7.jpg,amandaloy,twitter,2026-01-12T01:16:24.516116
amandamcunningham_twitter_ba83152d,d:\66070260-Year3_Term2\Project1\Code\Project-for-Work\data\images\amandamcunningham_twitter_ba83152d.jpg,amandamcunningham,twitter,2026-01-12T01:16:24.560454
amandavo_twitter_ec7b1e46,d:\66070260-Year3_Term2\Project1\Code\Project-for-Work\data\images\amandavo_twitter_ec7b1e46.jpg,amandavo,twitter,2026-01-12T01:16:24.603308
amateurx_twitter_19b7c0ee,d:\66070260-Year3_Term2\Project1\Code\Project-for-Work\data\images\amateurx_twitter_19b7c0ee.jpg,amateurx,twitter,2026-01-12T01:16:24.638884
ambassadorbruny_twitter_4fb128d7,d:\66070260-Year3_Term2\Project1\Code\Project-for-Work\data\images\ambassadorbruny_twitter_4fb128d7.jpg,ambassadorbruny,twitter,2026-01-12T01:16:24.671455
amberdavis_twitter_e64d2db4,d:\66070260-Year3_Term2\Project1\Code\Project-for-Work\data\images\amberdavis_twitter_e64d2db4.jpg,amberdavis,twitter,2026-01-12T01:16:24.709562
amberhewitt_twitter_bd83478e,d:\66070260-Year3_Term2\Project1\Code\Project-for-Work\data\images\amberhewitt_twitter_bd83478e.jpg,amberhewitt,twitter,2026-01-12T01:16:24.735421
amerzdralovic_twitter_5b6d9083,d:\66070260-Year3_Term2\Project1\Code\Project-for-Work\data\images\amerzdralovic_twitter_5b6d9083.jpg,amerzdralovic,twitter,2026-01-12T01:16:24.783464
amirabet_twitter_21c8f27b,d:\66070260-Year3_Term2\Project1\Code\Project-for-Work\data\images\amirabet_twitter_21c8f27b.jpg,amirabet,twitter,2026-01-12T01:16:24.809978
amrinlong_twitter_5927d443,d:\66070260-Year3_Term2\Project1\Code\Project-for-Work\data\images\amrinlong_twitter_5927d443.jpg,amrinlong,twitter,2026-01-12T01:16:24.838417
amyhadiastuti_twitter_a988038c,d:\66070260-Year3_Term2\Project1\Code\Project-for-Work\data\images\amyhadiastuti_twitter_a988038c.jpg,amyhadiastuti,twitter,2026-01-12T01:16:24.874949
amyripplinger_twitter_34ea0c5b,d:\66070260-Year3_Term2\Project1\Code\Project-for-Work\data\images\amyripplinger_twitter_34ea0c5b.jpg,amyripplinger,twitter,2026-01-12T01:16:24.898888
amyrogers_twitter_5fb8cab2,d:\66070260-Year3_Term2\Project1\Code\Project-for-Work\data\images\amyrogers_twitter_5fb8cab2.jpg,amyrogers,twitter,2026-01-12T01:16:24.947412
amyturman_twitter_b6f8a71d,d:\66070260-Year3_Term2\Project1\Code\Project-for-Work\data\images\amyturman_twitter_b6f8a71d.jpg,amyturman,twitter,2026-01-12T01:16:24.985048
anamagal_twitter_83a2d531,d:\66070260-Year3_Term2\Project1\Code\Project-for-Work\data\images\anamagal_twitter_83a2d531.jpg,anamagal,twitter,2026-01-12T01:16:25.021265
anaparejayepes_twitter_e7233c23,d:\66070260-Year3_Term2\Project1\Code\Project-for-Work\data\images\anaparejayepes_twitter_e7233c23.jpg,anaparejayepes,twitter,2026-01-12T01:16:25.059604
anass_twitter_443f2560,d:\66070260-Year3_Term2\Project1\Code\Project-for-Work\data\images\anass_twitter_443f2560.jpg,anass,twitter,2026-01-12T01:16:25.103573
anastasioskikidis_twitter_994028cd,d:\66070260-Year3_Term2\Project1\Code\Project-for-Work\data\images\anastasioskikidis_twitter_994028cd.jpg,anastasioskikidis,twitter,2026-01-12T01:16:25.139034
anbi_twitter_4dc92c81,d:\66070260-Year3_Term2\Project1\Code\Project-for-Work\data\images\anbi_twitter_4dc92c81.jpg,anbi,twitter,2026-01-12T01:16:25.161648
andira47_twitter_3b957b31,d:\66070260-Year3_Term2\Project1\Code\Project-for-Work\data\images\andira47_twitter_3b957b31.jpg,andira47,twitter,2026-01-12T01:16:25.201805
andolicious_twitter_2cb3ee08,d:\66070260-Year3_Term2\Project1\Code\Project-for-Work\data\images\andolicious_twitter_2cb3ee08.jpg,andolicious,twitter,2026-01-12T01:16:25.236175
andreaarden_twitter_62ad21f3,d:\66070260-Year3_Term2\Project1\Code\Project-for-Work\data\images\andreaarden_twitter_62ad21f3.jpg,andreaarden,twitter,2026-01-12T01:16:25.280059
andreacastelli_twitter_8b1fae71,d:\66070260-Year3_Term2\Project1\Code\Project-for-Work\data\images\andreacastelli_twitter_8b1fae71.jpg,andreacastelli,twitter,2026-01-12T01:16:25.329155
andreameneghini_twitter_d28c0c3d,d:\66070260-Year3_Term2\Project1\Code\Project-for-Work\data\images\andreameneghini_twitter_d28c0c3d.jpg,andreameneghini,twitter,2026-01-12T01:16:25.372638
andrearusky_twitter_2cba2bd8,d:\66070260-Year3_Term2\Project1\Code\Project-for-Work\data\images\andrearusky_twitter_2cba2bd8.jpg,andrearusky,twitter,2026-01-12T01:16:25.410931
andreashumala_twitter_8ef69dcc,d:\66070260-Year3_Term2\Project1\Code\Project-for-Work\data\images\andreashumala_twitter_8ef69dcc.jpg,andreashumala,twitter,2026-01-12T01:16:25.467496
andrescm_twitter_c67ee422,d:\66070260-Year3_Term2\Project1\Code\Project-for-Work\data\images\andrescm_twitter_c67ee422.jpg,andrescm,twitter,2026-01-12T01:16:25.503926
andrewjamesmorgan_twitter_bd6122d7,d:\66070260-Year3_Term2\Project1\Code\Project-for-Work\data\images\andrewjamesmorgan_twitter_bd6122d7.jpg,andrewjamesmorgan,twitter,2026-01-12T01:16:25.553894
andrewnawoichik_twitter_e49c9e27,d:\66070260-Year3_Term2\Project1\Code\Project-for-Work\data\images\andrewnawoichik_twitter_e49c9e27.jpg,andrewnawoichik,twitter,2026-01-12T01:16:25.591655
andrewweiser_twitter_6470d79c,d:\66070260-Year3_Term2\Project1\Code\Project-for-Work\data\images\andrewweiser_twitter_6470d79c.jpg,andrewweiser,twitter,2026-01-12T01:16:25.635564
andrewwilkins_twitter_4c1f905a,d:\66070260-Year3_Term2\Project1\Code\Project-for-Work\data\images\andrewwilkins_twitter_4c1f905a.jpg,andrewwilkins,twitter,2026-01-12T01:16:25.680069
andrewyee_twitter_a7bdc128,d:\66070260-Year3_Term2\Project1\Code\Project-for-Work\data\images\andrewyee_twitter_a7bdc128.jpg,andrewyee,twitter,2026-01-12T01:16:25.723572
andriatriv_twitter_7f378cf5,d:\66070260-Year3_Term2\Project1\Code\Project-for-Work\data\images\andriatriv_twitter_7f378cf5.jpg,andriatriv,twitter,2026-01-12T01:16:25.770926
andyciordia_twitter_3617a74b,d:\66070260-Year3_Term2\Project1\Code\Project-for-Work\data\images\andyciordia_twitter_3617a74b.jpg,andyciordia,twitter,2026-01-12T01:16:25.809323
andywhyte_twitter_d6cdf502,d:\66070260-Year3_Term2\Project1\Code\Project-for-Work\data\images\andywhyte_twitter_d6cdf502.jpg,andywhyte,twitter,2026-01-12T01:16:25.840542
anesanmiguel_twitter_0a5dc9b0,d:\66070260-Year3_Term2\Project1\Code\Project-for-Work\data\images\anesanmiguel_twitter_0a5dc9b0.jpg,anesanmiguel,twitter,2026-01-12T01:16:25.863544
angelaball_twitter_2343e6f0,d:\66070260-Year3_Term2\Project1\Code\Project-for-Work\data\images\angelaball_twitter_2343e6f0.jpg,angelaball,twitter,2026-01-12T01:16:25.903962
angelfrancia_twitter_8342048e,d:\66070260-Year3_Term2\Project1\Code\Project-for-Work\data\images\angelfrancia_twitter_8342048e.jpg,angelfrancia,twitter,2026-01-12T01:16:25.928957
angelikalattner_twitter_513bb274,d:\66070260-Year3_Term2\Project1\Code\Project-for-Work\data\images\angelikalattner_twitter_513bb274.jpg,angelikalattner,twitter,2026-01-12T01:16:25.976317
angelinamontanez_twitter_2611476e,d:\66070260-Year3_Term2\Project1\Code\Project-for-Work\data\images\angelinamontanez_twitter_2611476e.jpg,angelinamontanez,twitter,2026-01-12T01:16:26.031611
anibaldelatorre_twitter_76c8fc64,d:\66070260-Year3_Term2\Project1\Code\Project-for-Work\data\images\anibaldelatorre_twitter_76c8fc64.jpg,anibaldelatorre,twitter,2026-01-12T01:16:26.066482
anibalgoransky_twitter_0560b223,d:\66070260-Year3_Term2\Project1\Code\Project-for-Work\data\images\anibalgoransky_twitter_0560b223.jpg,anibalgoransky,twitter,2026-01-12T01:16:26.103935
anitakilkenny_twitter_bbd94623,d:\66070260-Year3_Term2\Project1\Code\Project-for-Work\data\images\anitakilkenny_twitter_bbd94623.jpg,anitakilkenny,twitter,2026-01-12T01:16:26.151095
annamioni_twitter_23ea065e,d:\66070260-Year3_Term2\Project1\Code\Project-for-Work\data\images\annamioni_twitter_23ea065e.jpg,annamioni,twitter,2026-01-12T01:16:26.190597
annapfeiffer_twitter_651a1b12,d:\66070260-Year3_Term2\Project1\Code\Project-for-Work\data\images\annapfeiffer_twitter_651a1b12.jpg,annapfeiffer,twitter,2026-01-12T01:16:26.256555
annelaurejoliot_twitter_c46fc629,d:\66070260-Year3_Term2\Project1\Code\Project-for-Work\data\images\annelaurejoliot_twitter_c46fc629.jpg,annelaurejoliot,twitter,2026-01-12T01:16:26.315905
anoli_twitter_26ee2dff,d:\66070260-Year3_Term2\Project1\Code\Project-for-Work\data\images\anoli_twitter_26ee2dff.jpg,anoli,twitter,2026-01-12T01:16:26.348376
anthonymaw_twitter_55d7788d,d:\66070260-Year3_Term2\Project1\Code\Project-for-Work\data\images\anthonymaw_twitter_55d7788d.jpg,anthonymaw,twitter,2026-01-12T01:16:26.412586
anthonystevven_twitter_a6515aab,d:\66070260-Year3_Term2\Project1\Code\Project-for-Work\data\images\anthonystevven_twitter_a6515aab.jpg,anthonystevven,twitter,2026-01-12T01:16:26.460768
anthonyvelazquez_twitter_0fcec8cc,d:\66070260-Year3_Term2\Project1\Code\Project-for-Work\data\images\anthonyvelazquez_twitter_0fcec8cc.jpg,anthonyvelazquez,twitter,2026-01-12T01:16:26.504018
antoninremond_twitter_c677a862,d:\66070260-Year3_Term2\Project1\Code\Project-for-Work\data\images\antoninremond_twitter_c677a862.jpg,antoninremond,twitter,2026-01-12T01:16:26.550874
antoniodomingo_twitter_f5145330,d:\66070260-Year3_Term2\Project1\Code\Project-for-Work\data\images\antoniodomingo_twitter_f5145330.jpg,antoniodomingo,twitter,2026-01-12T01:16:26.583001
antoniognassi_twitter_d8c8b3e8,d:\66070260-Year3_Term2\Project1\Code\Project-for-Work\data\images\antoniognassi_twitter_d8c8b3e8.jpg,antoniognassi,twitter,2026-01-12T01:16:26.633548
antoniojcuevas_twitter_fbf299f8,d:\66070260-Year3_Term2\Project1\Code\Project-for-Work\data\images\antoniojcuevas_twitter_fbf299f8.jpg,antoniojcuevas,twitter,2026-01-12T01:16:26.672553
antoniorodilla_twitter_4cca6b13,d:\66070260-Year3_Term2\Project1\Code\Project-for-Work\data\images\antoniorodilla_twitter_4cca6b13.jpg,antoniorodilla,twitter,2026-01-12T01:16:26.723411
apedroza_twitter_315599f4,d:\66070260-Year3_Term2\Project1\Code\Project-for-Work\data\images\apedroza_twitter_315599f4.jpg,apedroza,twitter,2026-01-12T01:16:26.740586
apetersen_twitter_166fc65e,d:\66070260-Year3_Term2\Project1\Code\Project-for-Work\data\images\apetersen_twitter_166fc65e.jpg,apetersen,twitter,2026-01-12T01:16:26.783073
apolorestaurante_twitter_7d136512,d:\66070260-Year3_Term2\Project1\Code\Project-for-Work\data\images\apolorestaurante_twitter_7d136512.jpg,apolorestaurante,twitter,2026-01-12T01:16:26.821151
appleheadink_twitter_30b73000,d:\66070260-Year3_Term2\Project1\Code\Project-for-Work\data\images\appleheadink_twitter_30b73000.jpg,appleheadink,twitter,2026-01-12T01:16:26.852541
aquatellus_twitter_b8bb9b18,d:\66070260-Year3_Term2\Project1\Code\Project-for-Work\data\images\aquatellus_twitter_b8bb9b18.jpg,aquatellus,twitter,2026-01-12T01:16:26.880305
aquilafare_twitter_19d7ef97,d:\66070260-Year3_Term2\Project1\Code\Project-for-Work\data\images\aquilafare_twitter_19d7ef97.jpg,aquilafare,twitter,2026-01-12T01:16:26.912603
arahmahs_twitter_73151902,d:\66070260-Year3_Term2\Project1\Code\Project-for-Work\data\images\arahmahs_twitter_73151902.jpg,arahmahs,twitter,2026-01-12T01:16:26.957142
arcreyes_twitter_5e94c3f7,d:\66070260-Year3_Term2\Project1\Code\Project-for-Work\data\images\arcreyes_twitter_5e94c3f7.jpg,arcreyes,twitter,2026-01-12T01:16:26.997587
ariantifebi_twitter_658c510a,d:\66070260-Year3_Term2\Project1\Code\Project-for-Work\data\images\ariantifebi_twitter_658c510a.jpg,ariantifebi,twitter,2026-01-12T01:16:27.038483
ariefbudisantoso_twitter_4fbfff42,d:\66070260-Year3_Term2\Project1\Code\Project-for-Work\data\images\ariefbudisantoso_twitter_4fbfff42.jpg,ariefbudisantoso,twitter,2026-01-12T01:16:27.090467
ariefsatria_twitter_29378310,d:\66070260-Year3_Term2\Project1\Code\Project-for-Work\data\images\ariefsatria_twitter_29378310.jpg,ariefsatria,twitter,2026-01-12T01:16:27.124940
arlindopereira_twitter_8b57fc89,d:\66070260-Year3_Term2\Project1\Code\Project-for-Work\data\images\arlindopereira_twitter_8b57fc89.jpg,arlindopereira,twitter,2026-01-12T01:16:27.191576
arnauoman_twitter_70d2510e,d:\66070260-Year3_Term2\Project1\Code\Project-for-Work\data\images\arnauoman_twitter_70d2510e.jpg,arnauoman,twitter,2026-01-12T01:16:27.268302
arnedevos_twitter_9a27b590,d:\66070260-Year3_Term2\Project1\Code\Project-for-Work\data\images\arnedevos_twitter_9a27b590.jpg,arnedevos,twitter,2026-01-12T01:16:27.340092
arqjlsm_twitter_bd7f351d,d:\66070260-Year3_Term2\Project1\Code\Project-for-Work\data\images\arqjlsm_twitter_bd7f351d.jpg,arqjlsm,twitter,2026-01-12T01:16:27.426694
artesvisuales_twitter_3fe7bf3d,d:\66070260-Year3_Term2\Project1\Code\Project-for-Work\data\images\artesvisuales_twitter_3fe7bf3d.jpg,artesvisuales,twitter,2026-01-12T01:16:27.497076
arthas_twitter_c3624ba6,d:\66070260-Year3_Term2\Project1\Code\Project-for-Work\data\images\arthas_twitter_c3624ba6.jpg,arthas,twitter,2026-01-12T01:16:27.556935
artiedavis_twitter_248b89d2,d:\66070260-Year3_Term2\Project1\Code\Project-for-Work\data\images\artiedavis_twitter_248b89d2.jpg,artiedavis,twitter,2026-01-12T01:16:27.606931
arturogarrido_twitter_54cfa648,d:\66070260-Year3_Term2\Project1\Code\Project-for-Work\data\images\arturogarrido_twitter_54cfa648.jpg,arturogarrido,twitter,2026-01-12T01:16:27.634803
artwarriors_twitter_903b14a3,d:\66070260-Year3_Term2\Project1\Code\Project-for-Work\data\images\artwarriors_twitter_903b14a3.jpg,artwarriors,twitter,2026-01-12T01:16:27.686091
asamur_twitter_d931c2d9,d:\66070260-Year3_Term2\Project1\Code\Project-for-Work\data\images\asamur_twitter_d931c2d9.jpg,asamur,twitter,2026-01-12T01:16:27.756998
asandre_twitter_7437f9e3,d:\66070260-Year3_Term2\Project1\Code\Project-for-Work\data\images\asandre_twitter_7437f9e3.jpg,asandre,twitter,2026-01-12T01:16:27.871819
asbjornu_twitter_92180c6c,d:\66070260-Year3_Term2\Project1\Code\Project-for-Work\data\images\asbjornu_twitter_92180c6c.jpg,asbjornu,twitter,2026-01-12T01:16:27.957207
aschauerte_twitter_15bdf750,d:\66070260-Year3_Term2\Project1\Code\Project-for-Work\data\images\aschauerte_twitter_15bdf750.jpg,aschauerte,twitter,2026-01-12T01:16:28.007518
aseroff_twitter_e4e8e18a,d:\66070260-Year3_Term2\Project1\Code\Project-for-Work\data\images\aseroff_twitter_e4e8e18a.jpg,aseroff,twitter,2026-01-12T01:16:28.047858
asesino_twitter_7d420c17,d:\66070260-Year3_Term2\Project1\Code\Project-for-Work\data\images\asesino_twitter_7d420c17.jpg,asesino,twitter,2026-01-12T01:16:28.124438
ashisheth_twitter_fae33871,d:\66070260-Year3_Term2\Project1\Code\Project-for-Work\data\images\ashisheth_twitter_fae33871.jpg,ashisheth,twitter,2026-01-12T01:16:28.218977
ashokkamal_twitter_fb798db2,d:\66070260-Year3_Term2\Project1\Code\Project-for-Work\data\images\ashokkamal_twitter_fb798db2.jpg,ashokkamal,twitter,2026-01-12T01:16:28.258646
ashreginaldevasco_twitter_c86140a5,d:\66070260-Year3_Term2\Project1\Code\Project-for-Work\data\images\ashreginaldevasco_twitter_c86140a5.jpg,ashreginaldevasco,twitter,2026-01-12T01:16:28.335009
asiace_twitter_470cebeb,d:\66070260-Year3_Term2\Project1\Code\Project-for-Work\data\images\asiace_twitter_470cebeb.jpg,asiace,twitter,2026-01-12T01:16:28.395099
asiergapa_twitter_618d65cd,d:\66070260-Year3_Term2\Project1\Code\Project-for-Work\data\images\asiergapa_twitter_618d65cd.jpg,asiergapa,twitter,2026-01-12T01:16:28.465721
assimtulba_twitter_416b16e1,d:\66070260-Year3_Term2\Project1\Code\Project-for-Work\data\images\assimtulba_twitter_416b16e1.jpg,assimtulba,twitter,2026-01-12T01:16:28.548616
astav_twitter_cac509bf,d:\66070260-Year3_Term2\Project1\Code\Project-for-Work\data\images\astav_twitter_cac509bf.jpg,astav,twitter,2026-01-12T01:16:28.668414
atahualpa_twitter_692b9bf5,d:\66070260-Year3_Term2\Project1\Code\Project-for-Work\data\images\atahualpa_twitter_692b9bf5.jpg,atahualpa,twitter,2026-01-12T01:16:28.808986
atsoukalidis_twitter_8033150b,d:\66070260-Year3_Term2\Project1\Code\Project-for-Work\data\images\atsoukalidis_twitter_8033150b.jpg,atsoukalidis,twitter,2026-01-12T01:16:28.913831
attila_twitter_b3280f04,d:\66070260-Year3_Term2\Project1\Code\Project-for-Work\data\images\attila_twitter_b3280f04.jpg,attila,twitter,2026-01-12T01:16:29.007819
audiohard_twitter_e20ce305,d:\66070260-Year3_Term2\Project1\Code\Project-for-Work\data\images\audiohard_twitter_e20ce305.jpg,audiohard,twitter,2026-01-12T01:16:29.060347
auliazahra_twitter_f0ad7f2d,d:\66070260-Year3_Term2\Project1\Code\Project-for-Work\data\images\auliazahra_twitter_f0ad7f2d.jpg,auliazahra,twitter,2026-01-12T01:16:29.126723
austinhk_twitter_eac554d9,d:\66070260-Year3_Term2\Project1\Code\Project-for-Work\data\images\austinhk_twitter_eac554d9.jpg,austinhk,twitter,2026-01-12T01:16:29.182686
austrazubkovs_twitter_8c3c0dff,d:\66070260-Year3_Term2\Project1\Code\Project-for-Work\data\images\austrazubkovs_twitter_8c3c0dff.jpg,austrazubkovs,twitter,2026-01-12T01:16:29.243446
authenticseacoast_twitter_72552d39,d:\66070260-Year3_Term2\Project1\Code\Project-for-Work\data\images\authenticseacoast_twitter_72552d39.jpg,authenticseacoast,twitter,2026-01-12T01:16:29.341305
avaarka_twitter_74d22c1e,d:\66070260-Year3_Term2\Project1\Code\Project-for-Work\data\images\avaarka_twitter_74d22c1e.jpg,avaarka,twitter,2026-01-12T01:16:29.400084
avalon1982_twitter_6ca5decb,d:\66070260-Year3_Term2\Project1\Code\Project-for-Work\data\images\avalon1982_twitter_6ca5decb.jpg,avalon1982,twitter,2026-01-12T01:16:29.462378
avatartravel_twitter_4056a625,d:\66070260-Year3_Term2\Project1\Code\Project-for-Work\data\images\avatartravel_twitter_4056a625.jpg,avatartravel,twitter,2026-01-12T01:16:29.517557
avdrockr_twitter_a1eef6ad,d:\66070260-Year3_Term2\Project1\Code\Project-for-Work\data\images\avdrockr_twitter_a1eef6ad.jpg,avdrockr,twitter,2026-01-12T01:16:29.571669
avinashconda_twitter_d8ee2933,d:\66070260-Year3_Term2\Project1\Code\Project-for-Work\data\images\avinashconda_twitter_d8ee2933.jpg,avinashconda,twitter,2026-01-12T01:16:29.643908
awkingkhan_twitter_ecb3d6a2,d:\66070260-Year3_Term2\Project1\Code\Project-for-Work\data\images\awkingkhan_twitter_ecb3d6a2.jpg,awkingkhan,twitter,2026-01-12T01:16:29.772903
axknightroad_twitter_bf7b9815,d:\66070260-Year3_Term2\Project1\Code\Project-for-Work\data\images\axknightroad_twitter_bf7b9815.jpg,axknightroad,twitter,2026-01-12T01:16:29.836535
axmai_twitter_6d0a036d,d:\66070260-Year3_Term2\Project1\Code\Project-for-Work\data\images\axmai_twitter_6d0a036d.jpg,axmai,twitter,2026-01-12T01:16:29.899137
aymanrahouhi_twitter_58865cea,d:\66070260-Year3_Term2\Project1\Code\Project-for-Work\data\images\aymanrahouhi_twitter_58865cea.jpg,aymanrahouhi,twitter,2026-01-12T01:16:29.950930
azzamalasfoor_twitter_82d36a19,d:\66070260-Year3_Term2\Project1\Code\Project-for-Work\data\images\azzamalasfoor_twitter_82d36a19.jpg,azzamalasfoor,twitter,2026-01-12T01:16:30.046719
bagusanugrah_twitter_6460cb1b,d:\66070260-Year3_Term2\Project1\Code\Project-for-Work\data\images\bagusanugrah_twitter_6460cb1b.jpg,bagusanugrah,twitter,2026-01-12T01:16:30.138041
balexandre_twitter_ee35d228,d:\66070260-Year3_Term2\Project1\Code\Project-for-Work\data\images\balexandre_twitter_ee35d228.jpg,balexandre,twitter,2026-01-12T01:16:30.191795
balkurdi_twitter_a6a30be7,d:\66070260-Year3_Term2\Project1\Code\Project-for-Work\data\images\balkurdi_twitter_a6a30be7.jpg,balkurdi,twitter,2026-01-12T01:16:30.262513
bandadanieis_twitter_9782f73a,d:\66070260-Year3_Term2\Project1\Code\Project-for-Work\data\images\bandadanieis_twitter_9782f73a.jpg,bandadanieis,twitter,2026-01-12T01:16:30.317090
banikaaron_twitter_1494f86e,d:\66070260-Year3_Term2\Project1\Code\Project-for-Work\data\images\banikaaron_twitter_1494f86e.jpg,banikaaron,twitter,2026-01-12T01:16:30.373377
bans_twitter_a3a192fc,d:\66070260-Year3_Term2\Project1\Code\Project-for-Work\data\images\bans_twitter_a3a192fc.jpg,bans,twitter,2026-01-12T01:16:30.394235
barbaraparolini_twitter_e9f73914,d:\66070260-Year3_Term2\Project1\Code\Project-for-Work\data\images\barbaraparolini_twitter_e9f73914.jpg,barbaraparolini,twitter,2026-01-12T01:16:30.453115
barhatov_twitter_9cff258a,d:\66070260-Year3_Term2\Project1\Code\Project-for-Work\data\images\barhatov_twitter_9cff258a.jpg,barhatov,twitter,2026-01-12T01:16:30.547434
barneyallen_twitter_b15aa93c,d:\66070260-Year3_Term2\Project1\Code\Project-for-Work\data\images\barneyallen_twitter_b15aa93c.jpg,barneyallen,twitter,2026-01-12T01:16:30.599321
barrett_twitter_2e240d4f,d:\66070260-Year3_Term2\Project1\Code\Project-for-Work\data\images\barrett_twitter_2e240d4f.jpg,barrett,twitter,2026-01-12T01:16:30.677076
basarpatir_twitter_eafe4259,d:\66070260-Year3_Term2\Project1\Code\Project-for-Work\data\images\basarpatir_twitter_eafe4259.jpg,basarpatir,twitter,2026-01-12T01:16:30.743086
basemsal7_twitter_c63c4120,d:\66070260-Year3_Term2\Project1\Code\Project-for-Work\data\images\basemsal7_twitter_c63c4120.jpg,basemsal7,twitter,2026-01-12T01:16:30.838833
bassplayer83_twitter_08918665,d:\66070260-Year3_Term2\Project1\Code\Project-for-Work\data\images\bassplayer83_twitter_08918665.jpg,bassplayer83,twitter,2026-01-12T01:16:30.946402
bboylaba_twitter_2c769dc6,d:\66070260-Year3_Term2\Project1\Code\Project-for-Work\data\images\bboylaba_twitter_2c769dc6.jpg,bboylaba,twitter,2026-01-12T01:16:30.985562
bdbrooker_twitter_ea880264,d:\66070260-Year3_Term2\Project1\Code\Project-for-Work\data\images\bdbrooker_twitter_ea880264.jpg,bdbrooker,twitter,2026-01-12T01:16:31.052808
beapaxson_twitter_3831f31b,d:\66070260-Year3_Term2\Project1\Code\Project-for-Work\data\images\beapaxson_twitter_3831f31b.jpg,beapaxson,twitter,2026-01-12T01:16:31.128402
bearenok_twitter_62f57b55,d:\66070260-Year3_Term2\Project1\Code\Project-for-Work\data\images\bearenok_twitter_62f57b55.jpg,bearenok,twitter,2026-01-12T01:16:31.218417
beaumont_twitter_04555692,d:\66070260-Year3_Term2\Project1\Code\Project-for-Work\data\images\beaumont_twitter_04555692.jpg,beaumont,twitter,2026-01-12T01:16:31.301259
beauraines_twitter_f6b213d0,d:\66070260-Year3_Term2\Project1\Code\Project-for-Work\data\images\beauraines_twitter_f6b213d0.jpg,beauraines,twitter,2026-01-12T01:16:31.395473
beautyluxury_twitter_4c712fa7,d:\66070260-Year3_Term2\Project1\Code\Project-for-Work\data\images\beautyluxury_twitter_4c712fa7.jpg,beautyluxury,twitter,2026-01-12T01:16:31.460439
beerluver_twitter_3f6f2404,d:\66070260-Year3_Term2\Project1\Code\Project-for-Work\data\images\beerluver_twitter_3f6f2404.jpg,beerluver,twitter,2026-01-12T01:16:31.539525
beichstaedt_twitter_6fd741b9,d:\66070260-Year3_Term2\Project1\Code\Project-for-Work\data\images\beichstaedt_twitter_6fd741b9.jpg,beichstaedt,twitter,2026-01-12T01:16:31.621071
benfinch_twitter_f04e8c14,d:\66070260-Year3_Term2\Project1\Code\Project-for-Work\data\images\benfinch_twitter_f04e8c14.jpg,benfinch,twitter,2026-01-12T01:16:31.690642
benitoroig_twitter_74872ce6,d:\66070260-Year3_Term2\Project1\Code\Project-for-Work\data\images\benitoroig_twitter_74872ce6.jpg,benitoroig,twitter,2026-01-12T01:16:31.737902
benjacobsen_twitter_2135f63a,d:\66070260-Year3_Term2\Project1\Code\Project-for-Work\data\images\benjacobsen_twitter_2135f63a.jpg,benjacobsen,twitter,2026-01-12T01:16:31.807274
benjamincole_twitter_5a3f07c7,d:\66070260-Year3_Term2\Project1\Code\Project-for-Work\data\images\benjamincole_twitter_5a3f07c7.jpg,benjamincole,twitter,2026-01-12T01:16:31.847910
benjaminyeurch_twitter_7b7d9301,d:\66070260-Year3_Term2\Project1\Code\Project-for-Work\data\images\benjaminyeurch_twitter_7b7d9301.jpg,benjaminyeurch,twitter,2026-01-12T01:16:31.887026
benjsellers_twitter_fdf197b0,d:\66070260-Year3_Term2\Project1\Code\Project-for-Work\data\images\benjsellers_twitter_fdf197b0.jpg,benjsellers,twitter,2026-01-12T01:16:31.948989
benkalsky_twitter_788d88b1,d:\66070260-Year3_Term2\Project1\Code\Project-for-Work\data\images\benkalsky_twitter_788d88b1.jpg,benkalsky,twitter,2026-01-12T01:16:32.039471
benlinders_twitter_28603ec5,d:\66070260-Year3_Term2\Project1\Code\Project-for-Work\data\images\benlinders_twitter_28603ec5.jpg,benlinders,twitter,2026-01-12T01:16:32.120085
benlizzotte_twitter_6dadff48,d:\66070260-Year3_Term2\Project1\Code\Project-for-Work\data\images\benlizzotte_twitter_6dadff48.jpg,benlizzotte,twitter,2026-01-12T01:16:32.219715
benlyh_twitter_3a594911,d:\66070260-Year3_Term2\Project1\Code\Project-for-Work\data\images\benlyh_twitter_3a594911.jpg,benlyh,twitter,2026-01-12T01:16:32.286739
benoitdeclercq_twitter_ecdd46a2,d:\66070260-Year3_Term2\Project1\Code\Project-for-Work\data\images\benoitdeclercq_twitter_ecdd46a2.jpg,benoitdeclercq,twitter,2026-01-12T01:16:32.355624
bensonhendrix_twitter_6b42562f,d:\66070260-Year3_Term2\Project1\Code\Project-for-Work\data\images\bensonhendrix_twitter_6b42562f.jpg,bensonhendrix,twitter,2026-01-12T01:16:32.425844
berillium04_twitter_190c88d3,d:\66070260-Year3_Term2\Project1\Code\Project-for-Work\data\images\berillium04_twitter_190c88d3.jpg,berillium04,twitter,2026-01-12T01:16:32.488059
bertboerland_twitter_286b548b,d:\66070260-Year3_Term2\Project1\Code\Project-for-Work\data\images\bertboerland_twitter_286b548b.jpg,bertboerland,twitter,2026-01-12T01:16:32.544265
bertdickerson_twitter_a9898ae9,d:\66070260-Year3_Term2\Project1\Code\Project-for-Work\data\images\bertdickerson_twitter_a9898ae9.jpg,bertdickerson,twitter,2026-01-12T01:16:32.636109
bestnatesmithever_twitter_1d7d5960,d:\66070260-Year3_Term2\Project1\Code\Project-for-Work\data\images\bestnatesmithever_twitter_1d7d5960.jpg,bestnatesmithever,twitter,2026-01-12T01:16:32.722322
betooliveira_twitter_d55ef943,d:\66070260-Year3_Term2\Project1\Code\Project-for-Work\data\images\betooliveira_twitter_d55ef943.jpg,betooliveira,twitter,2026-01-12T01:16:32.815672
betsyweber_twitter_d3dff905,d:\66070260-Year3_Term2\Project1\Code\Project-for-Work\data\images\betsyweber_twitter_d3dff905.jpg,betsyweber,twitter,2026-01-12T01:16:32.875294
bexlondontown_twitter_8636b455,d:\66070260-Year3_Term2\Project1\Code\Project-for-Work\data\images\bexlondontown_twitter_8636b455.jpg,bexlondontown,twitter,2026-01-12T01:16:32.942068
beyoubrazil_twitter_ad1f0e62,d:\66070260-Year3_Term2\Project1\Code\Project-for-Work\data\images\beyoubrazil_twitter_ad1f0e62.jpg,beyoubrazil,twitter,2026-01-12T01:16:32.986279
bggarden_twitter_326f09eb,d:\66070260-Year3_Term2\Project1\Code\Project-for-Work\data\images\bggarden_twitter_326f09eb.jpg,bggarden,twitter,2026-01-12T01:16:33.069216
bidabooking_twitter_aa7567a0,d:\66070260-Year3_Term2\Project1\Code\Project-for-Work\data\images\bidabooking_twitter_aa7567a0.jpg,bidabooking,twitter,2026-01-12T01:16:33.100973
billelsey_twitter_5814f951,d:\66070260-Year3_Term2\Project1\Code\Project-for-Work\data\images\billelsey_twitter_5814f951.jpg,billelsey,twitter,2026-01-12T01:16:33.142472
billiambabble_twitter_8609b003,d:\66070260-Year3_Term2\Project1\Code\Project-for-Work\data\images\billiambabble_twitter_8609b003.jpg,billiambabble,twitter,2026-01-12T01:16:33.185003
billlee_twitter_4ee8ac5b,d:\66070260-Year3_Term2\Project1\Code\Project-for-Work\data\images\billlee_twitter_4ee8ac5b.jpg,billlee,twitter,2026-01-12T01:16:33.228592
billlublin_twitter_a70b31fc,d:\66070260-Year3_Term2\Project1\Code\Project-for-Work\data\images\billlublin_twitter_a70b31fc.jpg,billlublin,twitter,2026-01-12T01:16:33.274234
billrousseau_twitter_f4b2878c,d:\66070260-Year3_Term2\Project1\Code\Project-for-Work\data\images\billrousseau_twitter_f4b2878c.jpg,billrousseau,twitter,2026-01-12T01:16:33.334801
bioanarchism_twitter_206372ec,d:\66070260-Year3_Term2\Project1\Code\Project-for-Work\data\images\bioanarchism_twitter_206372ec.jpg,bioanarchism,twitter,2026-01-12T01:16:33.372461
biverson_twitter_9a2b8909,d:\66070260-Year3_Term2\Project1\Code\Project-for-Work\data\images\biverson_twitter_9a2b8909.jpg,biverson,twitter,2026-01-12T01:16:33.407344
blackxxxxxx_twitter_bfea4806,d:\66070260-Year3_Term2\Project1\Code\Project-for-Work\data\images\blackxxxxxx_twitter_bfea4806.jpg,blackxxxxxx,twitter,2026-01-12T01:16:33.447558
blairmosberg_twitter_e923d80e,d:\66070260-Year3_Term2\Project1\Code\Project-for-Work\data\images\blairmosberg_twitter_e923d80e.jpg,blairmosberg,twitter,2026-01-12T01:16:33.480070
bluebrain_twitter_f9c3f5f9,d:\66070260-Year3_Term2\Project1\Code\Project-for-Work\data\images\bluebrain_twitter_f9c3f5f9.jpg,bluebrain,twitter,2026-01-12T01:16:33.516552
blueturtlefl_twitter_cb89dfc4,d:\66070260-Year3_Term2\Project1\Code\Project-for-Work\data\images\blueturtlefl_twitter_cb89dfc4.jpg,blueturtlefl,twitter,2026-01-12T01:16:33.556700
bobbibooker_twitter_5f0eae8b,d:\66070260-Year3_Term2\Project1\Code\Project-for-Work\data\images\bobbibooker_twitter_5f0eae8b.jpg,bobbibooker,twitter,2026-01-12T01:16:33.581758
bobbytravis_twitter_e46762b4,d:\66070260-Year3_Term2\Project1\Code\Project-for-Work\data\images\bobbytravis_twitter_e46762b4.jpg,bobbytravis,twitter,2026-01-12T01:16:33.612777
boffism_twitter_04350d57,d:\66070260-Year3_Term2\Project1\Code\Project-for-Work\data\images\boffism_twitter_04350d57.jpg,boffism,twitter,2026-01-12T01:16:33.647959
bogohack_twitter_3a586a51,d:\66070260-Year3_Term2\Project1\Code\Project-for-Work\data\images\bogohack_twitter_3a586a51.jpg,bogohack,twitter,2026-01-12T01:16:33.665727
bolomik_twitter_7979e5a2,d:\66070260-Year3_Term2\Project1\Code\Project-for-Work\data\images\bolomik_twitter_7979e5a2.jpg,bolomik,twitter,2026-01-12T01:16:33.708615
bookkeepergirl_twitter_eb8758c5,d:\66070260-Year3_Term2\Project1\Code\Project-for-Work\data\images\bookkeepergirl_twitter_eb8758c5.jpg,bookkeepergirl,twitter,2026-01-12T01:16:33.742330
boostventilator_twitter_6259827c,d:\66070260-Year3_Term2\Project1\Code\Project-for-Work\data\images\boostventilator_twitter_6259827c.jpg,boostventilator,twitter,2026-01-12T01:16:33.786470
booyabobby_twitter_c663c010,d:\66070260-Year3_Term2\Project1\Code\Project-for-Work\data\images\booyabobby_twitter_c663c010.jpg,booyabobby,twitter,2026-01-12T01:16:33.841545
born2addiction_twitter_c70b245c,d:\66070260-Year3_Term2\Project1\Code\Project-for-Work\data\images\born2addiction_twitter_c70b245c.jpg,born2addiction,twitter,2026-01-12T01:16:33.875770
bornmannevan_twitter_2bbf660c,d:\66070260-Year3_Term2\Project1\Code\Project-for-Work\data\images\bornmannevan_twitter_2bbf660c.jpg,bornmannevan,twitter,2026-01-12T01:16:33.914053
bpuga_twitter_cfe3902d,d:\66070260-Year3_Term2\Project1\Code\Project-for-Work\data\images\bpuga_twitter_cfe3902d.jpg,bpuga,twitter,2026-01-12T01:16:33.955177
bradharvey_twitter_e5dafa7b,d:\66070260-Year3_Term2\Project1\Code\Project-for-Work\data\images\bradharvey_twitter_e5dafa7b.jpg,bradharvey,twitter,2026-01-12T01:16:33.991504
bradkoehn_twitter_2373c737,d:\66070260-Year3_Term2\Project1\Code\Project-for-Work\data\images\bradkoehn_twitter_2373c737.jpg,bradkoehn,twitter,2026-01-12T01:16:34.026512
bradrussell_twitter_4337d051,d:\66070260-Year3_Term2\Project1\Code\Project-for-Work\data\images\bradrussell_twitter_4337d051.jpg,bradrussell,twitter,2026-01-12T01:16:34.054556
bradwolff_twitter_d1a8ce9c,d:\66070260-Year3_Term2\Project1\Code\Project-for-Work\data\images\bradwolff_twitter_d1a8ce9c.jpg,bradwolff,twitter,2026-01-12T01:16:34.099129
brandie_twitter_9ae27e65,d:\66070260-Year3_Term2\Project1\Code\Project-for-Work\data\images\brandie_twitter_9ae27e65.jpg,brandie,twitter,2026-01-12T01:16:34.141616
brankko_twitter_ba0ef529,d:\66070260-Year3_Term2\Project1\Code\Project-for-Work\data\images\brankko_twitter_ba0ef529.jpg,brankko,twitter,2026-01-12T01:16:34.175399
brefe_twitter_5ce60967,d:\66070260-Year3_Term2\Project1\Code\Project-for-Work\data\images\brefe_twitter_5ce60967.jpg,brefe,twitter,2026-01-12T01:16:34.216377
brendanberg_twitter_b0b8fe11,d:\66070260-Year3_Term2\Project1\Code\Project-for-Work\data\images\brendanberg_twitter_b0b8fe11.jpg,brendanberg,twitter,2026-01-12T01:16:34.245832
brendanoconnell_twitter_d3bdf78a,d:\66070260-Year3_Term2\Project1\Code\Project-for-Work\data\images\brendanoconnell_twitter_d3bdf78a.jpg,brendanoconnell,twitter,2026-01-12T01:16:34.282229
brettginsberg_twitter_3fd47014,d:\66070260-Year3_Term2\Project1\Code\Project-for-Work\data\images\brettginsberg_twitter_3fd47014.jpg,brettginsberg,twitter,2026-01-12T01:16:34.338169
brianayers_twitter_301efb45,d:\66070260-Year3_Term2\Project1\Code\Project-for-Work\data\images\brianayers_twitter_301efb45.jpg,brianayers,twitter,2026-01-12T01:16:34.398067
briancsmith_twitter_fd243f2b,d:\66070260-Year3_Term2\Project1\Code\Project-for-Work\data\images\briancsmith_twitter_fd243f2b.jpg,briancsmith,twitter,2026-01-12T01:16:34.445874
brianfarnham_twitter_b20a5ae1,d:\66070260-Year3_Term2\Project1\Code\Project-for-Work\data\images\brianfarnham_twitter_b20a5ae1.jpg,brianfarnham,twitter,2026-01-12T01:16:34.477509
brianfit_twitter_78e690a9,d:\66070260-Year3_Term2\Project1\Code\Project-for-Work\data\images\brianfit_twitter_78e690a9.jpg,brianfit,twitter,2026-01-12T01:16:34.518430
briankemm_twitter_4cafb878,d:\66070260-Year3_Term2\Project1\Code\Project-for-Work\data\images\briankemm_twitter_4cafb878.jpg,briankemm,twitter,2026-01-12T01:16:34.551725
briankurzweil_twitter_6dcee1ca,d:\66070260-Year3_Term2\Project1\Code\Project-for-Work\data\images\briankurzweil_twitter_6dcee1ca.jpg,briankurzweil,twitter,2026-01-12T01:16:34.586463
brianlucas_twitter_0029a561,d:\66070260-Year3_Term2\Project1\Code\Project-for-Work\data\images\brianlucas_twitter_0029a561.jpg,brianlucas,twitter,2026-01-12T01:16:34.611370
brianmonroe_twitter_0d870819,d:\66070260-Year3_Term2\Project1\Code\Project-for-Work\data\images\brianmonroe_twitter_0d870819.jpg,brianmonroe,twitter,2026-01-12T01:16:34.626944
briannagami_twitter_d995674e,d:\66070260-Year3_Term2\Project1\Code\Project-for-Work\data\images\briannagami_twitter_d995674e.jpg,briannagami,twitter,2026-01-12T01:16:34.661634
brianskellie_twitter_b47e71c9,d:\66070260-Year3_Term2\Project1\Code\Project-for-Work\data\images\brianskellie_twitter_b47e71c9.jpg,brianskellie,twitter,2026-01-12T01:16:34.694270
briantiede_twitter_f4eb1a91,d:\66070260-Year3_Term2\Project1\Code\Project-for-Work\data\images\briantiede_twitter_f4eb1a91.jpg,briantiede,twitter,2026-01-12T01:16:34.733012
brianwang_twitter_f80fb669,d:\66070260-Year3_Term2\Project1\Code\Project-for-Work\data\images\brianwang_twitter_f80fb669.jpg,brianwang,twitter,2026-01-12T01:16:34.782102
brittanyberger_twitter_fafd1913,d:\66070260-Year3_Term2\Project1\Code\Project-for-Work\data\images\brittanyberger_twitter_fafd1913.jpg,brittanyberger,twitter,2026-01-12T01:16:34.821362
brownsdon_twitter_6fe53f96,d:\66070260-Year3_Term2\Project1\Code\Project-for-Work\data\images\brownsdon_twitter_6fe53f96.jpg,brownsdon,twitter,2026-01-12T01:16:34.871126
brucewise_twitter_2f553b6a,d:\66070260-Year3_Term2\Project1\Code\Project-for-Work\data\images\brucewise_twitter_2f553b6a.jpg,brucewise,twitter,2026-01-12T01:16:34.919643
brunno_twitter_9b6a9245,d:\66070260-Year3_Term2\Project1\Code\Project-for-Work\data\images\brunno_twitter_9b6a9245.jpg,brunno,twitter,2026-01-12T01:16:34.959895
brunoconte_twitter_a89c7d01,d:\66070260-Year3_Term2\Project1\Code\Project-for-Work\data\images\brunoconte_twitter_a89c7d01.jpg,brunoconte,twitter,2026-01-12T01:16:35.008768
brunolaurosantos_twitter_8a716ca6,d:\66070260-Year3_Term2\Project1\Code\Project-for-Work\data\images\brunolaurosantos_twitter_8a716ca6.jpg,brunolaurosantos,twitter,2026-01-12T01:16:35.025944
bryanmcanally_twitter_d3dddb06,d:\66070260-Year3_Term2\Project1\Code\Project-for-Work\data\images\bryanmcanally_twitter_d3dddb06.jpg,bryanmcanally,twitter,2026-01-12T01:16:35.057647
bryanrapoza_twitter_be255d3b,d:\66070260-Year3_Term2\Project1\Code\Project-for-Work\data\images\bryanrapoza_twitter_be255d3b.jpg,bryanrapoza,twitter,2026-01-12T01:16:35.095384
bryans_twitter_7709146d,d:\66070260-Year3_Term2\Project1\Code\Project-for-Work\data\images\bryans_twitter_7709146d.jpg,bryans,twitter,2026-01-12T01:16:35.131549
bryantcabrera_twitter_0f3137aa,d:\66070260-Year3_Term2\Project1\Code\Project-for-Work\data\images\bryantcabrera_twitter_0f3137aa.jpg,bryantcabrera,twitter,2026-01-12T01:16:35.179685
bryanwelsh_twitter_57834f40,d:\66070260-Year3_Term2\Project1\Code\Project-for-Work\data\images\bryanwelsh_twitter_57834f40.jpg,bryanwelsh,twitter,2026-01-12T01:16:35.210295
bscheckel_twitter_5f510043,d:\66070260-Year3_Term2\Project1\Code\Project-for-Work\data\images\bscheckel_twitter_5f510043.jpg,bscheckel,twitter,2026-01-12T01:16:35.240318
btihin_twitter_883c4751,d:\66070260-Year3_Term2\Project1\Code\Project-for-Work\data\images\btihin_twitter_883c4751.jpg,btihin,twitter,2026-01-12T01:16:35.319635
burovayulia_twitter_ef120fad,d:\66070260-Year3_Term2\Project1\Code\Project-for-Work\data\images\burovayulia_twitter_ef120fad.jpg,burovayulia,twitter,2026-01-12T01:16:35.333679
caelanhuntress_twitter_65f721c6,d:\66070260-Year3_Term2\Project1\Code\Project-for-Work\data\images\caelanhuntress_twitter_65f721c6.jpg,caelanhuntress,twitter,2026-01-12T01:16:35.360154
caitlingarzi_twitter_5c8de85e,d:\66070260-Year3_Term2\Project1\Code\Project-for-Work\data\images\caitlingarzi_twitter_5c8de85e.jpg,caitlingarzi,twitter,2026-01-12T01:16:35.402672
caitlynbates_twitter_f479a375,d:\66070260-Year3_Term2\Project1\Code\Project-for-Work\data\images\caitlynbates_twitter_f479a375.jpg,caitlynbates,twitter,2026-01-12T01:16:35.447342
calculatedstepz_twitter_e1211123,d:\66070260-Year3_Term2\Project1\Code\Project-for-Work\data\images\calculatedstepz_twitter_e1211123.jpg,calculatedstepz,twitter,2026-01-12T01:16:35.482896
calebkinchlow_twitter_76d51bbc,d:\66070260-Year3_Term2\Project1\Code\Project-for-Work\data\images\calebkinchlow_twitter_76d51bbc.jpg,calebkinchlow,twitter,2026-01-12T01:16:35.529200
calfn_twitter_615be962,d:\66070260-Year3_Term2\Project1\Code\Project-for-Work\data\images\calfn_twitter_615be962.jpg,calfn,twitter,2026-01-12T01:16:35.543292
calistoga_twitter_780e5c7e,d:\66070260-Year3_Term2\Project1\Code\Project-for-Work\data\images\calistoga_twitter_780e5c7e.jpg,calistoga,twitter,2026-01-12T01:16:35.585746
calitoe_twitter_d9d9c8fd,d:\66070260-Year3_Term2\Project1\Code\Project-for-Work\data\images\calitoe_twitter_d9d9c8fd.jpg,calitoe,twitter,2026-01-12T01:16:35.615327
calvia_twitter_ae151315,d:\66070260-Year3_Term2\Project1\Code\Project-for-Work\data\images\calvia_twitter_ae151315.jpg,calvia,twitter,2026-01-12T01:16:35.653307
camillek_twitter_141eee87,d:\66070260-Year3_Term2\Project1\Code\Project-for-Work\data\images\camillek_twitter_141eee87.jpg,camillek,twitter,2026-01-12T01:16:35.698959
camillerodriquez_twitter_49cf2eee,d:\66070260-Year3_Term2\Project1\Code\Project-for-Work\data\images\camillerodriquez_twitter_49cf2eee.jpg,camillerodriquez,twitter,2026-01-12T01:16:35.736185
camillevanneer_twitter_8092d25c,d:\66070260-Year3_Term2\Project1\Code\Project-for-Work\data\images\camillevanneer_twitter_8092d25c.jpg,camillevanneer,twitter,2026-01-12T01:16:35.767548
camiloathem_twitter_7abaf108,d:\66070260-Year3_Term2\Project1\Code\Project-for-Work\data\images\camiloathem_twitter_7abaf108.jpg,camiloathem,twitter,2026-01-12T01:16:35.797054
campervan_twitter_0e961c09,d:\66070260-Year3_Term2\Project1\Code\Project-for-Work\data\images\campervan_twitter_0e961c09.jpg,campervan,twitter,2026-01-12T01:16:35.829574
cancunstudios_twitter_854fa98d,d:\66070260-Year3_Term2\Project1\Code\Project-for-Work\data\images\cancunstudios_twitter_854fa98d.jpg,cancunstudios,twitter,2026-01-12T01:16:35.856739
capitu_twitter_12d37449,d:\66070260-Year3_Term2\Project1\Code\Project-for-Work\data\images\capitu_twitter_12d37449.jpg,capitu,twitter,2026-01-12T01:16:35.889322
caravanacreativa_twitter_51f26755,d:\66070260-Year3_Term2\Project1\Code\Project-for-Work\data\images\caravanacreativa_twitter_51f26755.jpg,caravanacreativa,twitter,2026-01-12T01:16:35.917229
carlarozman_twitter_2a5e352b,d:\66070260-Year3_Term2\Project1\Code\Project-for-Work\data\images\carlarozman_twitter_2a5e352b.jpg,carlarozman,twitter,2026-01-12T01:16:35.940537
carlayashiro_twitter_bb547c88,d:\66070260-Year3_Term2\Project1\Code\Project-for-Work\data\images\carlayashiro_twitter_bb547c88.jpg,carlayashiro,twitter,2026-01-12T01:16:35.983004
carlescabrer_twitter_2eea5647,d:\66070260-Year3_Term2\Project1\Code\Project-for-Work\data\images\carlescabrer_twitter_2eea5647.jpg,carlescabrer,twitter,2026-01-12T01:16:36.011566
carlospl_twitter_ea765a41,d:\66070260-Year3_Term2\Project1\Code\Project-for-Work\data\images\carlospl_twitter_ea765a41.jpg,carlospl,twitter,2026-01-12T01:16:36.039067
carlycasper_twitter_1a14e789,d:\66070260-Year3_Term2\Project1\Code\Project-for-Work\data\images\carlycasper_twitter_1a14e789.jpg,carlycasper,twitter,2026-01-12T01:16:36.070714
carlydamico_twitter_c4192cee,d:\66070260-Year3_Term2\Project1\Code\Project-for-Work\data\images\carlydamico_twitter_c4192cee.jpg,carlydamico,twitter,2026-01-12T01:16:36.112713
carmenmg5_twitter_2c305a72,d:\66070260-Year3_Term2\Project1\Code\Project-for-Work\data\images\carmenmg5_twitter_2c305a72.jpg,carmenmg5,twitter,2026-01-12T01:16:36.151412
carolyncummins_twitter_6955b25f,d:\66070260-Year3_Term2\Project1\Code\Project-for-Work\data\images\carolyncummins_twitter_6955b25f.jpg,carolyncummins,twitter,2026-01-12T01:16:36.176366
carovillalva_twitter_2801aeea,d:\66070260-Year3_Term2\Project1\Code\Project-for-Work\data\images\carovillalva_twitter_2801aeea.jpg,carovillalva,twitter,2026-01-12T01:16:36.219313
carriebisme_twitter_429cd920,d:\66070260-Year3_Term2\Project1\Code\Project-for-Work\data\images\carriebisme_twitter_429cd920.jpg,carriebisme,twitter,2026-01-12T01:16:36.267770
carsonbelinda_twitter_84227a7e,d:\66070260-Year3_Term2\Project1\Code\Project-for-Work\data\images\carsonbelinda_twitter_84227a7e.jpg,carsonbelinda,twitter,2026-01-12T01:16:36.372708
carstenlange_twitter_856412cb,d:\66070260-Year3_Term2\Project1\Code\Project-for-Work\data\images\carstenlange_twitter_856412cb.jpg,carstenlange,twitter,2026-01-12T01:16:36.432346
carstenpaetz_twitter_fa72e20c,d:\66070260-Year3_Term2\Project1\Code\Project-for-Work\data\images\carstenpaetz_twitter_fa72e20c.jpg,carstenpaetz,twitter,2026-01-12T01:16:36.465020
castellani_twitter_7685121c,d:\66070260-Year3_Term2\Project1\Code\Project-for-Work\data\images\castellani_twitter_7685121c.jpg,castellani,twitter,2026-01-12T01:16:36.496650
castlecruz_twitter_4e35cd74,d:\66070260-Year3_Term2\Project1\Code\Project-for-Work\data\images\castlecruz_twitter_4e35cd74.jpg,castlecruz,twitter,2026-01-12T01:16:36.535810
catarinavarao_twitter_52dd9490,d:\66070260-Year3_Term2\Project1\Code\Project-for-Work\data\images\catarinavarao_twitter_52dd9490.jpg,catarinavarao,twitter,2026-01-12T01:16:36.569464
catchtorolav_twitter_8b9bd823,d:\66070260-Year3_Term2\Project1\Code\Project-for-Work\data\images\catchtorolav_twitter_8b9bd823.jpg,catchtorolav,twitter,2026-01-12T01:16:36.599046
catinamurillo_twitter_a5bee91f,d:\66070260-Year3_Term2\Project1\Code\Project-for-Work\data\images\catinamurillo_twitter_a5bee91f.jpg,catinamurillo,twitter,2026-01-12T01:16:36.642797
catturner_twitter_6111ca3b,d:\66070260-Year3_Term2\Project1\Code\Project-for-Work\data\images\catturner_twitter_6111ca3b.jpg,catturner,twitter,2026-01-12T01:16:36.680925
cavdan_twitter_ff812e57,d:\66070260-Year3_Term2\Project1\Code\Project-for-Work\data\images\cavdan_twitter_ff812e57.jpg,cavdan,twitter,2026-01-12T01:16:36.719776
cblack_twitter_ab567e36,d:\66070260-Year3_Term2\Project1\Code\Project-for-Work\data\images\cblack_twitter_ab567e36.jpg,cblack,twitter,2026-01-12T01:16:36.757359
cecilialiao_twitter_8114c50f,d:\66070260-Year3_Term2\Project1\Code\Project-for-Work\data\images\cecilialiao_twitter_8114c50f.jpg,cecilialiao,twitter,2026-01-12T01:16:36.794219
cecilyarambula_twitter_6d59bf95,d:\66070260-Year3_Term2\Project1\Code\Project-for-Work\data\images\cecilyarambula_twitter_6d59bf95.jpg,cecilyarambula,twitter,2026-01-12T01:16:36.824919
celebquote_twitter_d7d850f3,d:\66070260-Year3_Term2\Project1\Code\Project-for-Work\data\images\celebquote_twitter_d7d850f3.jpg,celebquote,twitter,2026-01-12T01:16:36.847169
celebrone_twitter_653b77af,d:\66070260-Year3_Term2\Project1\Code\Project-for-Work\data\images\celebrone_twitter_653b77af.jpg,celebrone,twitter,2026-01-12T01:16:36.884632
celiooliveira_twitter_2b50466d,d:\66070260-Year3_Term2\Project1\Code\Project-for-Work\data\images\celiooliveira_twitter_2b50466d.jpg,celiooliveira,twitter,2026-01-12T01:16:36.918587
cemtozar_twitter_5a8c30a1,d:\66070260-Year3_Term2\Project1\Code\Project-for-Work\data\images\cemtozar_twitter_5a8c30a1.jpg,cemtozar,twitter,2026-01-12T01:16:36.960467
chadnewman_twitter_2bb9c94c,d:\66070260-Year3_Term2\Project1\Code\Project-for-Work\data\images\chadnewman_twitter_2bb9c94c.jpg,chadnewman,twitter,2026-01-12T01:16:36.991641
chammccutchen_twitter_bdc83149,d:\66070260-Year3_Term2\Project1\Code\Project-for-Work\data\images\chammccutchen_twitter_bdc83149.jpg,chammccutchen,twitter,2026-01-12T01:16:37.026891
charlablue_twitter_af8d2706,d:\66070260-Year3_Term2\Project1\Code\Project-for-Work\data\images\charlablue_twitter_af8d2706.jpg,charlablue,twitter,2026-01-12T01:16:37.067380
charlielujan_twitter_e3d71bfe,d:\66070260-Year3_Term2\Project1\Code\Project-for-Work\data\images\charlielujan_twitter_e3d71bfe.jpg,charlielujan,twitter,2026-01-12T01:16:37.100465
charliemac_twitter_6eb445af,d:\66070260-Year3_Term2\Project1\Code\Project-for-Work\data\images\charliemac_twitter_6eb445af.jpg,charliemac,twitter,2026-01-12T01:16:37.133158
charyshed_twitter_04a093f2,d:\66070260-Year3_Term2\Project1\Code\Project-for-Work\data\images\charyshed_twitter_04a093f2.jpg,charyshed,twitter,2026-01-12T01:16:37.167364
cheeseberger_twitter_34af91d4,d:\66070260-Year3_Term2\Project1\Code\Project-for-Work\data\images\cheeseberger_twitter_34af91d4.jpg,cheeseberger,twitter,2026-01-12T01:16:37.210452
chekostyle_twitter_8a3ddbf1,d:\66070260-Year3_Term2\Project1\Code\Project-for-Work\data\images\chekostyle_twitter_8a3ddbf1.jpg,chekostyle,twitter,2026-01-12T01:16:37.257778
chelseastark_twitter_7ed870e1,d:\66070260-Year3_Term2\Project1\Code\Project-for-Work\data\images\chelseastark_twitter_7ed870e1.jpg,chelseastark,twitter,2026-01-12T01:16:37.300100
chertanchico_twitter_5096f5c5,d:\66070260-Year3_Term2\Project1\Code\Project-for-Work\data\images\chertanchico_twitter_5096f5c5.jpg,chertanchico,twitter,2026-01-12T01:16:37.338359
chiarapis_twitter_1cb5831f,d:\66070260-Year3_Term2\Project1\Code\Project-for-Work\data\images\chiarapis_twitter_1cb5831f.jpg,chiarapis,twitter,2026-01-12T01:16:37.377050
chitraagrawal_twitter_24d02a87,d:\66070260-Year3_Term2\Project1\Code\Project-for-Work\data\images\chitraagrawal_twitter_24d02a87.jpg,chitraagrawal,twitter,2026-01-12T01:16:37.408238
chonilla_twitter_d46bd2f9,d:\66070260-Year3_Term2\Project1\Code\Project-for-Work\data\images\chonilla_twitter_d46bd2f9.jpg,chonilla,twitter,2026-01-12T01:16:37.438966
chrisastall_twitter_eaa83c0b,d:\66070260-Year3_Term2\Project1\Code\Project-for-Work\data\images\chrisastall_twitter_eaa83c0b.jpg,chrisastall,twitter,2026-01-12T01:16:37.478896
chrischass_twitter_f47d1a66,d:\66070260-Year3_Term2\Project1\Code\Project-for-Work\data\images\chrischass_twitter_f47d1a66.jpg,chrischass,twitter,2026-01-12T01:16:37.507424
chrisdate_twitter_391a1303,d:\66070260-Year3_Term2\Project1\Code\Project-for-Work\data\images\chrisdate_twitter_391a1303.jpg,chrisdate,twitter,2026-01-12T01:16:37.540839
chrisdscottphoto_twitter_aad91686,d:\66070260-Year3_Term2\Project1\Code\Project-for-Work\data\images\chrisdscottphoto_twitter_aad91686.jpg,chrisdscottphoto,twitter,2026-01-12T01:16:37.573087
chrisgiddens_twitter_7c83a65e,d:\66070260-Year3_Term2\Project1\Code\Project-for-Work\data\images\chrisgiddens_twitter_7c83a65e.jpg,chrisgiddens,twitter,2026-01-12T01:16:37.608197
chrishartley_twitter_d9e20805,d:\66070260-Year3_Term2\Project1\Code\Project-for-Work\data\images\chrishartley_twitter_d9e20805.jpg,chrishartley,twitter,2026-01-12T01:16:37.643861
chrislittler_twitter_99e41bae,d:\66070260-Year3_Term2\Project1\Code\Project-for-Work\data\images\chrislittler_twitter_99e41bae.jpg,chrislittler,twitter,2026-01-12T01:16:37.676587
chrismontoya_twitter_90b253a4,d:\66070260-Year3_Term2\Project1\Code\Project-for-Work\data\images\chrismontoya_twitter_90b253a4.jpg,chrismontoya,twitter,2026-01-12T01:16:37.709362
chrisparkin_twitter_985edc2b,d:\66070260-Year3_Term2\Project1\Code\Project-for-Work\data\images\chrisparkin_twitter_985edc2b.jpg,chrisparkin,twitter,2026-01-12T01:16:37.755031
chrispenny_twitter_2fae5cd4,d:\66070260-Year3_Term2\Project1\Code\Project-for-Work\data\images\chrispenny_twitter_2fae5cd4.jpg,chrispenny,twitter,2026-01-12T01:16:37.783122
christiancalvino_twitter_bb6b0e90,d:\66070260-Year3_Term2\Project1\Code\Project-for-Work\data\images\christiancalvino_twitter_bb6b0e90.jpg,christiancalvino,twitter,2026-01-12T01:16:37.828134
christiankoestlin_twitter_a31e1fdc,d:\66070260-Year3_Term2\Project1\Code\Project-for-Work\data\images\christiankoestlin_twitter_a31e1fdc.jpg,christiankoestlin,twitter,2026-01-12T01:16:37.851400
christianperez_twitter_2299dbb0,d:\66070260-Year3_Term2\Project1\Code\Project-for-Work\data\images\christianperez_twitter_2299dbb0.jpg,christianperez,twitter,2026-01-12T01:16:37.886975
christiepingvin_twitter_2ef3aeae,d:\66070260-Year3_Term2\Project1\Code\Project-for-Work\data\images\christiepingvin_twitter_2ef3aeae.jpg,christiepingvin,twitter,2026-01-12T01:16:37.921261
christinalauren_twitter_dca05357,d:\66070260-Year3_Term2\Project1\Code\Project-for-Work\data\images\christinalauren_twitter_dca05357.jpg,christinalauren,twitter,2026-01-12T01:16:37.966889
christinehauer_twitter_673671a3,d:\66070260-Year3_Term2\Project1\Code\Project-for-Work\data\images\christinehauer_twitter_673671a3.jpg,christinehauer,twitter,2026-01-12T01:16:38.015575
christinema_twitter_e6ee255a,d:\66070260-Year3_Term2\Project1\Code\Project-for-Work\data\images\christinema_twitter_e6ee255a.jpg,christinema,twitter,2026-01-12T01:16:38.052204
christophelaurent_twitter_b8e10d8b,d:\66070260-Year3_Term2\Project1\Code\Project-for-Work\data\images\christophelaurent_twitter_b8e10d8b.jpg,christophelaurent,twitter,2026-01-12T01:16:38.095161
christopherbornstein_twitter_f6263ad1,d:\66070260-Year3_Term2\Project1\Code\Project-for-Work\data\images\christopherbornstein_twitter_f6263ad1.jpg,christopherbornstein,twitter,2026-01-12T01:16:38.125330
christopherdavidkaufman_twitter_0f38535d,d:\66070260-Year3_Term2\Project1\Code\Project-for-Work\data\images\christopherdavidkaufman_twitter_0f38535d.jpg,christopherdavidkaufman,twitter,2026-01-12T01:16:38.170576
christopherhyde_twitter_97ce18ac,d:\66070260-Year3_Term2\Project1\Code\Project-for-Work\data\images\christopherhyde_twitter_97ce18ac.jpg,christopherhyde,twitter,2026-01-12T01:16:38.206461
christopherichert_twitter_3527d14e,d:\66070260-Year3_Term2\Project1\Code\Project-for-Work\data\images\christopherichert_twitter_3527d14e.jpg,christopherichert,twitter,2026-01-12T01:16:38.241623
christopherspiewak_twitter_f754e7ef,d:\66070260-Year3_Term2\Project1\Code\Project-for-Work\data\images\christopherspiewak_twitter_f754e7ef.jpg,christopherspiewak,twitter,2026-01-12T01:16:38.279116
chriswright_twitter_48f04754,d:\66070260-Year3_Term2\Project1\Code\Project-for-Work\data\images\chriswright_twitter_48f04754.jpg,chriswright,twitter,2026-01-12T01:16:38.306219
chrisyoungdesign_twitter_2e8e1a45,d:\66070260-Year3_Term2\Project1\Code\Project-for-Work\data\images\chrisyoungdesign_twitter_2e8e1a45.jpg,chrisyoungdesign,twitter,2026-01-12T01:16:38.338955
chromjuwelen_twitter_44aace3c,d:\66070260-Year3_Term2\Project1\Code\Project-for-Work\data\images\chromjuwelen_twitter_44aace3c.jpg,chromjuwelen,twitter,2026-01-12T01:16:38.364469
cimet_twitter_d6861d2a,d:\66070260-Year3_Term2\Project1\Code\Project-for-Work\data\images\cimet_twitter_d6861d2a.jpg,cimet,twitter,2026-01-12T01:16:38.383693
cintiamcr_twitter_05632c7c,d:\66070260-Year3_Term2\Project1\Code\Project-for-Work\data\images\cintiamcr_twitter_05632c7c.jpg,cintiamcr,twitter,2026-01-12T01:16:38.418335
cjeam_twitter_4fcdd4ff,d:\66070260-Year3_Term2\Project1\Code\Project-for-Work\data\images\cjeam_twitter_4fcdd4ff.jpg,cjeam,twitter,2026-01-12T01:16:38.452351
ckassociati_twitter_cfea6260,d:\66070260-Year3_Term2\Project1\Code\Project-for-Work\data\images\ckassociati_twitter_cfea6260.jpg,ckassociati,twitter,2026-01-12T01:16:38.485582
claireisabel_twitter_00ed0ba9,d:\66070260-Year3_Term2\Project1\Code\Project-for-Work\data\images\claireisabel_twitter_00ed0ba9.jpg,claireisabel,twitter,2026-01-12T01:16:38.524637
clairewickenden_twitter_de78478c,d:\66070260-Year3_Term2\Project1\Code\Project-for-Work\data\images\clairewickenden_twitter_de78478c.jpg,clairewickenden,twitter,2026-01-12T01:16:38.563601
claudiogiulio_twitter_81f48d78,d:\66070260-Year3_Term2\Project1\Code\Project-for-Work\data\images\claudiogiulio_twitter_81f48d78.jpg,claudiogiulio,twitter,2026-01-12T01:16:38.602482
claudiogonzalo_twitter_f3fc1513,d:\66070260-Year3_Term2\Project1\Code\Project-for-Work\data\images\claudiogonzalo_twitter_f3fc1513.jpg,claudiogonzalo,twitter,2026-01-12T01:16:38.633407
clayton21_twitter_19bfbdc8,d:\66070260-Year3_Term2\Project1\Code\Project-for-Work\data\images\clayton21_twitter_19bfbdc8.jpg,clayton21,twitter,2026-01-12T01:16:38.660988
clintmccollum_twitter_ea226b12,d:\66070260-Year3_Term2\Project1\Code\Project-for-Work\data\images\clintmccollum_twitter_ea226b12.jpg,clintmccollum,twitter,2026-01-12T01:16:38.691106
cnicely_twitter_d947add4,d:\66070260-Year3_Term2\Project1\Code\Project-for-Work\data\images\cnicely_twitter_d947add4.jpg,cnicely,twitter,2026-01-12T01:16:38.720739
coachnicole_twitter_45569184,d:\66070260-Year3_Term2\Project1\Code\Project-for-Work\data\images\coachnicole_twitter_45569184.jpg,coachnicole,twitter,2026-01-12T01:16:38.751912
coastermedia_twitter_fc01adea,d:\66070260-Year3_Term2\Project1\Code\Project-for-Work\data\images\coastermedia_twitter_fc01adea.jpg,coastermedia,twitter,2026-01-12T01:16:38.795476
codyo_twitter_af540ffe,d:\66070260-Year3_Term2\Project1\Code\Project-for-Work\data\images\codyo_twitter_af540ffe.jpg,codyo,twitter,2026-01-12T01:16:38.834115
colinmaddox_twitter_bac44134,d:\66070260-Year3_Term2\Project1\Code\Project-for-Work\data\images\colinmaddox_twitter_bac44134.jpg,colinmaddox,twitter,2026-01-12T01:16:38.864626
colinmilligan_twitter_98b5da65,d:\66070260-Year3_Term2\Project1\Code\Project-for-Work\data\images\colinmilligan_twitter_98b5da65.jpg,colinmilligan,twitter,2026-01-12T01:16:38.886005
colinolford_twitter_dbc11135,d:\66070260-Year3_Term2\Project1\Code\Project-for-Work\data\images\colinolford_twitter_dbc11135.jpg,colinolford,twitter,2026-01-12T01:16:38.917751
colleenburns_twitter_64c360cc,d:\66070260-Year3_Term2\Project1\Code\Project-for-Work\data\images\colleenburns_twitter_64c360cc.jpg,colleenburns,twitter,2026-01-12T01:16:38.954688
condottasuite_twitter_20305e8c,d:\66070260-Year3_Term2\Project1\Code\Project-for-Work\data\images\condottasuite_twitter_20305e8c.jpg,condottasuite,twitter,2026-01-12T01:16:38.992926
conorgilmer_twitter_a284faa0,d:\66070260-Year3_Term2\Project1\Code\Project-for-Work\data\images\conorgilmer_twitter_a284faa0.jpg,conorgilmer,twitter,2026-01-12T01:16:39.039091
conradomacalossi_twitter_3f8d1cb0,d:\66070260-Year3_Term2\Project1\Code\Project-for-Work\data\images\conradomacalossi_twitter_3f8d1cb0.jpg,conradomacalossi,twitter,2026-01-12T01:16:39.071357
constanceruppender_twitter_a330ea1b,d:\66070260-Year3_Term2\Project1\Code\Project-for-Work\data\images\constanceruppender_twitter_a330ea1b.jpg,constanceruppender,twitter,2026-01-12T01:16:39.099819
consuelogandia_twitter_e80fad7f,d:\66070260-Year3_Term2\Project1\Code\Project-for-Work\data\images\consuelogandia_twitter_e80fad7f.jpg,consuelogandia,twitter,2026-01-12T01:16:39.127428
coreyjo_twitter_15edcb16,d:\66070260-Year3_Term2\Project1\Code\Project-for-Work\data\images\coreyjo_twitter_15edcb16.jpg,coreyjo,twitter,2026-01-12T01:16:39.153054
corgimas_twitter_dc6ee838,d:\66070260-Year3_Term2\Project1\Code\Project-for-Work\data\images\corgimas_twitter_dc6ee838.jpg,corgimas,twitter,2026-01-12T01:16:39.186125
corporatephotographer_twitter_e1f7bcef,d:\66070260-Year3_Term2\Project1\Code\Project-for-Work\data\images\corporatephotographer_twitter_e1f7bcef.jpg,corporatephotographer,twitter,2026-01-12T01:16:39.224018
countup_twitter_061dff35,d:\66070260-Year3_Term2\Project1\Code\Project-for-Work\data\images\countup_twitter_061dff35.jpg,countup,twitter,2026-01-12T01:16:39.254138
cousindirk_twitter_f854ebf0,d:\66070260-Year3_Term2\Project1\Code\Project-for-Work\data\images\cousindirk_twitter_f854ebf0.jpg,cousindirk,twitter,2026-01-12T01:16:39.281047
craigansell_twitter_80828ec5,d:\66070260-Year3_Term2\Project1\Code\Project-for-Work\data\images\craigansell_twitter_80828ec5.jpg,craigansell,twitter,2026-01-12T01:16:39.321233
craigdeakin_twitter_a9f984ec,d:\66070260-Year3_Term2\Project1\Code\Project-for-Work\data\images\craigdeakin_twitter_a9f984ec.jpg,craigdeakin,twitter,2026-01-12T01:16:39.370983
cranesitearo_twitter_5e50cfd4,d:\66070260-Year3_Term2\Project1\Code\Project-for-Work\data\images\cranesitearo_twitter_5e50cfd4.jpg,cranesitearo,twitter,2026-01-12T01:16:39.402593
cris33_twitter_a30384ae,d:\66070260-Year3_Term2\Project1\Code\Project-for-Work\data\images\cris33_twitter_a30384ae.jpg,cris33,twitter,2026-01-12T01:16:39.429534
cristianmarimon_twitter_16bf4380,d:\66070260-Year3_Term2\Project1\Code\Project-for-Work\data\images\cristianmarimon_twitter_16bf4380.jpg,cristianmarimon,twitter,2026-01-12T01:16:39.454023
cristianovalim_twitter_26819ccb,d:\66070260-Year3_Term2\Project1\Code\Project-for-Work\data\images\cristianovalim_twitter_26819ccb.jpg,cristianovalim,twitter,2026-01-12T01:16:39.496824
cristinac_twitter_1d2519b8,d:\66070260-Year3_Term2\Project1\Code\Project-for-Work\data\images\cristinac_twitter_1d2519b8.jpg,cristinac,twitter,2026-01-12T01:16:39.541319
cristinadirnea_twitter_ab35335a,d:\66070260-Year3_Term2\Project1\Code\Project-for-Work\data\images\cristinadirnea_twitter_ab35335a.jpg,cristinadirnea,twitter,2026-01-12T01:16:39.581621
croome_twitter_08dfdb29,d:\66070260-Year3_Term2\Project1\Code\Project-for-Work\data\images\croome_twitter_08dfdb29.jpg,croome,twitter,2026-01-12T01:16:39.614714
crossleykim_twitter_bb6d297f,d:\66070260-Year3_Term2\Project1\Code\Project-for-Work\data\images\crossleykim_twitter_bb6d297f.jpg,crossleykim,twitter,2026-01-12T01:16:39.648376
crowdini_twitter_285c305f,d:\66070260-Year3_Term2\Project1\Code\Project-for-Work\data\images\crowdini_twitter_285c305f.jpg,crowdini,twitter,2026-01-12T01:16:39.678636
cskonsol_twitter_cc840591,d:\66070260-Year3_Term2\Project1\Code\Project-for-Work\data\images\cskonsol_twitter_cc840591.jpg,cskonsol,twitter,2026-01-12T01:16:39.708514
csrollyson_twitter_12c8b63d,d:\66070260-Year3_Term2\Project1\Code\Project-for-Work\data\images\csrollyson_twitter_12c8b63d.jpg,csrollyson,twitter,2026-01-12T01:16:39.760348
currobarrena_twitter_5b486596,d:\66070260-Year3_Term2\Project1\Code\Project-for-Work\data\images\currobarrena_twitter_5b486596.jpg,currobarrena,twitter,2026-01-12T01:16:39.803227
curtiscavanaugh_twitter_16042cb7,d:\66070260-Year3_Term2\Project1\Code\Project-for-Work\data\images\curtiscavanaugh_twitter_16042cb7.jpg,curtiscavanaugh,twitter,2026-01-12T01:16:39.843239
curtisguise_twitter_bcc48f02,d:\66070260-Year3_Term2\Project1\Code\Project-for-Work\data\images\curtisguise_twitter_bcc48f02.jpg,curtisguise,twitter,2026-01-12T01:16:39.875359
customfitonline_twitter_1717b755,d:\66070260-Year3_Term2\Project1\Code\Project-for-Work\data\images\customfitonline_twitter_1717b755.jpg,customfitonline,twitter,2026-01-12T01:16:39.926105
cyclofiend_twitter_cc720166,d:\66070260-Year3_Term2\Project1\Code\Project-for-Work\data\images\cyclofiend_twitter_cc720166.jpg,cyclofiend,twitter,2026-01-12T01:16:39.962025
cyko_twitter_d5f5c749,d:\66070260-Year3_Term2\Project1\Code\Project-for-Work\data\images\cyko_twitter_d5f5c749.jpg,cyko,twitter,2026-01-12T01:16:39.977740
cynthiakseymour_twitter_a5bef8d5,d:\66070260-Year3_Term2\Project1\Code\Project-for-Work\data\images\cynthiakseymour_twitter_a5bef8d5.jpg,cynthiakseymour,twitter,2026-01-12T01:16:40.029701
daeglo_twitter_21cd683f,d:\66070260-Year3_Term2\Project1\Code\Project-for-Work\data\images\daeglo_twitter_21cd683f.jpg,daeglo,twitter,2026-01-12T01:16:40.054694
daeshinkim_twitter_05a93018,d:\66070260-Year3_Term2\Project1\Code\Project-for-Work\data\images\daeshinkim_twitter_05a93018.jpg,daeshinkim,twitter,2026-01-12T01:16:40.101737
daimanuel_twitter_d369544c,d:\66070260-Year3_Term2\Project1\Code\Project-for-Work\data\images\daimanuel_twitter_d369544c.jpg,daimanuel,twitter,2026-01-12T01:16:40.135092
dalereynolds_twitter_583a22fc,d:\66070260-Year3_Term2\Project1\Code\Project-for-Work\data\images\dalereynolds_twitter_583a22fc.jpg,dalereynolds,twitter,2026-01-12T01:16:40.180379
dallasfoodie_twitter_6cd58621,d:\66070260-Year3_Term2\Project1\Code\Project-for-Work\data\images\dallasfoodie_twitter_6cd58621.jpg,dallasfoodie,twitter,2026-01-12T01:16:40.219775
damianopovoleri_twitter_63ed9f56,d:\66070260-Year3_Term2\Project1\Code\Project-for-Work\data\images\damianopovoleri_twitter_63ed9f56.jpg,damianopovoleri,twitter,2026-01-12T01:16:40.257646
danacosta_twitter_c80f1786,d:\66070260-Year3_Term2\Project1\Code\Project-for-Work\data\images\danacosta_twitter_c80f1786.jpg,danacosta,twitter,2026-01-12T01:16:40.288770
danajones_twitter_c8e78cf5,d:\66070260-Year3_Term2\Project1\Code\Project-for-Work\data\images\danajones_twitter_c8e78cf5.jpg,danajones,twitter,2026-01-12T01:16:40.323404
danbeazley_twitter_8bd3cb42,d:\66070260-Year3_Term2\Project1\Code\Project-for-Work\data\images\danbeazley_twitter_8bd3cb42.jpg,danbeazley,twitter,2026-01-12T01:16:40.349786
danbrown_twitter_5e560c3d,d:\66070260-Year3_Term2\Project1\Code\Project-for-Work\data\images\danbrown_twitter_5e560c3d.jpg,danbrown,twitter,2026-01-12T01:16:40.397362
dancondon_twitter_3fb350f7,d:\66070260-Year3_Term2\Project1\Code\Project-for-Work\data\images\dancondon_twitter_3fb350f7.jpg,dancondon,twitter,2026-01-12T01:16:40.433938
dandydanno_twitter_ef12be32,d:\66070260-Year3_Term2\Project1\Code\Project-for-Work\data\images\dandydanno_twitter_ef12be32.jpg,dandydanno,twitter,2026-01-12T01:16:40.474386
danehartwell_twitter_55c96988,d:\66070260-Year3_Term2\Project1\Code\Project-for-Work\data\images\danehartwell_twitter_55c96988.jpg,danehartwell,twitter,2026-01-12T01:16:40.519182
danielabutcu_twitter_7d4b625d,d:\66070260-Year3_Term2\Project1\Code\Project-for-Work\data\images\danielabutcu_twitter_7d4b625d.jpg,danielabutcu,twitter,2026-01-12T01:16:40.562072
danielcaceres_twitter_9af3b8da,d:\66070260-Year3_Term2\Project1\Code\Project-for-Work\data\images\danielcaceres_twitter_9af3b8da.jpg,danielcaceres,twitter,2026-01-12T01:16:40.596085
danielebazzano_twitter_19b02179,d:\66070260-Year3_Term2\Project1\Code\Project-for-Work\data\images\danielebazzano_twitter_19b02179.jpg,danielebazzano,twitter,2026-01-12T01:16:40.637949
danieledler_twitter_41d3d564,d:\66070260-Year3_Term2\Project1\Code\Project-for-Work\data\images\danieledler_twitter_41d3d564.jpg,danieledler,twitter,2026-01-12T01:16:40.671487
danielemoggia_twitter_87fe0fcc,d:\66070260-Year3_Term2\Project1\Code\Project-for-Work\data\images\danielemoggia_twitter_87fe0fcc.jpg,danielemoggia,twitter,2026-01-12T01:16:40.685444
daniellekogan_twitter_3137e165,d:\66070260-Year3_Term2\Project1\Code\Project-for-Work\data\images\daniellekogan_twitter_3137e165.jpg,daniellekogan,twitter,2026-01-12T01:16:40.720817
danielmoreno_twitter_0eb29f76,d:\66070260-Year3_Term2\Project1\Code\Project-for-Work\data\images\danielmoreno_twitter_0eb29f76.jpg,danielmoreno,twitter,2026-01-12T01:16:40.757491
danielrdossantos_twitter_1e6d964f,d:\66070260-Year3_Term2\Project1\Code\Project-for-Work\data\images\danielrdossantos_twitter_1e6d964f.jpg,danielrdossantos,twitter,2026-01-12T01:16:40.791152
danielscott_twitter_7b207443,d:\66070260-Year3_Term2\Project1\Code\Project-for-Work\data\images\danielscott_twitter_7b207443.jpg,danielscott,twitter,2026-01-12T01:16:40.831115
danieltaylor_twitter_a7eb9594,d:\66070260-Year3_Term2\Project1\Code\Project-for-Work\data\images\danieltaylor_twitter_a7eb9594.jpg,danieltaylor,twitter,2026-01-12T01:16:40.863217
daniiloros_twitter_1b7fc941,d:\66070260-Year3_Term2\Project1\Code\Project-for-Work\data\images\daniiloros_twitter_1b7fc941.jpg,daniiloros,twitter,2026-01-12T01:16:40.910423
danilojrr_twitter_3393482a,d:\66070260-Year3_Term2\Project1\Code\Project-for-Work\data\images\danilojrr_twitter_3393482a.jpg,danilojrr,twitter,2026-01-12T01:16:40.941438
dannybooty_twitter_7807c270,d:\66070260-Year3_Term2\Project1\Code\Project-for-Work\data\images\dannybooty_twitter_7807c270.jpg,dannybooty,twitter,2026-01-12T01:16:40.982321
dannyj_twitter_fa0ffae7,d:\66070260-Year3_Term2\Project1\Code\Project-for-Work\data\images\dannyj_twitter_fa0ffae7.jpg,dannyj,twitter,2026-01-12T01:16:41.005674
dannyngan_twitter_47a10694,d:\66070260-Year3_Term2\Project1\Code\Project-for-Work\data\images\dannyngan_twitter_47a10694.jpg,dannyngan,twitter,2026-01-12T01:16:41.052160
danpancamo_twitter_33361335,d:\66070260-Year3_Term2\Project1\Code\Project-for-Work\data\images\danpancamo_twitter_33361335.jpg,danpancamo,twitter,2026-01-12T01:16:41.094883
danweese_twitter_b5c73ac6,d:\66070260-Year3_Term2\Project1\Code\Project-for-Work\data\images\danweese_twitter_b5c73ac6.jpg,danweese,twitter,2026-01-12T01:16:41.137589
danzenbinos_twitter_b356a406,d:\66070260-Year3_Term2\Project1\Code\Project-for-Work\data\images\danzenbinos_twitter_b356a406.jpg,danzenbinos,twitter,2026-01-12T01:16:41.169395
daphnecheung_twitter_066f0253,d:\66070260-Year3_Term2\Project1\Code\Project-for-Work\data\images\daphnecheung_twitter_066f0253.jpg,daphnecheung,twitter,2026-01-12T01:16:41.196408
daphnemaia_twitter_7a44e1c8,d:\66070260-Year3_Term2\Project1\Code\Project-for-Work\data\images\daphnemaia_twitter_7a44e1c8.jpg,daphnemaia,twitter,2026-01-12T01:16:41.219471
dargadgetz_twitter_cbf72175,d:\66070260-Year3_Term2\Project1\Code\Project-for-Work\data\images\dargadgetz_twitter_cbf72175.jpg,dargadgetz,twitter,2026-01-12T01:16:41.243023
dari0_twitter_ea3c410f,d:\66070260-Year3_Term2\Project1\Code\Project-for-Work\data\images\dari0_twitter_ea3c410f.jpg,dari0,twitter,2026-01-12T01:16:41.273515
darleenepowells_twitter_174e051d,d:\66070260-Year3_Term2\Project1\Code\Project-for-Work\data\images\darleenepowells_twitter_174e051d.jpg,darleenepowells,twitter,2026-01-12T01:16:41.309263
darraghdoyle_twitter_e307fd7a,d:\66070260-Year3_Term2\Project1\Code\Project-for-Work\data\images\darraghdoyle_twitter_e307fd7a.jpg,darraghdoyle,twitter,2026-01-12T01:16:41.359078
darrenlawson_twitter_ac20bd72,d:\66070260-Year3_Term2\Project1\Code\Project-for-Work\data\images\darrenlawson_twitter_ac20bd72.jpg,darrenlawson,twitter,2026-01-12T01:16:41.368984
darrent_twitter_68c4e428,d:\66070260-Year3_Term2\Project1\Code\Project-for-Work\data\images\darrent_twitter_68c4e428.jpg,darrent,twitter,2026-01-12T01:16:41.392854
darrenwoolley_twitter_f6bb37d4,d:\66070260-Year3_Term2\Project1\Code\Project-for-Work\data\images\darrenwoolley_twitter_f6bb37d4.jpg,darrenwoolley,twitter,2026-01-12T01:16:41.429264
darrylpropp_twitter_0168deaf,d:\66070260-Year3_Term2\Project1\Code\Project-for-Work\data\images\darrylpropp_twitter_0168deaf.jpg,darrylpropp,twitter,2026-01-12T01:16:41.461062
darrymorales_twitter_7904179d,d:\66070260-Year3_Term2\Project1\Code\Project-for-Work\data\images\darrymorales_twitter_7904179d.jpg,darrymorales,twitter,2026-01-12T01:16:41.499599
dashable_twitter_d63199fa,d:\66070260-Year3_Term2\Project1\Code\Project-for-Work\data\images\dashable_twitter_d63199fa.jpg,dashable,twitter,2026-01-12T01:16:41.536841
daveballesteros_twitter_9911bb49,d:\66070260-Year3_Term2\Project1\Code\Project-for-Work\data\images\daveballesteros_twitter_9911bb49.jpg,daveballesteros,twitter,2026-01-12T01:16:41.571066
davecornthwaite_twitter_669fd37e,d:\66070260-Year3_Term2\Project1\Code\Project-for-Work\data\images\davecornthwaite_twitter_669fd37e.jpg,davecornthwaite,twitter,2026-01-12T01:16:41.618593
davefernandez_twitter_965d60af,d:\66070260-Year3_Term2\Project1\Code\Project-for-Work\data\images\davefernandez_twitter_965d60af.jpg,davefernandez,twitter,2026-01-12T01:16:41.647751
davefrost_twitter_4857b9aa,d:\66070260-Year3_Term2\Project1\Code\Project-for-Work\data\images\davefrost_twitter_4857b9aa.jpg,davefrost,twitter,2026-01-12T01:16:41.688006
davegoodman_twitter_f5edb1d1,d:\66070260-Year3_Term2\Project1\Code\Project-for-Work\data\images\davegoodman_twitter_f5edb1d1.jpg,davegoodman,twitter,2026-01-12T01:16:41.727507
daveknight_twitter_08e16d31,d:\66070260-Year3_Term2\Project1\Code\Project-for-Work\data\images\daveknight_twitter_08e16d31.jpg,daveknight,twitter,2026-01-12T01:16:41.780211
davekyte_twitter_8e739e78,d:\66070260-Year3_Term2\Project1\Code\Project-for-Work\data\images\davekyte_twitter_8e739e78.jpg,davekyte,twitter,2026-01-12T01:16:41.808239
davidadams_twitter_f5739526,d:\66070260-Year3_Term2\Project1\Code\Project-for-Work\data\images\davidadams_twitter_f5739526.jpg,davidadams,twitter,2026-01-12T01:16:41.846452
davidbird_twitter_6d8b869c,d:\66070260-Year3_Term2\Project1\Code\Project-for-Work\data\images\davidbird_twitter_6d8b869c.jpg,davidbird,twitter,2026-01-12T01:16:41.873566
davidcardona_twitter_e87a87f5,d:\66070260-Year3_Term2\Project1\Code\Project-for-Work\data\images\davidcardona_twitter_e87a87f5.jpg,davidcardona,twitter,2026-01-12T01:16:41.921184
davidcorpuz_twitter_31ba3e62,d:\66070260-Year3_Term2\Project1\Code\Project-for-Work\data\images\davidcorpuz_twitter_31ba3e62.jpg,davidcorpuz,twitter,2026-01-12T01:16:41.966105
davideesposto_twitter_155bc801,d:\66070260-Year3_Term2\Project1\Code\Project-for-Work\data\images\davideesposto_twitter_155bc801.jpg,davideesposto,twitter,2026-01-12T01:16:41.998584
davidegrassi_twitter_16ea7565,d:\66070260-Year3_Term2\Project1\Code\Project-for-Work\data\images\davidegrassi_twitter_16ea7565.jpg,davidegrassi,twitter,2026-01-12T01:16:42.045737
davidessex_twitter_08e9d009,d:\66070260-Year3_Term2\Project1\Code\Project-for-Work\data\images\davidessex_twitter_08e9d009.jpg,davidessex,twitter,2026-01-12T01:16:42.080762
davidfernando_twitter_35df02d1,d:\66070260-Year3_Term2\Project1\Code\Project-for-Work\data\images\davidfernando_twitter_35df02d1.jpg,davidfernando,twitter,2026-01-12T01:16:42.113501
davidhartlcz_twitter_971ffbaf,d:\66070260-Year3_Term2\Project1\Code\Project-for-Work\data\images\davidhartlcz_twitter_971ffbaf.jpg,davidhartlcz,twitter,2026-01-12T01:16:42.147102
davidhousholder_twitter_ec9529cf,d:\66070260-Year3_Term2\Project1\Code\Project-for-Work\data\images\davidhousholder_twitter_ec9529cf.jpg,davidhousholder,twitter,2026-01-12T01:16:42.172500
davidleebiz_twitter_bb80b4af,d:\66070260-Year3_Term2\Project1\Code\Project-for-Work\data\images\davidleebiz_twitter_bb80b4af.jpg,davidleebiz,twitter,2026-01-12T01:16:42.206328
davidlewismd_twitter_078ef74d,d:\66070260-Year3_Term2\Project1\Code\Project-for-Work\data\images\davidlewismd_twitter_078ef74d.jpg,davidlewismd,twitter,2026-01-12T01:16:42.237302
davidmerinas_twitter_44e6f2c3,d:\66070260-Year3_Term2\Project1\Code\Project-for-Work\data\images\davidmerinas_twitter_44e6f2c3.jpg,davidmerinas,twitter,2026-01-12T01:16:42.269113
davidmichaelwynne_twitter_1e919770,d:\66070260-Year3_Term2\Project1\Code\Project-for-Work\data\images\davidmichaelwynne_twitter_1e919770.jpg,davidmichaelwynne,twitter,2026-01-12T01:16:42.301761
davidparmet_twitter_c1b1ea41,d:\66070260-Year3_Term2\Project1\Code\Project-for-Work\data\images\davidparmet_twitter_c1b1ea41.jpg,davidparmet,twitter,2026-01-12T01:16:42.330178
davidramirezordonez_twitter_960792e0,d:\66070260-Year3_Term2\Project1\Code\Project-for-Work\data\images\davidramirezordonez_twitter_960792e0.jpg,davidramirezordonez,twitter,2026-01-12T01:16:42.352897
davidredelberger_twitter_85f266d5,d:\66070260-Year3_Term2\Project1\Code\Project-for-Work\data\images\davidredelberger_twitter_85f266d5.jpg,davidredelberger,twitter,2026-01-12T01:16:42.389689
davidsmcnamara_twitter_50df5f9a,d:\66070260-Year3_Term2\Project1\Code\Project-for-Work\data\images\davidsmcnamara_twitter_50df5f9a.jpg,davidsmcnamara,twitter,2026-01-12T01:16:42.423859
davidvidorreta_twitter_fdd2fc66,d:\66070260-Year3_Term2\Project1\Code\Project-for-Work\data\images\davidvidorreta_twitter_fdd2fc66.jpg,davidvidorreta,twitter,2026-01-12T01:16:42.466539
davidweaver_twitter_c4e8662d,d:\66070260-Year3_Term2\Project1\Code\Project-for-Work\data\images\davidweaver_twitter_c4e8662d.jpg,davidweaver,twitter,2026-01-12T01:16:42.512089
davispaul_twitter_06b1e068,d:\66070260-Year3_Term2\Project1\Code\Project-for-Work\data\images\davispaul_twitter_06b1e068.jpg,davispaul,twitter,2026-01-12T01:16:42.548838
dawnnewton_twitter_689f2268,d:\66070260-Year3_Term2\Project1\Code\Project-for-Work\data\images\dawnnewton_twitter_689f2268.jpg,dawnnewton,twitter,2026-01-12T01:16:42.572672
daynah_twitter_4ebf57dd,d:\66070260-Year3_Term2\Project1\Code\Project-for-Work\data\images\daynah_twitter_4ebf57dd.jpg,daynah,twitter,2026-01-12T01:16:42.619673
dayveeka_twitter_f1fd7dd7,d:\66070260-Year3_Term2\Project1\Code\Project-for-Work\data\images\dayveeka_twitter_f1fd7dd7.jpg,dayveeka,twitter,2026-01-12T01:16:42.651325
dazeofadventure_twitter_a026ece0,d:\66070260-Year3_Term2\Project1\Code\Project-for-Work\data\images\dazeofadventure_twitter_a026ece0.jpg,dazeofadventure,twitter,2026-01-12T01:16:42.696564
dbhaffey_twitter_2b48ac41,d:\66070260-Year3_Term2\Project1\Code\Project-for-Work\data\images\dbhaffey_twitter_2b48ac41.jpg,dbhaffey,twitter,2026-01-12T01:16:42.729095
dciandy_twitter_5eeffa89,d:\66070260-Year3_Term2\Project1\Code\Project-for-Work\data\images\dciandy_twitter_5eeffa89.jpg,dciandy,twitter,2026-01-12T01:16:42.770307
deabaria_twitter_ca5f4029,d:\66070260-Year3_Term2\Project1\Code\Project-for-Work\data\images\deabaria_twitter_ca5f4029.jpg,deabaria,twitter,2026-01-12T01:16:42.806942
deanmarsden_twitter_2282393e,d:\66070260-Year3_Term2\Project1\Code\Project-for-Work\data\images\deanmarsden_twitter_2282393e.jpg,deanmarsden,twitter,2026-01-12T01:16:42.834029
deanwormell_twitter_d8a5addc,d:\66070260-Year3_Term2\Project1\Code\Project-for-Work\data\images\deanwormell_twitter_d8a5addc.jpg,deanwormell,twitter,2026-01-12T01:16:42.874972
deaydre_twitter_ad8d4d92,d:\66070260-Year3_Term2\Project1\Code\Project-for-Work\data\images\deaydre_twitter_ad8d4d92.jpg,deaydre,twitter,2026-01-12T01:16:42.914100
debbiegioquindo_twitter_c441f559,d:\66070260-Year3_Term2\Project1\Code\Project-for-Work\data\images\debbiegioquindo_twitter_c441f559.jpg,debbiegioquindo,twitter,2026-01-12T01:16:42.953367
deborahpagliuca_twitter_e09335ef,d:\66070260-Year3_Term2\Project1\Code\Project-for-Work\data\images\deborahpagliuca_twitter_e09335ef.jpg,deborahpagliuca,twitter,2026-01-12T01:16:42.996208
dedicatedshep_twitter_8ab189e1,d:\66070260-Year3_Term2\Project1\Code\Project-for-Work\data\images\dedicatedshep_twitter_8ab189e1.jpg,dedicatedshep,twitter,2026-01-12T01:16:43.020979
deepeshmd_twitter_640a6027,d:\66070260-Year3_Term2\Project1\Code\Project-for-Work\data\images\deepeshmd_twitter_640a6027.jpg,deepeshmd,twitter,2026-01-12T01:16:43.054159
deflemonkid_twitter_0e653e8f,d:\66070260-Year3_Term2\Project1\Code\Project-for-Work\data\images\deflemonkid_twitter_0e653e8f.jpg,deflemonkid,twitter,2026-01-12T01:16:43.093893
defyrecordings_twitter_48fe0fd6,d:\66070260-Year3_Term2\Project1\Code\Project-for-Work\data\images\defyrecordings_twitter_48fe0fd6.jpg,defyrecordings,twitter,2026-01-12T01:16:43.120045
delcoursolutions_twitter_aff8b44a,d:\66070260-Year3_Term2\Project1\Code\Project-for-Work\data\images\delcoursolutions_twitter_aff8b44a.jpg,delcoursolutions,twitter,2026-01-12T01:16:43.145098
delgeronimo_twitter_4764d08d,d:\66070260-Year3_Term2\Project1\Code\Project-for-Work\data\images\delgeronimo_twitter_4764d08d.jpg,delgeronimo,twitter,2026-01-12T01:16:43.169438
denikasep_twitter_01c54f23,d:\66070260-Year3_Term2\Project1\Code\Project-for-Work\data\images\denikasep_twitter_01c54f23.jpg,denikasep,twitter,2026-01-12T01:16:43.203665
denisdoeland_twitter_78fe7afa,d:\66070260-Year3_Term2\Project1\Code\Project-for-Work\data\images\denisdoeland_twitter_78fe7afa.jpg,denisdoeland,twitter,2026-01-12T01:16:43.237791
denisdubois_twitter_eebb382f,d:\66070260-Year3_Term2\Project1\Code\Project-for-Work\data\images\denisdubois_twitter_eebb382f.jpg,denisdubois,twitter,2026-01-12T01:16:43.280925
dennissmith_twitter_38d5aeeb,d:\66070260-Year3_Term2\Project1\Code\Project-for-Work\data\images\dennissmith_twitter_38d5aeeb.jpg,dennissmith,twitter,2026-01-12T01:16:43.352804
derekameyer_twitter_333d03ff,d:\66070260-Year3_Term2\Project1\Code\Project-for-Work\data\images\derekameyer_twitter_333d03ff.jpg,derekameyer,twitter,2026-01-12T01:16:43.378023
derekfromson_twitter_d09c64c2,d:\66070260-Year3_Term2\Project1\Code\Project-for-Work\data\images\derekfromson_twitter_d09c64c2.jpg,derekfromson,twitter,2026-01-12T01:16:43.416565
derekmcclain_twitter_f0330ee8,d:\66070260-Year3_Term2\Project1\Code\Project-for-Work\data\images\derekmcclain_twitter_f0330ee8.jpg,derekmcclain,twitter,2026-01-12T01:16:43.452313
derekrstewart_twitter_42ae9ed0,d:\66070260-Year3_Term2\Project1\Code\Project-for-Work\data\images\derekrstewart_twitter_42ae9ed0.jpg,derekrstewart,twitter,2026-01-12T01:16:43.490281
designergna_twitter_3e37fa1f,d:\66070260-Year3_Term2\Project1\Code\Project-for-Work\data\images\designergna_twitter_3e37fa1f.jpg,designergna,twitter,2026-01-12T01:16:43.518766
det_twitter_146cc4e8,d:\66070260-Year3_Term2\Project1\Code\Project-for-Work\data\images\det_twitter_146cc4e8.jpg,det,twitter,2026-01-12T01:16:43.562917
developer71facebookgarygilstrap_twitter_734f35dc,d:\66070260-Year3_Term2\Project1\Code\Project-for-Work\data\images\developer71facebookgarygilstrap_twitter_734f35dc.jpg,developer71facebookgarygilstrap,twitter,2026-01-12T01:16:43.586351
developit_twitter_101a5bec,d:\66070260-Year3_Term2\Project1\Code\Project-for-Work\data\images\developit_twitter_101a5bec.jpg,developit,twitter,2026-01-12T01:16:43.609616
dewitopia_twitter_35e0a569,d:\66070260-Year3_Term2\Project1\Code\Project-for-Work\data\images\dewitopia_twitter_35e0a569.jpg,dewitopia,twitter,2026-01-12T01:16:43.635923
deya_twitter_e8aefea4,d:\66070260-Year3_Term2\Project1\Code\Project-for-Work\data\images\deya_twitter_e8aefea4.jpg,deya,twitter,2026-01-12T01:16:43.669025
deydos_twitter_1dd3fcf0,d:\66070260-Year3_Term2\Project1\Code\Project-for-Work\data\images\deydos_twitter_1dd3fcf0.jpg,deydos,twitter,2026-01-12T01:16:43.692296
dezelquillen_twitter_2692dfd8,d:\66070260-Year3_Term2\Project1\Code\Project-for-Work\data\images\dezelquillen_twitter_2692dfd8.jpg,dezelquillen,twitter,2026-01-12T01:16:43.729226
dezydelima_twitter_5a390cc6,d:\66070260-Year3_Term2\Project1\Code\Project-for-Work\data\images\dezydelima_twitter_5a390cc6.jpg,dezydelima,twitter,2026-01-12T01:16:43.772340
dheras_twitter_41bab982,d:\66070260-Year3_Term2\Project1\Code\Project-for-Work\data\images\dheras_twitter_41bab982.jpg,dheras,twitter,2026-01-12T01:16:43.815909
dianaantholis_twitter_c160d10e,d:\66070260-Year3_Term2\Project1\Code\Project-for-Work\data\images\dianaantholis_twitter_c160d10e.jpg,dianaantholis,twitter,2026-01-12T01:16:43.859973
dianemueller_twitter_38e29cb7,d:\66070260-Year3_Term2\Project1\Code\Project-for-Work\data\images\dianemueller_twitter_38e29cb7.jpg,dianemueller,twitter,2026-01-12T01:16:43.909212
diavianjacob_twitter_14603c8d,d:\66070260-Year3_Term2\Project1\Code\Project-for-Work\data\images\diavianjacob_twitter_14603c8d.jpg,diavianjacob,twitter,2026-01-12T01:16:43.938246
dibusydeabus_twitter_be9606fc,d:\66070260-Year3_Term2\Project1\Code\Project-for-Work\data\images\dibusydeabus_twitter_be9606fc.jpg,dibusydeabus,twitter,2026-01-12T01:16:43.975397
diegofunaro_twitter_78e8c37c,d:\66070260-Year3_Term2\Project1\Code\Project-for-Work\data\images\diegofunaro_twitter_78e8c37c.jpg,diegofunaro,twitter,2026-01-12T01:16:44.012561
diegomanule_twitter_581873e7,d:\66070260-Year3_Term2\Project1\Code\Project-for-Work\data\images\diegomanule_twitter_581873e7.jpg,diegomanule,twitter,2026-01-12T01:16:44.042075
dieterpeeters_twitter_1b4053d2,d:\66070260-Year3_Term2\Project1\Code\Project-for-Work\data\images\dieterpeeters_twitter_1b4053d2.jpg,dieterpeeters,twitter,2026-01-12T01:16:44.096465
dimyume_twitter_ee158cea,d:\66070260-Year3_Term2\Project1\Code\Project-for-Work\data\images\dimyume_twitter_ee158cea.jpg,dimyume,twitter,2026-01-12T01:16:44.121789
divaka_twitter_efa86dab,d:\66070260-Year3_Term2\Project1\Code\Project-for-Work\data\images\divaka_twitter_efa86dab.jpg,divaka,twitter,2026-01-12T01:16:44.154509
divanotrite_twitter_b4bba3f1,d:\66070260-Year3_Term2\Project1\Code\Project-for-Work\data\images\divanotrite_twitter_b4bba3f1.jpg,divanotrite,twitter,2026-01-12T01:16:44.194277
djduncan_twitter_80542429,d:\66070260-Year3_Term2\Project1\Code\Project-for-Work\data\images\djduncan_twitter_80542429.jpg,djduncan,twitter,2026-01-12T01:16:44.233082
djemiliot_twitter_721ba2df,d:\66070260-Year3_Term2\Project1\Code\Project-for-Work\data\images\djemiliot_twitter_721ba2df.jpg,djemiliot,twitter,2026-01-12T01:16:44.273622
djquietstorm_twitter_ca5bb7de,d:\66070260-Year3_Term2\Project1\Code\Project-for-Work\data\images\djquietstorm_twitter_ca5bb7de.jpg,djquietstorm,twitter,2026-01-12T01:16:44.306854
djthedoctor_twitter_acf0bd78,d:\66070260-Year3_Term2\Project1\Code\Project-for-Work\data\images\djthedoctor_twitter_acf0bd78.jpg,djthedoctor,twitter,2026-01-12T01:16:44.347610
dkakaiya_twitter_5abbc578,d:\66070260-Year3_Term2\Project1\Code\Project-for-Work\data\images\dkakaiya_twitter_5abbc578.jpg,dkakaiya,twitter,2026-01-12T01:16:44.397912
dlosuna_twitter_a4bbb25c,d:\66070260-Year3_Term2\Project1\Code\Project-for-Work\data\images\dlosuna_twitter_a4bbb25c.jpg,dlosuna,twitter,2026-01-12T01:16:44.442230
dmjoaoigor_twitter_5255b0cf,d:\66070260-Year3_Term2\Project1\Code\Project-for-Work\data\images\dmjoaoigor_twitter_5255b0cf.jpg,dmjoaoigor,twitter,2026-01-12T01:16:44.474338
dnay_twitter_b7855b18,d:\66070260-Year3_Term2\Project1\Code\Project-for-Work\data\images\dnay_twitter_b7855b18.jpg,dnay,twitter,2026-01-12T01:16:44.502247
doanttran_twitter_b4c51a82,d:\66070260-Year3_Term2\Project1\Code\Project-for-Work\data\images\doanttran_twitter_b4c51a82.jpg,doanttran,twitter,2026-01-12T01:16:44.543260
docouto_twitter_05278e0f,d:\66070260-Year3_Term2\Project1\Code\Project-for-Work\data\images\docouto_twitter_05278e0f.jpg,docouto,twitter,2026-01-12T01:16:44.583654
doctorparadox_twitter_307d3001,d:\66070260-Year3_Term2\Project1\Code\Project-for-Work\data\images\doctorparadox_twitter_307d3001.jpg,doctorparadox,twitter,2026-01-12T01:16:44.602376
dolmisani_twitter_6fd452b3,d:\66070260-Year3_Term2\Project1\Code\Project-for-Work\data\images\dolmisani_twitter_6fd452b3.jpg,dolmisani,twitter,2026-01-12T01:16:44.647031
dolphinsmind_twitter_29ffa7f7,d:\66070260-Year3_Term2\Project1\Code\Project-for-Work\data\images\dolphinsmind_twitter_29ffa7f7.jpg,dolphinsmind,twitter,2026-01-12T01:16:44.682714
dominicfuchs_twitter_3dd46828,d:\66070260-Year3_Term2\Project1\Code\Project-for-Work\data\images\dominicfuchs_twitter_3dd46828.jpg,dominicfuchs,twitter,2026-01-12T01:16:44.718452
dominiquedesrosiers_twitter_491b580b,d:\66070260-Year3_Term2\Project1\Code\Project-for-Work\data\images\dominiquedesrosiers_twitter_491b580b.jpg,dominiquedesrosiers,twitter,2026-01-12T01:16:44.746335
domusauditoirum_twitter_0da830f7,d:\66070260-Year3_Term2\Project1\Code\Project-for-Work\data\images\domusauditoirum_twitter_0da830f7.jpg,domusauditoirum,twitter,2026-01-12T01:16:44.751574
domynatrix_twitter_39f16bb2,d:\66070260-Year3_Term2\Project1\Code\Project-for-Work\data\images\domynatrix_twitter_39f16bb2.jpg,domynatrix,twitter,2026-01-12T01:16:44.799154
donanela_twitter_53570524,d:\66070260-Year3_Term2\Project1\Code\Project-for-Work\data\images\donanela_twitter_53570524.jpg,donanela,twitter,2026-01-12T01:16:44.834834
donatellotrisolino_twitter_228b2167,d:\66070260-Year3_Term2\Project1\Code\Project-for-Work\data\images\donatellotrisolino_twitter_228b2167.jpg,donatellotrisolino,twitter,2026-01-12T01:16:44.868529
donkomo_twitter_ab97d4e6,d:\66070260-Year3_Term2\Project1\Code\Project-for-Work\data\images\donkomo_twitter_ab97d4e6.jpg,donkomo,twitter,2026-01-12T01:16:44.890420
donmik_twitter_57ef4d09,d:\66070260-Year3_Term2\Project1\Code\Project-for-Work\data\images\donmik_twitter_57ef4d09.jpg,donmik,twitter,2026-01-12T01:16:44.924692
dontpose_twitter_e74e011e,d:\66070260-Year3_Term2\Project1\Code\Project-for-Work\data\images\dontpose_twitter_e74e011e.jpg,dontpose,twitter,2026-01-12T01:16:44.955757
dorahardy_twitter_be7955e9,d:\66070260-Year3_Term2\Project1\Code\Project-for-Work\data\images\dorahardy_twitter_be7955e9.jpg,dorahardy,twitter,2026-01-12T01:16:44.995183
dorothylovy_twitter_b7630072,d:\66070260-Year3_Term2\Project1\Code\Project-for-Work\data\images\dorothylovy_twitter_b7630072.jpg,dorothylovy,twitter,2026-01-12T01:16:45.046042
dorsetscouser_twitter_5b0e44c8,d:\66070260-Year3_Term2\Project1\Code\Project-for-Work\data\images\dorsetscouser_twitter_5b0e44c8.jpg,dorsetscouser,twitter,2026-01-12T01:16:45.086937
dotsilicon_twitter_b88e6752,d:\66070260-Year3_Term2\Project1\Code\Project-for-Work\data\images\dotsilicon_twitter_b88e6752.jpg,dotsilicon,twitter,2026-01-12T01:16:45.117081
dougfrancis_twitter_7179cfd3,d:\66070260-Year3_Term2\Project1\Code\Project-for-Work\data\images\dougfrancis_twitter_7179cfd3.jpg,dougfrancis,twitter,2026-01-12T01:16:45.152337
doughiltz_twitter_1617e4a6,d:\66070260-Year3_Term2\Project1\Code\Project-for-Work\data\images\doughiltz_twitter_1617e4a6.jpg,doughiltz,twitter,2026-01-12T01:16:45.193071
dppschoenmaker_twitter_71559a68,d:\66070260-Year3_Term2\Project1\Code\Project-for-Work\data\images\dppschoenmaker_twitter_71559a68.jpg,dppschoenmaker,twitter,2026-01-12T01:16:45.222732
drchrisstout_twitter_1f3b1e75,d:\66070260-Year3_Term2\Project1\Code\Project-for-Work\data\images\drchrisstout_twitter_1f3b1e75.jpg,drchrisstout,twitter,2026-01-12T01:16:45.266200
dreammm_twitter_4454b8d9,d:\66070260-Year3_Term2\Project1\Code\Project-for-Work\data\images\dreammm_twitter_4454b8d9.jpg,dreammm,twitter,2026-01-12T01:16:45.313428
dreaprieto_twitter_d7289e52,d:\66070260-Year3_Term2\Project1\Code\Project-for-Work\data\images\dreaprieto_twitter_d7289e52.jpg,dreaprieto,twitter,2026-01-12T01:16:45.356525
drewalanbeaty_twitter_7c9415db,d:\66070260-Year3_Term2\Project1\Code\Project-for-Work\data\images\drewalanbeaty_twitter_7c9415db.jpg,drewalanbeaty,twitter,2026-01-12T01:16:45.394997
drseisenberg_twitter_5710be4b,d:\66070260-Year3_Term2\Project1\Code\Project-for-Work\data\images\drseisenberg_twitter_5710be4b.jpg,drseisenberg,twitter,2026-01-12T01:16:45.428833
dubecarlos_twitter_8b1ab165,d:\66070260-Year3_Term2\Project1\Code\Project-for-Work\data\images\dubecarlos_twitter_8b1ab165.jpg,dubecarlos,twitter,2026-01-12T01:16:45.470234
dustinhershberger_twitter_f9f3f530,d:\66070260-Year3_Term2\Project1\Code\Project-for-Work\data\images\dustinhershberger_twitter_f9f3f530.jpg,dustinhershberger,twitter,2026-01-12T01:16:45.507658
dwanellington_twitter_54c856c9,d:\66070260-Year3_Term2\Project1\Code\Project-for-Work\data\images\dwanellington_twitter_54c856c9.jpg,dwanellington,twitter,2026-01-12T01:16:45.544963
dwymonster_twitter_95ee518d,d:\66070260-Year3_Term2\Project1\Code\Project-for-Work\data\images\dwymonster_twitter_95ee518d.jpg,dwymonster,twitter,2026-01-12T01:16:45.572452
dygrafi_twitter_e4203246,d:\66070260-Year3_Term2\Project1\Code\Project-for-Work\data\images\dygrafi_twitter_e4203246.jpg,dygrafi,twitter,2026-01-12T01:16:45.625735
dyzisaboy_twitter_68cb24bb,d:\66070260-Year3_Term2\Project1\Code\Project-for-Work\data\images\dyzisaboy_twitter_68cb24bb.jpg,dyzisaboy,twitter,2026-01-12T01:16:45.656829
eamrselim_twitter_e64b635f,d:\66070260-Year3_Term2\Project1\Code\Project-for-Work\data\images\eamrselim_twitter_e64b635f.jpg,eamrselim,twitter,2026-01-12T01:16:45.685470
earthxplorer_twitter_d2164e6e,d:\66070260-Year3_Term2\Project1\Code\Project-for-Work\data\images\earthxplorer_twitter_d2164e6e.jpg,earthxplorer,twitter,2026-01-12T01:16:45.733250
ebaechler_twitter_13a3e0ec,d:\66070260-Year3_Term2\Project1\Code\Project-for-Work\data\images\ebaechler_twitter_13a3e0ec.jpg,ebaechler,twitter,2026-01-12T01:16:45.764280
eboniife_twitter_6ba529bb,d:\66070260-Year3_Term2\Project1\Code\Project-for-Work\data\images\eboniife_twitter_6ba529bb.jpg,eboniife,twitter,2026-01-12T01:16:45.810759
edersonsandre_twitter_40a51b70,d:\66070260-Year3_Term2\Project1\Code\Project-for-Work\data\images\edersonsandre_twitter_40a51b70.jpg,edersonsandre,twitter,2026-01-12T01:16:45.839678
edesonsouza_twitter_47d98416,d:\66070260-Year3_Term2\Project1\Code\Project-for-Work\data\images\edesonsouza_twitter_47d98416.jpg,edesonsouza,twitter,2026-01-12T01:16:45.881666
edmondwong_twitter_20b3e730,d:\66070260-Year3_Term2\Project1\Code\Project-for-Work\data\images\edmondwong_twitter_20b3e730.jpg,edmondwong,twitter,2026-01-12T01:16:45.915844
edna_twitter_4043f2e2,d:\66070260-Year3_Term2\Project1\Code\Project-for-Work\data\images\edna_twitter_4043f2e2.jpg,edna,twitter,2026-01-12T01:16:45.954690
edsafin_twitter_48e6c4fe,d:\66070260-Year3_Term2\Project1\Code\Project-for-Work\data\images\edsafin_twitter_48e6c4fe.jpg,edsafin,twitter,2026-01-12T01:16:45.986030
edscanlan_twitter_e8fd8f8e,d:\66070260-Year3_Term2\Project1\Code\Project-for-Work\data\images\edscanlan_twitter_e8fd8f8e.jpg,edscanlan,twitter,2026-01-12T01:16:46.026032
eduardohernandezcamacho_twitter_fbab3acb,d:\66070260-Year3_Term2\Project1\Code\Project-for-Work\data\images\eduardohernandezcamacho_twitter_fbab3acb.jpg,eduardohernandezcamacho,twitter,2026-01-12T01:16:46.070550
edwardanton_twitter_8023d850,d:\66070260-Year3_Term2\Project1\Code\Project-for-Work\data\images\edwardanton_twitter_8023d850.jpg,edwardanton,twitter,2026-01-12T01:16:46.106770
edwardloh_twitter_1b11869b,d:\66070260-Year3_Term2\Project1\Code\Project-for-Work\data\images\edwardloh_twitter_1b11869b.jpg,edwardloh,twitter,2026-01-12T01:16:46.135948
efelippe_twitter_1e6d0fd4,d:\66070260-Year3_Term2\Project1\Code\Project-for-Work\data\images\efelippe_twitter_1e6d0fd4.jpg,efelippe,twitter,2026-01-12T01:16:46.183639
ehrok_twitter_741402f9,d:\66070260-Year3_Term2\Project1\Code\Project-for-Work\data\images\ehrok_twitter_741402f9.jpg,ehrok,twitter,2026-01-12T01:16:46.218849
ekafri_twitter_a931dc2e,d:\66070260-Year3_Term2\Project1\Code\Project-for-Work\data\images\ekafri_twitter_a931dc2e.jpg,ekafri,twitter,2026-01-12T01:16:46.267591
ekapol_twitter_ab7e2c2e,d:\66070260-Year3_Term2\Project1\Code\Project-for-Work\data\images\ekapol_twitter_ab7e2c2e.jpg,ekapol,twitter,2026-01-12T01:16:46.309628
ekiafoto_twitter_1e9f8267,d:\66070260-Year3_Term2\Project1\Code\Project-for-Work\data\images\ekiafoto_twitter_1e9f8267.jpg,ekiafoto,twitter,2026-01-12T01:16:46.361716
eladbs_twitter_c25597cb,d:\66070260-Year3_Term2\Project1\Code\Project-for-Work\data\images\eladbs_twitter_c25597cb.jpg,eladbs,twitter,2026-01-12T01:16:46.402974
elbisnet_twitter_0ddd1727,d:\66070260-Year3_Term2\Project1\Code\Project-for-Work\data\images\elbisnet_twitter_0ddd1727.jpg,elbisnet,twitter,2026-01-12T01:16:46.439343
elchaninovstar_twitter_65d649b4,d:\66070260-Year3_Term2\Project1\Code\Project-for-Work\data\images\elchaninovstar_twitter_65d649b4.jpg,elchaninovstar,twitter,2026-01-12T01:16:46.479657
elenakalis_twitter_2b609fb2,d:\66070260-Year3_Term2\Project1\Code\Project-for-Work\data\images\elenakalis_twitter_2b609fb2.jpg,elenakalis,twitter,2026-01-12T01:16:46.509141
elenamanzini_twitter_0e10cd47,d:\66070260-Year3_Term2\Project1\Code\Project-for-Work\data\images\elenamanzini_twitter_0e10cd47.jpg,elenamanzini,twitter,2026-01-12T01:16:46.553525
elenaperez_twitter_8babbb0b,d:\66070260-Year3_Term2\Project1\Code\Project-for-Work\data\images\elenaperez_twitter_8babbb0b.jpg,elenaperez,twitter,2026-01-12T01:16:46.595533
elenavelez_twitter_67cd0a55,d:\66070260-Year3_Term2\Project1\Code\Project-for-Work\data\images\elenavelez_twitter_67cd0a55.jpg,elenavelez,twitter,2026-01-12T01:16:46.631133
elerick_twitter_ff138f25,d:\66070260-Year3_Term2\Project1\Code\Project-for-Work\data\images\elerick_twitter_ff138f25.jpg,elerick,twitter,2026-01-12T01:16:46.662733
elfolen_twitter_4781ed1e,d:\66070260-Year3_Term2\Project1\Code\Project-for-Work\data\images\elfolen_twitter_4781ed1e.jpg,elfolen,twitter,2026-01-12T01:16:46.708339
elianaca_twitter_65ffe607,d:\66070260-Year3_Term2\Project1\Code\Project-for-Work\data\images\elianaca_twitter_65ffe607.jpg,elianaca,twitter,2026-01-12T01:16:46.722791
eliazu_twitter_d4a4006b,d:\66070260-Year3_Term2\Project1\Code\Project-for-Work\data\images\eliazu_twitter_d4a4006b.jpg,eliazu,twitter,2026-01-12T01:16:46.768177
eliezerdiaz_twitter_dfee71a0,d:\66070260-Year3_Term2\Project1\Code\Project-for-Work\data\images\eliezerdiaz_twitter_dfee71a0.jpg,eliezerdiaz,twitter,2026-01-12T01:16:46.801787
elisapicchiotti_twitter_9381e60a,d:\66070260-Year3_Term2\Project1\Code\Project-for-Work\data\images\elisapicchiotti_twitter_9381e60a.jpg,elisapicchiotti,twitter,2026-01-12T01:16:46.847255
eliut_twitter_7bac7c25,d:\66070260-Year3_Term2\Project1\Code\Project-for-Work\data\images\eliut_twitter_7bac7c25.jpg,eliut,twitter,2026-01-12T01:16:46.882971
elki_twitter_62538ef3,d:\66070260-Year3_Term2\Project1\Code\Project-for-Work\data\images\elki_twitter_62538ef3.jpg,elki,twitter,2026-01-12T01:16:46.924853
ellaclawley_twitter_429a8e4e,d:\66070260-Year3_Term2\Project1\Code\Project-for-Work\data\images\ellaclawley_twitter_429a8e4e.jpg,ellaclawley,twitter,2026-01-12T01:16:46.956368
elleiconlee_twitter_652343f4,d:\66070260-Year3_Term2\Project1\Code\Project-for-Work\data\images\elleiconlee_twitter_652343f4.jpg,elleiconlee,twitter,2026-01-12T01:16:47.005967
elleneinkauf_twitter_01a81fcd,d:\66070260-Year3_Term2\Project1\Code\Project-for-Work\data\images\elleneinkauf_twitter_01a81fcd.jpg,elleneinkauf,twitter,2026-01-12T01:16:47.039640
elliepotts_twitter_be65f5ba,d:\66070260-Year3_Term2\Project1\Code\Project-for-Work\data\images\elliepotts_twitter_be65f5ba.jpg,elliepotts,twitter,2026-01-12T01:16:47.071916
elmo_twitter_1eb34faf,d:\66070260-Year3_Term2\Project1\Code\Project-for-Work\data\images\elmo_twitter_1eb34faf.jpg,elmo,twitter,2026-01-12T01:16:47.112769
elreptar_twitter_32877a18,d:\66070260-Year3_Term2\Project1\Code\Project-for-Work\data\images\elreptar_twitter_32877a18.jpg,elreptar,twitter,2026-01-12T01:16:47.146464
elsander_twitter_cab25f9f,d:\66070260-Year3_Term2\Project1\Code\Project-for-Work\data\images\elsander_twitter_cab25f9f.jpg,elsander,twitter,2026-01-12T01:16:47.178653
eltounsi54_twitter_4af903d0,d:\66070260-Year3_Term2\Project1\Code\Project-for-Work\data\images\eltounsi54_twitter_4af903d0.jpg,eltounsi54,twitter,2026-01-12T01:16:47.207058
emanuelepapi_twitter_60a25b6d,d:\66070260-Year3_Term2\Project1\Code\Project-for-Work\data\images\emanuelepapi_twitter_60a25b6d.jpg,emanuelepapi,twitter,2026-01-12T01:16:47.253216
emiarai_twitter_cb588b6f,d:\66070260-Year3_Term2\Project1\Code\Project-for-Work\data\images\emiarai_twitter_cb588b6f.jpg,emiarai,twitter,2026-01-12T01:16:47.286295
emiliofolgar_twitter_8edc8e4e,d:\66070260-Year3_Term2\Project1\Code\Project-for-Work\data\images\emiliofolgar_twitter_8edc8e4e.jpg,emiliofolgar,twitter,2026-01-12T01:16:47.329428
emiloberg_twitter_992fa3db,d:\66070260-Year3_Term2\Project1\Code\Project-for-Work\data\images\emiloberg_twitter_992fa3db.jpg,emiloberg,twitter,2026-01-12T01:16:47.371858
emilymulle_twitter_868c94b0,d:\66070260-Year3_Term2\Project1\Code\Project-for-Work\data\images\emilymulle_twitter_868c94b0.jpg,emilymulle,twitter,2026-01-12T01:16:47.406535
emimatsushita_twitter_f5f1cd7b,d:\66070260-Year3_Term2\Project1\Code\Project-for-Work\data\images\emimatsushita_twitter_f5f1cd7b.jpg,emimatsushita,twitter,2026-01-12T01:16:47.431956
emmaruthbeer_twitter_376b09f0,d:\66070260-Year3_Term2\Project1\Code\Project-for-Work\data\images\emmaruthbeer_twitter_376b09f0.jpg,emmaruthbeer,twitter,2026-01-12T01:16:47.462893
emredjan_twitter_9d19ee46,d:\66070260-Year3_Term2\Project1\Code\Project-for-Work\data\images\emredjan_twitter_9d19ee46.jpg,emredjan,twitter,2026-01-12T01:16:47.500595
enricodemitri_twitter_a75b39d8,d:\66070260-Year3_Term2\Project1\Code\Project-for-Work\data\images\enricodemitri_twitter_a75b39d8.jpg,enricodemitri,twitter,2026-01-12T01:16:47.528105
enricorossomando_twitter_a860ca72,d:\66070260-Year3_Term2\Project1\Code\Project-for-Work\data\images\enricorossomando_twitter_a860ca72.jpg,enricorossomando,twitter,2026-01-12T01:16:47.568158
enricvega_twitter_57fe68e7,d:\66070260-Year3_Term2\Project1\Code\Project-for-Work\data\images\enricvega_twitter_57fe68e7.jpg,enricvega,twitter,2026-01-12T01:16:47.602696
enzomartinez_twitter_6199899f,d:\66070260-Year3_Term2\Project1\Code\Project-for-Work\data\images\enzomartinez_twitter_6199899f.jpg,enzomartinez,twitter,2026-01-12T01:16:47.636015
eole_twitter_390fd9f1,d:\66070260-Year3_Term2\Project1\Code\Project-for-Work\data\images\eole_twitter_390fd9f1.jpg,eole,twitter,2026-01-12T01:16:47.679537
eonsmiami_twitter_9e7024a6,d:\66070260-Year3_Term2\Project1\Code\Project-for-Work\data\images\eonsmiami_twitter_9e7024a6.jpg,eonsmiami,twitter,2026-01-12T01:16:47.711850
epuertas_twitter_3417f0b6,d:\66070260-Year3_Term2\Project1\Code\Project-for-Work\data\images\epuertas_twitter_3417f0b6.jpg,epuertas,twitter,2026-01-12T01:16:47.759068
erdelcroix_twitter_85f7e392,d:\66070260-Year3_Term2\Project1\Code\Project-for-Work\data\images\erdelcroix_twitter_85f7e392.jpg,erdelcroix,twitter,2026-01-12T01:16:47.790610
erdemtuzen_twitter_51c05135,d:\66070260-Year3_Term2\Project1\Code\Project-for-Work\data\images\erdemtuzen_twitter_51c05135.jpg,erdemtuzen,twitter,2026-01-12T01:16:47.816527
erdisi_twitter_40c83189,d:\66070260-Year3_Term2\Project1\Code\Project-for-Work\data\images\erdisi_twitter_40c83189.jpg,erdisi,twitter,2026-01-12T01:16:47.849308
erdo_twitter_28274a51,d:\66070260-Year3_Term2\Project1\Code\Project-for-Work\data\images\erdo_twitter_28274a51.jpg,erdo,twitter,2026-01-12T01:16:47.886537
ericalynnyoung_twitter_d1ada060,d:\66070260-Year3_Term2\Project1\Code\Project-for-Work\data\images\ericalynnyoung_twitter_d1ada060.jpg,ericalynnyoung,twitter,2026-01-12T01:16:47.924527
ericastella_twitter_65e57743,d:\66070260-Year3_Term2\Project1\Code\Project-for-Work\data\images\ericastella_twitter_65e57743.jpg,ericastella,twitter,2026-01-12T01:16:47.960490
ericavirtue_twitter_35629972,d:\66070260-Year3_Term2\Project1\Code\Project-for-Work\data\images\ericavirtue_twitter_35629972.jpg,ericavirtue,twitter,2026-01-12T01:16:47.994708
ericbreece_twitter_f88de7f8,d:\66070260-Year3_Term2\Project1\Code\Project-for-Work\data\images\ericbreece_twitter_f88de7f8.jpg,ericbreece,twitter,2026-01-12T01:16:48.032823
ericepetersen_twitter_3c09a486,d:\66070260-Year3_Term2\Project1\Code\Project-for-Work\data\images\ericepetersen_twitter_3c09a486.jpg,ericepetersen,twitter,2026-01-12T01:16:48.059766
ericlaurie_twitter_dfa7170f,d:\66070260-Year3_Term2\Project1\Code\Project-for-Work\data\images\ericlaurie_twitter_dfa7170f.jpg,ericlaurie,twitter,2026-01-12T01:16:48.114467
ericnojimd_twitter_cdd4246f,d:\66070260-Year3_Term2\Project1\Code\Project-for-Work\data\images\ericnojimd_twitter_cdd4246f.jpg,ericnojimd,twitter,2026-01-12T01:16:48.145575
erikaperugachi_twitter_6467d161,d:\66070260-Year3_Term2\Project1\Code\Project-for-Work\data\images\erikaperugachi_twitter_6467d161.jpg,erikaperugachi,twitter,2026-01-12T01:16:48.179991
erikdehkhoda_twitter_8e296b66,d:\66070260-Year3_Term2\Project1\Code\Project-for-Work\data\images\erikdehkhoda_twitter_8e296b66.jpg,erikdehkhoda,twitter,2026-01-12T01:16:48.205901
erikmacpherson_twitter_c75dc507,d:\66070260-Year3_Term2\Project1\Code\Project-for-Work\data\images\erikmacpherson_twitter_c75dc507.jpg,erikmacpherson,twitter,2026-01-12T01:16:48.229706
erikpt_twitter_a14c13bd,d:\66070260-Year3_Term2\Project1\Code\Project-for-Work\data\images\erikpt_twitter_a14c13bd.jpg,erikpt,twitter,2026-01-12T01:16:48.239676
erinlambert_twitter_13697f3c,d:\66070260-Year3_Term2\Project1\Code\Project-for-Work\data\images\erinlambert_twitter_13697f3c.jpg,erinlambert,twitter,2026-01-12T01:16:48.279444
erinslick_twitter_455becfe,d:\66070260-Year3_Term2\Project1\Code\Project-for-Work\data\images\erinslick_twitter_455becfe.jpg,erinslick,twitter,2026-01-12T01:16:48.332816
erwinhuang_twitter_6251b934,d:\66070260-Year3_Term2\Project1\Code\Project-for-Work\data\images\erwinhuang_twitter_6251b934.jpg,erwinhuang,twitter,2026-01-12T01:16:48.378376
eryk_twitter_cfd060f6,d:\66070260-Year3_Term2\Project1\Code\Project-for-Work\data\images\eryk_twitter_cfd060f6.jpg,eryk,twitter,2026-01-12T01:16:48.418090
esmeraldabeautylounge_twitter_41e8c875,d:\66070260-Year3_Term2\Project1\Code\Project-for-Work\data\images\esmeraldabeautylounge_twitter_41e8c875.jpg,esmeraldabeautylounge,twitter,2026-01-12T01:16:48.456090
estibalizcamara_twitter_5af63bde,d:\66070260-Year3_Term2\Project1\Code\Project-for-Work\data\images\estibalizcamara_twitter_5af63bde.jpg,estibalizcamara,twitter,2026-01-12T01:16:48.510291
etthompson_twitter_644d7896,d:\66070260-Year3_Term2\Project1\Code\Project-for-Work\data\images\etthompson_twitter_644d7896.jpg,etthompson,twitter,2026-01-12T01:16:48.542964
eugenemartinez_twitter_929ca641,d:\66070260-Year3_Term2\Project1\Code\Project-for-Work\data\images\eugenemartinez_twitter_929ca641.jpg,eugenemartinez,twitter,2026-01-12T01:16:48.586434
eurekatek_twitter_d9cfdf02,d:\66070260-Year3_Term2\Project1\Code\Project-for-Work\data\images\eurekatek_twitter_d9cfdf02.jpg,eurekatek,twitter,2026-01-12T01:16:48.623976
evandroarruda_twitter_67971377,d:\66070260-Year3_Term2\Project1\Code\Project-for-Work\data\images\evandroarruda_twitter_67971377.jpg,evandroarruda,twitter,2026-01-12T01:16:48.671393
evandrooliveira_twitter_215a503f,d:\66070260-Year3_Term2\Project1\Code\Project-for-Work\data\images\evandrooliveira_twitter_215a503f.jpg,evandrooliveira,twitter,2026-01-12T01:16:48.731784
evandrosudre_twitter_b0259bf4,d:\66070260-Year3_Term2\Project1\Code\Project-for-Work\data\images\evandrosudre_twitter_b0259bf4.jpg,evandrosudre,twitter,2026-01-12T01:16:48.771683
evanschikarakara_twitter_c43af1c0,d:\66070260-Year3_Term2\Project1\Code\Project-for-Work\data\images\evanschikarakara_twitter_c43af1c0.jpg,evanschikarakara,twitter,2026-01-12T01:16:48.812061
fabianoalmeida_twitter_abca7bca,d:\66070260-Year3_Term2\Project1\Code\Project-for-Work\data\images\fabianoalmeida_twitter_abca7bca.jpg,fabianoalmeida,twitter,2026-01-12T01:16:48.859219
fabienadouani_twitter_4d7cb7ac,d:\66070260-Year3_Term2\Project1\Code\Project-for-Work\data\images\fabienadouani_twitter_4d7cb7ac.jpg,fabienadouani,twitter,2026-01-12T01:16:48.902229
fabioj_twitter_10af93ff,d:\66070260-Year3_Term2\Project1\Code\Project-for-Work\data\images\fabioj_twitter_10af93ff.jpg,fabioj,twitter,2026-01-12T01:16:48.919883
fabiolottino_twitter_695eef72,d:\66070260-Year3_Term2\Project1\Code\Project-for-Work\data\images\fabiolottino_twitter_695eef72.jpg,fabiolottino,twitter,2026-01-12T01:16:48.952549
fabrymondino_twitter_cb82274d,d:\66070260-Year3_Term2\Project1\Code\Project-for-Work\data\images\fabrymondino_twitter_cb82274d.jpg,fabrymondino,twitter,2026-01-12T01:16:48.986225
fahads_twitter_157899b9,d:\66070260-Year3_Term2\Project1\Code\Project-for-Work\data\images\fahads_twitter_157899b9.jpg,fahads,twitter,2026-01-12T01:16:49.032630
faisalkhatib_twitter_eff04a89,d:\66070260-Year3_Term2\Project1\Code\Project-for-Work\data\images\faisalkhatib_twitter_eff04a89.jpg,faisalkhatib,twitter,2026-01-12T01:16:49.072581
falana_twitter_76e40761,d:\66070260-Year3_Term2\Project1\Code\Project-for-Work\data\images\falana_twitter_76e40761.jpg,falana,twitter,2026-01-12T01:16:49.112371
fardeen_twitter_8a844baf,d:\66070260-Year3_Term2\Project1\Code\Project-for-Work\data\images\fardeen_twitter_8a844baf.jpg,fardeen,twitter,2026-01-12T01:16:49.154268
fayeoakey_twitter_64978196,d:\66070260-Year3_Term2\Project1\Code\Project-for-Work\data\images\fayeoakey_twitter_64978196.jpg,fayeoakey,twitter,2026-01-12T01:16:49.196218
fdavid_twitter_ab98504e,d:\66070260-Year3_Term2\Project1\Code\Project-for-Work\data\images\fdavid_twitter_ab98504e.jpg,fdavid,twitter,2026-01-12T01:16:49.246718
fedsimonetti_twitter_64ff91b6,d:\66070260-Year3_Term2\Project1\Code\Project-for-Work\data\images\fedsimonetti_twitter_64ff91b6.jpg,fedsimonetti,twitter,2026-01-12T01:16:49.282949
feixiao_twitter_171b62c2,d:\66070260-Year3_Term2\Project1\Code\Project-for-Work\data\images\feixiao_twitter_171b62c2.jpg,feixiao,twitter,2026-01-12T01:16:49.324356
felicelam_twitter_bd034eeb,d:\66070260-Year3_Term2\Project1\Code\Project-for-Work\data\images\felicelam_twitter_bd034eeb.jpg,felicelam,twitter,2026-01-12T01:16:49.362294
ferminpeluqueros_twitter_b4e93176,d:\66070260-Year3_Term2\Project1\Code\Project-for-Work\data\images\ferminpeluqueros_twitter_b4e93176.jpg,ferminpeluqueros,twitter,2026-01-12T01:16:49.392384
fernandabh_twitter_8313d345,d:\66070260-Year3_Term2\Project1\Code\Project-for-Work\data\images\fernandabh_twitter_8313d345.jpg,fernandabh,twitter,2026-01-12T01:16:49.437395
fernandezdjr_twitter_1ea2a3da,d:\66070260-Year3_Term2\Project1\Code\Project-for-Work\data\images\fernandezdjr_twitter_1ea2a3da.jpg,fernandezdjr,twitter,2026-01-12T01:16:49.490856
fernandoamezrafael_twitter_4e10115a,d:\66070260-Year3_Term2\Project1\Code\Project-for-Work\data\images\fernandoamezrafael_twitter_4e10115a.jpg,fernandoamezrafael,twitter,2026-01-12T01:16:49.529250
fernandoescudero_twitter_88e3a7f9,d:\66070260-Year3_Term2\Project1\Code\Project-for-Work\data\images\fernandoescudero_twitter_88e3a7f9.jpg,fernandoescudero,twitter,2026-01-12T01:16:49.561270
fernandogallardo_twitter_5e6cc5af,d:\66070260-Year3_Term2\Project1\Code\Project-for-Work\data\images\fernandogallardo_twitter_5e6cc5af.jpg,fernandogallardo,twitter,2026-01-12T01:16:49.601633
ferrodino_twitter_aff22ad0,d:\66070260-Year3_Term2\Project1\Code\Project-for-Work\data\images\ferrodino_twitter_aff22ad0.jpg,ferrodino,twitter,2026-01-12T01:16:49.647484
fethiyegolgesiz_twitter_a51d650d,d:\66070260-Year3_Term2\Project1\Code\Project-for-Work\data\images\fethiyegolgesiz_twitter_a51d650d.jpg,fethiyegolgesiz,twitter,2026-01-12T01:16:49.685274
fig_twitter_39b9bfbe,d:\66070260-Year3_Term2\Project1\Code\Project-for-Work\data\images\fig_twitter_39b9bfbe.jpg,fig,twitter,2026-01-12T01:16:49.715309
finchfm_twitter_df282868,d:\66070260-Year3_Term2\Project1\Code\Project-for-Work\data\images\finchfm_twitter_df282868.jpg,finchfm,twitter,2026-01-12T01:16:49.751250
fionagraham_twitter_9efc63ec,d:\66070260-Year3_Term2\Project1\Code\Project-for-Work\data\images\fionagraham_twitter_9efc63ec.jpg,fionagraham,twitter,2026-01-12T01:16:49.780382
firasbenhamida_twitter_09440163,d:\66070260-Year3_Term2\Project1\Code\Project-for-Work\data\images\firasbenhamida_twitter_09440163.jpg,firasbenhamida,twitter,2026-01-12T01:16:49.808539
fireos_twitter_d68e6c7f,d:\66070260-Year3_Term2\Project1\Code\Project-for-Work\data\images\fireos_twitter_d68e6c7f.jpg,fireos,twitter,2026-01-12T01:16:49.835675
firnas_twitter_51146571,d:\66070260-Year3_Term2\Project1\Code\Project-for-Work\data\images\firnas_twitter_51146571.jpg,firnas,twitter,2026-01-12T01:16:49.860076
fitbodylife_twitter_a3483d3c,d:\66070260-Year3_Term2\Project1\Code\Project-for-Work\data\images\fitbodylife_twitter_a3483d3c.jpg,fitbodylife,twitter,2026-01-12T01:16:49.890315
fixelzero_twitter_22edb68c,d:\66070260-Year3_Term2\Project1\Code\Project-for-Work\data\images\fixelzero_twitter_22edb68c.jpg,fixelzero,twitter,2026-01-12T01:16:49.915377
fjd_twitter_a9f8971d,d:\66070260-Year3_Term2\Project1\Code\Project-for-Work\data\images\fjd_twitter_a9f8971d.jpg,fjd,twitter,2026-01-12T01:16:49.940749
fleurmcgerr_twitter_eb0d7e0f,d:\66070260-Year3_Term2\Project1\Code\Project-for-Work\data\images\fleurmcgerr_twitter_eb0d7e0f.jpg,fleurmcgerr,twitter,2026-01-12T01:16:49.978454
flickeringember_twitter_de4aac5d,d:\66070260-Year3_Term2\Project1\Code\Project-for-Work\data\images\flickeringember_twitter_de4aac5d.jpg,flickeringember,twitter,2026-01-12T01:16:50.012807
flxbarth_twitter_e65d57e6,d:\66070260-Year3_Term2\Project1\Code\Project-for-Work\data\images\flxbarth_twitter_e65d57e6.jpg,flxbarth,twitter,2026-01-12T01:16:50.057693
flyzipper_twitter_32fd069a,d:\66070260-Year3_Term2\Project1\Code\Project-for-Work\data\images\flyzipper_twitter_32fd069a.jpg,flyzipper,twitter,2026-01-12T01:16:50.096709
fmmor_twitter_e7b9519a,d:\66070260-Year3_Term2\Project1\Code\Project-for-Work\data\images\fmmor_twitter_e7b9519a.jpg,fmmor,twitter,2026-01-12T01:16:50.141918
fmrcastro_twitter_48a4960d,d:\66070260-Year3_Term2\Project1\Code\Project-for-Work\data\images\fmrcastro_twitter_48a4960d.jpg,fmrcastro,twitter,2026-01-12T01:16:50.187118
followsound_twitter_c0aa49aa,d:\66070260-Year3_Term2\Project1\Code\Project-for-Work\data\images\followsound_twitter_c0aa49aa.jpg,followsound,twitter,2026-01-12T01:16:50.240000
forevaimagescom_twitter_bcc3df80,d:\66070260-Year3_Term2\Project1\Code\Project-for-Work\data\images\forevaimagescom_twitter_bcc3df80.jpg,forevaimagescom,twitter,2026-01-12T01:16:50.273678
fotokiosk_twitter_d3f56001,d:\66070260-Year3_Term2\Project1\Code\Project-for-Work\data\images\fotokiosk_twitter_d3f56001.jpg,fotokiosk,twitter,2026-01-12T01:16:50.320392
fotolory_twitter_ac569fbf,d:\66070260-Year3_Term2\Project1\Code\Project-for-Work\data\images\fotolory_twitter_ac569fbf.jpg,fotolory,twitter,2026-01-12T01:16:50.361743
fozterz_twitter_44160537,d:\66070260-Year3_Term2\Project1\Code\Project-for-Work\data\images\fozterz_twitter_44160537.jpg,fozterz,twitter,2026-01-12T01:16:50.405070
fposati_twitter_98ee18b5,d:\66070260-Year3_Term2\Project1\Code\Project-for-Work\data\images\fposati_twitter_98ee18b5.jpg,fposati,twitter,2026-01-12T01:16:50.441067
fraidy_twitter_741bfa1a,d:\66070260-Year3_Term2\Project1\Code\Project-for-Work\data\images\fraidy_twitter_741bfa1a.jpg,fraidy,twitter,2026-01-12T01:16:50.472730
francescacampigli_twitter_5a5f0e56,d:\66070260-Year3_Term2\Project1\Code\Project-for-Work\data\images\francescacampigli_twitter_5a5f0e56.jpg,francescacampigli,twitter,2026-01-12T01:16:50.525596
francescoalbano_twitter_1bb78100,d:\66070260-Year3_Term2\Project1\Code\Project-for-Work\data\images\francescoalbano_twitter_1bb78100.jpg,francescoalbano,twitter,2026-01-12T01:16:50.578763
francescodendi_twitter_5edced70,d:\66070260-Year3_Term2\Project1\Code\Project-for-Work\data\images\francescodendi_twitter_5edced70.jpg,francescodendi,twitter,2026-01-12T01:16:50.602778
francescodilillo_twitter_7ce9ceb9,d:\66070260-Year3_Term2\Project1\Code\Project-for-Work\data\images\francescodilillo_twitter_7ce9ceb9.jpg,francescodilillo,twitter,2026-01-12T01:16:50.663358
francescomeani_twitter_be402cc1,d:\66070260-Year3_Term2\Project1\Code\Project-for-Work\data\images\francescomeani_twitter_be402cc1.jpg,francescomeani,twitter,2026-01-12T01:16:50.708246
frankcarter_twitter_40f4e7d8,d:\66070260-Year3_Term2\Project1\Code\Project-for-Work\data\images\frankcarter_twitter_40f4e7d8.jpg,frankcarter,twitter,2026-01-12T01:16:50.758294
frankneulichedl_twitter_ee6c564c,d:\66070260-Year3_Term2\Project1\Code\Project-for-Work\data\images\frankneulichedl_twitter_ee6c564c.jpg,frankneulichedl,twitter,2026-01-12T01:16:50.792261
franko_twitter_a1d5dda8,d:\66070260-Year3_Term2\Project1\Code\Project-for-Work\data\images\franko_twitter_a1d5dda8.jpg,franko,twitter,2026-01-12T01:16:50.841379
frankpeter_twitter_fe0028b8,d:\66070260-Year3_Term2\Project1\Code\Project-for-Work\data\images\frankpeter_twitter_fe0028b8.jpg,frankpeter,twitter,2026-01-12T01:16:50.880371
frankrodriguez_twitter_d178fc5f,d:\66070260-Year3_Term2\Project1\Code\Project-for-Work\data\images\frankrodriguez_twitter_d178fc5f.jpg,frankrodriguez,twitter,2026-01-12T01:16:50.925573
franktraylor_twitter_e0f399de,d:\66070260-Year3_Term2\Project1\Code\Project-for-Work\data\images\franktraylor_twitter_e0f399de.jpg,franktraylor,twitter,2026-01-12T01:16:50.970413
frankt_twitter_2a3e20c4,d:\66070260-Year3_Term2\Project1\Code\Project-for-Work\data\images\frankt_twitter_2a3e20c4.jpg,frankt,twitter,2026-01-12T01:16:51.003148
frankyhp_twitter_f8304b94,d:\66070260-Year3_Term2\Project1\Code\Project-for-Work\data\images\frankyhp_twitter_f8304b94.jpg,frankyhp,twitter,2026-01-12T01:16:51.056251
fransiskusariesa_twitter_b7534b52,d:\66070260-Year3_Term2\Project1\Code\Project-for-Work\data\images\fransiskusariesa_twitter_b7534b52.jpg,fransiskusariesa,twitter,2026-01-12T01:16:51.095782
franziskakaterbaum_twitter_082881fb,d:\66070260-Year3_Term2\Project1\Code\Project-for-Work\data\images\franziskakaterbaum_twitter_082881fb.jpg,franziskakaterbaum,twitter,2026-01-12T01:16:51.144381
frayser_twitter_a6b4d55d,d:\66070260-Year3_Term2\Project1\Code\Project-for-Work\data\images\frayser_twitter_a6b4d55d.jpg,frayser,twitter,2026-01-12T01:16:51.193493
frederickpolk_twitter_431fd50c,d:\66070260-Year3_Term2\Project1\Code\Project-for-Work\data\images\frederickpolk_twitter_431fd50c.jpg,frederickpolk,twitter,2026-01-12T01:16:51.213201
fredriclandqvist_twitter_934a7749,d:\66070260-Year3_Term2\Project1\Code\Project-for-Work\data\images\fredriclandqvist_twitter_934a7749.jpg,fredriclandqvist,twitter,2026-01-12T01:16:51.258139
frijal_twitter_9899d705,d:\66070260-Year3_Term2\Project1\Code\Project-for-Work\data\images\frijal_twitter_9899d705.jpg,frijal,twitter,2026-01-12T01:16:51.303910
frogdiva_twitter_2c9b201c,d:\66070260-Year3_Term2\Project1\Code\Project-for-Work\data\images\frogdiva_twitter_2c9b201c.jpg,frogdiva,twitter,2026-01-12T01:16:51.360602
frosch03_twitter_d50400f7,d:\66070260-Year3_Term2\Project1\Code\Project-for-Work\data\images\frosch03_twitter_d50400f7.jpg,frosch03,twitter,2026-01-12T01:16:51.397554
fsy_twitter_b350e7bd,d:\66070260-Year3_Term2\Project1\Code\Project-for-Work\data\images\fsy_twitter_b350e7bd.jpg,fsy,twitter,2026-01-12T01:16:51.432417
ftrujillo_twitter_12ec65ef,d:\66070260-Year3_Term2\Project1\Code\Project-for-Work\data\images\ftrujillo_twitter_12ec65ef.jpg,ftrujillo,twitter,2026-01-12T01:16:51.479551
fullo_twitter_a1093260,d:\66070260-Year3_Term2\Project1\Code\Project-for-Work\data\images\fullo_twitter_a1093260.jpg,fullo,twitter,2026-01-12T01:16:51.513750
fulltime_twitter_2333e77c,d:\66070260-Year3_Term2\Project1\Code\Project-for-Work\data\images\fulltime_twitter_2333e77c.jpg,fulltime,twitter,2026-01-12T01:16:51.555437
funkycoda_twitter_01c5ba04,d:\66070260-Year3_Term2\Project1\Code\Project-for-Work\data\images\funkycoda_twitter_01c5ba04.jpg,funkycoda,twitter,2026-01-12T01:16:51.595998
fuzzy_twitter_b150a76a,d:\66070260-Year3_Term2\Project1\Code\Project-for-Work\data\images\fuzzy_twitter_b150a76a.jpg,fuzzy,twitter,2026-01-12T01:16:51.629218
gabi_twitter_6c0c5fae,d:\66070260-Year3_Term2\Project1\Code\Project-for-Work\data\images\gabi_twitter_6c0c5fae.jpg,gabi,twitter,2026-01-12T01:16:51.661029
gailgabrielle_twitter_0c4d4656,d:\66070260-Year3_Term2\Project1\Code\Project-for-Work\data\images\gailgabrielle_twitter_0c4d4656.jpg,gailgabrielle,twitter,2026-01-12T01:16:51.705991
gailobannon_twitter_0f2b7f25,d:\66070260-Year3_Term2\Project1\Code\Project-for-Work\data\images\gailobannon_twitter_0f2b7f25.jpg,gailobannon,twitter,2026-01-12T01:16:51.767894
galobaro_twitter_13feb392,d:\66070260-Year3_Term2\Project1\Code\Project-for-Work\data\images\galobaro_twitter_13feb392.jpg,galobaro,twitter,2026-01-12T01:16:51.820143
galobart_twitter_ca32a55a,d:\66070260-Year3_Term2\Project1\Code\Project-for-Work\data\images\galobart_twitter_ca32a55a.jpg,galobart,twitter,2026-01-12T01:16:51.862279
ganant_twitter_1ae9c07d,d:\66070260-Year3_Term2\Project1\Code\Project-for-Work\data\images\ganant_twitter_1ae9c07d.jpg,ganant,twitter,2026-01-12T01:16:51.903174
garthsmitman_twitter_311d8bd8,d:\66070260-Year3_Term2\Project1\Code\Project-for-Work\data\images\garthsmitman_twitter_311d8bd8.jpg,garthsmitman,twitter,2026-01-12T01:16:51.958927
garwinlu_twitter_d8d69dd9,d:\66070260-Year3_Term2\Project1\Code\Project-for-Work\data\images\garwinlu_twitter_d8d69dd9.jpg,garwinlu,twitter,2026-01-12T01:16:51.991414
garyacers_twitter_386bbb86,d:\66070260-Year3_Term2\Project1\Code\Project-for-Work\data\images\garyacers_twitter_386bbb86.jpg,garyacers,twitter,2026-01-12T01:16:52.046066
garyreed_twitter_3e88da9b,d:\66070260-Year3_Term2\Project1\Code\Project-for-Work\data\images\garyreed_twitter_3e88da9b.jpg,garyreed,twitter,2026-01-12T01:16:52.090059
gastonsz_twitter_3d1cb75b,d:\66070260-Year3_Term2\Project1\Code\Project-for-Work\data\images\gastonsz_twitter_3d1cb75b.jpg,gastonsz,twitter,2026-01-12T01:16:52.142707
gavsouthern_twitter_6195cc35,d:\66070260-Year3_Term2\Project1\Code\Project-for-Work\data\images\gavsouthern_twitter_6195cc35.jpg,gavsouthern,twitter,2026-01-12T01:16:52.225146
gcardona_twitter_0d5787da,d:\66070260-Year3_Term2\Project1\Code\Project-for-Work\data\images\gcardona_twitter_0d5787da.jpg,gcardona,twitter,2026-01-12T01:16:52.268551
gege2ge_twitter_4611871a,d:\66070260-Year3_Term2\Project1\Code\Project-for-Work\data\images\gege2ge_twitter_4611871a.jpg,gege2ge,twitter,2026-01-12T01:16:52.301803
gemmaphelan_twitter_9ab09ba7,d:\66070260-Year3_Term2\Project1\Code\Project-for-Work\data\images\gemmaphelan_twitter_9ab09ba7.jpg,gemmaphelan,twitter,2026-01-12T01:16:52.367841
gemsmaquillage_twitter_b1324236,d:\66070260-Year3_Term2\Project1\Code\Project-for-Work\data\images\gemsmaquillage_twitter_b1324236.jpg,gemsmaquillage,twitter,2026-01-12T01:16:52.414933
genosbil_twitter_d821c790,d:\66070260-Year3_Term2\Project1\Code\Project-for-Work\data\images\genosbil_twitter_d821c790.jpg,genosbil,twitter,2026-01-12T01:16:52.471546
gentra_twitter_e21a095f,d:\66070260-Year3_Term2\Project1\Code\Project-for-Work\data\images\gentra_twitter_e21a095f.jpg,gentra,twitter,2026-01-12T01:16:52.507710
georgedearing_twitter_f3f64de2,d:\66070260-Year3_Term2\Project1\Code\Project-for-Work\data\images\georgedearing_twitter_f3f64de2.jpg,georgedearing,twitter,2026-01-12T01:16:52.580776
georgeferris_twitter_fb2b16a0,d:\66070260-Year3_Term2\Project1\Code\Project-for-Work\data\images\georgeferris_twitter_fb2b16a0.jpg,georgeferris,twitter,2026-01-12T01:16:52.638483
georginalester_twitter_00258c5c,d:\66070260-Year3_Term2\Project1\Code\Project-for-Work\data\images\georginalester_twitter_00258c5c.jpg,georginalester,twitter,2026-01-12T01:16:52.694975
gerhardheinrich_twitter_ec49bb26,d:\66070260-Year3_Term2\Project1\Code\Project-for-Work\data\images\gerhardheinrich_twitter_ec49bb26.jpg,gerhardheinrich,twitter,2026-01-12T01:16:52.745771
germanogurgel_twitter_9d49436a,d:\66070260-Year3_Term2\Project1\Code\Project-for-Work\data\images\germanogurgel_twitter_9d49436a.jpg,germanogurgel,twitter,2026-01-12T01:16:52.785717
germer_twitter_4f47b309,d:\66070260-Year3_Term2\Project1\Code\Project-for-Work\data\images\germer_twitter_4f47b309.jpg,germer,twitter,2026-01-12T01:16:52.813815
gerty_twitter_2fc132b6,d:\66070260-Year3_Term2\Project1\Code\Project-for-Work\data\images\gerty_twitter_2fc132b6.jpg,gerty,twitter,2026-01-12T01:16:52.857488
ghholtphotography_twitter_91143b56,d:\66070260-Year3_Term2\Project1\Code\Project-for-Work\data\images\ghholtphotography_twitter_91143b56.jpg,ghholtphotography,twitter,2026-01-12T01:16:52.901776
giacomoardesi_twitter_d0be852a,d:\66070260-Year3_Term2\Project1\Code\Project-for-Work\data\images\giacomoardesi_twitter_d0be852a.jpg,giacomoardesi,twitter,2026-01-12T01:16:52.932854
giamarcs_twitter_60d36895,d:\66070260-Year3_Term2\Project1\Code\Project-for-Work\data\images\giamarcs_twitter_60d36895.jpg,giamarcs,twitter,2026-01-12T01:16:52.971488
giants5go5go5_twitter_3f5f6f89,d:\66070260-Year3_Term2\Project1\Code\Project-for-Work\data\images\giants5go5go5_twitter_3f5f6f89.jpg,giants5go5go5,twitter,2026-01-12T01:16:53.015830
gilbertmc_twitter_a8082f45,d:\66070260-Year3_Term2\Project1\Code\Project-for-Work\data\images\gilbertmc_twitter_a8082f45.jpg,gilbertmc,twitter,2026-01-12T01:16:53.047335
ginsonspeich_twitter_52190e4e,d:\66070260-Year3_Term2\Project1\Code\Project-for-Work\data\images\ginsonspeich_twitter_52190e4e.jpg,ginsonspeich,twitter,2026-01-12T01:16:53.097924
giorgiopapallo_twitter_33278151,d:\66070260-Year3_Term2\Project1\Code\Project-for-Work\data\images\giorgiopapallo_twitter_33278151.jpg,giorgiopapallo,twitter,2026-01-12T01:16:53.134408
giovaniricciardi_twitter_377c37a0,d:\66070260-Year3_Term2\Project1\Code\Project-for-Work\data\images\giovaniricciardi_twitter_377c37a0.jpg,giovaniricciardi,twitter,2026-01-12T01:16:53.181216
giovinator_twitter_f8dc7b50,d:\66070260-Year3_Term2\Project1\Code\Project-for-Work\data\images\giovinator_twitter_f8dc7b50.jpg,giovinator,twitter,2026-01-12T01:16:53.217105
giraudkd_twitter_9f9de9fe,d:\66070260-Year3_Term2\Project1\Code\Project-for-Work\data\images\giraudkd_twitter_9f9de9fe.jpg,giraudkd,twitter,2026-01-12T01:16:53.261202
gisanders_twitter_e229cd56,d:\66070260-Year3_Term2\Project1\Code\Project-for-Work\data\images\gisanders_twitter_e229cd56.jpg,gisanders,twitter,2026-01-12T01:16:53.313266
giselabeer_twitter_d2e3c760,d:\66070260-Year3_Term2\Project1\Code\Project-for-Work\data\images\giselabeer_twitter_d2e3c760.jpg,giselabeer,twitter,2026-01-12T01:16:53.367498
giulianoabate_twitter_1b4a323f,d:\66070260-Year3_Term2\Project1\Code\Project-for-Work\data\images\giulianoabate_twitter_1b4a323f.jpg,giulianoabate,twitter,2026-01-12T01:16:53.399670
giuseppeazzaro_twitter_ca961781,d:\66070260-Year3_Term2\Project1\Code\Project-for-Work\data\images\giuseppeazzaro_twitter_ca961781.jpg,giuseppeazzaro,twitter,2026-01-12T01:16:53.439662
gladtrejo_twitter_16871844,d:\66070260-Year3_Term2\Project1\Code\Project-for-Work\data\images\gladtrejo_twitter_16871844.jpg,gladtrejo,twitter,2026-01-12T01:16:53.463398
gleamland_twitter_4031e865,d:\66070260-Year3_Term2\Project1\Code\Project-for-Work\data\images\gleamland_twitter_4031e865.jpg,gleamland,twitter,2026-01-12T01:16:53.483242
glemak_twitter_9e2b3b26,d:\66070260-Year3_Term2\Project1\Code\Project-for-Work\data\images\glemak_twitter_9e2b3b26.jpg,glemak,twitter,2026-01-12T01:16:53.541080
glennthorpe_twitter_d64e04f0,d:\66070260-Year3_Term2\Project1\Code\Project-for-Work\data\images\glennthorpe_twitter_d64e04f0.jpg,glennthorpe,twitter,2026-01-12T01:16:53.599779
glfreelancegraphic_twitter_4d9e0da8,d:\66070260-Year3_Term2\Project1\Code\Project-for-Work\data\images\glfreelancegraphic_twitter_4d9e0da8.jpg,glfreelancegraphic,twitter,2026-01-12T01:16:53.621807
globalpatriot_twitter_58c079b1,d:\66070260-Year3_Term2\Project1\Code\Project-for-Work\data\images\globalpatriot_twitter_58c079b1.jpg,globalpatriot,twitter,2026-01-12T01:16:53.665394
globomarketing_twitter_d3f6645a,d:\66070260-Year3_Term2\Project1\Code\Project-for-Work\data\images\globomarketing_twitter_d3f6645a.jpg,globomarketing,twitter,2026-01-12T01:16:53.700078
gmlumpy_twitter_558eadb3,d:\66070260-Year3_Term2\Project1\Code\Project-for-Work\data\images\gmlumpy_twitter_558eadb3.jpg,gmlumpy,twitter,2026-01-12T01:16:53.743523
gmpentaxfan_twitter_c5c5362e,d:\66070260-Year3_Term2\Project1\Code\Project-for-Work\data\images\gmpentaxfan_twitter_c5c5362e.jpg,gmpentaxfan,twitter,2026-01-12T01:16:53.777423
goace_twitter_81a47054,d:\66070260-Year3_Term2\Project1\Code\Project-for-Work\data\images\goace_twitter_81a47054.jpg,goace,twitter,2026-01-12T01:16:53.820133
godivaartstudio_twitter_564d55a6,d:\66070260-Year3_Term2\Project1\Code\Project-for-Work\data\images\godivaartstudio_twitter_564d55a6.jpg,godivaartstudio,twitter,2026-01-12T01:16:53.858539
gomayara_twitter_080f01cf,d:\66070260-Year3_Term2\Project1\Code\Project-for-Work\data\images\gomayara_twitter_080f01cf.jpg,gomayara,twitter,2026-01-12T01:16:53.897014
gonzalodroguett_twitter_d445103d,d:\66070260-Year3_Term2\Project1\Code\Project-for-Work\data\images\gonzalodroguett_twitter_d445103d.jpg,gonzalodroguett,twitter,2026-01-12T01:16:53.926996
gonzalofera_twitter_5149854d,d:\66070260-Year3_Term2\Project1\Code\Project-for-Work\data\images\gonzalofera_twitter_5149854d.jpg,gonzalofera,twitter,2026-01-12T01:16:53.960701
goodboyroy_twitter_1e280bef,d:\66070260-Year3_Term2\Project1\Code\Project-for-Work\data\images\goodboyroy_twitter_1e280bef.jpg,goodboyroy,twitter,2026-01-12T01:16:54.010892
gordsellar_twitter_ddf0c13c,d:\66070260-Year3_Term2\Project1\Code\Project-for-Work\data\images\gordsellar_twitter_ddf0c13c.jpg,gordsellar,twitter,2026-01-12T01:16:54.044262
gorguito_twitter_8b1f8e67,d:\66070260-Year3_Term2\Project1\Code\Project-for-Work\data\images\gorguito_twitter_8b1f8e67.jpg,gorguito,twitter,2026-01-12T01:16:54.081979
gosiabem_twitter_31daa85b,d:\66070260-Year3_Term2\Project1\Code\Project-for-Work\data\images\gosiabem_twitter_31daa85b.jpg,gosiabem,twitter,2026-01-12T01:16:54.112997
gotnur_twitter_a141058d,d:\66070260-Year3_Term2\Project1\Code\Project-for-Work\data\images\gotnur_twitter_a141058d.jpg,gotnur,twitter,2026-01-12T01:16:54.152769
gozdebalkan_twitter_e302cab2,d:\66070260-Year3_Term2\Project1\Code\Project-for-Work\data\images\gozdebalkan_twitter_e302cab2.jpg,gozdebalkan,twitter,2026-01-12T01:16:54.205477
gracemassalanglois_twitter_5e2c0bcd,d:\66070260-Year3_Term2\Project1\Code\Project-for-Work\data\images\gracemassalanglois_twitter_5e2c0bcd.jpg,gracemassalanglois,twitter,2026-01-12T01:16:54.261930
greengeedivan_twitter_8ab2557c,d:\66070260-Year3_Term2\Project1\Code\Project-for-Work\data\images\greengeedivan_twitter_8ab2557c.jpg,greengeedivan,twitter,2026-01-12T01:16:54.299412
gregcarley_twitter_2ba8b01e,d:\66070260-Year3_Term2\Project1\Code\Project-for-Work\data\images\gregcarley_twitter_2ba8b01e.jpg,gregcarley,twitter,2026-01-12T01:16:54.339613
greghyer_twitter_22ec54ac,d:\66070260-Year3_Term2\Project1\Code\Project-for-Work\data\images\greghyer_twitter_22ec54ac.jpg,greghyer,twitter,2026-01-12T01:16:54.390013
gregmcbride_twitter_7ec23311,d:\66070260-Year3_Term2\Project1\Code\Project-for-Work\data\images\gregmcbride_twitter_7ec23311.jpg,gregmcbride,twitter,2026-01-12T01:16:54.419273
gregthurtle_twitter_3c3740d4,d:\66070260-Year3_Term2\Project1\Code\Project-for-Work\data\images\gregthurtle_twitter_3c3740d4.jpg,gregthurtle,twitter,2026-01-12T01:16:54.450382
grisoni77_twitter_097377ed,d:\66070260-Year3_Term2\Project1\Code\Project-for-Work\data\images\grisoni77_twitter_097377ed.jpg,grisoni77,twitter,2026-01-12T01:16:54.488620
gson_twitter_a966d1bc,d:\66070260-Year3_Term2\Project1\Code\Project-for-Work\data\images\gson_twitter_a966d1bc.jpg,gson,twitter,2026-01-12T01:16:54.536897
gtbundy_twitter_460e51a0,d:\66070260-Year3_Term2\Project1\Code\Project-for-Work\data\images\gtbundy_twitter_460e51a0.jpg,gtbundy,twitter,2026-01-12T01:16:54.590668
guardic_twitter_c14078da,d:\66070260-Year3_Term2\Project1\Code\Project-for-Work\data\images\guardic_twitter_c14078da.jpg,guardic,twitter,2026-01-12T01:16:54.630662
guedadojacopomele_twitter_54ffce95,d:\66070260-Year3_Term2\Project1\Code\Project-for-Work\data\images\guedadojacopomele_twitter_54ffce95.jpg,guedadojacopomele,twitter,2026-01-12T01:16:54.678995
guidocataldi_twitter_54832c22,d:\66070260-Year3_Term2\Project1\Code\Project-for-Work\data\images\guidocataldi_twitter_54832c22.jpg,guidocataldi,twitter,2026-01-12T01:16:54.723384
guillermoruiz24_twitter_0160f3be,d:\66070260-Year3_Term2\Project1\Code\Project-for-Work\data\images\guillermoruiz24_twitter_0160f3be.jpg,guillermoruiz24,twitter,2026-01-12T01:16:54.769436
gurumef_twitter_61ef9610,d:\66070260-Year3_Term2\Project1\Code\Project-for-Work\data\images\gurumef_twitter_61ef9610.jpg,gurumef,twitter,2026-01-12T01:16:54.818950
gusei_twitter_2087b8f3,d:\66070260-Year3_Term2\Project1\Code\Project-for-Work\data\images\gusei_twitter_2087b8f3.jpg,gusei,twitter,2026-01-12T01:16:54.864992
gustavoarias_twitter_54c0cdd5,d:\66070260-Year3_Term2\Project1\Code\Project-for-Work\data\images\gustavoarias_twitter_54c0cdd5.jpg,gustavoarias,twitter,2026-01-12T01:16:54.896899
guycocker_twitter_b330a1df,d:\66070260-Year3_Term2\Project1\Code\Project-for-Work\data\images\guycocker_twitter_b330a1df.jpg,guycocker,twitter,2026-01-12T01:16:54.949056
guysonecstasy_twitter_b846c333,d:\66070260-Year3_Term2\Project1\Code\Project-for-Work\data\images\guysonecstasy_twitter_b846c333.jpg,guysonecstasy,twitter,2026-01-12T01:16:54.992274
gvirtucio_twitter_0e90f22a,d:\66070260-Year3_Term2\Project1\Code\Project-for-Work\data\images\gvirtucio_twitter_0e90f22a.jpg,gvirtucio,twitter,2026-01-12T01:16:55.030174
gwalter_twitter_0c6dd10d,d:\66070260-Year3_Term2\Project1\Code\Project-for-Work\data\images\gwalter_twitter_0c6dd10d.jpg,gwalter,twitter,2026-01-12T01:16:55.096161
gwynf_twitter_3d5c2458,d:\66070260-Year3_Term2\Project1\Code\Project-for-Work\data\images\gwynf_twitter_3d5c2458.jpg,gwynf,twitter,2026-01-12T01:16:55.130794
gwynnekostin_twitter_c623b300,d:\66070260-Year3_Term2\Project1\Code\Project-for-Work\data\images\gwynnekostin_twitter_c623b300.jpg,gwynnekostin,twitter,2026-01-12T01:16:55.190488
habuw_twitter_4a555da8,d:\66070260-Year3_Term2\Project1\Code\Project-for-Work\data\images\habuw_twitter_4a555da8.jpg,habuw,twitter,2026-01-12T01:16:55.266912
hacen_twitter_0bed7b72,d:\66070260-Year3_Term2\Project1\Code\Project-for-Work\data\images\hacen_twitter_0bed7b72.jpg,hacen,twitter,2026-01-12T01:16:55.315094
hairboutiquecom_twitter_c5bf09b2,d:\66070260-Year3_Term2\Project1\Code\Project-for-Work\data\images\hairboutiquecom_twitter_c5bf09b2.jpg,hairboutiquecom,twitter,2026-01-12T01:16:55.369487
haivo_twitter_bdd72100,d:\66070260-Year3_Term2\Project1\Code\Project-for-Work\data\images\haivo_twitter_bdd72100.jpg,haivo,twitter,2026-01-12T01:16:55.408120
hakandahlstrom_twitter_9773d942,d:\66070260-Year3_Term2\Project1\Code\Project-for-Work\data\images\hakandahlstrom_twitter_9773d942.jpg,hakandahlstrom,twitter,2026-01-12T01:16:55.476637
halgarob_twitter_67d039d4,d:\66070260-Year3_Term2\Project1\Code\Project-for-Work\data\images\halgarob_twitter_67d039d4.jpg,halgarob,twitter,2026-01-12T01:16:55.555660
halilkupeli_twitter_acae7c70,d:\66070260-Year3_Term2\Project1\Code\Project-for-Work\data\images\halilkupeli_twitter_acae7c70.jpg,halilkupeli,twitter,2026-01-12T01:16:55.599710
hallyboost_twitter_6e6d3adb,d:\66070260-Year3_Term2\Project1\Code\Project-for-Work\data\images\hallyboost_twitter_6e6d3adb.jpg,hallyboost,twitter,2026-01-12T01:16:55.634778
handmadejewelry_twitter_108df45b,d:\66070260-Year3_Term2\Project1\Code\Project-for-Work\data\images\handmadejewelry_twitter_108df45b.jpg,handmadejewelry,twitter,2026-01-12T01:16:55.678422
hanma_twitter_857c9d61,d:\66070260-Year3_Term2\Project1\Code\Project-for-Work\data\images\hanma_twitter_857c9d61.jpg,hanma,twitter,2026-01-12T01:16:55.733267
hannoliiva_twitter_2eb1f948,d:\66070260-Year3_Term2\Project1\Code\Project-for-Work\data\images\hannoliiva_twitter_2eb1f948.jpg,hannoliiva,twitter,2026-01-12T01:16:55.778997
hansvaneijsden_twitter_ab317d1b,d:\66070260-Year3_Term2\Project1\Code\Project-for-Work\data\images\hansvaneijsden_twitter_ab317d1b.jpg,hansvaneijsden,twitter,2026-01-12T01:16:55.827189
harishsharma_twitter_cca3ead0,d:\66070260-Year3_Term2\Project1\Code\Project-for-Work\data\images\harishsharma_twitter_cca3ead0.jpg,harishsharma,twitter,2026-01-12T01:16:55.865590
harisrahman_twitter_1f7c8d1b,d:\66070260-Year3_Term2\Project1\Code\Project-for-Work\data\images\harisrahman_twitter_1f7c8d1b.jpg,harisrahman,twitter,2026-01-12T01:16:55.876995
harshit_twitter_cc982ff0,d:\66070260-Year3_Term2\Project1\Code\Project-for-Work\data\images\harshit_twitter_cc982ff0.jpg,harshit,twitter,2026-01-12T01:16:55.912212
harvest316_twitter_2e57cdc0,d:\66070260-Year3_Term2\Project1\Code\Project-for-Work\data\images\harvest316_twitter_2e57cdc0.jpg,harvest316,twitter,2026-01-12T01:16:55.964430
hasanalikhattak_twitter_1b8c3961,d:\66070260-Year3_Term2\Project1\Code\Project-for-Work\data\images\hasanalikhattak_twitter_1b8c3961.jpg,hasanalikhattak,twitter,2026-01-12T01:16:56.003801
hayleyvu_twitter_5771cfe5,d:\66070260-Year3_Term2\Project1\Code\Project-for-Work\data\images\hayleyvu_twitter_5771cfe5.jpg,hayleyvu,twitter,2026-01-12T01:16:56.038965
hbeme_twitter_d4642ec2,d:\66070260-Year3_Term2\Project1\Code\Project-for-Work\data\images\hbeme_twitter_d4642ec2.jpg,hbeme,twitter,2026-01-12T01:16:56.096917
heartrepreneur_twitter_4c084163,d:\66070260-Year3_Term2\Project1\Code\Project-for-Work\data\images\heartrepreneur_twitter_4c084163.jpg,heartrepreneur,twitter,2026-01-12T01:16:56.147291
heartstrung_twitter_d96ea892,d:\66070260-Year3_Term2\Project1\Code\Project-for-Work\data\images\heartstrung_twitter_d96ea892.jpg,heartstrung,twitter,2026-01-12T01:16:56.192784
heatherho_twitter_134146a4,d:\66070260-Year3_Term2\Project1\Code\Project-for-Work\data\images\heatherho_twitter_134146a4.jpg,heatherho,twitter,2026-01-12T01:16:56.243650
heathertorres_twitter_68535343,d:\66070260-Year3_Term2\Project1\Code\Project-for-Work\data\images\heathertorres_twitter_68535343.jpg,heathertorres,twitter,2026-01-12T01:16:56.294994
hectorigual_twitter_5422ab63,d:\66070260-Year3_Term2\Project1\Code\Project-for-Work\data\images\hectorigual_twitter_5422ab63.jpg,hectorigual,twitter,2026-01-12T01:16:56.340293
heilweil_twitter_a9fa6e13,d:\66070260-Year3_Term2\Project1\Code\Project-for-Work\data\images\heilweil_twitter_a9fa6e13.jpg,heilweil,twitter,2026-01-12T01:16:56.391247
helka_twitter_d6b8047d,d:\66070260-Year3_Term2\Project1\Code\Project-for-Work\data\images\helka_twitter_d6b8047d.jpg,helka,twitter,2026-01-12T01:16:56.439085
henrikfohns_twitter_1cebd35f,d:\66070260-Year3_Term2\Project1\Code\Project-for-Work\data\images\henrikfohns_twitter_1cebd35f.jpg,henrikfohns,twitter,2026-01-12T01:16:56.475247
henspie_twitter_17aa669f,d:\66070260-Year3_Term2\Project1\Code\Project-for-Work\data\images\henspie_twitter_17aa669f.jpg,henspie,twitter,2026-01-12T01:16:56.540174
hepekiz_twitter_702d2303,d:\66070260-Year3_Term2\Project1\Code\Project-for-Work\data\images\hepekiz_twitter_702d2303.jpg,hepekiz,twitter,2026-01-12T01:16:56.574524
hernancortes_twitter_844f2a68,d:\66070260-Year3_Term2\Project1\Code\Project-for-Work\data\images\hernancortes_twitter_844f2a68.jpg,hernancortes,twitter,2026-01-12T01:16:56.626588
hflpjtrade_twitter_ec4057b9,d:\66070260-Year3_Term2\Project1\Code\Project-for-Work\data\images\hflpjtrade_twitter_ec4057b9.jpg,hflpjtrade,twitter,2026-01-12T01:16:56.668152
hillmiester_twitter_d1a14f7f,d:\66070260-Year3_Term2\Project1\Code\Project-for-Work\data\images\hillmiester_twitter_d1a14f7f.jpg,hillmiester,twitter,2026-01-12T01:16:56.705012
hiredmyway_twitter_ae311bde,d:\66070260-Year3_Term2\Project1\Code\Project-for-Work\data\images\hiredmyway_twitter_ae311bde.jpg,hiredmyway,twitter,2026-01-12T01:16:56.748452
hisforhome_twitter_b2a8cc12,d:\66070260-Year3_Term2\Project1\Code\Project-for-Work\data\images\hisforhome_twitter_b2a8cc12.jpg,hisforhome,twitter,2026-01-12T01:16:56.778736
hishizaki_twitter_2fddf773,d:\66070260-Year3_Term2\Project1\Code\Project-for-Work\data\images\hishizaki_twitter_2fddf773.jpg,hishizaki,twitter,2026-01-12T01:16:56.827279
hlh_twitter_7accfa24,d:\66070260-Year3_Term2\Project1\Code\Project-for-Work\data\images\hlh_twitter_7accfa24.jpg,hlh,twitter,2026-01-12T01:16:56.880283
hogeslag_twitter_5e738c6b,d:\66070260-Year3_Term2\Project1\Code\Project-for-Work\data\images\hogeslag_twitter_5e738c6b.jpg,hogeslag,twitter,2026-01-12T01:16:56.934778
holleyjacobs_twitter_871a8a44,d:\66070260-Year3_Term2\Project1\Code\Project-for-Work\data\images\holleyjacobs_twitter_871a8a44.jpg,holleyjacobs,twitter,2026-01-12T01:16:56.982442
hollyccarter_twitter_6e578e3f,d:\66070260-Year3_Term2\Project1\Code\Project-for-Work\data\images\hollyccarter_twitter_6e578e3f.jpg,hollyccarter,twitter,2026-01-12T01:16:57.014211
hollywoodpunk_twitter_26829078,d:\66070260-Year3_Term2\Project1\Code\Project-for-Work\data\images\hollywoodpunk_twitter_26829078.jpg,hollywoodpunk,twitter,2026-01-12T01:16:57.067205
homesacrosstheworldcom_twitter_dc31cc66,d:\66070260-Year3_Term2\Project1\Code\Project-for-Work\data\images\homesacrosstheworldcom_twitter_dc31cc66.jpg,homesacrosstheworldcom,twitter,2026-01-12T01:16:57.093126
hookedonwax_twitter_b55ebb54,d:\66070260-Year3_Term2\Project1\Code\Project-for-Work\data\images\hookedonwax_twitter_b55ebb54.jpg,hookedonwax,twitter,2026-01-12T01:16:57.143275
hoosierteacher_twitter_d9ebc414,d:\66070260-Year3_Term2\Project1\Code\Project-for-Work\data\images\hoosierteacher_twitter_d9ebc414.jpg,hoosierteacher,twitter,2026-01-12T01:16:57.184694
hortovanyi_twitter_973c33d0,d:\66070260-Year3_Term2\Project1\Code\Project-for-Work\data\images\hortovanyi_twitter_973c33d0.jpg,hortovanyi,twitter,2026-01-12T01:16:57.230193
hostels247_twitter_139daa85,d:\66070260-Year3_Term2\Project1\Code\Project-for-Work\data\images\hostels247_twitter_139daa85.jpg,hostels247,twitter,2026-01-12T01:16:57.270076
hotelcostanarejos_twitter_c1c0110c,d:\66070260-Year3_Term2\Project1\Code\Project-for-Work\data\images\hotelcostanarejos_twitter_c1c0110c.jpg,hotelcostanarejos,twitter,2026-01-12T01:16:57.316788
howielevy_twitter_0585d474,d:\66070260-Year3_Term2\Project1\Code\Project-for-Work\data\images\howielevy_twitter_0585d474.jpg,howielevy,twitter,2026-01-12T01:16:57.361245
hthaiwon_twitter_e0e5da0c,d:\66070260-Year3_Term2\Project1\Code\Project-for-Work\data\images\hthaiwon_twitter_e0e5da0c.jpg,hthaiwon,twitter,2026-01-12T01:16:57.411159
huko_twitter_c299cad2,d:\66070260-Year3_Term2\Project1\Code\Project-for-Work\data\images\huko_twitter_c299cad2.jpg,huko,twitter,2026-01-12T01:16:57.439274
humanlie_twitter_cd6c7d6a,d:\66070260-Year3_Term2\Project1\Code\Project-for-Work\data\images\humanlie_twitter_cd6c7d6a.jpg,humanlie,twitter,2026-01-12T01:16:57.471917
huzaifasial_twitter_60c82a39,d:\66070260-Year3_Term2\Project1\Code\Project-for-Work\data\images\huzaifasial_twitter_60c82a39.jpg,huzaifasial,twitter,2026-01-12T01:16:57.520652
hyperbreed_twitter_a25e4ca0,d:\66070260-Year3_Term2\Project1\Code\Project-for-Work\data\images\hyperbreed_twitter_a25e4ca0.jpg,hyperbreed,twitter,2026-01-12T01:16:57.562784
iabdulghani_twitter_7fa1eb79,d:\66070260-Year3_Term2\Project1\Code\Project-for-Work\data\images\iabdulghani_twitter_7fa1eb79.jpg,iabdulghani,twitter,2026-01-12T01:16:57.621431
iamangelique_twitter_a92c5588,d:\66070260-Year3_Term2\Project1\Code\Project-for-Work\data\images\iamangelique_twitter_a92c5588.jpg,iamangelique,twitter,2026-01-12T01:16:57.648913
iamlfb_twitter_4fb7edfc,d:\66070260-Year3_Term2\Project1\Code\Project-for-Work\data\images\iamlfb_twitter_4fb7edfc.jpg,iamlfb,twitter,2026-01-12T01:16:57.692412
iamryno_twitter_1b4da683,d:\66070260-Year3_Term2\Project1\Code\Project-for-Work\data\images\iamryno_twitter_1b4da683.jpg,iamryno,twitter,2026-01-12T01:16:57.747255
iancorless_twitter_17c5fdca,d:\66070260-Year3_Term2\Project1\Code\Project-for-Work\data\images\iancorless_twitter_17c5fdca.jpg,iancorless,twitter,2026-01-12T01:16:57.777155
ianedgar_twitter_85a15d06,d:\66070260-Year3_Term2\Project1\Code\Project-for-Work\data\images\ianedgar_twitter_85a15d06.jpg,ianedgar,twitter,2026-01-12T01:16:57.813067
ianjamesdavies_twitter_f57dcb86,d:\66070260-Year3_Term2\Project1\Code\Project-for-Work\data\images\ianjamesdavies_twitter_f57dcb86.jpg,ianjamesdavies,twitter,2026-01-12T01:16:57.850224
iankath_twitter_953fc7cb,d:\66070260-Year3_Term2\Project1\Code\Project-for-Work\data\images\iankath_twitter_953fc7cb.jpg,iankath,twitter,2026-01-12T01:16:57.894477
ibulat_twitter_9fabb951,d:\66070260-Year3_Term2\Project1\Code\Project-for-Work\data\images\ibulat_twitter_9fabb951.jpg,ibulat,twitter,2026-01-12T01:16:57.943287
idaperri_twitter_c09e48a1,d:\66070260-Year3_Term2\Project1\Code\Project-for-Work\data\images\idaperri_twitter_c09e48a1.jpg,idaperri,twitter,2026-01-12T01:16:57.985750
idaveml_twitter_28dd4888,d:\66070260-Year3_Term2\Project1\Code\Project-for-Work\data\images\idaveml_twitter_28dd4888.jpg,idaveml,twitter,2026-01-12T01:16:58.032291
ideas4ios_twitter_c082de65,d:\66070260-Year3_Term2\Project1\Code\Project-for-Work\data\images\ideas4ios_twitter_c082de65.jpg,ideas4ios,twitter,2026-01-12T01:16:58.062932
idrialis_twitter_f1818d78,d:\66070260-Year3_Term2\Project1\Code\Project-for-Work\data\images\idrialis_twitter_f1818d78.jpg,idrialis,twitter,2026-01-12T01:16:58.090424
idvaad_twitter_bcf2f056,d:\66070260-Year3_Term2\Project1\Code\Project-for-Work\data\images\idvaad_twitter_bcf2f056.jpg,idvaad,twitter,2026-01-12T01:16:58.133465
iesposito_twitter_47f18673,d:\66070260-Year3_Term2\Project1\Code\Project-for-Work\data\images\iesposito_twitter_47f18673.jpg,iesposito,twitter,2026-01-12T01:16:58.167613
ifabio_twitter_40e0cd7d,d:\66070260-Year3_Term2\Project1\Code\Project-for-Work\data\images\ifabio_twitter_40e0cd7d.jpg,ifabio,twitter,2026-01-12T01:16:58.190167
ifeelitall_twitter_f25f9d35,d:\66070260-Year3_Term2\Project1\Code\Project-for-Work\data\images\ifeelitall_twitter_f25f9d35.jpg,ifeelitall,twitter,2026-01-12T01:16:58.223361
igorbotelho_twitter_5ab5d7a8,d:\66070260-Year3_Term2\Project1\Code\Project-for-Work\data\images\igorbotelho_twitter_5ab5d7a8.jpg,igorbotelho,twitter,2026-01-12T01:16:58.273643
igormitrovic_twitter_7fbdae41,d:\66070260-Year3_Term2\Project1\Code\Project-for-Work\data\images\igormitrovic_twitter_7fbdae41.jpg,igormitrovic,twitter,2026-01-12T01:16:58.312354
igoryok_twitter_1baf2792,d:\66070260-Year3_Term2\Project1\Code\Project-for-Work\data\images\igoryok_twitter_1baf2792.jpg,igoryok,twitter,2026-01-12T01:16:58.346054
ihakkim_twitter_0c7ce0a3,d:\66070260-Year3_Term2\Project1\Code\Project-for-Work\data\images\ihakkim_twitter_0c7ce0a3.jpg,ihakkim,twitter,2026-01-12T01:16:58.393765
ihanna_twitter_c51554ab,d:\66070260-Year3_Term2\Project1\Code\Project-for-Work\data\images\ihanna_twitter_c51554ab.jpg,ihanna,twitter,2026-01-12T01:16:58.430019
ilariadefilippo_twitter_ba5def50,d:\66070260-Year3_Term2\Project1\Code\Project-for-Work\data\images\ilariadefilippo_twitter_ba5def50.jpg,ilariadefilippo,twitter,2026-01-12T01:16:58.459202
ilariapic_twitter_2cedd304,d:\66070260-Year3_Term2\Project1\Code\Project-for-Work\data\images\ilariapic_twitter_2cedd304.jpg,ilariapic,twitter,2026-01-12T01:16:58.488939
ilario_twitter_68607ef1,d:\66070260-Year3_Term2\Project1\Code\Project-for-Work\data\images\ilario_twitter_68607ef1.jpg,ilario,twitter,2026-01-12T01:16:58.528351
ileshshah_twitter_61110826,d:\66070260-Year3_Term2\Project1\Code\Project-for-Work\data\images\ileshshah_twitter_61110826.jpg,ileshshah,twitter,2026-01-12T01:16:58.570188
ilkkakukkonen_twitter_ac550d7e,d:\66070260-Year3_Term2\Project1\Code\Project-for-Work\data\images\ilkkakukkonen_twitter_ac550d7e.jpg,ilkkakukkonen,twitter,2026-01-12T01:16:58.616433
illtrax_twitter_1a1d5e70,d:\66070260-Year3_Term2\Project1\Code\Project-for-Work\data\images\illtrax_twitter_1a1d5e70.jpg,illtrax,twitter,2026-01-12T01:16:58.663458
ilpagliarino_twitter_8c55b8b8,d:\66070260-Year3_Term2\Project1\Code\Project-for-Work\data\images\ilpagliarino_twitter_8c55b8b8.jpg,ilpagliarino,twitter,2026-01-12T01:16:58.690935
indietunes_twitter_e83631c5,d:\66070260-Year3_Term2\Project1\Code\Project-for-Work\data\images\indietunes_twitter_e83631c5.jpg,indietunes,twitter,2026-01-12T01:16:58.725054
indumental_twitter_db63d9ae,d:\66070260-Year3_Term2\Project1\Code\Project-for-Work\data\images\indumental_twitter_db63d9ae.jpg,indumental,twitter,2026-01-12T01:16:58.742668
inesandres_twitter_e93a4891,d:\66070260-Year3_Term2\Project1\Code\Project-for-Work\data\images\inesandres_twitter_e93a4891.jpg,inesandres,twitter,2026-01-12T01:16:58.791401
inigoparalle_twitter_b15aa013,d:\66070260-Year3_Term2\Project1\Code\Project-for-Work\data\images\inigoparalle_twitter_b15aa013.jpg,inigoparalle,twitter,2026-01-12T01:16:58.828656
injction_twitter_c5f2fc9d,d:\66070260-Year3_Term2\Project1\Code\Project-for-Work\data\images\injction_twitter_c5f2fc9d.jpg,injction,twitter,2026-01-12T01:16:58.865972
intanrizky_twitter_235881d9,d:\66070260-Year3_Term2\Project1\Code\Project-for-Work\data\images\intanrizky_twitter_235881d9.jpg,intanrizky,twitter,2026-01-12T01:16:58.929454
intelligenius_twitter_54dcd23e,d:\66070260-Year3_Term2\Project1\Code\Project-for-Work\data\images\intelligenius_twitter_54dcd23e.jpg,intelligenius,twitter,2026-01-12T01:16:58.967826
intercer_twitter_48e5af44,d:\66070260-Year3_Term2\Project1\Code\Project-for-Work\data\images\intercer_twitter_48e5af44.jpg,intercer,twitter,2026-01-12T01:16:59.008041
ipranab_twitter_00f852cc,d:\66070260-Year3_Term2\Project1\Code\Project-for-Work\data\images\ipranab_twitter_00f852cc.jpg,ipranab,twitter,2026-01-12T01:16:59.048888
irecevic_twitter_c097f388,d:\66070260-Year3_Term2\Project1\Code\Project-for-Work\data\images\irecevic_twitter_c097f388.jpg,irecevic,twitter,2026-01-12T01:16:59.086604
irenegarmu_twitter_e484b227,d:\66070260-Year3_Term2\Project1\Code\Project-for-Work\data\images\irenegarmu_twitter_e484b227.jpg,irenegarmu,twitter,2026-01-12T01:16:59.116104
irenekimmel_twitter_ac98d11a,d:\66070260-Year3_Term2\Project1\Code\Project-for-Work\data\images\irenekimmel_twitter_ac98d11a.jpg,irenekimmel,twitter,2026-01-12T01:16:59.157166
irf_twitter_7f923eec,d:\66070260-Year3_Term2\Project1\Code\Project-for-Work\data\images\irf_twitter_7f923eec.jpg,irf,twitter,2026-01-12T01:16:59.186724
irinaradchenko_twitter_30999e7b,d:\66070260-Year3_Term2\Project1\Code\Project-for-Work\data\images\irinaradchenko_twitter_30999e7b.jpg,irinaradchenko,twitter,2026-01-12T01:16:59.228861
irinasouiki_twitter_4382bfa6,d:\66070260-Year3_Term2\Project1\Code\Project-for-Work\data\images\irinasouiki_twitter_4382bfa6.jpg,irinasouiki,twitter,2026-01-12T01:16:59.272461
irmazimmermann_twitter_8ec0bae6,d:\66070260-Year3_Term2\Project1\Code\Project-for-Work\data\images\irmazimmermann_twitter_8ec0bae6.jpg,irmazimmermann,twitter,2026-01-12T01:16:59.305480
isaacadams_twitter_85f8654b,d:\66070260-Year3_Term2\Project1\Code\Project-for-Work\data\images\isaacadams_twitter_85f8654b.jpg,isaacadams,twitter,2026-01-12T01:16:59.348001
isaacbf_twitter_1fce440a,d:\66070260-Year3_Term2\Project1\Code\Project-for-Work\data\images\isaacbf_twitter_1fce440a.jpg,isaacbf,twitter,2026-01-12T01:16:59.371114
isaacsmith_twitter_5cc7dfdb,d:\66070260-Year3_Term2\Project1\Code\Project-for-Work\data\images\isaacsmith_twitter_5cc7dfdb.jpg,isaacsmith,twitter,2026-01-12T01:16:59.413773
isuruyapa_twitter_e0a9fd3c,d:\66070260-Year3_Term2\Project1\Code\Project-for-Work\data\images\isuruyapa_twitter_e0a9fd3c.jpg,isuruyapa,twitter,2026-01-12T01:16:59.448136
itsvitorgomes_twitter_58be4379,d:\66070260-Year3_Term2\Project1\Code\Project-for-Work\data\images\itsvitorgomes_twitter_58be4379.jpg,itsvitorgomes,twitter,2026-01-12T01:16:59.499900
iucnwani_twitter_ad8bb904,d:\66070260-Year3_Term2\Project1\Code\Project-for-Work\data\images\iucnwani_twitter_ad8bb904.jpg,iucnwani,twitter,2026-01-12T01:16:59.511827
ivanataylor_twitter_adc1ab37,d:\66070260-Year3_Term2\Project1\Code\Project-for-Work\data\images\ivanataylor_twitter_adc1ab37.jpg,ivanataylor,twitter,2026-01-12T01:16:59.551163
ivanhernandez_twitter_0b47da79,d:\66070260-Year3_Term2\Project1\Code\Project-for-Work\data\images\ivanhernandez_twitter_0b47da79.jpg,ivanhernandez,twitter,2026-01-12T01:16:59.586175
ivanilic_twitter_3b3d3667,d:\66070260-Year3_Term2\Project1\Code\Project-for-Work\data\images\ivanilic_twitter_3b3d3667.jpg,ivanilic,twitter,2026-01-12T01:16:59.611863
ivankovacevic_twitter_090f678f,d:\66070260-Year3_Term2\Project1\Code\Project-for-Work\data\images\ivankovacevic_twitter_090f678f.jpg,ivankovacevic,twitter,2026-01-12T01:16:59.641966
ivanlajara_twitter_47424b61,d:\66070260-Year3_Term2\Project1\Code\Project-for-Work\data\images\ivanlajara_twitter_47424b61.jpg,ivanlajara,twitter,2026-01-12T01:16:59.689707
ivanmola_twitter_e0045627,d:\66070260-Year3_Term2\Project1\Code\Project-for-Work\data\images\ivanmola_twitter_e0045627.jpg,ivanmola,twitter,2026-01-12T01:16:59.724052
ivanvega_twitter_9a12a4d8,d:\66070260-Year3_Term2\Project1\Code\Project-for-Work\data\images\ivanvega_twitter_9a12a4d8.jpg,ivanvega,twitter,2026-01-12T01:16:59.760607
ivarsmas_twitter_7e1851e6,d:\66070260-Year3_Term2\Project1\Code\Project-for-Work\data\images\ivarsmas_twitter_7e1851e6.jpg,ivarsmas,twitter,2026-01-12T01:16:59.784575
ivosilvestro_twitter_70789f9d,d:\66070260-Year3_Term2\Project1\Code\Project-for-Work\data\images\ivosilvestro_twitter_70789f9d.jpg,ivosilvestro,twitter,2026-01-12T01:16:59.821863
iwatatakuma_twitter_63c209af,d:\66070260-Year3_Term2\Project1\Code\Project-for-Work\data\images\iwatatakuma_twitter_63c209af.jpg,iwatatakuma,twitter,2026-01-12T01:16:59.850628
iwichita_twitter_9aefd46e,d:\66070260-Year3_Term2\Project1\Code\Project-for-Work\data\images\iwichita_twitter_9aefd46e.jpg,iwichita,twitter,2026-01-12T01:16:59.873419
izackruiz_twitter_c3c62de9,d:\66070260-Year3_Term2\Project1\Code\Project-for-Work\data\images\izackruiz_twitter_c3c62de9.jpg,izackruiz,twitter,2026-01-12T01:16:59.920195
izazael_twitter_6d55c349,d:\66070260-Year3_Term2\Project1\Code\Project-for-Work\data\images\izazael_twitter_6d55c349.jpg,izazael,twitter,2026-01-12T01:16:59.939033
j0hnsy_twitter_ae331e5c,d:\66070260-Year3_Term2\Project1\Code\Project-for-Work\data\images\j0hnsy_twitter_ae331e5c.jpg,j0hnsy,twitter,2026-01-12T01:16:59.975431
j4nu5_twitter_b635fcfa,d:\66070260-Year3_Term2\Project1\Code\Project-for-Work\data\images\j4nu5_twitter_b635fcfa.jpg,j4nu5,twitter,2026-01-12T01:17:00.021225
jackprindle_twitter_9755afbd,d:\66070260-Year3_Term2\Project1\Code\Project-for-Work\data\images\jackprindle_twitter_9755afbd.jpg,jackprindle,twitter,2026-01-12T01:17:00.050823
jacquesshu_twitter_3b14181c,d:\66070260-Year3_Term2\Project1\Code\Project-for-Work\data\images\jacquesshu_twitter_3b14181c.jpg,jacquesshu,twitter,2026-01-12T01:17:00.087920
jacquibrown_twitter_14a34343,d:\66070260-Year3_Term2\Project1\Code\Project-for-Work\data\images\jacquibrown_twitter_14a34343.jpg,jacquibrown,twitter,2026-01-12T01:17:00.148717
jadenwalker_twitter_ff88f3be,d:\66070260-Year3_Term2\Project1\Code\Project-for-Work\data\images\jadenwalker_twitter_ff88f3be.jpg,jadenwalker,twitter,2026-01-12T01:17:00.180550
jaelrincon_twitter_47a49f56,d:\66070260-Year3_Term2\Project1\Code\Project-for-Work\data\images\jaelrincon_twitter_47a49f56.jpg,jaelrincon,twitter,2026-01-12T01:17:00.200759
jagudeye_twitter_4038cc9f,d:\66070260-Year3_Term2\Project1\Code\Project-for-Work\data\images\jagudeye_twitter_4038cc9f.jpg,jagudeye,twitter,2026-01-12T01:17:00.231880
jaimerojasandaur_twitter_da11d9b8,d:\66070260-Year3_Term2\Project1\Code\Project-for-Work\data\images\jaimerojasandaur_twitter_da11d9b8.jpg,jaimerojasandaur,twitter,2026-01-12T01:17:00.272345
jainashish_twitter_0016dd8b,d:\66070260-Year3_Term2\Project1\Code\Project-for-Work\data\images\jainashish_twitter_0016dd8b.jpg,jainashish,twitter,2026-01-12T01:17:00.307197
jajodiasaket_twitter_7fe3a46b,d:\66070260-Year3_Term2\Project1\Code\Project-for-Work\data\images\jajodiasaket_twitter_7fe3a46b.jpg,jajodiasaket,twitter,2026-01-12T01:17:00.341952
jakedubss_twitter_c03b0dc2,d:\66070260-Year3_Term2\Project1\Code\Project-for-Work\data\images\jakedubss_twitter_c03b0dc2.jpg,jakedubss,twitter,2026-01-12T01:17:00.375855
jamesbellamy3_twitter_2b6126e8,d:\66070260-Year3_Term2\Project1\Code\Project-for-Work\data\images\jamesbellamy3_twitter_2b6126e8.jpg,jamesbellamy3,twitter,2026-01-12T01:17:00.408105
jamescrawford_twitter_208ab316,d:\66070260-Year3_Term2\Project1\Code\Project-for-Work\data\images\jamescrawford_twitter_208ab316.jpg,jamescrawford,twitter,2026-01-12T01:17:00.451610
jamesgoodnow_twitter_adc9a524,d:\66070260-Year3_Term2\Project1\Code\Project-for-Work\data\images\jamesgoodnow_twitter_adc9a524.jpg,jamesgoodnow,twitter,2026-01-12T01:17:00.484870
jamesjohnston_twitter_d4f80aad,d:\66070260-Year3_Term2\Project1\Code\Project-for-Work\data\images\jamesjohnston_twitter_d4f80aad.jpg,jamesjohnston,twitter,2026-01-12T01:17:00.521163
jameson079_twitter_8e1fa9a3,d:\66070260-Year3_Term2\Project1\Code\Project-for-Work\data\images\jameson079_twitter_8e1fa9a3.jpg,jameson079,twitter,2026-01-12T01:17:00.555309
jamessacci_twitter_109a3d36,d:\66070260-Year3_Term2\Project1\Code\Project-for-Work\data\images\jamessacci_twitter_109a3d36.jpg,jamessacci,twitter,2026-01-12T01:17:00.584036
jameswatsoninternet_twitter_c9d12070,d:\66070260-Year3_Term2\Project1\Code\Project-for-Work\data\images\jameswatsoninternet_twitter_c9d12070.jpg,jameswatsoninternet,twitter,2026-01-12T01:17:00.615085
jamiegilpin_twitter_8094a687,d:\66070260-Year3_Term2\Project1\Code\Project-for-Work\data\images\jamiegilpin_twitter_8094a687.jpg,jamiegilpin,twitter,2026-01-12T01:17:00.642180
jamiehinks_twitter_60200ba6,d:\66070260-Year3_Term2\Project1\Code\Project-for-Work\data\images\jamiehinks_twitter_60200ba6.jpg,jamiehinks,twitter,2026-01-12T01:17:00.690354
jamieleeong_twitter_7ff1aa7e,d:\66070260-Year3_Term2\Project1\Code\Project-for-Work\data\images\jamieleeong_twitter_7ff1aa7e.jpg,jamieleeong,twitter,2026-01-12T01:17:00.718843
janbush_twitter_e3420437,d:\66070260-Year3_Term2\Project1\Code\Project-for-Work\data\images\janbush_twitter_e3420437.jpg,janbush,twitter,2026-01-12T01:17:00.750178
janehamill_twitter_352ee4cd,d:\66070260-Year3_Term2\Project1\Code\Project-for-Work\data\images\janehamill_twitter_352ee4cd.jpg,janehamill,twitter,2026-01-12T01:17:00.782880
janelbrennan_twitter_72b9f16b,d:\66070260-Year3_Term2\Project1\Code\Project-for-Work\data\images\janelbrennan_twitter_72b9f16b.jpg,janelbrennan,twitter,2026-01-12T01:17:00.821158
janellewilson_twitter_313a6c63,d:\66070260-Year3_Term2\Project1\Code\Project-for-Work\data\images\janellewilson_twitter_313a6c63.jpg,janellewilson,twitter,2026-01-12T01:17:00.859749
janifer_twitter_f4d7e4a1,d:\66070260-Year3_Term2\Project1\Code\Project-for-Work\data\images\janifer_twitter_f4d7e4a1.jpg,janifer,twitter,2026-01-12T01:17:00.905288
janiv_twitter_6c328abe,d:\66070260-Year3_Term2\Project1\Code\Project-for-Work\data\images\janiv_twitter_6c328abe.jpg,janiv,twitter,2026-01-12T01:17:00.932771
japros_twitter_11c126e3,d:\66070260-Year3_Term2\Project1\Code\Project-for-Work\data\images\japros_twitter_11c126e3.jpg,japros,twitter,2026-01-12T01:17:00.975913
jaredholmquist_twitter_fa4b7178,d:\66070260-Year3_Term2\Project1\Code\Project-for-Work\data\images\jaredholmquist_twitter_fa4b7178.jpg,jaredholmquist,twitter,2026-01-12T01:17:01.019056
jaredmagouirk_twitter_afbcdaa3,d:\66070260-Year3_Term2\Project1\Code\Project-for-Work\data\images\jaredmagouirk_twitter_afbcdaa3.jpg,jaredmagouirk,twitter,2026-01-12T01:17:01.057599
jaryves_twitter_d83d06fe,d:\66070260-Year3_Term2\Project1\Code\Project-for-Work\data\images\jaryves_twitter_d83d06fe.jpg,jaryves,twitter,2026-01-12T01:17:01.089703
jasminrovira_twitter_905df1d1,d:\66070260-Year3_Term2\Project1\Code\Project-for-Work\data\images\jasminrovira_twitter_905df1d1.jpg,jasminrovira,twitter,2026-01-12T01:17:01.111097
jasonbergin_twitter_557321ca,d:\66070260-Year3_Term2\Project1\Code\Project-for-Work\data\images\jasonbergin_twitter_557321ca.jpg,jasonbergin,twitter,2026-01-12T01:17:01.124698
jasonchan_twitter_f947b6c6,d:\66070260-Year3_Term2\Project1\Code\Project-for-Work\data\images\jasonchan_twitter_f947b6c6.jpg,jasonchan,twitter,2026-01-12T01:17:01.154812
jasondupuis_twitter_604a4ea8,d:\66070260-Year3_Term2\Project1\Code\Project-for-Work\data\images\jasondupuis_twitter_604a4ea8.jpg,jasondupuis,twitter,2026-01-12T01:17:01.186555
jasonemiller_twitter_84b4f048,d:\66070260-Year3_Term2\Project1\Code\Project-for-Work\data\images\jasonemiller_twitter_84b4f048.jpg,jasonemiller,twitter,2026-01-12T01:17:01.234967
jasongraciano_twitter_5a1ec285,d:\66070260-Year3_Term2\Project1\Code\Project-for-Work\data\images\jasongraciano_twitter_5a1ec285.jpg,jasongraciano,twitter,2026-01-12T01:17:01.260382
jasongraham99_twitter_66c29f64,d:\66070260-Year3_Term2\Project1\Code\Project-for-Work\data\images\jasongraham99_twitter_66c29f64.jpg,jasongraham99,twitter,2026-01-12T01:17:01.318346
jasonlloyd_twitter_458c19c8,d:\66070260-Year3_Term2\Project1\Code\Project-for-Work\data\images\jasonlloyd_twitter_458c19c8.jpg,jasonlloyd,twitter,2026-01-12T01:17:01.362754
jasonloehr_twitter_fa1e5a2f,d:\66070260-Year3_Term2\Project1\Code\Project-for-Work\data\images\jasonloehr_twitter_fa1e5a2f.jpg,jasonloehr,twitter,2026-01-12T01:17:01.400311
jasonmarineau_twitter_633eb7c9,d:\66070260-Year3_Term2\Project1\Code\Project-for-Work\data\images\jasonmarineau_twitter_633eb7c9.jpg,jasonmarineau,twitter,2026-01-12T01:17:01.439011
jasonmartorana_twitter_1c170ec5,d:\66070260-Year3_Term2\Project1\Code\Project-for-Work\data\images\jasonmartorana_twitter_1c170ec5.jpg,jasonmartorana,twitter,2026-01-12T01:17:01.470933
jasonohaire_twitter_1f34c7b8,d:\66070260-Year3_Term2\Project1\Code\Project-for-Work\data\images\jasonohaire_twitter_1f34c7b8.jpg,jasonohaire,twitter,2026-01-12T01:17:01.497495
jasson_twitter_efc7b09a,d:\66070260-Year3_Term2\Project1\Code\Project-for-Work\data\images\jasson_twitter_efc7b09a.jpg,jasson,twitter,2026-01-12T01:17:01.508534
javicebrian_twitter_049aaaed,d:\66070260-Year3_Term2\Project1\Code\Project-for-Work\data\images\javicebrian_twitter_049aaaed.jpg,javicebrian,twitter,2026-01-12T01:17:01.533970
javierandreu_twitter_bad60328,d:\66070260-Year3_Term2\Project1\Code\Project-for-Work\data\images\javierandreu_twitter_bad60328.jpg,javierandreu,twitter,2026-01-12T01:17:01.564690
javierbrisa_twitter_7cbb97f9,d:\66070260-Year3_Term2\Project1\Code\Project-for-Work\data\images\javierbrisa_twitter_7cbb97f9.jpg,javierbrisa,twitter,2026-01-12T01:17:01.590746
javiersanchez_twitter_a42a8588,d:\66070260-Year3_Term2\Project1\Code\Project-for-Work\data\images\javiersanchez_twitter_a42a8588.jpg,javiersanchez,twitter,2026-01-12T01:17:01.620944
javikarni_twitter_638b5b61,d:\66070260-Year3_Term2\Project1\Code\Project-for-Work\data\images\javikarni_twitter_638b5b61.jpg,javikarni,twitter,2026-01-12T01:17:01.668073
jayboucher_twitter_1796f13f,d:\66070260-Year3_Term2\Project1\Code\Project-for-Work\data\images\jayboucher_twitter_1796f13f.jpg,jayboucher,twitter,2026-01-12T01:17:01.697685
jaycorcoran_twitter_b6cbb10c,d:\66070260-Year3_Term2\Project1\Code\Project-for-Work\data\images\jaycorcoran_twitter_b6cbb10c.jpg,jaycorcoran,twitter,2026-01-12T01:17:01.729573
jaynev_twitter_5dc978f4,d:\66070260-Year3_Term2\Project1\Code\Project-for-Work\data\images\jaynev_twitter_5dc978f4.jpg,jaynev,twitter,2026-01-12T01:17:01.765451
jaypsyd_twitter_bd24af2b,d:\66070260-Year3_Term2\Project1\Code\Project-for-Work\data\images\jaypsyd_twitter_bd24af2b.jpg,jaypsyd,twitter,2026-01-12T01:17:01.808469
jazael_twitter_e08b22e1,d:\66070260-Year3_Term2\Project1\Code\Project-for-Work\data\images\jazael_twitter_e08b22e1.jpg,jazael,twitter,2026-01-12T01:17:01.844946
jazrt_twitter_eed13493,d:\66070260-Year3_Term2\Project1\Code\Project-for-Work\data\images\jazrt_twitter_eed13493.jpg,jazrt,twitter,2026-01-12T01:17:01.869618
jazza_twitter_94858f81,d:\66070260-Year3_Term2\Project1\Code\Project-for-Work\data\images\jazza_twitter_94858f81.jpg,jazza,twitter,2026-01-12T01:17:01.904424
jberndes_twitter_424b06a9,d:\66070260-Year3_Term2\Project1\Code\Project-for-Work\data\images\jberndes_twitter_424b06a9.jpg,jberndes,twitter,2026-01-12T01:17:01.947069
jcov90_twitter_805884a4,d:\66070260-Year3_Term2\Project1\Code\Project-for-Work\data\images\jcov90_twitter_805884a4.jpg,jcov90,twitter,2026-01-12T01:17:01.989962
jcriqqelme_twitter_c52b8be8,d:\66070260-Year3_Term2\Project1\Code\Project-for-Work\data\images\jcriqqelme_twitter_c52b8be8.jpg,jcriqqelme,twitter,2026-01-12T01:17:02.027296
jdperkins1369_twitter_b93ad2f3,d:\66070260-Year3_Term2\Project1\Code\Project-for-Work\data\images\jdperkins1369_twitter_b93ad2f3.jpg,jdperkins1369,twitter,2026-01-12T01:17:02.040392
jeacosta_twitter_8799a0b7,d:\66070260-Year3_Term2\Project1\Code\Project-for-Work\data\images\jeacosta_twitter_8799a0b7.jpg,jeacosta,twitter,2026-01-12T01:17:02.076841
jeanfrancoislabelle_twitter_06143101,d:\66070260-Year3_Term2\Project1\Code\Project-for-Work\data\images\jeanfrancoislabelle_twitter_06143101.jpg,jeanfrancoislabelle,twitter,2026-01-12T01:17:02.105310
jeansanchez_twitter_da39065b,d:\66070260-Year3_Term2\Project1\Code\Project-for-Work\data\images\jeansanchez_twitter_da39065b.jpg,jeansanchez,twitter,2026-01-12T01:17:02.137467
jects_twitter_be19fbc2,d:\66070260-Year3_Term2\Project1\Code\Project-for-Work\data\images\jects_twitter_be19fbc2.jpg,jects,twitter,2026-01-12T01:17:02.165098
jeepgeek_twitter_75cc76d2,d:\66070260-Year3_Term2\Project1\Code\Project-for-Work\data\images\jeepgeek_twitter_75cc76d2.jpg,jeepgeek,twitter,2026-01-12T01:17:02.194755
jeffarazzi_twitter_7f4b0bb2,d:\66070260-Year3_Term2\Project1\Code\Project-for-Work\data\images\jeffarazzi_twitter_7f4b0bb2.jpg,jeffarazzi,twitter,2026-01-12T01:17:02.234319
jeffbone_twitter_33a810ac,d:\66070260-Year3_Term2\Project1\Code\Project-for-Work\data\images\jeffbone_twitter_33a810ac.jpg,jeffbone,twitter,2026-01-12T01:17:02.279965
jeffipad_twitter_14c87aec,d:\66070260-Year3_Term2\Project1\Code\Project-for-Work\data\images\jeffipad_twitter_14c87aec.jpg,jeffipad,twitter,2026-01-12T01:17:02.321057
jefflarkin_twitter_e0ef7813,d:\66070260-Year3_Term2\Project1\Code\Project-for-Work\data\images\jefflarkin_twitter_e0ef7813.jpg,jefflarkin,twitter,2026-01-12T01:17:02.363337
jeffmclean_twitter_1f69b096,d:\66070260-Year3_Term2\Project1\Code\Project-for-Work\data\images\jeffmclean_twitter_1f69b096.jpg,jeffmclean,twitter,2026-01-12T01:17:02.410137
jeffmwebster_twitter_fdeaebf9,d:\66070260-Year3_Term2\Project1\Code\Project-for-Work\data\images\jeffmwebster_twitter_fdeaebf9.jpg,jeffmwebster,twitter,2026-01-12T01:17:02.452604
jeffreyamcguire_twitter_ac97c567,d:\66070260-Year3_Term2\Project1\Code\Project-for-Work\data\images\jeffreyamcguire_twitter_ac97c567.jpg,jeffreyamcguire,twitter,2026-01-12T01:17:02.492213
jeffreydodge_twitter_65b44add,d:\66070260-Year3_Term2\Project1\Code\Project-for-Work\data\images\jeffreydodge_twitter_65b44add.jpg,jeffreydodge,twitter,2026-01-12T01:17:02.529580
jehf_twitter_f9349936,d:\66070260-Year3_Term2\Project1\Code\Project-for-Work\data\images\jehf_twitter_f9349936.jpg,jehf,twitter,2026-01-12T01:17:02.577273
jeicker_twitter_455c1f4b,d:\66070260-Year3_Term2\Project1\Code\Project-for-Work\data\images\jeicker_twitter_455c1f4b.jpg,jeicker,twitter,2026-01-12T01:17:02.607289
jellederoeck_twitter_376d4469,d:\66070260-Year3_Term2\Project1\Code\Project-for-Work\data\images\jellederoeck_twitter_376d4469.jpg,jellederoeck,twitter,2026-01-12T01:17:02.647885
jelleoostrom_twitter_56216f16,d:\66070260-Year3_Term2\Project1\Code\Project-for-Work\data\images\jelleoostrom_twitter_56216f16.jpg,jelleoostrom,twitter,2026-01-12T01:17:02.676591
jenbalisi_twitter_ec3798a8,d:\66070260-Year3_Term2\Project1\Code\Project-for-Work\data\images\jenbalisi_twitter_ec3798a8.jpg,jenbalisi,twitter,2026-01-12T01:17:02.726067
jenevison_twitter_8acf9fc2,d:\66070260-Year3_Term2\Project1\Code\Project-for-Work\data\images\jenevison_twitter_8acf9fc2.jpg,jenevison,twitter,2026-01-12T01:17:02.757246
jenleheny_twitter_17111b55,d:\66070260-Year3_Term2\Project1\Code\Project-for-Work\data\images\jenleheny_twitter_17111b55.jpg,jenleheny,twitter,2026-01-12T01:17:02.803346
jenmathews_twitter_6cefe4ab,d:\66070260-Year3_Term2\Project1\Code\Project-for-Work\data\images\jenmathews_twitter_6cefe4ab.jpg,jenmathews,twitter,2026-01-12T01:17:02.829735
jenner_twitter_cd086305,d:\66070260-Year3_Term2\Project1\Code\Project-for-Work\data\images\jenner_twitter_cd086305.jpg,jenner,twitter,2026-01-12T01:17:02.875001
jenniferhill_twitter_9c8e2b8a,d:\66070260-Year3_Term2\Project1\Code\Project-for-Work\data\images\jenniferhill_twitter_9c8e2b8a.jpg,jenniferhill,twitter,2026-01-12T01:17:02.902208
jenniferrosenblatt_twitter_93ba7407,d:\66070260-Year3_Term2\Project1\Code\Project-for-Work\data\images\jenniferrosenblatt_twitter_93ba7407.jpg,jenniferrosenblatt,twitter,2026-01-12T01:17:02.917926
jenniferwong_twitter_baa6ff82,d:\66070260-Year3_Term2\Project1\Code\Project-for-Work\data\images\jenniferwong_twitter_baa6ff82.jpg,jenniferwong,twitter,2026-01-12T01:17:02.964690
jennturner_twitter_08a54c1b,d:\66070260-Year3_Term2\Project1\Code\Project-for-Work\data\images\jennturner_twitter_08a54c1b.jpg,jennturner,twitter,2026-01-12T01:17:02.996715
jenovaproject_twitter_5584fe01,d:\66070260-Year3_Term2\Project1\Code\Project-for-Work\data\images\jenovaproject_twitter_5584fe01.jpg,jenovaproject,twitter,2026-01-12T01:17:03.026163
jereclancy_twitter_15037bd5,d:\66070260-Year3_Term2\Project1\Code\Project-for-Work\data\images\jereclancy_twitter_15037bd5.jpg,jereclancy,twitter,2026-01-12T01:17:03.067831
jeremycwilson_twitter_1b2d29ba,d:\66070260-Year3_Term2\Project1\Code\Project-for-Work\data\images\jeremycwilson_twitter_1b2d29ba.jpg,jeremycwilson,twitter,2026-01-12T01:17:03.107101
jeremyfranklin_twitter_19dd28ce,d:\66070260-Year3_Term2\Project1\Code\Project-for-Work\data\images\jeremyfranklin_twitter_19dd28ce.jpg,jeremyfranklin,twitter,2026-01-12T01:17:03.140839
jeremymd_twitter_855bd9cc,d:\66070260-Year3_Term2\Project1\Code\Project-for-Work\data\images\jeremymd_twitter_855bd9cc.jpg,jeremymd,twitter,2026-01-12T01:17:03.179635
jeroenmiedema_twitter_e4099201,d:\66070260-Year3_Term2\Project1\Code\Project-for-Work\data\images\jeroenmiedema_twitter_e4099201.jpg,jeroenmiedema,twitter,2026-01-12T01:17:03.225788
jeromeshaw_twitter_a2507e7e,d:\66070260-Year3_Term2\Project1\Code\Project-for-Work\data\images\jeromeshaw_twitter_a2507e7e.jpg,jeromeshaw,twitter,2026-01-12T01:17:03.264658
jerometurner_twitter_f015652f,d:\66070260-Year3_Term2\Project1\Code\Project-for-Work\data\images\jerometurner_twitter_f015652f.jpg,jerometurner,twitter,2026-01-12T01:17:03.307846
jeromevadon_twitter_7bbe40b2,d:\66070260-Year3_Term2\Project1\Code\Project-for-Work\data\images\jeromevadon_twitter_7bbe40b2.jpg,jeromevadon,twitter,2026-01-12T01:17:03.354127
jeromiewilliams_twitter_5b4a8dcd,d:\66070260-Year3_Term2\Project1\Code\Project-for-Work\data\images\jeromiewilliams_twitter_5b4a8dcd.jpg,jeromiewilliams,twitter,2026-01-12T01:17:03.398510
jerrybarnwell_twitter_cbd7b683,d:\66070260-Year3_Term2\Project1\Code\Project-for-Work\data\images\jerrybarnwell_twitter_cbd7b683.jpg,jerrybarnwell,twitter,2026-01-12T01:17:03.445676
jessecorinella_twitter_c432ea70,d:\66070260-Year3_Term2\Project1\Code\Project-for-Work\data\images\jessecorinella_twitter_c432ea70.jpg,jessecorinella,twitter,2026-01-12T01:17:03.478907
jessereilly_twitter_af4029a7,d:\66070260-Year3_Term2\Project1\Code\Project-for-Work\data\images\jessereilly_twitter_af4029a7.jpg,jessereilly,twitter,2026-01-12T01:17:03.515570
jessetrelstad_twitter_385144a0,d:\66070260-Year3_Term2\Project1\Code\Project-for-Work\data\images\jessetrelstad_twitter_385144a0.jpg,jessetrelstad,twitter,2026-01-12T01:17:03.552017
jessevalley_twitter_8602d0ee,d:\66070260-Year3_Term2\Project1\Code\Project-for-Work\data\images\jessevalley_twitter_8602d0ee.jpg,jessevalley,twitter,2026-01-12T01:17:03.584183
jessewright_twitter_5ef6975d,d:\66070260-Year3_Term2\Project1\Code\Project-for-Work\data\images\jessewright_twitter_5ef6975d.jpg,jessewright,twitter,2026-01-12T01:17:03.614721
jessicafajans_twitter_bd679c07,d:\66070260-Year3_Term2\Project1\Code\Project-for-Work\data\images\jessicafajans_twitter_bd679c07.jpg,jessicafajans,twitter,2026-01-12T01:17:03.654167
jessienuz_twitter_b93a3e54,d:\66070260-Year3_Term2\Project1\Code\Project-for-Work\data\images\jessienuz_twitter_b93a3e54.jpg,jessienuz,twitter,2026-01-12T01:17:03.689690
jesusivo_twitter_7663cfc3,d:\66070260-Year3_Term2\Project1\Code\Project-for-Work\data\images\jesusivo_twitter_7663cfc3.jpg,jesusivo,twitter,2026-01-12T01:17:03.718064
jesuslugo_twitter_16e56c7f,d:\66070260-Year3_Term2\Project1\Code\Project-for-Work\data\images\jesuslugo_twitter_16e56c7f.jpg,jesuslugo,twitter,2026-01-12T01:17:03.755182
jesusmier_twitter_8d74e587,d:\66070260-Year3_Term2\Project1\Code\Project-for-Work\data\images\jesusmier_twitter_8d74e587.jpg,jesusmier,twitter,2026-01-12T01:17:03.789086
jetvhs_twitter_74117c75,d:\66070260-Year3_Term2\Project1\Code\Project-for-Work\data\images\jetvhs_twitter_74117c75.jpg,jetvhs,twitter,2026-01-12T01:17:03.821589
jevtovic_twitter_f88cb5fb,d:\66070260-Year3_Term2\Project1\Code\Project-for-Work\data\images\jevtovic_twitter_f88cb5fb.jpg,jevtovic,twitter,2026-01-12T01:17:03.857906
jfbautista_twitter_f37b46f4,d:\66070260-Year3_Term2\Project1\Code\Project-for-Work\data\images\jfbautista_twitter_f37b46f4.jpg,jfbautista,twitter,2026-01-12T01:17:03.879639
jgoff_twitter_83adead5,d:\66070260-Year3_Term2\Project1\Code\Project-for-Work\data\images\jgoff_twitter_83adead5.jpg,jgoff,twitter,2026-01-12T01:17:03.909808
jgorehampenney_twitter_40206fbf,d:\66070260-Year3_Term2\Project1\Code\Project-for-Work\data\images\jgorehampenney_twitter_40206fbf.jpg,jgorehampenney,twitter,2026-01-12T01:17:03.939353
jhonjairo_twitter_9f16e7cd,d:\66070260-Year3_Term2\Project1\Code\Project-for-Work\data\images\jhonjairo_twitter_9f16e7cd.jpg,jhonjairo,twitter,2026-01-12T01:17:03.982240
jillian_twitter_f36fff3b,d:\66070260-Year3_Term2\Project1\Code\Project-for-Work\data\images\jillian_twitter_f36fff3b.jpg,jillian,twitter,2026-01-12T01:17:04.023946
jimbgreen_twitter_e1f8798a,d:\66070260-Year3_Term2\Project1\Code\Project-for-Work\data\images\jimbgreen_twitter_e1f8798a.jpg,jimbgreen,twitter,2026-01-12T01:17:04.047313
jimbobmarley_twitter_bece6fee,d:\66070260-Year3_Term2\Project1\Code\Project-for-Work\data\images\jimbobmarley_twitter_bece6fee.jpg,jimbobmarley,twitter,2026-01-12T01:17:04.083762
jimhicks_twitter_eb164c2b,d:\66070260-Year3_Term2\Project1\Code\Project-for-Work\data\images\jimhicks_twitter_eb164c2b.jpg,jimhicks,twitter,2026-01-12T01:17:04.117466
jimlarrison_twitter_dee5dabb,d:\66070260-Year3_Term2\Project1\Code\Project-for-Work\data\images\jimlarrison_twitter_dee5dabb.jpg,jimlarrison,twitter,2026-01-12T01:17:04.158704
jimmetzger_twitter_faa222f7,d:\66070260-Year3_Term2\Project1\Code\Project-for-Work\data\images\jimmetzger_twitter_faa222f7.jpg,jimmetzger,twitter,2026-01-12T01:17:04.202696
jimmurdoch_twitter_e2e0c232,d:\66070260-Year3_Term2\Project1\Code\Project-for-Work\data\images\jimmurdoch_twitter_e2e0c232.jpg,jimmurdoch,twitter,2026-01-12T01:17:04.231844
jinaljmehta_twitter_10a128fd,d:\66070260-Year3_Term2\Project1\Code\Project-for-Work\data\images\jinaljmehta_twitter_10a128fd.jpg,jinaljmehta,twitter,2026-01-12T01:17:04.268540
jinuem_twitter_ca112bf6,d:\66070260-Year3_Term2\Project1\Code\Project-for-Work\data\images\jinuem_twitter_ca112bf6.jpg,jinuem,twitter,2026-01-12T01:17:04.298740
jiriruzek_twitter_e248e9f9,d:\66070260-Year3_Term2\Project1\Code\Project-for-Work\data\images\jiriruzek_twitter_e248e9f9.jpg,jiriruzek,twitter,2026-01-12T01:17:04.330951
jiteshpanchal_twitter_662a611f,d:\66070260-Year3_Term2\Project1\Code\Project-for-Work\data\images\jiteshpanchal_twitter_662a611f.jpg,jiteshpanchal,twitter,2026-01-12T01:17:04.368190
jithinjb_twitter_3ad744df,d:\66070260-Year3_Term2\Project1\Code\Project-for-Work\data\images\jithinjb_twitter_3ad744df.jpg,jithinjb,twitter,2026-01-12T01:17:04.398302
jjamor_twitter_352474b3,d:\66070260-Year3_Term2\Project1\Code\Project-for-Work\data\images\jjamor_twitter_352474b3.jpg,jjamor,twitter,2026-01-12T01:17:04.405590
jjmlloret_twitter_22f84a80,d:\66070260-Year3_Term2\Project1\Code\Project-for-Work\data\images\jjmlloret_twitter_22f84a80.jpg,jjmlloret,twitter,2026-01-12T01:17:04.436749
jkdesignarts_twitter_c7e411c0,d:\66070260-Year3_Term2\Project1\Code\Project-for-Work\data\images\jkdesignarts_twitter_c7e411c0.jpg,jkdesignarts,twitter,2026-01-12T01:17:04.467338
jking1627_twitter_31386cf4,d:\66070260-Year3_Term2\Project1\Code\Project-for-Work\data\images\jking1627_twitter_31386cf4.jpg,jking1627,twitter,2026-01-12T01:17:04.498788
jklfacom_twitter_ca241816,d:\66070260-Year3_Term2\Project1\Code\Project-for-Work\data\images\jklfacom_twitter_ca241816.jpg,jklfacom,twitter,2026-01-12T01:17:04.541572
jkshim_twitter_d5fdd5eb,d:\66070260-Year3_Term2\Project1\Code\Project-for-Work\data\images\jkshim_twitter_d5fdd5eb.jpg,jkshim,twitter,2026-01-12T01:17:04.575366
jlat85_twitter_a9200085,d:\66070260-Year3_Term2\Project1\Code\Project-for-Work\data\images\jlat85_twitter_a9200085.jpg,jlat85,twitter,2026-01-12T01:17:04.616168
jletti_twitter_b9a98ba2,d:\66070260-Year3_Term2\Project1\Code\Project-for-Work\data\images\jletti_twitter_b9a98ba2.jpg,jletti,twitter,2026-01-12T01:17:04.648360
jmac303_twitter_68403514,d:\66070260-Year3_Term2\Project1\Code\Project-for-Work\data\images\jmac303_twitter_68403514.jpg,jmac303,twitter,2026-01-12T01:17:04.675625
jmerkoski_twitter_3dd3063f,d:\66070260-Year3_Term2\Project1\Code\Project-for-Work\data\images\jmerkoski_twitter_3dd3063f.jpg,jmerkoski,twitter,2026-01-12T01:17:04.702949
jmgiron_twitter_4d143529,d:\66070260-Year3_Term2\Project1\Code\Project-for-Work\data\images\jmgiron_twitter_4d143529.jpg,jmgiron,twitter,2026-01-12T01:17:04.735591
jmnish_twitter_04dd4d8a,d:\66070260-Year3_Term2\Project1\Code\Project-for-Work\data\images\jmnish_twitter_04dd4d8a.jpg,jmnish,twitter,2026-01-12T01:17:04.777605
jmzubi_twitter_4f8f4b47,d:\66070260-Year3_Term2\Project1\Code\Project-for-Work\data\images\jmzubi_twitter_4f8f4b47.jpg,jmzubi,twitter,2026-01-12T01:17:04.808311
jnfotos_twitter_2030beb6,d:\66070260-Year3_Term2\Project1\Code\Project-for-Work\data\images\jnfotos_twitter_2030beb6.jpg,jnfotos,twitter,2026-01-12T01:17:04.833585
joannaleelin_twitter_025e0c9d,d:\66070260-Year3_Term2\Project1\Code\Project-for-Work\data\images\joannaleelin_twitter_025e0c9d.jpg,joannaleelin,twitter,2026-01-12T01:17:04.870896
joannalinden_twitter_d58db6b4,d:\66070260-Year3_Term2\Project1\Code\Project-for-Work\data\images\joannalinden_twitter_d58db6b4.jpg,joannalinden,twitter,2026-01-12T01:17:04.905962
joannegreco_twitter_a8685d60,d:\66070260-Year3_Term2\Project1\Code\Project-for-Work\data\images\joannegreco_twitter_a8685d60.jpg,joannegreco,twitter,2026-01-12T01:17:04.942496
joannwoolley_twitter_b7284b7b,d:\66070260-Year3_Term2\Project1\Code\Project-for-Work\data\images\joannwoolley_twitter_b7284b7b.jpg,joannwoolley,twitter,2026-01-12T01:17:04.976727
joaorio_twitter_c4b1106d,d:\66070260-Year3_Term2\Project1\Code\Project-for-Work\data\images\joaorio_twitter_c4b1106d.jpg,joaorio,twitter,2026-01-12T01:17:05.013036
joaoterrivel_twitter_5339abb7,d:\66070260-Year3_Term2\Project1\Code\Project-for-Work\data\images\joaoterrivel_twitter_5339abb7.jpg,joaoterrivel,twitter,2026-01-12T01:17:05.052520
joaquingatica_twitter_0a6b8089,d:\66070260-Year3_Term2\Project1\Code\Project-for-Work\data\images\joaquingatica_twitter_0a6b8089.jpg,joaquingatica,twitter,2026-01-12T01:17:05.088819
joebuglione_twitter_aa7611bd,d:\66070260-Year3_Term2\Project1\Code\Project-for-Work\data\images\joebuglione_twitter_aa7611bd.jpg,joebuglione,twitter,2026-01-12T01:17:05.109428
joecayetano_twitter_ac0182ad,d:\66070260-Year3_Term2\Project1\Code\Project-for-Work\data\images\joecayetano_twitter_ac0182ad.jpg,joecayetano,twitter,2026-01-12T01:17:05.136486
joelsteinmann_twitter_9a4b22c1,d:\66070260-Year3_Term2\Project1\Code\Project-for-Work\data\images\joelsteinmann_twitter_9a4b22c1.jpg,joelsteinmann,twitter,2026-01-12T01:17:05.165017
joelynndesign_twitter_22ff8ee5,d:\66070260-Year3_Term2\Project1\Code\Project-for-Work\data\images\joelynndesign_twitter_22ff8ee5.jpg,joelynndesign,twitter,2026-01-12T01:17:05.192974
joem_twitter_c3a32b4a,d:\66070260-Year3_Term2\Project1\Code\Project-for-Work\data\images\joem_twitter_c3a32b4a.jpg,joem,twitter,2026-01-12T01:17:05.220842
joerobb_twitter_db58d2ad,d:\66070260-Year3_Term2\Project1\Code\Project-for-Work\data\images\joerobb_twitter_db58d2ad.jpg,joerobb,twitter,2026-01-12T01:17:05.265118
joeteh_twitter_782d1b92,d:\66070260-Year3_Term2\Project1\Code\Project-for-Work\data\images\joeteh_twitter_782d1b92.jpg,joeteh,twitter,2026-01-12T01:17:05.308066
joeybryant_twitter_807d699d,d:\66070260-Year3_Term2\Project1\Code\Project-for-Work\data\images\joeybryant_twitter_807d699d.jpg,joeybryant,twitter,2026-01-12T01:17:05.350955
joeyfeith_twitter_1c642e25,d:\66070260-Year3_Term2\Project1\Code\Project-for-Work\data\images\joeyfeith_twitter_1c642e25.jpg,joeyfeith,twitter,2026-01-12T01:17:05.389709
joeymakalintal_twitter_1dafa4da,d:\66070260-Year3_Term2\Project1\Code\Project-for-Work\data\images\joeymakalintal_twitter_1dafa4da.jpg,joeymakalintal,twitter,2026-01-12T01:17:05.420038
jogarrett_twitter_01c5eaf1,d:\66070260-Year3_Term2\Project1\Code\Project-for-Work\data\images\jogarrett_twitter_01c5eaf1.jpg,jogarrett,twitter,2026-01-12T01:17:05.460881
johnayers_twitter_3cebfaa5,d:\66070260-Year3_Term2\Project1\Code\Project-for-Work\data\images\johnayers_twitter_3cebfaa5.jpg,johnayers,twitter,2026-01-12T01:17:05.497325
johnbyerrum_twitter_1ebcc911,d:\66070260-Year3_Term2\Project1\Code\Project-for-Work\data\images\johnbyerrum_twitter_1ebcc911.jpg,johnbyerrum,twitter,2026-01-12T01:17:05.509236
johncast78_twitter_a9f36fb6,d:\66070260-Year3_Term2\Project1\Code\Project-for-Work\data\images\johncast78_twitter_a9f36fb6.jpg,johncast78,twitter,2026-01-12T01:17:05.543563
johndeguzman_twitter_ca6b74d9,d:\66070260-Year3_Term2\Project1\Code\Project-for-Work\data\images\johndeguzman_twitter_ca6b74d9.jpg,johndeguzman,twitter,2026-01-12T01:17:05.582592
johnearickson_twitter_78563dba,d:\66070260-Year3_Term2\Project1\Code\Project-for-Work\data\images\johnearickson_twitter_78563dba.jpg,johnearickson,twitter,2026-01-12T01:17:05.615252
johnjdillon_twitter_7b2b3d39,d:\66070260-Year3_Term2\Project1\Code\Project-for-Work\data\images\johnjdillon_twitter_7b2b3d39.jpg,johnjdillon,twitter,2026-01-12T01:17:05.649566
johnkaminski_twitter_27ab222b,d:\66070260-Year3_Term2\Project1\Code\Project-for-Work\data\images\johnkaminski_twitter_27ab222b.jpg,johnkaminski,twitter,2026-01-12T01:17:05.671326
johnmadden_twitter_71161496,d:\66070260-Year3_Term2\Project1\Code\Project-for-Work\data\images\johnmadden_twitter_71161496.jpg,johnmadden,twitter,2026-01-12T01:17:05.707541
johnmischief_twitter_a702acab,d:\66070260-Year3_Term2\Project1\Code\Project-for-Work\data\images\johnmischief_twitter_a702acab.jpg,johnmischief,twitter,2026-01-12T01:17:05.739893
johnperez_twitter_332745af,d:\66070260-Year3_Term2\Project1\Code\Project-for-Work\data\images\johnperez_twitter_332745af.jpg,johnperez,twitter,2026-01-12T01:17:05.773449
johnporcaro_twitter_39f80842,d:\66070260-Year3_Term2\Project1\Code\Project-for-Work\data\images\johnporcaro_twitter_39f80842.jpg,johnporcaro,twitter,2026-01-12T01:17:05.814761
johnson2772_twitter_020fea73,d:\66070260-Year3_Term2\Project1\Code\Project-for-Work\data\images\johnson2772_twitter_020fea73.jpg,johnson2772,twitter,2026-01-12T01:17:05.836979
johnvicory_twitter_7c1b0543,d:\66070260-Year3_Term2\Project1\Code\Project-for-Work\data\images\johnvicory_twitter_7c1b0543.jpg,johnvicory,twitter,2026-01-12T01:17:05.881915
jokingonzalez_twitter_328718a3,d:\66070260-Year3_Term2\Project1\Code\Project-for-Work\data\images\jokingonzalez_twitter_328718a3.jpg,jokingonzalez,twitter,2026-01-12T01:17:05.899078
jolafeltra_twitter_9e1a8441,d:\66070260-Year3_Term2\Project1\Code\Project-for-Work\data\images\jolafeltra_twitter_9e1a8441.jpg,jolafeltra,twitter,2026-01-12T01:17:05.926441
jolenejang_twitter_eb986f1d,d:\66070260-Year3_Term2\Project1\Code\Project-for-Work\data\images\jolenejang_twitter_eb986f1d.jpg,jolenejang,twitter,2026-01-12T01:17:05.961558
jonahguo_twitter_c2833174,d:\66070260-Year3_Term2\Project1\Code\Project-for-Work\data\images\jonahguo_twitter_c2833174.jpg,jonahguo,twitter,2026-01-12T01:17:05.989537
jonartlucas_twitter_47d878d0,d:\66070260-Year3_Term2\Project1\Code\Project-for-Work\data\images\jonartlucas_twitter_47d878d0.jpg,jonartlucas,twitter,2026-01-12T01:17:06.032970
jonashalmstad_twitter_5f657ab1,d:\66070260-Year3_Term2\Project1\Code\Project-for-Work\data\images\jonashalmstad_twitter_5f657ab1.jpg,jonashalmstad,twitter,2026-01-12T01:17:06.079084
jonathandenby_twitter_a3026d8a,d:\66070260-Year3_Term2\Project1\Code\Project-for-Work\data\images\jonathandenby_twitter_a3026d8a.jpg,jonathandenby,twitter,2026-01-12T01:17:06.111945
jonathanfleming_twitter_2c14fa71,d:\66070260-Year3_Term2\Project1\Code\Project-for-Work\data\images\jonathanfleming_twitter_2c14fa71.jpg,jonathanfleming,twitter,2026-01-12T01:17:06.138338
jonathanlopez_twitter_eac5191e,d:\66070260-Year3_Term2\Project1\Code\Project-for-Work\data\images\jonathanlopez_twitter_eac5191e.jpg,jonathanlopez,twitter,2026-01-12T01:17:06.177959
jonathanromero_twitter_fdd8e7ac,d:\66070260-Year3_Term2\Project1\Code\Project-for-Work\data\images\jonathanromero_twitter_fdd8e7ac.jpg,jonathanromero,twitter,2026-01-12T01:17:06.205673
jonathanvu_twitter_3c598bc7,d:\66070260-Year3_Term2\Project1\Code\Project-for-Work\data\images\jonathanvu_twitter_3c598bc7.jpg,jonathanvu,twitter,2026-01-12T01:17:06.257506
jondifro_twitter_06afc1d2,d:\66070260-Year3_Term2\Project1\Code\Project-for-Work\data\images\jondifro_twitter_06afc1d2.jpg,jondifro,twitter,2026-01-12T01:17:06.289066
jonhowson_twitter_ab1ee1b7,d:\66070260-Year3_Term2\Project1\Code\Project-for-Work\data\images\jonhowson_twitter_ab1ee1b7.jpg,jonhowson,twitter,2026-01-12T01:17:06.311295
jonjohns_twitter_68d2d3ba,d:\66070260-Year3_Term2\Project1\Code\Project-for-Work\data\images\jonjohns_twitter_68d2d3ba.jpg,jonjohns,twitter,2026-01-12T01:17:06.354810
jonmaceda_twitter_33a734bb,d:\66070260-Year3_Term2\Project1\Code\Project-for-Work\data\images\jonmaceda_twitter_33a734bb.jpg,jonmaceda,twitter,2026-01-12T01:17:06.390127
jonthedvl_twitter_a25b4ad2,d:\66070260-Year3_Term2\Project1\Code\Project-for-Work\data\images\jonthedvl_twitter_a25b4ad2.jpg,jonthedvl,twitter,2026-01-12T01:17:06.425193
joolsstone_twitter_94226464,d:\66070260-Year3_Term2\Project1\Code\Project-for-Work\data\images\joolsstone_twitter_94226464.jpg,joolsstone,twitter,2026-01-12T01:17:06.449152
joonshin_twitter_893afb8b,d:\66070260-Year3_Term2\Project1\Code\Project-for-Work\data\images\joonshin_twitter_893afb8b.jpg,joonshin,twitter,2026-01-12T01:17:06.498525
jordanhaines_twitter_c97e8de9,d:\66070260-Year3_Term2\Project1\Code\Project-for-Work\data\images\jordanhaines_twitter_c97e8de9.jpg,jordanhaines,twitter,2026-01-12T01:17:06.534156
jorgecisneros_twitter_5bb853c7,d:\66070260-Year3_Term2\Project1\Code\Project-for-Work\data\images\jorgecisneros_twitter_5bb853c7.jpg,jorgecisneros,twitter,2026-01-12T01:17:06.569400
jorgeglez_twitter_c91c1fdc,d:\66070260-Year3_Term2\Project1\Code\Project-for-Work\data\images\jorgeglez_twitter_c91c1fdc.jpg,jorgeglez,twitter,2026-01-12T01:17:06.600720
jorgeramossantos_twitter_b2136afe,d:\66070260-Year3_Term2\Project1\Code\Project-for-Work\data\images\jorgeramossantos_twitter_b2136afe.jpg,jorgeramossantos,twitter,2026-01-12T01:17:06.629166
jorgeteixeira_twitter_4d746f0e,d:\66070260-Year3_Term2\Project1\Code\Project-for-Work\data\images\jorgeteixeira_twitter_4d746f0e.jpg,jorgeteixeira,twitter,2026-01-12T01:17:06.668443
joselopezarcos_twitter_5e0983ca,d:\66070260-Year3_Term2\Project1\Code\Project-for-Work\data\images\joselopezarcos_twitter_5e0983ca.jpg,joselopezarcos,twitter,2026-01-12T01:17:06.700658
josemanuelzardainbbr_twitter_b6ec7a83,d:\66070260-Year3_Term2\Project1\Code\Project-for-Work\data\images\josemanuelzardainbbr_twitter_b6ec7a83.jpg,josemanuelzardainbbr,twitter,2026-01-12T01:17:06.734194
josephsocorro_twitter_230f513b,d:\66070260-Year3_Term2\Project1\Code\Project-for-Work\data\images\josephsocorro_twitter_230f513b.jpg,josephsocorro,twitter,2026-01-12T01:17:06.766432
josepmanchado_twitter_8257a550,d:\66070260-Year3_Term2\Project1\Code\Project-for-Work\data\images\josepmanchado_twitter_8257a550.jpg,josepmanchado,twitter,2026-01-12T01:17:06.797895
joshaidan_twitter_995e085d,d:\66070260-Year3_Term2\Project1\Code\Project-for-Work\data\images\joshaidan_twitter_995e085d.jpg,joshaidan,twitter,2026-01-12T01:17:06.841281
joshdirks_twitter_584561bd,d:\66070260-Year3_Term2\Project1\Code\Project-for-Work\data\images\joshdirks_twitter_584561bd.jpg,joshdirks,twitter,2026-01-12T01:17:06.884368
joshgibson_twitter_74baec17,d:\66070260-Year3_Term2\Project1\Code\Project-for-Work\data\images\joshgibson_twitter_74baec17.jpg,joshgibson,twitter,2026-01-12T01:17:06.913303
joshgriffin_twitter_5f030a62,d:\66070260-Year3_Term2\Project1\Code\Project-for-Work\data\images\joshgriffin_twitter_5f030a62.jpg,joshgriffin,twitter,2026-01-12T01:17:06.947524
joshjeppson_twitter_21b548ea,d:\66070260-Year3_Term2\Project1\Code\Project-for-Work\data\images\joshjeppson_twitter_21b548ea.jpg,joshjeppson,twitter,2026-01-12T01:17:06.976963
joshpeak_twitter_e94e5ac8,d:\66070260-Year3_Term2\Project1\Code\Project-for-Work\data\images\joshpeak_twitter_e94e5ac8.jpg,joshpeak,twitter,2026-01-12T01:17:07.012698
joshpeardon_twitter_f54c4bf0,d:\66070260-Year3_Term2\Project1\Code\Project-for-Work\data\images\joshpeardon_twitter_f54c4bf0.jpg,joshpeardon,twitter,2026-01-12T01:17:07.048083
joshuagalloway_twitter_54717c29,d:\66070260-Year3_Term2\Project1\Code\Project-for-Work\data\images\joshuagalloway_twitter_54717c29.jpg,joshuagalloway,twitter,2026-01-12T01:17:07.086054
joshuahor_twitter_fbd8d6bd,d:\66070260-Year3_Term2\Project1\Code\Project-for-Work\data\images\joshuahor_twitter_fbd8d6bd.jpg,joshuahor,twitter,2026-01-12T01:17:07.122079
joshuaparker_twitter_b5836ffc,d:\66070260-Year3_Term2\Project1\Code\Project-for-Work\data\images\joshuaparker_twitter_b5836ffc.jpg,joshuaparker,twitter,2026-01-12T01:17:07.146404
josiaanep_twitter_99718dc1,d:\66070260-Year3_Term2\Project1\Code\Project-for-Work\data\images\josiaanep_twitter_99718dc1.jpg,josiaanep,twitter,2026-01-12T01:17:07.191503
joyceanndavis_twitter_b7d9cdf4,d:\66070260-Year3_Term2\Project1\Code\Project-for-Work\data\images\joyceanndavis_twitter_b7d9cdf4.jpg,joyceanndavis,twitter,2026-01-12T01:17:07.237871
joypoulsen_twitter_f198e9d7,d:\66070260-Year3_Term2\Project1\Code\Project-for-Work\data\images\joypoulsen_twitter_f198e9d7.jpg,joypoulsen,twitter,2026-01-12T01:17:07.281379
joysgupta_twitter_d96c2466,d:\66070260-Year3_Term2\Project1\Code\Project-for-Work\data\images\joysgupta_twitter_d96c2466.jpg,joysgupta,twitter,2026-01-12T01:17:07.311063
joyvalencia_twitter_07552557,d:\66070260-Year3_Term2\Project1\Code\Project-for-Work\data\images\joyvalencia_twitter_07552557.jpg,joyvalencia,twitter,2026-01-12T01:17:07.341039
jparker1978_twitter_0b80d325,d:\66070260-Year3_Term2\Project1\Code\Project-for-Work\data\images\jparker1978_twitter_0b80d325.jpg,jparker1978,twitter,2026-01-12T01:17:07.372523
jphilpin_twitter_1ba075a7,d:\66070260-Year3_Term2\Project1\Code\Project-for-Work\data\images\jphilpin_twitter_1ba075a7.jpg,jphilpin,twitter,2026-01-12T01:17:07.423154
jpieters_twitter_2748a6d1,d:\66070260-Year3_Term2\Project1\Code\Project-for-Work\data\images\jpieters_twitter_2748a6d1.jpg,jpieters,twitter,2026-01-12T01:17:07.466152
jralexander_twitter_bfd49754,d:\66070260-Year3_Term2\Project1\Code\Project-for-Work\data\images\jralexander_twitter_bfd49754.jpg,jralexander,twitter,2026-01-12T01:17:07.502605
jralfonso_twitter_405fbc30,d:\66070260-Year3_Term2\Project1\Code\Project-for-Work\data\images\jralfonso_twitter_405fbc30.jpg,jralfonso,twitter,2026-01-12T01:17:07.537330
jrodrigo_twitter_5a145d3a,d:\66070260-Year3_Term2\Project1\Code\Project-for-Work\data\images\jrodrigo_twitter_5a145d3a.jpg,jrodrigo,twitter,2026-01-12T01:17:07.562700
jrufer_twitter_65870c11,d:\66070260-Year3_Term2\Project1\Code\Project-for-Work\data\images\jrufer_twitter_65870c11.jpg,jrufer,twitter,2026-01-12T01:17:07.594588
jseguir_twitter_906ceab3,d:\66070260-Year3_Term2\Project1\Code\Project-for-Work\data\images\jseguir_twitter_906ceab3.jpg,jseguir,twitter,2026-01-12T01:17:07.625005
jsesh_twitter_8cd521a7,d:\66070260-Year3_Term2\Project1\Code\Project-for-Work\data\images\jsesh_twitter_8cd521a7.jpg,jsesh,twitter,2026-01-12T01:17:07.663341
jtotheizzoe_twitter_eb27f0a4,d:\66070260-Year3_Term2\Project1\Code\Project-for-Work\data\images\jtotheizzoe_twitter_eb27f0a4.jpg,jtotheizzoe,twitter,2026-01-12T01:17:07.683749
juanantoniojarasoria_twitter_351a1538,d:\66070260-Year3_Term2\Project1\Code\Project-for-Work\data\images\juanantoniojarasoria_twitter_351a1538.jpg,juanantoniojarasoria,twitter,2026-01-12T01:17:07.738802
juangarcias_twitter_8c6f2a23,d:\66070260-Year3_Term2\Project1\Code\Project-for-Work\data\images\juangarcias_twitter_8c6f2a23.jpg,juangarcias,twitter,2026-01-12T01:17:07.777754
juangomis_twitter_23de1f7b,d:\66070260-Year3_Term2\Project1\Code\Project-for-Work\data\images\juangomis_twitter_23de1f7b.jpg,juangomis,twitter,2026-01-12T01:17:07.809030
juanramar_twitter_378feb12,d:\66070260-Year3_Term2\Project1\Code\Project-for-Work\data\images\juanramar_twitter_378feb12.jpg,juanramar,twitter,2026-01-12T01:17:07.839639
judicaellevalin_twitter_67de983e,d:\66070260-Year3_Term2\Project1\Code\Project-for-Work\data\images\judicaellevalin_twitter_67de983e.jpg,judicaellevalin,twitter,2026-01-12T01:17:07.867729
juil_twitter_46563adc,d:\66070260-Year3_Term2\Project1\Code\Project-for-Work\data\images\juil_twitter_46563adc.jpg,juil,twitter,2026-01-12T01:17:07.903045
juliahull_twitter_cd60ea4c,d:\66070260-Year3_Term2\Project1\Code\Project-for-Work\data\images\juliahull_twitter_cd60ea4c.jpg,juliahull,twitter,2026-01-12T01:17:07.942350
juliaiglesias_twitter_c44946e4,d:\66070260-Year3_Term2\Project1\Code\Project-for-Work\data\images\juliaiglesias_twitter_c44946e4.jpg,juliaiglesias,twitter,2026-01-12T01:17:07.985567
julianasakae_twitter_ec465663,d:\66070260-Year3_Term2\Project1\Code\Project-for-Work\data\images\julianasakae_twitter_ec465663.jpg,julianasakae,twitter,2026-01-12T01:17:08.025299
juliaprior_twitter_aeaf85d6,d:\66070260-Year3_Term2\Project1\Code\Project-for-Work\data\images\juliaprior_twitter_aeaf85d6.jpg,juliaprior,twitter,2026-01-12T01:17:08.046611
juliaspencer_twitter_d782ebf0,d:\66070260-Year3_Term2\Project1\Code\Project-for-Work\data\images\juliaspencer_twitter_d782ebf0.jpg,juliaspencer,twitter,2026-01-12T01:17:08.084096
juliemaure_twitter_677071c6,d:\66070260-Year3_Term2\Project1\Code\Project-for-Work\data\images\juliemaure_twitter_677071c6.jpg,juliemaure,twitter,2026-01-12T01:17:08.110140
julieraesandifer_twitter_ca54e5a4,d:\66070260-Year3_Term2\Project1\Code\Project-for-Work\data\images\julieraesandifer_twitter_ca54e5a4.jpg,julieraesandifer,twitter,2026-01-12T01:17:08.136113
julionoel_twitter_4b04accc,d:\66070260-Year3_Term2\Project1\Code\Project-for-Work\data\images\julionoel_twitter_4b04accc.jpg,julionoel,twitter,2026-01-12T01:17:08.174453
juliusjulius_twitter_2018d069,d:\66070260-Year3_Term2\Project1\Code\Project-for-Work\data\images\juliusjulius_twitter_2018d069.jpg,juliusjulius,twitter,2026-01-12T01:17:08.205984
jumpstartbikes_twitter_b71c9705,d:\66070260-Year3_Term2\Project1\Code\Project-for-Work\data\images\jumpstartbikes_twitter_b71c9705.jpg,jumpstartbikes,twitter,2026-01-12T01:17:08.230960
juninbsk_twitter_3cf26ec9,d:\66070260-Year3_Term2\Project1\Code\Project-for-Work\data\images\juninbsk_twitter_3cf26ec9.jpg,juninbsk,twitter,2026-01-12T01:17:08.263701
juniortv_twitter_616d8fe4,d:\66070260-Year3_Term2\Project1\Code\Project-for-Work\data\images\juniortv_twitter_616d8fe4.jpg,juniortv,twitter,2026-01-12T01:17:08.308594
justindoub_twitter_2736315c,d:\66070260-Year3_Term2\Project1\Code\Project-for-Work\data\images\justindoub_twitter_2736315c.jpg,justindoub,twitter,2026-01-12T01:17:08.341001
justinhammack_twitter_45144f9b,d:\66070260-Year3_Term2\Project1\Code\Project-for-Work\data\images\justinhammack_twitter_45144f9b.jpg,justinhammack,twitter,2026-01-12T01:17:08.387653
justinphillips_twitter_e1f86596,d:\66070260-Year3_Term2\Project1\Code\Project-for-Work\data\images\justinphillips_twitter_e1f86596.jpg,justinphillips,twitter,2026-01-12T01:17:08.417898
justkate_twitter_fd9aeea3,d:\66070260-Year3_Term2\Project1\Code\Project-for-Work\data\images\justkate_twitter_fd9aeea3.jpg,justkate,twitter,2026-01-12T01:17:08.450228
jvnchan_twitter_6ac82d8d,d:\66070260-Year3_Term2\Project1\Code\Project-for-Work\data\images\jvnchan_twitter_6ac82d8d.jpg,jvnchan,twitter,2026-01-12T01:17:08.486530
jwike_twitter_65be2fd8,d:\66070260-Year3_Term2\Project1\Code\Project-for-Work\data\images\jwike_twitter_65be2fd8.jpg,jwike,twitter,2026-01-12T01:17:08.530173
jwsteiert_twitter_0b5360b7,d:\66070260-Year3_Term2\Project1\Code\Project-for-Work\data\images\jwsteiert_twitter_0b5360b7.jpg,jwsteiert,twitter,2026-01-12T01:17:08.568033
kaanakin_twitter_595cd2bc,d:\66070260-Year3_Term2\Project1\Code\Project-for-Work\data\images\kaanakin_twitter_595cd2bc.jpg,kaanakin,twitter,2026-01-12T01:17:08.596981
kadirates_twitter_1e3d444b,d:\66070260-Year3_Term2\Project1\Code\Project-for-Work\data\images\kadirates_twitter_1e3d444b.jpg,kadirates,twitter,2026-01-12T01:17:08.629456
kamalbadawy_twitter_39801931,d:\66070260-Year3_Term2\Project1\Code\Project-for-Work\data\images\kamalbadawy_twitter_39801931.jpg,kamalbadawy,twitter,2026-01-12T01:17:08.672456
kamikura_twitter_c147ac87,d:\66070260-Year3_Term2\Project1\Code\Project-for-Work\data\images\kamikura_twitter_c147ac87.jpg,kamikura,twitter,2026-01-12T01:17:08.707939
kampeerboerin_twitter_10929a8a,d:\66070260-Year3_Term2\Project1\Code\Project-for-Work\data\images\kampeerboerin_twitter_10929a8a.jpg,kampeerboerin,twitter,2026-01-12T01:17:08.745804
kanochiemi_twitter_da78abed,d:\66070260-Year3_Term2\Project1\Code\Project-for-Work\data\images\kanochiemi_twitter_da78abed.jpg,kanochiemi,twitter,2026-01-12T01:17:08.783066
kantares_twitter_3dab538d,d:\66070260-Year3_Term2\Project1\Code\Project-for-Work\data\images\kantares_twitter_3dab538d.jpg,kantares,twitter,2026-01-12T01:17:08.814875
kantiki_twitter_b3eb4cca,d:\66070260-Year3_Term2\Project1\Code\Project-for-Work\data\images\kantiki_twitter_b3eb4cca.jpg,kantiki,twitter,2026-01-12T01:17:08.851910
kanyoncoyotewoman_twitter_51eeff45,d:\66070260-Year3_Term2\Project1\Code\Project-for-Work\data\images\kanyoncoyotewoman_twitter_51eeff45.jpg,kanyoncoyotewoman,twitter,2026-01-12T01:17:08.883739
karabee_twitter_2890a953,d:\66070260-Year3_Term2\Project1\Code\Project-for-Work\data\images\karabee_twitter_2890a953.jpg,karabee,twitter,2026-01-12T01:17:08.932129
karascharwath_twitter_74c05ff9,d:\66070260-Year3_Term2\Project1\Code\Project-for-Work\data\images\karascharwath_twitter_74c05ff9.jpg,karascharwath,twitter,2026-01-12T01:17:08.980028
karenharding_twitter_350a2db5,d:\66070260-Year3_Term2\Project1\Code\Project-for-Work\data\images\karenharding_twitter_350a2db5.jpg,karenharding,twitter,2026-01-12T01:17:09.030966
karenlieberman_twitter_1936d515,d:\66070260-Year3_Term2\Project1\Code\Project-for-Work\data\images\karenlieberman_twitter_1936d515.jpg,karenlieberman,twitter,2026-01-12T01:17:09.075056
karenlmessick_twitter_46859344,d:\66070260-Year3_Term2\Project1\Code\Project-for-Work\data\images\karenlmessick_twitter_46859344.jpg,karenlmessick,twitter,2026-01-12T01:17:09.102397
karenpham_twitter_c8488e1d,d:\66070260-Year3_Term2\Project1\Code\Project-for-Work\data\images\karenpham_twitter_c8488e1d.jpg,karenpham,twitter,2026-01-12T01:17:09.136641
kariemitchell_twitter_ca46b5ad,d:\66070260-Year3_Term2\Project1\Code\Project-for-Work\data\images\kariemitchell_twitter_ca46b5ad.jpg,kariemitchell,twitter,2026-01-12T01:17:09.192328
karllindsay_twitter_ca657f06,d:\66070260-Year3_Term2\Project1\Code\Project-for-Work\data\images\karllindsay_twitter_ca657f06.jpg,karllindsay,twitter,2026-01-12T01:17:09.231333
karlotorres_twitter_5e81d907,d:\66070260-Year3_Term2\Project1\Code\Project-for-Work\data\images\karlotorres_twitter_5e81d907.jpg,karlotorres,twitter,2026-01-12T01:17:09.255770
karma_twitter_4ea7de0f,d:\66070260-Year3_Term2\Project1\Code\Project-for-Work\data\images\karma_twitter_4ea7de0f.jpg,karma,twitter,2026-01-12T01:17:09.305496
kartika9_twitter_aed617e0,d:\66070260-Year3_Term2\Project1\Code\Project-for-Work\data\images\kartika9_twitter_aed617e0.jpg,kartika9,twitter,2026-01-12T01:17:09.340636
karvax_twitter_47c0addd,d:\66070260-Year3_Term2\Project1\Code\Project-for-Work\data\images\karvax_twitter_47c0addd.jpg,karvax,twitter,2026-01-12T01:17:09.353649
karynlwiseman_twitter_c0268b7d,d:\66070260-Year3_Term2\Project1\Code\Project-for-Work\data\images\karynlwiseman_twitter_c0268b7d.jpg,karynlwiseman,twitter,2026-01-12T01:17:09.375986
karypastor_twitter_d4351e0d,d:\66070260-Year3_Term2\Project1\Code\Project-for-Work\data\images\karypastor_twitter_d4351e0d.jpg,karypastor,twitter,2026-01-12T01:17:09.403996
kasihelialg_twitter_ee3ce00a,d:\66070260-Year3_Term2\Project1\Code\Project-for-Work\data\images\kasihelialg_twitter_ee3ce00a.jpg,kasihelialg,twitter,2026-01-12T01:17:09.432905
kasraeian_twitter_259aaee2,d:\66070260-Year3_Term2\Project1\Code\Project-for-Work\data\images\kasraeian_twitter_259aaee2.jpg,kasraeian,twitter,2026-01-12T01:17:09.472019
katalnikov_twitter_43f81c35,d:\66070260-Year3_Term2\Project1\Code\Project-for-Work\data\images\katalnikov_twitter_43f81c35.jpg,katalnikov,twitter,2026-01-12T01:17:09.508820
katesalyers_twitter_9fa1b0ec,d:\66070260-Year3_Term2\Project1\Code\Project-for-Work\data\images\katesalyers_twitter_9fa1b0ec.jpg,katesalyers,twitter,2026-01-12T01:17:09.541999
katesloan_twitter_608446c0,d:\66070260-Year3_Term2\Project1\Code\Project-for-Work\data\images\katesloan_twitter_608446c0.jpg,katesloan,twitter,2026-01-12T01:17:09.601254
kateylee_twitter_7d837ead,d:\66070260-Year3_Term2\Project1\Code\Project-for-Work\data\images\kateylee_twitter_7d837ead.jpg,kateylee,twitter,2026-01-12T01:17:09.613784
katgear_twitter_f06dedfe,d:\66070260-Year3_Term2\Project1\Code\Project-for-Work\data\images\katgear_twitter_f06dedfe.jpg,katgear,twitter,2026-01-12T01:17:09.680917
kathaber_twitter_f87108b0,d:\66070260-Year3_Term2\Project1\Code\Project-for-Work\data\images\kathaber_twitter_f87108b0.jpg,kathaber,twitter,2026-01-12T01:17:09.724100
kathiaokada_twitter_40c32a09,d:\66070260-Year3_Term2\Project1\Code\Project-for-Work\data\images\kathiaokada_twitter_40c32a09.jpg,kathiaokada,twitter,2026-01-12T01:17:09.760383
kathleenjoyce_twitter_a47d92d4,d:\66070260-Year3_Term2\Project1\Code\Project-for-Work\data\images\kathleenjoyce_twitter_a47d92d4.jpg,kathleenjoyce,twitter,2026-01-12T01:17:09.800834
kathrinaue_twitter_fd5f5df5,d:\66070260-Year3_Term2\Project1\Code\Project-for-Work\data\images\kathrinaue_twitter_fd5f5df5.jpg,kathrinaue,twitter,2026-01-12T01:17:09.847261
kathydragon_twitter_8249e5fd,d:\66070260-Year3_Term2\Project1\Code\Project-for-Work\data\images\kathydragon_twitter_8249e5fd.jpg,kathydragon,twitter,2026-01-12T01:17:09.890389
katibren_twitter_7bf4b9d8,d:\66070260-Year3_Term2\Project1\Code\Project-for-Work\data\images\katibren_twitter_7bf4b9d8.jpg,katibren,twitter,2026-01-12T01:17:09.927212
katiedeluca_twitter_22e38eb3,d:\66070260-Year3_Term2\Project1\Code\Project-for-Work\data\images\katiedeluca_twitter_22e38eb3.jpg,katiedeluca,twitter,2026-01-12T01:17:09.957838
katiemsmith_twitter_dda6b518,d:\66070260-Year3_Term2\Project1\Code\Project-for-Work\data\images\katiemsmith_twitter_dda6b518.jpg,katiemsmith,twitter,2026-01-12T01:17:09.994711
katmandelstein_twitter_d25fe08a,d:\66070260-Year3_Term2\Project1\Code\Project-for-Work\data\images\katmandelstein_twitter_d25fe08a.jpg,katmandelstein,twitter,2026-01-12T01:17:10.026408
katsumo_twitter_e2053395,d:\66070260-Year3_Term2\Project1\Code\Project-for-Work\data\images\katsumo_twitter_e2053395.jpg,katsumo,twitter,2026-01-12T01:17:10.063983
kattgw_twitter_4ea5b1f7,d:\66070260-Year3_Term2\Project1\Code\Project-for-Work\data\images\kattgw_twitter_4ea5b1f7.jpg,kattgw,twitter,2026-01-12T01:17:10.097290
kazu721010_twitter_564a8040,d:\66070260-Year3_Term2\Project1\Code\Project-for-Work\data\images\kazu721010_twitter_564a8040.jpg,kazu721010,twitter,2026-01-12T01:17:10.124219
kcakduman_twitter_c5935982,d:\66070260-Year3_Term2\Project1\Code\Project-for-Work\data\images\kcakduman_twitter_c5935982.jpg,kcakduman,twitter,2026-01-12T01:17:10.166282
keefmoon_twitter_de050880,d:\66070260-Year3_Term2\Project1\Code\Project-for-Work\data\images\keefmoon_twitter_de050880.jpg,keefmoon,twitter,2026-01-12T01:17:10.208472
kellydelay_twitter_ed2ae8cf,d:\66070260-Year3_Term2\Project1\Code\Project-for-Work\data\images\kellydelay_twitter_ed2ae8cf.jpg,kellydelay,twitter,2026-01-12T01:17:10.250515
kellyjaggers_twitter_e3259332,d:\66070260-Year3_Term2\Project1\Code\Project-for-Work\data\images\kellyjaggers_twitter_e3259332.jpg,kellyjaggers,twitter,2026-01-12T01:17:10.277433
kellykermode_twitter_d60f5c31,d:\66070260-Year3_Term2\Project1\Code\Project-for-Work\data\images\kellykermode_twitter_d60f5c31.jpg,kellykermode,twitter,2026-01-12T01:17:10.327973
kellynagaoka_twitter_8e42ad9d,d:\66070260-Year3_Term2\Project1\Code\Project-for-Work\data\images\kellynagaoka_twitter_8e42ad9d.jpg,kellynagaoka,twitter,2026-01-12T01:17:10.365520
kellythul_twitter_3f825a0b,d:\66070260-Year3_Term2\Project1\Code\Project-for-Work\data\images\kellythul_twitter_3f825a0b.jpg,kellythul,twitter,2026-01-12T01:17:10.406345
kelly_twitter_bcf3f13a,d:\66070260-Year3_Term2\Project1\Code\Project-for-Work\data\images\kelly_twitter_bcf3f13a.jpg,kelly,twitter,2026-01-12T01:17:10.445982
kelseawilhelm_twitter_07407364,d:\66070260-Year3_Term2\Project1\Code\Project-for-Work\data\images\kelseawilhelm_twitter_07407364.jpg,kelseawilhelm,twitter,2026-01-12T01:17:10.496770
kelseyivey_twitter_619f4040,d:\66070260-Year3_Term2\Project1\Code\Project-for-Work\data\images\kelseyivey_twitter_619f4040.jpg,kelseyivey,twitter,2026-01-12T01:17:10.535250
kendanieli_twitter_13242cef,d:\66070260-Year3_Term2\Project1\Code\Project-for-Work\data\images\kendanieli_twitter_13242cef.jpg,kendanieli,twitter,2026-01-12T01:17:10.554787
kennyrivas_twitter_a488b73f,d:\66070260-Year3_Term2\Project1\Code\Project-for-Work\data\images\kennyrivas_twitter_a488b73f.jpg,kennyrivas,twitter,2026-01-12T01:17:10.619357
kerijaehnig_twitter_b9b86e3f,d:\66070260-Year3_Term2\Project1\Code\Project-for-Work\data\images\kerijaehnig_twitter_b9b86e3f.jpg,kerijaehnig,twitter,2026-01-12T01:17:10.681193
kerryleslie_twitter_4dcba34e,d:\66070260-Year3_Term2\Project1\Code\Project-for-Work\data\images\kerryleslie_twitter_4dcba34e.jpg,kerryleslie,twitter,2026-01-12T01:17:10.723828
kevanobrien_twitter_f9af73f0,d:\66070260-Year3_Term2\Project1\Code\Project-for-Work\data\images\kevanobrien_twitter_f9af73f0.jpg,kevanobrien,twitter,2026-01-12T01:17:10.750821
kevinallocca_twitter_07e4a870,d:\66070260-Year3_Term2\Project1\Code\Project-for-Work\data\images\kevinallocca_twitter_07e4a870.jpg,kevinallocca,twitter,2026-01-12T01:17:10.776953
kevinduane_twitter_429ad3a2,d:\66070260-Year3_Term2\Project1\Code\Project-for-Work\data\images\kevinduane_twitter_429ad3a2.jpg,kevinduane,twitter,2026-01-12T01:17:10.809533
kevinfalcon_twitter_2d20a38d,d:\66070260-Year3_Term2\Project1\Code\Project-for-Work\data\images\kevinfalcon_twitter_2d20a38d.jpg,kevinfalcon,twitter,2026-01-12T01:17:10.842685
kevinjimeno_twitter_63d10137,d:\66070260-Year3_Term2\Project1\Code\Project-for-Work\data\images\kevinjimeno_twitter_63d10137.jpg,kevinjimeno,twitter,2026-01-12T01:17:10.871598
kevinkrejca_twitter_b81fceae,d:\66070260-Year3_Term2\Project1\Code\Project-for-Work\data\images\kevinkrejca_twitter_b81fceae.jpg,kevinkrejca,twitter,2026-01-12T01:17:10.898605
kevinlimfungyen_twitter_1fee1a3e,d:\66070260-Year3_Term2\Project1\Code\Project-for-Work\data\images\kevinlimfungyen_twitter_1fee1a3e.jpg,kevinlimfungyen,twitter,2026-01-12T01:17:10.935684
kevinmichaelr_twitter_34c7d76f,d:\66070260-Year3_Term2\Project1\Code\Project-for-Work\data\images\kevinmichaelr_twitter_34c7d76f.jpg,kevinmichaelr,twitter,2026-01-12T01:17:10.968169
kevinquinlan_twitter_25656a45,d:\66070260-Year3_Term2\Project1\Code\Project-for-Work\data\images\kevinquinlan_twitter_25656a45.jpg,kevinquinlan,twitter,2026-01-12T01:17:11.001871
khalilalmusaeed_twitter_19a2563b,d:\66070260-Year3_Term2\Project1\Code\Project-for-Work\data\images\khalilalmusaeed_twitter_19a2563b.jpg,khalilalmusaeed,twitter,2026-01-12T01:17:11.028230
khannings_twitter_a001cb53,d:\66070260-Year3_Term2\Project1\Code\Project-for-Work\data\images\khannings_twitter_a001cb53.jpg,khannings,twitter,2026-01-12T01:17:11.069292
kiaorabeagle_twitter_d151c219,d:\66070260-Year3_Term2\Project1\Code\Project-for-Work\data\images\kiaorabeagle_twitter_d151c219.jpg,kiaorabeagle,twitter,2026-01-12T01:17:11.111562
kiatinsley_twitter_1322ccff,d:\66070260-Year3_Term2\Project1\Code\Project-for-Work\data\images\kiatinsley_twitter_1322ccff.jpg,kiatinsley,twitter,2026-01-12T01:17:11.152041
kientran_twitter_d8c872e5,d:\66070260-Year3_Term2\Project1\Code\Project-for-Work\data\images\kientran_twitter_d8c872e5.jpg,kientran,twitter,2026-01-12T01:17:11.197593
kikaps_twitter_990c5410,d:\66070260-Year3_Term2\Project1\Code\Project-for-Work\data\images\kikaps_twitter_990c5410.jpg,kikaps,twitter,2026-01-12T01:17:11.240900
kimberlymunoz_twitter_310b222a,d:\66070260-Year3_Term2\Project1\Code\Project-for-Work\data\images\kimberlymunoz_twitter_310b222a.jpg,kimberlymunoz,twitter,2026-01-12T01:17:11.280259
kimberlyrotter_twitter_bce4a410,d:\66070260-Year3_Term2\Project1\Code\Project-for-Work\data\images\kimberlyrotter_twitter_bce4a410.jpg,kimberlyrotter,twitter,2026-01-12T01:17:11.321826
kingjn_twitter_0aa60aa2,d:\66070260-Year3_Term2\Project1\Code\Project-for-Work\data\images\kingjn_twitter_0aa60aa2.jpg,kingjn,twitter,2026-01-12T01:17:11.377323
kinnajonsson_twitter_993760f6,d:\66070260-Year3_Term2\Project1\Code\Project-for-Work\data\images\kinnajonsson_twitter_993760f6.jpg,kinnajonsson,twitter,2026-01-12T01:17:11.413395
kirakariakin_twitter_aeeedfcf,d:\66070260-Year3_Term2\Project1\Code\Project-for-Work\data\images\kirakariakin_twitter_aeeedfcf.jpg,kirakariakin,twitter,2026-01-12T01:17:11.447758
kirkjantzer_twitter_e02f9b87,d:\66070260-Year3_Term2\Project1\Code\Project-for-Work\data\images\kirkjantzer_twitter_e02f9b87.jpg,kirkjantzer,twitter,2026-01-12T01:17:11.483739
kivettbednar_twitter_d2c0138a,d:\66070260-Year3_Term2\Project1\Code\Project-for-Work\data\images\kivettbednar_twitter_d2c0138a.jpg,kivettbednar,twitter,2026-01-12T01:17:11.512720
kkbyrns_twitter_5a793ca4,d:\66070260-Year3_Term2\Project1\Code\Project-for-Work\data\images\kkbyrns_twitter_5a793ca4.jpg,kkbyrns,twitter,2026-01-12T01:17:11.553661
kkristopherkimbrew_twitter_219fa186,d:\66070260-Year3_Term2\Project1\Code\Project-for-Work\data\images\kkristopherkimbrew_twitter_219fa186.jpg,kkristopherkimbrew,twitter,2026-01-12T01:17:11.585490
klappacher_twitter_6aed21de,d:\66070260-Year3_Term2\Project1\Code\Project-for-Work\data\images\klappacher_twitter_6aed21de.jpg,klappacher,twitter,2026-01-12T01:17:11.610260
klinikassyarif_twitter_050728c9,d:\66070260-Year3_Term2\Project1\Code\Project-for-Work\data\images\klinikassyarif_twitter_050728c9.jpg,klinikassyarif,twitter,2026-01-12T01:17:11.646999
klou_twitter_79ef1e7e,d:\66070260-Year3_Term2\Project1\Code\Project-for-Work\data\images\klou_twitter_79ef1e7e.jpg,klou,twitter,2026-01-12T01:17:11.672424
knakamura1977_twitter_a23366ff,d:\66070260-Year3_Term2\Project1\Code\Project-for-Work\data\images\knakamura1977_twitter_a23366ff.jpg,knakamura1977,twitter,2026-01-12T01:17:11.705974
kochergin_twitter_71bc1b25,d:\66070260-Year3_Term2\Project1\Code\Project-for-Work\data\images\kochergin_twitter_71bc1b25.jpg,kochergin,twitter,2026-01-12T01:17:11.731867
koky1982_twitter_4dc87c2e,d:\66070260-Year3_Term2\Project1\Code\Project-for-Work\data\images\koky1982_twitter_4dc87c2e.jpg,koky1982,twitter,2026-01-12T01:17:11.768141
korepov_twitter_f321721d,d:\66070260-Year3_Term2\Project1\Code\Project-for-Work\data\images\korepov_twitter_f321721d.jpg,korepov,twitter,2026-01-12T01:17:11.792966
koryklem_twitter_422ef9f9,d:\66070260-Year3_Term2\Project1\Code\Project-for-Work\data\images\koryklem_twitter_422ef9f9.jpg,koryklem,twitter,2026-01-12T01:17:11.828688
kostasdissios_twitter_36dab137,d:\66070260-Year3_Term2\Project1\Code\Project-for-Work\data\images\kostasdissios_twitter_36dab137.jpg,kostasdissios,twitter,2026-01-12T01:17:11.871280
kreasimalam_twitter_c7dde480,d:\66070260-Year3_Term2\Project1\Code\Project-for-Work\data\images\kreasimalam_twitter_c7dde480.jpg,kreasimalam,twitter,2026-01-12T01:17:11.903463
kreiner_twitter_263cab99,d:\66070260-Year3_Term2\Project1\Code\Project-for-Work\data\images\kreiner_twitter_263cab99.jpg,kreiner,twitter,2026-01-12T01:17:11.928392
kristapalmu_twitter_688a8c0c,d:\66070260-Year3_Term2\Project1\Code\Project-for-Work\data\images\kristapalmu_twitter_688a8c0c.jpg,kristapalmu,twitter,2026-01-12T01:17:11.961932
kristelyoneda_twitter_db4daf8f,d:\66070260-Year3_Term2\Project1\Code\Project-for-Work\data\images\kristelyoneda_twitter_db4daf8f.jpg,kristelyoneda,twitter,2026-01-12T01:17:11.998144
kristinacarlson_twitter_e876d9b3,d:\66070260-Year3_Term2\Project1\Code\Project-for-Work\data\images\kristinacarlson_twitter_e876d9b3.jpg,kristinacarlson,twitter,2026-01-12T01:17:12.045050
kristinahowells_twitter_e52f2843,d:\66070260-Year3_Term2\Project1\Code\Project-for-Work\data\images\kristinahowells_twitter_e52f2843.jpg,kristinahowells,twitter,2026-01-12T01:17:12.082584
kristinarabarison_twitter_cebc327e,d:\66070260-Year3_Term2\Project1\Code\Project-for-Work\data\images\kristinarabarison_twitter_cebc327e.jpg,kristinarabarison,twitter,2026-01-12T01:17:12.119420
kristinrichey_twitter_7bbaf95c,d:\66070260-Year3_Term2\Project1\Code\Project-for-Work\data\images\kristinrichey_twitter_7bbaf95c.jpg,kristinrichey,twitter,2026-01-12T01:17:12.148406
kristjanmorgan_twitter_bcdd2755,d:\66070260-Year3_Term2\Project1\Code\Project-for-Work\data\images\kristjanmorgan_twitter_bcdd2755.jpg,kristjanmorgan,twitter,2026-01-12T01:17:12.160793
kristysvihlikova_twitter_f8029544,d:\66070260-Year3_Term2\Project1\Code\Project-for-Work\data\images\kristysvihlikova_twitter_f8029544.jpg,kristysvihlikova,twitter,2026-01-12T01:17:12.185722
krystasch_twitter_8f2fe3c9,d:\66070260-Year3_Term2\Project1\Code\Project-for-Work\data\images\krystasch_twitter_8f2fe3c9.jpg,krystasch,twitter,2026-01-12T01:17:12.228152
ksquad_twitter_9cdf7cd2,d:\66070260-Year3_Term2\Project1\Code\Project-for-Work\data\images\ksquad_twitter_9cdf7cd2.jpg,ksquad,twitter,2026-01-12T01:17:12.259026
kurtkelly_twitter_dc49ebf0,d:\66070260-Year3_Term2\Project1\Code\Project-for-Work\data\images\kurtkelly_twitter_dc49ebf0.jpg,kurtkelly,twitter,2026-01-12T01:17:12.297736
kylechildress_twitter_3685d9cd,d:\66070260-Year3_Term2\Project1\Code\Project-for-Work\data\images\kylechildress_twitter_3685d9cd.jpg,kylechildress,twitter,2026-01-12T01:17:12.330857
kylemadson_twitter_4814bbb3,d:\66070260-Year3_Term2\Project1\Code\Project-for-Work\data\images\kylemadson_twitter_4814bbb3.jpg,kylemadson,twitter,2026-01-12T01:17:12.372152
kylepearce_twitter_95130bcf,d:\66070260-Year3_Term2\Project1\Code\Project-for-Work\data\images\kylepearce_twitter_95130bcf.jpg,kylepearce,twitter,2026-01-12T01:17:12.397691
kylewiebalk_twitter_36364cb0,d:\66070260-Year3_Term2\Project1\Code\Project-for-Work\data\images\kylewiebalk_twitter_36364cb0.jpg,kylewiebalk,twitter,2026-01-12T01:17:12.435738
kyotonaradreamtrips_twitter_bca2684f,d:\66070260-Year3_Term2\Project1\Code\Project-for-Work\data\images\kyotonaradreamtrips_twitter_bca2684f.jpg,kyotonaradreamtrips,twitter,2026-01-12T01:17:12.466106
ladewig_twitter_b64b2c85,d:\66070260-Year3_Term2\Project1\Code\Project-for-Work\data\images\ladewig_twitter_b64b2c85.jpg,ladewig,twitter,2026-01-12T01:17:12.517546
laffraff_twitter_a2e32ac5,d:\66070260-Year3_Term2\Project1\Code\Project-for-Work\data\images\laffraff_twitter_a2e32ac5.jpg,laffraff,twitter,2026-01-12T01:17:12.558152
lagonzi_twitter_29409c95,d:\66070260-Year3_Term2\Project1\Code\Project-for-Work\data\images\lagonzi_twitter_29409c95.jpg,lagonzi,twitter,2026-01-12T01:17:12.581574
landaarte_twitter_7946253a,d:\66070260-Year3_Term2\Project1\Code\Project-for-Work\data\images\landaarte_twitter_7946253a.jpg,landaarte,twitter,2026-01-12T01:17:12.629802
landissmithers_twitter_15c7544e,d:\66070260-Year3_Term2\Project1\Code\Project-for-Work\data\images\landissmithers_twitter_15c7544e.jpg,landissmithers,twitter,2026-01-12T01:17:12.649565
larchanka_twitter_0422454d,d:\66070260-Year3_Term2\Project1\Code\Project-for-Work\data\images\larchanka_twitter_0422454d.jpg,larchanka,twitter,2026-01-12T01:17:12.680450
larrybroughton_twitter_af87f21b,d:\66070260-Year3_Term2\Project1\Code\Project-for-Work\data\images\larrybroughton_twitter_af87f21b.jpg,larrybroughton,twitter,2026-01-12T01:17:12.713511
larrylipsmeyer_twitter_88aee018,d:\66070260-Year3_Term2\Project1\Code\Project-for-Work\data\images\larrylipsmeyer_twitter_88aee018.jpg,larrylipsmeyer,twitter,2026-01-12T01:17:12.745896
larsnystrom_twitter_fb200280,d:\66070260-Year3_Term2\Project1\Code\Project-for-Work\data\images\larsnystrom_twitter_fb200280.jpg,larsnystrom,twitter,2026-01-12T01:17:12.780149
laughedelic_twitter_82f0f762,d:\66070260-Year3_Term2\Project1\Code\Project-for-Work\data\images\laughedelic_twitter_82f0f762.jpg,laughedelic,twitter,2026-01-12T01:17:12.818507
laura333_twitter_674c25ff,d:\66070260-Year3_Term2\Project1\Code\Project-for-Work\data\images\laura333_twitter_674c25ff.jpg,laura333,twitter,2026-01-12T01:17:12.844005
laurabestler_twitter_7933823f,d:\66070260-Year3_Term2\Project1\Code\Project-for-Work\data\images\laurabestler_twitter_7933823f.jpg,laurabestler,twitter,2026-01-12T01:17:12.889591
lauramorelliphd_twitter_5c12d7a4,d:\66070260-Year3_Term2\Project1\Code\Project-for-Work\data\images\lauramorelliphd_twitter_5c12d7a4.jpg,lauramorelliphd,twitter,2026-01-12T01:17:12.942698
laurasfiat_twitter_0c65ea88,d:\66070260-Year3_Term2\Project1\Code\Project-for-Work\data\images\laurasfiat_twitter_0c65ea88.jpg,laurasfiat,twitter,2026-01-12T01:17:12.988906
laurengrieco_twitter_f2aa5ab4,d:\66070260-Year3_Term2\Project1\Code\Project-for-Work\data\images\laurengrieco_twitter_f2aa5ab4.jpg,laurengrieco,twitter,2026-01-12T01:17:13.031883
laurenhard_twitter_f18a1bcd,d:\66070260-Year3_Term2\Project1\Code\Project-for-Work\data\images\laurenhard_twitter_f18a1bcd.jpg,laurenhard,twitter,2026-01-12T01:17:13.072544
laurentlecler_twitter_8a920009,d:\66070260-Year3_Term2\Project1\Code\Project-for-Work\data\images\laurentlecler_twitter_8a920009.jpg,laurentlecler,twitter,2026-01-12T01:17:13.111368
laurieturk_twitter_b3c00375,d:\66070260-Year3_Term2\Project1\Code\Project-for-Work\data\images\laurieturk_twitter_b3c00375.jpg,laurieturk,twitter,2026-01-12T01:17:13.154856
lavalion_twitter_b60fb8a9,d:\66070260-Year3_Term2\Project1\Code\Project-for-Work\data\images\lavalion_twitter_b60fb8a9.jpg,lavalion,twitter,2026-01-12T01:17:13.191147
leahmessina_twitter_76db8151,d:\66070260-Year3_Term2\Project1\Code\Project-for-Work\data\images\leahmessina_twitter_76db8151.jpg,leahmessina,twitter,2026-01-12T01:17:13.232721
leandromaioral_twitter_2c47e5d6,d:\66070260-Year3_Term2\Project1\Code\Project-for-Work\data\images\leandromaioral_twitter_2c47e5d6.jpg,leandromaioral,twitter,2026-01-12T01:17:13.267392
leannekoh_twitter_510bc321,d:\66070260-Year3_Term2\Project1\Code\Project-for-Work\data\images\leannekoh_twitter_510bc321.jpg,leannekoh,twitter,2026-01-12T01:17:13.308967
leannestaples_twitter_2d53a355,d:\66070260-Year3_Term2\Project1\Code\Project-for-Work\data\images\leannestaples_twitter_2d53a355.jpg,leannestaples,twitter,2026-01-12T01:17:13.340638
lebohangbucibo_twitter_ddb8a55c,d:\66070260-Year3_Term2\Project1\Code\Project-for-Work\data\images\lebohangbucibo_twitter_ddb8a55c.jpg,lebohangbucibo,twitter,2026-01-12T01:17:13.371381
leecassidy_twitter_7af64e58,d:\66070260-Year3_Term2\Project1\Code\Project-for-Work\data\images\leecassidy_twitter_7af64e58.jpg,leecassidy,twitter,2026-01-12T01:17:13.398731
leegunter_twitter_f36d8012,d:\66070260-Year3_Term2\Project1\Code\Project-for-Work\data\images\leegunter_twitter_f36d8012.jpg,leegunter,twitter,2026-01-12T01:17:13.427853
leeharmon_twitter_448ebf5c,d:\66070260-Year3_Term2\Project1\Code\Project-for-Work\data\images\leeharmon_twitter_448ebf5c.jpg,leeharmon,twitter,2026-01-12T01:17:13.470012
leelyning_twitter_baabfd04,d:\66070260-Year3_Term2\Project1\Code\Project-for-Work\data\images\leelyning_twitter_baabfd04.jpg,leelyning,twitter,2026-01-12T01:17:13.512186
leetoomes_twitter_5ad1e20b,d:\66070260-Year3_Term2\Project1\Code\Project-for-Work\data\images\leetoomes_twitter_5ad1e20b.jpg,leetoomes,twitter,2026-01-12T01:17:13.550730
leiah_twitter_d9e296c2,d:\66070260-Year3_Term2\Project1\Code\Project-for-Work\data\images\leiah_twitter_d9e296c2.jpg,leiah,twitter,2026-01-12T01:17:13.586555
lekstudios_twitter_fd91f41d,d:\66070260-Year3_Term2\Project1\Code\Project-for-Work\data\images\lekstudios_twitter_fd91f41d.jpg,lekstudios,twitter,2026-01-12T01:17:13.617593
lelouchjoshua_twitter_069acb0a,d:\66070260-Year3_Term2\Project1\Code\Project-for-Work\data\images\lelouchjoshua_twitter_069acb0a.jpg,lelouchjoshua,twitter,2026-01-12T01:17:13.651703
lemihacioglu_twitter_39f556c5,d:\66070260-Year3_Term2\Project1\Code\Project-for-Work\data\images\lemihacioglu_twitter_39f556c5.jpg,lemihacioglu,twitter,2026-01-12T01:17:13.676039
lenhattrieu_twitter_04310bfe,d:\66070260-Year3_Term2\Project1\Code\Project-for-Work\data\images\lenhattrieu_twitter_04310bfe.jpg,lenhattrieu,twitter,2026-01-12T01:17:13.709022
leninluna_twitter_11a965e1,d:\66070260-Year3_Term2\Project1\Code\Project-for-Work\data\images\leninluna_twitter_11a965e1.jpg,leninluna,twitter,2026-01-12T01:17:13.753387
lennoazevedo_twitter_4a7eb5b6,d:\66070260-Year3_Term2\Project1\Code\Project-for-Work\data\images\lennoazevedo_twitter_4a7eb5b6.jpg,lennoazevedo,twitter,2026-01-12T01:17:13.796994
leomrco_twitter_40189604,d:\66070260-Year3_Term2\Project1\Code\Project-for-Work\data\images\leomrco_twitter_40189604.jpg,leomrco,twitter,2026-01-12T01:17:13.833802
leonchia_twitter_799b82c6,d:\66070260-Year3_Term2\Project1\Code\Project-for-Work\data\images\leonchia_twitter_799b82c6.jpg,leonchia,twitter,2026-01-12T01:17:13.863786
leonovel_twitter_e1c8d073,d:\66070260-Year3_Term2\Project1\Code\Project-for-Work\data\images\leonovel_twitter_e1c8d073.jpg,leonovel,twitter,2026-01-12T01:17:13.915348
leovigildo_twitter_4986ffcd,d:\66070260-Year3_Term2\Project1\Code\Project-for-Work\data\images\leovigildo_twitter_4986ffcd.jpg,leovigildo,twitter,2026-01-12T01:17:13.952469
lerona_twitter_c37f6086,d:\66070260-Year3_Term2\Project1\Code\Project-for-Work\data\images\lerona_twitter_c37f6086.jpg,lerona,twitter,2026-01-12T01:17:13.980945
leslieerin_twitter_87fd6515,d:\66070260-Year3_Term2\Project1\Code\Project-for-Work\data\images\leslieerin_twitter_87fd6515.jpg,leslieerin,twitter,2026-01-12T01:17:14.023926
letandueza_twitter_432fd8e7,d:\66070260-Year3_Term2\Project1\Code\Project-for-Work\data\images\letandueza_twitter_432fd8e7.jpg,letandueza,twitter,2026-01-12T01:17:14.036735
letchange_twitter_52e1fa9b,d:\66070260-Year3_Term2\Project1\Code\Project-for-Work\data\images\letchange_twitter_52e1fa9b.jpg,letchange,twitter,2026-01-12T01:17:14.071141
lewisevans777_twitter_a77e366e,d:\66070260-Year3_Term2\Project1\Code\Project-for-Work\data\images\lewisevans777_twitter_a77e366e.jpg,lewisevans777,twitter,2026-01-12T01:17:14.115767
lewisjordon_twitter_662c5954,d:\66070260-Year3_Term2\Project1\Code\Project-for-Work\data\images\lewisjordon_twitter_662c5954.jpg,lewisjordon,twitter,2026-01-12T01:17:14.158914
libertrand_twitter_6108894c,d:\66070260-Year3_Term2\Project1\Code\Project-for-Work\data\images\libertrand_twitter_6108894c.jpg,libertrand,twitter,2026-01-12T01:17:14.190159
lidahasbrouck_twitter_988e5031,d:\66070260-Year3_Term2\Project1\Code\Project-for-Work\data\images\lidahasbrouck_twitter_988e5031.jpg,lidahasbrouck,twitter,2026-01-12T01:17:14.232311
lifeofbryan_twitter_5524dce3,d:\66070260-Year3_Term2\Project1\Code\Project-for-Work\data\images\lifeofbryan_twitter_5524dce3.jpg,lifeofbryan,twitter,2026-01-12T01:17:14.277084
ligiaadam_twitter_a5c1aedd,d:\66070260-Year3_Term2\Project1\Code\Project-for-Work\data\images\ligiaadam_twitter_a5c1aedd.jpg,ligiaadam,twitter,2026-01-12T01:17:14.307441
lilxand_twitter_f58009a1,d:\66070260-Year3_Term2\Project1\Code\Project-for-Work\data\images\lilxand_twitter_f58009a1.jpg,lilxand,twitter,2026-01-12T01:17:14.340968
lilyrdz_twitter_ff04f7d6,d:\66070260-Year3_Term2\Project1\Code\Project-for-Work\data\images\lilyrdz_twitter_ff04f7d6.jpg,lilyrdz,twitter,2026-01-12T01:17:14.378381
lindsayblogs_twitter_2d7b4959,d:\66070260-Year3_Term2\Project1\Code\Project-for-Work\data\images\lindsayblogs_twitter_2d7b4959.jpg,lindsayblogs,twitter,2026-01-12T01:17:14.420742
lindsayrain_twitter_45af7d67,d:\66070260-Year3_Term2\Project1\Code\Project-for-Work\data\images\lindsayrain_twitter_45af7d67.jpg,lindsayrain,twitter,2026-01-12T01:17:14.445035
lingtime_twitter_6c868872,d:\66070260-Year3_Term2\Project1\Code\Project-for-Work\data\images\lingtime_twitter_6c868872.jpg,lingtime,twitter,2026-01-12T01:17:14.472449
linji_twitter_05edbd64,d:\66070260-Year3_Term2\Project1\Code\Project-for-Work\data\images\linji_twitter_05edbd64.jpg,linji,twitter,2026-01-12T01:17:14.509654
linusblanket_twitter_727f8bb1,d:\66070260-Year3_Term2\Project1\Code\Project-for-Work\data\images\linusblanket_twitter_727f8bb1.jpg,linusblanket,twitter,2026-01-12T01:17:14.536146
linzshelton_twitter_1f39afba,d:\66070260-Year3_Term2\Project1\Code\Project-for-Work\data\images\linzshelton_twitter_1f39afba.jpg,linzshelton,twitter,2026-01-12T01:17:14.573048
lisalaskaridis_twitter_18efd7df,d:\66070260-Year3_Term2\Project1\Code\Project-for-Work\data\images\lisalaskaridis_twitter_18efd7df.jpg,lisalaskaridis,twitter,2026-01-12T01:17:14.607212
lisamackay_twitter_25782075,d:\66070260-Year3_Term2\Project1\Code\Project-for-Work\data\images\lisamackay_twitter_25782075.jpg,lisamackay,twitter,2026-01-12T01:17:14.637121
lissendehors_twitter_4b0416b4,d:\66070260-Year3_Term2\Project1\Code\Project-for-Work\data\images\lissendehors_twitter_4b0416b4.jpg,lissendehors,twitter,2026-01-12T01:17:14.685086
litasworld_twitter_cfff52b7,d:\66070260-Year3_Term2\Project1\Code\Project-for-Work\data\images\litasworld_twitter_cfff52b7.jpg,litasworld,twitter,2026-01-12T01:17:14.726123
livej_twitter_1c87afd7,d:\66070260-Year3_Term2\Project1\Code\Project-for-Work\data\images\livej_twitter_1c87afd7.jpg,livej,twitter,2026-01-12T01:17:14.770520
lizandromelean_twitter_cfc88c89,d:\66070260-Year3_Term2\Project1\Code\Project-for-Work\data\images\lizandromelean_twitter_cfc88c89.jpg,lizandromelean,twitter,2026-01-12T01:17:14.799122
lizapierce_twitter_58c331b7,d:\66070260-Year3_Term2\Project1\Code\Project-for-Work\data\images\lizapierce_twitter_58c331b7.jpg,lizapierce,twitter,2026-01-12T01:17:14.839678
lizbarnett_twitter_8e7b3e76,d:\66070260-Year3_Term2\Project1\Code\Project-for-Work\data\images\lizbarnett_twitter_8e7b3e76.jpg,lizbarnett,twitter,2026-01-12T01:17:14.885882
lizcappon_twitter_60824e53,d:\66070260-Year3_Term2\Project1\Code\Project-for-Work\data\images\lizcappon_twitter_60824e53.jpg,lizcappon,twitter,2026-01-12T01:17:14.909620
lizcarey13_twitter_b7dfc473,d:\66070260-Year3_Term2\Project1\Code\Project-for-Work\data\images\lizcarey13_twitter_b7dfc473.jpg,lizcarey13,twitter,2026-01-12T01:17:14.951699
ljstubbs_twitter_c76bd191,d:\66070260-Year3_Term2\Project1\Code\Project-for-Work\data\images\ljstubbs_twitter_c76bd191.jpg,ljstubbs,twitter,2026-01-12T01:17:14.990313
lmdesign_twitter_fe9ab94d,d:\66070260-Year3_Term2\Project1\Code\Project-for-Work\data\images\lmdesign_twitter_fe9ab94d.jpg,lmdesign,twitter,2026-01-12T01:17:15.013700
logiops_twitter_f580dd9d,d:\66070260-Year3_Term2\Project1\Code\Project-for-Work\data\images\logiops_twitter_f580dd9d.jpg,logiops,twitter,2026-01-12T01:17:15.056232
loig_twitter_dbfc352f,d:\66070260-Year3_Term2\Project1\Code\Project-for-Work\data\images\loig_twitter_dbfc352f.jpg,loig,twitter,2026-01-12T01:17:15.094664
lollydurand_twitter_82d500d4,d:\66070260-Year3_Term2\Project1\Code\Project-for-Work\data\images\lollydurand_twitter_82d500d4.jpg,lollydurand,twitter,2026-01-12T01:17:15.122226
looiss_twitter_02f84660,d:\66070260-Year3_Term2\Project1\Code\Project-for-Work\data\images\looiss_twitter_02f84660.jpg,looiss,twitter,2026-01-12T01:17:15.149581
loosehold_twitter_351f6cd6,d:\66070260-Year3_Term2\Project1\Code\Project-for-Work\data\images\loosehold_twitter_351f6cd6.jpg,loosehold,twitter,2026-01-12T01:17:15.185217
loremoja_twitter_85929b8f,d:\66070260-Year3_Term2\Project1\Code\Project-for-Work\data\images\loremoja_twitter_85929b8f.jpg,loremoja,twitter,2026-01-12T01:17:15.220990
lorenia_twitter_2bef8fda,d:\66070260-Year3_Term2\Project1\Code\Project-for-Work\data\images\lorenia_twitter_2bef8fda.jpg,lorenia,twitter,2026-01-12T01:17:15.261371
lorenzocaiazzo_twitter_f779e90f,d:\66070260-Year3_Term2\Project1\Code\Project-for-Work\data\images\lorenzocaiazzo_twitter_f779e90f.jpg,lorenzocaiazzo,twitter,2026-01-12T01:17:15.298822
lorielberg_twitter_fa8263b4,d:\66070260-Year3_Term2\Project1\Code\Project-for-Work\data\images\lorielberg_twitter_fa8263b4.jpg,lorielberg,twitter,2026-01-12T01:17:15.344935
loriruff_twitter_f903750e,d:\66070260-Year3_Term2\Project1\Code\Project-for-Work\data\images\loriruff_twitter_f903750e.jpg,loriruff,twitter,2026-01-12T01:17:15.388517
loscollacios_twitter_ff539e68,d:\66070260-Year3_Term2\Project1\Code\Project-for-Work\data\images\loscollacios_twitter_ff539e68.jpg,loscollacios,twitter,2026-01-12T01:17:15.414002
lotharseifert_twitter_961d0a0a,d:\66070260-Year3_Term2\Project1\Code\Project-for-Work\data\images\lotharseifert_twitter_961d0a0a.jpg,lotharseifert,twitter,2026-01-12T01:17:15.438468
louised_twitter_d339d98b,d:\66070260-Year3_Term2\Project1\Code\Project-for-Work\data\images\louised_twitter_d339d98b.jpg,louised,twitter,2026-01-12T01:17:15.473713
loumartini_twitter_8f955eb4,d:\66070260-Year3_Term2\Project1\Code\Project-for-Work\data\images\loumartini_twitter_8f955eb4.jpg,loumartini,twitter,2026-01-12T01:17:15.505242
lovebeyondwords_twitter_bc9c33e9,d:\66070260-Year3_Term2\Project1\Code\Project-for-Work\data\images\lovebeyondwords_twitter_bc9c33e9.jpg,lovebeyondwords,twitter,2026-01-12T01:17:15.536859
lovlesh_twitter_472fa2ee,d:\66070260-Year3_Term2\Project1\Code\Project-for-Work\data\images\lovlesh_twitter_472fa2ee.jpg,lovlesh,twitter,2026-01-12T01:17:15.576750
lroddd_twitter_f5e6e280,d:\66070260-Year3_Term2\Project1\Code\Project-for-Work\data\images\lroddd_twitter_f5e6e280.jpg,lroddd,twitter,2026-01-12T01:17:15.617444
lr_twitter_947a6756,d:\66070260-Year3_Term2\Project1\Code\Project-for-Work\data\images\lr_twitter_947a6756.jpg,lr,twitter,2026-01-12T01:17:15.652765
ltenhagen_twitter_c6b7c347,d:\66070260-Year3_Term2\Project1\Code\Project-for-Work\data\images\ltenhagen_twitter_c6b7c347.jpg,ltenhagen,twitter,2026-01-12T01:17:15.691258
luanadefaveri_twitter_162699f1,d:\66070260-Year3_Term2\Project1\Code\Project-for-Work\data\images\luanadefaveri_twitter_162699f1.jpg,luanadefaveri,twitter,2026-01-12T01:17:15.728130
lucaantonini_twitter_2ffd7dea,d:\66070260-Year3_Term2\Project1\Code\Project-for-Work\data\images\lucaantonini_twitter_2ffd7dea.jpg,lucaantonini,twitter,2026-01-12T01:17:15.776382
lucabove_twitter_884cbafa,d:\66070260-Year3_Term2\Project1\Code\Project-for-Work\data\images\lucabove_twitter_884cbafa.jpg,lucabove,twitter,2026-01-12T01:17:15.815553
lucacatania_twitter_955c2ddb,d:\66070260-Year3_Term2\Project1\Code\Project-for-Work\data\images\lucacatania_twitter_955c2ddb.jpg,lucacatania,twitter,2026-01-12T01:17:15.852856
lucasamura_twitter_b36bb199,d:\66070260-Year3_Term2\Project1\Code\Project-for-Work\data\images\lucasamura_twitter_b36bb199.jpg,lucasamura,twitter,2026-01-12T01:17:15.882606
lucasbally_twitter_41419cc0,d:\66070260-Year3_Term2\Project1\Code\Project-for-Work\data\images\lucasbally_twitter_41419cc0.jpg,lucasbally,twitter,2026-01-12T01:17:15.914990
lucasmaiacom_twitter_0d2cce9d,d:\66070260-Year3_Term2\Project1\Code\Project-for-Work\data\images\lucasmaiacom_twitter_0d2cce9d.jpg,lucasmaiacom,twitter,2026-01-12T01:17:15.949248
luckybag_twitter_53f674dc,d:\66070260-Year3_Term2\Project1\Code\Project-for-Work\data\images\luckybag_twitter_53f674dc.jpg,luckybag,twitter,2026-01-12T01:17:15.979407
luigibusti_twitter_54015272,d:\66070260-Year3_Term2\Project1\Code\Project-for-Work\data\images\luigibusti_twitter_54015272.jpg,luigibusti,twitter,2026-01-12T01:17:16.025406
luisaca_twitter_3b9b8409,d:\66070260-Year3_Term2\Project1\Code\Project-for-Work\data\images\luisaca_twitter_3b9b8409.jpg,luisaca,twitter,2026-01-12T01:17:16.058944
luisfernandez_twitter_364b1e2c,d:\66070260-Year3_Term2\Project1\Code\Project-for-Work\data\images\luisfernandez_twitter_364b1e2c.jpg,luisfernandez,twitter,2026-01-12T01:17:16.081858
luizalgarra_twitter_cc276f43,d:\66070260-Year3_Term2\Project1\Code\Project-for-Work\data\images\luizalgarra_twitter_cc276f43.jpg,luizalgarra,twitter,2026-01-12T01:17:16.126011
lurvina_twitter_3d202782,d:\66070260-Year3_Term2\Project1\Code\Project-for-Work\data\images\lurvina_twitter_3d202782.jpg,lurvina,twitter,2026-01-12T01:17:16.154294
luviwebit_twitter_954bc1f4,d:\66070260-Year3_Term2\Project1\Code\Project-for-Work\data\images\luviwebit_twitter_954bc1f4.jpg,luviwebit,twitter,2026-01-12T01:17:16.184383
lynnbrownca_twitter_9f3426b9,d:\66070260-Year3_Term2\Project1\Code\Project-for-Work\data\images\lynnbrownca_twitter_9f3426b9.jpg,lynnbrownca,twitter,2026-01-12T01:17:16.230603
lynnwallenstein_twitter_c3b3667f,d:\66070260-Year3_Term2\Project1\Code\Project-for-Work\data\images\lynnwallenstein_twitter_c3b3667f.jpg,lynnwallenstein,twitter,2026-01-12T01:17:16.263879
m2atk_twitter_30a5e99f,d:\66070260-Year3_Term2\Project1\Code\Project-for-Work\data\images\m2atk_twitter_30a5e99f.jpg,m2atk,twitter,2026-01-12T01:17:16.296142
maayanplaut_twitter_242f596c,d:\66070260-Year3_Term2\Project1\Code\Project-for-Work\data\images\maayanplaut_twitter_242f596c.jpg,maayanplaut,twitter,2026-01-12T01:17:16.342345
mabosekina_twitter_e8bc60a5,d:\66070260-Year3_Term2\Project1\Code\Project-for-Work\data\images\mabosekina_twitter_e8bc60a5.jpg,mabosekina,twitter,2026-01-12T01:17:16.385810
macchimatteo_twitter_50e05bcd,d:\66070260-Year3_Term2\Project1\Code\Project-for-Work\data\images\macchimatteo_twitter_50e05bcd.jpg,macchimatteo,twitter,2026-01-12T01:17:16.432073
macenzo_twitter_57ae7be0,d:\66070260-Year3_Term2\Project1\Code\Project-for-Work\data\images\macenzo_twitter_57ae7be0.jpg,macenzo,twitter,2026-01-12T01:17:16.464641
macgeeky_twitter_39fbcde3,d:\66070260-Year3_Term2\Project1\Code\Project-for-Work\data\images\macgeeky_twitter_39fbcde3.jpg,macgeeky,twitter,2026-01-12T01:17:16.488774
madamebijoux_twitter_5366d0b0,d:\66070260-Year3_Term2\Project1\Code\Project-for-Work\data\images\madamebijoux_twitter_5366d0b0.jpg,madamebijoux,twitter,2026-01-12T01:17:16.527543
maddalenafaedo_twitter_c69ccb1c,d:\66070260-Year3_Term2\Project1\Code\Project-for-Work\data\images\maddalenafaedo_twitter_c69ccb1c.jpg,maddalenafaedo,twitter,2026-01-12T01:17:16.569165
madgrin_twitter_37a4c81e,d:\66070260-Year3_Term2\Project1\Code\Project-for-Work\data\images\madgrin_twitter_37a4c81e.jpg,madgrin,twitter,2026-01-12T01:17:16.607041
madovsky_twitter_3aa6c38c,d:\66070260-Year3_Term2\Project1\Code\Project-for-Work\data\images\madovsky_twitter_3aa6c38c.jpg,madovsky,twitter,2026-01-12T01:17:16.620157
mafaldida_twitter_2ba1f558,d:\66070260-Year3_Term2\Project1\Code\Project-for-Work\data\images\mafaldida_twitter_2ba1f558.jpg,mafaldida,twitter,2026-01-12T01:17:16.665112
mafueri_twitter_ac82c42f,d:\66070260-Year3_Term2\Project1\Code\Project-for-Work\data\images\mafueri_twitter_ac82c42f.jpg,mafueri,twitter,2026-01-12T01:17:16.699905
mahalululu_twitter_aeb03a07,d:\66070260-Year3_Term2\Project1\Code\Project-for-Work\data\images\mahalululu_twitter_aeb03a07.jpg,mahalululu,twitter,2026-01-12T01:17:16.728492
majorg_twitter_200a3b88,d:\66070260-Year3_Term2\Project1\Code\Project-for-Work\data\images\majorg_twitter_200a3b88.jpg,majorg,twitter,2026-01-12T01:17:16.764866
malbarda_twitter_af1e0a7a,d:\66070260-Year3_Term2\Project1\Code\Project-for-Work\data\images\malbarda_twitter_af1e0a7a.jpg,malbarda,twitter,2026-01-12T01:17:16.793510
malbooth_twitter_01e536fa,d:\66070260-Year3_Term2\Project1\Code\Project-for-Work\data\images\malbooth_twitter_01e536fa.jpg,malbooth,twitter,2026-01-12T01:17:16.821512
maliagros_twitter_3db9b29d,d:\66070260-Year3_Term2\Project1\Code\Project-for-Work\data\images\maliagros_twitter_3db9b29d.jpg,maliagros,twitter,2026-01-12T01:17:16.857379
malibumuffie_twitter_8091e502,d:\66070260-Year3_Term2\Project1\Code\Project-for-Work\data\images\malibumuffie_twitter_8091e502.jpg,malibumuffie,twitter,2026-01-12T01:17:16.886673
mallikawow_twitter_381bc59b,d:\66070260-Year3_Term2\Project1\Code\Project-for-Work\data\images\mallikawow_twitter_381bc59b.jpg,mallikawow,twitter,2026-01-12T01:17:16.916451
malukorj_twitter_d35b08cf,d:\66070260-Year3_Term2\Project1\Code\Project-for-Work\data\images\malukorj_twitter_d35b08cf.jpg,malukorj,twitter,2026-01-12T01:17:16.940458
mamakoid_twitter_30959590,d:\66070260-Year3_Term2\Project1\Code\Project-for-Work\data\images\mamakoid_twitter_30959590.jpg,mamakoid,twitter,2026-01-12T01:17:16.974017
mangaman_twitter_d3edff94,d:\66070260-Year3_Term2\Project1\Code\Project-for-Work\data\images\mangaman_twitter_d3edff94.jpg,mangaman,twitter,2026-01-12T01:17:17.011514
mangky_twitter_0dff8a1e,d:\66070260-Year3_Term2\Project1\Code\Project-for-Work\data\images\mangky_twitter_0dff8a1e.jpg,mangky,twitter,2026-01-12T01:17:17.045604
manolegloria_twitter_484aa1d6,d:\66070260-Year3_Term2\Project1\Code\Project-for-Work\data\images\manolegloria_twitter_484aa1d6.jpg,manolegloria,twitter,2026-01-12T01:17:17.097081
manoshatzi_twitter_721b7a3d,d:\66070260-Year3_Term2\Project1\Code\Project-for-Work\data\images\manoshatzi_twitter_721b7a3d.jpg,manoshatzi,twitter,2026-01-12T01:17:17.135565
manubordera_twitter_4098567b,d:\66070260-Year3_Term2\Project1\Code\Project-for-Work\data\images\manubordera_twitter_4098567b.jpg,manubordera,twitter,2026-01-12T01:17:17.167757
manuretea_twitter_bd200eaf,d:\66070260-Year3_Term2\Project1\Code\Project-for-Work\data\images\manuretea_twitter_bd200eaf.jpg,manuretea,twitter,2026-01-12T01:17:17.212659
marcalaninnes_twitter_6e581b9f,d:\66070260-Year3_Term2\Project1\Code\Project-for-Work\data\images\marcalaninnes_twitter_6e581b9f.jpg,marcalaninnes,twitter,2026-01-12T01:17:17.253185
marcaugier_twitter_f51afdae,d:\66070260-Year3_Term2\Project1\Code\Project-for-Work\data\images\marcaugier_twitter_f51afdae.jpg,marcaugier,twitter,2026-01-12T01:17:17.293093
marccloutier89_twitter_e35d4325,d:\66070260-Year3_Term2\Project1\Code\Project-for-Work\data\images\marccloutier89_twitter_e35d4325.jpg,marccloutier89,twitter,2026-01-12T01:17:17.329877
marcdomingo_twitter_3c252b34,d:\66070260-Year3_Term2\Project1\Code\Project-for-Work\data\images\marcdomingo_twitter_3c252b34.jpg,marcdomingo,twitter,2026-01-12T01:17:17.356302
marcellemaire_twitter_87888cdb,d:\66070260-Year3_Term2\Project1\Code\Project-for-Work\data\images\marcellemaire_twitter_87888cdb.jpg,marcellemaire,twitter,2026-01-12T01:17:17.403278
marcelotalassuh_twitter_f5933253,d:\66070260-Year3_Term2\Project1\Code\Project-for-Work\data\images\marcelotalassuh_twitter_f5933253.jpg,marcelotalassuh,twitter,2026-01-12T01:17:17.433545
marcelziul_twitter_cfd16109,d:\66070260-Year3_Term2\Project1\Code\Project-for-Work\data\images\marcelziul_twitter_cfd16109.jpg,marcelziul,twitter,2026-01-12T01:17:17.465117
marcioferreira_twitter_b0212f75,d:\66070260-Year3_Term2\Project1\Code\Project-for-Work\data\images\marcioferreira_twitter_b0212f75.jpg,marcioferreira,twitter,2026-01-12T01:17:17.503013
marclamber_twitter_fd78b351,d:\66070260-Year3_Term2\Project1\Code\Project-for-Work\data\images\marclamber_twitter_fd78b351.jpg,marclamber,twitter,2026-01-12T01:17:17.540925
marcmeltzer_twitter_8a139f74,d:\66070260-Year3_Term2\Project1\Code\Project-for-Work\data\images\marcmeltzer_twitter_8a139f74.jpg,marcmeltzer,twitter,2026-01-12T01:17:17.575083
marcocostanzo_twitter_dc2faac7,d:\66070260-Year3_Term2\Project1\Code\Project-for-Work\data\images\marcocostanzo_twitter_dc2faac7.jpg,marcocostanzo,twitter,2026-01-12T01:17:17.613024
marcorivera_twitter_21bed8ac,d:\66070260-Year3_Term2\Project1\Code\Project-for-Work\data\images\marcorivera_twitter_21bed8ac.jpg,marcorivera,twitter,2026-01-12T01:17:17.662908
marcosgeremias_twitter_b4bb7a03,d:\66070260-Year3_Term2\Project1\Code\Project-for-Work\data\images\marcosgeremias_twitter_b4bb7a03.jpg,marcosgeremias,twitter,2026-01-12T01:17:17.703258
marcsoares_twitter_6edc32a9,d:\66070260-Year3_Term2\Project1\Code\Project-for-Work\data\images\marcsoares_twitter_6edc32a9.jpg,marcsoares,twitter,2026-01-12T01:17:17.731500
marcusmeisel_twitter_11cf0196,d:\66070260-Year3_Term2\Project1\Code\Project-for-Work\data\images\marcusmeisel_twitter_11cf0196.jpg,marcusmeisel,twitter,2026-01-12T01:17:17.770428
marcvatic_twitter_d43faecf,d:\66070260-Year3_Term2\Project1\Code\Project-for-Work\data\images\marcvatic_twitter_d43faecf.jpg,marcvatic,twitter,2026-01-12T01:17:17.803152
marcweil_twitter_90edf351,d:\66070260-Year3_Term2\Project1\Code\Project-for-Work\data\images\marcweil_twitter_90edf351.jpg,marcweil,twitter,2026-01-12T01:17:17.843442
mariaalana_twitter_bbc8ca6d,d:\66070260-Year3_Term2\Project1\Code\Project-for-Work\data\images\mariaalana_twitter_bbc8ca6d.jpg,mariaalana,twitter,2026-01-12T01:17:17.874000
mariamartinez_twitter_d128f3c0,d:\66070260-Year3_Term2\Project1\Code\Project-for-Work\data\images\mariamartinez_twitter_d128f3c0.jpg,mariamartinez,twitter,2026-01-12T01:17:17.920744
mariamjameel_twitter_03c4a234,d:\66070260-Year3_Term2\Project1\Code\Project-for-Work\data\images\mariamjameel_twitter_03c4a234.jpg,mariamjameel,twitter,2026-01-12T01:17:17.949687
mariamonegro_twitter_834539fa,d:\66070260-Year3_Term2\Project1\Code\Project-for-Work\data\images\mariamonegro_twitter_834539fa.jpg,mariamonegro,twitter,2026-01-12T01:17:17.979400
mariannehope_twitter_714c4d17,d:\66070260-Year3_Term2\Project1\Code\Project-for-Work\data\images\mariannehope_twitter_714c4d17.jpg,mariannehope,twitter,2026-01-12T01:17:18.012174
marianosanfilippo_twitter_0d3fad85,d:\66070260-Year3_Term2\Project1\Code\Project-for-Work\data\images\marianosanfilippo_twitter_0d3fad85.jpg,marianosanfilippo,twitter,2026-01-12T01:17:18.043307
mariarti_twitter_b1561027,d:\66070260-Year3_Term2\Project1\Code\Project-for-Work\data\images\mariarti_twitter_b1561027.jpg,mariarti,twitter,2026-01-12T01:17:18.072672
maribelcastilla_twitter_59ba3ecd,d:\66070260-Year3_Term2\Project1\Code\Project-for-Work\data\images\maribelcastilla_twitter_59ba3ecd.jpg,maribelcastilla,twitter,2026-01-12T01:17:18.101554
marioalberto_twitter_855fae64,d:\66070260-Year3_Term2\Project1\Code\Project-for-Work\data\images\marioalberto_twitter_855fae64.jpg,marioalberto,twitter,2026-01-12T01:17:18.128160
marioalvarezch_twitter_a1acf212,d:\66070260-Year3_Term2\Project1\Code\Project-for-Work\data\images\marioalvarezch_twitter_a1acf212.jpg,marioalvarezch,twitter,2026-01-12T01:17:18.153626
marioh_twitter_33e3c302,d:\66070260-Year3_Term2\Project1\Code\Project-for-Work\data\images\marioh_twitter_33e3c302.jpg,marioh,twitter,2026-01-12T01:17:18.192415
mariomartinezarrabal_twitter_b8ab361c,d:\66070260-Year3_Term2\Project1\Code\Project-for-Work\data\images\mariomartinezarrabal_twitter_b8ab361c.jpg,mariomartinezarrabal,twitter,2026-01-12T01:17:18.235549
marisasabatini_twitter_a4efed5a,d:\66070260-Year3_Term2\Project1\Code\Project-for-Work\data\images\marisasabatini_twitter_a4efed5a.jpg,marisasabatini,twitter,2026-01-12T01:17:18.274766
marissahughes_twitter_a37d148d,d:\66070260-Year3_Term2\Project1\Code\Project-for-Work\data\images\marissahughes_twitter_a37d148d.jpg,marissahughes,twitter,2026-01-12T01:17:18.316138
mariuscucuruz_twitter_83e2c776,d:\66070260-Year3_Term2\Project1\Code\Project-for-Work\data\images\mariuscucuruz_twitter_83e2c776.jpg,mariuscucuruz,twitter,2026-01-12T01:17:18.346115
markbaar_twitter_5ee67ca7,d:\66070260-Year3_Term2\Project1\Code\Project-for-Work\data\images\markbaar_twitter_5ee67ca7.jpg,markbaar,twitter,2026-01-12T01:17:18.377328
markborkowski_twitter_bf38e950,d:\66070260-Year3_Term2\Project1\Code\Project-for-Work\data\images\markborkowski_twitter_bf38e950.jpg,markborkowski,twitter,2026-01-12T01:17:18.414114
markcastator_twitter_c9dd7555,d:\66070260-Year3_Term2\Project1\Code\Project-for-Work\data\images\markcastator_twitter_c9dd7555.jpg,markcastator,twitter,2026-01-12T01:17:18.454519
markdunne_twitter_670342ac,d:\66070260-Year3_Term2\Project1\Code\Project-for-Work\data\images\markdunne_twitter_670342ac.jpg,markdunne,twitter,2026-01-12T01:17:18.517997
markelmes_twitter_892d9ea8,d:\66070260-Year3_Term2\Project1\Code\Project-for-Work\data\images\markelmes_twitter_892d9ea8.jpg,markelmes,twitter,2026-01-12T01:17:18.559313
marketingmichele_twitter_11f16a80,d:\66070260-Year3_Term2\Project1\Code\Project-for-Work\data\images\marketingmichele_twitter_11f16a80.jpg,marketingmichele,twitter,2026-01-12T01:17:18.584926
markgantt_twitter_8e7ba96e,d:\66070260-Year3_Term2\Project1\Code\Project-for-Work\data\images\markgantt_twitter_8e7ba96e.jpg,markgantt,twitter,2026-01-12T01:17:18.625065
markorandjelovic_twitter_9f408f09,d:\66070260-Year3_Term2\Project1\Code\Project-for-Work\data\images\markorandjelovic_twitter_9f408f09.jpg,markorandjelovic,twitter,2026-01-12T01:17:18.670076
markpuckett_twitter_a08f5a56,d:\66070260-Year3_Term2\Project1\Code\Project-for-Work\data\images\markpuckett_twitter_a08f5a56.jpg,markpuckett,twitter,2026-01-12T01:17:18.692022
markusortner_twitter_ae22e3ca,d:\66070260-Year3_Term2\Project1\Code\Project-for-Work\data\images\markusortner_twitter_ae22e3ca.jpg,markusortner,twitter,2026-01-12T01:17:18.725036
markustressl_twitter_e2d80521,d:\66070260-Year3_Term2\Project1\Code\Project-for-Work\data\images\markustressl_twitter_e2d80521.jpg,markustressl,twitter,2026-01-12T01:17:18.751193
marlenebitzer_twitter_6ff401c2,d:\66070260-Year3_Term2\Project1\Code\Project-for-Work\data\images\marlenebitzer_twitter_6ff401c2.jpg,marlenebitzer,twitter,2026-01-12T01:17:18.785900
marloncureg_twitter_b0267fa8,d:\66070260-Year3_Term2\Project1\Code\Project-for-Work\data\images\marloncureg_twitter_b0267fa8.jpg,marloncureg,twitter,2026-01-12T01:17:18.824086
marnitako_twitter_49151130,d:\66070260-Year3_Term2\Project1\Code\Project-for-Work\data\images\marnitako_twitter_49151130.jpg,marnitako,twitter,2026-01-12T01:17:18.847924
marqueee_twitter_f8f49734,d:\66070260-Year3_Term2\Project1\Code\Project-for-Work\data\images\marqueee_twitter_f8f49734.jpg,marqueee,twitter,2026-01-12T01:17:18.887276
marquesstewart_twitter_1cc12e4d,d:\66070260-Year3_Term2\Project1\Code\Project-for-Work\data\images\marquesstewart_twitter_1cc12e4d.jpg,marquesstewart,twitter,2026-01-12T01:17:18.908610
marshacollier_twitter_11cbfe82,d:\66070260-Year3_Term2\Project1\Code\Project-for-Work\data\images\marshacollier_twitter_11cbfe82.jpg,marshacollier,twitter,2026-01-12T01:17:18.949445
martincwalter_twitter_e672e01d,d:\66070260-Year3_Term2\Project1\Code\Project-for-Work\data\images\martincwalter_twitter_e672e01d.jpg,martincwalter,twitter,2026-01-12T01:17:18.994752
martinhinrich_twitter_dfca0c3e,d:\66070260-Year3_Term2\Project1\Code\Project-for-Work\data\images\martinhinrich_twitter_dfca0c3e.jpg,martinhinrich,twitter,2026-01-12T01:17:19.006717
martinosabia_twitter_f88664f2,d:\66070260-Year3_Term2\Project1\Code\Project-for-Work\data\images\martinosabia_twitter_f88664f2.jpg,martinosabia,twitter,2026-01-12T01:17:19.037554
martinrobinson_twitter_32fef6e3,d:\66070260-Year3_Term2\Project1\Code\Project-for-Work\data\images\martinrobinson_twitter_32fef6e3.jpg,martinrobinson,twitter,2026-01-12T01:17:19.085510
martinsliz_twitter_c065a118,d:\66070260-Year3_Term2\Project1\Code\Project-for-Work\data\images\martinsliz_twitter_c065a118.jpg,martinsliz,twitter,2026-01-12T01:17:19.124972
martinsoler_twitter_2811de0d,d:\66070260-Year3_Term2\Project1\Code\Project-for-Work\data\images\martinsoler_twitter_2811de0d.jpg,martinsoler,twitter,2026-01-12T01:17:19.160398
martinugalde_twitter_0e91332e,d:\66070260-Year3_Term2\Project1\Code\Project-for-Work\data\images\martinugalde_twitter_0e91332e.jpg,martinugalde,twitter,2026-01-12T01:17:19.201393
maruxz_twitter_4f2a5a42,d:\66070260-Year3_Term2\Project1\Code\Project-for-Work\data\images\maruxz_twitter_4f2a5a42.jpg,maruxz,twitter,2026-01-12T01:17:19.247890
marvin713_twitter_be3ab41d,d:\66070260-Year3_Term2\Project1\Code\Project-for-Work\data\images\marvin713_twitter_be3ab41d.jpg,marvin713,twitter,2026-01-12T01:17:19.286895
marwsay_twitter_c624ea8d,d:\66070260-Year3_Term2\Project1\Code\Project-for-Work\data\images\marwsay_twitter_c624ea8d.jpg,marwsay,twitter,2026-01-12T01:17:19.321604
mashael92_twitter_e7a802d5,d:\66070260-Year3_Term2\Project1\Code\Project-for-Work\data\images\mashael92_twitter_e7a802d5.jpg,mashael92,twitter,2026-01-12T01:17:19.344138
maskdmegane_twitter_543225d7,d:\66070260-Year3_Term2\Project1\Code\Project-for-Work\data\images\maskdmegane_twitter_543225d7.jpg,maskdmegane,twitter,2026-01-12T01:17:19.376203
masmith_twitter_5077f6b8,d:\66070260-Year3_Term2\Project1\Code\Project-for-Work\data\images\masmith_twitter_5077f6b8.jpg,masmith,twitter,2026-01-12T01:17:19.417087
masoudhaghi_twitter_cdb6f6d6,d:\66070260-Year3_Term2\Project1\Code\Project-for-Work\data\images\masoudhaghi_twitter_cdb6f6d6.jpg,masoudhaghi,twitter,2026-01-12T01:17:19.441268
massimosaviotti_twitter_f63addf5,d:\66070260-Year3_Term2\Project1\Code\Project-for-Work\data\images\massimosaviotti_twitter_f63addf5.jpg,massimosaviotti,twitter,2026-01-12T01:17:19.476688
matheusfsantos_twitter_039c71ce,d:\66070260-Year3_Term2\Project1\Code\Project-for-Work\data\images\matheusfsantos_twitter_039c71ce.jpg,matheusfsantos,twitter,2026-01-12T01:17:19.495464
mathiasmaul_twitter_34b87187,d:\66070260-Year3_Term2\Project1\Code\Project-for-Work\data\images\mathiasmaul_twitter_34b87187.jpg,mathiasmaul,twitter,2026-01-12T01:17:19.537498
mathieubellet_twitter_b4c5d551,d:\66070260-Year3_Term2\Project1\Code\Project-for-Work\data\images\mathieubellet_twitter_b4c5d551.jpg,mathieubellet,twitter,2026-01-12T01:17:19.574720
mathieurensen_twitter_7288d916,d:\66070260-Year3_Term2\Project1\Code\Project-for-Work\data\images\mathieurensen_twitter_7288d916.jpg,mathieurensen,twitter,2026-01-12T01:17:19.608832
matluschek_twitter_11794b2f,d:\66070260-Year3_Term2\Project1\Code\Project-for-Work\data\images\matluschek_twitter_11794b2f.jpg,matluschek,twitter,2026-01-12T01:17:19.646935
matsgulbrandsen_twitter_a09bd579,d:\66070260-Year3_Term2\Project1\Code\Project-for-Work\data\images\matsgulbrandsen_twitter_a09bd579.jpg,matsgulbrandsen,twitter,2026-01-12T01:17:19.677128
mattauckland_twitter_2900821c,d:\66070260-Year3_Term2\Project1\Code\Project-for-Work\data\images\mattauckland_twitter_2900821c.jpg,mattauckland,twitter,2026-01-12T01:17:19.725981
mattcoe_twitter_a339b9f4,d:\66070260-Year3_Term2\Project1\Code\Project-for-Work\data\images\mattcoe_twitter_a339b9f4.jpg,mattcoe,twitter,2026-01-12T01:17:19.764998
matteolever_twitter_0370affb,d:\66070260-Year3_Term2\Project1\Code\Project-for-Work\data\images\matteolever_twitter_0370affb.jpg,matteolever,twitter,2026-01-12T01:17:19.792148
mattharvey_twitter_b496ad9c,d:\66070260-Year3_Term2\Project1\Code\Project-for-Work\data\images\mattharvey_twitter_b496ad9c.jpg,mattharvey,twitter,2026-01-12T01:17:19.816443
matthewduncan_twitter_2a19134d,d:\66070260-Year3_Term2\Project1\Code\Project-for-Work\data\images\matthewduncan_twitter_2a19134d.jpg,matthewduncan,twitter,2026-01-12T01:17:19.864554
matthewpantoja_twitter_a009d053,d:\66070260-Year3_Term2\Project1\Code\Project-for-Work\data\images\matthewpantoja_twitter_a009d053.jpg,matthewpantoja,twitter,2026-01-12T01:17:19.898852
mattmassaro_twitter_42d26437,d:\66070260-Year3_Term2\Project1\Code\Project-for-Work\data\images\mattmassaro_twitter_42d26437.jpg,mattmassaro,twitter,2026-01-12T01:17:19.928960
mattshields_twitter_2c6e5150,d:\66070260-Year3_Term2\Project1\Code\Project-for-Work\data\images\mattshields_twitter_2c6e5150.jpg,mattshields,twitter,2026-01-12T01:17:19.966827
mattshultz_twitter_5266390a,d:\66070260-Year3_Term2\Project1\Code\Project-for-Work\data\images\mattshultz_twitter_5266390a.jpg,mattshultz,twitter,2026-01-12T01:17:20.000955
mau_twitter_810d051c,d:\66070260-Year3_Term2\Project1\Code\Project-for-Work\data\images\mau_twitter_810d051c.jpg,mau,twitter,2026-01-12T01:17:20.051805
maxculleen_twitter_838a420d,d:\66070260-Year3_Term2\Project1\Code\Project-for-Work\data\images\maxculleen_twitter_838a420d.jpg,maxculleen,twitter,2026-01-12T01:17:20.094196
maxduke_twitter_b43521e2,d:\66070260-Year3_Term2\Project1\Code\Project-for-Work\data\images\maxduke_twitter_b43521e2.jpg,maxduke,twitter,2026-01-12T01:17:20.121329
maxfabrizi_twitter_64a686ab,d:\66070260-Year3_Term2\Project1\Code\Project-for-Work\data\images\maxfabrizi_twitter_64a686ab.jpg,maxfabrizi,twitter,2026-01-12T01:17:20.164379
maximdikun_twitter_e012cb94,d:\66070260-Year3_Term2\Project1\Code\Project-for-Work\data\images\maximdikun_twitter_e012cb94.jpg,maximdikun,twitter,2026-01-12T01:17:20.205253
maxuel84_twitter_2a222ef3,d:\66070260-Year3_Term2\Project1\Code\Project-for-Work\data\images\maxuel84_twitter_2a222ef3.jpg,maxuel84,twitter,2026-01-12T01:17:20.231009
maxvazquez_twitter_b940fbef,d:\66070260-Year3_Term2\Project1\Code\Project-for-Work\data\images\maxvazquez_twitter_b940fbef.jpg,maxvazquez,twitter,2026-01-12T01:17:20.276382
maysounhanna_twitter_b16e4285,d:\66070260-Year3_Term2\Project1\Code\Project-for-Work\data\images\maysounhanna_twitter_b16e4285.jpg,maysounhanna,twitter,2026-01-12T01:17:20.314605
mazenjizani_twitter_71c9db49,d:\66070260-Year3_Term2\Project1\Code\Project-for-Work\data\images\mazenjizani_twitter_71c9db49.jpg,mazenjizani,twitter,2026-01-12T01:17:20.361411
mballada_twitter_167f1a49,d:\66070260-Year3_Term2\Project1\Code\Project-for-Work\data\images\mballada_twitter_167f1a49.jpg,mballada,twitter,2026-01-12T01:17:20.404569
mborodov_twitter_37392d35,d:\66070260-Year3_Term2\Project1\Code\Project-for-Work\data\images\mborodov_twitter_37392d35.jpg,mborodov,twitter,2026-01-12T01:17:20.436940
mccoygalvan_twitter_6539d51b,d:\66070260-Year3_Term2\Project1\Code\Project-for-Work\data\images\mccoygalvan_twitter_6539d51b.jpg,mccoygalvan,twitter,2026-01-12T01:17:20.478339
mcdessureault_twitter_3389d035,d:\66070260-Year3_Term2\Project1\Code\Project-for-Work\data\images\mcdessureault_twitter_3389d035.jpg,mcdessureault,twitter,2026-01-12T01:17:20.513650
mcoyne_twitter_339a4934,d:\66070260-Year3_Term2\Project1\Code\Project-for-Work\data\images\mcoyne_twitter_339a4934.jpg,mcoyne,twitter,2026-01-12T01:17:20.564377
mdicer_twitter_cef832f6,d:\66070260-Year3_Term2\Project1\Code\Project-for-Work\data\images\mdicer_twitter_cef832f6.jpg,mdicer,twitter,2026-01-12T01:17:20.604893
mdupls_twitter_f1aaf0a0,d:\66070260-Year3_Term2\Project1\Code\Project-for-Work\data\images\mdupls_twitter_f1aaf0a0.jpg,mdupls,twitter,2026-01-12T01:17:20.640659
meberl_twitter_b608a183,d:\66070260-Year3_Term2\Project1\Code\Project-for-Work\data\images\meberl_twitter_b608a183.jpg,meberl,twitter,2026-01-12T01:17:20.669557
meganclark_twitter_10102f25,d:\66070260-Year3_Term2\Project1\Code\Project-for-Work\data\images\meganclark_twitter_10102f25.jpg,meganclark,twitter,2026-01-12T01:17:20.720706
meganorr_twitter_f3a41600,d:\66070260-Year3_Term2\Project1\Code\Project-for-Work\data\images\meganorr_twitter_f3a41600.jpg,meganorr,twitter,2026-01-12T01:17:20.758583
megsrhea_twitter_369a2c4b,d:\66070260-Year3_Term2\Project1\Code\Project-for-Work\data\images\megsrhea_twitter_369a2c4b.jpg,megsrhea,twitter,2026-01-12T01:17:20.806257
mekhovov_twitter_33fdfe0b,d:\66070260-Year3_Term2\Project1\Code\Project-for-Work\data\images\mekhovov_twitter_33fdfe0b.jpg,mekhovov,twitter,2026-01-12T01:17:20.859920
melaganodeojo_twitter_c133d10c,d:\66070260-Year3_Term2\Project1\Code\Project-for-Work\data\images\melaganodeojo_twitter_c133d10c.jpg,melaganodeojo,twitter,2026-01-12T01:17:20.895882
melanieburger_twitter_0166b386,d:\66070260-Year3_Term2\Project1\Code\Project-for-Work\data\images\melanieburger_twitter_0166b386.jpg,melanieburger,twitter,2026-01-12T01:17:20.942814
melanieramone_twitter_17a2756c,d:\66070260-Year3_Term2\Project1\Code\Project-for-Work\data\images\melanieramone_twitter_17a2756c.jpg,melanieramone,twitter,2026-01-12T01:17:20.973442
melanieschram_twitter_d5ad9ce6,d:\66070260-Year3_Term2\Project1\Code\Project-for-Work\data\images\melanieschram_twitter_d5ad9ce6.jpg,melanieschram,twitter,2026-01-12T01:17:21.016139
melindamoses_twitter_e5806991,d:\66070260-Year3_Term2\Project1\Code\Project-for-Work\data\images\melindamoses_twitter_e5806991.jpg,melindamoses,twitter,2026-01-12T01:17:21.060193
melissademata_twitter_7db20926,d:\66070260-Year3_Term2\Project1\Code\Project-for-Work\data\images\melissademata_twitter_7db20926.jpg,melissademata,twitter,2026-01-12T01:17:21.097541
melissagonzales_twitter_3fab42a8,d:\66070260-Year3_Term2\Project1\Code\Project-for-Work\data\images\melissagonzales_twitter_3fab42a8.jpg,melissagonzales,twitter,2026-01-12T01:17:21.144427
melissata_twitter_6b7959bf,d:\66070260-Year3_Term2\Project1\Code\Project-for-Work\data\images\melissata_twitter_6b7959bf.jpg,melissata,twitter,2026-01-12T01:17:21.180326
melodythacker_twitter_df2da0cf,d:\66070260-Year3_Term2\Project1\Code\Project-for-Work\data\images\melodythacker_twitter_df2da0cf.jpg,melodythacker,twitter,2026-01-12T01:17:21.217225
melteruz_twitter_cd06957b,d:\66070260-Year3_Term2\Project1\Code\Project-for-Work\data\images\melteruz_twitter_cd06957b.jpg,melteruz,twitter,2026-01-12T01:17:21.250387
memorylanecarclub_twitter_7b41d6df,d:\66070260-Year3_Term2\Project1\Code\Project-for-Work\data\images\memorylanecarclub_twitter_7b41d6df.jpg,memorylanecarclub,twitter,2026-01-12T01:17:21.288592
menchiesp_twitter_29b449ac,d:\66070260-Year3_Term2\Project1\Code\Project-for-Work\data\images\menchiesp_twitter_29b449ac.jpg,menchiesp,twitter,2026-01-12T01:17:21.304149
mendeavor_twitter_993b1923,d:\66070260-Year3_Term2\Project1\Code\Project-for-Work\data\images\mendeavor_twitter_993b1923.jpg,mendeavor,twitter,2026-01-12T01:17:21.331490
mengqi_twitter_e746b682,d:\66070260-Year3_Term2\Project1\Code\Project-for-Work\data\images\mengqi_twitter_e746b682.jpg,mengqi,twitter,2026-01-12T01:17:21.358384
mercry_twitter_c2c9587d,d:\66070260-Year3_Term2\Project1\Code\Project-for-Work\data\images\mercry_twitter_c2c9587d.jpg,mercry,twitter,2026-01-12T01:17:21.398334
mervae_twitter_04e25115,d:\66070260-Year3_Term2\Project1\Code\Project-for-Work\data\images\mervae_twitter_04e25115.jpg,mervae,twitter,2026-01-12T01:17:21.431118
meryba_twitter_1c45f0b9,d:\66070260-Year3_Term2\Project1\Code\Project-for-Work\data\images\meryba_twitter_1c45f0b9.jpg,meryba,twitter,2026-01-12T01:17:21.458502
metaed_twitter_5a632907,d:\66070260-Year3_Term2\Project1\Code\Project-for-Work\data\images\metaed_twitter_5a632907.jpg,metaed,twitter,2026-01-12T01:17:21.492579
mhantirah_twitter_9ba1be87,d:\66070260-Year3_Term2\Project1\Code\Project-for-Work\data\images\mhantirah_twitter_9ba1be87.jpg,mhantirah,twitter,2026-01-12T01:17:21.526891
mhenderson_twitter_b8a9ae6d,d:\66070260-Year3_Term2\Project1\Code\Project-for-Work\data\images\mhenderson_twitter_b8a9ae6d.jpg,mhenderson,twitter,2026-01-12T01:17:21.572099
mherrling_twitter_3053757e,d:\66070260-Year3_Term2\Project1\Code\Project-for-Work\data\images\mherrling_twitter_3053757e.jpg,mherrling,twitter,2026-01-12T01:17:21.610403
miamilawrence_twitter_55ce5521,d:\66070260-Year3_Term2\Project1\Code\Project-for-Work\data\images\miamilawrence_twitter_55ce5521.jpg,miamilawrence,twitter,2026-01-12T01:17:21.650132
miamirealestate_twitter_7422c5c9,d:\66070260-Year3_Term2\Project1\Code\Project-for-Work\data\images\miamirealestate_twitter_7422c5c9.jpg,miamirealestate,twitter,2026-01-12T01:17:21.698912
micampioni_twitter_ad8d6100,d:\66070260-Year3_Term2\Project1\Code\Project-for-Work\data\images\micampioni_twitter_ad8d6100.jpg,micampioni,twitter,2026-01-12T01:17:21.730698
michaelangelo_twitter_c03b3d6c,d:\66070260-Year3_Term2\Project1\Code\Project-for-Work\data\images\michaelangelo_twitter_c03b3d6c.jpg,michaelangelo,twitter,2026-01-12T01:17:21.766713
michaelaranda_twitter_e0cca2e5,d:\66070260-Year3_Term2\Project1\Code\Project-for-Work\data\images\michaelaranda_twitter_e0cca2e5.jpg,michaelaranda,twitter,2026-01-12T01:17:21.796317
michaelarmstrong_twitter_782cba9f,d:\66070260-Year3_Term2\Project1\Code\Project-for-Work\data\images\michaelarmstrong_twitter_782cba9f.jpg,michaelarmstrong,twitter,2026-01-12T01:17:21.830127
michaelberndt_twitter_737f7264,d:\66070260-Year3_Term2\Project1\Code\Project-for-Work\data\images\michaelberndt_twitter_737f7264.jpg,michaelberndt,twitter,2026-01-12T01:17:21.852611
michaelcempa_twitter_4fb89646,d:\66070260-Year3_Term2\Project1\Code\Project-for-Work\data\images\michaelcempa_twitter_4fb89646.jpg,michaelcempa,twitter,2026-01-12T01:17:21.881264
michaeldutcher_twitter_65b89f9c,d:\66070260-Year3_Term2\Project1\Code\Project-for-Work\data\images\michaeldutcher_twitter_65b89f9c.jpg,michaeldutcher,twitter,2026-01-12T01:17:21.908890
michaeldylanferrara_twitter_330cc59a,d:\66070260-Year3_Term2\Project1\Code\Project-for-Work\data\images\michaeldylanferrara_twitter_330cc59a.jpg,michaeldylanferrara,twitter,2026-01-12T01:17:21.954879
michaelgodfre_twitter_81b56241,d:\66070260-Year3_Term2\Project1\Code\Project-for-Work\data\images\michaelgodfre_twitter_81b56241.jpg,michaelgodfre,twitter,2026-01-12T01:17:21.977240
michaelgoff_twitter_bd1bab80,d:\66070260-Year3_Term2\Project1\Code\Project-for-Work\data\images\michaelgoff_twitter_bd1bab80.jpg,michaelgoff,twitter,2026-01-12T01:17:22.009819
michaeljdennis_twitter_94fd8883,d:\66070260-Year3_Term2\Project1\Code\Project-for-Work\data\images\michaeljdennis_twitter_94fd8883.jpg,michaeljdennis,twitter,2026-01-12T01:17:22.045194
michaelkoenig_twitter_c17e3420,d:\66070260-Year3_Term2\Project1\Code\Project-for-Work\data\images\michaelkoenig_twitter_c17e3420.jpg,michaelkoenig,twitter,2026-01-12T01:17:22.082750
michaelkrantz_twitter_8127e086,d:\66070260-Year3_Term2\Project1\Code\Project-for-Work\data\images\michaelkrantz_twitter_8127e086.jpg,michaelkrantz,twitter,2026-01-12T01:17:22.113358
michaelpierceca_twitter_ee6a35a5,d:\66070260-Year3_Term2\Project1\Code\Project-for-Work\data\images\michaelpierceca_twitter_ee6a35a5.jpg,michaelpierceca,twitter,2026-01-12T01:17:22.144520
michaeltapp_twitter_a8fbd7b6,d:\66070260-Year3_Term2\Project1\Code\Project-for-Work\data\images\michaeltapp_twitter_a8fbd7b6.jpg,michaeltapp,twitter,2026-01-12T01:17:22.179719
michaelwitham_twitter_d8140c8c,d:\66070260-Year3_Term2\Project1\Code\Project-for-Work\data\images\michaelwitham_twitter_d8140c8c.jpg,michaelwitham,twitter,2026-01-12T01:17:22.212854
michaelwuensch_twitter_3a32b985,d:\66070260-Year3_Term2\Project1\Code\Project-for-Work\data\images\michaelwuensch_twitter_3a32b985.jpg,michaelwuensch,twitter,2026-01-12T01:17:22.243028
michelejmartin_twitter_b8bd5ea9,d:\66070260-Year3_Term2\Project1\Code\Project-for-Work\data\images\michelejmartin_twitter_b8bd5ea9.jpg,michelejmartin,twitter,2026-01-12T01:17:22.275154
michelevitucci_twitter_f4eab92b,d:\66070260-Year3_Term2\Project1\Code\Project-for-Work\data\images\michelevitucci_twitter_f4eab92b.jpg,michelevitucci,twitter,2026-01-12T01:17:22.304949
michellefreeman_twitter_4ce05b13,d:\66070260-Year3_Term2\Project1\Code\Project-for-Work\data\images\michellefreeman_twitter_4ce05b13.jpg,michellefreeman,twitter,2026-01-12T01:17:22.338935
michellemcivor_twitter_5fe2908f,d:\66070260-Year3_Term2\Project1\Code\Project-for-Work\data\images\michellemcivor_twitter_5fe2908f.jpg,michellemcivor,twitter,2026-01-12T01:17:22.384304
micheltrapani_twitter_911f0dc7,d:\66070260-Year3_Term2\Project1\Code\Project-for-Work\data\images\micheltrapani_twitter_911f0dc7.jpg,micheltrapani,twitter,2026-01-12T01:17:22.411633
mickmurillo_twitter_33455ffc,d:\66070260-Year3_Term2\Project1\Code\Project-for-Work\data\images\mickmurillo_twitter_33455ffc.jpg,mickmurillo,twitter,2026-01-12T01:17:22.445248
midorimiller_twitter_0e7bcce5,d:\66070260-Year3_Term2\Project1\Code\Project-for-Work\data\images\midorimiller_twitter_0e7bcce5.jpg,midorimiller,twitter,2026-01-12T01:17:22.481429
mightycasey_twitter_f3673bf1,d:\66070260-Year3_Term2\Project1\Code\Project-for-Work\data\images\mightycasey_twitter_f3673bf1.jpg,mightycasey,twitter,2026-01-12T01:17:22.521878
miguelandres_twitter_502b1412,d:\66070260-Year3_Term2\Project1\Code\Project-for-Work\data\images\miguelandres_twitter_502b1412.jpg,miguelandres,twitter,2026-01-12T01:17:22.570098
miguelcaballero_twitter_aef41545,d:\66070260-Year3_Term2\Project1\Code\Project-for-Work\data\images\miguelcaballero_twitter_aef41545.jpg,miguelcaballero,twitter,2026-01-12T01:17:22.615904
miguelcaria_twitter_3eab4dc4,d:\66070260-Year3_Term2\Project1\Code\Project-for-Work\data\images\miguelcaria_twitter_3eab4dc4.jpg,miguelcaria,twitter,2026-01-12T01:17:22.649182
migueldecastro_twitter_e1825048,d:\66070260-Year3_Term2\Project1\Code\Project-for-Work\data\images\migueldecastro_twitter_e1825048.jpg,migueldecastro,twitter,2026-01-12T01:17:22.673790
miguelsanchz_twitter_b7197199,d:\66070260-Year3_Term2\Project1\Code\Project-for-Work\data\images\miguelsanchz_twitter_b7197199.jpg,miguelsanchz,twitter,2026-01-12T01:17:22.712279
miguelsoler_twitter_2a39fb85,d:\66070260-Year3_Term2\Project1\Code\Project-for-Work\data\images\miguelsoler_twitter_2a39fb85.jpg,miguelsoler,twitter,2026-01-12T01:17:22.737183
mihirs_twitter_65de7ac0,d:\66070260-Year3_Term2\Project1\Code\Project-for-Work\data\images\mihirs_twitter_65de7ac0.jpg,mihirs,twitter,2026-01-12T01:17:22.776753
mikeantares_twitter_35c28110,d:\66070260-Year3_Term2\Project1\Code\Project-for-Work\data\images\mikeantares_twitter_35c28110.jpg,mikeantares,twitter,2026-01-12T01:17:22.791044
mikeberrios_twitter_32b32605,d:\66070260-Year3_Term2\Project1\Code\Project-for-Work\data\images\mikeberrios_twitter_32b32605.jpg,mikeberrios,twitter,2026-01-12T01:17:22.816750
mikeconaty_twitter_4717350f,d:\66070260-Year3_Term2\Project1\Code\Project-for-Work\data\images\mikeconaty_twitter_4717350f.jpg,mikeconaty,twitter,2026-01-12T01:17:22.844401
mikecorak_twitter_b106a495,d:\66070260-Year3_Term2\Project1\Code\Project-for-Work\data\images\mikecorak_twitter_b106a495.jpg,mikecorak,twitter,2026-01-12T01:17:22.884399
mikedarcyhughes_twitter_c0b8cc9e,d:\66070260-Year3_Term2\Project1\Code\Project-for-Work\data\images\mikedarcyhughes_twitter_c0b8cc9e.jpg,mikedarcyhughes,twitter,2026-01-12T01:17:22.929034
mikedarnell_twitter_61eb6be9,d:\66070260-Year3_Term2\Project1\Code\Project-for-Work\data\images\mikedarnell_twitter_61eb6be9.jpg,mikedarnell,twitter,2026-01-12T01:17:22.963347
mikehill_twitter_c2b5a848,d:\66070260-Year3_Term2\Project1\Code\Project-for-Work\data\images\mikehill_twitter_c2b5a848.jpg,mikehill,twitter,2026-01-12T01:17:22.987832
mikehochanadel_twitter_3163283a,d:\66070260-Year3_Term2\Project1\Code\Project-for-Work\data\images\mikehochanadel_twitter_3163283a.jpg,mikehochanadel,twitter,2026-01-12T01:17:23.013478
mikejeide_twitter_c83c0b40,d:\66070260-Year3_Term2\Project1\Code\Project-for-Work\data\images\mikejeide_twitter_c83c0b40.jpg,mikejeide,twitter,2026-01-12T01:17:23.065263
mikelefebvre_twitter_a75f09fe,d:\66070260-Year3_Term2\Project1\Code\Project-for-Work\data\images\mikelefebvre_twitter_a75f09fe.jpg,mikelefebvre,twitter,2026-01-12T01:17:23.103341
mikemartin_twitter_b12b062a,d:\66070260-Year3_Term2\Project1\Code\Project-for-Work\data\images\mikemartin_twitter_b12b062a.jpg,mikemartin,twitter,2026-01-12T01:17:23.138839
mikemcbride_twitter_ccb44d7d,d:\66070260-Year3_Term2\Project1\Code\Project-for-Work\data\images\mikemcbride_twitter_ccb44d7d.jpg,mikemcbride,twitter,2026-01-12T01:17:23.169583
mikeoneill76_twitter_9f1e9eab,d:\66070260-Year3_Term2\Project1\Code\Project-for-Work\data\images\mikeoneill76_twitter_9f1e9eab.jpg,mikeoneill76,twitter,2026-01-12T01:17:23.201858
mikestake_twitter_8db2463c,d:\66070260-Year3_Term2\Project1\Code\Project-for-Work\data\images\mikestake_twitter_8db2463c.jpg,mikestake,twitter,2026-01-12T01:17:23.228901
mikesupple_twitter_450cc8d6,d:\66070260-Year3_Term2\Project1\Code\Project-for-Work\data\images\mikesupple_twitter_450cc8d6.jpg,mikesupple,twitter,2026-01-12T01:17:23.253911
mikewhitmore_twitter_ffc7eec9,d:\66070260-Year3_Term2\Project1\Code\Project-for-Work\data\images\mikewhitmore_twitter_ffc7eec9.jpg,mikewhitmore,twitter,2026-01-12T01:17:23.287456
mikewood_twitter_dd65acc3,d:\66070260-Year3_Term2\Project1\Code\Project-for-Work\data\images\mikewood_twitter_dd65acc3.jpg,mikewood,twitter,2026-01-12T01:17:23.318193
mikey3982_twitter_a0c8724f,d:\66070260-Year3_Term2\Project1\Code\Project-for-Work\data\images\mikey3982_twitter_a0c8724f.jpg,mikey3982,twitter,2026-01-12T01:17:23.371211
mikhailsevalnev_twitter_d0860905,d:\66070260-Year3_Term2\Project1\Code\Project-for-Work\data\images\mikhailsevalnev_twitter_d0860905.jpg,mikhailsevalnev,twitter,2026-01-12T01:17:23.394260
milatatham_twitter_32f73789,d:\66070260-Year3_Term2\Project1\Code\Project-for-Work\data\images\milatatham_twitter_32f73789.jpg,milatatham,twitter,2026-01-12T01:17:23.426431
milko_twitter_07971ddf,d:\66070260-Year3_Term2\Project1\Code\Project-for-Work\data\images\milko_twitter_07971ddf.jpg,milko,twitter,2026-01-12T01:17:23.454081
minhazchowdhury_twitter_61798156,d:\66070260-Year3_Term2\Project1\Code\Project-for-Work\data\images\minhazchowdhury_twitter_61798156.jpg,minhazchowdhury,twitter,2026-01-12T01:17:23.472423
minorcortes_twitter_f0aefb1b,d:\66070260-Year3_Term2\Project1\Code\Project-for-Work\data\images\minorcortes_twitter_f0aefb1b.jpg,minorcortes,twitter,2026-01-12T01:17:23.516855
miph_twitter_2efbb055,d:\66070260-Year3_Term2\Project1\Code\Project-for-Work\data\images\miph_twitter_2efbb055.jpg,miph,twitter,2026-01-12T01:17:23.544367
mirellenascimento_twitter_f130b6c9,d:\66070260-Year3_Term2\Project1\Code\Project-for-Work\data\images\mirellenascimento_twitter_f130b6c9.jpg,mirellenascimento,twitter,2026-01-12T01:17:23.589306
mirkojankovic_twitter_6adc1cd9,d:\66070260-Year3_Term2\Project1\Code\Project-for-Work\data\images\mirkojankovic_twitter_6adc1cd9.jpg,mirkojankovic,twitter,2026-01-12T01:17:23.628772
miroslavhelcl_twitter_d1f80a89,d:\66070260-Year3_Term2\Project1\Code\Project-for-Work\data\images\miroslavhelcl_twitter_d1f80a89.jpg,miroslavhelcl,twitter,2026-01-12T01:17:23.656751
misstammyum_twitter_439f30cd,d:\66070260-Year3_Term2\Project1\Code\Project-for-Work\data\images\misstammyum_twitter_439f30cd.jpg,misstammyum,twitter,2026-01-12T01:17:23.686373
missycaulk_twitter_a42fb9d1,d:\66070260-Year3_Term2\Project1\Code\Project-for-Work\data\images\missycaulk_twitter_a42fb9d1.jpg,missycaulk,twitter,2026-01-12T01:17:23.720972
misteranggie_twitter_2841b77d,d:\66070260-Year3_Term2\Project1\Code\Project-for-Work\data\images\misteranggie_twitter_2841b77d.jpg,misteranggie,twitter,2026-01-12T01:17:23.761415
mitb_twitter_7d096be7,d:\66070260-Year3_Term2\Project1\Code\Project-for-Work\data\images\mitb_twitter_7d096be7.jpg,mitb,twitter,2026-01-12T01:17:23.816085
mitchenglish_twitter_4ca0f0cd,d:\66070260-Year3_Term2\Project1\Code\Project-for-Work\data\images\mitchenglish_twitter_4ca0f0cd.jpg,mitchenglish,twitter,2026-01-12T01:17:23.841028
mitz_twitter_576e5781,d:\66070260-Year3_Term2\Project1\Code\Project-for-Work\data\images\mitz_twitter_576e5781.jpg,mitz,twitter,2026-01-12T01:17:23.867135
mjarron_twitter_1b41b5a4,d:\66070260-Year3_Term2\Project1\Code\Project-for-Work\data\images\mjarron_twitter_1b41b5a4.jpg,mjarron,twitter,2026-01-12T01:17:23.897823
mjbrender_twitter_620a182a,d:\66070260-Year3_Term2\Project1\Code\Project-for-Work\data\images\mjbrender_twitter_620a182a.jpg,mjbrender,twitter,2026-01-12T01:17:23.929543
mlikeasong_twitter_bc30aaf4,d:\66070260-Year3_Term2\Project1\Code\Project-for-Work\data\images\mlikeasong_twitter_bc30aaf4.jpg,mlikeasong,twitter,2026-01-12T01:17:23.965266
mlucasx_twitter_80053b41,d:\66070260-Year3_Term2\Project1\Code\Project-for-Work\data\images\mlucasx_twitter_80053b41.jpg,mlucasx,twitter,2026-01-12T01:17:23.994951
mnasir_twitter_63da8f00,d:\66070260-Year3_Term2\Project1\Code\Project-for-Work\data\images\mnasir_twitter_63da8f00.jpg,mnasir,twitter,2026-01-12T01:17:24.028687
mneidich_twitter_35be259b,d:\66070260-Year3_Term2\Project1\Code\Project-for-Work\data\images\mneidich_twitter_35be259b.jpg,mneidich,twitter,2026-01-12T01:17:24.065504
mobillionaire_twitter_af5b9b09,d:\66070260-Year3_Term2\Project1\Code\Project-for-Work\data\images\mobillionaire_twitter_af5b9b09.jpg,mobillionaire,twitter,2026-01-12T01:17:24.104440
mobyo_twitter_fe405393,d:\66070260-Year3_Term2\Project1\Code\Project-for-Work\data\images\mobyo_twitter_fe405393.jpg,mobyo,twitter,2026-01-12T01:17:24.132577
mohsinnaeem_twitter_a55fef82,d:\66070260-Year3_Term2\Project1\Code\Project-for-Work\data\images\mohsinnaeem_twitter_a55fef82.jpg,mohsinnaeem,twitter,2026-01-12T01:17:24.179148
moisesrial_twitter_8c811175,d:\66070260-Year3_Term2\Project1\Code\Project-for-Work\data\images\moisesrial_twitter_8c811175.jpg,moisesrial,twitter,2026-01-12T01:17:24.207032
molivieri_twitter_92ce360a,d:\66070260-Year3_Term2\Project1\Code\Project-for-Work\data\images\molivieri_twitter_92ce360a.jpg,molivieri,twitter,2026-01-12T01:17:24.231862
monicagmh_twitter_2027dfa0,d:\66070260-Year3_Term2\Project1\Code\Project-for-Work\data\images\monicagmh_twitter_2027dfa0.jpg,monicagmh,twitter,2026-01-12T01:17:24.267811
monikafuchs_twitter_18925b2e,d:\66070260-Year3_Term2\Project1\Code\Project-for-Work\data\images\monikafuchs_twitter_18925b2e.jpg,monikafuchs,twitter,2026-01-12T01:17:24.290183
monik_twitter_7828ec38,d:\66070260-Year3_Term2\Project1\Code\Project-for-Work\data\images\monik_twitter_7828ec38.jpg,monik,twitter,2026-01-12T01:17:24.337718
montezmccrary_twitter_37f9ef46,d:\66070260-Year3_Term2\Project1\Code\Project-for-Work\data\images\montezmccrary_twitter_37f9ef46.jpg,montezmccrary,twitter,2026-01-12T01:17:24.370462
montsev_twitter_2d6f1f59,d:\66070260-Year3_Term2\Project1\Code\Project-for-Work\data\images\montsev_twitter_2d6f1f59.jpg,montsev,twitter,2026-01-12T01:17:24.398117
morganbrady_twitter_d0d0e383,d:\66070260-Year3_Term2\Project1\Code\Project-for-Work\data\images\morganbrady_twitter_d0d0e383.jpg,morganbrady,twitter,2026-01-12T01:17:24.433285
mrandrewbradley_twitter_5c4b73ac,d:\66070260-Year3_Term2\Project1\Code\Project-for-Work\data\images\mrandrewbradley_twitter_5c4b73ac.jpg,mrandrewbradley,twitter,2026-01-12T01:17:24.479075
mrbambang_twitter_43c1d924,d:\66070260-Year3_Term2\Project1\Code\Project-for-Work\data\images\mrbambang_twitter_43c1d924.jpg,mrbambang,twitter,2026-01-12T01:17:24.522829
mrdrazad_twitter_6a2b07cd,d:\66070260-Year3_Term2\Project1\Code\Project-for-Work\data\images\mrdrazad_twitter_6a2b07cd.jpg,mrdrazad,twitter,2026-01-12T01:17:24.550357
mrjamesnoble_twitter_434eedb7,d:\66070260-Year3_Term2\Project1\Code\Project-for-Work\data\images\mrjamesnoble_twitter_434eedb7.jpg,mrjamesnoble,twitter,2026-01-12T01:17:24.577915
mrobertsonline_twitter_b6855b37,d:\66070260-Year3_Term2\Project1\Code\Project-for-Work\data\images\mrobertsonline_twitter_b6855b37.jpg,mrobertsonline,twitter,2026-01-12T01:17:24.602401
mrsimonwood_twitter_c7c60128,d:\66070260-Year3_Term2\Project1\Code\Project-for-Work\data\images\mrsimonwood_twitter_c7c60128.jpg,mrsimonwood,twitter,2026-01-12T01:17:24.647481
mrsrosietaylor_twitter_6780ca8e,d:\66070260-Year3_Term2\Project1\Code\Project-for-Work\data\images\mrsrosietaylor_twitter_6780ca8e.jpg,mrsrosietaylor,twitter,2026-01-12T01:17:24.682363
msanhuezacelsi_twitter_eef409d2,d:\66070260-Year3_Term2\Project1\Code\Project-for-Work\data\images\msanhuezacelsi_twitter_eef409d2.jpg,msanhuezacelsi,twitter,2026-01-12T01:17:24.708277
msjuliars_twitter_887ad06e,d:\66070260-Year3_Term2\Project1\Code\Project-for-Work\data\images\msjuliars_twitter_887ad06e.jpg,msjuliars,twitter,2026-01-12T01:17:24.738580
msyarif_twitter_0c27361c,d:\66070260-Year3_Term2\Project1\Code\Project-for-Work\data\images\msyarif_twitter_0c27361c.jpg,msyarif,twitter,2026-01-12T01:17:24.777890
mtoigo_twitter_3243c811,d:\66070260-Year3_Term2\Project1\Code\Project-for-Work\data\images\mtoigo_twitter_3243c811.jpg,mtoigo,twitter,2026-01-12T01:17:24.805832
mtrcorona_twitter_3ba37a3b,d:\66070260-Year3_Term2\Project1\Code\Project-for-Work\data\images\mtrcorona_twitter_3ba37a3b.jpg,mtrcorona,twitter,2026-01-12T01:17:24.838088
muccitas_twitter_266c130d,d:\66070260-Year3_Term2\Project1\Code\Project-for-Work\data\images\muccitas_twitter_266c130d.jpg,muccitas,twitter,2026-01-12T01:17:24.875211
muhamadtaufik_twitter_8e1aa08c,d:\66070260-Year3_Term2\Project1\Code\Project-for-Work\data\images\muhamadtaufik_twitter_8e1aa08c.jpg,muhamadtaufik,twitter,2026-01-12T01:17:24.907119
multifacetsflux_twitter_71222129,d:\66070260-Year3_Term2\Project1\Code\Project-for-Work\data\images\multifacetsflux_twitter_71222129.jpg,multifacetsflux,twitter,2026-01-12T01:17:24.941804
munait_twitter_514804e3,d:\66070260-Year3_Term2\Project1\Code\Project-for-Work\data\images\munait_twitter_514804e3.jpg,munait,twitter,2026-01-12T01:17:24.967801
munta_twitter_77851c73,d:\66070260-Year3_Term2\Project1\Code\Project-for-Work\data\images\munta_twitter_77851c73.jpg,munta,twitter,2026-01-12T01:17:24.996866
murphyz_twitter_7a1651e3,d:\66070260-Year3_Term2\Project1\Code\Project-for-Work\data\images\murphyz_twitter_7a1651e3.jpg,murphyz,twitter,2026-01-12T01:17:25.030063
murrayfrancis_twitter_30208cec,d:\66070260-Year3_Term2\Project1\Code\Project-for-Work\data\images\murrayfrancis_twitter_30208cec.jpg,murrayfrancis,twitter,2026-01-12T01:17:25.063375
mvalencaa_twitter_2135fb36,d:\66070260-Year3_Term2\Project1\Code\Project-for-Work\data\images\mvalencaa_twitter_2135fb36.jpg,mvalencaa,twitter,2026-01-12T01:17:25.102909
mybikemyworldcom_twitter_f1798481,d:\66070260-Year3_Term2\Project1\Code\Project-for-Work\data\images\mybikemyworldcom_twitter_f1798481.jpg,mybikemyworldcom,twitter,2026-01-12T01:17:25.134506
mybookandmycoffee_twitter_bf411a40,d:\66070260-Year3_Term2\Project1\Code\Project-for-Work\data\images\mybookandmycoffee_twitter_bf411a40.jpg,mybookandmycoffee,twitter,2026-01-12T01:17:25.167305
mycroft221_twitter_8b677b2f,d:\66070260-Year3_Term2\Project1\Code\Project-for-Work\data\images\mycroft221_twitter_8b677b2f.jpg,mycroft221,twitter,2026-01-12T01:17:25.194364
mylastpagefirst_twitter_6456021b,d:\66070260-Year3_Term2\Project1\Code\Project-for-Work\data\images\mylastpagefirst_twitter_6456021b.jpg,mylastpagefirst,twitter,2026-01-12T01:17:25.226152
myriamsabolla_twitter_69b49086,d:\66070260-Year3_Term2\Project1\Code\Project-for-Work\data\images\myriamsabolla_twitter_69b49086.jpg,myriamsabolla,twitter,2026-01-12T01:17:25.264787
nachoirazoqui_twitter_33acdc66,d:\66070260-Year3_Term2\Project1\Code\Project-for-Work\data\images\nachoirazoqui_twitter_33acdc66.jpg,nachoirazoqui,twitter,2026-01-12T01:17:25.311048
nachovega_twitter_7352d4f6,d:\66070260-Year3_Term2\Project1\Code\Project-for-Work\data\images\nachovega_twitter_7352d4f6.jpg,nachovega,twitter,2026-01-12T01:17:25.338519
nadenemurray_twitter_0f8d30f1,d:\66070260-Year3_Term2\Project1\Code\Project-for-Work\data\images\nadenemurray_twitter_0f8d30f1.jpg,nadenemurray,twitter,2026-01-12T01:17:25.373352
nakeeb_twitter_29f4c45d,d:\66070260-Year3_Term2\Project1\Code\Project-for-Work\data\images\nakeeb_twitter_29f4c45d.jpg,nakeeb,twitter,2026-01-12T01:17:25.407030
namesjamin_twitter_d5ad5073,d:\66070260-Year3_Term2\Project1\Code\Project-for-Work\data\images\namesjamin_twitter_d5ad5073.jpg,namesjamin,twitter,2026-01-12T01:17:25.435396
nancielovesphotography_twitter_065a5f07,d:\66070260-Year3_Term2\Project1\Code\Project-for-Work\data\images\nancielovesphotography_twitter_065a5f07.jpg,nancielovesphotography,twitter,2026-01-12T01:17:25.467575
nancypham707_twitter_fe6fe62e,d:\66070260-Year3_Term2\Project1\Code\Project-for-Work\data\images\nancypham707_twitter_fe6fe62e.jpg,nancypham707,twitter,2026-01-12T01:17:25.497207
naningutoyo_twitter_96568701,d:\66070260-Year3_Term2\Project1\Code\Project-for-Work\data\images\naningutoyo_twitter_96568701.jpg,naningutoyo,twitter,2026-01-12T01:17:25.538346
narendraangkita_twitter_d075531c,d:\66070260-Year3_Term2\Project1\Code\Project-for-Work\data\images\narendraangkita_twitter_d075531c.jpg,narendraangkita,twitter,2026-01-12T01:17:25.575227
nastia_twitter_c9938788,d:\66070260-Year3_Term2\Project1\Code\Project-for-Work\data\images\nastia_twitter_c9938788.jpg,nastia,twitter,2026-01-12T01:17:25.606086
natalialamange_twitter_ca9ab5dd,d:\66070260-Year3_Term2\Project1\Code\Project-for-Work\data\images\natalialamange_twitter_ca9ab5dd.jpg,natalialamange,twitter,2026-01-12T01:17:25.644933
nataliamartinez_twitter_6bb9edd0,d:\66070260-Year3_Term2\Project1\Code\Project-for-Work\data\images\nataliamartinez_twitter_6bb9edd0.jpg,nataliamartinez,twitter,2026-01-12T01:17:25.690040
natbuehler_twitter_3f2a9bcc,d:\66070260-Year3_Term2\Project1\Code\Project-for-Work\data\images\natbuehler_twitter_3f2a9bcc.jpg,natbuehler,twitter,2026-01-12T01:17:25.725779
natelandau_twitter_9db35525,d:\66070260-Year3_Term2\Project1\Code\Project-for-Work\data\images\natelandau_twitter_9db35525.jpg,natelandau,twitter,2026-01-12T01:17:25.771222
natelockwood_twitter_2e5d9c6b,d:\66070260-Year3_Term2\Project1\Code\Project-for-Work\data\images\natelockwood_twitter_2e5d9c6b.jpg,natelockwood,twitter,2026-01-12T01:17:25.841702
natemcgee_twitter_017c9e59,d:\66070260-Year3_Term2\Project1\Code\Project-for-Work\data\images\natemcgee_twitter_017c9e59.jpg,natemcgee,twitter,2026-01-12T01:17:25.910084
nathanpduffy_twitter_b3041101,d:\66070260-Year3_Term2\Project1\Code\Project-for-Work\data\images\nathanpduffy_twitter_b3041101.jpg,nathanpduffy,twitter,2026-01-12T01:17:25.973879
nathanwpace_twitter_7a38d61a,d:\66070260-Year3_Term2\Project1\Code\Project-for-Work\data\images\nathanwpace_twitter_7a38d61a.jpg,nathanwpace,twitter,2026-01-12T01:17:26.015859
natureboundafrica_twitter_da13ea2b,d:\66070260-Year3_Term2\Project1\Code\Project-for-Work\data\images\natureboundafrica_twitter_da13ea2b.jpg,natureboundafrica,twitter,2026-01-12T01:17:26.049632
naturesknockout_twitter_08031169,d:\66070260-Year3_Term2\Project1\Code\Project-for-Work\data\images\naturesknockout_twitter_08031169.jpg,naturesknockout,twitter,2026-01-12T01:17:26.091187
natyataniarza_twitter_4ea048c4,d:\66070260-Year3_Term2\Project1\Code\Project-for-Work\data\images\natyataniarza_twitter_4ea048c4.jpg,natyataniarza,twitter,2026-01-12T01:17:26.122528
naveenkonduri_twitter_8cfaa8a2,d:\66070260-Year3_Term2\Project1\Code\Project-for-Work\data\images\naveenkonduri_twitter_8cfaa8a2.jpg,naveenkonduri,twitter,2026-01-12T01:17:26.168483
negegabriel_twitter_dd7378e4,d:\66070260-Year3_Term2\Project1\Code\Project-for-Work\data\images\negegabriel_twitter_dd7378e4.jpg,negegabriel,twitter,2026-01-12T01:17:26.226847
neophillip_twitter_8ecf421f,d:\66070260-Year3_Term2\Project1\Code\Project-for-Work\data\images\neophillip_twitter_8ecf421f.jpg,neophillip,twitter,2026-01-12T01:17:26.271892
neotrix_twitter_510180a4,d:\66070260-Year3_Term2\Project1\Code\Project-for-Work\data\images\neotrix_twitter_510180a4.jpg,neotrix,twitter,2026-01-12T01:17:26.308899
nerebe_twitter_ea6e56cb,d:\66070260-Year3_Term2\Project1\Code\Project-for-Work\data\images\nerebe_twitter_ea6e56cb.jpg,nerebe,twitter,2026-01-12T01:17:26.361080
neridawalker_twitter_c6ef765f,d:\66070260-Year3_Term2\Project1\Code\Project-for-Work\data\images\neridawalker_twitter_c6ef765f.jpg,neridawalker,twitter,2026-01-12T01:17:26.408049
netpierre_twitter_d3fb517c,d:\66070260-Year3_Term2\Project1\Code\Project-for-Work\data\images\netpierre_twitter_d3fb517c.jpg,netpierre,twitter,2026-01-12T01:17:26.458194
nfremd_twitter_fb626c18,d:\66070260-Year3_Term2\Project1\Code\Project-for-Work\data\images\nfremd_twitter_fb626c18.jpg,nfremd,twitter,2026-01-12T01:17:26.511692
nicholaschen_twitter_f7797305,d:\66070260-Year3_Term2\Project1\Code\Project-for-Work\data\images\nicholaschen_twitter_f7797305.jpg,nicholaschen,twitter,2026-01-12T01:17:26.561317
niciacruz_twitter_1f4f6be4,d:\66070260-Year3_Term2\Project1\Code\Project-for-Work\data\images\niciacruz_twitter_1f4f6be4.jpg,niciacruz,twitter,2026-01-12T01:17:26.589689
nickbuttler_twitter_1113e8e1,d:\66070260-Year3_Term2\Project1\Code\Project-for-Work\data\images\nickbuttler_twitter_1113e8e1.jpg,nickbuttler,twitter,2026-01-12T01:17:26.628128
nickcusters_twitter_77bc3581,d:\66070260-Year3_Term2\Project1\Code\Project-for-Work\data\images\nickcusters_twitter_77bc3581.jpg,nickcusters,twitter,2026-01-12T01:17:26.645228
nickesteen_twitter_c844126d,d:\66070260-Year3_Term2\Project1\Code\Project-for-Work\data\images\nickesteen_twitter_c844126d.jpg,nickesteen,twitter,2026-01-12T01:17:26.676855
nickfrost_twitter_53ad8d68,d:\66070260-Year3_Term2\Project1\Code\Project-for-Work\data\images\nickfrost_twitter_53ad8d68.jpg,nickfrost,twitter,2026-01-12T01:17:26.722331
nickgaston_twitter_521e3e78,d:\66070260-Year3_Term2\Project1\Code\Project-for-Work\data\images\nickgaston_twitter_521e3e78.jpg,nickgaston,twitter,2026-01-12T01:17:26.752949
nickitens_twitter_0ae0f97d,d:\66070260-Year3_Term2\Project1\Code\Project-for-Work\data\images\nickitens_twitter_0ae0f97d.jpg,nickitens,twitter,2026-01-12T01:17:26.795395
nickjborelli_twitter_3faaa8de,d:\66070260-Year3_Term2\Project1\Code\Project-for-Work\data\images\nickjborelli_twitter_3faaa8de.jpg,nickjborelli,twitter,2026-01-12T01:17:26.812633
nicklove_twitter_e028cc24,d:\66070260-Year3_Term2\Project1\Code\Project-for-Work\data\images\nicklove_twitter_e028cc24.jpg,nicklove,twitter,2026-01-12T01:17:26.864186
nickstone_twitter_7644af68,d:\66070260-Year3_Term2\Project1\Code\Project-for-Work\data\images\nickstone_twitter_7644af68.jpg,nickstone,twitter,2026-01-12T01:17:26.900769
nicksturrock_twitter_85cfbcb0,d:\66070260-Year3_Term2\Project1\Code\Project-for-Work\data\images\nicksturrock_twitter_85cfbcb0.jpg,nicksturrock,twitter,2026-01-12T01:17:26.938171
nicogarassino_twitter_6bb0250d,d:\66070260-Year3_Term2\Project1\Code\Project-for-Work\data\images\nicogarassino_twitter_6bb0250d.jpg,nicogarassino,twitter,2026-01-12T01:17:26.977847
nicolalosito_twitter_272602d4,d:\66070260-Year3_Term2\Project1\Code\Project-for-Work\data\images\nicolalosito_twitter_272602d4.jpg,nicolalosito,twitter,2026-01-12T01:17:27.024041
nicolashayek_twitter_94b833ce,d:\66070260-Year3_Term2\Project1\Code\Project-for-Work\data\images\nicolashayek_twitter_94b833ce.jpg,nicolashayek,twitter,2026-01-12T01:17:27.062168
nicolatimmins_twitter_99d9a869,d:\66070260-Year3_Term2\Project1\Code\Project-for-Work\data\images\nicolatimmins_twitter_99d9a869.jpg,nicolatimmins,twitter,2026-01-12T01:17:27.090601
nicolejackson_twitter_4d8abc3d,d:\66070260-Year3_Term2\Project1\Code\Project-for-Work\data\images\nicolejackson_twitter_4d8abc3d.jpg,nicolejackson,twitter,2026-01-12T01:17:27.134436
nicolenobs_twitter_58c1224c,d:\66070260-Year3_Term2\Project1\Code\Project-for-Work\data\images\nicolenobs_twitter_58c1224c.jpg,nicolenobs,twitter,2026-01-12T01:17:27.180783
nicoletteorlemans_twitter_41c5a92f,d:\66070260-Year3_Term2\Project1\Code\Project-for-Work\data\images\nicoletteorlemans_twitter_41c5a92f.jpg,nicoletteorlemans,twitter,2026-01-12T01:17:27.221422
nictok_twitter_b9f6144c,d:\66070260-Year3_Term2\Project1\Code\Project-for-Work\data\images\nictok_twitter_b9f6144c.jpg,nictok,twitter,2026-01-12T01:17:27.252670
niiabbey_twitter_6cd12195,d:\66070260-Year3_Term2\Project1\Code\Project-for-Work\data\images\niiabbey_twitter_6cd12195.jpg,niiabbey,twitter,2026-01-12T01:17:27.276486
niisniis_twitter_50e5b3ae,d:\66070260-Year3_Term2\Project1\Code\Project-for-Work\data\images\niisniis_twitter_50e5b3ae.jpg,niisniis,twitter,2026-01-12T01:17:27.316038
ninjamama_twitter_6e497f15,d:\66070260-Year3_Term2\Project1\Code\Project-for-Work\data\images\ninjamama_twitter_6e497f15.jpg,ninjamama,twitter,2026-01-12T01:17:27.333227
nitastronauta_twitter_bea6c670,d:\66070260-Year3_Term2\Project1\Code\Project-for-Work\data\images\nitastronauta_twitter_bea6c670.jpg,nitastronauta,twitter,2026-01-12T01:17:27.364452
niuz_twitter_e3bf621f,d:\66070260-Year3_Term2\Project1\Code\Project-for-Work\data\images\niuz_twitter_e3bf621f.jpg,niuz,twitter,2026-01-12T01:17:27.399868
nob0322_twitter_099185b9,d:\66070260-Year3_Term2\Project1\Code\Project-for-Work\data\images\nob0322_twitter_099185b9.jpg,nob0322,twitter,2026-01-12T01:17:27.431580
nobiann_twitter_844d6b56,d:\66070260-Year3_Term2\Project1\Code\Project-for-Work\data\images\nobiann_twitter_844d6b56.jpg,nobiann,twitter,2026-01-12T01:17:27.471921
nohemimata_twitter_29bddcc7,d:\66070260-Year3_Term2\Project1\Code\Project-for-Work\data\images\nohemimata_twitter_29bddcc7.jpg,nohemimata,twitter,2026-01-12T01:17:27.513460
normiesd_twitter_1f4b7fe3,d:\66070260-Year3_Term2\Project1\Code\Project-for-Work\data\images\normiesd_twitter_1f4b7fe3.jpg,normiesd,twitter,2026-01-12T01:17:27.541174
nosepuedevlc_twitter_b4d4cf15,d:\66070260-Year3_Term2\Project1\Code\Project-for-Work\data\images\nosepuedevlc_twitter_b4d4cf15.jpg,nosepuedevlc,twitter,2026-01-12T01:17:27.567519
noslo_twitter_1d9fa785,d:\66070260-Year3_Term2\Project1\Code\Project-for-Work\data\images\noslo_twitter_1d9fa785.jpg,noslo,twitter,2026-01-12T01:17:27.594986
nrgiga_twitter_73aac26e,d:\66070260-Year3_Term2\Project1\Code\Project-for-Work\data\images\nrgiga_twitter_73aac26e.jpg,nrgiga,twitter,2026-01-12T01:17:27.624515
nuakin_twitter_91590daf,d:\66070260-Year3_Term2\Project1\Code\Project-for-Work\data\images\nuakin_twitter_91590daf.jpg,nuakin,twitter,2026-01-12T01:17:27.643981
nvarsos_twitter_0e605abd,d:\66070260-Year3_Term2\Project1\Code\Project-for-Work\data\images\nvarsos_twitter_0e605abd.jpg,nvarsos,twitter,2026-01-12T01:17:27.651729
nvrcrysplledmlk_twitter_fb2a3a50,d:\66070260-Year3_Term2\Project1\Code\Project-for-Work\data\images\nvrcrysplledmlk_twitter_fb2a3a50.jpg,nvrcrysplledmlk,twitter,2026-01-12T01:17:27.683904
nwinburn_twitter_a847b6d7,d:\66070260-Year3_Term2\Project1\Code\Project-for-Work\data\images\nwinburn_twitter_a847b6d7.jpg,nwinburn,twitter,2026-01-12T01:17:27.723405
nxhack_twitter_7508144f,d:\66070260-Year3_Term2\Project1\Code\Project-for-Work\data\images\nxhack_twitter_7508144f.jpg,nxhack,twitter,2026-01-12T01:17:27.765314
nyskye_twitter_5c6ce12e,d:\66070260-Year3_Term2\Project1\Code\Project-for-Work\data\images\nyskye_twitter_5c6ce12e.jpg,nyskye,twitter,2026-01-12T01:17:27.797965
nzeckner_twitter_b6eb2c3a,d:\66070260-Year3_Term2\Project1\Code\Project-for-Work\data\images\nzeckner_twitter_b6eb2c3a.jpg,nzeckner,twitter,2026-01-12T01:17:27.838798
obiwan_twitter_0100753a,d:\66070260-Year3_Term2\Project1\Code\Project-for-Work\data\images\obiwan_twitter_0100753a.jpg,obiwan,twitter,2026-01-12T01:17:27.881861
obstaclespecialist_twitter_07993d8c,d:\66070260-Year3_Term2\Project1\Code\Project-for-Work\data\images\obstaclespecialist_twitter_07993d8c.jpg,obstaclespecialist,twitter,2026-01-12T01:17:27.921546
octubrerojo72_twitter_090fe06c,d:\66070260-Year3_Term2\Project1\Code\Project-for-Work\data\images\octubrerojo72_twitter_090fe06c.jpg,octubrerojo72,twitter,2026-01-12T01:17:27.947049
odile_twitter_e3def1f6,d:\66070260-Year3_Term2\Project1\Code\Project-for-Work\data\images\odile_twitter_e3def1f6.jpg,odile,twitter,2026-01-12T01:17:27.959572
ogie_twitter_18d9e00a,d:\66070260-Year3_Term2\Project1\Code\Project-for-Work\data\images\ogie_twitter_18d9e00a.jpg,ogie,twitter,2026-01-12T01:17:27.984360
ohadbarda_twitter_0f323fff,d:\66070260-Year3_Term2\Project1\Code\Project-for-Work\data\images\ohadbarda_twitter_0f323fff.jpg,ohadbarda,twitter,2026-01-12T01:17:28.014340
ohme_twitter_896dae18,d:\66070260-Year3_Term2\Project1\Code\Project-for-Work\data\images\ohme_twitter_896dae18.jpg,ohme,twitter,2026-01-12T01:17:28.045458
ojdurham_twitter_b99bb2fa,d:\66070260-Year3_Term2\Project1\Code\Project-for-Work\data\images\ojdurham_twitter_b99bb2fa.jpg,ojdurham,twitter,2026-01-12T01:17:28.071273
oldolphin_twitter_926afa8a,d:\66070260-Year3_Term2\Project1\Code\Project-for-Work\data\images\oldolphin_twitter_926afa8a.jpg,oldolphin,twitter,2026-01-12T01:17:28.106385
oleandreas_twitter_a8bf98dc,d:\66070260-Year3_Term2\Project1\Code\Project-for-Work\data\images\oleandreas_twitter_a8bf98dc.jpg,oleandreas,twitter,2026-01-12T01:17:28.136164
olegwhite_twitter_5cb7feea,d:\66070260-Year3_Term2\Project1\Code\Project-for-Work\data\images\olegwhite_twitter_5cb7feea.jpg,olegwhite,twitter,2026-01-12T01:17:28.168640
oliviaduran_twitter_cf3e4230,d:\66070260-Year3_Term2\Project1\Code\Project-for-Work\data\images\oliviaduran_twitter_cf3e4230.jpg,oliviaduran,twitter,2026-01-12T01:17:28.200612
olivierbauermeister_twitter_a2a57162,d:\66070260-Year3_Term2\Project1\Code\Project-for-Work\data\images\olivierbauermeister_twitter_a2a57162.jpg,olivierbauermeister,twitter,2026-01-12T01:17:28.224132
olivierchapelle_twitter_751d043c,d:\66070260-Year3_Term2\Project1\Code\Project-for-Work\data\images\olivierchapelle_twitter_751d043c.jpg,olivierchapelle,twitter,2026-01-12T01:17:28.261143
oliviertripet_twitter_a0e342ee,d:\66070260-Year3_Term2\Project1\Code\Project-for-Work\data\images\oliviertripet_twitter_a0e342ee.jpg,oliviertripet,twitter,2026-01-12T01:17:28.299406
omaralamoudi_twitter_190af9a8,d:\66070260-Year3_Term2\Project1\Code\Project-for-Work\data\images\omaralamoudi_twitter_190af9a8.jpg,omaralamoudi,twitter,2026-01-12T01:17:28.333628
omarc_twitter_5162d916,d:\66070260-Year3_Term2\Project1\Code\Project-for-Work\data\images\omarc_twitter_5162d916.jpg,omarc,twitter,2026-01-12T01:17:28.380955
omerabdellatif_twitter_30c5f722,d:\66070260-Year3_Term2\Project1\Code\Project-for-Work\data\images\omerabdellatif_twitter_30c5f722.jpg,omerabdellatif,twitter,2026-01-12T01:17:28.416069
omorgan_twitter_319c2b09,d:\66070260-Year3_Term2\Project1\Code\Project-for-Work\data\images\omorgan_twitter_319c2b09.jpg,omorgan,twitter,2026-01-12T01:17:28.451317
ongzb_twitter_5bd71b79,d:\66070260-Year3_Term2\Project1\Code\Project-for-Work\data\images\ongzb_twitter_5bd71b79.jpg,ongzb,twitter,2026-01-12T01:17:28.482871
onuruzunismail_twitter_d269690b,d:\66070260-Year3_Term2\Project1\Code\Project-for-Work\data\images\onuruzunismail_twitter_d269690b.jpg,onuruzunismail,twitter,2026-01-12T01:17:28.520656
opsigno_twitter_a2aa9076,d:\66070260-Year3_Term2\Project1\Code\Project-for-Work\data\images\opsigno_twitter_a2aa9076.jpg,opsigno,twitter,2026-01-12T01:17:28.546081
optikalefx_twitter_c1cbd22a,d:\66070260-Year3_Term2\Project1\Code\Project-for-Work\data\images\optikalefx_twitter_c1cbd22a.jpg,optikalefx,twitter,2026-01-12T01:17:28.583387
optimusdag_twitter_4d51b84a,d:\66070260-Year3_Term2\Project1\Code\Project-for-Work\data\images\optimusdag_twitter_4d51b84a.jpg,optimusdag,twitter,2026-01-12T01:17:28.619855
oracio_twitter_fafbad18,d:\66070260-Year3_Term2\Project1\Code\Project-for-Work\data\images\oracio_twitter_fafbad18.jpg,oracio,twitter,2026-01-12T01:17:28.664720
oscarray_twitter_b05e106f,d:\66070260-Year3_Term2\Project1\Code\Project-for-Work\data\images\oscarray_twitter_b05e106f.jpg,oscarray,twitter,2026-01-12T01:17:28.698976
oscarsantamaria_twitter_5884d142,d:\66070260-Year3_Term2\Project1\Code\Project-for-Work\data\images\oscarsantamaria_twitter_5884d142.jpg,oscarsantamaria,twitter,2026-01-12T01:17:28.745074
oscarsvq_twitter_87eb9830,d:\66070260-Year3_Term2\Project1\Code\Project-for-Work\data\images\oscarsvq_twitter_87eb9830.jpg,oscarsvq,twitter,2026-01-12T01:17:28.782900
osmanaymelek_twitter_4832dc23,d:\66070260-Year3_Term2\Project1\Code\Project-for-Work\data\images\osmanaymelek_twitter_4832dc23.jpg,osmanaymelek,twitter,2026-01-12T01:17:28.823812
oticasparis_twitter_67aa1bb4,d:\66070260-Year3_Term2\Project1\Code\Project-for-Work\data\images\oticasparis_twitter_67aa1bb4.jpg,oticasparis,twitter,2026-01-12T01:17:28.838401
otir_twitter_61b691c4,d:\66070260-Year3_Term2\Project1\Code\Project-for-Work\data\images\otir_twitter_61b691c4.jpg,otir,twitter,2026-01-12T01:17:28.860967
otterfreak_twitter_68645688,d:\66070260-Year3_Term2\Project1\Code\Project-for-Work\data\images\otterfreak_twitter_68645688.jpg,otterfreak,twitter,2026-01-12T01:17:28.899304
oulmidianas_twitter_c4dc2587,d:\66070260-Year3_Term2\Project1\Code\Project-for-Work\data\images\oulmidianas_twitter_c4dc2587.jpg,oulmidianas,twitter,2026-01-12T01:17:28.939254
outfoxer_twitter_9eae65e3,d:\66070260-Year3_Term2\Project1\Code\Project-for-Work\data\images\outfoxer_twitter_9eae65e3.jpg,outfoxer,twitter,2026-01-12T01:17:28.969373
owenye_twitter_afc62ee7,d:\66070260-Year3_Term2\Project1\Code\Project-for-Work\data\images\owenye_twitter_afc62ee7.jpg,owenye,twitter,2026-01-12T01:17:29.003899
oyvind_twitter_50d4fd1a,d:\66070260-Year3_Term2\Project1\Code\Project-for-Work\data\images\oyvind_twitter_50d4fd1a.jpg,oyvind,twitter,2026-01-12T01:17:29.040340
ozamodaz_twitter_a4f52b7b,d:\66070260-Year3_Term2\Project1\Code\Project-for-Work\data\images\ozamodaz_twitter_a4f52b7b.jpg,ozamodaz,twitter,2026-01-12T01:17:29.091581
ozcanozgur_twitter_d24fbe70,d:\66070260-Year3_Term2\Project1\Code\Project-for-Work\data\images\ozcanozgur_twitter_d24fbe70.jpg,ozcanozgur,twitter,2026-01-12T01:17:29.114884
pablomartino_twitter_40867ce9,d:\66070260-Year3_Term2\Project1\Code\Project-for-Work\data\images\pablomartino_twitter_40867ce9.jpg,pablomartino,twitter,2026-01-12T01:17:29.154838
pabloxcl_twitter_6cd7d5f8,d:\66070260-Year3_Term2\Project1\Code\Project-for-Work\data\images\pabloxcl_twitter_6cd7d5f8.jpg,pabloxcl,twitter,2026-01-12T01:17:29.173026
pacobarranco_twitter_a3df4a4c,d:\66070260-Year3_Term2\Project1\Code\Project-for-Work\data\images\pacobarranco_twitter_a3df4a4c.jpg,pacobarranco,twitter,2026-01-12T01:17:29.217816
pampiiranzo_twitter_74d100d0,d:\66070260-Year3_Term2\Project1\Code\Project-for-Work\data\images\pampiiranzo_twitter_74d100d0.jpg,pampiiranzo,twitter,2026-01-12T01:17:29.249494
pandafoodie_twitter_9430c1e4,d:\66070260-Year3_Term2\Project1\Code\Project-for-Work\data\images\pandafoodie_twitter_9430c1e4.jpg,pandafoodie,twitter,2026-01-12T01:17:29.283796
panjim_twitter_c057abb0,d:\66070260-Year3_Term2\Project1\Code\Project-for-Work\data\images\panjim_twitter_c057abb0.jpg,panjim,twitter,2026-01-12T01:17:29.332028
paolaroldan_twitter_1c0c06bf,d:\66070260-Year3_Term2\Project1\Code\Project-for-Work\data\images\paolaroldan_twitter_1c0c06bf.jpg,paolaroldan,twitter,2026-01-12T01:17:29.368740
paolofrancescosita_twitter_744f162a,d:\66070260-Year3_Term2\Project1\Code\Project-for-Work\data\images\paolofrancescosita_twitter_744f162a.jpg,paolofrancescosita,twitter,2026-01-12T01:17:29.422503
paondart_twitter_30da7c2d,d:\66070260-Year3_Term2\Project1\Code\Project-for-Work\data\images\paondart_twitter_30da7c2d.jpg,paondart,twitter,2026-01-12T01:17:29.448833
papatyakaradede_twitter_041b506d,d:\66070260-Year3_Term2\Project1\Code\Project-for-Work\data\images\papatyakaradede_twitter_041b506d.jpg,papatyakaradede,twitter,2026-01-12T01:17:29.488329
paramoreuruguay_twitter_e064f1d5,d:\66070260-Year3_Term2\Project1\Code\Project-for-Work\data\images\paramoreuruguay_twitter_e064f1d5.jpg,paramoreuruguay,twitter,2026-01-12T01:17:29.521024
parhamb_twitter_a1ad179d,d:\66070260-Year3_Term2\Project1\Code\Project-for-Work\data\images\parhamb_twitter_a1ad179d.jpg,parhamb,twitter,2026-01-12T01:17:29.567116
pasqualeparisi_twitter_ad93902f,d:\66070260-Year3_Term2\Project1\Code\Project-for-Work\data\images\pasqualeparisi_twitter_ad93902f.jpg,pasqualeparisi,twitter,2026-01-12T01:17:29.599454
patmulles_twitter_d4a45cc4,d:\66070260-Year3_Term2\Project1\Code\Project-for-Work\data\images\patmulles_twitter_d4a45cc4.jpg,patmulles,twitter,2026-01-12T01:17:29.638879
patriciadiez_twitter_01b0a2b9,d:\66070260-Year3_Term2\Project1\Code\Project-for-Work\data\images\patriciadiez_twitter_01b0a2b9.jpg,patriciadiez,twitter,2026-01-12T01:17:29.671044
patriciascholz_twitter_972eac4b,d:\66070260-Year3_Term2\Project1\Code\Project-for-Work\data\images\patriciascholz_twitter_972eac4b.jpg,patriciascholz,twitter,2026-01-12T01:17:29.717322
patriciawensch_twitter_ecf14e36,d:\66070260-Year3_Term2\Project1\Code\Project-for-Work\data\images\patriciawensch_twitter_ecf14e36.jpg,patriciawensch,twitter,2026-01-12T01:17:29.769609
patricklarranaga_twitter_fc094825,d:\66070260-Year3_Term2\Project1\Code\Project-for-Work\data\images\patricklarranaga_twitter_fc094825.jpg,patricklarranaga,twitter,2026-01-12T01:17:29.801248
patrickrousseau_twitter_a42b1111,d:\66070260-Year3_Term2\Project1\Code\Project-for-Work\data\images\patrickrousseau_twitter_a42b1111.jpg,patrickrousseau,twitter,2026-01-12T01:17:29.841387
patrickthoffman_twitter_f8ed4a30,d:\66070260-Year3_Term2\Project1\Code\Project-for-Work\data\images\patrickthoffman_twitter_f8ed4a30.jpg,patrickthoffman,twitter,2026-01-12T01:17:29.885557
patricktigue_twitter_42e7edc8,d:\66070260-Year3_Term2\Project1\Code\Project-for-Work\data\images\patricktigue_twitter_42e7edc8.jpg,patricktigue,twitter,2026-01-12T01:17:29.913014
patrizio_twitter_340142a8,d:\66070260-Year3_Term2\Project1\Code\Project-for-Work\data\images\patrizio_twitter_340142a8.jpg,patrizio,twitter,2026-01-12T01:17:29.936221
patton_twitter_ea7a0520,d:\66070260-Year3_Term2\Project1\Code\Project-for-Work\data\images\patton_twitter_ea7a0520.jpg,patton,twitter,2026-01-12T01:17:29.967790
paulamaarisa_twitter_41d9a486,d:\66070260-Year3_Term2\Project1\Code\Project-for-Work\data\images\paulamaarisa_twitter_41d9a486.jpg,paulamaarisa,twitter,2026-01-12T01:17:30.008335
paulasimoes_twitter_4ddd4af5,d:\66070260-Year3_Term2\Project1\Code\Project-for-Work\data\images\paulasimoes_twitter_4ddd4af5.jpg,paulasimoes,twitter,2026-01-12T01:17:30.043987
paulatinocotrindade_twitter_04ce9d84,d:\66070260-Year3_Term2\Project1\Code\Project-for-Work\data\images\paulatinocotrindade_twitter_04ce9d84.jpg,paulatinocotrindade,twitter,2026-01-12T01:17:30.086669
paulbekkum_twitter_bacfaae6,d:\66070260-Year3_Term2\Project1\Code\Project-for-Work\data\images\paulbekkum_twitter_bacfaae6.jpg,paulbekkum,twitter,2026-01-12T01:17:30.120274
paulcripps_twitter_5794f3d8,d:\66070260-Year3_Term2\Project1\Code\Project-for-Work\data\images\paulcripps_twitter_5794f3d8.jpg,paulcripps,twitter,2026-01-12T01:17:30.150634
paulerland_twitter_c5dbde39,d:\66070260-Year3_Term2\Project1\Code\Project-for-Work\data\images\paulerland_twitter_c5dbde39.jpg,paulerland,twitter,2026-01-12T01:17:30.190425
paulgallagher_twitter_670ebb2f,d:\66070260-Year3_Term2\Project1\Code\Project-for-Work\data\images\paulgallagher_twitter_670ebb2f.jpg,paulgallagher,twitter,2026-01-12T01:17:30.217290
paulinasalazar_twitter_cd7c1d40,d:\66070260-Year3_Term2\Project1\Code\Project-for-Work\data\images\paulinasalazar_twitter_cd7c1d40.jpg,paulinasalazar,twitter,2026-01-12T01:17:30.252729
pauloschiavon_twitter_46bb3976,d:\66070260-Year3_Term2\Project1\Code\Project-for-Work\data\images\pauloschiavon_twitter_46bb3976.jpg,pauloschiavon,twitter,2026-01-12T01:17:30.287623
paulpereira_twitter_d58963b1,d:\66070260-Year3_Term2\Project1\Code\Project-for-Work\data\images\paulpereira_twitter_d58963b1.jpg,paulpereira,twitter,2026-01-12T01:17:30.315195
paulseele_twitter_d30ba527,d:\66070260-Year3_Term2\Project1\Code\Project-for-Work\data\images\paulseele_twitter_d30ba527.jpg,paulseele,twitter,2026-01-12T01:17:30.332833
paulsloan_twitter_86a09762,d:\66070260-Year3_Term2\Project1\Code\Project-for-Work\data\images\paulsloan_twitter_86a09762.jpg,paulsloan,twitter,2026-01-12T01:17:30.378558
paulstickland_twitter_062ca3e5,d:\66070260-Year3_Term2\Project1\Code\Project-for-Work\data\images\paulstickland_twitter_062ca3e5.jpg,paulstickland,twitter,2026-01-12T01:17:30.435042
pavelrakusan_twitter_fef0d880,d:\66070260-Year3_Term2\Project1\Code\Project-for-Work\data\images\pavelrakusan_twitter_fef0d880.jpg,pavelrakusan,twitter,2026-01-12T01:17:30.457489
pavelsmirnov_twitter_57ec179a,d:\66070260-Year3_Term2\Project1\Code\Project-for-Work\data\images\pavelsmirnov_twitter_57ec179a.jpg,pavelsmirnov,twitter,2026-01-12T01:17:30.501679
pavelvassiljev_twitter_343f30c9,d:\66070260-Year3_Term2\Project1\Code\Project-for-Work\data\images\pavelvassiljev_twitter_343f30c9.jpg,pavelvassiljev,twitter,2026-01-12T01:17:30.551457
pbrady_twitter_0bf822a0,d:\66070260-Year3_Term2\Project1\Code\Project-for-Work\data\images\pbrady_twitter_0bf822a0.jpg,pbrady,twitter,2026-01-12T01:17:30.578959
pbuyle_twitter_499c6692,d:\66070260-Year3_Term2\Project1\Code\Project-for-Work\data\images\pbuyle_twitter_499c6692.jpg,pbuyle,twitter,2026-01-12T01:17:30.594018
pcmello_twitter_4a25506e,d:\66070260-Year3_Term2\Project1\Code\Project-for-Work\data\images\pcmello_twitter_4a25506e.jpg,pcmello,twitter,2026-01-12T01:17:30.626641
pcrampton_twitter_9b7dbd3b,d:\66070260-Year3_Term2\Project1\Code\Project-for-Work\data\images\pcrampton_twitter_9b7dbd3b.jpg,pcrampton,twitter,2026-01-12T01:17:30.651795
pedrocaeiros_twitter_bac8f149,d:\66070260-Year3_Term2\Project1\Code\Project-for-Work\data\images\pedrocaeiros_twitter_bac8f149.jpg,pedrocaeiros,twitter,2026-01-12T01:17:30.682602
pedromolleda_twitter_eb253160,d:\66070260-Year3_Term2\Project1\Code\Project-for-Work\data\images\pedromolleda_twitter_eb253160.jpg,pedromolleda,twitter,2026-01-12T01:17:30.728749
pedroparraguez_twitter_ae4cfb25,d:\66070260-Year3_Term2\Project1\Code\Project-for-Work\data\images\pedroparraguez_twitter_ae4cfb25.jpg,pedroparraguez,twitter,2026-01-12T01:17:30.768063
pedrsn_twitter_2e952ad9,d:\66070260-Year3_Term2\Project1\Code\Project-for-Work\data\images\pedrsn_twitter_2e952ad9.jpg,pedrsn,twitter,2026-01-12T01:17:30.782064
peggynairn_twitter_44397252,d:\66070260-Year3_Term2\Project1\Code\Project-for-Work\data\images\peggynairn_twitter_44397252.jpg,peggynairn,twitter,2026-01-12T01:17:30.851733
pellenordin_twitter_1e4fa35d,d:\66070260-Year3_Term2\Project1\Code\Project-for-Work\data\images\pellenordin_twitter_1e4fa35d.jpg,pellenordin,twitter,2026-01-12T01:17:30.893558
pena_twitter_a5fa2e7d,d:\66070260-Year3_Term2\Project1\Code\Project-for-Work\data\images\pena_twitter_a5fa2e7d.jpg,pena,twitter,2026-01-12T01:17:30.925850
pennycheng_twitter_85cb7a5c,d:\66070260-Year3_Term2\Project1\Code\Project-for-Work\data\images\pennycheng_twitter_85cb7a5c.jpg,pennycheng,twitter,2026-01-12T01:17:30.963186
peregeis_twitter_ceadc8e4,d:\66070260-Year3_Term2\Project1\Code\Project-for-Work\data\images\peregeis_twitter_ceadc8e4.jpg,peregeis,twitter,2026-01-12T01:17:30.991691
perolofarnas_twitter_b60b7c47,d:\66070260-Year3_Term2\Project1\Code\Project-for-Work\data\images\perolofarnas_twitter_b60b7c47.jpg,perolofarnas,twitter,2026-01-12T01:17:31.016202
perzennstrom_twitter_000e70b3,d:\66070260-Year3_Term2\Project1\Code\Project-for-Work\data\images\perzennstrom_twitter_000e70b3.jpg,perzennstrom,twitter,2026-01-12T01:17:31.045306
petehill_twitter_922d157d,d:\66070260-Year3_Term2\Project1\Code\Project-for-Work\data\images\petehill_twitter_922d157d.jpg,petehill,twitter,2026-01-12T01:17:31.092640
petergiordano_twitter_a2982e07,d:\66070260-Year3_Term2\Project1\Code\Project-for-Work\data\images\petergiordano_twitter_a2982e07.jpg,petergiordano,twitter,2026-01-12T01:17:31.113356
peterkapakos_twitter_1423e9f1,d:\66070260-Year3_Term2\Project1\Code\Project-for-Work\data\images\peterkapakos_twitter_1423e9f1.jpg,peterkapakos,twitter,2026-01-12T01:17:31.139861
peterkornaat_twitter_2e55cff2,d:\66070260-Year3_Term2\Project1\Code\Project-for-Work\data\images\peterkornaat_twitter_2e55cff2.jpg,peterkornaat,twitter,2026-01-12T01:17:31.185699
peterlombard_twitter_89af999e,d:\66070260-Year3_Term2\Project1\Code\Project-for-Work\data\images\peterlombard_twitter_89af999e.jpg,peterlombard,twitter,2026-01-12T01:17:31.226175
petermonbailleu_twitter_ebb3490d,d:\66070260-Year3_Term2\Project1\Code\Project-for-Work\data\images\petermonbailleu_twitter_ebb3490d.jpg,petermonbailleu,twitter,2026-01-12T01:17:31.264009
peterplaatsman_twitter_14c6c883,d:\66070260-Year3_Term2\Project1\Code\Project-for-Work\data\images\peterplaatsman_twitter_14c6c883.jpg,peterplaatsman,twitter,2026-01-12T01:17:31.296848
peterwells_twitter_3355108a,d:\66070260-Year3_Term2\Project1\Code\Project-for-Work\data\images\peterwells_twitter_3355108a.jpg,peterwells,twitter,2026-01-12T01:17:31.320767
peteste_twitter_78a2fcd7,d:\66070260-Year3_Term2\Project1\Code\Project-for-Work\data\images\peteste_twitter_78a2fcd7.jpg,peteste,twitter,2026-01-12T01:17:31.361742
petevyler_twitter_bf51893a,d:\66070260-Year3_Term2\Project1\Code\Project-for-Work\data\images\petevyler_twitter_bf51893a.jpg,petevyler,twitter,2026-01-12T01:17:31.401235
pfiel_twitter_d13649b4,d:\66070260-Year3_Term2\Project1\Code\Project-for-Work\data\images\pfiel_twitter_d13649b4.jpg,pfiel,twitter,2026-01-12T01:17:31.439283
pfrias_twitter_56b51137,d:\66070260-Year3_Term2\Project1\Code\Project-for-Work\data\images\pfrias_twitter_56b51137.jpg,pfrias,twitter,2026-01-12T01:17:31.477409
pgerngross_twitter_2d87bfaa,d:\66070260-Year3_Term2\Project1\Code\Project-for-Work\data\images\pgerngross_twitter_2d87bfaa.jpg,pgerngross,twitter,2026-01-12T01:17:31.513814
phi303_twitter_9b4ef46a,d:\66070260-Year3_Term2\Project1\Code\Project-for-Work\data\images\phi303_twitter_9b4ef46a.jpg,phi303,twitter,2026-01-12T01:17:31.555512
philackley_twitter_db6abab9,d:\66070260-Year3_Term2\Project1\Code\Project-for-Work\data\images\philackley_twitter_db6abab9.jpg,philackley,twitter,2026-01-12T01:17:31.578959
phoenixartistry_twitter_e84ef013,d:\66070260-Year3_Term2\Project1\Code\Project-for-Work\data\images\phoenixartistry_twitter_e84ef013.jpg,phoenixartistry,twitter,2026-01-12T01:17:31.611924
photoblogger_twitter_72c3f38f,d:\66070260-Year3_Term2\Project1\Code\Project-for-Work\data\images\photoblogger_twitter_72c3f38f.jpg,photoblogger,twitter,2026-01-12T01:17:31.635891
photographybypixie_twitter_9f55d7ac,d:\66070260-Year3_Term2\Project1\Code\Project-for-Work\data\images\photographybypixie_twitter_9f55d7ac.jpg,photographybypixie,twitter,2026-01-12T01:17:31.689818
photosoldier860_twitter_a0952e14,d:\66070260-Year3_Term2\Project1\Code\Project-for-Work\data\images\photosoldier860_twitter_a0952e14.jpg,photosoldier860,twitter,2026-01-12T01:17:31.722355
phuzylogik_twitter_88ccdadf,d:\66070260-Year3_Term2\Project1\Code\Project-for-Work\data\images\phuzylogik_twitter_88ccdadf.jpg,phuzylogik,twitter,2026-01-12T01:17:31.758549
pierreedouardschmitt_twitter_049e6b75,d:\66070260-Year3_Term2\Project1\Code\Project-for-Work\data\images\pierreedouardschmitt_twitter_049e6b75.jpg,pierreedouardschmitt,twitter,2026-01-12T01:17:31.792466
pinkcakebox_twitter_f89298d8,d:\66070260-Year3_Term2\Project1\Code\Project-for-Work\data\images\pinkcakebox_twitter_f89298d8.jpg,pinkcakebox,twitter,2026-01-12T01:17:31.852572
pinkuneko_twitter_08f2e588,d:\66070260-Year3_Term2\Project1\Code\Project-for-Work\data\images\pinkuneko_twitter_08f2e588.jpg,pinkuneko,twitter,2026-01-12T01:17:31.894455
pjbeyer_twitter_e624f6d2,d:\66070260-Year3_Term2\Project1\Code\Project-for-Work\data\images\pjbeyer_twitter_e624f6d2.jpg,pjbeyer,twitter,2026-01-12T01:17:31.932423
plastikstuhl_twitter_66c575dd,d:\66070260-Year3_Term2\Project1\Code\Project-for-Work\data\images\plastikstuhl_twitter_66c575dd.jpg,plastikstuhl,twitter,2026-01-12T01:17:31.969044
platinumvoicepr_twitter_3cbfdb4c,d:\66070260-Year3_Term2\Project1\Code\Project-for-Work\data\images\platinumvoicepr_twitter_3cbfdb4c.jpg,platinumvoicepr,twitter,2026-01-12T01:17:32.009800
pmilleredu_twitter_e938cfb7,d:\66070260-Year3_Term2\Project1\Code\Project-for-Work\data\images\pmilleredu_twitter_e938cfb7.jpg,pmilleredu,twitter,2026-01-12T01:17:32.043614
pmoa_twitter_76242946,d:\66070260-Year3_Term2\Project1\Code\Project-for-Work\data\images\pmoa_twitter_76242946.jpg,pmoa,twitter,2026-01-12T01:17:32.080972
poetyca_twitter_cae2d8d4,d:\66070260-Year3_Term2\Project1\Code\Project-for-Work\data\images\poetyca_twitter_cae2d8d4.jpg,poetyca,twitter,2026-01-12T01:17:32.090840
pokipsie_twitter_e12411bd,d:\66070260-Year3_Term2\Project1\Code\Project-for-Work\data\images\pokipsie_twitter_e12411bd.jpg,pokipsie,twitter,2026-01-12T01:17:32.136985
pon_twitter_dba18bbf,d:\66070260-Year3_Term2\Project1\Code\Project-for-Work\data\images\pon_twitter_dba18bbf.jpg,pon,twitter,2026-01-12T01:17:32.182624
poohkohawaii_twitter_ca6269be,d:\66070260-Year3_Term2\Project1\Code\Project-for-Work\data\images\poohkohawaii_twitter_ca6269be.jpg,poohkohawaii,twitter,2026-01-12T01:17:32.210706
pqhoang_twitter_73f81056,d:\66070260-Year3_Term2\Project1\Code\Project-for-Work\data\images\pqhoang_twitter_73f81056.jpg,pqhoang,twitter,2026-01-12T01:17:32.250768
pressnet_twitter_867a1654,d:\66070260-Year3_Term2\Project1\Code\Project-for-Work\data\images\pressnet_twitter_867a1654.jpg,pressnet,twitter,2026-01-12T01:17:32.283702
prestonpardy_twitter_a3c0791b,d:\66070260-Year3_Term2\Project1\Code\Project-for-Work\data\images\prestonpardy_twitter_a3c0791b.jpg,prestonpardy,twitter,2026-01-12T01:17:32.326488
prettypinkponies_twitter_72ad8af8,d:\66070260-Year3_Term2\Project1\Code\Project-for-Work\data\images\prettypinkponies_twitter_72ad8af8.jpg,prettypinkponies,twitter,2026-01-12T01:17:32.350423
prissajean_twitter_5fd73307,d:\66070260-Year3_Term2\Project1\Code\Project-for-Work\data\images\prissajean_twitter_5fd73307.jpg,prissajean,twitter,2026-01-12T01:17:32.382116
producimosideas_twitter_212ddf3b,d:\66070260-Year3_Term2\Project1\Code\Project-for-Work\data\images\producimosideas_twitter_212ddf3b.jpg,producimosideas,twitter,2026-01-12T01:17:32.407015
pugin_twitter_5b43b36d,d:\66070260-Year3_Term2\Project1\Code\Project-for-Work\data\images\pugin_twitter_5b43b36d.jpg,pugin,twitter,2026-01-12T01:17:32.444352
punzoo_twitter_f3fbff89,d:\66070260-Year3_Term2\Project1\Code\Project-for-Work\data\images\punzoo_twitter_f3fbff89.jpg,punzoo,twitter,2026-01-12T01:17:32.489477
purinek2_twitter_08993a51,d:\66070260-Year3_Term2\Project1\Code\Project-for-Work\data\images\purinek2_twitter_08993a51.jpg,purinek2,twitter,2026-01-12T01:17:32.527005
putuebo_twitter_60c06ca6,d:\66070260-Year3_Term2\Project1\Code\Project-for-Work\data\images\putuebo_twitter_60c06ca6.jpg,putuebo,twitter,2026-01-12T01:17:32.556580
queenesther_twitter_fc161a71,d:\66070260-Year3_Term2\Project1\Code\Project-for-Work\data\images\queenesther_twitter_fc161a71.jpg,queenesther,twitter,2026-01-12T01:17:32.569708
r3d_twitter_4f8f6293,d:\66070260-Year3_Term2\Project1\Code\Project-for-Work\data\images\r3d_twitter_4f8f6293.jpg,r3d,twitter,2026-01-12T01:17:32.583250
raccettura_twitter_03b8e3be,d:\66070260-Year3_Term2\Project1\Code\Project-for-Work\data\images\raccettura_twitter_03b8e3be.jpg,raccettura,twitter,2026-01-12T01:17:32.620846
rachaelbeauty_twitter_a98f4199,d:\66070260-Year3_Term2\Project1\Code\Project-for-Work\data\images\rachaelbeauty_twitter_a98f4199.jpg,rachaelbeauty,twitter,2026-01-12T01:17:32.653982
rachelrvincent_twitter_ad04c43a,d:\66070260-Year3_Term2\Project1\Code\Project-for-Work\data\images\rachelrvincent_twitter_ad04c43a.jpg,rachelrvincent,twitter,2026-01-12T01:17:32.696301
rachelzevita_twitter_5a009021,d:\66070260-Year3_Term2\Project1\Code\Project-for-Work\data\images\rachelzevita_twitter_5a009021.jpg,rachelzevita,twitter,2026-01-12T01:17:32.724964
radiomann1_twitter_2b83014d,d:\66070260-Year3_Term2\Project1\Code\Project-for-Work\data\images\radiomann1_twitter_2b83014d.jpg,radiomann1,twitter,2026-01-12T01:17:32.759572
rafacama_twitter_89aa43d7,d:\66070260-Year3_Term2\Project1\Code\Project-for-Work\data\images\rafacama_twitter_89aa43d7.jpg,rafacama,twitter,2026-01-12T01:17:32.805309
rafaelbustamante_twitter_9536a06a,d:\66070260-Year3_Term2\Project1\Code\Project-for-Work\data\images\rafaelbustamante_twitter_9536a06a.jpg,rafaelbustamante,twitter,2026-01-12T01:17:32.848976
rafaelochoa_twitter_3b3d8300,d:\66070260-Year3_Term2\Project1\Code\Project-for-Work\data\images\rafaelochoa_twitter_3b3d8300.jpg,rafaelochoa,twitter,2026-01-12T01:17:32.877656
rahmatmh_twitter_c5ad04db,d:\66070260-Year3_Term2\Project1\Code\Project-for-Work\data\images\rahmatmh_twitter_c5ad04db.jpg,rahmatmh,twitter,2026-01-12T01:17:32.923823
rahsheen_twitter_caa200c8,d:\66070260-Year3_Term2\Project1\Code\Project-for-Work\data\images\rahsheen_twitter_caa200c8.jpg,rahsheen,twitter,2026-01-12T01:17:32.972698
ralphdepagter_twitter_f73f25ff,d:\66070260-Year3_Term2\Project1\Code\Project-for-Work\data\images\ralphdepagter_twitter_f73f25ff.jpg,ralphdepagter,twitter,2026-01-12T01:17:33.009588
ramizahrahman_twitter_43ee1c14,d:\66070260-Year3_Term2\Project1\Code\Project-for-Work\data\images\ramizahrahman_twitter_43ee1c14.jpg,ramizahrahman,twitter,2026-01-12T01:17:33.043167
randomandodd_twitter_458aedd9,d:\66070260-Year3_Term2\Project1\Code\Project-for-Work\data\images\randomandodd_twitter_458aedd9.jpg,randomandodd,twitter,2026-01-12T01:17:33.090990
randyrichter_twitter_dbfaeb22,d:\66070260-Year3_Term2\Project1\Code\Project-for-Work\data\images\randyrichter_twitter_dbfaeb22.jpg,randyrichter,twitter,2026-01-12T01:17:33.096633
ranjiththomas_twitter_230780f5,d:\66070260-Year3_Term2\Project1\Code\Project-for-Work\data\images\ranjiththomas_twitter_230780f5.jpg,ranjiththomas,twitter,2026-01-12T01:17:33.142070
rappler_twitter_53cb9f7c,d:\66070260-Year3_Term2\Project1\Code\Project-for-Work\data\images\rappler_twitter_53cb9f7c.jpg,rappler,twitter,2026-01-12T01:17:33.168061
rappscott_twitter_bbed4b67,d:\66070260-Year3_Term2\Project1\Code\Project-for-Work\data\images\rappscott_twitter_bbed4b67.jpg,rappscott,twitter,2026-01-12T01:17:33.215013
raquelsotollacer_twitter_12199d1e,d:\66070260-Year3_Term2\Project1\Code\Project-for-Work\data\images\raquelsotollacer_twitter_12199d1e.jpg,raquelsotollacer,twitter,2026-01-12T01:17:33.230567
raquelvillarreal_twitter_46100a2f,d:\66070260-Year3_Term2\Project1\Code\Project-for-Work\data\images\raquelvillarreal_twitter_46100a2f.jpg,raquelvillarreal,twitter,2026-01-12T01:17:33.255552
raulk_twitter_b2e1fb92,d:\66070260-Year3_Term2\Project1\Code\Project-for-Work\data\images\raulk_twitter_b2e1fb92.jpg,raulk,twitter,2026-01-12T01:17:33.293315
ravenlynch_twitter_833f63c6,d:\66070260-Year3_Term2\Project1\Code\Project-for-Work\data\images\ravenlynch_twitter_833f63c6.jpg,ravenlynch,twitter,2026-01-12T01:17:33.333072
ravidor_twitter_f1297781,d:\66070260-Year3_Term2\Project1\Code\Project-for-Work\data\images\ravidor_twitter_f1297781.jpg,ravidor,twitter,2026-01-12T01:17:33.380316
ravimohan2_twitter_4e907de9,d:\66070260-Year3_Term2\Project1\Code\Project-for-Work\data\images\ravimohan2_twitter_4e907de9.jpg,ravimohan2,twitter,2026-01-12T01:17:33.430762
raychang_twitter_246877b6,d:\66070260-Year3_Term2\Project1\Code\Project-for-Work\data\images\raychang_twitter_246877b6.jpg,raychang,twitter,2026-01-12T01:17:33.469601
rayhowe_twitter_15fd19b5,d:\66070260-Year3_Term2\Project1\Code\Project-for-Work\data\images\rayhowe_twitter_15fd19b5.jpg,rayhowe,twitter,2026-01-12T01:17:33.514176
raymondwyu_twitter_a9a6a921,d:\66070260-Year3_Term2\Project1\Code\Project-for-Work\data\images\raymondwyu_twitter_a9a6a921.jpg,raymondwyu,twitter,2026-01-12T01:17:33.548392
razshafer_twitter_510c575f,d:\66070260-Year3_Term2\Project1\Code\Project-for-Work\data\images\razshafer_twitter_510c575f.jpg,razshafer,twitter,2026-01-12T01:17:33.590158
rbanffy_twitter_4ded632f,d:\66070260-Year3_Term2\Project1\Code\Project-for-Work\data\images\rbanffy_twitter_4ded632f.jpg,rbanffy,twitter,2026-01-12T01:17:33.625460
rdeva_twitter_66ca81e8,d:\66070260-Year3_Term2\Project1\Code\Project-for-Work\data\images\rdeva_twitter_66ca81e8.jpg,rdeva,twitter,2026-01-12T01:17:33.661859
rdhnk9_twitter_2e9c1845,d:\66070260-Year3_Term2\Project1\Code\Project-for-Work\data\images\rdhnk9_twitter_2e9c1845.jpg,rdhnk9,twitter,2026-01-12T01:17:33.702932
rdvnfrtn_twitter_39d3e267,d:\66070260-Year3_Term2\Project1\Code\Project-for-Work\data\images\rdvnfrtn_twitter_39d3e267.jpg,rdvnfrtn,twitter,2026-01-12T01:17:33.749652
rebeccamaguire_twitter_20fc4e30,d:\66070260-Year3_Term2\Project1\Code\Project-for-Work\data\images\rebeccamaguire_twitter_20fc4e30.jpg,rebeccamaguire,twitter,2026-01-12T01:17:33.781710
rebeccateldja_twitter_fcb9e061,d:\66070260-Year3_Term2\Project1\Code\Project-for-Work\data\images\rebeccateldja_twitter_fcb9e061.jpg,rebeccateldja,twitter,2026-01-12T01:17:33.819585
redphone_twitter_da97e782,d:\66070260-Year3_Term2\Project1\Code\Project-for-Work\data\images\redphone_twitter_da97e782.jpg,redphone,twitter,2026-01-12T01:17:33.854200
regtiangha_twitter_486605e4,d:\66070260-Year3_Term2\Project1\Code\Project-for-Work\data\images\regtiangha_twitter_486605e4.jpg,regtiangha,twitter,2026-01-12T01:17:33.889999
relixvariety_twitter_6bfb7cff,d:\66070260-Year3_Term2\Project1\Code\Project-for-Work\data\images\relixvariety_twitter_6bfb7cff.jpg,relixvariety,twitter,2026-01-12T01:17:33.923104
remyandella_twitter_cce38f7d,d:\66070260-Year3_Term2\Project1\Code\Project-for-Work\data\images\remyandella_twitter_cce38f7d.jpg,remyandella,twitter,2026-01-12T01:17:33.951175
renelego_twitter_8520103d,d:\66070260-Year3_Term2\Project1\Code\Project-for-Work\data\images\renelego_twitter_8520103d.jpg,renelego,twitter,2026-01-12T01:17:33.994626
reportertim_twitter_bdc45172,d:\66070260-Year3_Term2\Project1\Code\Project-for-Work\data\images\reportertim_twitter_bdc45172.jpg,reportertim,twitter,2026-01-12T01:17:34.034444
reuscher_twitter_9128dd4a,d:\66070260-Year3_Term2\Project1\Code\Project-for-Work\data\images\reuscher_twitter_9128dd4a.jpg,reuscher,twitter,2026-01-12T01:17:34.080591
rheyankaj_twitter_ca76f1ac,d:\66070260-Year3_Term2\Project1\Code\Project-for-Work\data\images\rheyankaj_twitter_ca76f1ac.jpg,rheyankaj,twitter,2026-01-12T01:17:34.120271
rhoinkes_twitter_4514aaf0,d:\66070260-Year3_Term2\Project1\Code\Project-for-Work\data\images\rhoinkes_twitter_4514aaf0.jpg,rhoinkes,twitter,2026-01-12T01:17:34.147284
ricardoanton_twitter_db73ee54,d:\66070260-Year3_Term2\Project1\Code\Project-for-Work\data\images\ricardoanton_twitter_db73ee54.jpg,ricardoanton,twitter,2026-01-12T01:17:34.196167
ricardopadilha_twitter_28f7db1e,d:\66070260-Year3_Term2\Project1\Code\Project-for-Work\data\images\ricardopadilha_twitter_28f7db1e.jpg,ricardopadilha,twitter,2026-01-12T01:17:34.230365
ricardosalgado_twitter_a67a52c7,d:\66070260-Year3_Term2\Project1\Code\Project-for-Work\data\images\ricardosalgado_twitter_a67a52c7.jpg,ricardosalgado,twitter,2026-01-12T01:17:34.269650
riccardoghignoni_twitter_0246b5cb,d:\66070260-Year3_Term2\Project1\Code\Project-for-Work\data\images\riccardoghignoni_twitter_0246b5cb.jpg,riccardoghignoni,twitter,2026-01-12T01:17:34.311804
richardajacobson_twitter_669b64f2,d:\66070260-Year3_Term2\Project1\Code\Project-for-Work\data\images\richardajacobson_twitter_669b64f2.jpg,richardajacobson,twitter,2026-01-12T01:17:34.326871
richardharrington_twitter_890f5870,d:\66070260-Year3_Term2\Project1\Code\Project-for-Work\data\images\richardharrington_twitter_890f5870.jpg,richardharrington,twitter,2026-01-12T01:17:34.378297
richardterborg_twitter_47c1ff50,d:\66070260-Year3_Term2\Project1\Code\Project-for-Work\data\images\richardterborg_twitter_47c1ff50.jpg,richardterborg,twitter,2026-01-12T01:17:34.423234
richardthomson_twitter_49751783,d:\66070260-Year3_Term2\Project1\Code\Project-for-Work\data\images\richardthomson_twitter_49751783.jpg,richardthomson,twitter,2026-01-12T01:17:34.460792
richtosi_twitter_d7781694,d:\66070260-Year3_Term2\Project1\Code\Project-for-Work\data\images\richtosi_twitter_d7781694.jpg,richtosi,twitter,2026-01-12T01:17:34.489838
rickcaffeinated_twitter_85c47b88,d:\66070260-Year3_Term2\Project1\Code\Project-for-Work\data\images\rickcaffeinated_twitter_85c47b88.jpg,rickcaffeinated,twitter,2026-01-12T01:17:34.515470
rickycain_twitter_5a0c8795,d:\66070260-Year3_Term2\Project1\Code\Project-for-Work\data\images\rickycain_twitter_5a0c8795.jpg,rickycain,twitter,2026-01-12T01:17:34.547345
rickzwiep_twitter_f48cb7c4,d:\66070260-Year3_Term2\Project1\Code\Project-for-Work\data\images\rickzwiep_twitter_f48cb7c4.jpg,rickzwiep,twitter,2026-01-12T01:17:34.597429
ricmccoy_twitter_29323cbf,d:\66070260-Year3_Term2\Project1\Code\Project-for-Work\data\images\ricmccoy_twitter_29323cbf.jpg,ricmccoy,twitter,2026-01-12T01:17:34.646168
ricseedbluebubbledesign_twitter_efa0c588,d:\66070260-Year3_Term2\Project1\Code\Project-for-Work\data\images\ricseedbluebubbledesign_twitter_efa0c588.jpg,ricseedbluebubbledesign,twitter,2026-01-12T01:17:34.683428
riefaja_twitter_2d16af9e,d:\66070260-Year3_Term2\Project1\Code\Project-for-Work\data\images\riefaja_twitter_2d16af9e.jpg,riefaja,twitter,2026-01-12T01:17:34.722392
rielax_twitter_287e6b5a,d:\66070260-Year3_Term2\Project1\Code\Project-for-Work\data\images\rielax_twitter_287e6b5a.jpg,rielax,twitter,2026-01-12T01:17:34.776884
rieramadhaanie_twitter_95559c04,d:\66070260-Year3_Term2\Project1\Code\Project-for-Work\data\images\rieramadhaanie_twitter_95559c04.jpg,rieramadhaanie,twitter,2026-01-12T01:17:34.817911
rikardohj_twitter_e49d3023,d:\66070260-Year3_Term2\Project1\Code\Project-for-Work\data\images\rikardohj_twitter_e49d3023.jpg,rikardohj,twitter,2026-01-12T01:17:34.852725
rjacquez_twitter_165247fa,d:\66070260-Year3_Term2\Project1\Code\Project-for-Work\data\images\rjacquez_twitter_165247fa.jpg,rjacquez,twitter,2026-01-12T01:17:34.895733
rjjaramillo_twitter_5bc60093,d:\66070260-Year3_Term2\Project1\Code\Project-for-Work\data\images\rjjaramillo_twitter_5bc60093.jpg,rjjaramillo,twitter,2026-01-12T01:17:34.929572
rjudas_twitter_03f2fc9d,d:\66070260-Year3_Term2\Project1\Code\Project-for-Work\data\images\rjudas_twitter_03f2fc9d.jpg,rjudas,twitter,2026-01-12T01:17:34.958932
rkellyga_twitter_e84def54,d:\66070260-Year3_Term2\Project1\Code\Project-for-Work\data\images\rkellyga_twitter_e84def54.jpg,rkellyga,twitter,2026-01-12T01:17:34.994299
rmichaelbrown_twitter_37dad87f,d:\66070260-Year3_Term2\Project1\Code\Project-for-Work\data\images\rmichaelbrown_twitter_37dad87f.jpg,rmichaelbrown,twitter,2026-01-12T01:17:35.027508
rmorrison_twitter_c2e7acd2,d:\66070260-Year3_Term2\Project1\Code\Project-for-Work\data\images\rmorrison_twitter_c2e7acd2.jpg,rmorrison,twitter,2026-01-12T01:17:35.056541
roadzy_twitter_5a48972f,d:\66070260-Year3_Term2\Project1\Code\Project-for-Work\data\images\roadzy_twitter_5a48972f.jpg,roadzy,twitter,2026-01-12T01:17:35.107530
roannarupinta_twitter_47ddc520,d:\66070260-Year3_Term2\Project1\Code\Project-for-Work\data\images\roannarupinta_twitter_47ddc520.jpg,roannarupinta,twitter,2026-01-12T01:17:35.141182
robaris_twitter_b94a33a2,d:\66070260-Year3_Term2\Project1\Code\Project-for-Work\data\images\robaris_twitter_b94a33a2.jpg,robaris,twitter,2026-01-12T01:17:35.178053
robboudon_twitter_ab47cc4d,d:\66070260-Year3_Term2\Project1\Code\Project-for-Work\data\images\robboudon_twitter_ab47cc4d.jpg,robboudon,twitter,2026-01-12T01:17:35.220867
robertbadillo_twitter_3931cd30,d:\66070260-Year3_Term2\Project1\Code\Project-for-Work\data\images\robertbadillo_twitter_3931cd30.jpg,robertbadillo,twitter,2026-01-12T01:17:35.247395
robertbarney_twitter_bf04aa53,d:\66070260-Year3_Term2\Project1\Code\Project-for-Work\data\images\robertbarney_twitter_bf04aa53.jpg,robertbarney,twitter,2026-01-12T01:17:35.276865
robertbirnie_twitter_55171ca6,d:\66070260-Year3_Term2\Project1\Code\Project-for-Work\data\images\robertbirnie_twitter_55171ca6.jpg,robertbirnie,twitter,2026-01-12T01:17:35.328620
robertjonathan_twitter_b4517402,d:\66070260-Year3_Term2\Project1\Code\Project-for-Work\data\images\robertjonathan_twitter_b4517402.jpg,robertjonathan,twitter,2026-01-12T01:17:35.360805
robertschueler_twitter_2f8881ef,d:\66070260-Year3_Term2\Project1\Code\Project-for-Work\data\images\robertschueler_twitter_2f8881ef.jpg,robertschueler,twitter,2026-01-12T01:17:35.385779
robingood_twitter_f96a762c,d:\66070260-Year3_Term2\Project1\Code\Project-for-Work\data\images\robingood_twitter_f96a762c.jpg,robingood,twitter,2026-01-12T01:17:35.436474
robinhassan_twitter_02921c0b,d:\66070260-Year3_Term2\Project1\Code\Project-for-Work\data\images\robinhassan_twitter_02921c0b.jpg,robinhassan,twitter,2026-01-12T01:17:35.485755
robkrueger_twitter_231481d6,d:\66070260-Year3_Term2\Project1\Code\Project-for-Work\data\images\robkrueger_twitter_231481d6.jpg,robkrueger,twitter,2026-01-12T01:17:35.514757
robmoses_twitter_87da1a79,d:\66070260-Year3_Term2\Project1\Code\Project-for-Work\data\images\robmoses_twitter_87da1a79.jpg,robmoses,twitter,2026-01-12T01:17:35.558230
robnelson_twitter_6bdaab25,d:\66070260-Year3_Term2\Project1\Code\Project-for-Work\data\images\robnelson_twitter_6bdaab25.jpg,robnelson,twitter,2026-01-12T01:17:35.600165
robseaver_twitter_583d116a,d:\66070260-Year3_Term2\Project1\Code\Project-for-Work\data\images\robseaver_twitter_583d116a.jpg,robseaver,twitter,2026-01-12T01:17:35.635910
robwillington_twitter_df32046c,d:\66070260-Year3_Term2\Project1\Code\Project-for-Work\data\images\robwillington_twitter_df32046c.jpg,robwillington,twitter,2026-01-12T01:17:35.668091
robwoodbridge_twitter_b895da06,d:\66070260-Year3_Term2\Project1\Code\Project-for-Work\data\images\robwoodbridge_twitter_b895da06.jpg,robwoodbridge,twitter,2026-01-12T01:17:35.696588
rockaz_twitter_5be5ad2e,d:\66070260-Year3_Term2\Project1\Code\Project-for-Work\data\images\rockaz_twitter_5be5ad2e.jpg,rockaz,twitter,2026-01-12T01:17:35.730747
rockstarmomlv_twitter_3543907c,d:\66070260-Year3_Term2\Project1\Code\Project-for-Work\data\images\rockstarmomlv_twitter_3543907c.jpg,rockstarmomlv,twitter,2026-01-12T01:17:35.780194
rockyvy_twitter_f4a4b184,d:\66070260-Year3_Term2\Project1\Code\Project-for-Work\data\images\rockyvy_twitter_f4a4b184.jpg,rockyvy,twitter,2026-01-12T01:17:35.827427
rodmeier_twitter_626598c4,d:\66070260-Year3_Term2\Project1\Code\Project-for-Work\data\images\rodmeier_twitter_626598c4.jpg,rodmeier,twitter,2026-01-12T01:17:35.869910
rodmilam_twitter_5b9ca20b,d:\66070260-Year3_Term2\Project1\Code\Project-for-Work\data\images\rodmilam_twitter_5b9ca20b.jpg,rodmilam,twitter,2026-01-12T01:17:35.908183
rodrigoluna_twitter_8e25c865,d:\66070260-Year3_Term2\Project1\Code\Project-for-Work\data\images\rodrigoluna_twitter_8e25c865.jpg,rodrigoluna,twitter,2026-01-12T01:17:35.946254
rogerbalettie_twitter_eadbce86,d:\66070260-Year3_Term2\Project1\Code\Project-for-Work\data\images\rogerbalettie_twitter_eadbce86.jpg,rogerbalettie,twitter,2026-01-12T01:17:35.985000
rogerellman_twitter_36e3371c,d:\66070260-Year3_Term2\Project1\Code\Project-for-Work\data\images\rogerellman_twitter_36e3371c.jpg,rogerellman,twitter,2026-01-12T01:17:36.026437
rohnjay_twitter_ef2597d2,d:\66070260-Year3_Term2\Project1\Code\Project-for-Work\data\images\rohnjay_twitter_ef2597d2.jpg,rohnjay,twitter,2026-01-12T01:17:36.058912
roh_twitter_a365eef8,d:\66070260-Year3_Term2\Project1\Code\Project-for-Work\data\images\roh_twitter_a365eef8.jpg,roh,twitter,2026-01-12T01:17:36.095689
rolfek_twitter_90986cb9,d:\66070260-Year3_Term2\Project1\Code\Project-for-Work\data\images\rolfek_twitter_90986cb9.jpg,rolfek,twitter,2026-01-12T01:17:36.122157
romcalbc_twitter_5cca21d8,d:\66070260-Year3_Term2\Project1\Code\Project-for-Work\data\images\romcalbc_twitter_5cca21d8.jpg,romcalbc,twitter,2026-01-12T01:17:36.153317
rommiej_twitter_84d0147a,d:\66070260-Year3_Term2\Project1\Code\Project-for-Work\data\images\rommiej_twitter_84d0147a.jpg,rommiej,twitter,2026-01-12T01:17:36.189711
romulocostacurta_twitter_eccaed7c,d:\66070260-Year3_Term2\Project1\Code\Project-for-Work\data\images\romulocostacurta_twitter_eccaed7c.jpg,romulocostacurta,twitter,2026-01-12T01:17:36.214571
romybeatwriter_twitter_008d2f8b,d:\66070260-Year3_Term2\Project1\Code\Project-for-Work\data\images\romybeatwriter_twitter_008d2f8b.jpg,romybeatwriter,twitter,2026-01-12T01:17:36.250779
ronaldomanga_twitter_37eae251,d:\66070260-Year3_Term2\Project1\Code\Project-for-Work\data\images\ronaldomanga_twitter_37eae251.jpg,ronaldomanga,twitter,2026-01-12T01:17:36.292679
roncaglia_twitter_a787050e,d:\66070260-Year3_Term2\Project1\Code\Project-for-Work\data\images\roncaglia_twitter_a787050e.jpg,roncaglia,twitter,2026-01-12T01:17:36.346548
ronlute_twitter_46e29637,d:\66070260-Year3_Term2\Project1\Code\Project-for-Work\data\images\ronlute_twitter_46e29637.jpg,ronlute,twitter,2026-01-12T01:17:36.388592
ronron607_twitter_c9c85270,d:\66070260-Year3_Term2\Project1\Code\Project-for-Work\data\images\ronron607_twitter_c9c85270.jpg,ronron607,twitter,2026-01-12T01:17:36.435963
ronsela_twitter_ff050895,d:\66070260-Year3_Term2\Project1\Code\Project-for-Work\data\images\ronsela_twitter_ff050895.jpg,ronsela,twitter,2026-01-12T01:17:36.485209
roook_twitter_28bfed5e,d:\66070260-Year3_Term2\Project1\Code\Project-for-Work\data\images\roook_twitter_28bfed5e.jpg,roook,twitter,2026-01-12T01:17:36.516288
roseannefoxx_twitter_a38b57ef,d:\66070260-Year3_Term2\Project1\Code\Project-for-Work\data\images\roseannefoxx_twitter_a38b57ef.jpg,roseannefoxx,twitter,2026-01-12T01:17:36.555456
rositaxx_twitter_b7059a67,d:\66070260-Year3_Term2\Project1\Code\Project-for-Work\data\images\rositaxx_twitter_b7059a67.jpg,rositaxx,twitter,2026-01-12T01:17:36.594252
rousso_twitter_59e84726,d:\66070260-Year3_Term2\Project1\Code\Project-for-Work\data\images\rousso_twitter_59e84726.jpg,rousso,twitter,2026-01-12T01:17:36.630678
rowdyfolk_twitter_a2a538da,d:\66070260-Year3_Term2\Project1\Code\Project-for-Work\data\images\rowdyfolk_twitter_a2a538da.jpg,rowdyfolk,twitter,2026-01-12T01:17:36.668425
roxipappa_twitter_e1520ccf,d:\66070260-Year3_Term2\Project1\Code\Project-for-Work\data\images\roxipappa_twitter_e1520ccf.jpg,roxipappa,twitter,2026-01-12T01:17:36.701855
roybird_twitter_2534c68d,d:\66070260-Year3_Term2\Project1\Code\Project-for-Work\data\images\roybird_twitter_2534c68d.jpg,roybird,twitter,2026-01-12T01:17:36.725689
roysteele_twitter_b6d88bf1,d:\66070260-Year3_Term2\Project1\Code\Project-for-Work\data\images\roysteele_twitter_b6d88bf1.jpg,roysteele,twitter,2026-01-12T01:17:36.768407
royterp_twitter_28a40299,d:\66070260-Year3_Term2\Project1\Code\Project-for-Work\data\images\royterp_twitter_28a40299.jpg,royterp,twitter,2026-01-12T01:17:36.799315
rscpics_twitter_81eb30db,d:\66070260-Year3_Term2\Project1\Code\Project-for-Work\data\images\rscpics_twitter_81eb30db.jpg,rscpics,twitter,2026-01-12T01:17:36.828486
ru0905_twitter_9635c14e,d:\66070260-Year3_Term2\Project1\Code\Project-for-Work\data\images\ru0905_twitter_9635c14e.jpg,ru0905,twitter,2026-01-12T01:17:36.865947
ruanalmeida_twitter_0318eba0,d:\66070260-Year3_Term2\Project1\Code\Project-for-Work\data\images\ruanalmeida_twitter_0318eba0.jpg,ruanalmeida,twitter,2026-01-12T01:17:36.908285
rubenbrave_twitter_2d5e3366,d:\66070260-Year3_Term2\Project1\Code\Project-for-Work\data\images\rubenbrave_twitter_2d5e3366.jpg,rubenbrave,twitter,2026-01-12T01:17:36.936342
rubenmascarophotography_twitter_756b0938,d:\66070260-Year3_Term2\Project1\Code\Project-for-Work\data\images\rubenmascarophotography_twitter_756b0938.jpg,rubenmascarophotography,twitter,2026-01-12T01:17:36.962153
rubodewig_twitter_fa89137d,d:\66070260-Year3_Term2\Project1\Code\Project-for-Work\data\images\rubodewig_twitter_fa89137d.jpg,rubodewig,twitter,2026-01-12T01:17:36.996157
rude64_twitter_4648b5b3,d:\66070260-Year3_Term2\Project1\Code\Project-for-Work\data\images\rude64_twitter_4648b5b3.jpg,rude64,twitter,2026-01-12T01:17:37.027670
rudestan_twitter_24dad8be,d:\66070260-Year3_Term2\Project1\Code\Project-for-Work\data\images\rudestan_twitter_24dad8be.jpg,rudestan,twitter,2026-01-12T01:17:37.060902
russellvjward_twitter_5725bf3f,d:\66070260-Year3_Term2\Project1\Code\Project-for-Work\data\images\russellvjward_twitter_5725bf3f.jpg,russellvjward,twitter,2026-01-12T01:17:37.106366
russpond_twitter_d8977b8b,d:\66070260-Year3_Term2\Project1\Code\Project-for-Work\data\images\russpond_twitter_d8977b8b.jpg,russpond,twitter,2026-01-12T01:17:37.151297
ryanfrazier_twitter_bdfd301a,d:\66070260-Year3_Term2\Project1\Code\Project-for-Work\data\images\ryanfrazier_twitter_bdfd301a.jpg,ryanfrazier,twitter,2026-01-12T01:17:37.190276
ryanjgoodman_twitter_8e97ae97,d:\66070260-Year3_Term2\Project1\Code\Project-for-Work\data\images\ryanjgoodman_twitter_8e97ae97.jpg,ryanjgoodman,twitter,2026-01-12T01:17:37.245639
ryanketterman_twitter_07c376be,d:\66070260-Year3_Term2\Project1\Code\Project-for-Work\data\images\ryanketterman_twitter_07c376be.jpg,ryanketterman,twitter,2026-01-12T01:17:37.267652
ryanlmurphy_twitter_2b3497cd,d:\66070260-Year3_Term2\Project1\Code\Project-for-Work\data\images\ryanlmurphy_twitter_2b3497cd.jpg,ryanlmurphy,twitter,2026-01-12T01:17:37.301248
ryanott_twitter_eddc944e,d:\66070260-Year3_Term2\Project1\Code\Project-for-Work\data\images\ryanott_twitter_eddc944e.jpg,ryanott,twitter,2026-01-12T01:17:37.333828
ryanporter_twitter_f50df5a3,d:\66070260-Year3_Term2\Project1\Code\Project-for-Work\data\images\ryanporter_twitter_f50df5a3.jpg,ryanporter,twitter,2026-01-12T01:17:37.360152
ryanthompson_twitter_c403efec,d:\66070260-Year3_Term2\Project1\Code\Project-for-Work\data\images\ryanthompson_twitter_c403efec.jpg,ryanthompson,twitter,2026-01-12T01:17:37.391037
s0uls_twitter_354cae4f,d:\66070260-Year3_Term2\Project1\Code\Project-for-Work\data\images\s0uls_twitter_354cae4f.jpg,s0uls,twitter,2026-01-12T01:17:37.432851
s1lentb0buk_twitter_65fe0dc6,d:\66070260-Year3_Term2\Project1\Code\Project-for-Work\data\images\s1lentb0buk_twitter_65fe0dc6.jpg,s1lentb0buk,twitter,2026-01-12T01:17:37.464816
sabrinamiso_twitter_075c6b5e,d:\66070260-Year3_Term2\Project1\Code\Project-for-Work\data\images\sabrinamiso_twitter_075c6b5e.jpg,sabrinamiso,twitter,2026-01-12T01:17:37.486980
sachaqs_twitter_510fc552,d:\66070260-Year3_Term2\Project1\Code\Project-for-Work\data\images\sachaqs_twitter_510fc552.jpg,sachaqs,twitter,2026-01-12T01:17:37.535029
sachiyokojima_twitter_73509f19,d:\66070260-Year3_Term2\Project1\Code\Project-for-Work\data\images\sachiyokojima_twitter_73509f19.jpg,sachiyokojima,twitter,2026-01-12T01:17:37.560324
sacpetsits_twitter_89d93487,d:\66070260-Year3_Term2\Project1\Code\Project-for-Work\data\images\sacpetsits_twitter_89d93487.jpg,sacpetsits,twitter,2026-01-12T01:17:37.586175
saeedalmenhali_twitter_96067146,d:\66070260-Year3_Term2\Project1\Code\Project-for-Work\data\images\saeedalmenhali_twitter_96067146.jpg,saeedalmenhali,twitter,2026-01-12T01:17:37.610553
sahithi_twitter_4b77fa07,d:\66070260-Year3_Term2\Project1\Code\Project-for-Work\data\images\sahithi_twitter_4b77fa07.jpg,sahithi,twitter,2026-01-12T01:17:37.635998
sakshamgumber_twitter_8aecaf3b,d:\66070260-Year3_Term2\Project1\Code\Project-for-Work\data\images\sakshamgumber_twitter_8aecaf3b.jpg,sakshamgumber,twitter,2026-01-12T01:17:37.671149
salikov_twitter_2605b0dc,d:\66070260-Year3_Term2\Project1\Code\Project-for-Work\data\images\salikov_twitter_2605b0dc.jpg,salikov,twitter,2026-01-12T01:17:37.715988
salinasmx_twitter_f156d5af,d:\66070260-Year3_Term2\Project1\Code\Project-for-Work\data\images\salinasmx_twitter_f156d5af.jpg,salinasmx,twitter,2026-01-12T01:17:37.741840
samanthaholloway_twitter_787a8b35,d:\66070260-Year3_Term2\Project1\Code\Project-for-Work\data\images\samanthaholloway_twitter_787a8b35.jpg,samanthaholloway,twitter,2026-01-12T01:17:37.780949
samarb_twitter_b73a7536,d:\66070260-Year3_Term2\Project1\Code\Project-for-Work\data\images\samarb_twitter_b73a7536.jpg,samarb,twitter,2026-01-12T01:17:37.797097
sambassman_twitter_b32456fa,d:\66070260-Year3_Term2\Project1\Code\Project-for-Work\data\images\sambassman_twitter_b32456fa.jpg,sambassman,twitter,2026-01-12T01:17:37.825047
samipage_twitter_5bdde226,d:\66070260-Year3_Term2\Project1\Code\Project-for-Work\data\images\samipage_twitter_5bdde226.jpg,samipage,twitter,2026-01-12T01:17:37.877840
samuelmartinx_twitter_07e75f74,d:\66070260-Year3_Term2\Project1\Code\Project-for-Work\data\images\samuelmartinx_twitter_07e75f74.jpg,samuelmartinx,twitter,2026-01-12T01:17:37.905099
samuelreis_twitter_6206dfd4,d:\66070260-Year3_Term2\Project1\Code\Project-for-Work\data\images\samuelreis_twitter_6206dfd4.jpg,samuelreis,twitter,2026-01-12T01:17:37.928439
samuelstrickland_twitter_cf56073d,d:\66070260-Year3_Term2\Project1\Code\Project-for-Work\data\images\samuelstrickland_twitter_cf56073d.jpg,samuelstrickland,twitter,2026-01-12T01:17:37.969511
samwhite_twitter_4bfb88bb,d:\66070260-Year3_Term2\Project1\Code\Project-for-Work\data\images\samwhite_twitter_4bfb88bb.jpg,samwhite,twitter,2026-01-12T01:17:37.998850
sanahsayani_twitter_0ff44974,d:\66070260-Year3_Term2\Project1\Code\Project-for-Work\data\images\sanahsayani_twitter_0ff44974.jpg,sanahsayani,twitter,2026-01-12T01:17:38.044125
sanderdatema_twitter_b21c3162,d:\66070260-Year3_Term2\Project1\Code\Project-for-Work\data\images\sanderdatema_twitter_b21c3162.jpg,sanderdatema,twitter,2026-01-12T01:17:38.092757
sanderterhaar_twitter_b6dde02f,d:\66070260-Year3_Term2\Project1\Code\Project-for-Work\data\images\sanderterhaar_twitter_b6dde02f.jpg,sanderterhaar,twitter,2026-01-12T01:17:38.121190
sandieterenzisellshomescom_twitter_6c6fcd84,d:\66070260-Year3_Term2\Project1\Code\Project-for-Work\data\images\sandieterenzisellshomescom_twitter_6c6fcd84.jpg,sandieterenzisellshomescom,twitter,2026-01-12T01:17:38.159002
saniday_twitter_c7d20258,d:\66070260-Year3_Term2\Project1\Code\Project-for-Work\data\images\saniday_twitter_c7d20258.jpg,saniday,twitter,2026-01-12T01:17:38.190688
sanpedrohotelspa_twitter_01abb6dd,d:\66070260-Year3_Term2\Project1\Code\Project-for-Work\data\images\sanpedrohotelspa_twitter_01abb6dd.jpg,sanpedrohotelspa,twitter,2026-01-12T01:17:38.223893
santayanapower_twitter_d86bdf33,d:\66070260-Year3_Term2\Project1\Code\Project-for-Work\data\images\santayanapower_twitter_d86bdf33.jpg,santayanapower,twitter,2026-01-12T01:17:38.257110
sanurasnowpaw_twitter_7076f8ec,d:\66070260-Year3_Term2\Project1\Code\Project-for-Work\data\images\sanurasnowpaw_twitter_7076f8ec.jpg,sanurasnowpaw,twitter,2026-01-12T01:17:38.284736
sarahemiline_twitter_685fdc01,d:\66070260-Year3_Term2\Project1\Code\Project-for-Work\data\images\sarahemiline_twitter_685fdc01.jpg,sarahemiline,twitter,2026-01-12T01:17:38.329938
sarahjones_twitter_fb2dffb4,d:\66070260-Year3_Term2\Project1\Code\Project-for-Work\data\images\sarahjones_twitter_fb2dffb4.jpg,sarahjones,twitter,2026-01-12T01:17:38.363423
saratpollock_twitter_09423e27,d:\66070260-Year3_Term2\Project1\Code\Project-for-Work\data\images\saratpollock_twitter_09423e27.jpg,saratpollock,twitter,2026-01-12T01:17:38.395089
sarito_twitter_d89bbaa5,d:\66070260-Year3_Term2\Project1\Code\Project-for-Work\data\images\sarito_twitter_d89bbaa5.jpg,sarito,twitter,2026-01-12T01:17:38.439593
satoryasuga_twitter_1a945fe9,d:\66070260-Year3_Term2\Project1\Code\Project-for-Work\data\images\satoryasuga_twitter_1a945fe9.jpg,satoryasuga,twitter,2026-01-12T01:17:38.469036
satotaka_twitter_7cd90995,d:\66070260-Year3_Term2\Project1\Code\Project-for-Work\data\images\satotaka_twitter_7cd90995.jpg,satotaka,twitter,2026-01-12T01:17:38.496552
saurospagnol_twitter_70707e7e,d:\66070260-Year3_Term2\Project1\Code\Project-for-Work\data\images\saurospagnol_twitter_70707e7e.jpg,saurospagnol,twitter,2026-01-12T01:17:38.516351
saviodemartino_twitter_03e07da9,d:\66070260-Year3_Term2\Project1\Code\Project-for-Work\data\images\saviodemartino_twitter_03e07da9.jpg,saviodemartino,twitter,2026-01-12T01:17:38.548621
scesini_twitter_cd27e127,d:\66070260-Year3_Term2\Project1\Code\Project-for-Work\data\images\scesini_twitter_cd27e127.jpg,scesini,twitter,2026-01-12T01:17:38.591462
scg33esp_twitter_b8d5fed8,d:\66070260-Year3_Term2\Project1\Code\Project-for-Work\data\images\scg33esp_twitter_b8d5fed8.jpg,scg33esp,twitter,2026-01-12T01:17:38.629069
scherem_twitter_4ba05b29,d:\66070260-Year3_Term2\Project1\Code\Project-for-Work\data\images\scherem_twitter_4ba05b29.jpg,scherem,twitter,2026-01-12T01:17:38.670364
scherka_twitter_60e80184,d:\66070260-Year3_Term2\Project1\Code\Project-for-Work\data\images\scherka_twitter_60e80184.jpg,scherka,twitter,2026-01-12T01:17:38.704215
scherre_twitter_b8044559,d:\66070260-Year3_Term2\Project1\Code\Project-for-Work\data\images\scherre_twitter_b8044559.jpg,scherre,twitter,2026-01-12T01:17:38.752207
schlossneubeuern_twitter_a8d60970,d:\66070260-Year3_Term2\Project1\Code\Project-for-Work\data\images\schlossneubeuern_twitter_a8d60970.jpg,schlossneubeuern,twitter,2026-01-12T01:17:38.776525
schneidan_twitter_4bccaae4,d:\66070260-Year3_Term2\Project1\Code\Project-for-Work\data\images\schneidan_twitter_4bccaae4.jpg,schneidan,twitter,2026-01-12T01:17:38.807044
scholzeralph_twitter_567d5449,d:\66070260-Year3_Term2\Project1\Code\Project-for-Work\data\images\scholzeralph_twitter_567d5449.jpg,scholzeralph,twitter,2026-01-12T01:17:38.830479
scottbellisario_twitter_6b9613f9,d:\66070260-Year3_Term2\Project1\Code\Project-for-Work\data\images\scottbellisario_twitter_6b9613f9.jpg,scottbellisario,twitter,2026-01-12T01:17:38.871989
scottellisonphotography_twitter_d09444e9,d:\66070260-Year3_Term2\Project1\Code\Project-for-Work\data\images\scottellisonphotography_twitter_d09444e9.jpg,scottellisonphotography,twitter,2026-01-12T01:17:38.901555
scottjwalter_twitter_a0b333a6,d:\66070260-Year3_Term2\Project1\Code\Project-for-Work\data\images\scottjwalter_twitter_a0b333a6.jpg,scottjwalter,twitter,2026-01-12T01:17:38.938745
scottycze_twitter_a905f428,d:\66070260-Year3_Term2\Project1\Code\Project-for-Work\data\images\scottycze_twitter_a905f428.jpg,scottycze,twitter,2026-01-12T01:17:38.984858
scoutshonor_twitter_7d05be4e,d:\66070260-Year3_Term2\Project1\Code\Project-for-Work\data\images\scoutshonor_twitter_7d05be4e.jpg,scoutshonor,twitter,2026-01-12T01:17:39.014667
scowie_twitter_54596923,d:\66070260-Year3_Term2\Project1\Code\Project-for-Work\data\images\scowie_twitter_54596923.jpg,scowie,twitter,2026-01-12T01:17:39.065774
seancoyne_twitter_af76f774,d:\66070260-Year3_Term2\Project1\Code\Project-for-Work\data\images\seancoyne_twitter_af76f774.jpg,seancoyne,twitter,2026-01-12T01:17:39.142509
seanmcmenemy_twitter_4f379188,d:\66070260-Year3_Term2\Project1\Code\Project-for-Work\data\images\seanmcmenemy_twitter_4f379188.jpg,seanmcmenemy,twitter,2026-01-12T01:17:39.188114
sebastianjimenez_twitter_cb18ed4f,d:\66070260-Year3_Term2\Project1\Code\Project-for-Work\data\images\sebastianjimenez_twitter_cb18ed4f.jpg,sebastianjimenez,twitter,2026-01-12T01:17:39.237831
sebastianlofvall_twitter_4de2ef38,d:\66070260-Year3_Term2\Project1\Code\Project-for-Work\data\images\sebastianlofvall_twitter_4de2ef38.jpg,sebastianlofvall,twitter,2026-01-12T01:17:39.267890
sebastianmueller_twitter_31cad4df,d:\66070260-Year3_Term2\Project1\Code\Project-for-Work\data\images\sebastianmueller_twitter_31cad4df.jpg,sebastianmueller,twitter,2026-01-12T01:17:39.307653
sebastienbarre_twitter_8727d673,d:\66070260-Year3_Term2\Project1\Code\Project-for-Work\data\images\sebastienbarre_twitter_8727d673.jpg,sebastienbarre,twitter,2026-01-12T01:17:39.340145
sebgonza_twitter_4554e722,d:\66070260-Year3_Term2\Project1\Code\Project-for-Work\data\images\sebgonza_twitter_4554e722.jpg,sebgonza,twitter,2026-01-12T01:17:39.370466
sebhawker_twitter_83feb5e2,d:\66070260-Year3_Term2\Project1\Code\Project-for-Work\data\images\sebhawker_twitter_83feb5e2.jpg,sebhawker,twitter,2026-01-12T01:17:39.416763
seerickson_twitter_0adf8381,d:\66070260-Year3_Term2\Project1\Code\Project-for-Work\data\images\seerickson_twitter_0adf8381.jpg,seerickson,twitter,2026-01-12T01:17:39.453902
sekarkhatulistiwa_twitter_0f4bad4e,d:\66070260-Year3_Term2\Project1\Code\Project-for-Work\data\images\sekarkhatulistiwa_twitter_0f4bad4e.jpg,sekarkhatulistiwa,twitter,2026-01-12T01:17:39.480219
semilla_twitter_6a9e442f,d:\66070260-Year3_Term2\Project1\Code\Project-for-Work\data\images\semilla_twitter_6a9e442f.jpg,semilla,twitter,2026-01-12T01:17:39.520817
seraphim_twitter_155311ef,d:\66070260-Year3_Term2\Project1\Code\Project-for-Work\data\images\seraphim_twitter_155311ef.jpg,seraphim,twitter,2026-01-12T01:17:39.568003
sercanparan_twitter_46778234,d:\66070260-Year3_Term2\Project1\Code\Project-for-Work\data\images\sercanparan_twitter_46778234.jpg,sercanparan,twitter,2026-01-12T01:17:39.610555
serdarbarut_twitter_8e2c5044,d:\66070260-Year3_Term2\Project1\Code\Project-for-Work\data\images\serdarbarut_twitter_8e2c5044.jpg,serdarbarut,twitter,2026-01-12T01:17:39.652592
sergeioarroyo_twitter_98a6c9df,d:\66070260-Year3_Term2\Project1\Code\Project-for-Work\data\images\sergeioarroyo_twitter_98a6c9df.jpg,sergeioarroyo,twitter,2026-01-12T01:17:39.694026
sergioelizondomora_twitter_0e693dee,d:\66070260-Year3_Term2\Project1\Code\Project-for-Work\data\images\sergioelizondomora_twitter_0e693dee.jpg,sergioelizondomora,twitter,2026-01-12T01:17:39.731880
sergiopellico_twitter_b5076bbc,d:\66070260-Year3_Term2\Project1\Code\Project-for-Work\data\images\sergiopellico_twitter_b5076bbc.jpg,sergiopellico,twitter,2026-01-12T01:17:39.763986
sergiovenuto_twitter_87107233,d:\66070260-Year3_Term2\Project1\Code\Project-for-Work\data\images\sergiovenuto_twitter_87107233.jpg,sergiovenuto,twitter,2026-01-12T01:17:39.793070
serra_twitter_e0b02472,d:\66070260-Year3_Term2\Project1\Code\Project-for-Work\data\images\serra_twitter_e0b02472.jpg,serra,twitter,2026-01-12T01:17:39.812253
serveure_twitter_c8cd06e4,d:\66070260-Year3_Term2\Project1\Code\Project-for-Work\data\images\serveure_twitter_c8cd06e4.jpg,serveure,twitter,2026-01-12T01:17:39.835279
sfharper_twitter_5c03a1a9,d:\66070260-Year3_Term2\Project1\Code\Project-for-Work\data\images\sfharper_twitter_5c03a1a9.jpg,sfharper,twitter,2026-01-12T01:17:39.882563
sfy_twitter_870e1700,d:\66070260-Year3_Term2\Project1\Code\Project-for-Work\data\images\sfy_twitter_870e1700.jpg,sfy,twitter,2026-01-12T01:17:39.912002
shalahbowden_twitter_66643dc5,d:\66070260-Year3_Term2\Project1\Code\Project-for-Work\data\images\shalahbowden_twitter_66643dc5.jpg,shalahbowden,twitter,2026-01-12T01:17:39.956027
shanedesloges_twitter_a6c7ec69,d:\66070260-Year3_Term2\Project1\Code\Project-for-Work\data\images\shanedesloges_twitter_a6c7ec69.jpg,shanedesloges,twitter,2026-01-12T01:17:39.988541
shanestokes_twitter_cd0e5f82,d:\66070260-Year3_Term2\Project1\Code\Project-for-Work\data\images\shanestokes_twitter_cd0e5f82.jpg,shanestokes,twitter,2026-01-12T01:17:40.026418
shanewalter_twitter_4848e3a1,d:\66070260-Year3_Term2\Project1\Code\Project-for-Work\data\images\shanewalter_twitter_4848e3a1.jpg,shanewalter,twitter,2026-01-12T01:17:40.066936
shanmoorthy_twitter_9cc764a6,d:\66070260-Year3_Term2\Project1\Code\Project-for-Work\data\images\shanmoorthy_twitter_9cc764a6.jpg,shanmoorthy,twitter,2026-01-12T01:17:40.105933
shannonedris_twitter_a35b0c8b,d:\66070260-Year3_Term2\Project1\Code\Project-for-Work\data\images\shannonedris_twitter_a35b0c8b.jpg,shannonedris,twitter,2026-01-12T01:17:40.139273
shannonkelley_twitter_4f282eba,d:\66070260-Year3_Term2\Project1\Code\Project-for-Work\data\images\shannonkelley_twitter_4f282eba.jpg,shannonkelley,twitter,2026-01-12T01:17:40.169849
sharonpianchan_twitter_f21c6061,d:\66070260-Year3_Term2\Project1\Code\Project-for-Work\data\images\sharonpianchan_twitter_f21c6061.jpg,sharonpianchan,twitter,2026-01-12T01:17:40.196212
shaunsimpson_twitter_dbb37e18,d:\66070260-Year3_Term2\Project1\Code\Project-for-Work\data\images\shaunsimpson_twitter_dbb37e18.jpg,shaunsimpson,twitter,2026-01-12T01:17:40.229285
shawnalholman_twitter_25eaa3b1,d:\66070260-Year3_Term2\Project1\Code\Project-for-Work\data\images\shawnalholman_twitter_25eaa3b1.jpg,shawnalholman,twitter,2026-01-12T01:17:40.271893
shawnday_twitter_d272ef74,d:\66070260-Year3_Term2\Project1\Code\Project-for-Work\data\images\shawnday_twitter_d272ef74.jpg,shawnday,twitter,2026-01-12T01:17:40.313053
shawnmor_twitter_151d4235,d:\66070260-Year3_Term2\Project1\Code\Project-for-Work\data\images\shawnmor_twitter_151d4235.jpg,shawnmor,twitter,2026-01-12T01:17:40.339938
shaymfa_twitter_acfba946,d:\66070260-Year3_Term2\Project1\Code\Project-for-Work\data\images\shaymfa_twitter_acfba946.jpg,shaymfa,twitter,2026-01-12T01:17:40.384887
shazasalem_twitter_3373906a,d:\66070260-Year3_Term2\Project1\Code\Project-for-Work\data\images\shazasalem_twitter_3373906a.jpg,shazasalem,twitter,2026-01-12T01:17:40.428229
sheanroberts_twitter_de38c31c,d:\66070260-Year3_Term2\Project1\Code\Project-for-Work\data\images\sheanroberts_twitter_de38c31c.jpg,sheanroberts,twitter,2026-01-12T01:17:40.473046
shehannf_twitter_f2a41450,d:\66070260-Year3_Term2\Project1\Code\Project-for-Work\data\images\shehannf_twitter_f2a41450.jpg,shehannf,twitter,2026-01-12T01:17:40.499375
shelleysanders_twitter_dc8f6027,d:\66070260-Year3_Term2\Project1\Code\Project-for-Work\data\images\shelleysanders_twitter_dc8f6027.jpg,shelleysanders,twitter,2026-01-12T01:17:40.547318
shelleywest_twitter_61b58e80,d:\66070260-Year3_Term2\Project1\Code\Project-for-Work\data\images\shelleywest_twitter_61b58e80.jpg,shelleywest,twitter,2026-01-12T01:17:40.579075
sherekaan_twitter_1b40f342,d:\66070260-Year3_Term2\Project1\Code\Project-for-Work\data\images\sherekaan_twitter_1b40f342.jpg,sherekaan,twitter,2026-01-12T01:17:40.605881
sherifhany_twitter_e623be40,d:\66070260-Year3_Term2\Project1\Code\Project-for-Work\data\images\sherifhany_twitter_e623be40.jpg,sherifhany,twitter,2026-01-12T01:17:40.635925
sherrytrueself_twitter_47d6d530,d:\66070260-Year3_Term2\Project1\Code\Project-for-Work\data\images\sherrytrueself_twitter_47d6d530.jpg,sherrytrueself,twitter,2026-01-12T01:17:40.668320
shibuibrahim_twitter_a729b460,d:\66070260-Year3_Term2\Project1\Code\Project-for-Work\data\images\shibuibrahim_twitter_a729b460.jpg,shibuibrahim,twitter,2026-01-12T01:17:40.691295
shintaroabe_twitter_54652463,d:\66070260-Year3_Term2\Project1\Code\Project-for-Work\data\images\shintaroabe_twitter_54652463.jpg,shintaroabe,twitter,2026-01-12T01:17:40.717423
shonhughes_twitter_32ffc4f1,d:\66070260-Year3_Term2\Project1\Code\Project-for-Work\data\images\shonhughes_twitter_32ffc4f1.jpg,shonhughes,twitter,2026-01-12T01:17:40.740176
shortformelissa_twitter_c816f818,d:\66070260-Year3_Term2\Project1\Code\Project-for-Work\data\images\shortformelissa_twitter_c816f818.jpg,shortformelissa,twitter,2026-01-12T01:17:40.773839
shugo_twitter_b75d733b,d:\66070260-Year3_Term2\Project1\Code\Project-for-Work\data\images\shugo_twitter_b75d733b.jpg,shugo,twitter,2026-01-12T01:17:40.803289
siam_twitter_2f6bc02a,d:\66070260-Year3_Term2\Project1\Code\Project-for-Work\data\images\siam_twitter_2f6bc02a.jpg,siam,twitter,2026-01-12T01:17:40.843480
sicarpv_twitter_7f65caca,d:\66070260-Year3_Term2\Project1\Code\Project-for-Work\data\images\sicarpv_twitter_7f65caca.jpg,sicarpv,twitter,2026-01-12T01:17:40.867434
sidali_twitter_3f20d524,d:\66070260-Year3_Term2\Project1\Code\Project-for-Work\data\images\sidali_twitter_3f20d524.jpg,sidali,twitter,2026-01-12T01:17:40.902910
sidede_twitter_6e1291ea,d:\66070260-Year3_Term2\Project1\Code\Project-for-Work\data\images\sidede_twitter_6e1291ea.jpg,sidede,twitter,2026-01-12T01:17:40.925257
sidsel_twitter_a6ed81dd,d:\66070260-Year3_Term2\Project1\Code\Project-for-Work\data\images\sidsel_twitter_a6ed81dd.jpg,sidsel,twitter,2026-01-12T01:17:40.957538
signhk_twitter_8a31cd7b,d:\66070260-Year3_Term2\Project1\Code\Project-for-Work\data\images\signhk_twitter_8a31cd7b.jpg,signhk,twitter,2026-01-12T01:17:40.971560
sigurdson_twitter_aaf9310a,d:\66070260-Year3_Term2\Project1\Code\Project-for-Work\data\images\sigurdson_twitter_aaf9310a.jpg,sigurdson,twitter,2026-01-12T01:17:41.011785
siguy_twitter_7a082433,d:\66070260-Year3_Term2\Project1\Code\Project-for-Work\data\images\siguy_twitter_7a082433.jpg,siguy,twitter,2026-01-12T01:17:41.045365
silviabriano_twitter_fe2df68f,d:\66070260-Year3_Term2\Project1\Code\Project-for-Work\data\images\silviabriano_twitter_fe2df68f.jpg,silviabriano,twitter,2026-01-12T01:17:41.079954
silviafattori_twitter_785a0bfe,d:\66070260-Year3_Term2\Project1\Code\Project-for-Work\data\images\silviafattori_twitter_785a0bfe.jpg,silviafattori,twitter,2026-01-12T01:17:41.120656
silviafoglia_twitter_ba2e0628,d:\66070260-Year3_Term2\Project1\Code\Project-for-Work\data\images\silviafoglia_twitter_ba2e0628.jpg,silviafoglia,twitter,2026-01-12T01:17:41.152634
simonemccallum_twitter_6dc52e31,d:\66070260-Year3_Term2\Project1\Code\Project-for-Work\data\images\simonemccallum_twitter_6dc52e31.jpg,simonemccallum,twitter,2026-01-12T01:17:41.175572
sio_twitter_e4fe1bbc,d:\66070260-Year3_Term2\Project1\Code\Project-for-Work\data\images\sio_twitter_e4fe1bbc.jpg,sio,twitter,2026-01-12T01:17:41.200411
sirmmo_twitter_979a3b13,d:\66070260-Year3_Term2\Project1\Code\Project-for-Work\data\images\sirmmo_twitter_979a3b13.jpg,sirmmo,twitter,2026-01-12T01:17:41.240875
sitiodascitacoes_twitter_990ce278,d:\66070260-Year3_Term2\Project1\Code\Project-for-Work\data\images\sitiodascitacoes_twitter_990ce278.jpg,sitiodascitacoes,twitter,2026-01-12T01:17:41.264807
skyjunior203_twitter_15d43683,d:\66070260-Year3_Term2\Project1\Code\Project-for-Work\data\images\skyjunior203_twitter_15d43683.jpg,skyjunior203,twitter,2026-01-12T01:17:41.287156
skypanther_twitter_7276169d,d:\66070260-Year3_Term2\Project1\Code\Project-for-Work\data\images\skypanther_twitter_7276169d.jpg,skypanther,twitter,2026-01-12T01:17:41.313661
slakker9_twitter_c1339ec6,d:\66070260-Year3_Term2\Project1\Code\Project-for-Work\data\images\slakker9_twitter_c1339ec6.jpg,slakker9,twitter,2026-01-12T01:17:41.337840
smediabutterfly_twitter_f8d8e133,d:\66070260-Year3_Term2\Project1\Code\Project-for-Work\data\images\smediabutterfly_twitter_f8d8e133.jpg,smediabutterfly,twitter,2026-01-12T01:17:41.380852
smokinronniehalcomb_twitter_42a33e45,d:\66070260-Year3_Term2\Project1\Code\Project-for-Work\data\images\smokinronniehalcomb_twitter_42a33e45.jpg,smokinronniehalcomb,twitter,2026-01-12T01:17:41.397126
sniyazov_twitter_4291a9e8,d:\66070260-Year3_Term2\Project1\Code\Project-for-Work\data\images\sniyazov_twitter_4291a9e8.jpg,sniyazov,twitter,2026-01-12T01:17:41.426035
snowhole_twitter_23b3bd2b,d:\66070260-Year3_Term2\Project1\Code\Project-for-Work\data\images\snowhole_twitter_23b3bd2b.jpg,snowhole,twitter,2026-01-12T01:17:41.457656
socialcrm_twitter_5f42be80,d:\66070260-Year3_Term2\Project1\Code\Project-for-Work\data\images\socialcrm_twitter_5f42be80.jpg,socialcrm,twitter,2026-01-12T01:17:41.485221
socialleslie_twitter_0ba98e23,d:\66070260-Year3_Term2\Project1\Code\Project-for-Work\data\images\socialleslie_twitter_0ba98e23.jpg,socialleslie,twitter,2026-01-12T01:17:41.532337
societychurch_twitter_7acf9a45,d:\66070260-Year3_Term2\Project1\Code\Project-for-Work\data\images\societychurch_twitter_7acf9a45.jpg,societychurch,twitter,2026-01-12T01:17:41.562395
soenarko_twitter_8a1d2dbf,d:\66070260-Year3_Term2\Project1\Code\Project-for-Work\data\images\soenarko_twitter_8a1d2dbf.jpg,soenarko,twitter,2026-01-12T01:17:41.608352
sohochoc_twitter_cecc26d1,d:\66070260-Year3_Term2\Project1\Code\Project-for-Work\data\images\sohochoc_twitter_cecc26d1.jpg,sohochoc,twitter,2026-01-12T01:17:41.620305
sokazo_twitter_fe9d55dd,d:\66070260-Year3_Term2\Project1\Code\Project-for-Work\data\images\sokazo_twitter_fe9d55dd.jpg,sokazo,twitter,2026-01-12T01:17:41.659327
sokrekl_twitter_fd2f69d2,d:\66070260-Year3_Term2\Project1\Code\Project-for-Work\data\images\sokrekl_twitter_fd2f69d2.jpg,sokrekl,twitter,2026-01-12T01:17:41.691434
solomonbrothers_twitter_75bbc695,d:\66070260-Year3_Term2\Project1\Code\Project-for-Work\data\images\solomonbrothers_twitter_75bbc695.jpg,solomonbrothers,twitter,2026-01-12T01:17:41.703512
soloseba_twitter_2bae5a18,d:\66070260-Year3_Term2\Project1\Code\Project-for-Work\data\images\soloseba_twitter_2bae5a18.jpg,soloseba,twitter,2026-01-12T01:17:41.739781
solutionsinla_twitter_41b98303,d:\66070260-Year3_Term2\Project1\Code\Project-for-Work\data\images\solutionsinla_twitter_41b98303.jpg,solutionsinla,twitter,2026-01-12T01:17:41.764631
sommercollier_twitter_4181036f,d:\66070260-Year3_Term2\Project1\Code\Project-for-Work\data\images\sommercollier_twitter_4181036f.jpg,sommercollier,twitter,2026-01-12T01:17:41.812106
soniagennaro_twitter_1059f0c7,d:\66070260-Year3_Term2\Project1\Code\Project-for-Work\data\images\soniagennaro_twitter_1059f0c7.jpg,soniagennaro,twitter,2026-01-12T01:17:41.858147
soniapolacci_twitter_9a32f1e7,d:\66070260-Year3_Term2\Project1\Code\Project-for-Work\data\images\soniapolacci_twitter_9a32f1e7.jpg,soniapolacci,twitter,2026-01-12T01:17:41.894340
sonic010739_twitter_c314e540,d:\66070260-Year3_Term2\Project1\Code\Project-for-Work\data\images\sonic010739_twitter_c314e540.jpg,sonic010739,twitter,2026-01-12T01:17:41.936990
sonnyellar_twitter_a9df2e9d,d:\66070260-Year3_Term2\Project1\Code\Project-for-Work\data\images\sonnyellar_twitter_a9df2e9d.jpg,sonnyellar,twitter,2026-01-12T01:17:41.978255
sorayasantos_twitter_2bd2b9ae,d:\66070260-Year3_Term2\Project1\Code\Project-for-Work\data\images\sorayasantos_twitter_2bd2b9ae.jpg,sorayasantos,twitter,2026-01-12T01:17:42.019673
sorgenia_twitter_353a49c5,d:\66070260-Year3_Term2\Project1\Code\Project-for-Work\data\images\sorgenia_twitter_353a49c5.jpg,sorgenia,twitter,2026-01-12T01:17:42.053536
soulsailor_twitter_cbe10188,d:\66070260-Year3_Term2\Project1\Code\Project-for-Work\data\images\soulsailor_twitter_cbe10188.jpg,soulsailor,twitter,2026-01-12T01:17:42.094765
soundroll_twitter_f83af302,d:\66070260-Year3_Term2\Project1\Code\Project-for-Work\data\images\soundroll_twitter_f83af302.jpg,soundroll,twitter,2026-01-12T01:17:42.146988
soyoscar_twitter_4b8f6428,d:\66070260-Year3_Term2\Project1\Code\Project-for-Work\data\images\soyoscar_twitter_4b8f6428.jpg,soyoscar,twitter,2026-01-12T01:17:42.198384
spacefoxstudio_twitter_1003bd92,d:\66070260-Year3_Term2\Project1\Code\Project-for-Work\data\images\spacefoxstudio_twitter_1003bd92.jpg,spacefoxstudio,twitter,2026-01-12T01:17:42.233694
speakingbadger_twitter_145a24ed,d:\66070260-Year3_Term2\Project1\Code\Project-for-Work\data\images\speakingbadger_twitter_145a24ed.jpg,speakingbadger,twitter,2026-01-12T01:17:42.286759
srcalypsoo_twitter_1696e34c,d:\66070260-Year3_Term2\Project1\Code\Project-for-Work\data\images\srcalypsoo_twitter_1696e34c.jpg,srcalypsoo,twitter,2026-01-12T01:17:42.322326
sroyer_twitter_c7ac23eb,d:\66070260-Year3_Term2\Project1\Code\Project-for-Work\data\images\sroyer_twitter_c7ac23eb.jpg,sroyer,twitter,2026-01-12T01:17:42.363214
ssalazars_twitter_c57bdce4,d:\66070260-Year3_Term2\Project1\Code\Project-for-Work\data\images\ssalazars_twitter_c57bdce4.jpg,ssalazars,twitter,2026-01-12T01:17:42.414337
ssofia_twitter_2c4b2da8,d:\66070260-Year3_Term2\Project1\Code\Project-for-Work\data\images\ssofia_twitter_2c4b2da8.jpg,ssofia,twitter,2026-01-12T01:17:42.443323
staboada_twitter_e377a5c0,d:\66070260-Year3_Term2\Project1\Code\Project-for-Work\data\images\staboada_twitter_e377a5c0.jpg,staboada,twitter,2026-01-12T01:17:42.486328
stacysanchez_twitter_c271be91,d:\66070260-Year3_Term2\Project1\Code\Project-for-Work\data\images\stacysanchez_twitter_c271be91.jpg,stacysanchez,twitter,2026-01-12T01:17:42.497248
stefanocannizzaro_twitter_f2a1d53f,d:\66070260-Year3_Term2\Project1\Code\Project-for-Work\data\images\stefanocannizzaro_twitter_f2a1d53f.jpg,stefanocannizzaro,twitter,2026-01-12T01:17:42.530431
stefanogiudici_twitter_b2da153b,d:\66070260-Year3_Term2\Project1\Code\Project-for-Work\data\images\stefanogiudici_twitter_b2da153b.jpg,stefanogiudici,twitter,2026-01-12T01:17:42.567982
stefanwoldekidan_twitter_46abbc88,d:\66070260-Year3_Term2\Project1\Code\Project-for-Work\data\images\stefanwoldekidan_twitter_46abbc88.jpg,stefanwoldekidan,twitter,2026-01-12T01:17:42.610503
stenmartin_twitter_8126b74f,d:\66070260-Year3_Term2\Project1\Code\Project-for-Work\data\images\stenmartin_twitter_8126b74f.jpg,stenmartin,twitter,2026-01-12T01:17:42.643105
stephaniebogus_twitter_ed151cce,d:\66070260-Year3_Term2\Project1\Code\Project-for-Work\data\images\stephaniebogus_twitter_ed151cce.jpg,stephaniebogus,twitter,2026-01-12T01:17:42.669940
stephaniemaxwell_twitter_25ad05ec,d:\66070260-Year3_Term2\Project1\Code\Project-for-Work\data\images\stephaniemaxwell_twitter_25ad05ec.jpg,stephaniemaxwell,twitter,2026-01-12T01:17:42.698020
stephaniemcd_twitter_b55ff373,d:\66070260-Year3_Term2\Project1\Code\Project-for-Work\data\images\stephaniemcd_twitter_b55ff373.jpg,stephaniemcd,twitter,2026-01-12T01:17:42.747654
stephanieowen_twitter_64775330,d:\66070260-Year3_Term2\Project1\Code\Project-for-Work\data\images\stephanieowen_twitter_64775330.jpg,stephanieowen,twitter,2026-01-12T01:17:42.777671
stephanlendl_twitter_e785495d,d:\66070260-Year3_Term2\Project1\Code\Project-for-Work\data\images\stephanlendl_twitter_e785495d.jpg,stephanlendl,twitter,2026-01-12T01:17:42.814961
stephenalee_twitter_b10d757e,d:\66070260-Year3_Term2\Project1\Code\Project-for-Work\data\images\stephenalee_twitter_b10d757e.jpg,stephenalee,twitter,2026-01-12T01:17:42.853099
stephenbarr_twitter_b036364f,d:\66070260-Year3_Term2\Project1\Code\Project-for-Work\data\images\stephenbarr_twitter_b036364f.jpg,stephenbarr,twitter,2026-01-12T01:17:42.891216
stephenbonner_twitter_e0fd2ee6,d:\66070260-Year3_Term2\Project1\Code\Project-for-Work\data\images\stephenbonner_twitter_e0fd2ee6.jpg,stephenbonner,twitter,2026-01-12T01:17:42.926745
stephend3_twitter_d359aaea,d:\66070260-Year3_Term2\Project1\Code\Project-for-Work\data\images\stephend3_twitter_d359aaea.jpg,stephend3,twitter,2026-01-12T01:17:42.960431
stephenitis_twitter_2e8ded5c,d:\66070260-Year3_Term2\Project1\Code\Project-for-Work\data\images\stephenitis_twitter_2e8ded5c.jpg,stephenitis,twitter,2026-01-12T01:17:43.004440
stephenjscott_twitter_4438a161,d:\66070260-Year3_Term2\Project1\Code\Project-for-Work\data\images\stephenjscott_twitter_4438a161.jpg,stephenjscott,twitter,2026-01-12T01:17:43.047836
stephenmillard_twitter_3f879dbd,d:\66070260-Year3_Term2\Project1\Code\Project-for-Work\data\images\stephenmillard_twitter_3f879dbd.jpg,stephenmillard,twitter,2026-01-12T01:17:43.090244
stephenwells_twitter_efd0c92e,d:\66070260-Year3_Term2\Project1\Code\Project-for-Work\data\images\stephenwells_twitter_efd0c92e.jpg,stephenwells,twitter,2026-01-12T01:17:43.136290
stephintoronto_twitter_30066e51,d:\66070260-Year3_Term2\Project1\Code\Project-for-Work\data\images\stephintoronto_twitter_30066e51.jpg,stephintoronto,twitter,2026-01-12T01:17:43.161634
stephlauren_twitter_bc00ac3b,d:\66070260-Year3_Term2\Project1\Code\Project-for-Work\data\images\stephlauren_twitter_bc00ac3b.jpg,stephlauren,twitter,2026-01-12T01:17:43.205686
stevegarfield_twitter_4da1e447,d:\66070260-Year3_Term2\Project1\Code\Project-for-Work\data\images\stevegarfield_twitter_4da1e447.jpg,stevegarfield,twitter,2026-01-12T01:17:43.256093
stevei_twitter_3434df97,d:\66070260-Year3_Term2\Project1\Code\Project-for-Work\data\images\stevei_twitter_3434df97.jpg,stevei,twitter,2026-01-12T01:17:43.302117
stevenabittan_twitter_6890a36e,d:\66070260-Year3_Term2\Project1\Code\Project-for-Work\data\images\stevenabittan_twitter_6890a36e.jpg,stevenabittan,twitter,2026-01-12T01:17:43.340933
stevencullifer_twitter_1b14998d,d:\66070260-Year3_Term2\Project1\Code\Project-for-Work\data\images\stevencullifer_twitter_1b14998d.jpg,stevencullifer,twitter,2026-01-12T01:17:43.382442
stevendamron_twitter_e3588812,d:\66070260-Year3_Term2\Project1\Code\Project-for-Work\data\images\stevendamron_twitter_e3588812.jpg,stevendamron,twitter,2026-01-12T01:17:43.419695
stevenlarson_twitter_f76c0661,d:\66070260-Year3_Term2\Project1\Code\Project-for-Work\data\images\stevenlarson_twitter_f76c0661.jpg,stevenlarson,twitter,2026-01-12T01:17:43.462039
steventjones_twitter_c7fcbb8d,d:\66070260-Year3_Term2\Project1\Code\Project-for-Work\data\images\steventjones_twitter_c7fcbb8d.jpg,steventjones,twitter,2026-01-12T01:17:43.494913
steveweston_twitter_7b49659d,d:\66070260-Year3_Term2\Project1\Code\Project-for-Work\data\images\steveweston_twitter_7b49659d.jpg,steveweston,twitter,2026-01-12T01:17:43.524471
stewarthayes_twitter_26887e93,d:\66070260-Year3_Term2\Project1\Code\Project-for-Work\data\images\stewarthayes_twitter_26887e93.jpg,stewarthayes,twitter,2026-01-12T01:17:43.562391
stickgrinder_twitter_d6a61627,d:\66070260-Year3_Term2\Project1\Code\Project-for-Work\data\images\stickgrinder_twitter_d6a61627.jpg,stickgrinder,twitter,2026-01-12T01:17:43.606656
stoneyxl_twitter_a41eb6b2,d:\66070260-Year3_Term2\Project1\Code\Project-for-Work\data\images\stoneyxl_twitter_a41eb6b2.jpg,stoneyxl,twitter,2026-01-12T01:17:43.647709
stormy86_twitter_f017a36b,d:\66070260-Year3_Term2\Project1\Code\Project-for-Work\data\images\stormy86_twitter_f017a36b.jpg,stormy86,twitter,2026-01-12T01:17:43.690782
strawfish_twitter_e457cda8,d:\66070260-Year3_Term2\Project1\Code\Project-for-Work\data\images\strawfish_twitter_e457cda8.jpg,strawfish,twitter,2026-01-12T01:17:43.718224
stregato86_twitter_414150b0,d:\66070260-Year3_Term2\Project1\Code\Project-for-Work\data\images\stregato86_twitter_414150b0.jpg,stregato86,twitter,2026-01-12T01:17:43.749290
stuarthiggs_twitter_701a28c1,d:\66070260-Year3_Term2\Project1\Code\Project-for-Work\data\images\stuarthiggs_twitter_701a28c1.jpg,stuarthiggs,twitter,2026-01-12T01:17:43.792205
studiomiguel_twitter_87356f2a,d:\66070260-Year3_Term2\Project1\Code\Project-for-Work\data\images\studiomiguel_twitter_87356f2a.jpg,studiomiguel,twitter,2026-01-12T01:17:43.823371
stuttgarter_twitter_c272cfe7,d:\66070260-Year3_Term2\Project1\Code\Project-for-Work\data\images\stuttgarter_twitter_c272cfe7.jpg,stuttgarter,twitter,2026-01-12T01:17:43.858143
sucio_twitter_00399805,d:\66070260-Year3_Term2\Project1\Code\Project-for-Work\data\images\sucio_twitter_00399805.jpg,sucio,twitter,2026-01-12T01:17:43.887585
sudol_twitter_93fa21ea,d:\66070260-Year3_Term2\Project1\Code\Project-for-Work\data\images\sudol_twitter_93fa21ea.jpg,sudol,twitter,2026-01-12T01:17:43.915901
sueblack_twitter_621aa64e,d:\66070260-Year3_Term2\Project1\Code\Project-for-Work\data\images\sueblack_twitter_621aa64e.jpg,sueblack,twitter,2026-01-12T01:17:43.943815
sugabetic_twitter_a1df951c,d:\66070260-Year3_Term2\Project1\Code\Project-for-Work\data\images\sugabetic_twitter_a1df951c.jpg,sugabetic,twitter,2026-01-12T01:17:43.992479
sukhighuman_twitter_6f0acd9e,d:\66070260-Year3_Term2\Project1\Code\Project-for-Work\data\images\sukhighuman_twitter_6f0acd9e.jpg,sukhighuman,twitter,2026-01-12T01:17:44.028948
sultangfx_twitter_139c3f72,d:\66070260-Year3_Term2\Project1\Code\Project-for-Work\data\images\sultangfx_twitter_139c3f72.jpg,sultangfx,twitter,2026-01-12T01:17:44.065770
sunanulhuda_twitter_6f93a57d,d:\66070260-Year3_Term2\Project1\Code\Project-for-Work\data\images\sunanulhuda_twitter_6f93a57d.jpg,sunanulhuda,twitter,2026-01-12T01:17:44.095229
suneeshlal_twitter_ff77713d,d:\66070260-Year3_Term2\Project1\Code\Project-for-Work\data\images\suneeshlal_twitter_ff77713d.jpg,suneeshlal,twitter,2026-01-12T01:17:44.127032
sungoddess_twitter_0a1b76c5,d:\66070260-Year3_Term2\Project1\Code\Project-for-Work\data\images\sungoddess_twitter_0a1b76c5.jpg,sungoddess,twitter,2026-01-12T01:17:44.160278
sunshinessui_twitter_1a98dbed,d:\66070260-Year3_Term2\Project1\Code\Project-for-Work\data\images\sunshinessui_twitter_1a98dbed.jpg,sunshinessui,twitter,2026-01-12T01:17:44.188879
sunupermana_twitter_5502fa04,d:\66070260-Year3_Term2\Project1\Code\Project-for-Work\data\images\sunupermana_twitter_5502fa04.jpg,sunupermana,twitter,2026-01-12T01:17:44.218426
supersupersuper_twitter_dbb72d1b,d:\66070260-Year3_Term2\Project1\Code\Project-for-Work\data\images\supersupersuper_twitter_dbb72d1b.jpg,supersupersuper,twitter,2026-01-12T01:17:44.247972
susanaayala_twitter_96ef1c13,d:\66070260-Year3_Term2\Project1\Code\Project-for-Work\data\images\susanaayala_twitter_96ef1c13.jpg,susanaayala,twitter,2026-01-12T01:17:44.273340
susannahseefeldt_twitter_67ef4f49,d:\66070260-Year3_Term2\Project1\Code\Project-for-Work\data\images\susannahseefeldt_twitter_67ef4f49.jpg,susannahseefeldt,twitter,2026-01-12T01:17:44.326857
susanrapp_twitter_05460e2a,d:\66070260-Year3_Term2\Project1\Code\Project-for-Work\data\images\susanrapp_twitter_05460e2a.jpg,susanrapp,twitter,2026-01-12T01:17:44.373812
susanscrupski_twitter_d2c87a79,d:\66070260-Year3_Term2\Project1\Code\Project-for-Work\data\images\susanscrupski_twitter_d2c87a79.jpg,susanscrupski,twitter,2026-01-12T01:17:44.414191
suvrobanerji_twitter_ee423a98,d:\66070260-Year3_Term2\Project1\Code\Project-for-Work\data\images\suvrobanerji_twitter_ee423a98.jpg,suvrobanerji,twitter,2026-01-12T01:17:44.453492
suzannecourtney_twitter_19ddb761,d:\66070260-Year3_Term2\Project1\Code\Project-for-Work\data\images\suzannecourtney_twitter_19ddb761.jpg,suzannecourtney,twitter,2026-01-12T01:17:44.526763
svilen_twitter_983fb4c4,d:\66070260-Year3_Term2\Project1\Code\Project-for-Work\data\images\svilen_twitter_983fb4c4.jpg,svilen,twitter,2026-01-12T01:17:44.582410
swarmster_twitter_4ec52488,d:\66070260-Year3_Term2\Project1\Code\Project-for-Work\data\images\swarmster_twitter_4ec52488.jpg,swarmster,twitter,2026-01-12T01:17:44.644923
swellsbennett_twitter_82a40c8e,d:\66070260-Year3_Term2\Project1\Code\Project-for-Work\data\images\swellsbennett_twitter_82a40c8e.jpg,swellsbennett,twitter,2026-01-12T01:17:44.702989
swism_twitter_75bb6ed4,d:\66070260-Year3_Term2\Project1\Code\Project-for-Work\data\images\swism_twitter_75bb6ed4.jpg,swism,twitter,2026-01-12T01:17:44.754216
swissmountainleader_twitter_e1da210a,d:\66070260-Year3_Term2\Project1\Code\Project-for-Work\data\images\swissmountainleader_twitter_e1da210a.jpg,swissmountainleader,twitter,2026-01-12T01:17:44.791514
syedrushda_twitter_540554b2,d:\66070260-Year3_Term2\Project1\Code\Project-for-Work\data\images\syedrushda_twitter_540554b2.jpg,syedrushda,twitter,2026-01-12T01:17:44.830699
symonchow_twitter_c66b5d30,d:\66070260-Year3_Term2\Project1\Code\Project-for-Work\data\images\symonchow_twitter_c66b5d30.jpg,symonchow,twitter,2026-01-12T01:17:44.860075
syntasium_twitter_a1f5cfa6,d:\66070260-Year3_Term2\Project1\Code\Project-for-Work\data\images\syntasium_twitter_a1f5cfa6.jpg,syntasium,twitter,2026-01-12T01:17:44.902444
tadd31_twitter_580802a9,d:\66070260-Year3_Term2\Project1\Code\Project-for-Work\data\images\tadd31_twitter_580802a9.jpg,tadd31,twitter,2026-01-12T01:17:44.931466
taeff_twitter_e53f71b1,d:\66070260-Year3_Term2\Project1\Code\Project-for-Work\data\images\taeff_twitter_e53f71b1.jpg,taeff,twitter,2026-01-12T01:17:44.977475
tahoe58_twitter_5515ce6a,d:\66070260-Year3_Term2\Project1\Code\Project-for-Work\data\images\tahoe58_twitter_5515ce6a.jpg,tahoe58,twitter,2026-01-12T01:17:45.015633
talintyre_twitter_5fa93778,d:\66070260-Year3_Term2\Project1\Code\Project-for-Work\data\images\talintyre_twitter_5fa93778.jpg,talintyre,twitter,2026-01-12T01:17:45.049808
talrasha_twitter_25a67244,d:\66070260-Year3_Term2\Project1\Code\Project-for-Work\data\images\talrasha_twitter_25a67244.jpg,talrasha,twitter,2026-01-12T01:17:45.082714
tanguymignot_twitter_a52e1025,d:\66070260-Year3_Term2\Project1\Code\Project-for-Work\data\images\tanguymignot_twitter_a52e1025.jpg,tanguymignot,twitter,2026-01-12T01:17:45.094588
taniagarron_twitter_787b579d,d:\66070260-Year3_Term2\Project1\Code\Project-for-Work\data\images\taniagarron_twitter_787b579d.jpg,taniagarron,twitter,2026-01-12T01:17:45.134570
tanyagagnon_twitter_e6c17cf4,d:\66070260-Year3_Term2\Project1\Code\Project-for-Work\data\images\tanyagagnon_twitter_e6c17cf4.jpg,tanyagagnon,twitter,2026-01-12T01:17:45.185319
tapps_twitter_9b3c70de,d:\66070260-Year3_Term2\Project1\Code\Project-for-Work\data\images\tapps_twitter_9b3c70de.jpg,tapps,twitter,2026-01-12T01:17:45.233071
tassoskapernekas_twitter_88c5d10b,d:\66070260-Year3_Term2\Project1\Code\Project-for-Work\data\images\tassoskapernekas_twitter_88c5d10b.jpg,tassoskapernekas,twitter,2026-01-12T01:17:45.285366
tatianaavdjiev_twitter_3103b95a,d:\66070260-Year3_Term2\Project1\Code\Project-for-Work\data\images\tatianaavdjiev_twitter_3103b95a.jpg,tatianaavdjiev,twitter,2026-01-12T01:17:45.320141
taymoor_twitter_0446059e,d:\66070260-Year3_Term2\Project1\Code\Project-for-Work\data\images\taymoor_twitter_0446059e.jpg,taymoor,twitter,2026-01-12T01:17:45.367329
tearyeyezs_twitter_63448b11,d:\66070260-Year3_Term2\Project1\Code\Project-for-Work\data\images\tearyeyezs_twitter_63448b11.jpg,tearyeyezs,twitter,2026-01-12T01:17:45.404721
tedmihu_twitter_0edc169c,d:\66070260-Year3_Term2\Project1\Code\Project-for-Work\data\images\tedmihu_twitter_0edc169c.jpg,tedmihu,twitter,2026-01-12T01:17:45.445870
tedr_twitter_fa80e28c,d:\66070260-Year3_Term2\Project1\Code\Project-for-Work\data\images\tedr_twitter_fa80e28c.jpg,tedr,twitter,2026-01-12T01:17:45.476460
tele_twitter_9519f294,d:\66070260-Year3_Term2\Project1\Code\Project-for-Work\data\images\tele_twitter_9519f294.jpg,tele,twitter,2026-01-12T01:17:45.494621
tellurideblues_twitter_c61b253d,d:\66070260-Year3_Term2\Project1\Code\Project-for-Work\data\images\tellurideblues_twitter_c61b253d.jpg,tellurideblues,twitter,2026-01-12T01:17:45.533531
telmamelo_twitter_4f6c9e62,d:\66070260-Year3_Term2\Project1\Code\Project-for-Work\data\images\telmamelo_twitter_4f6c9e62.jpg,telmamelo,twitter,2026-01-12T01:17:45.561453
terrahambly_twitter_91da4cf1,d:\66070260-Year3_Term2\Project1\Code\Project-for-Work\data\images\terrahambly_twitter_91da4cf1.jpg,terrahambly,twitter,2026-01-12T01:17:45.602917
terricoles_twitter_c0e08298,d:\66070260-Year3_Term2\Project1\Code\Project-for-Work\data\images\terricoles_twitter_c0e08298.jpg,terricoles,twitter,2026-01-12T01:17:45.640349
tessadufresne_twitter_a2a35a41,d:\66070260-Year3_Term2\Project1\Code\Project-for-Work\data\images\tessadufresne_twitter_a2a35a41.jpg,tessadufresne,twitter,2026-01-12T01:17:45.678574
thalitasantos_twitter_3d9b9330,d:\66070260-Year3_Term2\Project1\Code\Project-for-Work\data\images\thalitasantos_twitter_3d9b9330.jpg,thalitasantos,twitter,2026-01-12T01:17:45.720378
thanhnkh_twitter_e03e6bd0,d:\66070260-Year3_Term2\Project1\Code\Project-for-Work\data\images\thanhnkh_twitter_e03e6bd0.jpg,thanhnkh,twitter,2026-01-12T01:17:45.744376
thanser_twitter_39863a8a,d:\66070260-Year3_Term2\Project1\Code\Project-for-Work\data\images\thanser_twitter_39863a8a.jpg,thanser,twitter,2026-01-12T01:17:45.780574
thatgirlmegan_twitter_617e3a5f,d:\66070260-Year3_Term2\Project1\Code\Project-for-Work\data\images\thatgirlmegan_twitter_617e3a5f.jpg,thatgirlmegan,twitter,2026-01-12T01:17:45.797606
thecomfortoutlet_twitter_3793746d,d:\66070260-Year3_Term2\Project1\Code\Project-for-Work\data\images\thecomfortoutlet_twitter_3793746d.jpg,thecomfortoutlet,twitter,2026-01-12T01:17:45.804854
thecuriouscreative_twitter_41cd347c,d:\66070260-Year3_Term2\Project1\Code\Project-for-Work\data\images\thecuriouscreative_twitter_41cd347c.jpg,thecuriouscreative,twitter,2026-01-12T01:17:45.840086
thedanieljsmith_twitter_1235a678,d:\66070260-Year3_Term2\Project1\Code\Project-for-Work\data\images\thedanieljsmith_twitter_1235a678.jpg,thedanieljsmith,twitter,2026-01-12T01:17:45.868117
thedudedean_twitter_37398770,d:\66070260-Year3_Term2\Project1\Code\Project-for-Work\data\images\thedudedean_twitter_37398770.jpg,thedudedean,twitter,2026-01-12T01:17:45.897211
thegadgeteur_twitter_72937d4f,d:\66070260-Year3_Term2\Project1\Code\Project-for-Work\data\images\thegadgeteur_twitter_72937d4f.jpg,thegadgeteur,twitter,2026-01-12T01:17:45.917296
thejeff_twitter_262022f8,d:\66070260-Year3_Term2\Project1\Code\Project-for-Work\data\images\thejeff_twitter_262022f8.jpg,thejeff,twitter,2026-01-12T01:17:45.965449
thejennafox_twitter_4f956c3d,d:\66070260-Year3_Term2\Project1\Code\Project-for-Work\data\images\thejennafox_twitter_4f956c3d.jpg,thejennafox,twitter,2026-01-12T01:17:45.988788
thejennylam_twitter_c89a201c,d:\66070260-Year3_Term2\Project1\Code\Project-for-Work\data\images\thejennylam_twitter_c89a201c.jpg,thejennylam,twitter,2026-01-12T01:17:46.024567
themichaelshane_twitter_1e6bea78,d:\66070260-Year3_Term2\Project1\Code\Project-for-Work\data\images\themichaelshane_twitter_1e6bea78.jpg,themichaelshane,twitter,2026-01-12T01:17:46.053597
themiscfiles_twitter_d27b4324,d:\66070260-Year3_Term2\Project1\Code\Project-for-Work\data\images\themiscfiles_twitter_d27b4324.jpg,themiscfiles,twitter,2026-01-12T01:17:46.087322
theoryoferin_twitter_8d398912,d:\66070260-Year3_Term2\Project1\Code\Project-for-Work\data\images\theoryoferin_twitter_8d398912.jpg,theoryoferin,twitter,2026-01-12T01:17:46.110110
thepanda_twitter_06168571,d:\66070260-Year3_Term2\Project1\Code\Project-for-Work\data\images\thepanda_twitter_06168571.jpg,thepanda,twitter,2026-01-12T01:17:46.146876
thereadingcircle01_twitter_d81e2dbf,d:\66070260-Year3_Term2\Project1\Code\Project-for-Work\data\images\thereadingcircle01_twitter_d81e2dbf.jpg,thereadingcircle01,twitter,2026-01-12T01:17:46.182836
theresag_twitter_ce7c639f,d:\66070260-Year3_Term2\Project1\Code\Project-for-Work\data\images\theresag_twitter_ce7c639f.jpg,theresag,twitter,2026-01-12T01:17:46.213629
thesimonharris_twitter_465c1c45,d:\66070260-Year3_Term2\Project1\Code\Project-for-Work\data\images\thesimonharris_twitter_465c1c45.jpg,thesimonharris,twitter,2026-01-12T01:17:46.244345
thexwarrior_twitter_1b18fc62,d:\66070260-Year3_Term2\Project1\Code\Project-for-Work\data\images\thexwarrior_twitter_1b18fc62.jpg,thexwarrior,twitter,2026-01-12T01:17:46.270821
thiagobusse_twitter_1c290eba,d:\66070260-Year3_Term2\Project1\Code\Project-for-Work\data\images\thiagobusse_twitter_1c290eba.jpg,thiagobusse,twitter,2026-01-12T01:17:46.312178
thierryocho_twitter_193917dc,d:\66070260-Year3_Term2\Project1\Code\Project-for-Work\data\images\thierryocho_twitter_193917dc.jpg,thierryocho,twitter,2026-01-12T01:17:46.358813
thierryweber_twitter_fee183a2,d:\66070260-Year3_Term2\Project1\Code\Project-for-Work\data\images\thierryweber_twitter_fee183a2.jpg,thierryweber,twitter,2026-01-12T01:17:46.390883
thinkpositive_twitter_a0e1c2aa,d:\66070260-Year3_Term2\Project1\Code\Project-for-Work\data\images\thinkpositive_twitter_a0e1c2aa.jpg,thinkpositive,twitter,2026-01-12T01:17:46.414245
thinzaroo_twitter_b117c631,d:\66070260-Year3_Term2\Project1\Code\Project-for-Work\data\images\thinzaroo_twitter_b117c631.jpg,thinzaroo,twitter,2026-01-12T01:17:46.449527
thisgunforhire_twitter_fc8346b9,d:\66070260-Year3_Term2\Project1\Code\Project-for-Work\data\images\thisgunforhire_twitter_fc8346b9.jpg,thisgunforhire,twitter,2026-01-12T01:17:46.490742
thomaskeup_twitter_0031c401,d:\66070260-Year3_Term2\Project1\Code\Project-for-Work\data\images\thomaskeup_twitter_0031c401.jpg,thomaskeup,twitter,2026-01-12T01:17:46.542346
thomasmarcusgeorge_twitter_73d82e03,d:\66070260-Year3_Term2\Project1\Code\Project-for-Work\data\images\thomasmarcusgeorge_twitter_73d82e03.jpg,thomasmarcusgeorge,twitter,2026-01-12T01:17:46.583753
thomasosborne_twitter_7cf9d0c7,d:\66070260-Year3_Term2\Project1\Code\Project-for-Work\data\images\thomasosborne_twitter_7cf9d0c7.jpg,thomasosborne,twitter,2026-01-12T01:17:46.627119
thomaspleil_twitter_7e69bffd,d:\66070260-Year3_Term2\Project1\Code\Project-for-Work\data\images\thomaspleil_twitter_7e69bffd.jpg,thomaspleil,twitter,2026-01-12T01:17:46.645249
thomasseifert_twitter_71ecf510,d:\66070260-Year3_Term2\Project1\Code\Project-for-Work\data\images\thomasseifert_twitter_71ecf510.jpg,thomasseifert,twitter,2026-01-12T01:17:46.685489
thompsontanya_twitter_b4546d5b,d:\66070260-Year3_Term2\Project1\Code\Project-for-Work\data\images\thompsontanya_twitter_b4546d5b.jpg,thompsontanya,twitter,2026-01-12T01:17:46.736627
thorstenbastian_twitter_7e543edb,d:\66070260-Year3_Term2\Project1\Code\Project-for-Work\data\images\thorstenbastian_twitter_7e543edb.jpg,thorstenbastian,twitter,2026-01-12T01:17:46.774382
threedot_twitter_094ef3d3,d:\66070260-Year3_Term2\Project1\Code\Project-for-Work\data\images\threedot_twitter_094ef3d3.jpg,threedot,twitter,2026-01-12T01:17:46.825449
tiagohiroshi_twitter_7b709740,d:\66070260-Year3_Term2\Project1\Code\Project-for-Work\data\images\tiagohiroshi_twitter_7b709740.jpg,tiagohiroshi,twitter,2026-01-12T01:17:46.856753
tiffanyff_twitter_ed05c88a,d:\66070260-Year3_Term2\Project1\Code\Project-for-Work\data\images\tiffanyff_twitter_ed05c88a.jpg,tiffanyff,twitter,2026-01-12T01:17:46.890469
timbr_twitter_c3a4010c,d:\66070260-Year3_Term2\Project1\Code\Project-for-Work\data\images\timbr_twitter_c3a4010c.jpg,timbr,twitter,2026-01-12T01:17:46.908656
timgolden_twitter_2310daee,d:\66070260-Year3_Term2\Project1\Code\Project-for-Work\data\images\timgolden_twitter_2310daee.jpg,timgolden,twitter,2026-01-12T01:17:46.941836
timhoward_twitter_16cb4c45,d:\66070260-Year3_Term2\Project1\Code\Project-for-Work\data\images\timhoward_twitter_16cb4c45.jpg,timhoward,twitter,2026-01-12T01:17:46.976525
timnewsome_twitter_07cdd4f9,d:\66070260-Year3_Term2\Project1\Code\Project-for-Work\data\images\timnewsome_twitter_07cdd4f9.jpg,timnewsome,twitter,2026-01-12T01:17:47.024675
timolsen_twitter_a0155da1,d:\66070260-Year3_Term2\Project1\Code\Project-for-Work\data\images\timolsen_twitter_a0155da1.jpg,timolsen,twitter,2026-01-12T01:17:47.043345
timothyalexander_twitter_50f69f1e,d:\66070260-Year3_Term2\Project1\Code\Project-for-Work\data\images\timothyalexander_twitter_50f69f1e.jpg,timothyalexander,twitter,2026-01-12T01:17:47.084295
timothydahl_twitter_7a48ccfa,d:\66070260-Year3_Term2\Project1\Code\Project-for-Work\data\images\timothydahl_twitter_7a48ccfa.jpg,timothydahl,twitter,2026-01-12T01:17:47.124832
timothyjohn_twitter_5f65026d,d:\66070260-Year3_Term2\Project1\Code\Project-for-Work\data\images\timothyjohn_twitter_5f65026d.jpg,timothyjohn,twitter,2026-01-12T01:17:47.159403
timothylmooney_twitter_353e9b2e,d:\66070260-Year3_Term2\Project1\Code\Project-for-Work\data\images\timothylmooney_twitter_353e9b2e.jpg,timothylmooney,twitter,2026-01-12T01:17:47.191206
timothyryan_twitter_9e971c95,d:\66070260-Year3_Term2\Project1\Code\Project-for-Work\data\images\timothyryan_twitter_9e971c95.jpg,timothyryan,twitter,2026-01-12T01:17:47.218167
timpowell_twitter_69e07ee7,d:\66070260-Year3_Term2\Project1\Code\Project-for-Work\data\images\timpowell_twitter_69e07ee7.jpg,timpowell,twitter,2026-01-12T01:17:47.257178
timryan67_twitter_b6da0d97,d:\66070260-Year3_Term2\Project1\Code\Project-for-Work\data\images\timryan67_twitter_b6da0d97.jpg,timryan67,twitter,2026-01-12T01:17:47.287760
tinrocket_twitter_10309275,d:\66070260-Year3_Term2\Project1\Code\Project-for-Work\data\images\tinrocket_twitter_10309275.jpg,tinrocket,twitter,2026-01-12T01:17:47.320425
tjanderson_twitter_3608955f,d:\66070260-Year3_Term2\Project1\Code\Project-for-Work\data\images\tjanderson_twitter_3608955f.jpg,tjanderson,twitter,2026-01-12T01:17:47.353616
tks_twitter_f0b02230,d:\66070260-Year3_Term2\Project1\Code\Project-for-Work\data\images\tks_twitter_f0b02230.jpg,tks,twitter,2026-01-12T01:17:47.383706
tlindorfer_twitter_72ed5a43,d:\66070260-Year3_Term2\Project1\Code\Project-for-Work\data\images\tlindorfer_twitter_72ed5a43.jpg,tlindorfer,twitter,2026-01-12T01:17:47.413668
tnsuarez_twitter_7bbdf08d,d:\66070260-Year3_Term2\Project1\Code\Project-for-Work\data\images\tnsuarez_twitter_7bbdf08d.jpg,tnsuarez,twitter,2026-01-12T01:17:47.464566
toddebert_twitter_0f4594b9,d:\66070260-Year3_Term2\Project1\Code\Project-for-Work\data\images\toddebert_twitter_0f4594b9.jpg,toddebert,twitter,2026-01-12T01:17:47.507751
toledoscanner_twitter_38786b30,d:\66070260-Year3_Term2\Project1\Code\Project-for-Work\data\images\toledoscanner_twitter_38786b30.jpg,toledoscanner,twitter,2026-01-12T01:17:47.538462
tomasfragoso_twitter_8bac8333,d:\66070260-Year3_Term2\Project1\Code\Project-for-Work\data\images\tomasfragoso_twitter_8bac8333.jpg,tomasfragoso,twitter,2026-01-12T01:17:47.577541
tomkeenebloomberg_twitter_3a766ce7,d:\66070260-Year3_Term2\Project1\Code\Project-for-Work\data\images\tomkeenebloomberg_twitter_3a766ce7.jpg,tomkeenebloomberg,twitter,2026-01-12T01:17:47.609199
tomkenyon_twitter_ebf27878,d:\66070260-Year3_Term2\Project1\Code\Project-for-Work\data\images\tomkenyon_twitter_ebf27878.jpg,tomkenyon,twitter,2026-01-12T01:17:47.648702
tommyflovildengebretsen_twitter_a9f6a85d,d:\66070260-Year3_Term2\Project1\Code\Project-for-Work\data\images\tommyflovildengebretsen_twitter_a9f6a85d.jpg,tommyflovildengebretsen,twitter,2026-01-12T01:17:47.674164
tommyoshima_twitter_a80a1af3,d:\66070260-Year3_Term2\Project1\Code\Project-for-Work\data\images\tommyoshima_twitter_a80a1af3.jpg,tommyoshima,twitter,2026-01-12T01:17:47.712544
tommyp_twitter_8a8d6073,d:\66070260-Year3_Term2\Project1\Code\Project-for-Work\data\images\tommyp_twitter_8a8d6073.jpg,tommyp,twitter,2026-01-12T01:17:47.754516
tommyudo_twitter_b3636396,d:\66070260-Year3_Term2\Project1\Code\Project-for-Work\data\images\tommyudo_twitter_b3636396.jpg,tommyudo,twitter,2026-01-12T01:17:47.799724
tommywhitty_twitter_a193cb70,d:\66070260-Year3_Term2\Project1\Code\Project-for-Work\data\images\tommywhitty_twitter_a193cb70.jpg,tommywhitty,twitter,2026-01-12T01:17:47.828194
tomparadiso_twitter_fc2b8ad4,d:\66070260-Year3_Term2\Project1\Code\Project-for-Work\data\images\tomparadiso_twitter_fc2b8ad4.jpg,tomparadiso,twitter,2026-01-12T01:17:47.859291
tomromano_twitter_1c7b2977,d:\66070260-Year3_Term2\Project1\Code\Project-for-Work\data\images\tomromano_twitter_1c7b2977.jpg,tomromano,twitter,2026-01-12T01:17:47.895375
tomviturino_twitter_7bf59f6a,d:\66070260-Year3_Term2\Project1\Code\Project-for-Work\data\images\tomviturino_twitter_7bf59f6a.jpg,tomviturino,twitter,2026-01-12T01:17:47.927067
tonyveroeven_twitter_e8065ae5,d:\66070260-Year3_Term2\Project1\Code\Project-for-Work\data\images\tonyveroeven_twitter_e8065ae5.jpg,tonyveroeven,twitter,2026-01-12T01:17:47.969405
tooti_twitter_8d4dda64,d:\66070260-Year3_Term2\Project1\Code\Project-for-Work\data\images\tooti_twitter_8d4dda64.jpg,tooti,twitter,2026-01-12T01:17:47.997927
topher5_twitter_f1df05c0,d:\66070260-Year3_Term2\Project1\Code\Project-for-Work\data\images\topher5_twitter_f1df05c0.jpg,topher5,twitter,2026-01-12T01:17:48.037247
torid_twitter_9d86f47d,d:\66070260-Year3_Term2\Project1\Code\Project-for-Work\data\images\torid_twitter_9d86f47d.jpg,torid,twitter,2026-01-12T01:17:48.064332
toriegehlmeyer_twitter_8301441d,d:\66070260-Year3_Term2\Project1\Code\Project-for-Work\data\images\toriegehlmeyer_twitter_8301441d.jpg,toriegehlmeyer,twitter,2026-01-12T01:17:48.098494
torreyn_twitter_e7df9a1f,d:\66070260-Year3_Term2\Project1\Code\Project-for-Work\data\images\torreyn_twitter_e7df9a1f.jpg,torreyn,twitter,2026-01-12T01:17:48.130691
traced_twitter_328be1fb,d:\66070260-Year3_Term2\Project1\Code\Project-for-Work\data\images\traced_twitter_328be1fb.jpg,traced,twitter,2026-01-12T01:17:48.162241
tracidavis_twitter_cf672d04,d:\66070260-Year3_Term2\Project1\Code\Project-for-Work\data\images\tracidavis_twitter_cf672d04.jpg,tracidavis,twitter,2026-01-12T01:17:48.195700
tranceh2_twitter_3dae425d,d:\66070260-Year3_Term2\Project1\Code\Project-for-Work\data\images\tranceh2_twitter_3dae425d.jpg,tranceh2,twitter,2026-01-12T01:17:48.224055
tranericvu_twitter_4d9abf55,d:\66070260-Year3_Term2\Project1\Code\Project-for-Work\data\images\tranericvu_twitter_4d9abf55.jpg,tranericvu,twitter,2026-01-12T01:17:48.256340
trezzaalfonso_twitter_917d9feb,d:\66070260-Year3_Term2\Project1\Code\Project-for-Work\data\images\trezzaalfonso_twitter_917d9feb.jpg,trezzaalfonso,twitter,2026-01-12T01:17:48.294664
tristantiteux_twitter_24631579,d:\66070260-Year3_Term2\Project1\Code\Project-for-Work\data\images\tristantiteux_twitter_24631579.jpg,tristantiteux,twitter,2026-01-12T01:17:48.305914
tronathan_twitter_ba11ea36,d:\66070260-Year3_Term2\Project1\Code\Project-for-Work\data\images\tronathan_twitter_ba11ea36.jpg,tronathan,twitter,2026-01-12T01:17:48.362139
tselliott_twitter_a6c500b8,d:\66070260-Year3_Term2\Project1\Code\Project-for-Work\data\images\tselliott_twitter_a6c500b8.jpg,tselliott,twitter,2026-01-12T01:17:48.397637
tuesdaygirl_twitter_bd174bec,d:\66070260-Year3_Term2\Project1\Code\Project-for-Work\data\images\tuesdaygirl_twitter_bd174bec.jpg,tuesdaygirl,twitter,2026-01-12T01:17:48.435495
tugak_twitter_f4b762c6,d:\66070260-Year3_Term2\Project1\Code\Project-for-Work\data\images\tugak_twitter_f4b762c6.jpg,tugak,twitter,2026-01-12T01:17:48.487827
turbidsoul_twitter_fdfcd5a2,d:\66070260-Year3_Term2\Project1\Code\Project-for-Work\data\images\turbidsoul_twitter_fdfcd5a2.jpg,turbidsoul,twitter,2026-01-12T01:17:48.514748
turieco_twitter_9ff697f1,d:\66070260-Year3_Term2\Project1\Code\Project-for-Work\data\images\turieco_twitter_9ff697f1.jpg,turieco,twitter,2026-01-12T01:17:48.539283
turnerburns_twitter_451e192f,d:\66070260-Year3_Term2\Project1\Code\Project-for-Work\data\images\turnerburns_twitter_451e192f.jpg,turnerburns,twitter,2026-01-12T01:17:48.588544
tuubagul_twitter_ac902216,d:\66070260-Year3_Term2\Project1\Code\Project-for-Work\data\images\tuubagul_twitter_ac902216.jpg,tuubagul,twitter,2026-01-12T01:17:48.630922
tuyetanh_twitter_d1aaf2ac,d:\66070260-Year3_Term2\Project1\Code\Project-for-Work\data\images\tuyetanh_twitter_d1aaf2ac.jpg,tuyetanh,twitter,2026-01-12T01:17:48.665607
twool9_twitter_483dc28f,d:\66070260-Year3_Term2\Project1\Code\Project-for-Work\data\images\twool9_twitter_483dc28f.jpg,twool9,twitter,2026-01-12T01:17:48.704093
tylerkessler_twitter_da056af8,d:\66070260-Year3_Term2\Project1\Code\Project-for-Work\data\images\tylerkessler_twitter_da056af8.jpg,tylerkessler,twitter,2026-01-12T01:17:48.750805
tyroneeaton_twitter_7e691ea9,d:\66070260-Year3_Term2\Project1\Code\Project-for-Work\data\images\tyroneeaton_twitter_7e691ea9.jpg,tyroneeaton,twitter,2026-01-12T01:17:48.781861
ube17_twitter_06b1e418,d:\66070260-Year3_Term2\Project1\Code\Project-for-Work\data\images\ube17_twitter_06b1e418.jpg,ube17,twitter,2026-01-12T01:17:48.810410
ubskur_twitter_25133884,d:\66070260-Year3_Term2\Project1\Code\Project-for-Work\data\images\ubskur_twitter_25133884.jpg,ubskur,twitter,2026-01-12T01:17:48.845670
ucedaman_twitter_8c3735b8,d:\66070260-Year3_Term2\Project1\Code\Project-for-Work\data\images\ucedaman_twitter_8c3735b8.jpg,ucedaman,twitter,2026-01-12T01:17:48.873176
ucmusicdoc_twitter_7f3182e3,d:\66070260-Year3_Term2\Project1\Code\Project-for-Work\data\images\ucmusicdoc_twitter_7f3182e3.jpg,ucmusicdoc,twitter,2026-01-12T01:17:48.915962
udomichelcuria_twitter_808f1bcb,d:\66070260-Year3_Term2\Project1\Code\Project-for-Work\data\images\udomichelcuria_twitter_808f1bcb.jpg,udomichelcuria,twitter,2026-01-12T01:17:48.959979
uhachefe_twitter_838b24a2,d:\66070260-Year3_Term2\Project1\Code\Project-for-Work\data\images\uhachefe_twitter_838b24a2.jpg,uhachefe,twitter,2026-01-12T01:17:48.995880
uk01speed_twitter_dd6ca754,d:\66070260-Year3_Term2\Project1\Code\Project-for-Work\data\images\uk01speed_twitter_dd6ca754.jpg,uk01speed,twitter,2026-01-12T01:17:49.019883
ullyses_twitter_b00540b6,d:\66070260-Year3_Term2\Project1\Code\Project-for-Work\data\images\ullyses_twitter_b00540b6.jpg,ullyses,twitter,2026-01-12T01:17:49.053241
ulrichraab_twitter_d4e62bf4,d:\66070260-Year3_Term2\Project1\Code\Project-for-Work\data\images\ulrichraab_twitter_d4e62bf4.jpg,ulrichraab,twitter,2026-01-12T01:17:49.098370
umarquez_twitter_99cdc00d,d:\66070260-Year3_Term2\Project1\Code\Project-for-Work\data\images\umarquez_twitter_99cdc00d.jpg,umarquez,twitter,2026-01-12T01:17:49.142545
urmilesh_twitter_2f78e105,d:\66070260-Year3_Term2\Project1\Code\Project-for-Work\data\images\urmilesh_twitter_2f78e105.jpg,urmilesh,twitter,2026-01-12T01:17:49.172061
usmanarif_twitter_64ca021c,d:\66070260-Year3_Term2\Project1\Code\Project-for-Work\data\images\usmanarif_twitter_64ca021c.jpg,usmanarif,twitter,2026-01-12T01:17:49.205122
usuyu_twitter_e44e3077,d:\66070260-Year3_Term2\Project1\Code\Project-for-Work\data\images\usuyu_twitter_e44e3077.jpg,usuyu,twitter,2026-01-12T01:17:49.238306
utkuozturk_twitter_4ca2a0b4,d:\66070260-Year3_Term2\Project1\Code\Project-for-Work\data\images\utkuozturk_twitter_4ca2a0b4.jpg,utkuozturk,twitter,2026-01-12T01:17:49.277473
uvmann_twitter_15024e57,d:\66070260-Year3_Term2\Project1\Code\Project-for-Work\data\images\uvmann_twitter_15024e57.jpg,uvmann,twitter,2026-01-12T01:17:49.315267
vaduvaiulian_twitter_f00b3d32,d:\66070260-Year3_Term2\Project1\Code\Project-for-Work\data\images\vaduvaiulian_twitter_f00b3d32.jpg,vaduvaiulian,twitter,2026-01-12T01:17:49.345739
valentinaspoto_twitter_27cd61b9,d:\66070260-Year3_Term2\Project1\Code\Project-for-Work\data\images\valentinaspoto_twitter_27cd61b9.jpg,valentinaspoto,twitter,2026-01-12T01:17:49.389116
valentinthirion_twitter_28dbf126,d:\66070260-Year3_Term2\Project1\Code\Project-for-Work\data\images\valentinthirion_twitter_28dbf126.jpg,valentinthirion,twitter,2026-01-12T01:17:49.427759
valiuh_twitter_a4ec3ab6,d:\66070260-Year3_Term2\Project1\Code\Project-for-Work\data\images\valiuh_twitter_a4ec3ab6.jpg,valiuh,twitter,2026-01-12T01:17:49.462193
vanessajeny_twitter_263a2a85,d:\66070260-Year3_Term2\Project1\Code\Project-for-Work\data\images\vanessajeny_twitter_263a2a85.jpg,vanessajeny,twitter,2026-01-12T01:17:49.499958
vanhci_twitter_6612157d,d:\66070260-Year3_Term2\Project1\Code\Project-for-Work\data\images\vanhci_twitter_6612157d.jpg,vanhci,twitter,2026-01-12T01:17:49.537676
varunpramanik_twitter_316e24a3,d:\66070260-Year3_Term2\Project1\Code\Project-for-Work\data\images\varunpramanik_twitter_316e24a3.jpg,varunpramanik,twitter,2026-01-12T01:17:49.569380
vaseem_twitter_bf4ccac7,d:\66070260-Year3_Term2\Project1\Code\Project-for-Work\data\images\vaseem_twitter_bf4ccac7.jpg,vaseem,twitter,2026-01-12T01:17:49.603300
vegasbloggers_twitter_d682b714,d:\66070260-Year3_Term2\Project1\Code\Project-for-Work\data\images\vegasbloggers_twitter_d682b714.jpg,vegasbloggers,twitter,2026-01-12T01:17:49.612225
vehiclehistory_twitter_411972e7,d:\66070260-Year3_Term2\Project1\Code\Project-for-Work\data\images\vehiclehistory_twitter_411972e7.jpg,vehiclehistory,twitter,2026-01-12T01:17:49.636625
venicebeachstyl_twitter_e21ab02b,d:\66070260-Year3_Term2\Project1\Code\Project-for-Work\data\images\venicebeachstyl_twitter_e21ab02b.jpg,venicebeachstyl,twitter,2026-01-12T01:17:49.667799
venkatsrao_twitter_b046038e,d:\66070260-Year3_Term2\Project1\Code\Project-for-Work\data\images\venkatsrao_twitter_b046038e.jpg,venkatsrao,twitter,2026-01-12T01:17:49.705495
verygoodservice_twitter_4b5b7bd6,d:\66070260-Year3_Term2\Project1\Code\Project-for-Work\data\images\verygoodservice_twitter_4b5b7bd6.jpg,verygoodservice,twitter,2026-01-12T01:17:49.741222
vicaso_twitter_4ffb9f31,d:\66070260-Year3_Term2\Project1\Code\Project-for-Work\data\images\vicaso_twitter_4ffb9f31.jpg,vicaso,twitter,2026-01-12T01:17:49.767955
vicdiaz_twitter_1ef7d7aa,d:\66070260-Year3_Term2\Project1\Code\Project-for-Work\data\images\vicdiaz_twitter_1ef7d7aa.jpg,vicdiaz,twitter,2026-01-12T01:17:49.802278
vicentenadal_twitter_b732b452,d:\66070260-Year3_Term2\Project1\Code\Project-for-Work\data\images\vicentenadal_twitter_b732b452.jpg,vicentenadal,twitter,2026-01-12T01:17:49.843046
vickiayala_twitter_c5c506bb,d:\66070260-Year3_Term2\Project1\Code\Project-for-Work\data\images\vickiayala_twitter_c5c506bb.jpg,vickiayala,twitter,2026-01-12T01:17:49.892948
vickiewyman_twitter_fcfc0d57,d:\66070260-Year3_Term2\Project1\Code\Project-for-Work\data\images\vickiewyman_twitter_fcfc0d57.jpg,vickiewyman,twitter,2026-01-12T01:17:49.926840
victorhgtzr_twitter_b668a107,d:\66070260-Year3_Term2\Project1\Code\Project-for-Work\data\images\victorhgtzr_twitter_b668a107.jpg,victorhgtzr,twitter,2026-01-12T01:17:49.959034
victoriaborja_twitter_4b23b9f1,d:\66070260-Year3_Term2\Project1\Code\Project-for-Work\data\images\victoriaborja_twitter_4b23b9f1.jpg,victoriaborja,twitter,2026-01-12T01:17:50.009151
victoriafield_twitter_bf9f8044,d:\66070260-Year3_Term2\Project1\Code\Project-for-Work\data\images\victoriafield_twitter_bf9f8044.jpg,victoriafield,twitter,2026-01-12T01:17:50.041187
victormlgh_twitter_ea8aca98,d:\66070260-Year3_Term2\Project1\Code\Project-for-Work\data\images\victormlgh_twitter_ea8aca98.jpg,victormlgh,twitter,2026-01-12T01:17:50.080007
victorruben_twitter_d222348d,d:\66070260-Year3_Term2\Project1\Code\Project-for-Work\data\images\victorruben_twitter_d222348d.jpg,victorruben,twitter,2026-01-12T01:17:50.115245
vigerpersinger_twitter_a0e4bdfc,d:\66070260-Year3_Term2\Project1\Code\Project-for-Work\data\images\vigerpersinger_twitter_a0e4bdfc.jpg,vigerpersinger,twitter,2026-01-12T01:17:50.148803
vikashkrgupta_twitter_4ad641e9,d:\66070260-Year3_Term2\Project1\Code\Project-for-Work\data\images\vikashkrgupta_twitter_4ad641e9.jpg,vikashkrgupta,twitter,2026-01-12T01:17:50.177884
villy_twitter_33fdaf21,d:\66070260-Year3_Term2\Project1\Code\Project-for-Work\data\images\villy_twitter_33fdaf21.jpg,villy,twitter,2026-01-12T01:17:50.211099
vilterpanitz_twitter_da72191a,d:\66070260-Year3_Term2\Project1\Code\Project-for-Work\data\images\vilterpanitz_twitter_da72191a.jpg,vilterpanitz,twitter,2026-01-12T01:17:50.231484
vincenza_twitter_4984a525,d:\66070260-Year3_Term2\Project1\Code\Project-for-Work\data\images\vincenza_twitter_4984a525.jpg,vincenza,twitter,2026-01-12T01:17:50.250212
vincenzopallotta_twitter_45a109d3,d:\66070260-Year3_Term2\Project1\Code\Project-for-Work\data\images\vincenzopallotta_twitter_45a109d3.jpg,vincenzopallotta,twitter,2026-01-12T01:17:50.294961
vinitmevada_twitter_7d37c73c,d:\66070260-Year3_Term2\Project1\Code\Project-for-Work\data\images\vinitmevada_twitter_7d37c73c.jpg,vinitmevada,twitter,2026-01-12T01:17:50.341498
vinothnatarajan_twitter_3e0e0e9b,d:\66070260-Year3_Term2\Project1\Code\Project-for-Work\data\images\vinothnatarajan_twitter_3e0e0e9b.jpg,vinothnatarajan,twitter,2026-01-12T01:17:50.380639
virajt_twitter_d74e1f60,d:\66070260-Year3_Term2\Project1\Code\Project-for-Work\data\images\virajt_twitter_d74e1f60.jpg,virajt,twitter,2026-01-12T01:17:50.415302
virandesilva_twitter_2060829d,d:\66070260-Year3_Term2\Project1\Code\Project-for-Work\data\images\virandesilva_twitter_2060829d.jpg,virandesilva,twitter,2026-01-12T01:17:50.451216
virgilalonso_twitter_ccf2e09f,d:\66070260-Year3_Term2\Project1\Code\Project-for-Work\data\images\virgilalonso_twitter_ccf2e09f.jpg,virgilalonso,twitter,2026-01-12T01:17:50.477253
visualem_twitter_e9b8af89,d:\66070260-Year3_Term2\Project1\Code\Project-for-Work\data\images\visualem_twitter_e9b8af89.jpg,visualem,twitter,2026-01-12T01:17:50.506734
vitamingc_twitter_6192afc5,d:\66070260-Year3_Term2\Project1\Code\Project-for-Work\data\images\vitamingc_twitter_6192afc5.jpg,vitamingc,twitter,2026-01-12T01:17:50.543912
vivekreddy_twitter_32a6427f,d:\66070260-Year3_Term2\Project1\Code\Project-for-Work\data\images\vivekreddy_twitter_32a6427f.jpg,vivekreddy,twitter,2026-01-12T01:17:50.587286
vivienchan_twitter_be64b911,d:\66070260-Year3_Term2\Project1\Code\Project-for-Work\data\images\vivienchan_twitter_be64b911.jpg,vivienchan,twitter,2026-01-12T01:17:50.626491
vizcacha_twitter_7dcfa0a4,d:\66070260-Year3_Term2\Project1\Code\Project-for-Work\data\images\vizcacha_twitter_7dcfa0a4.jpg,vizcacha,twitter,2026-01-12T01:17:50.668356
vlasenko_twitter_35d903ac,d:\66070260-Year3_Term2\Project1\Code\Project-for-Work\data\images\vlasenko_twitter_35d903ac.jpg,vlasenko,twitter,2026-01-12T01:17:50.710860
volkovroman_twitter_c384bd3e,d:\66070260-Year3_Term2\Project1\Code\Project-for-Work\data\images\volkovroman_twitter_c384bd3e.jpg,volkovroman,twitter,2026-01-12T01:17:50.750639
vonoiral_twitter_eec6b68b,d:\66070260-Year3_Term2\Project1\Code\Project-for-Work\data\images\vonoiral_twitter_eec6b68b.jpg,vonoiral,twitter,2026-01-12T01:17:50.796222
voreshkov_twitter_09f11d71,d:\66070260-Year3_Term2\Project1\Code\Project-for-Work\data\images\voreshkov_twitter_09f11d71.jpg,voreshkov,twitter,2026-01-12T01:17:50.840207
voyta_twitter_f57b3450,d:\66070260-Year3_Term2\Project1\Code\Project-for-Work\data\images\voyta_twitter_f57b3450.jpg,voyta,twitter,2026-01-12T01:17:50.879488
wadolfo_twitter_03d809da,d:\66070260-Year3_Term2\Project1\Code\Project-for-Work\data\images\wadolfo_twitter_03d809da.jpg,wadolfo,twitter,2026-01-12T01:17:50.931220
wakelight_twitter_92f83399,d:\66070260-Year3_Term2\Project1\Code\Project-for-Work\data\images\wakelight_twitter_92f83399.jpg,wakelight,twitter,2026-01-12T01:17:50.976008
wakingsaints_twitter_4487f6fb,d:\66070260-Year3_Term2\Project1\Code\Project-for-Work\data\images\wakingsaints_twitter_4487f6fb.jpg,wakingsaints,twitter,2026-01-12T01:17:51.019026
walterburton_twitter_8294bb6d,d:\66070260-Year3_Term2\Project1\Code\Project-for-Work\data\images\walterburton_twitter_8294bb6d.jpg,walterburton,twitter,2026-01-12T01:17:51.048461
wangtianweijtwd_twitter_2d305898,d:\66070260-Year3_Term2\Project1\Code\Project-for-Work\data\images\wangtianweijtwd_twitter_2d305898.jpg,wangtianweijtwd,twitter,2026-01-12T01:17:51.070167
warrenknight_twitter_7c6739f4,d:\66070260-Year3_Term2\Project1\Code\Project-for-Work\data\images\warrenknight_twitter_7c6739f4.jpg,warrenknight,twitter,2026-01-12T01:17:51.100200
wautierent_twitter_57106352,d:\66070260-Year3_Term2\Project1\Code\Project-for-Work\data\images\wautierent_twitter_57106352.jpg,wautierent,twitter,2026-01-12T01:17:51.105878
wcntransmedia_twitter_c7ac5c62,d:\66070260-Year3_Term2\Project1\Code\Project-for-Work\data\images\wcntransmedia_twitter_c7ac5c62.jpg,wcntransmedia,twitter,2026-01-12T01:17:51.135312
webnelly_twitter_a81c6e1c,d:\66070260-Year3_Term2\Project1\Code\Project-for-Work\data\images\webnelly_twitter_a81c6e1c.jpg,webnelly,twitter,2026-01-12T01:17:51.172650
websenat_twitter_0c41abc3,d:\66070260-Year3_Term2\Project1\Code\Project-for-Work\data\images\websenat_twitter_0c41abc3.jpg,websenat,twitter,2026-01-12T01:17:51.206746
weirdeetz_twitter_fddae116,d:\66070260-Year3_Term2\Project1\Code\Project-for-Work\data\images\weirdeetz_twitter_fddae116.jpg,weirdeetz,twitter,2026-01-12T01:17:51.236714
wendimitchell_twitter_11c9fcc1,d:\66070260-Year3_Term2\Project1\Code\Project-for-Work\data\images\wendimitchell_twitter_11c9fcc1.jpg,wendimitchell,twitter,2026-01-12T01:17:51.266569
wendymccullar_twitter_f4b87fd7,d:\66070260-Year3_Term2\Project1\Code\Project-for-Work\data\images\wendymccullar_twitter_f4b87fd7.jpg,wendymccullar,twitter,2026-01-12T01:17:51.307589
wendyrollins_twitter_e40dcb00,d:\66070260-Year3_Term2\Project1\Code\Project-for-Work\data\images\wendyrollins_twitter_e40dcb00.jpg,wendyrollins,twitter,2026-01-12T01:17:51.346734
wendytownley_twitter_012027b1,d:\66070260-Year3_Term2\Project1\Code\Project-for-Work\data\images\wendytownley_twitter_012027b1.jpg,wendytownley,twitter,2026-01-12T01:17:51.375057
wesgrubbs_twitter_5585977b,d:\66070260-Year3_Term2\Project1\Code\Project-for-Work\data\images\wesgrubbs_twitter_5585977b.jpg,wesgrubbs,twitter,2026-01-12T01:17:51.405463
wesleybackhouse_twitter_272ac37e,d:\66070260-Year3_Term2\Project1\Code\Project-for-Work\data\images\wesleybackhouse_twitter_272ac37e.jpg,wesleybackhouse,twitter,2026-01-12T01:17:51.437060
wesleycruise_twitter_43c1fc38,d:\66070260-Year3_Term2\Project1\Code\Project-for-Work\data\images\wesleycruise_twitter_43c1fc38.jpg,wesleycruise,twitter,2026-01-12T01:17:51.468134
whfrank_twitter_9d06ac3d,d:\66070260-Year3_Term2\Project1\Code\Project-for-Work\data\images\whfrank_twitter_9d06ac3d.jpg,whfrank,twitter,2026-01-12T01:17:51.512539
whoyer_twitter_6755e96c,d:\66070260-Year3_Term2\Project1\Code\Project-for-Work\data\images\whoyer_twitter_6755e96c.jpg,whoyer,twitter,2026-01-12T01:17:51.550662
wideawakeness_twitter_bca8d2f9,d:\66070260-Year3_Term2\Project1\Code\Project-for-Work\data\images\wideawakeness_twitter_bca8d2f9.jpg,wideawakeness,twitter,2026-01-12T01:17:51.587866
wilberthleo_twitter_78fac8e3,d:\66070260-Year3_Term2\Project1\Code\Project-for-Work\data\images\wilberthleo_twitter_78fac8e3.jpg,wilberthleo,twitter,2026-01-12T01:17:51.625486
wildcatwearhouse_twitter_dc4d67e1,d:\66070260-Year3_Term2\Project1\Code\Project-for-Work\data\images\wildcatwearhouse_twitter_dc4d67e1.jpg,wildcatwearhouse,twitter,2026-01-12T01:17:51.666728
wilkasg_twitter_5c979682,d:\66070260-Year3_Term2\Project1\Code\Project-for-Work\data\images\wilkasg_twitter_5c979682.jpg,wilkasg,twitter,2026-01-12T01:17:51.700837
willblackford_twitter_0cd09853,d:\66070260-Year3_Term2\Project1\Code\Project-for-Work\data\images\willblackford_twitter_0cd09853.jpg,willblackford,twitter,2026-01-12T01:17:51.734816
williamdavieson_twitter_2087a25d,d:\66070260-Year3_Term2\Project1\Code\Project-for-Work\data\images\williamdavieson_twitter_2087a25d.jpg,williamdavieson,twitter,2026-01-12T01:17:51.781505
windyjonas_twitter_c197ec75,d:\66070260-Year3_Term2\Project1\Code\Project-for-Work\data\images\windyjonas_twitter_c197ec75.jpg,windyjonas,twitter,2026-01-12T01:17:51.821105
winniee_twitter_08a20a63,d:\66070260-Year3_Term2\Project1\Code\Project-for-Work\data\images\winniee_twitter_08a20a63.jpg,winniee,twitter,2026-01-12T01:17:51.872618
wirava_twitter_792ce1cf,d:\66070260-Year3_Term2\Project1\Code\Project-for-Work\data\images\wirava_twitter_792ce1cf.jpg,wirava,twitter,2026-01-12T01:17:51.902349
wooddickinson_twitter_e923b7f6,d:\66070260-Year3_Term2\Project1\Code\Project-for-Work\data\images\wooddickinson_twitter_e923b7f6.jpg,wooddickinson,twitter,2026-01-12T01:17:51.941392
woogybeef_twitter_17b2399b,d:\66070260-Year3_Term2\Project1\Code\Project-for-Work\data\images\woogybeef_twitter_17b2399b.jpg,woogybeef,twitter,2026-01-12T01:17:51.979898
wrightscs_twitter_905074ad,d:\66070260-Year3_Term2\Project1\Code\Project-for-Work\data\images\wrightscs_twitter_905074ad.jpg,wrightscs,twitter,2026-01-12T01:17:51.995335
wrry_twitter_b272cfc6,d:\66070260-Year3_Term2\Project1\Code\Project-for-Work\data\images\wrry_twitter_b272cfc6.jpg,wrry,twitter,2026-01-12T01:17:52.028722
ww1way_twitter_b1114607,d:\66070260-Year3_Term2\Project1\Code\Project-for-Work\data\images\ww1way_twitter_b1114607.jpg,ww1way,twitter,2026-01-12T01:17:52.071248
wwwgoherbeu_twitter_b2f92f88,d:\66070260-Year3_Term2\Project1\Code\Project-for-Work\data\images\wwwgoherbeu_twitter_b2f92f88.jpg,wwwgoherbeu,twitter,2026-01-12T01:17:52.114254
xavigaya_twitter_f2ece4fb,d:\66070260-Year3_Term2\Project1\Code\Project-for-Work\data\images\xavigaya_twitter_f2ece4fb.jpg,xavigaya,twitter,2026-01-12T01:17:52.157312
xavilife_twitter_59448006,d:\66070260-Year3_Term2\Project1\Code\Project-for-Work\data\images\xavilife_twitter_59448006.jpg,xavilife,twitter,2026-01-12T01:17:52.189134
xianyangwong_twitter_e7b619a0,d:\66070260-Year3_Term2\Project1\Code\Project-for-Work\data\images\xianyangwong_twitter_e7b619a0.jpg,xianyangwong,twitter,2026-01-12T01:17:52.209879
yackeroeni_twitter_aabe6f61,d:\66070260-Year3_Term2\Project1\Code\Project-for-Work\data\images\yackeroeni_twitter_aabe6f61.jpg,yackeroeni,twitter,2026-01-12T01:17:52.232947
yannispatras_twitter_ad579ce1,d:\66070260-Year3_Term2\Project1\Code\Project-for-Work\data\images\yannispatras_twitter_ad579ce1.jpg,yannispatras,twitter,2026-01-12T01:17:52.262109
yaolu_twitter_7296abee,d:\66070260-Year3_Term2\Project1\Code\Project-for-Work\data\images\yaolu_twitter_7296abee.jpg,yaolu,twitter,2026-01-12T01:17:52.287739
yasirnasir_twitter_c7d9354f,d:\66070260-Year3_Term2\Project1\Code\Project-for-Work\data\images\yasirnasir_twitter_c7d9354f.jpg,yasirnasir,twitter,2026-01-12T01:17:52.309493
yatirido_twitter_3b6db0c0,d:\66070260-Year3_Term2\Project1\Code\Project-for-Work\data\images\yatirido_twitter_3b6db0c0.jpg,yatirido,twitter,2026-01-12T01:17:52.350626
ybenami_twitter_8bfbb530,d:\66070260-Year3_Term2\Project1\Code\Project-for-Work\data\images\ybenami_twitter_8bfbb530.jpg,ybenami,twitter,2026-01-12T01:17:52.396794
ycnex_twitter_9ff158ad,d:\66070260-Year3_Term2\Project1\Code\Project-for-Work\data\images\ycnex_twitter_9ff158ad.jpg,ycnex,twitter,2026-01-12T01:17:52.435176
yimozhang_twitter_23657583,d:\66070260-Year3_Term2\Project1\Code\Project-for-Work\data\images\yimozhang_twitter_23657583.jpg,yimozhang,twitter,2026-01-12T01:17:52.467036
yitsushi_twitter_2f72871e,d:\66070260-Year3_Term2\Project1\Code\Project-for-Work\data\images\yitsushi_twitter_2f72871e.jpg,yitsushi,twitter,2026-01-12T01:17:52.501651
ynprojectsoundcreator_twitter_93ae1723,d:\66070260-Year3_Term2\Project1\Code\Project-for-Work\data\images\ynprojectsoundcreator_twitter_93ae1723.jpg,ynprojectsoundcreator,twitter,2026-01-12T01:17:52.524522
yogasonry_twitter_c2b541a9,d:\66070260-Year3_Term2\Project1\Code\Project-for-Work\data\images\yogasonry_twitter_c2b541a9.jpg,yogasonry,twitter,2026-01-12T01:17:52.564438
yogurinha_twitter_85747e47,d:\66070260-Year3_Term2\Project1\Code\Project-for-Work\data\images\yogurinha_twitter_85747e47.jpg,yogurinha,twitter,2026-01-12T01:17:52.609619
yopefonic_twitter_baa7e4ec,d:\66070260-Year3_Term2\Project1\Code\Project-for-Work\data\images\yopefonic_twitter_baa7e4ec.jpg,yopefonic,twitter,2026-01-12T01:17:52.642344
yoshichika_twitter_845faecb,d:\66070260-Year3_Term2\Project1\Code\Project-for-Work\data\images\yoshichika_twitter_845faecb.jpg,yoshichika,twitter,2026-01-12T01:17:52.668270
yosoysyt_twitter_549f160a,d:\66070260-Year3_Term2\Project1\Code\Project-for-Work\data\images\yosoysyt_twitter_549f160a.jpg,yosoysyt,twitter,2026-01-12T01:17:52.692622
youngowen_twitter_ce7501da,d:\66070260-Year3_Term2\Project1\Code\Project-for-Work\data\images\youngowen_twitter_ce7501da.jpg,youngowen,twitter,2026-01-12T01:17:52.733491
yoyodre_twitter_8e817df7,d:\66070260-Year3_Term2\Project1\Code\Project-for-Work\data\images\yoyodre_twitter_8e817df7.jpg,yoyodre,twitter,2026-01-12T01:17:52.771237
yudik_twitter_8e3f2d19,d:\66070260-Year3_Term2\Project1\Code\Project-for-Work\data\images\yudik_twitter_8e3f2d19.jpg,yudik,twitter,2026-01-12T01:17:52.802954
yuliakatkova_twitter_8922f143,d:\66070260-Year3_Term2\Project1\Code\Project-for-Work\data\images\yuliakatkova_twitter_8922f143.jpg,yuliakatkova,twitter,2026-01-12T01:17:52.842887
yusukeito_twitter_87eba658,d:\66070260-Year3_Term2\Project1\Code\Project-for-Work\data\images\yusukeito_twitter_87eba658.jpg,yusukeito,twitter,2026-01-12T01:17:52.878265
yuyolarrazabal_twitter_d382c010,d:\66070260-Year3_Term2\Project1\Code\Project-for-Work\data\images\yuyolarrazabal_twitter_d382c010.jpg,yuyolarrazabal,twitter,2026-01-12T01:17:52.914506
zableckis_twitter_3a15f9bb,d:\66070260-Year3_Term2\Project1\Code\Project-for-Work\data\images\zableckis_twitter_3a15f9bb.jpg,zableckis,twitter,2026-01-12T01:17:52.947161
zacharycrockett_twitter_e7f8d6d7,d:\66070260-Year3_Term2\Project1\Code\Project-for-Work\data\images\zacharycrockett_twitter_e7f8d6d7.jpg,zacharycrockett,twitter,2026-01-12T01:17:52.978770
zackpund_twitter_b57106bc,d:\66070260-Year3_Term2\Project1\Code\Project-for-Work\data\images\zackpund_twitter_b57106bc.jpg,zackpund,twitter,2026-01-12T01:17:53.013407
zafra30_twitter_32e57b62,d:\66070260-Year3_Term2\Project1\Code\Project-for-Work\data\images\zafra30_twitter_32e57b62.jpg,zafra30,twitter,2026-01-12T01:17:53.036592
zahagc_twitter_78ed2f39,d:\66070260-Year3_Term2\Project1\Code\Project-for-Work\data\images\zahagc_twitter_78ed2f39.jpg,zahagc,twitter,2026-01-12T01:17:53.075314
zaidilfirza_twitter_812c3b85,d:\66070260-Year3_Term2\Project1\Code\Project-for-Work\data\images\zaidilfirza_twitter_812c3b85.jpg,zaidilfirza,twitter,2026-01-12T01:17:53.110627
zaneriley_twitter_b8e810a8,d:\66070260-Year3_Term2\Project1\Code\Project-for-Work\data\images\zaneriley_twitter_b8e810a8.jpg,zaneriley,twitter,2026-01-12T01:17:53.144259
zeluiscorreia_twitter_0f524fa8,d:\66070260-Year3_Term2\Project1\Code\Project-for-Work\data\images\zeluiscorreia_twitter_0f524fa8.jpg,zeluiscorreia,twitter,2026-01-12T01:17:53.190257
zenabowli_twitter_9c078a57,d:\66070260-Year3_Term2\Project1\Code\Project-for-Work\data\images\zenabowli_twitter_9c078a57.jpg,zenabowli,twitter,2026-01-12T01:17:53.235542
zennie62_twitter_97386b3d,d:\66070260-Year3_Term2\Project1\Code\Project-for-Work\data\images\zennie62_twitter_97386b3d.jpg,zennie62,twitter,2026-01-12T01:17:53.275242
zenoskyline_twitter_5229e190,d:\66070260-Year3_Term2\Project1\Code\Project-for-Work\data\images\zenoskyline_twitter_5229e190.jpg,zenoskyline,twitter,2026-01-12T01:17:53.310174
zepio_twitter_6ecff86e,d:\66070260-Year3_Term2\Project1\Code\Project-for-Work\data\images\zepio_twitter_6ecff86e.jpg,zepio,twitter,2026-01-12T01:17:53.353504
zeravlar_twitter_efb35d9d,d:\66070260-Year3_Term2\Project1\Code\Project-for-Work\data\images\zeravlar_twitter_efb35d9d.jpg,zeravlar,twitter,2026-01-12T01:17:53.386012
zero27_twitter_a202a97d,d:\66070260-Year3_Term2\Project1\Code\Project-for-Work\data\images\zero27_twitter_a202a97d.jpg,zero27,twitter,2026-01-12T01:17:53.414984
zgr213_twitter_35c423b4,d:\66070260-Year3_Term2\Project1\Code\Project-for-Work\data\images\zgr213_twitter_35c423b4.jpg,zgr213,twitter,2026-01-12T01:17:53.438872
zhimera_twitter_e7ae4884,d:\66070260-Year3_Term2\Project1\Code\Project-for-Work\data\images\zhimera_twitter_e7ae4884.jpg,zhimera,twitter,2026-01-12T01:17:53.482333
zia505_twitter_8ee82f97,d:\66070260-Year3_Term2\Project1\Code\Project-for-Work\data\images\zia505_twitter_8ee82f97.jpg,zia505,twitter,2026-01-12T01:17:53.508803
ziera_twitter_1eb26228,d:\66070260-Year3_Term2\Project1\Code\Project-for-Work\data\images\ziera_twitter_1eb26228.jpg,ziera,twitter,2026-01-12T01:17:53.553284
zigah_twitter_d3c9e5f0,d:\66070260-Year3_Term2\Project1\Code\Project-for-Work\data\images\zigah_twitter_d3c9e5f0.jpg,zigah,twitter,2026-01-12T01:17:53.582782
zippyonline_twitter_e77ad2b2,d:\66070260-Year3_Term2\Project1\Code\Project-for-Work\data\images\zippyonline_twitter_e77ad2b2.jpg,zippyonline,twitter,2026-01-12T01:17:53.628255
zjonquil_twitter_dfca4508,d:\66070260-Year3_Term2\Project1\Code\Project-for-Work\data\images\zjonquil_twitter_dfca4508.jpg,zjonquil,twitter,2026-01-12T01:17:53.657133
zlatko_twitter_a3024647,d:\66070260-Year3_Term2\Project1\Code\Project-for-Work\data\images\zlatko_twitter_a3024647.jpg,zlatko,twitter,2026-01-12T01:17:53.697981
zoedphotography_twitter_2720dc29,d:\66070260-Year3_Term2\Project1\Code\Project-for-Work\data\images\zoedphotography_twitter_2720dc29.jpg,zoedphotography,twitter,2026-01-12T01:17:53.734790
zoelaycock_twitter_bf617d8c,d:\66070260-Year3_Term2\Project1\Code\Project-for-Work\data\images\zoelaycock_twitter_bf617d8c.jpg,zoelaycock,twitter,2026-01-12T01:17:53.768398
zouyuefen_twitter_d0c6c843,d:\66070260-Year3_Term2\Project1\Code\Project-for-Work\data\images\zouyuefen_twitter_d0c6c843.jpg,zouyuefen,twitter,2026-01-12T01:17:53.795311
zwirwel_twitter_e3337274,d:\66070260-Year3_Term2\Project1\Code\Project-for-Work\data\images\zwirwel_twitter_e3337274.jpg,zwirwel,twitter,2026-01-12T01:17:53.827874
