item_id,caption_en
aajain_twitter_0edeb0c9,smiling woman in black dress sitting in front of a man in a chair
aaronbavs_twitter_3b9f5946,there is a man that is standing next to a statue of bugs
abahgat_twitter_f1bec87b,there is a man with a beard and glasses smiling for the camera
abdisk_twitter_4ee88404,there is a man in a suit and tie posing for a picture
abdullawissam_twitter_d17b7cc4,there is a black and white photo of a man posing for a picture
abo1bs_twitter_7968cc9f,a pink and white logo with the letter d on it
acanadianfoodie_twitter_543d0d94,smiling woman in black turtle neck sweater with red lipstick
acarrillo_twitter_b473fdbb,there is a man that is standing in the grass with his mouth open
ackleysuicide_twitter_eded2b7b,there is a close up of a woman wearing a purple top
actifirmskincare_twitter_5511e1bb,actifim skin care logo on black background
adambonham_twitter_8d6a11cf,there is a man sitting at a table with a plate of food
adamcarlson_twitter_79550e24,there is an image of a cartoon character that is flying in the air
adamchristianson_twitter_474807a7,a cartoon of a man with glasses and a blue shirt
adamthede_twitter_267c4d28,a drawing of a tractor on a white background
adamy_twitter_ab775900,this is a black and white photo of a man brushing his teeth
adeanom_twitter_4a9ea9ca,keep calm and sleep on a pokemon poster
adesyahlubis_twitter_48ee8726,there is a man that is holding a cell phone in his hand
adic_twitter_32d8689c,there is a man with a red shirt smiling for the camera
adilch_twitter_f4417316,there is a man holding a plate of food in his hand
adnansyed_twitter_7a684921,there is a man standing in front of a projection screen talking on a cell phone
adrianalemus_twitter_7806cbbf,there is a woman that is looking at the camera in the dark
adrianatoriz_twitter_28da5437,smiling woman in green polo shirt and sunglasses sitting in front of a pond
adrianmanea_twitter_1b5f3781,painting of a man with sunglasses and a cigarette in his mouth
adrianver_twitter_6e8363ea,there is a man that is holding a blue and yellow balloon
adrienehughes_twitter_f062b830,there is a woman with curly hair and a red headband
adtyysf_twitter_cdccf90f,there is a picture of a man with glasses and a red background
adventuresinc_twitter_d5d0ca36,a black and white logo with a red dot in the middle
aedaddy_twitter_ddaae308,after effects templates ae daddy after effects templates
af8ab_twitter_90df09e3,there is a man that is standing in front of a big sign
aferrandini_twitter_16b1d108,there is a man laying in the grass with headphones on
agawebdesign_twitter_41a9ba91,there are two men that are posing for a picture together
age_twitter_3fdbf86c,this is a close up of a man smiling at the camera
agustinamate_twitter_5397d21b,there is a man in a suit taking a picture with a camera
ahaportugal_twitter_3242ff12,there is a man that is sitting on a couch with a remote
ahh_twitter_67190685,there is a man that is sitting at a table with a cup of coffee
ahmedhakim_twitter_198cd89d,there is a tall tower that is lit up at night
aholub_twitter_a994bb00,there is a woman that is standing next to a giant bear statue
ahoward_twitter_2401ec44,a cartoon of a woman in a pink and black outfit
ahu_twitter_e0a9def8,there is a baby that is blowing a bubble out of it ' s mouth
aidandoyle_twitter_3e5c9966,an image of a man standing at a podium in front of a microphone
aimeelane_twitter_bc247fb2,blonde woman in white dress on the beach smiling at the camera
ajarn_twitter_089f6006,there is a man wearing a straw hat sitting at a table
ajeyapaul_twitter_bf56335f,black and white photo of a man standing in front of a window
ajma_twitter_f09d2f7b,there is a man in a suit and tie standing in front of a church
akronohiohomes_twitter_ef8ad1b4,there is a man in a suit and tie posing for a picture
al3_twitter_6adafb37,profile picture for all 3 arquitectos
alainstephan_twitter_3e0bccc4,there is a man that is taking a picture of a duck in a bag
alancalvert_twitter_babb6e64,there is a man with a beard and a red jacket
alandrew_twitter_c3502748,there is a man with blue eyes looking at the camera
alannamiq_twitter_ddb3937d,an image of a young boy with glasses smiling for the camera
alanndc_twitter_ff742cf0,there is a person sitting on the beach watching the sun go down
alay_twitter_490e79e0,there is a man in a leather jacket standing on the beach
alberthathazi_twitter_45ec1397,there is a man in a blue shirt looking at the camera
albertocsaldamando_twitter_11820196,profile picture for el mundo tech
albertodowning_twitter_10688504,an image of a man with an apple logo on his face
albertomarini_twitter_faeb8d67,black and white photo of a man and a dog looking out over a city
albirabbit_twitter_ccfdc6c5,there is a white rabbit that is sitting on the floor
aldrintabay_twitter_7eaa4032,there is a man sitting at a table drinking a beer
alefeldman_twitter_44ff9e5e,an image of a red letter e and a white letter f
alejandroandher_twitter_dab32725,there is a man that is holding a remote control in his hand
aleksanderdye_twitter_86be0d9d,black and white photograph of a man with a jacket on
alessandrasassi_twitter_1b1d18ec,there is a woman in a red dress posing for a picture
alessandraturati_twitter_f8fb93f0,smiling woman wearing sunglasses and a black tank top with a green background
alessandrodilella_twitter_4ed353b7,there is a man in a suit and tie posing for a picture
aletrentin_twitter_0f46b893,there are two men that are standing next to each other
alexanderposselt_twitter_77882ced,there is a black and white photo of a man wearing a hat and glasses
alexandrakozlova_twitter_5b31e644,there is a woman in a black swimsuit posing for a picture
alexandrunistor_twitter_1614d2ee,there is a man that is holding a cell phone in his hand
alexcowan_twitter_621acdd5,there is a man that is standing in the snow with skis
alexiakalfaian_twitter_d0ca43a9,there is a woman that is smiling for the camera
alexreekie_twitter_c6889f8c,there is a man in a blue suit and white shirt looking up
alexsablan_twitter_051ef681,there is a man with glasses and a beard smiling for a picture
alexstoica_twitter_bbc49f14,there is a man that is standing on a skateboard in the street
alexwisner_twitter_9afea3f7,there is a man that is standing in the grass with a frisbee
alhasani_twitter_a96aba82,there is a man that is standing with his arms crossed
alice7vong_twitter_fd339204,there is a woman that is smoking a cigarette in a room
alisamhughley_twitter_5c9f92b4,there is a woman that is smiling and wearing a black jacket
alisejohnson_twitter_0fe5ec95,there is a black and white photo of a woman wearing sunglasses
alisonlehr_twitter_d49071c3,there is a woman wearing a straw hat and smiling for the camera
alixia88_twitter_11a800ac,there is a woman that is holding a pink balloon in the air
alleliaspili_twitter_28cfc566,there is a woman that is smiling and holding something in her hand
allenward_twitter_5ccee06d,there is a picture of a man in a suit and tie on a one dollar bill
alliebeau_twitter_2804d35f,black and white photo of a woman standing in front of a tree
allurazama_twitter_73d7185e,there is a woman that is putting a nose ring on her nose
almowhed_twitter_c45a2e68,there is a man that is taking a selfie with his cell phone
alneil_twitter_ba9cc75c,there is a mannequin wearing a suit and bow tie on a mannequin
alopezxiv_twitter_0c6a1ab6,there is a turtle that is swimming in the water
amerzdralovic_twitter_5b6d9083,there is a man holding a tennis racket on a tennis court
alqassimnakheel_twitter_9306e3f2,a green and white logo with arabic writing on it
amirabet_twitter_21c8f27b,a flat icon of three circles on a green background
alsadekeen_twitter_2e160f1e,there is a man in a suit and tie posing for a picture
amrinlong_twitter_5927d443,there is a man wearing a yellow hat with a smiley face on it
alvaroangulo_twitter_5f5bdab1,there is a man wearing glasses and a striped shirt smiling
amyhadiastuti_twitter_a988038c,there is a woman sitting in a chair holding a camera
alvarodequeiroz_twitter_1e24ade1,there is a man with a beard laying in bed with a pillow
amyripplinger_twitter_34ea0c5b,there is a woman with bright makeup and a white dress
alvaropascual84_twitter_704f65d7,there is a man in a suit and tie posing for a picture
amyrogers_twitter_5fb8cab2,smiling woman with flower in her hair and hoop earrings
alvarovalladares_twitter_ad13c2d6,there is a man with a bald head standing in front of a building
amyturman_twitter_b6f8a71d,blonde woman with long hair smiling at the camera in a black dress
alvinkclee_twitter_7f53fb5b,a white line drawing of a rectangle with a blue background
anamagal_twitter_83a2d531,there is a woman in a black and pink lingersuit laying on a bed
alyssawelch_twitter_6301db92,smiling woman in glasses sitting on a couch holding a cell phone
anaparejayepes_twitter_e7233c23,there is a woman ' s feet with blue nail polish on a laptop
amaliorodriguez_twitter_a86e801a,black and white photograph of a man with a smiley face drawn on his head
anass_twitter_443f2560,there is a man in a black shirt posing for a picture
amandablain_twitter_7ee6d79c,there is a picture of a woman that is taking a selfie
anastasioskikidis_twitter_994028cd,this is a close up of a man with a suit and tie
amandaloy_twitter_fad7c2e7,there are two women sitting on a couch with drinks in their hands
anbi_twitter_4dc92c81,skier in green jacket and goggles standing in front of snowy trees
amandamcunningham_twitter_ba83152d,there is a woman wearing sunglasses and a necklace on the beach
andira47_twitter_3b957b31,there are many sailboats in the water on the beach
amandavo_twitter_ec7b1e46,there is a woman blowing bubbles in a park with a man
andolicious_twitter_2cb3ee08,there is a plate of food with meat and rice on it
amateurx_twitter_19b7c0ee,there is a man in a hat drinking a beer from a glass
andreaarden_twitter_62ad21f3,smiling woman sitting next to a black dog with her tongue hanging out
ambassadorbruny_twitter_4fb128d7,there is a man in a suit and bow tie posing for a picture
andreacastelli_twitter_8b1fae71,there is a drawing of a man with a beard and a white shirt
amberdavis_twitter_e64d2db4,there is a close up of a woman with a cell phone
andreameneghini_twitter_d28c0c3d,there is a man that is sitting on a rock in the desert
amberhewitt_twitter_bd83478e,a white letter g on a blue background
andrearusky_twitter_2cba2bd8,there is a man sitting at a table with a plate of food
andreashumala_twitter_8ef69dcc,there is a sticker on a pole on the side of the street
andrescm_twitter_c67ee422,there is a man that is looking down at a cell phone
andrewjamesmorgan_twitter_bd6122d7,there is a man that is standing in front of a yellow wall
andrewnawoichik_twitter_e49c9e27,a cartoon image of a boy with his arms out and the words good news from drew
andrewweiser_twitter_6470d79c,there is a man with a red shirt smiling for the camera
andrewwilkins_twitter_4c1f905a,an image of a black and white photo of a woman ' s face
andrewyee_twitter_a7bdc128,there is a man kneeling in the grass with a dog
andriatriv_twitter_7f378cf5,there is a woman in a red dress posing for a picture
andyciordia_twitter_3617a74b,profile of a man with glasses on a blue background
andywhyte_twitter_d6cdf502,illustration of a cartoon man with a cloud on his chest
anesanmiguel_twitter_0a5dc9b0,an image of a black and white photo of the letter a
angelaball_twitter_2343e6f0,there is a woman that is smiling for the camera
angelfrancia_twitter_8342048e,portrait of a woman in a black top looking off to the side
angelikalattner_twitter_513bb274,portrait of a woman in a business suit smiling at the camera
angelinamontanez_twitter_2611476e,there is a woman with curly hair looking at the camera
anibaldelatorre_twitter_76c8fc64,there is a man with a backpack crossing a stream in the woods
anibalgoransky_twitter_0560b223,there is a man that is wearing sunglasses on a train
anitakilkenny_twitter_bbd94623,a cartoon image of a woman sitting in front of a computer
annamioni_twitter_23ea065e,profile picture for ac literary agency
annapfeiffer_twitter_651a1b12,there is a woman that is smiling and posing for a picture
annelaurejoliot_twitter_c46fc629,black and white photo of a woman in a black and white photo
anoli_twitter_26ee2dff,a black and white photo of the letter a in a circle
anthonymaw_twitter_55d7788d,there is a man wearing a hat and glasses holding a donut
anthonystevven_twitter_a6515aab,there is a man in a tuxedo standing in front of a table
anthonyvelazquez_twitter_0fcec8cc,there are many people and dogs on the beach playing in the water
antoninremond_twitter_c677a862,black and white photograph of a man in a suit and tie smiling
antoniodomingo_twitter_f5145330,a black and white logo with the words reflexos digitales
antoniognassi_twitter_d8c8b3e8,there is a man that is sitting at a table in front of a crowd
antoniojcuevas_twitter_fbf299f8,there is a man with a pair of eye patches on his eyes
antoniorodilla_twitter_4cca6b13,black and white photograph of a man sitting on a rock in a field
apedroza_twitter_315599f4,mountains in the distance with a small village in the foreground
apetersen_twitter_166fc65e,there is a woman wearing glasses and a denim shirt smiling
apolorestaurante_twitter_7d136512,the logo or sign for the hotel
appleheadink_twitter_30b73000,illustration of a man with an apple on his head
aquatellus_twitter_b8bb9b18,a red heart with a flower inside of it
aquilafare_twitter_19d7ef97,there is a man in a suit and tie sitting on a chair
arahmahs_twitter_73151902,there is a close up picture of a bunch of purple flowers
arcreyes_twitter_5e94c3f7,there is a man that is wearing a helmet and posing for a picture
ariantifebi_twitter_658c510a,there is a man that is sitting on a bench by the water
ariefbudisantoso_twitter_4fbfff42,there is a man that is standing in front of a yellow wall
ariefsatria_twitter_29378310,profile picture for translation lab
arlindopereira_twitter_8b57fc89,there is a man with a beard standing in front of a building
arnauoman_twitter_70d2510e,there is a man in a blue shirt posing for a picture
arnedevos_twitter_9a27b590,there is a painting of a sunflower with a cursive cursive arrow on it
arqjlsm_twitter_bd7f351d,there are three people that are posing for a picture together
artesvisuales_twitter_3fe7bf3d,profile picture for artes visual es
arthas_twitter_c3624ba6,there is a man that is posing with a snowman in the snow
artiedavis_twitter_248b89d2,there is a man in a blue shirt standing in front of a white background
arturogarrido_twitter_54cfa648,the black and white drawing of a cartoon bear with big eyes
artwarriors_twitter_903b14a3,an illustration of a man with red eyes and a mustache
asamur_twitter_d931c2d9,there is a picture of a woman with a leopard print scarf
asandre_twitter_7437f9e3,there is a man in a suit and tie smiling at the camera
asbjornu_twitter_92180c6c,cartoon of a man in a t - shirt with a smile on his face
aschauerte_twitter_15bdf750,this is an image of a white speech bubble on a black background
aseroff_twitter_e4e8e18a,there is a cartoon picture of a man holding a video game controller
asesino_twitter_7d420c17,there is a drawing of a liver and a smiley face
ashisheth_twitter_fae33871,there is a bald man wearing glasses and a red shirt
ashokkamal_twitter_fb798db2,the logo of a green leaf with a white background
ashreginaldevasco_twitter_c86140a5,black and white photograph of a man in a black shirt
asiace_twitter_470cebeb,a close up of a metal button with a spade on it
asiergapa_twitter_618d65cd,there is a man with curly hair standing in front of a brick wall
assimtulba_twitter_416b16e1,there is a man that is sitting on a bench smiling for the camera
astav_twitter_cac509bf,mirrored image of a man wearing sunglasses with trees in the background
atahualpa_twitter_692b9bf5,black and white photograph of a man with sunglasses and earphones
atsoukalidis_twitter_8033150b,there is a man in a suit and tie posing for a picture
attila_twitter_b3280f04,black and white photo of a man in a plaid shirt holding a glass of wine
audiohard_twitter_e20ce305,audiohard hifi and professional audio
auliazahra_twitter_f0ad7f2d,there is a woman wearing a red scarf and a white shirt
austinhk_twitter_eac554d9,there is a black and white photo of a man with a tie
austrazubkovs_twitter_8c3c0dff,smiling woman in plaid shirt sitting on a couch holding a cell phone
authenticseacoast_twitter_72552d39,authentic sea coast logo
avaarka_twitter_74d22c1e,avaarka logo and business card
avalon1982_twitter_6ca5decb,someone is taking a selfie of a woman with a cell phone
avatartravel_twitter_4056a625,avatar travel logo on a blue background
avdrockr_twitter_a1eef6ad,black and white photo of a woman sitting on a bed with a remote control
avinashconda_twitter_d8ee2933,there is a man in a white jacket and pink shirt posing for a picture
awkingkhan_twitter_ecb3d6a2,black and white photograph of a man taking a picture with his cell phone
axknightroad_twitter_bf7b9815,a blue background with the word axel on it
axmai_twitter_6d0a036d,there is a woman holding two chocolate cakes in front of her face
aymanrahouhi_twitter_58865cea,there is a man taking a picture of himself in the mirror
azzamalasfoor_twitter_82d36a19,there is a man in a black shirt and white headdress
bagusanugrah_twitter_6460cb1b,there is a man standing in front of a wall with masks on it
balexandre_twitter_ee35d228,cartoon of a man in a plaid shirt with a mustache
balkurdi_twitter_a6a30be7,black and white photograph of a man sitting at a table with his arms crossed
bandadanieis_twitter_9782f73a,profile picture for dn5 entertainment
banikaaron_twitter_1494f86e,there is a dog that is sitting on the floor wearing a hat
bans_twitter_a3a192fc,there is a plane that is flying in the sky with a caption
barbaraparolini_twitter_e9f73914,there is a woman taking a picture of herself with a camera
barhatov_twitter_9cff258a,black and white photograph of a man taking a picture with a camera
barneyallen_twitter_b15aa93c,black and white photograph of a man with a mustache and a hat
barrett_twitter_2e240d4f,there is a man that is standing in front of a wall
basarpatir_twitter_eafe4259,there is a man sitting in a stadium with his hand on his chin
basemsal7_twitter_c63c4120,drawing of a cartoon face with two eyes and a nose
bassplayer83_twitter_08918665,there is a man sitting in a car with a donut in his mouth
bboylaba_twitter_2c769dc6,there is a drawing of a man with orange paint on his face
bdbrooker_twitter_ea880264,there is a man with long hair and a beard holding a cup
beapaxson_twitter_3831f31b,there is a woman holding a little girl in her arms
bearenok_twitter_62f57b55,there is a man that is sitting down with his hand on his chin
beaumont_twitter_04555692,there are two pictures of a man taking a picture of a sports car
beauraines_twitter_f6b213d0,there is a man that is sitting at a table with a plate of food
beautyluxury_twitter_4c712fa7,beauty luxury
beerluver_twitter_3f6f2404,there is a man that is looking at his cell phone
beichstaedt_twitter_6fd741b9,there is a man in a suit and tie looking at the camera
benfinch_twitter_f04e8c14,there is a black and white photo of a man standing on the beach
benitoroig_twitter_74872ce6,there is a man with glasses and a mustache posing for a picture
benjacobsen_twitter_2135f63a,there is a man wearing a mask and snorg in the water
benjamincole_twitter_5a3f07c7,black and white photo of a man with a beard sitting on a bed
benjaminyeurch_twitter_7b7d9301,cartoon image of a man with a toothbrush in his mouth
benjsellers_twitter_fdf197b0,cartoon image of a woman wearing sunglasses and a ponytail
benkalsky_twitter_788d88b1,a man with a beard and no shirt is looking to the side
benlinders_twitter_28603ec5,there is a man that is standing in the woods with a banana
benlizzotte_twitter_6dadff48,there is a black and white photo of a man drinking from a glass
benlyh_twitter_3a594911,black and white photograph of a man in a shirt and tie
benoitdeclercq_twitter_ecdd46a2,black and white photograph of a man in a car smiling
bensonhendrix_twitter_6b42562f,there is a statue of a donut and a statue of a bear
berillium04_twitter_190c88d3,there is a man that is drinking out of a coconut
bertboerland_twitter_286b548b,there is a man in an orange jacket and glasses posing for a picture
bertdickerson_twitter_a9898ae9,smiling man in yellow jacket standing in front of a desert landscape
bestnatesmithever_twitter_1d7d5960,there is a man and two children reading a book together
betooliveira_twitter_d55ef943,the little girl is wearing a knitted hat with googly eyes
betsyweber_twitter_d3dff905,smiling woman with blonde hair and black shirt posing for a picture
bexlondontown_twitter_8636b455,there is a man standing on a rock in the middle of a mountain
beyoubrazil_twitter_ad1f0e62,be fashion right you
bggarden_twitter_326f09eb,blond haired woman with glasses and a denim shirt smiling at the camera
bidabooking_twitter_aa7567a0,there is a blue suitcase with a surfboard and a flower on it
billelsey_twitter_5814f951,there is a man that is holding a glass of wine in his hand
billiambabble_twitter_8609b003,profile picture for inkers adventures
billlee_twitter_4ee8ac5b,there is a man in a life jacket standing on a boat
billlublin_twitter_a70b31fc,the cover of a comic book with a picture of a man on a motorcycle
billrousseau_twitter_f4b2878c,black and white photo of a woman reading a book while wearing sunglasses
bioanarchism_twitter_206372ec,there is a man with a box on top of his head
biverson_twitter_9a2b8909,cartoon drawing of a woman with glasses and a yellow hair
blackxxxxxx_twitter_bfea4806,there is a black and white photo of a man with tattoos on his arms
blairmosberg_twitter_e923d80e,there is a black and white photo of a woman with long hair
bluebrain_twitter_f9c3f5f9,"the full moon is rising over the city of san francisco, california"
blueturtlefl_twitter_cb89dfc4,blond woman in green shirt and blue scarf standing by the water
bobbibooker_twitter_5f0eae8b,there is a cartoon picture of a man holding a camera
bobbytravis_twitter_e46762b4,there is a man holding a little boy on his shoulders
boffism_twitter_04350d57,there is a woman walking down the street wearing a coat and scarf
bogohack_twitter_3a586a51,there is a man that is standing in the dark with a skateboard
bolomik_twitter_7979e5a2,a red and black circular design on a white background
bookkeepergirl_twitter_eb8758c5,there is a woman with glasses and a pink shirt smiling
boostventilator_twitter_6259827c,black and white photograph of a young boy laughing and holding a cell phone
booyabobby_twitter_c663c010,there is a picture of a man with glasses and a toy
born2addiction_twitter_c70b245c,people a day die from arctic prescription overdose
bornmannevan_twitter_2bbf660c,bornmann law group logo
bpuga_twitter_cfe3902d,there is a man that is taking a selfie with his cell phone
bradharvey_twitter_e5dafa7b,there is a man with a beard smiling for the camera
bradkoehn_twitter_2373c737,there is a cat that has a toothbrush on it ' s head
bradrussell_twitter_4337d051,drawing of a man in a cowboy hat with a cigarette in his mouth
bradwolff_twitter_d1a8ce9c,there are two men standing next to each other at a convention
brandie_twitter_9ae27e65,there is a woman wearing a black scarf and a black shirt
brankko_twitter_ba0ef529,there is a man with a beard and glasses standing by a body of water
brefe_twitter_5ce60967,there is a man that is holding a camera in front of a bus
brendanberg_twitter_b0b8fe11,cartoon drawing of a man with a surprised look on his face
brendanoconnell_twitter_d3bdf78a,cartoon boy with headphones on and a blue background
brettginsberg_twitter_3fd47014,there is a black and white photo of a man with wings
brianayers_twitter_301efb45,there is a man wearing glasses and a checkered shirt smiling
briancsmith_twitter_fd243f2b,there is a man standing with his arms crossed in front of a building
brianfarnham_twitter_b20a5ae1,an image of a drawing of a man ' s face in a square
brianfit_twitter_78e690a9,there is a man that is smiling and holding his hand to his face
briankemm_twitter_4cafb878,i ' ve moved follow me @ briankenm
briankurzweil_twitter_6dcee1ca,there is a man standing next to a mascot in a gym
brianlucas_twitter_0029a561,black and white photograph of a man with a long beard
brianmonroe_twitter_0d870819,there is a man that is leaning on the side of a car
briannagami_twitter_d995674e,there is a man sitting on a bench with his head resting on his arm
brianskellie_twitter_b47e71c9,there is a man with long hair standing in front of pictures
briantiede_twitter_f4eb1a91,there is a man that is taking a selfie with his cell phone
brianwang_twitter_f80fb669,there is a man wearing glasses and a shirt smiling for the camera
brittanyberger_twitter_fafd1913,there is a woman that is posing for a picture in a pink shirt
brownsdon_twitter_6fe53f96,black and white photo of a man with a beard and a sweater
brucewise_twitter_2f553b6a,there is a small child that is looking at the camera
brunno_twitter_9b6a9245,there is a man that is smiling for the camera
brunoconte_twitter_a89c7d01,there is a man with a beard and a black shirt smiling
brunolaurosantos_twitter_8a716ca6,black and white photograph of a man with his hand on his chin
bryanmcanally_twitter_d3dddb06,there is a picture of a man and a woman posing for a picture
bryanrapoza_twitter_be255d3b,there is a man sitting in the cockpit of a plane wearing headphones
bryans_twitter_7709146d,smiling bearded man holding a football and wearing a red hat
bryantcabrera_twitter_0f3137aa,there is a man with a black shirt and a yellow background
bryanwelsh_twitter_57834f40,profile picture for cornerstone project
bscheckel_twitter_5f510043,there is a cartoon of a raccoon riding a lawn mower
btihin_twitter_883c4751,there is a young man wearing a hoodie and a scarf
burovayulia_twitter_ef120fad,there is a woman holding two guns in her hands
caelanhuntress_twitter_65f721c6,there is a man riding a surfboard on a wave in the ocean
caitlingarzi_twitter_5c8de85e,portrait of a young girl with glasses and a tie in black and white
caitlynbates_twitter_f479a375,there is a woman that is kissing a dog in the park
calculatedstepz_twitter_e1211123,black and white photo of a man with a hoodie looking at the camera
calebkinchlow_twitter_76d51bbc,there is a man with a blue shirt and black vest smiling
calfn_twitter_615be962,anime girl with blue hair and a hat holding a card in her hand
calistoga_twitter_780e5c7e,there is a sign that says calistooga hanging from a tree
calitoe_twitter_d9d9c8fd,an owl with a red bow on its head is holding a heart
calvia_twitter_ae151315,there is a black and white swirl with a red c in the middle
camillek_twitter_141eee87,there is a group of people posing for a picture in a room
camillerodriquez_twitter_49cf2eee,smiling woman in blue polka dot shirt with her arms crossed
camillevanneer_twitter_8092d25c,amadi logo
camiloathem_twitter_7abaf108,there is a man wearing a hat and sunglasses on the beach
campervan_twitter_0e961c09,a person standing on a hill with a mountain in the background
cancunstudios_twitter_854fa98d,profile picture for cancu studios
capitu_twitter_12d37449,an image of a drawing of a woman in a black and white picture
caravanacreativa_twitter_51f26755,profile picture for carvanana creative tw
carlarozman_twitter_2a5e352b,the words carla pro zman on a black background
carlayashiro_twitter_bb547c88,there is a woman that is smiling for a picture in this picture
carlescabrer_twitter_2eea5647,there is a man that is standing in front of a building
carlospl_twitter_ea765a41,a green button with a cell phone and several email icons
carlycasper_twitter_1a14e789,the young man is sitting in front of a laptop computer
carlydamico_twitter_c4192cee,buddha head with headphones in black and white photograph
carmenmg5_twitter_2c305a72,there is a woman that is standing in front of a tree
carolyncummins_twitter_6955b25f,pregnant woman sitting on the floor with her legs up in the air
carovillalva_twitter_2801aeea,there is a woman standing in a doorway with a cup of coffee
carriebisme_twitter_429cd920,three men and a woman posing for a picture on a red carpet
carsonbelinda_twitter_84227a7e,there is a woman that is taking a selfie with her phone
carstenlange_twitter_856412cb,there is a man wearing glasses and a suit and tie
carstenpaetz_twitter_fa72e20c,there is a man in a suit and glasses standing with his arms crossed
castellani_twitter_7685121c,the words yogananics on a green hillside with a hut
castlecruz_twitter_4e35cd74,there is a man that is standing in front of a building
catarinavarao_twitter_52dd9490,there is a white canopy bed sitting next to a body of water
catchtorolav_twitter_8b9bd823,there is a man with long hair and a beard standing with a frisbee
catinamurillo_twitter_a5bee91f,there is a woman with long curly hair smiling for the camera
catturner_twitter_6111ca3b,blonde woman with black tape on her face and hair
cavdan_twitter_ff812e57,there is a man with glasses and a beard posing for a picture
cblack_twitter_ab567e36,there is a man smiling and wearing a black shirt and tie
cecilialiao_twitter_8114c50f,smiling asian woman in red sweater posing for a picture
cecilyarambula_twitter_6d59bf95,smiling woman sitting on the beach talking on her cell phone
celebquote_twitter_d7d850f3,a yellow sign with two black arrows pointing in opposite directions
celebrone_twitter_653b77af,this is a black and white photo of a man in a leather jacket
celiooliveira_twitter_2b50466d,there is a picture of a man that is wearing headphones
cemtozar_twitter_5a8c30a1,there is a man in a suit and tie posing for a picture
chadnewman_twitter_2bb9c94c,there is a man with glasses and a green shirt posing for a picture
chammccutchen_twitter_bdc83149,there is a man with a beard wearing a helmet and goggles
charlablue_twitter_af8d2706,bride holding a bouquet of flowers in front of a wall of potted plants
charlielujan_twitter_e3d71bfe,there is a man with glasses and a scarf standing in the dark
charliemac_twitter_6eb445af,there is a man standing next to a woman on a couch
charyshed_twitter_04a093f2,baby girl ' s mint green dress with white lace trim
cheeseberger_twitter_34af91d4,there is a man that is petting a horse behind a fence
chekostyle_twitter_8a3ddbf1,there is a man wearing headphones and a pair of sunglasses
chelseastark_twitter_7ed870e1,nighttime view of a woman standing on a balcony overlooking a city skyline
chertanchico_twitter_5096f5c5,woman with long brown hair sitting at a table in a restaurant
chiarapis_twitter_1cb5831f,there is a painting of a woman with long hair and a blue shirt
chitraagrawal_twitter_24d02a87,there is a woman that is looking at her cell phone
chonilla_twitter_d46bd2f9,smiling woman in a yellow shirt holding a cell phone in her hand
chrisastall_twitter_eaa83c0b,black and white photograph of a man with a beard sitting in a chair
chrischass_twitter_f47d1a66,there is a man with a beard wearing a blue jacket
chrisdate_twitter_391a1303,there is a man in a tuxedo sitting in front of a sign
chrisdscottphoto_twitter_aad91686,there is a man with glasses and a tie smiling at the camera
chrisgiddens_twitter_7c83a65e,illustration of a man with a ponytail in his hair
chrishartley_twitter_d9e20805,there is a man that is holding a guitar in his hand
chrislittler_twitter_99e41bae,this is a black and white photo of a man wearing glasses
chrismontoya_twitter_90b253a4,there is a man in a suit and tie smiling for a picture
chrisparkin_twitter_985edc2b,there is a man that is standing in front of a wooden wall
chrispenny_twitter_2fae5cd4,smiling man in blue shirt holding a white laptop computer
christiancalvino_twitter_bb6b0e90,this is a black and white photo of a man wearing sunglasses
christiankoestlin_twitter_a31e1fdc,homer simpson with a mustache and glasses
christianperez_twitter_2299dbb0,there is a man with a beard standing in front of a wall
christiepingvin_twitter_2ef3aeae,smiling woman wearing glasses and a black shirt posing for a picture
christinalauren_twitter_dca05357,there is a woman that is standing in front of a tree
christinehauer_twitter_673671a3,blonde haired woman sitting in a chair with her hands on her head
christinema_twitter_e6ee255a,there is a woman that is holding a sign that says place ad here
christophelaurent_twitter_b8e10d8b,there is a man that is standing in front of a building
christopherbornstein_twitter_f6263ad1,there is a drawing of a bicycle with a peace sign on it
christopherdavidkaufman_twitter_0f38535d,there is a man that is holding a cigar in his hand
christopherhyde_twitter_97ce18ac,there is a clown mask with orange hair and blue eyes
christopherichert_twitter_3527d14e,black and white photograph of a man sitting at a bar writing
christopherspiewak_twitter_f754e7ef,there is a man in a suit and tie smiling at the camera
chriswright_twitter_48f04754,there is a man that is standing in front of a tree
chrisyoungdesign_twitter_2e8e1a45,black and white photograph of a man making a cocktail at a bar
chromjuwelen_twitter_44aace3c,this is an image of a black star on a white background
cimet_twitter_d6861d2a,there is a drawing of a woman with a knife in her hand
cintiamcr_twitter_05632c7c,there is a blue and white sign that says free to be me
cjeam_twitter_4fcdd4ff,there is a young man sitting on the ground with a backpack
ckassociati_twitter_cfea6260,profile picture for ok associa
claireisabel_twitter_00ed0ba9,there are two pictures of a woman with long hair and a red shirt
clairewickenden_twitter_de78478c,smiling blonde woman sitting on a rock in front of a bridge
claudiogiulio_twitter_81f48d78,there is a man that is looking up at something in the sky
claudiogonzalo_twitter_f3fc1513,there is a painting of a polar bear holding a knife and fork
clayton21_twitter_19bfbdc8,there is a man in a white tank top posing for a picture
clintmccollum_twitter_ea226b12,an orange television with the word tv on it and a blue background
cnicely_twitter_d947add4,there is a black and white photo of a woman ' s eye with a heart on it
coachnicole_twitter_45569184,blonde haired woman writing in a book with a pencil and paper
coastermedia_twitter_fc01adea,black and white photo of a man in a car with a tie
codyo_twitter_af540ffe,there is a man and a woman taking a selfie with a child
colinmaddox_twitter_bac44134,there is a man that is looking at something in the dark
colinmilligan_twitter_98b5da65,the logo of a small elephant with a long tusk
colinolford_twitter_dbc11135,there is a man wearing sunglasses and a white shirt standing in a parking lot
colleenburns_twitter_64c360cc,there is a woman that is taking a selfie with her cell phone
condottasuite_twitter_20305e8c,there is a large building with a clock tower in the middle of it
conorgilmer_twitter_a284faa0,there is a bald man in a suit smiling for the camera
conradomacalossi_twitter_3f8d1cb0,there is a man sitting on the floor with a cell phone in his hand
constanceruppender_twitter_a330ea1b,there is a cardboard robot on the hood of a car
consuelogandia_twitter_e80fad7f,a close up of a red stop sign on a white background
coreyjo_twitter_15edcb16,an image of a pixel man with glasses on his face
corgimas_twitter_dc6ee838,there is a man that is standing in the grass with a kite
corporatephotographer_twitter_e1f7bcef,black and white photo of a man sitting in front of a window
countup_twitter_061dff35,there is a black and white photo of a man with a tie
cousindirk_twitter_f854ebf0,there is a man looking at his cell phone in the dark
craigansell_twitter_80828ec5,there is a man that is taking a selfie on the beach
craigdeakin_twitter_a9f984ec,vector illustration of a man in a blue hoodie with a brown hair
cranesitearo_twitter_5e50cfd4,an image of a cartoon character with glasses and a blue hat
cris33_twitter_a30384ae,there is a black and white photo of a woman wearing glasses
cristianmarimon_twitter_16bf4380,there is a close up picture of a light shining on a table
cristianovalim_twitter_26819ccb,there is a man wearing glasses and a plaid shirt smiling
cristinac_twitter_1d2519b8,blond woman with blue eyes smiling at the camera with a necklace on
cristinadirnea_twitter_ab35335a,an image of a woman with long black hair posing for a picture
croome_twitter_08dfdb29,there is a man in a black jacket and white shirt posing for a picture
crossleykim_twitter_bb6d297f,there is a woman that is taking a selfie in the mirror
crowdini_twitter_285c305f,a blue and white logo with a group of people in a diamond
cskonsol_twitter_cc840591,there is a picture of a man with a straw hat on
csrollyson_twitter_12c8b63d,michael mc in a suit and tie posing for a picture
currobarrena_twitter_5b486596,black and white photo of a man in a plaid shirt smiling
curtiscavanaugh_twitter_16042cb7,there is a man and a woman holding a baby in front of a cake
curtisguise_twitter_bcc48f02,this is an image of a monster truck in the desert
customfitonline_twitter_1717b755,there is a man that is taking a selfie with his cell phone
cyclofiend_twitter_cc720166,there is a man that is riding a bike down the street
cyko_twitter_d5f5c749,there is a group of people that are posing for a picture
cynthiakseymour_twitter_a5bef8d5,smiling woman with long brown hair wearing a black jacket and gold necklace
daeglo_twitter_21cd683f,cartoon cat dj playing music on a turntable with headphones
daeshinkim_twitter_05a93018,there is a man that is sitting at a table with a plate of food
daimanuel_twitter_d369544c,smiling man in white shirt holding a tennis racquet in his hands
dalereynolds_twitter_583a22fc,there is a black and white photo of a man with a quote on it
dallasfoodie_twitter_6cd58621,there is a woman sitting at a table with a plate of food
damianopovoleri_twitter_63ed9f56,there is a man that is sitting down with a map
danacosta_twitter_c80f1786,they are posing for a picture in front of the eiffel tower
danajones_twitter_c8e78cf5,smiling woman in blue dress posing for a picture with a laptop
danbeazley_twitter_8bd3cb42,there is a man with a beard and glasses holding a drink
danbrown_twitter_5e560c3d,black and white photograph of a man with a beard and a tie
dancondon_twitter_3fb350f7,there is a man standing on a boat holding a bottle of water
dandydanno_twitter_ef12be32,there is a man with a fake mustache sitting in front of sunflowers
danehartwell_twitter_55c96988,there is a man that is riding on a horse in the woods
danielabutcu_twitter_7d4b625d,there is a circular picture of a woman with many pictures in it
danielcaceres_twitter_9af3b8da,there is a man that is sitting in a boat with a camera
danielebazzano_twitter_19b02179,there is a man with a beard and sunglasses standing on a train
danieledler_twitter_41d3d564,there is a man wearing a black shirt with a skeleton on it
danielemoggia_twitter_87fe0fcc,man in red jacket and hat standing in front of snow covered mountains
daniellekogan_twitter_3137e165,blonde woman with long hair smiling at the camera in a white dress
danielmoreno_twitter_0eb29f76,there is a man wearing sunglasses and a black jacket and tie
danielrdossantos_twitter_1e6d964f,there is a man that is smiling at the camera by the water
danielscott_twitter_7b207443,this is a black and white photo of a man in a leather jacket
danieltaylor_twitter_a7eb9594,there is a man that is standing by the water looking at the water
daniiloros_twitter_1b7fc941,this is a picture of a man with a very angry look on his face
danilojrr_twitter_3393482a,there is a man that is playing a guitar in a room
dannybooty_twitter_7807c270,there is a man and a woman that are posing for a picture
dannyj_twitter_fa0ffae7,blond woman with sunglasses taking a selfie in front of a bar
dannyngan_twitter_47a10694,there is a black and white photo of a man holding a rainbow kite
danpancamo_twitter_33361335,there is a man with a mustache and a black shirt
danweese_twitter_b5c73ac6,there is a man leaning against a brick wall with his hand on his hip
danzenbinos_twitter_b356a406,cartoon image of a boy holding a medal in front of his face
daphnecheung_twitter_066f0253,the word soao is written in black on a blue background
daphnemaia_twitter_7a44e1c8,there is a person in a wetsuit and goggles in the water
dargadgetz_twitter_cbf72175,the z logo on a black background
dari0_twitter_ea3c410f,the woman is wearing a tank top that says i love dario
darleenepowells_twitter_174e051d,there is a woman that is looking at a television screen
darraghdoyle_twitter_e307fd7a,there is a man with a blue nose and a fake nose
darrenlawson_twitter_ac20bd72,there is a man that is standing in the dark with a skateboard
darrent_twitter_68c4e428,a green robot with glasses and a cell phone in his hand
darrenwoolley_twitter_f6bb37d4,there is a man wearing glasses and a white shirt posing for a picture
darrylpropp_twitter_0168deaf,there is a man with glasses and a bow tie talking to someone
darrymorales_twitter_7904179d,there is a man that is looking out the window of a car
dashable_twitter_d63199fa,there is a woman that is sitting on a motorcycle in the street
daveballesteros_twitter_9911bb49,there is a little girl sitting on a couch eating a piece of food
davecornthwaite_twitter_669fd37e,there is a man with a beard smiling and wearing a black shirt
davefernandez_twitter_965d60af,there is a man in a suit and tie posing for a picture
davefrost_twitter_4857b9aa,there are two dogs that are playing in the grass together
davegoodman_twitter_f5edb1d1,black and white photo of a man with curly hair and a beard
daveknight_twitter_08e16d31,there is a man that is standing in front of a building
davekyte_twitter_8e739e78,a close up of a red button with a steering wheel and two knives
davidadams_twitter_f5739526,there is a man in a suit and sunglasses sitting in a car
davidbird_twitter_6d8b869c,a black and white image of two swords and a dice
davidcardona_twitter_e87a87f5,there is a man with long hair wearing a blue shirt and tie
davidcorpuz_twitter_31ba3e62,there is a young man sitting on a bench in front of a hedge
davideesposto_twitter_155bc801,there is a man in a suit sitting at a table
davidegrassi_twitter_16ea7565,there is a man sitting in a red chair with a tie on
davidessex_twitter_08e9d009,an image of a cartoon blue owl with big eyes
davidfernando_twitter_35df02d1,there is a man that is smiling for a picture in a picture
davidhartlcz_twitter_971ffbaf,a person holding a glowing globe in their hands
davidhousholder_twitter_ec9529cf,the logo of the united states of america is shown
davidleebiz_twitter_bb80b4af,there is a man that is holding a cell phone in his hand
davidlewismd_twitter_078ef74d,there is a drawing of a man with a tie on
davidmerinas_twitter_44e6f2c3,there is a man with a beard wearing a hat and sunglasses
davidmichaelwynne_twitter_1e919770,there is a man in a suit and tie posing for a picture
davidparmet_twitter_c1b1ea41,there is a close up of a man wearing glasses and a tie
davidramirezordonez_twitter_960792e0,this is a picture of a drawing of a man ' s face with long hair
davidredelberger_twitter_85f266d5,there is a man in a grey hoodie holding a donut
davidsmcnamara_twitter_50df5f9a,there is a man with glasses and a beard standing in front of a window
davidvidorreta_twitter_fdd2fc66,there is a man in a red shirt holding a cell phone
davidweaver_twitter_c4e8662d,there are two men standing next to each other in front of a bus
davispaul_twitter_06b1e068,there is a man taking a selfie in front of a large building
dawnnewton_twitter_689f2268,an image of a green circle with a white background
daynah_twitter_4ebf57dd,there is a man and a woman holding a baby and smiling
dayveeka_twitter_f1fd7dd7,there is a woman wearing sunglasses and a black shirt posing for a picture
dazeofadventure_twitter_a026ece0,smiling woman in a car wearing glasses and a black shirt
dbhaffey_twitter_2b48ac41,there is a man with glasses and a black shirt posing for a picture
dciandy_twitter_5eeffa89,there is a picture of a young boy wearing a suit and tie
deabaria_twitter_ca5f4029,screenshot of a web page with a bunch of different electronic devices
deanmarsden_twitter_2282393e,there is a man that is smiling and wearing a blue shirt
deanwormell_twitter_d8a5addc,there is a man that is fishing on the rocks by the water
deaydre_twitter_ad8d4d92,there is a picture of a rose plant with a quote on it
debbiegioquindo_twitter_c441f559,there is a woman that is holding a wine glass in her hand
deborahpagliuca_twitter_e09335ef,there is a woman that has a cell phone in her hand
dedicatedshep_twitter_8ab189e1,there is a person doing a yoga pose on a hill
deepeshmd_twitter_640a6027,there is a man in a suit and tie posing for a picture
deflemonkid_twitter_0e653e8f,there is a man and a woman that are sitting together
defyrecordings_twitter_48fe0fd6,defy recordings logo
delcoursolutions_twitter_aff8b44a,a blue and white image of a power button in a circle
delgeronimo_twitter_4764d08d,a black and white image of a man with a beard
denikasep_twitter_01c54f23,there is a man that is sitting on a pile of logs
denisdoeland_twitter_78fe7afa,black and white photo of a man with a beard and a shirt
denisdubois_twitter_eebb382f,there is a black and white photo of a man smiling for the camera
dennissmith_twitter_38d5aeeb,this is a black and white photo of a man looking at the camera
derekameyer_twitter_333d03ff,a blue and white logo with the letter cs
derekfromson_twitter_d09c64c2,there is a man that is smiling for a picture in a white shirt
derekmcclain_twitter_f0330ee8,black and white photo of a smiling man in a vest
derekrstewart_twitter_42ae9ed0,there is a man wearing a black shirt and a pair of sunglasses
designergna_twitter_3e37fa1f,there is a cartoon image of a young girl with glasses on
det_twitter_146cc4e8,there is a man in a suit and tie smiling for a picture
developer71facebookgarygilstrap_twitter_734f35dc,this is an image of a computer with a keyboard and mouse
developit_twitter_101a5bec,there is a woman that is taking a selfie with her cell phone
dewitopia_twitter_35e0a569,there is a woman that is singing into a microphone in a room
deya_twitter_e8aefea4,there is a man sitting at a desk using a laptop computer
deydos_twitter_1dd3fcf0,a close up of a sign with the word dog days written on it
dezelquillen_twitter_2692dfd8,there is a man sitting at a table with many glasses of wine
dezydelima_twitter_5a390cc6,black and white photo of a woman in a dress posing for a picture
dheras_twitter_41bab982,a black and white photo of a man with a beard
dianaantholis_twitter_c160d10e,there is a woman that is sitting on a bench looking at the camera
dianemueller_twitter_38e29cb7,there is a woman wearing glasses and a black jacket
diavianjacob_twitter_14603c8d,there is a little girl with a fake nose and a fake nose
dibusydeabus_twitter_be9606fc,there is a man that is standing in front of a building with a sign on it
diegofunaro_twitter_78e8c37c,there is a man with curly hair and a ring on his finger
diegomanule_twitter_581873e7,the m logo is shown on an orange button
dieterpeeters_twitter_1b4053d2,illustration of a man in a purple shirt and black tie with blue eyes
dimyume_twitter_ee158cea,there is a picture of a folder with a question mark on it
divaka_twitter_efa86dab,there is a man that is standing on the beach with a cell phone
divanotrite_twitter_b4bba3f1,there is a shirtless man with blue hair and tattoos on his chest
djduncan_twitter_80542429,there is a man smiling and wearing a blue shirt
djemiliot_twitter_721ba2df,there is a man that is holding a microphone in his hand
djquietstorm_twitter_ca5bb7de,a red circle with the word os on it
djthedoctor_twitter_acf0bd78,there is a man that is standing in front of a painting
dkakaiya_twitter_5abbc578,smiling woman wearing glasses and a scarf in a black and white photo
dlosuna_twitter_a4bbb25c,there is a man that is standing in the woods with a frisbee
dmjoaoigor_twitter_5255b0cf,coolapps logo on a yellow background
dnay_twitter_b7855b18,an image of a set of four different types of shapes
doanttran_twitter_b4c51a82,there is a woman that is holding a wii remote in her hand
docouto_twitter_05278e0f,there is a man that is sitting on a bus and smiling
doctorparadox_twitter_307d3001,there is a robot that is standing up with his hands on his hips
dolmisani_twitter_6fd452b3,portrait of a man with glasses and a beard in a blue shirt
dolphinsmind_twitter_29ffa7f7,there is a man that is holding a frisbee in his hand
dominicfuchs_twitter_3dd46828,a black and white photo of a man with curly hair
dominiquedesrosiers_twitter_491b580b,there is a man with a beard wearing a purple shirt
domusauditoirum_twitter_0da830f7,black and white photo of a black and white sign with a white arrow
domynatrix_twitter_39f16bb2,painting of a woman ' s face with stars in the background
donanela_twitter_53570524,smiling woman in a yellow dress with a blue bow on her head
donatellotrisolino_twitter_228b2167,black and white photograph of a man with a serious look on his face
donkomo_twitter_ab97d4e6,painting of a man holding a piece of paper and a dog
donmik_twitter_57ef4d09,there is a drawing of a man with his arms spread out
dontpose_twitter_e74e011e,black and white photograph of a bird flying over a woman ' s head
dorahardy_twitter_be7955e9,there is a woman that is making a peace sign with her fingers
dorothylovy_twitter_b7630072,black and white photograph of a woman wearing a hat and necklace
dorsetscouser_twitter_5b0e44c8,the milky shines brightly over durdrum rocks and the milky
dotsilicon_twitter_b88e6752,dot silicon logo
dougfrancis_twitter_7179cfd3,there is a black and white photo of a man in a suit and tie
doughiltz_twitter_1617e4a6,there is a man that is standing in front of a wooden door
dppschoenmaker_twitter_71559a68,there is a dalmatian dog that is laying down with his head on a pillow
drchrisstout_twitter_1f3b1e75,smiling man in black jacket and plaid shirt posing for a picture
dreammm_twitter_4454b8d9,there is a woman sitting at a table with a plate of food
dreaprieto_twitter_d7289e52,an image of a woman with glasses and a red sweater
drewalanbeaty_twitter_7c9415db,there is a man that is standing in front of a painting
drseisenberg_twitter_5710be4b,black and white photo of a man smiling for a black and white photo
dubecarlos_twitter_8b1ab165,a white plate topped with lots of different types of tomatoes
dustinhershberger_twitter_f9f3f530,painting of a bald man wearing sunglasses in front of a building
dwanellington_twitter_54c856c9,under the gun inn custom tattoos
dwymonster_twitter_95ee518d,an image of a pixel art of a man with glasses and a hat
dygrafi_twitter_e4203246,there is a woman with sunglasses on her head posing for a picture
dyzisaboy_twitter_68cb24bb,there is a red flower that is blooming in the dark
eamrselim_twitter_e64b635f,profile picture for go viaweb logo
earthxplorer_twitter_d2164e6e,there is a man that is standing in front of a body of water
ebaechler_twitter_13a3e0ec,there is a man that is holding a bunch of shoes in his hands
eboniife_twitter_6ba529bb,there is a woman standing in front of a brick wall smiling
edersonsandre_twitter_40a51b70,there is a man standing on top of a rock on a cloudy day
edesonsouza_twitter_47d98416,there is a man taking a picture with a camera in a field
edmondwong_twitter_20b3e730,this is a black and white photo of a man adjusting his tie
edna_twitter_4043f2e2,smiling asian woman eating a piece of cake at a restaurant
edsafin_twitter_48e6c4fe,there is a black and white photo of the word u n t
edscanlan_twitter_e8fd8f8e,there is a man in a suit and tie posing for a picture
eduardohernandezcamacho_twitter_fbab3acb,this is a black and white photo of a man standing in front of a wall
edwardanton_twitter_8023d850,there is a man and a woman that are posing for a picture
edwardloh_twitter_1b11869b,smiling man in wet suit riding a surfboard in the ocean
efelippe_twitter_1e6d0fd4,there is a young man laying on a bed with a cat
ehrok_twitter_741402f9,there is a man that is looking up at something in the air
ekafri_twitter_a931dc2e,there is a man sitting on a couch smiling for a picture
ekapol_twitter_ab7e2c2e,there is a man and a woman that are posing for a picture
ekiafoto_twitter_1e9f8267,an image of a man in a suit and tie with red background
eladbs_twitter_c25597cb,there is a man that is standing in front of some wine barrels
elbisnet_twitter_0ddd1727,there is a man that is standing with his arms crossed
elchaninovstar_twitter_65d649b4,painting of a man with a beard and a goatee on his head
elenakalis_twitter_2b609fb2,there is a stack of money sitting on top of each other
elenamanzini_twitter_0e10cd47,smiling woman in black and white sitting at a table with a cell phone
elenaperez_twitter_8babbb0b,there is a woman that is standing in front of a window
elenavelez_twitter_67cd0a55,there is a woman sitting at a table with a plate of food
elerick_twitter_ff138f25,there is a man in a tie and sunglasses driving in a car
elfolen_twitter_4781ed1e,there is a woman with glasses standing in front of a graffiti wall
elianaca_twitter_65ffe607,there is a woman that is standing in front of a table with pictures
eliazu_twitter_d4a4006b,there is a man that is sitting at a table with a plate of food
eliezerdiaz_twitter_dfee71a0,there is a man sitting on the ground wearing a deer head mask
elisapicchiotti_twitter_9381e60a,there are many people that are standing around in the park
eliut_twitter_7bac7c25,an orange square with a number one in the middle
elki_twitter_62538ef3,there is a man that is standing in front of a blackboard
ellaclawley_twitter_429a8e4e,there is a woman that is wearing a hat with ears
elleiconlee_twitter_652343f4,there is a woman holding a pair of scissors in her hand
elleneinkauf_twitter_01a81fcd,smiling woman in black jacket and hat standing by a body of water
elliepotts_twitter_be65f5ba,there is a woman with glasses and a black shirt holding a cell phone
elmo_twitter_1eb34faf,black and white photograph of a spiral staircase in a building
elreptar_twitter_32877a18,there is a man taking a picture of himself with a camera
elsander_twitter_cab25f9f,there is a painting of a man with a beard looking up
eltounsi54_twitter_4af903d0,there is a man wearing sunglasses and a hat in a park
emanuelepapi_twitter_60a25b6d,there is a man in a suit and tie posing for a picture
emiarai_twitter_cb588b6f,there is a woman that is laying down with her hair in the air
emiliofolgar_twitter_8edc8e4e,there is a man that is sitting on a boat in the water
emiloberg_twitter_992fa3db,there is a man that is standing up with his hands on his hips
emilymulle_twitter_868c94b0,blond woman with long blond hair wearing a gold leather jacket
emimatsushita_twitter_f5f1cd7b,there is a person that is standing on a hill with their hands up
emmaruthbeer_twitter_376b09f0,there is a woman sitting in a chair with a plate of food
emredjan_twitter_9d19ee46,there is a man sitting at a table with a plate of food
enricodemitri_twitter_a75b39d8,poster of a woman with red lipstick on her lips and a black background
enricorossomando_twitter_a860ca72,there is a man with a party hat on his head
enricvega_twitter_57fe68e7,there is a man standing in front of a body of water
enzomartinez_twitter_6199899f,black and white photo of a man wearing a new york mets hat
eole_twitter_390fd9f1,there is a picture of a man with a face cut out of it
eonsmiami_twitter_9e7024a6,"the cover art for the album neons, featuring a photo of a man in a black shirt"
epuertas_twitter_3417f0b6,there is a man with headphones and a pen in his hand
erdelcroix_twitter_85f7e392,cartoon image of a man with a beard holding a cell phone
erdemtuzen_twitter_51c05135,a white and blue logo with the letter y in a circle
erdisi_twitter_40c83189,smiling man in plaid shirt looking up at something in the air
erdo_twitter_28274a51,there is a man in a suit and sunglasses talking on a cell phone
ericalynnyoung_twitter_d1ada060,woman with long blonde hair wearing a black blazer and a necklace
ericastella_twitter_65e57743,there is a woman taking a picture with a camera on the street
ericavirtue_twitter_35629972,bride looking out the window in her wedding dress at her wedding
ericbreece_twitter_f88de7f8,portrait of a man in a blue shirt and a black jacket
ericepetersen_twitter_3c09a486,a green logo with a gear wheel and a leaf on it
ericlaurie_twitter_dfa7170f,there is a close up of a man with a beard and a tie
ericnojimd_twitter_cdd4246f,there is a man holding a baby monkey in his arms
erikaperugachi_twitter_6467d161,there is a woman standing in front of a sign that says apple campus
erikdehkhoda_twitter_8e296b66,there is a man that is sitting at a table with a laptop
erikmacpherson_twitter_c75dc507,a white triangle logo on an orange background
erikpt_twitter_a14c13bd,there is a man that is standing in front of a body of water
erinlambert_twitter_13697f3c,there is a woman that is eating a large hamburger outside
erinslick_twitter_455becfe,smiling woman in black turtle neck sweater holding a cell phone
erwinhuang_twitter_6251b934,this is an image of a man with glasses and a blue shirt
eryk_twitter_cfd060f6,black and white photograph of a man with a tie on smiling
esmeraldabeautylounge_twitter_41e8c875,there is a black and white drawing of a woman ' s face
estibalizcamara_twitter_5af63bde,there is a black and white photo of a woman with long hair
etthompson_twitter_644d7896,black and white photograph of a man holding a magnifying glass
eugenemartinez_twitter_929ca641,there is a man that is holding a dog in his arms
eurekatek_twitter_d9cfdf02,eurotech software development ltd logo
evandroarruda_twitter_67971377,there is a man that is standing in a room giving a thumbs up
evandrooliveira_twitter_215a503f,there is a man that is standing in front of the water
evandrosudre_twitter_b0259bf4,there is a black and white photo of a man with glasses
evanschikarakara_twitter_c43af1c0,there is a man that is standing in front of an airplane
fabianoalmeida_twitter_abca7bca,there is a man that is taking a selfie in the mountains
fabienadouani_twitter_4d7cb7ac,there is a woman that is taking a selfie with her cell phone
fabioj_twitter_10af93ff,an illustration of a man with glasses on his face
fabiolottino_twitter_695eef72,there is a man sitting at a table with a glass of wine
fabrymondino_twitter_cb82274d,there is a man holding up a picture frame with his face in it
fahads_twitter_157899b9,there is a man wearing sunglasses standing in front of a window
faisalkhatib_twitter_eff04a89,there is a woman that is standing in a puddle of water
falana_twitter_76e40761,there is a woman that is making a cake in the kitchen
fardeen_twitter_8a844baf,there is a man sitting at a table with his arms crossed
fayeoakey_twitter_64978196,two women are posing for a picture in the back of a car
fdavid_twitter_ab98504e,there is a man that is standing in front of a stone wall
fedsimonetti_twitter_64ff91b6,there is a man that is taking a selfie in front of a wall
feixiao_twitter_171b62c2,there is a man in a life jacket taking a selfie on a boat
felicelam_twitter_bd034eeb,smiling woman with glasses and a black shirt standing in front of a gray background
ferminpeluqueros_twitter_b4e93176,this is a black and white drawing of a pair of scissors
fernandabh_twitter_8313d345,there is a woman with glasses and a red lipstick posing for a picture
fernandezdjr_twitter_1ea2a3da,there is a man wearing glasses standing in front of a palm tree
fernandoamezrafael_twitter_4e10115a,there is a man that is holding a cell phone up to his ear
fernandoescudero_twitter_88e3a7f9,there is a man wearing a hat and glasses sitting in front of a car
fernandogallardo_twitter_5e6cc5af,there is a man with glasses and a beard wearing a purple shirt
ferrodino_twitter_aff22ad0,there is a man that is standing in front of a building
fethiyegolgesiz_twitter_a51d650d,there is a woman that is sitting down with a cell phone
fig_twitter_39b9bfbe,there is a white ball with a black and red design on it
finchfm_twitter_df282868,there is a woman that is wearing a furry hat and smiling
fionagraham_twitter_9efc63ec,black and white photograph of a woman taking a selfie in a car mirror
firasbenhamida_twitter_09440163,there is a man wearing a hat and holding a cigar in his hand
fireos_twitter_d68e6c7f,there is a light bulb with gears inside of it on a gray background
firnas_twitter_51146571,this is a picture of a check mark on a computer screen
fitbodylife_twitter_a3483d3c,there is a man that is smiling and posing for a picture
fixelzero_twitter_22edb68c,there is a black and white photo of a person riding a skateboard
fjd_twitter_a9f8971d,black and white photograph of a man sitting in the dark
fleurmcgerr_twitter_eb0d7e0f,smiling woman in red jacket holding a red and yellow lobster
flickeringember_twitter_de4aac5d,there is a woman with glasses standing in front of a book shelf
flxbarth_twitter_e65d57e6,woman in a white shirt and black skirt posing for a picture
flyzipper_twitter_32fd069a,this is a black and white photo of a man with a shaved head
fmmor_twitter_e7b9519a,black and white photograph of a man sitting on a couch with his hand on his chin
fmrcastro_twitter_48a4960d,there is a man that is holding a mushroom in his hand
followsound_twitter_c0aa49aa,there are two young men standing next to each other in a park
forevaimagescom_twitter_bcc3df80,a red and black logo with the letter s on it
fotokiosk_twitter_d3f56001,smiling woman in leather jacket holding a camera in front of a wall
fotolory_twitter_ac569fbf,there is a cup of milk with a sugar cube in it
fozterz_twitter_44160537,there is a man in a suit and tie standing in front of a window
fposati_twitter_98ee18b5,cartoon drawing of a man with a cell phone and a speech bubble
fraidy_twitter_741bfa1a,there is a man jumping up in the air in front of a red building
francescacampigli_twitter_5a5f0e56,there is a black and white photo of a woman looking at her phone
francescoalbano_twitter_1bb78100,there is a man sitting at a table with a glass of wine
francescodendi_twitter_5edced70,there is a man with a beard wearing a blue and red hat
francescodilillo_twitter_7ce9ceb9,there is a man in a suit and headphones sitting at a table
francescomeani_twitter_be402cc1,there is a cow that is holding a toothbrush in its mouth
frankcarter_twitter_40f4e7d8,there are three men and a woman standing next to a christmas tree
frankneulichedl_twitter_ee6c564c,there is a man that is looking at something in the dark
franko_twitter_a1d5dda8,there is a man wearing sunglasses standing in front of a building
frankpeter_twitter_fe0028b8,there is a blue and white drawing of a man sitting on the ground
frankrodriguez_twitter_d178fc5f,there is a man in a black shirt and glasses posing for a picture
franktraylor_twitter_e0f399de,there is a man that is standing in front of a clock
frankt_twitter_2a3e20c4,there is a man wearing sunglasses and a baseball cap smiling
frankyhp_twitter_f8304b94,a colorful pinwheel on a stick with a sky background
fransiskusariesa_twitter_b7534b52,there is a man that is sitting on a rail with a camera
franziskakaterbaum_twitter_082881fb,black and white photo of a woman holding her hair in the air
frayser_twitter_a6b4d55d,there is a man that has a straw hat on top of a stick of fruit
frederickpolk_twitter_431fd50c,there is a man that is standing in the dark with a skateboard
fredriclandqvist_twitter_934a7749,this is a black and white photo of a man with short hair
frijal_twitter_9899d705,a black and white poster with the words in different languages
frogdiva_twitter_2c9b201c,there is a woman sitting at a table with a plate of food
frosch03_twitter_d50400f7,cartoon frog wearing a colorful shirt with his tongue sticking out
fsy_twitter_b350e7bd,there is a small dog that is standing in the dirt
ftrujillo_twitter_12ec65ef,there is a man that is sitting at a table with a plate of food
fullo_twitter_a1093260,cartoon image of a man with a beard and a skull on his chest
fulltime_twitter_2333e77c,there is a picture of a sticker with a picture of a man on it
funkycoda_twitter_01c5ba04,there is a man sitting at a table using a laptop computer
fuzzy_twitter_b150a76a,man in white shirt and hat playing guitar on stage at night
gabi_twitter_6c0c5fae,there is a woman standing in front of a bed wearing high heels
gailgabrielle_twitter_0c4d4656,smiling woman in white dress posing for a picture with hands on hips
gailobannon_twitter_0f2b7f25,there is a woman that is sitting in the back seat of a car
galobaro_twitter_13feb392,there is a man that is standing in front of the sky
galobart_twitter_ca32a55a,there is a man wearing a hat and sunglasses standing in front of a mountain
ganant_twitter_1ae9c07d,there is a train that is pulling into a train station
garthsmitman_twitter_311d8bd8,there is a man with glasses and a blue shirt posing for a picture
garwinlu_twitter_d8d69dd9,a black and white logo with a lotus flower on it
garyacers_twitter_386bbb86,there is a man sitting next to a dog with a hood on
garyreed_twitter_3e88da9b,there is a man with a big afro wearing sunglasses and a necklace
gastonsz_twitter_3d1cb75b,there is a man sitting in a car wearing glasses and a scarf
gavsouthern_twitter_6195cc35,there are two men that are posing for a picture together
gcardona_twitter_0d5787da,there is a man standing next to a boat in the water
gege2ge_twitter_4611871a,there is a man wearing a hat that has a marijuana leaf on it
gemmaphelan_twitter_9ab09ba7,smiling woman with long black hair and blue shirt holding a glass of wine
gemsmaquillage_twitter_b1324236,there is a woman that is sitting in front of a cake
genosbil_twitter_d821c790,black and white photograph of a man holding his hands over his mouth
gentra_twitter_e21a095f,the letter g is written in white on a black background
georgedearing_twitter_f3f64de2,there is a man in a suit and tie posing for a picture
georgeferris_twitter_fb2b16a0,there is a man with a beard and sunglasses posing for a picture
georginalester_twitter_00258c5c,there is a woman in a blue shirt posing for a picture
gerhardheinrich_twitter_ec49bb26,this is a black and white photo of a man with blue eyes
germanogurgel_twitter_9d49436a,there is a man that is walking on the beach with a kite
germer_twitter_4f47b309,"a white background with a blue, yellow, and black geometric design"
gerty_twitter_2fc132b6,there is a man that is standing on a rock with his arms outstretched
ghholtphotography_twitter_91143b56,black and white photograph of a man with a beard and glasses
giacomoardesi_twitter_d0be852a,there is a man wearing a purple tie and a white shirt
giamarcs_twitter_60d36895,there is a black and white photo of a woman reading a book
giants5go5go5_twitter_3f5f6f89,an orange and white logo with the letter h on it
gilbertmc_twitter_a8082f45,there is a man sitting in the dark with his hand on his chin
ginsonspeich_twitter_52190e4e,there is a man in a suit smiling for the camera
giorgiopapallo_twitter_33278151,illustration of a man with glasses and a pipe smoking a pipe
giovaniricciardi_twitter_377c37a0,clown with green hair sitting on a couch smoking a cigarette
giovinator_twitter_f8dc7b50,there is a man that is holding a remote in his hand
giraudkd_twitter_9f9de9fe,there is a man that is sitting in a car with a tie
gisanders_twitter_e229cd56,this is a black and white photo of a man looking at the camera
giselabeer_twitter_d2e3c760,a black and white logo with the letter gf in the middle
giulianoabate_twitter_1b4a323f,there is a black and white photo of a man wearing glasses
giuseppeazzaro_twitter_ca961781,there is a man standing in front of a wall with a painting on it
gladtrejo_twitter_16871844,man with long black hair wearing a black hat and a blue shirt
gleamland_twitter_4031e865,a white and purple logo with the letter g on it
glemak_twitter_9e2b3b26,there is a man riding a mountain bike on a dirt trail
glennthorpe_twitter_d64e04f0,there is a man in a suit and tie standing on a street corner
glfreelancegraphic_twitter_4d9e0da8,there is a man that is standing in the dark with a skateboard
globalpatriot_twitter_58c079b1,there is a man that is standing in front of a tree
globomarketing_twitter_d3f6645a,profile picture for global marketing
gmlumpy_twitter_558eadb3,there is a cartoon image of a man with glasses and a beard
gmpentaxfan_twitter_c5c5362e,there is a man taking a picture of himself in the rear view mirror
goace_twitter_81a47054,there is a man sitting on a train looking out the window
godivaartstudio_twitter_564d55a6,the logo for godiva art studio
gomayara_twitter_080f01cf,there is a black and white photo of a woman sitting at a table
gonzalodroguett_twitter_d445103d,black and white photo of a man taking a picture with a camera
gonzalofera_twitter_5149854d,profile picture for fer @ comms
goodboyroy_twitter_1e280bef,"we ' re all characters, we ' re all characters sticker"
gordsellar_twitter_ddf0c13c,cartoon drawing of a man with a briefcase and a tie
gorguito_twitter_8b1f8e67,there is a man with a beard and glasses looking at the camera
gosiabem_twitter_31daa85b,there is a woman that is looking up at something in the sky
gotnur_twitter_a141058d,an image of a man with a beard wearing a blue hat
gozdebalkan_twitter_e302cab2,black and white photo of a woman in a room with a drum
gracemassalanglois_twitter_5e2c0bcd,there is a woman that is smiling for the camera
greengeedivan_twitter_8ab2557c,the face of a man with a mustache and a beard
gregcarley_twitter_2ba8b01e,a drawing of a man with a green shirt and a green shirt
greghyer_twitter_22ec54ac,there is a man in a suit and tie smiling for a picture
gregmcbride_twitter_7ec23311,the gmmcb logo is shown on a gray square
gregthurtle_twitter_3c3740d4,black and white photo of a man wearing glasses and a bow tie
grisoni77_twitter_097377ed,starr trails in the sky above a church and tree
gson_twitter_a966d1bc,a close up of a sheet of paper with numbers on it
gtbundy_twitter_460e51a0,there is a man sitting at a table with a plate of food in front of him
guardic_twitter_c14078da,there is a man that is standing in front of a sign
guedadojacopomele_twitter_54ffce95,there is a man in a blue shirt standing with his arms crossed
guidocataldi_twitter_54832c22,there is a man in a blue shirt holding his hand up
guillermoruiz24_twitter_0160f3be,black and white photograph of a man playing drums with a young child
gurumef_twitter_61ef9610,there is a man wearing headphones and a pair of sunglasses
gusei_twitter_2087b8f3,the google logo is displayed on a white background
gustavoarias_twitter_54c0cdd5,there is a man that is holding a cell phone up to his face
guycocker_twitter_b330a1df,this is a close up of a man in a sweater and tie
guysonecstasy_twitter_b846c333,there is a statue of a woman with a hood on it
gvirtucio_twitter_0e90f22a,there is a black and white photo of a man holding his hand up to his face
gwalter_twitter_0c6dd10d,there is a black and white photo of a man with glasses
gwynf_twitter_3d5c2458,man with long hair and beard wearing a black and white hat
gwynnekostin_twitter_c623b300,portrait of a woman with short blonde hair smiling at the camera
habuw_twitter_4a555da8,there is a man with green paint on his face and a green background
hacen_twitter_0bed7b72,there is a man wearing glasses and a white shirt smiling
hairboutiquecom_twitter_c5bf09b2,a green and pink striped background with the letter hb
haivo_twitter_bdd72100,there is a man that is smiling and holding a remote control
hakandahlstrom_twitter_9773d942,there is a man with a beard and a red shirt smiling
halgarob_twitter_67d039d4,there is a man that is holding a piece of food in his hand
halilkupeli_twitter_acae7c70,there is a man in a white shirt and tie sitting at a table
hallyboost_twitter_6e6d3adb,there is a man that is standing on a bridge with a picture on it
handmadejewelry_twitter_108df45b,the earrings are decorated with a deer and feathers
hanma_twitter_857c9d61,there is a man that is standing in front of a wall
hannoliiva_twitter_2eb1f948,there is a young man wearing glasses and a bow tie
hansvaneijsden_twitter_ab317d1b,there is a man in a suit and tie posing for a picture
harishsharma_twitter_cca3ead0,there is a black and white silhouette of a man and a woman
harisrahman_twitter_1f7c8d1b,there is a fake halloween tree with pumpkins on it
harshit_twitter_cc982ff0,black and white photograph of a man sitting on the ground with his legs crossed
harvest316_twitter_2e57cdc0,there is a man in a suit and tie smiling at the camera
hasanalikhattak_twitter_1b8c3961,there is a man with a beard wearing a brown shirt
hayleyvu_twitter_5771cfe5,a sticker of a baby in a space suit with the words yup house
hbeme_twitter_d4642ec2,there is a man with glasses and a tie smiling for the camera
heartrepreneur_twitter_4c084163,black and white photo of a woman with a smile on her face
heartstrung_twitter_d96ea892,woman with purple hair holding a white dog in her arms
heatherho_twitter_134146a4,there is a woman that is holding a cell phone in her hand
heathertorres_twitter_68535343,smiling woman in purple shirt standing in front of a blue wall
hectorigual_twitter_5422ab63,portrait of a man with a beard and a leather jacket
heilweil_twitter_a9fa6e13,there is a man and a child standing on the beach holding hands
helka_twitter_d6b8047d,there is a woman that is standing in front of a bed
henrikfohns_twitter_1cebd35f,there is a black and white photo of a man with glasses
henspie_twitter_17aa669f,there are two men sitting in the back of a car making a peace sign
hepekiz_twitter_702d2303,an image of a broken twitter egg with the word twitter on it
hernancortes_twitter_844f2a68,there is a man that is taking a picture of himself through a window
hflpjtrade_twitter_ec4057b9,an image of a cartoon monkey sitting down with its mouth open
hillmiester_twitter_d1a14f7f,black and white photo of a man with earphones in his ears
hiredmyway_twitter_ae311bde,a black square with a green and white logo on it
hisforhome_twitter_b2a8cc12,h is for home com
hishizaki_twitter_2fddf773,there is a woman sitting on the ground with her hands in the air
hlh_twitter_7accfa24,there is a woman with glasses smiling in front of a yellow flower
hogeslag_twitter_5e738c6b,an image of a bust of a man with long hair and beard
holleyjacobs_twitter_871a8a44,there is a black and white photo of a woman with flowers in her hair
hollyccarter_twitter_6e578e3f,there is a black and white photo of a logo for a store
hollywoodpunk_twitter_26829078,black and white photograph of a man in a jacket and tie
homesacrosstheworldcom_twitter_dc31cc66,a green and white logo with the letter h on it
hookedonwax_twitter_b55ebb54,a white and blue logo with the words show on it
hoosierteacher_twitter_d9ebc414,there is a man in a suit and tie smiling for a picture
hortovanyi_twitter_973c33d0,there is a man that is standing on a bike by the beach
hostels247_twitter_139daa85,the logo for hostels zyzzon
hotelcostanarejos_twitter_c1c0110c,there is a view of the pool from the window of a hotel
howielevy_twitter_0585d474,smiling man in a plaid shirt and tie standing in front of white background
hthaiwon_twitter_e0e5da0c,there is a woman sitting at a table with a plate of food
huko_twitter_c299cad2,a close up of a green and blue arrow in a circle
humanlie_twitter_cd6c7d6a,there is a woman that is sitting on a toilet in the street
huzaifasial_twitter_60c82a39,there is a man that is standing in front of a fountain
hyperbreed_twitter_a25e4ca0,there is a man taking a picture with a camera and another man taking a picture
iabdulghani_twitter_7fa1eb79,there is a man wearing glasses and a yellow shirt posing for a picture
iamangelique_twitter_a92c5588,3d illustration of a young man in a purple jersey and a baseball cap
iamlfb_twitter_4fb7edfc,there is a man in a suit and tie holding a pair of glasses
iamryno_twitter_1b4da683,there is a man with a beard and glasses posing for a picture
iancorless_twitter_17c5fdca,talk ultra logo
ianedgar_twitter_85a15d06,black and white photo of a man in a baseball cap sitting in front of a television
ianjamesdavies_twitter_f57dcb86,there is a man that is holding a remote control in his hand
iankath_twitter_953fc7cb,there is a man that is sitting at a table with a glass of wine
ibulat_twitter_9fabb951,there is a man sitting in a shopping cart in a store
idaperri_twitter_c09e48a1,there is a woman in a black dress posing for a picture
idaveml_twitter_28dd4888,there is a man and a woman that are looking at something
ideas4ios_twitter_c082de65,an image of an apple logo with the words ideas on it
idrialis_twitter_f1818d78,there is a woman that is taking a selfie with her cell phone
idvaad_twitter_bcf2f056,an image of a close up of a flower on a piece of cloth
iesposito_twitter_47f18673,there is a man that is taking a selfie in the mirror
ifabio_twitter_40e0cd7d,there is a man sitting at a table with a laptop computer
ifeelitall_twitter_f25f9d35,there is a woman leaning over a table with a bowl of water
igorbotelho_twitter_5ab5d7a8,there is a man that is standing in front of a painting
igormitrovic_twitter_7fbdae41,there is a man in a blue shirt and tie posing for a picture
igoryok_twitter_1baf2792,there is a man that is holding a cigar in his hand
ihakkim_twitter_0c7ce0a3,there is a man that is standing in the grass with his hands on his hips
ihanna_twitter_c51554ab,there is a black and white photo of a woman with a pink background
ilariadefilippo_twitter_ba5def50,there is a woman that is holding a cell phone in her hand
ilariapic_twitter_2cedd304,there is a close up of a woman ' s face with flowers in the background
ilario_twitter_68607ef1,there is a man in a suit and tie posing for a picture
ileshshah_twitter_61110826,there is a man that is sitting in front of a camera
ilkkakukkonen_twitter_ac550d7e,there is a man in a black jacket posing for a picture
illtrax_twitter_1a1d5e70,there is a man with a beard holding a small child
ilpagliarino_twitter_8c55b8b8,there is a man that is sitting on a rock with a camera
indietunes_twitter_e83631c5,there is a man sitting at a table with a hat on
indumental_twitter_db63d9ae,a white icon with the word linked on a red background
inesandres_twitter_e93a4891,there is a close up of a woman talking on a cell phone
inigoparalle_twitter_b15aa013,painting of a man sitting in a chair under a tree
injction_twitter_c5f2fc9d,there is a man with glasses and a beard wearing a black jacket
intanrizky_twitter_235881d9,there are four pictures of a woman wearing a hijab
intelligenius_twitter_54dcd23e,there is a man in a black shirt posing for a picture
intercer_twitter_48e5af44,there is a man sitting at a table with a remote in his hand
ipranab_twitter_00f852cc,there is a man standing next to a cheetah in the wild
irecevic_twitter_c097f388,there is a man with a beard and a red t - shirt
irenegarmu_twitter_e484b227,there is a woman sitting at a table with a guitar in her lap
irenekimmel_twitter_ac98d11a,there is a woman that is smiling and posing for a picture
irf_twitter_7f923eec,there is a woman that is laying down with her head on a pillow
irinaradchenko_twitter_30999e7b,there is a woman that is sitting at a table with a plate of food
irinasouiki_twitter_4382bfa6,there is a woman that is taking a selfie in the bathroom
irmazimmermann_twitter_8ec0bae6,smiling woman with short blonde hair wearing orange jacket and earrings
isaacadams_twitter_85f8654b,there is a man that is sitting on a pile of rocks
isaacbf_twitter_1fce440a,an illustration of a man in a blue shirt with a red background
isaacsmith_twitter_5cc7dfdb,the man is holding up his championship belt in front of a crowd
isuruyapa_twitter_e0a9fd3c,black and white photo of a man with sunglasses on laying on a couch
itsvitorgomes_twitter_58be4379,there is a man wearing glasses and a scarf taking a picture
iucnwani_twitter_ad8bb904,the logo of the company is blue and black with a circular shape
ivanataylor_twitter_adc1ab37,black and white photo of a smiling woman in a black sweater
ivanhernandez_twitter_0b47da79,portrait of a man in a suit and glasses posing for a picture
ivanilic_twitter_3b3d3667,there is a man that is sitting at a piano in the dark
ivankovacevic_twitter_090f678f,there is a painting of a man with a large head of hair
ivanlajara_twitter_47424b61,there is a man with a beard and mustache smiling for the camera
ivanmola_twitter_e0045627,there is a man sitting at a table with a plate of food
ivanvega_twitter_9a12a4d8,there is a man in a blue shirt posing for a picture
ivarsmas_twitter_7e1851e6,there is a man in a blue shirt and tie posing for a picture
ivosilvestro_twitter_70789f9d,there is a man that is standing in front of a mountain
iwatatakuma_twitter_63c209af,a drawing of a man with glasses and a black jacket
iwichita_twitter_9aefd46e,gadgets girls logo on a pink background
izackruiz_twitter_c3c62de9,there is a woman that is standing in the grass with her hand on her hip
izazael_twitter_6d55c349,there is a man with a mohawk on his head sitting in front of bananas
j0hnsy_twitter_ae331e5c,a black and white photo of a qr code on a white background
j4nu5_twitter_b635fcfa,there is a man sitting on a bench in front of a building
jackprindle_twitter_9755afbd,there is a man in a cowboy hat posing for a picture
jacquesshu_twitter_3b14181c,there is a man that is wearing a black jacket and a gray shirt
jacquibrown_twitter_14a34343,there is a woman with a tattoo on her arm posing for a picture
jadenwalker_twitter_ff88f3be,zebra striped millipeo curled up on a rock
jaelrincon_twitter_47a49f56,the moon is shining brightly in the dark sky above the trees
jagudeye_twitter_4038cc9f,there is a close up of a person with a hat on
jaimerojasandaur_twitter_da11d9b8,black and white photograph of a man in a suit and tie
jainashish_twitter_0016dd8b,there is a man that is sitting at a desk with a computer
jajodiasaket_twitter_7fe3a46b,profile picture for dzire 2 dzinne
jakedubss_twitter_c03b0dc2,there is a man and a woman that are posing for a picture
jamesbellamy3_twitter_2b6126e8,smiling man in blue shirt standing in front of a black background
jamescrawford_twitter_208ab316,black and white photo of a man smiling in a kitchen
jamesgoodnow_twitter_adc9a524,there is a man in a suit and tie smiling at the camera
jamesjohnston_twitter_d4f80aad,there is a red truck that is parked in the grass
jameson079_twitter_8e1fa9a3,there is a man sitting at a table with a plate of ice cream
jamessacci_twitter_109a3d36,the scuba sports club new york
jameswatsoninternet_twitter_c9d12070,there is a man that is standing on a rock looking at the water
jamiegilpin_twitter_8094a687,there is a picture of a bicycle with a shadow on the wall
jamiehinks_twitter_60200ba6,there is a man with a beard and a necklace on his neck
jamieleeong_twitter_7ff1aa7e,there is a woman that is sitting on the floor with her hands in her hair
janbush_twitter_e3420437,there is a woman sitting at a table with a plate of food
janehamill_twitter_352ee4cd,there is a multicolored glass bead on the ground
janelbrennan_twitter_72b9f16b,cartoon of a woman in a green jacket and sunglasses standing in front of a city
janellewilson_twitter_313a6c63,smiling woman in flight suit leaning on a glass table in a room
janifer_twitter_f4d7e4a1,there is a woman with glasses and a black shirt standing on an escalator
janiv_twitter_6c328abe,there is a man in a blue shirt and glasses giving a speech
japros_twitter_11c126e3,there is a man that is standing in front of a city
jaredholmquist_twitter_fa4b7178,black and white photo of a man in front of a fluid audience sign
jaredmagouirk_twitter_afbcdaa3,there is a man in a red shirt and a hat and sunglasses
jaryves_twitter_d83d06fe,there is a black and white photo of a man with a beard
jasminrovira_twitter_905df1d1,a black and white photo of the j logo
jasonbergin_twitter_557321ca,the logo of a mountain is shown in black and white
jasonchan_twitter_f947b6c6,there is a woman laying on the floor with her legs up
jasondupuis_twitter_604a4ea8,there is a man with a beard and a black shirt
jasonemiller_twitter_84b4f048,there is a man that is standing in front of a bush
jasongraciano_twitter_5a1ec285,there is a man in a suit and tie standing in a parking lot
jasongraham99_twitter_66c29f64,there is a man with a baseball cap on posing for a picture
jasonlloyd_twitter_458c19c8,there is a man laying on the ground with his head in the air
jasonloehr_twitter_fa1e5a2f,there is a man that is smiling for the camera
jasonmarineau_twitter_633eb7c9,there is a man that is standing in the water with a surfboard
jasonmartorana_twitter_1c170ec5,there is a man sitting at a table with a plate of food
jasonohaire_twitter_1f34c7b8,the logo of the rabbit is glowing green on a black background
jasson_twitter_efc7b09a,a close up of a person with a mustache in a circle
javicebrian_twitter_049aaaed,there is a small child sitting on a bed with headphones on
javierandreu_twitter_bad60328,there is a man that is taking a selfie in the mirror
javierbrisa_twitter_7cbb97f9,there is a man that is taking a picture of himself in the mirror
javiersanchez_twitter_a42a8588,sunset on the water with a man giving a thumbs up
javikarni_twitter_638b5b61,there is a black and white photo of a man with a beard
jayboucher_twitter_1796f13f,an old typewriter with the letter b written on it
jaycorcoran_twitter_b6cbb10c,there is a man that is standing in front of a building
jaynev_twitter_5dc978f4,there is a woman wearing glasses and a purple shirt smiling
jaypsyd_twitter_bd24af2b,there is a man that is smiling through a hole in the wall
jazael_twitter_e08b22e1,there is a man in a lab coat standing in front of balloons
jazrt_twitter_eed13493,there is a black and white photo of a graduation cap and diploma
jazza_twitter_94858f81,there is a man that is wearing a blue jacket and a tie
jberndes_twitter_424b06a9,black and white photo of a man with a ring on his finger
jcov90_twitter_805884a4,there is a man in a suit standing on the side of the road
jcriqqelme_twitter_c52b8be8,there are two men sitting next to each other on a bench
jdperkins1369_twitter_b93ad2f3,danger mouse is listed as one of the best cartoons ever
jeacosta_twitter_8799a0b7,there are many chess pieces lined up in a row on the table
jeanfrancoislabelle_twitter_06143101,there is a man that is standing by the water with a frisbee
jeansanchez_twitter_da39065b,there is a man that is standing on a rock with a cell phone
jects_twitter_be19fbc2,an image of a man with a beard and glasses on a blue background
jeepgeek_twitter_75cc76d2,there is a man and a woman that are hugging each other
jeffarazzi_twitter_7f4b0bb2,there is a man in a black jacket smiling for a picture
jeffbone_twitter_33a810ac,there is a man smiling and wearing a blue shirt and tie
jeffipad_twitter_14c87aec,there is a man taking a selfie with a group of people in the background
jefflarkin_twitter_e0ef7813,there is a man that is standing in front of a wall
jeffmclean_twitter_1f69b096,there is a man in a suit and tie posing for a picture
jeffmwebster_twitter_fdeaebf9,there is a man that is standing in the water with a fish
jeffreyamcguire_twitter_ac97c567,black and white photo of a man with a mustache and a tie
jeffreydodge_twitter_65b44add,there are three people that are kissing each other at a party
jehf_twitter_f9349936,this is a close up of a young man with blue eyes
jeicker_twitter_455c1f4b,there is a man standing in front of a mirror holding a cell phone
jellederoeck_twitter_376d4469,portrait of a man in a shirt and tie smiling at the camera
jelleoostrom_twitter_56216f16,a blue square with a white gg logo on it
jenbalisi_twitter_ec3798a8,smiling woman holding a glass of wine in front of a wine rack
jenevison_twitter_8acf9fc2,smiling woman in black dress standing in front of a yellow brick wall
jenleheny_twitter_17111b55,smiling woman with red hair and green sweater posing for a picture
jenmathews_twitter_6cefe4ab,there are two women that are brushing their teeth together
jenner_twitter_cd086305,there is a young man sitting on a bench with a hot dog in his hand
jenniferhill_twitter_9c8e2b8a,woman in red shirt and black blazer sitting in front of blue screen
jenniferrosenblatt_twitter_93ba7407,there is a cartoon octopus with a plaid pattern on its body
jenniferwong_twitter_baa6ff82,there is a woman with a fake nose and heart shaped ears
jennturner_twitter_08a54c1b,there is a woman that is wearing sunglasses and looking up
jenovaproject_twitter_5584fe01,black and white photograph of a man with a camera and a dog
jereclancy_twitter_15037bd5,there is a man that is holding a stuffed animal in his hand
jeremycwilson_twitter_1b2d29ba,there are three men standing next to each other on a stage
jeremyfranklin_twitter_19dd28ce,there is a man wearing glasses and a checkered shirt
jeremymd_twitter_855bd9cc,there is a man that is standing on top of a mountain
jeroenmiedema_twitter_e4099201,there is a man that is wearing a sweater and a jacket
jeromeshaw_twitter_a2507e7e,there is a man with glasses and a backpack on the beach
jerometurner_twitter_f015652f,there is a fire hydrant that is in the middle of the road
jeromevadon_twitter_7bbe40b2,black and white photo of a smiling man with his hand on his chin
jeromiewilliams_twitter_5b4a8dcd,this is a black and white photo of a man holding his hands in front of him
jerrybarnwell_twitter_cbd7b683,there is a man with glasses standing in front of a brick wall
jessecorinella_twitter_c432ea70,there is a watercolor drawing of a man ' s face with a lot of confetti
jessereilly_twitter_af4029a7,black and white photograph of a baby in a bassinet with the words you ' re dead to me
jessetrelstad_twitter_385144a0,portrait of a man in a plaid shirt holding up a cigarette
jessevalley_twitter_8602d0ee,there is a black and white photo of a man smiling
jessewright_twitter_5ef6975d,there is a black and white photo of a man wearing a hat and sunglasses
jessicafajans_twitter_bd679c07,blond woman in a black jacket standing in front of a building
jessienuz_twitter_b93a3e54,there is a woman that is smiling for the camera
jesusivo_twitter_7663cfc3,there is a man and a woman that are posing for a picture
jesuslugo_twitter_16e56c7f,there is a drawing of a man with glasses on his face
jesusmier_twitter_8d74e587,black and white photograph of a man in a hoodie
jetvhs_twitter_74117c75,there is a man that is standing on a rock by the water
jevtovic_twitter_f88cb5fb,this is a close up of a man holding a cell phone
jfbautista_twitter_f37b46f4,black and white photograph of a man in the dark with his eyes closed
jgoff_twitter_83adead5,there are two people walking down a long hallway in a building
jgorehampenney_twitter_40206fbf,woman in a bikini posing for a picture at a competition
jhonjairo_twitter_9f16e7cd,black and white photograph of a woman in leather jacket holding a microphone
jillian_twitter_f36fff3b,there is a woman that is taking a selfie in the mirror
jimbgreen_twitter_e1f8798a,an image of a pixel art of a man in a suit and tie
jimbobmarley_twitter_bece6fee,a close up of a badge with a lion head on it
jimhicks_twitter_eb164c2b,there is a man in a blue shirt posing for a picture
jimlarrison_twitter_dee5dabb,an ink drawing of a man in a suit and tie
jimmetzger_twitter_faa222f7,there is a man and a woman standing on top of a mountain
jimmurdoch_twitter_e2e0c232,there is a man that is standing in front of a window
jinaljmehta_twitter_10a128fd,there is a man that is sitting on the side of a hill
jinuem_twitter_ca112bf6,there is a man that is holding a camera by the water
jiriruzek_twitter_e248e9f9,black and white photograph of a man and a woman brushing their teeth
jiteshpanchal_twitter_662a611f,there is a man with a beard and glasses holding a frisbee in his hand
jithinjb_twitter_3ad744df,there is a man that is sitting on a rock with a cell phone
jjamor_twitter_352474b3,there is a man that is sitting down with his hand on his chin
jjmlloret_twitter_22f84a80,there is a man that is taking a selfie in the mirror
jkdesignarts_twitter_c7e411c0,a green and white logo with a four leaf clover
jking1627_twitter_31386cf4,there is a man wearing a mask with a red star on it
jklfacom_twitter_ca241816,an image of a collage of images of people and art
jkshim_twitter_d5fdd5eb,there is a woman that is holding a cat in her lap
jlat85_twitter_a9200085,there is a man and a woman that are posing for a picture
jletti_twitter_b9a98ba2,there is a man that is sitting on a train looking out the window
jmac303_twitter_68403514,there is a man that is looking out the window of an airplane
jmerkoski_twitter_3dd3063f,there is a man with a shaved head and a white shirt
jmgiron_twitter_4d143529,there are two women that are posing for a picture together
jmnish_twitter_04dd4d8a,there is a man that is smiling for the camera
jmzubi_twitter_4f8f4b47,there is a picture of a man that is looking through a window
jnfotos_twitter_2030beb6,the silhouette of a person with a camera in front of a circle
joannaleelin_twitter_025e0c9d,there is a woman that is making a funny face with her hands
joannalinden_twitter_d58db6b4,there is a woman that is standing in front of a statue
joannegreco_twitter_a8685d60,there is a woman with red hair wearing sunglasses and a green shirt
joannwoolley_twitter_b7284b7b,there is a woman sitting on a yellow chair in the grass
joaorio_twitter_c4b1106d,there is a man that is sitting at a table with a book
joaoterrivel_twitter_5339abb7,there is a man that is sitting in a chair with a laptop
joaquingatica_twitter_0a6b8089,there is a man that is standing in front of a waterfall
joebuglione_twitter_aa7611bd,two wooden oars are shown on a white background
joecayetano_twitter_ac0182ad,there is a man that is holding a light saber in his hand
joelsteinmann_twitter_9a4b22c1,there is a man wearing glasses and a green shirt holding a donut
joelynndesign_twitter_22ff8ee5,a blue and black logo with the word jld on it
joem_twitter_c3a32b4a,there is a man in a suit and tie posing for a picture
joerobb_twitter_db58d2ad,there is a man that is standing in front of a brick building
joeteh_twitter_782d1b92,there is a man sitting in the back seat of a car holding a sign
joeybryant_twitter_807d699d,black and white photograph of a man with a beard and sunglasses
joeyfeith_twitter_1c642e25,there is a man that is holding a tennis racket in his hand
joeymakalintal_twitter_1dafa4da,there is a man that has green eyes on his face
jogarrett_twitter_01c5eaf1,smiling woman with long blonde hair wearing a black jacket and white shirt
johnayers_twitter_3cebfaa5,there is a man that is posing for a picture with his hand on his chin
johnbyerrum_twitter_1ebcc911,there is a man that is standing in front of a wall
johncast78_twitter_a9f36fb6,there is a man with a fake moustache on his face
johndeguzman_twitter_ca6b74d9,there is a man laying in the grass with headphones on
johnearickson_twitter_78563dba,painting of a cartoon character with a guitar in his hand
johnjdillon_twitter_7b2b3d39,there is a man and a woman hugging on the beach
johnkaminski_twitter_27ab222b,the j logo is shown in a circle with a white background
johnmadden_twitter_71161496,there is a man with a beard standing in front of a wall
johnmischief_twitter_a702acab,there is a man taking a picture of himself with a cell phone
johnperez_twitter_332745af,there is a man wearing a helmet and goggles in a parking lot
johnporcaro_twitter_39f80842,there is a man that is smiling for the camera
johnson2772_twitter_020fea73,a black and white image of a pixel face with four squares
johnvicory_twitter_7c1b0543,there is a man that is standing in front of a brick wall
jokingonzalez_twitter_328718a3,an image of a drawing of an egg with a crack in the middle
jolafeltra_twitter_9e1a8441,cartoon of a girl with a bag and a speech bubble saying basta
jolenejang_twitter_eb986f1d,smiling woman jumping in the air with her arms wide open
jonahguo_twitter_c2833174,black and white photo of a man in a suit with his arms crossed
jonartlucas_twitter_47d878d0,there is a man with a beard wearing a shirt and tie
jonashalmstad_twitter_5f657ab1,there is a man sitting on a bench with a cell phone in his hand
jonathandenby_twitter_a3026d8a,black and white photo of a man in a suit and tie with a blue ribbon
jonathanfleming_twitter_2c14fa71,smiling man sitting on a bench in front of a body of water
jonathanlopez_twitter_eac5191e,this is an image of a man smiling for the camera
jonathanromero_twitter_fdd8e7ac,there is a black and white photo of a man with a cell phone
jonathanvu_twitter_3c598bc7,there is a black and white photo of a man wearing sunglasses
jondifro_twitter_06afc1d2,there is a man that is sitting at a table with a doughnut
jonhowson_twitter_ab1ee1b7,there is a man taking a picture of a woman with a camera
jonjohns_twitter_68d2d3ba,there is a man that is holding a dog in his lap
jonmaceda_twitter_33a734bb,there is a man wearing a hat and glasses sitting at a table
jonthedvl_twitter_a25b4ad2,there is a sign on the side of a building that says la taxe des temoins
joolsstone_twitter_94226464,the luxury train club logo
joonshin_twitter_893afb8b,black and white photo of a man in a suit and glasses
jordanhaines_twitter_c97e8de9,black and white photo of a man with glasses standing in front of trees
jorgecisneros_twitter_5bb853c7,there is a man in a white shirt standing in a room
jorgeglez_twitter_c91c1fdc,there is a man wearing sunglasses and a suit sitting in a car
jorgeramossantos_twitter_b2136afe,there is a man in a suit and glasses standing with his arms crossed
jorgeteixeira_twitter_4d746f0e,there is a man that has a blue bird on his shoulder
joselopezarcos_twitter_5e0983ca,painting of a man wearing glasses and a white shirt
josemanuelzardainbbr_twitter_b6ec7a83,there is a man standing on the beach with a hat on
josephsocorro_twitter_230f513b,there is a man taking a picture of himself with a camera
josepmanchado_twitter_8257a550,there is a man that is looking through a pair of binoculars
joshaidan_twitter_995e085d,there is a man that is standing in front of a body of water
joshdirks_twitter_584561bd,this is a black and white photo of a man standing on a sidewalk
joshgibson_twitter_74baec17,there is a man wearing a knitted headband and sunglasses
joshgriffin_twitter_5f030a62,black and white photo of a man wearing a hat and a tie
joshjeppson_twitter_21b548ea,an image of a pear and a squash on a black background
joshpeak_twitter_e94e5ac8,black and white photo of a man sitting at a table with a watch on his wrist
joshpeardon_twitter_f54c4bf0,the helmet is black and orange with a tennessee logo on it
joshuagalloway_twitter_54717c29,a black and white drawing of a dragon in the shape of a circle
joshuahor_twitter_fbd8d6bd,there is a man that is holding a cookie in his mouth
joshuaparker_twitter_b5836ffc,a blue and green logo with arrows in the middle
josiaanep_twitter_99718dc1,there is a woman that is standing in front of a cake
joyceanndavis_twitter_b7d9cdf4,blonde woman in a pink turtle neck sweater smiling at the camera
joypoulsen_twitter_f198e9d7,there is a woman wearing a blue dress and a necklace
joysgupta_twitter_d96c2466,there is a man that is sitting in a car with a remote
joyvalencia_twitter_07552557,there is a woman that is posing for a picture in a pink dress
jparker1978_twitter_0b80d325,there is a woman with long brown hair and a white shirt
jphilpin_twitter_1ba075a7,black and white photograph of a man with a serious look on his face
jpieters_twitter_2748a6d1,this is a black and white photo of a man in a hat behind bars
jralexander_twitter_bfd49754,there is a woman with headphones and sunglasses sitting at a table
jralfonso_twitter_405fbc30,this is a man in a black shirt posing for a picture
jrodrigo_twitter_5a145d3a,the sun is setting on the horizon of the ocean with a tree
jrufer_twitter_65870c11,there is a man with long hair and a beard wearing a sweater
jseguir_twitter_906ceab3,there is a man that is jumping in the air on a hill
jsesh_twitter_8cd521a7,there is a man that is brushing his teeth in front of a parking meter
jtotheizzoe_twitter_eb27f0a4,there is a lego man with glasses and a hat on
juanantoniojarasoria_twitter_351a1538,there is a man that is taking a selfie in front of some people
juangarcias_twitter_8c6f2a23,there is a man that is standing in front of a body of water
juangomis_twitter_23de1f7b,there is a man that is riding a bike with an ostrich on it
juanramar_twitter_378feb12,there is a man taking a picture of himself with a camera
judicaellevalin_twitter_67de983e,there is a close up of a woman ' s face with earrings on
juil_twitter_46563adc,black and white photograph of a person holding a piece of metal in their hands
juliahull_twitter_cd60ea4c,woman in leopard print jacket standing in front of a wall
juliaiglesias_twitter_c44946e4,smiling woman holding a cupcake with sprinkles and a truck in the background
julianasakae_twitter_ec465663,there is a woman that is wearing a necklace and a dress
juliaprior_twitter_aeaf85d6,there is a small airplane that is flying in the sky
juliaspencer_twitter_d782ebf0,black and white photograph of a young boy with his head resting on a table
juliemaure_twitter_677071c6,there is a white dog that is standing in the grass
julieraesandifer_twitter_ca54e5a4,there is a woman in a white dress floating in the water
julionoel_twitter_4b04accc,there is a man with a beard sitting in front of a laptop
juliusjulius_twitter_2018d069,there is a man in a white shirt posing for a picture
jumpstartbikes_twitter_b71c9705,jump start bikes logo
juninbsk_twitter_3cf26ec9,there is a picture of a man with a surprised look on his face
juniortv_twitter_616d8fe4,there is a man standing in front of a large american flag
justindoub_twitter_2736315c,there is a man that is playing a video game on the couch
justinhammack_twitter_45144f9b,there is a man that is standing in the street with his arms crossed
justinphillips_twitter_e1f86596,there is a man wearing sunglasses and a hat smiling for the camera
justkate_twitter_fd9aeea3,smiling woman with short blonde hair and green earrings in front of a white wall
jvnchan_twitter_6ac82d8d,there is a baby that is sitting in a chair in a room
jwike_twitter_65be2fd8,there is a woman sitting at a table outside of a restaurant
jwsteiert_twitter_0b5360b7,there is a man that is holding a wine glass in his hand
kaanakin_twitter_595cd2bc,there is a man that is standing with his arms crossed
kadirates_twitter_1e3d444b,the word hello written in gold foil on a black background
kamalbadawy_twitter_39801931,there is a man that is standing in front of a waterfall
kamikura_twitter_c147ac87,there is a man that is holding a donut in his hand
kampeerboerin_twitter_10929a8a,smiling woman in blue polo shirt standing in front of trees
kanochiemi_twitter_da78abed,there is a woman with blue hair and glasses in the clouds
kantares_twitter_3dab538d,there is a red guitar sitting on top of a blue background
kantiki_twitter_b3eb4cca,there is a man that is sitting down with his hands in the air
kanyoncoyotewoman_twitter_51eeff45,a black and white photo of a sign that says indian canyon
karabee_twitter_2890a953,there is a woman sitting in the back seat of a car
karascharwath_twitter_74c05ff9,there is a woman with long hair standing in front of a brick wall
karenharding_twitter_350a2db5,smiling woman in glasses talking on a cell phone in a restaurant
karenlieberman_twitter_1936d515,there is a woman that is standing in front of the eiffel tower
karenlmessick_twitter_46859344,black and white photo of a woman with glasses sitting in a chair
karenpham_twitter_c8488e1d,a close up of grass with water droplets on it
kariemitchell_twitter_ca46b5ad,there is a woman that is smiling for a picture in this picture
karllindsay_twitter_ca657f06,there is a man that is sitting on a bench with a cell phone
karlotorres_twitter_5e81d907,there is a man that is reading a book in the dark
karma_twitter_4ea7de0f,there is a man that is standing in front of a brick wall
kartika9_twitter_aed617e0,there is a woman with a black shirt smiling and holding a cell phone
karvax_twitter_47c0addd,the white tiger is standing in front of a colorful triangle
karynlwiseman_twitter_c0268b7d,there is a man that is flying through the air on a parachute
karypastor_twitter_d4351e0d,black and white photograph of a woman leaning against a wall
kasihelialg_twitter_ee3ce00a,there is a woman that is holding a cell phone up to her face
kasraeian_twitter_259aaee2,there is a man wearing a purple shirt and a black tie
katalnikov_twitter_43f81c35,there is a man that is standing in front of a painting
katesalyers_twitter_9fa1b0ec,the logo for your social status
katesloan_twitter_608446c0,there is a woman that is looking at the camera with a donut
kateylee_twitter_7d837ead,there is a woman that is taking a selfie in the mirror
katgear_twitter_f06dedfe,blonde woman with red glasses smiling at camera in dark room
kathaber_twitter_f87108b0,smiling woman in red and black jacket on ski slope with trees in background
kathiaokada_twitter_40c32a09,woman sitting on a ledge with a white helmet and a rope
kathleenjoyce_twitter_a47d92d4,painting of a woman holding a fork and eating a bowl of spaghetti
kathrinaue_twitter_fd5f5df5,there is a woman that is standing in the rain with a umbrella
kathydragon_twitter_8249e5fd,smiling woman in blue shirt and sunglasses sitting on a rock
katibren_twitter_7bf4b9d8,there is a woman that is wearing a hat in the snow
katiedeluca_twitter_22e38eb3,blonde woman in plaid shirt and jeans posing with her hair in the air
katiemsmith_twitter_dda6b518,there is a poster of a bear with a hat and a stick
katmandelstein_twitter_d25fe08a,smiling woman in pink jacket and pearl necklace standing on wooden floor
katsumo_twitter_e2053395,there is a mountain in the distance behind a field of crops
kattgw_twitter_4ea5b1f7,there is a woman eating a piece of fruit by the ocean
kazu721010_twitter_564a8040,there is a drawing of a boy holding a cat in his arms
kcakduman_twitter_c5935982,there is a man with a beard wearing a hat and a coat
keefmoon_twitter_de050880,there is a cartoon image of a man standing in front of a telephone booth
kellydelay_twitter_ed2ae8cf,there is a man that is holding a donut in his hand
kellyjaggers_twitter_e3259332,there is a cupcake with chocolate frosting on top of it
kellykermode_twitter_d60f5c31,smiling woman with long brown hair wearing a black shirt and earrings
kellynagaoka_twitter_8e42ad9d,black and white photo of a woman in a suit with her arms crossed
kellythul_twitter_3f825a0b,there are two men standing next to each other at a table
kelly_twitter_bcf3f13a,smiling woman taking a selfie in front of a mountain range
kelseawilhelm_twitter_07407364,there is a woman that is taking a selfie with her cell phone
kelseyivey_twitter_619f4040,there is a woman sitting at a table drinking a glass of beer
kendanieli_twitter_13242cef,there is a man that is wearing a suit and a yellow tie
kennyrivas_twitter_a488b73f,the bride and groom are kissing in a field at sunset
kerijaehnig_twitter_b9b86e3f,smiling woman in purple shirt sitting in front of a window
kerryleslie_twitter_4dcba34e,there is a person holding a small flower in their hand
kevanobrien_twitter_f9af73f0,an image of a picture of a man ' s face on a blue background
kevinallocca_twitter_07e4a870,there is a man in a suit and tie posing for a picture
kevinduane_twitter_429ad3a2,there is a man that is holding a doughnut in his hand
kevinfalcon_twitter_2d20a38d,there is a bald man wearing a black shirt and a tie
kevinjimeno_twitter_63d10137,a black and white photo of a man in a suit and tie
kevinkrejca_twitter_b81fceae,profile picture for k creative media
kevinlimfungyen_twitter_1fee1a3e,there is a man in a hoodie with a tie and sunglasses on
kevinmichaelr_twitter_34c7d76f,there is a man in a white shirt and glasses smiling for the camera
kevinquinlan_twitter_25656a45,there is a man that is taking a selfie in front of the water
khalilalmusaeed_twitter_19a2563b,there is a man with a bald head and a black shirt
khannings_twitter_a001cb53,there are two women standing next to each other smiling for the camera
kiaorabeagle_twitter_d151c219,there is a dog that is wearing a bunny hat on the grass
kiatinsley_twitter_1322ccff,there is a black and white photo of a woman with glasses
kientran_twitter_d8c872e5,there is a man that is standing on a bridge taking a picture
kikaps_twitter_990c5410,smiling woman with gray hair in front of a mirror in a hair salon
kimberlymunoz_twitter_310b222a,there is a woman with a flower in her hair smiling
kimberlyrotter_twitter_bce4a410,smiling woman with long dark hair wearing a white shirt and a tan jacket
kingjn_twitter_0aa60aa2,this is a black and white photo of a man in a suit
kinnajonsson_twitter_993760f6,smiling woman making a peace sign with her hands in the air
kirakariakin_twitter_aeeedfcf,black and white photograph of a woman holding a flower in front of her face
kirkjantzer_twitter_e02f9b87,man standing next to giant inflatable character in office lobby
kivettbednar_twitter_d2c0138a,there is a man that is playing a guitar in the dark
kkbyrns_twitter_5a793ca4,smiling woman wearing glasses and a black shirt posing for a picture
kkristopherkimbrew_twitter_219fa186,there is a black and white photo of a man wearing glasses
klappacher_twitter_6aed21de,a black and white logo with the letter mk in the middle
klinikassyarif_twitter_050728c9,special offers for all kinds of pizzas
klou_twitter_79ef1e7e,a man with a beard and goggles on his face
knakamura1977_twitter_a23366ff,there is a red paper model of a bull on a wooden table
kochergin_twitter_71bc1b25,south park south park south park south park south park south park
koky1982_twitter_4dc87c2e,there is a man wearing sunglasses standing in front of a car
korepov_twitter_f321721d,the silhouette of a man in a suit and tie is shown
koryklem_twitter_422ef9f9,there is a man that is smiling and wearing a black shirt
kostasdissios_twitter_36dab137,there is a man that is taking a selfie in front of a stadium
kreasimalam_twitter_c7dde480,black and white drawing of a dog with a sunburst on it
kreiner_twitter_263cab99,an eye t logo on a white background
kristapalmu_twitter_688a8c0c,there is a black and white photo of a woman with blonde hair
kristelyoneda_twitter_db4daf8f,there is a man sitting on a set of stairs with a jacket on
kristinacarlson_twitter_e876d9b3,smiling woman in green and white checkered shirt holding a frisbee
kristinahowells_twitter_e52f2843,a painting of a woman with a black hair and a brown face
kristinarabarison_twitter_cebc327e,black and white photograph of a woman smiling in front of a city street
kristinrichey_twitter_7bbaf95c,there is a woman that is looking at the camera with a cell phone
kristjanmorgan_twitter_bcdd2755,there is a man that is taking a selfie with his camera
kristysvihlikova_twitter_f8029544,there is a man wearing a hat and a white shirt
krystasch_twitter_8f2fe3c9,there is a woman wearing a red jacket and a red hat
ksquad_twitter_9cdf7cd2,there is a man laying in the grass with a cell phone
kurtkelly_twitter_dc49ebf0,smiling man in a suit and tie standing in front of a mirror
kylechildress_twitter_3685d9cd,a man with an american flag painted on his face
kylemadson_twitter_4814bbb3,there is a man holding a little boy on his shoulders
kylepearce_twitter_95130bcf,there is a man that is smiling and wearing a jacket
kylewiebalk_twitter_36364cb0,there is a man in a suit standing with his arms crossed
kyotonaradreamtrips_twitter_bca2684f,painting of a man riding a horse with a sword in his hand
ladewig_twitter_b64b2c85,there is a man wearing glasses and a red shirt smiling
laffraff_twitter_a2e32ac5,there is a man in a shirt and tie looking in a mirror
lagonzi_twitter_29409c95,a white letter s in a blue circle
landaarte_twitter_7946253a,there is a man that is standing in front of a painting
landissmithers_twitter_15c7544e,black and white photograph of a man covering his face with his hands
larchanka_twitter_0422454d,an american horror story
larrybroughton_twitter_af87f21b,this is an image of a man in a blue shirt and black jacket
larrylipsmeyer_twitter_88aee018,there is a man that is standing in front of a door
larsnystrom_twitter_fb200280,there is a man wearing sunglasses and a jacket posing for a picture
laughedelic_twitter_82f0f762,there is a man wearing glasses and a blue shirt and tie
laura333_twitter_674c25ff,the b & c logo is shown on a white background
laurabestler_twitter_7933823f,smiling woman with glasses holding a stuffed animal in front of her
lauramorelliphd_twitter_5c12d7a4,there is a black and white photo of a woman with curly hair
laurasfiat_twitter_0c65ea88,there is a woman that is posing for a picture with her hand on her chin
laurengrieco_twitter_f2aa5ab4,smiling woman wearing sunglasses and a scarf in front of a book shelf
laurenhard_twitter_f18a1bcd,there is a woman that is standing in front of a mirror
laurentlecler_twitter_8a920009,there is a man that is standing in front of a glass building
laurieturk_twitter_b3c00375,smiling woman holding a paper flower on a stick in her hand
lavalion_twitter_b60fb8a9,there is a man that is standing in the grass with a tie on
leahmessina_twitter_76db8151,there is a black and white photo of a woman sitting at a table
leandromaioral_twitter_2c47e5d6,there is a man that is smiling and holding a cell phone
leannekoh_twitter_510bc321,there is a small child that is sitting on the floor
leannestaples_twitter_2d53a355,reflection of a woman taking a picture of herself in a circular mirror
lebohangbucibo_twitter_ddb8a55c,there is a cartoon image of a bald man with a thumbs up
leecassidy_twitter_7af64e58,there is a man wearing glasses and a vest sitting at a table
leegunter_twitter_f36d8012,there is a man that is holding a guitar up to his face
leeharmon_twitter_448ebf5c,there is a man and woman that are posing for a picture
leelyning_twitter_baabfd04,drawing of a caricature of a man with glasses and a jacket
leetoomes_twitter_5ad1e20b,there is a man in a suit and tie posing for a picture
leiah_twitter_d9e296c2,there is a woman with red hair and sunglasses standing in the sun
lekstudios_twitter_fd91f41d,there is a collage of photos of a woman posing for a picture
lelouchjoshua_twitter_069acb0a,there is a anime girl with long hair and a bow on her head
lemihacioglu_twitter_39f556c5,black and white photograph of a man ' s face with his hair pulled back
lenhattrieu_twitter_04310bfe,painting of a man in a suit and tie looking at the camera
leninluna_twitter_11a965e1,there is a man standing next to a tree holding a camera
lennoazevedo_twitter_4a7eb5b6,there is a man that is smiling and holding a donut
leomrco_twitter_40189604,there are two people sitting next to each other with sunglasses on
leonchia_twitter_799b82c6,there is a man and a woman that are posing for a picture
leonovel_twitter_e1c8d073,there is a black and white photo of a man with glasses
leovigildo_twitter_4986ffcd,there is a man sitting in a car wearing sunglasses and a tie
lerona_twitter_c37f6086,there is a woman holding a bunch of flowers in a hallway
leslieerin_twitter_87fd6515,black and white photo of a woman with a smile on her face
letandueza_twitter_432fd8e7,a painting of a woman holding a heart in her hands
letchange_twitter_52e1fa9b,there is a cartoon boy with glasses and a blue shirt
lewisevans777_twitter_a77e366e,there is a man that is standing in front of a wall
lewisjordon_twitter_662c5954,there is a woman that is sitting on the grass with her legs crossed
libertrand_twitter_6108894c,a drawing of a cartoon character with a cape on
lidahasbrouck_twitter_988e5031,there is a woman that is smiling and holding a cell phone
lifeofbryan_twitter_5524dce3,there is a man in a suit and tie posing for a picture
ligiaadam_twitter_a5c1aedd,there is a woman that is looking at her cell phone
lilxand_twitter_f58009a1,there is a young man sitting at a table with a plate of food
lilyrdz_twitter_ff04f7d6,there is a woman sitting at a table with a cup of coffee
lindsayblogs_twitter_2d7b4959,there is a woman and a child that are smiling for the camera
lindsayrain_twitter_45af7d67,this is an image of a drawing of a smiley face
lingtime_twitter_6c868872,there is a woman that is taking a selfie with her cell phone
linji_twitter_05edbd64,there is a woman that is smiling and holding a cell phone
linusblanket_twitter_727f8bb1,a cartoon of a boy in a blue shirt and black shorts
linzshelton_twitter_1f39afba,there is a woman standing in front of a fence with a cell phone
lisalaskaridis_twitter_18efd7df,two women sitting at a table with laptops in front of them
lisamackay_twitter_25782075,there is a woman wearing a hat and holding a cell phone
lissendehors_twitter_4b0416b4,there is a woman taking a selfie with her cell phone
litasworld_twitter_cfff52b7,there is a woman that is smiling and holding a sandwich
livej_twitter_1c87afd7,there is a man that is eating a doughnut in a restaurant
lizandromelean_twitter_cfc88c89,there is a man with a beard and sunglasses standing in front of a building
lizapierce_twitter_58c331b7,smiling woman in black dress holding a pink cell phone in her hand
lizbarnett_twitter_8e7b3e76,smiling woman in sunglasses taking a selfie with her cell phone
lizcappon_twitter_60824e53,blonde haired woman sitting at a table with a plate of food
lizcarey13_twitter_b7dfc473,there is a woman sitting at a table with a glass of beer
ljstubbs_twitter_c76bd191,there is a woman that is smoking a cigarette in her mouth
lmdesign_twitter_fe9ab94d,the lmdd logo on a black background
logiops_twitter_f580dd9d,there is a man that is taking a selfie with his cell phone
loig_twitter_dbfc352f,there is a man in a suit and sunglasses taking a selfie
lollydurand_twitter_82d500d4,there is a woman with a tattoo on her arm and glasses
looiss_twitter_02f84660,blonde woman in tight pants taking a selfie in front of mirror
loosehold_twitter_351f6cd6,there is a woman that is smiling and posing for a picture
loremoja_twitter_85929b8f,an image of a bottle cap with a picture of a man holding a globe
lorenia_twitter_2bef8fda,smiling woman with a flower in her hair in front of her face
lorenzocaiazzo_twitter_f779e90f,there is a man that is taking a selfie in a field
lorielberg_twitter_fa8263b4,there is a woman that is wearing a pink shirt and posing for a picture
loriruff_twitter_f903750e,smiling woman with long blonde hair wearing a black jacket and pearl necklace
loscollacios_twitter_ff539e68,the logo of a coffee shop with a cup of coffee on it
lotharseifert_twitter_961d0a0a,there is a bird that is flying high in the sky
louised_twitter_d339d98b,there is a woman sitting at a table with a hat on
loumartini_twitter_8f955eb4,there is a man that is taking a picture of himself in the mirror
lovebeyondwords_twitter_bc9c33e9,there is a woman that is sitting in the back seat of a car
lovlesh_twitter_472fa2ee,there is a man that is standing in front of a wooden wall
lroddd_twitter_f5e6e280,there is a man holding a plate of food in front of a buffet
lr_twitter_947a6756,there is a man that is standing in front of a body of water
ltenhagen_twitter_c6b7c347,there is a man that is wearing a white shirt and a tie
luanadefaveri_twitter_162699f1,there is a view of the ocean from the top of a hill
lucaantonini_twitter_2ffd7dea,there is a man that is standing in front of a sign
lucabove_twitter_884cbafa,there is a man in a suit and tie speaking into a microphone
lucacatania_twitter_955c2ddb,there is a man that is holding his hand to his face
lucasamura_twitter_b36bb199,drawing of a man wearing a hat and holding a pipe
lucasbally_twitter_41419cc0,there is a man with a striped shirt posing for a picture
lucasmaiacom_twitter_0d2cce9d,there is a man wearing a black shirt and sunglasses standing in front of a body of water
luckybag_twitter_53f674dc,black and white photo of a man sitting in front of a laptop computer
luigibusti_twitter_54015272,there is a black and white photo of a man with a tie
luisaca_twitter_3b9b8409,sense 8 a netflix original series
luisfernandez_twitter_364b1e2c,there is a man in an orange sweater sitting at a table
luizalgarra_twitter_cc276f43,this is a picture of a man with a beard and glasses
lurvina_twitter_3d202782,there is a drawing of a woman kneeling on the ground with a gun
luviwebit_twitter_954bc1f4,a black and white photo of a hand holding a baby ' s foot
lynnbrownca_twitter_9f3426b9,there is a man and a woman that are posing for a picture
lynnwallenstein_twitter_c3b3667f,there is a woman that is standing on a hill with the sun behind her
m2atk_twitter_30a5e99f,black and white photograph of a man wearing a hat with a dragon on it
maayanplaut_twitter_242f596c,smiling woman with glasses and a black shirt holding a cell phone
mabosekina_twitter_e8bc60a5,the man is posing for a picture in front of a building
macchimatteo_twitter_50e05bcd,black and white photograph of a smiling man with a beard
macenzo_twitter_57ae7be0,black and white photograph of a boy sitting at a desk with a laptop
macgeeky_twitter_39fbcde3,an image of an apple logo with a person in the middle
madamebijoux_twitter_5366d0b0,there is a woman that is standing on top of a hill
maddalenafaedo_twitter_c69ccb1c,this is a picture of a building with a clock on it
madgrin_twitter_37a4c81e,there is a close up of a man with a tooth brush in his mouth
madovsky_twitter_3aa6c38c,black and white photo of a man with a mustache and a top hat
mafaldida_twitter_2ba1f558,there is a close up of a woman with a cell phone
mafueri_twitter_ac82c42f,there is a woman that is smiling and holding a cell phone
mahalululu_twitter_aeb03a07,black and white photograph of a man sitting in a window of a building
majorg_twitter_200a3b88,there is a man in a space suit standing next to a mannequin
malbarda_twitter_af1e0a7a,there is a man standing at a podium in front of a microphone
malbooth_twitter_01e536fa,there is a man sitting at a table with a plate of food
maliagros_twitter_3db9b29d,there is a shirtless man sitting on a beach with a surfboard
malibumuffie_twitter_8091e502,there is a woman that is sitting on the beach with a cell phone
mallikawow_twitter_381bc59b,an image of a woman in a bikini posing on the beach
malukorj_twitter_d35b08cf,there is a man wearing sunglasses and a white t - shirt
mamakoid_twitter_30959590,there is a woman that is standing next to a train
mangaman_twitter_d3edff94,cartoon drawing of a man with a mustache and a moustache
mangky_twitter_0dff8a1e,there is a black and white photo of a man wearing a hat
manolegloria_twitter_484aa1d6,there is a man and a woman that are posing for a picture
manoshatzi_twitter_721b7a3d,there is a man wearing sunglasses and a bow tie in a car
manubordera_twitter_4098567b,there is a man that is standing with his arms crossed
manuretea_twitter_bd200eaf,there is a woman that is sitting at a table with a cake
marcalaninnes_twitter_6e581b9f,there is a man in a suit and tie standing in a park
marcaugier_twitter_f51afdae,there is a man with glasses and a black shirt posing for a picture
marccloutier89_twitter_e35d4325,black and white photo of a man with glasses and a beard
marcdomingo_twitter_3c252b34,there is a man that is sitting on a rock by the water
marcellemaire_twitter_87888cdb,abstract painting of a man with blue hair and a red background
marcelotalassuh_twitter_f5933253,there is a man in a black jacket and a black hat
marcelziul_twitter_cfd16109,this is a close up of a man wearing a leather jacket
marcioferreira_twitter_b0212f75,there is a drawing of a man with headphones holding a pair of scissors
marclamber_twitter_fd78b351,black and white photo of a man in a suit sitting on a couch
marcmeltzer_twitter_8a139f74,there is a baby monkey sitting on a bed with its mouth open
marcocostanzo_twitter_dc2faac7,there is a man in a blue shirt and tie talking on a cell phone
marcorivera_twitter_21bed8ac,an image of a painting of a man in a suit and tie
marcosgeremias_twitter_b4bb7a03,there is a man wearing headphones sitting at a table
marcsoares_twitter_6edc32a9,black and white photograph of a man looking at his cell phone
marcusmeisel_twitter_11cf0196,portrait of a man in a suit and tie posing for a picture
marcvatic_twitter_d43faecf,this is a black and white photo of a man wearing a baseball cap
marcweil_twitter_90edf351,black and white photograph of a man with sunglasses on looking at his cell phone
mariaalana_twitter_bbc8ca6d,there is a woman with long black hair posing for a picture
mariamartinez_twitter_d128f3c0,there is a woman standing in front of a window holding a donut
mariamjameel_twitter_03c4a234,black and white drawing of a woman with flowers in her hair
mariamonegro_twitter_834539fa,black and white photograph of a woman ' s face with her eyes closed
mariannehope_twitter_714c4d17,black and white photograph of a woman with her hair blowing in the wind
marianosanfilippo_twitter_0d3fad85,there is a man that is posing for a picture with a cell phone
mariarti_twitter_b1561027,there is a person laying on a bed with their feet on the bed
maribelcastilla_twitter_59ba3ecd,there is a man that is sitting on a surfboard on the beach
marioalberto_twitter_855fae64,"a red, white and blue crest with the word crc on it"
marioalvarezch_twitter_a1acf212,there is a red pair of shoes with white laces on them
marioh_twitter_33e3c302,black and white photograph of a man holding a camera in front of a crowd
mariomartinezarrabal_twitter_b8ab361c,this is a black and white photo of a man in a shirt
marisasabatini_twitter_a4efed5a,woman sitting at a table with a plate of food in front of her
marissahughes_twitter_a37d148d,there is a woman that is laying down on a bed
mariuscucuruz_twitter_83e2c776,there is a man that is taking a selfie with his cell phone
markbaar_twitter_5ee67ca7,there is a plane that is sitting on the tarmac at the airport
markborkowski_twitter_bf38e950,black and white photograph of a dog being held by a person
markcastator_twitter_c9dd7555,there is a man in a white shirt and glasses posing for a picture
markdunne_twitter_670342ac,there is a group of men that are posing for a picture
markelmes_twitter_892d9ea8,there is a man in a suit and tie sitting in a car
marketingmichele_twitter_11f16a80,a purple square with a yellow bird on it
markgantt_twitter_8e7ba96e,there is a man that is posing for a picture with his arms crossed
markorandjelovic_twitter_9f408f09,black and white photo of a man with a beard looking at the camera
markpuckett_twitter_a08f5a56,there is a man sitting in the driver ' s seat of a car
markusortner_twitter_ae22e3ca,there is a man taking a picture of himself with a camera
markustressl_twitter_e2d80521,there is a man that is running in a race in the dirt
marlenebitzer_twitter_6ff401c2,there is a woman standing next to a car with a cell phone in her hand
marloncureg_twitter_b0267fa8,there is a word cloud of words that appear to be related to a person
marnitako_twitter_49151130,a black background with a blue and white logo on it
marqueee_twitter_f8f49734,black and white photo of a man with sunglasses sitting on a bench
marquesstewart_twitter_1cc12e4d,illustration of a black man with glasses standing in front of a city skyline
marshacollier_twitter_11cbfe82,there is a woman with long red hair smiling for a picture
martincwalter_twitter_e672e01d,there is a young man wearing glasses and a plaid shirt
martinhinrich_twitter_dfca0c3e,an image of a picture of a man with a feather in his mouth
martinosabia_twitter_f88664f2,there is a man that is taking a selfie with his cell phone
martinrobinson_twitter_32fef6e3,there is a man and a woman that are posing for a picture
martinsliz_twitter_c065a118,there is a man with a beard and sunglasses taking a selfie
martinsoler_twitter_2811de0d,black and white photo of a man with glasses and a beard
martinugalde_twitter_0e91332e,there is a man with a beard and sunglasses smiling for the camera
maruxz_twitter_4f2a5a42,there is a man with a mustache and moustache sitting in a kitchen
marvin713_twitter_be3ab41d,rick rick rick rick rick rick rick rick rick rick rick rick rick rick
marwsay_twitter_c624ea8d,there is a woman that is hugging a white dog in a room
mashael92_twitter_e7a802d5,an egg on a blue background with a shadow
maskdmegane_twitter_543225d7,there is a pen and glasses sitting on a table next to a cigarette
masmith_twitter_5077f6b8,this is a black and white photo of a man with glasses
masoudhaghi_twitter_cdb6f6d6,the im logo on a red background
massimosaviotti_twitter_f63addf5,there is a man and a woman that are posing for a picture
matheusfsantos_twitter_039c71ce,there are two women that are posing for a picture together
mathiasmaul_twitter_34b87187,there is a man that is smiling and wearing a black shirt
mathieubellet_twitter_b4c5d551,there is a man that is holding a glass in his hand
mathieurensen_twitter_7288d916,black and white photo of a man wearing a hat and glasses
matluschek_twitter_11794b2f,there is a man with a beard and a camera in front of him
matsgulbrandsen_twitter_a09bd579,this is a black and white photo of a man in a suit
mattauckland_twitter_2900821c,there is a man that is making a funny face for the camera
mattcoe_twitter_a339b9f4,this is a black and white photo of a man with glasses
matteolever_twitter_0370affb,there is a man that is posing for a picture with a cell phone
mattharvey_twitter_b496ad9c,a black and white photo of a camera with the number 75 on it
matthewduncan_twitter_2a19134d,there is a man that is standing in front of some bushes
matthewpantoja_twitter_a009d053,there is a man and a woman posing for a picture together
mattmassaro_twitter_42d26437,an image of a heart with a four - leaf clover in the center
mattshields_twitter_2c6e5150,there is a man with sunglasses and a microphone in front of him
mattshultz_twitter_5266390a,portrait of a man in a suit and tie against a black background
mau_twitter_810d051c,there is a man that is smiling and wearing headphones
maxculleen_twitter_838a420d,there is a man kneeling next to a dog in front of a picture
maxduke_twitter_b43521e2,there is a picture of a woman with black hair and a tie
maxfabrizi_twitter_64a686ab,there is a man that is sitting on a hill with his legs crossed
maximdikun_twitter_e012cb94,there is a man standing on a hill with a lot of light bulbs on his back
maxuel84_twitter_2a222ef3,there is a green picture with the words mexuel on it
maxvazquez_twitter_b940fbef,there is a young boy in a white shirt and a red bow tie
maysounhanna_twitter_b16e4285,black and white photo of a woman with curly hair smiling
mazenjizani_twitter_71c9db49,there is a man that is taking a selfie in the park
mballada_twitter_167f1a49,black and white photo of a woman with long hair and a black shirt
mborodov_twitter_37392d35,there is a man that is leaning against a tree with a camera
mccoygalvan_twitter_6539d51b,there is a man that is holding a steering wheel in his hand
mcdessureault_twitter_3389d035,there is a woman sitting at a table with a glass of wine
mcoyne_twitter_339a4934,there is a man in a blue shirt and a black hat
mdicer_twitter_cef832f6,there is a man that is sitting at a table with a cell phone
mdupls_twitter_f1aaf0a0,there is a man that is standing on a rock by the ocean
meberl_twitter_b608a183,there is a black and white photo of a young boy smiling
meganclark_twitter_10102f25,there is a woman that is sitting in a boat on the water
meganorr_twitter_f3a41600,smiling woman holding a small black dog in her arms
megsrhea_twitter_369a2c4b,there is a woman with long brown hair posing for a picture
mekhovov_twitter_33fdfe0b,there is a man that is sitting in front of some bushes
melaganodeojo_twitter_c133d10c,black and white photograph of an eye looking through a camera lens
melanieburger_twitter_0166b386,there is a woman that is standing on a cliff with her hands on her hips
melanieramone_twitter_17a2756c,there is a man and a woman kissing each other with the word love
melanieschram_twitter_d5ad9ce6,there is a close up of a woman with long red hair
melindamoses_twitter_e5806991,there is a woman with glasses smiling at the camera
melissademata_twitter_7db20926,there is a woman with her hair blowing in the wind
melissagonzales_twitter_3fab42a8,woman with long black hair smiling at the camera in a crowded area
melissata_twitter_6b7959bf,smiling woman holding a white umbrella and talking on a cell phone
melodythacker_twitter_df2da0cf,portrait of a smiling woman with her hand on her chin
melteruz_twitter_cd06957b,smiling woman holding up a picture of marilyn monroe on a stick
memorylanecarclub_twitter_7b41d6df,the logo for the car club memory lane
menchiesp_twitter_29b449ac,there is a woman leaning against a wall in a train station
mendeavor_twitter_993b1923,black and white photograph of a man with a beard wearing a baseball cap
mengqi_twitter_e746b682,a black and white image of a flower in a circle
mercry_twitter_c2c9587d,an image of a woman in a purple dress holding a sword
mervae_twitter_04e25115,there is a doll that is standing in front of a window
meryba_twitter_1c45f0b9,there is a woman that is looking at the camera with blue eyes
metaed_twitter_5a632907,there is a man that is holding a white bird on his shoulder
mhantirah_twitter_9ba1be87,there is a man that is holding his head in his hands
mhenderson_twitter_b8a9ae6d,there is a young man wearing a vest and tie standing in front of a blue circle
mherrling_twitter_3053757e,there is a man in a suit standing in front of a painting
miamilawrence_twitter_55ce5521,there is a man in a suit and tie smiling for the camera
miamirealestate_twitter_7422c5c9,a map of the city of chicago showing the boundaries of the neighborhood
micampioni_twitter_ad8d6100,there is a woman with red hair and a black top
michaelangelo_twitter_c03b3d6c,there is a man that is sitting at a table with a laptop
michaelaranda_twitter_e0cca2e5,there is a man that is standing in front of a poster
michaelarmstrong_twitter_782cba9f,a close up of a computer screen with many different social logos
michaelberndt_twitter_737f7264,profile picture for m b group
michaelcempa_twitter_4fb89646,dark clouds hover over a light house on a rocky island
michaeldutcher_twitter_65b89f9c,the strategic revolution logo on a gray background
michaeldylanferrara_twitter_330cc59a,there is a black and white photo of a man wearing a veil
michaelgodfre_twitter_81b56241,there is a shirtless man holding a surfboard in his hand
michaelgoff_twitter_bd1bab80,there is a man with a beard and a lanyard around his neck
michaeljdennis_twitter_94fd8883,there is a man that is holding a camera in his hand
michaelkoenig_twitter_c17e3420,there is a man wearing glasses and a suit and tie
michaelkrantz_twitter_8127e086,the simpsons character is wearing glasses and a tie
michaelpierceca_twitter_ee6a35a5,two baseball players standing on a field talking to each other
michaeltapp_twitter_a8fbd7b6,there is a black and white photo of a man in a black shirt
michaelwitham_twitter_d8140c8c,there is a man sitting in a stroller next to a little boy
michaelwuensch_twitter_3a32b985,there is a man standing in front of a blue wall holding a remote
michelejmartin_twitter_b8bd5ea9,blonde woman with glasses and a red hat smiling at the camera
michelevitucci_twitter_f4eab92b,a black and white logo with the words bte on it
michellefreeman_twitter_4ce05b13,there is a woman that is looking at her cell phone
michellemcivor_twitter_5fe2908f,smiling woman in white dress holding a wine glass in her hand
micheltrapani_twitter_911f0dc7,there is a man that is talking on a cell phone
mickmurillo_twitter_33455ffc,there is a statue of a man wearing a red hat with a skull on it
midorimiller_twitter_0e7bcce5,there is a woman with long black hair smiling for the camera
mightycasey_twitter_f3673bf1,there is a qr code on the back of a man ' s neck
miguelandres_twitter_502b1412,there is a man that is holding a guitar in his hand
miguelcaballero_twitter_aef41545,there is a man and a woman in the back seat of a car
miguelcaria_twitter_3eab4dc4,black and white photo of a man wearing sunglasses looking out a window
migueldecastro_twitter_e1825048,there is a black and white image of a circular saw blade
miguelsanchz_twitter_b7197199,there is a man that is standing in front of a building
miguelsoler_twitter_2a39fb85,the silhouette of a cat in a square with a light coming through it
mihirs_twitter_65de7ac0,there is a man with a beard and sunglasses on taking a picture
mikeantares_twitter_35c28110,an image of a light bulb with a light coming out of it
mikeberrios_twitter_32b32605,there are two people that are standing on a hill with hearts
mikeconaty_twitter_4717350f,there is a man that is looking at the camera with a surprised look
mikecorak_twitter_b106a495,there is a man in a black jacket and white shirt smiling
mikedarcyhughes_twitter_c0b8cc9e,there is a man wearing a blue suit and a purple tie
mikedarnell_twitter_61eb6be9,there is a black and white photo of a man and a little girl
mikehill_twitter_c2b5a848,a red and white logo with the number 2 in the middle
mikehochanadel_twitter_3163283a,an image of a pixel art of a man with a purple shirt
mikejeide_twitter_c83c0b40,there is a man with a beard wearing a hat in a store
mikelefebvre_twitter_a75f09fe,an orange and red portrait of a man with a smile
mikemartin_twitter_b12b062a,there is a man that is smiling for the camera
mikemcbride_twitter_ccb44d7d,there are a lot of birds flying in the sky over the ocean
mikeoneill76_twitter_9f1e9eab,there is a man in a suit singing into a microphone
mikestake_twitter_8db2463c,there is a man wearing glasses and a sweater smiling for a picture
mikesupple_twitter_450cc8d6,there is a red letter s in the middle of a circle
mikewhitmore_twitter_ffc7eec9,there is a man that is sitting on a motorcycle in the street
mikewood_twitter_dd65acc3,there is a man sitting in the back seat of a car
mikey3982_twitter_a0c8724f,there is a man with glasses and a tie standing in front of trees
mikhailsevalnev_twitter_d0860905,there is a man that is talking on a cell phone
milatatham_twitter_32f73789,3d illustration of a woman in a black dress and boots
milko_twitter_07971ddf,there is a man that is standing in front of a truck at night
minhazchowdhury_twitter_61798156,this is a black and white photo of a man with a tie
minorcortes_twitter_f0aefb1b,there is a man in a black coat posing for a picture
miph_twitter_2efbb055,there is a man that is looking up at the sky
mirellenascimento_twitter_f130b6c9,there is a woman kissing a baby on the cheek in the park
mirkojankovic_twitter_6adc1cd9,there is a man wearing a hat and a red sweater
miroslavhelcl_twitter_d1f80a89,there is a man reading a piece of paper in front of a mirror
misstammyum_twitter_439f30cd,there is a naked woman with a smiley face on her chest
missycaulk_twitter_a42fb9d1,there is a woman sitting in a chair with a donut in her hand
misteranggie_twitter_2841b77d,bride and groom posing for a picture in traditional wedding attire
mitb_twitter_7d096be7,this is an image of a man with green and red eyes
mitchenglish_twitter_4ca0f0cd,a white apple with the letter nd on it
mitz_twitter_576e5781,black and white photograph of a man with headphones on his head
mjarron_twitter_1b41b5a4,there is a black and white photo of a man eating a doughnut
mjbrender_twitter_620a182a,there is a man in a suit and tie sitting in a chair
mlikeasong_twitter_bc30aaf4,there is a man that is looking at his cell phone
mlucasx_twitter_80053b41,there is a man that is standing in a ferris wheel
mnasir_twitter_63da8f00,black and white photo of a man with curly hair and a beard
mneidich_twitter_35be259b,there is a leather patch on the back of a pair of jeans
mobillionaire_twitter_af5b9b09,there is a black and white photo of a man covering his face
mobyo_twitter_fe405393,there is a black and white photo of a woman and a cat
mohsinnaeem_twitter_a55fef82,there is a man that is taking a selfie with his cell phone
moisesrial_twitter_8c811175,fireworks are lit up in the night sky as people watch
molivieri_twitter_92ce360a,there is a man wearing a hoodie with his eyes wide open
monicagmh_twitter_2027dfa0,there is a woman that is smiling and holding a cell phone
monikafuchs_twitter_18925b2e,there are two people standing next to each other on the beach
monik_twitter_7828ec38,there is a young girl holding a bunch of flowers in her hands
montezmccrary_twitter_37f9ef46,profile picture for the praction nerd
montsev_twitter_2d6f1f59,there is a woman that is standing on a fence by the water
morganbrady_twitter_d0d0e383,there is a woman in a pink shirt posing for a picture
mrandrewbradley_twitter_5c4b73ac,smiling man in green shirt and glasses standing in front of a city
mrbambang_twitter_43c1d924,there is a man that is standing in front of a fence
mrdrazad_twitter_6a2b07cd,portrait of a man with glasses and a blue shirt
mrjamesnoble_twitter_434eedb7,black and white photo of a man with a beard wearing a hat
mrobertsonline_twitter_b6855b37,black and white photograph of a man in a suit looking off to the side
mrsimonwood_twitter_c7c60128,painting of a man in a suit and tie looking at the camera
mrsrosietaylor_twitter_6780ca8e,there is a woman standing in front of a wall with pictures on it
msanhuezacelsi_twitter_eef409d2,there is a black and white photo of a man with glasses
msjuliars_twitter_887ad06e,smiling woman with black shirt and brown blazer posing for a picture
msyarif_twitter_0c27361c,there is a man wearing sunglasses and a hat sitting in a car
mtoigo_twitter_3243c811,cartoon image of a man with glasses and a blue shirt
mtrcorona_twitter_3ba37a3b,a globe with people silhouettes and a flag on it
muccitas_twitter_266c130d,there is a man that is jumping up to catch a ball
muhamadtaufik_twitter_8e1aa08c,a green background with the words android candy on it
multifacetsflux_twitter_71222129,digital painting of a golf ball in the center of a hole
munait_twitter_514804e3,black and white photograph of a woman with long hair wearing a top hat
munta_twitter_77851c73,there is a man that is standing with his arms crossed
murphyz_twitter_7a1651e3,an image of a drawing of a lion ' s face on a white background
murrayfrancis_twitter_30208cec,there is a man that is sitting in a chair with a glass of wine
mvalencaa_twitter_2135fb36,there is a man that is smiling for a picture in the dark
mybikemyworldcom_twitter_f1798481,there is a man that is riding a motorcycle on a track
mybookandmycoffee_twitter_bf411a40,coffee cup with the words hi i ' m arra written on it
mycroft221_twitter_8b677b2f,an image of a man in a top hat and glasses smoking a pipe
mylastpagefirst_twitter_6456021b,there is a man that is taking a selfie in the mirror
myriamsabolla_twitter_69b49086,black and white photo of a woman with short hair smiling at the camera
nachoirazoqui_twitter_33acdc66,there is a man and a woman that are posing for a picture
nachovega_twitter_7352d4f6,a black and white photo of a man ' s eye
nadenemurray_twitter_0f8d30f1,there is a woman that is taking a selfie with her cell phone
nakeeb_twitter_29f4c45d,there is a man wearing glasses and a white shirt looking at the camera
namesjamin_twitter_d5ad5073,there is a young boy that is making a funny face
nancielovesphotography_twitter_065a5f07,there are two pairs of shoes standing next to each other
nancypham707_twitter_fe6fe62e,there is a picture of a woman that is posing for a picture
naningutoyo_twitter_96568701,there is a woman that is standing on a set of stairs
narendraangkita_twitter_d075531c,man laying on a bean bag on the beach at night
nastia_twitter_c9938788,there is a woman taking a picture of herself with a camera
natalialamange_twitter_ca9ab5dd,blond woman in black leather jacket standing on railing next to water
nataliamartinez_twitter_6bb9edd0,there is a woman with long brown hair smiling for the camera
natbuehler_twitter_3f2a9bcc,smiling woman in sunglasses sitting at a table with a plate of food
natelandau_twitter_9db35525,there is a man that is looking out the window of a car
natelockwood_twitter_2e5d9c6b,there is a man that is sitting at a desk in front of a computer
natemcgee_twitter_017c9e59,there is a black and white photo of a man smiling
nathanpduffy_twitter_b3041101,there is a man in a bathtub covered in candy corn
nathanwpace_twitter_7a38d61a,there is a man wearing sunglasses and a hat with an american flag on it
natureboundafrica_twitter_da13ea2b,the logo for nature bound africa
naturesknockout_twitter_08031169,two women in red shirts taking a selfie with a cell phone
natyataniarza_twitter_4ea048c4,there is a woman wearing a hijab standing on a pier
naveenkonduri_twitter_8cfaa8a2,there is a man that is standing in front of a body of water
negegabriel_twitter_dd7378e4,there is a man that is standing in front of a tree
neophillip_twitter_8ecf421f,there is a man and a woman standing next to a tree
neotrix_twitter_510180a4,there is a close up of a person with a weird face
nerebe_twitter_ea6e56cb,there is a drawing of a man riding a bike next to a drawing of a man riding a bike
neridawalker_twitter_c6ef765f,smiling woman holding a microphone in front of a presentation screen
netpierre_twitter_d3fb517c,there is a man that is sitting in a boat with a hat on
nfremd_twitter_fb626c18,there is a man and a woman posing for a picture in front of a castle
nicholaschen_twitter_f7797305,there is a drawing of a man with glasses and a hat
niciacruz_twitter_1f4f6be4,there is a picture of a cloud that is in the sky
nickbuttler_twitter_1113e8e1,there is a man in a suit and tie posing for a picture
nickcusters_twitter_77bc3581,there are two men standing next to each other smiling for a picture
nickesteen_twitter_c844126d,a black and white drawing of a sailor ' s shirt with a bow
nickfrost_twitter_53ad8d68,there is a man that is taking a selfie with his cell phone
nickgaston_twitter_521e3e78,there is a man wearing a hat and glasses holding a dog
nickitens_twitter_0ae0f97d,there is a young girl sitting on a bed with her hand on her chin
nickjborelli_twitter_3faaa8de,there is a man in a suit and tie smiling for a picture
nicklove_twitter_e028cc24,there is a man with a mustache and a hat on his head
nickstone_twitter_7644af68,there is a man that is standing in front of a baseball field
nicksturrock_twitter_85cfbcb0,there is a cartoon picture of a trolly monster waving
nicogarassino_twitter_6bb0250d,there is a man that is holding a remote control in his hand
nicolalosito_twitter_272602d4,there is a man that is standing in front of a tv
nicolashayek_twitter_94b833ce,smiling man sitting at a desk in front of a canadian flag
nicolatimmins_twitter_99d9a869,average film reviews logo
nicolejackson_twitter_4d8abc3d,there is a woman that is smiling and wearing a necklace
nicolenobs_twitter_58c1224c,smiling woman with glasses standing in front of a view of a city
nicoletteorlemans_twitter_41c5a92f,there is a woman that is taking a selfie with her cell phone
nictok_twitter_b9f6144c,homer simpson on an inflatable tube in the water
niiabbey_twitter_6cd12195,"a red, yellow and green shield with a star on it"
niisniis_twitter_50e5b3ae,there is a woman that is standing in front of a yellow wall
ninjamama_twitter_6e497f15,there is a woman with glasses and a hat sitting in a chair
nitastronauta_twitter_bea6c670,a pixel head of a man with purple hair
niuz_twitter_e3bf621f,there is a woman sitting on a couch with a cat on her lap
nob0322_twitter_099185b9,there is a man standing in front of a body of water
nobiann_twitter_844d6b56,there is a black and white photo of a skateboarder on a city street
nohemimata_twitter_29bddcc7,smiling woman holding up a picture frame with a blue ribbon
normiesd_twitter_1f4b7fe3,there is a young girl sitting in a car seat holding a cell phone
nosepuedevlc_twitter_b4d4cf15,there is a sign that says no se puede valencio
noslo_twitter_1d9fa785,a pixel image of a man in a green shirt and black pants
nrgiga_twitter_73aac26e,a cartoon picture of a young boy flying through the air
nuakin_twitter_91590daf,there is a red background with a black border and a white border
nvarsos_twitter_0e605abd,black and white photograph of a man taking a picture with a camera
nvrcrysplledmlk_twitter_fb2a3a50,there is a woman that is taking a selfie with her cell phone
nwinburn_twitter_a847b6d7,there is a man in a suit standing in front of a door
nxhack_twitter_7508144f,there is a man that is sitting at a table with a glass of beer
nyskye_twitter_5c6ce12e,there is a close up of a person ' s eye with a reflection in it
nzeckner_twitter_b6eb2c3a,drawing of a group of cartoon characters with a quote on it
obiwan_twitter_0100753a,smiling man with blonde hair wearing a black jacket and striped shirt
obstaclespecialist_twitter_07993d8c,smiling woman with curly hair and glasses sitting in a chair
octubrerojo72_twitter_090fe06c,there is a black and white photo of a telephone pole
odile_twitter_e3def1f6,an image of a man in a blue shirt and white collared shirt
ogie_twitter_18d9e00a,an image of a black and white button with the number 6
ohadbarda_twitter_0f323fff,there is a close up of a man wearing glasses and a tie
ohme_twitter_896dae18,the san diego free lunch logo on a blue background
ojdurham_twitter_b99bb2fa,a cartoon of a man in a suit and tie holding a cell phone
oldolphin_twitter_926afa8a,there is a drawing of a little boy with a toothbrush in his mouth
oleandreas_twitter_a8bf98dc,there is a man taking a picture of himself with a camera
olegwhite_twitter_5cb7feea,there is a man that is sitting down with a cell phone
oliviaduran_twitter_cf3e4230,cartoon girl with blonde hair and green eyes wearing a white shirt
olivierbauermeister_twitter_a2a57162,a black and red letter b with a spiral staircase behind it
olivierchapelle_twitter_751d043c,there are two women on a boat in a field of flowers
oliviertripet_twitter_a0e342ee,there is a man that is smiling and wearing a blue shirt
omaralamoudi_twitter_190af9a8,smiling man in black suit and blue shirt posing for a picture
omarc_twitter_5162d916,there is a man with a mustache and a checkered shirt
omerabdellatif_twitter_30c5f722,there is a man sitting at a table with a laptop on it
omorgan_twitter_319c2b09,barbie doll with long hair wearing a pink and gray sweater and hat
ongzb_twitter_5bd71b79,there is a young man sitting on a black leather couch
onuruzunismail_twitter_d269690b,black and white photograph of a man smiling with his arms crossed
opsigno_twitter_a2aa9076,profile picture for opsigno film and photography
optikalefx_twitter_c1cbd22a,there is a man that is standing on a boat in the water
optimusdag_twitter_4d51b84a,there is a man holding a video game controller in his hand
oracio_twitter_fafbad18,there is a man wearing glasses and a black shirt posing for a picture
oscarray_twitter_b05e106f,this is a black and white photo of a man with a beard
oscarsantamaria_twitter_5884d142,there is a man that is taking a selfie in the mountains
oscarsvq_twitter_87eb9830,there is a man in a suit and tie talking to another man
osmanaymelek_twitter_4832dc23,there is a man in a suit and tie posing for a picture
oticasparis_twitter_67aa1bb4,the logo of the paris airport is shown on the side of a bus
otir_twitter_61b691c4,there is a woman that is smiling and holding a cell phone
otterfreak_twitter_68645688,there is a man that is sitting in a hammock in the yard
oulmidianas_twitter_c4dc2587,there is a man that is sitting at a desk in a hospital
outfoxer_twitter_9eae65e3,a man with a beard wearing a white shirt and a hat
owenye_twitter_afc62ee7,an image of a cartoon monkey sitting in the middle of a sound wave
oyvind_twitter_50d4fd1a,there is a man that is smiling for the camera
ozamodaz_twitter_a4f52b7b,black and white photograph of a man making a face with his hands
ozcanozgur_twitter_d24fbe70,an image of a cartoon character holding a guitar and a halo
pablomartino_twitter_40867ce9,there is a man that is bending over on a brick sidewalk
pabloxcl_twitter_6cd7d5f8,a man in a black jacket and blue pants standing in front of a blue background
pacobarranco_twitter_a3df4a4c,black and white photo of a young boy reading a book
pampiiranzo_twitter_74d100d0,there is a woman that is standing in front of a wooden wall
pandafoodie_twitter_9430c1e4,there is a man wearing a panda hat eating a slice of pizza
panjim_twitter_c057abb0,there is a man in a blue shirt and a red background
paolaroldan_twitter_1c0c06bf,there is a black and white photo of a woman with a scarf
paolofrancescosita_twitter_744f162a,there is a man in a black jacket and a red and white tie
paondart_twitter_30da7c2d,the logo of a group of people with different colored sticks
papatyakaradede_twitter_041b506d,smiling woman holding a glass of orange juice with a chili in it
paramoreuruguay_twitter_e064f1d5,two men and a woman sitting next to each other on a white floor
parhamb_twitter_a1ad179d,there is a man that is sitting at a table with a plate of food
pasqualeparisi_twitter_ad93902f,there is a man sitting at a table talking on a cell phone
patmulles_twitter_d4a45cc4,this is a picture of a woman talking on a cell phone
patriciadiez_twitter_01b0a2b9,an illustration of a woman in a black shirt with a green background
patriciascholz_twitter_972eac4b,there is a black and white photo of a woman with long hair
patriciawensch_twitter_ecf14e36,there is a woman wearing glasses and smiling for the camera
patricklarranaga_twitter_fc094825,the logo for claire plumbing inc
patrickrousseau_twitter_a42b1111,there is a man in a red and blue shirt posing for a picture
patrickthoffman_twitter_f8ed4a30,there is a man that is sitting on a rock by the water
patricktigue_twitter_42e7edc8,there is a man riding a wave on a surfboard in the ocean
patrizio_twitter_340142a8,there is a man wearing glasses and a tie posing for a picture
patton_twitter_ea7a0520,black and white photograph of a man with a beard in front of a brick building
paulamaarisa_twitter_41d9a486,there are two women that are posing for a picture together
paulasimoes_twitter_4ddd4af5,black and white photograph of a woman with her hand on her face
paulatinocotrindade_twitter_04ce9d84,the cover of a magazine with a smiling woman wearing a sequin jacket
paulbekkum_twitter_bacfaae6,there is a man in a black shirt and glasses smiling
paulcripps_twitter_5794f3d8,there is a drawing of a monkey with a sword in his hand
paulerland_twitter_c5dbde39,there is a man that is standing in the snow at night
paulgallagher_twitter_670ebb2f,an image of a typewriter with a sheet of paper on it
paulinasalazar_twitter_cd7c1d40,there is a black and white photo of a woman in a business suit
pauloschiavon_twitter_46bb3976,there is a man in a suit standing in front of a city skyline
paulpereira_twitter_d58963b1,there is a man that is taking a picture of himself in the mirror
paulseele_twitter_d30ba527,there are many people walking around in front of a large building
paulsloan_twitter_86a09762,there is a man that is smiling for a picture in a room
paulstickland_twitter_062ca3e5,there is a close up of a man wearing glasses and a tie
pavelrakusan_twitter_fef0d880,this is a black and white photo of a man looking up
pavelsmirnov_twitter_57ec179a,this is a black and white photo of a young man cutting his hair
pavelvassiljev_twitter_343f30c9,there is a man that is making a funny face with his finger
pbrady_twitter_0bf822a0,profile picture for quantum naturals
pbuyle_twitter_499c6692,arrows pointing in opposite directions to the right
pcmello_twitter_4a25506e,there is a man with a beard and glasses with his mouth open
pcrampton_twitter_9b7dbd3b,a blue square with a white border and a white background
pedrocaeiros_twitter_bac8f149,there is a man in a suit and tie posing for a picture
pedromolleda_twitter_eb253160,there is a black and white photo of a man smiling
pedroparraguez_twitter_ae4cfb25,there is a man wearing glasses and a striped shirt posing for a picture
pedrsn_twitter_2e952ad9,there is a woman wearing glasses and a scarf in a mirror
peggynairn_twitter_44397252,there are three girls that are posing for a picture together
pellenordin_twitter_1e4fa35d,there is a man that is sitting down and looking at the camera
pena_twitter_a5fa2e7d,there is a man wearing glasses and a suit and tie
pennycheng_twitter_85cb7a5c,the logo for a jewelry store with a circular design
peregeis_twitter_ceadc8e4,there is a man standing in front of a fence looking at the camera
perolofarnas_twitter_b60b7c47,there is a man in a suit and tie smiling at the camera
perzennstrom_twitter_000e70b3,black and white photo of a man with a mustache and moustache
petehill_twitter_922d157d,there is a man in a black shirt and sunglasses holding a donut
petergiordano_twitter_a2982e07,there is a man that is sitting on top of a mountain
peterkapakos_twitter_1423e9f1,a star wars chew chew chew chew chew chew chew chew chew chew chew chew chew chew chew chew chew chew
peterkornaat_twitter_2e55cff2,black and white photo of a man with long hair smiling
peterlombard_twitter_89af999e,there is a man in a suit and tie posing for a picture
petermonbailleu_twitter_ebb3490d,black and white photo of a man in a suit and tie
peterplaatsman_twitter_14c6c883,there is a man that is sitting on a boat in the water
peterwells_twitter_3355108a,this is a picture of a picture of a computer disk
peteste_twitter_78a2fcd7,there is a cartoon picture of a man wearing a baseball cap
petevyler_twitter_bf51893a,there is a drawing of a man holding four cards in his hand
pfiel_twitter_d13649b4,cartoon drawing of a woman holding a brush and a paint palette
pfrias_twitter_56b51137,there is a man with a bald head leaning on a bench
pgerngross_twitter_2d87bfaa,there is a woman that is running on a trail in the woods
phi303_twitter_9b4ef46a,there is a man that is holding a cell phone up to his ear
philackley_twitter_db6abab9,there is a yellow duck that is floating in the water
phoenixartistry_twitter_e84ef013,this is a picture of a painting of a red and yellow bird
photoblogger_twitter_72c3f38f,this is an image of a bird of prey sitting on a branch
photographybypixie_twitter_9f55d7ac,there is a picture of a woman with pink hair and a blue ribbon
photosoldier860_twitter_a0952e14,there is a woman that is posing for a picture in a skirt
phuzylogik_twitter_88ccdadf,there is a woman that is smiling and posing for a picture
pierreedouardschmitt_twitter_049e6b75,black and white photograph of a man in a suit with a beard
pinkcakebox_twitter_f89298d8,there is a woman that is sitting at a table with some cupcakes
pinkuneko_twitter_08f2e588,three girls with glasses are posing for a picture with the words pinky neko
pjbeyer_twitter_e624f6d2,there is a man in a suit and tie standing in front of a table
plastikstuhl_twitter_66c575dd,there is a picture of a cartoon pony sitting in a chair
platinumvoicepr_twitter_3cbfdb4c,platinum voice pr & consulting
pmilleredu_twitter_e938cfb7,there is a man holding a small child on his shoulders
pmoa_twitter_76242946,there is a sign on the wall that says moa parking only
poetyca_twitter_cae2d8d4,a white dove with a red rose in its beak and the words poetry on it
pokipsie_twitter_e12411bd,there is a man wearing glasses and a suit and tie
pon_twitter_dba18bbf,there is a man that is holding a bird in his hand
poohkohawaii_twitter_ca6269be,profile of a woman with a flower in her hair with the words poohko hawaii
pqhoang_twitter_73f81056,there is a man in a blue shirt adjusting his tie
pressnet_twitter_867a1654,there is a picture of a man with a bow and arrow
prestonpardy_twitter_a3c0791b,there is a man and two children posing for a picture
prettypinkponies_twitter_72ad8af8,the p logo is shown in a black circle
prissajean_twitter_5fd73307,blond blond woman in a black bra top dancing at a party
producimosideas_twitter_212ddf3b,logo of a blue and white button with the word bid on it
pugin_twitter_5b43b36d,black and white photograph of a man on stage with a guitar
punzoo_twitter_f3fbff89,there is a man sitting in a chair talking on a cell phone
purinek2_twitter_08993a51,cartoon drawing of a man with a hat and glasses on
putuebo_twitter_60c06ca6,there is a man that is taking a picture with his cell phone
queenesther_twitter_fc161a71,an image of a young boy with his eyes closed looking at something
r3d_twitter_4f8f6293,there is a man that is looking at a cell phone in the dark
raccettura_twitter_03b8e3be,this is a black and white photo of a man ' s face
rachaelbeauty_twitter_a98f4199,there are two women that are standing on the beach together
rachelrvincent_twitter_ad04c43a,there is a woman that is looking at her cell phone
rachelzevita_twitter_5a009021,there is a close up of a woman ' s face with long hair
radiomann1_twitter_2b83014d,smiling man standing in front of a wall with writing on it
rafacama_twitter_89aa43d7,there is a man with glasses and a black shirt sitting in a chair
rafaelbustamante_twitter_9536a06a,there is a drawing of a man with a tie on
rafaelochoa_twitter_3b3d8300,there is a man that is sitting on a bench by the water
rahmatmh_twitter_c5ad04db,there is a man that is standing in a room with many people
rahsheen_twitter_caa200c8,there is a man that is standing in front of a store
ralphdepagter_twitter_f73f25ff,there is a black and white photo of a man with his arms crossed
ramizahrahman_twitter_43ee1c14,there is a woman in a black hijab sitting in a car
randomandodd_twitter_458aedd9,black and white photo of a woman with long blonde hair
randyrichter_twitter_dbfaeb22,there is a man that is standing in front of a store
ranjiththomas_twitter_230780f5,there is a man that is standing in front of some trees
rappler_twitter_53cb9f7c,profile picture for rappler technologies
rappscott_twitter_bbed4b67,there is a man that is standing by the water in front of the city
raquelsotollacer_twitter_12199d1e,there is a woman with long brown hair posing for a picture
raquelvillarreal_twitter_46100a2f,there is a woman that is posing for a picture in a shirt
raulk_twitter_b2e1fb92,there is a painting of a man carrying a pizza on his head
ravenlynch_twitter_833f63c6,a black and white photo of a woman with wings on a dark background
ravidor_twitter_f1297781,there is a man that is sitting at a desk with a donut
ravimohan2_twitter_4e907de9,an old black and white photo of a man with a mustache
raychang_twitter_246877b6,there is a man sitting at a table with a cat on his lap
rayhowe_twitter_15fd19b5,there is a man and a little boy that are posing for a picture
raymondwyu_twitter_a9a6a921,"the logo for the new waste center, inc"
razshafer_twitter_510c575f,there is a man with a beard standing in front of a brick wall
rbanffy_twitter_4ded632f,there is a man standing in front of a microphone giving a speech
rdeva_twitter_66ca81e8,there is a man that is holding a wii remote in his hand
rdhnk9_twitter_2e9c1845,black and white photograph of a man holding a cat in his lap
rdvnfrtn_twitter_39d3e267,there is a man in a leather jacket standing in front of a flag
rebeccamaguire_twitter_20fc4e30,blonde woman with glasses and blue shirt sitting in front of a stove
rebeccateldja_twitter_fcb9e061,there is a woman that is standing next to a white wall
redphone_twitter_da97e782,red telephone on a white background
regtiangha_twitter_486605e4,there is a man taking a picture with a camera in front of a bookcase
relixvariety_twitter_6bfb7cff,relax variety theatre logo
remyandella_twitter_cce38f7d,there are two white dogs that are sitting on a bed
renelego_twitter_8520103d,blonde woman with blue eyes smiling at the camera in a room
reportertim_twitter_bdc45172,there is an owl wearing a yellow hat on top of a toilet
reuscher_twitter_9128dd4a,there is a man that is sitting on a motorcycle in the desert
rheyankaj_twitter_ca76f1ac,there is a woman that is taking a selfie with her cell phone
rhoinkes_twitter_4514aaf0,illustration of a man running in the dark with a clock in the background
ricardoanton_twitter_db73ee54,there is a man wearing glasses and a white shirt smiling
ricardopadilha_twitter_28f7db1e,there is a woman that is standing next to a car
ricardosalgado_twitter_a67a52c7,a close up of a computer screen with a green arrow on it
riccardoghignoni_twitter_0246b5cb,there is a man that is standing in front of a blackboard
richardajacobson_twitter_669b64f2,there is a man with a beard wearing a white shirt and tie
richardharrington_twitter_890f5870,there is a man that is smiling for the camera
richardterborg_twitter_47c1ff50,black and white photograph of a bald man with a beard
richardthomson_twitter_49751783,there is a man that is sitting on a concrete wall
richtosi_twitter_d7781694,black and white photo of a man with a hat on in the snow
rickcaffeinated_twitter_85c47b88,there is a black and white photo of a man sitting on a couch
rickycain_twitter_5a0c8795,there is a man that is standing in front of a mirror
rickzwiep_twitter_f48cb7c4,there is a man that is smiling for a picture in the picture
ricmccoy_twitter_29323cbf,there is a man in a suit and tie standing in front of a car
ricseedbluebubbledesign_twitter_efa0c588,a close up of water bubbles on the surface of a blue ocean
riefaja_twitter_2d16af9e,there is a young man wearing a black shirt and a hat
rielax_twitter_287e6b5a,painting of a man holding a cat in front of a psychedelic background
rieramadhaanie_twitter_95559c04,there is a man and a woman sitting next to each other
rikardohj_twitter_e49d3023,there is a man standing in front of a sign with a microphone
rjacquez_twitter_165247fa,there is a man in a blue shirt posing for a picture
rjjaramillo_twitter_5bc60093,there is a man in a suit and tie standing in front of a lake
rjudas_twitter_03f2fc9d,there is a man in a suit and tie smiling at the camera
rkellyga_twitter_e84def54,there is a man and a woman standing next to each other by the ocean
rmichaelbrown_twitter_37dad87f,there is a man that is holding a camera in front of him
rmorrison_twitter_c2e7acd2,sunset over the ocean with a person walking on the beach
roadzy_twitter_5a48972f,there is a man and a little boy that are posing for a picture
roannarupinta_twitter_47ddc520,there is a black and white photo of a woman holding a large teddy bear
robaris_twitter_b94a33a2,there is a cartoon of a bald man with a speech bubble above his head
robboudon_twitter_ab47cc4d,this is a black and white photo of a man in a suit and tie
robertbadillo_twitter_3931cd30,there is a man in a white t - shirt posing for a picture
robertbarney_twitter_bf04aa53,"profile of a man in a white shirt with a green, red, and yellow circle behind him"
robertbirnie_twitter_55171ca6,there is a man with a long beard laying on the grass
robertjonathan_twitter_b4517402,profile picture for zenommedia com
robertschueler_twitter_2f8881ef,a rainbow colored circle with a white background
robingood_twitter_f96a762c,there is a man wearing a hat that says pop on it
robinhassan_twitter_02921c0b,there is a woman with long curly hair smiling for the camera
robkrueger_twitter_231481d6,a pixel image of a man in a white shirt and tie
robmoses_twitter_87da1a79,there is a man that is holding a sign that says please follow me at the gromoses
robnelson_twitter_6bdaab25,a black and white photo of a house of cards
robseaver_twitter_583d116a,smiling man in black shirt and glasses standing in front of wall
robwillington_twitter_df32046c,there is a man wearing a red hat and holding a cup of coffee
robwoodbridge_twitter_b895da06,there is a man that is wearing a blue and white shirt
rockaz_twitter_5be5ad2e,illustration of a pink donut with white sprinkles and a shadow of a hand
rockstarmomlv_twitter_3543907c,there is a black and white photo of a woman holding a teddy bear
rockyvy_twitter_f4a4b184,there is a man that is smiling for the camera
rodmeier_twitter_626598c4,there is a man that is holding a cell phone in his hand
rodmilam_twitter_5b9ca20b,black and white photo of a smiling man in a black shirt
rodrigoluna_twitter_8e25c865,there is a man that is taking a picture of himself in the mirror
rogerbalettie_twitter_eadbce86,an image of a man in a spacesuit with an american flag behind him
rogerellman_twitter_36e3371c,there is a man sitting at a table with a plate of food
rohnjay_twitter_ef2597d2,there is a man with glasses and a tie smiling for a picture
roh_twitter_a365eef8,there is a man that is standing on the beach with a surfboard
rolfek_twitter_90986cb9,someone is holding a tablet with a picture of a man on the screen
romcalbc_twitter_5cca21d8,there is a man wearing sunglasses laying on the ground with his eyes closed
rommiej_twitter_84d0147a,there is a man with glasses holding a book in front of him
romulocostacurta_twitter_eccaed7c,the silhouette of a man with curly hair is shown in pink
romybeatwriter_twitter_008d2f8b,there is a woman holding a mirror in front of her face
ronaldomanga_twitter_37eae251,smiling man sitting in a car wearing sunglasses and a blue shirt
roncaglia_twitter_a787050e,there is a man wearing glasses and a blue shirt holding a banana
ronlute_twitter_46e29637,there is a man wearing a furry hat and sunglasses
ronron607_twitter_c9c85270,there is a man sitting in the back seat of a car talking on the phone
ronsela_twitter_ff050895,black and white photo of a man with a bald head
roook_twitter_28bfed5e,there is a black sports car with a red stripe on it
roseannefoxx_twitter_a38b57ef,smiling woman standing in front of large rocks in black dress
rositaxx_twitter_b7059a67,there is a woman that is leaning out of a truck window
rousso_twitter_59e84726,there is a man in a black shirt posing for a picture
rowdyfolk_twitter_a2a538da,there are two people riding in the back of a truck with an american flag
roxipappa_twitter_e1520ccf,there is a polaroid picture of a man reading a book
roybird_twitter_2534c68d,a close up of a barcode with the word roy bird on it
roysteele_twitter_b6d88bf1,there is a man that is smiling for a picture in the picture
royterp_twitter_28a40299,painting of a man with glasses and a beard wearing a black shirt
rscpics_twitter_81eb30db,profile picture for f2plus media group
ru0905_twitter_9635c14e,there is a man that is sitting on a bench in the park
ruanalmeida_twitter_0318eba0,there is a man in a suit and tie posing for a picture
rubenbrave_twitter_2d5e3366,smiling man in blue shirt sitting in front of a black background
rubenmascarophotography_twitter_756b0938,there is a man that is sitting down with his eyes closed
rubodewig_twitter_fa89137d,painting of a little girl in a red coat with her arms outstretched
rude64_twitter_4648b5b3,there is a black and white photo of a man with a tie on
rudestan_twitter_24dad8be,there is a man in a suit and tie looking at the camera
russellvjward_twitter_5725bf3f,there is a man that is sitting on some steps in the grass
russpond_twitter_d8977b8b,black and white photo of a man with glasses sitting at a table
ryanfrazier_twitter_bdfd301a,profile picture for porterbrook san antonio
ryanjgoodman_twitter_8e97ae97,smiling man standing next to a horse with a bridle on it
ryanketterman_twitter_07c376be,a white letter k on a red background
ryanlmurphy_twitter_2b3497cd,there is a man with glasses and a beard standing on a road
ryanott_twitter_eddc944e,there is a man with a beard and a mustache on a couch
ryanporter_twitter_f50df5a3,a man with a beard standing in front of a microphone
ryanthompson_twitter_c403efec,a white crown on an orange background with the word content
s0uls_twitter_354cae4f,there is a man standing in front of a wall with graffiti on it
s1lentb0buk_twitter_65fe0dc6,black and white photograph of a man with long hair playing a guitar
sabrinamiso_twitter_075c6b5e,a green leaf logo on a white background
sachaqs_twitter_510fc552,there is a man holding a remote control in front of a computer screen
sachiyokojima_twitter_73509f19,"the logo for benchmark, a fashion boutique in the uk"
sacpetsits_twitter_89d93487,there is a woman that is holding a cat in her arms
saeedalmenhali_twitter_96067146,there is a picture of a car dashboard with a necklace on it
sahithi_twitter_4b77fa07,there is a woman wearing a hat and sunglasses looking up at the sky
sakshamgumber_twitter_8aecaf3b,there is a man that is standing on a boat in the water
salikov_twitter_2605b0dc,there is a man standing in front of a brick wall with his arms crossed
salinasmx_twitter_f156d5af,there is a man with headphones on taking a selfie
samanthaholloway_twitter_787a8b35,there is a woman with glasses and a green flower in her hair
samarb_twitter_b73a7536,there is a young man with a black jacket and red shirt
sambassman_twitter_b32456fa,man playing a cello in a dark room with a red curtain
samipage_twitter_5bdde226,there is a close up of a woman with red hair smiling
samuelmartinx_twitter_07e75f74,"black and white photograph of a man with a smile on his face, leaning against a wall"
samuelreis_twitter_6206dfd4,an image of a computer screen with a question mark on it
samuelstrickland_twitter_cf56073d,there is a man that is standing in front of a brick wall
samwhite_twitter_4bfb88bb,there is a man and a woman that are posing for a picture
sanahsayani_twitter_0ff44974,there is a woman that is taking a selfie with her cell phone
sanderdatema_twitter_b21c3162,there is a black and white photo of a man with a beard
sanderterhaar_twitter_b6dde02f,black and white photo of a man smiling while sitting at a table
sandieterenzisellshomescom_twitter_6c6fcd84,smiling woman wearing a white shirt and silver necklace standing in a room
saniday_twitter_c7d20258,there is a woman with red hair standing in a room
sanpedrohotelspa_twitter_01abb6dd,there is a room that has a red couch and a chandelier
santayanapower_twitter_d86bdf33,there is a man that is talking on a cell phone
sanurasnowpaw_twitter_7076f8ec,there is a 3d image of a woman with white hair and a tia
sarahemiline_twitter_685fdc01,smiling woman holding a nasa themed umbrella with a nasa logo on it
sarahjones_twitter_fb2dffb4,there is a woman in a black dress posing for a picture
saratpollock_twitter_09423e27,there is a woman holding a coffee mug with a mustache on it
sarito_twitter_d89bbaa5,there is a woman laying in bed with a cat on her lap
satoryasuga_twitter_1a945fe9,there is a man that is sitting on a boat looking out at the water
satotaka_twitter_7cd90995,an image of a cartoon man writing on a piece of paper
saurospagnol_twitter_70707e7e,there is a man that is standing in the dark with a skateboard
saviodemartino_twitter_03e07da9,an image of a man in a tuxedo singing into a microphone
scesini_twitter_cd27e127,there is a man that is sitting at a table with a drink
scg33esp_twitter_b8d5fed8,a drawing of a pink bird with a crown and sword
scherem_twitter_4ba05b29,there is a man holding a banana and talking on the phone
scherka_twitter_60e80184,there is a man in a white shirt posing for a picture
scherre_twitter_b8044559,there is a woman that is sitting down with a cell phone
schlossneubeuern_twitter_a8d60970,blue and white sign with three vertical bars in a circle
schneidan_twitter_4bccaae4,there is a man wearing a knitted hat and holding a laptop
scholzeralph_twitter_567d5449,the letter r is made up of red and brown letters
scottbellisario_twitter_6b9613f9,painting of a man wearing sunglasses and a black shirt
scottellisonphotography_twitter_d09444e9,there is a man wearing a hoodie and glasses standing against a wall
scottjwalter_twitter_a0b333a6,there is a man wearing a black cowboy hat and a tie
scottycze_twitter_a905f428,there is a man wearing glasses and a tie posing for a picture
scoutshonor_twitter_7d05be4e,there is a black and white photo of a woman with a heart
scowie_twitter_54596923,there is a bald man in a blue shirt posing for a picture
seancoyne_twitter_af76f774,there is a man with a beard and a smile on his face
seanmcmenemy_twitter_4f379188,there is a man sitting at a table with a plate of food
sebastianjimenez_twitter_cb18ed4f,there is a man that is smiling for the camera
sebastianlofvall_twitter_4de2ef38,this is a black and white photo of a man wearing glasses
sebastianmueller_twitter_31cad4df,there is a picture of a man wearing a tie and a sweater
sebastienbarre_twitter_8727d673,there is a man that is holding a cell phone up to his ear
sebgonza_twitter_4554e722,there is a man that is holding a box with a camera in it
sebhawker_twitter_83feb5e2,there is a man that is smiling for the camera
seerickson_twitter_0adf8381,there is a man in a suit and tie smiling for a picture
sekarkhatulistiwa_twitter_0f4bad4e,there is a woman that is holding a guitar in her hand
semilla_twitter_6a9e442f,there is a man holding a cat wearing a bow tie
seraphim_twitter_155311ef,there is a man and a woman sitting next to each other on a couch
sercanparan_twitter_46778234,black and white photo of a man sitting in front of a computer desk
serdarbarut_twitter_8e2c5044,there is a man in a suit and tie sitting in a chair
sergeioarroyo_twitter_98a6c9df,there is a woman standing in front of the great wall of china
sergioelizondomora_twitter_0e693dee,black and white photograph of a man with a pipe in his mouth
sergiopellico_twitter_b5076bbc,there is a man sitting in front of a computer monitor smiling
sergiovenuto_twitter_87107233,black and white photograph of a man with a beard and mustache
serra_twitter_e0b02472,black and white photograph of a group of surgeons performing surgery
serveure_twitter_c8cd06e4,there is a man with glasses and a tie smiling for the camera
sfharper_twitter_5c03a1a9,there is a woman with glasses and a green shirt smiling
sfy_twitter_870e1700,there is a violin that is sitting on a white surface
shalahbowden_twitter_66643dc5,there is a black and white photo of a woman smiling for the camera
shanedesloges_twitter_a6c7ec69,there is a picture of a colorful wheel with different symbols on it
shanestokes_twitter_cd0e5f82,there is a collage of pictures of a man standing in front of a boat
shanewalter_twitter_4848e3a1,portrait of a man with glasses and a tie drawn in black and white
shanmoorthy_twitter_9cc764a6,there is a man with an elf ' s ears and a leather jacket
shannonedris_twitter_a35b0c8b,there is a woman that is holding a dog in her arms
shannonkelley_twitter_4f282eba,there is a woman and a little girl posing for a picture
sharonpianchan_twitter_f21c6061,a black and white logo with the words opinion on it
shaunsimpson_twitter_dbb37e18,there is a man standing in front of a wall smiling for the camera
shawnalholman_twitter_25eaa3b1,blond haired woman in orange jacket eating a donut in a restaurant
shawnday_twitter_d272ef74,there is a man with a beard standing in front of a rock
shawnmor_twitter_151d4235,cartoon of a man with a beard and a black shirt
shaymfa_twitter_acfba946,there is a black and white photo of a woman with long hair
shazasalem_twitter_3373906a,there are two women standing next to each other in a room
sheanroberts_twitter_de38c31c,there is a man with dreadlocks standing in front of a brick wall
shehannf_twitter_f2a41450,there is a man in a suit and tie posing for a picture
shelleysanders_twitter_dc8f6027,there is a woman that is standing in front of a tree
shelleywest_twitter_61b58e80,black and white photo of a woman in a tank top looking at the camera
sherekaan_twitter_1b40f342,a red and black tiger logo on a black background
sherifhany_twitter_e623be40,there are three men that are posing for a picture together
sherrytrueself_twitter_47d6d530,there is a woman that is taking a selfie with her cell phone
shibuibrahim_twitter_a729b460,there is a man that is looking out the window of an airplane
shintaroabe_twitter_54652463,there is a man that is standing on the beach with a cell phone
shonhughes_twitter_32ffc4f1,there is a man that is holding a fire in his hand
shortformelissa_twitter_c816f818,there is a woman wearing sunglasses and a dog in a harness
shugo_twitter_b75d733b,this is an image of a man ' s face with a red lip
siam_twitter_2f6bc02a,smiling man in suit and tie standing in front of an orange wall
sicarpv_twitter_7f65caca,a blue and white logo with a diamond on it
sidali_twitter_3f20d524,there is a young boy wearing sunglasses standing in front of pictures
sidede_twitter_6e1291ea,there is a blue print with the words you can do it on it
sidsel_twitter_a6ed81dd,black and white photograph of a woman smiling with a toothbrush in her mouth
signhk_twitter_8a31cd7b,there is a close up of a green leaf on a plant
sigurdson_twitter_aaf9310a,there is a man wearing a helmet with horns on his head
siguy_twitter_7a082433,there is a man that is brushing his teeth with a toothbrush
silviabriano_twitter_fe2df68f,there is a woman that is sitting on a toilet with a plate
silviafattori_twitter_785a0bfe,there is a cartoon image of a woman in a tank top
silviafoglia_twitter_ba2e0628,there is a woman that is holding a bunch of hair ties
simonemccallum_twitter_6dc52e31,there is a woman that is smiling and holding a cell phone
sio_twitter_e4fe1bbc,pixel style image of a man with a cross on his head
sirmmo_twitter_979a3b13,there is a cartoon picture of a man sitting in a movie theater
sitiodascitacoes_twitter_990ce278,the logo of a black and white circle with the words sdg
skyjunior203_twitter_15d43683,a blue speech bubble with a smiley face on it
skypanther_twitter_7276169d,a yellow paw print on a white background
slakker9_twitter_c1339ec6,a blue background with the word jax on it
smediabutterfly_twitter_f8d8e133,there is a woman that is sitting in the back seat of a car
smokinronniehalcomb_twitter_42a33e45,there is a dog that is laying down on the couch
sniyazov_twitter_4291a9e8,there is a young man wearing a white shirt and tie
snowhole_twitter_23b3bd2b,anime girl with purple hair and blue eyes staring at the camera
socialcrm_twitter_5f42be80,black and white photo of a man with a cell phone in his hand
socialleslie_twitter_0ba98e23,blonde woman with long hair smiling at the camera in front of a building
societychurch_twitter_7acf9a45,a black and white logo with the words society church
soenarko_twitter_8a1d2dbf,black and white photograph of a man with a moustache and mustache
sohochoc_twitter_cecc26d1,this is a silhouette of a woman holding her hands out
sokazo_twitter_fe9d55dd,there is a man that is sitting down with his hand on his chin
sokrekl_twitter_fd2f69d2,there is a man that is standing in front of a body of water
solomonbrothers_twitter_75bbc695,a black and white photo of the letter b
soloseba_twitter_2bae5a18,there is a man standing in front of a car with the trunk open
solutionsinla_twitter_41b98303,solutions in la housing and beyond
sommercollier_twitter_4181036f,there is a woman that is standing in front of a wooden wall
soniagennaro_twitter_1059f0c7,there is a woman that is posing for a picture with her hands on her face
soniapolacci_twitter_9a32f1e7,black and white photo of a woman with long hair smiling at the camera
sonic010739_twitter_c314e540,there is a man taking a picture with a camera on the street
sonnyellar_twitter_a9df2e9d,there is a man sitting on a bed playing a guitar
sorayasantos_twitter_2bd2b9ae,there is a woman that is looking at a laptop computer
sorgenia_twitter_353a49c5,the eco pensiero logo on a beige background
soulsailor_twitter_cbe10188,there is a man in a small sailboat on the water
soundroll_twitter_f83af302,black and white photograph of a young boy sitting on a wall
soyoscar_twitter_4b8f6428,there is a man in a red shirt pointing at the camera
spacefoxstudio_twitter_1003bd92,an image of a picture of a cartoon fox with a space helmet
speakingbadger_twitter_145a24ed,there is a man and a woman posing for a picture together
srcalypsoo_twitter_1696e34c,black and white photograph of a man looking through a pair of binoculars
sroyer_twitter_c7ac23eb,there are three men sitting at a table with glasses of wine
ssalazars_twitter_c57bdce4,there is a man that is wearing a sweater and a scarf
ssofia_twitter_2c4b2da8,there is a woman that is posing for a picture in a picture
staboada_twitter_e377a5c0,there is a woman that is taking a selfie with her cell phone
stacysanchez_twitter_c271be91,silhouette of a bride and groom standing in front of a mountain
stefanocannizzaro_twitter_f2a1d53f,black and white photo of a man wearing a hat and glasses
stefanogiudici_twitter_b2da153b,there is a man wearing sunglasses and a black t - shirt
stefanwoldekidan_twitter_46abbc88,a sketch of a man wearing sunglasses and a tie
stenmartin_twitter_8126b74f,there is a man sitting at a table working on a piece of clothing
stephaniebogus_twitter_ed151cce,there is a woman standing in front of a sign with a quote on it
stephaniemaxwell_twitter_25ad05ec,there is a woman standing with a suitcase on her head
stephaniemcd_twitter_b55ff373,blonde haired woman taking a selfie in front of a dirt bike
stephanieowen_twitter_64775330,some green acorns with leaves and leaves on a white surface
stephanlendl_twitter_e785495d,there is a man with glasses and a red shirt smiling
stephenalee_twitter_b10d757e,there is a young man standing in front of a white curtain
stephenbarr_twitter_b036364f,there is a man that is sitting on the ground next to a skateboard
stephenbonner_twitter_e0fd2ee6,there is a man in a suit and bow tie holding a drink
stephend3_twitter_d359aaea,there is a black and white photo of a man with glasses
stephenitis_twitter_2e8ded5c,there is a man that is standing in front of a brick wall
stephenjscott_twitter_4438a161,there is a man standing next to a stormtrooper statue
stephenmillard_twitter_3f879dbd,there is a man in a pink shirt posing for a picture
stephenwells_twitter_efd0c92e,group of people holding red ribbon in front of a brick building
stephintoronto_twitter_30066e51,a black and white photo of a letter s with a crown
stephlauren_twitter_bc00ac3b,there is a woman with curly hair and a pink shirt smiling
stevegarfield_twitter_4da1e447,there is a man that is smiling for the camera
stevei_twitter_3434df97,there is a man with a beard and a blue shirt
stevenabittan_twitter_6890a36e,there is a man with glasses and a black shirt posing for a picture
stevencullifer_twitter_1b14998d,there is a man smiling and holding a cell phone in his hand
stevendamron_twitter_e3588812,there is a man that is standing on the balcony of a building
stevenlarson_twitter_f76c0661,there is a close up of a man wearing a purple shirt
steventjones_twitter_c7fcbb8d,there is a man with a beard wearing a hat and a green jacket
steveweston_twitter_7b49659d,there is a man with sunglasses on taking a picture of himself
stewarthayes_twitter_26887e93,several pairs of flip flops are lined up on the beach
stickgrinder_twitter_d6a61627,this is a black and white photo of a man with long hair
stoneyxl_twitter_a41eb6b2,there is a group of men posing for a picture on the street
stormy86_twitter_f017a36b,there is a man with a beard and a white shirt smiling
strawfish_twitter_e457cda8,the logo of a restaurant with a fish and a strawberry on it
stregato86_twitter_414150b0,there is a man that is sitting on a couch with a pillow
stuarthiggs_twitter_701a28c1,there is a man that is smiling for the camera
studiomiguel_twitter_87356f2a,a woman in a pink dress is sitting on top of a bucket of liquid
stuttgarter_twitter_c272cfe7,black and white photo of a man wearing glasses and a tie
sucio_twitter_00399805,there is a man that is jumping on a bed with a skateboard
sudol_twitter_93fa21ea,there is a man with a beard standing in front of the sky
sueblack_twitter_621aa64e,cartoon drawing of a man with red hair and glasses smiling
sugabetic_twitter_a1df951c,black and white photo of a woman standing in front of a brick wall
sukhighuman_twitter_6f0acd9e,pregnant woman holding a baby in her arms in a bedroom
sultangfx_twitter_139c3f72,there is a man in a suit and bow tie smiling for the camera
sunanulhuda_twitter_6f93a57d,there is a man in a suit and tie standing with his arms crossed
suneeshlal_twitter_ff77713d,there is a man that is standing on the beach by the water
sungoddess_twitter_0a1b76c5,painting of a woman with dreadlocks on her head
sunshinessui_twitter_1a98dbed,how to train your dragon
sunupermana_twitter_5502fa04,there is a man that is smiling and making a peace sign
supersupersuper_twitter_dbb72d1b,there is a woman that is holding a donut in her hand
susanaayala_twitter_96ef1c13,there is a woman that is taking a selfie with her cell phone
susannahseefeldt_twitter_67ef4f49,blonde haired woman with blue eyes looking at the camera
susanrapp_twitter_05460e2a,there is a black and white photo of a woman with long hair
susanscrupski_twitter_d2c87a79,there is a woman that is sitting down in a chair
suvrobanerji_twitter_ee423a98,black and white photo of a man with glasses smiling at the camera
suzannecourtney_twitter_19ddb761,smiling woman pointing at a picture of a building in a window
svilen_twitter_983fb4c4,there is a picture of a man with a cane and a hat
swarmster_twitter_4ec52488,the words default student loan documents on a black and white photo
swellsbennett_twitter_82a40c8e,smiling woman in front of a bookcase with many books on it
swism_twitter_75bb6ed4,this is a black and white photo of a wall full of pictures
swissmountainleader_twitter_e1da210a,there is a man in a blue jacket and black pants with a backpack
syedrushda_twitter_540554b2,smiling woman standing in front of a poster for the movie born in ireland
symonchow_twitter_c66b5d30,an image of a black and white image of an anime character
syntasium_twitter_a1f5cfa6,painting of a man with glasses and a red jacket smiling
tadd31_twitter_580802a9,black and white photograph of a man with a tie on his neck
taeff_twitter_e53f71b1,black and white photograph of a man taking a picture with a camera
tahoe58_twitter_5515ce6a,there is a white wolf that is laying down in the grass
talintyre_twitter_5fa93778,there is a woman that is holding a cell phone to her ear
talrasha_twitter_25a67244,an anime girl with long black hair and a black jacket
tanguymignot_twitter_a52e1025,there is a cartoon picture of a man with a book in his hand
taniagarron_twitter_787b579d,smiling woman with long black hair and a black t - shirt
tanyagagnon_twitter_e6c17cf4,there is a woman with glasses smiling and holding a cell phone
tapps_twitter_9b3c70de,there is a young man wearing glasses and a bow tie
tassoskapernekas_twitter_88c5d10b,there is a man sitting at a table with a plate of food
tatianaavdjiev_twitter_3103b95a,there is a woman that is holding a camera in a field
taymoor_twitter_0446059e,there is a man that is sitting down with a remote in his hand
tearyeyezs_twitter_63448b11,there is a man that is taking a selfie with his cell phone
tedmihu_twitter_0edc169c,there is a man that is holding a movie clapper
tedr_twitter_fa80e28c,black and white photograph of a man with sunglasses on his head
tele_twitter_9519f294,shadow of a man in a hoodie standing in front of a wall
tellurideblues_twitter_c61b253d,profile picture for the luridde blues and brews festival
telmamelo_twitter_4f6c9e62,an image of a woman in an orange shirt and red skirt
terrahambly_twitter_91da4cf1,there is a woman that is standing in front of a building
terricoles_twitter_c0e08298,there is a woman with purple hair and glasses standing in front of a wall
tessadufresne_twitter_a2a35a41,there is a man and a woman that are walking in the grass
thalitasantos_twitter_3d9b9330,there is a picture of a woman smiling and holding a cat
thanhnkh_twitter_e03e6bd0,an orange and white circular logo with a white arrow
thanser_twitter_39863a8a,there is a man in a suit and tie posing for a picture
thatgirlmegan_twitter_617e3a5f,there is a woman that is holding a cell phone in her hand
thecomfortoutlet_twitter_3793746d,the comfortoutlet com logo
thecuriouscreative_twitter_41cd347c,there is a woman wearing a scarf and glasses standing outside
thedanieljsmith_twitter_1235a678,black and white photo of a bald man in a black shirt
thedudedean_twitter_37398770,there is a man with a beard and sunglasses laying on a beach
thegadgeteur_twitter_72937d4f,there is a man with a long beard and a plaid shirt
thejeff_twitter_262022f8,there is a man with glasses and a beard standing in front of a sign
thejennafox_twitter_4f956c3d,there is a woman that is sitting on a window sill
thejennylam_twitter_c89a201c,there is a woman that is sitting at a table with a remote in her hand
themichaelshane_twitter_1e6bea78,there are two men standing next to each other with headphones on
themiscfiles_twitter_d27b4324,illustration of a woman with glasses and a finger on her lips
theoryoferin_twitter_8d398912,this is an image of a camera that is on a tripod
thepanda_twitter_06168571,black and white photo of a man sitting in a dark room
thereadingcircle01_twitter_d81e2dbf,there is a man in a suit and tie sitting in front of a microphone
theresag_twitter_ce7c639f,there is a woman in a black shirt and black pants
thesimonharris_twitter_465c1c45,this is an image of a man sitting in front of a tv
thexwarrior_twitter_1b18fc62,a black and yellow bomb with a red ribbon around it
thiagobusse_twitter_1c290eba,there is a man that is riding a bike in the street
thierryocho_twitter_193917dc,there is a man that is standing in front of a stove
thierryweber_twitter_fee183a2,there is a man taking a picture of himself with his cell phone
thinkpositive_twitter_a0e1c2aa,the logo of a cross with the words think above it
thinzaroo_twitter_b117c631,an image of a woman with glasses and a red jacket
thisgunforhire_twitter_fc8346b9,there is a woman with headphones drinking a drink from a cup
thomaskeup_twitter_0031c401,there is a man with glasses and a suit jacket smiling
thomasmarcusgeorge_twitter_73d82e03,the cover of a book with a butterfly on top of it
thomasosborne_twitter_7cf9d0c7,there is a man that is taking a selfie in the kitchen
thomaspleil_twitter_7e69bffd,black and white photo of a bald man with glasses and a beard
thomasseifert_twitter_71ecf510,man taking a picture of a boy with a camera in the desert
thompsontanya_twitter_b4546d5b,there is a woman that is sitting at a table with a plate of food
thorstenbastian_twitter_7e543edb,a blue and white sign with a large exclamation on it
threedot_twitter_094ef3d3,there is a man that is standing in front of a rock
tiagohiroshi_twitter_7b709740,there is a man that is holding a remote control in his hand
tiffanyff_twitter_ed05c88a,girl ' s day ' s tae ye - young singing at a concert
timbr_twitter_c3a4010c,there is a pixel image of a man wearing a hat and glasses
timgolden_twitter_2310daee,the logo of the university of tennessee
timhoward_twitter_16cb4c45,there is a man in a black jacket and blue shirt smiling
timnewsome_twitter_07cdd4f9,there are two men that are posing for a picture together
timolsen_twitter_a0155da1,there is a man that is holding a cat in his hands
timothyalexander_twitter_50f69f1e,there is a man in a suit and tie smiling for the camera
timothydahl_twitter_7a48ccfa,there is a man in a blue shirt posing for a picture
timothyjohn_twitter_5f65026d,there is a man that is sitting on a balcony by the water
timothylmooney_twitter_353e9b2e,smiling man in a blue shirt with his arms crossed
timothyryan_twitter_9e971c95,there is a drawing of a man in a suit and tie
timpowell_twitter_69e07ee7,there is a man that is holding a kettlebell in his hand
timryan67_twitter_b6da0d97,there is a man wearing a hat and a watch on his wrist
tinrocket_twitter_10309275,a white outline of a rocket on a blue background
tjanderson_twitter_3608955f,there is a man holding a little girl up in the air
tks_twitter_f0b02230,there is a man with long hair wearing a black jacket
tlindorfer_twitter_72ed5a43,there is a man that is sitting at a table with a plate of food
tnsuarez_twitter_7bbdf08d,there is a young man with a baseball cap on posing for a picture
toddebert_twitter_0f4594b9,there is a man and a woman sitting at a table together
toledoscanner_twitter_38786b30,toledo scannerer logo on a black background
tomasfragoso_twitter_8bac8333,there is a man that is sitting down with a remote in his hand
tomkeenebloomberg_twitter_3a766ce7,black and white photo of a man wearing glasses and a bow tie
tomkenyon_twitter_ebf27878,there is a man that is standing in a garage with a camera
tommyflovildengebretsen_twitter_a9f6a85d,there is a man in a suit and tie smiling for the camera
tommyoshima_twitter_a80a1af3,there is a young boy in a red shirt posing for a picture
tommyp_twitter_8a8d6073,there is a man that is looking at his cell phone
tommyudo_twitter_b3636396,there is a man and a boy sitting on a bench together
tommywhitty_twitter_a193cb70,there is a man that is standing in front of the water
tomparadiso_twitter_fc2b8ad4,there is a man that is sitting on a bench in the grass
tomromano_twitter_1c7b2977,there is a man that is holding a remote control in his hand
tomviturino_twitter_7bf59f6a,there is a man wearing a hat and glasses looking at his cell phone
tonyveroeven_twitter_e8065ae5,there is a man that is smiling and wearing a tie
tooti_twitter_8d4dda64,there is a woman that is singing into a microphone in the dark
topher5_twitter_f1df05c0,there is a man in a white shirt posing for a picture
torid_twitter_9d86f47d,a close up of a smiling woman with a blue jacket
toriegehlmeyer_twitter_8301441d,there is a reflection of a woman in the side mirror of a motorcycle
torreyn_twitter_e7df9a1f,kermile the frog with glasses saying it ' s not easy being torrey
traced_twitter_328be1fb,there is a person holding up a mask in a store
tracidavis_twitter_cf672d04,there are three people that are posing for a picture with a horse
tranceh2_twitter_3dae425d,this is a close up of a young man with a tie on
tranericvu_twitter_4d9abf55,portrait of a man in a black shirt in the dark
trezzaalfonso_twitter_917d9feb,a black and white drawing of a man with a bird on his head
tristantiteux_twitter_24631579,black and white photo of a man standing in front of a stone wall
tronathan_twitter_ba11ea36,there is a man with a beard and a smile on his face
tselliott_twitter_a6c500b8,there is a woman that is sitting down with a tennis racket in her hand
tuesdaygirl_twitter_bd174bec,a cartoon of a woman sitting on top of a table holding a sign
tugak_twitter_f4b762c6,a poster with the names and numbers of different teams
turbidsoul_twitter_fdfcd5a2,there is a man that is wearing a bandana around his face
turieco_twitter_9ff697f1,green map pointer with airplane icon on white background
turnerburns_twitter_451e192f,there is a man with a beard standing in front of a stone wall
tuubagul_twitter_ac902216,there is a woman that is wearing a furry hat and scarf
tuyetanh_twitter_d1aaf2ac,there is a woman in a bikini holding a bunch of flowers
twool9_twitter_483dc28f,this is an image of a man in a black shirt
tylerkessler_twitter_da056af8,there is a man standing in front of a red brick wall
tyroneeaton_twitter_7e691ea9,there is a man in a suit and yellow tie posing for a picture
ube17_twitter_06b1e418,the logo for a game called deadmag is shown in this image
ubskur_twitter_25133884,a black and white silhouette of a man in a suit with a grenade on his head
ucedaman_twitter_8c3735b8,there is a young man with a star on his forehead
ucmusicdoc_twitter_7f3182e3,sounding the chord logo with a man playing saxophone
udomichelcuria_twitter_808f1bcb,mickey mouse icon on a red and white background
uhachefe_twitter_838b24a2,black and white photograph of a man taking a picture with a camera
uk01speed_twitter_dd6ca754,illustration of a man in a tuxedo with a bow tie
ullyses_twitter_b00540b6,there is a man sitting at a table with a plate of food
ulrichraab_twitter_d4e62bf4,there is a man in a suit and tie posing for a picture
umarquez_twitter_99cdc00d,there is a man wearing a hat and glasses taking a selfie
urmilesh_twitter_2f78e105,there is a man in a hoodie talking on a cell phone
usmanarif_twitter_64ca021c,there is a man that is sitting at a table with a laptop
usuyu_twitter_e44e3077,there is a toy figure that is on a rock in front of a building
utkuozturk_twitter_4ca2a0b4,multiple pictures of a man with a beard and sunglasses making a face
uvmann_twitter_15024e57,there is a young man wearing a red shirt and a black hat
vaduvaiulian_twitter_f00b3d32,there is a man that is standing in front of a wall
valentinaspoto_twitter_27cd61b9,there are many different colored eyeshadows and brushes on a white background
valentinthirion_twitter_28dbf126,there is a man that is taking a selfie with his cell phone
valiuh_twitter_a4ec3ab6,woman with long brown hair laughing at camera in crowded room
vanessajeny_twitter_263a2a85,there are many boats that are floating in the blue water
vanhci_twitter_6612157d,there is a picture of a woman with a butterfly on her head
varunpramanik_twitter_316e24a3,there is a man and a woman taking a selfie with a giraffe
vaseem_twitter_bf4ccac7,there is a man in a suit and tie posing for a picture
vegasbloggers_twitter_d682b714,vb vegas bloggers social media mavens
vehiclehistory_twitter_411972e7,a blue triangle logo with the letter v inside it
venicebeachstyl_twitter_e21ab02b,there is a woman riding a bike with a child on the back
venkatsrao_twitter_b046038e,there is a man that is sitting in front of a computer
verygoodservice_twitter_4b5b7bd6,the very good service logo
vicaso_twitter_4ffb9f31,a red and white logo with the letter b in the middle
vicdiaz_twitter_1ef7d7aa,there are two tacos sitting on a plate on a table
vicentenadal_twitter_b732b452,there is a man with glasses and a beard wearing a blue shirt
vickiayala_twitter_c5c506bb,there are two people that are posing for a picture in the sky
vickiewyman_twitter_fcfc0d57,there is a woman that is taking a selfie with her cell phone
victorhgtzr_twitter_b668a107,there is a man that is sitting down with his hand on his chin
victoriaborja_twitter_4b23b9f1,there is a woman that is sitting on a bench in front of some pillars
victoriafield_twitter_bf9f8044,there is a close up of a woman with long hair smiling
victormlgh_twitter_ea8aca98,there is a man and a woman laying on the ground under a tree
victorruben_twitter_d222348d,there are a lot of tall buildings on the side of the street
vigerpersinger_twitter_a0e4bdfc,a screenshot of a computer screen showing a menu for a computer
vikashkrgupta_twitter_4ad641e9,portrait of a man wearing glasses and a white shirt
villy_twitter_33fdaf21,there is a man in a suit and tie standing in front of a wall
vilterpanitz_twitter_da72191a,there is a man with a black shirt and a black tie
vincenza_twitter_4984a525,there is a man that is standing on a snowboard in the snow
vincenzopallotta_twitter_45a109d3,there is a man in a suit and tie posing for a picture
vinitmevada_twitter_7d37c73c,black and white photograph of a man in a suit sitting in a crowd
vinothnatarajan_twitter_3e0e0e9b,there is a man that is holding a giraffe in his hand
virajt_twitter_d74e1f60,there is a black and white photo of a man smiling for the camera
virandesilva_twitter_2060829d,there is a man that is holding a camera in his hand
virgilalonso_twitter_ccf2e09f,there is a man taking a picture of himself in the rear view mirror
visualem_twitter_e9b8af89,profile picture for visual em
vitamingc_twitter_6192afc5,there is a picture of a woman that is looking at her phone
vivekreddy_twitter_32a6427f,there is a man that is smiling for the camera
vivienchan_twitter_be64b911,there is a woman that is taking a selfie with her phone
vizcacha_twitter_7dcfa0a4,south park south park south park south park south park south park
vlasenko_twitter_35d903ac,there is a man that is wearing a hat that has flowers on it
volkovroman_twitter_c384bd3e,there is a young man with a shaggy hair standing in the street
vonoiral_twitter_eec6b68b,there is a man wearing glasses and a blue shirt and tie
voreshkov_twitter_09f11d71,there is a man in an orange shirt with a medal around his neck
voyta_twitter_f57b3450,there is a man standing next to a donkey in a field
wadolfo_twitter_03d809da,there is a man that is standing in front of a wall
wakelight_twitter_92f83399,there is a man and a woman standing in front of a building
wakingsaints_twitter_4487f6fb,there is a man squatting down in a room with graffiti on the walls
walterburton_twitter_8294bb6d,yin and apple logo with the letter k in the middle
wangtianweijtwd_twitter_2d305898,there is a black ink drawing of a bear sitting on a tree stump
warrenknight_twitter_7c6739f4,there is a man that is standing in front of a big screen
wautierent_twitter_57106352,smiling man holding a small child wearing a pirate hat and bandana
wcntransmedia_twitter_c7ac5c62,the wgn logo is shown in blue and white
webnelly_twitter_a81c6e1c,painting of a view of the ocean from a cliff overlooking the ocean
websenat_twitter_0c41abc3,this is a black and white photo of a man with a bald head
weirdeetz_twitter_fddae116,an image of a cartoon man with glasses and a mustache
wendimitchell_twitter_11c9fcc1,mitchell photography logo
wendymccullar_twitter_f4b87fd7,there is a woman sitting at a table with a plate of food
wendyrollins_twitter_e40dcb00,black and white photo of a man and a woman posing for a picture
wendytownley_twitter_012027b1,an image of a pixel art of a woman with a yellow shirt
wesgrubbs_twitter_5585977b,an image of a map of the different types of sewers
wesleybackhouse_twitter_272ac37e,there is a man that is laughing in the rain with his hand on his chin
wesleycruise_twitter_43c1fc38,there is a dog that is sitting in the grass with its tongue out
whfrank_twitter_9d06ac3d,there is a man smiling and wearing a red sweater and a white shirt
whoyer_twitter_6755e96c,there is a man that is holding a small device in his hand
wideawakeness_twitter_bca8d2f9,there is a picture of an eye with trees on it
wilberthleo_twitter_78fac8e3,there is a man that is sitting at a table with a plate of food
wildcatwearhouse_twitter_dc4d67e1,there is a blue brick wall with the words wildcats wearhouse written on it
wilkasg_twitter_5c979682,there is a woman that is holding a cell phone in her hand
willblackford_twitter_0cd09853,there is a man in a suit and tie smiling for a picture
williamdavieson_twitter_2087a25d,there is a man wearing sunglasses taking a selfie with his cell phone
windyjonas_twitter_c197ec75,there is a man with glasses and a tie posing for a picture
winniee_twitter_08a20a63,there is a woman in a black bikini posing for a picture
wirava_twitter_792ce1cf,an image of a computer with a graduation cap on top of it
wooddickinson_twitter_e923b7f6,there is a man with glasses and a beard smiling at the camera
woogybeef_twitter_17b2399b,black and white photograph of a man wearing sunglasses and a black shirt
wrightscs_twitter_905074ad,"profile picture for wrightscreativeserv, inc"
wrry_twitter_b272cfc6,there is a young man wearing glasses and a blue shirt
ww1way_twitter_b1114607,there is a man taking a selfie in front of a mirror
wwwgoherbeu_twitter_b2f92f88,three women in neon green bikinis posing for a picture
xavigaya_twitter_f2ece4fb,there is a man that is taking a selfie with his cell phone
xavilife_twitter_59448006,a fingerprint on a blue background with a spiral design
xianyangwong_twitter_e7b619a0,there is a man that is sitting in the back seat of a car
yackeroeni_twitter_aabe6f61,a black letter y on a gray background
yannispatras_twitter_ad579ce1,there is a pixel image of a man with a hat and a blue tie
yaolu_twitter_7296abee,a red background with a white logo and a red background
yasirnasir_twitter_c7d9354f,black and white photograph of a man looking out a window at the ocean
yatirido_twitter_3b6db0c0,there is a woman that is sitting on a bike talking on the phone
ybenami_twitter_8bfbb530,there is a man that is standing in front of a book
ycnex_twitter_9ff158ad,there is a man in a suit and tie standing in front of a crowd
yimozhang_twitter_23657583,there is a painting of a bridge that is going over the water
yitsushi_twitter_2f72871e,there is a man sitting at a table with a glass of wine
ynprojectsoundcreator_twitter_93ae1723,there is a woman holding a cell phone up to her ear
yogasonry_twitter_c2b541a9,black and white photograph of a man wearing sunglasses and a t - shirt
yogurinha_twitter_85747e47,there is a woman with white hair holding a fish in her hands
yopefonic_twitter_baa7e4ec,there is a man standing with his arms crossed in front of a building
yoshichika_twitter_845faecb,an image of a white guitar with a blue stripe on it
yosoysyt_twitter_549f160a,there is a little boy that is eating some food in a chair
youngowen_twitter_ce7501da,there is a man in a blue shirt and tie with his hands together
yoyodre_twitter_8e817df7,black and white photograph of a man with a beard looking off to the side
yudik_twitter_8e3f2d19,there is a black and white cat sitting on top of a man ' s head
yuliakatkova_twitter_8922f143,a painting of a girl with red glasses and a red hat
yusukeito_twitter_87eba658,there is a man that is putting something in a suitcase
yuyolarrazabal_twitter_d382c010,tweet thinkers in motion tweet thinkers in motion
zableckis_twitter_3a15f9bb,there is a man wearing a hat and sunglasses on a boat
zacharycrockett_twitter_e7f8d6d7,there is a young boy laying in the grass with his eyes closed
zackpund_twitter_b57106bc,there is a man that is smiling for the camera on the street
zafra30_twitter_32e57b62,the logo for the z30 app
zahagc_twitter_78ed2f39,there is a woman with long curly hair smiling at the camera
zaidilfirza_twitter_812c3b85,there is a young man wearing glasses and a blue scarf
zaneriley_twitter_b8e810a8,there is a man that is sitting in front of some bikes
zeluiscorreia_twitter_0f524fa8,there is a man that is smiling and wearing a black jacket
zenabowli_twitter_9c078a57,there is a man that is sitting on a bench in the woods
zennie62_twitter_97386b3d,this is an image of a man in a suit and tie
zenoskyline_twitter_5229e190,this is a black and white photo of a man wearing a tie
zepio_twitter_6ecff86e,there are many people that are posing for a picture together
zeravlar_twitter_efb35d9d,there is a man on a jet ski being pulled by a boat
zero27_twitter_a202a97d,a yellow and black sign with the number 27 on it
zgr213_twitter_35c423b4,an illustration of a white egg on a blue background
zhimera_twitter_e7ae4884,there is a man with a black shirt sitting in a baseball cage
zia505_twitter_8ee82f97,there is a cartoon of a man in a suit and tie
ziera_twitter_1eb26228,a black and white floral pattern with swirls and scrolls
zigah_twitter_d3c9e5f0,there is a small figurine of a boy with a black hair
zippyonline_twitter_e77ad2b2,there is a man riding a mountain bike on a rocky trail
zjonquil_twitter_dfca4508,a black and white drawing of a flower on a white background
zlatko_twitter_a3024647,there is a man sitting in the back of a car with a hat on
zoedphotography_twitter_2720dc29,there is a woman that is sitting in the back seat of a car
zoelaycock_twitter_bf617d8c,there is a cartoon image of a man with a green light saber
zouyuefen_twitter_d0c6c843,a close up of a stuffed animal sitting on a white surface
zwirwel_twitter_e3337274,there is a man sitting at a desk with a cell phone in his hand
