item_id,width,height,aspect_ratio,file_size_kb
aajain_twitter_0edeb0c9,400,400,1.0,33.32
aaronbavs_twitter_3b9f5946,400,400,1.0,26.27
abahgat_twitter_f1bec87b,400,400,1.0,33.08
abdisk_twitter_4ee88404,400,400,1.0,21.11
abdullawissam_twitter_d17b7cc4,400,400,1.0,19.53
abo1bs_twitter_7968cc9f,400,400,1.0,13.43
acanadianfoodie_twitter_543d0d94,400,400,1.0,20.02
acarrillo_twitter_b473fdbb,400,400,1.0,24.01
ackleysuicide_twitter_eded2b7b,400,400,1.0,32.25
actifirmskincare_twitter_5511e1bb,400,400,1.0,11.79
adambonham_twitter_8d6a11cf,400,400,1.0,30.13
adamcarlson_twitter_79550e24,400,400,1.0,21.78
adamchristianson_twitter_474807a7,400,400,1.0,29.9
adamthede_twitter_267c4d28,400,400,1.0,29.3
adamy_twitter_ab775900,400,400,1.0,23.97
adeanom_twitter_4a9ea9ca,400,400,1.0,16.18
adesyahlubis_twitter_48ee8726,335,335,1.0,11.84
adic_twitter_32d8689c,400,400,1.0,19.59
adilch_twitter_f4417316,400,400,1.0,45.26
adnansyed_twitter_7a684921,267,267,1.0,17.67
adrianalemus_twitter_7806cbbf,400,400,1.0,15.4
adrianatoriz_twitter_28da5437,400,400,1.0,26.53
adrianmanea_twitter_1b5f3781,400,400,1.0,46.69
adrianver_twitter_6e8363ea,400,400,1.0,31.2
adrienehughes_twitter_f062b830,400,400,1.0,20.29
adtyysf_twitter_cdccf90f,400,400,1.0,27.29
adventuresinc_twitter_d5d0ca36,400,400,1.0,23.21
aedaddy_twitter_ddaae308,400,400,1.0,32.89
af8ab_twitter_90df09e3,400,400,1.0,31.14
aferrandini_twitter_16b1d108,400,400,1.0,39.2
agawebdesign_twitter_41a9ba91,375,375,1.0,14.53
age_twitter_3fdbf86c,400,400,1.0,27.52
agustinamate_twitter_5397d21b,400,400,1.0,22.01
ahaportugal_twitter_3242ff12,400,400,1.0,24.81
ahh_twitter_67190685,400,400,1.0,33.3
ahmedhakim_twitter_198cd89d,400,400,1.0,23.47
aholub_twitter_a994bb00,400,400,1.0,25.5
ahoward_twitter_2401ec44,400,400,1.0,26.44
ahu_twitter_e0a9def8,400,400,1.0,7.92
aidandoyle_twitter_3e5c9966,400,400,1.0,27.16
aimeelane_twitter_bc247fb2,400,400,1.0,21.48
ajarn_twitter_089f6006,357,357,1.0,22.29
ajeyapaul_twitter_bf56335f,400,400,1.0,36.35
ajma_twitter_f09d2f7b,400,400,1.0,39.49
akronohiohomes_twitter_ef8ad1b4,400,400,1.0,24.61
al3_twitter_6adafb37,400,400,1.0,12.68
alainstephan_twitter_3e0bccc4,400,400,1.0,28.28
alancalvert_twitter_babb6e64,345,345,1.0,16.97
alandrew_twitter_c3502748,400,400,1.0,15.48
alannamiq_twitter_ddb3937d,400,400,1.0,26.3
alanndc_twitter_ff742cf0,400,400,1.0,18.03
alay_twitter_490e79e0,400,400,1.0,13.2
alberthathazi_twitter_45ec1397,400,400,1.0,24.96
albertocsaldamando_twitter_11820196,400,400,1.0,16.04
albertodowning_twitter_10688504,400,400,1.0,25.03
albertomarini_twitter_faeb8d67,400,400,1.0,14.46
albirabbit_twitter_ccfdc6c5,400,400,1.0,18.41
aldrintabay_twitter_7eaa4032,400,400,1.0,32.3
alefeldman_twitter_44ff9e5e,400,400,1.0,8.82
alejandroandher_twitter_dab32725,400,400,1.0,18.91
aleksanderdye_twitter_86be0d9d,400,400,1.0,31.75
alessandrasassi_twitter_1b1d18ec,400,400,1.0,22.14
alessandraturati_twitter_f8fb93f0,390,390,1.0,35.86
alessandrodilella_twitter_4ed353b7,400,400,1.0,20.67
aletrentin_twitter_0f46b893,400,400,1.0,22.78
alexanderposselt_twitter_77882ced,400,400,1.0,29.71
alexandrakozlova_twitter_5b31e644,400,400,1.0,18.47
alexandrunistor_twitter_1614d2ee,400,400,1.0,19.93
alexcowan_twitter_621acdd5,400,400,1.0,23.29
alexiakalfaian_twitter_d0ca43a9,400,400,1.0,29.07
alexreekie_twitter_c6889f8c,220,220,1.0,11.01
alexsablan_twitter_051ef681,400,400,1.0,29.84
alexstoica_twitter_bbc49f14,400,400,1.0,57.59
alexwisner_twitter_9afea3f7,400,400,1.0,47.55
alhasani_twitter_a96aba82,400,400,1.0,20.93
alice7vong_twitter_fd339204,400,400,1.0,21.9
alisamhughley_twitter_5c9f92b4,400,400,1.0,29.65
alisejohnson_twitter_0fe5ec95,400,400,1.0,22.54
alisonlehr_twitter_d49071c3,400,400,1.0,33.9
alixia88_twitter_11a800ac,400,400,1.0,22.7
alleliaspili_twitter_28cfc566,240,240,1.0,9.96
allenward_twitter_5ccee06d,400,400,1.0,33.84
alliebeau_twitter_2804d35f,400,400,1.0,27.27
allurazama_twitter_73d7185e,400,400,1.0,29.68
almowhed_twitter_c45a2e68,400,400,1.0,21.62
alneil_twitter_ba9cc75c,400,400,1.0,25.03
alopezxiv_twitter_0c6a1ab6,400,400,1.0,28.8
alqassimnakheel_twitter_9306e3f2,400,400,1.0,16.01
alsadekeen_twitter_2e160f1e,400,400,1.0,18.37
alvaroangulo_twitter_5f5bdab1,400,400,1.0,24.35
alvarodequeiroz_twitter_1e24ade1,400,400,1.0,36.29
alvaropascual84_twitter_704f65d7,400,400,1.0,24.52
alvarovalladares_twitter_ad13c2d6,162,162,1.0,6.7
alvinkclee_twitter_7f53fb5b,400,400,1.0,13.83
alyssawelch_twitter_6301db92,400,400,1.0,30.7
amaliorodriguez_twitter_a86e801a,336,336,1.0,27.55
amandablain_twitter_7ee6d79c,400,400,1.0,28.59
amandaloy_twitter_fad7c2e7,400,400,1.0,36.45
amandamcunningham_twitter_ba83152d,400,400,1.0,42.17
amandavo_twitter_ec7b1e46,400,400,1.0,31.28
amateurx_twitter_19b7c0ee,400,400,1.0,29.11
ambassadorbruny_twitter_4fb128d7,400,400,1.0,19.74
amberdavis_twitter_e64d2db4,319,319,1.0,18.32
amberhewitt_twitter_bd83478e,400,400,1.0,9.51
amerzdralovic_twitter_5b6d9083,400,400,1.0,42.62
amirabet_twitter_21c8f27b,400,400,1.0,13.36
amrinlong_twitter_5927d443,400,400,1.0,17.81
amyhadiastuti_twitter_a988038c,400,400,1.0,37.71
amyripplinger_twitter_34ea0c5b,400,400,1.0,11.1
amyrogers_twitter_5fb8cab2,400,400,1.0,31.1
amyturman_twitter_b6f8a71d,400,400,1.0,27.14
anamagal_twitter_83a2d531,400,400,1.0,27.22
anaparejayepes_twitter_e7233c23,400,400,1.0,33.45
anass_twitter_443f2560,400,400,1.0,23.92
anastasioskikidis_twitter_994028cd,400,400,1.0,24.87
anbi_twitter_4dc92c81,256,256,1.0,25.74
andira47_twitter_3b957b31,400,400,1.0,35.91
andolicious_twitter_2cb3ee08,334,334,1.0,25.33
andreaarden_twitter_62ad21f3,400,400,1.0,39.05
andreacastelli_twitter_8b1fae71,378,378,1.0,37.29
andreameneghini_twitter_d28c0c3d,400,400,1.0,49.28
andrearusky_twitter_2cba2bd8,400,400,1.0,24.78
andreashumala_twitter_8ef69dcc,400,400,1.0,33.41
andrescm_twitter_c67ee422,400,400,1.0,27.07
andrewjamesmorgan_twitter_bd6122d7,400,400,1.0,23.01
andrewnawoichik_twitter_e49c9e27,400,400,1.0,32.6
andrewweiser_twitter_6470d79c,400,400,1.0,25.2
andrewwilkins_twitter_4c1f905a,400,400,1.0,30.19
andrewyee_twitter_a7bdc128,353,353,1.0,49.21
andriatriv_twitter_7f378cf5,400,400,1.0,28.51
andyciordia_twitter_3617a74b,400,400,1.0,24.73
andywhyte_twitter_d6cdf502,400,400,1.0,14.9
anesanmiguel_twitter_0a5dc9b0,400,400,1.0,10.53
angelaball_twitter_2343e6f0,400,400,1.0,26.93
angelfrancia_twitter_8342048e,400,400,1.0,13.35
angelikalattner_twitter_513bb274,400,400,1.0,25.98
angelinamontanez_twitter_2611476e,400,400,1.0,35.48
anibaldelatorre_twitter_76c8fc64,400,400,1.0,42.23
anibalgoransky_twitter_0560b223,400,400,1.0,42.29
anitakilkenny_twitter_bbd94623,400,400,1.0,26.57
annamioni_twitter_23ea065e,400,400,1.0,18.79
annapfeiffer_twitter_651a1b12,400,400,1.0,31.66
annelaurejoliot_twitter_c46fc629,400,400,1.0,28.03
anoli_twitter_26ee2dff,373,373,1.0,8.35
anthonymaw_twitter_55d7788d,400,400,1.0,24.31
anthonystevven_twitter_a6515aab,400,400,1.0,25.07
anthonyvelazquez_twitter_0fcec8cc,400,400,1.0,27.5
antoninremond_twitter_c677a862,400,400,1.0,22.54
antoniodomingo_twitter_f5145330,400,400,1.0,12.21
antoniognassi_twitter_d8c8b3e8,400,400,1.0,49.58
antoniojcuevas_twitter_fbf299f8,400,400,1.0,24.67
antoniorodilla_twitter_4cca6b13,400,400,1.0,31.32
apedroza_twitter_315599f4,194,194,1.0,11.65
apetersen_twitter_166fc65e,364,364,1.0,25.88
apolorestaurante_twitter_7d136512,400,400,1.0,16.71
appleheadink_twitter_30b73000,400,400,1.0,12.79
aquatellus_twitter_b8bb9b18,400,400,1.0,17.03
aquilafare_twitter_19d7ef97,362,362,1.0,24.26
arahmahs_twitter_73151902,400,400,1.0,31.88
arcreyes_twitter_5e94c3f7,400,400,1.0,41.51
ariantifebi_twitter_658c510a,400,400,1.0,26.88
ariefbudisantoso_twitter_4fbfff42,400,400,1.0,17.29
ariefsatria_twitter_29378310,400,400,1.0,19.06
arlindopereira_twitter_8b57fc89,400,400,1.0,27.19
arnauoman_twitter_70d2510e,400,400,1.0,18.23
arnedevos_twitter_9a27b590,400,400,1.0,48.18
arqjlsm_twitter_bd7f351d,400,400,1.0,38.3
artesvisuales_twitter_3fe7bf3d,400,400,1.0,20.0
arthas_twitter_c3624ba6,400,400,1.0,38.97
artiedavis_twitter_248b89d2,400,400,1.0,17.86
arturogarrido_twitter_54cfa648,237,237,1.0,15.81
artwarriors_twitter_903b14a3,400,400,1.0,34.25
asamur_twitter_d931c2d9,400,400,1.0,31.57
asandre_twitter_7437f9e3,400,400,1.0,24.77
asbjornu_twitter_92180c6c,400,400,1.0,17.23
aschauerte_twitter_15bdf750,400,400,1.0,12.33
aseroff_twitter_e4e8e18a,240,240,1.0,10.41
asesino_twitter_7d420c17,400,400,1.0,43.11
ashisheth_twitter_fae33871,400,400,1.0,26.1
ashokkamal_twitter_fb798db2,400,400,1.0,13.91
ashreginaldevasco_twitter_c86140a5,400,400,1.0,17.79
asiace_twitter_470cebeb,400,400,1.0,17.43
asiergapa_twitter_618d65cd,400,400,1.0,31.7
assimtulba_twitter_416b16e1,400,400,1.0,30.26
astav_twitter_cac509bf,400,400,1.0,25.0
atahualpa_twitter_692b9bf5,400,400,1.0,40.17
atsoukalidis_twitter_8033150b,400,400,1.0,18.27
attila_twitter_b3280f04,400,400,1.0,28.8
audiohard_twitter_e20ce305,300,300,1.0,17.42
auliazahra_twitter_f0ad7f2d,307,307,1.0,16.03
austinhk_twitter_eac554d9,400,400,1.0,16.4
austrazubkovs_twitter_8c3c0dff,400,400,1.0,23.6
authenticseacoast_twitter_72552d39,400,400,1.0,25.0
avaarka_twitter_74d22c1e,400,400,1.0,23.31
avalon1982_twitter_6ca5decb,400,400,1.0,42.57
avatartravel_twitter_4056a625,400,400,1.0,35.0
avdrockr_twitter_a1eef6ad,400,400,1.0,23.59
avinashconda_twitter_d8ee2933,400,400,1.0,24.77
awkingkhan_twitter_ecb3d6a2,400,400,1.0,28.06
axknightroad_twitter_bf7b9815,400,400,1.0,10.45
axmai_twitter_6d0a036d,400,400,1.0,36.38
aymanrahouhi_twitter_58865cea,400,400,1.0,29.05
azzamalasfoor_twitter_82d36a19,400,400,1.0,24.26
bagusanugrah_twitter_6460cb1b,400,400,1.0,44.41
balexandre_twitter_ee35d228,400,400,1.0,19.21
balkurdi_twitter_a6a30be7,400,400,1.0,37.32
bandadanieis_twitter_9782f73a,400,400,1.0,13.25
banikaaron_twitter_1494f86e,400,400,1.0,27.66
bans_twitter_a3a192fc,224,224,1.0,12.12
barbaraparolini_twitter_e9f73914,400,400,1.0,27.91
barhatov_twitter_9cff258a,400,400,1.0,48.86
barneyallen_twitter_b15aa93c,400,400,1.0,15.49
barrett_twitter_2e240d4f,400,400,1.0,26.8
basarpatir_twitter_eafe4259,400,400,1.0,26.85
basemsal7_twitter_c63c4120,400,400,1.0,13.08
bassplayer83_twitter_08918665,400,400,1.0,26.27
bboylaba_twitter_2c769dc6,400,400,1.0,19.89
bdbrooker_twitter_ea880264,400,400,1.0,24.27
beapaxson_twitter_3831f31b,400,400,1.0,21.4
bearenok_twitter_62f57b55,400,400,1.0,25.88
beaumont_twitter_04555692,400,400,1.0,43.42
beauraines_twitter_f6b213d0,400,400,1.0,29.52
beautyluxury_twitter_4c712fa7,400,400,1.0,24.47
beerluver_twitter_3f6f2404,400,400,1.0,34.73
beichstaedt_twitter_6fd741b9,400,400,1.0,20.87
benfinch_twitter_f04e8c14,400,400,1.0,14.53
benitoroig_twitter_74872ce6,400,400,1.0,18.74
benjacobsen_twitter_2135f63a,400,400,1.0,35.39
benjamincole_twitter_5a3f07c7,375,375,1.0,17.56
benjaminyeurch_twitter_7b7d9301,250,250,1.0,17.8
benjsellers_twitter_fdf197b0,400,400,1.0,20.3
benkalsky_twitter_788d88b1,400,400,1.0,10.37
benlinders_twitter_28603ec5,400,400,1.0,30.31
benlizzotte_twitter_6dadff48,400,400,1.0,41.25
benlyh_twitter_3a594911,400,400,1.0,18.82
benoitdeclercq_twitter_ecdd46a2,400,400,1.0,17.99
bensonhendrix_twitter_6b42562f,400,400,1.0,34.01
berillium04_twitter_190c88d3,400,400,1.0,45.42
bertboerland_twitter_286b548b,400,400,1.0,20.57
bertdickerson_twitter_a9898ae9,400,400,1.0,27.65
bestnatesmithever_twitter_1d7d5960,400,400,1.0,28.04
betooliveira_twitter_d55ef943,400,400,1.0,16.09
betsyweber_twitter_d3dff905,400,400,1.0,25.64
bexlondontown_twitter_8636b455,400,400,1.0,37.03
beyoubrazil_twitter_ad1f0e62,400,400,1.0,18.09
bggarden_twitter_326f09eb,400,400,1.0,36.53
bidabooking_twitter_aa7567a0,400,400,1.0,22.78
billelsey_twitter_5814f951,400,400,1.0,23.88
billiambabble_twitter_8609b003,400,400,1.0,29.26
billlee_twitter_4ee8ac5b,400,400,1.0,28.79
billlublin_twitter_a70b31fc,400,400,1.0,31.12
billrousseau_twitter_f4b2878c,400,400,1.0,32.63
bioanarchism_twitter_206372ec,400,400,1.0,23.05
biverson_twitter_9a2b8909,400,400,1.0,36.03
blackxxxxxx_twitter_bfea4806,400,400,1.0,33.98
blairmosberg_twitter_e923d80e,400,400,1.0,27.09
bluebrain_twitter_f9c3f5f9,400,400,1.0,22.81
blueturtlefl_twitter_cb89dfc4,400,400,1.0,33.92
bobbibooker_twitter_5f0eae8b,400,400,1.0,11.52
bobbytravis_twitter_e46762b4,400,400,1.0,25.2
boffism_twitter_04350d57,400,400,1.0,25.34
bogohack_twitter_3a586a51,400,400,1.0,3.05
bolomik_twitter_7979e5a2,400,400,1.0,55.64
bookkeepergirl_twitter_eb8758c5,400,400,1.0,20.61
boostventilator_twitter_6259827c,400,400,1.0,22.82
booyabobby_twitter_c663c010,400,400,1.0,24.36
born2addiction_twitter_c70b245c,400,400,1.0,20.5
bornmannevan_twitter_2bbf660c,400,400,1.0,31.79
bpuga_twitter_cfe3902d,400,400,1.0,37.13
bradharvey_twitter_e5dafa7b,400,400,1.0,27.86
bradkoehn_twitter_2373c737,400,400,1.0,25.05
bradrussell_twitter_4337d051,400,400,1.0,13.41
bradwolff_twitter_d1a8ce9c,400,400,1.0,34.81
brandie_twitter_9ae27e65,400,400,1.0,26.68
brankko_twitter_ba0ef529,400,400,1.0,28.56
brefe_twitter_5ce60967,400,400,1.0,41.44
brendanberg_twitter_b0b8fe11,400,400,1.0,26.82
brendanoconnell_twitter_d3bdf78a,400,400,1.0,24.49
brettginsberg_twitter_3fd47014,400,400,1.0,38.07
brianayers_twitter_301efb45,400,400,1.0,27.7
briancsmith_twitter_fd243f2b,400,400,1.0,24.5
brianfarnham_twitter_b20a5ae1,400,400,1.0,25.36
brianfit_twitter_78e690a9,400,400,1.0,21.91
briankemm_twitter_4cafb878,400,400,1.0,19.36
briankurzweil_twitter_6dcee1ca,400,400,1.0,37.9
brianlucas_twitter_0029a561,400,400,1.0,16.43
brianmonroe_twitter_0d870819,244,244,1.0,12.3
briannagami_twitter_d995674e,400,400,1.0,28.0
brianskellie_twitter_b47e71c9,400,400,1.0,19.52
briantiede_twitter_f4eb1a91,400,400,1.0,34.8
brianwang_twitter_f80fb669,400,400,1.0,28.68
brittanyberger_twitter_fafd1913,400,400,1.0,30.31
brownsdon_twitter_6fe53f96,400,400,1.0,28.21
brucewise_twitter_2f553b6a,400,400,1.0,21.81
brunno_twitter_9b6a9245,347,347,1.0,16.91
brunoconte_twitter_a89c7d01,400,400,1.0,23.97
brunolaurosantos_twitter_8a716ca6,150,150,1.0,4.71
bryanmcanally_twitter_d3dddb06,400,400,1.0,17.35
bryanrapoza_twitter_be255d3b,400,400,1.0,46.26
bryans_twitter_7709146d,400,400,1.0,24.6
bryantcabrera_twitter_0f3137aa,400,400,1.0,23.22
bryanwelsh_twitter_57834f40,400,400,1.0,21.64
bscheckel_twitter_5f510043,400,400,1.0,36.6
btihin_twitter_883c4751,400,400,1.0,19.86
burovayulia_twitter_ef120fad,180,180,1.0,8.55
caelanhuntress_twitter_65f721c6,400,400,1.0,3.11
caitlingarzi_twitter_5c8de85e,400,400,1.0,34.19
caitlynbates_twitter_f479a375,400,400,1.0,46.88
calculatedstepz_twitter_e1211123,400,400,1.0,19.6
calebkinchlow_twitter_76d51bbc,400,400,1.0,23.53
calfn_twitter_615be962,180,180,1.0,13.01
calistoga_twitter_780e5c7e,400,400,1.0,54.75
calitoe_twitter_d9d9c8fd,400,400,1.0,20.85
calvia_twitter_ae151315,400,400,1.0,32.36
camillek_twitter_141eee87,357,357,1.0,36.76
camillerodriquez_twitter_49cf2eee,400,400,1.0,29.13
camillevanneer_twitter_8092d25c,400,400,1.0,10.21
camiloathem_twitter_7abaf108,400,400,1.0,29.37
campervan_twitter_0e961c09,400,400,1.0,38.5
cancunstudios_twitter_854fa98d,400,400,1.0,15.1
capitu_twitter_12d37449,400,400,1.0,33.13
caravanacreativa_twitter_51f26755,400,400,1.0,29.52
carlarozman_twitter_2a5e352b,400,400,1.0,6.51
carlayashiro_twitter_bb547c88,400,400,1.0,22.42
carlescabrer_twitter_2eea5647,400,400,1.0,19.22
carlospl_twitter_ea765a41,400,400,1.0,25.59
carlycasper_twitter_1a14e789,400,400,1.0,20.06
carlydamico_twitter_c4192cee,400,400,1.0,34.88
carmenmg5_twitter_2c305a72,400,400,1.0,32.62
carolyncummins_twitter_6955b25f,400,400,1.0,19.22
carovillalva_twitter_2801aeea,400,400,1.0,42.54
carriebisme_twitter_429cd920,400,400,1.0,38.0
carsonbelinda_twitter_84227a7e,400,400,1.0,35.93
carstenlange_twitter_856412cb,400,400,1.0,23.95
carstenpaetz_twitter_fa72e20c,400,400,1.0,21.52
castellani_twitter_7685121c,400,400,1.0,30.33
castlecruz_twitter_4e35cd74,400,400,1.0,38.59
catarinavarao_twitter_52dd9490,400,400,1.0,27.19
catchtorolav_twitter_8b9bd823,400,400,1.0,22.54
catinamurillo_twitter_a5bee91f,400,400,1.0,25.91
catturner_twitter_6111ca3b,400,400,1.0,38.22
cavdan_twitter_ff812e57,400,400,1.0,20.32
cblack_twitter_ab567e36,400,400,1.0,19.91
cecilialiao_twitter_8114c50f,400,400,1.0,23.0
cecilyarambula_twitter_6d59bf95,400,400,1.0,23.66
celebquote_twitter_d7d850f3,400,400,1.0,8.44
celebrone_twitter_653b77af,400,400,1.0,19.54
celiooliveira_twitter_2b50466d,281,281,1.0,24.08
cemtozar_twitter_5a8c30a1,400,400,1.0,22.75
chadnewman_twitter_2bb9c94c,400,400,1.0,25.98
chammccutchen_twitter_bdc83149,400,400,1.0,36.9
charlablue_twitter_af8d2706,400,400,1.0,34.09
charlielujan_twitter_e3d71bfe,400,400,1.0,19.28
charliemac_twitter_6eb445af,400,400,1.0,34.57
charyshed_twitter_04a093f2,400,400,1.0,31.78
cheeseberger_twitter_34af91d4,400,400,1.0,31.39
chekostyle_twitter_8a3ddbf1,400,400,1.0,41.1
chelseastark_twitter_7ed870e1,400,400,1.0,35.23
chertanchico_twitter_5096f5c5,400,400,1.0,25.25
chiarapis_twitter_1cb5831f,400,400,1.0,58.42
chitraagrawal_twitter_24d02a87,400,400,1.0,19.58
chonilla_twitter_d46bd2f9,240,240,1.0,10.18
chrisastall_twitter_eaa83c0b,400,400,1.0,26.44
chrischass_twitter_f47d1a66,400,400,1.0,22.92
chrisdate_twitter_391a1303,353,353,1.0,27.86
chrisdscottphoto_twitter_aad91686,400,400,1.0,17.6
chrisgiddens_twitter_7c83a65e,377,377,1.0,21.22
chrishartley_twitter_d9e20805,400,400,1.0,46.55
chrislittler_twitter_99e41bae,400,400,1.0,25.41
chrismontoya_twitter_90b253a4,400,400,1.0,19.88
chrisparkin_twitter_985edc2b,400,400,1.0,26.6
chrispenny_twitter_2fae5cd4,400,400,1.0,26.85
christiancalvino_twitter_bb6b0e90,400,400,1.0,35.62
christiankoestlin_twitter_a31e1fdc,400,400,1.0,15.79
christianperez_twitter_2299dbb0,400,400,1.0,25.01
christiepingvin_twitter_2ef3aeae,400,400,1.0,16.62
christinalauren_twitter_dca05357,400,400,1.0,43.09
christinehauer_twitter_673671a3,400,400,1.0,49.97
christinema_twitter_e6ee255a,400,400,1.0,24.08
christophelaurent_twitter_b8e10d8b,400,400,1.0,31.05
christopherbornstein_twitter_f6263ad1,400,400,1.0,20.83
christopherdavidkaufman_twitter_0f38535d,317,317,1.0,18.32
christopherhyde_twitter_97ce18ac,400,400,1.0,39.77
christopherichert_twitter_3527d14e,400,400,1.0,31.29
christopherspiewak_twitter_f754e7ef,400,400,1.0,15.59
chriswright_twitter_48f04754,240,240,1.0,11.16
chrisyoungdesign_twitter_2e8e1a45,306,306,1.0,21.99
chromjuwelen_twitter_44aace3c,400,400,1.0,10.27
cimet_twitter_d6861d2a,240,240,1.0,9.82
cintiamcr_twitter_05632c7c,400,400,1.0,21.03
cjeam_twitter_4fcdd4ff,400,400,1.0,25.01
ckassociati_twitter_cfea6260,400,400,1.0,17.24
claireisabel_twitter_00ed0ba9,400,400,1.0,34.92
clairewickenden_twitter_de78478c,400,400,1.0,40.34
claudiogiulio_twitter_81f48d78,400,400,1.0,19.88
claudiogonzalo_twitter_f3fc1513,400,400,1.0,17.4
clayton21_twitter_19bfbdc8,400,400,1.0,19.84
clintmccollum_twitter_ea226b12,400,400,1.0,25.78
cnicely_twitter_d947add4,400,400,1.0,26.22
coachnicole_twitter_45569184,400,400,1.0,16.19
coastermedia_twitter_fc01adea,400,400,1.0,29.22
codyo_twitter_af540ffe,400,400,1.0,41.36
colinmaddox_twitter_bac44134,400,400,1.0,20.84
colinmilligan_twitter_98b5da65,254,254,1.0,18.59
colinolford_twitter_dbc11135,300,300,1.0,24.61
colleenburns_twitter_64c360cc,400,400,1.0,21.37
condottasuite_twitter_20305e8c,400,400,1.0,35.95
conorgilmer_twitter_a284faa0,400,400,1.0,18.55
conradomacalossi_twitter_3f8d1cb0,375,375,1.0,22.56
constanceruppender_twitter_a330ea1b,400,400,1.0,21.81
consuelogandia_twitter_e80fad7f,400,400,1.0,13.5
coreyjo_twitter_15edcb16,400,400,1.0,10.76
corgimas_twitter_dc6ee838,400,400,1.0,33.83
corporatephotographer_twitter_e1f7bcef,400,400,1.0,28.22
countup_twitter_061dff35,400,400,1.0,15.06
cousindirk_twitter_f854ebf0,400,400,1.0,13.47
craigansell_twitter_80828ec5,400,400,1.0,32.31
craigdeakin_twitter_a9f984ec,400,400,1.0,22.64
cranesitearo_twitter_5e50cfd4,400,400,1.0,23.59
cris33_twitter_a30384ae,400,400,1.0,24.44
cristianmarimon_twitter_16bf4380,400,400,1.0,22.0
cristianovalim_twitter_26819ccb,400,400,1.0,37.19
cristinac_twitter_1d2519b8,400,400,1.0,17.59
cristinadirnea_twitter_ab35335a,400,400,1.0,34.97
croome_twitter_08dfdb29,400,400,1.0,25.96
crossleykim_twitter_bb6d297f,400,400,1.0,31.84
crowdini_twitter_285c305f,400,400,1.0,24.61
cskonsol_twitter_cc840591,400,400,1.0,32.32
csrollyson_twitter_12c8b63d,400,400,1.0,21.63
currobarrena_twitter_5b486596,400,400,1.0,40.3
curtiscavanaugh_twitter_16042cb7,400,400,1.0,38.93
curtisguise_twitter_bcc48f02,400,400,1.0,22.1
customfitonline_twitter_1717b755,400,400,1.0,53.38
cyclofiend_twitter_cc720166,400,400,1.0,32.19
cyko_twitter_d5f5c749,225,225,1.0,7.78
cynthiakseymour_twitter_a5bef8d5,400,400,1.0,20.74
daeglo_twitter_21cd683f,400,400,1.0,13.75
daeshinkim_twitter_05a93018,400,400,1.0,22.29
daimanuel_twitter_d369544c,400,400,1.0,20.5
dalereynolds_twitter_583a22fc,400,400,1.0,30.58
dallasfoodie_twitter_6cd58621,315,315,1.0,18.81
damianopovoleri_twitter_63ed9f56,400,400,1.0,34.2
danacosta_twitter_c80f1786,400,400,1.0,27.06
danajones_twitter_c8e78cf5,400,400,1.0,24.09
danbeazley_twitter_8bd3cb42,258,258,1.0,14.85
danbrown_twitter_5e560c3d,400,400,1.0,27.26
dancondon_twitter_3fb350f7,400,400,1.0,27.54
dandydanno_twitter_ef12be32,400,400,1.0,43.01
danehartwell_twitter_55c96988,400,400,1.0,50.36
danielabutcu_twitter_7d4b625d,400,400,1.0,47.66
danielcaceres_twitter_9af3b8da,400,400,1.0,24.09
danielebazzano_twitter_19b02179,400,400,1.0,27.57
danieledler_twitter_41d3d564,400,400,1.0,42.19
danielemoggia_twitter_87fe0fcc,225,225,1.0,13.36
daniellekogan_twitter_3137e165,400,400,1.0,17.21
danielmoreno_twitter_0eb29f76,400,400,1.0,26.87
danielrdossantos_twitter_1e6d964f,400,400,1.0,19.33
danielscott_twitter_7b207443,400,400,1.0,22.24
danieltaylor_twitter_a7eb9594,400,400,1.0,32.57
daniiloros_twitter_1b7fc941,400,400,1.0,26.32
danilojrr_twitter_3393482a,400,400,1.0,21.04
dannybooty_twitter_7807c270,400,400,1.0,25.58
dannyj_twitter_fa0ffae7,240,240,1.0,11.45
dannyngan_twitter_47a10694,400,400,1.0,26.97
danpancamo_twitter_33361335,400,400,1.0,19.88
danweese_twitter_b5c73ac6,400,400,1.0,35.57
danzenbinos_twitter_b356a406,400,400,1.0,25.78
daphnecheung_twitter_066f0253,400,400,1.0,11.46
daphnemaia_twitter_7a44e1c8,400,400,1.0,18.38
dargadgetz_twitter_cbf72175,400,400,1.0,17.98
dari0_twitter_ea3c410f,400,400,1.0,27.83
darleenepowells_twitter_174e051d,400,400,1.0,18.29
darraghdoyle_twitter_e307fd7a,400,400,1.0,41.78
darrenlawson_twitter_ac20bd72,222,222,1.0,1.38
darrent_twitter_68c4e428,400,400,1.0,10.6
darrenwoolley_twitter_f6bb37d4,400,400,1.0,20.23
darrylpropp_twitter_0168deaf,400,400,1.0,33.72
darrymorales_twitter_7904179d,400,400,1.0,36.75
dashable_twitter_d63199fa,400,400,1.0,48.63
daveballesteros_twitter_9911bb49,400,400,1.0,26.34
davecornthwaite_twitter_669fd37e,400,400,1.0,20.53
davefernandez_twitter_965d60af,240,240,1.0,14.9
davefrost_twitter_4857b9aa,400,400,1.0,42.9
davegoodman_twitter_f5edb1d1,400,400,1.0,46.71
daveknight_twitter_08e16d31,400,400,1.0,20.81
davekyte_twitter_8e739e78,400,400,1.0,33.99
davidadams_twitter_f5739526,400,400,1.0,22.53
davidbird_twitter_6d8b869c,400,400,1.0,19.95
davidcardona_twitter_e87a87f5,400,400,1.0,28.14
davidcorpuz_twitter_31ba3e62,400,400,1.0,45.68
davideesposto_twitter_155bc801,400,400,1.0,24.49
davidegrassi_twitter_16ea7565,400,400,1.0,22.79
davidessex_twitter_08e9d009,400,400,1.0,31.05
davidfernando_twitter_35df02d1,256,256,1.0,18.14
davidhartlcz_twitter_971ffbaf,400,400,1.0,28.98
davidhousholder_twitter_ec9529cf,400,400,1.0,14.7
davidleebiz_twitter_bb80b4af,319,319,1.0,16.97
davidlewismd_twitter_078ef74d,400,400,1.0,22.28
davidmerinas_twitter_44e6f2c3,400,400,1.0,29.73
davidmichaelwynne_twitter_1e919770,400,400,1.0,11.28
davidparmet_twitter_c1b1ea41,400,400,1.0,27.73
davidramirezordonez_twitter_960792e0,240,240,1.0,10.75
davidredelberger_twitter_85f266d5,400,400,1.0,29.99
davidsmcnamara_twitter_50df5f9a,400,400,1.0,25.28
davidvidorreta_twitter_fdd2fc66,400,400,1.0,20.77
davidweaver_twitter_c4e8662d,400,400,1.0,29.38
davispaul_twitter_06b1e068,400,400,1.0,31.71
dawnnewton_twitter_689f2268,400,400,1.0,12.0
daynah_twitter_4ebf57dd,400,400,1.0,35.66
dayveeka_twitter_f1fd7dd7,400,400,1.0,20.91
dazeofadventure_twitter_a026ece0,400,400,1.0,32.46
dbhaffey_twitter_2b48ac41,333,333,1.0,17.17
dciandy_twitter_5eeffa89,400,400,1.0,23.46
deabaria_twitter_ca5f4029,400,400,1.0,33.47
deanmarsden_twitter_2282393e,256,256,1.0,9.92
deanwormell_twitter_d8a5addc,400,400,1.0,33.64
deaydre_twitter_ad8d4d92,400,400,1.0,32.63
debbiegioquindo_twitter_c441f559,400,400,1.0,32.22
deborahpagliuca_twitter_e09335ef,400,400,1.0,23.2
dedicatedshep_twitter_8ab189e1,400,400,1.0,15.77
deepeshmd_twitter_640a6027,399,399,1.0,21.55
deflemonkid_twitter_0e653e8f,400,400,1.0,40.6
defyrecordings_twitter_48fe0fd6,400,400,1.0,14.08
delcoursolutions_twitter_aff8b44a,400,400,1.0,14.89
delgeronimo_twitter_4764d08d,400,400,1.0,17.37
denikasep_twitter_01c54f23,300,300,1.0,31.92
denisdoeland_twitter_78fe7afa,400,400,1.0,26.25
denisdubois_twitter_eebb382f,384,384,1.0,29.49
dennissmith_twitter_38d5aeeb,400,400,1.0,16.64
derekameyer_twitter_333d03ff,400,400,1.0,17.73
derekfromson_twitter_d09c64c2,400,400,1.0,21.57
derekmcclain_twitter_f0330ee8,400,400,1.0,14.79
derekrstewart_twitter_42ae9ed0,400,400,1.0,23.38
designergna_twitter_3e37fa1f,400,400,1.0,21.68
det_twitter_146cc4e8,400,400,1.0,20.29
developer71facebookgarygilstrap_twitter_734f35dc,400,400,1.0,10.78
developit_twitter_101a5bec,400,400,1.0,18.3
dewitopia_twitter_35e0a569,400,400,1.0,22.6
deya_twitter_e8aefea4,400,400,1.0,26.23
deydos_twitter_1dd3fcf0,400,400,1.0,10.64
dezelquillen_twitter_2692dfd8,400,400,1.0,30.42
dezydelima_twitter_5a390cc6,400,400,1.0,32.85
dheras_twitter_41bab982,400,400,1.0,20.94
dianaantholis_twitter_c160d10e,400,400,1.0,27.05
dianemueller_twitter_38e29cb7,400,400,1.0,17.87
diavianjacob_twitter_14603c8d,400,400,1.0,15.1
dibusydeabus_twitter_be9606fc,400,400,1.0,28.52
diegofunaro_twitter_78e8c37c,400,400,1.0,29.12
diegomanule_twitter_581873e7,400,400,1.0,19.94
dieterpeeters_twitter_1b4053d2,400,400,1.0,26.41
dimyume_twitter_ee158cea,400,400,1.0,4.47
divaka_twitter_efa86dab,400,400,1.0,18.87
divanotrite_twitter_b4bba3f1,400,400,1.0,39.01
djduncan_twitter_80542429,400,400,1.0,21.26
djemiliot_twitter_721ba2df,400,400,1.0,23.33
djquietstorm_twitter_ca5bb7de,400,400,1.0,16.54
djthedoctor_twitter_acf0bd78,400,400,1.0,35.44
dkakaiya_twitter_5abbc578,400,400,1.0,26.48
dlosuna_twitter_a4bbb25c,400,400,1.0,39.83
dmjoaoigor_twitter_5255b0cf,400,400,1.0,16.18
dnay_twitter_b7855b18,400,400,1.0,13.17
doanttran_twitter_b4c51a82,400,400,1.0,17.72
docouto_twitter_05278e0f,400,400,1.0,41.54
doctorparadox_twitter_307d3001,240,240,1.0,10.95
dolmisani_twitter_6fd452b3,400,400,1.0,27.88
dolphinsmind_twitter_29ffa7f7,400,400,1.0,25.77
dominicfuchs_twitter_3dd46828,400,400,1.0,17.52
dominiquedesrosiers_twitter_491b580b,333,333,1.0,15.68
domusauditoirum_twitter_0da830f7,48,48,1.0,1.63
domynatrix_twitter_39f16bb2,400,400,1.0,35.76
donanela_twitter_53570524,400,400,1.0,16.95
donatellotrisolino_twitter_228b2167,400,400,1.0,16.14
donkomo_twitter_ab97d4e6,236,236,1.0,14.35
donmik_twitter_57ef4d09,400,400,1.0,36.46
dontpose_twitter_e74e011e,400,400,1.0,19.65
dorahardy_twitter_be7955e9,400,400,1.0,34.46
dorothylovy_twitter_b7630072,400,400,1.0,36.95
dorsetscouser_twitter_5b0e44c8,400,400,1.0,39.52
dotsilicon_twitter_b88e6752,400,400,1.0,12.89
dougfrancis_twitter_7179cfd3,400,400,1.0,23.94
doughiltz_twitter_1617e4a6,400,400,1.0,29.04
dppschoenmaker_twitter_71559a68,400,400,1.0,19.54
drchrisstout_twitter_1f3b1e75,400,400,1.0,26.05
dreammm_twitter_4454b8d9,400,400,1.0,26.67
dreaprieto_twitter_d7289e52,400,400,1.0,21.87
drewalanbeaty_twitter_7c9415db,400,400,1.0,35.09
drseisenberg_twitter_5710be4b,400,400,1.0,27.59
dubecarlos_twitter_8b1ab165,400,400,1.0,40.5
dustinhershberger_twitter_f9f3f530,400,400,1.0,25.06
dwanellington_twitter_54c856c9,400,400,1.0,25.96
dwymonster_twitter_95ee518d,400,400,1.0,11.99
dygrafi_twitter_e4203246,400,400,1.0,23.56
dyzisaboy_twitter_68cb24bb,400,400,1.0,20.1
eamrselim_twitter_e64b635f,400,400,1.0,20.77
earthxplorer_twitter_d2164e6e,400,400,1.0,29.22
ebaechler_twitter_13a3e0ec,400,400,1.0,28.67
eboniife_twitter_6ba529bb,400,400,1.0,34.73
edersonsandre_twitter_40a51b70,400,400,1.0,22.97
edesonsouza_twitter_47d98416,400,400,1.0,30.96
edmondwong_twitter_20b3e730,400,400,1.0,27.06
edna_twitter_4043f2e2,400,400,1.0,24.23
edsafin_twitter_48e6c4fe,400,400,1.0,15.55
edscanlan_twitter_e8fd8f8e,360,360,1.0,21.81
eduardohernandezcamacho_twitter_fbab3acb,400,400,1.0,42.1
edwardanton_twitter_8023d850,400,400,1.0,24.54
edwardloh_twitter_1b11869b,400,400,1.0,17.21
efelippe_twitter_1e6d0fd4,400,400,1.0,20.96
ehrok_twitter_741402f9,400,400,1.0,38.76
ekafri_twitter_a931dc2e,400,400,1.0,21.43
ekapol_twitter_ab7e2c2e,400,400,1.0,31.39
ekiafoto_twitter_1e9f8267,400,400,1.0,37.71
eladbs_twitter_c25597cb,400,400,1.0,24.23
elbisnet_twitter_0ddd1727,400,400,1.0,22.42
elchaninovstar_twitter_65d649b4,400,400,1.0,40.59
elenakalis_twitter_2b609fb2,400,400,1.0,36.78
elenamanzini_twitter_0e10cd47,400,400,1.0,30.42
elenaperez_twitter_8babbb0b,400,400,1.0,26.37
elenavelez_twitter_67cd0a55,400,400,1.0,41.17
elerick_twitter_ff138f25,400,400,1.0,24.29
elfolen_twitter_4781ed1e,333,333,1.0,36.08
elianaca_twitter_65ffe607,200,200,1.0,13.09
eliazu_twitter_d4a4006b,400,400,1.0,22.16
eliezerdiaz_twitter_dfee71a0,400,400,1.0,28.37
elisapicchiotti_twitter_9381e60a,400,400,1.0,45.94
eliut_twitter_7bac7c25,400,400,1.0,22.79
elki_twitter_62538ef3,400,400,1.0,37.01
ellaclawley_twitter_429a8e4e,400,400,1.0,16.82
elleiconlee_twitter_652343f4,400,400,1.0,26.35
elleneinkauf_twitter_01a81fcd,400,400,1.0,31.52
elliepotts_twitter_be65f5ba,290,290,1.0,15.02
elmo_twitter_1eb34faf,400,400,1.0,45.57
elreptar_twitter_32877a18,400,400,1.0,45.34
elsander_twitter_cab25f9f,400,400,1.0,28.25
eltounsi54_twitter_4af903d0,267,267,1.0,13.82
emanuelepapi_twitter_60a25b6d,375,375,1.0,20.0
emiarai_twitter_cb588b6f,400,400,1.0,25.95
emiliofolgar_twitter_8edc8e4e,400,400,1.0,31.57
emiloberg_twitter_992fa3db,400,400,1.0,19.98
emilymulle_twitter_868c94b0,400,400,1.0,41.73
emimatsushita_twitter_f5f1cd7b,400,400,1.0,18.05
emmaruthbeer_twitter_376b09f0,400,400,1.0,27.24
emredjan_twitter_9d19ee46,400,400,1.0,40.27
enricodemitri_twitter_a75b39d8,400,400,1.0,15.41
enricorossomando_twitter_a860ca72,400,400,1.0,21.34
enricvega_twitter_57fe68e7,400,400,1.0,24.26
enzomartinez_twitter_6199899f,400,400,1.0,26.32
eole_twitter_390fd9f1,400,400,1.0,36.9
eonsmiami_twitter_9e7024a6,400,400,1.0,30.84
epuertas_twitter_3417f0b6,400,400,1.0,33.43
erdelcroix_twitter_85f7e392,400,400,1.0,30.63
erdemtuzen_twitter_51c05135,400,400,1.0,17.54
erdisi_twitter_40c83189,400,400,1.0,21.67
erdo_twitter_28274a51,400,400,1.0,23.42
ericalynnyoung_twitter_d1ada060,400,400,1.0,30.73
ericastella_twitter_65e57743,400,400,1.0,29.22
ericavirtue_twitter_35629972,400,400,1.0,23.04
ericbreece_twitter_f88de7f8,400,400,1.0,22.63
ericepetersen_twitter_3c09a486,400,400,1.0,13.44
ericlaurie_twitter_dfa7170f,400,400,1.0,30.22
ericnojimd_twitter_cdd4246f,400,400,1.0,16.79
erikaperugachi_twitter_6467d161,400,400,1.0,27.58
erikdehkhoda_twitter_8e296b66,400,400,1.0,18.23
erikmacpherson_twitter_c75dc507,400,400,1.0,11.76
erikpt_twitter_a14c13bd,99,99,1.0,3.8
erinlambert_twitter_13697f3c,400,400,1.0,36.38
erinslick_twitter_455becfe,400,400,1.0,22.87
erwinhuang_twitter_6251b934,400,400,1.0,13.61
eryk_twitter_cfd060f6,400,400,1.0,21.33
esmeraldabeautylounge_twitter_41e8c875,400,400,1.0,20.26
estibalizcamara_twitter_5af63bde,399,399,1.0,23.73
etthompson_twitter_644d7896,400,400,1.0,28.24
eugenemartinez_twitter_929ca641,400,400,1.0,33.83
eurekatek_twitter_d9cfdf02,400,400,1.0,16.22
evandroarruda_twitter_67971377,400,400,1.0,37.99
evandrooliveira_twitter_215a503f,400,400,1.0,22.91
evandrosudre_twitter_b0259bf4,400,400,1.0,27.03
evanschikarakara_twitter_c43af1c0,400,400,1.0,32.78
fabianoalmeida_twitter_abca7bca,400,400,1.0,23.52
fabienadouani_twitter_4d7cb7ac,400,400,1.0,23.26
fabioj_twitter_10af93ff,240,240,1.0,6.78
fabiolottino_twitter_695eef72,400,400,1.0,28.65
fabrymondino_twitter_cb82274d,400,400,1.0,22.6
fahads_twitter_157899b9,400,400,1.0,21.93
faisalkhatib_twitter_eff04a89,400,400,1.0,46.35
falana_twitter_76e40761,400,400,1.0,32.41
fardeen_twitter_8a844baf,400,400,1.0,26.54
fayeoakey_twitter_64978196,400,400,1.0,27.02
fdavid_twitter_ab98504e,400,400,1.0,62.62
fedsimonetti_twitter_64ff91b6,400,400,1.0,36.23
feixiao_twitter_171b62c2,400,400,1.0,28.84
felicelam_twitter_bd034eeb,400,400,1.0,25.4
ferminpeluqueros_twitter_b4e93176,400,400,1.0,16.55
fernandabh_twitter_8313d345,400,400,1.0,16.38
fernandezdjr_twitter_1ea2a3da,400,400,1.0,25.23
fernandoamezrafael_twitter_4e10115a,391,391,1.0,43.71
fernandoescudero_twitter_88e3a7f9,400,400,1.0,33.86
fernandogallardo_twitter_5e6cc5af,400,400,1.0,27.63
ferrodino_twitter_aff22ad0,400,400,1.0,46.02
fethiyegolgesiz_twitter_a51d650d,400,400,1.0,26.87
fig_twitter_39b9bfbe,400,400,1.0,22.99
finchfm_twitter_df282868,400,400,1.0,26.36
fionagraham_twitter_9efc63ec,400,400,1.0,18.31
firasbenhamida_twitter_09440163,400,400,1.0,17.79
fireos_twitter_d68e6c7f,400,400,1.0,16.88
firnas_twitter_51146571,400,400,1.0,11.3
fitbodylife_twitter_a3483d3c,400,400,1.0,30.05
fixelzero_twitter_22edb68c,400,400,1.0,18.9
fjd_twitter_a9f8971d,400,400,1.0,13.4
fleurmcgerr_twitter_eb0d7e0f,400,400,1.0,28.15
flickeringember_twitter_de4aac5d,400,400,1.0,31.03
flxbarth_twitter_e65d57e6,400,400,1.0,21.53
flyzipper_twitter_32fd069a,400,400,1.0,20.1
fmmor_twitter_e7b9519a,400,400,1.0,18.48
fmrcastro_twitter_48a4960d,400,400,1.0,28.55
followsound_twitter_c0aa49aa,400,400,1.0,25.01
forevaimagescom_twitter_bcc3df80,400,400,1.0,13.29
fotokiosk_twitter_d3f56001,400,400,1.0,25.55
fotolory_twitter_ac569fbf,400,400,1.0,18.35
fozterz_twitter_44160537,400,400,1.0,21.72
fposati_twitter_98ee18b5,400,400,1.0,25.73
fraidy_twitter_741bfa1a,400,400,1.0,23.74
francescacampigli_twitter_5a5f0e56,400,400,1.0,24.15
francescoalbano_twitter_1bb78100,400,400,1.0,30.16
francescodendi_twitter_5edced70,200,200,1.0,10.11
francescodilillo_twitter_7ce9ceb9,400,400,1.0,28.13
francescomeani_twitter_be402cc1,400,400,1.0,11.43
frankcarter_twitter_40f4e7d8,400,400,1.0,20.67
frankneulichedl_twitter_ee6c564c,400,400,1.0,13.53
franko_twitter_a1d5dda8,400,400,1.0,45.13
frankpeter_twitter_fe0028b8,400,400,1.0,20.06
frankrodriguez_twitter_d178fc5f,400,400,1.0,27.36
franktraylor_twitter_e0f399de,400,400,1.0,19.45
frankt_twitter_2a3e20c4,400,400,1.0,20.7
frankyhp_twitter_f8304b94,400,400,1.0,32.47
fransiskusariesa_twitter_b7534b52,346,346,1.0,30.72
franziskakaterbaum_twitter_082881fb,400,400,1.0,25.29
frayser_twitter_a6b4d55d,400,400,1.0,53.98
frederickpolk_twitter_431fd50c,400,400,1.0,3.05
fredriclandqvist_twitter_934a7749,400,400,1.0,21.73
frijal_twitter_9899d705,400,400,1.0,48.72
frogdiva_twitter_2c9b201c,400,400,1.0,24.89
frosch03_twitter_d50400f7,400,400,1.0,28.77
fsy_twitter_b350e7bd,400,400,1.0,30.58
ftrujillo_twitter_12ec65ef,400,400,1.0,36.52
fullo_twitter_a1093260,400,400,1.0,19.17
fulltime_twitter_2333e77c,400,400,1.0,28.92
funkycoda_twitter_01c5ba04,400,400,1.0,34.04
fuzzy_twitter_b150a76a,400,400,1.0,26.16
gabi_twitter_6c0c5fae,400,400,1.0,19.29
gailgabrielle_twitter_0c4d4656,400,400,1.0,24.65
gailobannon_twitter_0f2b7f25,400,400,1.0,24.09
galobaro_twitter_13feb392,400,400,1.0,19.48
galobart_twitter_ca32a55a,400,400,1.0,31.08
ganant_twitter_1ae9c07d,400,400,1.0,44.3
garthsmitman_twitter_311d8bd8,400,400,1.0,20.93
garwinlu_twitter_d8d69dd9,400,400,1.0,11.21
garyacers_twitter_386bbb86,400,400,1.0,22.7
garyreed_twitter_3e88da9b,400,400,1.0,33.88
gastonsz_twitter_3d1cb75b,400,400,1.0,25.29
gavsouthern_twitter_6195cc35,400,400,1.0,34.94
gcardona_twitter_0d5787da,400,400,1.0,36.12
gege2ge_twitter_4611871a,400,400,1.0,18.64
gemmaphelan_twitter_9ab09ba7,400,400,1.0,17.28
gemsmaquillage_twitter_b1324236,400,400,1.0,24.25
genosbil_twitter_d821c790,400,400,1.0,18.95
gentra_twitter_e21a095f,400,400,1.0,9.85
georgedearing_twitter_f3f64de2,400,400,1.0,21.69
georgeferris_twitter_fb2b16a0,400,400,1.0,24.8
georginalester_twitter_00258c5c,400,400,1.0,24.56
gerhardheinrich_twitter_ec49bb26,400,400,1.0,36.12
germanogurgel_twitter_9d49436a,400,400,1.0,17.96
germer_twitter_4f47b309,400,400,1.0,18.99
gerty_twitter_2fc132b6,400,400,1.0,23.03
ghholtphotography_twitter_91143b56,400,400,1.0,12.14
giacomoardesi_twitter_d0be852a,400,400,1.0,20.25
giamarcs_twitter_60d36895,400,400,1.0,21.25
giants5go5go5_twitter_3f5f6f89,400,400,1.0,16.99
gilbertmc_twitter_a8082f45,400,400,1.0,14.53
ginsonspeich_twitter_52190e4e,400,400,1.0,27.52
giorgiopapallo_twitter_33278151,400,400,1.0,25.34
giovaniricciardi_twitter_377c37a0,400,400,1.0,35.49
giovinator_twitter_f8dc7b50,264,264,1.0,9.55
giraudkd_twitter_9f9de9fe,400,400,1.0,16.82
gisanders_twitter_e229cd56,400,400,1.0,29.55
giselabeer_twitter_d2e3c760,400,400,1.0,16.16
giulianoabate_twitter_1b4a323f,400,400,1.0,23.17
giuseppeazzaro_twitter_ca961781,400,400,1.0,27.49
gladtrejo_twitter_16871844,225,225,1.0,10.83
gleamland_twitter_4031e865,245,245,1.0,5.87
glemak_twitter_9e2b3b26,400,400,1.0,48.31
glennthorpe_twitter_d64e04f0,400,400,1.0,40.37
glfreelancegraphic_twitter_4d9e0da8,400,400,1.0,3.05
globalpatriot_twitter_58c079b1,400,400,1.0,24.38
globomarketing_twitter_d3f6645a,400,400,1.0,13.48
gmlumpy_twitter_558eadb3,400,400,1.0,22.07
gmpentaxfan_twitter_c5c5362e,400,400,1.0,18.9
goace_twitter_81a47054,400,400,1.0,16.91
godivaartstudio_twitter_564d55a6,400,400,1.0,13.96
gomayara_twitter_080f01cf,400,400,1.0,20.95
gonzalodroguett_twitter_d445103d,400,400,1.0,20.34
gonzalofera_twitter_5149854d,400,400,1.0,21.23
goodboyroy_twitter_1e280bef,400,400,1.0,21.58
gordsellar_twitter_ddf0c13c,400,400,1.0,14.73
gorguito_twitter_8b1f8e67,400,400,1.0,33.07
gosiabem_twitter_31daa85b,400,400,1.0,19.83
gotnur_twitter_a141058d,400,400,1.0,34.23
gozdebalkan_twitter_e302cab2,400,400,1.0,27.77
gracemassalanglois_twitter_5e2c0bcd,400,400,1.0,23.91
greengeedivan_twitter_8ab2557c,400,400,1.0,19.42
gregcarley_twitter_2ba8b01e,400,400,1.0,23.07
greghyer_twitter_22ec54ac,400,400,1.0,36.81
gregmcbride_twitter_7ec23311,400,400,1.0,9.49
gregthurtle_twitter_3c3740d4,400,400,1.0,23.2
grisoni77_twitter_097377ed,400,400,1.0,31.56
gson_twitter_a966d1bc,400,400,1.0,30.85
gtbundy_twitter_460e51a0,400,400,1.0,26.98
guardic_twitter_c14078da,400,400,1.0,29.38
guedadojacopomele_twitter_54ffce95,400,400,1.0,20.34
guidocataldi_twitter_54832c22,302,302,1.0,20.13
guillermoruiz24_twitter_0160f3be,400,400,1.0,34.35
gurumef_twitter_61ef9610,400,400,1.0,21.65
gusei_twitter_2087b8f3,400,400,1.0,11.81
gustavoarias_twitter_54c0cdd5,400,400,1.0,18.79
guycocker_twitter_b330a1df,400,400,1.0,18.21
guysonecstasy_twitter_b846c333,400,400,1.0,32.54
gvirtucio_twitter_0e90f22a,400,400,1.0,17.79
gwalter_twitter_0c6dd10d,400,400,1.0,52.38
gwynf_twitter_3d5c2458,400,400,1.0,35.67
gwynnekostin_twitter_c623b300,400,400,1.0,20.59
habuw_twitter_4a555da8,400,400,1.0,22.88
hacen_twitter_0bed7b72,400,400,1.0,16.98
hairboutiquecom_twitter_c5bf09b2,400,400,1.0,23.87
haivo_twitter_bdd72100,400,400,1.0,26.22
hakandahlstrom_twitter_9773d942,400,400,1.0,32.57
halgarob_twitter_67d039d4,400,400,1.0,33.27
halilkupeli_twitter_acae7c70,300,300,1.0,20.27
hallyboost_twitter_6e6d3adb,373,373,1.0,19.95
handmadejewelry_twitter_108df45b,400,400,1.0,24.4
hanma_twitter_857c9d61,400,400,1.0,23.65
hannoliiva_twitter_2eb1f948,400,400,1.0,14.75
hansvaneijsden_twitter_ab317d1b,400,400,1.0,24.54
harishsharma_twitter_cca3ead0,400,400,1.0,13.25
harisrahman_twitter_1f7c8d1b,113,113,1.0,4.76
harshit_twitter_cc982ff0,400,400,1.0,21.83
harvest316_twitter_2e57cdc0,400,400,1.0,22.54
hasanalikhattak_twitter_1b8c3961,400,400,1.0,29.68
hayleyvu_twitter_5771cfe5,400,400,1.0,30.56
hbeme_twitter_d4642ec2,400,400,1.0,20.5
heartrepreneur_twitter_4c084163,400,400,1.0,28.75
heartstrung_twitter_d96ea892,400,400,1.0,25.59
heatherho_twitter_134146a4,400,400,1.0,25.77
heathertorres_twitter_68535343,400,400,1.0,26.72
hectorigual_twitter_5422ab63,267,267,1.0,11.81
heilweil_twitter_a9fa6e13,400,400,1.0,41.26
helka_twitter_d6b8047d,400,400,1.0,23.68
henrikfohns_twitter_1cebd35f,297,297,1.0,16.65
henspie_twitter_17aa669f,400,400,1.0,34.85
hepekiz_twitter_702d2303,400,400,1.0,16.03
hernancortes_twitter_844f2a68,400,400,1.0,37.12
hflpjtrade_twitter_ec4057b9,400,400,1.0,18.12
hillmiester_twitter_d1a14f7f,400,400,1.0,18.14
hiredmyway_twitter_ae311bde,400,400,1.0,11.55
hisforhome_twitter_b2a8cc12,346,346,1.0,6.79
hishizaki_twitter_2fddf773,400,400,1.0,33.16
hlh_twitter_7accfa24,400,400,1.0,31.73
hogeslag_twitter_5e738c6b,400,400,1.0,39.39
holleyjacobs_twitter_871a8a44,400,400,1.0,48.78
hollyccarter_twitter_6e578e3f,400,400,1.0,22.41
hollywoodpunk_twitter_26829078,400,400,1.0,31.21
homesacrosstheworldcom_twitter_dc31cc66,400,400,1.0,12.62
hookedonwax_twitter_b55ebb54,400,400,1.0,58.96
hoosierteacher_twitter_d9ebc414,400,400,1.0,23.39
hortovanyi_twitter_973c33d0,400,400,1.0,33.46
hostels247_twitter_139daa85,400,400,1.0,33.14
hotelcostanarejos_twitter_c1c0110c,400,400,1.0,50.59
howielevy_twitter_0585d474,400,400,1.0,15.42
hthaiwon_twitter_e0e5da0c,400,400,1.0,16.71
huko_twitter_c299cad2,400,400,1.0,12.44
humanlie_twitter_cd6c7d6a,400,400,1.0,33.04
huzaifasial_twitter_60c82a39,400,400,1.0,30.18
hyperbreed_twitter_a25e4ca0,400,400,1.0,24.83
iabdulghani_twitter_7fa1eb79,400,400,1.0,23.97
iamangelique_twitter_a92c5588,400,400,1.0,16.98
iamlfb_twitter_4fb7edfc,400,400,1.0,41.68
iamryno_twitter_1b4da683,400,400,1.0,53.88
iancorless_twitter_17c5fdca,400,400,1.0,17.72
ianedgar_twitter_85a15d06,400,400,1.0,13.57
ianjamesdavies_twitter_f57dcb86,400,400,1.0,19.57
iankath_twitter_953fc7cb,400,400,1.0,24.51
ibulat_twitter_9fabb951,400,400,1.0,57.04
idaperri_twitter_c09e48a1,400,400,1.0,24.46
idaveml_twitter_28dd4888,400,400,1.0,18.93
ideas4ios_twitter_c082de65,400,400,1.0,22.13
idrialis_twitter_f1818d78,400,400,1.0,27.47
idvaad_twitter_bcf2f056,400,400,1.0,69.83
iesposito_twitter_47f18673,400,400,1.0,24.77
ifabio_twitter_40e0cd7d,360,360,1.0,17.06
ifeelitall_twitter_f25f9d35,400,400,1.0,23.27
igorbotelho_twitter_5ab5d7a8,400,400,1.0,43.03
igormitrovic_twitter_7fbdae41,354,354,1.0,20.12
igoryok_twitter_1baf2792,400,400,1.0,18.6
ihakkim_twitter_0c7ce0a3,400,400,1.0,46.27
ihanna_twitter_c51554ab,400,400,1.0,24.6
ilariadefilippo_twitter_ba5def50,400,400,1.0,29.36
ilariapic_twitter_2cedd304,400,400,1.0,16.37
ilario_twitter_68607ef1,400,400,1.0,21.75
ileshshah_twitter_61110826,400,400,1.0,35.6
ilkkakukkonen_twitter_ac550d7e,400,400,1.0,20.03
illtrax_twitter_1a1d5e70,400,400,1.0,26.17
ilpagliarino_twitter_8c55b8b8,400,400,1.0,26.51
indietunes_twitter_e83631c5,400,400,1.0,25.33
indumental_twitter_db63d9ae,294,294,1.0,10.82
inesandres_twitter_e93a4891,400,400,1.0,16.93
inigoparalle_twitter_b15aa013,400,400,1.0,40.47
injction_twitter_c5f2fc9d,400,400,1.0,25.23
intanrizky_twitter_235881d9,400,400,1.0,42.34
intelligenius_twitter_54dcd23e,400,400,1.0,19.18
intercer_twitter_48e5af44,400,400,1.0,20.4
ipranab_twitter_00f852cc,400,400,1.0,59.49
irecevic_twitter_c097f388,400,400,1.0,24.77
irenegarmu_twitter_e484b227,354,354,1.0,21.44
irenekimmel_twitter_ac98d11a,400,400,1.0,29.22
irf_twitter_7f923eec,400,400,1.0,15.07
irinaradchenko_twitter_30999e7b,400,400,1.0,21.81
irinasouiki_twitter_4382bfa6,400,400,1.0,21.02
irmazimmermann_twitter_8ec0bae6,400,400,1.0,23.02
isaacadams_twitter_85f8654b,400,400,1.0,53.4
isaacbf_twitter_1fce440a,400,400,1.0,14.17
isaacsmith_twitter_5cc7dfdb,400,400,1.0,30.53
isuruyapa_twitter_e0a9fd3c,400,400,1.0,36.16
itsvitorgomes_twitter_58be4379,400,400,1.0,67.55
iucnwani_twitter_ad8bb904,240,240,1.0,6.02
ivanataylor_twitter_adc1ab37,400,400,1.0,19.54
ivanhernandez_twitter_0b47da79,400,400,1.0,23.27
ivanilic_twitter_3b3d3667,400,400,1.0,23.1
ivankovacevic_twitter_090f678f,400,400,1.0,32.76
ivanlajara_twitter_47424b61,400,400,1.0,28.08
ivanmola_twitter_e0045627,400,400,1.0,30.92
ivanvega_twitter_9a12a4d8,400,400,1.0,19.52
ivarsmas_twitter_7e1851e6,283,283,1.0,11.53
ivosilvestro_twitter_70789f9d,400,400,1.0,22.49
iwatatakuma_twitter_63c209af,368,368,1.0,24.97
iwichita_twitter_9aefd46e,351,351,1.0,12.5
izackruiz_twitter_c3c62de9,400,400,1.0,68.89
izazael_twitter_6d55c349,240,240,1.0,9.25
j0hnsy_twitter_ae331e5c,400,400,1.0,34.28
j4nu5_twitter_b635fcfa,400,400,1.0,21.74
jackprindle_twitter_9755afbd,400,400,1.0,16.96
jacquesshu_twitter_3b14181c,400,400,1.0,18.12
jacquibrown_twitter_14a34343,400,400,1.0,36.83
jadenwalker_twitter_ff88f3be,400,400,1.0,31.12
jaelrincon_twitter_47a49f56,400,400,1.0,6.22
jagudeye_twitter_4038cc9f,400,400,1.0,32.9
jaimerojasandaur_twitter_da11d9b8,400,400,1.0,31.12
jainashish_twitter_0016dd8b,361,361,1.0,23.75
jajodiasaket_twitter_7fe3a46b,400,400,1.0,20.61
jakedubss_twitter_c03b0dc2,400,400,1.0,27.69
jamesbellamy3_twitter_2b6126e8,400,400,1.0,19.71
jamescrawford_twitter_208ab316,400,400,1.0,21.26
jamesgoodnow_twitter_adc9a524,400,400,1.0,22.58
jamesjohnston_twitter_d4f80aad,400,400,1.0,45.12
jameson079_twitter_8e1fa9a3,400,400,1.0,36.27
jamessacci_twitter_109a3d36,400,400,1.0,35.68
jameswatsoninternet_twitter_c9d12070,400,400,1.0,26.37
jamiegilpin_twitter_8094a687,400,400,1.0,22.93
jamiehinks_twitter_60200ba6,400,400,1.0,41.48
jamieleeong_twitter_7ff1aa7e,400,400,1.0,27.28
janbush_twitter_e3420437,400,400,1.0,17.73
janehamill_twitter_352ee4cd,400,400,1.0,30.12
janelbrennan_twitter_72b9f16b,400,400,1.0,28.45
janellewilson_twitter_313a6c63,400,400,1.0,30.13
janifer_twitter_f4d7e4a1,400,400,1.0,28.95
janiv_twitter_6c328abe,400,400,1.0,19.94
japros_twitter_11c126e3,400,400,1.0,20.71
jaredholmquist_twitter_fa4b7178,400,400,1.0,15.84
jaredmagouirk_twitter_afbcdaa3,400,400,1.0,38.07
jaryves_twitter_d83d06fe,400,400,1.0,15.09
jasminrovira_twitter_905df1d1,400,400,1.0,6.08
jasonbergin_twitter_557321ca,255,255,1.0,4.12
jasonchan_twitter_f947b6c6,400,400,1.0,32.15
jasondupuis_twitter_604a4ea8,400,400,1.0,21.73
jasonemiller_twitter_84b4f048,400,400,1.0,33.37
jasongraciano_twitter_5a1ec285,333,333,1.0,16.89
jasongraham99_twitter_66c29f64,400,400,1.0,53.85
jasonlloyd_twitter_458c19c8,400,400,1.0,40.85
jasonloehr_twitter_fa1e5a2f,400,400,1.0,15.5
jasonmarineau_twitter_633eb7c9,400,400,1.0,49.47
jasonmartorana_twitter_1c170ec5,400,400,1.0,18.25
jasonohaire_twitter_1f34c7b8,400,400,1.0,24.25
jasson_twitter_efc7b09a,180,180,1.0,8.13
javicebrian_twitter_049aaaed,400,400,1.0,16.45
javierandreu_twitter_bad60328,400,400,1.0,20.89
javierbrisa_twitter_7cbb97f9,400,400,1.0,20.76
javiersanchez_twitter_a42a8588,400,400,1.0,17.8
javikarni_twitter_638b5b61,400,400,1.0,31.84
jayboucher_twitter_1796f13f,400,400,1.0,28.66
jaycorcoran_twitter_b6cbb10c,400,400,1.0,18.97
jaynev_twitter_5dc978f4,400,400,1.0,20.39
jaypsyd_twitter_bd24af2b,400,400,1.0,39.89
jazael_twitter_e08b22e1,400,400,1.0,21.46
jazrt_twitter_eed13493,400,400,1.0,10.79
jazza_twitter_94858f81,400,400,1.0,30.53
jberndes_twitter_424b06a9,400,400,1.0,20.07
jcov90_twitter_805884a4,400,400,1.0,34.85
jcriqqelme_twitter_c52b8be8,400,400,1.0,40.77
jdperkins1369_twitter_b93ad2f3,171,171,1.0,13.23
jeacosta_twitter_8799a0b7,400,400,1.0,19.63
jeanfrancoislabelle_twitter_06143101,400,400,1.0,18.3
jeansanchez_twitter_da39065b,400,400,1.0,35.86
jects_twitter_be19fbc2,400,400,1.0,16.18
jeepgeek_twitter_75cc76d2,400,400,1.0,24.31
jeffarazzi_twitter_7f4b0bb2,400,400,1.0,19.42
jeffbone_twitter_33a810ac,400,400,1.0,23.99
jeffipad_twitter_14c87aec,400,400,1.0,33.13
jefflarkin_twitter_e0ef7813,400,400,1.0,23.74
jeffmclean_twitter_1f69b096,376,376,1.0,19.12
jeffmwebster_twitter_fdeaebf9,400,400,1.0,47.31
jeffreyamcguire_twitter_ac97c567,386,386,1.0,30.26
jeffreydodge_twitter_65b44add,400,400,1.0,21.32
jehf_twitter_f9349936,400,400,1.0,27.5
jeicker_twitter_455c1f4b,300,300,1.0,19.75
jellederoeck_twitter_376d4469,400,400,1.0,22.48
jelleoostrom_twitter_56216f16,400,400,1.0,17.64
jenbalisi_twitter_ec3798a8,400,400,1.0,33.37
jenevison_twitter_8acf9fc2,400,400,1.0,26.03
jenleheny_twitter_17111b55,400,400,1.0,34.5
jenmathews_twitter_6cefe4ab,300,300,1.0,17.6
jenner_twitter_cd086305,400,400,1.0,27.26
jenniferhill_twitter_9c8e2b8a,310,310,1.0,13.01
jenniferrosenblatt_twitter_93ba7407,240,240,1.0,9.2
jenniferwong_twitter_baa6ff82,400,400,1.0,21.84
jennturner_twitter_08a54c1b,400,400,1.0,23.2
jenovaproject_twitter_5584fe01,400,400,1.0,23.38
jereclancy_twitter_15037bd5,400,400,1.0,32.03
jeremycwilson_twitter_1b2d29ba,400,400,1.0,31.49
jeremyfranklin_twitter_19dd28ce,400,400,1.0,22.61
jeremymd_twitter_855bd9cc,400,400,1.0,32.55
jeroenmiedema_twitter_e4099201,400,400,1.0,22.24
jeromeshaw_twitter_a2507e7e,400,400,1.0,31.14
jerometurner_twitter_f015652f,400,400,1.0,38.38
jeromevadon_twitter_7bbe40b2,400,400,1.0,16.07
jeromiewilliams_twitter_5b4a8dcd,400,400,1.0,22.55
jerrybarnwell_twitter_cbd7b683,400,400,1.0,41.69
jessecorinella_twitter_c432ea70,400,400,1.0,37.13
jessereilly_twitter_af4029a7,400,400,1.0,32.28
jessetrelstad_twitter_385144a0,400,400,1.0,25.25
jessevalley_twitter_8602d0ee,400,400,1.0,16.9
jessewright_twitter_5ef6975d,400,400,1.0,21.28
jessicafajans_twitter_bd679c07,400,400,1.0,35.04
jessienuz_twitter_b93a3e54,400,400,1.0,41.19
jesusivo_twitter_7663cfc3,300,300,1.0,20.87
jesuslugo_twitter_16e56c7f,400,400,1.0,42.29
jesusmier_twitter_8d74e587,400,400,1.0,25.75
jetvhs_twitter_74117c75,400,400,1.0,27.1
jevtovic_twitter_f88cb5fb,400,400,1.0,17.12
jfbautista_twitter_f37b46f4,400,400,1.0,7.17
jgoff_twitter_83adead5,400,400,1.0,24.97
jgorehampenney_twitter_40206fbf,285,285,1.0,15.63
jhonjairo_twitter_9f16e7cd,400,400,1.0,31.49
jillian_twitter_f36fff3b,400,400,1.0,33.21
jimbgreen_twitter_e1f8798a,400,400,1.0,16.01
jimbobmarley_twitter_bece6fee,400,400,1.0,31.3
jimhicks_twitter_eb164c2b,400,400,1.0,19.34
jimlarrison_twitter_dee5dabb,315,315,1.0,51.09
jimmetzger_twitter_faa222f7,400,400,1.0,59.26
jimmurdoch_twitter_e2e0c232,288,288,1.0,20.03
jinaljmehta_twitter_10a128fd,400,400,1.0,50.08
jinuem_twitter_ca112bf6,400,400,1.0,28.1
jiriruzek_twitter_e248e9f9,400,400,1.0,32.07
jiteshpanchal_twitter_662a611f,400,400,1.0,37.71
jithinjb_twitter_3ad744df,400,400,1.0,27.08
jjamor_twitter_352474b3,100,100,1.0,3.24
jjmlloret_twitter_22f84a80,400,400,1.0,22.98
jkdesignarts_twitter_c7e411c0,400,400,1.0,25.97
jking1627_twitter_31386cf4,400,400,1.0,34.85
jklfacom_twitter_ca241816,400,400,1.0,53.48
jkshim_twitter_d5fdd5eb,400,400,1.0,31.04
jlat85_twitter_a9200085,400,400,1.0,24.53
jletti_twitter_b9a98ba2,400,400,1.0,24.72
jmac303_twitter_68403514,400,400,1.0,20.32
jmerkoski_twitter_3dd3063f,400,400,1.0,22.31
jmgiron_twitter_4d143529,400,400,1.0,24.07
jmnish_twitter_04dd4d8a,400,400,1.0,22.4
jmzubi_twitter_4f8f4b47,400,400,1.0,22.5
jnfotos_twitter_2030beb6,400,400,1.0,13.51
joannaleelin_twitter_025e0c9d,400,400,1.0,22.61
joannalinden_twitter_d58db6b4,400,400,1.0,31.86
joannegreco_twitter_a8685d60,400,400,1.0,34.58
joannwoolley_twitter_b7284b7b,400,400,1.0,33.44
joaorio_twitter_c4b1106d,400,400,1.0,43.14
joaoterrivel_twitter_5339abb7,400,400,1.0,26.14
joaquingatica_twitter_0a6b8089,397,397,1.0,34.52
joebuglione_twitter_aa7611bd,400,400,1.0,8.65
joecayetano_twitter_ac0182ad,400,400,1.0,27.94
joelsteinmann_twitter_9a4b22c1,400,400,1.0,25.75
joelynndesign_twitter_22ff8ee5,400,400,1.0,24.53
joem_twitter_c3a32b4a,400,400,1.0,22.74
joerobb_twitter_db58d2ad,400,400,1.0,57.29
joeteh_twitter_782d1b92,400,400,1.0,38.45
joeybryant_twitter_807d699d,400,400,1.0,40.14
joeyfeith_twitter_1c642e25,400,400,1.0,30.31
joeymakalintal_twitter_1dafa4da,400,400,1.0,22.92
jogarrett_twitter_01c5eaf1,400,400,1.0,27.6
johnayers_twitter_3cebfaa5,400,400,1.0,24.08
johnbyerrum_twitter_1ebcc911,128,128,1.0,4.55
johncast78_twitter_a9f36fb6,400,400,1.0,21.79
johndeguzman_twitter_ca6b74d9,400,400,1.0,61.96
johnearickson_twitter_78563dba,400,400,1.0,54.83
johnjdillon_twitter_7b2b3d39,400,400,1.0,29.9
johnkaminski_twitter_27ab222b,400,400,1.0,11.86
johnmadden_twitter_71161496,400,400,1.0,19.44
johnmischief_twitter_a702acab,400,400,1.0,15.78
johnperez_twitter_332745af,400,400,1.0,38.91
johnporcaro_twitter_39f80842,400,400,1.0,19.16
johnson2772_twitter_020fea73,400,400,1.0,7.37
johnvicory_twitter_7c1b0543,400,400,1.0,30.36
jokingonzalez_twitter_328718a3,240,240,1.0,8.71
jolafeltra_twitter_9e1a8441,353,353,1.0,25.52
jolenejang_twitter_eb986f1d,400,400,1.0,30.79
jonahguo_twitter_c2833174,355,355,1.0,11.29
jonartlucas_twitter_47d878d0,400,400,1.0,41.54
jonashalmstad_twitter_5f657ab1,400,400,1.0,41.75
jonathandenby_twitter_a3026d8a,400,400,1.0,19.4
jonathanfleming_twitter_2c14fa71,400,400,1.0,19.62
jonathanlopez_twitter_eac5191e,400,400,1.0,16.19
jonathanromero_twitter_fdd8e7ac,400,400,1.0,27.63
jonathanvu_twitter_3c598bc7,400,400,1.0,38.71
jondifro_twitter_06afc1d2,400,400,1.0,25.99
jonhowson_twitter_ab1ee1b7,314,314,1.0,16.22
jonjohns_twitter_68d2d3ba,400,400,1.0,39.67
jonmaceda_twitter_33a734bb,400,400,1.0,26.28
jonthedvl_twitter_a25b4ad2,400,400,1.0,27.95
joolsstone_twitter_94226464,400,400,1.0,17.05
joonshin_twitter_893afb8b,400,400,1.0,37.57
jordanhaines_twitter_c97e8de9,400,400,1.0,19.87
jorgecisneros_twitter_5bb853c7,400,400,1.0,21.5
jorgeglez_twitter_c91c1fdc,400,400,1.0,31.57
jorgeramossantos_twitter_b2136afe,278,278,1.0,9.03
jorgeteixeira_twitter_4d746f0e,400,400,1.0,24.53
joselopezarcos_twitter_5e0983ca,400,400,1.0,28.09
josemanuelzardainbbr_twitter_b6ec7a83,400,400,1.0,27.56
josephsocorro_twitter_230f513b,400,400,1.0,27.48
josepmanchado_twitter_8257a550,400,400,1.0,26.8
joshaidan_twitter_995e085d,400,400,1.0,28.51
joshdirks_twitter_584561bd,400,400,1.0,28.49
joshgibson_twitter_74baec17,400,400,1.0,27.36
joshgriffin_twitter_5f030a62,400,400,1.0,24.72
joshjeppson_twitter_21b548ea,400,400,1.0,25.02
joshpeak_twitter_e94e5ac8,400,400,1.0,34.2
joshpeardon_twitter_f54c4bf0,400,400,1.0,32.05
joshuagalloway_twitter_54717c29,400,400,1.0,18.32
joshuahor_twitter_fbd8d6bd,400,400,1.0,18.06
joshuaparker_twitter_b5836ffc,400,400,1.0,20.26
josiaanep_twitter_99718dc1,400,400,1.0,31.88
joyceanndavis_twitter_b7d9cdf4,400,400,1.0,26.34
joypoulsen_twitter_f198e9d7,400,400,1.0,23.15
joysgupta_twitter_d96c2466,400,400,1.0,32.46
joyvalencia_twitter_07552557,400,400,1.0,25.39
jparker1978_twitter_0b80d325,400,400,1.0,33.01
jphilpin_twitter_1ba075a7,400,400,1.0,21.62
jpieters_twitter_2748a6d1,400,400,1.0,34.11
jralexander_twitter_bfd49754,400,400,1.0,33.76
jralfonso_twitter_405fbc30,344,344,1.0,18.39
jrodrigo_twitter_5a145d3a,400,400,1.0,15.4
jrufer_twitter_65870c11,400,400,1.0,26.29
jseguir_twitter_906ceab3,400,400,1.0,44.98
jsesh_twitter_8cd521a7,400,400,1.0,42.19
jtotheizzoe_twitter_eb27f0a4,256,256,1.0,12.48
juanantoniojarasoria_twitter_351a1538,400,400,1.0,43.28
juangarcias_twitter_8c6f2a23,400,400,1.0,30.46
juangomis_twitter_23de1f7b,400,400,1.0,21.57
juanramar_twitter_378feb12,400,400,1.0,20.7
judicaellevalin_twitter_67de983e,400,400,1.0,18.95
juil_twitter_46563adc,400,400,1.0,40.81
juliahull_twitter_cd60ea4c,400,400,1.0,25.49
juliaiglesias_twitter_c44946e4,400,400,1.0,35.09
julianasakae_twitter_ec465663,400,400,1.0,16.45
juliaprior_twitter_aeaf85d6,400,400,1.0,3.05
juliaspencer_twitter_d782ebf0,400,400,1.0,40.47
juliemaure_twitter_677071c6,320,320,1.0,19.52
julieraesandifer_twitter_ca54e5a4,400,400,1.0,19.2
julionoel_twitter_4b04accc,400,400,1.0,33.8
juliusjulius_twitter_2018d069,400,400,1.0,14.88
jumpstartbikes_twitter_b71c9705,400,400,1.0,15.65
juninbsk_twitter_3cf26ec9,400,400,1.0,21.25
juniortv_twitter_616d8fe4,400,400,1.0,44.8
justindoub_twitter_2736315c,400,400,1.0,36.38
justinhammack_twitter_45144f9b,400,400,1.0,29.18
justinphillips_twitter_e1f86596,400,400,1.0,22.32
justkate_twitter_fd9aeea3,400,400,1.0,27.04
jvnchan_twitter_6ac82d8d,400,400,1.0,28.29
jwike_twitter_65be2fd8,400,400,1.0,29.88
jwsteiert_twitter_0b5360b7,400,400,1.0,18.19
kaanakin_twitter_595cd2bc,400,400,1.0,24.07
kadirates_twitter_1e3d444b,400,400,1.0,15.7
kamalbadawy_twitter_39801931,400,400,1.0,44.15
kamikura_twitter_c147ac87,400,400,1.0,25.59
kampeerboerin_twitter_10929a8a,400,400,1.0,19.22
kanochiemi_twitter_da78abed,400,400,1.0,19.0
kantares_twitter_3dab538d,336,336,1.0,28.39
kantiki_twitter_b3eb4cca,400,400,1.0,30.59
kanyoncoyotewoman_twitter_51eeff45,370,370,1.0,18.78
karabee_twitter_2890a953,400,400,1.0,24.65
karascharwath_twitter_74c05ff9,400,400,1.0,34.12
karenharding_twitter_350a2db5,400,400,1.0,26.33
karenlieberman_twitter_1936d515,400,400,1.0,53.27
karenlmessick_twitter_46859344,257,257,1.0,9.3
karenpham_twitter_c8488e1d,400,400,1.0,22.58
kariemitchell_twitter_ca46b5ad,400,400,1.0,26.65
karllindsay_twitter_ca657f06,400,400,1.0,27.67
karlotorres_twitter_5e81d907,400,400,1.0,16.05
karma_twitter_4ea7de0f,400,400,1.0,34.33
kartika9_twitter_aed617e0,400,400,1.0,14.83
karvax_twitter_47c0addd,180,180,1.0,10.84
karynlwiseman_twitter_c0268b7d,266,266,1.0,11.68
karypastor_twitter_d4351e0d,400,400,1.0,17.56
kasihelialg_twitter_ee3ce00a,400,400,1.0,16.99
kasraeian_twitter_259aaee2,357,357,1.0,17.15
katalnikov_twitter_43f81c35,400,400,1.0,37.0
katesalyers_twitter_9fa1b0ec,400,400,1.0,17.35
katesloan_twitter_608446c0,400,400,1.0,23.85
kateylee_twitter_7d837ead,200,200,1.0,6.38
katgear_twitter_f06dedfe,400,400,1.0,18.54
kathaber_twitter_f87108b0,400,400,1.0,35.53
kathiaokada_twitter_40c32a09,400,400,1.0,34.42
kathleenjoyce_twitter_a47d92d4,400,400,1.0,65.67
kathrinaue_twitter_fd5f5df5,375,375,1.0,45.51
kathydragon_twitter_8249e5fd,400,400,1.0,28.45
katibren_twitter_7bf4b9d8,400,400,1.0,33.19
katiedeluca_twitter_22e38eb3,400,400,1.0,22.15
katiemsmith_twitter_dda6b518,400,400,1.0,47.0
katmandelstein_twitter_d25fe08a,327,327,1.0,17.48
katsumo_twitter_e2053395,400,400,1.0,53.35
kattgw_twitter_4ea5b1f7,400,400,1.0,32.81
kazu721010_twitter_564a8040,400,400,1.0,22.2
kcakduman_twitter_c5935982,400,400,1.0,47.44
keefmoon_twitter_de050880,400,400,1.0,33.03
kellydelay_twitter_ed2ae8cf,400,400,1.0,27.74
kellyjaggers_twitter_e3259332,400,400,1.0,24.32
kellykermode_twitter_d60f5c31,400,400,1.0,24.22
kellynagaoka_twitter_8e42ad9d,335,335,1.0,21.53
kellythul_twitter_3f825a0b,400,400,1.0,24.01
kelly_twitter_bcf3f13a,400,400,1.0,38.17
kelseawilhelm_twitter_07407364,400,400,1.0,40.47
kelseyivey_twitter_619f4040,400,400,1.0,41.96
kendanieli_twitter_13242cef,240,240,1.0,10.98
kennyrivas_twitter_a488b73f,400,400,1.0,32.98
kerijaehnig_twitter_b9b86e3f,400,400,1.0,28.31
kerryleslie_twitter_4dcba34e,400,400,1.0,28.08
kevanobrien_twitter_f9af73f0,400,400,1.0,23.47
kevinallocca_twitter_07e4a870,400,400,1.0,19.07
kevinduane_twitter_429ad3a2,400,400,1.0,29.75
kevinfalcon_twitter_2d20a38d,400,400,1.0,16.45
kevinjimeno_twitter_63d10137,400,400,1.0,26.51
kevinkrejca_twitter_b81fceae,400,400,1.0,10.12
kevinlimfungyen_twitter_1fee1a3e,400,400,1.0,26.45
kevinmichaelr_twitter_34c7d76f,400,400,1.0,22.99
kevinquinlan_twitter_25656a45,400,400,1.0,23.9
khalilalmusaeed_twitter_19a2563b,400,400,1.0,12.86
khannings_twitter_a001cb53,400,400,1.0,23.88
kiaorabeagle_twitter_d151c219,400,400,1.0,51.87
kiatinsley_twitter_1322ccff,400,400,1.0,23.11
kientran_twitter_d8c872e5,400,400,1.0,40.75
kikaps_twitter_990c5410,400,400,1.0,23.4
kimberlymunoz_twitter_310b222a,400,400,1.0,19.51
kimberlyrotter_twitter_bce4a410,400,400,1.0,16.58
kingjn_twitter_0aa60aa2,400,400,1.0,27.95
kinnajonsson_twitter_993760f6,400,400,1.0,39.05
kirakariakin_twitter_aeeedfcf,400,400,1.0,27.49
kirkjantzer_twitter_e02f9b87,400,400,1.0,25.41
kivettbednar_twitter_d2c0138a,400,400,1.0,20.31
kkbyrns_twitter_5a793ca4,400,400,1.0,25.19
kkristopherkimbrew_twitter_219fa186,400,400,1.0,36.47
klappacher_twitter_6aed21de,400,400,1.0,11.22
klinikassyarif_twitter_050728c9,400,400,1.0,32.56
klou_twitter_79ef1e7e,400,400,1.0,17.22
knakamura1977_twitter_a23366ff,400,400,1.0,19.24
kochergin_twitter_71bc1b25,400,400,1.0,18.97
koky1982_twitter_4dc87c2e,400,400,1.0,29.46
korepov_twitter_f321721d,400,400,1.0,16.2
koryklem_twitter_422ef9f9,400,400,1.0,23.6
kostasdissios_twitter_36dab137,400,400,1.0,32.01
kreasimalam_twitter_c7dde480,400,400,1.0,37.97
kreiner_twitter_263cab99,400,400,1.0,16.36
kristapalmu_twitter_688a8c0c,397,397,1.0,26.33
kristelyoneda_twitter_db4daf8f,400,400,1.0,46.01
kristinacarlson_twitter_e876d9b3,400,400,1.0,37.66
kristinahowells_twitter_e52f2843,400,400,1.0,37.59
kristinarabarison_twitter_cebc327e,400,400,1.0,22.53
kristinrichey_twitter_7bbaf95c,400,400,1.0,20.15
kristjanmorgan_twitter_bcdd2755,216,216,1.0,9.74
kristysvihlikova_twitter_f8029544,400,400,1.0,14.81
krystasch_twitter_8f2fe3c9,400,400,1.0,30.48
ksquad_twitter_9cdf7cd2,400,400,1.0,29.52
kurtkelly_twitter_dc49ebf0,400,400,1.0,26.5
kylechildress_twitter_3685d9cd,400,400,1.0,25.83
kylemadson_twitter_4814bbb3,400,400,1.0,45.41
kylepearce_twitter_95130bcf,293,293,1.0,11.87
kylewiebalk_twitter_36364cb0,400,400,1.0,23.69
kyotonaradreamtrips_twitter_bca2684f,400,400,1.0,44.13
ladewig_twitter_b64b2c85,400,400,1.0,31.1
laffraff_twitter_a2e32ac5,400,400,1.0,21.35
lagonzi_twitter_29409c95,400,400,1.0,11.13
landaarte_twitter_7946253a,400,400,1.0,47.53
landissmithers_twitter_15c7544e,331,331,1.0,10.8
larchanka_twitter_0422454d,400,400,1.0,20.57
larrybroughton_twitter_af87f21b,400,400,1.0,20.38
larrylipsmeyer_twitter_88aee018,400,400,1.0,18.61
larsnystrom_twitter_fb200280,400,400,1.0,37.08
laughedelic_twitter_82f0f762,400,400,1.0,26.46
laura333_twitter_674c25ff,400,400,1.0,9.07
laurabestler_twitter_7933823f,400,400,1.0,27.69
lauramorelliphd_twitter_5c12d7a4,400,400,1.0,35.7
laurasfiat_twitter_0c65ea88,400,400,1.0,25.04
laurengrieco_twitter_f2aa5ab4,400,400,1.0,37.41
laurenhard_twitter_f18a1bcd,400,400,1.0,27.25
laurentlecler_twitter_8a920009,400,400,1.0,35.98
laurieturk_twitter_b3c00375,400,400,1.0,25.38
lavalion_twitter_b60fb8a9,400,400,1.0,46.1
leahmessina_twitter_76db8151,400,400,1.0,40.67
leandromaioral_twitter_2c47e5d6,400,400,1.0,15.31
leannekoh_twitter_510bc321,400,400,1.0,22.85
leannestaples_twitter_2d53a355,400,400,1.0,30.91
lebohangbucibo_twitter_ddb8a55c,400,400,1.0,19.01
leecassidy_twitter_7af64e58,400,400,1.0,22.5
leegunter_twitter_f36d8012,400,400,1.0,26.58
leeharmon_twitter_448ebf5c,400,400,1.0,23.48
leelyning_twitter_baabfd04,400,400,1.0,31.79
leetoomes_twitter_5ad1e20b,400,400,1.0,23.59
leiah_twitter_d9e296c2,400,400,1.0,45.17
lekstudios_twitter_fd91f41d,400,400,1.0,27.07
lelouchjoshua_twitter_069acb0a,400,400,1.0,31.81
lemihacioglu_twitter_39f556c5,400,400,1.0,14.94
lenhattrieu_twitter_04310bfe,400,400,1.0,32.93
leninluna_twitter_11a965e1,400,400,1.0,48.67
lennoazevedo_twitter_4a7eb5b6,400,400,1.0,35.97
leomrco_twitter_40189604,389,389,1.0,49.12
leonchia_twitter_799b82c6,400,400,1.0,21.3
leonovel_twitter_e1c8d073,400,400,1.0,38.88
leovigildo_twitter_4986ffcd,400,400,1.0,29.55
lerona_twitter_c37f6086,400,400,1.0,23.93
leslieerin_twitter_87fd6515,400,400,1.0,25.54
letandueza_twitter_432fd8e7,193,193,1.0,12.93
letchange_twitter_52e1fa9b,400,400,1.0,15.76
lewisevans777_twitter_a77e366e,400,400,1.0,23.15
lewisjordon_twitter_662c5954,400,400,1.0,47.82
libertrand_twitter_6108894c,400,400,1.0,36.08
lidahasbrouck_twitter_988e5031,400,400,1.0,29.41
lifeofbryan_twitter_5524dce3,400,400,1.0,17.5
ligiaadam_twitter_a5c1aedd,400,400,1.0,19.69
lilxand_twitter_f58009a1,400,400,1.0,20.48
lilyrdz_twitter_ff04f7d6,400,400,1.0,21.02
lindsayblogs_twitter_2d7b4959,400,400,1.0,36.41
lindsayrain_twitter_45af7d67,400,400,1.0,14.27
lingtime_twitter_6c868872,400,400,1.0,23.15
linji_twitter_05edbd64,400,400,1.0,20.35
linusblanket_twitter_727f8bb1,400,400,1.0,23.6
linzshelton_twitter_1f39afba,309,309,1.0,26.85
lisalaskaridis_twitter_18efd7df,400,400,1.0,33.01
lisamackay_twitter_25782075,400,400,1.0,21.72
lissendehors_twitter_4b0416b4,400,400,1.0,41.52
litasworld_twitter_cfff52b7,400,400,1.0,32.03
livej_twitter_1c87afd7,400,400,1.0,33.69
lizandromelean_twitter_cfc88c89,400,400,1.0,26.49
lizapierce_twitter_58c331b7,400,400,1.0,31.43
lizbarnett_twitter_8e7b3e76,400,400,1.0,57.96
lizcappon_twitter_60824e53,259,259,1.0,11.62
lizcarey13_twitter_b7dfc473,400,400,1.0,27.8
ljstubbs_twitter_c76bd191,400,400,1.0,17.94
lmdesign_twitter_fe9ab94d,400,400,1.0,6.96
logiops_twitter_f580dd9d,400,400,1.0,36.28
loig_twitter_dbfc352f,400,400,1.0,39.5
lollydurand_twitter_82d500d4,400,400,1.0,20.68
looiss_twitter_02f84660,400,400,1.0,22.65
loosehold_twitter_351f6cd6,400,400,1.0,52.28
loremoja_twitter_85929b8f,400,400,1.0,26.62
lorenia_twitter_2bef8fda,400,400,1.0,26.89
lorenzocaiazzo_twitter_f779e90f,400,400,1.0,31.5
lorielberg_twitter_fa8263b4,400,400,1.0,32.19
loriruff_twitter_f903750e,400,400,1.0,36.71
loscollacios_twitter_ff539e68,400,400,1.0,11.55
lotharseifert_twitter_961d0a0a,400,400,1.0,15.68
louised_twitter_d339d98b,400,400,1.0,29.32
loumartini_twitter_8f955eb4,400,400,1.0,37.77
lovebeyondwords_twitter_bc9c33e9,400,400,1.0,34.24
lovlesh_twitter_472fa2ee,400,400,1.0,27.61
lroddd_twitter_f5e6e280,400,400,1.0,43.72
lr_twitter_947a6756,400,400,1.0,28.46
ltenhagen_twitter_c6b7c347,400,400,1.0,21.16
luanadefaveri_twitter_162699f1,400,400,1.0,36.59
lucaantonini_twitter_2ffd7dea,400,400,1.0,37.44
lucabove_twitter_884cbafa,400,400,1.0,21.01
lucacatania_twitter_955c2ddb,400,400,1.0,30.28
lucasamura_twitter_b36bb199,400,400,1.0,28.95
lucasbally_twitter_41419cc0,300,300,1.0,15.29
lucasmaiacom_twitter_0d2cce9d,400,400,1.0,18.39
luckybag_twitter_53f674dc,400,400,1.0,16.32
luigibusti_twitter_54015272,400,400,1.0,14.16
luisaca_twitter_3b9b8409,400,400,1.0,23.76
luisfernandez_twitter_364b1e2c,240,240,1.0,9.99
luizalgarra_twitter_cc276f43,400,400,1.0,64.09
lurvina_twitter_3d202782,400,400,1.0,22.91
luviwebit_twitter_954bc1f4,400,400,1.0,24.02
lynnbrownca_twitter_9f3426b9,400,400,1.0,42.34
lynnwallenstein_twitter_c3b3667f,400,400,1.0,26.72
m2atk_twitter_30a5e99f,400,400,1.0,20.94
maayanplaut_twitter_242f596c,400,400,1.0,27.37
mabosekina_twitter_e8bc60a5,400,400,1.0,29.48
macchimatteo_twitter_50e05bcd,400,400,1.0,30.98
macenzo_twitter_57ae7be0,400,400,1.0,27.16
macgeeky_twitter_39fbcde3,400,400,1.0,28.53
madamebijoux_twitter_5366d0b0,400,400,1.0,46.48
maddalenafaedo_twitter_c69ccb1c,400,400,1.0,46.02
madgrin_twitter_37a4c81e,400,400,1.0,16.24
madovsky_twitter_3aa6c38c,240,240,1.0,5.09
mafaldida_twitter_2ba1f558,400,400,1.0,19.7
mafueri_twitter_ac82c42f,400,400,1.0,20.88
mahalululu_twitter_aeb03a07,400,400,1.0,21.63
majorg_twitter_200a3b88,400,400,1.0,27.97
malbarda_twitter_af1e0a7a,400,400,1.0,20.43
malbooth_twitter_01e536fa,302,302,1.0,18.54
maliagros_twitter_3db9b29d,400,400,1.0,30.18
malibumuffie_twitter_8091e502,400,400,1.0,35.21
mallikawow_twitter_381bc59b,400,400,1.0,20.94
malukorj_twitter_d35b08cf,348,348,1.0,19.79
mamakoid_twitter_30959590,400,400,1.0,28.06
mangaman_twitter_d3edff94,400,400,1.0,35.21
mangky_twitter_0dff8a1e,400,400,1.0,43.89
manolegloria_twitter_484aa1d6,400,400,1.0,34.22
manoshatzi_twitter_721b7a3d,400,400,1.0,45.08
manubordera_twitter_4098567b,400,400,1.0,25.69
manuretea_twitter_bd200eaf,400,400,1.0,26.34
marcalaninnes_twitter_6e581b9f,400,400,1.0,29.99
marcaugier_twitter_f51afdae,400,400,1.0,23.55
marccloutier89_twitter_e35d4325,400,400,1.0,21.86
marcdomingo_twitter_3c252b34,300,300,1.0,17.75
marcellemaire_twitter_87888cdb,400,400,1.0,65.23
marcelotalassuh_twitter_f5933253,400,400,1.0,24.03
marcelziul_twitter_cfd16109,400,400,1.0,25.85
marcioferreira_twitter_b0212f75,400,400,1.0,35.64
marclamber_twitter_fd78b351,400,400,1.0,25.13
marcmeltzer_twitter_8a139f74,400,400,1.0,20.05
marcocostanzo_twitter_dc2faac7,400,400,1.0,27.08
marcorivera_twitter_21bed8ac,400,400,1.0,21.46
marcosgeremias_twitter_b4bb7a03,400,400,1.0,33.54
marcsoares_twitter_6edc32a9,400,400,1.0,15.77
marcusmeisel_twitter_11cf0196,400,400,1.0,22.95
marcvatic_twitter_d43faecf,400,400,1.0,26.4
marcweil_twitter_90edf351,400,400,1.0,29.0
mariaalana_twitter_bbc8ca6d,400,400,1.0,20.77
mariamartinez_twitter_d128f3c0,400,400,1.0,39.84
mariamjameel_twitter_03c4a234,400,400,1.0,26.17
mariamonegro_twitter_834539fa,400,400,1.0,36.34
mariannehope_twitter_714c4d17,400,400,1.0,12.34
marianosanfilippo_twitter_0d3fad85,400,400,1.0,14.5
mariarti_twitter_b1561027,400,400,1.0,24.23
maribelcastilla_twitter_59ba3ecd,400,400,1.0,22.29
marioalberto_twitter_855fae64,400,400,1.0,29.21
marioalvarezch_twitter_a1acf212,400,400,1.0,18.76
marioh_twitter_33e3c302,400,400,1.0,39.28
mariomartinezarrabal_twitter_b8ab361c,400,400,1.0,12.28
marisasabatini_twitter_a4efed5a,400,400,1.0,26.15
marissahughes_twitter_a37d148d,400,400,1.0,30.74
mariuscucuruz_twitter_83e2c776,400,400,1.0,23.07
markbaar_twitter_5ee67ca7,400,400,1.0,20.87
markborkowski_twitter_bf38e950,400,400,1.0,38.41
markcastator_twitter_c9dd7555,400,400,1.0,18.83
markdunne_twitter_670342ac,400,400,1.0,38.61
markelmes_twitter_892d9ea8,400,400,1.0,26.76
marketingmichele_twitter_11f16a80,400,400,1.0,15.6
markgantt_twitter_8e7ba96e,400,400,1.0,33.53
markorandjelovic_twitter_9f408f09,400,400,1.0,29.55
markpuckett_twitter_a08f5a56,300,300,1.0,14.04
markusortner_twitter_ae22e3ca,400,400,1.0,24.18
markustressl_twitter_e2d80521,266,266,1.0,17.85
marlenebitzer_twitter_6ff401c2,400,400,1.0,32.52
marloncureg_twitter_b0267fa8,400,400,1.0,44.48
marnitako_twitter_49151130,400,400,1.0,12.7
marqueee_twitter_f8f49734,400,400,1.0,31.33
marquesstewart_twitter_1cc12e4d,300,300,1.0,12.96
marshacollier_twitter_11cbfe82,400,400,1.0,34.49
martincwalter_twitter_e672e01d,400,400,1.0,24.46
martinhinrich_twitter_dfca0c3e,175,175,1.0,8.52
martinosabia_twitter_f88664f2,400,400,1.0,21.53
martinrobinson_twitter_32fef6e3,400,400,1.0,27.19
martinsliz_twitter_c065a118,400,400,1.0,32.13
martinsoler_twitter_2811de0d,400,400,1.0,17.45
martinugalde_twitter_0e91332e,400,400,1.0,30.5
maruxz_twitter_4f2a5a42,400,400,1.0,26.85
marvin713_twitter_be3ab41d,400,400,1.0,33.85
marwsay_twitter_c624ea8d,400,400,1.0,20.58
mashael92_twitter_e7a802d5,400,400,1.0,5.18
maskdmegane_twitter_543225d7,400,400,1.0,31.6
masmith_twitter_5077f6b8,400,400,1.0,14.46
masoudhaghi_twitter_cdb6f6d6,400,400,1.0,12.04
massimosaviotti_twitter_f63addf5,400,400,1.0,36.22
matheusfsantos_twitter_039c71ce,243,243,1.0,9.3
mathiasmaul_twitter_34b87187,400,400,1.0,21.58
mathieubellet_twitter_b4c5d551,400,400,1.0,36.42
mathieurensen_twitter_7288d916,400,400,1.0,36.86
matluschek_twitter_11794b2f,400,400,1.0,23.85
matsgulbrandsen_twitter_a09bd579,400,400,1.0,14.76
mattauckland_twitter_2900821c,400,400,1.0,23.19
mattcoe_twitter_a339b9f4,400,400,1.0,26.13
matteolever_twitter_0370affb,400,400,1.0,22.41
mattharvey_twitter_b496ad9c,400,400,1.0,16.29
matthewduncan_twitter_2a19134d,400,400,1.0,30.41
matthewpantoja_twitter_a009d053,400,400,1.0,41.79
mattmassaro_twitter_42d26437,400,400,1.0,25.57
mattshields_twitter_2c6e5150,400,400,1.0,11.2
mattshultz_twitter_5266390a,400,400,1.0,19.54
mau_twitter_810d051c,400,400,1.0,21.13
maxculleen_twitter_838a420d,400,400,1.0,40.5
maxduke_twitter_b43521e2,400,400,1.0,21.89
maxfabrizi_twitter_64a686ab,400,400,1.0,28.5
maximdikun_twitter_e012cb94,400,400,1.0,27.36
maxuel84_twitter_2a222ef3,400,400,1.0,11.48
maxvazquez_twitter_b940fbef,400,400,1.0,32.2
maysounhanna_twitter_b16e4285,400,400,1.0,30.22
mazenjizani_twitter_71c9db49,400,400,1.0,38.17
mballada_twitter_167f1a49,400,400,1.0,16.57
mborodov_twitter_37392d35,400,400,1.0,33.43
mccoygalvan_twitter_6539d51b,400,400,1.0,59.65
mcdessureault_twitter_3389d035,400,400,1.0,29.51
mcoyne_twitter_339a4934,400,400,1.0,35.92
mdicer_twitter_cef832f6,400,400,1.0,39.0
mdupls_twitter_f1aaf0a0,400,400,1.0,37.14
meberl_twitter_b608a183,400,400,1.0,16.36
meganclark_twitter_10102f25,400,400,1.0,41.91
meganorr_twitter_f3a41600,400,400,1.0,36.54
megsrhea_twitter_369a2c4b,400,400,1.0,31.85
mekhovov_twitter_33fdfe0b,400,400,1.0,31.6
melaganodeojo_twitter_c133d10c,400,400,1.0,19.33
melanieburger_twitter_0166b386,400,400,1.0,38.86
melanieramone_twitter_17a2756c,400,400,1.0,28.9
melanieschram_twitter_d5ad9ce6,400,400,1.0,29.49
melindamoses_twitter_e5806991,400,400,1.0,37.15
melissademata_twitter_7db20926,400,400,1.0,23.8
melissagonzales_twitter_3fab42a8,400,400,1.0,22.44
melissata_twitter_6b7959bf,400,400,1.0,37.07
melodythacker_twitter_df2da0cf,400,400,1.0,20.79
melteruz_twitter_cd06957b,400,400,1.0,32.51
memorylanecarclub_twitter_7b41d6df,400,400,1.0,31.9
menchiesp_twitter_29b449ac,186,186,1.0,9.69
mendeavor_twitter_993b1923,400,400,1.0,16.33
mengqi_twitter_e746b682,400,400,1.0,19.59
mercry_twitter_c2c9587d,400,400,1.0,51.15
mervae_twitter_04e25115,400,400,1.0,20.8
meryba_twitter_1c45f0b9,400,400,1.0,18.69
metaed_twitter_5a632907,400,400,1.0,31.33
mhantirah_twitter_9ba1be87,400,400,1.0,19.23
mhenderson_twitter_b8a9ae6d,400,400,1.0,26.54
mherrling_twitter_3053757e,400,400,1.0,20.05
miamilawrence_twitter_55ce5521,400,400,1.0,20.99
miamirealestate_twitter_7422c5c9,393,393,1.0,40.59
micampioni_twitter_ad8d6100,400,400,1.0,29.9
michaelangelo_twitter_c03b3d6c,400,400,1.0,26.02
michaelaranda_twitter_e0cca2e5,320,320,1.0,23.57
michaelarmstrong_twitter_782cba9f,400,400,1.0,29.58
michaelberndt_twitter_737f7264,400,400,1.0,11.41
michaelcempa_twitter_4fb89646,400,400,1.0,19.38
michaeldutcher_twitter_65b89f9c,400,400,1.0,15.54
michaeldylanferrara_twitter_330cc59a,400,400,1.0,43.85
michaelgodfre_twitter_81b56241,263,263,1.0,15.06
michaelgoff_twitter_bd1bab80,400,400,1.0,31.0
michaeljdennis_twitter_94fd8883,400,400,1.0,29.04
michaelkoenig_twitter_c17e3420,400,400,1.0,17.3
michaelkrantz_twitter_8127e086,400,400,1.0,16.14
michaelpierceca_twitter_ee6a35a5,363,363,1.0,29.75
michaeltapp_twitter_a8fbd7b6,400,400,1.0,15.69
michaelwitham_twitter_d8140c8c,400,400,1.0,38.55
michaelwuensch_twitter_3a32b985,400,400,1.0,16.87
michelejmartin_twitter_b8bd5ea9,400,400,1.0,30.24
michelevitucci_twitter_f4eab92b,400,400,1.0,27.1
michellefreeman_twitter_4ce05b13,400,400,1.0,34.09
michellemcivor_twitter_5fe2908f,400,400,1.0,29.98
micheltrapani_twitter_911f0dc7,400,400,1.0,26.79
mickmurillo_twitter_33455ffc,400,400,1.0,37.79
midorimiller_twitter_0e7bcce5,400,400,1.0,19.5
mightycasey_twitter_f3673bf1,400,400,1.0,34.53
miguelandres_twitter_502b1412,400,400,1.0,41.07
miguelcaballero_twitter_aef41545,400,400,1.0,31.89
miguelcaria_twitter_3eab4dc4,400,400,1.0,23.35
migueldecastro_twitter_e1825048,400,400,1.0,15.42
miguelsanchz_twitter_b7197199,400,400,1.0,22.97
miguelsoler_twitter_2a39fb85,400,400,1.0,19.71
mihirs_twitter_65de7ac0,400,400,1.0,23.91
mikeantares_twitter_35c28110,256,256,1.0,5.43
mikeberrios_twitter_32b32605,400,400,1.0,13.82
mikeconaty_twitter_4717350f,400,400,1.0,24.99
mikecorak_twitter_b106a495,400,400,1.0,17.99
mikedarcyhughes_twitter_c0b8cc9e,400,400,1.0,29.01
mikedarnell_twitter_61eb6be9,400,400,1.0,34.97
mikehill_twitter_c2b5a848,400,400,1.0,23.83
mikehochanadel_twitter_3163283a,400,400,1.0,14.3
mikejeide_twitter_c83c0b40,400,400,1.0,39.74
mikelefebvre_twitter_a75f09fe,400,400,1.0,19.39
mikemartin_twitter_b12b062a,400,400,1.0,19.52
mikemcbride_twitter_ccb44d7d,400,400,1.0,26.25
mikeoneill76_twitter_9f1e9eab,400,400,1.0,26.48
mikestake_twitter_8db2463c,279,279,1.0,12.15
mikesupple_twitter_450cc8d6,400,400,1.0,11.47
mikewhitmore_twitter_ffc7eec9,400,400,1.0,39.45
mikewood_twitter_dd65acc3,400,400,1.0,33.28
mikey3982_twitter_a0c8724f,400,400,1.0,48.0
mikhailsevalnev_twitter_d0860905,373,373,1.0,16.45
milatatham_twitter_32f73789,400,400,1.0,14.66
milko_twitter_07971ddf,400,400,1.0,18.1
minhazchowdhury_twitter_61798156,322,322,1.0,9.77
minorcortes_twitter_f0aefb1b,400,400,1.0,25.61
miph_twitter_2efbb055,400,400,1.0,16.17
mirellenascimento_twitter_f130b6c9,400,400,1.0,39.72
mirkojankovic_twitter_6adc1cd9,400,400,1.0,21.94
miroslavhelcl_twitter_d1f80a89,400,400,1.0,28.03
misstammyum_twitter_439f30cd,400,400,1.0,22.57
missycaulk_twitter_a42fb9d1,400,400,1.0,33.54
misteranggie_twitter_2841b77d,400,400,1.0,40.62
mitb_twitter_7d096be7,400,400,1.0,32.74
mitchenglish_twitter_4ca0f0cd,400,400,1.0,13.75
mitz_twitter_576e5781,400,400,1.0,15.59
mjarron_twitter_1b41b5a4,400,400,1.0,25.19
mjbrender_twitter_620a182a,400,400,1.0,22.99
mlikeasong_twitter_bc30aaf4,400,400,1.0,25.34
mlucasx_twitter_80053b41,400,400,1.0,21.99
mnasir_twitter_63da8f00,400,400,1.0,24.66
mneidich_twitter_35be259b,400,400,1.0,49.64
mobillionaire_twitter_af5b9b09,400,400,1.0,28.8
mobyo_twitter_fe405393,400,400,1.0,21.11
mohsinnaeem_twitter_a55fef82,400,400,1.0,44.97
moisesrial_twitter_8c811175,400,400,1.0,22.49
molivieri_twitter_92ce360a,400,400,1.0,19.21
monicagmh_twitter_2027dfa0,400,400,1.0,19.14
monikafuchs_twitter_18925b2e,240,240,1.0,12.63
monik_twitter_7828ec38,400,400,1.0,64.84
montezmccrary_twitter_37f9ef46,400,400,1.0,25.47
montsev_twitter_2d6f1f59,398,398,1.0,26.37
morganbrady_twitter_d0d0e383,400,400,1.0,25.72
mrandrewbradley_twitter_5c4b73ac,400,400,1.0,30.83
mrbambang_twitter_43c1d924,400,400,1.0,36.88
mrdrazad_twitter_6a2b07cd,400,400,1.0,16.31
mrjamesnoble_twitter_434eedb7,400,400,1.0,26.91
mrobertsonline_twitter_b6855b37,334,334,1.0,13.9
mrsimonwood_twitter_c7c60128,400,400,1.0,41.6
mrsrosietaylor_twitter_6780ca8e,400,400,1.0,25.67
msanhuezacelsi_twitter_eef409d2,400,400,1.0,21.01
msjuliars_twitter_887ad06e,400,400,1.0,37.29
msyarif_twitter_0c27361c,400,400,1.0,28.45
mtoigo_twitter_3243c811,400,400,1.0,25.18
mtrcorona_twitter_3ba37a3b,400,400,1.0,38.29
muccitas_twitter_266c130d,399,399,1.0,29.47
muhamadtaufik_twitter_8e1aa08c,400,400,1.0,27.43
multifacetsflux_twitter_71222129,400,400,1.0,44.03
munait_twitter_514804e3,400,400,1.0,22.18
munta_twitter_77851c73,400,400,1.0,22.37
murphyz_twitter_7a1651e3,400,400,1.0,28.33
murrayfrancis_twitter_30208cec,400,400,1.0,27.58
mvalencaa_twitter_2135fb36,400,400,1.0,16.51
mybikemyworldcom_twitter_f1798481,400,400,1.0,27.57
mybookandmycoffee_twitter_bf411a40,400,400,1.0,24.75
mycroft221_twitter_8b677b2f,400,400,1.0,18.97
mylastpagefirst_twitter_6456021b,400,400,1.0,30.86
myriamsabolla_twitter_69b49086,400,400,1.0,24.5
nachoirazoqui_twitter_33acdc66,400,400,1.0,41.17
nachovega_twitter_7352d4f6,320,320,1.0,22.1
nadenemurray_twitter_0f8d30f1,400,400,1.0,18.52
nakeeb_twitter_29f4c45d,400,400,1.0,33.32
namesjamin_twitter_d5ad5073,400,400,1.0,20.48
nancielovesphotography_twitter_065a5f07,400,400,1.0,40.39
nancypham707_twitter_fe6fe62e,400,400,1.0,24.06
naningutoyo_twitter_96568701,400,400,1.0,40.92
narendraangkita_twitter_d075531c,400,400,1.0,22.44
nastia_twitter_c9938788,400,400,1.0,25.15
natalialamange_twitter_ca9ab5dd,400,400,1.0,40.67
nataliamartinez_twitter_6bb9edd0,400,400,1.0,23.94
natbuehler_twitter_3f2a9bcc,400,400,1.0,13.4
natelandau_twitter_9db35525,400,400,1.0,10.73
natelockwood_twitter_2e5d9c6b,400,400,1.0,33.51
natemcgee_twitter_017c9e59,400,400,1.0,17.51
nathanpduffy_twitter_b3041101,400,400,1.0,34.91
nathanwpace_twitter_7a38d61a,400,400,1.0,35.06
natureboundafrica_twitter_da13ea2b,400,400,1.0,21.32
naturesknockout_twitter_08031169,400,400,1.0,29.24
natyataniarza_twitter_4ea048c4,300,300,1.0,16.11
naveenkonduri_twitter_8cfaa8a2,400,400,1.0,36.14
negegabriel_twitter_dd7378e4,400,400,1.0,33.46
neophillip_twitter_8ecf421f,400,400,1.0,42.24
neotrix_twitter_510180a4,400,400,1.0,22.46
nerebe_twitter_ea6e56cb,400,400,1.0,46.03
neridawalker_twitter_c6ef765f,400,400,1.0,23.28
netpierre_twitter_d3fb517c,400,400,1.0,24.83
nfremd_twitter_fb626c18,400,400,1.0,43.02
nicholaschen_twitter_f7797305,400,400,1.0,32.58
niciacruz_twitter_1f4f6be4,400,400,1.0,6.94
nickbuttler_twitter_1113e8e1,400,400,1.0,16.75
nickcusters_twitter_77bc3581,170,170,1.0,8.32
nickesteen_twitter_c844126d,400,400,1.0,20.91
nickfrost_twitter_53ad8d68,400,400,1.0,31.21
nickgaston_twitter_521e3e78,400,400,1.0,22.24
nickitens_twitter_0ae0f97d,400,400,1.0,30.65
nickjborelli_twitter_3faaa8de,200,200,1.0,8.04
nicklove_twitter_e028cc24,400,400,1.0,30.54
nickstone_twitter_7644af68,400,400,1.0,17.58
nicksturrock_twitter_85cfbcb0,400,400,1.0,25.16
nicogarassino_twitter_6bb0250d,400,400,1.0,20.45
nicolalosito_twitter_272602d4,400,400,1.0,22.95
nicolashayek_twitter_94b833ce,400,400,1.0,22.33
nicolatimmins_twitter_99d9a869,400,400,1.0,18.7
nicolejackson_twitter_4d8abc3d,399,400,0.998,36.54
nicolenobs_twitter_58c1224c,400,400,1.0,32.56
nicoletteorlemans_twitter_41c5a92f,400,400,1.0,18.3
nictok_twitter_b9f6144c,400,400,1.0,33.49
niiabbey_twitter_6cd12195,400,400,1.0,28.45
niisniis_twitter_50e5b3ae,400,400,1.0,22.9
ninjamama_twitter_6e497f15,225,225,1.0,12.39
nitastronauta_twitter_bea6c670,400,400,1.0,13.21
niuz_twitter_e3bf621f,400,400,1.0,25.22
nob0322_twitter_099185b9,400,400,1.0,19.36
nobiann_twitter_844d6b56,400,400,1.0,43.09
nohemimata_twitter_29bddcc7,400,400,1.0,46.11
normiesd_twitter_1f4b7fe3,400,400,1.0,22.12
nosepuedevlc_twitter_b4d4cf15,400,400,1.0,24.37
noslo_twitter_1d9fa785,400,400,1.0,16.24
nrgiga_twitter_73aac26e,400,400,1.0,31.33
nuakin_twitter_91590daf,400,400,1.0,3.06
nvarsos_twitter_0e605abd,100,100,1.0,5.16
nvrcrysplledmlk_twitter_fb2a3a50,400,400,1.0,16.56
nwinburn_twitter_a847b6d7,400,400,1.0,24.12
nxhack_twitter_7508144f,400,400,1.0,28.06
nyskye_twitter_5c6ce12e,400,400,1.0,34.67
nzeckner_twitter_b6eb2c3a,400,400,1.0,31.78
obiwan_twitter_0100753a,400,400,1.0,21.77
obstaclespecialist_twitter_07993d8c,400,400,1.0,21.65
octubrerojo72_twitter_090fe06c,335,335,1.0,29.8
odile_twitter_e3def1f6,240,240,1.0,8.75
ogie_twitter_18d9e00a,400,400,1.0,19.39
ohadbarda_twitter_0f323fff,400,400,1.0,21.02
ohme_twitter_896dae18,400,400,1.0,23.02
ojdurham_twitter_b99bb2fa,400,400,1.0,25.88
oldolphin_twitter_926afa8a,400,400,1.0,21.87
oleandreas_twitter_a8bf98dc,400,400,1.0,32.01
olegwhite_twitter_5cb7feea,400,400,1.0,22.92
oliviaduran_twitter_cf3e4230,400,400,1.0,28.44
olivierbauermeister_twitter_a2a57162,320,320,1.0,18.73
olivierchapelle_twitter_751d043c,400,400,1.0,36.77
oliviertripet_twitter_a0e342ee,400,400,1.0,21.78
omaralamoudi_twitter_190af9a8,400,400,1.0,16.62
omarc_twitter_5162d916,400,400,1.0,27.51
omerabdellatif_twitter_30c5f722,400,400,1.0,26.72
omorgan_twitter_319c2b09,369,369,1.0,28.31
ongzb_twitter_5bd71b79,400,400,1.0,25.73
onuruzunismail_twitter_d269690b,400,400,1.0,15.62
opsigno_twitter_a2aa9076,400,400,1.0,15.27
optikalefx_twitter_c1cbd22a,400,400,1.0,24.96
optimusdag_twitter_4d51b84a,400,400,1.0,23.84
oracio_twitter_fafbad18,400,400,1.0,23.95
oscarray_twitter_b05e106f,400,400,1.0,23.89
oscarsantamaria_twitter_5884d142,400,400,1.0,39.41
oscarsvq_twitter_87eb9830,400,400,1.0,33.18
osmanaymelek_twitter_4832dc23,400,400,1.0,25.54
oticasparis_twitter_67aa1bb4,240,240,1.0,5.88
otir_twitter_61b691c4,240,240,1.0,7.06
otterfreak_twitter_68645688,400,400,1.0,57.14
oulmidianas_twitter_c4dc2587,400,400,1.0,18.11
outfoxer_twitter_9eae65e3,400,400,1.0,30.77
owenye_twitter_afc62ee7,400,400,1.0,36.59
oyvind_twitter_50d4fd1a,400,400,1.0,17.5
ozamodaz_twitter_a4f52b7b,400,400,1.0,22.21
ozcanozgur_twitter_d24fbe70,400,400,1.0,13.4
pablomartino_twitter_40867ce9,400,400,1.0,29.96
pabloxcl_twitter_6cd7d5f8,296,296,1.0,7.72
pacobarranco_twitter_a3df4a4c,400,400,1.0,24.28
pampiiranzo_twitter_74d100d0,400,400,1.0,34.14
pandafoodie_twitter_9430c1e4,400,400,1.0,29.13
panjim_twitter_c057abb0,400,400,1.0,16.02
paolaroldan_twitter_1c0c06bf,400,400,1.0,30.47
paolofrancescosita_twitter_744f162a,400,400,1.0,20.72
paondart_twitter_30da7c2d,400,400,1.0,12.04
papatyakaradede_twitter_041b506d,400,400,1.0,29.99
paramoreuruguay_twitter_e064f1d5,400,400,1.0,27.32
parhamb_twitter_a1ad179d,400,400,1.0,21.9
pasqualeparisi_twitter_ad93902f,400,400,1.0,30.03
patmulles_twitter_d4a45cc4,400,400,1.0,36.96
patriciadiez_twitter_01b0a2b9,400,400,1.0,13.98
patriciascholz_twitter_972eac4b,400,400,1.0,19.39
patriciawensch_twitter_ecf14e36,400,400,1.0,27.83
patricklarranaga_twitter_fc094825,400,400,1.0,16.38
patrickrousseau_twitter_a42b1111,400,400,1.0,35.62
patrickthoffman_twitter_f8ed4a30,400,400,1.0,36.56
patricktigue_twitter_42e7edc8,354,354,1.0,20.05
patrizio_twitter_340142a8,250,250,1.0,12.25
patton_twitter_ea7a0520,295,295,1.0,16.78
paulamaarisa_twitter_41d9a486,400,400,1.0,31.1
paulasimoes_twitter_4ddd4af5,400,400,1.0,21.59
paulatinocotrindade_twitter_04ce9d84,358,358,1.0,34.58
paulbekkum_twitter_bacfaae6,400,400,1.0,22.04
paulcripps_twitter_5794f3d8,400,400,1.0,27.09
paulerland_twitter_c5dbde39,400,400,1.0,33.73
paulgallagher_twitter_670ebb2f,400,400,1.0,23.33
paulinasalazar_twitter_cd7c1d40,400,400,1.0,15.04
pauloschiavon_twitter_46bb3976,400,400,1.0,22.21
paulpereira_twitter_d58963b1,400,400,1.0,19.53
paulseele_twitter_d30ba527,229,229,1.0,17.14
paulsloan_twitter_86a09762,400,400,1.0,18.16
paulstickland_twitter_062ca3e5,400,400,1.0,33.54
pavelrakusan_twitter_fef0d880,313,313,1.0,11.78
pavelsmirnov_twitter_57ec179a,400,400,1.0,23.26
pavelvassiljev_twitter_343f30c9,400,400,1.0,51.6
pbrady_twitter_0bf822a0,400,400,1.0,17.95
pbuyle_twitter_499c6692,240,240,1.0,3.87
pcmello_twitter_4a25506e,400,400,1.0,29.98
pcrampton_twitter_9b7dbd3b,400,400,1.0,8.23
pedrocaeiros_twitter_bac8f149,400,400,1.0,21.65
pedromolleda_twitter_eb253160,400,400,1.0,21.18
pedroparraguez_twitter_ae4cfb25,400,400,1.0,23.0
pedrsn_twitter_2e952ad9,206,206,1.0,7.53
peggynairn_twitter_44397252,400,400,1.0,25.35
pellenordin_twitter_1e4fa35d,400,400,1.0,19.94
pena_twitter_a5fa2e7d,333,333,1.0,19.6
pennycheng_twitter_85cb7a5c,400,400,1.0,29.17
peregeis_twitter_ceadc8e4,400,400,1.0,23.41
perolofarnas_twitter_b60b7c47,251,251,1.0,14.38
perzennstrom_twitter_000e70b3,250,250,1.0,14.79
petehill_twitter_922d157d,400,400,1.0,31.96
petergiordano_twitter_a2982e07,256,256,1.0,20.26
peterkapakos_twitter_1423e9f1,400,400,1.0,12.73
peterkornaat_twitter_2e55cff2,400,400,1.0,27.61
peterlombard_twitter_89af999e,400,400,1.0,25.73
petermonbailleu_twitter_ebb3490d,400,400,1.0,23.29
peterplaatsman_twitter_14c6c883,400,400,1.0,20.27
peterwells_twitter_3355108a,400,400,1.0,8.23
peteste_twitter_78a2fcd7,400,400,1.0,18.28
petevyler_twitter_bf51893a,400,400,1.0,57.72
pfiel_twitter_d13649b4,400,400,1.0,36.01
pfrias_twitter_56b51137,400,400,1.0,15.65
pgerngross_twitter_2d87bfaa,400,400,1.0,30.11
phi303_twitter_9b4ef46a,400,400,1.0,24.87
philackley_twitter_db6abab9,400,400,1.0,21.49
phoenixartistry_twitter_e84ef013,400,400,1.0,24.86
photoblogger_twitter_72c3f38f,313,313,1.0,13.9
photographybypixie_twitter_9f55d7ac,400,400,1.0,20.68
photosoldier860_twitter_a0952e14,400,400,1.0,27.14
phuzylogik_twitter_88ccdadf,400,400,1.0,27.64
pierreedouardschmitt_twitter_049e6b75,400,400,1.0,17.62
pinkcakebox_twitter_f89298d8,400,400,1.0,20.45
pinkuneko_twitter_08f2e588,400,400,1.0,40.43
pjbeyer_twitter_e624f6d2,400,400,1.0,19.06
plastikstuhl_twitter_66c575dd,400,400,1.0,40.24
platinumvoicepr_twitter_3cbfdb4c,400,400,1.0,20.68
pmilleredu_twitter_e938cfb7,400,400,1.0,29.78
pmoa_twitter_76242946,400,400,1.0,28.62
poetyca_twitter_cae2d8d4,137,137,1.0,7.62
pokipsie_twitter_e12411bd,400,400,1.0,32.83
pon_twitter_dba18bbf,400,400,1.0,27.59
poohkohawaii_twitter_ca6269be,312,312,1.0,19.48
pqhoang_twitter_73f81056,400,400,1.0,24.67
pressnet_twitter_867a1654,400,400,1.0,32.87
prestonpardy_twitter_a3c0791b,400,400,1.0,39.51
prettypinkponies_twitter_72ad8af8,400,400,1.0,16.34
prissajean_twitter_5fd73307,400,400,1.0,20.03
producimosideas_twitter_212ddf3b,400,400,1.0,15.18
pugin_twitter_5b43b36d,400,400,1.0,37.41
punzoo_twitter_f3fbff89,400,400,1.0,64.26
purinek2_twitter_08993a51,300,300,1.0,19.33
putuebo_twitter_60c06ca6,400,400,1.0,23.65
queenesther_twitter_fc161a71,170,170,1.0,4.92
r3d_twitter_4f8f6293,225,225,1.0,7.83
raccettura_twitter_03b8e3be,400,400,1.0,32.43
rachaelbeauty_twitter_a98f4199,400,400,1.0,32.87
rachelrvincent_twitter_ad04c43a,400,400,1.0,19.9
rachelzevita_twitter_5a009021,400,400,1.0,20.27
radiomann1_twitter_2b83014d,400,400,1.0,31.26
rafacama_twitter_89aa43d7,400,400,1.0,23.99
rafaelbustamante_twitter_9536a06a,400,400,1.0,42.26
rafaelochoa_twitter_3b3d8300,400,400,1.0,22.52
rahmatmh_twitter_c5ad04db,400,400,1.0,50.4
rahsheen_twitter_caa200c8,400,400,1.0,22.08
ralphdepagter_twitter_f73f25ff,400,400,1.0,16.58
ramizahrahman_twitter_43ee1c14,300,300,1.0,15.56
randomandodd_twitter_458aedd9,400,400,1.0,31.75
randyrichter_twitter_dbfaeb22,50,50,1.0,1.63
ranjiththomas_twitter_230780f5,400,400,1.0,33.9
rappler_twitter_53cb9f7c,400,400,1.0,15.91
rappscott_twitter_bbed4b67,400,400,1.0,39.96
raquelsotollacer_twitter_12199d1e,216,216,1.0,9.67
raquelvillarreal_twitter_46100a2f,240,240,1.0,7.22
raulk_twitter_b2e1fb92,400,400,1.0,19.5
ravenlynch_twitter_833f63c6,400,400,1.0,32.42
ravidor_twitter_f1297781,400,400,1.0,32.88
ravimohan2_twitter_4e907de9,400,400,1.0,20.53
raychang_twitter_246877b6,400,400,1.0,27.89
rayhowe_twitter_15fd19b5,400,400,1.0,35.24
raymondwyu_twitter_a9a6a921,400,400,1.0,22.67
razshafer_twitter_510c575f,400,400,1.0,28.39
rbanffy_twitter_4ded632f,351,351,1.0,17.63
rdeva_twitter_66ca81e8,400,400,1.0,18.57
rdhnk9_twitter_2e9c1845,400,400,1.0,16.62
rdvnfrtn_twitter_39d3e267,400,400,1.0,30.52
rebeccamaguire_twitter_20fc4e30,371,371,1.0,23.8
rebeccateldja_twitter_fcb9e061,400,400,1.0,19.89
redphone_twitter_da97e782,400,400,1.0,24.04
regtiangha_twitter_486605e4,400,400,1.0,25.69
relixvariety_twitter_6bfb7cff,400,400,1.0,26.35
remyandella_twitter_cce38f7d,400,400,1.0,17.4
renelego_twitter_8520103d,400,400,1.0,32.17
reportertim_twitter_bdc45172,400,400,1.0,22.46
reuscher_twitter_9128dd4a,400,400,1.0,24.92
rheyankaj_twitter_ca76f1ac,400,400,1.0,26.79
rhoinkes_twitter_4514aaf0,342,342,1.0,25.83
ricardoanton_twitter_db73ee54,400,400,1.0,23.43
ricardopadilha_twitter_28f7db1e,400,400,1.0,21.07
ricardosalgado_twitter_a67a52c7,400,400,1.0,24.58
riccardoghignoni_twitter_0246b5cb,400,400,1.0,30.17
richardajacobson_twitter_669b64f2,144,144,1.0,5.12
richardharrington_twitter_890f5870,400,400,1.0,20.35
richardterborg_twitter_47c1ff50,400,400,1.0,23.38
richardthomson_twitter_49751783,400,400,1.0,31.4
richtosi_twitter_d7781694,400,400,1.0,13.04
rickcaffeinated_twitter_85c47b88,267,267,1.0,12.19
rickycain_twitter_5a0c8795,400,400,1.0,18.34
rickzwiep_twitter_f48cb7c4,400,400,1.0,32.96
ricmccoy_twitter_29323cbf,400,400,1.0,24.73
ricseedbluebubbledesign_twitter_efa0c588,394,394,1.0,39.35
riefaja_twitter_2d16af9e,400,400,1.0,36.18
rielax_twitter_287e6b5a,400,400,1.0,43.87
rieramadhaanie_twitter_95559c04,400,400,1.0,32.06
rikardohj_twitter_e49d3023,400,400,1.0,26.38
rjacquez_twitter_165247fa,400,400,1.0,20.42
rjjaramillo_twitter_5bc60093,400,400,1.0,22.1
rjudas_twitter_03f2fc9d,400,400,1.0,15.88
rkellyga_twitter_e84def54,400,400,1.0,26.74
rmichaelbrown_twitter_37dad87f,400,400,1.0,27.36
rmorrison_twitter_c2e7acd2,400,400,1.0,18.67
roadzy_twitter_5a48972f,400,400,1.0,23.81
roannarupinta_twitter_47ddc520,400,400,1.0,19.66
robaris_twitter_b94a33a2,400,400,1.0,28.27
robboudon_twitter_ab47cc4d,400,400,1.0,21.84
robertbadillo_twitter_3931cd30,400,400,1.0,23.4
robertbarney_twitter_bf04aa53,400,400,1.0,30.02
robertbirnie_twitter_55171ca6,400,400,1.0,41.92
robertjonathan_twitter_b4517402,400,400,1.0,15.63
robertschueler_twitter_2f8881ef,400,400,1.0,15.0
robingood_twitter_f96a762c,400,400,1.0,21.69
robinhassan_twitter_02921c0b,400,400,1.0,31.95
robkrueger_twitter_231481d6,400,400,1.0,8.27
robmoses_twitter_87da1a79,400,400,1.0,28.6
robnelson_twitter_6bdaab25,400,400,1.0,43.15
robseaver_twitter_583d116a,400,400,1.0,21.83
robwillington_twitter_df32046c,400,400,1.0,22.21
robwoodbridge_twitter_b895da06,287,287,1.0,17.39
rockaz_twitter_5be5ad2e,400,400,1.0,20.69
rockstarmomlv_twitter_3543907c,400,400,1.0,36.58
rockyvy_twitter_f4a4b184,400,400,1.0,22.35
rodmeier_twitter_626598c4,400,400,1.0,23.97
rodmilam_twitter_5b9ca20b,400,400,1.0,15.01
rodrigoluna_twitter_8e25c865,400,400,1.0,18.87
rogerbalettie_twitter_eadbce86,400,400,1.0,34.51
rogerellman_twitter_36e3371c,400,400,1.0,20.12
rohnjay_twitter_ef2597d2,400,400,1.0,22.3
roh_twitter_a365eef8,400,400,1.0,19.95
rolfek_twitter_90986cb9,400,400,1.0,21.82
romcalbc_twitter_5cca21d8,400,400,1.0,28.38
rommiej_twitter_84d0147a,400,400,1.0,27.29
romulocostacurta_twitter_eccaed7c,400,400,1.0,10.3
romybeatwriter_twitter_008d2f8b,400,400,1.0,23.75
ronaldomanga_twitter_37eae251,400,400,1.0,32.97
roncaglia_twitter_a787050e,400,400,1.0,37.72
ronlute_twitter_46e29637,400,400,1.0,38.4
ronron607_twitter_c9c85270,400,400,1.0,32.06
ronsela_twitter_ff050895,400,400,1.0,15.59
roook_twitter_28bfed5e,400,400,1.0,36.65
roseannefoxx_twitter_a38b57ef,400,400,1.0,33.69
rositaxx_twitter_b7059a67,400,400,1.0,49.12
rousso_twitter_59e84726,400,400,1.0,22.83
rowdyfolk_twitter_a2a538da,400,400,1.0,46.21
roxipappa_twitter_e1520ccf,400,400,1.0,27.5
roybird_twitter_2534c68d,400,400,1.0,18.45
roysteele_twitter_b6d88bf1,320,320,1.0,19.07
royterp_twitter_28a40299,400,400,1.0,24.79
rscpics_twitter_81eb30db,400,400,1.0,14.74
ru0905_twitter_9635c14e,400,400,1.0,35.92
ruanalmeida_twitter_0318eba0,400,400,1.0,20.52
rubenbrave_twitter_2d5e3366,400,400,1.0,20.95
rubenmascarophotography_twitter_756b0938,400,400,1.0,26.21
rubodewig_twitter_fa89137d,400,400,1.0,33.88
rude64_twitter_4648b5b3,400,400,1.0,23.14
rudestan_twitter_24dad8be,400,400,1.0,18.78
russellvjward_twitter_5725bf3f,400,400,1.0,31.39
russpond_twitter_d8977b8b,400,400,1.0,20.35
ryanfrazier_twitter_bdfd301a,400,400,1.0,19.41
ryanjgoodman_twitter_8e97ae97,400,400,1.0,50.55
ryanketterman_twitter_07c376be,400,400,1.0,5.97
ryanlmurphy_twitter_2b3497cd,400,400,1.0,34.64
ryanott_twitter_eddc944e,400,400,1.0,31.23
ryanporter_twitter_f50df5a3,400,400,1.0,15.4
ryanthompson_twitter_c403efec,350,350,1.0,26.12
s0uls_twitter_354cae4f,400,400,1.0,42.42
s1lentb0buk_twitter_65fe0dc6,400,400,1.0,31.09
sabrinamiso_twitter_075c6b5e,400,400,1.0,10.14
sachaqs_twitter_510fc552,400,400,1.0,44.57
sachiyokojima_twitter_73509f19,400,400,1.0,5.63
sacpetsits_twitter_89d93487,400,400,1.0,25.75
saeedalmenhali_twitter_96067146,400,400,1.0,19.53
sahithi_twitter_4b77fa07,400,400,1.0,16.02
sakshamgumber_twitter_8aecaf3b,400,400,1.0,34.19
salikov_twitter_2605b0dc,400,400,1.0,34.74
salinasmx_twitter_f156d5af,300,300,1.0,17.34
samanthaholloway_twitter_787a8b35,400,400,1.0,26.72
samarb_twitter_b73a7536,240,240,1.0,11.51
sambassman_twitter_b32456fa,400,400,1.0,19.96
samipage_twitter_5bdde226,400,400,1.0,26.09
samuelmartinx_twitter_07e75f74,400,400,1.0,25.53
samuelreis_twitter_6206dfd4,400,400,1.0,10.78
samuelstrickland_twitter_cf56073d,400,400,1.0,18.63
samwhite_twitter_4bfb88bb,400,400,1.0,28.49
sanahsayani_twitter_0ff44974,400,400,1.0,40.53
sanderdatema_twitter_b21c3162,400,400,1.0,31.43
sanderterhaar_twitter_b6dde02f,400,400,1.0,25.99
sandieterenzisellshomescom_twitter_6c6fcd84,400,400,1.0,24.02
saniday_twitter_c7d20258,400,400,1.0,25.11
sanpedrohotelspa_twitter_01abb6dd,400,400,1.0,39.55
santayanapower_twitter_d86bdf33,400,400,1.0,37.71
sanurasnowpaw_twitter_7076f8ec,400,400,1.0,24.49
sarahemiline_twitter_685fdc01,400,400,1.0,32.84
sarahjones_twitter_fb2dffb4,400,400,1.0,14.33
saratpollock_twitter_09423e27,400,400,1.0,27.26
sarito_twitter_d89bbaa5,400,400,1.0,47.41
satoryasuga_twitter_1a945fe9,400,400,1.0,22.29
satotaka_twitter_7cd90995,400,400,1.0,29.92
saurospagnol_twitter_70707e7e,400,400,1.0,3.05
saviodemartino_twitter_03e07da9,400,400,1.0,37.81
scesini_twitter_cd27e127,400,400,1.0,36.19
scg33esp_twitter_b8d5fed8,400,400,1.0,42.61
scherem_twitter_4ba05b29,400,400,1.0,34.43
scherka_twitter_60e80184,400,400,1.0,23.26
scherre_twitter_b8044559,400,400,1.0,44.53
schlossneubeuern_twitter_a8d60970,400,400,1.0,12.96
schneidan_twitter_4bccaae4,400,400,1.0,18.81
scholzeralph_twitter_567d5449,400,400,1.0,10.72
scottbellisario_twitter_6b9613f9,400,400,1.0,35.99
scottellisonphotography_twitter_d09444e9,333,333,1.0,28.77
scottjwalter_twitter_a0b333a6,400,400,1.0,17.62
scottycze_twitter_a905f428,400,400,1.0,22.03
scoutshonor_twitter_7d05be4e,400,400,1.0,19.47
scowie_twitter_54596923,400,400,1.0,16.92
seancoyne_twitter_af76f774,400,400,1.0,22.16
seanmcmenemy_twitter_4f379188,400,400,1.0,27.92
sebastianjimenez_twitter_cb18ed4f,400,400,1.0,22.96
sebastianlofvall_twitter_4de2ef38,400,400,1.0,16.68
sebastianmueller_twitter_31cad4df,400,400,1.0,57.76
sebastienbarre_twitter_8727d673,400,400,1.0,25.99
sebgonza_twitter_4554e722,400,400,1.0,26.61
sebhawker_twitter_83feb5e2,369,369,1.0,17.81
seerickson_twitter_0adf8381,400,400,1.0,23.91
sekarkhatulistiwa_twitter_0f4bad4e,400,400,1.0,23.12
semilla_twitter_6a9e442f,400,400,1.0,30.79
seraphim_twitter_155311ef,400,400,1.0,28.03
sercanparan_twitter_46778234,400,400,1.0,26.1
serdarbarut_twitter_8e2c5044,400,400,1.0,22.33
sergeioarroyo_twitter_98a6c9df,400,400,1.0,39.66
sergioelizondomora_twitter_0e693dee,400,400,1.0,24.31
sergiopellico_twitter_b5076bbc,400,400,1.0,22.33
sergiovenuto_twitter_87107233,400,400,1.0,19.36
serra_twitter_e0b02472,256,256,1.0,12.56
serveure_twitter_c8cd06e4,240,240,1.0,8.01
sfharper_twitter_5c03a1a9,400,400,1.0,24.1
sfy_twitter_870e1700,400,400,1.0,17.64
shalahbowden_twitter_66643dc5,400,400,1.0,17.17
shanedesloges_twitter_a6c7ec69,400,400,1.0,24.78
shanestokes_twitter_cd0e5f82,400,400,1.0,58.94
shanewalter_twitter_4848e3a1,392,392,1.0,31.68
shanmoorthy_twitter_9cc764a6,400,400,1.0,24.35
shannonedris_twitter_a35b0c8b,400,400,1.0,34.69
shannonkelley_twitter_4f282eba,400,400,1.0,26.72
sharonpianchan_twitter_f21c6061,400,400,1.0,14.37
shaunsimpson_twitter_dbb37e18,400,400,1.0,26.42
shawnalholman_twitter_25eaa3b1,400,400,1.0,25.06
shawnday_twitter_d272ef74,400,400,1.0,32.47
shawnmor_twitter_151d4235,400,400,1.0,16.9
shaymfa_twitter_acfba946,400,400,1.0,25.47
shazasalem_twitter_3373906a,400,400,1.0,21.41
sheanroberts_twitter_de38c31c,400,400,1.0,35.83
shehannf_twitter_f2a41450,267,267,1.0,14.83
shelleysanders_twitter_dc8f6027,400,400,1.0,48.77
shelleywest_twitter_61b58e80,400,400,1.0,22.97
sherekaan_twitter_1b40f342,400,400,1.0,23.43
sherifhany_twitter_e623be40,300,300,1.0,28.25
sherrytrueself_twitter_47d6d530,400,400,1.0,20.65
shibuibrahim_twitter_a729b460,400,400,1.0,19.32
shintaroabe_twitter_54652463,400,400,1.0,11.86
shonhughes_twitter_32ffc4f1,400,400,1.0,14.1
shortformelissa_twitter_c816f818,400,400,1.0,37.04
shugo_twitter_b75d733b,400,400,1.0,21.11
siam_twitter_2f6bc02a,400,400,1.0,26.77
sicarpv_twitter_7f65caca,400,400,1.0,11.83
sidali_twitter_3f20d524,400,400,1.0,21.03
sidede_twitter_6e1291ea,400,400,1.0,16.78
sidsel_twitter_a6ed81dd,400,400,1.0,24.0
signhk_twitter_8a31cd7b,240,240,1.0,6.53
sigurdson_twitter_aaf9310a,400,400,1.0,27.22
siguy_twitter_7a082433,400,400,1.0,30.76
silviabriano_twitter_fe2df68f,400,400,1.0,23.19
silviafattori_twitter_785a0bfe,400,400,1.0,23.75
silviafoglia_twitter_ba2e0628,400,400,1.0,18.33
simonemccallum_twitter_6dc52e31,256,256,1.0,12.14
sio_twitter_e4fe1bbc,400,400,1.0,11.32
sirmmo_twitter_979a3b13,400,400,1.0,24.88
sitiodascitacoes_twitter_990ce278,400,400,1.0,13.37
skyjunior203_twitter_15d43683,400,400,1.0,12.91
skypanther_twitter_7276169d,400,400,1.0,19.75
slakker9_twitter_c1339ec6,400,400,1.0,12.16
smediabutterfly_twitter_f8d8e133,400,400,1.0,26.73
smokinronniehalcomb_twitter_42a33e45,229,229,1.0,16.01
sniyazov_twitter_4291a9e8,400,400,1.0,23.12
snowhole_twitter_23b3bd2b,400,400,1.0,21.94
socialcrm_twitter_5f42be80,400,400,1.0,24.6
socialleslie_twitter_0ba98e23,400,400,1.0,19.46
societychurch_twitter_7acf9a45,400,400,1.0,24.97
soenarko_twitter_8a1d2dbf,400,400,1.0,24.03
sohochoc_twitter_cecc26d1,192,192,1.0,8.21
sokazo_twitter_fe9d55dd,400,400,1.0,24.24
sokrekl_twitter_fd2f69d2,400,400,1.0,26.91
solomonbrothers_twitter_75bbc695,180,180,1.0,6.0
soloseba_twitter_2bae5a18,400,400,1.0,31.17
solutionsinla_twitter_41b98303,400,400,1.0,17.66
sommercollier_twitter_4181036f,400,400,1.0,41.88
soniagennaro_twitter_1059f0c7,400,400,1.0,24.84
soniapolacci_twitter_9a32f1e7,400,400,1.0,16.97
sonic010739_twitter_c314e540,400,400,1.0,31.37
sonnyellar_twitter_a9df2e9d,400,400,1.0,37.18
sorayasantos_twitter_2bd2b9ae,400,400,1.0,32.02
sorgenia_twitter_353a49c5,400,400,1.0,11.94
soulsailor_twitter_cbe10188,400,400,1.0,33.21
soundroll_twitter_f83af302,400,400,1.0,39.52
soyoscar_twitter_4b8f6428,400,400,1.0,38.26
spacefoxstudio_twitter_1003bd92,400,400,1.0,22.5
speakingbadger_twitter_145a24ed,400,400,1.0,19.78
srcalypsoo_twitter_1696e34c,400,400,1.0,19.24
sroyer_twitter_c7ac23eb,400,400,1.0,22.34
ssalazars_twitter_c57bdce4,400,400,1.0,23.83
ssofia_twitter_2c4b2da8,400,400,1.0,25.61
staboada_twitter_e377a5c0,400,400,1.0,19.67
stacysanchez_twitter_c271be91,186,186,1.0,6.69
stefanocannizzaro_twitter_f2a1d53f,400,400,1.0,27.87
stefanogiudici_twitter_b2da153b,400,400,1.0,23.47
stefanwoldekidan_twitter_46abbc88,400,400,1.0,22.37
stenmartin_twitter_8126b74f,400,400,1.0,26.73
stephaniebogus_twitter_ed151cce,400,400,1.0,21.5
stephaniemaxwell_twitter_25ad05ec,400,400,1.0,31.93
stephaniemcd_twitter_b55ff373,400,400,1.0,41.7
stephanieowen_twitter_64775330,400,400,1.0,22.53
stephanlendl_twitter_e785495d,400,400,1.0,20.08
stephenalee_twitter_b10d757e,400,400,1.0,15.97
stephenbarr_twitter_b036364f,400,400,1.0,30.71
stephenbonner_twitter_e0fd2ee6,400,400,1.0,28.86
stephend3_twitter_d359aaea,400,400,1.0,16.01
stephenitis_twitter_2e8ded5c,400,400,1.0,29.63
stephenjscott_twitter_4438a161,400,400,1.0,24.43
stephenmillard_twitter_3f879dbd,400,400,1.0,27.52
stephenwells_twitter_efd0c92e,400,400,1.0,46.22
stephintoronto_twitter_30066e51,400,400,1.0,13.91
stephlauren_twitter_bc00ac3b,400,400,1.0,32.05
stevegarfield_twitter_4da1e447,400,400,1.0,22.89
stevei_twitter_3434df97,400,400,1.0,15.79
stevenabittan_twitter_6890a36e,400,400,1.0,24.92
stevencullifer_twitter_1b14998d,400,400,1.0,16.43
stevendamron_twitter_e3588812,400,400,1.0,32.7
stevenlarson_twitter_f76c0661,400,400,1.0,27.14
steventjones_twitter_c7fcbb8d,400,400,1.0,28.74
steveweston_twitter_7b49659d,400,400,1.0,23.81
stewarthayes_twitter_26887e93,400,400,1.0,40.2
stickgrinder_twitter_d6a61627,400,400,1.0,25.94
stoneyxl_twitter_a41eb6b2,400,400,1.0,38.08
stormy86_twitter_f017a36b,400,400,1.0,35.14
strawfish_twitter_e457cda8,393,393,1.0,21.25
stregato86_twitter_414150b0,400,400,1.0,30.11
stuarthiggs_twitter_701a28c1,400,400,1.0,29.64
studiomiguel_twitter_87356f2a,400,400,1.0,26.15
stuttgarter_twitter_c272cfe7,400,400,1.0,16.48
sucio_twitter_00399805,400,400,1.0,21.15
sudol_twitter_93fa21ea,400,400,1.0,20.42
sueblack_twitter_621aa64e,400,400,1.0,22.79
sugabetic_twitter_a1df951c,400,400,1.0,30.53
sukhighuman_twitter_6f0acd9e,400,400,1.0,20.8
sultangfx_twitter_139c3f72,400,400,1.0,19.63
sunanulhuda_twitter_6f93a57d,400,400,1.0,26.86
suneeshlal_twitter_ff77713d,400,400,1.0,16.22
sungoddess_twitter_0a1b76c5,400,400,1.0,35.87
sunshinessui_twitter_1a98dbed,400,400,1.0,19.89
sunupermana_twitter_5502fa04,400,400,1.0,13.27
supersupersuper_twitter_dbb72d1b,400,400,1.0,22.4
susanaayala_twitter_96ef1c13,400,400,1.0,25.38
susannahseefeldt_twitter_67ef4f49,400,400,1.0,32.66
susanrapp_twitter_05460e2a,400,400,1.0,17.8
susanscrupski_twitter_d2c87a79,400,400,1.0,23.9
suvrobanerji_twitter_ee423a98,400,400,1.0,14.47
suzannecourtney_twitter_19ddb761,400,400,1.0,44.39
svilen_twitter_983fb4c4,400,400,1.0,34.66
swarmster_twitter_4ec52488,400,400,1.0,20.21
swellsbennett_twitter_82a40c8e,400,400,1.0,28.29
swism_twitter_75bb6ed4,400,400,1.0,66.92
swissmountainleader_twitter_e1da210a,400,400,1.0,38.47
syedrushda_twitter_540554b2,400,400,1.0,31.14
symonchow_twitter_c66b5d30,400,400,1.0,24.37
syntasium_twitter_a1f5cfa6,400,400,1.0,37.73
tadd31_twitter_580802a9,400,400,1.0,16.8
taeff_twitter_e53f71b1,400,400,1.0,34.1
tahoe58_twitter_5515ce6a,400,400,1.0,21.65
talintyre_twitter_5fa93778,400,399,1.003,20.46
talrasha_twitter_25a67244,400,400,1.0,23.17
tanguymignot_twitter_a52e1025,172,172,1.0,5.77
taniagarron_twitter_787b579d,400,400,1.0,19.17
tanyagagnon_twitter_e6c17cf4,400,400,1.0,21.66
tapps_twitter_9b3c70de,400,400,1.0,32.96
tassoskapernekas_twitter_88c5d10b,400,400,1.0,20.23
tatianaavdjiev_twitter_3103b95a,400,400,1.0,17.77
taymoor_twitter_0446059e,400,400,1.0,27.77
tearyeyezs_twitter_63448b11,400,400,1.0,23.37
tedmihu_twitter_0edc169c,400,400,1.0,27.9
tedr_twitter_fa80e28c,400,400,1.0,24.13
tele_twitter_9519f294,360,360,1.0,4.55
tellurideblues_twitter_c61b253d,400,400,1.0,39.65
telmamelo_twitter_4f6c9e62,400,400,1.0,26.34
terrahambly_twitter_91da4cf1,400,400,1.0,27.58
terricoles_twitter_c0e08298,400,400,1.0,26.74
tessadufresne_twitter_a2a35a41,400,400,1.0,42.48
thalitasantos_twitter_3d9b9330,400,400,1.0,25.29
thanhnkh_twitter_e03e6bd0,400,400,1.0,15.05
thanser_twitter_39863a8a,400,400,1.0,19.14
thatgirlmegan_twitter_617e3a5f,256,256,1.0,13.92
thecomfortoutlet_twitter_3793746d,100,100,1.0,3.37
thecuriouscreative_twitter_41cd347c,400,400,1.0,25.82
thedanieljsmith_twitter_1235a678,400,400,1.0,13.3
thedudedean_twitter_37398770,400,400,1.0,27.17
thegadgeteur_twitter_72937d4f,240,240,1.0,11.65
thejeff_twitter_262022f8,400,400,1.0,23.3
thejennafox_twitter_4f956c3d,326,326,1.0,18.12
thejennylam_twitter_c89a201c,400,400,1.0,28.42
themichaelshane_twitter_1e6bea78,400,400,1.0,21.36
themiscfiles_twitter_d27b4324,400,400,1.0,19.28
theoryoferin_twitter_8d398912,286,286,1.0,16.84
thepanda_twitter_06168571,400,400,1.0,12.65
thereadingcircle01_twitter_d81e2dbf,400,400,1.0,30.12
theresag_twitter_ce7c639f,400,400,1.0,15.39
thesimonharris_twitter_465c1c45,334,334,1.0,23.98
thexwarrior_twitter_1b18fc62,400,400,1.0,25.25
thiagobusse_twitter_1c290eba,400,400,1.0,39.62
thierryocho_twitter_193917dc,400,400,1.0,32.92
thierryweber_twitter_fee183a2,400,400,1.0,17.25
thinkpositive_twitter_a0e1c2aa,296,296,1.0,11.92
thinzaroo_twitter_b117c631,400,400,1.0,25.5
thisgunforhire_twitter_fc8346b9,400,400,1.0,29.37
thomaskeup_twitter_0031c401,400,400,1.0,28.3
thomasmarcusgeorge_twitter_73d82e03,400,400,1.0,31.24
thomasosborne_twitter_7cf9d0c7,400,400,1.0,26.31
thomaspleil_twitter_7e69bffd,260,260,1.0,10.43
thomasseifert_twitter_71ecf510,400,400,1.0,19.62
thompsontanya_twitter_b4546d5b,400,400,1.0,34.41
thorstenbastian_twitter_7e543edb,400,400,1.0,9.9
threedot_twitter_094ef3d3,400,400,1.0,31.08
tiagohiroshi_twitter_7b709740,400,400,1.0,19.25
tiffanyff_twitter_ed05c88a,400,400,1.0,22.23
timbr_twitter_c3a4010c,240,240,1.0,7.76
timgolden_twitter_2310daee,400,400,1.0,17.09
timhoward_twitter_16cb4c45,400,400,1.0,20.39
timnewsome_twitter_07cdd4f9,400,400,1.0,48.64
timolsen_twitter_a0155da1,240,240,1.0,11.87
timothyalexander_twitter_50f69f1e,400,400,1.0,23.54
timothydahl_twitter_7a48ccfa,400,400,1.0,23.46
timothyjohn_twitter_5f65026d,400,400,1.0,25.0
timothylmooney_twitter_353e9b2e,400,400,1.0,29.14
timothyryan_twitter_9e971c95,400,400,1.0,11.66
timpowell_twitter_69e07ee7,400,400,1.0,26.0
timryan67_twitter_b6da0d97,273,273,1.0,15.52
tinrocket_twitter_10309275,400,400,1.0,20.13
tjanderson_twitter_3608955f,399,399,1.0,28.6
tks_twitter_f0b02230,400,400,1.0,26.2
tlindorfer_twitter_72ed5a43,400,400,1.0,29.31
tnsuarez_twitter_7bbdf08d,400,400,1.0,30.13
toddebert_twitter_0f4594b9,400,400,1.0,28.54
toledoscanner_twitter_38786b30,400,400,1.0,18.28
tomasfragoso_twitter_8bac8333,400,400,1.0,19.96
tomkeenebloomberg_twitter_3a766ce7,400,400,1.0,27.36
tomkenyon_twitter_ebf27878,400,400,1.0,33.16
tommyflovildengebretsen_twitter_a9f6a85d,400,400,1.0,14.67
tommyoshima_twitter_a80a1af3,400,400,1.0,18.14
tommyp_twitter_8a8d6073,400,400,1.0,14.25
tommyudo_twitter_b3636396,400,400,1.0,31.42
tommywhitty_twitter_a193cb70,400,400,1.0,12.3
tomparadiso_twitter_fc2b8ad4,400,400,1.0,29.24
tomromano_twitter_1c7b2977,400,400,1.0,19.38
tomviturino_twitter_7bf59f6a,400,400,1.0,20.88
tonyveroeven_twitter_e8065ae5,400,400,1.0,34.24
tooti_twitter_8d4dda64,400,400,1.0,25.41
topher5_twitter_f1df05c0,400,400,1.0,20.71
torid_twitter_9d86f47d,400,400,1.0,19.58
toriegehlmeyer_twitter_8301441d,400,400,1.0,35.14
torreyn_twitter_e7df9a1f,400,400,1.0,31.38
traced_twitter_328be1fb,400,400,1.0,36.12
tracidavis_twitter_cf672d04,400,400,1.0,25.56
tranceh2_twitter_3dae425d,400,400,1.0,21.56
tranericvu_twitter_4d9abf55,400,400,1.0,8.29
trezzaalfonso_twitter_917d9feb,400,400,1.0,34.74
tristantiteux_twitter_24631579,128,128,1.0,4.91
tronathan_twitter_ba11ea36,400,400,1.0,24.96
tselliott_twitter_a6c500b8,400,400,1.0,26.35
tuesdaygirl_twitter_bd174bec,400,400,1.0,34.24
tugak_twitter_f4b762c6,400,400,1.0,62.13
turbidsoul_twitter_fdfcd5a2,300,300,1.0,17.84
turieco_twitter_9ff697f1,344,344,1.0,18.07
turnerburns_twitter_451e192f,400,400,1.0,35.2
tuubagul_twitter_ac902216,400,400,1.0,37.55
tuyetanh_twitter_d1aaf2ac,400,400,1.0,28.39
twool9_twitter_483dc28f,400,400,1.0,18.62
tylerkessler_twitter_da056af8,400,400,1.0,34.05
tyroneeaton_twitter_7e691ea9,400,400,1.0,18.92
ube17_twitter_06b1e418,400,400,1.0,19.05
ubskur_twitter_25133884,400,400,1.0,19.64
ucedaman_twitter_8c3735b8,375,375,1.0,28.01
ucmusicdoc_twitter_7f3182e3,400,400,1.0,21.38
udomichelcuria_twitter_808f1bcb,400,400,1.0,15.26
uhachefe_twitter_838b24a2,400,400,1.0,30.84
uk01speed_twitter_dd6ca754,400,400,1.0,13.81
ullyses_twitter_b00540b6,400,400,1.0,24.85
ulrichraab_twitter_d4e62bf4,400,400,1.0,21.45
umarquez_twitter_99cdc00d,400,400,1.0,27.97
urmilesh_twitter_2f78e105,400,400,1.0,19.31
usmanarif_twitter_64ca021c,400,400,1.0,23.5
usuyu_twitter_e44e3077,400,400,1.0,19.95
utkuozturk_twitter_4ca2a0b4,400,400,1.0,31.25
uvmann_twitter_15024e57,400,400,1.0,19.44
vaduvaiulian_twitter_f00b3d32,400,400,1.0,17.21
valentinaspoto_twitter_27cd61b9,400,400,1.0,35.12
valentinthirion_twitter_28dbf126,400,400,1.0,34.94
valiuh_twitter_a4ec3ab6,400,400,1.0,22.66
vanessajeny_twitter_263a2a85,400,400,1.0,42.52
vanhci_twitter_6612157d,400,400,1.0,40.97
varunpramanik_twitter_316e24a3,400,400,1.0,27.62
vaseem_twitter_bf4ccac7,400,400,1.0,23.45
vegasbloggers_twitter_d682b714,150,150,1.0,4.77
vehiclehistory_twitter_411972e7,400,400,1.0,10.47
venicebeachstyl_twitter_e21ab02b,400,400,1.0,22.55
venkatsrao_twitter_b046038e,400,400,1.0,37.73
verygoodservice_twitter_4b5b7bd6,400,400,1.0,24.33
vicaso_twitter_4ffb9f31,400,400,1.0,12.25
vicdiaz_twitter_1ef7d7aa,400,400,1.0,38.07
vicentenadal_twitter_b732b452,400,400,1.0,27.72
vickiayala_twitter_c5c506bb,400,400,1.0,39.43
vickiewyman_twitter_fcfc0d57,400,400,1.0,24.08
victorhgtzr_twitter_b668a107,342,342,1.0,35.53
victoriaborja_twitter_4b23b9f1,400,400,1.0,36.3
victoriafield_twitter_bf9f8044,400,400,1.0,27.15
victormlgh_twitter_ea8aca98,400,400,1.0,48.54
victorruben_twitter_d222348d,400,400,1.0,35.34
vigerpersinger_twitter_a0e4bdfc,400,400,1.0,33.17
vikashkrgupta_twitter_4ad641e9,400,400,1.0,18.87
villy_twitter_33fdaf21,400,400,1.0,13.26
vilterpanitz_twitter_da72191a,204,204,1.0,7.12
vincenza_twitter_4984a525,240,240,1.0,8.22
vincenzopallotta_twitter_45a109d3,400,400,1.0,22.09
vinitmevada_twitter_7d37c73c,400,400,1.0,26.5
vinothnatarajan_twitter_3e0e0e9b,400,400,1.0,45.67
virajt_twitter_d74e1f60,400,400,1.0,16.78
virandesilva_twitter_2060829d,400,400,1.0,25.15
virgilalonso_twitter_ccf2e09f,400,400,1.0,17.39
visualem_twitter_e9b8af89,400,400,1.0,15.68
vitamingc_twitter_6192afc5,400,400,1.0,24.55
vivekreddy_twitter_32a6427f,400,400,1.0,22.04
vivienchan_twitter_be64b911,400,400,1.0,23.77
vizcacha_twitter_7dcfa0a4,400,400,1.0,35.45
vlasenko_twitter_35d903ac,400,400,1.0,52.07
volkovroman_twitter_c384bd3e,400,400,1.0,33.99
vonoiral_twitter_eec6b68b,400,400,1.0,25.89
voreshkov_twitter_09f11d71,400,400,1.0,25.59
voyta_twitter_f57b3450,400,400,1.0,21.81
wadolfo_twitter_03d809da,400,400,1.0,38.17
wakelight_twitter_92f83399,400,400,1.0,46.79
wakingsaints_twitter_4487f6fb,400,400,1.0,46.51
walterburton_twitter_8294bb6d,400,400,1.0,20.57
wangtianweijtwd_twitter_2d305898,400,400,1.0,11.12
warrenknight_twitter_7c6739f4,323,323,1.0,22.8
wautierent_twitter_57106352,50,50,1.0,2.03
wcntransmedia_twitter_c7ac5c62,400,400,1.0,19.76
webnelly_twitter_a81c6e1c,400,400,1.0,38.83
websenat_twitter_0c41abc3,400,400,1.0,15.23
weirdeetz_twitter_fddae116,400,400,1.0,26.67
wendimitchell_twitter_11c9fcc1,400,400,1.0,27.15
wendymccullar_twitter_f4b87fd7,400,400,1.0,22.44
wendyrollins_twitter_e40dcb00,319,319,1.0,21.97
wendytownley_twitter_012027b1,400,400,1.0,15.96
wesgrubbs_twitter_5585977b,400,400,1.0,38.39
wesleybackhouse_twitter_272ac37e,375,375,1.0,43.75
wesleycruise_twitter_43c1fc38,400,400,1.0,27.06
whfrank_twitter_9d06ac3d,400,400,1.0,25.26
whoyer_twitter_6755e96c,400,400,1.0,33.26
wideawakeness_twitter_bca8d2f9,400,400,1.0,29.26
wilberthleo_twitter_78fac8e3,400,400,1.0,23.61
wildcatwearhouse_twitter_dc4d67e1,400,400,1.0,33.37
wilkasg_twitter_5c979682,400,400,1.0,30.7
willblackford_twitter_0cd09853,400,400,1.0,18.17
williamdavieson_twitter_2087a25d,400,400,1.0,26.15
windyjonas_twitter_c197ec75,400,400,1.0,22.1
winniee_twitter_08a20a63,400,400,1.0,30.14
wirava_twitter_792ce1cf,400,400,1.0,17.33
wooddickinson_twitter_e923b7f6,332,332,1.0,23.96
woogybeef_twitter_17b2399b,400,400,1.0,32.46
wrightscs_twitter_905074ad,259,259,1.0,5.01
wrry_twitter_b272cfc6,400,400,1.0,20.46
ww1way_twitter_b1114607,400,400,1.0,36.12
wwwgoherbeu_twitter_b2f92f88,400,400,1.0,34.52
xavigaya_twitter_f2ece4fb,400,400,1.0,30.13
xavilife_twitter_59448006,400,400,1.0,30.75
xianyangwong_twitter_e7b619a0,240,240,1.0,12.0
yackeroeni_twitter_aabe6f61,400,400,1.0,7.66
yannispatras_twitter_ad579ce1,400,400,1.0,15.17
yaolu_twitter_7296abee,400,400,1.0,12.59
yasirnasir_twitter_c7d9354f,400,400,1.0,8.07
yatirido_twitter_3b6db0c0,400,400,1.0,54.3
ybenami_twitter_8bfbb530,400,400,1.0,25.35
ycnex_twitter_9ff158ad,400,400,1.0,17.7
yimozhang_twitter_23657583,400,400,1.0,25.33
yitsushi_twitter_2f72871e,400,400,1.0,34.21
ynprojectsoundcreator_twitter_93ae1723,400,400,1.0,11.67
yogasonry_twitter_c2b541a9,400,400,1.0,30.83
yogurinha_twitter_85747e47,400,400,1.0,32.58
yopefonic_twitter_baa7e4ec,400,400,1.0,20.77
yoshichika_twitter_845faecb,400,400,1.0,24.54
yosoysyt_twitter_549f160a,294,294,1.0,15.67
youngowen_twitter_ce7501da,400,400,1.0,24.69
yoyodre_twitter_8e817df7,400,400,1.0,19.61
yudik_twitter_8e3f2d19,400,400,1.0,20.31
yuliakatkova_twitter_8922f143,400,400,1.0,48.33
yusukeito_twitter_87eba658,400,400,1.0,30.91
yuyolarrazabal_twitter_d382c010,400,400,1.0,47.8
zableckis_twitter_3a15f9bb,400,400,1.0,32.42
zacharycrockett_twitter_e7f8d6d7,400,400,1.0,22.25
zackpund_twitter_b57106bc,400,400,1.0,31.88
zafra30_twitter_32e57b62,400,400,1.0,17.43
zahagc_twitter_78ed2f39,267,267,1.0,22.22
zaidilfirza_twitter_812c3b85,400,400,1.0,44.21
zaneriley_twitter_b8e810a8,323,323,1.0,28.63
zeluiscorreia_twitter_0f524fa8,394,394,1.0,28.14
zenabowli_twitter_9c078a57,400,400,1.0,30.09
zennie62_twitter_97386b3d,400,400,1.0,16.75
zenoskyline_twitter_5229e190,400,400,1.0,18.46
zepio_twitter_6ecff86e,400,400,1.0,45.37
zeravlar_twitter_efb35d9d,362,362,1.0,26.36
zero27_twitter_a202a97d,400,400,1.0,22.77
zgr213_twitter_35c423b4,400,400,1.0,5.1
zhimera_twitter_e7ae4884,400,400,1.0,42.67
zia505_twitter_8ee82f97,400,400,1.0,19.45
ziera_twitter_1eb26228,400,400,1.0,76.2
zigah_twitter_d3c9e5f0,400,400,1.0,21.23
zippyonline_twitter_e77ad2b2,400,400,1.0,45.48
zjonquil_twitter_dfca4508,400,400,1.0,14.3
zlatko_twitter_a3024647,400,400,1.0,20.49
zoedphotography_twitter_2720dc29,400,400,1.0,22.26
zoelaycock_twitter_bf617d8c,400,400,1.0,24.1
zouyuefen_twitter_d0c6c843,400,400,1.0,21.01
zwirwel_twitter_e3337274,400,400,1.0,17.08
