pair_name,model,source_profile_id,predicted_profile_id,is_correct_top1,predicted_match_probability,uu_sim,un_sim,ub_sim,same_country,same_city,geo_distance_km,loc_conf_src,loc_conf_tgt,loc_conf_min,true_candidate_in_topk
pairs_instagram_googleplus,RF,virotela,virotela,1,1.0,1.0,0.1,0.692308,0,0,5000.0,0.0,0.0,0.0,1
pairs_instagram_googleplus,RF,danajones,danajones,1,1.0,0.25,1.0,0.52381,0,0,5000.0,0.0,0.0,0.0,1
pairs_instagram_googleplus,RF,lukedavids,lukedavids,1,1.0,0.5,0.625,0.545455,0,0,5000.0,0.0,0.0,0.0,1
pairs_instagram_googleplus,RF,cheapblueguitar,cheapblueguitar,1,1.0,0.041667,1.0,0.448276,0,0,5000.0,0.0,0.0,0.0,1
pairs_instagram_googleplus,RF,peterkapakos,peterkapakos,1,1.0,0.153846,1.0,0.722222,0,0,5000.0,0.0,0.0,0.0,1
pairs_instagram_googleplus,RF,jameslutley,jameslutley,1,1.0,1.0,1.0,1.0,0,0,5000.0,0.0,0.0,0.0,1
pairs_instagram_googleplus,RF,dengdeng,dengdeng,1,1.0,0.363636,0.444444,0.4,0,0,5000.0,0.0,0.0,0.0,1
pairs_instagram_googleplus,RF,janiv,janiv,1,1.0,0.5,1.0,0.866667,0,0,5000.0,0.0,0.0,0.0,1
pairs_instagram_googleplus,RF,aferrandini,aferrandini,1,1.0,0.6,1.0,0.894737,0,0,5000.0,0.0,0.0,0.0,1
pairs_instagram_googleplus,RF,carloschevez,carloschevez,1,1.0,0.642857,0.769231,0.55,0,0,5000.0,0.0,0.0,0.0,1
pairs_instagram_googleplus,RF,sardinasa,sardinasa,1,1.0,0.538462,1.0,0.882353,0,0,5000.0,0.0,0.0,0.0,1
pairs_instagram_googleplus,RF,brianeisley,brianeisley,1,1.0,1.0,1.0,1.0,0,0,5000.0,0.0,0.0,0.0,1
pairs_instagram_googleplus,RF,philipraybennett,philipraybennett,1,1.0,0.294118,1.0,0.636364,0,0,5000.0,0.0,0.0,0.0,1
pairs_instagram_googleplus,RF,earthxplorer,earthxplorer,1,1.0,0.055556,1.0,0.434783,0,0,5000.0,0.0,0.0,0.0,1
pairs_instagram_googleplus,RF,copyare,stefanogiudici,0,0.996667,0.0,0.428571,0.21875,0,0,5000.0,0.0,0.0,0.0,1
pairs_instagram_googleplus,RF,jeroensangers,jeroensangers,1,1.0,1.0,1.0,1.0,0,0,5000.0,0.0,0.0,0.0,1
pairs_instagram_googleplus,RF,platinumvoicepr,platinumvoicepr,1,1.0,1.0,0.0,0.576923,0,0,5000.0,0.0,0.0,0.0,1
pairs_instagram_googleplus,RF,richtatum,richtatum,1,1.0,1.0,1.0,1.0,0,0,5000.0,0.0,0.0,0.0,1
pairs_instagram_googleplus,RF,apelosi,apelosi,1,1.0,0.615385,1.0,0.941176,0,0,5000.0,0.0,0.0,0.0,1
pairs_instagram_googleplus,RF,oriolmendivil,oriolmendivil,1,1.0,0.769231,0.785714,0.8125,0,0,5000.0,0.0,0.0,0.0,1
pairs_instagram_googleplus,RF,chrisrockhold,chrisrockhold,1,0.963333,0.388889,0.35,0.375,0,0,5000.0,0.0,0.0,0.0,1
pairs_instagram_googleplus,RF,jamesgass,jamesgass,1,1.0,1.0,1.0,1.0,0,0,5000.0,0.0,0.0,0.0,1
pairs_instagram_googleplus,RF,jacobhodgson,jacobhodgson,1,1.0,0.785714,1.0,0.736842,0,0,5000.0,0.0,0.0,0.0,1
pairs_instagram_googleplus,RF,akitaonrails,akitaonrails,1,1.0,0.2,1.0,0.44,0,0,5000.0,0.0,0.0,0.0,1
pairs_instagram_googleplus,RF,andriatriv,andriatriv,1,1.0,0.571429,1.0,0.652174,0,0,5000.0,0.0,0.0,0.0,1
pairs_instagram_googleplus,RF,paullevinson,paullevinson,1,1.0,0.818182,1.0,0.875,0,0,5000.0,0.0,0.0,0.0,1
pairs_instagram_googleplus,RF,jdperkins1369,jdperkins1369,1,1.0,0.352941,1.0,0.590909,0,0,5000.0,0.0,0.0,0.0,1
pairs_instagram_googleplus,RF,lifeonmobile,lifeonmobile,1,1.0,0.0,1.0,0.434783,0,0,5000.0,0.0,0.0,0.0,1
pairs_instagram_googleplus,RF,chosendragon,chosendragon,1,1.0,0.058824,1.0,0.409091,0,0,5000.0,0.0,0.0,0.0,1
pairs_instagram_googleplus,RF,brianwang,brianwang,1,1.0,0.3,1.0,0.714286,0,0,5000.0,0.0,0.0,0.0,1
pairs_instagram_googleplus,RF,carolinn,carolinn,1,1.0,0.0,1.0,0.625,0,0,5000.0,0.0,0.0,0.0,1
pairs_instagram_googleplus,RF,deabaria,aribaban,0,1.0,0.444444,0.0,0.307692,0,0,5000.0,0.0,0.0,0.0,1
pairs_instagram_googleplus,RF,ianedgar,ianedgar,1,1.0,1.0,0.666667,0.818182,0,0,5000.0,0.0,0.0,0.0,1
pairs_instagram_googleplus,RF,patriciamellin,patriciamellin,1,1.0,0.590909,0.583333,0.607143,0,0,5000.0,0.0,0.0,0.0,1
pairs_instagram_googleplus,RF,bayardelgerg,bayardelgerg,1,1.0,0.0,1.0,0.678571,0,0,5000.0,0.0,0.0,0.0,1
pairs_instagram_googleplus,RF,asacredrebel,asacredrebel,1,1.0,0.0,0.521739,0.884615,0,0,5000.0,0.0,0.0,0.0,1
pairs_instagram_googleplus,RF,axbom,axbom,1,1.0,0.571429,1.0,0.909091,0,0,5000.0,0.0,0.0,0.0,1
pairs_instagram_googleplus,RF,kennethshinabery,kennethshinabery,1,1.0,0.6875,1.0,0.9,0,0,5000.0,0.0,0.0,0.0,1
pairs_instagram_googleplus,RF,brianlucas,brianlucas,1,1.0,0.190476,1.0,0.44,0,0,5000.0,0.0,0.0,0.0,1
pairs_instagram_googleplus,RF,natelandau,laujonat,0,0.953333,0.0,0.4,0.24,0,0,5000.0,0.0,0.0,0.0,1
pairs_instagram_googleplus,RF,nmcglynn,nmcglynn,1,1.0,1.0,1.0,1.0,0,0,5000.0,0.0,0.0,0.0,1
pairs_instagram_googleplus,RF,alinoancea,alinoancea,1,1.0,1.0,1.0,1.0,0,0,5000.0,0.0,0.0,0.0,1
pairs_instagram_googleplus,RF,jayjohnson,jayjohnsonmlp,0,1.0,0.0,1.0,0.47619,0,0,5000.0,0.0,0.0,0.0,1
pairs_instagram_googleplus,RF,angieward,angieward,1,0.996667,0.571429,0.409091,0.4,0,0,5000.0,0.0,0.0,0.0,1
pairs_instagram_googleplus,RF,ifabio,ifabio,1,1.0,0.307692,0.764706,0.7,0,0,5000.0,0.0,0.0,0.0,1
pairs_instagram_googleplus,RF,senolsenturk,senolsenturk,1,1.0,1.0,0.5,0.666667,0,0,5000.0,0.0,0.0,0.0,1
pairs_instagram_googleplus,RF,delgeronimo,delgeronimo,1,1.0,0.833333,1.0,0.764706,0,0,5000.0,0.0,0.0,0.0,1
pairs_instagram_googleplus,RF,painsufferersspeak,painsufferersspeak,1,1.0,0.333333,0.388889,0.516129,0,0,5000.0,0.0,0.0,0.0,1
pairs_instagram_googleplus,RF,holmespi,holmespi,1,1.0,0.5,1.0,0.666667,0,0,5000.0,0.0,0.0,0.0,1
pairs_instagram_googleplus,RF,joaogcosta,joaogcosta,1,1.0,0.0,0.842105,0.515152,0,0,5000.0,0.0,0.0,0.0,1
pairs_instagram_googleplus,RF,agungportal,henspie,0,0.56,0.0,0.096774,0.085714,0,0,5000.0,0.0,0.0,0.0,1
pairs_instagram_googleplus,RF,shroomz81,shroomz81,1,0.983333,0.0,0.5,0.354839,0,0,5000.0,0.0,0.0,0.0,1
pairs_instagram_googleplus,RF,zuhiboy,hlh,0,0.45704,0.058824,0.055556,0.1,0,0,5000.0,0.0,0.0,0.0,1
pairs_instagram_googleplus,RF,peterkornaat,peterkornaat,1,1.0,0.117647,0.857143,0.541667,0,0,5000.0,0.0,0.0,0.0,1
pairs_instagram_googleplus,RF,jasson,jasson,1,1.0,1.0,1.0,1.0,0,0,5000.0,0.0,0.0,0.0,1
pairs_instagram_googleplus,RF,rude64,rude64,1,1.0,0.181818,1.0,0.6,0,0,5000.0,0.0,0.0,0.0,1
pairs_instagram_googleplus,RF,anthonymaw,anthonymaw,1,1.0,0.818182,1.0,0.75,0,0,5000.0,0.0,0.0,0.0,1
pairs_instagram_googleplus,RF,estibalizcamara,estibalizcamara,1,1.0,0.454545,0.0,0.37037,0,0,5000.0,0.0,0.0,0.0,1
pairs_instagram_googleplus,RF,carijansen,carijansen,1,1.0,0.818182,1.0,0.75,0,0,5000.0,0.0,0.0,0.0,1
pairs_instagram_googleplus,RF,juanjobrizuela,juanjobrizuela,1,1.0,1.0,1.0,1.0,0,0,5000.0,0.0,0.0,0.0,1
pairs_instagram_googleplus,RF,emretekinarslan,emretekinarslan,1,1.0,1.0,1.0,1.0,0,0,5000.0,0.0,0.0,0.0,1
pairs_instagram_googleplus,RF,paulleary,paulleary,1,1.0,1.0,1.0,1.0,0,0,5000.0,0.0,0.0,0.0,1
pairs_instagram_googleplus,RF,davidgautier,metawops,0,0.9,0.333333,0.0,0.217391,0,0,5000.0,0.0,0.0,0.0,0
pairs_instagram_googleplus,RF,jessereilly,jessereilly,1,1.0,0.0,1.0,0.6,0,0,5000.0,0.0,0.0,0.0,1
pairs_instagram_googleplus,RF,giovannicanzio,giovannicanzio,1,1.0,0.769231,1.0,0.823529,0,0,5000.0,0.0,0.0,0.0,1
pairs_instagram_googleplus,RF,hichamsouilmicom,hichamsouilmicom,1,1.0,1.0,0.481481,0.533333,0,0,5000.0,0.0,0.0,0.0,1
pairs_instagram_googleplus,RF,mollirunner,mollirunner,1,1.0,0.055556,0.909091,0.458333,0,0,5000.0,0.0,0.0,0.0,1
pairs_instagram_googleplus,RF,christianwidlund,christianwidlund,1,1.0,0.157895,1.0,0.708333,0,0,5000.0,0.0,0.0,0.0,1
pairs_instagram_googleplus,RF,artsvit,artsvit,1,1.0,0.357143,1.0,0.833333,0,0,5000.0,0.0,0.0,0.0,1
pairs_instagram_googleplus,RF,marianabydesign,marianabydesign,1,1.0,0.0,1.0,0.464286,0,0,5000.0,0.0,0.0,0.0,1
pairs_instagram_googleplus,RF,oats,oats,1,1.0,0.0,1.0,0.666667,0,0,5000.0,0.0,0.0,0.0,1
pairs_instagram_googleplus,RF,gabbygolub,gabbygolub,1,1.0,1.0,1.0,1.0,0,0,5000.0,0.0,0.0,0.0,1
pairs_instagram_googleplus,RF,crossleykim,crossleykim,1,0.943333,0.5,0.217391,0.285714,0,0,5000.0,0.0,0.0,0.0,1
pairs_instagram_googleplus,RF,shelleysanders,shelleysanders,1,1.0,0.555556,0.0,0.47619,0,0,5000.0,0.0,0.0,0.0,1
pairs_instagram_googleplus,RF,shomilin,shomilin,1,1.0,0.538462,0.5,0.529412,0,0,5000.0,0.0,0.0,0.0,1
pairs_instagram_googleplus,RF,katerynatopol,katerynatopol,1,1.0,0.583333,0.538462,0.5625,0,0,5000.0,0.0,0.0,0.0,1
pairs_instagram_googleplus,RF,pedromolleda,pedromolleda,1,1.0,1.0,1.0,1.0,0,0,5000.0,0.0,0.0,0.0,1
pairs_instagram_googleplus,RF,jessicaperry,jessicaperry,1,1.0,0.136364,1.0,0.481481,0,0,5000.0,0.0,0.0,0.0,1
pairs_instagram_googleplus,RF,enriqueburgos,enriqueburgos,1,1.0,0.666667,1.0,1.0,0,0,5000.0,0.0,0.0,0.0,1
pairs_instagram_googleplus,RF,sirisakc,sirisakc,1,0.98,0.388889,0.0,0.285714,0,0,5000.0,0.0,0.0,0.0,1
pairs_instagram_googleplus,RF,debbiegioquindo,debbiegioquindo,1,1.0,0.130435,0.6,0.5,0,0,5000.0,0.0,0.0,0.0,1
pairs_instagram_googleplus,RF,jasonramsey,jasonramsey,1,1.0,0.75,1.0,0.8125,0,0,5000.0,0.0,0.0,0.0,1
pairs_instagram_googleplus,RF,lisini,lisini,1,1.0,0.25,0.5625,0.666667,0,0,5000.0,0.0,0.0,0.0,1
pairs_instagram_googleplus,RF,hotelcostanarejos,hotelcostanarejos,1,1.0,0.526316,0.85,0.769231,0,0,5000.0,0.0,0.0,0.0,1
pairs_instagram_googleplus,RF,camiloathem,camiloathem,1,1.0,1.0,1.0,1.0,0,0,5000.0,0.0,0.0,0.0,1
pairs_instagram_googleplus,RF,sekarkhatulistiwa,sekarkhatulistiwa,1,1.0,0.611111,1.0,0.863636,0,0,5000.0,0.0,0.0,0.0,1
pairs_instagram_googleplus,RF,jrai,jefflee,0,0.956111,0.0,0.428571,0.266667,0,0,5000.0,0.0,0.0,0.0,1
pairs_instagram_googleplus,RF,aseroff,aseroff,1,1.0,0.416667,1.0,0.875,0,0,5000.0,0.0,0.0,0.0,1
pairs_instagram_googleplus,RF,gustavolopes,gustavolopes,1,1.0,0.4375,1.0,0.809524,0,0,5000.0,0.0,0.0,0.0,1
pairs_instagram_googleplus,RF,bans,bans,1,1.0,0.1,0.6,0.388889,0,0,5000.0,0.0,0.0,0.0,1
pairs_instagram_googleplus,RF,sonic010739,lunic,0,0.519167,0.125,0.266667,0.16,0,0,5000.0,0.0,0.0,0.0,0
pairs_instagram_googleplus,RF,cecilyarambula,cecilyarambula,1,1.0,1.0,0.357143,0.882353,0,0,5000.0,0.0,0.0,0.0,1
pairs_instagram_googleplus,RF,jpieters,busterbenson,0,0.996667,0.352941,0.0,0.291667,0,0,5000.0,0.0,0.0,0.0,1
pairs_instagram_googleplus,RF,dawnjensen,dawnjensen,1,1.0,1.0,0.45,0.5,0,0,5000.0,0.0,0.0,0.0,1
pairs_instagram_googleplus,RF,roseguccione,roseguccione,1,1.0,0.578947,1.0,0.608696,0,0,5000.0,0.0,0.0,0.0,1
pairs_instagram_googleplus,RF,xavdog,xavdog,1,1.0,0.117647,1.0,0.727273,0,0,5000.0,0.0,0.0,0.0,1
pairs_instagram_googleplus,RF,lanalayne,susanaayala,0,0.993333,0.416667,0.272727,0.294118,0,0,5000.0,0.0,0.0,0.0,1
pairs_instagram_googleplus,RF,vanissawanick,vanissawanick,1,1.0,1.0,1.0,1.0,0,0,5000.0,0.0,0.0,0.0,1
pairs_instagram_googleplus,RF,oenriqueg,oenriqueg,1,1.0,0.5,0.535714,0.612903,0,0,5000.0,0.0,0.0,0.0,1
pairs_instagram_googleplus,RF,danielebazzano,danielebazzano,1,1.0,1.0,1.0,1.0,0,0,5000.0,0.0,0.0,0.0,1
pairs_instagram_googleplus,RF,hillmiester,hillmiester,1,1.0,0.1875,1.0,0.52381,0,0,5000.0,0.0,0.0,0.0,1
pairs_instagram_googleplus,RF,floa,floa,1,1.0,0.16,0.666667,0.451613,0,0,5000.0,0.0,0.0,0.0,1
pairs_instagram_googleplus,RF,simonamelani,simonamelani,1,1.0,1.0,1.0,1.0,0,0,5000.0,0.0,0.0,0.0,1
pairs_instagram_googleplus,RF,elbahloul,abo1bs,0,0.733056,0.0,0.0,0.034483,0,0,5000.0,0.0,0.0,0.0,0
pairs_instagram_googleplus,RF,brunobarbieri,brunobarbieri,1,1.0,0.5,1.0,0.777778,0,0,5000.0,0.0,0.0,0.0,1
pairs_instagram_googleplus,RF,riccardotm,riccardotm,1,1.0,0.411765,1.0,0.772727,0,0,5000.0,0.0,0.0,0.0,1
pairs_instagram_googleplus,RF,craftymummy,craftymummy,1,0.99,1.0,0.238095,0.727273,0,0,5000.0,0.0,0.0,0.0,1
pairs_instagram_googleplus,RF,kevingoldsmith,kevingoldsmith,1,1.0,1.0,1.0,1.0,0,0,5000.0,0.0,0.0,0.0,1
pairs_instagram_googleplus,RF,avclubvids,avclubvids,1,0.996667,0.0,0.6,0.357143,0,0,5000.0,0.0,0.0,0.0,1
pairs_instagram_googleplus,RF,erwinhuang,erwinhuang,1,1.0,1.0,1.0,1.0,0,0,5000.0,0.0,0.0,0.0,1
pairs_instagram_googleplus,RF,jpekstrand,jpekstrand,1,1.0,0.5,1.0,0.833333,0,0,5000.0,0.0,0.0,0.0,1
pairs_instagram_googleplus,RF,tamcdonald,tamcdonald,1,1.0,0.692308,1.0,0.666667,0,0,5000.0,0.0,0.0,0.0,1
pairs_instagram_googleplus,RF,brendanberg,brendanberg,1,1.0,0.0,1.0,0.44,0,0,5000.0,0.0,0.0,0.0,1
pairs_instagram_googleplus,RF,manuelarestrepo,manuelarestrepo,1,1.0,0.2,0.75,0.55,0,0,5000.0,0.0,0.0,0.0,1
pairs_instagram_googleplus,RF,stephenramkissoon,stephenramkissoon,1,1.0,0.272727,1.0,0.692308,0,0,5000.0,0.0,0.0,0.0,1
pairs_instagram_googleplus,RF,runcilrebello,runcilrebello,1,1.0,0.5,1.0,0.875,0,0,5000.0,0.0,0.0,0.0,1
pairs_instagram_googleplus,RF,alekps,alekps,1,1.0,0.083333,1.0,0.774194,0,0,5000.0,0.0,0.0,0.0,1
pairs_instagram_googleplus,RF,rahsheen,rahsheen,1,1.0,0.538462,1.0,0.882353,0,0,5000.0,0.0,0.0,0.0,1
pairs_instagram_googleplus,RF,sukhrajbeasla,janaslav,0,0.82,0.3,0.117647,0.25,0,0,5000.0,0.0,0.0,0.0,0
pairs_instagram_googleplus,RF,bidtravel,allisondiaz,0,0.943333,0.0,0.357143,0.185185,0,0,5000.0,0.0,0.0,0.0,0
pairs_instagram_googleplus,RF,ziyadhryz,ziyadhryz,1,0.956667,1.0,0.088235,0.263158,0,0,5000.0,0.0,0.0,0.0,1
pairs_instagram_googleplus,RF,tronathan,tronathan,1,1.0,0.352941,1.0,0.809524,0,0,5000.0,0.0,0.0,0.0,1
pairs_instagram_googleplus,RF,elizabethany,elizabethany,1,1.0,0.55,0.611111,0.541667,0,0,5000.0,0.0,0.0,0.0,1
pairs_instagram_googleplus,RF,bertdickerson,bertdickerson,1,1.0,1.0,1.0,1.0,0,0,5000.0,0.0,0.0,0.0,1
pairs_instagram_googleplus,RF,inesandres,elainegiles,0,1.0,0.416667,0.076923,0.315789,0,0,5000.0,0.0,0.0,0.0,1
pairs_instagram_googleplus,RF,zhimera,zhimera,1,1.0,0.0,1.0,0.709677,0,0,5000.0,0.0,0.0,0.0,1
pairs_instagram_googleplus,RF,chaddr,chaddr,1,1.0,0.25,1.0,0.647059,0,0,5000.0,0.0,0.0,0.0,1
pairs_instagram_googleplus,RF,mightycasey,mightycasey,1,1.0,0.235294,1.0,0.571429,0,0,5000.0,0.0,0.0,0.0,1
pairs_instagram_googleplus,RF,tarekp,tarekp,1,1.0,0.5,1.0,0.866667,0,0,5000.0,0.0,0.0,0.0,1
pairs_instagram_googleplus,RF,angiecook,ecook,0,0.88,0.0,0.363636,0.181818,0,0,5000.0,0.0,0.0,0.0,1
pairs_instagram_googleplus,RF,yudik,yudik,1,0.99,0.384615,0.117647,0.363636,0,0,5000.0,0.0,0.0,0.0,1
pairs_instagram_googleplus,RF,kevingranger,kevingranger,1,1.0,0.0,0.571429,0.433333,0,0,5000.0,0.0,0.0,0.0,1
pairs_instagram_googleplus,RF,joshcornett,joshcornett,1,1.0,1.0,1.0,1.0,0,0,5000.0,0.0,0.0,0.0,1
pairs_instagram_googleplus,RF,kylegray,kylegray,1,1.0,0.5,0.615385,0.555556,0,0,5000.0,0.0,0.0,0.0,1
pairs_instagram_googleplus,RF,jameson079,jameson079,1,1.0,0.238095,1.0,0.6,0,0,5000.0,0.0,0.0,0.0,1
pairs_instagram_googleplus,RF,developer71facebookgarygilstrap,developer71facebookgarygilstrap,1,1.0,0.0,1.0,0.375,0,0,5000.0,0.0,0.0,0.0,1
pairs_instagram_googleplus,RF,lordjerome,lordjerome,1,1.0,0.04,0.73913,0.5,0,0,5000.0,0.0,0.0,0.0,1
pairs_instagram_googleplus,RF,rolflindstrom,rolflindstrom,1,1.0,1.0,0.52381,0.625,0,0,5000.0,0.0,0.0,0.0,1
pairs_instagram_googleplus,RF,calistoga,calistoga,1,1.0,0.421053,1.0,0.826087,0,0,5000.0,0.0,0.0,0.0,1
pairs_instagram_googleplus,RF,biancorudy,biancorudy,1,1.0,1.0,1.0,1.0,0,0,5000.0,0.0,0.0,0.0,1
pairs_instagram_googleplus,RF,wildcatwearhouse,wildcatwearhouse,1,1.0,1.0,1.0,1.0,0,0,5000.0,0.0,0.0,0.0,1
pairs_instagram_googleplus,RF,alfianhidayat,alfianhidayat,1,1.0,0.266667,1.0,0.75,0,0,5000.0,0.0,0.0,0.0,1
pairs_instagram_googleplus,RF,marcsuria,marcsuria,1,1.0,0.3,0.421053,0.375,0,0,5000.0,0.0,0.0,0.0,1
pairs_instagram_googleplus,RF,daveedens,daveedens,1,1.0,0.0,1.0,0.47619,0,0,5000.0,0.0,0.0,0.0,1
pairs_instagram_googleplus,RF,clouvi,clouvi,1,1.0,0.25,0.5,0.619048,0,0,5000.0,0.0,0.0,0.0,1
pairs_instagram_googleplus,RF,christopherdavidkaufman,christopherdavidkaufman,1,0.99,0.068966,0.578947,0.342857,0,0,5000.0,0.0,0.0,0.0,1
pairs_instagram_googleplus,RF,markocular,markocular,1,1.0,0.666667,0.0,0.4,0,0,5000.0,0.0,0.0,0.0,1
pairs_instagram_googleplus,RF,amandamcunningham,amandamcunningham,1,1.0,0.466667,0.5,0.578947,0,0,5000.0,0.0,0.0,0.0,1
pairs_instagram_googleplus,RF,jasonjordan,jasonjordan,1,1.0,0.526316,1.0,0.545455,0,0,5000.0,0.0,0.0,0.0,1
pairs_instagram_googleplus,RF,alfgel,trezzaalfonso,0,0.956667,0.133333,0.388889,0.347826,0,0,5000.0,0.0,0.0,0.0,1
pairs_instagram_googleplus,RF,pgerngross,pgerngross,1,1.0,0.235294,1.0,0.666667,0,0,5000.0,0.0,0.0,0.0,1
pairs_instagram_googleplus,RF,thomasosborne,thomasosborne,1,1.0,0.608696,1.0,0.925926,0,0,5000.0,0.0,0.0,0.0,1
pairs_instagram_googleplus,RF,guillermonavarro,guillermonavarro,1,1.0,0.647059,1.0,0.809524,0,0,5000.0,0.0,0.0,0.0,1
pairs_instagram_googleplus,RF,larsbredahl,larsbredahl,1,1.0,1.0,0.75,0.857143,0,0,5000.0,0.0,0.0,0.0,1
pairs_instagram_googleplus,RF,marlonlom,marlonlom,1,1.0,0.277778,0.727273,0.516129,0,0,5000.0,0.0,0.0,0.0,1
pairs_instagram_googleplus,RF,andrewchau,leonchia,0,0.99,0.333333,0.111111,0.411765,0,0,5000.0,0.0,0.0,0.0,1
pairs_instagram_googleplus,RF,ffred,ffred,1,0.98,1.0,0.275862,0.322581,0,0,5000.0,0.0,0.0,0.0,1
pairs_instagram_googleplus,RF,shanestokes,shanestokes,1,1.0,0.294118,1.0,0.52381,0,0,5000.0,0.0,0.0,0.0,1
pairs_instagram_googleplus,RF,daniortega,daniortega,1,1.0,1.0,1.0,1.0,0,0,5000.0,0.0,0.0,0.0,1
pairs_instagram_googleplus,RF,shaolintiger,tollerton,0,0.903333,0.277778,0.315789,0.363636,0,0,5000.0,0.0,0.0,0.0,0
pairs_instagram_googleplus,RF,susanrapp,susanrapp,1,1.0,1.0,1.0,1.0,0,0,5000.0,0.0,0.0,0.0,1
pairs_instagram_googleplus,RF,adekadek,adekadek,1,1.0,0.043478,0.571429,0.433333,0,0,5000.0,0.0,0.0,0.0,1
pairs_instagram_googleplus,RF,meryba,richardstep,0,0.996667,0.5,0.3,0.307692,0,0,5000.0,0.0,0.0,0.0,1
pairs_instagram_googleplus,RF,lilyrdz,lilyrdz,1,1.0,0.285714,0.733333,0.7,0,0,5000.0,0.0,0.0,0.0,1
pairs_instagram_googleplus,RF,jensissel,jensissel,1,1.0,1.0,1.0,1.0,0,0,5000.0,0.0,0.0,0.0,1
pairs_instagram_googleplus,RF,skeetle,skeetle,1,1.0,0.0,1.0,0.55,0,0,5000.0,0.0,0.0,0.0,1
pairs_instagram_googleplus,RF,nadinedelrez,nadinedelrez,1,1.0,1.0,0.769231,0.866667,0,0,5000.0,0.0,0.0,0.0,1
pairs_instagram_googleplus,RF,danielvillalona,danielvillalona,1,1.0,0.736842,0.8125,0.857143,0,0,5000.0,0.0,0.0,0.0,1
pairs_instagram_googleplus,RF,rikardohj,rikardohj,1,1.0,0.294118,0.583333,0.566667,0,0,5000.0,0.0,0.0,0.0,1
pairs_instagram_googleplus,RF,msvk,agentmarkwong,0,0.653333,0.0,0.0,0.142857,0,0,5000.0,0.0,0.0,0.0,0
pairs_instagram_googleplus,RF,peteste,landonhaston,0,0.83,0.214286,0.214286,0.222222,0,0,5000.0,0.0,0.0,0.0,0
pairs_instagram_googleplus,RF,eldavidson,eldavidson,1,1.0,0.7,1.0,0.785714,0,0,5000.0,0.0,0.0,0.0,1
pairs_instagram_googleplus,RF,anfoc,anfoc,1,1.0,0.285714,0.555556,0.636364,0,0,5000.0,0.0,0.0,0.0,1
pairs_instagram_googleplus,RF,kq111,kq111,1,1.0,0.0,1.0,0.736842,0,0,5000.0,0.0,0.0,0.0,1
pairs_instagram_googleplus,RF,jesushs07,jesushs07,1,1.0,0.357143,1.0,0.722222,0,0,5000.0,0.0,0.0,0.0,1
pairs_instagram_googleplus,RF,yannick,yannick,1,1.0,0.454545,1.0,0.866667,0,0,5000.0,0.0,0.0,0.0,1
pairs_instagram_googleplus,RF,makarios,treestar,0,0.993333,0.363636,0.4,0.3125,0,0,5000.0,0.0,0.0,0.0,0
pairs_instagram_googleplus,RF,stellagassaway,tamarabubble,0,0.99,0.3125,0.0,0.25,0,0,5000.0,0.0,0.0,0.0,0
pairs_instagram_googleplus,RF,ioanna,ihanna,0,1.0,0.222222,0.428571,0.454545,0,0,5000.0,0.0,0.0,0.0,1
pairs_instagram_googleplus,RF,dancondon,dancondon,1,1.0,1.0,1.0,1.0,0,0,5000.0,0.0,0.0,0.0,1
pairs_instagram_googleplus,RF,jflefebvre,jflefebvre,1,1.0,0.35,1.0,0.875,0,0,5000.0,0.0,0.0,0.0,1
pairs_instagram_googleplus,RF,torrejeremy,jeremyteff,0,0.996667,0.0,0.5,0.421053,0,0,5000.0,0.0,0.0,0.0,1
pairs_instagram_googleplus,RF,tomgallant,tomgallant,1,1.0,1.0,1.0,1.0,0,0,5000.0,0.0,0.0,0.0,1
pairs_instagram_googleplus,RF,tuyetanh,sandytang,0,0.993333,0.4,0.0,0.333333,0,0,5000.0,0.0,0.0,0.0,1
pairs_instagram_googleplus,RF,caiuby,caiuby,1,1.0,0.384615,1.0,0.823529,0,0,5000.0,0.0,0.0,0.0,1
pairs_instagram_googleplus,RF,inigoparalle,pigoni,0,1.0,0.333333,0.0,0.25,0,0,5000.0,0.0,0.0,0.0,1
pairs_instagram_googleplus,RF,wolfgangcarter,wolfgangcarter,1,1.0,1.0,1.0,1.0,0,0,5000.0,0.0,0.0,0.0,1
pairs_instagram_googleplus,RF,wooddickinson,wooddickinson,1,1.0,1.0,1.0,1.0,0,0,5000.0,0.0,0.0,0.0,1
pairs_instagram_googleplus,RF,chadrpink,chadrpink,1,1.0,0.666667,0.380952,0.4,0,0,5000.0,0.0,0.0,0.0,1
pairs_instagram_googleplus,RF,trevormay,trevormay,1,1.0,0.0,1.0,0.5,0,0,5000.0,0.0,0.0,0.0,1
pairs_instagram_googleplus,RF,elenavelez,elenavelez,1,1.0,0.777778,0.7,0.791667,0,0,5000.0,0.0,0.0,0.0,1
pairs_instagram_googleplus,RF,patriciadiez,patriciadiez,1,1.0,0.5,0.5,0.52,0,0,5000.0,0.0,0.0,0.0,1
pairs_instagram_googleplus,RF,chrisdoelle,chrisdoelle,1,1.0,0.529412,1.0,0.619048,0,0,5000.0,0.0,0.0,0.0,1
pairs_instagram_googleplus,RF,ramkrishnabhattacharjee,ramkrishnabhattacharjee,1,1.0,0.391304,1.0,0.821429,0,0,5000.0,0.0,0.0,0.0,1
pairs_instagram_googleplus,RF,rensegeorge,rensegeorge,1,1.0,0.615385,1.0,0.833333,0,0,5000.0,0.0,0.0,0.0,1
pairs_instagram_googleplus,RF,natelockwood,natelockwood,1,1.0,1.0,1.0,1.0,0,0,5000.0,0.0,0.0,0.0,1
pairs_instagram_googleplus,RF,parhamb,parhamb,1,0.836667,0.4,0.3125,0.35,0,0,5000.0,0.0,0.0,0.0,1
pairs_instagram_googleplus,RF,mfvisuals,fig,0,1.0,0.0,0.555556,0.413793,0,0,5000.0,0.0,0.0,0.0,1
pairs_instagram_googleplus,RF,ericavirtue,ericavirtue,1,1.0,1.0,1.0,1.0,0,0,5000.0,0.0,0.0,0.0,1
pairs_instagram_googleplus,RF,jayvicious,cagecafe,0,0.889401,0.2,0.0,0.153846,0,0,5000.0,0.0,0.0,0.0,1
pairs_instagram_googleplus,RF,masamuneto,masamuneto,1,1.0,1.0,0.0,0.555556,0,0,5000.0,0.0,0.0,0.0,1
pairs_instagram_googleplus,RF,petermonbailleu,petermonbailleu,1,1.0,0.190476,1.0,0.64,0,0,5000.0,0.0,0.0,0.0,1
pairs_instagram_googleplus,RF,janefriedman,janefriedman,1,1.0,1.0,1.0,1.0,0,0,5000.0,0.0,0.0,0.0,1
pairs_instagram_googleplus,RF,daviddaniel,daviddaniel,1,1.0,0.333333,1.0,0.684211,0,0,5000.0,0.0,0.0,0.0,1
pairs_instagram_googleplus,RF,jorgeglez,jorgeglez,1,1.0,1.0,0.785714,0.85,0,0,5000.0,0.0,0.0,0.0,1
pairs_instagram_googleplus,RF,mathieubellet,mathieubellet,1,1.0,0.384615,1.0,0.882353,0,0,5000.0,0.0,0.0,0.0,1
pairs_instagram_googleplus,RF,iervolinofrancesco,iervolinofrancesco,1,1.0,0.0,1.0,0.542857,0,0,5000.0,0.0,0.0,0.0,1
pairs_instagram_googleplus,RF,herbieman,herbieman,1,1.0,0.052632,1.0,0.565217,0,0,5000.0,0.0,0.0,0.0,1
pairs_instagram_googleplus,RF,brianfarnham,brianfarnham,1,1.0,0.333333,1.0,0.764706,0,0,5000.0,0.0,0.0,0.0,1
pairs_instagram_googleplus,RF,anouarnach,anouarnach,1,1.0,0.363636,0.434783,0.821429,0,0,5000.0,0.0,0.0,0.0,1
pairs_instagram_googleplus,RF,guillermovelasco,guillermovelasco,1,1.0,0.136364,1.0,0.653846,0,0,5000.0,0.0,0.0,0.0,1
pairs_instagram_googleplus,RF,natbuehler,natbuehler,1,1.0,0.0,0.5,0.870968,0,0,5000.0,0.0,0.0,0.0,1
pairs_instagram_googleplus,RF,mhantirah,mhantirah,1,1.0,0.5,1.0,0.888889,0,0,5000.0,0.0,0.0,0.0,1
pairs_instagram_googleplus,RF,lovlesh,lovlesh,1,1.0,0.545455,1.0,0.866667,0,0,5000.0,0.0,0.0,0.0,1
pairs_instagram_googleplus,RF,boris,boris,1,1.0,0.333333,1.0,0.846154,0,0,5000.0,0.0,0.0,0.0,1
pairs_instagram_googleplus,RF,lorielberg,loriruff,0,0.976667,0.272727,0.375,0.333333,0,0,5000.0,0.0,0.0,0.0,1
pairs_instagram_googleplus,RF,jmiguelrodriguez,jmiguelrodriguez,1,1.0,0.785714,1.0,0.833333,0,0,5000.0,0.0,0.0,0.0,1
pairs_instagram_googleplus,RF,maggardkyle,mikeberrios,0,0.733056,0.0,0.0,0.034483,0,0,5000.0,0.0,0.0,0.0,0
pairs_instagram_googleplus,RF,gusei,gusei,1,1.0,0.416667,0.0,0.3125,0,0,5000.0,0.0,0.0,0.0,1
pairs_instagram_googleplus,RF,kristilenz,kristilenz,1,1.0,1.0,1.0,1.0,0,0,5000.0,0.0,0.0,0.0,1
pairs_instagram_googleplus,RF,simondingle,simondingle,1,1.0,1.0,1.0,1.0,0,0,5000.0,0.0,0.0,0.0,1
pairs_instagram_googleplus,RF,bryanwelsh,bryanwelsh,1,1.0,0.6,1.0,0.6,0,0,5000.0,0.0,0.0,0.0,1
pairs_instagram_googleplus,RF,mohamedissa,mohamedissa,1,1.0,0.357143,1.0,0.722222,0,0,5000.0,0.0,0.0,0.0,1
pairs_instagram_googleplus,RF,caraposey,caraposey,1,1.0,0.888889,1.0,0.785714,0,0,5000.0,0.0,0.0,0.0,1
pairs_instagram_googleplus,RF,pauljansen,pauljansen,1,1.0,0.818182,1.0,0.75,0,0,5000.0,0.0,0.0,0.0,1
pairs_instagram_googleplus,RF,chanelleh,chanelleh,1,1.0,0.615385,0.0,0.296296,0,0,5000.0,0.0,0.0,0.0,1
pairs_instagram_googleplus,RF,keithbrooks,keithbrooks,1,1.0,0.0,1.0,0.631579,0,0,5000.0,0.0,0.0,0.0,1
pairs_instagram_googleplus,RF,athenrahl,peterwong,0,0.94,0.0,0.411765,0.258065,0,0,5000.0,0.0,0.0,0.0,0
pairs_instagram_googleplus,RF,danielrhorton,danielrhorton,1,1.0,1.0,1.0,1.0,0,0,5000.0,0.0,0.0,0.0,1
pairs_instagram_googleplus,RF,robamado,robamado,1,1.0,1.0,1.0,1.0,0,0,5000.0,0.0,0.0,0.0,1
pairs_instagram_googleplus,RF,sanpedrohotelspa,sanpedrohotelspa,1,1.0,0.466667,0.444444,0.5,0,0,5000.0,0.0,0.0,0.0,1
pairs_instagram_googleplus,RF,intelligenius,intelligenius,1,0.916667,0.413793,0.46875,0.459459,0,0,5000.0,0.0,0.0,0.0,1
pairs_instagram_googleplus,RF,nikkiwoods,nikkiwoods,1,1.0,0.36,1.0,0.4,0,0,5000.0,0.0,0.0,0.0,1
pairs_instagram_googleplus,RF,aykuttanay,aykuttanay,1,1.0,1.0,1.0,1.0,0,0,5000.0,0.0,0.0,0.0,1
pairs_instagram_googleplus,RF,estelius,estelius,1,1.0,1.0,1.0,1.0,0,0,5000.0,0.0,0.0,0.0,1
pairs_instagram_googleplus,RF,frankenhain,frankenhain,1,1.0,0.047619,0.8,0.481481,0,0,5000.0,0.0,0.0,0.0,1
pairs_instagram_googleplus,RF,lolaromero,lolaromero,1,1.0,1.0,1.0,1.0,0,0,5000.0,0.0,0.0,0.0,1
pairs_instagram_googleplus,RF,fernandorodriguez,fernandorodriguez,1,1.0,0.166667,0.833333,0.64,0,0,5000.0,0.0,0.0,0.0,1
pairs_instagram_googleplus,RF,pierrebinet,pierrebinet,1,1.0,0.071429,1.0,0.722222,0,0,5000.0,0.0,0.0,0.0,1
pairs_instagram_googleplus,RF,scherre,scherre,1,1.0,1.0,0.375,0.818182,0,0,5000.0,0.0,0.0,0.0,1
pairs_instagram_googleplus,RF,zaava,zaava,1,1.0,0.0,1.0,0.578947,0,0,5000.0,0.0,0.0,0.0,1
pairs_instagram_googleplus,RF,yvsajay,yvsajay,1,1.0,0.714286,1.0,0.727273,0,0,5000.0,0.0,0.0,0.0,1
pairs_instagram_googleplus,RF,ricardotrinidad,ricardovaz,0,1.0,0.133333,0.6,0.35,0,0,5000.0,0.0,0.0,0.0,1
pairs_instagram_googleplus,RF,danamoos,danamoos,1,1.0,1.0,1.0,1.0,0,0,5000.0,0.0,0.0,0.0,1
pairs_instagram_googleplus,RF,peteyrave,peteyrave,1,1.0,1.0,0.538462,0.6875,0,0,5000.0,0.0,0.0,0.0,1
pairs_instagram_googleplus,RF,xiangdiming,xiangdiming,1,1.0,0.0,1.0,0.521739,0,0,5000.0,0.0,0.0,0.0,1
pairs_instagram_googleplus,RF,antoniojcuevas,antoniojcuevas,1,1.0,0.1,1.0,0.653846,0,0,5000.0,0.0,0.0,0.0,1
pairs_instagram_googleplus,RF,daveyjacobson,daveyjacobson,1,1.0,1.0,0.307692,0.875,0,0,5000.0,0.0,0.0,0.0,1
pairs_instagram_googleplus,RF,lynnwallenstein,lynnwallenstein,1,1.0,1.0,1.0,1.0,0,0,5000.0,0.0,0.0,0.0,1
pairs_instagram_googleplus,RF,rickbakas,rickbakas,1,1.0,1.0,1.0,1.0,0,0,5000.0,0.0,0.0,0.0,1
pairs_instagram_googleplus,RF,ryanmarkpauleriksson,ryanmarkpauleriksson,1,1.0,1.0,0.0,0.666667,0,0,5000.0,0.0,0.0,0.0,1
pairs_instagram_googleplus,RF,alexanderrentsch,alexanderrentsch,1,1.0,1.0,1.0,1.0,0,0,5000.0,0.0,0.0,0.0,1
pairs_instagram_googleplus,RF,joemaffia,joemaffia,1,1.0,1.0,1.0,1.0,0,0,5000.0,0.0,0.0,0.0,1
pairs_instagram_googleplus,RF,realzil,realzil,1,1.0,0.0,0.692308,0.454545,0,0,5000.0,0.0,0.0,0.0,1
pairs_instagram_googleplus,RF,dustinhershberger,dustinhershberger,1,1.0,0.176471,1.0,0.727273,0,0,5000.0,0.0,0.0,0.0,1
pairs_instagram_googleplus,RF,stephenchip,stephenchip,1,1.0,1.0,1.0,1.0,0,0,5000.0,0.0,0.0,0.0,1
pairs_instagram_googleplus,RF,arcreyes,marcemars,0,1.0,0.545455,0.461538,0.4375,0,0,5000.0,0.0,0.0,0.0,1
pairs_instagram_googleplus,RF,jerrybuccilli,mgpolitis,0,0.556667,0.333333,0.142857,0.189189,0,0,5000.0,0.0,0.0,0.0,0
pairs_instagram_googleplus,RF,adamsheikh,adamsheikh,1,1.0,1.0,1.0,1.0,0,0,5000.0,0.0,0.0,0.0,1
pairs_instagram_googleplus,RF,modbeat,modbeat,1,1.0,0.058824,0.733333,0.5,0,0,5000.0,0.0,0.0,0.0,1
pairs_instagram_googleplus,RF,miguelcaballero,miguelcaballero,1,1.0,0.421053,1.0,0.666667,0,0,5000.0,0.0,0.0,0.0,1
pairs_instagram_googleplus,RF,mikepetrucci,mikepetrucci,1,1.0,1.0,1.0,1.0,0,0,5000.0,0.0,0.0,0.0,1
pairs_instagram_googleplus,RF,heartrepreneur,heartrepreneur,1,1.0,0.578947,0.6,0.625,0,0,5000.0,0.0,0.0,0.0,1
pairs_instagram_googleplus,RF,samarb,samarb,1,1.0,0.384615,1.0,0.941176,0,0,5000.0,0.0,0.0,0.0,1
pairs_instagram_googleplus,RF,dannyngan,dannyngan,1,1.0,1.0,1.0,1.0,0,0,5000.0,0.0,0.0,0.0,1
pairs_instagram_googleplus,RF,leahsmith,leahsmith,1,1.0,0.333333,0.3,0.416667,0,0,5000.0,0.0,0.0,0.0,1
pairs_instagram_googleplus,RF,jotajr,jotajr,1,1.0,1.0,1.0,1.0,0,0,5000.0,0.0,0.0,0.0,1
pairs_instagram_googleplus,RF,shashikantjagtap,shashikantjagtap,1,1.0,0.5,1.0,0.761905,0,0,5000.0,0.0,0.0,0.0,1
pairs_instagram_googleplus,RF,captkeating,captkeating,1,1.0,0.3,1.0,0.52,0,0,5000.0,0.0,0.0,0.0,1
pairs_instagram_googleplus,RF,bexlondontown,bexlondontown,1,1.0,0.117647,1.0,0.454545,0,0,5000.0,0.0,0.0,0.0,1
pairs_instagram_googleplus,RF,coryroush,coryroush,1,1.0,1.0,1.0,1.0,0,0,5000.0,0.0,0.0,0.0,1
pairs_instagram_googleplus,RF,lilyl,fairysari,0,0.946778,0.2,0.0,0.166667,0,0,5000.0,0.0,0.0,0.0,1
pairs_instagram_googleplus,RF,webgrrrl,webgrrrl,1,1.0,0.0,0.578947,0.818182,0,0,5000.0,0.0,0.0,0.0,1
pairs_instagram_googleplus,RF,ryanfrazier,bryanjkramer,0,0.96,0.3125,0.375,0.318182,0,0,5000.0,0.0,0.0,0.0,0
pairs_instagram_googleplus,RF,albertobueno,albertobueno,1,1.0,1.0,0.769231,0.875,0,0,5000.0,0.0,0.0,0.0,1
pairs_instagram_googleplus,RF,thenothing,thenothing,1,1.0,0.0,0.5,0.655172,0,0,5000.0,0.0,0.0,0.0,1
pairs_instagram_googleplus,RF,mrjamesnoble,mrjamesnoble,1,1.0,0.818182,1.0,0.866667,0,0,5000.0,0.0,0.0,0.0,1
pairs_instagram_googleplus,RF,alinemachado1,letylabo,0,0.763333,0.190476,0.181818,0.192308,0,0,5000.0,0.0,0.0,0.0,0
pairs_instagram_googleplus,RF,katiemsmith,katiemsmith,1,1.0,0.833333,0.647059,0.863636,0,0,5000.0,0.0,0.0,0.0,1
pairs_instagram_googleplus,RF,sulimanru,kadulima,0,0.836667,0.363636,0.142857,0.2,0,0,5000.0,0.0,0.0,0.0,0
pairs_instagram_googleplus,RF,jenvargas,jenvargas,1,1.0,1.0,0.222222,0.833333,0,0,5000.0,0.0,0.0,0.0,1
pairs_instagram_googleplus,RF,luviwebit,luviwebit,1,1.0,0.153846,1.0,0.647059,0,0,5000.0,0.0,0.0,0.0,1
pairs_instagram_googleplus,RF,jasongrimesdotcom,jasongrimesdotcom,1,1.0,0.769231,1.0,0.722222,0,0,5000.0,0.0,0.0,0.0,1
pairs_instagram_googleplus,RF,chokchaibenjapinyo,chokchaibenjapinyo,1,1.0,0.041667,1.0,0.62069,0,0,5000.0,0.0,0.0,0.0,1
pairs_instagram_googleplus,RF,jeanbritneyl,jeanbritneyl,1,1.0,1.0,0.0,0.733333,0,0,5000.0,0.0,0.0,0.0,1
pairs_instagram_googleplus,RF,ronron607,jeffcameron,0,0.786667,0.125,0.3125,0.185185,0,0,5000.0,0.0,0.0,0.0,1
pairs_instagram_googleplus,RF,lelira,lelira,1,1.0,0.363636,1.0,0.846154,0,0,5000.0,0.0,0.0,0.0,1
pairs_instagram_googleplus,RF,bardsmith,bardsmith,1,1.0,0.454545,1.0,0.8,0,0,5000.0,0.0,0.0,0.0,1
pairs_instagram_googleplus,RF,curtiscavanaugh,curtiscavanaugh,1,1.0,1.0,0.652174,0.68,0,0,5000.0,0.0,0.0,0.0,1
pairs_instagram_googleplus,RF,ericacullum,ericacullum,1,0.996667,0.545455,0.0,0.269231,0,0,5000.0,0.0,0.0,0.0,1
pairs_instagram_googleplus,RF,stofa,grantstern,0,0.83,0.1875,0.176471,0.190476,0,0,5000.0,0.0,0.0,0.0,1
pairs_instagram_googleplus,RF,nosepuedevlc,nosepuedevlc,1,1.0,0.5,1.0,0.826087,0,0,5000.0,0.0,0.0,0.0,1
pairs_instagram_googleplus,RF,lomokev,lomokev,1,1.0,1.0,1.0,1.0,0,0,5000.0,0.0,0.0,0.0,1
pairs_instagram_googleplus,RF,chanomuslera,chanomuslera,1,0.956667,0.346154,0.357143,0.352941,0,0,5000.0,0.0,0.0,0.0,1
pairs_instagram_googleplus,RF,ivandequito,ivandequito,1,1.0,0.538462,0.692308,0.684211,0,0,5000.0,0.0,0.0,0.0,1
pairs_instagram_googleplus,RF,bronsonharrington,bronsonharrington,1,1.0,0.0,1.0,0.666667,0,0,5000.0,0.0,0.0,0.0,1
pairs_instagram_googleplus,RF,stevegarfield,stevegarfield,1,1.0,1.0,1.0,1.0,0,0,5000.0,0.0,0.0,0.0,1
pairs_instagram_googleplus,RF,markvictoryoung,markvictoryoung,1,1.0,1.0,1.0,1.0,0,0,5000.0,0.0,0.0,0.0,1
pairs_instagram_googleplus,RF,stevenlarson,stevenlarson,1,1.0,1.0,1.0,1.0,0,0,5000.0,0.0,0.0,0.0,1
pairs_instagram_googleplus,RF,bluemeda,bluemeda,1,1.0,0.318182,0.625,0.857143,0,0,5000.0,0.0,0.0,0.0,1
pairs_instagram_googleplus,RF,raffaelebianco,raffaelebianco,1,1.0,0.857143,1.0,0.842105,0,0,5000.0,0.0,0.0,0.0,1
pairs_instagram_googleplus,RF,stephenalee,stephenalee,1,1.0,0.727273,1.0,0.8,0,0,5000.0,0.0,0.0,0.0,1
pairs_instagram_googleplus,RF,suelax,artlove,0,0.693333,0.058824,0.0,0.142857,0,0,5000.0,0.0,0.0,0.0,0
pairs_instagram_googleplus,RF,matiassecchi,matiassecchi,1,1.0,1.0,1.0,1.0,0,0,5000.0,0.0,0.0,0.0,1
pairs_instagram_googleplus,RF,sucio,sucio,1,1.0,0.333333,0.4,0.4,0,0,5000.0,0.0,0.0,0.0,1
pairs_instagram_googleplus,RF,dreamnetrob,jiriruzek,0,1.0,0.375,0.0,0.3,0,0,5000.0,0.0,0.0,0.0,1
pairs_instagram_googleplus,RF,antoniogarrido,antoniogarrido,1,1.0,0.8,1.0,0.833333,0,0,5000.0,0.0,0.0,0.0,1
pairs_instagram_googleplus,RF,helderschultz,helderschultz,1,1.0,1.0,1.0,1.0,0,0,5000.0,0.0,0.0,0.0,1
pairs_instagram_googleplus,RF,mufidsalim,mufidsalim,1,1.0,1.0,1.0,1.0,0,0,5000.0,0.0,0.0,0.0,1
pairs_instagram_googleplus,RF,ericgrace,jingjaviercom,0,0.99,0.3125,0.0,0.25,0,0,5000.0,0.0,0.0,0.0,0
pairs_instagram_googleplus,RF,blek,blek,1,1.0,0.055556,1.0,0.565217,0,0,5000.0,0.0,0.0,0.0,1
pairs_instagram_googleplus,RF,mycroft221,aquilafare,0,0.87,0.0,0.222222,0.136364,0,0,5000.0,0.0,0.0,0.0,1
pairs_instagram_googleplus,RF,terrinakamura,terrinakamura,1,1.0,0.5,1.0,0.517241,0,0,5000.0,0.0,0.0,0.0,1
pairs_instagram_googleplus,RF,watsonn,watsonn,1,1.0,1.0,1.0,1.0,0,0,5000.0,0.0,0.0,0.0,1
pairs_instagram_googleplus,RF,davidmcclurg,davidmcclurg,1,1.0,0.461538,1.0,0.823529,0,0,5000.0,0.0,0.0,0.0,1
pairs_instagram_googleplus,RF,timgolden,timgolden,1,1.0,0.619048,0.416667,0.538462,0,0,5000.0,0.0,0.0,0.0,1
pairs_instagram_googleplus,RF,jonathanlally,jonathanlally,1,1.0,1.0,1.0,1.0,0,0,5000.0,0.0,0.0,0.0,1
pairs_instagram_googleplus,RF,leevogler,leevogler,1,1.0,1.0,1.0,1.0,0,0,5000.0,0.0,0.0,0.0,1
pairs_instagram_googleplus,RF,fvidiella,fvidiella,1,1.0,0.411765,1.0,0.904762,0,0,5000.0,0.0,0.0,0.0,1
pairs_instagram_googleplus,RF,carlcatedral,carlcatedral,1,1.0,1.0,1.0,1.0,0,0,5000.0,0.0,0.0,0.0,1
pairs_instagram_googleplus,RF,mariannamarcucci,mariannamarcucci,1,1.0,1.0,1.0,1.0,0,0,5000.0,0.0,0.0,0.0,1
pairs_instagram_googleplus,RF,avdrockr,avdrockr,1,1.0,0.0,0.823529,0.518519,0,0,5000.0,0.0,0.0,0.0,1
pairs_instagram_googleplus,RF,strawberrykoi,norbertrovira,0,0.889401,0.2,0.0,0.153846,0,0,5000.0,0.0,0.0,0.0,0
pairs_instagram_googleplus,RF,mohamedwagdy,mohamedwagdy,1,1.0,0.916667,0.333333,0.705882,0,0,5000.0,0.0,0.0,0.0,1
pairs_instagram_googleplus,RF,asandre,asandre,1,1.0,0.428571,1.0,0.526316,0,0,5000.0,0.0,0.0,0.0,1
pairs_instagram_googleplus,RF,jeicker,jeicker,1,1.0,0.454545,0.545455,0.5,0,0,5000.0,0.0,0.0,0.0,1
pairs_instagram_googleplus,RF,ghholtphotography,ghholtphotography,1,1.0,0.272727,0.9,0.6875,0,0,5000.0,0.0,0.0,0.0,1
pairs_instagram_googleplus,RF,patriciascholz,chantelleoliver,0,0.686667,0.0,0.125,0.15,0,0,5000.0,0.0,0.0,0.0,0
pairs_instagram_googleplus,RF,kostasdissios,kostasdissios,1,1.0,0.05,0.478261,0.88,0,0,5000.0,0.0,0.0,0.0,1
pairs_instagram_googleplus,RF,jasongraciano,jasongraciano,1,1.0,1.0,1.0,1.0,0,0,5000.0,0.0,0.0,0.0,1
pairs_instagram_googleplus,RF,diniehz,diniehz,1,1.0,0.166667,1.0,0.708333,0,0,5000.0,0.0,0.0,0.0,1
pairs_instagram_googleplus,RF,eliazu,eliazu,1,1.0,0.333333,1.0,0.764706,0,0,5000.0,0.0,0.0,0.0,1
pairs_instagram_googleplus,RF,davidlaplante,davidlaplante,1,1.0,0.615385,1.0,0.823529,0,0,5000.0,0.0,0.0,0.0,1
pairs_instagram_googleplus,RF,marioschumacher,marioschumacher,1,1.0,1.0,1.0,1.0,0,0,5000.0,0.0,0.0,0.0,1
pairs_instagram_googleplus,RF,davebias,davebias,1,1.0,0.5,0.545455,0.533333,0,0,5000.0,0.0,0.0,0.0,1
pairs_instagram_googleplus,RF,jimashley,jimashley,1,1.0,1.0,1.0,1.0,0,0,5000.0,0.0,0.0,0.0,1
pairs_instagram_googleplus,RF,federicolukkini,federicolukkini,1,1.0,0.611111,1.0,0.863636,0,0,5000.0,0.0,0.0,0.0,1
pairs_instagram_googleplus,RF,smilyborg,lunaaskar,0,0.943333,0.0,0.357143,0.185185,0,0,5000.0,0.0,0.0,0.0,1
pairs_instagram_googleplus,RF,daisipollardsepulveda,mithical,0,0.996667,0.058824,0.423077,0.4,0,0,5000.0,0.0,0.0,0.0,1
pairs_instagram_googleplus,RF,trevorsmiley,trevorsmiley,1,1.0,1.0,1.0,1.0,0,0,5000.0,0.0,0.0,0.0,1
pairs_instagram_googleplus,RF,katgear,katgear,1,0.99,0.384615,0.157895,0.318182,0,0,5000.0,0.0,0.0,0.0,1
pairs_instagram_googleplus,RF,jonfun,jonfun,1,1.0,0.294118,1.0,0.9,0,0,5000.0,0.0,0.0,0.0,1
pairs_instagram_googleplus,RF,alessandraturati,alessandraturati,1,1.0,0.384615,0.0,0.294118,0,0,5000.0,0.0,0.0,0.0,1
pairs_instagram_googleplus,RF,geoffreyvertlieb,geoffreyvertlieb,1,1.0,0.4375,1.0,0.9,0,0,5000.0,0.0,0.0,0.0,1
pairs_instagram_googleplus,RF,ernohannink,ernohannink,1,1.0,0.769231,1.0,0.722222,0,0,5000.0,0.0,0.0,0.0,1
pairs_instagram_googleplus,RF,betinasuarez,betinasuarez,1,1.0,0.666667,0.0,0.375,0,0,5000.0,0.0,0.0,0.0,1
pairs_instagram_googleplus,RF,aperture24,mrsimonwood,0,0.993333,0.0,0.444444,0.217391,0,0,5000.0,0.0,0.0,0.0,1
pairs_instagram_googleplus,RF,ianblack,ianblack,1,1.0,1.0,1.0,1.0,0,0,5000.0,0.0,0.0,0.0,1
pairs_instagram_googleplus,RF,clayenos,clayenos,1,1.0,1.0,1.0,1.0,0,0,5000.0,0.0,0.0,0.0,1
pairs_instagram_googleplus,RF,bymichael,bymichael,1,1.0,0.0,1.0,0.583333,0,0,5000.0,0.0,0.0,0.0,1
pairs_instagram_googleplus,RF,courtneyhoskins,courtneyhoskins,1,1.0,0.047619,0.6,0.785714,0,0,5000.0,0.0,0.0,0.0,1
pairs_instagram_googleplus,RF,michaeldching,michaeldching,1,1.0,0.75,1.0,0.8125,0,0,5000.0,0.0,0.0,0.0,1
pairs_instagram_googleplus,RF,gambrill,gambrill,1,1.0,0.636364,1.0,0.933333,0,0,5000.0,0.0,0.0,0.0,1
pairs_instagram_googleplus,RF,robwoodbridge,robwoodbridge,1,1.0,1.0,1.0,1.0,0,0,5000.0,0.0,0.0,0.0,1
pairs_instagram_googleplus,RF,jepoy,jepoy,1,1.0,0.086957,1.0,0.7,0,0,5000.0,0.0,0.0,0.0,1
pairs_instagram_googleplus,RF,marcolodovichi,marcolodovichi,1,1.0,1.0,1.0,1.0,0,0,5000.0,0.0,0.0,0.0,1
pairs_instagram_googleplus,RF,sarahkuntsal,sarahkuntsal,1,1.0,1.0,1.0,1.0,0,0,5000.0,0.0,0.0,0.0,1
pairs_instagram_googleplus,RF,jillriter,jillriter,1,1.0,1.0,1.0,1.0,0,0,5000.0,0.0,0.0,0.0,1
pairs_instagram_googleplus,RF,ojkriguano,ojkriguano,1,0.966667,0.0,0.666667,0.36,0,0,5000.0,0.0,0.0,0.0,1
pairs_instagram_googleplus,RF,nuzulputri,parmp,0,0.62,0.083333,0.0,0.058824,0,0,5000.0,0.0,0.0,0.0,1
pairs_instagram_googleplus,RF,salmurza,salmurza,1,1.0,0.0,0.8125,0.538462,0,0,5000.0,0.0,0.0,0.0,1
pairs_instagram_googleplus,RF,alexurrea,alexurrea,1,1.0,0.375,0.0,0.3,0,0,5000.0,0.0,0.0,0.0,1
pairs_instagram_googleplus,RF,zaidilfirza,zaidilfirza,1,1.0,1.0,0.0,0.692308,0,0,5000.0,0.0,0.0,0.0,1
pairs_instagram_googleplus,RF,sgclark,sgclark,1,1.0,0.266667,1.0,0.65,0,0,5000.0,0.0,0.0,0.0,1
pairs_instagram_googleplus,RF,maeghansmulders,maeghansmulders,1,1.0,1.0,1.0,1.0,0,0,5000.0,0.0,0.0,0.0,1
pairs_instagram_googleplus,RF,joelmarans,joelmarans,1,1.0,0.052632,1.0,0.458333,0,0,5000.0,0.0,0.0,0.0,1
pairs_instagram_googleplus,RF,jisampedro,jisampedro,1,1.0,0.444444,1.0,0.72,0,0,5000.0,0.0,0.0,0.0,1
pairs_instagram_googleplus,RF,bentyyc,bentyyc,1,1.0,0.5,1.0,0.857143,0,0,5000.0,0.0,0.0,0.0,1
pairs_instagram_googleplus,RF,dorahardy,dorahardy,1,1.0,0.214286,0.692308,0.45,0,0,5000.0,0.0,0.0,0.0,1
pairs_instagram_googleplus,RF,m1ket,m1ket,1,1.0,0.636364,1.0,0.866667,0,0,5000.0,0.0,0.0,0.0,1
pairs_instagram_googleplus,RF,agbear,agbear,1,1.0,0.0,1.0,0.625,0,0,5000.0,0.0,0.0,0.0,1
pairs_instagram_googleplus,RF,pokharel,shadman,0,0.993333,0.25,0.416667,0.291667,0,0,5000.0,0.0,0.0,0.0,1
pairs_instagram_googleplus,RF,migueldecastro,migueldecastro,1,1.0,0.470588,1.0,0.809524,0,0,5000.0,0.0,0.0,0.0,1
pairs_instagram_googleplus,RF,handmadejewelry,janettetoral,0,0.519556,0.026316,0.0,0.105263,0,0,5000.0,0.0,0.0,0.0,0
pairs_instagram_googleplus,RF,ghibril,gailgabrielle,0,0.886667,0.214286,0.2,0.294118,0,0,5000.0,0.0,0.0,0.0,1
pairs_instagram_googleplus,RF,oli4b,ockstyle,0,0.656667,0.1,0.090909,0.133333,0,0,5000.0,0.0,0.0,0.0,1
pairs_instagram_googleplus,RF,matosnuno,matosnuno,1,1.0,0.45,1.0,0.5,0,0,5000.0,0.0,0.0,0.0,1
pairs_instagram_googleplus,RF,aquatellus,passion4advocare,0,0.83,0.1875,0.176471,0.190476,0,0,5000.0,0.0,0.0,0.0,0
pairs_instagram_googleplus,RF,johanneslenz,johanneslenz,1,1.0,1.0,1.0,1.0,0,0,5000.0,0.0,0.0,0.0,1
pairs_instagram_googleplus,RF,lukedonegan,lukedonegan,1,1.0,1.0,1.0,1.0,0,0,5000.0,0.0,0.0,0.0,1
pairs_instagram_googleplus,RF,jinaljmehta,jinaljmehta,1,1.0,0.727273,0.833333,0.75,0,0,5000.0,0.0,0.0,0.0,1
pairs_instagram_googleplus,RF,shannonrlittle,shannonrlittle,1,1.0,0.785714,1.0,0.833333,0,0,5000.0,0.0,0.0,0.0,1
pairs_instagram_googleplus,RF,idrisbusari,idrisbusari,1,1.0,0.0,1.0,0.423077,0,0,5000.0,0.0,0.0,0.0,1
pairs_instagram_googleplus,RF,gualdjouma,gualdjouma,1,1.0,0.0,1.0,0.478261,0,0,5000.0,0.0,0.0,0.0,1
pairs_instagram_googleplus,RF,rielax,michelthiers,0,0.953333,0.357143,0.133333,0.25,0,0,5000.0,0.0,0.0,0.0,1
pairs_instagram_googleplus,RF,christopherlyttle,chrismalenab,0,1.0,0.074074,0.521739,0.40625,0,0,5000.0,0.0,0.0,0.0,1
pairs_instagram_googleplus,RF,alejandrojgs,alejandropulido,0,0.983333,0.363636,0.371429,0.365854,0,0,5000.0,0.0,0.0,0.0,1
pairs_instagram_googleplus,RF,christophbuck,christophbuck,1,1.0,0.130435,1.0,0.5,0,0,5000.0,0.0,0.0,0.0,1
pairs_instagram_googleplus,RF,justincambria,justincambria,1,1.0,1.0,0.785714,0.875,0,0,5000.0,0.0,0.0,0.0,1
pairs_instagram_googleplus,RF,dkc,dkc,1,1.0,0.384615,1.0,0.777778,0,0,5000.0,0.0,0.0,0.0,1
pairs_instagram_googleplus,RF,roshandaniel,roshandaniel,1,1.0,0.666667,1.0,0.705882,0,0,5000.0,0.0,0.0,0.0,1
pairs_instagram_googleplus,RF,joshharcus,joshharcus,1,1.0,1.0,0.727273,0.846154,0,0,5000.0,0.0,0.0,0.0,1
pairs_instagram_googleplus,RF,adamwhalley,rodneypike,0,0.95,0.428571,0.3125,0.3,0,0,5000.0,0.0,0.0,0.0,0
pairs_instagram_googleplus,RF,cmroman,cmroman,1,1.0,0.4,1.0,0.8,0,0,5000.0,0.0,0.0,0.0,1
pairs_instagram_googleplus,RF,jodybossert,jodybossert,1,1.0,1.0,1.0,1.0,0,0,5000.0,0.0,0.0,0.0,1
pairs_instagram_googleplus,RF,konradburman,konradburman,1,1.0,1.0,1.0,1.0,0,0,5000.0,0.0,0.0,0.0,1
pairs_instagram_googleplus,RF,domynatrix,patriciaprado,0,1.0,0.235294,0.533333,0.434783,0,0,5000.0,0.0,0.0,0.0,1
pairs_instagram_googleplus,RF,taylortoussaint,taylortoussaint,1,1.0,1.0,1.0,1.0,0,0,5000.0,0.0,0.0,0.0,1
pairs_instagram_googleplus,RF,paulashton,paulashton,1,1.0,1.0,1.0,1.0,0,0,5000.0,0.0,0.0,0.0,1
pairs_instagram_googleplus,RF,catflippen,catflippen,1,1.0,1.0,1.0,1.0,0,0,5000.0,0.0,0.0,0.0,1
pairs_instagram_googleplus,RF,dariusguerrero,dariusguerrero,1,1.0,0.55,1.0,0.884615,0,0,5000.0,0.0,0.0,0.0,1
pairs_instagram_googleplus,RF,henspie,henspie,1,1.0,0.5,1.0,0.733333,0,0,5000.0,0.0,0.0,0.0,1
pairs_instagram_googleplus,RF,poohkohawaii,poohkohawaii,1,1.0,0.5,0.4,0.4,0,0,5000.0,0.0,0.0,0.0,1
pairs_instagram_googleplus,RF,stevendent,stevenmdean,0,1.0,0.416667,0.5,0.470588,0,0,5000.0,0.0,0.0,0.0,1
pairs_instagram_googleplus,RF,dgancedo,dgancedo,1,1.0,0.846154,1.0,0.823529,0,0,5000.0,0.0,0.0,0.0,1
pairs_instagram_googleplus,RF,rubenserra,rubenserra,1,1.0,0.333333,1.0,0.647059,0,0,5000.0,0.0,0.0,0.0,1
pairs_instagram_googleplus,RF,gulgungoktan,gulgungoktan,1,1.0,1.0,0.75,1.0,0,0,5000.0,0.0,0.0,0.0,1
pairs_instagram_googleplus,RF,juliehunter,juliehunter,1,1.0,1.0,0.55,0.636364,0,0,5000.0,0.0,0.0,0.0,1
pairs_instagram_googleplus,RF,kientran,kientran,1,1.0,1.0,1.0,1.0,0,0,5000.0,0.0,0.0,0.0,1
pairs_instagram_googleplus,RF,aldreendumasig,aldreendumasig,1,1.0,1.0,1.0,1.0,0,0,5000.0,0.0,0.0,0.0,1
pairs_instagram_googleplus,RF,lazarusross,lazarusross,1,1.0,0.0,1.0,0.521739,0,0,5000.0,0.0,0.0,0.0,1
pairs_instagram_googleplus,RF,viry,ccostan,0,0.666667,0.0,0.315789,0.241379,0,0,5000.0,0.0,0.0,0.0,1
pairs_instagram_googleplus,RF,lucabecattini,lucabecattini,1,1.0,1.0,1.0,1.0,0,0,5000.0,0.0,0.0,0.0,1
pairs_instagram_googleplus,RF,kilttilter,photothiel,0,0.993333,0.0,0.4,0.217391,0,0,5000.0,0.0,0.0,0.0,1
pairs_instagram_googleplus,RF,plr,plr,1,1.0,0.692308,1.0,0.894737,0,0,5000.0,0.0,0.0,0.0,1
pairs_instagram_googleplus,RF,tpoulton,marketintegrations,0,0.946778,0.2,0.0,0.166667,0,0,5000.0,0.0,0.0,0.0,0
pairs_instagram_googleplus,RF,karendatangel,karendatangel,1,1.0,1.0,1.0,1.0,0,0,5000.0,0.0,0.0,0.0,1
pairs_instagram_googleplus,RF,jasonbergin,jasonbergin,1,1.0,1.0,1.0,1.0,0,0,5000.0,0.0,0.0,0.0,1
pairs_instagram_googleplus,RF,cathynesbit,thegaryjnix,0,0.673333,0.0,0.111111,0.08,0,0,5000.0,0.0,0.0,0.0,0
pairs_instagram_googleplus,RF,rodmilam,rodmilam,1,1.0,0.0,1.0,0.428571,0,0,5000.0,0.0,0.0,0.0,1
pairs_instagram_googleplus,RF,joninickrentpopartminis,chrisparkin,0,0.923333,0.25,0.235294,0.3,0,0,5000.0,0.0,0.0,0.0,0
pairs_instagram_googleplus,RF,erkstam,erkstam,1,1.0,0.5,1.0,0.9375,0,0,5000.0,0.0,0.0,0.0,1
pairs_instagram_googleplus,RF,majalarsson,majalarsson,1,1.0,0.75,1.0,0.8125,0,0,5000.0,0.0,0.0,0.0,1
pairs_instagram_googleplus,RF,thegadgeteur,ljrmike,0,0.926667,0.0,0.428571,0.181818,0,0,5000.0,0.0,0.0,0.0,1
pairs_instagram_googleplus,RF,andrewfoote,andrewfoote,1,1.0,1.0,1.0,1.0,0,0,5000.0,0.0,0.0,0.0,1
pairs_instagram_googleplus,RF,karenmarie,karenmarie,1,1.0,0.0,1.0,0.428571,0,0,5000.0,0.0,0.0,0.0,1
pairs_instagram_googleplus,RF,michaelrajivshah,michaelrajivshah,1,1.0,0.0,1.0,0.586207,0,0,5000.0,0.0,0.0,0.0,1
pairs_instagram_googleplus,RF,nadirozkan,nadirozkan,1,1.0,0.7,0.727273,0.625,0,0,5000.0,0.0,0.0,0.0,1
pairs_instagram_googleplus,RF,carsonbelinda,lindanelson,0,1.0,0.1875,0.5,0.409091,0,0,5000.0,0.0,0.0,0.0,1
pairs_instagram_googleplus,RF,jenleheny,jenleheny,1,0.94,0.0,0.4,0.434783,0,0,5000.0,0.0,0.0,0.0,1
pairs_instagram_googleplus,RF,naningutoyo,naningutoyo,1,1.0,1.0,0.6875,0.885714,0,0,5000.0,0.0,0.0,0.0,1
pairs_instagram_googleplus,RF,willblackford,willblackford,1,1.0,1.0,0.0,0.75,0,0,5000.0,0.0,0.0,0.0,1
pairs_instagram_googleplus,RF,jasonriemens,jasonriemens,1,1.0,1.0,1.0,1.0,0,0,5000.0,0.0,0.0,0.0,1
pairs_instagram_googleplus,RF,dimmu,dimmu,1,1.0,0.117647,0.692308,0.454545,0,0,5000.0,0.0,0.0,0.0,1
pairs_instagram_googleplus,RF,arielcohen,arielcohen,1,1.0,0.727273,1.0,0.733333,0,0,5000.0,0.0,0.0,0.0,1
pairs_instagram_googleplus,RF,rafaeltds,rafaeltds,1,1.0,0.4,1.0,0.8,0,0,5000.0,0.0,0.0,0.0,1
pairs_instagram_googleplus,RF,joonkang,joonkang,1,1.0,0.4,1.0,0.642857,0,0,5000.0,0.0,0.0,0.0,1
pairs_instagram_googleplus,RF,fitbodylife,fitbodylife,1,0.996667,0.434783,0.190476,0.571429,0,0,5000.0,0.0,0.0,0.0,1
pairs_instagram_googleplus,RF,cserafin,cserafin,1,1.0,0.133333,1.0,0.65,0,0,5000.0,0.0,0.0,0.0,1
pairs_instagram_googleplus,RF,shawnalholman,shawnalholman,1,1.0,0.769231,0.857143,0.736842,0,0,5000.0,0.0,0.0,0.0,1
pairs_instagram_googleplus,RF,raymondwong,raymondwong,1,1.0,0.1,1.0,0.44,0,0,5000.0,0.0,0.0,0.0,1
pairs_instagram_googleplus,RF,hrodzpr,hrodzpr,1,1.0,0.105263,1.0,0.72,0,0,5000.0,0.0,0.0,0.0,1
pairs_instagram_googleplus,RF,elbisnet,elbisnet,1,1.0,0.210526,1.0,0.72,0,0,5000.0,0.0,0.0,0.0,1
pairs_instagram_googleplus,RF,antonioaraya,antonioaraya,1,1.0,1.0,1.0,1.0,0,0,5000.0,0.0,0.0,0.0,1
pairs_instagram_googleplus,RF,ianeisenberg,ianeisenberg,1,1.0,0.058824,1.0,0.590909,0,0,5000.0,0.0,0.0,0.0,1
pairs_instagram_googleplus,RF,mariadpablos,mariadpablos,1,1.0,0.307692,0.4,0.447368,0,0,5000.0,0.0,0.0,0.0,1
pairs_instagram_googleplus,RF,mikedoeff,mikedoeff,1,1.0,0.444444,1.0,0.846154,0,0,5000.0,0.0,0.0,0.0,1
pairs_instagram_googleplus,RF,vilapol,vilapol,1,1.0,0.857143,0.461538,0.529412,0,0,5000.0,0.0,0.0,0.0,1
pairs_instagram_googleplus,RF,brittanyberger,brittanyberger,1,1.0,0.1875,1.0,0.65,0,0,5000.0,0.0,0.0,0.0,1
pairs_instagram_googleplus,RF,matthieuthomas,thomaskeup,0,0.983333,0.0,0.375,0.21875,0,0,5000.0,0.0,0.0,0.0,0
pairs_instagram_googleplus,RF,leeharmon,leeharmon,1,1.0,1.0,1.0,1.0,0,0,5000.0,0.0,0.0,0.0,1
pairs_instagram_googleplus,RF,katiekutthroat,katiekutthroat,1,1.0,0.705882,0.277778,0.714286,0,0,5000.0,0.0,0.0,0.0,1
pairs_instagram_googleplus,RF,codytatman,codytatman,1,1.0,1.0,1.0,1.0,0,0,5000.0,0.0,0.0,0.0,1
pairs_instagram_googleplus,RF,salah286,salah286,1,1.0,0.363636,1.0,0.625,0,0,5000.0,0.0,0.0,0.0,1
pairs_instagram_googleplus,RF,mdyoder,mdyoder,1,1.0,0.222222,1.0,0.565217,0,0,5000.0,0.0,0.0,0.0,1
pairs_instagram_googleplus,RF,ekoprobo,ekoprobo,1,1.0,0.466667,1.0,0.863636,0,0,5000.0,0.0,0.0,0.0,1
pairs_instagram_googleplus,RF,abedsaifi,edsafin,0,0.973333,0.4,0.454545,0.375,0,0,5000.0,0.0,0.0,0.0,1
pairs_instagram_googleplus,RF,laszloreszegi,laszloreszegi,1,1.0,0.5,0.571429,0.454545,0,0,5000.0,0.0,0.0,0.0,1
pairs_instagram_googleplus,RF,aleksanderdye,aleksanderdye,1,1.0,1.0,1.0,1.0,0,0,5000.0,0.0,0.0,0.0,1
pairs_instagram_googleplus,RF,nicoias,nicoias,1,1.0,0.0,1.0,0.65,0,0,5000.0,0.0,0.0,0.0,1
pairs_instagram_googleplus,RF,lidahasbrouck,lidahasbrouck,1,1.0,1.0,1.0,1.0,0,0,5000.0,0.0,0.0,0.0,1
pairs_instagram_googleplus,RF,theeastsiderealestateguy,theeastsiderealestateguy,1,1.0,0.5,1.0,0.73913,0,0,5000.0,0.0,0.0,0.0,1
pairs_instagram_googleplus,RF,gadgeeked,gadgeeked,1,1.0,0.0,1.0,0.592593,0,0,5000.0,0.0,0.0,0.0,1
pairs_instagram_googleplus,RF,moos3,robmoses,0,0.648889,0.166667,0.333333,0.235294,0,0,5000.0,0.0,0.0,0.0,1
pairs_instagram_googleplus,RF,trevorlong,trevorlong,1,1.0,1.0,1.0,1.0,0,0,5000.0,0.0,0.0,0.0,1
pairs_instagram_googleplus,RF,mahmoudhamamou,mahmoudhamamou,1,1.0,1.0,1.0,1.0,0,0,5000.0,0.0,0.0,0.0,1
pairs_instagram_googleplus,RF,davedebor,davedebor,1,1.0,0.444444,0.0,0.333333,0,0,5000.0,0.0,0.0,0.0,1
pairs_instagram_googleplus,RF,kwanza,kwanza,1,0.826667,0.285714,0.285714,0.307692,0,0,5000.0,0.0,0.0,0.0,1
pairs_instagram_googleplus,RF,michaelkrantz,michaelkrantz,1,1.0,0.571429,0.461538,0.5,0,0,5000.0,0.0,0.0,0.0,1
pairs_instagram_googleplus,RF,calfn,calfn,1,1.0,1.0,0.0,0.636364,0,0,5000.0,0.0,0.0,0.0,1
pairs_instagram_googleplus,RF,krystasch,paulatinocotrindade,0,0.946778,0.2,0.0,0.166667,0,0,5000.0,0.0,0.0,0.0,0
pairs_instagram_googleplus,RF,eduardomueses,eduardomueses,1,1.0,0.0,1.0,0.5,0,0,5000.0,0.0,0.0,0.0,1
pairs_instagram_googleplus,RF,lindsayrain,lindsaytan,0,1.0,0.5,0.6,0.5,0,0,5000.0,0.0,0.0,0.0,1
pairs_instagram_googleplus,RF,jorgeramossantos,jorgeramossantos,1,1.0,0.823529,1.0,0.826087,0,0,5000.0,0.0,0.0,0.0,1
pairs_instagram_googleplus,RF,mikemartin,mikemartin,1,1.0,0.277778,1.0,0.454545,0,0,5000.0,0.0,0.0,0.0,1
pairs_instagram_googleplus,RF,stevelevine,stevelevine,1,1.0,0.9,0.727273,0.785714,0,0,5000.0,0.0,0.0,0.0,1
pairs_instagram_googleplus,RF,djryan,djryan,1,1.0,0.333333,1.0,0.6875,0,0,5000.0,0.0,0.0,0.0,1
pairs_instagram_googleplus,RF,karimellis,karimellis,1,1.0,0.666667,1.0,0.684211,0,0,5000.0,0.0,0.0,0.0,1
pairs_instagram_googleplus,RF,nzeckner,nzeckner,1,1.0,0.263158,1.0,0.608696,0,0,5000.0,0.0,0.0,0.0,1
pairs_instagram_googleplus,RF,angelamisri,angelamisri,1,1.0,0.333333,1.0,0.6,0,0,5000.0,0.0,0.0,0.0,1
pairs_instagram_googleplus,RF,juergvollmer,juergvollmer,1,1.0,0.727273,0.75,0.705882,0,0,5000.0,0.0,0.0,0.0,1
pairs_instagram_googleplus,RF,aaronphillips,aaronphillips,1,1.0,1.0,0.307692,0.8,0,0,5000.0,0.0,0.0,0.0,1
pairs_instagram_googleplus,RF,idrialis,idrialis,1,1.0,1.0,0.4375,0.529412,0,0,5000.0,0.0,0.0,0.0,1
pairs_instagram_googleplus,RF,jcabezuelo,jcabezuelo,1,1.0,0.1875,0.52381,0.714286,0,0,5000.0,0.0,0.0,0.0,1
pairs_instagram_googleplus,RF,ohkirsten,ohkirsten,1,1.0,0.428571,1.0,0.722222,0,0,5000.0,0.0,0.0,0.0,1
pairs_instagram_googleplus,RF,carolinemccarthy,carolinemccarthy,1,1.0,0.230769,1.0,0.833333,0,0,5000.0,0.0,0.0,0.0,1
pairs_instagram_googleplus,RF,psyko,psyko,1,1.0,0.0,1.0,0.413793,0,0,5000.0,0.0,0.0,0.0,1
pairs_instagram_googleplus,RF,djgrill,djgrill,1,1.0,1.0,0.733333,0.875,0,0,5000.0,0.0,0.0,0.0,1
pairs_instagram_googleplus,RF,motivationdoc,motivationdoc,1,1.0,0.041667,1.0,0.551724,0,0,5000.0,0.0,0.0,0.0,1
pairs_instagram_googleplus,RF,tdodson,tdodson,1,1.0,0.416667,1.0,0.875,0,0,5000.0,0.0,0.0,0.0,1
pairs_instagram_googleplus,RF,joshgriffin,joshgriffin,1,1.0,0.190476,0.714286,0.444444,0,0,5000.0,0.0,0.0,0.0,1
pairs_instagram_googleplus,RF,jsschultz88,jsschultz88,1,1.0,0.461538,1.0,0.611111,0,0,5000.0,0.0,0.0,0.0,1
pairs_instagram_googleplus,RF,pepehoms,pepehoms,1,1.0,0.714286,1.0,0.727273,0,0,5000.0,0.0,0.0,0.0,1
pairs_instagram_googleplus,RF,adrianoteles,adrianoteles,1,1.0,1.0,1.0,1.0,0,0,5000.0,0.0,0.0,0.0,1
pairs_instagram_googleplus,RF,jessemontano,jessemontano,1,1.0,1.0,1.0,1.0,0,0,5000.0,0.0,0.0,0.0,1
pairs_instagram_googleplus,RF,tessadufresne,tessadufresne,1,1.0,0.416667,0.705882,0.666667,0,0,5000.0,0.0,0.0,0.0,1
pairs_instagram_googleplus,RF,oliebana,oliebana,1,1.0,0.5,1.0,0.875,0,0,5000.0,0.0,0.0,0.0,1
pairs_instagram_googleplus,RF,daveballesteros,daveballesteros,1,1.0,0.166667,1.0,0.695652,0,0,5000.0,0.0,0.0,0.0,1
pairs_instagram_googleplus,RF,blakekbrown,blakekbrown,1,1.0,0.363636,1.0,0.785714,0,0,5000.0,0.0,0.0,0.0,1
pairs_instagram_googleplus,RF,troshy,troshy,1,1.0,0.4,1.0,0.733333,0,0,5000.0,0.0,0.0,0.0,1
pairs_instagram_googleplus,RF,eugenekaspersky,eugenekaspersky,1,1.0,0.5,1.0,0.85,0,0,5000.0,0.0,0.0,0.0,1
pairs_instagram_googleplus,RF,ginograziano,ginograziano,1,1.0,0.909091,0.272727,0.857143,0,0,5000.0,0.0,0.0,0.0,1
pairs_instagram_googleplus,RF,kmartinezcarter,kmartinezcarter,1,1.0,0.6875,1.0,0.9,0,0,5000.0,0.0,0.0,0.0,1
pairs_instagram_googleplus,RF,karendaniela,karendaniela,1,1.0,0.434783,0.653846,0.580645,0,0,5000.0,0.0,0.0,0.0,1
pairs_instagram_googleplus,RF,alexsablan,alexsablan,1,1.0,0.454545,0.6,0.55,0,0,5000.0,0.0,0.0,0.0,1
pairs_instagram_googleplus,RF,cheeseberger,absolutbeer,0,1.0,0.428571,0.0,0.318182,0,0,5000.0,0.0,0.0,0.0,1
pairs_instagram_googleplus,RF,stefanwoldekidan,stefandan,0,1.0,0.0,0.625,0.368421,0,0,5000.0,0.0,0.0,0.0,1
pairs_instagram_googleplus,RF,katmaund,katmaund,1,1.0,0.428571,0.636364,0.64,0,0,5000.0,0.0,0.0,0.0,1
pairs_instagram_googleplus,RF,traced,tracytran,0,0.93,0.3,0.375,0.285714,0,0,5000.0,0.0,0.0,0.0,1
pairs_instagram_googleplus,RF,maccih,maccih,1,1.0,0.142857,1.0,0.653846,0,0,5000.0,0.0,0.0,0.0,1
pairs_instagram_googleplus,RF,cendrinemarrouat,cendrinemarrouat,1,1.0,0.421053,1.0,0.75,0,0,5000.0,0.0,0.0,0.0,1
pairs_instagram_googleplus,RF,elleneinkauf,elleneinkauf,1,1.0,0.214286,1.0,0.666667,0,0,5000.0,0.0,0.0,0.0,1
pairs_instagram_googleplus,RF,dannyquigley,dannyquigley,1,1.0,1.0,1.0,1.0,0,0,5000.0,0.0,0.0,0.0,1
pairs_instagram_googleplus,RF,muzicoholicated,muzicoholicated,1,1.0,0.0,1.0,0.444444,0,0,5000.0,0.0,0.0,0.0,1
pairs_instagram_googleplus,RF,atsushigt,patil22,0,0.946778,0.2,0.0,0.166667,0,0,5000.0,0.0,0.0,0.0,0
pairs_instagram_googleplus,RF,sebastianmueller,sebastianmueller,1,1.0,0.0,0.8125,0.483871,0,0,5000.0,0.0,0.0,0.0,1
pairs_instagram_googleplus,RF,renelego,renelego,1,1.0,0.307692,0.6,0.4,0,0,5000.0,0.0,0.0,0.0,1
pairs_instagram_googleplus,RF,craigansell,craigansell,1,1.0,1.0,1.0,1.0,0,0,5000.0,0.0,0.0,0.0,1
pairs_instagram_googleplus,RF,corbet,corbet,1,1.0,0.416667,0.5625,0.666667,0,0,5000.0,0.0,0.0,0.0,1
pairs_instagram_googleplus,RF,hasanmhm,hasanmhm,1,1.0,0.25,0.8125,0.608696,0,0,5000.0,0.0,0.0,0.0,1
pairs_instagram_googleplus,RF,micaheriksson,micaheriksson,1,1.0,0.785714,1.0,0.833333,0,0,5000.0,0.0,0.0,0.0,1
pairs_instagram_googleplus,RF,guillaumeoudenot,guillaumeoudenot,1,1.0,0.052632,1.0,0.708333,0,0,5000.0,0.0,0.0,0.0,1
pairs_instagram_googleplus,RF,carlosclouthier,carlosclouthier,1,1.0,1.0,1.0,1.0,0,0,5000.0,0.0,0.0,0.0,1
pairs_instagram_googleplus,RF,jchiatt,jchiatt,1,1.0,1.0,1.0,1.0,0,0,5000.0,0.0,0.0,0.0,1
pairs_instagram_googleplus,RF,christiepingvin,christiepingvin,1,1.0,0.346154,0.666667,0.625,0,0,5000.0,0.0,0.0,0.0,1
pairs_instagram_googleplus,RF,sugarfreecoach,elianacayo,0,0.744254,0.037037,0.304348,0.219512,0,0,5000.0,0.0,0.0,0.0,1
pairs_instagram_googleplus,RF,brunno,brunno,1,1.0,0.75,0.769231,0.722222,0,0,5000.0,0.0,0.0,0.0,1
pairs_instagram_googleplus,RF,dnhills,dnhills,1,1.0,0.4,1.0,0.785714,0,0,5000.0,0.0,0.0,0.0,1
pairs_instagram_googleplus,RF,ianmcconnell,ianmcconnell,1,1.0,0.666667,1.0,0.65,0,0,5000.0,0.0,0.0,0.0,1
pairs_instagram_googleplus,RF,leanderwattig,leanderwattig,1,1.0,1.0,1.0,1.0,0,0,5000.0,0.0,0.0,0.0,1
pairs_instagram_googleplus,RF,marygrace,marygrace,1,1.0,0.0,1.0,0.5,0,0,5000.0,0.0,0.0,0.0,1
pairs_instagram_googleplus,RF,bambiblue,bambiblue,1,1.0,0.0,1.0,0.409091,0,0,5000.0,0.0,0.0,0.0,1
pairs_instagram_googleplus,RF,markusrach,markusrach,1,1.0,1.0,1.0,1.0,0,0,5000.0,0.0,0.0,0.0,1
pairs_instagram_googleplus,RF,jupptedesco,jupptedesco,1,1.0,0.368421,1.0,0.666667,0,0,5000.0,0.0,0.0,0.0,1
pairs_instagram_googleplus,RF,michaelcoley,michaelcoley,1,1.0,0.333333,1.0,0.875,0,0,5000.0,0.0,0.0,0.0,1
pairs_instagram_googleplus,RF,theoryoferin,theoryoferin,1,1.0,1.0,0.176471,0.631579,0,0,5000.0,0.0,0.0,0.0,1
pairs_instagram_googleplus,RF,amandaloy,amandaloy,1,1.0,0.0,1.0,0.571429,0,0,5000.0,0.0,0.0,0.0,1
pairs_instagram_googleplus,RF,robcoers,robcoers,1,1.0,1.0,1.0,1.0,0,0,5000.0,0.0,0.0,0.0,1
pairs_instagram_googleplus,RF,jehf,jehf,1,1.0,0.111111,0.75,0.647059,0,0,5000.0,0.0,0.0,0.0,1
pairs_instagram_googleplus,RF,pbustas,pbustas,1,1.0,0.3,0.76,0.821429,0,0,5000.0,0.0,0.0,0.0,1
pairs_instagram_googleplus,RF,alaasabra,osamakhaled,0,1.0,0.230769,0.444444,0.375,0,0,5000.0,0.0,0.0,0.0,1
pairs_instagram_googleplus,RF,peteseroogy,peteseroogy,1,1.0,1.0,1.0,1.0,0,0,5000.0,0.0,0.0,0.0,1
pairs_instagram_googleplus,RF,williamorellana,williamorellana,1,1.0,0.8,1.0,0.842105,0,0,5000.0,0.0,0.0,0.0,1
pairs_instagram_googleplus,RF,waadf,waadf,1,0.746667,0.384615,0.258065,0.27027,0,0,5000.0,0.0,0.0,0.0,1
pairs_instagram_googleplus,RF,davidmerinas,davidmerinas,1,1.0,1.0,1.0,1.0,0,0,5000.0,0.0,0.0,0.0,1
pairs_instagram_googleplus,RF,timothyryan,timothyryan,1,1.0,0.833333,1.0,0.875,0,0,5000.0,0.0,0.0,0.0,1
pairs_instagram_googleplus,RF,dajallo,dajallo,1,0.966667,0.352941,0.076923,0.28125,0,0,5000.0,0.0,0.0,0.0,1
pairs_instagram_googleplus,RF,kosmach,kosmach,1,1.0,0.6,1.0,0.928571,0,0,5000.0,0.0,0.0,0.0,1
pairs_instagram_googleplus,RF,dhyll,dhyll,1,1.0,0.210526,0.684211,0.692308,0,0,5000.0,0.0,0.0,0.0,1
pairs_instagram_googleplus,RF,rodrigoamem,rodrigoamem,1,1.0,0.727273,0.0,0.533333,0,0,5000.0,0.0,0.0,0.0,1
pairs_instagram_googleplus,RF,ankatextile,aajain,0,0.94,0.222222,0.2,0.304348,0,0,5000.0,0.0,0.0,0.0,1
pairs_instagram_googleplus,RF,pattymitchell,pattymitchell,1,1.0,0.076923,1.0,0.517241,0,0,5000.0,0.0,0.0,0.0,1
pairs_instagram_googleplus,RF,whart,kellywhalen,0,1.0,0.333333,0.3125,0.368421,0,0,5000.0,0.0,0.0,0.0,1
pairs_instagram_googleplus,RF,lizzmc,dgonz,0,1.0,0.105263,0.666667,0.461538,0,0,5000.0,0.0,0.0,0.0,1
pairs_instagram_googleplus,RF,aguseji,cancunstudios,0,0.99,0.1875,0.428571,0.333333,0,0,5000.0,0.0,0.0,0.0,1
pairs_instagram_googleplus,RF,gailaustin,rickaustin,0,0.973333,0.357143,0.357143,0.315789,0,0,5000.0,0.0,0.0,0.0,1
pairs_instagram_googleplus,RF,balexandre,balexandre,1,1.0,0.571429,1.0,0.888889,0,0,5000.0,0.0,0.0,0.0,1
pairs_instagram_googleplus,RF,davidhernandez,davidhernandez,1,1.0,0.105263,0.777778,0.72,0,0,5000.0,0.0,0.0,0.0,1
pairs_instagram_googleplus,RF,shahsocialmedia,shahsocialmedia,1,1.0,0.157895,1.0,0.458333,0,0,5000.0,0.0,0.0,0.0,1
pairs_instagram_googleplus,RF,evagarciaalende,evagarciaalende,1,1.0,0.111111,1.0,0.666667,0,0,5000.0,0.0,0.0,0.0,1
pairs_instagram_googleplus,RF,ericdlussier,ericdlussier,1,1.0,1.0,1.0,1.0,0,0,5000.0,0.0,0.0,0.0,1
pairs_instagram_googleplus,RF,wproof,wproof,1,1.0,0.363636,1.0,0.866667,0,0,5000.0,0.0,0.0,0.0,1
pairs_instagram_googleplus,RF,conoraltier,conoraltier,1,1.0,1.0,1.0,1.0,0,0,5000.0,0.0,0.0,0.0,1
pairs_instagram_googleplus,RF,linji,emredincer13,0,0.973333,0.285714,0.0,0.222222,0,0,5000.0,0.0,0.0,0.0,1
pairs_instagram_googleplus,RF,ocrucelaegui,ocrucelaegui,1,1.0,0.3125,1.0,0.9,0,0,5000.0,0.0,0.0,0.0,1
pairs_instagram_googleplus,RF,kkbyrns,kkbyrns,1,1.0,0.444444,1.0,0.769231,0,0,5000.0,0.0,0.0,0.0,1
pairs_instagram_googleplus,RF,kdnewman,kdnewman,1,1.0,0.3125,1.0,0.6,0,0,5000.0,0.0,0.0,0.0,1
pairs_instagram_googleplus,RF,nessabirdie,inlovewithnow,0,0.996667,0.285714,0.666667,0.368421,0,0,5000.0,0.0,0.0,0.0,1
pairs_instagram_googleplus,RF,kuroroh,kuroroh,1,1.0,0.0,1.0,0.714286,0,0,5000.0,0.0,0.0,0.0,1
pairs_instagram_googleplus,RF,claudiogiulio,claudiogiulio,1,1.0,0.0,1.0,0.483871,0,0,5000.0,0.0,0.0,0.0,1
pairs_instagram_googleplus,RF,andrearusky,andrearusky,1,1.0,0.333333,1.0,0.772727,0,0,5000.0,0.0,0.0,0.0,1
pairs_instagram_googleplus,RF,frantxuvb,frantxuvb,1,1.0,1.0,0.363636,0.5,0,0,5000.0,0.0,0.0,0.0,1
pairs_instagram_googleplus,RF,themichaelshane,themichaelshane,1,1.0,0.769231,0.6,0.611111,0,0,5000.0,0.0,0.0,0.0,1
pairs_instagram_googleplus,RF,atsoukalidis,atsoukalidis,1,1.0,0.555556,1.0,0.909091,0,0,5000.0,0.0,0.0,0.0,1
pairs_instagram_googleplus,RF,angiepascale,angiepascale,1,1.0,0.5,1.0,0.866667,0,0,5000.0,0.0,0.0,0.0,1
pairs_instagram_googleplus,RF,eastonplacedesigns,eastonplacedesigns,1,0.983333,0.04,0.0,0.59375,0,0,5000.0,0.0,0.0,0.0,1
pairs_instagram_googleplus,RF,sugabetic,sugabetic,1,1.0,0.421053,0.444444,0.541667,0,0,5000.0,0.0,0.0,0.0,1
pairs_instagram_googleplus,RF,karypastor,karypastor,1,1.0,0.133333,0.571429,0.428571,0,0,5000.0,0.0,0.0,0.0,1
pairs_instagram_googleplus,RF,davidgregson,davidgregson,1,1.0,0.214286,0.642857,0.7,0,0,5000.0,0.0,0.0,0.0,1
pairs_instagram_googleplus,RF,ajuece,ajuece,1,1.0,0.117647,1.0,0.809524,0,0,5000.0,0.0,0.0,0.0,1
pairs_instagram_googleplus,RF,matthewjadams,matthewjadams,1,1.0,0.857143,1.0,0.809524,0,0,5000.0,0.0,0.0,0.0,1
pairs_instagram_googleplus,RF,ergomezg,ergomezg,1,1.0,0.285714,1.0,0.684211,0,0,5000.0,0.0,0.0,0.0,1
pairs_instagram_googleplus,RF,marsherlin,marsherlin,1,1.0,0.0,0.625,0.3,0,0,5000.0,0.0,0.0,0.0,1
pairs_instagram_googleplus,RF,abuznadah,abuznadah,1,1.0,0.615385,1.0,0.941176,0,0,5000.0,0.0,0.0,0.0,1
pairs_instagram_googleplus,RF,vbellais,vbellais,1,1.0,0.428571,1.0,0.888889,0,0,5000.0,0.0,0.0,0.0,1
pairs_instagram_googleplus,RF,rahulkadari,rahulkadari,1,1.0,0.285714,1.0,0.631579,0,0,5000.0,0.0,0.0,0.0,1
pairs_instagram_googleplus,RF,proxywolf,proxywolf,1,1.0,0.2,0.769231,0.52381,0,0,5000.0,0.0,0.0,0.0,1
pairs_instagram_googleplus,RF,diegoisaid,diegoisaid,1,1.0,0.6,0.588235,0.619048,0,0,5000.0,0.0,0.0,0.0,1
pairs_instagram_googleplus,RF,sanabakshi,sanabakshi,1,1.0,1.0,1.0,1.0,0,0,5000.0,0.0,0.0,0.0,1
pairs_instagram_googleplus,RF,omorgan,omorgan,1,1.0,0.846154,1.0,0.777778,0,0,5000.0,0.0,0.0,0.0,1
pairs_instagram_googleplus,RF,darkmagepr,darkmagepr,1,1.0,0.142857,1.0,0.529412,0,0,5000.0,0.0,0.0,0.0,1
pairs_instagram_googleplus,RF,manishdas,manishdas,1,1.0,0.615385,1.0,0.611111,0,0,5000.0,0.0,0.0,0.0,1
pairs_instagram_googleplus,RF,paolobaratta,paolobaratta,1,1.0,0.058824,1.0,0.714286,0,0,5000.0,0.0,0.0,0.0,1
pairs_instagram_googleplus,RF,north4loor,north4loor,1,1.0,0.034483,0.678571,0.475,0,0,5000.0,0.0,0.0,0.0,1
pairs_instagram_googleplus,RF,fdavid,fdavid,1,1.0,0.142857,0.5,0.416667,0,0,5000.0,0.0,0.0,0.0,1
pairs_instagram_googleplus,RF,jimmyrey,jimmyrey,1,1.0,0.285714,1.0,0.631579,0,0,5000.0,0.0,0.0,0.0,1
pairs_instagram_googleplus,RF,peggydolane,gerardfreeman,0,1.0,0.533333,0.0,0.421053,0,0,5000.0,0.0,0.0,0.0,0
pairs_instagram_googleplus,RF,jcdaniels,jcdaniels,1,1.0,0.375,1.0,0.666667,0,0,5000.0,0.0,0.0,0.0,1
pairs_instagram_googleplus,RF,faheemalik,faheemalik,1,1.0,0.545455,1.0,0.6875,0,0,5000.0,0.0,0.0,0.0,1
pairs_instagram_googleplus,RF,anthonyakin,anthonyakin,1,1.0,0.214286,1.0,0.611111,0,0,5000.0,0.0,0.0,0.0,1
pairs_instagram_googleplus,RF,zenoskyline,furkanfidan,0,0.993333,0.0,0.642857,0.322581,0,0,5000.0,0.0,0.0,0.0,1
pairs_instagram_googleplus,RF,bradhuss,bradhuss,1,1.0,1.0,1.0,1.0,0,0,5000.0,0.0,0.0,0.0,1
pairs_instagram_googleplus,RF,paulduncan,paulduncan,1,1.0,0.230769,1.0,0.611111,0,0,5000.0,0.0,0.0,0.0,1
pairs_instagram_googleplus,RF,victorgaxiola,victorgaxiola,1,1.0,1.0,1.0,1.0,0,0,5000.0,0.0,0.0,0.0,1
pairs_instagram_googleplus,RF,matthewrogers,matthewrogers,1,1.0,0.666667,1.0,0.894737,0,0,5000.0,0.0,0.0,0.0,1
pairs_instagram_googleplus,RF,davidshogan,davidshogan,1,1.0,0.666667,1.0,0.681818,0,0,5000.0,0.0,0.0,0.0,1
pairs_instagram_googleplus,RF,parmp,parmp,1,1.0,0.8,0.75,0.636364,0,0,5000.0,0.0,0.0,0.0,1
pairs_instagram_googleplus,RF,jeromyu,jeromyu,1,0.756667,0.5,0.0,0.12963,0,0,5000.0,0.0,0.0,0.0,1
pairs_instagram_googleplus,RF,charlesalewis,charlesalewis,1,1.0,0.833333,1.0,0.8125,0,0,5000.0,0.0,0.0,0.0,1
pairs_instagram_googleplus,RF,hayobethlehem,hayobethlehem,1,1.0,0.615385,1.0,0.882353,0,0,5000.0,0.0,0.0,0.0,1
pairs_instagram_googleplus,RF,tom440,tomasgola,0,1.0,0.333333,0.571429,0.428571,0,0,5000.0,0.0,0.0,0.0,1
pairs_instagram_googleplus,RF,emredjan,emredjan,1,1.0,0.444444,1.0,0.692308,0,0,5000.0,0.0,0.0,0.0,1
pairs_instagram_googleplus,RF,jasonrjohnston,jasonrjohnston,1,1.0,0.666667,1.0,0.7,0,0,5000.0,0.0,0.0,0.0,1
pairs_instagram_googleplus,RF,kenmayes,kenmayes,1,1.0,1.0,1.0,1.0,0,0,5000.0,0.0,0.0,0.0,1
pairs_instagram_googleplus,RF,matthewknell,matthewknell,1,1.0,1.0,1.0,1.0,0,0,5000.0,0.0,0.0,0.0,1
pairs_instagram_googleplus,RF,pietrodibello,pietrodibello,1,1.0,0.611111,1.0,0.75,0,0,5000.0,0.0,0.0,0.0,1
pairs_instagram_googleplus,RF,dwanellington,dwanellington,1,1.0,0.421053,1.0,0.608696,0,0,5000.0,0.0,0.0,0.0,1
pairs_instagram_googleplus,RF,xevian,kevinlimfungyen,0,0.99,0.333333,0.181818,0.294118,0,0,5000.0,0.0,0.0,0.0,1
pairs_instagram_googleplus,RF,tinahunt,tinahunt,1,1.0,0.666667,0.214286,0.421053,0,0,5000.0,0.0,0.0,0.0,1
pairs_instagram_googleplus,RF,zehnbar,zehnbar,1,1.0,0.058824,1.0,0.619048,0,0,5000.0,0.0,0.0,0.0,1
pairs_instagram_googleplus,RF,dlosuna,dlosuna,1,1.0,0.333333,0.777778,0.73913,0,0,5000.0,0.0,0.0,0.0,1
pairs_instagram_googleplus,RF,ryanruppe,ryanruppe,1,1.0,1.0,1.0,1.0,0,0,5000.0,0.0,0.0,0.0,1
pairs_instagram_googleplus,RF,valeriecross,valeriecross,1,1.0,1.0,1.0,1.0,0,0,5000.0,0.0,0.0,0.0,1
pairs_instagram_googleplus,RF,seanwilliams,seanwilliams,1,1.0,0.157895,1.0,0.541667,0,0,5000.0,0.0,0.0,0.0,1
pairs_instagram_googleplus,RF,presljf,presljf,1,1.0,0.266667,1.0,0.727273,0,0,5000.0,0.0,0.0,0.0,1
pairs_instagram_googleplus,RF,sweeperdk,sweeperdk,1,1.0,1.0,1.0,1.0,0,0,5000.0,0.0,0.0,0.0,1
pairs_instagram_googleplus,RF,treyratcliff,treyratcliff,1,1.0,1.0,1.0,1.0,0,0,5000.0,0.0,0.0,0.0,1
pairs_instagram_googleplus,RF,homersapien619,homersapien619,1,1.0,0.0,1.0,0.466667,0,0,5000.0,0.0,0.0,0.0,1
pairs_instagram_googleplus,RF,marlaschulman,marlaschulman,1,1.0,0.0,1.0,0.590909,0,0,5000.0,0.0,0.0,0.0,1
pairs_instagram_googleplus,RF,jayjayartist,jayjayartist,1,1.0,0.6,1.0,0.631579,0,0,5000.0,0.0,0.0,0.0,1
pairs_instagram_googleplus,RF,megsrhea,megsrhea,1,1.0,0.357143,1.0,0.8,0,0,5000.0,0.0,0.0,0.0,1
pairs_instagram_googleplus,RF,katiecollins,katiecollins,1,1.0,0.769231,1.0,0.823529,0,0,5000.0,0.0,0.0,0.0,1
pairs_instagram_googleplus,RF,xeniarm,xeniarm,1,1.0,0.545455,1.0,0.888889,0,0,5000.0,0.0,0.0,0.0,1
pairs_instagram_googleplus,RF,paolomargari,paolomargari,1,1.0,0.555556,0.769231,0.52,0,0,5000.0,0.0,0.0,0.0,1
pairs_instagram_googleplus,RF,flxbarth,fixelzero,0,0.976667,0.0,0.416667,0.26087,0,0,5000.0,0.0,0.0,0.0,1
pairs_instagram_googleplus,RF,roberttrahan,roberttrahan,1,1.0,1.0,1.0,1.0,0,0,5000.0,0.0,0.0,0.0,1
pairs_instagram_googleplus,RF,robeh,robeh,1,1.0,0.25,1.0,0.75,0,0,5000.0,0.0,0.0,0.0,1
pairs_instagram_googleplus,RF,sidsel,sidsel,1,1.0,0.6,1.0,0.894737,0,0,5000.0,0.0,0.0,0.0,1
pairs_instagram_googleplus,RF,berillium04,berillium04,1,1.0,0.294118,1.0,0.681818,0,0,5000.0,0.0,0.0,0.0,1
pairs_instagram_googleplus,RF,ikitamara,ikitamara,1,0.913333,0.333333,0.1,0.25,0,0,5000.0,0.0,0.0,0.0,1
pairs_instagram_googleplus,RF,kcnphoto,kcnphoto,1,1.0,0.125,0.846154,0.565217,0,0,5000.0,0.0,0.0,0.0,1
pairs_instagram_googleplus,RF,clairewickenden,clairewickenden,1,1.0,1.0,1.0,1.0,0,0,5000.0,0.0,0.0,0.0,1
pairs_instagram_googleplus,RF,rustyarty,rustyarty,1,1.0,0.555556,0.5,0.5625,0,0,5000.0,0.0,0.0,0.0,1
pairs_instagram_googleplus,RF,thomasseifert,thomasseifert,1,1.0,1.0,1.0,1.0,0,0,5000.0,0.0,0.0,0.0,1
pairs_instagram_googleplus,RF,terrawalkermrkulic,serantes,0,0.836667,0.176471,0.375,0.142857,0,0,5000.0,0.0,0.0,0.0,1
pairs_instagram_googleplus,RF,sherrytrueself,sherrytrueself,1,1.0,0.333333,1.0,0.545455,0,0,5000.0,0.0,0.0,0.0,1
pairs_instagram_googleplus,RF,kdlb,kdlb,1,1.0,0.0,1.0,0.714286,0,0,5000.0,0.0,0.0,0.0,1
pairs_instagram_googleplus,RF,ffaruq,ffaruq,1,1.0,0.444444,0.9,0.846154,0,0,5000.0,0.0,0.0,0.0,1
pairs_instagram_googleplus,RF,lapakko,lapakko,1,1.0,0.6,0.545455,0.571429,0,0,5000.0,0.0,0.0,0.0,1
pairs_instagram_googleplus,RF,aviannetan,aviannetan,1,1.0,0.545455,1.0,0.625,0,0,5000.0,0.0,0.0,0.0,1
pairs_instagram_googleplus,RF,chrisbrocious,chrisbrocious,1,1.0,0.368421,0.6,0.608696,0,0,5000.0,0.0,0.0,0.0,1
pairs_instagram_googleplus,RF,rgprofesional,rgprofesional,1,1.0,0.130435,0.55,0.483871,0,0,5000.0,0.0,0.0,0.0,1
pairs_instagram_googleplus,RF,gy2k,gy2k,1,1.0,0.473684,0.727273,0.62069,0,0,5000.0,0.0,0.0,0.0,1
pairs_instagram_googleplus,RF,bertboerland,bertboerland,1,1.0,1.0,1.0,1.0,0,0,5000.0,0.0,0.0,0.0,1
pairs_instagram_googleplus,RF,adrianatoriz,adrianatoriz,1,1.0,0.625,1.0,0.909091,0,0,5000.0,0.0,0.0,0.0,1
pairs_instagram_googleplus,RF,scoutshonor,scoutshonor,1,1.0,0.147059,0.782609,0.431818,0,0,5000.0,0.0,0.0,0.0,1
pairs_instagram_googleplus,RF,sherrybrink,sherrybrink,1,1.0,0.5,0.647059,0.461538,0,0,5000.0,0.0,0.0,0.0,1
pairs_instagram_googleplus,RF,jeroenmiedema,benogren,0,0.9,0.222222,0.0,0.166667,0,0,5000.0,0.0,0.0,0.0,1
pairs_instagram_googleplus,RF,msqrd2,msqrd2,1,1.0,0.25,1.0,0.913043,0,0,5000.0,0.0,0.0,0.0,1
pairs_instagram_googleplus,RF,becada,becada,1,1.0,0.142857,0.642857,0.52381,0,0,5000.0,0.0,0.0,0.0,1
pairs_instagram_googleplus,RF,kaushalk,kathrinaue,0,0.646667,0.111111,0.2,0.166667,0,0,5000.0,0.0,0.0,0.0,1
pairs_instagram_googleplus,RF,hoosierteacher,rachelhermosura,0,0.663333,0.263158,0.238095,0.24,0,0,5000.0,0.0,0.0,0.0,0
pairs_instagram_googleplus,RF,luiselizondo,luiselizondo,1,1.0,0.733333,1.0,0.7,0,0,5000.0,0.0,0.0,0.0,1
pairs_instagram_googleplus,RF,markchih,markchih,1,1.0,1.0,1.0,1.0,0,0,5000.0,0.0,0.0,0.0,1
pairs_instagram_googleplus,RF,jeepgeek,jeepgeek,1,1.0,0.0,1.0,0.625,0,0,5000.0,0.0,0.0,0.0,1
pairs_instagram_googleplus,RF,mariagabrielabermudez,mariagabrielabermudez,1,1.0,0.35,1.0,0.846154,0,0,5000.0,0.0,0.0,0.0,1
pairs_instagram_googleplus,RF,lynncooper,lynncooper,1,1.0,0.047619,1.0,0.464286,0,0,5000.0,0.0,0.0,0.0,1
pairs_instagram_googleplus,RF,winsportstv,winsportstv,1,1.0,1.0,1.0,1.0,0,0,5000.0,0.0,0.0,0.0,1
pairs_instagram_googleplus,RF,oracleblog,oracleblog,1,1.0,0.0,1.0,0.4,0,0,5000.0,0.0,0.0,0.0,1
pairs_instagram_googleplus,RF,markgravender,jenniferstinnett,0,0.83,0.1875,0.176471,0.190476,0,0,5000.0,0.0,0.0,0.0,0
pairs_instagram_googleplus,RF,amandambenson,amandambenson,1,1.0,0.625,0.2,0.454545,0,0,5000.0,0.0,0.0,0.0,1
pairs_instagram_googleplus,RF,danielescobar,danielescobar,1,1.0,0.5,1.0,0.761905,0,0,5000.0,0.0,0.0,0.0,1
pairs_instagram_googleplus,RF,ashisheth,ashisheth,1,1.0,1.0,1.0,1.0,0,0,5000.0,0.0,0.0,0.0,1
pairs_instagram_googleplus,RF,whoyer,snowhole,0,0.946778,0.2,0.0,0.166667,0,0,5000.0,0.0,0.0,0.0,0
pairs_instagram_googleplus,RF,carlospl,carlospl,1,1.0,0.4,0.8125,0.625,0,0,5000.0,0.0,0.0,0.0,1
pairs_instagram_googleplus,RF,danielmrose,roshandaniel,0,1.0,0.538462,0.5,0.555556,0,0,5000.0,0.0,0.0,0.0,1
pairs_instagram_googleplus,RF,danielwoolnough,danielwoolnough,1,1.0,0.8125,1.0,0.85,0,0,5000.0,0.0,0.0,0.0,1
pairs_instagram_googleplus,RF,ainu,ainu,1,1.0,1.0,0.529412,0.631579,0,0,5000.0,0.0,0.0,0.0,1
pairs_instagram_googleplus,RF,vtassani,vtassani,1,0.996667,0.428571,0.0,0.333333,0,0,5000.0,0.0,0.0,0.0,1
pairs_instagram_googleplus,RF,howardlake,howardlake,1,1.0,1.0,1.0,1.0,0,0,5000.0,0.0,0.0,0.0,1
pairs_instagram_googleplus,RF,jaheadley,jaheadley,1,1.0,0.047619,0.6,0.384615,0,0,5000.0,0.0,0.0,0.0,1
pairs_instagram_googleplus,RF,valentinthirion,valentinthirion,1,1.0,0.142857,0.5625,0.555556,0,0,5000.0,0.0,0.0,0.0,1
pairs_instagram_googleplus,RF,tranduyhung,tranduyhung,1,0.99,0.055556,1.0,0.333333,0,0,5000.0,0.0,0.0,0.0,1
pairs_instagram_googleplus,RF,manubordera,manubordera,1,1.0,1.0,0.714286,0.764706,0,0,5000.0,0.0,0.0,0.0,1
pairs_instagram_googleplus,RF,dithern,dithern,1,1.0,0.117647,1.0,0.714286,0,0,5000.0,0.0,0.0,0.0,1
pairs_instagram_googleplus,RF,lanelima,lanelima,1,1.0,0.666667,1.0,0.75,0,0,5000.0,0.0,0.0,0.0,1
pairs_instagram_googleplus,RF,icaroferracini,icaroferracini,1,1.0,1.0,0.928571,0.888889,0,0,5000.0,0.0,0.0,0.0,1
pairs_instagram_googleplus,RF,wendytownley,wendytownley,1,1.0,1.0,1.0,1.0,0,0,5000.0,0.0,0.0,0.0,1
pairs_instagram_googleplus,RF,jeffmwebster,jeffmwebster,1,1.0,1.0,1.0,1.0,0,0,5000.0,0.0,0.0,0.0,1
pairs_instagram_googleplus,RF,cyclofiend,cyclofiend,1,1.0,0.75,0.0,0.5625,0,0,5000.0,0.0,0.0,0.0,1
pairs_instagram_googleplus,RF,cavdan,cavdan,1,1.0,0.285714,1.0,0.789474,0,0,5000.0,0.0,0.0,0.0,1
pairs_instagram_googleplus,RF,jonoh,jonoh,1,1.0,0.142857,1.0,0.736842,0,0,5000.0,0.0,0.0,0.0,1
pairs_instagram_googleplus,RF,davidarcifa,davidarcifa,1,1.0,0.307692,1.0,0.666667,0,0,5000.0,0.0,0.0,0.0,1
pairs_instagram_googleplus,RF,mickyates,mickyates,1,1.0,1.0,1.0,1.0,0,0,5000.0,0.0,0.0,0.0,1
pairs_instagram_googleplus,RF,nanymata,nanymata,1,1.0,1.0,1.0,1.0,0,0,5000.0,0.0,0.0,0.0,1
pairs_instagram_googleplus,RF,cynthiakseymour,cynthiakseymour,1,1.0,1.0,0.666667,0.740741,0,0,5000.0,0.0,0.0,0.0,1
pairs_instagram_googleplus,RF,kaykas,kaykas,1,1.0,0.285714,1.0,0.842105,0,0,5000.0,0.0,0.0,0.0,1
pairs_instagram_googleplus,RF,ricardovaz,ricardovaz,1,1.0,0.818182,1.0,0.75,0,0,5000.0,0.0,0.0,0.0,1
pairs_instagram_googleplus,RF,davidfernando,davidfernando,1,1.0,0.666667,0.833333,0.578947,0,0,5000.0,0.0,0.0,0.0,1
pairs_instagram_googleplus,RF,nvyoung,nvyoung,1,1.0,0.428571,1.0,0.903226,0,0,5000.0,0.0,0.0,0.0,1
pairs_instagram_googleplus,RF,emmaruthbeer,kathaber,0,0.946778,0.2,0.0,0.166667,0,0,5000.0,0.0,0.0,0.0,1
pairs_instagram_googleplus,RF,katmandelstein,katmandelstein,1,1.0,1.0,0.8,0.882353,0,0,5000.0,0.0,0.0,0.0,1
pairs_instagram_googleplus,RF,princessmartha,princessmartha,1,1.0,0.333333,1.0,0.653846,0,0,5000.0,0.0,0.0,0.0,1
pairs_instagram_googleplus,RF,alessiacamera,alessiacamera,1,1.0,1.0,1.0,1.0,0,0,5000.0,0.0,0.0,0.0,1
pairs_instagram_googleplus,RF,annapfeiffer,ryanriot,0,0.856667,0.272727,0.0,0.214286,0,0,5000.0,0.0,0.0,0.0,0
pairs_instagram_googleplus,RF,markvanderhorst,markvanderhorst,1,1.0,0.933333,1.0,0.875,0,0,5000.0,0.0,0.0,0.0,1
pairs_instagram_googleplus,RF,alannamiq,alannamiq,1,1.0,1.0,1.0,1.0,0,0,5000.0,0.0,0.0,0.0,1
pairs_instagram_googleplus,RF,marceloperez,marceloperez,1,1.0,0.461538,0.769231,0.578947,0,0,5000.0,0.0,0.0,0.0,1
pairs_instagram_googleplus,RF,christopherasnider,christopherasnider,1,1.0,0.0,1.0,0.548387,0,0,5000.0,0.0,0.0,0.0,1
pairs_instagram_googleplus,RF,andiiprasetiyo,andiiprasetiyo,1,1.0,0.733333,1.0,0.789474,0,0,5000.0,0.0,0.0,0.0,1
pairs_instagram_googleplus,RF,paulburton,mensan98th,0,0.946778,0.2,0.0,0.166667,0,0,5000.0,0.0,0.0,0.0,0
pairs_instagram_googleplus,RF,raycloyd,raycloyd,1,1.0,1.0,1.0,1.0,0,0,5000.0,0.0,0.0,0.0,1
pairs_instagram_googleplus,RF,anatonia,anatonia,1,1.0,0.222222,0.761905,0.869565,0,0,5000.0,0.0,0.0,0.0,1
pairs_instagram_googleplus,RF,lanerimatheus,lanerimatheus,1,1.0,1.0,1.0,1.0,0,0,5000.0,0.0,0.0,0.0,1
pairs_instagram_googleplus,RF,wendyrollins,wendyrollins,1,1.0,0.583333,1.0,0.928571,0,0,5000.0,0.0,0.0,0.0,1
pairs_instagram_googleplus,RF,stevenbryner,rafaelbustamante,0,0.890667,0.135135,0.0,0.116279,0,0,5000.0,0.0,0.0,0.0,1
pairs_instagram_googleplus,RF,bearenok,bearenok,1,1.0,0.0,1.0,0.62963,0,0,5000.0,0.0,0.0,0.0,1
pairs_instagram_googleplus,RF,carlosprnt,brefe,0,0.973333,0.357143,0.0,0.15625,0,0,5000.0,0.0,0.0,0.0,1
pairs_instagram_googleplus,RF,anitastewart,anitastewart,1,1.0,0.625,1.0,0.619048,0,0,5000.0,0.0,0.0,0.0,1
pairs_instagram_googleplus,RF,wesleygmorais,wesleygmorais,1,1.0,1.0,0.666667,0.75,0,0,5000.0,0.0,0.0,0.0,1
pairs_instagram_googleplus,RF,saralingafelter,saralingafelter,1,1.0,1.0,1.0,1.0,0,0,5000.0,0.0,0.0,0.0,1
pairs_instagram_googleplus,RF,calebruckner,calebruckner,1,1.0,1.0,1.0,1.0,0,0,5000.0,0.0,0.0,0.0,1
pairs_instagram_googleplus,RF,sofiavicu,michellehoffert,0,0.69,0.157895,0.15,0.166667,0,0,5000.0,0.0,0.0,0.0,0
pairs_instagram_googleplus,RF,izazael,izazael,1,1.0,0.0,1.0,0.5,0,0,5000.0,0.0,0.0,0.0,1
pairs_instagram_googleplus,RF,soniagennaro,soniagennaro,1,1.0,1.0,1.0,1.0,0,0,5000.0,0.0,0.0,0.0,1
pairs_instagram_googleplus,RF,vfreitas,vfreitas,1,1.0,0.538462,0.785714,0.684211,0,0,5000.0,0.0,0.0,0.0,1
pairs_instagram_googleplus,RF,karenlancaster,nolanpetersen,0,0.973333,0.0,0.5625,0.391304,0,0,5000.0,0.0,0.0,0.0,0
pairs_instagram_googleplus,RF,angelapenny,angelapenny,1,1.0,0.384615,1.0,0.722222,0,0,5000.0,0.0,0.0,0.0,1
pairs_instagram_googleplus,RF,reubenrai,reubenrai,1,1.0,1.0,1.0,1.0,0,0,5000.0,0.0,0.0,0.0,1
pairs_instagram_googleplus,RF,linkzero,linkzero,1,1.0,0.35,0.571429,0.5,0,0,5000.0,0.0,0.0,0.0,1
pairs_instagram_googleplus,RF,capitu,capitu,1,1.0,0.0,1.0,0.636364,0,0,5000.0,0.0,0.0,0.0,1
pairs_instagram_googleplus,RF,thedanieljsmith,thedanieljsmith,1,1.0,0.846154,1.0,0.952381,0,0,5000.0,0.0,0.0,0.0,1
pairs_instagram_googleplus,RF,mikesupple,mikesupple,1,1.0,1.0,1.0,1.0,0,0,5000.0,0.0,0.0,0.0,1
pairs_instagram_googleplus,RF,atrh,atrh,1,1.0,0.066667,1.0,0.708333,0,0,5000.0,0.0,0.0,0.0,1
pairs_instagram_googleplus,RF,simonesantoba,simonesantoba,1,1.0,1.0,1.0,1.0,0,0,5000.0,0.0,0.0,0.0,1
pairs_instagram_googleplus,RF,joshstagg,joshstagg,1,1.0,1.0,0.0,0.666667,0,0,5000.0,0.0,0.0,0.0,1
pairs_instagram_googleplus,RF,melissasolito,shortformelissa,0,0.993333,0.235294,0.391304,0.366667,0,0,5000.0,0.0,0.0,0.0,1
pairs_instagram_googleplus,RF,moisescainan,moyanaya,0,1.0,0.5,0.210526,0.375,0,0,5000.0,0.0,0.0,0.0,1
pairs_instagram_googleplus,RF,darrenmsmith,darrenmsmith,1,1.0,0.384615,1.0,0.764706,0,0,5000.0,0.0,0.0,0.0,1
pairs_instagram_googleplus,RF,luisrp89,luisrp89,1,1.0,0.148148,0.413793,0.416667,0,0,5000.0,0.0,0.0,0.0,1
pairs_instagram_googleplus,RF,siobhan,siobhan,1,1.0,0.041667,1.0,0.482759,0,0,5000.0,0.0,0.0,0.0,1
pairs_instagram_googleplus,RF,philipslade,philipslade,1,1.0,0.066667,1.0,0.6,0,0,5000.0,0.0,0.0,0.0,1
pairs_instagram_googleplus,RF,devrancakmak,devrancakmak,1,1.0,1.0,0.5,0.866667,0,0,5000.0,0.0,0.0,0.0,1
pairs_instagram_googleplus,RF,matthewduncan,matthewduncan,1,1.0,0.9,1.0,0.8,0,0,5000.0,0.0,0.0,0.0,1
pairs_instagram_googleplus,RF,juliusjulius,juliusjulius,1,1.0,0.3125,1.0,0.8,0,0,5000.0,0.0,0.0,0.0,1
pairs_instagram_googleplus,RF,marioanima,lanelima,0,0.99,0.375,0.0,0.235294,0,0,5000.0,0.0,0.0,0.0,1
pairs_instagram_googleplus,RF,hollywoodpunk,hollywoodpunk,1,1.0,0.461538,1.0,0.941176,0,0,5000.0,0.0,0.0,0.0,1
pairs_instagram_googleplus,RF,andrewtelegin,andrewtelegin,1,1.0,0.714286,0.0,0.34375,0,0,5000.0,0.0,0.0,0.0,1
pairs_instagram_googleplus,RF,jimsage,jimsage,1,1.0,0.0,1.0,0.470588,0,0,5000.0,0.0,0.0,0.0,1
pairs_instagram_googleplus,RF,emiescudero,emiescudero,1,1.0,0.333333,1.0,0.75,0,0,5000.0,0.0,0.0,0.0,1
pairs_instagram_googleplus,RF,katelynshelby,katelynshelby,1,1.0,0.375,1.0,0.619048,0,0,5000.0,0.0,0.0,0.0,1
pairs_instagram_googleplus,RF,eolai,vilapol,0,0.9,0.222222,0.0,0.166667,0,0,5000.0,0.0,0.0,0.0,0
pairs_instagram_googleplus,RF,maxmajestic,elnous,0,0.45,0.214286,0.266667,0.210526,0,0,5000.0,0.0,0.0,0.0,0
pairs_instagram_googleplus,RF,sepulveda93,sepulveda93,1,1.0,0.5,1.0,0.761905,0,0,5000.0,0.0,0.0,0.0,1
pairs_instagram_googleplus,RF,joaobrando,joaobrando,1,1.0,0.5,0.727273,0.6,0,0,5000.0,0.0,0.0,0.0,1
pairs_instagram_googleplus,RF,andrebrown,andrebrown,1,1.0,0.0,1.0,0.478261,0,0,5000.0,0.0,0.0,0.0,1
pairs_instagram_googleplus,RF,davemalby,davemalby,1,1.0,0.444444,1.0,0.846154,0,0,5000.0,0.0,0.0,0.0,1
pairs_instagram_googleplus,RF,rhegan,rhegan,1,1.0,0.384615,0.0,0.294118,0,0,5000.0,0.0,0.0,0.0,1
pairs_instagram_googleplus,RF,georgeskhairallah,kherallah24,0,0.983333,0.428571,0.35,0.32,0,0,5000.0,0.0,0.0,0.0,0
pairs_instagram_googleplus,RF,tomekcwioro,tomekcwioro,1,1.0,0.045455,1.0,0.444444,0,0,5000.0,0.0,0.0,0.0,1
pairs_instagram_googleplus,RF,skeller,skeller,1,1.0,0.0,1.0,0.521739,0,0,5000.0,0.0,0.0,0.0,1
pairs_instagram_googleplus,RF,kerijaehnig,fidelmartin,0,0.803333,0.157895,0.32,0.3,0,0,5000.0,0.0,0.0,0.0,0
pairs_instagram_googleplus,RF,karlheinzeberts,karlheinzeberts,1,1.0,0.8125,1.0,0.85,0,0,5000.0,0.0,0.0,0.0,1
pairs_instagram_googleplus,RF,khomeinimuj,khomeinimuj,1,1.0,0.714286,0.5625,0.789474,0,0,5000.0,0.0,0.0,0.0,1
pairs_instagram_googleplus,RF,lucasamura,lucasamura,1,1.0,1.0,1.0,1.0,0,0,5000.0,0.0,0.0,0.0,1
pairs_instagram_googleplus,RF,vickiewyman,vickiewyman,1,1.0,0.277778,1.0,0.545455,0,0,5000.0,0.0,0.0,0.0,1
pairs_instagram_googleplus,RF,tracidavis,tracidavis,1,1.0,0.058824,1.0,0.545455,0,0,5000.0,0.0,0.0,0.0,1
pairs_instagram_googleplus,RF,octubrerojo72,octubrerojo72,1,1.0,0.0,0.857143,0.612903,0,0,5000.0,0.0,0.0,0.0,1
pairs_instagram_googleplus,RF,robnoris,minjam11,0,0.631778,0.136364,0.0,0.117647,0,0,5000.0,0.0,0.0,0.0,0
pairs_instagram_googleplus,RF,noahcurthoys,noahcurthoys,1,1.0,0.636364,1.0,0.933333,0,0,5000.0,0.0,0.0,0.0,1
pairs_instagram_googleplus,RF,becketteaston,becketteaston,1,1.0,1.0,0.35,0.681818,0,0,5000.0,0.0,0.0,0.0,1
pairs_instagram_googleplus,RF,kevohl,kevohl,1,0.996667,1.0,0.133333,0.411765,0,0,5000.0,0.0,0.0,0.0,1
pairs_instagram_googleplus,RF,derekrstewart,derekrstewart,1,1.0,0.333333,1.0,0.736842,0,0,5000.0,0.0,0.0,0.0,1
pairs_instagram_googleplus,RF,godivaartstudio,godivaartstudio,1,1.0,1.0,1.0,1.0,0,0,5000.0,0.0,0.0,0.0,1
pairs_instagram_googleplus,RF,pierreedouardschmitt,pierreedouardschmitt,1,1.0,0.285714,1.0,0.88,0,0,5000.0,0.0,0.0,0.0,1
pairs_instagram_googleplus,RF,laurierohner,laurierohner,1,1.0,0.0,1.0,0.481481,0,0,5000.0,0.0,0.0,0.0,1
pairs_instagram_googleplus,RF,paulgallagher,paulgallagher,1,1.0,0.0,1.0,0.466667,0,0,5000.0,0.0,0.0,0.0,1
pairs_instagram_googleplus,RF,beatrizemendoza,beatrizemendoza,1,1.0,1.0,1.0,1.0,0,0,5000.0,0.0,0.0,0.0,1
pairs_instagram_googleplus,RF,christiangiollo,christiangiollo,1,1.0,1.0,1.0,1.0,0,0,5000.0,0.0,0.0,0.0,1
pairs_instagram_googleplus,RF,ryanlucia,ryanlucia,1,1.0,0.363636,1.0,0.625,0,0,5000.0,0.0,0.0,0.0,1
pairs_instagram_googleplus,RF,brienmhall,brienmhall,1,1.0,1.0,1.0,1.0,0,0,5000.0,0.0,0.0,0.0,1
pairs_instagram_googleplus,RF,tomviturino,jiriruzek,0,0.889401,0.2,0.0,0.153846,0,0,5000.0,0.0,0.0,0.0,1
pairs_instagram_googleplus,RF,noemidado,noemidado,1,1.0,0.0,1.0,0.625,0,0,5000.0,0.0,0.0,0.0,1
pairs_instagram_googleplus,RF,scottbellisario,scottbeale,0,1.0,0.066667,0.416667,0.380952,0,0,5000.0,0.0,0.0,0.0,1
pairs_instagram_googleplus,RF,juniorales,juniorales,1,1.0,0.727273,1.0,0.8,0,0,5000.0,0.0,0.0,0.0,1
pairs_instagram_googleplus,RF,melodythacker,melodythacker,1,1.0,0.785714,1.0,0.833333,0,0,5000.0,0.0,0.0,0.0,1
pairs_instagram_googleplus,RF,vishizzle,vishizzle,1,1.0,1.0,1.0,1.0,0,0,5000.0,0.0,0.0,0.0,1
pairs_instagram_googleplus,RF,lukwam,lukwam,1,0.996667,1.0,0.133333,0.411765,0,0,5000.0,0.0,0.0,0.0,1
pairs_instagram_googleplus,RF,tapiro,tapiro,1,1.0,0.555556,0.413793,0.424242,0,0,5000.0,0.0,0.0,0.0,1
pairs_instagram_googleplus,RF,raquelvillarreal,raquelvillarreal,1,1.0,0.0,1.0,0.653846,0,0,5000.0,0.0,0.0,0.0,1
pairs_instagram_googleplus,RF,vicentortega,vicentortega,1,1.0,0.238095,1.0,0.75,0,0,5000.0,0.0,0.0,0.0,1
pairs_instagram_googleplus,RF,benlinders,benlinders,1,1.0,0.9,1.0,0.8,0,0,5000.0,0.0,0.0,0.0,1
pairs_instagram_googleplus,RF,ericcortes,ericcortes,1,0.993333,0.3125,0.545455,0.380952,0,0,5000.0,0.0,0.0,0.0,1
pairs_instagram_googleplus,RF,allantito,allantito,1,1.0,1.0,1.0,1.0,0,0,5000.0,0.0,0.0,0.0,1
pairs_instagram_googleplus,RF,annarydne,annarydne,1,1.0,0.0,1.0,0.5,0,0,5000.0,0.0,0.0,0.0,1
pairs_instagram_googleplus,RF,akkaouim,akkaouim,1,1.0,0.315789,0.619048,0.5,0,0,5000.0,0.0,0.0,0.0,1
pairs_instagram_googleplus,RF,oliverslay,oliverslay,1,1.0,0.066667,1.0,0.578947,0,0,5000.0,0.0,0.0,0.0,1
pairs_instagram_googleplus,RF,georgeprest,georgeprest,1,1.0,1.0,1.0,1.0,0,0,5000.0,0.0,0.0,0.0,1
pairs_instagram_googleplus,RF,jayliebs,jayliebs,1,1.0,0.25,1.0,0.619048,0,0,5000.0,0.0,0.0,0.0,1
pairs_instagram_googleplus,RF,yogasonry,yogasonry,1,1.0,0.5,1.0,0.9,0,0,5000.0,0.0,0.0,0.0,1
pairs_instagram_googleplus,RF,chonilla,chonilla,1,1.0,0.466667,0.636364,0.4,0,0,5000.0,0.0,0.0,0.0,1
pairs_instagram_googleplus,RF,hishamhenry14,hishamhenry14,1,1.0,0.277778,1.0,0.590909,0,0,5000.0,0.0,0.0,0.0,1
pairs_instagram_googleplus,RF,jayaprime,jayaprime,1,1.0,0.15,0.692308,0.357143,0,0,5000.0,0.0,0.0,0.0,1
pairs_instagram_googleplus,RF,scottwilliams,scottwilliams,1,1.0,0.933333,1.0,0.947368,0,0,5000.0,0.0,0.0,0.0,1
pairs_instagram_googleplus,RF,waltermmv,waltermmv,1,1.0,0.227273,1.0,0.689655,0,0,5000.0,0.0,0.0,0.0,1
pairs_instagram_googleplus,RF,h0st,keerati,0,0.903333,0.125,0.181818,0.310345,0,0,5000.0,0.0,0.0,0.0,0
pairs_instagram_googleplus,RF,analie,analie,1,1.0,0.142857,0.666667,0.5,0,0,5000.0,0.0,0.0,0.0,1
pairs_instagram_googleplus,RF,rkjd,rkjd,1,1.0,0.0,1.0,0.580645,0,0,5000.0,0.0,0.0,0.0,1
pairs_instagram_googleplus,RF,leonardoangelini,leonardoangelini,1,1.0,0.05,1.0,0.68,0,0,5000.0,0.0,0.0,0.0,1
pairs_instagram_googleplus,RF,hotelemarketer,needcaffeine,0,1.0,0.352941,0.0,0.25,0,0,5000.0,0.0,0.0,0.0,1
pairs_instagram_googleplus,RF,mengqi,mengqi,1,1.0,0.909091,1.0,0.933333,0,0,5000.0,0.0,0.0,0.0,1
pairs_instagram_googleplus,RF,kaykluba,kaykluba,1,1.0,0.142857,1.0,0.578947,0,0,5000.0,0.0,0.0,0.0,1
pairs_instagram_googleplus,RF,jamesjohnston,jamesjohnston,1,1.0,1.0,1.0,1.0,0,0,5000.0,0.0,0.0,0.0,1
pairs_instagram_googleplus,RF,essenzamente,mzelma,0,0.860833,0.04,0.0,0.107143,0,0,5000.0,0.0,0.0,0.0,1
pairs_instagram_googleplus,RF,jogarrett,jogarrett,1,1.0,0.470588,1.0,0.5,0,0,5000.0,0.0,0.0,0.0,1
pairs_instagram_googleplus,RF,azntaiji,azntaiji,1,1.0,0.363636,1.0,0.733333,0,0,5000.0,0.0,0.0,0.0,1
pairs_instagram_googleplus,RF,larrycummings,larrycummings,1,1.0,0.222222,1.0,0.608696,0,0,5000.0,0.0,0.0,0.0,1
pairs_instagram_googleplus,RF,kevinfalcon,scottellisonphotography,0,1.0,0.521739,0.12,0.433333,0,0,5000.0,0.0,0.0,0.0,1
pairs_instagram_googleplus,RF,celioikeda,celioikeda,1,1.0,0.636364,0.727273,0.555556,0,0,5000.0,0.0,0.0,0.0,1
pairs_instagram_googleplus,RF,webduck,webduck,1,1.0,0.0,0.7,0.454545,0,0,5000.0,0.0,0.0,0.0,1
pairs_instagram_googleplus,RF,ashreginaldevasco,ashreginaldevasco,1,1.0,0.666667,1.0,0.904762,0,0,5000.0,0.0,0.0,0.0,1
pairs_instagram_googleplus,RF,claynewton,claynewton,1,1.0,1.0,1.0,1.0,0,0,5000.0,0.0,0.0,0.0,1
pairs_instagram_googleplus,RF,kpapasteriadis,kpapasteriadis,1,0.976667,0.0,0.0,0.852941,0,0,5000.0,0.0,0.0,0.0,1
pairs_instagram_googleplus,RF,nicklove,nicklove,1,1.0,0.214286,1.0,0.555556,0,0,5000.0,0.0,0.0,0.0,1
pairs_instagram_googleplus,RF,bowiesinphotography,minorcortes,0,1.0,0.37931,0.083333,0.302326,0,0,5000.0,0.0,0.0,0.0,1
pairs_instagram_googleplus,RF,salzman,salzman,1,1.0,0.071429,1.0,0.631579,0,0,5000.0,0.0,0.0,0.0,1
pairs_instagram_googleplus,RF,jdmckay,jdmckay,1,1.0,0.727273,0.4,0.666667,0,0,5000.0,0.0,0.0,0.0,1
pairs_instagram_googleplus,RF,galobaro,galobaro,1,0.986667,0.2,0.411765,0.307692,0,0,5000.0,0.0,0.0,0.0,1
pairs_instagram_googleplus,RF,trishlalisan,aalishanmatrix,0,0.993333,0.4375,0.388889,0.347826,0,0,5000.0,0.0,0.0,0.0,1
pairs_instagram_googleplus,RF,greghyer,greghyer,1,1.0,1.0,1.0,1.0,0,0,5000.0,0.0,0.0,0.0,1
pairs_instagram_googleplus,RF,thedudedean,stevenmdean,0,0.993333,0.333333,0.333333,0.375,0,0,5000.0,0.0,0.0,0.0,1
pairs_instagram_googleplus,RF,gudel803,gudel803,1,1.0,1.0,0.055556,0.45,0,0,5000.0,0.0,0.0,0.0,1
pairs_instagram_googleplus,RF,shamansir,shamansir,1,1.0,0.0,1.0,0.541667,0,0,5000.0,0.0,0.0,0.0,1
pairs_instagram_googleplus,RF,msyarif,msyarif,1,0.913333,0.3125,0.384615,0.26087,0,0,5000.0,0.0,0.0,0.0,1
pairs_instagram_googleplus,RF,christinaorso,christinaorso,1,1.0,1.0,0.0,0.466667,0,0,5000.0,0.0,0.0,0.0,1
pairs_instagram_googleplus,RF,ivarsmas,ivarsmas,1,1.0,0.411765,0.789474,0.909091,0,0,5000.0,0.0,0.0,0.0,1
pairs_instagram_googleplus,RF,marialy,marialy,1,1.0,1.0,1.0,1.0,0,0,5000.0,0.0,0.0,0.0,1
pairs_instagram_googleplus,RF,louisabate,louisabate,1,1.0,1.0,1.0,1.0,0,0,5000.0,0.0,0.0,0.0,1
pairs_instagram_googleplus,RF,oskrvalenzuela,oskrvalenzuela,1,1.0,1.0,0.611111,0.727273,0,0,5000.0,0.0,0.0,0.0,1
pairs_instagram_googleplus,RF,aabdalla,aabdalla,1,1.0,0.4375,0.823529,0.8,0,0,5000.0,0.0,0.0,0.0,1
pairs_instagram_googleplus,RF,tiffanydenise,tiffanydenise,1,1.0,0.857143,0.6,0.7,0,0,5000.0,0.0,0.0,0.0,1
pairs_instagram_googleplus,RF,masami,masami,1,1.0,0.3125,1.0,0.666667,0,0,5000.0,0.0,0.0,0.0,1
pairs_instagram_googleplus,RF,suekerr,suekerr,1,1.0,0.0,1.0,0.4,0,0,5000.0,0.0,0.0,0.0,1
pairs_instagram_googleplus,RF,saulacevedo,larshaberl,0,0.91,0.222222,0.0,0.176471,0,0,5000.0,0.0,0.0,0.0,1
pairs_instagram_googleplus,RF,kellyhofer,kellyhofer,1,1.0,0.5625,1.0,0.571429,0,0,5000.0,0.0,0.0,0.0,1
pairs_instagram_googleplus,RF,paulrharvey3,paulrharvey3,1,1.0,0.75,1.0,0.8125,0,0,5000.0,0.0,0.0,0.0,1
pairs_instagram_googleplus,RF,yskkt,drywit,0,0.9,0.222222,0.0,0.166667,0,0,5000.0,0.0,0.0,0.0,0
pairs_instagram_googleplus,RF,patriciayoung,patriciayovera,0,1.0,0.5625,0.47619,0.5,0,0,5000.0,0.0,0.0,0.0,1
pairs_instagram_googleplus,RF,jamesngo,jamesngo,1,1.0,0.6,0.8,0.625,0,0,5000.0,0.0,0.0,0.0,1
pairs_instagram_googleplus,RF,jonartlucas,jonartlucas,1,1.0,0.545455,1.0,0.666667,0,0,5000.0,0.0,0.0,0.0,1
pairs_instagram_googleplus,RF,victorhernandez,victorhernandez,1,1.0,0.777778,1.0,0.772727,0,0,5000.0,0.0,0.0,0.0,1
pairs_instagram_googleplus,RF,moscar,moscar,1,1.0,0.888889,1.0,0.923077,0,0,5000.0,0.0,0.0,0.0,1
pairs_instagram_googleplus,RF,nealffischer,nealffischer,1,1.0,1.0,0.916667,0.9375,0,0,5000.0,0.0,0.0,0.0,1
pairs_instagram_googleplus,RF,stevewilliams,stevewilliams,1,1.0,0.0,1.0,0.666667,0,0,5000.0,0.0,0.0,0.0,1
pairs_instagram_googleplus,RF,eventosfera,eventosfera,1,1.0,0.666667,0.470588,0.8,0,0,5000.0,0.0,0.0,0.0,1
pairs_instagram_googleplus,RF,scottayres,scottayres,1,1.0,1.0,1.0,1.0,0,0,5000.0,0.0,0.0,0.0,1
pairs_instagram_googleplus,RF,clyderamos,clyderamos,1,1.0,0.705882,0.722222,0.666667,0,0,5000.0,0.0,0.0,0.0,1
pairs_instagram_googleplus,RF,joshpeak,joshpeak,1,1.0,1.0,1.0,1.0,0,0,5000.0,0.0,0.0,0.0,1
pairs_instagram_googleplus,RF,metodrybar,metodrybar,1,1.0,0.0,0.727273,0.473684,0,0,5000.0,0.0,0.0,0.0,1
pairs_instagram_googleplus,RF,jmarkdodds,jmarkdodds,1,1.0,1.0,1.0,1.0,0,0,5000.0,0.0,0.0,0.0,1
pairs_instagram_googleplus,RF,marcusmeisel,marcusmeisel,1,1.0,1.0,1.0,1.0,0,0,5000.0,0.0,0.0,0.0,1
pairs_instagram_googleplus,RF,waynedunbar,waynedunbar,1,1.0,0.416667,0.733333,0.722222,0,0,5000.0,0.0,0.0,0.0,1
pairs_instagram_googleplus,RF,alessandrasassi,alessandrasassi,1,1.0,0.846154,0.846154,0.666667,0,0,5000.0,0.0,0.0,0.0,1
pairs_instagram_googleplus,RF,mikeblackburn,mikeblackburn,1,1.0,0.45,1.0,0.583333,0,0,5000.0,0.0,0.0,0.0,1
pairs_instagram_googleplus,RF,urswestermann,urswestermann,1,1.0,1.0,1.0,1.0,0,0,5000.0,0.0,0.0,0.0,1
pairs_instagram_googleplus,RF,shehannf,shehannf,1,1.0,0.5,1.0,0.944444,0,0,5000.0,0.0,0.0,0.0,1
pairs_instagram_googleplus,RF,danishaw,danishaw,1,1.0,1.0,1.0,1.0,0,0,5000.0,0.0,0.0,0.0,1
pairs_instagram_googleplus,RF,miguelsanchz,miguelsanchz,1,1.0,0.571429,0.785714,0.7,0,0,5000.0,0.0,0.0,0.0,1
pairs_instagram_googleplus,RF,davidweaver,jdent2612,0,0.486667,0.03125,0.0,0.027778,0,0,5000.0,0.0,0.0,0.0,0
pairs_instagram_googleplus,RF,nob0322,nob0322,1,1.0,0.125,1.0,0.666667,0,0,5000.0,0.0,0.0,0.0,1
pairs_instagram_googleplus,RF,lucianosalles,lucianosalles,1,1.0,1.0,1.0,1.0,0,0,5000.0,0.0,0.0,0.0,1
pairs_instagram_googleplus,RF,michaelholz,michaelholz,1,1.0,0.909091,1.0,0.933333,0,0,5000.0,0.0,0.0,0.0,1
pairs_instagram_googleplus,RF,marccruz,marccruz,1,1.0,1.0,1.0,1.0,0,0,5000.0,0.0,0.0,0.0,1
pairs_instagram_googleplus,RF,luisaca,luisaca,1,1.0,0.16,0.782609,0.625,0,0,5000.0,0.0,0.0,0.0,1
pairs_instagram_googleplus,RF,lizjostes,lizjostes,1,1.0,1.0,0.222222,0.833333,0,0,5000.0,0.0,0.0,0.0,1
pairs_instagram_googleplus,RF,valdezate,valdezate,1,1.0,0.5,1.0,0.95,0,0,5000.0,0.0,0.0,0.0,1
pairs_instagram_googleplus,RF,shoebsyed1985,shoebsyed1985,1,1.0,0.230769,1.0,0.529412,0,0,5000.0,0.0,0.0,0.0,1
pairs_instagram_googleplus,RF,felipavillegas,felipavillegas,1,1.0,0.3125,1.0,0.75,0,0,5000.0,0.0,0.0,0.0,1
pairs_instagram_googleplus,RF,scottknauer,scottknauer,1,1.0,0.333333,1.0,0.75,0,0,5000.0,0.0,0.0,0.0,1
pairs_instagram_googleplus,RF,kimberlyt,kimberlyt,1,1.0,0.153846,0.5,0.433333,0,0,5000.0,0.0,0.0,0.0,1
pairs_instagram_googleplus,RF,ajarn,ajarn,1,1.0,0.75,1.0,0.857143,0,0,5000.0,0.0,0.0,0.0,1
pairs_instagram_googleplus,RF,jasonchan,jasonchan,1,1.0,0.8,0.0,0.615385,0,0,5000.0,0.0,0.0,0.0,1
pairs_instagram_googleplus,RF,punkagogo,christinegioia,0,0.996667,0.0,0.4,0.25,0,0,5000.0,0.0,0.0,0.0,1
pairs_instagram_googleplus,RF,summeranne,summeranne,1,1.0,0.6,1.0,0.904762,0,0,5000.0,0.0,0.0,0.0,1
pairs_instagram_googleplus,RF,mgr,mjrjr,0,0.906667,0.0,0.0,0.25,0,0,5000.0,0.0,0.0,0.0,0
pairs_instagram_googleplus,RF,judaph,judaph,1,1.0,0.15,1.0,0.777778,0,0,5000.0,0.0,0.0,0.0,1
pairs_instagram_googleplus,RF,grahamhancock,grahamhancock,1,1.0,1.0,0.769231,0.866667,0,0,5000.0,0.0,0.0,0.0,1
pairs_instagram_googleplus,RF,brunosan,brunolaurosantos,0,1.0,0.05,0.636364,0.375,0,0,5000.0,0.0,0.0,0.0,1
pairs_instagram_googleplus,RF,robertbirnie,robertbirnie,1,1.0,1.0,0.416667,0.866667,0,0,5000.0,0.0,0.0,0.0,1
pairs_instagram_googleplus,RF,javiercostacom,javiercostacom,1,1.0,0.588235,0.52381,0.40625,0,0,5000.0,0.0,0.0,0.0,1
pairs_instagram_googleplus,RF,speterkane,speterkane,1,1.0,0.666667,0.714286,0.684211,0,0,5000.0,0.0,0.0,0.0,1
pairs_instagram_googleplus,RF,photosoldier860,jiriruzek,0,0.936667,0.310345,0.0,0.243902,0,0,5000.0,0.0,0.0,0.0,1
pairs_instagram_googleplus,RF,maestrofficial,maestrofficial,1,1.0,0.333333,1.0,0.666667,0,0,5000.0,0.0,0.0,0.0,1
pairs_instagram_googleplus,RF,kristenlynch,kristenhess,0,0.98,0.0,0.545455,0.363636,0,0,5000.0,0.0,0.0,0.0,1
pairs_instagram_googleplus,RF,wardelldesign,wardelldesign,1,1.0,0.375,1.0,0.666667,0,0,5000.0,0.0,0.0,0.0,1
pairs_instagram_googleplus,RF,stephaniemcd,turnerburns,0,0.85,0.153846,0.0,0.117647,0,0,5000.0,0.0,0.0,0.0,0
pairs_instagram_googleplus,RF,bowokusumo,shalahbowden,0,0.946778,0.2,0.0,0.166667,0,0,5000.0,0.0,0.0,0.0,1
pairs_instagram_googleplus,RF,mccoygalvan,mccoygalvan,1,1.0,0.363636,0.75,0.588235,0,0,5000.0,0.0,0.0,0.0,1
pairs_instagram_googleplus,RF,mamaru14,damanharun,0,1.0,0.363636,0.0,0.285714,0,0,5000.0,0.0,0.0,0.0,0
pairs_instagram_googleplus,RF,borisbaldinger,borisbaldinger,1,0.996667,1.0,0.285714,0.9375,0,0,5000.0,0.0,0.0,0.0,1
pairs_instagram_googleplus,RF,limbach,limbach,1,1.0,1.0,1.0,1.0,0,0,5000.0,0.0,0.0,0.0,1
pairs_instagram_googleplus,RF,muratbilican,muratbilican,1,1.0,1.0,1.0,1.0,0,0,5000.0,0.0,0.0,0.0,1
pairs_instagram_googleplus,RF,jaggers,olivierbauermeister,0,0.986667,0.35,0.0,0.222222,0,0,5000.0,0.0,0.0,0.0,1
pairs_instagram_googleplus,RF,liveandkern,liveandkern,1,1.0,0.05,1.0,0.44,0,0,5000.0,0.0,0.0,0.0,1
pairs_instagram_googleplus,RF,fernandoanzures,fernandoanzures,1,1.0,0.428571,1.0,0.888889,0,0,5000.0,0.0,0.0,0.0,1
pairs_instagram_googleplus,RF,fairysari,fairysari,1,0.92,0.230769,0.333333,0.294118,0,0,5000.0,0.0,0.0,0.0,1
pairs_instagram_googleplus,RF,gtbundy,gtbundy,1,1.0,0.454545,1.0,0.882353,0,0,5000.0,0.0,0.0,0.0,1
pairs_instagram_googleplus,RF,cicarca,cicarca,1,1.0,0.066667,0.785714,0.52381,0,0,5000.0,0.0,0.0,0.0,1
pairs_instagram_googleplus,RF,calebdann,calebdann,1,1.0,1.0,1.0,1.0,0,0,5000.0,0.0,0.0,0.0,1
pairs_instagram_googleplus,RF,scottanthonyanderson,scottanthonyanderson,1,1.0,0.0,1.0,0.482759,0,0,5000.0,0.0,0.0,0.0,1
pairs_instagram_googleplus,RF,eamrselim,eamrselim,1,0.966667,0.538462,0.32,0.387097,0,0,5000.0,0.0,0.0,0.0,1
pairs_instagram_googleplus,RF,alejandrovaras,alejandrovaras,1,1.0,0.619048,0.608696,0.62963,0,0,5000.0,0.0,0.0,0.0,1
pairs_instagram_googleplus,RF,donduck,donduck,1,1.0,0.357143,0.470588,0.45,0,0,5000.0,0.0,0.0,0.0,1
pairs_instagram_googleplus,RF,trentpartridge,trentpartridge,1,1.0,0.666667,1.0,0.9375,0,0,5000.0,0.0,0.0,0.0,1
pairs_instagram_googleplus,RF,mrgood,mrgood,1,0.993333,0.230769,0.416667,0.333333,0,0,5000.0,0.0,0.0,0.0,1
pairs_instagram_googleplus,RF,davidroessli,davidroessli,1,1.0,1.0,1.0,1.0,0,0,5000.0,0.0,0.0,0.0,1
pairs_instagram_googleplus,RF,vitoramaral,vitoramaral,1,1.0,0.692308,1.0,0.666667,0,0,5000.0,0.0,0.0,0.0,1
pairs_instagram_googleplus,RF,kristinrichey,kristinrichey,1,1.0,0.333333,1.0,0.565217,0,0,5000.0,0.0,0.0,0.0,1
pairs_instagram_googleplus,RF,sarahdope,sarahdope,1,1.0,1.0,0.095238,0.5,0,0,5000.0,0.0,0.0,0.0,1
pairs_instagram_googleplus,RF,valmoro,valmoro,1,1.0,1.0,0.0,0.6,0,0,5000.0,0.0,0.0,0.0,1
pairs_instagram_googleplus,RF,afnan,afnan,1,0.85,0.307692,0.25,0.3,0,0,5000.0,0.0,0.0,0.0,1
pairs_instagram_googleplus,RF,salimnensi,salimnensi,1,1.0,0.666667,1.0,0.75,0,0,5000.0,0.0,0.0,0.0,1
pairs_instagram_googleplus,RF,folghera,folghera,1,1.0,0.411765,1.0,0.952381,0,0,5000.0,0.0,0.0,0.0,1
pairs_instagram_googleplus,RF,santiagodorego,santiagodorego,1,1.0,0.066667,1.0,0.736842,0,0,5000.0,0.0,0.0,0.0,1
pairs_instagram_googleplus,RF,edcartre,edcartre,1,1.0,1.0,1.0,1.0,0,0,5000.0,0.0,0.0,0.0,1
pairs_instagram_googleplus,RF,stacysanchez,melanieramone,0,0.616667,0.304348,0.212121,0.25641,0,0,5000.0,0.0,0.0,0.0,0
pairs_instagram_googleplus,RF,norahaura,norahaura,1,0.99,0.238095,0.434783,0.444444,0,0,5000.0,0.0,0.0,0.0,1
pairs_instagram_googleplus,RF,xpsteven,xpsteven,1,1.0,0.555556,1.0,0.666667,0,0,5000.0,0.0,0.0,0.0,1
pairs_instagram_googleplus,RF,robmyers,robmyers,1,1.0,0.4,1.0,0.6,0,0,5000.0,0.0,0.0,0.0,1
pairs_instagram_googleplus,RF,lindybester,pierreliu,0,1.0,0.333333,0.0,0.25,0,0,5000.0,0.0,0.0,0.0,1
pairs_instagram_googleplus,RF,ericgroom,ericgroom,1,1.0,0.555556,1.0,0.923077,0,0,5000.0,0.0,0.0,0.0,1
pairs_instagram_googleplus,RF,andrewgotti,andrewgotti,1,1.0,1.0,1.0,1.0,0,0,5000.0,0.0,0.0,0.0,1
pairs_instagram_googleplus,RF,xallehrazax,xallehrazax,1,1.0,1.0,0.0,0.611111,0,0,5000.0,0.0,0.0,0.0,1
pairs_instagram_googleplus,RF,warrenknight,warrenknight,1,1.0,0.357143,1.0,0.777778,0,0,5000.0,0.0,0.0,0.0,1
pairs_instagram_googleplus,RF,tegel10,tegel10,1,1.0,0.052632,0.8,0.464286,0,0,5000.0,0.0,0.0,0.0,1
pairs_instagram_googleplus,RF,justbeingarlyn,lynnwallenstein,0,0.866667,0.227273,0.217391,0.230769,0,0,5000.0,0.0,0.0,0.0,1
pairs_instagram_googleplus,RF,orleysc,orleysc,1,1.0,0.363636,1.0,0.625,0,0,5000.0,0.0,0.0,0.0,1
pairs_instagram_googleplus,RF,rachelrubes,rachelrubes,1,1.0,0.5625,0.444444,0.5,0,0,5000.0,0.0,0.0,0.0,1
pairs_instagram_googleplus,RF,tylerhopf,tylerhopf,1,1.0,1.0,1.0,1.0,0,0,5000.0,0.0,0.0,0.0,1
pairs_instagram_googleplus,RF,jimmyd,jimmyd,1,1.0,0.0,1.0,0.576923,0,0,5000.0,0.0,0.0,0.0,1
pairs_instagram_googleplus,RF,mymymy,mymymy,1,1.0,0.769231,1.0,0.823529,0,0,5000.0,0.0,0.0,0.0,1
pairs_instagram_googleplus,RF,serantes,serantes,1,1.0,1.0,0.538462,0.6,0,0,5000.0,0.0,0.0,0.0,1
pairs_instagram_googleplus,RF,emanuelazaccone,emanuelazaccone,1,1.0,0.111111,1.0,0.695652,0,0,5000.0,0.0,0.0,0.0,1
pairs_instagram_googleplus,RF,ahmedalhajri,ahmedalhajri,1,1.0,1.0,0.0,0.48,0,0,5000.0,0.0,0.0,0.0,1
pairs_instagram_googleplus,RF,mrjoemontoya,mrjoemontoya,1,1.0,0.727273,1.0,0.8,0,0,5000.0,0.0,0.0,0.0,1
pairs_instagram_googleplus,RF,mikewsmith,mikewsmith,1,1.0,0.285714,1.0,0.555556,0,0,5000.0,0.0,0.0,0.0,1
pairs_instagram_googleplus,RF,jeffcameron,jeffcameron,1,1.0,0.833333,1.0,0.764706,0,0,5000.0,0.0,0.0,0.0,1
pairs_instagram_googleplus,RF,obstaclespecialist,bradreason,0,1.0,0.4,0.0,0.322581,0,0,5000.0,0.0,0.0,0.0,0
pairs_instagram_googleplus,RF,shawnday,shawnday,1,1.0,0.5,1.0,0.526316,0,0,5000.0,0.0,0.0,0.0,1
pairs_instagram_googleplus,RF,salvatorecanfora,salvatorecanfora,1,1.0,0.105263,1.0,0.666667,0,0,5000.0,0.0,0.0,0.0,1
pairs_instagram_googleplus,RF,patmulles,patmulles,1,1.0,0.5,1.0,0.888889,0,0,5000.0,0.0,0.0,0.0,1
pairs_instagram_googleplus,RF,claregrant,renehamburg,0,0.953333,0.454545,0.05,0.230769,0,0,5000.0,0.0,0.0,0.0,1
pairs_instagram_googleplus,RF,zoedphotography,zoedphotography,1,0.893333,0.3,0.181818,0.294118,0,0,5000.0,0.0,0.0,0.0,1
pairs_instagram_googleplus,RF,jamiehinks,jamiehinks,1,1.0,0.727273,1.0,0.8,0,0,5000.0,0.0,0.0,0.0,1
pairs_instagram_googleplus,RF,kindahamwi,kindahamwi,1,1.0,0.333333,0.769231,0.55,0,0,5000.0,0.0,0.0,0.0,1
pairs_instagram_googleplus,RF,benmiller,benmiller,1,1.0,0.266667,1.0,0.526316,0,0,5000.0,0.0,0.0,0.0,1
pairs_instagram_googleplus,RF,lesleyscott,scottayres,0,0.84,0.3125,0.25,0.291667,0,0,5000.0,0.0,0.0,0.0,1
pairs_instagram_googleplus,RF,anasse,anasse,1,0.996667,0.125,0.470588,0.346154,0,0,5000.0,0.0,0.0,0.0,1
pairs_instagram_googleplus,RF,stephenrobles,stephenrobles,1,1.0,1.0,1.0,1.0,0,0,5000.0,0.0,0.0,0.0,1
pairs_instagram_googleplus,RF,laurieturk,laurieturk,1,1.0,0.066667,0.5,0.761905,0,0,5000.0,0.0,0.0,0.0,1
pairs_instagram_googleplus,RF,bscheckel,bscheckel,1,1.0,0.538462,1.0,0.882353,0,0,5000.0,0.0,0.0,0.0,1
pairs_instagram_googleplus,RF,carlosgamboa,carlosgamboa,1,1.0,0.733333,1.0,0.7,0,0,5000.0,0.0,0.0,0.0,1
pairs_instagram_googleplus,RF,griff,griff,1,1.0,1.0,1.0,1.0,0,0,5000.0,0.0,0.0,0.0,1
pairs_instagram_googleplus,RF,eltounsi54,eltounsi54,1,0.993333,0.0,0.4,0.217391,0,0,5000.0,0.0,0.0,0.0,1
pairs_instagram_googleplus,RF,jtroyer,jtroyer,1,1.0,0.357143,1.0,0.85,0,0,5000.0,0.0,0.0,0.0,1
pairs_instagram_googleplus,RF,elliottv,elliottv,1,1.0,0.466667,1.0,0.947368,0,0,5000.0,0.0,0.0,0.0,1
pairs_instagram_googleplus,RF,irenekimmel,irenekimmel,1,1.0,1.0,1.0,1.0,0,0,5000.0,0.0,0.0,0.0,1
pairs_instagram_googleplus,RF,jonathanfleming,jonathanfleming,1,1.0,0.7,1.0,0.68,0,0,5000.0,0.0,0.0,0.0,1
pairs_instagram_googleplus,RF,arthas,thanachart,0,0.966667,0.095238,0.4,0.275862,0,0,5000.0,0.0,0.0,0.0,1
pairs_instagram_googleplus,RF,stephyates,stephyates,1,1.0,0.076923,1.0,0.555556,0,0,5000.0,0.0,0.0,0.0,1
pairs_instagram_googleplus,RF,brianblock,brianblock,1,1.0,0.461538,1.0,0.6875,0,0,5000.0,0.0,0.0,0.0,1
pairs_instagram_googleplus,RF,akurjata,akurjata,1,1.0,0.461538,1.0,0.882353,0,0,5000.0,0.0,0.0,0.0,1
pairs_instagram_googleplus,RF,jiyaadsabiq,jiyaadsabiq,1,1.0,1.0,1.0,1.0,0,0,5000.0,0.0,0.0,0.0,1
pairs_instagram_googleplus,RF,lenhattrieu,lenhattrieu,1,1.0,1.0,0.333333,0.65,0,0,5000.0,0.0,0.0,0.0,1
pairs_instagram_googleplus,RF,jamesbaker,jamesbaker,1,1.0,0.052632,1.0,0.478261,0,0,5000.0,0.0,0.0,0.0,1
pairs_instagram_googleplus,RF,edwardloh,edwardloh,1,1.0,0.166667,0.9,0.588235,0,0,5000.0,0.0,0.0,0.0,1
pairs_instagram_googleplus,RF,trevorellestad,trevorellestad,1,1.0,0.0,1.0,0.555556,0,0,5000.0,0.0,0.0,0.0,1
pairs_instagram_googleplus,RF,lalquier,lalquier,1,1.0,0.538462,1.0,0.941176,0,0,5000.0,0.0,0.0,0.0,1
pairs_instagram_googleplus,RF,vbco,vbco,1,1.0,0.4,1.0,0.85,0,0,5000.0,0.0,0.0,0.0,1
pairs_instagram_googleplus,RF,spanoghe,spanoghe,1,1.0,0.214286,1.0,0.684211,0,0,5000.0,0.0,0.0,0.0,1
pairs_instagram_googleplus,RF,andrescarceller,andrescarceller,1,1.0,1.0,1.0,1.0,0,0,5000.0,0.0,0.0,0.0,1
pairs_instagram_googleplus,RF,kikaps,kikaps,1,1.0,0.142857,0.633333,0.594595,0,0,5000.0,0.0,0.0,0.0,1
pairs_instagram_googleplus,RF,jnxyz,jnxyz,1,0.953333,0.0,0.4,0.590909,0,0,5000.0,0.0,0.0,0.0,1
pairs_instagram_googleplus,RF,s0uls,s0uls,1,1.0,0.0,0.571429,0.419355,0,0,5000.0,0.0,0.0,0.0,1
pairs_instagram_googleplus,RF,gaufgang,gaufgang,1,1.0,0.5,1.0,0.9375,0,0,5000.0,0.0,0.0,0.0,1
pairs_instagram_googleplus,RF,beckymaew,beckymaew,1,1.0,0.666667,0.333333,0.55,0,0,5000.0,0.0,0.0,0.0,1
pairs_instagram_googleplus,RF,ivanl,ivanl,1,0.966667,0.444444,0.272727,0.357143,0,0,5000.0,0.0,0.0,0.0,1
pairs_instagram_googleplus,RF,rodrigobispo,rodrigobispo,1,1.0,1.0,1.0,1.0,0,0,5000.0,0.0,0.0,0.0,1
pairs_instagram_googleplus,RF,cesarnovelo,cesarnovelo,1,1.0,0.6875,0.45,0.583333,0,0,5000.0,0.0,0.0,0.0,1
pairs_instagram_googleplus,RF,tsanghon,sanderterhaar,0,0.886667,0.285714,0.375,0.318182,0,0,5000.0,0.0,0.0,0.0,1
pairs_instagram_googleplus,RF,phoole,phoole,1,1.0,0.071429,0.5625,0.789474,0,0,5000.0,0.0,0.0,0.0,1
pairs_instagram_googleplus,RF,ryanthompson,mattyoung,0,0.733333,0.230769,0.133333,0.222222,0,0,5000.0,0.0,0.0,0.0,0
pairs_instagram_googleplus,RF,corporatephotographer,corporatephotographer,1,1.0,0.0,1.0,0.413793,0,0,5000.0,0.0,0.0,0.0,1
pairs_instagram_googleplus,RF,chrispgriffin,chrispgriffin,1,1.0,0.692308,1.0,0.666667,0,0,5000.0,0.0,0.0,0.0,1
pairs_instagram_googleplus,RF,lisizhe,acanadianfoodie,0,1.0,0.4375,0.533333,0.47619,0,0,5000.0,0.0,0.0,0.0,1
pairs_instagram_googleplus,RF,teppeimisue,teppeimisue,1,1.0,1.0,1.0,1.0,0,0,5000.0,0.0,0.0,0.0,1
pairs_instagram_googleplus,RF,janekimberly,janekimberly,1,1.0,0.5,1.0,0.571429,0,0,5000.0,0.0,0.0,0.0,1
pairs_instagram_googleplus,RF,marisafewtrell,marisafewtrell,1,1.0,0.0,1.0,0.576923,0,0,5000.0,0.0,0.0,0.0,1
pairs_instagram_googleplus,RF,chriswright,chriswright,1,1.0,0.0,0.588235,0.615385,0,0,5000.0,0.0,0.0,0.0,1
pairs_instagram_googleplus,RF,natejtaylor,natejtaylor,1,1.0,0.727273,1.0,0.8,0,0,5000.0,0.0,0.0,0.0,1
pairs_instagram_googleplus,RF,christhedj,christhedj,1,1.0,0.25,1.0,0.619048,0,0,5000.0,0.0,0.0,0.0,1
pairs_instagram_googleplus,RF,owengeronimo,owengeronimo,1,1.0,1.0,1.0,1.0,0,0,5000.0,0.0,0.0,0.0,1
pairs_instagram_googleplus,RF,mnegrini,mnegrini,1,1.0,0.333333,0.933333,0.652174,0,0,5000.0,0.0,0.0,0.0,1
pairs_instagram_googleplus,RF,alliebeau,alliebeau,1,1.0,0.5,0.85,0.863636,0,0,5000.0,0.0,0.0,0.0,1
pairs_instagram_googleplus,RF,ru0905,alexcowan,0,0.996667,0.0,0.4,0.25,0,0,5000.0,0.0,0.0,0.0,0
pairs_instagram_googleplus,RF,sercanparan,sercanparan,1,1.0,1.0,1.0,1.0,0,0,5000.0,0.0,0.0,0.0,1
pairs_instagram_googleplus,RF,jigsha,jigsha,1,1.0,0.5,1.0,0.857143,0,0,5000.0,0.0,0.0,0.0,1
pairs_instagram_googleplus,RF,eryk,eryk,1,1.0,1.0,1.0,1.0,0,0,5000.0,0.0,0.0,0.0,1
pairs_instagram_googleplus,RF,philipcheang,philipcheang,1,1.0,0.294118,1.0,0.619048,0,0,5000.0,0.0,0.0,0.0,1
pairs_instagram_googleplus,RF,laurentbuanec,laurentbuanec,1,1.0,0.052632,1.0,0.583333,0,0,5000.0,0.0,0.0,0.0,1
pairs_instagram_googleplus,RF,iwatatakuma,smaku,0,0.97,0.454545,0.357143,0.352941,0,0,5000.0,0.0,0.0,0.0,0
pairs_instagram_googleplus,RF,lesliepasserino,lesliepasserino,1,1.0,1.0,0.75,0.818182,0,0,5000.0,0.0,0.0,0.0,1
pairs_instagram_googleplus,RF,iamlfb,iamlfb,1,1.0,0.0,0.833333,0.592593,0,0,5000.0,0.0,0.0,0.0,1
pairs_instagram_googleplus,RF,van2fabiola,van2fabiola,1,1.0,0.363636,0.666667,0.576923,0,0,5000.0,0.0,0.0,0.0,1
pairs_instagram_googleplus,RF,mariakarpenko,mariakarpenko,1,1.0,1.0,1.0,1.0,0,0,5000.0,0.0,0.0,0.0,1
pairs_instagram_googleplus,RF,mariarti,mariarti,1,1.0,0.625,0.333333,0.538462,0,0,5000.0,0.0,0.0,0.0,1
pairs_instagram_googleplus,RF,msdark,msdark,1,0.99,0.030303,0.555556,0.466667,0,0,5000.0,0.0,0.0,0.0,1
pairs_instagram_googleplus,RF,jenbalisi,craigdeakin,0,0.656667,0.1,0.090909,0.133333,0,0,5000.0,0.0,0.0,0.0,0
pairs_instagram_googleplus,RF,philjengkane,philjengkane,1,1.0,1.0,1.0,1.0,0,0,5000.0,0.0,0.0,0.0,1
pairs_instagram_googleplus,RF,stefandan,stefandan,1,1.0,0.6,0.777778,0.642857,0,0,5000.0,0.0,0.0,0.0,1
pairs_instagram_googleplus,RF,alvaropascual84,alvaropascual84,1,1.0,0.846154,0.666667,0.583333,0,0,5000.0,0.0,0.0,0.0,1
pairs_instagram_googleplus,RF,josefnemec,josefnemec,1,1.0,0.7,0.470588,0.5,0,0,5000.0,0.0,0.0,0.0,1
pairs_instagram_googleplus,RF,juancabrera,juancabrera,1,1.0,0.0,0.772727,0.529412,0,0,5000.0,0.0,0.0,0.0,1
pairs_instagram_googleplus,RF,djquietstorm,robertjonathan,0,0.673333,0.0,0.111111,0.08,0,0,5000.0,0.0,0.0,0.0,0
pairs_instagram_googleplus,RF,celivingston,celivingston,1,1.0,0.391304,0.538462,0.607143,0,0,5000.0,0.0,0.0,0.0,1
pairs_instagram_googleplus,RF,timberrymd,angieward,0,0.84,0.3,0.294118,0.3,0,0,5000.0,0.0,0.0,0.0,0
pairs_instagram_googleplus,RF,minasuka,minasuka,1,1.0,0.041667,1.0,0.535714,0,0,5000.0,0.0,0.0,0.0,1
pairs_instagram_googleplus,RF,dennissmith,dennissmith,1,1.0,0.3125,0.733333,0.714286,0,0,5000.0,0.0,0.0,0.0,1
pairs_instagram_googleplus,RF,jeromeoliu,jeromeoliu,1,1.0,0.3,0.7,0.733333,0,0,5000.0,0.0,0.0,0.0,1
pairs_instagram_googleplus,RF,ocramen,ocramen,1,1.0,1.0,1.0,1.0,0,0,5000.0,0.0,0.0,0.0,1
pairs_instagram_googleplus,RF,nancycole,nancycole,1,1.0,1.0,1.0,1.0,0,0,5000.0,0.0,0.0,0.0,1
pairs_instagram_googleplus,RF,feinnecchi,feinnecchi,1,1.0,0.470588,1.0,0.857143,0,0,5000.0,0.0,0.0,0.0,1
pairs_instagram_googleplus,RF,mikemagan,mikemagan,1,1.0,0.666667,1.0,0.625,0,0,5000.0,0.0,0.0,0.0,1
pairs_instagram_googleplus,RF,leegunter,leegunter,1,1.0,1.0,1.0,1.0,0,0,5000.0,0.0,0.0,0.0,1
pairs_instagram_googleplus,RF,davidredelberger,davidredelberger,1,1.0,0.217391,0.576923,0.892857,0,0,5000.0,0.0,0.0,0.0,1
pairs_instagram_googleplus,RF,jannic,jannic,1,1.0,0.333333,1.0,0.736842,0,0,5000.0,0.0,0.0,0.0,1
pairs_instagram_googleplus,RF,panjim,kadulima,0,0.673333,0.0,0.111111,0.08,0,0,5000.0,0.0,0.0,0.0,0
pairs_instagram_googleplus,RF,ilansdee,ilansdee,1,1.0,0.0,1.0,0.444444,0,0,5000.0,0.0,0.0,0.0,1
pairs_instagram_googleplus,RF,seanrainer,seanrainer,1,1.0,1.0,1.0,1.0,0,0,5000.0,0.0,0.0,0.0,1
pairs_instagram_googleplus,RF,abigailharenberg,abigailharenberg,1,1.0,0.5,1.0,0.818182,0,0,5000.0,0.0,0.0,0.0,1
pairs_instagram_googleplus,RF,franziskakaterbaum,franziskakaterbaum,1,1.0,0.2,1.0,0.56,0,0,5000.0,0.0,0.0,0.0,1
pairs_instagram_googleplus,RF,liamodowd,liamodowd,1,1.0,0.25,1.0,0.625,0,0,5000.0,0.0,0.0,0.0,1
pairs_instagram_googleplus,RF,kevinsutton,kevinsutton,1,1.0,1.0,1.0,1.0,0,0,5000.0,0.0,0.0,0.0,1
pairs_instagram_googleplus,RF,eugg,eugg,1,1.0,0.2,0.5,0.5,0,0,5000.0,0.0,0.0,0.0,1
pairs_instagram_googleplus,RF,cyriljones,cyriljones,1,1.0,0.0,1.0,0.566667,0,0,5000.0,0.0,0.0,0.0,1
pairs_instagram_googleplus,RF,anast,anast,1,1.0,0.222222,0.666667,0.625,0,0,5000.0,0.0,0.0,0.0,1
pairs_instagram_googleplus,RF,anjummalkana,anjummalkana,1,1.0,0.230769,1.0,0.705882,0,0,5000.0,0.0,0.0,0.0,1
pairs_instagram_googleplus,RF,scobleizer,scobleizer,1,1.0,1.0,1.0,1.0,0,0,5000.0,0.0,0.0,0.0,1
pairs_instagram_googleplus,RF,zalmenkurinsky,zalmenkurinsky,1,1.0,0.2,1.0,0.75,0,0,5000.0,0.0,0.0,0.0,1
pairs_instagram_googleplus,RF,marionvillette,maritosv,0,0.973333,0.3125,0.0,0.263158,0,0,5000.0,0.0,0.0,0.0,1
pairs_instagram_googleplus,RF,hacen,hacen,1,1.0,0.333333,1.0,0.588235,0,0,5000.0,0.0,0.0,0.0,1
pairs_instagram_googleplus,RF,jralexander,stiofanoriain,0,0.809444,0.235294,0.0,0.178571,0,0,5000.0,0.0,0.0,0.0,0
pairs_instagram_googleplus,RF,andiashten,andiashten,1,1.0,1.0,0.3,0.916667,0,0,5000.0,0.0,0.0,0.0,1
pairs_instagram_googleplus,RF,teritemme,teritemme,1,1.0,1.0,1.0,1.0,0,0,5000.0,0.0,0.0,0.0,1
pairs_instagram_googleplus,RF,jonashalmstad,jonathanlally,0,0.773333,0.25,0.238095,0.24,0,0,5000.0,0.0,0.0,0.0,1
pairs_instagram_googleplus,RF,goranhalusa,goranhalusa,1,0.99,0.3125,0.375,0.6,0,0,5000.0,0.0,0.0,0.0,1
pairs_instagram_googleplus,RF,francktourneret,francktourneret,1,1.0,0.347826,1.0,0.607143,0,0,5000.0,0.0,0.0,0.0,1
pairs_instagram_googleplus,RF,gustt,gustt,1,1.0,0.733333,1.0,0.9,0,0,5000.0,0.0,0.0,0.0,1
pairs_instagram_googleplus,RF,stjon,stjon,1,1.0,0.444444,1.0,0.846154,0,0,5000.0,0.0,0.0,0.0,1
pairs_instagram_googleplus,RF,yazeedaloyoun,yazeedaloyoun,1,1.0,1.0,1.0,1.0,0,0,5000.0,0.0,0.0,0.0,1
pairs_instagram_googleplus,RF,allards,allards,1,1.0,0.5,0.357143,0.411765,0,0,5000.0,0.0,0.0,0.0,1
pairs_instagram_googleplus,RF,phi303,phi303,1,1.0,0.1,1.0,0.578947,0,0,5000.0,0.0,0.0,0.0,1
pairs_instagram_googleplus,RF,nancielovesphotography,nancielovesphotography,1,1.0,0.315789,1.0,0.846154,0,0,5000.0,0.0,0.0,0.0,1
pairs_instagram_googleplus,RF,darcast,darcast,1,1.0,0.357143,1.0,0.789474,0,0,5000.0,0.0,0.0,0.0,1
pairs_instagram_googleplus,RF,larslentz,larslentz,1,1.0,0.444444,1.0,0.454545,0,0,5000.0,0.0,0.0,0.0,1
pairs_instagram_googleplus,RF,kkristopherkimbrew,andreacastelli,0,0.897333,0.136364,0.0,0.115385,0,0,5000.0,0.0,0.0,0.0,1
pairs_instagram_googleplus,RF,craiglambie,craiglambie,1,1.0,0.416667,1.0,0.8125,0,0,5000.0,0.0,0.0,0.0,1
pairs_instagram_googleplus,RF,dertoco,dertoco,1,1.0,0.052632,1.0,0.666667,0,0,5000.0,0.0,0.0,0.0,1
pairs_instagram_googleplus,RF,nicoletoderas,nicolassalvador,0,0.98,0.388889,0.368421,0.409091,0,0,5000.0,0.0,0.0,0.0,0
pairs_instagram_googleplus,RF,marieiscool,marieiscool,1,1.0,0.555556,0.6,0.869565,0,0,5000.0,0.0,0.0,0.0,1
pairs_instagram_googleplus,RF,thecrazygm,thecrazygm,1,1.0,0.0,0.52,0.7,0,0,5000.0,0.0,0.0,0.0,1
pairs_instagram_googleplus,RF,akronohiohomes,akronohiohomes,1,1.0,0.2,1.0,0.567568,0,0,5000.0,0.0,0.0,0.0,1
pairs_instagram_googleplus,RF,mikedarcyhughes,mikedarcyhughes,1,1.0,0.533333,0.625,0.571429,0,0,5000.0,0.0,0.0,0.0,1
pairs_instagram_googleplus,RF,jirocer,jirocer,1,0.996667,0.4,0.5,0.666667,0,0,5000.0,0.0,0.0,0.0,1
pairs_instagram_googleplus,RF,joebuglione,joebuglione,1,1.0,0.416667,0.384615,0.466667,0,0,5000.0,0.0,0.0,0.0,1
pairs_instagram_googleplus,RF,soulsailor,soulsailor,1,1.0,0.0,1.0,0.4,0,0,5000.0,0.0,0.0,0.0,1
pairs_instagram_googleplus,RF,matthiaslechner,matthiaslechner,1,1.0,1.0,1.0,1.0,0,0,5000.0,0.0,0.0,0.0,1
pairs_instagram_googleplus,RF,grantstern,grantstern,1,1.0,1.0,1.0,1.0,0,0,5000.0,0.0,0.0,0.0,1
pairs_instagram_googleplus,RF,briseeley,briseeley,1,1.0,0.727273,1.0,0.8,0,0,5000.0,0.0,0.0,0.0,1
pairs_instagram_googleplus,RF,nicholasbohac,nicholasbohac,1,1.0,1.0,1.0,1.0,0,0,5000.0,0.0,0.0,0.0,1
pairs_instagram_googleplus,RF,dheras,dheras,1,1.0,0.555556,1.0,1.0,0,0,5000.0,0.0,0.0,0.0,1
pairs_instagram_googleplus,RF,letylabo,letylabo,1,1.0,0.266667,0.461538,0.473684,0,0,5000.0,0.0,0.0,0.0,1
pairs_instagram_googleplus,RF,gege2ge,gege2ge,1,1.0,0.222222,1.0,0.769231,0,0,5000.0,0.0,0.0,0.0,1
pairs_instagram_googleplus,RF,johanmede,johanmede,1,1.0,1.0,0.8125,0.863636,0,0,5000.0,0.0,0.0,0.0,1
pairs_instagram_googleplus,RF,queenesther,queenesther,1,1.0,0.714286,1.0,0.777778,0,0,5000.0,0.0,0.0,0.0,1
pairs_instagram_googleplus,RF,tollerton,tollerton,1,1.0,0.583333,1.0,0.933333,0,0,5000.0,0.0,0.0,0.0,1
pairs_instagram_googleplus,RF,danielrdelpino,danielrdelpino,1,1.0,1.0,1.0,1.0,0,0,5000.0,0.0,0.0,0.0,1
pairs_instagram_googleplus,RF,elishaparris,elishaparris,1,1.0,1.0,0.647059,0.736842,0,0,5000.0,0.0,0.0,0.0,1
pairs_instagram_googleplus,RF,xandergamble,xandergamble,1,1.0,1.0,1.0,1.0,0,0,5000.0,0.0,0.0,0.0,1
pairs_instagram_googleplus,RF,hyperbreed,hyperbreed,1,1.0,0.047619,1.0,0.576923,0,0,5000.0,0.0,0.0,0.0,1
pairs_instagram_googleplus,RF,alexndrsn87,alexndrsn87,1,1.0,0.4375,1.0,0.789474,0,0,5000.0,0.0,0.0,0.0,1
pairs_instagram_googleplus,RF,akirareiko,akirareiko,1,1.0,1.0,0.75,0.933333,0,0,5000.0,0.0,0.0,0.0,1
pairs_instagram_googleplus,RF,petrbelik,philipslade,0,0.881611,0.2,0.0,0.178571,0,0,5000.0,0.0,0.0,0.0,1
pairs_instagram_googleplus,RF,valuedmerchants,valuedmerchants,1,1.0,0.083333,1.0,0.5,0,0,5000.0,0.0,0.0,0.0,1
pairs_instagram_googleplus,RF,vivian,vivian,1,1.0,1.0,1.0,1.0,0,0,5000.0,0.0,0.0,0.0,1
pairs_instagram_googleplus,RF,tylorsweeney,tylorsweeney,1,1.0,1.0,1.0,1.0,0,0,5000.0,0.0,0.0,0.0,1
pairs_instagram_googleplus,RF,jotaypunto,jotaypunto,1,0.67,0.083333,0.285714,0.179487,0,0,5000.0,0.0,0.0,0.0,1
pairs_instagram_googleplus,RF,hardiyantorico,hardiyantorico,1,1.0,0.857143,1.0,0.882353,0,0,5000.0,0.0,0.0,0.0,1
pairs_instagram_googleplus,RF,carolinhinz,carolinhinz,1,1.0,1.0,0.625,0.684211,0,0,5000.0,0.0,0.0,0.0,1
pairs_instagram_googleplus,RF,jessydior,jessydior,1,1.0,1.0,0.0,0.428571,0,0,5000.0,0.0,0.0,0.0,1
pairs_instagram_googleplus,RF,dygrafi,dygrafi,1,0.966667,0.1875,0.615385,0.36,0,0,5000.0,0.0,0.0,0.0,1
pairs_instagram_googleplus,RF,jesschg,jesschg,1,1.0,0.307692,0.4,0.375,0,0,5000.0,0.0,0.0,0.0,1
pairs_instagram_googleplus,RF,drmikec,drmikec,1,1.0,1.0,1.0,1.0,0,0,5000.0,0.0,0.0,0.0,1
pairs_instagram_googleplus,RF,ashleycheretes,ashleycheretes,1,1.0,1.0,1.0,1.0,0,0,5000.0,0.0,0.0,0.0,1
pairs_instagram_googleplus,RF,chadbordes,chadbordes,1,1.0,1.0,1.0,1.0,0,0,5000.0,0.0,0.0,0.0,1
pairs_instagram_googleplus,RF,hatemzidi,hatemzidi,1,1.0,0.0,1.0,0.588235,0,0,5000.0,0.0,0.0,0.0,1
pairs_instagram_googleplus,RF,ronsela,ronsela,1,1.0,0.666667,1.0,0.769231,0,0,5000.0,0.0,0.0,0.0,1
pairs_instagram_googleplus,RF,leovillanova,leovillanova,1,1.0,0.666667,1.0,0.736842,0,0,5000.0,0.0,0.0,0.0,1
pairs_instagram_googleplus,RF,albertcorbett,albertcorbett,1,1.0,0.526316,0.6,0.826087,0,0,5000.0,0.0,0.0,0.0,1
pairs_instagram_googleplus,RF,tomaszkrela,tomaszkrela,1,1.0,0.384615,0.666667,0.578947,0,0,5000.0,0.0,0.0,0.0,1
pairs_instagram_googleplus,RF,pon,pon,1,1.0,0.6,1.0,0.857143,0,0,5000.0,0.0,0.0,0.0,1
pairs_instagram_googleplus,RF,civix,civix,1,1.0,0.0,0.65,0.5,0,0,5000.0,0.0,0.0,0.0,1
pairs_instagram_googleplus,RF,xgasso,xgasso,1,1.0,0.875,0.888889,0.714286,0,0,5000.0,0.0,0.0,0.0,1
pairs_instagram_googleplus,RF,luxedesignnyc,luxedesignnyc,1,1.0,0.0,1.0,0.464286,0,0,5000.0,0.0,0.0,0.0,1
pairs_instagram_googleplus,RF,tselliott,tselliott,1,1.0,0.7,0.636364,0.642857,0,0,5000.0,0.0,0.0,0.0,1
pairs_instagram_googleplus,RF,nogaret,nogaret,1,1.0,0.058824,0.8,0.56,0,0,5000.0,0.0,0.0,0.0,1
pairs_instagram_googleplus,RF,jessicamclaughlin,jessicamclaughlin,1,1.0,0.0,1.0,0.703704,0,0,5000.0,0.0,0.0,0.0,1
pairs_instagram_googleplus,RF,fgac,fgac,1,1.0,0.2,0.833333,0.708333,0,0,5000.0,0.0,0.0,0.0,1
pairs_instagram_googleplus,RF,anomosity,anomosity,1,1.0,1.0,0.470588,0.64,0,0,5000.0,0.0,0.0,0.0,1
pairs_instagram_googleplus,RF,markbarner,markbarner,1,1.0,0.888889,0.7,0.642857,0,0,5000.0,0.0,0.0,0.0,1
pairs_instagram_googleplus,RF,fullo,fullo,1,1.0,1.0,1.0,1.0,0,0,5000.0,0.0,0.0,0.0,1
pairs_instagram_googleplus,RF,marquesstewart,marquesstewart,1,1.0,0.0,1.0,0.583333,0,0,5000.0,0.0,0.0,0.0,1
pairs_instagram_googleplus,RF,sergiovenuto,sergiovenuto,1,1.0,1.0,1.0,1.0,0,0,5000.0,0.0,0.0,0.0,1
pairs_instagram_googleplus,RF,laliam,laliam,1,1.0,1.0,1.0,1.0,0,0,5000.0,0.0,0.0,0.0,1
pairs_instagram_googleplus,RF,sergioredondo,sergioredondo,1,1.0,0.769231,1.0,0.8125,0,0,5000.0,0.0,0.0,0.0,1
pairs_instagram_googleplus,RF,kosodesign,kosodesign,1,1.0,0.0,1.0,0.62069,0,0,5000.0,0.0,0.0,0.0,1
pairs_instagram_googleplus,RF,cancunstudios,lekstudios,0,0.966667,0.4,0.038462,0.258065,0,0,5000.0,0.0,0.0,0.0,0
pairs_instagram_googleplus,RF,calebkinchlow,calebkinchlow,1,1.0,1.0,1.0,1.0,0,0,5000.0,0.0,0.0,0.0,1
pairs_instagram_googleplus,RF,ferranbrooks,ferranbrooks,1,1.0,1.0,1.0,1.0,0,0,5000.0,0.0,0.0,0.0,1
pairs_instagram_googleplus,RF,cdnstevequinn,cdnstevequinn,1,1.0,1.0,1.0,1.0,0,0,5000.0,0.0,0.0,0.0,1
pairs_instagram_googleplus,RF,hippik,hippik,1,1.0,0.0,0.65,0.869565,0,0,5000.0,0.0,0.0,0.0,1
pairs_instagram_googleplus,RF,georgedearing,georgedearing,1,1.0,1.0,1.0,1.0,0,0,5000.0,0.0,0.0,0.0,1
pairs_instagram_googleplus,RF,ericwheeler,ericwheeler,1,1.0,0.727273,0.833333,0.705882,0,0,5000.0,0.0,0.0,0.0,1
pairs_instagram_googleplus,RF,oiradario,mariolozada,0,0.976667,0.384615,0.357143,0.333333,0,0,5000.0,0.0,0.0,0.0,1
pairs_instagram_googleplus,RF,falkschmidt,falkschmidt,1,1.0,1.0,1.0,1.0,0,0,5000.0,0.0,0.0,0.0,1
pairs_instagram_googleplus,RF,noahwieder,dopie,0,0.903333,0.333333,0.272727,0.375,0,0,5000.0,0.0,0.0,0.0,1
pairs_instagram_googleplus,RF,minkrott,minkrott,1,1.0,0.75,1.0,0.8125,0,0,5000.0,0.0,0.0,0.0,1
pairs_instagram_googleplus,RF,lunaaskar,lunaaskar,1,1.0,1.0,1.0,1.0,0,0,5000.0,0.0,0.0,0.0,1
pairs_instagram_googleplus,RF,mattlevinson,mattlevinson,1,1.0,0.625,0.6875,0.619048,0,0,5000.0,0.0,0.0,0.0,1
pairs_instagram_googleplus,RF,vubui,vubui,1,1.0,1.0,1.0,1.0,0,0,5000.0,0.0,0.0,0.0,1
pairs_instagram_googleplus,RF,deborahpagliuca,deborahpagliuca,1,1.0,0.0,1.0,0.62963,0,0,5000.0,0.0,0.0,0.0,1
pairs_instagram_googleplus,RF,maxfabrizi,maxfabrizi,1,1.0,0.45,0.826087,0.958333,0,0,5000.0,0.0,0.0,0.0,1
pairs_instagram_googleplus,RF,erikaperugachi,erikaperugachi,1,1.0,1.0,1.0,1.0,0,0,5000.0,0.0,0.0,0.0,1
pairs_instagram_googleplus,RF,rileyb,rileyb,1,1.0,0.727273,1.0,0.8,0,0,5000.0,0.0,0.0,0.0,1
pairs_instagram_googleplus,RF,germanogurgel,germanogurgel,1,1.0,1.0,0.461538,0.933333,0,0,5000.0,0.0,0.0,0.0,1
pairs_instagram_googleplus,RF,anibalgoransky,anibalgoransky,1,1.0,0.041667,1.0,0.482759,0,0,5000.0,0.0,0.0,0.0,1
pairs_instagram_googleplus,RF,parisprimeau,parisprimeau,1,1.0,1.0,1.0,1.0,0,0,5000.0,0.0,0.0,0.0,1
pairs_instagram_googleplus,RF,mindanaoan,mindanaoan,1,1.0,0.615385,0.722222,0.714286,0,0,5000.0,0.0,0.0,0.0,1
pairs_instagram_googleplus,RF,charismatikasd,charismatikasd,1,1.0,0.545455,1.0,0.857143,0,0,5000.0,0.0,0.0,0.0,1
pairs_instagram_googleplus,RF,johnmichaelvasquez,jinnykoh,0,0.83,0.1875,0.176471,0.190476,0,0,5000.0,0.0,0.0,0.0,1
pairs_instagram_googleplus,RF,feixiao,feixiao,1,1.0,1.0,1.0,1.0,0,0,5000.0,0.0,0.0,0.0,1
pairs_instagram_googleplus,RF,jakenelko,jakenelko,1,1.0,0.2,1.0,0.526316,0,0,5000.0,0.0,0.0,0.0,1
pairs_instagram_googleplus,RF,fbadenes,fbadenes,1,1.0,0.052632,0.578947,0.444444,0,0,5000.0,0.0,0.0,0.0,1
pairs_instagram_googleplus,RF,focusedtiff,focusedtiff,1,1.0,1.0,0.0,0.34375,0,0,5000.0,0.0,0.0,0.0,1
pairs_instagram_googleplus,RF,joseparis,joseparis,1,1.0,0.4,1.0,0.846154,0,0,5000.0,0.0,0.0,0.0,1
pairs_instagram_googleplus,RF,richstaples,richstaples,1,1.0,1.0,1.0,1.0,0,0,5000.0,0.0,0.0,0.0,1
pairs_instagram_googleplus,RF,gesteves,gesteves,1,1.0,0.333333,1.0,0.894737,0,0,5000.0,0.0,0.0,0.0,1
pairs_instagram_googleplus,RF,mensan98th,lawrencegs,0,0.946778,0.2,0.0,0.166667,0,0,5000.0,0.0,0.0,0.0,0
pairs_instagram_googleplus,RF,thefergie,thefergie,1,1.0,0.368421,0.631579,0.72,0,0,5000.0,0.0,0.0,0.0,1
pairs_instagram_googleplus,RF,greghauenstein,greghauenstein,1,1.0,0.705882,1.0,0.761905,0,0,5000.0,0.0,0.0,0.0,1
pairs_instagram_googleplus,RF,cherieannturpin,cherieannturpin,1,1.0,0.357143,1.0,0.809524,0,0,5000.0,0.0,0.0,0.0,1
pairs_instagram_googleplus,RF,tarikraiss,tarikraiss,1,1.0,0.727273,1.0,0.8,0,0,5000.0,0.0,0.0,0.0,1
pairs_instagram_googleplus,RF,poetinthepantry,poetinthepantry,1,1.0,0.0,1.0,0.448276,0,0,5000.0,0.0,0.0,0.0,1
pairs_instagram_googleplus,RF,randallcurtis,randallcurtis,1,1.0,0.277778,1.0,0.608696,0,0,5000.0,0.0,0.0,0.0,1
pairs_instagram_googleplus,RF,ngiraldo,ngiraldo,1,1.0,0.866667,0.428571,0.7,0,0,5000.0,0.0,0.0,0.0,1
pairs_instagram_googleplus,RF,katherinebartlett,katherinebartlett,1,1.0,0.24,1.0,0.862069,0,0,5000.0,0.0,0.0,0.0,1
pairs_instagram_googleplus,RF,technonizm,technonizm,1,0.936667,0.0,0.333333,0.4,0,0,5000.0,0.0,0.0,0.0,1
pairs_instagram_googleplus,RF,catherinegreen,jimbgreen,0,1.0,0.333333,0.416667,0.333333,0,0,5000.0,0.0,0.0,0.0,1
pairs_instagram_googleplus,RF,davidbustamantetoledo,davidbustamantetoledo,1,1.0,0.0,1.0,0.766667,0,0,5000.0,0.0,0.0,0.0,1
pairs_instagram_googleplus,RF,juanmamiguens,juanmamiguens,1,1.0,0.52381,0.681818,0.851852,0,0,5000.0,0.0,0.0,0.0,1
pairs_instagram_googleplus,RF,wouterdeheij,wouterdeheij,1,1.0,1.0,1.0,1.0,0,0,5000.0,0.0,0.0,0.0,1
pairs_instagram_googleplus,RF,harshankola,harshankola,1,1.0,0.9,1.0,1.0,0,0,5000.0,0.0,0.0,0.0,1
pairs_instagram_googleplus,RF,xines,vineetverma,0,0.904556,0.222222,0.0,0.181818,0,0,5000.0,0.0,0.0,0.0,1
pairs_instagram_googleplus,RF,bradfriedman,bradfriedman,1,1.0,1.0,1.0,1.0,0,0,5000.0,0.0,0.0,0.0,1
pairs_instagram_googleplus,RF,gnowynnad,gnowynnad,1,1.0,0.066667,1.0,0.5,0,0,5000.0,0.0,0.0,0.0,1
pairs_instagram_googleplus,RF,authenticseacoast,authenticseacoast,1,1.0,1.0,1.0,1.0,0,0,5000.0,0.0,0.0,0.0,1
pairs_instagram_googleplus,RF,dmisto,dmisto,1,1.0,1.0,0.444444,0.517241,0,0,5000.0,0.0,0.0,0.0,1
pairs_instagram_googleplus,RF,tinoxiii,tinoxiii,1,1.0,0.166667,0.842105,0.68,0,0,5000.0,0.0,0.0,0.0,1
pairs_instagram_googleplus,RF,candyspendervanrood,candyspendervanrood,1,0.996667,0.5,0.45,0.4,0,0,5000.0,0.0,0.0,0.0,1
pairs_instagram_googleplus,RF,janetholthilton,mrjoemontoya,0,0.94,0.142857,0.357143,0.3,0,0,5000.0,0.0,0.0,0.0,1
pairs_instagram_googleplus,RF,rachelhermosura,rachelhermosura,1,1.0,0.166667,1.0,0.608696,0,0,5000.0,0.0,0.0,0.0,1
pairs_instagram_googleplus,RF,arndal,arndal,1,1.0,0.263158,1.0,0.88,0,0,5000.0,0.0,0.0,0.0,1
pairs_instagram_googleplus,RF,alessandrodilella,alessandrodilella,1,1.0,0.375,0.73913,0.740741,0,0,5000.0,0.0,0.0,0.0,1
pairs_instagram_googleplus,RF,djjy,tcmanila,0,0.653333,0.0,0.0,0.142857,0,0,5000.0,0.0,0.0,0.0,0
pairs_instagram_googleplus,RF,klassy,francohcabrera,0,1.0,0.0,0.611111,0.413793,0,0,5000.0,0.0,0.0,0.0,1
pairs_instagram_googleplus,RF,dpencilpusher,dpencilpusher,1,1.0,0.0,1.0,0.423077,0,0,5000.0,0.0,0.0,0.0,1
pairs_instagram_googleplus,RF,jennlevine,jennlevine,1,1.0,0.571429,1.0,0.888889,0,0,5000.0,0.0,0.0,0.0,1
pairs_instagram_googleplus,RF,omerabdellatif,jabellag,0,0.97,0.333333,0.368421,0.333333,0,0,5000.0,0.0,0.0,0.0,1
pairs_instagram_googleplus,RF,mauraneill,mauraneill,1,1.0,1.0,1.0,1.0,0,0,5000.0,0.0,0.0,0.0,1
pairs_instagram_googleplus,RF,brunoassis,brunoassis,1,1.0,0.818182,1.0,0.75,0,0,5000.0,0.0,0.0,0.0,1
pairs_instagram_googleplus,RF,knerq,nzeckner,0,1.0,0.230769,0.428571,0.526316,0,0,5000.0,0.0,0.0,0.0,1
pairs_instagram_googleplus,RF,jakefaulkner,jakefaulkner,1,1.0,0.538462,1.0,0.823529,0,0,5000.0,0.0,0.0,0.0,1
pairs_instagram_googleplus,RF,lablondeblafarde,dianagonzalezgonzalez,0,0.996667,0.0625,0.473684,0.37037,0,0,5000.0,0.0,0.0,0.0,1
pairs_instagram_googleplus,RF,timbr,timbr,1,1.0,1.0,1.0,1.0,0,0,5000.0,0.0,0.0,0.0,1
pairs_instagram_googleplus,RF,chrisgoulet,chrisgoulet,1,1.0,1.0,0.75,0.857143,0,0,5000.0,0.0,0.0,0.0,1
pairs_instagram_googleplus,RF,bordzgor,bordzgor,1,1.0,1.0,0.521739,0.64,0,0,5000.0,0.0,0.0,0.0,1
pairs_instagram_googleplus,RF,markrbuckley,markrbuckley,1,1.0,0.0,1.0,0.387097,0,0,5000.0,0.0,0.0,0.0,1
pairs_instagram_googleplus,RF,nabeelalwazzan,nabeelalwazzan,1,1.0,0.125,0.875,0.483871,0,0,5000.0,0.0,0.0,0.0,1
pairs_instagram_googleplus,RF,mickou,mickou,1,1.0,0.1875,0.823529,0.652174,0,0,5000.0,0.0,0.0,0.0,1
pairs_instagram_googleplus,RF,webgrrl,webgrrl,1,1.0,0.375,1.0,0.75,0,0,5000.0,0.0,0.0,0.0,1
pairs_instagram_googleplus,RF,gkampolis,gkampolis,1,1.0,0.538462,1.0,0.882353,0,0,5000.0,0.0,0.0,0.0,1
pairs_instagram_googleplus,RF,injction,injction,1,1.0,0.0,0.857143,0.59375,0,0,5000.0,0.0,0.0,0.0,1
pairs_instagram_googleplus,RF,amarocreative,amarocreative,1,1.0,0.2,1.0,0.583333,0,0,5000.0,0.0,0.0,0.0,1
pairs_instagram_googleplus,RF,gagis,gagis,1,1.0,0.166667,1.0,0.72,0,0,5000.0,0.0,0.0,0.0,1
pairs_instagram_googleplus,RF,emaforo,emaforo,1,1.0,0.117647,1.0,0.714286,0,0,5000.0,0.0,0.0,0.0,1
pairs_instagram_googleplus,RF,craigweich,craigweich,1,1.0,1.0,1.0,1.0,0,0,5000.0,0.0,0.0,0.0,1
pairs_instagram_googleplus,RF,kazu721010,daveallen,0,0.470403,0.037037,0.0,0.1,0,0,5000.0,0.0,0.0,0.0,0
pairs_instagram_googleplus,RF,mofeedbhr,mofeedbhr,1,1.0,0.375,1.0,0.761905,0,0,5000.0,0.0,0.0,0.0,1
pairs_instagram_googleplus,RF,imregmeligmeijling,imregmeligmeijling,1,1.0,0.642857,1.0,1.0,0,0,5000.0,0.0,0.0,0.0,1
pairs_instagram_googleplus,RF,danaron,rodmeier,0,1.0,0.363636,0.0625,0.285714,0,0,5000.0,0.0,0.0,0.0,1
pairs_instagram_googleplus,RF,metawops,stefandan,0,0.996667,0.0,0.625,0.333333,0,0,5000.0,0.0,0.0,0.0,1
pairs_instagram_googleplus,RF,schwegler,schwegler,1,1.0,0.533333,0.0,0.434783,0,0,5000.0,0.0,0.0,0.0,1
pairs_instagram_googleplus,RF,reneritchie,reneritchie,1,1.0,1.0,1.0,1.0,0,0,5000.0,0.0,0.0,0.0,1
pairs_instagram_googleplus,RF,jwike,jwike,1,1.0,1.0,1.0,1.0,0,0,5000.0,0.0,0.0,0.0,1
pairs_instagram_googleplus,RF,rmathieson,rmathieson,1,1.0,0.615385,1.0,0.882353,0,0,5000.0,0.0,0.0,0.0,1
pairs_instagram_googleplus,RF,tomepejoski,tomepejoski,1,1.0,0.7,1.0,0.866667,0,0,5000.0,0.0,0.0,0.0,1
pairs_instagram_googleplus,RF,sarataricani,sarataricani,1,1.0,1.0,1.0,1.0,0,0,5000.0,0.0,0.0,0.0,1
pairs_instagram_googleplus,RF,vystrcil,vystrcil,1,1.0,0.583333,1.0,0.9375,0,0,5000.0,0.0,0.0,0.0,1
pairs_instagram_googleplus,RF,nicolashayek,nicolashayek,1,1.0,0.466667,0.833333,0.857143,0,0,5000.0,0.0,0.0,0.0,1
pairs_instagram_googleplus,RF,roncaglia,roncaglia,1,1.0,1.0,1.0,1.0,0,0,5000.0,0.0,0.0,0.0,1
pairs_instagram_googleplus,RF,kadiprescott,kadiprescott,1,1.0,1.0,1.0,1.0,0,0,5000.0,0.0,0.0,0.0,1
pairs_instagram_googleplus,RF,fggutierrez,fggutierrez,1,1.0,0.333333,0.88,0.774194,0,0,5000.0,0.0,0.0,0.0,1
pairs_instagram_googleplus,RF,macnolo,macnolo,1,1.0,0.6,0.454545,0.5,0,0,5000.0,0.0,0.0,0.0,1
pairs_instagram_googleplus,RF,indumental,indumental,1,1.0,0.818182,0.0,0.6,0,0,5000.0,0.0,0.0,0.0,1
pairs_instagram_googleplus,RF,kayleighblanchette,kayleighblanchette,1,1.0,0.333333,0.607143,0.485714,0,0,5000.0,0.0,0.0,0.0,1
pairs_instagram_googleplus,RF,gabbycorsalas,gabbycorsalas,1,0.99,0.380952,0.1,0.37037,0,0,5000.0,0.0,0.0,0.0,1
pairs_instagram_googleplus,RF,leelyning,leelyning,1,1.0,0.777778,1.0,0.785714,0,0,5000.0,0.0,0.0,0.0,1
pairs_instagram_googleplus,RF,jmurphpix,jmurphpix,1,1.0,1.0,1.0,1.0,0,0,5000.0,0.0,0.0,0.0,1
pairs_instagram_googleplus,RF,kvs,kvs,1,1.0,0.15,1.0,0.666667,0,0,5000.0,0.0,0.0,0.0,1
pairs_instagram_googleplus,RF,fenotavel,fenotavel,1,1.0,0.346154,1.0,0.9,0,0,5000.0,0.0,0.0,0.0,1
pairs_instagram_googleplus,RF,stephenwells,stephenwells,1,1.0,0.0,1.0,0.590909,0,0,5000.0,0.0,0.0,0.0,1
pairs_instagram_googleplus,RF,andrewjamesmorgan,andrewjamesmorgan,1,1.0,0.769231,1.0,0.722222,0,0,5000.0,0.0,0.0,0.0,1
pairs_instagram_googleplus,RF,garethevans,jogarrett,0,0.996667,0.363636,0.0,0.266667,0,0,5000.0,0.0,0.0,0.0,1
pairs_instagram_googleplus,RF,jkdesignarts,jkdesignarts,1,1.0,1.0,1.0,1.0,0,0,5000.0,0.0,0.0,0.0,1
pairs_instagram_googleplus,RF,atlcomputerdude,atlcomputerdude,1,1.0,0.047619,0.454545,0.441176,0,0,5000.0,0.0,0.0,0.0,1
pairs_instagram_googleplus,RF,tanguymignot,tanguymignot,1,1.0,1.0,1.0,1.0,0,0,5000.0,0.0,0.0,0.0,1
pairs_instagram_googleplus,RF,elizabethpro,elizabethpro,1,1.0,0.32,1.0,0.566667,0,0,5000.0,0.0,0.0,0.0,1
pairs_instagram_googleplus,RF,hamassyujaiy,hamassyujaiy,1,1.0,0.75,1.0,0.95,0,0,5000.0,0.0,0.0,0.0,1
pairs_instagram_googleplus,RF,multiservice5d,verygoodservice,0,0.676667,0.3,0.26087,0.285714,0,0,5000.0,0.0,0.0,0.0,0
pairs_instagram_googleplus,RF,danielmarins,rodmeier,0,1.0,0.5,0.111111,0.3125,0,0,5000.0,0.0,0.0,0.0,1
pairs_instagram_googleplus,RF,joelynndesign,joelynndesign,1,1.0,0.625,0.0,0.375,0,0,5000.0,0.0,0.0,0.0,1
pairs_instagram_googleplus,RF,socialsoundsystem,josesitu,0,0.97,0.0,0.583333,0.2,0,0,5000.0,0.0,0.0,0.0,1
pairs_instagram_googleplus,RF,laurengarland,laurengarland,1,1.0,0.461538,0.416667,0.611111,0,0,5000.0,0.0,0.0,0.0,1
pairs_instagram_googleplus,RF,hunterleesoik,hunterleesoik,1,1.0,0.923077,1.0,0.85,0,0,5000.0,0.0,0.0,0.0,1
pairs_instagram_googleplus,RF,tonick,nickstone,0,1.0,0.625,0.222222,0.583333,0,0,5000.0,0.0,0.0,0.0,1
pairs_instagram_googleplus,RF,dcsmall,dcsmall,1,1.0,0.461538,0.076923,0.368421,0,0,5000.0,0.0,0.0,0.0,1
pairs_instagram_googleplus,RF,ijstokes,prestonpardy,0,0.946778,0.2,0.0,0.166667,0,0,5000.0,0.0,0.0,0.0,1
pairs_instagram_googleplus,RF,juninbsk,juninbsk,1,1.0,1.0,0.5,0.818182,0,0,5000.0,0.0,0.0,0.0,1
pairs_instagram_googleplus,RF,luisete,luisete,1,1.0,0.473684,0.785714,0.461538,0,0,5000.0,0.0,0.0,0.0,1
pairs_instagram_googleplus,RF,zjonquil,zjonquil,1,1.0,0.0,1.0,0.608696,0,0,5000.0,0.0,0.0,0.0,1
pairs_instagram_googleplus,RF,giozi,giozi,1,1.0,0.1875,1.0,0.7,0,0,5000.0,0.0,0.0,0.0,1
pairs_instagram_googleplus,RF,scottpatrick,waynejagoe,0,0.946778,0.2,0.0,0.166667,0,0,5000.0,0.0,0.0,0.0,0
pairs_instagram_googleplus,RF,jakup,jamesbaker,0,0.85,0.153846,0.0,0.117647,0,0,5000.0,0.0,0.0,0.0,1
pairs_instagram_googleplus,RF,mikeyil,mikemagan,0,0.996667,0.2,0.428571,0.380952,0,0,5000.0,0.0,0.0,0.0,1
pairs_instagram_googleplus,RF,tracy0h,tracytran,0,1.0,0.5,0.571429,0.416667,0,0,5000.0,0.0,0.0,0.0,1
pairs_instagram_googleplus,RF,ishamazad,ishamazad,1,1.0,0.888889,0.6,0.666667,0,0,5000.0,0.0,0.0,0.0,1
pairs_instagram_googleplus,RF,schiavini,schiavini,1,1.0,0.0,1.0,0.586207,0,0,5000.0,0.0,0.0,0.0,1
pairs_instagram_googleplus,RF,aunurrofik,aunurrofik,1,1.0,0.461538,0.5,0.823529,0,0,5000.0,0.0,0.0,0.0,1
pairs_instagram_googleplus,RF,douglaine,douglaine,1,1.0,1.0,1.0,1.0,0,0,5000.0,0.0,0.0,0.0,1
pairs_instagram_googleplus,RF,davidpillen,davidpillen,1,1.0,1.0,1.0,1.0,0,0,5000.0,0.0,0.0,0.0,1
pairs_instagram_googleplus,RF,colleenbohensky,colleenbohensky,1,0.99,0.0,0.428571,0.25,0,0,5000.0,0.0,0.0,0.0,1
pairs_instagram_googleplus,RF,lisafarquharson,lisafarquharson,1,1.0,0.692308,0.0,0.416667,0,0,5000.0,0.0,0.0,0.0,1
pairs_instagram_googleplus,RF,apalaciosm,apalaciosm,1,1.0,0.142857,0.923077,0.65,0,0,5000.0,0.0,0.0,0.0,1
pairs_instagram_googleplus,RF,mpritchard,mpritchard,1,1.0,0.666667,1.0,0.894737,0,0,5000.0,0.0,0.0,0.0,1
pairs_instagram_googleplus,RF,nikishinpro,nikishinpro,1,1.0,0.4375,1.0,0.714286,0,0,5000.0,0.0,0.0,0.0,1
pairs_instagram_googleplus,RF,juanbelmonte,juanbenitez,0,1.0,0.176471,0.571429,0.409091,0,0,5000.0,0.0,0.0,0.0,1
pairs_instagram_googleplus,RF,robinfay,robinfay,1,1.0,0.619048,0.173913,0.703704,0,0,5000.0,0.0,0.0,0.0,1
pairs_instagram_googleplus,RF,danieledler,danieledler,1,1.0,0.6,1.0,0.928571,0,0,5000.0,0.0,0.0,0.0,1
pairs_instagram_googleplus,RF,christaevonne,christinema,0,1.0,0.454545,0.333333,0.4,0,0,5000.0,0.0,0.0,0.0,1
pairs_instagram_googleplus,RF,loig,loig,1,1.0,0.727273,1.0,0.8,0,0,5000.0,0.0,0.0,0.0,1
pairs_instagram_googleplus,RF,ramoss,ramoss,1,1.0,0.363636,0.6875,0.7,0,0,5000.0,0.0,0.0,0.0,1
pairs_instagram_googleplus,RF,tongjie,tongjie,1,1.0,0.5,0.0,0.368421,0,0,5000.0,0.0,0.0,0.0,1
pairs_instagram_googleplus,RF,vicaso,vicaso,1,1.0,0.071429,0.8,0.565217,0,0,5000.0,0.0,0.0,0.0,1
pairs_instagram_googleplus,RF,joshin,joshhighland,0,1.0,0.461538,0.4,0.421053,0,0,5000.0,0.0,0.0,0.0,1
pairs_instagram_googleplus,RF,hjaviercs,javidayz,0,0.996667,0.230769,0.461538,0.3,0,0,5000.0,0.0,0.0,0.0,1
pairs_instagram_googleplus,RF,meaganwarncke,meaganwarncke,1,1.0,0.045455,1.0,0.518519,0,0,5000.0,0.0,0.0,0.0,1
pairs_instagram_googleplus,RF,melanieburger,melanieburger,1,1.0,0.571429,1.0,0.576923,0,0,5000.0,0.0,0.0,0.0,1
pairs_instagram_googleplus,RF,egyuno,egyuno,1,1.0,1.0,0.0,0.666667,0,0,5000.0,0.0,0.0,0.0,1
pairs_instagram_googleplus,RF,florentlesauvage,florentlesauvage,1,1.0,0.0,1.0,0.68,0,0,5000.0,0.0,0.0,0.0,1
pairs_instagram_googleplus,RF,juliemaure,julieoli,0,1.0,0.5,0.0,0.333333,0,0,5000.0,0.0,0.0,0.0,1
pairs_instagram_googleplus,RF,otir,debking,0,0.872222,0.214286,0.0,0.181818,0,0,5000.0,0.0,0.0,0.0,0
pairs_instagram_googleplus,RF,peterparker513,peterparker513,1,1.0,1.0,0.555556,0.736842,0,0,5000.0,0.0,0.0,0.0,1
pairs_instagram_googleplus,RF,gaylejoseph,gaylejoseph,1,1.0,1.0,1.0,1.0,0,0,5000.0,0.0,0.0,0.0,1
pairs_instagram_googleplus,RF,giuditta,giuditta,1,1.0,0.571429,0.0,0.444444,0,0,5000.0,0.0,0.0,0.0,1
pairs_instagram_googleplus,RF,aritulla,djthedoctor,0,0.853333,0.357143,0.333333,0.315789,0,0,5000.0,0.0,0.0,0.0,0
pairs_instagram_googleplus,RF,nolanpetersen,nolanpetersen,1,1.0,0.2,1.0,0.482759,0,0,5000.0,0.0,0.0,0.0,1
pairs_instagram_googleplus,RF,transportgooru,transportgooru,1,1.0,0.043478,1.0,0.518519,0,0,5000.0,0.0,0.0,0.0,1
pairs_instagram_googleplus,RF,hanspetermeyer,hanspetermeyer,1,1.0,1.0,0.823529,1.0,0,0,5000.0,0.0,0.0,0.0,1
pairs_instagram_googleplus,RF,meshell,shellymeyer,0,0.98,0.0,0.416667,0.212121,0,0,5000.0,0.0,0.0,0.0,1
pairs_instagram_googleplus,RF,chriscree,chriscree,1,1.0,1.0,1.0,1.0,0,0,5000.0,0.0,0.0,0.0,1
pairs_instagram_googleplus,RF,pesaldias,pesaldias,1,1.0,0.666667,0.7,0.666667,0,0,5000.0,0.0,0.0,0.0,1
pairs_instagram_googleplus,RF,ihanna,jonashalmstad,0,1.0,0.2,0.625,0.571429,0,0,5000.0,0.0,0.0,0.0,1
pairs_instagram_googleplus,RF,michaelbrandvold,michaelbrandvold,1,1.0,0.352941,1.0,0.772727,0,0,5000.0,0.0,0.0,0.0,1
pairs_instagram_googleplus,RF,elisapicchiotti,elisapicchiotti,1,1.0,0.0,1.0,0.592593,0,0,5000.0,0.0,0.0,0.0,1
pairs_instagram_googleplus,RF,georgegardelinos,georgegardelinos,1,1.0,0.5,1.0,0.888889,0,0,5000.0,0.0,0.0,0.0,1
pairs_instagram_googleplus,RF,jagomez,bradhuss,0,0.673333,0.0,0.111111,0.08,0,0,5000.0,0.0,0.0,0.0,0
pairs_instagram_googleplus,RF,normiesd,normiesd,1,0.986667,0.461538,0.133333,0.35,0,0,5000.0,0.0,0.0,0.0,1
pairs_instagram_googleplus,RF,nrgiga,nrgiga,1,1.0,0.277778,1.0,0.909091,0,0,5000.0,0.0,0.0,0.0,1
pairs_instagram_googleplus,RF,belikesean,belikesean,1,1.0,1.0,1.0,1.0,0,0,5000.0,0.0,0.0,0.0,1
pairs_instagram_googleplus,RF,iamangelique,iamangelique,1,1.0,0.214286,1.0,0.888889,0,0,5000.0,0.0,0.0,0.0,1
pairs_instagram_googleplus,RF,romullopontes,romullopontes,1,1.0,1.0,1.0,1.0,0,0,5000.0,0.0,0.0,0.0,1
pairs_instagram_googleplus,RF,varunpramanik,varunpramanik,1,1.0,1.0,1.0,1.0,0,0,5000.0,0.0,0.0,0.0,1
pairs_instagram_googleplus,RF,michelevangelista,michelevangelista,1,1.0,0.5,1.0,0.857143,0,0,5000.0,0.0,0.0,0.0,1
pairs_instagram_googleplus,RF,heyitsvo,heyitsvo,1,1.0,0.777778,0.125,0.5,0,0,5000.0,0.0,0.0,0.0,1
pairs_instagram_googleplus,RF,luisfernandez,luisfernandez,1,1.0,0.789474,0.869565,0.928571,0,0,5000.0,0.0,0.0,0.0,1
pairs_instagram_googleplus,RF,willytai9,willytai9,1,1.0,0.086957,1.0,0.566667,0,0,5000.0,0.0,0.0,0.0,1
pairs_instagram_googleplus,RF,burovayulia,allisondiaz,0,0.628611,0.266667,0.0,0.117647,0,0,5000.0,0.0,0.0,0.0,0
pairs_instagram_googleplus,RF,jamideleon,jamideleon,1,1.0,0.294118,0.8,0.875,0,0,5000.0,0.0,0.0,0.0,1
pairs_instagram_googleplus,RF,safaripoet,safaripoet,1,0.886667,0.230769,0.227273,0.3,0,0,5000.0,0.0,0.0,0.0,1
pairs_instagram_googleplus,RF,luckybag,luckybag,1,1.0,0.0,1.0,0.636364,0,0,5000.0,0.0,0.0,0.0,1
pairs_instagram_googleplus,RF,carmenmg5,carmenmg5,1,1.0,0.611111,0.6,0.652174,0,0,5000.0,0.0,0.0,0.0,1
pairs_instagram_googleplus,RF,ricardoosornofallas,ricardoosornofallas,1,1.0,0.217391,1.0,0.714286,0,0,5000.0,0.0,0.0,0.0,1
pairs_instagram_googleplus,RF,adamcarlson,adamcarlson,1,1.0,0.0,1.0,0.6,0,0,5000.0,0.0,0.0,0.0,1
pairs_instagram_googleplus,RF,patrizio,patrizio,1,1.0,1.0,1.0,1.0,0,0,5000.0,0.0,0.0,0.0,1
pairs_instagram_googleplus,RF,seanness,seanness,1,1.0,1.0,1.0,1.0,0,0,5000.0,0.0,0.0,0.0,1
pairs_instagram_googleplus,RF,stephanebmeyer,stephanebmeyer,1,1.0,0.047619,1.0,0.64,0,0,5000.0,0.0,0.0,0.0,1
pairs_instagram_googleplus,RF,lucasmaiacom,lucasmaiacom,1,1.0,0.571429,1.0,0.578947,0,0,5000.0,0.0,0.0,0.0,1
pairs_instagram_googleplus,RF,mirvana,mirvana,1,1.0,0.2,1.0,0.6,0,0,5000.0,0.0,0.0,0.0,1
pairs_instagram_googleplus,RF,gabrielbarrera,gabrielbarrera,1,1.0,1.0,0.428571,0.882353,0,0,5000.0,0.0,0.0,0.0,1
pairs_instagram_googleplus,RF,uptimist,uptimist,1,1.0,0.538462,0.473684,0.4,0,0,5000.0,0.0,0.0,0.0,1
pairs_instagram_googleplus,RF,pierretran,pierretran,1,1.0,1.0,1.0,1.0,0,0,5000.0,0.0,0.0,0.0,1
pairs_instagram_googleplus,RF,ahmed,ahmed,1,1.0,1.0,1.0,1.0,0,0,5000.0,0.0,0.0,0.0,1
pairs_instagram_googleplus,RF,travelandbeyond,travelandbeyond,1,1.0,0.0,0.578947,0.363636,0,0,5000.0,0.0,0.0,0.0,1
pairs_instagram_googleplus,RF,navodarszkygeorgeta,navodarszkygeorgeta,1,1.0,0.333333,1.0,0.826087,0,0,5000.0,0.0,0.0,0.0,1
pairs_instagram_googleplus,RF,melteruz,melteruz,1,1.0,0.0,1.0,0.642857,0,0,5000.0,0.0,0.0,0.0,1
pairs_instagram_googleplus,RF,samhoover,samhoover,1,1.0,0.636364,1.0,0.625,0,0,5000.0,0.0,0.0,0.0,1
pairs_instagram_googleplus,RF,akirauchimura,akirauchimura,1,1.0,0.416667,1.0,0.875,0,0,5000.0,0.0,0.0,0.0,1
pairs_instagram_googleplus,RF,angelbravo,angelbravo,1,1.0,0.5,0.666667,0.8,0,0,5000.0,0.0,0.0,0.0,1
pairs_instagram_googleplus,RF,rcsmit,rcsmit,1,1.0,0.333333,1.0,0.769231,0,0,5000.0,0.0,0.0,0.0,1
pairs_instagram_googleplus,RF,pennycheng,craigperkins,0,0.72,0.185185,0.25,0.307692,0,0,5000.0,0.0,0.0,0.0,1
pairs_instagram_googleplus,RF,espelina,bettyesperanza,0,1.0,0.176471,0.571429,0.47619,0,0,5000.0,0.0,0.0,0.0,1
pairs_instagram_googleplus,RF,johnnio,johnnio,1,1.0,0.285714,0.857143,0.619048,0,0,5000.0,0.0,0.0,0.0,1
pairs_instagram_googleplus,RF,looiss,looiss,1,1.0,1.0,0.6875,0.764706,0,0,5000.0,0.0,0.0,0.0,1
pairs_instagram_googleplus,RF,marioalvarezch,marioalvarezch,1,1.0,1.0,0.7,0.76,0,0,5000.0,0.0,0.0,0.0,1
pairs_instagram_googleplus,RF,leandrolobosco,leandrolobosco,1,1.0,0.294118,1.0,0.7,0,0,5000.0,0.0,0.0,0.0,1
pairs_instagram_googleplus,RF,jletti,jletti,1,1.0,0.333333,1.0,0.875,0,0,5000.0,0.0,0.0,0.0,1
pairs_instagram_googleplus,RF,adamsarwar,adamsarwar,1,1.0,1.0,1.0,1.0,0,0,5000.0,0.0,0.0,0.0,1
pairs_instagram_googleplus,RF,ceslava,ceslava,1,1.0,1.0,0.352941,0.888889,0,0,5000.0,0.0,0.0,0.0,1
pairs_instagram_googleplus,RF,susangoulding,susangoulding,1,1.0,1.0,1.0,1.0,0,0,5000.0,0.0,0.0,0.0,1
pairs_instagram_googleplus,RF,nielspaul,nielspaul,1,1.0,1.0,1.0,1.0,0,0,5000.0,0.0,0.0,0.0,1
pairs_instagram_googleplus,RF,reggiejamz,reggiejamz,1,1.0,0.818182,1.0,0.8,0,0,5000.0,0.0,0.0,0.0,1
pairs_instagram_googleplus,RF,jordibonvehi,jordibonvehi,1,1.0,0.263158,0.611111,0.5,0,0,5000.0,0.0,0.0,0.0,1
pairs_instagram_googleplus,RF,sam1meta,sam1meta,1,1.0,0.105263,0.941176,0.68,0,0,5000.0,0.0,0.0,0.0,1
pairs_instagram_googleplus,RF,goroji,goroji,1,1.0,0.333333,0.6,0.636364,0,0,5000.0,0.0,0.0,0.0,1
pairs_instagram_googleplus,RF,tomparadiso,tomparadiso,1,1.0,1.0,0.5625,0.684211,0,0,5000.0,0.0,0.0,0.0,1
pairs_instagram_googleplus,RF,markbusse,markbusse,1,1.0,1.0,1.0,1.0,0,0,5000.0,0.0,0.0,0.0,1
pairs_instagram_googleplus,RF,sidede,sidede,1,0.813333,0.071429,0.357143,0.217391,0,0,5000.0,0.0,0.0,0.0,1
pairs_instagram_googleplus,RF,jhonathan,jhonathan,1,1.0,0.421053,1.0,0.826087,0,0,5000.0,0.0,0.0,0.0,1
pairs_instagram_googleplus,RF,tiffanyff,tiffanydenise,0,1.0,0.461538,0.0,0.4,0,0,5000.0,0.0,0.0,0.0,1
pairs_instagram_googleplus,RF,betuco,betuco,1,0.966667,1.0,0.090909,0.346154,0,0,5000.0,0.0,0.0,0.0,1
pairs_instagram_googleplus,RF,powerpoole,powerpoole,1,1.0,0.285714,0.714286,0.478261,0,0,5000.0,0.0,0.0,0.0,1
pairs_instagram_googleplus,RF,lucafilippetti,memocervantes,0,0.84,0.227273,0.217391,0.222222,0,0,5000.0,0.0,0.0,0.0,0
pairs_instagram_googleplus,RF,benjaminhowarth,benjaminhowarth,1,1.0,0.933333,1.0,0.85,0,0,5000.0,0.0,0.0,0.0,1
pairs_instagram_googleplus,RF,lkpetrolino,lkpetrolino,1,1.0,0.533333,1.0,0.842105,0,0,5000.0,0.0,0.0,0.0,1
pairs_instagram_googleplus,RF,mathieurensen,mathieurensen,1,1.0,1.0,0.769231,0.866667,0,0,5000.0,0.0,0.0,0.0,1
pairs_instagram_googleplus,RF,rosslarocco,rosslarocco,1,1.0,1.0,0.4,0.5,0,0,5000.0,0.0,0.0,0.0,1
pairs_instagram_googleplus,RF,brianmonroe,brianmonroe,1,1.0,0.5,1.0,0.866667,0,0,5000.0,0.0,0.0,0.0,1
pairs_instagram_googleplus,RF,nicolesy,nicolesy,1,1.0,1.0,1.0,1.0,0,0,5000.0,0.0,0.0,0.0,1
pairs_instagram_googleplus,RF,tracybobbitt,tracybobbitt,1,1.0,0.0,1.0,0.481481,0,0,5000.0,0.0,0.0,0.0,1
pairs_instagram_googleplus,RF,alexandrabigley,alexandrabigley,1,1.0,0.0,1.0,0.555556,0,0,5000.0,0.0,0.0,0.0,1
pairs_instagram_googleplus,RF,toledoscanner,toledoscanner,1,1.0,1.0,1.0,1.0,0,0,5000.0,0.0,0.0,0.0,1
pairs_instagram_googleplus,RF,cezarygapik,cezarygapik,1,1.0,0.818182,1.0,0.8,0,0,5000.0,0.0,0.0,0.0,1
pairs_instagram_googleplus,RF,lolalin,lolalin,1,1.0,0.75,1.0,0.666667,0,0,5000.0,0.0,0.0,0.0,1
pairs_instagram_googleplus,RF,maxuel84,maxuel84,1,1.0,0.038462,0.818182,0.59375,0,0,5000.0,0.0,0.0,0.0,1
pairs_instagram_googleplus,RF,sharronp,sharronp,1,1.0,0.0,0.75,0.444444,0,0,5000.0,0.0,0.0,0.0,1
pairs_instagram_googleplus,RF,gladtrejo,chbrandt,0,0.646667,0.125,0.043478,0.137931,0,0,5000.0,0.0,0.0,0.0,1
pairs_instagram_googleplus,RF,clopin,clopin,1,1.0,0.066667,1.0,0.666667,0,0,5000.0,0.0,0.0,0.0,1
pairs_instagram_googleplus,RF,kevinveloso,kevinveloso,1,1.0,0.181818,1.0,0.8,0,0,5000.0,0.0,0.0,0.0,1
pairs_instagram_googleplus,RF,berriepelser,berriepelser,1,1.0,1.0,1.0,1.0,0,0,5000.0,0.0,0.0,0.0,1
pairs_instagram_googleplus,RF,boffism,boffism,1,0.89,0.272727,0.210526,0.375,0,0,5000.0,0.0,0.0,0.0,1
pairs_instagram_googleplus,RF,shortformelissa,shortformelissa,1,1.0,0.3,1.0,0.625,0,0,5000.0,0.0,0.0,0.0,1
pairs_instagram_googleplus,RF,fottoni,fottoni,1,1.0,0.357143,0.75,0.7,0,0,5000.0,0.0,0.0,0.0,1
pairs_instagram_googleplus,RF,catarinafernandes,catarinafernandes,1,1.0,1.0,0.363636,0.740741,0,0,5000.0,0.0,0.0,0.0,1
pairs_instagram_googleplus,RF,mariuscucuruz,mariuscucuruz,1,1.0,1.0,1.0,1.0,0,0,5000.0,0.0,0.0,0.0,1
pairs_instagram_googleplus,RF,pablomartino,pablomartino,1,1.0,1.0,1.0,1.0,0,0,5000.0,0.0,0.0,0.0,1
pairs_instagram_googleplus,RF,hectorigual,hectorigual,1,1.0,0.444444,0.5,0.5,0,0,5000.0,0.0,0.0,0.0,1
pairs_instagram_googleplus,RF,allruiz,allruiz,1,1.0,0.555556,0.5,0.538462,0,0,5000.0,0.0,0.0,0.0,1
pairs_instagram_googleplus,RF,daniellethe,daniellethe,1,1.0,0.9,0.909091,0.8,0,0,5000.0,0.0,0.0,0.0,1
pairs_instagram_googleplus,RF,gerbenjacobs,gerbenjacobs,1,1.0,1.0,1.0,1.0,0,0,5000.0,0.0,0.0,0.0,1
pairs_instagram_googleplus,RF,ohegarty,ohegarty,1,1.0,0.545455,1.0,0.866667,0,0,5000.0,0.0,0.0,0.0,1
pairs_instagram_googleplus,RF,jayfingers,jayfingers,1,1.0,1.0,1.0,1.0,0,0,5000.0,0.0,0.0,0.0,1
pairs_instagram_googleplus,RF,jcstearns,jcstearns,1,1.0,0.428571,0.714286,0.631579,0,0,5000.0,0.0,0.0,0.0,1
pairs_instagram_googleplus,RF,alrringo,alrringo,1,1.0,0.583333,0.307692,0.8125,0,0,5000.0,0.0,0.0,0.0,1
pairs_instagram_googleplus,RF,haraldkrassnitzer,haraldkrassnitzer,1,1.0,1.0,1.0,1.0,0,0,5000.0,0.0,0.0,0.0,1
pairs_instagram_googleplus,RF,norrishughes,norrishughes,1,1.0,1.0,1.0,1.0,0,0,5000.0,0.0,0.0,0.0,1
pairs_instagram_googleplus,RF,fmrcastro,bkbox,0,0.643333,0.222222,0.0,0.230769,0,0,5000.0,0.0,0.0,0.0,0
pairs_instagram_googleplus,RF,herupurwito,herupurwito,1,1.0,1.0,1.0,1.0,0,0,5000.0,0.0,0.0,0.0,1
pairs_instagram_googleplus,RF,pacmankillers,pacmankillers,1,1.0,0.058824,1.0,0.384615,0,0,5000.0,0.0,0.0,0.0,1
pairs_instagram_googleplus,RF,wgaspar,wgaspar,1,1.0,0.222222,0.631579,0.541667,0,0,5000.0,0.0,0.0,0.0,1
pairs_instagram_googleplus,RF,kristysvihlikova,kristysvihlikova,1,1.0,0.473684,0.52381,0.4,0,0,5000.0,0.0,0.0,0.0,1
pairs_instagram_googleplus,RF,ramizahrahman,ramizahrahman,1,1.0,1.0,1.0,1.0,0,0,5000.0,0.0,0.0,0.0,1
pairs_instagram_googleplus,RF,paulwatson,paulwatson,1,1.0,0.0,1.0,0.55,0,0,5000.0,0.0,0.0,0.0,1
pairs_instagram_googleplus,RF,stephanieu,stephanieu,1,1.0,0.115385,1.0,0.709677,0,0,5000.0,0.0,0.0,0.0,1
pairs_instagram_googleplus,RF,rudestan,rudestan,1,1.0,0.157895,1.0,0.73913,0,0,5000.0,0.0,0.0,0.0,1
pairs_instagram_googleplus,RF,nickesteen,nickesteen,1,1.0,1.0,1.0,1.0,0,0,5000.0,0.0,0.0,0.0,1
pairs_instagram_googleplus,RF,raulf,raulf,1,1.0,0.142857,0.6,0.545455,0,0,5000.0,0.0,0.0,0.0,1
pairs_instagram_googleplus,RF,mariamonegro,mariamonegro,1,1.0,1.0,1.0,1.0,0,0,5000.0,0.0,0.0,0.0,1
pairs_instagram_googleplus,RF,yasai,isaiassharon,0,0.983333,0.347826,0.0,0.258065,0,0,5000.0,0.0,0.0,0.0,1
pairs_instagram_googleplus,RF,inlovewithnow,inlovewithnow,1,1.0,0.0,1.0,0.4,0,0,5000.0,0.0,0.0,0.0,1
pairs_instagram_googleplus,RF,tylerholland,tylerholland,1,1.0,0.636364,0.333333,0.615385,0,0,5000.0,0.0,0.0,0.0,1
pairs_instagram_googleplus,RF,logiops,logiops,1,1.0,0.0,0.833333,0.571429,0,0,5000.0,0.0,0.0,0.0,1
pairs_instagram_googleplus,RF,jackerbie,jackerbie,1,1.0,0.375,1.0,0.85,0,0,5000.0,0.0,0.0,0.0,1
pairs_instagram_googleplus,RF,keithpickett,keithpickett,1,1.0,1.0,1.0,1.0,0,0,5000.0,0.0,0.0,0.0,1
pairs_instagram_googleplus,RF,simonemccallum,simonemccallum,1,1.0,1.0,1.0,1.0,0,0,5000.0,0.0,0.0,0.0,1
pairs_instagram_googleplus,RF,claudialo,claudiagarciatrejo,0,1.0,0.357143,0.5,0.421053,0,0,5000.0,0.0,0.0,0.0,1
pairs_instagram_googleplus,RF,alexleung,alexleung,1,1.0,0.071429,0.8,0.55,0,0,5000.0,0.0,0.0,0.0,1
pairs_instagram_googleplus,RF,harryjbauer,harryjbauer,1,1.0,0.166667,0.714286,0.5,0,0,5000.0,0.0,0.0,0.0,1
pairs_instagram_googleplus,RF,helenrogerson,helenrogerson,1,1.0,0.857143,1.0,0.833333,0,0,5000.0,0.0,0.0,0.0,1
pairs_instagram_googleplus,RF,paullinger,amyripplinger,0,0.973333,0.285714,0.0,0.222222,0,0,5000.0,0.0,0.0,0.0,1
pairs_instagram_googleplus,RF,dianebourque,dianebourque,1,1.0,0.6875,0.521739,0.466667,0,0,5000.0,0.0,0.0,0.0,1
pairs_instagram_googleplus,RF,danicaj,danicaj,1,0.983333,0.0,0.454545,0.222222,0,0,5000.0,0.0,0.0,0.0,1
pairs_instagram_googleplus,RF,lawsonjohn,lawsonjohn,1,1.0,0.0,1.0,0.37931,0,0,5000.0,0.0,0.0,0.0,1
pairs_instagram_googleplus,RF,michaelgarywirth,mdyoder,0,0.993333,0.0,0.411765,0.222222,0,0,5000.0,0.0,0.0,0.0,1
pairs_instagram_googleplus,RF,paulamaarisa,paulamaarisa,1,1.0,0.210526,1.0,0.636364,0,0,5000.0,0.0,0.0,0.0,1
pairs_instagram_googleplus,RF,vardita,vardita,1,1.0,1.0,0.153846,0.75,0,0,5000.0,0.0,0.0,0.0,1
pairs_instagram_googleplus,RF,evanottavian,ryanott,0,0.79,0.055556,0.384615,0.185185,0,0,5000.0,0.0,0.0,0.0,0
pairs_instagram_googleplus,RF,marcelotalassuh,marcelotalassuh,1,1.0,1.0,0.789474,0.857143,0,0,5000.0,0.0,0.0,0.0,1
pairs_instagram_googleplus,RF,lucymackay,lucymackay,1,1.0,0.136364,1.0,0.423077,0,0,5000.0,0.0,0.0,0.0,1
pairs_instagram_googleplus,RF,luchollanca,luchollanca,1,1.0,1.0,0.0,0.769231,0,0,5000.0,0.0,0.0,0.0,1
pairs_instagram_googleplus,RF,chbrandt,chbrandt,1,1.0,0.428571,0.875,0.772727,0,0,5000.0,0.0,0.0,0.0,1
pairs_instagram_googleplus,RF,bradrussell,bradrussell,1,1.0,0.0,1.0,0.571429,0,0,5000.0,0.0,0.0,0.0,1
pairs_instagram_googleplus,RF,stephdc,stephdc,1,1.0,0.2,0.666667,0.64,0,0,5000.0,0.0,0.0,0.0,1
pairs_instagram_googleplus,RF,kyledempster,kyledempster,1,1.0,0.916667,1.0,0.823529,0,0,5000.0,0.0,0.0,0.0,1
pairs_instagram_googleplus,RF,fabrymondino,renefabre,0,0.993333,0.333333,0.0,0.230769,0,0,5000.0,0.0,0.0,0.0,1
pairs_instagram_googleplus,RF,ashleywilliams,ashleywilliams,1,1.0,0.277778,1.0,0.521739,0,0,5000.0,0.0,0.0,0.0,1
pairs_instagram_googleplus,RF,paoloaliberti,paoloaliberti,1,1.0,1.0,1.0,1.0,0,0,5000.0,0.0,0.0,0.0,1
pairs_instagram_googleplus,RF,chrisdscottphoto,chrisdscottphoto,1,1.0,0.5,0.4,0.45,0,0,5000.0,0.0,0.0,0.0,1
pairs_instagram_googleplus,RF,karlmiller,karlmiller,1,1.0,0.75,0.727273,0.588235,0,0,5000.0,0.0,0.0,0.0,1
pairs_instagram_googleplus,RF,greateralexander,greateralexander,1,1.0,0.272727,0.625,0.592593,0,0,5000.0,0.0,0.0,0.0,1
pairs_instagram_googleplus,RF,mylesb,mylesb,1,1.0,0.307692,1.0,0.882353,0,0,5000.0,0.0,0.0,0.0,1
pairs_instagram_googleplus,RF,claudiagarciatrejo,heshammahdy,0,0.763333,0.190476,0.181818,0.192308,0,0,5000.0,0.0,0.0,0.0,0
pairs_instagram_googleplus,RF,frindley,frindley,1,1.0,0.052632,1.0,0.608696,0,0,5000.0,0.0,0.0,0.0,1
pairs_instagram_googleplus,RF,silviarossi,silviarossi,1,1.0,0.9,1.0,0.8,0,0,5000.0,0.0,0.0,0.0,1
pairs_instagram_googleplus,RF,christianthompson,christianthompson,1,0.922889,0.222222,0.0,0.190476,0,0,5000.0,0.0,0.0,0.0,1
pairs_instagram_googleplus,RF,mariannehope,mariannehope,1,1.0,1.0,1.0,1.0,0,0,5000.0,0.0,0.0,0.0,1
pairs_instagram_googleplus,RF,atkinja,atkinja,1,1.0,0.333333,1.0,0.75,0,0,5000.0,0.0,0.0,0.0,1
pairs_instagram_googleplus,RF,shelleychampine,shelleychampine,1,1.0,0.0,1.0,0.548387,0,0,5000.0,0.0,0.0,0.0,1
pairs_instagram_googleplus,RF,joerobb,joerobb,1,1.0,1.0,1.0,1.0,0,0,5000.0,0.0,0.0,0.0,1
pairs_instagram_googleplus,RF,heathertorres,heathertorres,1,1.0,0.666667,1.0,0.65,0,0,5000.0,0.0,0.0,0.0,1
pairs_instagram_googleplus,RF,vikornsakrakhnoo,ramizahrahman,0,0.673333,0.0,0.111111,0.08,0,0,5000.0,0.0,0.0,0.0,0
pairs_instagram_googleplus,RF,vandenberghe,vandenberghe,1,1.0,0.733333,1.0,0.947368,0,0,5000.0,0.0,0.0,0.0,1
pairs_instagram_googleplus,RF,pacoperan,pacoperan,1,1.0,1.0,0.3,0.47619,0,0,5000.0,0.0,0.0,0.0,1
pairs_instagram_googleplus,RF,olivierbauermeister,olivierbauermeister,1,1.0,1.0,1.0,1.0,0,0,5000.0,0.0,0.0,0.0,1
pairs_instagram_googleplus,RF,librasnake,librasnake,1,1.0,0.0,1.0,0.44,0,0,5000.0,0.0,0.0,0.0,1
pairs_instagram_googleplus,RF,kassiafelix,kassiafelix,1,1.0,1.0,0.411765,0.736842,0,0,5000.0,0.0,0.0,0.0,1
pairs_instagram_googleplus,RF,markusantoine,marcnikoleit,0,0.996667,0.4,0.2,0.304348,0,0,5000.0,0.0,0.0,0.0,1
pairs_instagram_googleplus,RF,robertovillino,robertovillino,1,1.0,0.8,0.823529,0.75,0,0,5000.0,0.0,0.0,0.0,1
pairs_instagram_googleplus,RF,developit,keithdevereux,0,0.816667,0.25,0.235294,0.238095,0,0,5000.0,0.0,0.0,0.0,0
pairs_instagram_googleplus,RF,jeremyawilliams,jeremyawilliams,1,1.0,1.0,0.875,0.9,0,0,5000.0,0.0,0.0,0.0,1
pairs_instagram_googleplus,RF,samwhite,olegwhite,0,1.0,0.333333,0.0,0.25,0,0,5000.0,0.0,0.0,0.0,1
pairs_instagram_googleplus,RF,rainervonhabs,rainervonhabs,1,1.0,0.6,1.0,0.896552,0,0,5000.0,0.0,0.0,0.0,1
pairs_instagram_googleplus,RF,misterlib,erinjeany,0,0.933333,0.263158,0.3125,0.25,0,0,5000.0,0.0,0.0,0.0,1
pairs_instagram_googleplus,RF,fellipec,fellipec,1,1.0,0.388889,1.0,0.88,0,0,5000.0,0.0,0.0,0.0,1
pairs_instagram_googleplus,RF,matthewpantoja,matthewpantoja,1,1.0,0.1875,1.0,0.714286,0,0,5000.0,0.0,0.0,0.0,1
pairs_instagram_googleplus,RF,rubenpapian,rubenpapian,1,1.0,0.769231,1.0,0.764706,0,0,5000.0,0.0,0.0,0.0,1
pairs_instagram_googleplus,RF,alfbrand,alfbrand,1,1.0,1.0,1.0,1.0,0,0,5000.0,0.0,0.0,0.0,1
pairs_instagram_googleplus,RF,marjolijn,marjolijn,1,1.0,0.5,1.0,0.9,0,0,5000.0,0.0,0.0,0.0,1
pairs_instagram_googleplus,RF,alcibiades,giacomoardesi,0,0.69,0.157895,0.15,0.166667,0,0,5000.0,0.0,0.0,0.0,1
pairs_instagram_googleplus,RF,germer,germer,1,1.0,0.4,1.0,0.928571,0,0,5000.0,0.0,0.0,0.0,1
pairs_instagram_googleplus,RF,hewitt,hewitt,1,1.0,0.416667,0.416667,0.647059,0,0,5000.0,0.0,0.0,0.0,1
pairs_instagram_googleplus,RF,anderslorentsen,anderslorentsen,1,1.0,1.0,1.0,1.0,0,0,5000.0,0.0,0.0,0.0,1
pairs_instagram_googleplus,RF,tobyweiss,tobyweiss,1,1.0,0.461538,1.0,0.823529,0,0,5000.0,0.0,0.0,0.0,1
pairs_instagram_googleplus,RF,djandyw,djandyw,1,1.0,0.26087,1.0,0.666667,0,0,5000.0,0.0,0.0,0.0,1
pairs_instagram_googleplus,RF,beatesorum,beatesorum,1,1.0,0.7,0.727273,0.6875,0,0,5000.0,0.0,0.0,0.0,1
pairs_instagram_googleplus,RF,albertoj,albertoj,1,1.0,0.636364,1.0,0.875,0,0,5000.0,0.0,0.0,0.0,1
pairs_instagram_googleplus,RF,derekmcclain,heathbuckmaster,0,0.87,0.285714,0.26087,0.296296,0,0,5000.0,0.0,0.0,0.0,0
pairs_instagram_googleplus,RF,karo,karo,1,1.0,0.142857,1.0,0.583333,0,0,5000.0,0.0,0.0,0.0,1
pairs_instagram_googleplus,RF,lewismccaine,aledlewis,0,0.906667,0.285714,0.25,0.3,0,0,5000.0,0.0,0.0,0.0,1
pairs_instagram_googleplus,RF,thejennylam,thejennylam,1,1.0,0.105263,1.0,0.434783,0,0,5000.0,0.0,0.0,0.0,1
pairs_instagram_googleplus,RF,candyhernandez,candyhernandez,1,1.0,0.916667,0.923077,0.823529,0,0,5000.0,0.0,0.0,0.0,1
pairs_instagram_googleplus,RF,aaronboerger,aaronboerger,1,1.0,1.0,1.0,1.0,0,0,5000.0,0.0,0.0,0.0,1
pairs_instagram_googleplus,RF,harisrahman,harisrahman,1,1.0,0.5625,1.0,0.863636,0,0,5000.0,0.0,0.0,0.0,1
pairs_instagram_googleplus,RF,santospalazzi,santospalazzi,1,1.0,1.0,1.0,1.0,0,0,5000.0,0.0,0.0,0.0,1
pairs_instagram_googleplus,RF,ravidor,ravidor,1,1.0,0.666667,0.846154,1.0,0,0,5000.0,0.0,0.0,0.0,1
pairs_instagram_googleplus,RF,anthonyavila,anthonyavila,1,1.0,0.0,1.0,0.428571,0,0,5000.0,0.0,0.0,0.0,1
pairs_instagram_googleplus,RF,plajazz,plajazz,1,1.0,0.26087,0.72,0.862069,0,0,5000.0,0.0,0.0,0.0,1
pairs_instagram_googleplus,RF,wickedying,wickedying,1,1.0,0.6,0.0,0.52381,0,0,5000.0,0.0,0.0,0.0,1
pairs_instagram_googleplus,RF,clarasoler,clarasoler,1,1.0,0.727273,1.0,0.8,0,0,5000.0,0.0,0.0,0.0,1
pairs_instagram_googleplus,RF,daphnecheung,daphnemaia,0,0.87,0.277778,0.375,0.259259,0,0,5000.0,0.0,0.0,0.0,0
pairs_instagram_googleplus,RF,abdulsmith,abdulsmith,1,1.0,1.0,1.0,1.0,0,0,5000.0,0.0,0.0,0.0,1
pairs_instagram_googleplus,RF,martinhinrich,martinhinrich,1,1.0,1.0,0.0,0.733333,0,0,5000.0,0.0,0.0,0.0,1
pairs_instagram_googleplus,RF,martinmcguire,martinmcguire,1,1.0,0.428571,0.0,0.375,0,0,5000.0,0.0,0.0,0.0,1
pairs_instagram_googleplus,RF,yitsushi,yitsushi,1,1.0,0.0,1.0,0.652174,0,0,5000.0,0.0,0.0,0.0,1
pairs_instagram_googleplus,RF,pauldiaz1776,pauldiaz1776,1,1.0,0.538462,0.642857,0.619048,0,0,5000.0,0.0,0.0,0.0,1
pairs_instagram_googleplus,RF,deepeshmd,deepeshmd,1,1.0,0.5,1.0,0.909091,0,0,5000.0,0.0,0.0,0.0,1
pairs_instagram_googleplus,RF,fujimoto,mrsimonwood,0,1.0,0.333333,0.0,0.25,0,0,5000.0,0.0,0.0,0.0,0
pairs_instagram_googleplus,RF,erdisi,erdisi,1,1.0,0.4,1.0,0.733333,0,0,5000.0,0.0,0.0,0.0,1
pairs_instagram_googleplus,RF,remelehane,remelehane,1,1.0,1.0,1.0,1.0,0,0,5000.0,0.0,0.0,0.0,1
pairs_instagram_googleplus,RF,andreaspeziali,andreaspeziali,1,1.0,1.0,1.0,1.0,0,0,5000.0,0.0,0.0,0.0,1
pairs_instagram_googleplus,RF,bybayezit,bybayezit,1,1.0,0.461538,0.5,0.478261,0,0,5000.0,0.0,0.0,0.0,1
pairs_instagram_googleplus,RF,troubalex,troubalex,1,1.0,0.176471,1.0,0.681818,0,0,5000.0,0.0,0.0,0.0,1
pairs_instagram_googleplus,RF,kerryheaney,kerryheaney,1,1.0,0.285714,1.0,0.5,0,0,5000.0,0.0,0.0,0.0,1
pairs_instagram_googleplus,RF,chandrikararas,karascharwath,0,0.663333,0.285714,0.076923,0.258065,0,0,5000.0,0.0,0.0,0.0,1
pairs_instagram_googleplus,RF,glennpratt,glennpratt,1,1.0,1.0,0.0,0.692308,0,0,5000.0,0.0,0.0,0.0,1
pairs_instagram_googleplus,RF,michelleparker,michelleparker,1,1.0,0.444444,1.0,0.727273,0,0,5000.0,0.0,0.0,0.0,1
pairs_instagram_googleplus,RF,chmurphy,chmurphy,1,1.0,0.9,1.0,0.866667,0,0,5000.0,0.0,0.0,0.0,1
pairs_instagram_googleplus,RF,amberboyd,amberboyd,1,1.0,1.0,1.0,1.0,0,0,5000.0,0.0,0.0,0.0,1
pairs_instagram_googleplus,RF,francoismathieu,francoismathieu,1,1.0,0.875,1.0,0.809524,0,0,5000.0,0.0,0.0,0.0,1
pairs_instagram_googleplus,RF,gabrieleenricopersi,angiepascale,0,0.776667,0.263158,0.227273,0.32,0,0,5000.0,0.0,0.0,0.0,1
pairs_instagram_googleplus,RF,sunshinessui,bradstarks,0,0.916667,0.214286,0.0,0.166667,0,0,5000.0,0.0,0.0,0.0,0
pairs_instagram_googleplus,RF,604homes,604homes,1,1.0,0.0,1.0,0.565217,0,0,5000.0,0.0,0.0,0.0,1
pairs_instagram_googleplus,RF,yopefonic,yopefonic,1,1.0,0.0,1.0,0.56,0,0,5000.0,0.0,0.0,0.0,1
pairs_instagram_googleplus,RF,oscarbowen,oscarbowen,1,1.0,0.727273,1.0,0.823529,0,0,5000.0,0.0,0.0,0.0,1
pairs_instagram_googleplus,RF,sandilenene,sandilenene,1,1.0,0.454545,0.769231,0.6875,0,0,5000.0,0.0,0.0,0.0,1
pairs_instagram_googleplus,RF,juanteje,juanteje,1,1.0,0.777778,1.0,0.857143,0,0,5000.0,0.0,0.0,0.0,1
pairs_instagram_googleplus,RF,natebear,natebear,1,1.0,0.230769,0.470588,0.4,0,0,5000.0,0.0,0.0,0.0,1
pairs_instagram_googleplus,RF,tonghuix,tonghuix,1,1.0,0.857143,0.75,0.846154,0,0,5000.0,0.0,0.0,0.0,1
pairs_instagram_googleplus,RF,burakkayzum,burakkayzum,1,1.0,0.153846,1.0,0.666667,0,0,5000.0,0.0,0.0,0.0,1
pairs_instagram_googleplus,RF,ayanamihitomi,ayanamihitomi,1,0.92,0.105263,0.352941,0.32,0,0,5000.0,0.0,0.0,0.0,1
pairs_instagram_googleplus,RF,helmialfarra,helmialfarra,1,1.0,1.0,0.0,0.714286,0,0,5000.0,0.0,0.0,0.0,1
pairs_instagram_googleplus,RF,lauramgriffith,lauramgriffith,1,1.0,0.333333,1.0,0.55,0,0,5000.0,0.0,0.0,0.0,1
pairs_instagram_googleplus,RF,beverlynoelle,beverlynoelle,1,1.0,0.444444,1.0,0.695652,0,0,5000.0,0.0,0.0,0.0,1
pairs_instagram_googleplus,RF,korepov,dimmu,0,0.903333,0.058824,0.368421,0.409091,0,0,5000.0,0.0,0.0,0.0,0
pairs_instagram_googleplus,RF,markelmes,markelmes,1,1.0,1.0,0.333333,0.833333,0,0,5000.0,0.0,0.0,0.0,1
pairs_instagram_googleplus,RF,genejackson,genejackson,1,1.0,0.1875,1.0,0.571429,0,0,5000.0,0.0,0.0,0.0,1
pairs_instagram_googleplus,RF,ftrujillo,ftrujillo,1,1.0,0.388889,1.0,0.818182,0,0,5000.0,0.0,0.0,0.0,1
pairs_instagram_googleplus,RF,abdisk,abdisk,1,1.0,0.210526,1.0,0.75,0,0,5000.0,0.0,0.0,0.0,1
pairs_instagram_googleplus,RF,rkf,rkf,1,1.0,1.0,1.0,1.0,0,0,5000.0,0.0,0.0,0.0,1
pairs_instagram_googleplus,RF,kurtchristenson,kurtchristenson,1,1.0,0.0,0.833333,0.444444,0,0,5000.0,0.0,0.0,0.0,1
pairs_instagram_googleplus,RF,nicholasreed,nicholasreed,1,1.0,1.0,1.0,1.0,0,0,5000.0,0.0,0.0,0.0,1
pairs_instagram_googleplus,RF,evq,evq,1,1.0,0.0,1.0,0.7,0,0,5000.0,0.0,0.0,0.0,1
pairs_instagram_googleplus,RF,toxxus,toxxus,1,1.0,0.071429,1.0,0.631579,0,0,5000.0,0.0,0.0,0.0,1
pairs_instagram_googleplus,RF,rgd714,terrinakamura,0,0.88,0.034483,0.032258,0.3,0,0,5000.0,0.0,0.0,0.0,1
pairs_instagram_googleplus,RF,kirakariakin,kirakariakin,1,1.0,1.0,1.0,1.0,0,0,5000.0,0.0,0.0,0.0,1
pairs_instagram_googleplus,RF,pamelamkramer,pamelamkramer,1,1.0,0.818182,0.615385,0.555556,0,0,5000.0,0.0,0.0,0.0,1
pairs_instagram_googleplus,RF,sakuntalaa,sakuntalaa,1,1.0,1.0,0.833333,0.85,0,0,5000.0,0.0,0.0,0.0,1
pairs_instagram_googleplus,RF,fionalui,fionalui,1,1.0,0.5,0.5,0.642857,0,0,5000.0,0.0,0.0,0.0,1
pairs_instagram_googleplus,RF,jeannacaldwell,jeannacaldwell,1,1.0,1.0,1.0,1.0,0,0,5000.0,0.0,0.0,0.0,1
pairs_instagram_googleplus,RF,airthom,falana,0,0.916667,0.214286,0.0,0.166667,0,0,5000.0,0.0,0.0,0.0,1
pairs_instagram_googleplus,RF,zouyuefen,jeffipad,0,0.916667,0.214286,0.0,0.166667,0,0,5000.0,0.0,0.0,0.0,0
pairs_instagram_googleplus,RF,dgonz,dgonz,1,1.0,0.0,0.785714,0.444444,0,0,5000.0,0.0,0.0,0.0,1
pairs_instagram_googleplus,RF,markbartucca,markbarner,0,0.996667,0.0,0.428571,0.21875,0,0,5000.0,0.0,0.0,0.0,1
pairs_instagram_googleplus,RF,angelaball,angelaball,1,1.0,0.266667,1.0,0.684211,0,0,5000.0,0.0,0.0,0.0,1
pairs_instagram_googleplus,RF,illtrax,illtrax,1,1.0,0.315789,0.5,0.730769,0,0,5000.0,0.0,0.0,0.0,1
pairs_instagram_googleplus,RF,janifer,janifer,1,1.0,0.545455,1.0,0.866667,0,0,5000.0,0.0,0.0,0.0,1
pairs_instagram_googleplus,RF,iankyburz,iankyburz,1,1.0,0.0,1.0,0.47619,0,0,5000.0,0.0,0.0,0.0,1
pairs_instagram_googleplus,RF,bryangarvin,bryangarvin,1,1.0,0.909091,1.0,0.866667,0,0,5000.0,0.0,0.0,0.0,1
pairs_instagram_googleplus,RF,visnjakljajic,visnjakljajic,1,1.0,0.769231,0.6,0.7,0,0,5000.0,0.0,0.0,0.0,1
pairs_instagram_googleplus,RF,stevenromo,stevenromo,1,1.0,0.818182,1.0,0.75,0,0,5000.0,0.0,0.0,0.0,1
pairs_instagram_googleplus,RF,selimbasak,srinivasjain,0,0.976667,0.285714,0.0,0.227273,0,0,5000.0,0.0,0.0,0.0,1
pairs_instagram_googleplus,RF,jackieflynt,jackieflynt,1,1.0,1.0,1.0,1.0,0,0,5000.0,0.0,0.0,0.0,1
pairs_instagram_googleplus,RF,mlikeasong,mlikeasong,1,1.0,0.9,0.111111,0.769231,0,0,5000.0,0.0,0.0,0.0,1
pairs_instagram_googleplus,RF,marcocostanzo,marcocostanzo,1,1.0,0.0,0.666667,0.625,0,0,5000.0,0.0,0.0,0.0,1
pairs_instagram_googleplus,RF,zamply,zamply,1,1.0,0.933333,0.714286,0.653846,0,0,5000.0,0.0,0.0,0.0,1
pairs_instagram_googleplus,RF,amritamathur,amritamathur,1,1.0,1.0,1.0,1.0,0,0,5000.0,0.0,0.0,0.0,1
pairs_instagram_googleplus,RF,jeanniecw,jeanniecw,1,1.0,1.0,1.0,1.0,0,0,5000.0,0.0,0.0,0.0,1
pairs_instagram_googleplus,RF,narniafans,narniafans,1,1.0,1.0,0.47619,0.590909,0,0,5000.0,0.0,0.0,0.0,1
pairs_instagram_googleplus,RF,drchrisstout,drchrisstout,1,1.0,0.818182,0.866667,0.941176,0,0,5000.0,0.0,0.0,0.0,1
pairs_instagram_googleplus,RF,kazarnowicz,kazarnowicz,1,1.0,0.625,1.0,0.95,0,0,5000.0,0.0,0.0,0.0,1
pairs_instagram_googleplus,RF,kiracus,miodragradicevic,0,0.916667,0.214286,0.0,0.166667,0,0,5000.0,0.0,0.0,0.0,0
pairs_instagram_googleplus,RF,abihail,gabbihall,0,1.0,0.4,0.0,0.294118,0,0,5000.0,0.0,0.0,0.0,1
pairs_instagram_googleplus,RF,gipreda,gipreda,1,1.0,0.555556,0.6,0.615385,0,0,5000.0,0.0,0.0,0.0,1
pairs_instagram_googleplus,RF,nickjborelli,nickborelli,0,1.0,1.0,1.0,1.0,0,0,5000.0,0.0,0.0,0.0,1
pairs_instagram_googleplus,RF,edna,edna,1,0.943333,0.333333,0.375,0.285714,0,0,5000.0,0.0,0.0,0.0,1
pairs_instagram_googleplus,RF,rebeccapedersonhessey,rebeccapedersonhessey,1,1.0,0.038462,0.590909,0.424242,0,0,5000.0,0.0,0.0,0.0,1
pairs_instagram_googleplus,RF,shivanand,shivanand,1,1.0,0.4375,1.0,0.9,0,0,5000.0,0.0,0.0,0.0,1
pairs_instagram_googleplus,RF,furkanfidan,furkanfidan,1,0.996667,0.0,1.0,0.357143,0,0,5000.0,0.0,0.0,0.0,1
pairs_instagram_googleplus,RF,migmae,migmae,1,1.0,0.222222,0.65,0.681818,0,0,5000.0,0.0,0.0,0.0,1
pairs_instagram_googleplus,RF,mamakoid,mamakoid,1,1.0,0.416667,1.0,0.866667,0,0,5000.0,0.0,0.0,0.0,1
pairs_instagram_googleplus,RF,alexmclean,alexmclean,1,1.0,0.666667,1.0,0.875,0,0,5000.0,0.0,0.0,0.0,1
pairs_instagram_googleplus,RF,alexdaniloff,alexdaniloff,1,1.0,0.0,1.0,0.666667,0,0,5000.0,0.0,0.0,0.0,1
pairs_instagram_googleplus,RF,christielazo,christielazo,1,1.0,0.769231,1.0,0.823529,0,0,5000.0,0.0,0.0,0.0,1
pairs_instagram_googleplus,RF,gaydarski,gaydarski,1,1.0,1.0,1.0,1.0,0,0,5000.0,0.0,0.0,0.0,1
pairs_instagram_googleplus,RF,andrewlie,andrewfoote,0,1.0,0.461538,0.428571,0.45,0,0,5000.0,0.0,0.0,0.0,1
pairs_instagram_googleplus,RF,josephmcmullin,josephmcmullin,1,1.0,1.0,0.5625,0.684211,0,0,5000.0,0.0,0.0,0.0,1
pairs_instagram_googleplus,RF,brentvardy,brentvardy,1,1.0,1.0,1.0,1.0,0,0,5000.0,0.0,0.0,0.0,1
pairs_instagram_googleplus,RF,chertanchico,chertanchico,1,1.0,0.176471,1.0,0.545455,0,0,5000.0,0.0,0.0,0.0,1
pairs_instagram_googleplus,RF,jerometurner,jerometurner,1,1.0,0.5,1.0,0.8125,0,0,5000.0,0.0,0.0,0.0,1
pairs_instagram_googleplus,RF,picklesjon,picklesjon,1,1.0,0.8,1.0,0.785714,0,0,5000.0,0.0,0.0,0.0,1
pairs_instagram_googleplus,RF,judytuna,judytuna,1,1.0,0.555556,0.0,0.384615,0,0,5000.0,0.0,0.0,0.0,1
pairs_instagram_googleplus,RF,ericweisbrod,ericweisbrod,1,1.0,1.0,1.0,1.0,0,0,5000.0,0.0,0.0,0.0,1
pairs_instagram_googleplus,RF,svenaanesen,ramdanih,0,0.936667,0.266667,0.307692,0.25,0,0,5000.0,0.0,0.0,0.0,1
pairs_instagram_googleplus,RF,basemsal7,selimbasak,0,1.0,0.5,0.0,0.357143,0,0,5000.0,0.0,0.0,0.0,0
pairs_instagram_googleplus,RF,veronica,veronica,1,1.0,0.538462,1.0,0.882353,0,0,5000.0,0.0,0.0,0.0,1
pairs_instagram_googleplus,RF,gregcarley,gregcarley,1,1.0,1.0,1.0,1.0,0,0,5000.0,0.0,0.0,0.0,1
pairs_instagram_googleplus,RF,porcupiny,punkagogo,0,0.936667,0.0,0.375,0.142857,0,0,5000.0,0.0,0.0,0.0,1
pairs_instagram_googleplus,RF,esalazar,esalazar,1,1.0,0.235294,1.0,0.636364,0,0,5000.0,0.0,0.0,0.0,1
pairs_instagram_googleplus,RF,mitb,katbolin,0,0.711611,0.2,0.0,0.2,0,0,5000.0,0.0,0.0,0.0,0
pairs_instagram_googleplus,RF,marcovignaroli,marcovignaroli,1,1.0,0.045455,1.0,0.538462,0,0,5000.0,0.0,0.0,0.0,1
pairs_instagram_googleplus,RF,mattmamet,mattmamet,1,1.0,0.347826,0.692308,0.866667,0,0,5000.0,0.0,0.0,0.0,1
pairs_instagram_googleplus,RF,kmdk,kmdk,1,1.0,0.0,1.0,0.666667,0,0,5000.0,0.0,0.0,0.0,1
pairs_instagram_googleplus,RF,savannahbelshermaclean,sarahnance,0,0.693333,0.266667,0.275862,0.285714,0,0,5000.0,0.0,0.0,0.0,1
pairs_instagram_googleplus,RF,thephotographer4you,chelseastark,0,0.99,0.37037,0.045455,0.292683,0,0,5000.0,0.0,0.0,0.0,1
pairs_instagram_googleplus,RF,julioromo,julioromo,1,1.0,0.0,1.0,0.434783,0,0,5000.0,0.0,0.0,0.0,1
pairs_instagram_googleplus,RF,wrightscs,wrightscs,1,1.0,0.294118,0.625,0.5,0,0,5000.0,0.0,0.0,0.0,1
pairs_instagram_googleplus,RF,shaymfa,shaymfa,1,1.0,0.095238,1.0,0.740741,0,0,5000.0,0.0,0.0,0.0,1
pairs_instagram_googleplus,RF,mbuist,mbuist,1,0.98,0.333333,0.4,0.35,0,0,5000.0,0.0,0.0,0.0,1
pairs_instagram_googleplus,RF,webgirl,arroyo,0,1.0,0.666667,0.176471,0.409091,0,0,5000.0,0.0,0.0,0.0,1
pairs_instagram_googleplus,RF,patrickklepek,patrickklepek,1,1.0,1.0,1.0,1.0,0,0,5000.0,0.0,0.0,0.0,1
pairs_instagram_googleplus,RF,nicolewong,nicolewong,1,1.0,1.0,0.833333,0.875,0,0,5000.0,0.0,0.0,0.0,1
pairs_instagram_googleplus,RF,danielgohl,danielgohl,1,1.0,1.0,1.0,1.0,0,0,5000.0,0.0,0.0,0.0,1
pairs_instagram_googleplus,RF,susanaayala,susanaayala,1,1.0,0.0,1.0,0.631579,0,0,5000.0,0.0,0.0,0.0,1
pairs_instagram_googleplus,RF,defyrecordings,defyrecordings,1,1.0,0.0,1.0,0.451613,0,0,5000.0,0.0,0.0,0.0,1
pairs_instagram_googleplus,RF,oulmidianas,oulmidianas,1,1.0,0.818182,0.666667,0.722222,0,0,5000.0,0.0,0.0,0.0,1
pairs_instagram_googleplus,RF,dianamrodriguez,dianamrodriguez,1,1.0,0.285714,1.0,0.888889,0,0,5000.0,0.0,0.0,0.0,1
pairs_instagram_googleplus,RF,sorgenia,sorgenia,1,1.0,0.636364,1.0,0.571429,0,0,5000.0,0.0,0.0,0.0,1
pairs_instagram_googleplus,RF,galancantu,galancantu,1,1.0,0.307692,0.818182,0.647059,0,0,5000.0,0.0,0.0,0.0,1
pairs_instagram_googleplus,RF,dextress,dextress,1,1.0,0.333333,1.0,0.92,0,0,5000.0,0.0,0.0,0.0,1
pairs_instagram_googleplus,RF,pjteixeira,pjteixeira,1,1.0,0.461538,1.0,0.823529,0,0,5000.0,0.0,0.0,0.0,1
pairs_instagram_googleplus,RF,rdvnfrtn,rdvnfrtn,1,1.0,0.285714,0.785714,0.7,0,0,5000.0,0.0,0.0,0.0,1
pairs_instagram_googleplus,RF,hilo,alioh,0,1.0,0.444444,0.111111,0.307692,0,0,5000.0,0.0,0.0,0.0,1
pairs_instagram_googleplus,RF,cefm,cefm,1,1.0,0.0,1.0,0.75,0,0,5000.0,0.0,0.0,0.0,1
pairs_instagram_googleplus,RF,thomasgerstmann,tomyu,0,0.906667,0.0,0.4,0.096774,0,0,5000.0,0.0,0.0,0.0,1
pairs_instagram_googleplus,RF,kylewiebalk,kylewiebalk,1,1.0,1.0,1.0,1.0,0,0,5000.0,0.0,0.0,0.0,1
pairs_instagram_googleplus,RF,giacomoardesi,giacomoardesi,1,0.816667,0.230769,0.214286,0.222222,0,0,5000.0,0.0,0.0,0.0,1
pairs_instagram_googleplus,RF,ivanlajara,lilyl,0,0.795,0.25,0.0,0.153846,0,0,5000.0,0.0,0.0,0.0,0
pairs_instagram_googleplus,RF,juangomis,karenlancaster,0,0.946667,0.352941,0.25,0.291667,0,0,5000.0,0.0,0.0,0.0,0
pairs_instagram_googleplus,RF,elianacubillos,elianacubillos,1,1.0,0.083333,1.0,0.517241,0,0,5000.0,0.0,0.0,0.0,1
pairs_instagram_googleplus,RF,dhernandezv,dhernandezv,1,1.0,0.055556,0.875,0.6,0,0,5000.0,0.0,0.0,0.0,1
pairs_instagram_googleplus,RF,ricardoanton,ricardoanton,1,1.0,1.0,0.0,0.733333,0,0,5000.0,0.0,0.0,0.0,1
pairs_instagram_googleplus,RF,victorjceron,victorjceron,1,1.0,0.076923,0.75,0.5,0,0,5000.0,0.0,0.0,0.0,1
pairs_instagram_googleplus,RF,mattshultz,mattshultz,1,1.0,0.818182,1.0,0.75,0,0,5000.0,0.0,0.0,0.0,1
pairs_instagram_googleplus,RF,skyjunior203,nancybrown,0,0.993333,0.0,0.4,0.217391,0,0,5000.0,0.0,0.0,0.0,1
pairs_instagram_googleplus,RF,jimmyblocksom,jimmyblocksom,1,1.0,1.0,1.0,1.0,0,0,5000.0,0.0,0.0,0.0,1
pairs_instagram_googleplus,RF,luisdeseta,luisdeseta,1,1.0,1.0,1.0,1.0,0,0,5000.0,0.0,0.0,0.0,1
pairs_instagram_googleplus,RF,weknow,dabigc,0,0.840667,0.230769,0.0,0.181818,0,0,5000.0,0.0,0.0,0.0,1
pairs_instagram_googleplus,RF,philipcummins,philipcummins,1,1.0,0.8,1.0,0.75,0,0,5000.0,0.0,0.0,0.0,1
pairs_instagram_googleplus,RF,germanscoglio,germanscoglio,1,1.0,0.5,0.785714,0.722222,0,0,5000.0,0.0,0.0,0.0,1
pairs_instagram_googleplus,RF,mdheard,mdheard,1,0.876667,0.275862,0.216216,0.363636,0,0,5000.0,0.0,0.0,0.0,1
pairs_instagram_googleplus,RF,calinsapunaru,kq111,0,0.973333,0.285714,0.0,0.222222,0,0,5000.0,0.0,0.0,0.0,0
pairs_instagram_googleplus,RF,cleutonsilva,cleutonsilva,1,1.0,0.4375,0.705882,0.636364,0,0,5000.0,0.0,0.0,0.0,1
pairs_instagram_googleplus,RF,osum,osum,1,1.0,0.0,1.0,0.666667,0,0,5000.0,0.0,0.0,0.0,1
pairs_instagram_googleplus,RF,fotomaf,fotomaf,1,1.0,0.0625,0.571429,0.448276,0,0,5000.0,0.0,0.0,0.0,1
pairs_instagram_googleplus,RF,julieoli,motivationdoc,0,0.87,0.272727,0.0,0.25,0,0,5000.0,0.0,0.0,0.0,0
pairs_instagram_googleplus,RF,tuxotaku,tuxotaku,1,1.0,0.0,1.0,0.5,0,0,5000.0,0.0,0.0,0.0,1
pairs_instagram_googleplus,RF,ssidwashere,ssidwashere,1,1.0,0.2,1.0,0.55,0,0,5000.0,0.0,0.0,0.0,1
pairs_instagram_googleplus,RF,antone,antone,1,1.0,0.545455,1.0,0.875,0,0,5000.0,0.0,0.0,0.0,1
pairs_instagram_googleplus,RF,dawnfraser,dawnfraser,1,1.0,0.727273,1.0,0.823529,0,0,5000.0,0.0,0.0,0.0,1
pairs_instagram_googleplus,RF,vinothnatarajan,vinothnatarajan,1,1.0,0.428571,1.0,1.0,0,0,5000.0,0.0,0.0,0.0,1
pairs_instagram_googleplus,RF,aydensims,aydensims,1,1.0,0.181818,1.0,0.625,0,0,5000.0,0.0,0.0,0.0,1
pairs_instagram_googleplus,RF,adonispointer,adonispointer,1,0.966667,0.0,0.384615,0.26087,0,0,5000.0,0.0,0.0,0.0,1
pairs_instagram_googleplus,RF,donmik,rondomingue,0,0.916667,0.214286,0.0,0.166667,0,0,5000.0,0.0,0.0,0.0,0
pairs_instagram_googleplus,RF,leandromaioral,leandromaioral,1,1.0,1.0,1.0,1.0,0,0,5000.0,0.0,0.0,0.0,1
pairs_instagram_googleplus,RF,christianfarley,christianfarley,1,1.0,0.04,1.0,0.533333,0,0,5000.0,0.0,0.0,0.0,1
pairs_instagram_googleplus,RF,darrenscotland,darrenscotland,1,1.0,1.0,0.0,0.764706,0,0,5000.0,0.0,0.0,0.0,1
pairs_instagram_googleplus,RF,nickclark,markocular,0,1.0,0.363636,0.5,0.333333,0,0,5000.0,0.0,0.0,0.0,1
pairs_instagram_googleplus,RF,vehpus,vehpus,1,1.0,0.0,0.75,0.558824,0,0,5000.0,0.0,0.0,0.0,1
pairs_instagram_googleplus,RF,jamesforeman,jamesforeman,1,1.0,0.785714,0.769231,0.631579,0,0,5000.0,0.0,0.0,0.0,1
pairs_instagram_googleplus,RF,joseguimaraes,joseguimaraes,1,1.0,0.428571,0.6,0.52381,0,0,5000.0,0.0,0.0,0.0,1
pairs_instagram_googleplus,RF,briangreen,briangreer,0,1.0,0.214286,0.818182,0.588235,0,0,5000.0,0.0,0.0,0.0,1
pairs_instagram_googleplus,RF,bobbychuck,bobbychuck,1,1.0,0.409091,1.0,0.666667,0,0,5000.0,0.0,0.0,0.0,1
pairs_instagram_googleplus,RF,cahyaaa,haridiva,0,0.96,0.363636,0.333333,0.333333,0,0,5000.0,0.0,0.0,0.0,1
pairs_instagram_googleplus,RF,solutionsinla,esavestheworld,0,0.87,0.25,0.277778,0.304348,0,0,5000.0,0.0,0.0,0.0,1
pairs_instagram_googleplus,RF,rtwgirl,rtwgirl,1,0.963333,0.185185,0.307692,0.638889,0,0,5000.0,0.0,0.0,0.0,1
pairs_instagram_googleplus,RF,robertjonathan,jonathanromero,0,1.0,0.095238,0.454545,0.382353,0,0,5000.0,0.0,0.0,0.0,0
pairs_instagram_googleplus,RF,bobbibooker,bobbibooker,1,1.0,1.0,1.0,1.0,0,0,5000.0,0.0,0.0,0.0,1
pairs_instagram_googleplus,RF,lisasadleir,lisasadleir,1,1.0,1.0,1.0,1.0,0,0,5000.0,0.0,0.0,0.0,1
pairs_instagram_googleplus,RF,booyabobby,baboyanovna,0,1.0,0.363636,0.083333,0.3125,0,0,5000.0,0.0,0.0,0.0,1
pairs_instagram_googleplus,RF,tondin,tondin,1,1.0,0.384615,0.615385,0.882353,0,0,5000.0,0.0,0.0,0.0,1
pairs_instagram_googleplus,RF,giulianonardin,juliahull,0,0.656667,0.1,0.090909,0.133333,0,0,5000.0,0.0,0.0,0.0,1
pairs_instagram_googleplus,RF,kengao,kengao,1,1.0,1.0,0.0,0.25,0,0,5000.0,0.0,0.0,0.0,1
pairs_instagram_googleplus,RF,gordonogden,gordonogden,1,1.0,1.0,1.0,1.0,0,0,5000.0,0.0,0.0,0.0,1
pairs_instagram_googleplus,RF,divaka,antoniodomingo,0,0.65,0.037037,0.12,0.108108,0,0,5000.0,0.0,0.0,0.0,0
pairs_instagram_googleplus,RF,slakker9,slakker9,1,1.0,0.052632,0.636364,0.84,0,0,5000.0,0.0,0.0,0.0,1
pairs_instagram_googleplus,RF,edelomahony,edelomahony,1,1.0,0.666667,1.0,0.65,0,0,5000.0,0.0,0.0,0.0,1
pairs_instagram_googleplus,RF,mcammuso,mcammuso,1,0.973333,0.315789,0.3,0.363636,0,0,5000.0,0.0,0.0,0.0,1
pairs_instagram_googleplus,RF,fangkay,vineetverma,0,0.946778,0.2,0.0,0.166667,0,0,5000.0,0.0,0.0,0.0,0
pairs_instagram_googleplus,RF,tikves,tikves,1,1.0,0.625,1.0,0.916667,0,0,5000.0,0.0,0.0,0.0,1
pairs_instagram_googleplus,RF,catinamurillo,catinamurillo,1,1.0,1.0,1.0,1.0,0,0,5000.0,0.0,0.0,0.0,1
pairs_instagram_googleplus,RF,davefrost,davefrost,1,1.0,1.0,1.0,1.0,0,0,5000.0,0.0,0.0,0.0,1
pairs_instagram_googleplus,RF,alexandrasampaiopassaro,roybird,0,0.775833,0.3,0.333333,0.266667,0,0,5000.0,0.0,0.0,0.0,0
pairs_instagram_googleplus,RF,joshdirks,joshdirks,1,1.0,1.0,1.0,1.0,0,0,5000.0,0.0,0.0,0.0,1
pairs_instagram_googleplus,RF,sigurdson,sigurdson,1,1.0,0.666667,0.722222,0.75,0,0,5000.0,0.0,0.0,0.0,1
pairs_instagram_googleplus,RF,thelmabowlen,thelmabowlen,1,1.0,1.0,1.0,1.0,0,0,5000.0,0.0,0.0,0.0,1
pairs_instagram_googleplus,RF,huzaifasial,huzaifasial,1,1.0,0.153846,1.0,0.666667,0,0,5000.0,0.0,0.0,0.0,1
pairs_instagram_googleplus,RF,gabetaviano,gabetaviano,1,1.0,1.0,1.0,1.0,0,0,5000.0,0.0,0.0,0.0,1
pairs_instagram_googleplus,RF,christiankoestlin,christiankoestlin,1,1.0,0.0,0.8125,0.482759,0,0,5000.0,0.0,0.0,0.0,1
pairs_instagram_googleplus,RF,stuttgarter,mariarti,0,1.0,0.363636,0.5,0.333333,0,0,5000.0,0.0,0.0,0.0,1
pairs_instagram_googleplus,RF,ayamuz,ayamuz,1,1.0,0.142857,0.769231,0.52381,0,0,5000.0,0.0,0.0,0.0,1
pairs_instagram_googleplus,RF,rmzindorf,rmzindorf,1,1.0,0.5,1.0,0.8125,0,0,5000.0,0.0,0.0,0.0,1
pairs_instagram_googleplus,RF,cramirezmonforte,cocorocha,0,0.98,0.0,0.555556,0.315789,0,0,5000.0,0.0,0.0,0.0,1
pairs_instagram_googleplus,RF,jcriqqelme,mariamjameel,0,0.83,0.1875,0.176471,0.190476,0,0,5000.0,0.0,0.0,0.0,1
pairs_instagram_googleplus,RF,someonesomebody,ladewig,0,0.889401,0.2,0.0,0.153846,0,0,5000.0,0.0,0.0,0.0,0
pairs_instagram_googleplus,RF,fadra,fadra,1,1.0,0.375,1.0,0.55,0,0,5000.0,0.0,0.0,0.0,1
pairs_instagram_googleplus,RF,zivgillat,safaripoet,0,0.62,0.083333,0.0,0.058824,0,0,5000.0,0.0,0.0,0.0,0
pairs_instagram_googleplus,RF,kadehara,karlrader,0,1.0,0.5,0.0,0.25,0,0,5000.0,0.0,0.0,0.0,1
pairs_instagram_googleplus,RF,davequick,davequick,1,1.0,0.666667,1.0,0.647059,0,0,5000.0,0.0,0.0,0.0,1
pairs_instagram_googleplus,RF,zigah,zigah,1,1.0,0.214286,0.857143,0.590909,0,0,5000.0,0.0,0.0,0.0,1
pairs_instagram_googleplus,RF,axmai,axmai,1,1.0,0.333333,1.0,0.7,0,0,5000.0,0.0,0.0,0.0,1
pairs_instagram_googleplus,RF,paolofrancescosita,ernesthe,0,0.984167,0.363636,0.0,0.190476,0,0,5000.0,0.0,0.0,0.0,1
pairs_instagram_googleplus,RF,santoyuniarsa,akaaydelonge,0,1.0,0.375,0.411765,0.363636,0,0,5000.0,0.0,0.0,0.0,0
pairs_instagram_googleplus,RF,carsonjgallo,carsonjgallo,1,1.0,0.769231,0.866667,0.842105,0,0,5000.0,0.0,0.0,0.0,1
pairs_instagram_googleplus,RF,alanrust,alanrust,1,1.0,0.7,1.0,0.666667,0,0,5000.0,0.0,0.0,0.0,1
pairs_instagram_googleplus,RF,erinmartin,lindeskog,0,0.816667,0.05,0.266667,0.30303,0,0,5000.0,0.0,0.0,0.0,1
pairs_instagram_googleplus,RF,kevinbuckstiegel,kevinbuckstiegel,1,1.0,0.0,1.0,0.459459,0,0,5000.0,0.0,0.0,0.0,1
pairs_instagram_googleplus,RF,sawaiemohammed,sawaiemohammed,1,1.0,1.0,1.0,1.0,0,0,5000.0,0.0,0.0,0.0,1
pairs_instagram_googleplus,RF,jonsuk,jonsuk,1,1.0,1.0,1.0,1.0,0,0,5000.0,0.0,0.0,0.0,1
pairs_instagram_googleplus,RF,carolinedeleuze,carolinedeleuze,1,1.0,1.0,1.0,1.0,0,0,5000.0,0.0,0.0,0.0,1
pairs_instagram_googleplus,RF,michikunz77,michikunz77,1,1.0,0.428571,0.785714,0.65,0,0,5000.0,0.0,0.0,0.0,1
pairs_instagram_googleplus,RF,omgchad,omarc,0,0.83,0.1875,0.176471,0.190476,0,0,5000.0,0.0,0.0,0.0,1
pairs_instagram_googleplus,RF,attila,attila,1,1.0,1.0,1.0,1.0,0,0,5000.0,0.0,0.0,0.0,1
pairs_instagram_googleplus,RF,keaven,keaven,1,1.0,0.416667,0.384615,0.466667,0,0,5000.0,0.0,0.0,0.0,1
pairs_instagram_googleplus,RF,mrobertsonline,mrobertsonline,1,1.0,0.375,1.0,0.6,0,0,5000.0,0.0,0.0,0.0,1
pairs_instagram_googleplus,RF,djteo,djteo,1,1.0,1.0,1.0,1.0,0,0,5000.0,0.0,0.0,0.0,1
pairs_instagram_googleplus,RF,massimodesantis,massimodesantis,1,1.0,1.0,1.0,1.0,0,0,5000.0,0.0,0.0,0.0,1
pairs_instagram_googleplus,RF,leninluna,leninluna,1,1.0,1.0,1.0,1.0,0,0,5000.0,0.0,0.0,0.0,1
pairs_instagram_googleplus,RF,losangelas,luigibusti,0,0.946778,0.2,0.0,0.166667,0,0,5000.0,0.0,0.0,0.0,0
pairs_instagram_googleplus,RF,heathernolan,heathernolan,1,1.0,1.0,1.0,1.0,0,0,5000.0,0.0,0.0,0.0,1
pairs_instagram_googleplus,RF,jacksonlo,jacksonlo,1,1.0,1.0,1.0,1.0,0,0,5000.0,0.0,0.0,0.0,1
pairs_instagram_googleplus,RF,tommyflovildengebretsen,tommyflovildengebretsen,1,1.0,0.666667,1.0,0.928571,0,0,5000.0,0.0,0.0,0.0,1
pairs_instagram_googleplus,RF,karineardault,karineardault,1,1.0,1.0,1.0,1.0,0,0,5000.0,0.0,0.0,0.0,1
pairs_instagram_googleplus,RF,luaisultan,luaisultan,1,1.0,1.0,0.0,0.733333,0,0,5000.0,0.0,0.0,0.0,1
pairs_instagram_googleplus,RF,gabelittle,gabelittle,1,1.0,0.727273,1.0,0.785714,0,0,5000.0,0.0,0.0,0.0,1
pairs_instagram_googleplus,RF,howtobearedhead,howtobearedhead,1,1.0,1.0,1.0,1.0,0,0,5000.0,0.0,0.0,0.0,1
pairs_instagram_googleplus,RF,mbstuart,mbstuart,1,1.0,0.117647,1.0,0.666667,0,0,5000.0,0.0,0.0,0.0,1
pairs_instagram_googleplus,RF,sharonlflynn,sharonlflynn,1,1.0,0.75,1.0,0.8,0,0,5000.0,0.0,0.0,0.0,1
pairs_instagram_googleplus,RF,devonabejo,cathieheart,0,0.721921,0.263158,0.0,0.125,0,0,5000.0,0.0,0.0,0.0,0
pairs_instagram_googleplus,RF,pantinozzi,pantinozzi,1,1.0,0.142857,1.0,0.653846,0,0,5000.0,0.0,0.0,0.0,1
pairs_instagram_googleplus,RF,dayveeka,davehaygarth,0,0.946778,0.2,0.0,0.166667,0,0,5000.0,0.0,0.0,0.0,1
pairs_instagram_googleplus,RF,telmamelo,telmamelo,1,1.0,0.666667,0.5,0.615385,0,0,5000.0,0.0,0.0,0.0,1
pairs_instagram_googleplus,RF,danieltaylor,danieltaylor,1,1.0,0.0,1.0,0.565217,0,0,5000.0,0.0,0.0,0.0,1
pairs_instagram_googleplus,RF,schalaschly,schalaschly,1,1.0,0.533333,0.5,0.526316,0,0,5000.0,0.0,0.0,0.0,1
pairs_instagram_googleplus,RF,jopyrah,jopyrah,1,1.0,0.5,1.0,0.529412,0,0,5000.0,0.0,0.0,0.0,1
pairs_instagram_googleplus,RF,rabbitrunz,albirabbit,0,0.936667,0.384615,0.0,0.16129,0,0,5000.0,0.0,0.0,0.0,1
pairs_instagram_googleplus,RF,andrewwilkins,andrewwilkins,1,1.0,0.0,1.0,0.56,0,0,5000.0,0.0,0.0,0.0,1
pairs_instagram_googleplus,RF,eliasmanopla,eliasmanopla,1,1.0,0.5,1.0,0.875,0,0,5000.0,0.0,0.0,0.0,1
pairs_instagram_googleplus,RF,oleandreas,oleandreas,1,1.0,0.6,1.0,0.909091,0,0,5000.0,0.0,0.0,0.0,1
pairs_instagram_googleplus,RF,melissachusid,melissachusid,1,1.0,0.117647,1.0,0.636364,0,0,5000.0,0.0,0.0,0.0,1
pairs_instagram_googleplus,RF,ricardopontes,ricardopontes,1,1.0,1.0,1.0,1.0,0,0,5000.0,0.0,0.0,0.0,1
pairs_instagram_googleplus,RF,capdiaz,capdiaz,1,1.0,0.235294,0.789474,0.76,0,0,5000.0,0.0,0.0,0.0,1
pairs_instagram_googleplus,RF,kurtkelly,kelly,0,1.0,0.416667,0.384615,0.5,0,0,5000.0,0.0,0.0,0.0,1
pairs_instagram_googleplus,RF,wrry,wrry,1,1.0,0.705882,1.0,0.913043,0,0,5000.0,0.0,0.0,0.0,1
pairs_instagram_googleplus,RF,prisqua,prisqua,1,1.0,0.5,0.461538,0.5,0,0,5000.0,0.0,0.0,0.0,1
pairs_instagram_googleplus,RF,keithlucas,keithlucas,1,1.0,0.333333,1.0,0.647059,0,0,5000.0,0.0,0.0,0.0,1
pairs_instagram_googleplus,RF,imajo0od,imajo0od,1,1.0,0.416667,0.0,0.230769,0,0,5000.0,0.0,0.0,0.0,1
pairs_instagram_googleplus,RF,joelduggan,joelduggan,1,1.0,1.0,1.0,1.0,0,0,5000.0,0.0,0.0,0.0,1
pairs_instagram_googleplus,RF,chrismalenab,chrismalenab,1,1.0,0.555556,1.0,0.909091,0,0,5000.0,0.0,0.0,0.0,1
pairs_instagram_googleplus,RF,mayka,mayka,1,1.0,0.571429,1.0,0.8,0,0,5000.0,0.0,0.0,0.0,1
pairs_instagram_googleplus,RF,nikolastojkovic,nikolastojkovic,1,1.0,0.466667,0.764706,0.666667,0,0,5000.0,0.0,0.0,0.0,1
pairs_instagram_googleplus,RF,wicker,michelleparker,0,0.87,0.238095,0.272727,0.307692,0,0,5000.0,0.0,0.0,0.0,1
pairs_instagram_googleplus,RF,javierandreu,myfrienddan,0,1.0,0.454545,0.5,0.4375,0,0,5000.0,0.0,0.0,0.0,1
pairs_instagram_googleplus,RF,cyantifik,cyantifik,1,1.0,0.421053,0.0,0.416667,0,0,5000.0,0.0,0.0,0.0,1
pairs_instagram_googleplus,RF,jjamor,jjamor,1,1.0,0.416667,0.571429,0.526316,0,0,5000.0,0.0,0.0,0.0,1
pairs_instagram_googleplus,RF,agustinamate,agustinamate,1,1.0,0.45,0.434783,0.444444,0,0,5000.0,0.0,0.0,0.0,1
pairs_instagram_googleplus,RF,kenkaufman,kenkaufman,1,1.0,1.0,1.0,1.0,0,0,5000.0,0.0,0.0,0.0,1
pairs_instagram_googleplus,RF,esrad,esrad,1,0.986667,0.363636,0.25,0.3125,0,0,5000.0,0.0,0.0,0.0,1
pairs_instagram_googleplus,RF,williamchong,williamchong,1,1.0,0.052632,1.0,0.608696,0,0,5000.0,0.0,0.0,0.0,1
pairs_instagram_googleplus,RF,vaduvaiulian,vaduvaiulian,1,1.0,0.0,0.625,0.44,0,0,5000.0,0.0,0.0,0.0,1
pairs_instagram_googleplus,RF,adeanom,adeanom,1,1.0,1.0,1.0,1.0,0,0,5000.0,0.0,0.0,0.0,1
pairs_instagram_googleplus,RF,subigya,subigya,1,1.0,0.545455,0.692308,0.857143,0,0,5000.0,0.0,0.0,0.0,1
pairs_instagram_googleplus,RF,mducoffre,mducoffre,1,0.96,0.0,0.5,0.363636,0,0,5000.0,0.0,0.0,0.0,1
pairs_instagram_googleplus,RF,joshfinnie,joshfinnie,1,1.0,1.0,1.0,1.0,0,0,5000.0,0.0,0.0,0.0,1
pairs_instagram_googleplus,RF,hardeeps,oracleblog,0,1.0,0.4,0.0,0.315789,0,0,5000.0,0.0,0.0,0.0,1
pairs_instagram_googleplus,RF,indiedo,indiedo,1,1.0,0.117647,0.6875,0.681818,0,0,5000.0,0.0,0.0,0.0,1
pairs_instagram_googleplus,RF,fabds,fabds,1,1.0,0.133333,1.0,0.761905,0,0,5000.0,0.0,0.0,0.0,1
pairs_instagram_googleplus,RF,ww1way,jaystewart,0,0.85,0.153846,0.0,0.117647,0,0,5000.0,0.0,0.0,0.0,1
pairs_instagram_googleplus,RF,orenbennett,orenbennett,1,1.0,0.454545,0.0,0.333333,0,0,5000.0,0.0,0.0,0.0,1
pairs_instagram_googleplus,RF,lilliammdez,lilliammdez,1,1.0,0.615385,0.8,0.789474,0,0,5000.0,0.0,0.0,0.0,1
pairs_instagram_googleplus,RF,putuebo,putuebo,1,1.0,1.0,1.0,1.0,0,0,5000.0,0.0,0.0,0.0,1
pairs_instagram_googleplus,RF,jimbrady,jimbrady,1,1.0,0.777778,1.0,0.714286,0,0,5000.0,0.0,0.0,0.0,1
pairs_instagram_googleplus,RF,mikejesse,mikejesse,1,1.0,1.0,1.0,1.0,0,0,5000.0,0.0,0.0,0.0,1
pairs_instagram_googleplus,RF,artwitholiveri,artwitholiveri,1,1.0,0.285714,0.625,0.592593,0,0,5000.0,0.0,0.0,0.0,1
pairs_instagram_googleplus,RF,gatosg,gatosg,1,1.0,0.454545,1.0,0.928571,0,0,5000.0,0.0,0.0,0.0,1
pairs_instagram_googleplus,RF,l0ckergn0me,l0ckergn0me,1,1.0,1.0,1.0,1.0,0,0,5000.0,0.0,0.0,0.0,1
pairs_instagram_googleplus,RF,almowhed,almowhed,1,1.0,0.777778,0.7,0.75,0,0,5000.0,0.0,0.0,0.0,1
pairs_instagram_googleplus,RF,marlymcmillen,maiz,0,0.91,0.416667,0.315789,0.318182,0,0,5000.0,0.0,0.0,0.0,1
pairs_instagram_googleplus,RF,malibumuffie,malibumuffie,1,1.0,1.0,1.0,1.0,0,0,5000.0,0.0,0.0,0.0,1
pairs_instagram_googleplus,RF,cheneselewis,cheneselewis,1,1.0,1.0,1.0,1.0,0,0,5000.0,0.0,0.0,0.0,1
pairs_instagram_googleplus,RF,dietmarhoffmann,dietmarhoffmann,1,1.0,0.052632,1.0,0.625,0,0,5000.0,0.0,0.0,0.0,1
pairs_instagram_googleplus,RF,pabloolmeda,pabloolmeda,1,1.0,0.714286,1.0,0.684211,0,0,5000.0,0.0,0.0,0.0,1
pairs_instagram_googleplus,RF,cigarmob,cigarmob,1,1.0,0.0,1.0,0.6,0,0,5000.0,0.0,0.0,0.0,1
pairs_instagram_googleplus,RF,gabriel89,gabriel89,1,1.0,0.0,0.65,0.5,0,0,5000.0,0.0,0.0,0.0,1
pairs_instagram_googleplus,RF,stevei,stevei,1,1.0,0.416667,1.0,0.882353,0,0,5000.0,0.0,0.0,0.0,1
pairs_instagram_googleplus,RF,squirrelytonks,squirrelytonks,1,1.0,0.363636,1.0,0.703704,0,0,5000.0,0.0,0.0,0.0,1
pairs_instagram_googleplus,RF,davefernandez,davefernandez,1,1.0,0.15,0.75,0.518519,0,0,5000.0,0.0,0.0,0.0,1
pairs_instagram_googleplus,RF,ekiafoto,rodmeier,0,0.796,0.222222,0.0,0.153846,0,0,5000.0,0.0,0.0,0.0,0
pairs_instagram_googleplus,RF,galuhparantri,galuhparantri,1,1.0,0.117647,1.0,0.636364,0,0,5000.0,0.0,0.0,0.0,1
pairs_instagram_googleplus,RF,munait,munait,1,1.0,0.2,0.777778,0.695652,0,0,5000.0,0.0,0.0,0.0,1
pairs_instagram_googleplus,RF,globomarketing,pablomartino,0,0.94,0.333333,0.368421,0.347826,0,0,5000.0,0.0,0.0,0.0,0
pairs_instagram_googleplus,RF,briantmarquis,briantmarquis,1,1.0,1.0,0.857143,0.888889,0,0,5000.0,0.0,0.0,0.0,1
pairs_instagram_googleplus,RF,dianagonzalezgonzalez,dianagonzalezgonzalez,1,1.0,0.769231,0.785714,0.736842,0,0,5000.0,0.0,0.0,0.0,1
pairs_instagram_googleplus,RF,juniortv,juniorales,0,1.0,0.454545,0.0,0.333333,0,0,5000.0,0.0,0.0,0.0,1
pairs_instagram_googleplus,RF,ednaroberta,ednaroberta,1,1.0,1.0,1.0,1.0,0,0,5000.0,0.0,0.0,0.0,1
pairs_instagram_googleplus,RF,haivo,catyamarsha,0,0.946778,0.2,0.0,0.166667,0,0,5000.0,0.0,0.0,0.0,0
pairs_instagram_googleplus,RF,frederickpolk,frederickpolk,1,1.0,1.0,1.0,1.0,0,0,5000.0,0.0,0.0,0.0,1
pairs_instagram_googleplus,RF,tonydiehl,tonydiehl,1,1.0,1.0,1.0,1.0,0,0,5000.0,0.0,0.0,0.0,1
pairs_instagram_googleplus,RF,marshallwright,marshallwright,1,1.0,0.041667,1.0,0.517241,0,0,5000.0,0.0,0.0,0.0,1
pairs_instagram_googleplus,RF,rachelcampion,rachelcampion,1,1.0,0.176471,1.0,0.636364,0,0,5000.0,0.0,0.0,0.0,1
pairs_instagram_googleplus,RF,vehiclehistory,vlhorton,0,0.803333,0.277778,0.294118,0.291667,0,0,5000.0,0.0,0.0,0.0,0
pairs_instagram_googleplus,RF,fridaynimh,fridaynimh,1,1.0,0.0,0.631579,0.642857,0,0,5000.0,0.0,0.0,0.0,1
pairs_instagram_googleplus,RF,timford,timford,1,1.0,0.333333,1.0,0.4,0,0,5000.0,0.0,0.0,0.0,1
pairs_instagram_googleplus,RF,mikescott8,mikescott8,1,1.0,0.529412,0.8,0.818182,0,0,5000.0,0.0,0.0,0.0,1
pairs_instagram_googleplus,RF,catchtorolav,catchtorolav,1,0.946667,0.352941,0.25,0.291667,0,0,5000.0,0.0,0.0,0.0,1
pairs_instagram_googleplus,RF,michaelwitham,michaelwitham,1,1.0,0.384615,1.0,0.823529,0,0,5000.0,0.0,0.0,0.0,1
pairs_instagram_googleplus,RF,fazk,fazk,1,1.0,1.0,1.0,1.0,0,0,5000.0,0.0,0.0,0.0,1
pairs_instagram_googleplus,RF,samportillo,samportillo,1,0.993333,1.0,0.0,0.354839,0,0,5000.0,0.0,0.0,0.0,1
pairs_instagram_googleplus,RF,aajain,aajain,1,1.0,0.0,1.0,0.636364,0,0,5000.0,0.0,0.0,0.0,1
pairs_instagram_googleplus,RF,habuw,habuw,1,1.0,0.75,0.384615,0.375,0,0,5000.0,0.0,0.0,0.0,1
pairs_instagram_googleplus,RF,sueblack,sueblack,1,1.0,0.444444,0.533333,0.526316,0,0,5000.0,0.0,0.0,0.0,1
pairs_instagram_googleplus,RF,mpulido,mpulido,1,1.0,0.3,1.0,0.769231,0,0,5000.0,0.0,0.0,0.0,1
pairs_instagram_googleplus,RF,billelsey,billelsey,1,1.0,1.0,1.0,1.0,0,0,5000.0,0.0,0.0,0.0,1
pairs_instagram_googleplus,RF,mnantais,mnantais,1,1.0,0.545455,1.0,0.866667,0,0,5000.0,0.0,0.0,0.0,1
pairs_instagram_googleplus,RF,yurtake,yurtake,1,1.0,1.0,0.0,0.5,0,0,5000.0,0.0,0.0,0.0,1
pairs_instagram_googleplus,RF,idsphotographers,jiriruzek,0,1.0,0.529412,0.0,0.416667,0,0,5000.0,0.0,0.0,0.0,1
pairs_instagram_googleplus,RF,jorgeluisgatica,jorgeluisgatica,1,1.0,1.0,1.0,1.0,0,0,5000.0,0.0,0.0,0.0,1
pairs_instagram_googleplus,RF,esavestheworld,esavestheworld,1,1.0,0.0,1.0,0.4,0,0,5000.0,0.0,0.0,0.0,1
pairs_instagram_googleplus,RF,daimanuel,daimanuel,1,1.0,1.0,0.368421,0.47619,0,0,5000.0,0.0,0.0,0.0,1
pairs_instagram_googleplus,RF,noslo,noslo,1,1.0,0.0,1.0,0.631579,0,0,5000.0,0.0,0.0,0.0,1
pairs_instagram_googleplus,RF,mvismara,mvismara,1,1.0,0.038462,1.0,0.419355,0,0,5000.0,0.0,0.0,0.0,1
pairs_instagram_googleplus,RF,swissmountainleader,swissmountainleader,1,1.0,0.0,1.0,0.3,0,0,5000.0,0.0,0.0,0.0,1
pairs_instagram_googleplus,RF,mestizo,mestizo,1,1.0,0.0,1.0,0.6,0,0,5000.0,0.0,0.0,0.0,1
pairs_instagram_googleplus,RF,biancajsmith,biancajsmith,1,1.0,0.75,1.0,0.8125,0,0,5000.0,0.0,0.0,0.0,1
pairs_instagram_googleplus,RF,patton,phelzito,0,0.933333,0.0,0.352941,0.304348,0,0,5000.0,0.0,0.0,0.0,0
pairs_instagram_googleplus,RF,trewmusic,andrewchau,0,0.993333,0.333333,0.181818,0.3,0,0,5000.0,0.0,0.0,0.0,1
pairs_instagram_googleplus,RF,tinrocket,annatorcoletti,0,0.863333,0.375,0.285714,0.290323,0,0,5000.0,0.0,0.0,0.0,0
pairs_instagram_googleplus,RF,muhammadghazali,muhammadghazali,1,1.0,1.0,0.777778,0.809524,0,0,5000.0,0.0,0.0,0.0,1
pairs_instagram_googleplus,RF,hawaii,hawaii,1,1.0,0.181818,1.0,0.625,0,0,5000.0,0.0,0.0,0.0,1
pairs_instagram_googleplus,RF,socialstephen,socialstephen,1,1.0,0.368421,1.0,0.727273,0,0,5000.0,0.0,0.0,0.0,1
pairs_instagram_googleplus,RF,vabisin,anbi,0,0.946778,0.2,0.0,0.166667,0,0,5000.0,0.0,0.0,0.0,1
pairs_instagram_googleplus,RF,jsprasanna,jsprasanna,1,1.0,0.176471,1.0,0.76,0,0,5000.0,0.0,0.0,0.0,1
pairs_instagram_googleplus,RF,patmuldowney,patmuldowney,1,1.0,0.625,1.0,0.9,0,0,5000.0,0.0,0.0,0.0,1
pairs_instagram_googleplus,RF,rebekahradice,rebekahradice,1,1.0,1.0,0.541667,0.6,0,0,5000.0,0.0,0.0,0.0,1
pairs_instagram_googleplus,RF,ricardollera,ricardollera,1,1.0,1.0,1.0,1.0,0,0,5000.0,0.0,0.0,0.0,1
pairs_instagram_googleplus,RF,jasonbmckinnon,jasonbmckinnon,1,1.0,0.769231,0.714286,0.75,0,0,5000.0,0.0,0.0,0.0,1
pairs_instagram_googleplus,RF,yamasoto,yamasoto,1,1.0,0.4,1.0,0.904762,0,0,5000.0,0.0,0.0,0.0,1
pairs_instagram_googleplus,RF,michaeltapp,michaeltapp,1,1.0,1.0,1.0,1.0,0,0,5000.0,0.0,0.0,0.0,1
pairs_instagram_googleplus,RF,martinhabacher,martinhabacher,1,1.0,0.538462,1.0,0.941176,0,0,5000.0,0.0,0.0,0.0,1
pairs_instagram_googleplus,RF,tuncelmas,tuncelmas,1,1.0,0.666667,1.0,0.846154,0,0,5000.0,0.0,0.0,0.0,1
pairs_instagram_googleplus,RF,pamallen68,pamallen68,1,1.0,0.777778,0.666667,0.571429,0,0,5000.0,0.0,0.0,0.0,1
pairs_instagram_googleplus,RF,rashdan82,rashdan82,1,1.0,0.538462,1.0,0.944444,0,0,5000.0,0.0,0.0,0.0,1
pairs_instagram_googleplus,RF,massimosaviotti,massimosaviotti,1,1.0,0.043478,1.0,0.571429,0,0,5000.0,0.0,0.0,0.0,1
pairs_instagram_googleplus,RF,calculatedstepz,carlcatedral,0,0.960833,0.352941,0.0,0.193548,0,0,5000.0,0.0,0.0,0.0,0
pairs_instagram_googleplus,RF,annagunderson,annagunderson,1,1.0,1.0,1.0,1.0,0,0,5000.0,0.0,0.0,0.0,1
pairs_instagram_googleplus,RF,zarasyed,zarasyed,1,1.0,0.176471,0.6,0.52381,0,0,5000.0,0.0,0.0,0.0,1
pairs_instagram_googleplus,RF,bryanleung,ryanott,0,0.983333,0.0,0.375,0.235294,0,0,5000.0,0.0,0.0,0.0,1
pairs_instagram_googleplus,RF,michelejmartin,michelejmartin,1,1.0,0.733333,0.9375,0.8,0,0,5000.0,0.0,0.0,0.0,1
pairs_instagram_googleplus,RF,jeremyamoore,jeremyamoore,1,1.0,0.727273,0.0,0.533333,0,0,5000.0,0.0,0.0,0.0,1
pairs_instagram_googleplus,RF,sstiavetti,sstiavetti,1,1.0,0.4375,0.37931,0.433333,0,0,5000.0,0.0,0.0,0.0,1
pairs_instagram_googleplus,RF,toddwalsh,toddwaller,0,1.0,0.25,0.583333,0.409091,0,0,5000.0,0.0,0.0,0.0,1
pairs_instagram_googleplus,RF,pbrady,pbrady,1,1.0,0.307692,0.538462,0.421053,0,0,5000.0,0.0,0.0,0.0,1
pairs_instagram_googleplus,RF,gerty,gerty,1,1.0,0.333333,1.0,0.647059,0,0,5000.0,0.0,0.0,0.0,1
pairs_instagram_googleplus,RF,kevinmichaelr,kevinduane,0,0.996667,0.0,0.4,0.25,0,0,5000.0,0.0,0.0,0.0,1
pairs_instagram_googleplus,RF,chiragbatra,chiragbatra,1,1.0,1.0,1.0,1.0,0,0,5000.0,0.0,0.0,0.0,1
pairs_instagram_googleplus,RF,ideasandrew,ideasandrew,1,1.0,1.0,1.0,1.0,0,0,5000.0,0.0,0.0,0.0,1
pairs_instagram_googleplus,RF,timlai,timlai,1,1.0,0.4,1.0,0.466667,0,0,5000.0,0.0,0.0,0.0,1
pairs_instagram_googleplus,RF,jesusmargon,jesusmargon,1,0.996667,0.368421,0.409091,0.448276,0,0,5000.0,0.0,0.0,0.0,1
pairs_instagram_googleplus,RF,amccrim,adamaoc,0,1.0,0.0,0.833333,0.428571,0,0,5000.0,0.0,0.0,0.0,1
pairs_instagram_googleplus,RF,webnelly,webnelly,1,1.0,0.6,1.0,0.6,0,0,5000.0,0.0,0.0,0.0,1
pairs_instagram_googleplus,RF,jsfernando,amarocreative,0,1.0,0.5,0.538462,0.529412,0,0,5000.0,0.0,0.0,0.0,1
pairs_instagram_googleplus,RF,calligrafist,christiancalvino,0,0.386667,0.190476,0.138889,0.125,0,0,5000.0,0.0,0.0,0.0,1
pairs_instagram_googleplus,RF,marcdomingo,marcdomingo,1,1.0,0.277778,1.0,0.521739,0,0,5000.0,0.0,0.0,0.0,1
pairs_instagram_googleplus,RF,mabosekina,mabosekina,1,1.0,0.5625,1.0,0.95,0,0,5000.0,0.0,0.0,0.0,1
pairs_instagram_googleplus,RF,cindyratzlaff,cindyratzlaff,1,1.0,0.705882,1.0,0.681818,0,0,5000.0,0.0,0.0,0.0,1
pairs_instagram_googleplus,RF,usmanarif,usmanarif,1,1.0,0.05,1.0,0.4,0,0,5000.0,0.0,0.0,0.0,1
pairs_instagram_googleplus,RF,craigdrummond,craigdrummond,1,1.0,0.785714,1.0,0.833333,0,0,5000.0,0.0,0.0,0.0,1
pairs_instagram_googleplus,RF,lovingjem25,lovingjem25,1,0.996667,0.210526,0.533333,0.384615,0,0,5000.0,0.0,0.0,0.0,1
pairs_instagram_googleplus,RF,starbuckspitfire,andira47,0,0.743333,0.0625,0.363636,0.217391,0,0,5000.0,0.0,0.0,0.0,1
pairs_instagram_googleplus,RF,zachkouwe,zachkouwe,1,1.0,0.4,1.0,0.666667,0,0,5000.0,0.0,0.0,0.0,1
pairs_instagram_googleplus,RF,jnfotos,jnfotos,1,1.0,0.916667,1.0,0.823529,0,0,5000.0,0.0,0.0,0.0,1
pairs_instagram_googleplus,RF,adaospina,adaospina,1,1.0,1.0,0.444444,1.0,0,0,5000.0,0.0,0.0,0.0,1
pairs_instagram_googleplus,RF,jeanfrancoislabelle,jeanfrancoislabelle,1,1.0,0.35,1.0,0.833333,0,0,5000.0,0.0,0.0,0.0,1
pairs_instagram_googleplus,RF,monismith,craftymummy,0,0.973333,0.461538,0.083333,0.28,0,0,5000.0,0.0,0.0,0.0,1
pairs_instagram_googleplus,RF,rebeccateldja,rebeccateldja,1,1.0,0.846154,0.0,0.6875,0,0,5000.0,0.0,0.0,0.0,1
pairs_instagram_googleplus,RF,paultakeuchi,maskdmegane,0,0.99,0.466667,0.380952,0.333333,0,0,5000.0,0.0,0.0,0.0,1
pairs_instagram_googleplus,RF,griscuevasz,groeschl,0,0.83,0.1875,0.176471,0.190476,0,0,5000.0,0.0,0.0,0.0,1
pairs_instagram_googleplus,RF,fierzafajri,fierzafajri,1,1.0,0.714286,0.625,0.62963,0,0,5000.0,0.0,0.0,0.0,1
pairs_instagram_googleplus,RF,ekswitaj,ekswitaj,1,1.0,0.3125,0.75,0.68,0,0,5000.0,0.0,0.0,0.0,1
pairs_instagram_googleplus,RF,melindamoses,melindamoses,1,1.0,0.5,1.0,0.866667,0,0,5000.0,0.0,0.0,0.0,1
pairs_instagram_googleplus,RF,franciscojimenez,franciscojimenez,1,1.0,0.304348,0.875,0.709677,0,0,5000.0,0.0,0.0,0.0,1
pairs_instagram_googleplus,RF,spyroslangkos,spyroslangkos,1,1.0,0.833333,0.642857,0.8125,0,0,5000.0,0.0,0.0,0.0,1
pairs_instagram_googleplus,RF,ivanataylor,ivanataylor,1,1.0,0.75,0.458333,0.464286,0,0,5000.0,0.0,0.0,0.0,1
pairs_instagram_googleplus,RF,scarlettran,scarlettran,1,1.0,1.0,0.666667,0.7,0,0,5000.0,0.0,0.0,0.0,1
pairs_instagram_googleplus,RF,snarah,sarahnance,0,0.993333,0.4,0.363636,0.428571,0,0,5000.0,0.0,0.0,0.0,1
pairs_instagram_googleplus,RF,garthdb,garthdb,1,1.0,0.285714,1.0,0.736842,0,0,5000.0,0.0,0.0,0.0,1
pairs_instagram_googleplus,RF,alessandrotimpanaro,alessandrotimpanaro,1,1.0,0.769231,1.0,0.8,0,0,5000.0,0.0,0.0,0.0,1
pairs_instagram_googleplus,RF,romcalbc,romcalbc,1,1.0,0.153846,1.0,0.555556,0,0,5000.0,0.0,0.0,0.0,1
pairs_instagram_googleplus,RF,jagonsu,jagonsu,1,1.0,0.375,0.45,0.73913,0,0,5000.0,0.0,0.0,0.0,1
pairs_instagram_googleplus,RF,atomicdarinka,atomicdarinka,1,1.0,0.6,0.875,0.875,0,0,5000.0,0.0,0.0,0.0,1
pairs_instagram_googleplus,RF,mauriziosartori,mauriziosartori,1,1.0,0.1,0.6,0.4,0,0,5000.0,0.0,0.0,0.0,1
pairs_instagram_googleplus,RF,kylepearce,kylepearce,1,1.0,0.0,1.0,0.611111,0,0,5000.0,0.0,0.0,0.0,1
pairs_instagram_googleplus,RF,enricvega,enricvega,1,1.0,1.0,1.0,1.0,0,0,5000.0,0.0,0.0,0.0,1
pairs_instagram_googleplus,RF,bradkoehn,bradkoehn,1,0.996667,0.0,1.0,0.357143,0,0,5000.0,0.0,0.0,0.0,1
pairs_instagram_googleplus,RF,paolomorelli,paolomorelli,1,1.0,0.428571,1.0,0.92,0,0,5000.0,0.0,0.0,0.0,1
pairs_instagram_googleplus,RF,gletham,gletham,1,1.0,0.666667,1.0,0.923077,0,0,5000.0,0.0,0.0,0.0,1
pairs_instagram_googleplus,RF,danhurlbut,danhurlbut,1,1.0,1.0,0.2,0.846154,0,0,5000.0,0.0,0.0,0.0,1
pairs_instagram_googleplus,RF,nextjen,jennturner,0,0.913333,0.230769,0.2,0.294118,0,0,5000.0,0.0,0.0,0.0,1
pairs_instagram_googleplus,RF,joseantoniorodriguez,joseantoniorodriguez,1,1.0,0.095238,0.73913,0.5625,0,0,5000.0,0.0,0.0,0.0,1
pairs_instagram_googleplus,RF,jamesmcknight,jamesmcknight,1,1.0,0.105263,1.0,0.583333,0,0,5000.0,0.0,0.0,0.0,1
pairs_instagram_googleplus,RF,kathleenjoyce,kathleenjoyce,1,1.0,0.266667,0.538462,0.6,0,0,5000.0,0.0,0.0,0.0,1
pairs_instagram_googleplus,RF,divanotrite,alexrod,0,0.996667,0.047619,0.5625,0.3,0,0,5000.0,0.0,0.0,0.0,1
pairs_instagram_googleplus,RF,ickledot,mohammedalsaeed,0,0.644548,0.058824,0.0,0.052632,0,0,5000.0,0.0,0.0,0.0,0
pairs_instagram_googleplus,RF,rayhowe,rayhowe,1,1.0,1.0,1.0,1.0,0,0,5000.0,0.0,0.0,0.0,1
pairs_instagram_googleplus,RF,erinalbert,erinalbert,1,1.0,1.0,1.0,1.0,0,0,5000.0,0.0,0.0,0.0,1
pairs_instagram_googleplus,RF,danstasiewski,danstasiewski,1,1.0,0.785714,1.0,0.833333,0,0,5000.0,0.0,0.0,0.0,1
pairs_instagram_googleplus,RF,nimamoinpour,nimamoinpour,1,1.0,0.583333,1.0,0.875,0,0,5000.0,0.0,0.0,0.0,1
pairs_instagram_googleplus,RF,abcheikh,abcheikh,1,1.0,0.0,1.0,0.727273,0,0,5000.0,0.0,0.0,0.0,1
pairs_instagram_googleplus,RF,brownsdon,brownsdon,1,1.0,0.533333,0.5,0.526316,0,0,5000.0,0.0,0.0,0.0,1
pairs_instagram_googleplus,RF,adrianaortizgalbe,adrianaortizgalbe,1,1.0,0.142857,0.666667,0.464286,0,0,5000.0,0.0,0.0,0.0,1
pairs_instagram_googleplus,RF,rayzorback,rayzorback,1,1.0,0.142857,1.0,0.473684,0,0,5000.0,0.0,0.0,0.0,1
pairs_instagram_googleplus,RF,isaacsunkes,isaacsunkes,1,1.0,0.6,1.0,0.928571,0,0,5000.0,0.0,0.0,0.0,1
pairs_instagram_googleplus,RF,kentspeakman,kentspeakman,1,1.0,1.0,1.0,1.0,0,0,5000.0,0.0,0.0,0.0,1
pairs_instagram_googleplus,RF,benjaminyeurch,benjaminyeurch,1,1.0,1.0,1.0,1.0,0,0,5000.0,0.0,0.0,0.0,1
pairs_instagram_googleplus,RF,bazzoliserena,bazzoliserena,1,1.0,0.578947,0.055556,0.666667,0,0,5000.0,0.0,0.0,0.0,1
pairs_instagram_googleplus,RF,itxavel,itxavel,1,1.0,0.315789,0.8125,0.791667,0,0,5000.0,0.0,0.0,0.0,1
pairs_instagram_googleplus,RF,taymoor,taymoor,1,1.0,0.7,1.0,0.866667,0,0,5000.0,0.0,0.0,0.0,1
pairs_instagram_googleplus,RF,leiah,leiah,1,1.0,0.307692,1.0,0.545455,0,0,5000.0,0.0,0.0,0.0,1
pairs_instagram_googleplus,RF,paullanzerstorfer,paullanzerstorfer,1,1.0,0.2,1.0,0.68,0,0,5000.0,0.0,0.0,0.0,1
pairs_instagram_googleplus,RF,aguantamena,aguantamena,1,1.0,0.833333,0.8,0.766667,0,0,5000.0,0.0,0.0,0.0,1
pairs_instagram_googleplus,RF,iwankanda,iwankanda,1,1.0,0.7,1.0,0.666667,0,0,5000.0,0.0,0.0,0.0,1
pairs_instagram_googleplus,RF,cameronmagruder,cameronmagruder,1,1.0,0.368421,0.4,0.375,0,0,5000.0,0.0,0.0,0.0,1
pairs_instagram_googleplus,RF,plongo,plongo,1,1.0,0.333333,1.0,0.588235,0,0,5000.0,0.0,0.0,0.0,1
pairs_instagram_googleplus,RF,pauley,pauley,1,1.0,0.705882,0.541667,0.592593,0,0,5000.0,0.0,0.0,0.0,1
pairs_instagram_googleplus,RF,netpierre,netpierre,1,1.0,0.454545,0.9,0.625,0,0,5000.0,0.0,0.0,0.0,1
pairs_instagram_googleplus,RF,russellvjward,russellvjward,1,1.0,0.642857,1.0,0.631579,0,0,5000.0,0.0,0.0,0.0,1
pairs_instagram_googleplus,RF,justkimonline,justkimonline,1,1.0,0.571429,0.565217,0.851852,0,0,5000.0,0.0,0.0,0.0,1
pairs_instagram_googleplus,RF,artcoulson,artcoulson,1,1.0,0.0,1.0,0.407407,0,0,5000.0,0.0,0.0,0.0,1
pairs_instagram_googleplus,RF,siricui,siricui,1,1.0,0.083333,0.916667,0.741935,0,0,5000.0,0.0,0.0,0.0,1
pairs_instagram_googleplus,RF,andypiper,andypiper,1,1.0,1.0,1.0,1.0,0,0,5000.0,0.0,0.0,0.0,1
pairs_instagram_googleplus,RF,kuntoaji,kuntoaji,1,1.0,0.6,0.545455,0.526316,0,0,5000.0,0.0,0.0,0.0,1
pairs_instagram_googleplus,RF,fahadalotaibi,fahadalotaibi,1,1.0,0.0,0.769231,0.521739,0,0,5000.0,0.0,0.0,0.0,1
pairs_instagram_googleplus,RF,jessicajoyce,jessicajoyce,1,1.0,0.538462,0.631579,0.565217,0,0,5000.0,0.0,0.0,0.0,1
pairs_instagram_googleplus,RF,hubertmotleyjr,michaeldegroot,0,0.881611,0.2,0.0,0.178571,0,0,5000.0,0.0,0.0,0.0,1
pairs_instagram_googleplus,RF,brocolinho,brocolinho,1,1.0,0.285714,1.0,0.821429,0,0,5000.0,0.0,0.0,0.0,1
pairs_instagram_googleplus,RF,johnrogers,johnrogers,1,1.0,0.3125,0.625,0.761905,0,0,5000.0,0.0,0.0,0.0,1
pairs_instagram_googleplus,RF,antoniogomez,antoniogomez,1,1.0,0.315789,0.769231,0.44,0,0,5000.0,0.0,0.0,0.0,1
pairs_instagram_googleplus,RF,elnous,elnous,1,1.0,0.0,1.0,0.625,0,0,5000.0,0.0,0.0,0.0,1
pairs_instagram_googleplus,RF,serveure,stephaniecain,0,0.853333,0.3125,0.294118,0.285714,0,0,5000.0,0.0,0.0,0.0,0
pairs_instagram_googleplus,RF,gerardcorbett,gerardcorbett,1,1.0,0.785714,0.866667,0.75,0,0,5000.0,0.0,0.0,0.0,1
pairs_instagram_googleplus,RF,isracv,isracv,1,1.0,0.176471,0.695652,0.730769,0,0,5000.0,0.0,0.0,0.0,1
pairs_instagram_googleplus,RF,garwinlu,garwinlu,1,1.0,0.2,1.0,0.6,0,0,5000.0,0.0,0.0,0.0,1
pairs_instagram_googleplus,RF,oisinhurley,oisinhurley,1,1.0,1.0,0.0,0.714286,0,0,5000.0,0.0,0.0,0.0,1
pairs_instagram_googleplus,RF,hanoglu,hanoglu,1,1.0,0.357143,0.538462,0.409091,0,0,5000.0,0.0,0.0,0.0,1
pairs_instagram_googleplus,RF,nathangreenberg,nathangreenberg,1,1.0,1.0,1.0,1.0,0,0,5000.0,0.0,0.0,0.0,1
pairs_instagram_googleplus,RF,riddhiman,riddhiman,1,1.0,0.133333,1.0,0.65,0,0,5000.0,0.0,0.0,0.0,1
pairs_instagram_googleplus,RF,rodrigoluna,rodrigoluna,1,1.0,0.909091,1.0,0.8125,0,0,5000.0,0.0,0.0,0.0,1
pairs_instagram_googleplus,RF,maruxz,maruxz,1,1.0,0.047619,1.0,0.75,0,0,5000.0,0.0,0.0,0.0,1
pairs_instagram_googleplus,RF,shugo,shugo,1,1.0,0.4,1.0,0.857143,0,0,5000.0,0.0,0.0,0.0,1
pairs_instagram_googleplus,RF,visualem,visualem,1,0.89,0.4375,0.5,0.380952,0,0,5000.0,0.0,0.0,0.0,1
pairs_instagram_googleplus,RF,shaan360,shaan360,1,1.0,0.7,1.0,0.875,0,0,5000.0,0.0,0.0,0.0,1
pairs_instagram_googleplus,RF,mysmartpuppy,mysmartpuppy,1,1.0,0.52381,0.478261,0.851852,0,0,5000.0,0.0,0.0,0.0,1
pairs_instagram_googleplus,RF,ajcsantiago,ajcsantiago,1,1.0,0.578947,0.826087,0.645161,0,0,5000.0,0.0,0.0,0.0,1
pairs_instagram_googleplus,RF,paolobianchi,paolobianchi,1,1.0,0.0,1.0,0.565217,0,0,5000.0,0.0,0.0,0.0,1
pairs_instagram_googleplus,RF,sherifwilliam,sherifwilliam,1,1.0,0.666667,1.0,0.913043,0,0,5000.0,0.0,0.0,0.0,1
pairs_instagram_googleplus,RF,valverdemiguez,valverdemiguez,1,1.0,0.611111,0.727273,0.666667,0,0,5000.0,0.0,0.0,0.0,1
pairs_instagram_googleplus,RF,zohare,zohare,1,1.0,0.0,1.0,0.571429,0,0,5000.0,0.0,0.0,0.0,1
pairs_instagram_googleplus,RF,jmzubi,alimanzano,0,0.673333,0.0,0.181818,0.15,0,0,5000.0,0.0,0.0,0.0,1
pairs_instagram_googleplus,RF,ferminpeluqueros,ferminpeluqueros,1,1.0,1.0,0.333333,0.888889,0,0,5000.0,0.0,0.0,0.0,1
pairs_instagram_googleplus,RF,jeremyblum,jeremyblum,1,1.0,0.058824,1.0,0.619048,0,0,5000.0,0.0,0.0,0.0,1
pairs_instagram_googleplus,RF,damienfranco,damienfranco,1,1.0,1.0,1.0,1.0,0,0,5000.0,0.0,0.0,0.0,1
pairs_instagram_googleplus,RF,amandaabella,amandaabella,1,1.0,1.0,1.0,1.0,0,0,5000.0,0.0,0.0,0.0,1
pairs_instagram_googleplus,RF,jagomf,jagomf,1,1.0,1.0,1.0,1.0,0,0,5000.0,0.0,0.0,0.0,1
pairs_instagram_googleplus,RF,hassantawab,hassantawab,1,1.0,1.0,0.454545,0.857143,0,0,5000.0,0.0,0.0,0.0,1
pairs_instagram_googleplus,RF,patriciacanellis,patriciacanellis,1,1.0,0.0,0.727273,0.5625,0,0,5000.0,0.0,0.0,0.0,1
pairs_instagram_googleplus,RF,joemoran,joemoran,1,1.0,0.384615,1.0,0.588235,0,0,5000.0,0.0,0.0,0.0,1
pairs_instagram_googleplus,RF,farryaprianto,farryaprianto,1,1.0,1.0,1.0,1.0,0,0,5000.0,0.0,0.0,0.0,1
pairs_instagram_googleplus,RF,sabrinamiso,sabrinamiso,1,1.0,0.7,0.333333,0.37037,0,0,5000.0,0.0,0.0,0.0,1
pairs_instagram_googleplus,RF,syamanthsays,syamanthsays,1,1.0,0.470588,0.529412,0.714286,0,0,5000.0,0.0,0.0,0.0,1
pairs_instagram_googleplus,RF,edgaile,edgaile,1,1.0,1.0,0.0,0.6,0,0,5000.0,0.0,0.0,0.0,1
pairs_instagram_googleplus,RF,celebrone,celebrone,1,1.0,0.5,1.0,0.95,0,0,5000.0,0.0,0.0,0.0,1
pairs_instagram_googleplus,RF,charlesbabb,charlesbabb,1,1.0,1.0,0.047619,0.5,0,0,5000.0,0.0,0.0,0.0,1
pairs_instagram_googleplus,RF,gkneefl,mariannehope,0,0.953333,0.0625,0.4375,0.333333,0,0,5000.0,0.0,0.0,0.0,1
pairs_instagram_googleplus,RF,lindapierre,lindapierre,1,1.0,1.0,1.0,1.0,0,0,5000.0,0.0,0.0,0.0,1
pairs_instagram_googleplus,RF,michaelcempa,michaelcempa,1,1.0,0.214286,1.0,0.555556,0,0,5000.0,0.0,0.0,0.0,1
pairs_instagram_googleplus,RF,jeangoodwyn,jeangoodwyn,1,1.0,1.0,1.0,1.0,0,0,5000.0,0.0,0.0,0.0,1
pairs_instagram_googleplus,RF,bruff,bruff,1,1.0,0.136364,1.0,0.518519,0,0,5000.0,0.0,0.0,0.0,1
pairs_instagram_googleplus,RF,cristopolis,cristopolis,1,1.0,0.5625,0.529412,0.55,0,0,5000.0,0.0,0.0,0.0,1
pairs_instagram_googleplus,RF,giffaririfkihidayat,giffaririfkihidayat,1,1.0,0.111111,1.0,0.521739,0,0,5000.0,0.0,0.0,0.0,1
pairs_instagram_googleplus,RF,renemueller,dianemueller,0,0.996667,0.466667,0.222222,0.375,0,0,5000.0,0.0,0.0,0.0,1
pairs_instagram_googleplus,RF,syntasium,syntasium,1,1.0,0.315789,1.0,0.730769,0,0,5000.0,0.0,0.0,0.0,1
pairs_instagram_googleplus,RF,jorgeteixeira,jorgeteixeira,1,0.986667,0.461538,0.333333,0.388889,0,0,5000.0,0.0,0.0,0.0,1
pairs_instagram_googleplus,RF,marcemars,marcemars,1,1.0,0.333333,1.0,0.875,0,0,5000.0,0.0,0.0,0.0,1
pairs_instagram_googleplus,RF,sarabiaphoto,sarabiaphoto,1,1.0,0.315789,0.705882,0.5,0,0,5000.0,0.0,0.0,0.0,1
pairs_instagram_googleplus,RF,cesvlc,cesvlc,1,1.0,0.0,0.769231,0.47619,0,0,5000.0,0.0,0.0,0.0,1
pairs_instagram_googleplus,RF,fjasonwhitaker,fjasonwhitaker,1,1.0,0.235294,1.0,0.636364,0,0,5000.0,0.0,0.0,0.0,1
pairs_instagram_googleplus,RF,georgeadria,georgeadria,1,1.0,1.0,1.0,1.0,0,0,5000.0,0.0,0.0,0.0,1
pairs_instagram_googleplus,RF,tomscholfield,tomscholfield,1,0.993333,1.0,0.058824,0.351351,0,0,5000.0,0.0,0.0,0.0,1
pairs_instagram_googleplus,RF,jessicafajans,jessicafajans,1,1.0,1.0,1.0,1.0,0,0,5000.0,0.0,0.0,0.0,1
pairs_instagram_googleplus,RF,eleanorthorne,eleanorthorne,1,1.0,0.307692,0.631579,0.541667,0,0,5000.0,0.0,0.0,0.0,1
pairs_instagram_googleplus,RF,afroninjax,afroninjax,1,1.0,0.818182,0.727273,0.625,0,0,5000.0,0.0,0.0,0.0,1
pairs_instagram_googleplus,RF,assadullah,assadullah,1,1.0,0.058824,1.0,0.5,0,0,5000.0,0.0,0.0,0.0,1
pairs_instagram_googleplus,RF,drguara,drguara,1,1.0,0.0625,1.0,0.65,0,0,5000.0,0.0,0.0,0.0,1
pairs_instagram_googleplus,RF,jenkane,jenkane,1,1.0,0.357143,1.0,0.684211,0,0,5000.0,0.0,0.0,0.0,1
pairs_instagram_googleplus,RF,stoneysteiner,stoneysteiner,1,1.0,0.461538,1.0,0.705882,0,0,5000.0,0.0,0.0,0.0,1
pairs_instagram_googleplus,RF,hopkins,hopkins,1,1.0,0.038462,1.0,0.451613,0,0,5000.0,0.0,0.0,0.0,1
pairs_instagram_googleplus,RF,jfzuluaga,jfzuluaga,1,0.85,0.333333,0.0,0.333333,0,0,5000.0,0.0,0.0,0.0,1
pairs_instagram_googleplus,RF,makeesha,makeesha,1,1.0,0.666667,1.0,0.882353,0,0,5000.0,0.0,0.0,0.0,1
pairs_instagram_googleplus,RF,cathieheart,cathieheart,1,1.0,1.0,1.0,1.0,0,0,5000.0,0.0,0.0,0.0,1
pairs_instagram_googleplus,RF,milenaregos,milenaregos,1,1.0,1.0,1.0,1.0,0,0,5000.0,0.0,0.0,0.0,1
pairs_instagram_googleplus,RF,funkybass,guardic,0,0.726667,0.133333,0.125,0.157895,0,0,5000.0,0.0,0.0,0.0,1
pairs_instagram_googleplus,RF,walterburton,walterburton,1,1.0,1.0,1.0,1.0,0,0,5000.0,0.0,0.0,0.0,1
pairs_instagram_googleplus,RF,markustressl,markustressl,1,1.0,0.0,1.0,0.565217,0,0,5000.0,0.0,0.0,0.0,1
pairs_instagram_googleplus,RF,dciandy,dciandy,1,1.0,0.230769,1.0,0.705882,0,0,5000.0,0.0,0.0,0.0,1
pairs_instagram_googleplus,RF,blaked13,blaked13,1,1.0,1.0,0.461538,1.0,0,0,5000.0,0.0,0.0,0.0,1
pairs_instagram_googleplus,RF,plastikstuhl,plastikstuhl,1,1.0,0.0,0.833333,0.5,0,0,5000.0,0.0,0.0,0.0,1
pairs_instagram_googleplus,RF,tomgeraghty,tomgeraghty,1,1.0,0.529412,1.0,0.619048,0,0,5000.0,0.0,0.0,0.0,1
pairs_instagram_googleplus,RF,earlreagan,earlreagan,1,1.0,0.7,1.0,0.785714,0,0,5000.0,0.0,0.0,0.0,1
pairs_instagram_googleplus,RF,jabellag,jabellag,1,0.99,0.636364,0.227273,0.375,0,0,5000.0,0.0,0.0,0.0,1
pairs_instagram_googleplus,RF,mthokozisig,mthokozisig,1,1.0,0.666667,1.0,0.9,0,0,5000.0,0.0,0.0,0.0,1
pairs_instagram_googleplus,RF,rolfek,rolfek,1,1.0,1.0,1.0,1.0,0,0,5000.0,0.0,0.0,0.0,1
pairs_instagram_googleplus,RF,marcosba,marcosba,1,1.0,0.636364,0.818182,0.647059,0,0,5000.0,0.0,0.0,0.0,1
pairs_instagram_googleplus,RF,leannekoh,leannekoh,1,1.0,0.7,1.0,0.785714,0,0,5000.0,0.0,0.0,0.0,1
pairs_instagram_googleplus,RF,etthompson,etthompson,1,1.0,0.571429,0.6,0.631579,0,0,5000.0,0.0,0.0,0.0,1
pairs_instagram_googleplus,RF,mikelyden,mikelyden,1,1.0,1.0,1.0,1.0,0,0,5000.0,0.0,0.0,0.0,1
pairs_instagram_googleplus,RF,barbarapigazzi,calvoconbarba,0,0.79,0.214286,0.285714,0.206897,0,0,5000.0,0.0,0.0,0.0,1
pairs_instagram_googleplus,RF,mariaalana,mariaalana,1,1.0,1.0,0.625,0.666667,0,0,5000.0,0.0,0.0,0.0,1
pairs_instagram_googleplus,RF,jordanhaines,jordanhaines,1,1.0,0.285714,1.0,0.5,0,0,5000.0,0.0,0.0,0.0,1
pairs_instagram_googleplus,RF,alruizm,alruizm,1,1.0,0.181818,0.5,0.451613,0,0,5000.0,0.0,0.0,0.0,1
pairs_instagram_googleplus,RF,grisoni77,soniaharris,0,1.0,0.384615,0.0,0.294118,0,0,5000.0,0.0,0.0,0.0,1
pairs_instagram_googleplus,RF,lenzorizzo,lenzorizzo,1,1.0,0.7,0.0,0.380952,0,0,5000.0,0.0,0.0,0.0,1
pairs_instagram_googleplus,RF,sebastianjimenez,sebastianjimenez,1,1.0,0.347826,1.0,0.607143,0,0,5000.0,0.0,0.0,0.0,1
pairs_instagram_googleplus,RF,ibeso,joesterne,0,0.62,0.083333,0.0,0.058824,0,0,5000.0,0.0,0.0,0.0,0
pairs_instagram_googleplus,RF,axknightroad,axknightroad,1,1.0,0.714286,0.368421,0.904762,0,0,5000.0,0.0,0.0,0.0,1
pairs_instagram_googleplus,RF,marwsay,marwsay,1,1.0,0.5,1.0,0.733333,0,0,5000.0,0.0,0.0,0.0,1
pairs_instagram_googleplus,RF,jayjayasuriya,jayjayasuriya,1,1.0,1.0,0.833333,1.0,0,0,5000.0,0.0,0.0,0.0,1
pairs_instagram_googleplus,RF,lindaholland,moniqueawilliams,0,0.79,0.0,0.2,0.15,0,0,5000.0,0.0,0.0,0.0,0
pairs_instagram_googleplus,RF,aleriga,aleriga,1,1.0,0.823529,1.0,0.85,0,0,5000.0,0.0,0.0,0.0,1
pairs_instagram_googleplus,RF,jamescuff,jamescuff,1,1.0,1.0,1.0,1.0,0,0,5000.0,0.0,0.0,0.0,1
pairs_instagram_googleplus,RF,hamzakhan,hamzakhan,1,1.0,0.555556,1.0,0.769231,0,0,5000.0,0.0,0.0,0.0,1
pairs_instagram_googleplus,RF,nobiann,helloethan,0,0.853333,0.071429,0.115385,0.297297,0,0,5000.0,0.0,0.0,0.0,1
pairs_instagram_googleplus,RF,shalahbowden,shalahbowden,1,1.0,0.384615,0.538462,0.5,0,0,5000.0,0.0,0.0,0.0,1
pairs_instagram_googleplus,RF,juandiegoperez,juandiegoperez,1,1.0,0.0,0.8125,0.518519,0,0,5000.0,0.0,0.0,0.0,1
pairs_instagram_googleplus,RF,nonanovi,nonanovi,1,1.0,0.166667,1.0,0.647059,0,0,5000.0,0.0,0.0,0.0,1
pairs_instagram_googleplus,RF,brionsalazar,brionsalazar,1,1.0,0.846154,1.0,0.777778,0,0,5000.0,0.0,0.0,0.0,1
pairs_instagram_googleplus,RF,whoisjuan,whoisjuan,1,1.0,0.176471,0.588235,0.4,0,0,5000.0,0.0,0.0,0.0,1
pairs_instagram_googleplus,RF,verenetta,verenetta,1,1.0,0.421053,0.5,0.5,0,0,5000.0,0.0,0.0,0.0,1
pairs_instagram_googleplus,RF,beauvarlet,beauvarlet,1,1.0,0.529412,0.85,0.826087,0,0,5000.0,0.0,0.0,0.0,1
pairs_instagram_googleplus,RF,angelramiromerina,camiloathem,0,0.85,0.153846,0.0,0.117647,0,0,5000.0,0.0,0.0,0.0,0
pairs_instagram_googleplus,RF,carmelyne,carmelyne,1,1.0,0.5,1.0,0.9,0,0,5000.0,0.0,0.0,0.0,1
pairs_instagram_googleplus,RF,barrett,barrett,1,1.0,0.0625,1.0,0.75,0,0,5000.0,0.0,0.0,0.0,1
pairs_instagram_googleplus,RF,favatas,favatas,1,1.0,0.4,1.0,0.888889,0,0,5000.0,0.0,0.0,0.0,1
pairs_instagram_googleplus,RF,fulltime,fulltime,1,0.893333,0.3,0.0,0.3,0,0,5000.0,0.0,0.0,0.0,1
pairs_instagram_googleplus,RF,adrianlp5,adrianlp5,1,1.0,0.357143,1.0,0.666667,0,0,5000.0,0.0,0.0,0.0,1
pairs_instagram_googleplus,RF,lisamurraycom,lisamurraycom,1,1.0,0.3,1.0,0.68,0,0,5000.0,0.0,0.0,0.0,1
pairs_instagram_googleplus,RF,bilyk,bilyk,1,1.0,1.0,1.0,1.0,0,0,5000.0,0.0,0.0,0.0,1
pairs_instagram_googleplus,RF,manuel,lopesluis,0,0.91,0.181818,0.1,0.307692,0,0,5000.0,0.0,0.0,0.0,0
pairs_instagram_googleplus,RF,kenn,kenn,1,1.0,0.533333,1.0,0.631579,0,0,5000.0,0.0,0.0,0.0,1
pairs_instagram_googleplus,RF,alisonlehr,alisonlehr,1,1.0,1.0,1.0,1.0,0,0,5000.0,0.0,0.0,0.0,1
pairs_instagram_googleplus,RF,dimitriskanellopoulos,dimitriskanellopoulos,1,1.0,0.4,1.0,0.875,0,0,5000.0,0.0,0.0,0.0,1
pairs_instagram_googleplus,RF,dppschoenmaker,dppschoenmaker,1,1.0,0.555556,1.0,0.818182,0,0,5000.0,0.0,0.0,0.0,1
pairs_instagram_googleplus,RF,oyewaleoyediran,oyewaleoyediran,1,1.0,0.916667,1.0,1.0,0,0,5000.0,0.0,0.0,0.0,1
pairs_instagram_googleplus,RF,clintstapleton,clintstapleton,1,1.0,1.0,1.0,1.0,0,0,5000.0,0.0,0.0,0.0,1
pairs_instagram_googleplus,RF,brodychilds,brodychilds,1,1.0,1.0,1.0,1.0,0,0,5000.0,0.0,0.0,0.0,1
pairs_instagram_googleplus,RF,thecindykelly,thecindykelly,1,1.0,0.75,1.0,0.8,0,0,5000.0,0.0,0.0,0.0,1
pairs_instagram_googleplus,RF,sambassman,sambassman,1,1.0,0.117647,1.0,0.545455,0,0,5000.0,0.0,0.0,0.0,1
pairs_instagram_googleplus,RF,briankameoka,briankameoka,1,1.0,1.0,1.0,1.0,0,0,5000.0,0.0,0.0,0.0,1
pairs_instagram_googleplus,RF,iperry,iperry,1,1.0,0.4,1.0,0.6,0,0,5000.0,0.0,0.0,0.0,1
pairs_instagram_googleplus,RF,gosiabem,gosiabem,1,1.0,1.0,1.0,1.0,0,0,5000.0,0.0,0.0,0.0,1
pairs_instagram_googleplus,RF,obiwan,obiwan,1,1.0,0.111111,1.0,0.75,0,0,5000.0,0.0,0.0,0.0,1
pairs_instagram_googleplus,RF,nalts,nalts,1,1.0,0.444444,1.0,0.923077,0,0,5000.0,0.0,0.0,0.0,1
pairs_instagram_googleplus,RF,j4nu5,j4nu5,1,1.0,0.0,1.0,0.684211,0,0,5000.0,0.0,0.0,0.0,1
pairs_instagram_googleplus,RF,bradreason,bradhuss,0,0.893333,0.230769,0.285714,0.263158,0,0,5000.0,0.0,0.0,0.0,0
pairs_instagram_googleplus,RF,conradomacalossi,conradomacalossi,1,1.0,1.0,1.0,1.0,0,0,5000.0,0.0,0.0,0.0,1
pairs_instagram_googleplus,RF,milosradovic,peterduke,0,0.703333,0.2,0.25,0.3,0,0,5000.0,0.0,0.0,0.0,0
pairs_instagram_googleplus,RF,avatara,avatara,1,1.0,0.0,0.785714,0.458333,0,0,5000.0,0.0,0.0,0.0,1
pairs_instagram_googleplus,RF,hindemith,hindemith,1,1.0,0.0,1.0,0.59375,0,0,5000.0,0.0,0.0,0.0,1
pairs_instagram_googleplus,RF,tnsuarez,tnsuarez,1,1.0,0.055556,1.0,0.521739,0,0,5000.0,0.0,0.0,0.0,1
pairs_instagram_googleplus,RF,rafaeltinel,rafaeltinel,1,1.0,1.0,1.0,1.0,0,0,5000.0,0.0,0.0,0.0,1
pairs_instagram_googleplus,RF,marisacarranza,marisacarranza,1,0.99,0.647059,0.24,0.678571,0,0,5000.0,0.0,0.0,0.0,1
pairs_instagram_googleplus,RF,avinashconda,avinashconda,1,1.0,1.0,1.0,1.0,0,0,5000.0,0.0,0.0,0.0,1
pairs_instagram_googleplus,RF,ben101,ben101,1,1.0,0.4,1.0,0.888889,0,0,5000.0,0.0,0.0,0.0,1
pairs_instagram_googleplus,RF,barriejdavies,barriejdavies,1,1.0,0.916667,1.0,0.944444,0,0,5000.0,0.0,0.0,0.0,1
pairs_instagram_googleplus,RF,yohannlibot,yohannlibot,1,1.0,1.0,0.066667,0.363636,0,0,5000.0,0.0,0.0,0.0,1
pairs_instagram_googleplus,RF,joshuarmcgee,joshuarmcgee,1,1.0,0.642857,0.692308,0.526316,0,0,5000.0,0.0,0.0,0.0,1
pairs_instagram_googleplus,RF,samboswell,samboswell,1,1.0,0.818182,1.0,0.866667,0,0,5000.0,0.0,0.0,0.0,1
pairs_instagram_googleplus,RF,parthans,parthans,1,1.0,0.4,1.0,0.85,0,0,5000.0,0.0,0.0,0.0,1
pairs_instagram_googleplus,RF,rokck,rokck,1,0.996667,0.0,0.541667,0.69697,0,0,5000.0,0.0,0.0,0.0,1
pairs_instagram_googleplus,RF,lauramjimenez,lauramjimenez,1,1.0,0.769231,0.666667,0.736842,0,0,5000.0,0.0,0.0,0.0,1
pairs_instagram_googleplus,RF,ovie,ovie,1,1.0,0.272727,1.0,0.75,0,0,5000.0,0.0,0.0,0.0,1
pairs_instagram_googleplus,RF,christopherbornstein,alicedaer,0,0.78,0.294118,0.190476,0.291667,0,0,5000.0,0.0,0.0,0.0,0
pairs_instagram_googleplus,RF,eapesteguia,eapesteguia,1,1.0,0.529412,1.0,0.904762,0,0,5000.0,0.0,0.0,0.0,1
pairs_instagram_googleplus,RF,herwigdaemon,herwigdaemon,1,1.0,1.0,1.0,1.0,0,0,5000.0,0.0,0.0,0.0,1
pairs_instagram_googleplus,RF,molivieri,rebekahradice,0,0.726667,0.133333,0.125,0.157895,0,0,5000.0,0.0,0.0,0.0,0
pairs_instagram_googleplus,RF,linzshelton,linzshelton,1,1.0,1.0,1.0,1.0,0,0,5000.0,0.0,0.0,0.0,1
pairs_instagram_googleplus,RF,cvstodia,aditiapratama,0,0.91,0.111111,0.35,0.304348,0,0,5000.0,0.0,0.0,0.0,1
pairs_instagram_googleplus,RF,thegaryjnix,thegaryjnix,1,1.0,0.0,1.0,0.416667,0,0,5000.0,0.0,0.0,0.0,1
pairs_instagram_googleplus,RF,arisadowitz,arisadowitz,1,1.0,0.166667,1.0,0.565217,0,0,5000.0,0.0,0.0,0.0,1
pairs_instagram_googleplus,RF,paulsapiano,paulsapiano,1,1.0,0.153846,0.6875,0.833333,0,0,5000.0,0.0,0.0,0.0,1
pairs_instagram_googleplus,RF,laurindel,laurindel,1,1.0,0.083333,0.7,0.5,0,0,5000.0,0.0,0.0,0.0,1
pairs_instagram_googleplus,RF,scottymcdonald,scottymcdonald,1,1.0,1.0,1.0,1.0,0,0,5000.0,0.0,0.0,0.0,1
pairs_instagram_googleplus,RF,kaymani,kaymani,1,1.0,0.111111,1.0,0.695652,0,0,5000.0,0.0,0.0,0.0,1
pairs_instagram_googleplus,RF,tavojimenez,tavojimenez,1,1.0,0.625,1.0,0.619048,0,0,5000.0,0.0,0.0,0.0,1
pairs_instagram_googleplus,RF,raen,raen,1,1.0,1.0,0.333333,0.833333,0,0,5000.0,0.0,0.0,0.0,1
pairs_instagram_googleplus,RF,nadines,nadines,1,1.0,1.0,1.0,1.0,0,0,5000.0,0.0,0.0,0.0,1
pairs_instagram_googleplus,RF,paolobarbaglia,paolobarbaglia,1,1.0,1.0,1.0,1.0,0,0,5000.0,0.0,0.0,0.0,1
pairs_instagram_googleplus,RF,eriksjos,eriksjos,1,1.0,0.416667,0.769231,0.631579,0,0,5000.0,0.0,0.0,0.0,1
pairs_instagram_googleplus,RF,annaaroca,annaaroca,1,1.0,1.0,0.333333,1.0,0,0,5000.0,0.0,0.0,0.0,1
pairs_instagram_googleplus,RF,daziapineda,daziapineda,1,1.0,0.133333,1.0,0.578947,0,0,5000.0,0.0,0.0,0.0,1
pairs_instagram_googleplus,RF,metingunvar,metingunvar,1,1.0,0.727273,0.75,0.705882,0,0,5000.0,0.0,0.0,0.0,1
pairs_instagram_googleplus,RF,brianskellie,brianskellie,1,1.0,0.428571,0.705882,0.894737,0,0,5000.0,0.0,0.0,0.0,1
pairs_instagram_googleplus,RF,hflpjtrade,karlrader,0,0.916667,0.214286,0.0,0.166667,0,0,5000.0,0.0,0.0,0.0,1
pairs_instagram_googleplus,RF,frankrodriguez,frankrodriguez,1,1.0,0.333333,0.8,0.52,0,0,5000.0,0.0,0.0,0.0,1
pairs_instagram_googleplus,RF,chethaka,chethaka,1,1.0,0.875,1.0,0.947368,0,0,5000.0,0.0,0.0,0.0,1
pairs_instagram_googleplus,RF,joelhelbling,joelhelbling,1,1.0,1.0,1.0,1.0,0,0,5000.0,0.0,0.0,0.0,1
pairs_instagram_googleplus,RF,brentcoley,brentcoley,1,1.0,0.363636,1.0,0.8,0,0,5000.0,0.0,0.0,0.0,1
pairs_instagram_googleplus,RF,suereynolds,suereynolds,1,1.0,0.0,1.0,0.461538,0,0,5000.0,0.0,0.0,0.0,1
pairs_instagram_googleplus,RF,toxicsquall,toxicsquall,1,0.996667,0.588235,0.409091,0.8,0,0,5000.0,0.0,0.0,0.0,1
pairs_instagram_googleplus,RF,halleyknigge,halleyknigge,1,1.0,0.277778,0.6,0.433333,0,0,5000.0,0.0,0.0,0.0,1
pairs_instagram_googleplus,RF,mneidich,mneidich,1,1.0,0.0,1.0,0.6,0,0,5000.0,0.0,0.0,0.0,1
pairs_instagram_googleplus,RF,philosophermattlee,philosophermattlee,1,1.0,0.6,0.411765,0.85,0,0,5000.0,0.0,0.0,0.0,1
pairs_instagram_googleplus,RF,scripty,scripty,1,1.0,0.045455,1.0,0.576923,0,0,5000.0,0.0,0.0,0.0,1
pairs_instagram_googleplus,RF,anaelisa,anaelisa,1,1.0,0.052632,0.9375,0.72,0,0,5000.0,0.0,0.0,0.0,1
pairs_instagram_googleplus,RF,jainmckay,jainmckay,1,1.0,1.0,0.0,0.473684,0,0,5000.0,0.0,0.0,0.0,1
pairs_instagram_googleplus,RF,melissawalter,melissawalter,1,1.0,0.074074,1.0,0.4375,0,0,5000.0,0.0,0.0,0.0,1
pairs_instagram_googleplus,RF,ubskur,kurtgessler,0,0.85,0.153846,0.0,0.117647,0,0,5000.0,0.0,0.0,0.0,0
pairs_instagram_googleplus,RF,janetstephenson,janetstephenson,1,1.0,1.0,1.0,1.0,0,0,5000.0,0.0,0.0,0.0,1
pairs_instagram_googleplus,RF,gabeweb,gabeweb,1,1.0,0.272727,0.636364,0.444444,0,0,5000.0,0.0,0.0,0.0,1
pairs_instagram_googleplus,RF,colleengreene,colleengreene,1,1.0,1.0,1.0,1.0,0,0,5000.0,0.0,0.0,0.0,1
pairs_instagram_googleplus,RF,ianstgermain,ianstgermain,1,1.0,0.214286,0.785714,0.65,0,0,5000.0,0.0,0.0,0.0,1
pairs_instagram_googleplus,RF,bosstonsown,bosstonsown,1,1.0,0.0,1.0,0.458333,0,0,5000.0,0.0,0.0,0.0,1
pairs_instagram_googleplus,RF,txsjohnny,txsjohnny,1,1.0,0.333333,1.0,0.631579,0,0,5000.0,0.0,0.0,0.0,1
pairs_instagram_googleplus,RF,vikramkharvi,vikramkharvi,1,1.0,1.0,1.0,1.0,0,0,5000.0,0.0,0.0,0.0,1
pairs_instagram_googleplus,RF,mattiaslundquist,mattiaslundquist,1,1.0,0.111111,0.777778,0.6,0,0,5000.0,0.0,0.0,0.0,1
pairs_instagram_googleplus,RF,intan,intan,1,1.0,0.4,1.0,0.894737,0,0,5000.0,0.0,0.0,0.0,1
pairs_instagram_googleplus,RF,lucas13lab,lucas13lab,1,1.0,0.3125,0.8125,0.714286,0,0,5000.0,0.0,0.0,0.0,1
pairs_instagram_googleplus,RF,nobuhata,nobuhata,1,1.0,1.0,1.0,1.0,0,0,5000.0,0.0,0.0,0.0,1
pairs_instagram_googleplus,RF,jnunes,remiforall,0,0.83,0.1875,0.176471,0.190476,0,0,5000.0,0.0,0.0,0.0,0
pairs_instagram_googleplus,RF,mapsgirl,mapsgirl,1,1.0,0.538462,0.866667,0.789474,0,0,5000.0,0.0,0.0,0.0,1
pairs_instagram_googleplus,RF,jithinjb,jithinjb,1,0.94,0.384615,0.5,0.333333,0,0,5000.0,0.0,0.0,0.0,1
pairs_instagram_googleplus,RF,gailobannon,gailobannon,1,1.0,0.0,1.0,0.6,0,0,5000.0,0.0,0.0,0.0,1
pairs_instagram_googleplus,RF,willcoley,willcoley,1,1.0,0.285714,1.0,0.526316,0,0,5000.0,0.0,0.0,0.0,1
pairs_instagram_googleplus,RF,josepholesh,josepholesh,1,1.0,1.0,1.0,1.0,0,0,5000.0,0.0,0.0,0.0,1
pairs_instagram_googleplus,RF,raulvillanueva,raulvillanueva,1,1.0,0.055556,0.8,0.52,0,0,5000.0,0.0,0.0,0.0,1
pairs_instagram_googleplus,RF,beerluver,beerluver,1,1.0,0.0,1.0,0.473684,0,0,5000.0,0.0,0.0,0.0,1
pairs_instagram_googleplus,RF,artchang,artchang,1,1.0,0.545455,0.5,0.533333,0,0,5000.0,0.0,0.0,0.0,1
pairs_instagram_googleplus,RF,shannonkelley,shannonkelley,1,1.0,0.333333,1.0,0.551724,0,0,5000.0,0.0,0.0,0.0,1
pairs_instagram_googleplus,RF,richardthomson,richardthomson,1,1.0,0.0,1.0,0.517241,0,0,5000.0,0.0,0.0,0.0,1
pairs_instagram_googleplus,RF,michellehoffert,michellehoffert,1,1.0,0.047619,1.0,0.68,0,0,5000.0,0.0,0.0,0.0,1
pairs_instagram_googleplus,RF,chrishartley,chrishartley,1,1.0,1.0,0.0,0.733333,0,0,5000.0,0.0,0.0,0.0,1
pairs_instagram_googleplus,RF,briankurzweil,briankurzweil,1,1.0,0.5,1.0,0.833333,0,0,5000.0,0.0,0.0,0.0,1
pairs_instagram_googleplus,RF,stephaniecain,stephaniecain,1,1.0,0.538462,1.0,0.882353,0,0,5000.0,0.0,0.0,0.0,1
pairs_instagram_googleplus,RF,dajw,dajw,1,1.0,0.0,1.0,0.684211,0,0,5000.0,0.0,0.0,0.0,1
pairs_instagram_googleplus,RF,dopie,julieraesandifer,0,0.99,0.3125,0.0,0.25,0,0,5000.0,0.0,0.0,0.0,1
pairs_instagram_googleplus,RF,laurapasquini,laurapasquini,1,1.0,1.0,1.0,1.0,0,0,5000.0,0.0,0.0,0.0,1
pairs_instagram_googleplus,RF,mattauckland,mattauckland,1,1.0,1.0,1.0,1.0,0,0,5000.0,0.0,0.0,0.0,1
pairs_instagram_googleplus,RF,delthatcher,delthatcher,1,1.0,1.0,1.0,1.0,0,0,5000.0,0.0,0.0,0.0,1
pairs_instagram_googleplus,RF,emiarai,emiarai,1,0.6275,0.2,0.285714,0.214286,0,0,5000.0,0.0,0.0,0.0,1
pairs_instagram_googleplus,RF,leongersing,leongersing,1,1.0,1.0,1.0,1.0,0,0,5000.0,0.0,0.0,0.0,1
pairs_instagram_googleplus,RF,angelfrancia,angelfrancia,1,1.0,1.0,0.363636,0.857143,0,0,5000.0,0.0,0.0,0.0,1
pairs_instagram_googleplus,RF,davidgrimes,davidgrimes,1,1.0,0.615385,1.0,0.823529,0,0,5000.0,0.0,0.0,0.0,1
pairs_instagram_googleplus,RF,djemiliot,emiliotudela,0,0.993333,0.461538,0.235294,0.318182,0,0,5000.0,0.0,0.0,0.0,1
pairs_instagram_googleplus,RF,asiace,asiace,1,1.0,0.0,1.0,0.3,0,0,5000.0,0.0,0.0,0.0,1
pairs_instagram_googleplus,RF,christopherspiewak,christopherspiewak,1,1.0,0.842105,1.0,0.869565,0,0,5000.0,0.0,0.0,0.0,1
pairs_instagram_googleplus,RF,mita56,mita56,1,1.0,1.0,0.235294,0.45,0,0,5000.0,0.0,0.0,0.0,1
pairs_instagram_googleplus,RF,damianopovoleri,damianopovoleri,1,1.0,0.05,1.0,0.64,0,0,5000.0,0.0,0.0,0.0,1
pairs_instagram_googleplus,RF,missycaulk,missycaulk,1,1.0,0.428571,0.466667,0.473684,0,0,5000.0,0.0,0.0,0.0,1
pairs_instagram_googleplus,RF,playequalspeace,playequalspeace,1,1.0,0.083333,1.0,0.5,0,0,5000.0,0.0,0.0,0.0,1
pairs_instagram_googleplus,RF,rinachong,rinachong,1,1.0,0.0,0.7,0.375,0,0,5000.0,0.0,0.0,0.0,1
pairs_instagram_googleplus,RF,erikpt,erikpt,1,1.0,0.444444,1.0,0.785714,0,0,5000.0,0.0,0.0,0.0,1
pairs_instagram_googleplus,RF,zohebraza,zohebraza,1,1.0,1.0,0.444444,0.833333,0,0,5000.0,0.0,0.0,0.0,1
pairs_instagram_googleplus,RF,mekhovov,mekhovov,1,1.0,0.4,1.0,0.684211,0,0,5000.0,0.0,0.0,0.0,1
pairs_instagram_googleplus,RF,njurgensen,njurgensen,1,1.0,0.2,1.0,0.789474,0,0,5000.0,0.0,0.0,0.0,1
pairs_instagram_googleplus,RF,mcdermott,oracleblog,0,0.93,0.333333,0.307692,0.294118,0,0,5000.0,0.0,0.0,0.0,0
pairs_instagram_googleplus,RF,mircowilhelm,mircowilhelm,1,1.0,0.05,1.0,0.52,0,0,5000.0,0.0,0.0,0.0,1
pairs_instagram_googleplus,RF,xadusx,xadusx,1,1.0,0.083333,1.0,0.588235,0,0,5000.0,0.0,0.0,0.0,1
pairs_instagram_googleplus,RF,azfarrizvi,azfarrizvi,1,1.0,1.0,0.555556,0.65,0,0,5000.0,0.0,0.0,0.0,1
pairs_instagram_googleplus,RF,kelseawilhelm,kelseyivey,0,0.99,0.333333,0.4,0.3125,0,0,5000.0,0.0,0.0,0.0,1
pairs_instagram_googleplus,RF,kasihelialg,kasihelialg,1,1.0,0.473684,1.0,0.857143,0,0,5000.0,0.0,0.0,0.0,1
pairs_instagram_googleplus,RF,israeltorres,israeltorres,1,1.0,0.846154,1.0,0.882353,0,0,5000.0,0.0,0.0,0.0,1
pairs_instagram_googleplus,RF,michaellgray,michaellgray,1,1.0,0.769231,1.0,0.722222,0,0,5000.0,0.0,0.0,0.0,1
pairs_instagram_googleplus,RF,aorcsik,aorcsik,1,1.0,0.454545,1.0,0.866667,0,0,5000.0,0.0,0.0,0.0,1
pairs_instagram_googleplus,RF,justbiglee,justbiglee,1,1.0,1.0,1.0,1.0,0,0,5000.0,0.0,0.0,0.0,1
pairs_instagram_googleplus,RF,aaroneden,aaroneden,1,1.0,1.0,1.0,1.0,0,0,5000.0,0.0,0.0,0.0,1
pairs_instagram_googleplus,RF,dabneyporte,dabneyporte,1,1.0,1.0,1.0,1.0,0,0,5000.0,0.0,0.0,0.0,1
pairs_instagram_googleplus,RF,ramdanih,ramdanih,1,1.0,0.538462,1.0,0.777778,0,0,5000.0,0.0,0.0,0.0,1
pairs_instagram_googleplus,RF,justinjackson,justinjackson,1,1.0,0.466667,1.0,0.882353,0,0,5000.0,0.0,0.0,0.0,1
pairs_instagram_googleplus,RF,johnwhitney,johnwhitney,1,1.0,0.75,0.846154,0.722222,0,0,5000.0,0.0,0.0,0.0,1
pairs_instagram_googleplus,RF,swords,swords,1,1.0,1.0,1.0,1.0,0,0,5000.0,0.0,0.0,0.0,1
pairs_instagram_googleplus,RF,samirhajiyev,gooshe,0,0.626667,0.0,0.2,0.076923,0,0,5000.0,0.0,0.0,0.0,1
pairs_instagram_googleplus,RF,mattflessner,jefflesser,0,0.756667,0.363636,0.0,0.129032,0,0,5000.0,0.0,0.0,0.0,1
pairs_instagram_googleplus,RF,primesuspect,primesuspect,1,1.0,0.105263,1.0,0.5,0,0,5000.0,0.0,0.0,0.0,1
pairs_instagram_googleplus,RF,warrenwhitlock,warrenwhitlock,1,1.0,1.0,1.0,1.0,0,0,5000.0,0.0,0.0,0.0,1
pairs_instagram_googleplus,RF,erickabe,erickabe,1,1.0,1.0,1.0,1.0,0,0,5000.0,0.0,0.0,0.0,1
pairs_instagram_googleplus,RF,seanmcmenemy,seanmcmenemy,1,1.0,0.1875,1.0,0.619048,0,0,5000.0,0.0,0.0,0.0,1
pairs_instagram_googleplus,RF,cpepin,cpepin,1,1.0,1.0,1.0,1.0,0,0,5000.0,0.0,0.0,0.0,1
pairs_instagram_googleplus,RF,alshehri,shawnday,0,0.99,0.3125,0.0,0.25,0,0,5000.0,0.0,0.0,0.0,0
pairs_instagram_googleplus,RF,alexbeckwith,alexbeckwith,1,0.99,0.038462,0.578947,0.375,0,0,5000.0,0.0,0.0,0.0,1
pairs_instagram_googleplus,RF,marcos5000,marcos5000,1,1.0,0.384615,0.7,0.470588,0,0,5000.0,0.0,0.0,0.0,1
pairs_instagram_googleplus,RF,jesusgarciav,takeshigarcia,0,0.99,0.0,0.411765,0.25,0,0,5000.0,0.0,0.0,0.0,1
pairs_instagram_googleplus,RF,giants5go5go5,giants5go5go5,1,1.0,0.0625,1.0,0.45,0,0,5000.0,0.0,0.0,0.0,1
pairs_instagram_googleplus,RF,dartanyon,dartanyon,1,1.0,0.666667,0.464286,0.466667,0,0,5000.0,0.0,0.0,0.0,1
pairs_instagram_googleplus,RF,dalereynolds,suereynolds,0,1.0,0.615385,0.642857,0.611111,0,0,5000.0,0.0,0.0,0.0,1
pairs_instagram_googleplus,RF,migscruz,migscruz,1,0.98,0.666667,0.315789,0.375,0,0,5000.0,0.0,0.0,0.0,1
pairs_instagram_googleplus,RF,michaelwylie,michaelwylie,1,1.0,1.0,0.705882,0.944444,0,0,5000.0,0.0,0.0,0.0,1
pairs_instagram_googleplus,RF,femolina,millares,0,0.94,0.0,0.35,0.235294,0,0,5000.0,0.0,0.0,0.0,0
pairs_instagram_googleplus,RF,smaku,smaku,1,1.0,0.333333,1.0,0.769231,0,0,5000.0,0.0,0.0,0.0,1
pairs_instagram_googleplus,RF,mayckxavier,mayckxavier,1,1.0,1.0,1.0,1.0,0,0,5000.0,0.0,0.0,0.0,1
pairs_instagram_googleplus,RF,haroldcabezas,haroldcabezas,1,1.0,1.0,0.461538,0.875,0,0,5000.0,0.0,0.0,0.0,1
pairs_instagram_googleplus,RF,eduardohernandezcamacho,eduardohernandezcamacho,1,1.0,0.157895,1.0,0.708333,0,0,5000.0,0.0,0.0,0.0,1
pairs_instagram_googleplus,RF,provocaretina,provocaretina,1,1.0,0.0,1.0,0.423077,0,0,5000.0,0.0,0.0,0.0,1
pairs_instagram_googleplus,RF,davidaprice,davidaprice,1,1.0,0.8,1.0,0.857143,0,0,5000.0,0.0,0.0,0.0,1
pairs_instagram_googleplus,RF,julianasakae,julianasakae,1,1.0,1.0,1.0,1.0,0,0,5000.0,0.0,0.0,0.0,1
pairs_instagram_googleplus,RF,toshialex,toshialex,1,1.0,0.0,0.647059,0.565217,0,0,5000.0,0.0,0.0,0.0,1
pairs_instagram_googleplus,RF,anscari19,oscarsantamaria,0,0.99,0.3125,0.0,0.25,0,0,5000.0,0.0,0.0,0.0,1
pairs_instagram_googleplus,RF,iaincroll,enicoiaia,0,0.87,0.0,0.222222,0.136364,0,0,5000.0,0.0,0.0,0.0,1
pairs_instagram_googleplus,RF,alsadekeen,alsadekeen,1,1.0,0.333333,1.0,0.714286,0,0,5000.0,0.0,0.0,0.0,1
pairs_instagram_googleplus,RF,chrispenny,chrispenny,1,1.0,1.0,1.0,1.0,0,0,5000.0,0.0,0.0,0.0,1
pairs_instagram_googleplus,RF,mikewood,mikewood,1,1.0,0.5,1.0,0.611111,0,0,5000.0,0.0,0.0,0.0,1
pairs_instagram_googleplus,RF,schmeezus,susanmees,0,0.9,0.230769,0.214286,0.294118,0,0,5000.0,0.0,0.0,0.0,0
pairs_instagram_googleplus,RF,mbhw,meberl,0,1.0,0.0,0.6,0.454545,0,0,5000.0,0.0,0.0,0.0,1
pairs_instagram_googleplus,RF,marciehull,marciehull,1,1.0,0.0,1.0,0.578947,0,0,5000.0,0.0,0.0,0.0,1
pairs_instagram_googleplus,RF,cyrilabbas,cyrilabbas,1,1.0,1.0,1.0,1.0,0,0,5000.0,0.0,0.0,0.0,1
pairs_instagram_googleplus,RF,mikelotaegi,mikelotaegi,1,1.0,1.0,1.0,1.0,0,0,5000.0,0.0,0.0,0.0,1
pairs_instagram_googleplus,RF,teriblaschke,teriblaschke,1,1.0,0.538462,0.441176,0.55,0,0,5000.0,0.0,0.0,0.0,1
pairs_instagram_googleplus,RF,chrislentz,chrislentz,1,1.0,0.333333,1.0,0.6875,0,0,5000.0,0.0,0.0,0.0,1
pairs_instagram_googleplus,RF,julieraesandifer,julieraesandifer,1,1.0,0.5,0.8125,0.714286,0,0,5000.0,0.0,0.0,0.0,1
pairs_instagram_googleplus,RF,stephanweiss,stephanweiss,1,1.0,0.384615,1.0,0.823529,0,0,5000.0,0.0,0.0,0.0,1
pairs_instagram_googleplus,RF,gyokusai,martinsuarez,0,0.996667,0.0,0.636364,0.333333,0,0,5000.0,0.0,0.0,0.0,1
pairs_instagram_googleplus,RF,laughedelic,laughedelic,1,1.0,0.47619,0.478261,0.846154,0,0,5000.0,0.0,0.0,0.0,1
pairs_instagram_googleplus,RF,bryanstone,bryanstone,1,1.0,0.222222,1.0,0.478261,0,0,5000.0,0.0,0.0,0.0,1
pairs_instagram_googleplus,RF,gabrielravarini,gabrielravarini,1,1.0,1.0,1.0,1.0,0,0,5000.0,0.0,0.0,0.0,1
pairs_instagram_googleplus,RF,jonathanvu,jonathanvu,1,1.0,1.0,1.0,1.0,0,0,5000.0,0.0,0.0,0.0,1
pairs_instagram_googleplus,RF,andyhickl,andyhickl,1,1.0,0.8,1.0,0.733333,0,0,5000.0,0.0,0.0,0.0,1
pairs_instagram_googleplus,RF,lunic,lunic,1,1.0,0.5,0.444444,0.545455,0,0,5000.0,0.0,0.0,0.0,1
pairs_instagram_googleplus,RF,giovanenunes,giovanenunes,1,1.0,1.0,1.0,1.0,0,0,5000.0,0.0,0.0,0.0,1
pairs_instagram_googleplus,RF,chrismontoya,chrismontoya,1,1.0,0.785714,1.0,0.736842,0,0,5000.0,0.0,0.0,0.0,1
pairs_instagram_googleplus,RF,fcoblanco,fcoblanco,1,1.0,1.0,1.0,1.0,0,0,5000.0,0.0,0.0,0.0,1
pairs_instagram_googleplus,RF,johnmischief,johnmischief,1,1.0,1.0,1.0,1.0,0,0,5000.0,0.0,0.0,0.0,1
pairs_instagram_googleplus,RF,swburdine,swburdine,1,1.0,0.461538,0.333333,0.75,0,0,5000.0,0.0,0.0,0.0,1
pairs_instagram_googleplus,RF,rjudas,rjudas,1,1.0,0.363636,1.0,0.866667,0,0,5000.0,0.0,0.0,0.0,1
pairs_instagram_googleplus,RF,victorhgtzr,vechocho,0,0.98,0.333333,0.125,0.304348,0,0,5000.0,0.0,0.0,0.0,1
pairs_instagram_googleplus,RF,tekjau,tekjau,1,1.0,0.625,1.0,0.923077,0,0,5000.0,0.0,0.0,0.0,1
pairs_instagram_googleplus,RF,michellenichols,michellenichols,1,1.0,0.0,1.0,0.466667,0,0,5000.0,0.0,0.0,0.0,1
pairs_instagram_googleplus,RF,colinrusso,colinrusso,1,1.0,1.0,1.0,1.0,0,0,5000.0,0.0,0.0,0.0,1
pairs_instagram_googleplus,RF,chrisdiaz,chrisdiaz,1,1.0,0.7,0.818182,0.6875,0,0,5000.0,0.0,0.0,0.0,1
pairs_instagram_googleplus,RF,stephintoronto,stephintoronto,1,1.0,1.0,0.384615,0.875,0,0,5000.0,0.0,0.0,0.0,1
pairs_instagram_googleplus,RF,giraudkd,giraudkd,1,1.0,0.25,1.0,0.703704,0,0,5000.0,0.0,0.0,0.0,1
pairs_instagram_googleplus,RF,gabealonso,gabealonso,1,1.0,0.666667,1.0,0.923077,0,0,5000.0,0.0,0.0,0.0,1
pairs_instagram_googleplus,RF,sergiocastro,sergiocastro,1,1.0,0.785714,0.625,0.666667,0,0,5000.0,0.0,0.0,0.0,1
pairs_instagram_googleplus,RF,mdupls,mdupls,1,1.0,0.176471,1.0,0.869565,0,0,5000.0,0.0,0.0,0.0,1
pairs_instagram_googleplus,RF,rheyankaj,rheyankaj,1,1.0,1.0,0.058824,0.428571,0,0,5000.0,0.0,0.0,0.0,1
pairs_instagram_googleplus,RF,rubenbrave,rubenbrave,1,1.0,0.363636,1.0,0.8,0,0,5000.0,0.0,0.0,0.0,1
pairs_instagram_googleplus,RF,garthsmitman,garthsmitman,1,1.0,0.5,1.0,0.875,0,0,5000.0,0.0,0.0,0.0,1
pairs_instagram_googleplus,RF,vanou,vanora,0,0.913333,0.428571,0.375,0.333333,0,0,5000.0,0.0,0.0,0.0,1
pairs_instagram_googleplus,RF,caseygonzales,caseygonzales,1,1.0,0.333333,0.461538,0.473684,0,0,5000.0,0.0,0.0,0.0,1
pairs_instagram_googleplus,RF,peterlombard,peterlombard,1,1.0,0.142857,1.0,0.684211,0,0,5000.0,0.0,0.0,0.0,1
pairs_instagram_googleplus,RF,chicotoxico,chicotoxico,1,1.0,0.545455,0.461538,0.5625,0,0,5000.0,0.0,0.0,0.0,1
pairs_instagram_googleplus,RF,danieldiazandres,surfpunkian,0,1.0,0.466667,0.555556,0.473684,0,0,5000.0,0.0,0.0,0.0,1
pairs_instagram_googleplus,RF,rafaelknupfer,rafaelknupfer,1,1.0,0.769231,0.785714,0.823529,0,0,5000.0,0.0,0.0,0.0,1
pairs_instagram_googleplus,RF,erinjeany,erinjeany,1,1.0,0.142857,1.0,0.538462,0,0,5000.0,0.0,0.0,0.0,1
pairs_instagram_googleplus,RF,ianord,ianord,1,0.993333,0.0,1.0,0.304348,0,0,5000.0,0.0,0.0,0.0,1
pairs_instagram_googleplus,RF,jefflombardo,jefflombardo,1,1.0,1.0,1.0,1.0,0,0,5000.0,0.0,0.0,0.0,1
pairs_instagram_googleplus,RF,laurarenieri,lkpetrolino,0,0.876667,0.285714,0.333333,0.296296,0,0,5000.0,0.0,0.0,0.0,1
pairs_instagram_googleplus,RF,yannawilson,yannawilson,1,1.0,0.222222,1.0,0.521739,0,0,5000.0,0.0,0.0,0.0,1
pairs_instagram_googleplus,RF,tjgraf,tjgraf,1,1.0,0.230769,1.0,0.611111,0,0,5000.0,0.0,0.0,0.0,1
pairs_instagram_googleplus,RF,giuseppeazzaro,giuseppeazzaro,1,1.0,0.2,1.0,0.75,0,0,5000.0,0.0,0.0,0.0,1
pairs_instagram_googleplus,RF,jeremycwilson,jeremycwilson,1,1.0,1.0,1.0,1.0,0,0,5000.0,0.0,0.0,0.0,1
pairs_instagram_googleplus,RF,andreadellacqua,andrewhau,0,1.0,0.083333,0.444444,0.375,0,0,5000.0,0.0,0.0,0.0,1
pairs_instagram_googleplus,RF,egalli,egalli,1,1.0,0.461538,1.0,0.882353,0,0,5000.0,0.0,0.0,0.0,1
pairs_instagram_googleplus,RF,emanuelepapi,emanuelepapi,1,1.0,0.769231,1.0,0.823529,0,0,5000.0,0.0,0.0,0.0,1
pairs_instagram_googleplus,RF,ginecita,ginastark,0,0.97,0.25,0.230769,0.3125,0,0,5000.0,0.0,0.0,0.0,1
pairs_instagram_googleplus,RF,kevintrotman,kevintrotman,1,1.0,0.055556,1.0,0.590909,0,0,5000.0,0.0,0.0,0.0,1
pairs_instagram_googleplus,RF,animerxn,animerxn,1,1.0,0.5,0.4375,0.8,0,0,5000.0,0.0,0.0,0.0,1
pairs_instagram_googleplus,RF,kenwatson,kenwatson,1,0.976667,0.416667,0.346154,0.294118,0,0,5000.0,0.0,0.0,0.0,1
pairs_instagram_googleplus,RF,phelzito,phelzito,1,1.0,0.133333,1.0,0.6,0,0,5000.0,0.0,0.0,0.0,1
pairs_instagram_googleplus,RF,osamakhaled,osamakhaled,1,1.0,0.0625,1.0,0.571429,0,0,5000.0,0.0,0.0,0.0,1
pairs_instagram_googleplus,RF,neilalexander,neilalexander,1,1.0,0.052632,1.0,0.583333,0,0,5000.0,0.0,0.0,0.0,1
pairs_instagram_googleplus,RF,michaelkoenig,michaelkoenig,1,1.0,0.0,1.0,0.5,0,0,5000.0,0.0,0.0,0.0,1
pairs_instagram_googleplus,RF,seronline,victortalha,0,1.0,0.368421,0.0,0.264706,0,0,5000.0,0.0,0.0,0.0,1
pairs_instagram_googleplus,RF,vmshreddy,vivekreddy,0,0.94,0.266667,0.3125,0.25,0,0,5000.0,0.0,0.0,0.0,1
pairs_instagram_googleplus,RF,deckerweb,deckerweb,1,1.0,0.384615,1.0,0.647059,0,0,5000.0,0.0,0.0,0.0,1
pairs_instagram_googleplus,RF,gpagliucas,gpagliucas,1,1.0,0.411765,1.0,0.809524,0,0,5000.0,0.0,0.0,0.0,1
pairs_instagram_googleplus,RF,zulfikrock,zulfikrock,1,1.0,0.6,0.222222,0.48,0,0,5000.0,0.0,0.0,0.0,1
pairs_instagram_googleplus,RF,stefanjez,stefanjez,1,1.0,1.0,0.05,0.416667,0,0,5000.0,0.0,0.0,0.0,1
pairs_instagram_googleplus,RF,moseljack,moseljack,1,1.0,0.777778,0.0,0.538462,0,0,5000.0,0.0,0.0,0.0,1
pairs_instagram_googleplus,RF,staciehaightconnerty,staciehaightconnerty,1,1.0,0.185185,0.666667,0.441176,0,0,5000.0,0.0,0.0,0.0,1
pairs_instagram_googleplus,RF,getpalmd,getpalmd,1,1.0,1.0,0.666667,0.833333,0,0,5000.0,0.0,0.0,0.0,1
pairs_instagram_googleplus,RF,millares,millares,1,1.0,0.714286,0.4,0.48,0,0,5000.0,0.0,0.0,0.0,1
pairs_instagram_googleplus,RF,joeybryant,joeybryant,1,0.963333,0.0,1.0,0.392857,0,0,5000.0,0.0,0.0,0.0,1
pairs_instagram_googleplus,RF,miph,miph,1,1.0,0.0,0.666667,0.7,0,0,5000.0,0.0,0.0,0.0,1
pairs_instagram_googleplus,RF,marionaaragay,marionaaragay,1,1.0,1.0,1.0,1.0,0,0,5000.0,0.0,0.0,0.0,1
pairs_instagram_googleplus,RF,jrwoodward,jrwoodward,1,1.0,0.05,1.0,0.458333,0,0,5000.0,0.0,0.0,0.0,1
pairs_instagram_googleplus,RF,lagonzi,lagonzi,1,1.0,0.235294,1.0,0.818182,0,0,5000.0,0.0,0.0,0.0,1
pairs_instagram_googleplus,RF,fzzio,fzzio,1,1.0,0.0625,0.7,0.64,0,0,5000.0,0.0,0.0,0.0,1
pairs_instagram_googleplus,RF,maxculleen,maxculleen,1,1.0,0.615385,0.642857,0.611111,0,0,5000.0,0.0,0.0,0.0,1
pairs_instagram_googleplus,RF,marloncureg,marloncureg,1,1.0,0.0,1.0,0.434783,0,0,5000.0,0.0,0.0,0.0,1
pairs_instagram_googleplus,RF,raullazar,raullazar,1,1.0,0.3,1.0,0.714286,0,0,5000.0,0.0,0.0,0.0,1
pairs_instagram_googleplus,RF,vaseem,vaseem,1,1.0,0.416667,1.0,0.8125,0,0,5000.0,0.0,0.0,0.0,1
pairs_instagram_googleplus,RF,avikaco,avikaco,1,1.0,0.076923,1.0,0.555556,0,0,5000.0,0.0,0.0,0.0,1
pairs_instagram_googleplus,RF,ivankovacevic,ivankovacevic,1,1.0,0.916667,1.0,0.823529,0,0,5000.0,0.0,0.0,0.0,1
pairs_instagram_googleplus,RF,thatgirlmegan,thatgirlmegan,1,1.0,0.235294,1.0,0.55,0,0,5000.0,0.0,0.0,0.0,1
pairs_instagram_googleplus,RF,elsabonafonte,elsabonafonte,1,1.0,0.6875,0.705882,0.652174,0,0,5000.0,0.0,0.0,0.0,1
pairs_instagram_googleplus,RF,peppayo,peppayo,1,0.996667,1.0,0.285714,0.888889,0,0,5000.0,0.0,0.0,0.0,1
pairs_instagram_googleplus,RF,joypoulsen,joysgupta,0,0.873333,0.105263,0.416667,0.24,0,0,5000.0,0.0,0.0,0.0,1
pairs_instagram_googleplus,RF,nicolevsanchez,nicolevsanchez,1,1.0,0.6875,0.0,0.55,0,0,5000.0,0.0,0.0,0.0,1
pairs_instagram_googleplus,RF,cristiancraig,cristiancraig,1,1.0,0.846154,0.222222,0.518519,0,0,5000.0,0.0,0.0,0.0,1
pairs_instagram_googleplus,RF,dbproductionltd,dbproductionltd,1,1.0,0.769231,1.0,0.764706,0,0,5000.0,0.0,0.0,0.0,1
pairs_instagram_googleplus,RF,havepening,bobbychuck,0,0.790556,0.0,0.0,0.033333,0,0,5000.0,0.0,0.0,0.0,0
pairs_instagram_googleplus,RF,drkevinlau,drkevinlau,1,1.0,0.071429,0.727273,0.55,0,0,5000.0,0.0,0.0,0.0,1
pairs_instagram_googleplus,RF,enzomartinez,koryklem,0,0.62,0.083333,0.0,0.058824,0,0,5000.0,0.0,0.0,0.0,1
pairs_instagram_googleplus,RF,libertrand,bertboerland,0,1.0,0.357143,0.0,0.294118,0,0,5000.0,0.0,0.0,0.0,0
pairs_instagram_googleplus,RF,alexreekie,alexreekie,1,1.0,0.533333,0.5625,0.55,0,0,5000.0,0.0,0.0,0.0,1
pairs_instagram_googleplus,RF,shepdaddy,shepdaddy,1,1.0,0.222222,1.0,0.636364,0,0,5000.0,0.0,0.0,0.0,1
pairs_instagram_googleplus,RF,davidinlines,davidinlines,1,1.0,1.0,1.0,1.0,0,0,5000.0,0.0,0.0,0.0,1
pairs_instagram_googleplus,RF,know4life,know4life,1,1.0,0.0,0.583333,0.851852,0,0,5000.0,0.0,0.0,0.0,1
pairs_instagram_googleplus,RF,jimenamazucco,jimenamazucco,1,1.0,1.0,0.785714,0.875,0,0,5000.0,0.0,0.0,0.0,1
pairs_instagram_googleplus,RF,tomromano,tomyu,0,0.943333,0.0,0.4,0.136364,0,0,5000.0,0.0,0.0,0.0,1
pairs_instagram_googleplus,RF,roccoruffa,roccoruffa,1,1.0,0.727273,1.0,0.785714,0,0,5000.0,0.0,0.0,0.0,1
pairs_instagram_googleplus,RF,cintiavanesadias,cintiavanesadias,1,0.85,0.043478,0.625,0.2,0,0,5000.0,0.0,0.0,0.0,1
pairs_instagram_googleplus,RF,rycosandy,rycosandy,1,1.0,0.263158,1.0,0.8,0,0,5000.0,0.0,0.0,0.0,1
pairs_instagram_googleplus,RF,samuelstrickland,samuelstrickland,1,1.0,0.7,1.0,0.769231,0,0,5000.0,0.0,0.0,0.0,1
pairs_instagram_googleplus,RF,fernandabh,fernandabh,1,1.0,0.4375,0.736842,0.625,0,0,5000.0,0.0,0.0,0.0,1
pairs_instagram_googleplus,RF,dangordon,dangordon,1,1.0,0.583333,1.0,0.875,0,0,5000.0,0.0,0.0,0.0,1
pairs_instagram_googleplus,RF,ryanriot,ryanriot,1,1.0,0.272727,1.0,0.714286,0,0,5000.0,0.0,0.0,0.0,1
pairs_instagram_googleplus,RF,kshkhanna,kshkhanna,1,1.0,0.846154,1.0,0.8125,0,0,5000.0,0.0,0.0,0.0,1
pairs_instagram_googleplus,RF,jakeathomas,jakeathomas,1,1.0,0.375,1.0,0.571429,0,0,5000.0,0.0,0.0,0.0,1
pairs_instagram_googleplus,RF,difol,difol,1,1.0,0.125,0.888889,0.904762,0,0,5000.0,0.0,0.0,0.0,1
pairs_instagram_googleplus,RF,narayanann,narayanann,1,1.0,1.0,0.75,1.0,0,0,5000.0,0.0,0.0,0.0,1
pairs_instagram_googleplus,RF,raulk,raulk,1,1.0,0.272727,0.818182,0.555556,0,0,5000.0,0.0,0.0,0.0,1
pairs_instagram_googleplus,RF,dianaantholis,dianaantholis,1,1.0,1.0,1.0,1.0,0,0,5000.0,0.0,0.0,0.0,1
pairs_instagram_googleplus,RF,wesleycruise,wesleycruise,1,1.0,1.0,1.0,1.0,0,0,5000.0,0.0,0.0,0.0,1
pairs_instagram_googleplus,RF,jacobtell,jacobtell,1,1.0,1.0,1.0,1.0,0,0,5000.0,0.0,0.0,0.0,1
pairs_instagram_googleplus,RF,flavenne,jennaavery,0,0.957778,0.333333,0.0,0.181818,0,0,5000.0,0.0,0.0,0.0,1
pairs_instagram_googleplus,RF,nerism,nerism,1,0.973333,0.0,0.444444,0.227273,0,0,5000.0,0.0,0.0,0.0,1
pairs_instagram_googleplus,RF,whitneyenglish,whitneyenglish,1,1.0,1.0,1.0,1.0,0,0,5000.0,0.0,0.0,0.0,1
pairs_instagram_googleplus,RF,nanaweber,nanaweber,1,0.983333,0.0,1.0,0.36,0,0,5000.0,0.0,0.0,0.0,1
pairs_instagram_googleplus,RF,insurgo222,dengdeng,0,0.966111,0.0,0.416667,0.208333,0,0,5000.0,0.0,0.0,0.0,1
pairs_instagram_googleplus,RF,friederikeschmidt,friederikeschmidt,1,1.0,0.125,1.0,0.586207,0,0,5000.0,0.0,0.0,0.0,1
pairs_instagram_googleplus,RF,dashable,dashable,1,0.893333,0.133333,0.428571,0.391304,0,0,5000.0,0.0,0.0,0.0,1
pairs_instagram_googleplus,RF,paulmederos,paulmederos,1,1.0,0.375,0.6875,0.727273,0,0,5000.0,0.0,0.0,0.0,1
pairs_instagram_googleplus,RF,jonarogers,jonarogers,1,1.0,0.347826,1.0,0.592593,0,0,5000.0,0.0,0.0,0.0,1
pairs_instagram_googleplus,RF,tobiaskemper,tobiaskemper,1,1.0,0.111111,1.0,0.727273,0,0,5000.0,0.0,0.0,0.0,1
pairs_instagram_googleplus,RF,agathamarsha,agathamarsha,1,1.0,0.235294,1.0,0.65,0,0,5000.0,0.0,0.0,0.0,1
pairs_instagram_googleplus,RF,rikkiarundel,rikkiarundel,1,1.0,1.0,1.0,1.0,0,0,5000.0,0.0,0.0,0.0,1
pairs_instagram_googleplus,RF,elwaslibet,elwaslibet,1,1.0,0.6,1.0,0.904762,0,0,5000.0,0.0,0.0,0.0,1
pairs_instagram_googleplus,RF,hldpn,carlhan,0,0.653333,0.0,0.0,0.142857,0,0,5000.0,0.0,0.0,0.0,1
pairs_instagram_googleplus,RF,littlebitsandpieces,melissata,0,0.99,0.052632,0.75,0.304348,0,0,5000.0,0.0,0.0,0.0,1
pairs_instagram_googleplus,RF,utsavmaden,utsavmaden,1,1.0,1.0,1.0,1.0,0,0,5000.0,0.0,0.0,0.0,1
pairs_instagram_googleplus,RF,dhilipsiva,dhilipsiva,1,1.0,0.642857,0.75,0.611111,0,0,5000.0,0.0,0.0,0.0,1
pairs_instagram_googleplus,RF,davelabush,davelabush,1,1.0,0.583333,1.0,0.8125,0,0,5000.0,0.0,0.0,0.0,1
pairs_instagram_googleplus,RF,andrerbrown,tamarabubble,0,0.83,0.1875,0.176471,0.190476,0,0,5000.0,0.0,0.0,0.0,0
pairs_instagram_googleplus,RF,elbaloo,elbaloo,1,1.0,0.043478,0.8,0.928571,0,0,5000.0,0.0,0.0,0.0,1
pairs_instagram_googleplus,RF,enriquemeza,enriquemeza,1,1.0,0.666667,1.0,0.65,0,0,5000.0,0.0,0.0,0.0,1
pairs_instagram_googleplus,RF,johnbishopimages,johnbishopimages,1,1.0,0.529412,1.0,0.545455,0,0,5000.0,0.0,0.0,0.0,1
pairs_instagram_googleplus,RF,mananpatel,mananpatel,1,1.0,0.363636,1.0,0.8,0,0,5000.0,0.0,0.0,0.0,1
pairs_instagram_googleplus,RF,eisema,eisema,1,1.0,0.555556,1.0,0.923077,0,0,5000.0,0.0,0.0,0.0,1
pairs_instagram_googleplus,RF,mikejeide,mikejeide,1,1.0,0.4,1.0,0.714286,0,0,5000.0,0.0,0.0,0.0,1
pairs_instagram_googleplus,RF,stephenbarr,stephenbarr,1,1.0,1.0,1.0,1.0,0,0,5000.0,0.0,0.0,0.0,1
pairs_instagram_googleplus,RF,bonarae,bonarae,1,1.0,0.461538,1.0,0.944444,0,0,5000.0,0.0,0.0,0.0,1
pairs_instagram_googleplus,RF,glemak,glemak,1,1.0,0.0,1.0,0.529412,0,0,5000.0,0.0,0.0,0.0,1
pairs_instagram_googleplus,RF,ahaportugal,ahaportugal,1,1.0,0.588235,0.0,0.47619,0,0,5000.0,0.0,0.0,0.0,1
pairs_instagram_googleplus,RF,franktraylor,franktraylor,1,1.0,1.0,1.0,1.0,0,0,5000.0,0.0,0.0,0.0,1
pairs_instagram_googleplus,RF,corikesler,corikesler,1,1.0,0.2,1.0,0.55,0,0,5000.0,0.0,0.0,0.0,1
pairs_instagram_googleplus,RF,larrybradshaw,larrybradshaw,1,1.0,0.052632,1.0,0.583333,0,0,5000.0,0.0,0.0,0.0,1
pairs_instagram_googleplus,RF,martinpsialer,martinpsialer,1,1.0,1.0,1.0,1.0,0,0,5000.0,0.0,0.0,0.0,1
pairs_instagram_googleplus,RF,stiofanoriain,stiofanoriain,1,1.0,1.0,1.0,1.0,0,0,5000.0,0.0,0.0,0.0,1
pairs_instagram_googleplus,RF,ccostan,ccostan,1,1.0,0.294118,1.0,0.619048,0,0,5000.0,0.0,0.0,0.0,1
pairs_instagram_googleplus,RF,michaelfleming,michaelfleming,1,1.0,0.05,1.0,0.56,0,0,5000.0,0.0,0.0,0.0,1
pairs_instagram_googleplus,RF,evasanagustin,evasanagustin,1,1.0,1.0,0.733333,0.888889,0,0,5000.0,0.0,0.0,0.0,1
pairs_instagram_googleplus,RF,lucioscarpa,lucioscarpa,1,1.0,1.0,1.0,1.0,0,0,5000.0,0.0,0.0,0.0,1
pairs_instagram_googleplus,RF,mathiasmaul,mathiasmaul,1,1.0,1.0,1.0,1.0,0,0,5000.0,0.0,0.0,0.0,1
pairs_instagram_googleplus,RF,bryanmurley,bryanmurley,1,1.0,1.0,0.0,0.714286,0,0,5000.0,0.0,0.0,0.0,1
pairs_instagram_googleplus,RF,threedot,nicholasreed,0,0.904556,0.222222,0.0,0.181818,0,0,5000.0,0.0,0.0,0.0,0
pairs_instagram_googleplus,RF,adeelnkhan,adeelnkhan,1,1.0,0.0,1.0,0.5,0,0,5000.0,0.0,0.0,0.0,1
pairs_instagram_googleplus,RF,dayn,dayn,1,1.0,0.230769,1.0,0.882353,0,0,5000.0,0.0,0.0,0.0,1
pairs_instagram_googleplus,RF,naireh,naireh,1,1.0,0.0,1.0,0.6,0,0,5000.0,0.0,0.0,0.0,1
pairs_instagram_googleplus,RF,jensan,jennyweigle,0,1.0,0.133333,0.461538,0.318182,0,0,5000.0,0.0,0.0,0.0,0
pairs_instagram_googleplus,RF,alisovsky,alisovsky,1,1.0,0.307692,1.0,0.647059,0,0,5000.0,0.0,0.0,0.0,1
pairs_instagram_googleplus,RF,kyrcha,kyrcha,1,1.0,0.181818,1.0,0.851852,0,0,5000.0,0.0,0.0,0.0,1
pairs_instagram_googleplus,RF,rayhanbaradi,rayhanbaradi,1,1.0,0.166667,0.722222,0.56,0,0,5000.0,0.0,0.0,0.0,1
pairs_instagram_googleplus,RF,acnatta,acnatta,1,1.0,0.363636,0.727273,0.6875,0,0,5000.0,0.0,0.0,0.0,1
pairs_instagram_googleplus,RF,ijonas,ijonas,1,1.0,0.333333,1.0,0.894737,0,0,5000.0,0.0,0.0,0.0,1
pairs_instagram_googleplus,RF,lisamackay,lisamackay,1,1.0,0.153846,1.0,0.647059,0,0,5000.0,0.0,0.0,0.0,1
pairs_instagram_googleplus,RF,johnmknight,johnmknight,1,1.0,0.727273,0.0,0.533333,0,0,5000.0,0.0,0.0,0.0,1
pairs_instagram_googleplus,RF,tamarabubble,tamarabubble,1,1.0,1.0,1.0,1.0,0,0,5000.0,0.0,0.0,0.0,1
pairs_instagram_googleplus,RF,cristianovalim,cristianovalim,1,1.0,1.0,1.0,1.0,0,0,5000.0,0.0,0.0,0.0,1
pairs_instagram_googleplus,RF,stanley,juanpe,0,0.707833,0.0,0.32,0.228571,0,0,5000.0,0.0,0.0,0.0,0
pairs_instagram_googleplus,RF,tmazon,tmazon,1,1.0,0.5,1.0,0.833333,0,0,5000.0,0.0,0.0,0.0,1
pairs_instagram_googleplus,RF,davidemontanaro,davidemontanaro,1,1.0,1.0,1.0,1.0,0,0,5000.0,0.0,0.0,0.0,1
pairs_instagram_googleplus,RF,buraktuylek,buraktuylek,1,1.0,0.25,0.75,0.588235,0,0,5000.0,0.0,0.0,0.0,1
pairs_instagram_googleplus,RF,mircodimarcello,mircodimarcello,1,1.0,1.0,1.0,1.0,0,0,5000.0,0.0,0.0,0.0,1
pairs_instagram_googleplus,RF,dorothylovy,artlove,0,0.653333,0.0,0.0,0.142857,0,0,5000.0,0.0,0.0,0.0,1
pairs_instagram_googleplus,RF,thesournotes,ernesthe,0,0.613333,0.307692,0.105263,0.227273,0,0,5000.0,0.0,0.0,0.0,0
pairs_instagram_googleplus,RF,designinvan,danielamoraes,0,1.0,0.35,0.0,0.25,0,0,5000.0,0.0,0.0,0.0,1
pairs_instagram_googleplus,RF,hebervega,hebervega,1,1.0,0.571429,1.0,0.578947,0,0,5000.0,0.0,0.0,0.0,1
pairs_instagram_googleplus,RF,gustiana,gustiana,1,1.0,0.7,0.636364,0.642857,0,0,5000.0,0.0,0.0,0.0,1
pairs_instagram_googleplus,RF,sachaqs,sachaqs,1,1.0,0.3125,0.7,0.64,0,0,5000.0,0.0,0.0,0.0,1
pairs_instagram_googleplus,RF,joshuawagy,joshuagalloway,0,1.0,0.466667,0.411765,0.5,0,0,5000.0,0.0,0.0,0.0,0
pairs_instagram_googleplus,RF,jaybull95,jaybull95,1,1.0,0.666667,1.0,0.642857,0,0,5000.0,0.0,0.0,0.0,1
pairs_instagram_googleplus,RF,shashankkulkarni,shashankkulkarni,1,1.0,0.388889,1.0,0.652174,0,0,5000.0,0.0,0.0,0.0,1
pairs_instagram_googleplus,RF,chriscandy,chriscandy,1,1.0,0.642857,1.0,0.611111,0,0,5000.0,0.0,0.0,0.0,1
pairs_instagram_googleplus,RF,deanmarsden,deanmarsden,1,1.0,1.0,1.0,1.0,0,0,5000.0,0.0,0.0,0.0,1
pairs_instagram_googleplus,RF,perolofarnas,perolofarnas,1,0.763333,0.142857,0.1875,0.285714,0,0,5000.0,0.0,0.0,0.0,1
pairs_instagram_googleplus,RF,trezzaalfonso,trezzaalfonso,1,1.0,0.0,1.0,0.7,0,0,5000.0,0.0,0.0,0.0,1
pairs_instagram_googleplus,RF,curtisnatalie,curtisnatalie,1,1.0,1.0,1.0,1.0,0,0,5000.0,0.0,0.0,0.0,1
pairs_instagram_googleplus,RF,eliut,eliut,1,1.0,0.4,0.666667,0.6,0,0,5000.0,0.0,0.0,0.0,1
pairs_instagram_googleplus,RF,amandablain,amandablain,1,1.0,1.0,1.0,1.0,0,0,5000.0,0.0,0.0,0.0,1
pairs_instagram_googleplus,RF,dmjoaoigor,dmjoaoigor,1,1.0,0.5,0.0,0.357143,0,0,5000.0,0.0,0.0,0.0,1
pairs_instagram_googleplus,RF,shokolalife,shokolalife,1,0.956667,0.428571,0.545455,0.368421,0,0,5000.0,0.0,0.0,0.0,1
pairs_instagram_googleplus,RF,paulinekiseleva,paulinekiseleva,1,1.0,0.166667,1.0,0.681818,0,0,5000.0,0.0,0.0,0.0,1
pairs_instagram_googleplus,RF,wrahool,wrahool,1,1.0,0.0,1.0,0.653846,0,0,5000.0,0.0,0.0,0.0,1
pairs_instagram_googleplus,RF,larryjgalante,larryjgalante,1,1.0,1.0,0.846154,0.882353,0,0,5000.0,0.0,0.0,0.0,1
pairs_instagram_googleplus,RF,svengauditz,nicolelee,0,0.856667,0.3,0.333333,0.285714,0,0,5000.0,0.0,0.0,0.0,0
pairs_instagram_googleplus,RF,lukerumley,lukerumley,1,1.0,1.0,1.0,1.0,0,0,5000.0,0.0,0.0,0.0,1
pairs_instagram_googleplus,RF,thepanda,joeyfeith,0,0.977222,0.0,0.4,0.263158,0,0,5000.0,0.0,0.0,0.0,1
pairs_instagram_googleplus,RF,danbrown,dschnittman,0,0.926667,0.0,0.5,0.142857,0,0,5000.0,0.0,0.0,0.0,1
pairs_instagram_googleplus,RF,robertbadillo,robertbadillo,1,1.0,0.0,1.0,0.625,0,0,5000.0,0.0,0.0,0.0,1
pairs_instagram_googleplus,RF,wendyjordan,wendyjordan,1,0.96,0.75,0.03125,0.263158,0,0,5000.0,0.0,0.0,0.0,1
pairs_instagram_googleplus,RF,susanmees,susanmees,1,1.0,0.153846,1.0,0.555556,0,0,5000.0,0.0,0.0,0.0,1
pairs_instagram_googleplus,RF,socialcrm,socialcrm,1,1.0,1.0,0.0,0.684211,0,0,5000.0,0.0,0.0,0.0,1
pairs_instagram_googleplus,RF,remiforall,remiforall,1,1.0,0.058824,0.75,0.416667,0,0,5000.0,0.0,0.0,0.0,1
pairs_instagram_googleplus,RF,mukiibijohn,mukiibijohn,1,0.986667,0.411765,0.0,0.304348,0,0,5000.0,0.0,0.0,0.0,1
pairs_instagram_googleplus,RF,luisvivancosoriano,luisvivancosoriano,1,1.0,0.0,0.722222,0.466667,0,0,5000.0,0.0,0.0,0.0,1
pairs_instagram_googleplus,RF,salvadoraceves,salvadoraceves,1,1.0,0.043478,1.0,0.535714,0,0,5000.0,0.0,0.0,0.0,1
pairs_instagram_googleplus,RF,raychang,raychang,1,1.0,0.5,0.25,0.411765,0,0,5000.0,0.0,0.0,0.0,1
pairs_instagram_googleplus,RF,mamadweeb,wandernwoman,0,0.99,0.083333,0.714286,0.315789,0,0,5000.0,0.0,0.0,0.0,1
pairs_instagram_googleplus,RF,sethwyatt,sethwyatt,1,1.0,0.7,1.0,0.785714,0,0,5000.0,0.0,0.0,0.0,1
pairs_instagram_googleplus,RF,avinashraghava,avinashraghava,1,1.0,1.0,0.571429,0.882353,0,0,5000.0,0.0,0.0,0.0,1
pairs_instagram_googleplus,RF,kaleighmackay,kaleighmackay,1,1.0,0.733333,1.0,0.789474,0,0,5000.0,0.0,0.0,0.0,1
pairs_instagram_googleplus,RF,ihakkim,ihakkim,1,1.0,0.454545,1.0,0.866667,0,0,5000.0,0.0,0.0,0.0,1
pairs_instagram_googleplus,RF,johnkaminski,johnkaminski,1,1.0,1.0,1.0,1.0,0,0,5000.0,0.0,0.0,0.0,1
pairs_instagram_googleplus,RF,nicholasgarofalo,nicholasgarofalo,1,1.0,0.130435,1.0,0.607143,0,0,5000.0,0.0,0.0,0.0,1
pairs_instagram_googleplus,RF,madgrin,madgrin,1,1.0,0.230769,1.0,0.833333,0,0,5000.0,0.0,0.0,0.0,1
pairs_instagram_googleplus,RF,ortysan,neocroma,0,0.98,0.142857,0.428571,0.272727,0,0,5000.0,0.0,0.0,0.0,1
pairs_instagram_googleplus,RF,zachhayden,zachhayden,1,1.0,0.384615,1.0,0.705882,0,0,5000.0,0.0,0.0,0.0,1
pairs_instagram_googleplus,RF,janholmquist,janholmquist,1,1.0,1.0,1.0,1.0,0,0,5000.0,0.0,0.0,0.0,1
pairs_instagram_googleplus,RF,kimhong,kimhong,1,1.0,0.461538,1.0,0.5,0,0,5000.0,0.0,0.0,0.0,1
pairs_instagram_googleplus,RF,alleliaspili,alleliaspili,1,1.0,0.0,1.0,0.55,0,0,5000.0,0.0,0.0,0.0,1
pairs_instagram_googleplus,RF,patrickliu,patrickliu,1,1.0,0.769231,0.0,0.625,0,0,5000.0,0.0,0.0,0.0,1
pairs_instagram_googleplus,RF,ericsstandlee,ericsstandlee,1,1.0,1.0,1.0,1.0,0,0,5000.0,0.0,0.0,0.0,1
pairs_instagram_googleplus,RF,iangarrett,iangarrett,1,1.0,0.545455,1.0,0.6875,0,0,5000.0,0.0,0.0,0.0,1
pairs_instagram_googleplus,RF,revolution52,revolution52,1,1.0,0.095238,1.0,0.538462,0,0,5000.0,0.0,0.0,0.0,1
pairs_instagram_googleplus,RF,braz,braz,1,1.0,0.272727,1.0,0.533333,0,0,5000.0,0.0,0.0,0.0,1
pairs_instagram_googleplus,RF,hortovanyi,hortovanyi,1,1.0,0.692308,1.0,0.941176,0,0,5000.0,0.0,0.0,0.0,1
pairs_instagram_googleplus,RF,jakedubss,jakedubss,1,1.0,1.0,1.0,1.0,0,0,5000.0,0.0,0.0,0.0,1
pairs_instagram_googleplus,RF,celebquote,celebquote,1,0.96,0.409091,0.409091,0.37931,0,0,5000.0,0.0,0.0,0.0,1
pairs_instagram_googleplus,RF,kjordan,kjordan,1,1.0,0.692308,0.692308,0.647059,0,0,5000.0,0.0,0.0,0.0,1
pairs_instagram_googleplus,RF,joshhilden,lolalin,0,0.493333,0.181818,0.222222,0.2,0,0,5000.0,0.0,0.0,0.0,0
pairs_instagram_googleplus,RF,jumpmancol,jumpmancol,1,1.0,0.0,1.0,0.44,0,0,5000.0,0.0,0.0,0.0,1
pairs_instagram_googleplus,RF,lilioli,lilioli,1,1.0,0.444444,0.0,0.307692,0,0,5000.0,0.0,0.0,0.0,1
pairs_instagram_googleplus,RF,palel,palel,1,1.0,0.0,0.833333,0.583333,0,0,5000.0,0.0,0.0,0.0,1
pairs_instagram_googleplus,RF,kollner,kollner,1,1.0,0.5,1.0,0.9375,0,0,5000.0,0.0,0.0,0.0,1
pairs_instagram_googleplus,RF,oweneff,oweneff,1,1.0,1.0,0.428571,0.8,0,0,5000.0,0.0,0.0,0.0,1
pairs_instagram_googleplus,RF,reimstourisme,yuripeixoto,0,0.936667,0.333333,0.2,0.285714,0,0,5000.0,0.0,0.0,0.0,0
pairs_instagram_googleplus,RF,michaeljdennis,michaeljdennis,1,1.0,0.785714,1.0,0.833333,0,0,5000.0,0.0,0.0,0.0,1
pairs_instagram_googleplus,RF,rondoner,rondoner,1,1.0,0.333333,0.6,0.869565,0,0,5000.0,0.0,0.0,0.0,1
pairs_instagram_googleplus,RF,stilo,heartstrung,0,0.946778,0.2,0.0,0.166667,0,0,5000.0,0.0,0.0,0.0,1
pairs_instagram_googleplus,RF,danielfrancavilla,danielfrancavilla,1,1.0,1.0,1.0,1.0,0,0,5000.0,0.0,0.0,0.0,1
pairs_instagram_googleplus,RF,markjameswilson,agentmarkwong,0,0.986667,0.235294,0.5,0.318182,0,0,5000.0,0.0,0.0,0.0,1
pairs_instagram_googleplus,RF,andycmartin,andreaparisi,0,0.662648,0.0,0.0,0.037037,0,0,5000.0,0.0,0.0,0.0,1
pairs_instagram_googleplus,RF,albertojauregui,albertojauregui,1,1.0,0.608696,0.576923,0.62069,0,0,5000.0,0.0,0.0,0.0,1
pairs_instagram_googleplus,RF,nonakumis,nonakumis,1,0.943333,0.0,0.5,0.230769,0,0,5000.0,0.0,0.0,0.0,1
pairs_instagram_googleplus,RF,lotharseifert,lotharseifert,1,1.0,0.083333,1.0,0.482759,0,0,5000.0,0.0,0.0,0.0,1
pairs_instagram_googleplus,RF,jcbivins,jcbivins,1,1.0,0.384615,1.0,0.823529,0,0,5000.0,0.0,0.0,0.0,1
pairs_instagram_googleplus,RF,shaicoggins,shaicoggins,1,1.0,1.0,1.0,1.0,0,0,5000.0,0.0,0.0,0.0,1
pairs_instagram_googleplus,RF,udomichelcuria,pierretran,0,0.973333,0.285714,0.0,0.222222,0,0,5000.0,0.0,0.0,0.0,0
pairs_instagram_googleplus,RF,foodnouveau,foodnouveau,1,1.0,0.47619,0.48,0.827586,0,0,5000.0,0.0,0.0,0.0,1
pairs_instagram_googleplus,RF,raingal7,raingal7,1,1.0,0.388889,0.52381,0.59375,0,0,5000.0,0.0,0.0,0.0,1
pairs_instagram_googleplus,RF,tylerstev,tylerstev,1,1.0,0.3125,0.692308,0.666667,0,0,5000.0,0.0,0.0,0.0,1
pairs_instagram_googleplus,RF,erikatamaura,erikatamaura,1,1.0,1.0,1.0,1.0,0,0,5000.0,0.0,0.0,0.0,1
pairs_instagram_googleplus,RF,brianayers,brianayers,1,1.0,1.0,1.0,1.0,0,0,5000.0,0.0,0.0,0.0,1
pairs_instagram_googleplus,RF,almada,almada,1,1.0,0.26087,1.0,0.766667,0,0,5000.0,0.0,0.0,0.0,1
pairs_instagram_googleplus,RF,erickfdez,erickfdez,1,1.0,0.5,0.647059,0.590909,0,0,5000.0,0.0,0.0,0.0,1
pairs_instagram_googleplus,RF,johnbyerrum,johnbyerrum,1,1.0,0.545455,1.0,0.866667,0,0,5000.0,0.0,0.0,0.0,1
pairs_instagram_googleplus,RF,ath3na,ath3na,1,1.0,0.214286,1.0,0.611111,0,0,5000.0,0.0,0.0,0.0,1
pairs_instagram_googleplus,RF,vivijor,vivian,0,0.963333,0.083333,0.4,0.294118,0,0,5000.0,0.0,0.0,0.0,1
pairs_instagram_googleplus,RF,khthompson,ianphilthompson,0,0.996667,0.466667,0.0,0.257143,0,0,5000.0,0.0,0.0,0.0,1
pairs_instagram_googleplus,RF,kherallah24,kherallah24,1,1.0,0.666667,0.181818,0.588235,0,0,5000.0,0.0,0.0,0.0,1
pairs_instagram_googleplus,RF,chrispolk,chrispolk,1,1.0,0.533333,0.6,0.636364,0,0,5000.0,0.0,0.0,0.0,1
pairs_instagram_googleplus,RF,rosaalberti,robertoalbertini,0,1.0,0.466667,0.411765,0.47619,0,0,5000.0,0.0,0.0,0.0,1
pairs_instagram_googleplus,RF,fadawah,fadawah,1,1.0,0.0,1.0,0.608696,0,0,5000.0,0.0,0.0,0.0,1
pairs_instagram_googleplus,RF,immahmudi,immahmudi,1,1.0,0.0,1.0,0.5,0,0,5000.0,0.0,0.0,0.0,1
pairs_instagram_googleplus,RF,raeshika,raeshika,1,1.0,0.636364,1.0,0.866667,0,0,5000.0,0.0,0.0,0.0,1
pairs_instagram_googleplus,RF,riccardoghignoni,riccardoghignoni,1,1.0,0.466667,1.0,0.947368,0,0,5000.0,0.0,0.0,0.0,1
pairs_instagram_googleplus,RF,lennywu,lennywu,1,1.0,0.0,1.0,0.421053,0,0,5000.0,0.0,0.0,0.0,1
pairs_instagram_googleplus,RF,acerentacargreece,acerentacargreece,1,1.0,0.846154,0.44,0.592593,0,0,5000.0,0.0,0.0,0.0,1
pairs_instagram_googleplus,RF,jgibbard,jgibbard,1,1.0,0.545455,1.0,0.866667,0,0,5000.0,0.0,0.0,0.0,1
pairs_instagram_googleplus,RF,adrianalemus,adrianalemus,1,1.0,0.0,1.0,0.538462,0,0,5000.0,0.0,0.0,0.0,1
pairs_instagram_googleplus,RF,marcioferreira,marcioferreira,1,1.0,0.588235,0.8,0.608696,0,0,5000.0,0.0,0.0,0.0,1
pairs_instagram_googleplus,RF,davidbrodie,davidbrodie,1,1.0,0.818182,0.75,0.733333,0,0,5000.0,0.0,0.0,0.0,1
pairs_instagram_googleplus,RF,euamotubaina,euamotubaina,1,1.0,0.043478,1.0,0.555556,0,0,5000.0,0.0,0.0,0.0,1
pairs_instagram_googleplus,RF,jeffmadlock,jeffmadlock,1,1.0,0.545455,1.0,0.866667,0,0,5000.0,0.0,0.0,0.0,1
pairs_instagram_googleplus,RF,magarciamartin,magarciamartin,1,1.0,0.117647,0.666667,0.481481,0,0,5000.0,0.0,0.0,0.0,1
pairs_instagram_googleplus,RF,wanderingeater,leanderwattig,0,0.986667,0.411765,0.064516,0.305556,0,0,5000.0,0.0,0.0,0.0,1
pairs_instagram_googleplus,RF,juliaserafina,juliaserafina,1,1.0,1.0,1.0,1.0,0,0,5000.0,0.0,0.0,0.0,1
pairs_instagram_googleplus,RF,minorcortes,minorcortes,1,1.0,0.473684,1.0,0.5,0,0,5000.0,0.0,0.0,0.0,1
pairs_instagram_googleplus,RF,treenachambers,treenachambers,1,1.0,0.0,1.0,0.483871,0,0,5000.0,0.0,0.0,0.0,1
pairs_instagram_googleplus,RF,richardstep,taotao,0,1.0,0.583333,0.428571,0.470588,0,0,5000.0,0.0,0.0,0.0,0
pairs_instagram_googleplus,RF,christopherbrightwell,tobiaskemper,0,1.0,0.375,0.0,0.3,0,0,5000.0,0.0,0.0,0.0,0
pairs_instagram_googleplus,RF,pugin,lunic,0,0.983333,0.333333,0.083333,0.3125,0,0,5000.0,0.0,0.0,0.0,0
pairs_instagram_googleplus,RF,scottharrell,scottharrell,1,1.0,1.0,0.7,0.73913,0,0,5000.0,0.0,0.0,0.0,1
pairs_instagram_googleplus,RF,melanieramone,melanieramone,1,1.0,0.666667,0.8125,0.727273,0,0,5000.0,0.0,0.0,0.0,1
pairs_instagram_googleplus,RF,christinema,christinema,1,1.0,0.055556,1.0,0.545455,0,0,5000.0,0.0,0.0,0.0,1
pairs_instagram_googleplus,RF,ejwettstein,ejwettstein,1,1.0,0.0,0.866667,0.518519,0,0,5000.0,0.0,0.0,0.0,1
pairs_instagram_googleplus,RF,rjacquez,rjacquez,1,1.0,0.875,0.0,0.583333,0,0,5000.0,0.0,0.0,0.0,1
pairs_instagram_googleplus,RF,jeansanchez,kollner,0,0.986667,0.375,0.0,0.26087,0,0,5000.0,0.0,0.0,0.0,0
pairs_instagram_googleplus,RF,billloguidice,billloguidice,1,1.0,0.578947,1.0,0.583333,0,0,5000.0,0.0,0.0,0.0,1
pairs_instagram_googleplus,RF,shareeda,shareeda,1,1.0,0.538462,1.0,0.882353,0,0,5000.0,0.0,0.0,0.0,1
pairs_instagram_googleplus,RF,donatellotrisolino,donatellotrisolino,1,1.0,0.047619,1.0,0.76,0,0,5000.0,0.0,0.0,0.0,1
pairs_instagram_googleplus,RF,sumeetmoghe,sumeetmoghe,1,1.0,1.0,1.0,1.0,0,0,5000.0,0.0,0.0,0.0,1
pairs_instagram_googleplus,RF,shylopreston,shylopreston,1,1.0,0.454545,1.0,0.875,0,0,5000.0,0.0,0.0,0.0,1
pairs_instagram_googleplus,RF,k9blaze,k9blaze,1,1.0,0.0,0.7,0.4,0,0,5000.0,0.0,0.0,0.0,1
pairs_instagram_googleplus,RF,bagusanugrah,bagusanugrah,1,1.0,0.578947,0.666667,0.875,0,0,5000.0,0.0,0.0,0.0,1
pairs_instagram_googleplus,RF,kevanobrien,kevanobrien,1,1.0,0.363636,1.0,0.857143,0,0,5000.0,0.0,0.0,0.0,1
pairs_instagram_googleplus,RF,uni,uni,1,1.0,0.2,1.0,0.466667,0,0,5000.0,0.0,0.0,0.0,1
pairs_instagram_googleplus,RF,jeffkart,jeffkart,1,1.0,1.0,1.0,1.0,0,0,5000.0,0.0,0.0,0.0,1
pairs_instagram_googleplus,RF,kellythul,kellythul,1,1.0,1.0,1.0,1.0,0,0,5000.0,0.0,0.0,0.0,1
pairs_instagram_googleplus,RF,gorguito,gorguito,1,1.0,0.095238,0.48,0.62069,0,0,5000.0,0.0,0.0,0.0,1
pairs_instagram_googleplus,RF,scottnolansmith,scottnolansmith,1,1.0,1.0,1.0,1.0,0,0,5000.0,0.0,0.0,0.0,1
pairs_instagram_googleplus,RF,carlydamico,carlydamico,1,1.0,0.454545,1.0,0.8125,0,0,5000.0,0.0,0.0,0.0,1
pairs_instagram_googleplus,RF,yasyf,yasyf,1,1.0,0.285714,1.0,0.888889,0,0,5000.0,0.0,0.0,0.0,1
pairs_instagram_googleplus,RF,tonyveroeven,tonyveroeven,1,1.0,1.0,1.0,1.0,0,0,5000.0,0.0,0.0,0.0,1
pairs_instagram_googleplus,RF,omnized,omnized,1,1.0,0.058824,1.0,0.636364,0,0,5000.0,0.0,0.0,0.0,1
pairs_instagram_googleplus,RF,jagudeye,jagudeye,1,1.0,0.0,0.904762,0.869565,0,0,5000.0,0.0,0.0,0.0,1
pairs_instagram_googleplus,RF,dominiquedesrosiers,dominiquedesrosiers,1,1.0,0.315789,1.0,0.826087,0,0,5000.0,0.0,0.0,0.0,1
pairs_instagram_googleplus,RF,svil3,svil3,1,1.0,0.0,0.777778,0.473684,0,0,5000.0,0.0,0.0,0.0,1
pairs_instagram_googleplus,RF,chancelorf,katgear,0,0.856667,0.25,0.304348,0.3,0,0,5000.0,0.0,0.0,0.0,1
pairs_instagram_googleplus,RF,cparadis,cparadis,1,1.0,0.285714,1.0,0.6,0,0,5000.0,0.0,0.0,0.0,1
pairs_instagram_googleplus,RF,actifirmskincare,tinaamirtha,0,0.726667,0.133333,0.125,0.157895,0,0,5000.0,0.0,0.0,0.0,0
pairs_instagram_googleplus,RF,yodspica,yodspica,1,1.0,0.058824,0.521739,0.40625,0,0,5000.0,0.0,0.0,0.0,1
pairs_instagram_googleplus,RF,pjbeyer,pjbeyer,1,1.0,0.333333,1.0,0.8125,0,0,5000.0,0.0,0.0,0.0,1
pairs_instagram_googleplus,RF,kylemadson,kylemadson,1,1.0,1.0,1.0,1.0,0,0,5000.0,0.0,0.0,0.0,1
pairs_instagram_googleplus,RF,richtaylorllc,richtaylorllc,1,1.0,1.0,1.0,1.0,0,0,5000.0,0.0,0.0,0.0,1
pairs_instagram_googleplus,RF,mikecorak,mikecorak,1,1.0,1.0,1.0,1.0,0,0,5000.0,0.0,0.0,0.0,1
pairs_instagram_googleplus,RF,swism,swism,1,1.0,0.0,1.0,0.72,0,0,5000.0,0.0,0.0,0.0,1
pairs_instagram_googleplus,RF,joemcmillen,joemcmillen,1,1.0,0.909091,0.181818,0.6875,0,0,5000.0,0.0,0.0,0.0,1
pairs_instagram_googleplus,RF,jonaskills,jonaskills,1,1.0,0.285714,1.0,0.647059,0,0,5000.0,0.0,0.0,0.0,1
pairs_instagram_googleplus,RF,yuliakatkova,yuliakatkova,1,1.0,0.647059,1.0,0.666667,0,0,5000.0,0.0,0.0,0.0,1
pairs_instagram_googleplus,RF,psalian,brittanimichelle,0,1.0,0.375,0.0,0.3,0,0,5000.0,0.0,0.0,0.0,1
pairs_instagram_googleplus,RF,sudio,sudio,1,1.0,0.4,0.75,0.6,0,0,5000.0,0.0,0.0,0.0,1
pairs_instagram_googleplus,RF,huiwenhan,huiwenhan,1,1.0,0.75,0.5,0.764706,0,0,5000.0,0.0,0.0,0.0,1
pairs_instagram_googleplus,RF,yoleidycarvajal,yoleidycarvajal,1,1.0,1.0,1.0,1.0,0,0,5000.0,0.0,0.0,0.0,1
pairs_instagram_googleplus,RF,gallib,allianz,0,1.0,0.375,0.111111,0.285714,0,0,5000.0,0.0,0.0,0.0,1
pairs_instagram_googleplus,RF,sergiocaredda,sergiocaredda,1,1.0,1.0,1.0,1.0,0,0,5000.0,0.0,0.0,0.0,1
pairs_instagram_googleplus,RF,pinkuneko,pinkuneko,1,1.0,0.7,0.0625,0.409091,0,0,5000.0,0.0,0.0,0.0,1
pairs_instagram_googleplus,RF,wendysung,wendysung,1,0.946667,0.333333,0.230769,0.4,0,0,5000.0,0.0,0.0,0.0,1
pairs_instagram_googleplus,RF,alejandropulido,alejandropulido,1,1.0,0.380952,0.75,0.62963,0,0,5000.0,0.0,0.0,0.0,1
pairs_instagram_googleplus,RF,jeandregericke,jeandregericke,1,1.0,1.0,1.0,1.0,0,0,5000.0,0.0,0.0,0.0,1
pairs_instagram_googleplus,RF,polanri,polanri,1,1.0,0.428571,0.625,0.833333,0,0,5000.0,0.0,0.0,0.0,1
pairs_instagram_googleplus,RF,colinmacrae,colinmacrae,1,1.0,0.333333,1.0,0.5,0,0,5000.0,0.0,0.0,0.0,1
pairs_instagram_googleplus,RF,syukranmohdrosli,syukranmohdrosli,1,1.0,1.0,0.68,0.75,0,0,5000.0,0.0,0.0,0.0,1
pairs_instagram_googleplus,RF,dougfrancis,dougfrancis,1,1.0,1.0,1.0,1.0,0,0,5000.0,0.0,0.0,0.0,1
pairs_instagram_googleplus,RF,petergiordano,petergiordano,1,1.0,0.294118,1.0,0.681818,0,0,5000.0,0.0,0.0,0.0,1
pairs_instagram_googleplus,RF,jacquesfroissant,jacquesfroissant,1,1.0,0.0,1.0,0.548387,0,0,5000.0,0.0,0.0,0.0,1
pairs_instagram_googleplus,RF,yoshio,yoshio,1,1.0,0.076923,1.0,0.705882,0,0,5000.0,0.0,0.0,0.0,1
pairs_instagram_googleplus,RF,joelo,joelynndesign,0,0.943333,0.133333,0.5,0.25,0,0,5000.0,0.0,0.0,0.0,1
pairs_instagram_googleplus,RF,marksark,marksark,1,1.0,1.0,0.75,0.8,0,0,5000.0,0.0,0.0,0.0,1
pairs_instagram_googleplus,RF,korafotomorgana,korafotomorgana,1,1.0,1.0,0.2,0.833333,0,0,5000.0,0.0,0.0,0.0,1
pairs_instagram_googleplus,RF,markmayer,markmayer,1,1.0,0.2,0.470588,0.842105,0,0,5000.0,0.0,0.0,0.0,1
pairs_instagram_googleplus,RF,di2t,di2t,1,1.0,0.066667,1.0,0.75,0,0,5000.0,0.0,0.0,0.0,1
pairs_instagram_googleplus,RF,spongemonkey,spongemonkey,1,1.0,0.0,1.0,0.458333,0,0,5000.0,0.0,0.0,0.0,1
pairs_instagram_googleplus,RF,doschu,doschu,1,1.0,1.0,0.625,0.7,0,0,5000.0,0.0,0.0,0.0,1
pairs_instagram_googleplus,RF,colinolford,colinolford,1,1.0,0.357143,1.0,0.611111,0,0,5000.0,0.0,0.0,0.0,1
pairs_instagram_googleplus,RF,kiatinsley,focusedtiff,0,0.98,0.461538,0.0,0.352941,0,0,5000.0,0.0,0.0,0.0,1
pairs_instagram_googleplus,RF,vonnelara,vonnelara,1,1.0,0.363636,1.0,0.6875,0,0,5000.0,0.0,0.0,0.0,1
pairs_instagram_googleplus,RF,anamagal,anamagal,1,1.0,0.777778,1.0,0.714286,0,0,5000.0,0.0,0.0,0.0,1
pairs_instagram_googleplus,RF,aleonidas,aleonidas,1,1.0,1.0,1.0,1.0,0,0,5000.0,0.0,0.0,0.0,1
pairs_instagram_googleplus,RF,nickcusters,nickcusters,1,1.0,1.0,1.0,1.0,0,0,5000.0,0.0,0.0,0.0,1
pairs_instagram_googleplus,RF,kyotonaradreamtrips,kyotonaradreamtrips,1,1.0,0.565217,0.545455,0.466667,0,0,5000.0,0.0,0.0,0.0,1
pairs_instagram_googleplus,RF,janequigley,janequigley,1,1.0,1.0,1.0,1.0,0,0,5000.0,0.0,0.0,0.0,1
pairs_instagram_googleplus,RF,topekajim,topekajim,1,1.0,0.166667,1.0,0.5,0,0,5000.0,0.0,0.0,0.0,1
pairs_instagram_googleplus,RF,weshead,weshead,1,1.0,1.0,1.0,1.0,0,0,5000.0,0.0,0.0,0.0,1
pairs_instagram_googleplus,RF,scottneumyer,scottneumyer,1,1.0,1.0,1.0,1.0,0,0,5000.0,0.0,0.0,0.0,1
pairs_instagram_googleplus,RF,uira,uira,1,1.0,0.25,0.454545,0.375,0,0,5000.0,0.0,0.0,0.0,1
pairs_instagram_googleplus,RF,muccitas,jotajr,0,0.799389,0.2,0.0,0.190476,0,0,5000.0,0.0,0.0,0.0,1
pairs_instagram_googleplus,RF,kgronwall,kgronwall,1,1.0,0.117647,0.8125,0.583333,0,0,5000.0,0.0,0.0,0.0,1
pairs_instagram_googleplus,RF,beapaxson,beapaxson,1,1.0,1.0,0.5625,0.631579,0,0,5000.0,0.0,0.0,0.0,1
pairs_instagram_googleplus,RF,knuppel,knuppel,1,1.0,0.133333,1.0,0.842105,0,0,5000.0,0.0,0.0,0.0,1
pairs_instagram_googleplus,RF,fahads,fahads,1,1.0,0.235294,1.0,0.666667,0,0,5000.0,0.0,0.0,0.0,1
pairs_instagram_googleplus,RF,volkovroman,volkovroman,1,1.0,0.142857,1.0,0.777778,0,0,5000.0,0.0,0.0,0.0,1
pairs_instagram_googleplus,RF,annaebbesen,annaebbesen,1,1.0,1.0,0.0,0.714286,0,0,5000.0,0.0,0.0,0.0,1
pairs_instagram_googleplus,RF,valinreallife,valinreallife,1,1.0,0.125,1.0,0.47619,0,0,5000.0,0.0,0.0,0.0,1
pairs_instagram_googleplus,RF,anthonyedwards,anthonyakin,0,1.0,0.142857,0.545455,0.470588,0,0,5000.0,0.0,0.0,0.0,1
pairs_instagram_googleplus,RF,daveallen,daveallen,1,1.0,0.5,0.583333,0.708333,0,0,5000.0,0.0,0.0,0.0,1
pairs_instagram_googleplus,RF,ronlocke,ronlocke,1,1.0,0.461538,1.0,0.789474,0,0,5000.0,0.0,0.0,0.0,1
pairs_instagram_googleplus,RF,franklingan,franklingan,1,1.0,0.75,0.666667,0.6875,0,0,5000.0,0.0,0.0,0.0,1
pairs_instagram_googleplus,RF,robboudon,robboudon,1,1.0,1.0,1.0,1.0,0,0,5000.0,0.0,0.0,0.0,1
pairs_instagram_googleplus,RF,scg33esp,scg33esp,1,1.0,0.65,0.096774,0.472222,0,0,5000.0,0.0,0.0,0.0,1
pairs_instagram_googleplus,RF,leomrco,leomrco,1,1.0,0.266667,0.411765,0.45,0,0,5000.0,0.0,0.0,0.0,1
pairs_instagram_googleplus,RF,rakeshpatwari,rakeshpatwari,1,1.0,0.785714,1.0,0.777778,0,0,5000.0,0.0,0.0,0.0,1
pairs_instagram_googleplus,RF,nickbuttler,nickbuttler,1,1.0,0.05,1.0,0.48,0,0,5000.0,0.0,0.0,0.0,1
pairs_instagram_googleplus,RF,thegandiman,thegandiman,1,1.0,0.214286,0.727273,0.45,0,0,5000.0,0.0,0.0,0.0,1
pairs_instagram_googleplus,RF,barhatov,barhatov,1,1.0,0.05,1.0,0.64,0,0,5000.0,0.0,0.0,0.0,1
pairs_instagram_googleplus,RF,nachoserrano,nachoserrano,1,1.0,1.0,1.0,1.0,0,0,5000.0,0.0,0.0,0.0,1
pairs_instagram_googleplus,RF,swarmster,swarmster,1,1.0,0.55,1.0,0.625,0,0,5000.0,0.0,0.0,0.0,1
pairs_instagram_googleplus,RF,jorgedeandres,jorgedeandres,1,1.0,1.0,0.619048,0.73913,0,0,5000.0,0.0,0.0,0.0,1
pairs_instagram_googleplus,RF,wallhattori,superwall13,0,1.0,1.0,1.0,1.0,0,0,5000.0,0.0,0.0,0.0,1
pairs_instagram_googleplus,RF,larsnystrom,larsnystrom,1,1.0,0.0,0.75,0.37037,0,0,5000.0,0.0,0.0,0.0,1
pairs_instagram_googleplus,RF,rashidalkuwari,rashidalkuwari,1,1.0,0.8,1.0,0.842105,0,0,5000.0,0.0,0.0,0.0,1
pairs_instagram_googleplus,RF,lucacatania,lucacatania,1,1.0,0.818182,1.0,0.8,0,0,5000.0,0.0,0.0,0.0,1
pairs_instagram_googleplus,RF,michaelpashaev,masedesign,0,1.0,0.466667,0.533333,0.45,0,0,5000.0,0.0,0.0,0.0,0
pairs_instagram_googleplus,RF,igorbotelho,igorbotelho,1,1.0,0.526316,1.0,0.916667,0,0,5000.0,0.0,0.0,0.0,1
pairs_instagram_googleplus,RF,memocervantes,memocervantes,1,1.0,0.444444,0.894737,0.826087,0,0,5000.0,0.0,0.0,0.0,1
pairs_instagram_googleplus,RF,albertomarini,albertomarini,1,1.0,1.0,1.0,1.0,0,0,5000.0,0.0,0.0,0.0,1
pairs_instagram_googleplus,RF,rahmatmh,andira47,0,1.0,0.454545,0.0,0.333333,0,0,5000.0,0.0,0.0,0.0,1
pairs_instagram_googleplus,RF,monanicoara,monanicoara,1,1.0,1.0,1.0,1.0,0,0,5000.0,0.0,0.0,0.0,1
pairs_instagram_googleplus,RF,nikcree,nikcree,1,1.0,1.0,1.0,1.0,0,0,5000.0,0.0,0.0,0.0,1
pairs_instagram_googleplus,RF,luisd3williams,luisd3williams,1,1.0,0.15,0.68,0.5625,0,0,5000.0,0.0,0.0,0.0,1
pairs_instagram_googleplus,RF,georginalester,georginalester,1,1.0,1.0,1.0,1.0,0,0,5000.0,0.0,0.0,0.0,1
pairs_instagram_googleplus,RF,tonyburgess,tonyburgess,1,1.0,1.0,1.0,1.0,0,0,5000.0,0.0,0.0,0.0,1
pairs_instagram_googleplus,RF,soumikshah,soumikshah,1,1.0,1.0,1.0,1.0,0,0,5000.0,0.0,0.0,0.0,1
pairs_instagram_googleplus,RF,jordijubany,jordijubany,1,1.0,1.0,1.0,1.0,0,0,5000.0,0.0,0.0,0.0,1
pairs_instagram_googleplus,RF,jakubzalas,jakubzalas,1,1.0,1.0,1.0,1.0,0,0,5000.0,0.0,0.0,0.0,1
pairs_instagram_googleplus,RF,berndbitzer,berndbitzer,1,1.0,1.0,1.0,1.0,0,0,5000.0,0.0,0.0,0.0,1
pairs_instagram_googleplus,RF,joaoanzanello,joaoanzanello,1,1.0,0.6,0.823529,0.761905,0,0,5000.0,0.0,0.0,0.0,1
pairs_instagram_googleplus,RF,photothiel,photothiel,1,1.0,0.454545,1.0,0.8,0,0,5000.0,0.0,0.0,0.0,1
pairs_instagram_googleplus,RF,stuartsjones,stuartsjones,1,1.0,0.833333,1.0,0.875,0,0,5000.0,0.0,0.0,0.0,1
pairs_instagram_googleplus,RF,joanieduquette,joanieduquette,1,1.0,1.0,1.0,1.0,0,0,5000.0,0.0,0.0,0.0,1
pairs_instagram_googleplus,RF,cbacelar,cbacelar,1,1.0,0.5,1.0,0.875,0,0,5000.0,0.0,0.0,0.0,1
pairs_instagram_googleplus,RF,praveenkumarjha,praveenkumarjha,1,0.963333,0.0,1.0,0.392857,0,0,5000.0,0.0,0.0,0.0,1
pairs_instagram_googleplus,RF,alisejohnson,alisejohnson,1,1.0,1.0,1.0,1.0,0,0,5000.0,0.0,0.0,0.0,1
pairs_instagram_googleplus,RF,daveclarketv,daveclarketv,1,1.0,0.692308,1.0,0.705882,0,0,5000.0,0.0,0.0,0.0,1
pairs_instagram_googleplus,RF,jacqueswang,jacqueswang,1,0.996667,0.75,0.066667,0.277778,0,0,5000.0,0.0,0.0,0.0,1
pairs_instagram_googleplus,RF,annamioni,valeriodamiano,0,0.922889,0.222222,0.0,0.190476,0,0,5000.0,0.0,0.0,0.0,1
pairs_instagram_googleplus,RF,bbautista,bbautista,1,1.0,1.0,0.4,0.941176,0,0,5000.0,0.0,0.0,0.0,1
pairs_instagram_googleplus,RF,anthonyrblack,tmazon,0,0.96,0.25,0.375,0.294118,0,0,5000.0,0.0,0.0,0.0,1
pairs_instagram_googleplus,RF,stefandavis,stefandavis,1,1.0,0.714286,1.0,0.777778,0,0,5000.0,0.0,0.0,0.0,1
pairs_instagram_googleplus,RF,edenilton,edenilton,1,1.0,0.571429,0.8125,0.7,0,0,5000.0,0.0,0.0,0.0,1
pairs_instagram_googleplus,RF,donanela,donanela,1,1.0,0.181818,0.714286,0.555556,0,0,5000.0,0.0,0.0,0.0,1
pairs_instagram_googleplus,RF,nylander,nylander,1,1.0,1.0,1.0,1.0,0,0,5000.0,0.0,0.0,0.0,1
pairs_instagram_googleplus,RF,amoration,goranhalusa,0,1.0,0.352941,0.0,0.304348,0,0,5000.0,0.0,0.0,0.0,1
pairs_instagram_googleplus,RF,wisehou,lougan,0,0.916667,0.214286,0.0,0.166667,0,0,5000.0,0.0,0.0,0.0,0
pairs_instagram_googleplus,RF,razshafer,razshafer,1,1.0,1.0,1.0,1.0,0,0,5000.0,0.0,0.0,0.0,1
pairs_instagram_googleplus,RF,anandnav,anandnav,1,1.0,1.0,1.0,1.0,0,0,5000.0,0.0,0.0,0.0,1
pairs_instagram_googleplus,RF,wordsmanifest,wordsmanifest,1,1.0,0.105263,0.47619,0.875,0,0,5000.0,0.0,0.0,0.0,1
pairs_instagram_googleplus,RF,mamaharriskitchen,mamaharriskitchen,1,1.0,1.0,1.0,1.0,0,0,5000.0,0.0,0.0,0.0,1
pairs_instagram_googleplus,RF,leventozen,leventozen,1,1.0,0.611111,0.7,0.791667,0,0,5000.0,0.0,0.0,0.0,1
pairs_instagram_googleplus,RF,furkanacarel,furkanacarel,1,1.0,1.0,1.0,1.0,0,0,5000.0,0.0,0.0,0.0,1
pairs_instagram_googleplus,RF,dijuca,dijuca,1,1.0,0.142857,1.0,0.684211,0,0,5000.0,0.0,0.0,0.0,1
pairs_instagram_googleplus,RF,davidchow,leonardocarlos,0,0.946778,0.2,0.0,0.166667,0,0,5000.0,0.0,0.0,0.0,0
pairs_instagram_googleplus,RF,dolphinsmind,dolphinsmind,1,1.0,0.0,1.0,0.6,0,0,5000.0,0.0,0.0,0.0,1
pairs_instagram_googleplus,RF,deanwormell,deanouellette,0,0.896667,0.214286,0.333333,0.304348,0,0,5000.0,0.0,0.0,0.0,0
pairs_instagram_googleplus,RF,billreichart,claseraul,0,0.513333,0.05,0.0,0.107143,0,0,5000.0,0.0,0.0,0.0,0
pairs_instagram_googleplus,RF,nickborelli,nickborelli,1,1.0,0.1875,1.0,0.571429,0,0,5000.0,0.0,0.0,0.0,1
pairs_instagram_googleplus,RF,jeffwaldmanhr,jeffwaldmanhr,1,1.0,0.833333,1.0,0.764706,0,0,5000.0,0.0,0.0,0.0,1
pairs_instagram_googleplus,RF,davidleebiz,davidleebiz,1,1.0,0.7,0.5,0.625,0,0,5000.0,0.0,0.0,0.0,1
pairs_instagram_googleplus,RF,epuertas,epuertas,1,1.0,0.428571,0.428571,0.5,0,0,5000.0,0.0,0.0,0.0,1
pairs_instagram_googleplus,RF,symonchow,symonchow,1,1.0,0.0,0.5625,0.37037,0,0,5000.0,0.0,0.0,0.0,1
pairs_instagram_googleplus,RF,pamo,pamo,1,1.0,0.416667,1.0,0.8125,0,0,5000.0,0.0,0.0,0.0,1
pairs_instagram_googleplus,RF,ohme,ohme,1,0.98,0.428571,0.375,0.454545,0,0,5000.0,0.0,0.0,0.0,1
pairs_instagram_googleplus,RF,josepmanchado,josepmanchado,1,1.0,0.0625,1.0,0.666667,0,0,5000.0,0.0,0.0,0.0,1
pairs_instagram_googleplus,RF,kurtgessler,kurtgessler,1,1.0,1.0,1.0,1.0,0,0,5000.0,0.0,0.0,0.0,1
pairs_instagram_googleplus,RF,superlopez,superlopez,1,1.0,0.0,0.785714,0.461538,0,0,5000.0,0.0,0.0,0.0,1
pairs_instagram_googleplus,RF,jackiecross,jackiecross,1,1.0,0.6,0.333333,0.578947,0,0,5000.0,0.0,0.0,0.0,1
pairs_instagram_googleplus,RF,sponselli,sponselli,1,1.0,0.470588,0.473684,0.5,0,0,5000.0,0.0,0.0,0.0,1
pairs_instagram_googleplus,RF,srcalypsoo,srcalypsoo,1,1.0,1.0,1.0,1.0,0,0,5000.0,0.0,0.0,0.0,1
pairs_instagram_googleplus,RF,atencio,atencio,1,0.916667,0.277778,0.166667,0.3125,0,0,5000.0,0.0,0.0,0.0,1
pairs_instagram_googleplus,RF,swapnilsarwe,swapnilsarwe,1,1.0,1.0,1.0,1.0,0,0,5000.0,0.0,0.0,0.0,1
pairs_instagram_googleplus,RF,producimosideas,producimosideas,1,1.0,0.04,0.684211,0.4,0,0,5000.0,0.0,0.0,0.0,1
pairs_instagram_googleplus,RF,nkosi,nkosi,1,1.0,0.307692,1.0,0.666667,0,0,5000.0,0.0,0.0,0.0,1
pairs_instagram_googleplus,RF,davidcuen,davidcuen,1,1.0,1.0,1.0,1.0,0,0,5000.0,0.0,0.0,0.0,1
pairs_instagram_googleplus,RF,richkirkpatrick,richkirkpatrick,1,1.0,0.055556,1.0,0.608696,0,0,5000.0,0.0,0.0,0.0,1
pairs_instagram_googleplus,RF,crowdini,crowdini,1,0.97,0.411765,0.0,0.363636,0,0,5000.0,0.0,0.0,0.0,1
pairs_instagram_googleplus,RF,didszuleit,didszuleit,1,1.0,0.642857,0.0,0.5,0,0,5000.0,0.0,0.0,0.0,1
pairs_instagram_googleplus,RF,ronrocz,ronrocz,1,1.0,1.0,1.0,1.0,0,0,5000.0,0.0,0.0,0.0,1
pairs_instagram_googleplus,RF,fmprodguy,fmprodguy,1,1.0,0.857143,1.0,0.789474,0,0,5000.0,0.0,0.0,0.0,1
pairs_instagram_googleplus,RF,zick,zick,1,1.0,1.0,1.0,1.0,0,0,5000.0,0.0,0.0,0.0,1
pairs_instagram_googleplus,RF,federicoferro,federicoferro,1,1.0,0.833333,1.0,0.857143,0,0,5000.0,0.0,0.0,0.0,1
pairs_instagram_googleplus,RF,marketintegrations,marketintegrations,1,1.0,1.0,1.0,1.0,0,0,5000.0,0.0,0.0,0.0,1
pairs_instagram_googleplus,RF,snekac,tassoskapernekas,0,0.946778,0.2,0.0,0.166667,0,0,5000.0,0.0,0.0,0.0,0
pairs_instagram_googleplus,RF,victormlgh,victormlgh,1,1.0,0.277778,1.0,0.727273,0,0,5000.0,0.0,0.0,0.0,1
pairs_instagram_googleplus,RF,roblef,roblef,1,1.0,0.5,0.0,0.357143,0,0,5000.0,0.0,0.0,0.0,1
pairs_instagram_googleplus,RF,vinhle,aditiapratama,0,0.828333,0.210526,0.0,0.166667,0,0,5000.0,0.0,0.0,0.0,1
pairs_instagram_googleplus,RF,manosgerakinis,tonyclomax,0,0.67,0.235294,0.136364,0.222222,0,0,5000.0,0.0,0.0,0.0,0
pairs_instagram_googleplus,RF,tdanthony,tdanthony,1,1.0,0.428571,1.0,0.833333,0,0,5000.0,0.0,0.0,0.0,1
pairs_instagram_googleplus,RF,jordanstemarie,jordanstemarie,1,1.0,0.0,1.0,0.727273,0,0,5000.0,0.0,0.0,0.0,1
pairs_instagram_googleplus,RF,akbarwahyudi,riefaja,0,0.943333,0.0,0.066667,0.363636,0,0,5000.0,0.0,0.0,0.0,0
pairs_instagram_googleplus,RF,basarpatir,basarpatir,1,1.0,0.333333,0.5,0.411765,0,0,5000.0,0.0,0.0,0.0,1
pairs_instagram_googleplus,RF,symbiansymoh,symbiansymoh,1,0.996667,0.086957,0.608696,0.709677,0,0,5000.0,0.0,0.0,0.0,1
pairs_instagram_googleplus,RF,fredrikbergstrom,fredrikbergstrom,1,1.0,0.315789,0.823529,0.64,0,0,5000.0,0.0,0.0,0.0,1
pairs_instagram_googleplus,RF,keiyoshikawa,chadrpink,0,0.876667,0.272727,0.333333,0.25,0,0,5000.0,0.0,0.0,0.0,1
pairs_instagram_googleplus,RF,andrewghawkins,brianhawkins,0,0.876667,0.4,0.214286,0.25,0,0,5000.0,0.0,0.0,0.0,1
pairs_instagram_googleplus,RF,macgeeky,macgeeky,1,1.0,0.0,0.785714,0.48,0,0,5000.0,0.0,0.0,0.0,1
pairs_instagram_googleplus,RF,juanjobueno,juanjobueno,1,1.0,0.6,1.0,0.928571,0,0,5000.0,0.0,0.0,0.0,1
pairs_instagram_googleplus,RF,ryanketterman,ryanketterman,1,1.0,1.0,1.0,1.0,0,0,5000.0,0.0,0.0,0.0,1
pairs_instagram_googleplus,RF,wirava,wirava,1,1.0,0.142857,0.85,0.642857,0,0,5000.0,0.0,0.0,0.0,1
pairs_instagram_googleplus,RF,leosimoessh,leosimoessh,1,1.0,0.388889,0.75,0.625,0,0,5000.0,0.0,0.0,0.0,1
pairs_instagram_googleplus,RF,natemcgee,natemcgee,1,1.0,0.375,1.0,0.789474,0,0,5000.0,0.0,0.0,0.0,1
pairs_instagram_googleplus,RF,ilhampakelogika,ilhampakelogika,1,1.0,0.333333,0.5,0.571429,0,0,5000.0,0.0,0.0,0.0,1
pairs_instagram_googleplus,RF,marymarchesano,marymarchesano,1,1.0,1.0,0.235294,0.736842,0,0,5000.0,0.0,0.0,0.0,1
pairs_instagram_googleplus,RF,adamy,adamy,1,1.0,0.0,1.0,0.708333,0,0,5000.0,0.0,0.0,0.0,1
pairs_instagram_googleplus,RF,benackerman,benackerman,1,1.0,0.666667,1.0,1.0,0,0,5000.0,0.0,0.0,0.0,1
pairs_instagram_googleplus,RF,dubx,atlcomputerdude,0,0.681944,0.0,0.0,0.035714,0,0,5000.0,0.0,0.0,0.0,0
pairs_instagram_googleplus,RF,yvanboudillet,rustyarty,0,0.956667,0.444444,0.307692,0.333333,0,0,5000.0,0.0,0.0,0.0,0
pairs_instagram_googleplus,RF,rhettallain,rhettallain,1,1.0,0.909091,1.0,0.8125,0,0,5000.0,0.0,0.0,0.0,1
pairs_instagram_googleplus,RF,nataliecheng88,nataliecheng88,1,1.0,0.0,1.0,0.541667,0,0,5000.0,0.0,0.0,0.0,1
pairs_instagram_googleplus,RF,javierarmentia,javierarmentia,1,1.0,0.928571,1.0,0.842105,0,0,5000.0,0.0,0.0,0.0,1
pairs_instagram_googleplus,RF,phuzylogik,phuzylogik,1,1.0,0.0,0.625,0.428571,0,0,5000.0,0.0,0.0,0.0,1
pairs_instagram_googleplus,RF,toddpoole,toddpoole,1,1.0,0.888889,1.0,0.923077,0,0,5000.0,0.0,0.0,0.0,1
pairs_instagram_googleplus,RF,crystalking,crystalking,1,1.0,0.4,1.0,0.6,0,0,5000.0,0.0,0.0,0.0,1
pairs_instagram_googleplus,RF,cristinabelloni,cristinabelloni,1,1.0,1.0,1.0,1.0,0,0,5000.0,0.0,0.0,0.0,1
pairs_instagram_googleplus,RF,riefaja,riefaja,1,0.993333,1.0,0.2,0.388889,0,0,5000.0,0.0,0.0,0.0,1
pairs_instagram_googleplus,RF,biverson,biverson,1,1.0,0.2,0.857143,0.590909,0,0,5000.0,0.0,0.0,0.0,1
pairs_instagram_googleplus,RF,teoriametalica,teoriametalica,1,1.0,0.15,1.0,0.48,0,0,5000.0,0.0,0.0,0.0,1
pairs_instagram_googleplus,RF,matsugawa,waxpatriot,0,1.0,0.095238,0.47619,0.371429,0,0,5000.0,0.0,0.0,0.0,1
pairs_instagram_googleplus,RF,bryantobiason,bryans,0,0.946667,0.0,0.388889,0.296296,0,0,5000.0,0.0,0.0,0.0,1
pairs_instagram_googleplus,RF,dydyhujan,dydyhujan,1,1.0,0.0,1.0,0.5,0,0,5000.0,0.0,0.0,0.0,1
pairs_instagram_googleplus,RF,radphotography,radphotography,1,1.0,0.272727,0.6,0.470588,0,0,5000.0,0.0,0.0,0.0,1
pairs_instagram_googleplus,RF,manishreddy,manishreddy,1,1.0,0.333333,1.0,0.565217,0,0,5000.0,0.0,0.0,0.0,1
pairs_instagram_googleplus,RF,rainerflame,rainerflame,1,1.0,0.055556,1.0,0.478261,0,0,5000.0,0.0,0.0,0.0,1
pairs_instagram_googleplus,RF,fabianalvarez,fabianalvarez,1,1.0,0.2,1.0,0.411765,0,0,5000.0,0.0,0.0,0.0,1
pairs_instagram_googleplus,RF,diesteph,diesteph,1,1.0,0.454545,0.5,0.5625,0,0,5000.0,0.0,0.0,0.0,1
pairs_instagram_googleplus,RF,marcosaurellio,marcosaurellio,1,1.0,0.5,0.766667,0.631579,0,0,5000.0,0.0,0.0,0.0,1
pairs_instagram_googleplus,RF,mariogiancini,mariogiancini,1,1.0,1.0,1.0,1.0,0,0,5000.0,0.0,0.0,0.0,1
pairs_instagram_googleplus,RF,torid,torid,1,1.0,0.52381,0.625,0.551724,0,0,5000.0,0.0,0.0,0.0,1
pairs_instagram_googleplus,RF,filjedi,filjedi,1,1.0,0.0,1.0,0.571429,0,0,5000.0,0.0,0.0,0.0,1
pairs_instagram_googleplus,RF,yannispatras,yannispatras,1,1.0,0.263158,1.0,0.565217,0,0,5000.0,0.0,0.0,0.0,1
pairs_instagram_googleplus,RF,markusortner,markusortner,1,1.0,0.0,1.0,0.65,0,0,5000.0,0.0,0.0,0.0,1
pairs_instagram_googleplus,RF,ericzimmett,ericzimmett,1,1.0,1.0,1.0,1.0,0,0,5000.0,0.0,0.0,0.0,1
pairs_instagram_googleplus,RF,tapps,tapps,1,0.996667,0.333333,0.333333,0.461538,0,0,5000.0,0.0,0.0,0.0,1
pairs_instagram_googleplus,RF,sertxu,sertxu,1,0.996667,0.416667,0.0,0.333333,0,0,5000.0,0.0,0.0,0.0,1
pairs_instagram_googleplus,RF,mitchbaldwin,mitchbaldwin,1,1.0,1.0,1.0,1.0,0,0,5000.0,0.0,0.0,0.0,1
pairs_instagram_googleplus,RF,jortegahd,jortegahd,1,1.0,1.0,0.772727,0.882353,0,0,5000.0,0.0,0.0,0.0,1
pairs_instagram_googleplus,RF,tjameswhite,whatleydude,0,0.986667,0.4,0.0,0.26087,0,0,5000.0,0.0,0.0,0.0,1
pairs_instagram_googleplus,RF,ryanwright,ryanwright,1,1.0,0.294118,1.0,0.5,0,0,5000.0,0.0,0.0,0.0,1
pairs_instagram_googleplus,RF,uvabe,uvabe,1,1.0,0.230769,0.785714,0.631579,0,0,5000.0,0.0,0.0,0.0,1
pairs_instagram_googleplus,RF,vanora,vanora,1,1.0,1.0,0.714286,0.8,0,0,5000.0,0.0,0.0,0.0,1
pairs_instagram_googleplus,RF,ibulat,byrappa,0,0.62,0.083333,0.0,0.058824,0,0,5000.0,0.0,0.0,0.0,0
pairs_instagram_googleplus,RF,iamcorn,iamcorn,1,1.0,0.5,0.0,0.5,0,0,5000.0,0.0,0.0,0.0,1
pairs_instagram_googleplus,RF,pascalstjean,pascalstjean,1,1.0,0.916667,1.0,0.823529,0,0,5000.0,0.0,0.0,0.0,1
pairs_instagram_googleplus,RF,ercansevinc,ercansevinc,1,1.0,1.0,0.909091,0.933333,0,0,5000.0,0.0,0.0,0.0,1
pairs_instagram_googleplus,RF,brianyw,brianyw,1,1.0,0.3125,1.0,0.619048,0,0,5000.0,0.0,0.0,0.0,1
pairs_instagram_googleplus,RF,knittingandpurling,knittingandpurling,1,0.906667,0.043478,0.5,0.214286,0,0,5000.0,0.0,0.0,0.0,1
pairs_instagram_googleplus,RF,avaragado,avaragado,1,1.0,1.0,1.0,1.0,0,0,5000.0,0.0,0.0,0.0,1
pairs_instagram_googleplus,RF,dannybooty,dannybooty,1,1.0,0.4,1.0,0.846154,0,0,5000.0,0.0,0.0,0.0,1
pairs_instagram_googleplus,RF,shawareb,shawareb,1,1.0,0.583333,1.0,0.9375,0,0,5000.0,0.0,0.0,0.0,1
pairs_instagram_googleplus,RF,charlierein,charlierein,1,1.0,1.0,1.0,1.0,0,0,5000.0,0.0,0.0,0.0,1
pairs_instagram_googleplus,RF,joeteh,joeteh,1,1.0,0.714286,1.0,0.666667,0,0,5000.0,0.0,0.0,0.0,1
pairs_instagram_googleplus,RF,jerrybarnwell,jerrybarnwell,1,1.0,1.0,1.0,1.0,0,0,5000.0,0.0,0.0,0.0,1
pairs_instagram_googleplus,RF,tacianomm,tacianomm,1,1.0,0.388889,1.0,0.869565,0,0,5000.0,0.0,0.0,0.0,1
pairs_instagram_googleplus,RF,aaronphil,aaronphil,1,1.0,0.0,1.0,0.333333,0,0,5000.0,0.0,0.0,0.0,1
pairs_instagram_googleplus,RF,jaryves,jaryves,1,1.0,0.230769,0.705882,0.8,0,0,5000.0,0.0,0.0,0.0,1
pairs_instagram_googleplus,RF,barbaraparolini,barbaraparolini,1,1.0,0.733333,1.0,0.7,0,0,5000.0,0.0,0.0,0.0,1
pairs_instagram_googleplus,RF,jeffersonfonseca,jeffersonfonseca,1,1.0,0.529412,1.0,0.772727,0,0,5000.0,0.0,0.0,0.0,1
pairs_instagram_googleplus,RF,kkitajima,kkitajima,1,1.0,0.043478,1.0,0.625,0,0,5000.0,0.0,0.0,0.0,1
pairs_instagram_googleplus,RF,michellefreeman,michellefreeman,1,1.0,0.3,1.0,0.64,0,0,5000.0,0.0,0.0,0.0,1
pairs_instagram_googleplus,RF,antoninremond,antoninremond,1,1.0,0.75,0.769231,0.722222,0,0,5000.0,0.0,0.0,0.0,1
pairs_instagram_googleplus,RF,khagendra13,khagendra13,1,1.0,0.533333,1.0,0.75,0,0,5000.0,0.0,0.0,0.0,1
pairs_instagram_googleplus,RF,keithdevereux,cristiancraig,0,0.98,0.0,0.375,0.225806,0,0,5000.0,0.0,0.0,0.0,0
pairs_instagram_googleplus,RF,urbanconsultant,urbanconsultant,1,1.0,0.0,1.0,0.448276,0,0,5000.0,0.0,0.0,0.0,1
pairs_instagram_googleplus,RF,aleksandersoender,aleksandersoender,1,1.0,0.133333,1.0,0.789474,0,0,5000.0,0.0,0.0,0.0,1
pairs_instagram_googleplus,RF,dezydelima,danielfernandezarevalo,0,0.69,0.157895,0.15,0.166667,0,0,5000.0,0.0,0.0,0.0,1
pairs_instagram_googleplus,RF,giulianoabate,giulianoabate,1,1.0,0.785714,1.0,0.833333,0,0,5000.0,0.0,0.0,0.0,1
pairs_instagram_googleplus,RF,jenniferrosenblatt,jenniferrosenblatt,1,1.0,0.55,1.0,0.72,0,0,5000.0,0.0,0.0,0.0,1
pairs_instagram_googleplus,RF,danilolara,danilolara,1,1.0,1.0,1.0,1.0,0,0,5000.0,0.0,0.0,0.0,1
pairs_instagram_googleplus,RF,colleenburns,colleenburns,1,1.0,1.0,1.0,1.0,0,0,5000.0,0.0,0.0,0.0,1
pairs_instagram_googleplus,RF,mattslens,mattslens,1,1.0,0.157895,1.0,0.666667,0,0,5000.0,0.0,0.0,0.0,1
pairs_instagram_googleplus,RF,docmurphy,docmurphy,1,1.0,0.142857,1.0,0.555556,0,0,5000.0,0.0,0.0,0.0,1
pairs_instagram_googleplus,RF,claudenahon,claudenahon,1,1.0,0.818182,1.0,0.8,0,0,5000.0,0.0,0.0,0.0,1
pairs_instagram_googleplus,RF,americoferrara,americoferrara,1,1.0,1.0,1.0,1.0,0,0,5000.0,0.0,0.0,0.0,1
pairs_instagram_googleplus,RF,marcusnelson,marcusnelson,1,1.0,1.0,1.0,1.0,0,0,5000.0,0.0,0.0,0.0,1
pairs_instagram_googleplus,RF,maritosv,mauriziosartori,0,0.953333,0.333333,0.235294,0.3,0,0,5000.0,0.0,0.0,0.0,1
pairs_instagram_googleplus,RF,mikesorg,bymichael,0,1.0,0.111111,0.5,0.478261,0,0,5000.0,0.0,0.0,0.0,1
pairs_instagram_googleplus,RF,hieuiee,hieuiee,1,1.0,0.428571,1.0,0.727273,0,0,5000.0,0.0,0.0,0.0,1
pairs_instagram_googleplus,RF,jhauge,jhauge,1,1.0,1.0,1.0,1.0,0,0,5000.0,0.0,0.0,0.0,1
pairs_instagram_googleplus,RF,roadtrippers,roadtrippers,1,1.0,1.0,0.769231,0.866667,0,0,5000.0,0.0,0.0,0.0,1
pairs_instagram_googleplus,RF,philstrahl,philstrahl,1,1.0,1.0,1.0,1.0,0,0,5000.0,0.0,0.0,0.0,1
pairs_instagram_googleplus,RF,nhiranz,nhiranz,1,1.0,0.166667,0.541667,0.466667,0,0,5000.0,0.0,0.0,0.0,1
pairs_instagram_googleplus,RF,arqjlsm,alejandroserranoleon,0,0.983333,0.318182,0.0,0.259259,0,0,5000.0,0.0,0.0,0.0,0
pairs_instagram_googleplus,RF,fionagraham,fionagraham,1,1.0,1.0,1.0,1.0,0,0,5000.0,0.0,0.0,0.0,1
pairs_instagram_googleplus,RF,shunn,shunn,1,1.0,0.285714,1.0,0.684211,0,0,5000.0,0.0,0.0,0.0,1
pairs_instagram_googleplus,RF,akippingruane,akippingruane,1,0.926667,0.08,0.137931,0.372093,0,0,5000.0,0.0,0.0,0.0,1
pairs_instagram_googleplus,RF,marlenebitzer,marlenebitzer,1,1.0,1.0,1.0,1.0,0,0,5000.0,0.0,0.0,0.0,1
pairs_instagram_googleplus,RF,guy1067,guy1067,1,1.0,0.4,0.647059,0.85,0,0,5000.0,0.0,0.0,0.0,1
pairs_instagram_googleplus,RF,jinuem,jinuem,1,1.0,0.071429,1.0,0.631579,0,0,5000.0,0.0,0.0,0.0,1
pairs_instagram_googleplus,RF,byross,byross,1,1.0,0.3,1.0,0.714286,0,0,5000.0,0.0,0.0,0.0,1
pairs_instagram_googleplus,RF,joshuaparker,joshuaparker,1,1.0,0.0,1.0,0.5,0,0,5000.0,0.0,0.0,0.0,1
pairs_instagram_googleplus,RF,dianeharrigan,dianeharrigan,1,1.0,0.043478,0.461538,0.862069,0,0,5000.0,0.0,0.0,0.0,1
pairs_instagram_googleplus,RF,chrislittler,rodpitts,0,0.85,0.153846,0.0,0.117647,0,0,5000.0,0.0,0.0,0.0,0
pairs_instagram_googleplus,RF,venier,venier,1,1.0,0.411765,1.0,0.857143,0,0,5000.0,0.0,0.0,0.0,1
pairs_instagram_googleplus,RF,eesmyal,eesmyal,1,1.0,0.333333,1.0,0.909091,0,0,5000.0,0.0,0.0,0.0,1
pairs_instagram_googleplus,RF,rhoinkes,rhoinkes,1,1.0,0.461538,1.0,0.882353,0,0,5000.0,0.0,0.0,0.0,1
pairs_instagram_googleplus,RF,ronsansone,ronsansone,1,1.0,0.384615,1.0,0.722222,0,0,5000.0,0.0,0.0,0.0,1
pairs_instagram_googleplus,RF,starmomma,andrewyee,0,0.614167,0.03125,0.0,0.109091,0,0,5000.0,0.0,0.0,0.0,1
pairs_instagram_googleplus,RF,johnstefanidis,johnstefanidis,1,1.0,0.266667,1.0,0.75,0,0,5000.0,0.0,0.0,0.0,1
pairs_instagram_googleplus,RF,kokilayaa,kokilayaa,1,1.0,0.352941,1.0,0.85,0,0,5000.0,0.0,0.0,0.0,1
pairs_instagram_googleplus,RF,roslauski,roslauski,1,1.0,0.615385,0.5625,0.555556,0,0,5000.0,0.0,0.0,0.0,1
pairs_instagram_googleplus,RF,raffaellosetten,raffaellosetten,1,1.0,1.0,1.0,1.0,0,0,5000.0,0.0,0.0,0.0,1
pairs_instagram_googleplus,RF,daengdoang,daengdoang,1,1.0,1.0,0.521739,0.607143,0,0,5000.0,0.0,0.0,0.0,1
pairs_instagram_googleplus,RF,derekameyer,derekameyer,1,1.0,0.7,1.0,0.785714,0,0,5000.0,0.0,0.0,0.0,1
pairs_instagram_googleplus,RF,marissahughes,marissahughes,1,1.0,0.833333,1.0,0.764706,0,0,5000.0,0.0,0.0,0.0,1
pairs_instagram_googleplus,RF,ggty,ggty,1,1.0,0.0,1.0,0.827586,0,0,5000.0,0.0,0.0,0.0,1
pairs_instagram_googleplus,RF,jreese,jreese,1,1.0,0.625,1.0,0.75,0,0,5000.0,0.0,0.0,0.0,1
pairs_instagram_googleplus,RF,arklady,arklady,1,1.0,0.0,0.571429,0.733333,0,0,5000.0,0.0,0.0,0.0,1
pairs_instagram_googleplus,RF,andreaskuehn,schaake,0,0.996667,0.375,0.428571,0.357143,0,0,5000.0,0.0,0.0,0.0,1
pairs_instagram_googleplus,RF,negegabriel,negegabriel,1,1.0,0.9,1.0,0.857143,0,0,5000.0,0.0,0.0,0.0,1
pairs_instagram_googleplus,RF,ricardosalgado,ronim,0,0.753333,0.25,0.136364,0.285714,0,0,5000.0,0.0,0.0,0.0,1
pairs_instagram_googleplus,RF,pavelsmirnov,pavelsmirnov,1,1.0,0.0,1.0,0.52,0,0,5000.0,0.0,0.0,0.0,1
pairs_instagram_googleplus,RF,ube17,ube17,1,1.0,0.0,0.8,0.684211,0,0,5000.0,0.0,0.0,0.0,1
pairs_instagram_googleplus,RF,frankdasilva,frankdasilva,1,1.0,1.0,1.0,1.0,0,0,5000.0,0.0,0.0,0.0,1
pairs_instagram_googleplus,RF,mithical,mithical,1,1.0,0.0,1.0,0.583333,0,0,5000.0,0.0,0.0,0.0,1
pairs_instagram_googleplus,RF,zackpund,zackpund,1,1.0,1.0,1.0,1.0,0,0,5000.0,0.0,0.0,0.0,1
pairs_instagram_googleplus,RF,pamvickers,pamvickers,1,1.0,0.545455,0.666667,0.5,0,0,5000.0,0.0,0.0,0.0,1
pairs_instagram_googleplus,RF,marinasweet,marinasweet,1,1.0,0.714286,1.0,0.684211,0,0,5000.0,0.0,0.0,0.0,1
pairs_instagram_googleplus,RF,kicey,kicey,1,1.0,0.333333,0.4,0.375,0,0,5000.0,0.0,0.0,0.0,1
pairs_instagram_googleplus,RF,lizcarey13,lizcarey13,1,1.0,0.777778,1.0,0.714286,0,0,5000.0,0.0,0.0,0.0,1
pairs_instagram_googleplus,RF,fontesfilipe,fontesfilipe,1,1.0,0.833333,1.0,0.8,0,0,5000.0,0.0,0.0,0.0,1
pairs_instagram_googleplus,RF,ozturkmurat,ozturkmurat,1,1.0,0.5,0.538462,0.4,0,0,5000.0,0.0,0.0,0.0,1
pairs_instagram_googleplus,RF,michielheijmans,michielheijmans,1,1.0,0.0,1.0,0.64,0,0,5000.0,0.0,0.0,0.0,1
pairs_instagram_googleplus,RF,jimbgreen,jimbgreen,1,1.0,0.0,1.0,0.588235,0,0,5000.0,0.0,0.0,0.0,1
pairs_instagram_googleplus,RF,mrchorusman,juanmamiguens,0,0.953333,0.071429,0.391304,0.30303,0,0,5000.0,0.0,0.0,0.0,1
pairs_instagram_googleplus,RF,royterp,royterp,1,1.0,0.272727,1.0,0.625,0,0,5000.0,0.0,0.0,0.0,1
pairs_instagram_googleplus,RF,jcarlossoto,jcarlossoto,1,1.0,0.692308,1.0,0.894737,0,0,5000.0,0.0,0.0,0.0,1
pairs_instagram_googleplus,RF,peregeis,peregeis,1,1.0,0.538462,0.533333,0.578947,0,0,5000.0,0.0,0.0,0.0,1
pairs_instagram_googleplus,RF,tcmorgan,paulacolantonio,0,0.813333,0.3,0.333333,0.259259,0,0,5000.0,0.0,0.0,0.0,0
pairs_instagram_googleplus,RF,reportertim,reportertim,1,1.0,0.1,1.0,0.6,0,0,5000.0,0.0,0.0,0.0,1
pairs_instagram_googleplus,RF,juanpascual,juanpascual,1,1.0,0.315789,1.0,0.730769,0,0,5000.0,0.0,0.0,0.0,1
pairs_instagram_googleplus,RF,jeremeyperkins,jeremeyperkins,1,1.0,0.428571,1.0,0.777778,0,0,5000.0,0.0,0.0,0.0,1
pairs_instagram_googleplus,RF,pmoraes,pmoraes,1,1.0,0.0,1.0,0.7,0,0,5000.0,0.0,0.0,0.0,1
pairs_instagram_googleplus,RF,victorpanlilio,victorpanlilio,1,1.0,1.0,1.0,1.0,0,0,5000.0,0.0,0.0,0.0,1
pairs_instagram_googleplus,RF,doncrow,doncrow,1,1.0,1.0,1.0,1.0,0,0,5000.0,0.0,0.0,0.0,1
pairs_instagram_googleplus,RF,intweetion,marionvillette,0,0.933333,0.25,0.142857,0.380952,0,0,5000.0,0.0,0.0,0.0,1
pairs_instagram_googleplus,RF,jasongraham99,jasongraham99,1,1.0,0.833333,1.0,0.764706,0,0,5000.0,0.0,0.0,0.0,1
pairs_instagram_googleplus,RF,silviabarroso,silviabarroso,1,1.0,1.0,1.0,1.0,0,0,5000.0,0.0,0.0,0.0,1
pairs_instagram_googleplus,RF,briancsmith,briancsmith,1,1.0,1.0,1.0,1.0,0,0,5000.0,0.0,0.0,0.0,1
pairs_instagram_googleplus,RF,lidiadepadua,lidiadepadua,1,1.0,0.142857,1.0,0.736842,0,0,5000.0,0.0,0.0,0.0,1
pairs_instagram_googleplus,RF,sebastianruester,sebastianruester,1,1.0,0.0,0.8,0.608696,0,0,5000.0,0.0,0.0,0.0,1
pairs_instagram_googleplus,RF,lizapierce,lizapierce,1,0.643333,0.0,0.5,0.392857,0,0,5000.0,0.0,0.0,0.0,1
pairs_instagram_googleplus,RF,scottpaterson,kilttilter,0,0.993333,0.0,0.666667,0.217391,0,0,5000.0,0.0,0.0,0.0,1
pairs_instagram_googleplus,RF,julianojacob,julianojacob,1,1.0,1.0,0.0,0.866667,0,0,5000.0,0.0,0.0,0.0,1
pairs_instagram_googleplus,RF,alneil,alneil,1,1.0,0.5,1.0,0.8125,0,0,5000.0,0.0,0.0,0.0,1
pairs_instagram_googleplus,RF,fernandoamezrafael,amarocreative,0,1.0,0.111111,0.470588,0.384615,0,0,5000.0,0.0,0.0,0.0,1
pairs_instagram_googleplus,RF,kimberlylawson,kimberlylawson,1,1.0,0.368421,1.0,0.625,0,0,5000.0,0.0,0.0,0.0,1
pairs_instagram_googleplus,RF,guedadojacopomele,guedadojacopomele,1,1.0,0.375,0.588235,0.809524,0,0,5000.0,0.0,0.0,0.0,1
pairs_instagram_googleplus,RF,jeffcarroll,jeffcarroll,1,1.0,0.909091,1.0,0.8125,0,0,5000.0,0.0,0.0,0.0,1
pairs_instagram_googleplus,RF,taniabishop,christiankoestlin,0,0.946778,0.2,0.0,0.166667,0,0,5000.0,0.0,0.0,0.0,0
pairs_instagram_googleplus,RF,mollahasani,mollahasani,1,1.0,0.666667,1.0,0.941176,0,0,5000.0,0.0,0.0,0.0,1
pairs_instagram_googleplus,RF,felicelam,felicelam,1,1.0,1.0,1.0,1.0,0,0,5000.0,0.0,0.0,0.0,1
pairs_instagram_googleplus,RF,estudiooberon,carlosopitz,0,0.863333,0.411765,0.2,0.25,0,0,5000.0,0.0,0.0,0.0,1
pairs_instagram_googleplus,RF,sonyanews,sonyanews,1,1.0,0.307692,1.0,0.611111,0,0,5000.0,0.0,0.0,0.0,1
pairs_instagram_googleplus,RF,esenterre,esenterre,1,1.0,0.636364,0.916667,0.705882,0,0,5000.0,0.0,0.0,0.0,1
pairs_instagram_googleplus,RF,mserdark,mserdark,1,1.0,1.0,0.833333,0.863636,0,0,5000.0,0.0,0.0,0.0,1
pairs_instagram_googleplus,RF,paolamosso,paolamosso,1,1.0,1.0,1.0,1.0,0,0,5000.0,0.0,0.0,0.0,1
pairs_instagram_googleplus,RF,rodedelpino,rodedelpino,1,1.0,0.8,0.833333,0.809524,0,0,5000.0,0.0,0.0,0.0,1
pairs_instagram_googleplus,RF,locohama,fuadjais,0,0.943333,0.333333,0.0,0.2,0,0,5000.0,0.0,0.0,0.0,1
pairs_instagram_googleplus,RF,rbanffy,rbanffy,1,0.983333,0.384615,0.0,0.277778,0,0,5000.0,0.0,0.0,0.0,1
pairs_instagram_googleplus,RF,falmazroa,humanlie,0,0.996667,0.363636,0.0,0.263158,0,0,5000.0,0.0,0.0,0.0,1
pairs_instagram_googleplus,RF,chrisjenglish,cisene,0,1.0,0.263158,0.6,0.52,0,0,5000.0,0.0,0.0,0.0,1
pairs_instagram_googleplus,RF,karenlieberman,karenlieberman,1,1.0,0.1875,1.0,0.75,0,0,5000.0,0.0,0.0,0.0,1
pairs_instagram_googleplus,RF,zhangqiao,zhangqiao,1,1.0,0.307692,0.6,0.705882,0,0,5000.0,0.0,0.0,0.0,1
pairs_instagram_googleplus,RF,andreuibanez,andreuibanez,1,1.0,0.555556,0.75,0.666667,0,0,5000.0,0.0,0.0,0.0,1
pairs_instagram_googleplus,RF,jasonlister,jasonlister,1,1.0,0.0625,1.0,0.571429,0,0,5000.0,0.0,0.0,0.0,1
pairs_instagram_googleplus,RF,justinharkey,justinharkey,1,1.0,0.384615,1.0,0.823529,0,0,5000.0,0.0,0.0,0.0,1
pairs_instagram_googleplus,RF,gozdebalkan,annalisaschiavone,0,0.843333,0.3,0.0,0.285714,0,0,5000.0,0.0,0.0,0.0,0
pairs_instagram_googleplus,RF,pedrocaeiros,pedrocaeiros,1,1.0,1.0,1.0,1.0,0,0,5000.0,0.0,0.0,0.0,1
pairs_instagram_googleplus,RF,mellielang,mellielang,1,1.0,0.6,0.727273,0.6,0,0,5000.0,0.0,0.0,0.0,1
pairs_instagram_googleplus,RF,twool9,twool9,1,1.0,0.176471,1.0,0.772727,0,0,5000.0,0.0,0.0,0.0,1
pairs_instagram_googleplus,RF,ahmedhakim,ahmedhakim,1,1.0,0.285714,0.625,0.842105,0,0,5000.0,0.0,0.0,0.0,1
pairs_instagram_googleplus,RF,dontsithome,donsmith,0,0.633333,0.285714,0.266667,0.285714,0,0,5000.0,0.0,0.0,0.0,0
pairs_instagram_googleplus,RF,lebohangbucibo,lebohangbucibo,1,1.0,0.538462,1.0,0.882353,0,0,5000.0,0.0,0.0,0.0,1
pairs_instagram_googleplus,RF,rickaustin,rickaustin,1,1.0,1.0,1.0,1.0,0,0,5000.0,0.0,0.0,0.0,1
pairs_instagram_googleplus,RF,dbhaffey,dbhaffey,1,1.0,0.636364,0.421053,0.631579,0,0,5000.0,0.0,0.0,0.0,1
pairs_instagram_googleplus,RF,michaelallenberg,michaelallenberg,1,1.0,0.470588,1.0,0.772727,0,0,5000.0,0.0,0.0,0.0,1
pairs_instagram_googleplus,RF,raymondwyu,raymondwyu,1,1.0,0.0,1.0,0.5,0,0,5000.0,0.0,0.0,0.0,1
pairs_instagram_googleplus,RF,neocroma,tomacreon,0,0.972778,0.363636,0.0,0.181818,0,0,5000.0,0.0,0.0,0.0,1
pairs_instagram_googleplus,RF,briannagami,briannagami,1,1.0,0.75,1.0,0.8125,0,0,5000.0,0.0,0.0,0.0,1
pairs_instagram_googleplus,RF,vivipedraglio,vivipedraglio,1,1.0,0.916667,1.0,0.823529,0,0,5000.0,0.0,0.0,0.0,1
pairs_instagram_googleplus,RF,impureacts,impureacts,1,1.0,0.0,1.0,0.538462,0,0,5000.0,0.0,0.0,0.0,1
pairs_instagram_googleplus,RF,thomaspleil,plevel,0,1.0,0.0,0.642857,0.454545,0,0,5000.0,0.0,0.0,0.0,0
pairs_instagram_googleplus,RF,floriandedio,floriandedio,1,1.0,0.333333,1.0,0.875,0,0,5000.0,0.0,0.0,0.0,1
pairs_instagram_googleplus,RF,davidadams,davidadams,1,1.0,0.555556,1.0,0.846154,0,0,5000.0,0.0,0.0,0.0,1
pairs_instagram_googleplus,RF,domesposito,domesposito,1,1.0,0.0,1.0,0.521739,0,0,5000.0,0.0,0.0,0.0,1
pairs_instagram_googleplus,RF,alhasani,alhasani,1,1.0,0.304348,1.0,0.78125,0,0,5000.0,0.0,0.0,0.0,1
pairs_instagram_googleplus,RF,sanahsayani,sanahsayani,1,1.0,1.0,1.0,1.0,0,0,5000.0,0.0,0.0,0.0,1
pairs_instagram_googleplus,RF,lotuscarroll,lotuscarroll,1,1.0,1.0,1.0,1.0,0,0,5000.0,0.0,0.0,0.0,1
pairs_instagram_googleplus,RF,robnelson,robnelson,1,1.0,1.0,1.0,1.0,0,0,5000.0,0.0,0.0,0.0,1
pairs_instagram_googleplus,RF,laurendaymakeup,laurendaymakeup,1,1.0,0.571429,1.0,0.578947,0,0,5000.0,0.0,0.0,0.0,1
pairs_instagram_googleplus,RF,joshuagriffler,joshuagriffler,1,1.0,0.235294,1.0,0.681818,0,0,5000.0,0.0,0.0,0.0,1
pairs_instagram_googleplus,RF,tyroneeaton,tyroneeaton,1,1.0,0.818182,0.0,0.6,0,0,5000.0,0.0,0.0,0.0,1
pairs_instagram_googleplus,RF,bradyocallahan,bradyocallahan,1,1.0,1.0,1.0,1.0,0,0,5000.0,0.0,0.0,0.0,1
pairs_instagram_googleplus,RF,scottjwalter,scottjwalter,1,1.0,1.0,1.0,1.0,0,0,5000.0,0.0,0.0,0.0,1
pairs_instagram_googleplus,RF,laranovales,alvarovalladares,0,0.986667,0.375,0.263158,0.363636,0,0,5000.0,0.0,0.0,0.0,1
pairs_instagram_googleplus,RF,codyo,codyo,1,1.0,0.333333,1.0,0.882353,0,0,5000.0,0.0,0.0,0.0,1
pairs_instagram_googleplus,RF,sejalparekh,sejalparekh,1,1.0,0.285714,1.0,0.666667,0,0,5000.0,0.0,0.0,0.0,1
pairs_instagram_googleplus,RF,visualmethod,visualmethod,1,1.0,0.0,1.0,0.416667,0,0,5000.0,0.0,0.0,0.0,1
pairs_instagram_googleplus,RF,ojdurham,ojdurham,1,1.0,0.277778,0.588235,0.772727,0,0,5000.0,0.0,0.0,0.0,1
pairs_instagram_googleplus,RF,arcarga,arcarga,1,1.0,0.142857,1.0,0.777778,0,0,5000.0,0.0,0.0,0.0,1
pairs_instagram_googleplus,RF,wizardparadox,urigoren76,0,0.996667,0.0,0.4375,0.21875,0,0,5000.0,0.0,0.0,0.0,0
pairs_instagram_googleplus,RF,kevinhealey,kevinhealey,1,1.0,0.833333,1.0,0.764706,0,0,5000.0,0.0,0.0,0.0,1
pairs_instagram_googleplus,RF,jeroenvangils,jeroenvangils,1,1.0,0.52381,1.0,0.884615,0,0,5000.0,0.0,0.0,0.0,1
pairs_instagram_googleplus,RF,bradenframe,bradenframe,1,1.0,1.0,1.0,1.0,0,0,5000.0,0.0,0.0,0.0,1
pairs_instagram_googleplus,RF,rubeelnellikad,rubeelnellikad,1,1.0,1.0,1.0,1.0,0,0,5000.0,0.0,0.0,0.0,1
pairs_instagram_googleplus,RF,bobhazlett,bobhazlett,1,1.0,0.045455,1.0,0.461538,0,0,5000.0,0.0,0.0,0.0,1
pairs_instagram_googleplus,RF,wojciechnowacki,wojciechnowacki,1,1.0,0.037037,1.0,0.5,0,0,5000.0,0.0,0.0,0.0,1
pairs_instagram_googleplus,RF,fivekey,fivekey,1,1.0,0.0,1.0,0.571429,0,0,5000.0,0.0,0.0,0.0,1
pairs_instagram_googleplus,RF,ayepee99,pjain,0,0.773333,0.0,0.3,0.12,0,0,5000.0,0.0,0.0,0.0,1
pairs_instagram_googleplus,RF,rjjaramillo,rjjaramillo,1,1.0,0.470588,1.0,0.714286,0,0,5000.0,0.0,0.0,0.0,1
pairs_instagram_googleplus,RF,tylerkessler,tylerkessler,1,1.0,1.0,1.0,1.0,0,0,5000.0,0.0,0.0,0.0,1
pairs_instagram_googleplus,RF,helloethan,helloethan,1,1.0,0.375,1.0,0.413793,0,0,5000.0,0.0,0.0,0.0,1
pairs_instagram_googleplus,RF,jenngrover,jenngrover,1,1.0,0.727273,1.0,0.8,0,0,5000.0,0.0,0.0,0.0,1
pairs_instagram_googleplus,RF,robertheadley,robertheadley,1,1.0,1.0,1.0,1.0,0,0,5000.0,0.0,0.0,0.0,1
pairs_instagram_googleplus,RF,antgoo,antgoo,1,1.0,0.333333,1.0,0.8125,0,0,5000.0,0.0,0.0,0.0,1
pairs_instagram_googleplus,RF,fdemouy,fdemouy,1,0.933333,0.357143,0.095238,0.269231,0,0,5000.0,0.0,0.0,0.0,1
pairs_instagram_googleplus,RF,caroquezadac,caroquezadac,1,1.0,0.5625,1.0,0.8,0,0,5000.0,0.0,0.0,0.0,1
pairs_instagram_googleplus,RF,jareduraine,jareduraine,1,1.0,1.0,1.0,1.0,0,0,5000.0,0.0,0.0,0.0,1
pairs_instagram_googleplus,RF,valyb,valyb,1,1.0,0.238095,1.0,0.653846,0,0,5000.0,0.0,0.0,0.0,1
pairs_instagram_googleplus,RF,davidbonet,davidbonet,1,1.0,1.0,1.0,1.0,0,0,5000.0,0.0,0.0,0.0,1
pairs_instagram_googleplus,RF,julieg,julieg,1,1.0,1.0,1.0,1.0,0,0,5000.0,0.0,0.0,0.0,1
pairs_instagram_googleplus,RF,michaelletang,michaelletang,1,1.0,0.416667,1.0,0.9375,0,0,5000.0,0.0,0.0,0.0,1
pairs_instagram_googleplus,RF,dgosplvd,dgosplvd,1,1.0,0.136364,0.571429,0.451613,0,0,5000.0,0.0,0.0,0.0,1
pairs_instagram_googleplus,RF,cesarmuela,cesarmuela,1,1.0,0.7,0.727273,0.6875,0,0,5000.0,0.0,0.0,0.0,1
pairs_instagram_googleplus,RF,jellederoeck,jellederoeck,1,1.0,1.0,1.0,1.0,0,0,5000.0,0.0,0.0,0.0,1
pairs_instagram_googleplus,RF,caty,caty,1,1.0,0.142857,1.0,0.473684,0,0,5000.0,0.0,0.0,0.0,1
pairs_instagram_googleplus,RF,nicholaschen,nicholaschen,1,1.0,0.384615,1.0,0.882353,0,0,5000.0,0.0,0.0,0.0,1
pairs_instagram_googleplus,RF,sassycurls,sassycurls,1,1.0,0.727273,0.0,0.264706,0,0,5000.0,0.0,0.0,0.0,1
pairs_instagram_googleplus,RF,zelia,zelia,1,1.0,0.125,0.785714,0.571429,0,0,5000.0,0.0,0.0,0.0,1
pairs_instagram_googleplus,RF,mitz,mitz,1,1.0,0.333333,0.769231,0.5,0,0,5000.0,0.0,0.0,0.0,1
pairs_instagram_googleplus,RF,domingoriera,domingoriera,1,1.0,0.166667,1.0,0.833333,0,0,5000.0,0.0,0.0,0.0,1
pairs_instagram_googleplus,RF,naborgarrido,naborgarrido,1,1.0,0.6875,0.666667,0.681818,0,0,5000.0,0.0,0.0,0.0,1
pairs_instagram_googleplus,RF,mjarron,marceldarvas,0,0.993333,0.357143,0.333333,0.388889,0,0,5000.0,0.0,0.0,0.0,1
pairs_instagram_googleplus,RF,rdalba,rdalba,1,1.0,1.0,1.0,1.0,0,0,5000.0,0.0,0.0,0.0,1
pairs_instagram_googleplus,RF,larrytron,larrytron,1,1.0,0.2,1.0,0.703704,0,0,5000.0,0.0,0.0,0.0,1
pairs_instagram_googleplus,RF,colinlord,colinlord,1,1.0,1.0,1.0,1.0,0,0,5000.0,0.0,0.0,0.0,1
pairs_instagram_googleplus,RF,kivettbednar,kivettbednar,1,1.0,1.0,1.0,1.0,0,0,5000.0,0.0,0.0,0.0,1
pairs_instagram_googleplus,RF,joeyfeith,joeyfeith,1,1.0,1.0,1.0,1.0,0,0,5000.0,0.0,0.0,0.0,1
pairs_instagram_googleplus,RF,silviafattori,silviafattori,1,1.0,0.352941,1.0,0.636364,0,0,5000.0,0.0,0.0,0.0,1
pairs_instagram_googleplus,RF,alifeallah,alifeallah,1,1.0,1.0,0.75,0.733333,0,0,5000.0,0.0,0.0,0.0,1
pairs_instagram_googleplus,RF,mrdrazad,shadabshaikh,0,0.976667,0.066667,0.461538,0.304348,0,0,5000.0,0.0,0.0,0.0,1
pairs_instagram_googleplus,RF,davidweb,davidweb,1,1.0,0.142857,0.666667,0.515152,0,0,5000.0,0.0,0.0,0.0,1
pairs_instagram_googleplus,RF,luclegay,luclegay,1,1.0,1.0,1.0,1.0,0,0,5000.0,0.0,0.0,0.0,1
pairs_instagram_googleplus,RF,voyta,voyta,1,1.0,0.0625,0.571429,0.375,0,0,5000.0,0.0,0.0,0.0,1
pairs_instagram_googleplus,RF,yawjosephetse,yawjosephetse,1,0.99,0.416667,0.153846,0.388889,0,0,5000.0,0.0,0.0,0.0,1
pairs_instagram_googleplus,RF,lupupavel,lupupavel,1,1.0,0.875,0.444444,0.75,0,0,5000.0,0.0,0.0,0.0,1
pairs_instagram_googleplus,RF,chyan,chyan,1,1.0,0.5,0.444444,0.5,0,0,5000.0,0.0,0.0,0.0,1
pairs_instagram_googleplus,RF,jlbravo,jlbravo,1,1.0,0.285714,1.0,0.611111,0,0,5000.0,0.0,0.0,0.0,1
pairs_instagram_googleplus,RF,shantellmartin,shantellmartin,1,1.0,0.8,1.0,0.842105,0,0,5000.0,0.0,0.0,0.0,1
pairs_instagram_googleplus,RF,maiz,maiz,1,1.0,0.7,0.727273,0.785714,0,0,5000.0,0.0,0.0,0.0,1
pairs_instagram_googleplus,RF,jayjohnsonmlp,jayjohnsonmlp,1,1.0,0.75,1.0,0.6875,0,0,5000.0,0.0,0.0,0.0,1
pairs_instagram_googleplus,RF,jennaavery,jennaavery,1,1.0,1.0,1.0,1.0,0,0,5000.0,0.0,0.0,0.0,1
pairs_instagram_googleplus,RF,naccarato,naccarato,1,1.0,0.416667,1.0,0.764706,0,0,5000.0,0.0,0.0,0.0,1
pairs_instagram_googleplus,RF,olatin,olatin,1,1.0,1.0,0.75,0.823529,0,0,5000.0,0.0,0.0,0.0,1
pairs_instagram_googleplus,RF,hogeslag,hogeslag,1,1.0,1.0,1.0,1.0,0,0,5000.0,0.0,0.0,0.0,1
pairs_instagram_googleplus,RF,kedtaz,kedtaz,1,1.0,1.0,1.0,1.0,0,0,5000.0,0.0,0.0,0.0,1
pairs_instagram_googleplus,RF,fredrodrigues,fredrodrigues,1,1.0,0.733333,1.0,0.7,0,0,5000.0,0.0,0.0,0.0,1
pairs_instagram_googleplus,RF,victorzaidi,victorzaidi,1,0.983333,0.055556,0.583333,0.296296,0,0,5000.0,0.0,0.0,0.0,1
pairs_instagram_googleplus,RF,betharnold,betharnold,1,1.0,0.818182,1.0,0.75,0,0,5000.0,0.0,0.0,0.0,1
pairs_instagram_googleplus,RF,frosch03,frosch03,1,1.0,0.08,1.0,0.733333,0,0,5000.0,0.0,0.0,0.0,1
pairs_instagram_googleplus,RF,shawnmor,shawnmor,1,1.0,0.538462,1.0,0.888889,0,0,5000.0,0.0,0.0,0.0,1
pairs_instagram_googleplus,RF,ihsan,ihsan,1,0.96,0.266667,0.363636,0.25,0,0,5000.0,0.0,0.0,0.0,1
pairs_instagram_googleplus,RF,krolow,krolow,1,1.0,0.416667,0.8,0.777778,0,0,5000.0,0.0,0.0,0.0,1
pairs_instagram_googleplus,RF,frayser,frayser,1,1.0,0.5,1.0,0.875,0,0,5000.0,0.0,0.0,0.0,1
pairs_instagram_googleplus,RF,timothylmooney,timothylmooney,1,1.0,0.538462,1.0,0.647059,0,0,5000.0,0.0,0.0,0.0,1
pairs_instagram_googleplus,RF,vbrown3709,vbrown3709,1,1.0,0.5,1.0,0.9,0,0,5000.0,0.0,0.0,0.0,1
pairs_instagram_googleplus,RF,jeffalldridge,jeffalldridge,1,1.0,1.0,1.0,1.0,0,0,5000.0,0.0,0.0,0.0,1
pairs_instagram_googleplus,RF,dedicatedshep,diederich,0,0.9,0.222222,0.0,0.166667,0,0,5000.0,0.0,0.0,0.0,1
pairs_instagram_googleplus,RF,doughaddix,doughaddix,1,1.0,1.0,1.0,1.0,0,0,5000.0,0.0,0.0,0.0,1
pairs_instagram_googleplus,RF,warp,warp,1,1.0,0.428571,0.571429,0.666667,0,0,5000.0,0.0,0.0,0.0,1
pairs_instagram_googleplus,RF,russwalker,russwalker,1,1.0,0.384615,1.0,0.611111,0,0,5000.0,0.0,0.0,0.0,1
pairs_instagram_googleplus,RF,6clicks,6clicks,1,1.0,0.05,0.695652,0.846154,0,0,5000.0,0.0,0.0,0.0,1
pairs_instagram_googleplus,RF,cassiodeveloper,cassiodeveloper,1,1.0,0.185185,0.863636,0.571429,0,0,5000.0,0.0,0.0,0.0,1
pairs_instagram_googleplus,RF,dadangebudi,dadangebudi,1,1.0,1.0,0.3125,0.6,0,0,5000.0,0.0,0.0,0.0,1
pairs_instagram_googleplus,RF,joshuatalley,joshuatalley,1,1.0,1.0,1.0,1.0,0,0,5000.0,0.0,0.0,0.0,1
pairs_instagram_googleplus,RF,pedrosdh,pedrodgk,0,1.0,0.571429,0.428571,0.384615,0,0,5000.0,0.0,0.0,0.0,1
pairs_instagram_googleplus,RF,krajabi,krajabi,1,1.0,0.454545,0.363636,0.733333,0,0,5000.0,0.0,0.0,0.0,1
pairs_instagram_googleplus,RF,jamiesmyth,jamiesmyth,1,1.0,0.777778,1.0,0.857143,0,0,5000.0,0.0,0.0,0.0,1
pairs_instagram_googleplus,RF,alissasadler,alissasadler,1,1.0,1.0,1.0,1.0,0,0,5000.0,0.0,0.0,0.0,1
pairs_instagram_googleplus,RF,alwynvelasquez,alwynvelasquez,1,1.0,0.038462,1.0,0.5,0,0,5000.0,0.0,0.0,0.0,1
pairs_instagram_googleplus,RF,anibaldelatorre,anibaldelatorre,1,1.0,1.0,0.789474,0.913043,0,0,5000.0,0.0,0.0,0.0,1
pairs_instagram_googleplus,RF,micahb,micahb,1,1.0,0.363636,1.0,0.866667,0,0,5000.0,0.0,0.0,0.0,1
pairs_instagram_googleplus,RF,miguelmarqueze,miguelmarqueze,1,1.0,0.588235,0.842105,0.72,0,0,5000.0,0.0,0.0,0.0,1
pairs_instagram_googleplus,RF,darrenchivers,darrenchivers,1,1.0,1.0,1.0,1.0,0,0,5000.0,0.0,0.0,0.0,1
pairs_instagram_googleplus,RF,kevindoohan,kevindoohan,1,1.0,0.454545,1.0,0.857143,0,0,5000.0,0.0,0.0,0.0,1
pairs_instagram_googleplus,RF,juancarikt,juancarikt,1,1.0,0.333333,1.0,0.76,0,0,5000.0,0.0,0.0,0.0,1
pairs_instagram_googleplus,RF,niiabbey,niiabbey,1,1.0,0.538462,1.0,0.894737,0,0,5000.0,0.0,0.0,0.0,1
pairs_instagram_googleplus,RF,genedexter,theomeder,0,1.0,0.454545,0.071429,0.285714,0,0,5000.0,0.0,0.0,0.0,1
pairs_instagram_googleplus,RF,otterfreak,otterfreak,1,1.0,0.05,0.866667,0.538462,0,0,5000.0,0.0,0.0,0.0,1
pairs_instagram_googleplus,RF,andecha,andecha,1,1.0,0.041667,0.68,0.5,0,0,5000.0,0.0,0.0,0.0,1
pairs_instagram_googleplus,RF,ibo,ibo,1,1.0,0.5,0.0,0.32,0,0,5000.0,0.0,0.0,0.0,1
pairs_instagram_googleplus,RF,katiedeluca,katiedeluca,1,1.0,0.769231,0.578947,0.583333,0,0,5000.0,0.0,0.0,0.0,1
pairs_instagram_googleplus,RF,jeffcurto,jeffcurto,1,1.0,0.444444,1.0,0.846154,0,0,5000.0,0.0,0.0,0.0,1
pairs_instagram_googleplus,RF,zachancell,zachancell,1,1.0,1.0,1.0,1.0,0,0,5000.0,0.0,0.0,0.0,1
pairs_instagram_googleplus,RF,taotao,josephopinion,0,0.996667,0.428571,0.0,0.333333,0,0,5000.0,0.0,0.0,0.0,0
pairs_instagram_googleplus,RF,mgarciaad,mgarciaad,1,1.0,0.333333,0.692308,0.7,0,0,5000.0,0.0,0.0,0.0,1
pairs_instagram_googleplus,RF,germanico,germanico,1,1.0,0.055556,0.823529,0.6,0,0,5000.0,0.0,0.0,0.0,1
pairs_instagram_googleplus,RF,zachory,zachory,1,1.0,1.0,0.590909,0.666667,0,0,5000.0,0.0,0.0,0.0,1
pairs_instagram_googleplus,RF,mirjan,mirjan,1,0.98,0.133333,0.357143,0.409091,0,0,5000.0,0.0,0.0,0.0,1
pairs_instagram_googleplus,RF,jgardner04,jgardner04,1,1.0,0.35,1.0,0.75,0,0,5000.0,0.0,0.0,0.0,1
pairs_instagram_googleplus,RF,ybenami,ybenami,1,1.0,0.5,0.0,0.357143,0,0,5000.0,0.0,0.0,0.0,1
pairs_instagram_googleplus,RF,oliviaduran,oliviaduran,1,1.0,0.363636,1.0,0.866667,0,0,5000.0,0.0,0.0,0.0,1
pairs_instagram_googleplus,RF,markkelly333,markkelly333,1,1.0,1.0,1.0,1.0,0,0,5000.0,0.0,0.0,0.0,1
pairs_instagram_googleplus,RF,craightonmiller,craightonmiller,1,1.0,0.571429,1.0,0.888889,0,0,5000.0,0.0,0.0,0.0,1
pairs_instagram_googleplus,RF,arjantupan,arjantupan,1,1.0,1.0,1.0,1.0,0,0,5000.0,0.0,0.0,0.0,1
pairs_instagram_googleplus,RF,danielcanton,danielcanton,1,1.0,0.909091,1.0,0.8125,0,0,5000.0,0.0,0.0,0.0,1
pairs_instagram_googleplus,RF,dougsandquist,dougsandquist,1,1.0,0.6875,0.705882,0.666667,0,0,5000.0,0.0,0.0,0.0,1
pairs_instagram_googleplus,RF,poetyca,poetyca,1,1.0,0.461538,1.0,0.9375,0,0,5000.0,0.0,0.0,0.0,1
pairs_instagram_googleplus,RF,julioguerrero,rrojuan,0,1.0,0.466667,0.071429,0.473684,0,0,5000.0,0.0,0.0,0.0,1
pairs_instagram_googleplus,RF,dawghouston,frankblackhal,0,0.513333,0.068966,0.269231,0.215686,0,0,5000.0,0.0,0.0,0.0,0
pairs_instagram_googleplus,RF,danalmasy,danalmasy,1,1.0,1.0,1.0,1.0,0,0,5000.0,0.0,0.0,0.0,1
pairs_instagram_googleplus,RF,melissabgriffin,melissabgriffin,1,1.0,0.052632,1.0,0.625,0,0,5000.0,0.0,0.0,0.0,1
pairs_instagram_googleplus,RF,gabriellekleinmejia,gabriellekleinmejia,1,0.96,0.315789,0.0,0.26087,0,0,5000.0,0.0,0.0,0.0,1
pairs_instagram_googleplus,RF,shawntkeating,shawntkeating,1,1.0,0.769231,1.0,0.823529,0,0,5000.0,0.0,0.0,0.0,1
pairs_instagram_googleplus,RF,bettinakast,bettinakast,1,1.0,0.0,1.0,0.461538,0,0,5000.0,0.0,0.0,0.0,1
pairs_instagram_googleplus,RF,leehoward,leehoward,1,1.0,0.272727,1.0,0.6875,0,0,5000.0,0.0,0.0,0.0,1
pairs_instagram_googleplus,RF,jimnapier,jimnapier,1,1.0,1.0,1.0,1.0,0,0,5000.0,0.0,0.0,0.0,1
pairs_instagram_googleplus,RF,thanhnkh,neilalexander,0,0.623247,0.136364,0.0,0.090909,0,0,5000.0,0.0,0.0,0.0,1
pairs_instagram_googleplus,RF,egorfedorov,egorfedorov,1,1.0,0.9,0.0,0.4,0,0,5000.0,0.0,0.0,0.0,1
pairs_instagram_googleplus,RF,tiscar,tiscar,1,1.0,0.333333,0.7,0.533333,0,0,5000.0,0.0,0.0,0.0,1
pairs_instagram_googleplus,RF,kyleankney,kyleankney,1,1.0,1.0,1.0,1.0,0,0,5000.0,0.0,0.0,0.0,1
pairs_instagram_googleplus,RF,faishalyusof,faishalyusof,1,1.0,0.058824,1.0,0.619048,0,0,5000.0,0.0,0.0,0.0,1
pairs_instagram_googleplus,RF,rubenabravoc,rubenabravoc,1,1.0,0.5,0.583333,0.6,0,0,5000.0,0.0,0.0,0.0,1
pairs_instagram_googleplus,RF,halanscott,halanscott,1,1.0,0.818182,1.0,0.777778,0,0,5000.0,0.0,0.0,0.0,1
pairs_instagram_googleplus,RF,marianoherrera,marianoherrera,1,1.0,0.352941,1.0,0.636364,0,0,5000.0,0.0,0.0,0.0,1
pairs_instagram_googleplus,RF,aurora7x,aurora7x,1,1.0,0.416667,1.0,0.705882,0,0,5000.0,0.0,0.0,0.0,1
pairs_instagram_googleplus,RF,andyaskren,andyaskren,1,1.0,0.25,1.0,0.666667,0,0,5000.0,0.0,0.0,0.0,1
pairs_instagram_googleplus,RF,jeffreyamcguire,jeffreyamcguire,1,1.0,0.0,0.789474,0.580645,0,0,5000.0,0.0,0.0,0.0,1
pairs_instagram_googleplus,RF,mjgsm,mjgsm,1,0.996667,0.052632,0.5,0.454545,0,0,5000.0,0.0,0.0,0.0,1
pairs_instagram_googleplus,RF,ralbiol,ralbiol,1,1.0,0.666667,0.75,0.733333,0,0,5000.0,0.0,0.0,0.0,1
pairs_instagram_googleplus,RF,robertoalbertini,robertoalbertini,1,1.0,0.857143,1.0,0.789474,0,0,5000.0,0.0,0.0,0.0,1
pairs_instagram_googleplus,RF,azoozysa,azoozysa,1,1.0,0.133333,1.0,0.684211,0,0,5000.0,0.0,0.0,0.0,1
pairs_instagram_googleplus,RF,jaycorcoran,jaycorcoran,1,1.0,1.0,1.0,1.0,0,0,5000.0,0.0,0.0,0.0,1
pairs_instagram_googleplus,RF,fernandogallardo,fernandogallardo,1,1.0,0.875,1.0,0.85,0,0,5000.0,0.0,0.0,0.0,1
pairs_instagram_googleplus,RF,ginastark,ginastark,1,1.0,0.0,1.0,0.526316,0,0,5000.0,0.0,0.0,0.0,1
pairs_instagram_googleplus,RF,deepseadawn,deepseadawn,1,1.0,0.1875,1.0,0.55,0,0,5000.0,0.0,0.0,0.0,1
pairs_instagram_googleplus,RF,jberndes,jberndes,1,1.0,0.461538,1.0,0.882353,0,0,5000.0,0.0,0.0,0.0,1
pairs_instagram_googleplus,RF,aaljuma,aaljuma,1,1.0,0.357143,1.0,0.882353,0,0,5000.0,0.0,0.0,0.0,1
pairs_instagram_googleplus,RF,derjarjour,derjarjour,1,1.0,0.428571,0.8,0.7,0,0,5000.0,0.0,0.0,0.0,1
pairs_instagram_googleplus,RF,kathyhagle,kathyhagle,1,1.0,0.333333,1.0,0.6,0,0,5000.0,0.0,0.0,0.0,1
pairs_instagram_googleplus,RF,bstefan,sigit,0,0.946778,0.2,0.0,0.166667,0,0,5000.0,0.0,0.0,0.0,0
pairs_instagram_googleplus,RF,klischnet,nicolaskline,0,0.83,0.1875,0.176471,0.190476,0,0,5000.0,0.0,0.0,0.0,1
pairs_instagram_googleplus,RF,joancolell,joancolell,1,1.0,1.0,0.344828,0.419355,0,0,5000.0,0.0,0.0,0.0,1
pairs_instagram_googleplus,RF,katharts,katharts,1,1.0,0.222222,1.0,0.73913,0,0,5000.0,0.0,0.0,0.0,1
pairs_instagram_googleplus,RF,dielmer,dielmer,1,1.0,0.0,0.88,0.71875,0,0,5000.0,0.0,0.0,0.0,1
pairs_instagram_googleplus,RF,schwankpetr,peterduke,0,0.993333,0.333333,0.444444,0.294118,0,0,5000.0,0.0,0.0,0.0,1
pairs_instagram_googleplus,RF,djuggler,djuggler,1,1.0,0.058824,1.0,0.590909,0,0,5000.0,0.0,0.0,0.0,1
pairs_instagram_googleplus,RF,xiangfei,jonasechoes,0,0.948333,0.333333,0.0,0.157895,0,0,5000.0,0.0,0.0,0.0,0
pairs_instagram_googleplus,RF,staboada,staboada,1,1.0,0.5,0.388889,0.428571,0,0,5000.0,0.0,0.0,0.0,1
pairs_instagram_googleplus,RF,mussumalive,malibumuffie,0,0.926667,0.3125,0.15,0.333333,0,0,5000.0,0.0,0.0,0.0,0
pairs_instagram_googleplus,RF,heribertohdez,heribertohdez,1,1.0,0.15,0.8125,0.56,0,0,5000.0,0.0,0.0,0.0,1
pairs_instagram_googleplus,RF,rebeccahill,rebeccahill,1,1.0,0.461538,1.0,0.666667,0,0,5000.0,0.0,0.0,0.0,1
pairs_instagram_googleplus,RF,harlinghausen,harlinghausen,1,1.0,0.55,1.0,0.92,0,0,5000.0,0.0,0.0,0.0,1
pairs_instagram_googleplus,RF,chrisjpowell,chrisjpowell,1,1.0,0.52381,1.0,0.884615,0,0,5000.0,0.0,0.0,0.0,1
pairs_instagram_googleplus,RF,frankhartman,frankhartman,1,1.0,1.0,1.0,1.0,0,0,5000.0,0.0,0.0,0.0,1
pairs_instagram_googleplus,RF,melissagonzales,melissata,0,1.0,0.5,0.0,0.5,0,0,5000.0,0.0,0.0,0.0,1
pairs_instagram_googleplus,RF,garethjonesnow,garethjonesnow,1,1.0,0.5,1.0,0.789474,0,0,5000.0,0.0,0.0,0.0,1
pairs_instagram_googleplus,RF,brothermarlon,brothermarlon,1,1.0,0.3125,0.555556,0.5,0,0,5000.0,0.0,0.0,0.0,1
pairs_instagram_googleplus,RF,marktewart,marktewart,1,1.0,1.0,1.0,1.0,0,0,5000.0,0.0,0.0,0.0,1
pairs_instagram_googleplus,RF,emiliormn,mafaldida,0,0.787278,0.0,0.32,0.222222,0,0,5000.0,0.0,0.0,0.0,0
pairs_instagram_googleplus,RF,nanay,nanay,1,0.853333,0.357143,0.333333,0.315789,0,0,5000.0,0.0,0.0,0.0,1
pairs_instagram_googleplus,RF,amyrogers,amyrogers,1,0.81,0.0,0.333333,0.34375,0,0,5000.0,0.0,0.0,0.0,1
pairs_instagram_googleplus,RF,emanuelearosio,emanuelearosio,1,1.0,1.0,1.0,1.0,0,0,5000.0,0.0,0.0,0.0,1
pairs_instagram_googleplus,RF,rmorrison,rmorrison,1,1.0,0.0,1.0,0.433333,0,0,5000.0,0.0,0.0,0.0,1
pairs_instagram_googleplus,RF,rudolfkorv,erwinhuang,0,0.925,0.0,0.357143,0.217391,0,0,5000.0,0.0,0.0,0.0,1
pairs_instagram_googleplus,RF,erycwikromo,erycwikromo,1,1.0,0.375,0.76,0.709677,0,0,5000.0,0.0,0.0,0.0,1
pairs_instagram_googleplus,RF,dianwahyu,dianwahyu,1,1.0,0.533333,0.0,0.380952,0,0,5000.0,0.0,0.0,0.0,1
pairs_instagram_googleplus,RF,miamilawrence,kimlawrence,0,1.0,0.5,0.466667,0.421053,0,0,5000.0,0.0,0.0,0.0,0
pairs_instagram_googleplus,RF,amberhewitt,zuzugraphics,0,0.946667,0.461538,0.375,0.315789,0,0,5000.0,0.0,0.0,0.0,0
pairs_instagram_googleplus,RF,paulacolantonio,paulacolantonio,1,1.0,1.0,1.0,1.0,0,0,5000.0,0.0,0.0,0.0,1
pairs_instagram_googleplus,RF,mizenertodd,mizenertodd,1,1.0,0.545455,1.0,0.866667,0,0,5000.0,0.0,0.0,0.0,1
pairs_instagram_googleplus,RF,shaker909,ibeso,0,0.66,0.0,0.222222,0.166667,0,0,5000.0,0.0,0.0,0.0,0
pairs_instagram_googleplus,RF,meikahazim,meikahazim,1,1.0,1.0,0.727273,0.846154,0,0,5000.0,0.0,0.0,0.0,1
pairs_instagram_googleplus,RF,dracorubio,iamcorn,0,0.946778,0.2,0.0,0.166667,0,0,5000.0,0.0,0.0,0.0,0
pairs_instagram_googleplus,RF,mariadocarmo,mariadocarmo,1,1.0,0.481481,0.789474,0.777778,0,0,5000.0,0.0,0.0,0.0,1
pairs_instagram_googleplus,RF,ecook,ecook,1,1.0,1.0,1.0,1.0,0,0,5000.0,0.0,0.0,0.0,1
pairs_instagram_googleplus,RF,gerardfreeman,gerardfreeman,1,1.0,0.857143,1.0,0.888889,0,0,5000.0,0.0,0.0,0.0,1
pairs_instagram_googleplus,RF,nickgaston,nickgaston,1,1.0,1.0,1.0,1.0,0,0,5000.0,0.0,0.0,0.0,1
pairs_instagram_googleplus,RF,liannefarbes,liannefarbes,1,1.0,0.047619,0.5,0.481481,0,0,5000.0,0.0,0.0,0.0,1
pairs_instagram_googleplus,RF,vladgorenshteyn,vladgorenshteyn,1,1.0,1.0,1.0,1.0,0,0,5000.0,0.0,0.0,0.0,1
pairs_instagram_googleplus,RF,tyschwoeffermann,tyschwoeffermann,1,1.0,0.352941,1.0,0.818182,0,0,5000.0,0.0,0.0,0.0,1
pairs_instagram_googleplus,RF,vincenzodimaria,vincenzodimaria,1,1.0,0.0,1.0,0.586207,0,0,5000.0,0.0,0.0,0.0,1
pairs_instagram_googleplus,RF,cbachini,cbachini,1,1.0,0.5,0.785714,0.722222,0,0,5000.0,0.0,0.0,0.0,1
pairs_instagram_googleplus,RF,roysteele,roysteele,1,1.0,0.0,1.0,0.416667,0,0,5000.0,0.0,0.0,0.0,1
pairs_instagram_googleplus,RF,igoryok,igoryok,1,1.0,0.2,1.0,0.6,0,0,5000.0,0.0,0.0,0.0,1
pairs_instagram_googleplus,RF,antoniorodilla,antoniorodilla,1,0.946667,0.428571,0.368421,0.333333,0,0,5000.0,0.0,0.0,0.0,1
pairs_instagram_googleplus,RF,nusca,nusca,1,1.0,0.0,1.0,0.48,0,0,5000.0,0.0,0.0,0.0,1
pairs_instagram_googleplus,RF,andrewyee,drewy,0,1.0,0.428571,0.777778,0.473684,0,0,5000.0,0.0,0.0,0.0,1
pairs_instagram_googleplus,RF,pierrebaillargeon,pierrebaillargeon,1,1.0,0.038462,1.0,0.580645,0,0,5000.0,0.0,0.0,0.0,1
pairs_instagram_googleplus,RF,norbertrovira,norbertrovira,1,1.0,0.428571,1.0,0.777778,0,0,5000.0,0.0,0.0,0.0,1
pairs_instagram_googleplus,RF,baubalred,baubalred,1,1.0,1.0,1.0,1.0,0,0,5000.0,0.0,0.0,0.0,1
pairs_instagram_googleplus,RF,mattcoe,mattcoe,1,1.0,0.454545,1.0,0.6875,0,0,5000.0,0.0,0.0,0.0,1
pairs_instagram_googleplus,RF,sarahnance,sarahnance,1,1.0,0.727273,1.0,0.8,0,0,5000.0,0.0,0.0,0.0,1
pairs_instagram_googleplus,RF,carlosbrandt,carlosbrandt,1,1.0,1.0,1.0,1.0,0,0,5000.0,0.0,0.0,0.0,1
pairs_instagram_googleplus,RF,leonardocarlos,leonardocarlos,1,1.0,1.0,1.0,1.0,0,0,5000.0,0.0,0.0,0.0,1
pairs_instagram_googleplus,RF,rlavigne42,rlavigne42,1,1.0,0.4,1.0,0.7,0,0,5000.0,0.0,0.0,0.0,1
pairs_instagram_googleplus,RF,jeffsandhu,jeffsandhu,1,1.0,1.0,1.0,1.0,0,0,5000.0,0.0,0.0,0.0,1
pairs_instagram_googleplus,RF,undasein,undasein,1,0.99,0.038462,0.733333,0.363636,0,0,5000.0,0.0,0.0,0.0,1
pairs_instagram_googleplus,RF,davispaul,davispaul,1,1.0,1.0,0.095238,0.5,0,0,5000.0,0.0,0.0,0.0,1
pairs_instagram_googleplus,RF,gaerttnerharald,gaerttnerharald,1,1.0,0.5,1.0,0.888889,0,0,5000.0,0.0,0.0,0.0,1
pairs_instagram_googleplus,RF,juliaperezzz,juliaperezzz,1,1.0,0.9,1.0,0.928571,0,0,5000.0,0.0,0.0,0.0,1
pairs_instagram_googleplus,RF,francescomeani,francescomeani,1,1.0,0.111111,1.0,0.608696,0,0,5000.0,0.0,0.0,0.0,1
pairs_instagram_googleplus,RF,camillevanneer,camillevanneer,1,1.0,1.0,1.0,1.0,0,0,5000.0,0.0,0.0,0.0,1
pairs_instagram_googleplus,RF,gcardona,gcardona,1,1.0,0.35,0.7,0.708333,0,0,5000.0,0.0,0.0,0.0,1
pairs_instagram_googleplus,RF,suzureign,suzureign,1,1.0,1.0,0.0,0.5,0,0,5000.0,0.0,0.0,0.0,1
pairs_instagram_googleplus,RF,hawk8509,hawk8509,1,1.0,0.411765,1.0,0.904762,0,0,5000.0,0.0,0.0,0.0,1
pairs_instagram_googleplus,RF,scottivey,scottivey,1,1.0,1.0,1.0,1.0,0,0,5000.0,0.0,0.0,0.0,1
pairs_instagram_googleplus,RF,soniconp,soniconp,1,1.0,0.333333,1.0,0.705882,0,0,5000.0,0.0,0.0,0.0,1
pairs_instagram_googleplus,RF,dcosand,dcosand,1,1.0,0.6,1.0,1.0,0,0,5000.0,0.0,0.0,0.0,1
pairs_instagram_googleplus,RF,darrenwoolley,darrenwoolley,1,1.0,0.357143,1.0,0.736842,0,0,5000.0,0.0,0.0,0.0,1
pairs_instagram_googleplus,RF,natashayounge,natashayounge,1,1.0,0.923077,1.0,0.833333,0,0,5000.0,0.0,0.0,0.0,1
pairs_instagram_googleplus,RF,kathleendheuer,kathleendheuer,1,1.0,0.285714,1.0,0.833333,0,0,5000.0,0.0,0.0,0.0,1
pairs_instagram_googleplus,RF,brittanyhite,brittanyhite,1,1.0,1.0,1.0,1.0,0,0,5000.0,0.0,0.0,0.0,1
pairs_instagram_googleplus,RF,charlesdicomo,charlesdicomo,1,1.0,0.384615,0.684211,0.681818,0,0,5000.0,0.0,0.0,0.0,1
pairs_instagram_googleplus,RF,matthewtimmer,matthewtimmer,1,1.0,1.0,1.0,1.0,0,0,5000.0,0.0,0.0,0.0,1
pairs_instagram_googleplus,RF,brianmayzure,brianmayzure,1,1.0,0.5,1.0,0.916667,0,0,5000.0,0.0,0.0,0.0,1
pairs_instagram_googleplus,RF,johnmadden,jonbohn,0,0.983333,0.0,0.428571,0.235294,0,0,5000.0,0.0,0.0,0.0,1
pairs_instagram_googleplus,RF,lekstudios,lekstudios,1,1.0,1.0,0.533333,0.708333,0,0,5000.0,0.0,0.0,0.0,1
pairs_instagram_googleplus,RF,shannitawilliams,chuckmorris,0,0.81,0.304348,0.0,0.285714,0,0,5000.0,0.0,0.0,0.0,0
pairs_instagram_googleplus,RF,tonyclomax,tonyclomax,1,1.0,1.0,0.555556,0.65,0,0,5000.0,0.0,0.0,0.0,1
pairs_instagram_googleplus,RF,markwalz,markwalz,1,1.0,0.153846,1.0,0.6,0,0,5000.0,0.0,0.0,0.0,1
pairs_instagram_googleplus,RF,elenarubio,elenarubio,1,1.0,0.428571,0.518519,0.516129,0,0,5000.0,0.0,0.0,0.0,1
pairs_instagram_googleplus,RF,franvillafanez,ialgarin,0,0.706667,0.277778,0.25,0.291667,0,0,5000.0,0.0,0.0,0.0,0
pairs_instagram_googleplus,RF,vazquezjm,vazquezjm,1,1.0,0.352941,0.647059,0.5,0,0,5000.0,0.0,0.0,0.0,1
pairs_instagram_googleplus,RF,aletrentin,aletrentin,1,1.0,0.526316,1.0,0.913043,0,0,5000.0,0.0,0.0,0.0,1
pairs_instagram_googleplus,RF,pascalvuylsteker,pascalvuylsteker,1,1.0,0.0,0.8,0.863636,0,0,5000.0,0.0,0.0,0.0,1
pairs_instagram_googleplus,RF,cruisebuzz,cruisebuzz,1,1.0,0.0,0.705882,0.6,0,0,5000.0,0.0,0.0,0.0,1
pairs_instagram_googleplus,RF,wesleybackhouse,wesleybackhouse,1,1.0,0.333333,1.0,0.8,0,0,5000.0,0.0,0.0,0.0,1
pairs_instagram_googleplus,RF,rappler,rappler,1,1.0,0.6,0.545455,0.571429,0,0,5000.0,0.0,0.0,0.0,1
pairs_instagram_googleplus,RF,alvarogpolavieja,rachelcampion,0,1.0,0.5,0.461538,0.5,0,0,5000.0,0.0,0.0,0.0,0
pairs_instagram_googleplus,RF,simok33,simok33,1,1.0,0.230769,1.0,0.65,0,0,5000.0,0.0,0.0,0.0,1
pairs_instagram_googleplus,RF,labiba,labiba,1,1.0,0.555556,1.0,0.833333,0,0,5000.0,0.0,0.0,0.0,1
pairs_instagram_googleplus,RF,caseyknox,caseyknox,1,1.0,0.583333,1.0,0.6875,0,0,5000.0,0.0,0.0,0.0,1
pairs_instagram_googleplus,RF,jacquibrown,gcurno,0,0.943333,0.363636,0.214286,0.352941,0,0,5000.0,0.0,0.0,0.0,0
pairs_instagram_googleplus,RF,jphintze,jphintze,1,1.0,0.294118,1.0,0.818182,0,0,5000.0,0.0,0.0,0.0,1
pairs_instagram_googleplus,RF,igormitrovic,igormitrovic,1,1.0,0.909091,0.846154,0.823529,0,0,5000.0,0.0,0.0,0.0,1
pairs_instagram_googleplus,RF,steadicam,samuelstrickland,0,0.840667,0.230769,0.0,0.181818,0,0,5000.0,0.0,0.0,0.0,1
pairs_instagram_googleplus,RF,mje,mje,1,1.0,0.0,1.0,0.541667,0,0,5000.0,0.0,0.0,0.0,1
