profile_id_a,profile_id_b,score,decision,decision_source,actual,pair_type,split_name,platform_a,userName_a,fullName_a,bio_a,location_a,externalUrl_a,platform_b,userName_b,fullName_b,bio_b,location_b,externalUrl_b,user_folder_a,user_folder_b
1052,3710,1.0,MATCH,AUTO_EXACT,0,exact_match,full,instagram,weareccad,cleveland college of artccad,exceptional education for creative careers. come start your creative journey. open days on our website! next: 20th oct he & 19th nov fe weareccad,,http://ccad.ac.uk,googleplus,ccad-clevelandcollegeofartdesign,ccad cleveland college of art design,"we draw, we shape, we create lspr pgp corporate communications lspr jakarta head of media centre, publication & design, assistant dean mass communication department",,['http://www.ccad.ac.uk'],nicolacraddock,ccad
1052,3711,1.0,MATCH,AUTO_EXACT,0,exact_match,full,instagram,weareccad,cleveland college of artccad,exceptional education for creative careers. come start your creative journey. open days on our website! next: 20th oct he & 19th nov fe weareccad,,http://ccad.ac.uk,twitter,weareccad,ccad,the northern school of art // tef gold // 96.7% employability // no.1 in nss in north east // middlesbrough & hartlepool //,north east england,ccad.ac.uk,nicolacraddock,ccad
1363,36037,1.0,MATCH,AUTO_EXACT,0,exact_match,full,googleplus,wallhattori,wall hattori,"high on life. and vodka. mostly vodka. university of southern california masters of arts in teaching southern new hampshire university english language and literature minors: fine arts, history, and sociology ucla - extension adjunct professor k12 inc. english teacher",,"['http://lattes.cnpq.br/9220912064138283', 'http://scholar.google.com.br/citations?hl=pt-BR&user=FqlZuLcAAAAJ', 'http://www.researchgate.net/profile/Wallisen_Hattori/', 'https://ufu.academia.edu/WallisenHattori', 'http://www.researcherid.com/rid/C-9666-2012', 'http://about.me/WallHattori', 'https://www.facebook.com/wallhattori', 'https://twitter.com/WallHattori', 'http://superwall13.tumblr.com/', 'http://superwall13.blogspot.com/', 'http://picasaweb.google.com/superwall13', 'http://www.flickr.com/photos/superwall13/', 'http://www.youtube.com/user/superwall13#g/f', 'http://orangotag.com/user/wall-hattori', 'https://filmow.com/usuario/wallhattori/']",instagram,wallhattori,wall hattori,high on life. and vodka. mostly vodka.,,http://about.me/WallHattori,superwall13,WallHattori
1363,36038,1.0,MATCH,AUTO_EXACT,0,exact_match,full,googleplus,wallhattori,wall hattori,"high on life. and vodka. mostly vodka. university of southern california masters of arts in teaching southern new hampshire university english language and literature minors: fine arts, history, and sociology ucla - extension adjunct professor k12 inc. english teacher",,"['http://lattes.cnpq.br/9220912064138283', 'http://scholar.google.com.br/citations?hl=pt-BR&user=FqlZuLcAAAAJ', 'http://www.researchgate.net/profile/Wallisen_Hattori/', 'https://ufu.academia.edu/WallisenHattori', 'http://www.researcherid.com/rid/C-9666-2012', 'http://about.me/WallHattori', 'https://www.facebook.com/wallhattori', 'https://twitter.com/WallHattori', 'http://superwall13.tumblr.com/', 'http://superwall13.blogspot.com/', 'http://picasaweb.google.com/superwall13', 'http://www.flickr.com/photos/superwall13/', 'http://www.youtube.com/user/superwall13#g/f', 'http://orangotag.com/user/wall-hattori', 'https://filmow.com/usuario/wallhattori/']",twitter,wallhattori,wall hattori,"i'm high on life. and vodka. mostly vodka. (^^,)","uberlândia, mg, brasil",sites.google.com/view/wallhatto…,superwall13,WallHattori
1435,32670,1.0,MATCH,AUTO_EXACT,0,exact_match,full,instagram,tonybarlow,tony barlow,"snapchat: tonybarlow03. i am an outdoorsman, a family man, a homesteader and creator of plan the hunt a planner/journal for hunters. jesus",,http://www.facebook.com/barlowroots,googleplus,tonybarlow,tony barlow,"""opportunity is missed by most people because it is dressed in overalls and looks like work."" -- thomas a. edison deaf2work work consultant action deafness employment consultant dering employment services senior employment adviser derby city council job coach university of derby placements coordinator",,"['http://picasaweb.google.co.uk/tonebar', 'http://twitter.com/saltbar', 'http://uk.linkedin.com/in/tonybarlow', 'http://www.facebook.com/tony.barlow', 'http://www.flickr.com/people/tonebar/', 'http://www.deaf2work.co.uk', 'http://www.saltbar.co.uk']",tonybarlow,saltbar
2455,4515,1.0,MATCH,AUTO_EXACT,0,exact_match,full,instagram,pullbackes,pullbackes,administrador y responsable de,,http://www.pullback.es,twitter,pullbackes,pullbackes,"página dedicada a las inversiones - trading y negocios. daytraders y fanáticos de la bolsa (cfds.futuros,forex,etfs,bonos,acciones corto plazo)",españa,pullback.es,PullbackES,espullback
4125,28717,1.0,MATCH,AUTO_EXACT,0,exact_match,full,twitter,deakaipo,dea,a hawaiian girl ready to make her mark on the world! i'm looking forward to an exciting journey and hope to bring good people with me! aloha!,"san diego, ca",facebook.com/#!/pages/Dea-K…,instagram,miragusa,michelle ragusa,"world traveler, friend, mommy/step mom/fur mom, cisco employee and all around tech/social media-a-holic, dancer/zumba instructor, wife,funny chick",,http://www.facebook.com/#!/michelle.ragusa,DeaKaipo,MichelleRagusa
4871,10280,1.0,MATCH,AUTO_EXACT,0,exact_match,full,twitter,guiamonica,guia bautistaobsum,mom of two girls. entrepreneur. food blogger …,"metro manila, philippines",foodreviewsmanila.com,instagram,foodreviewsmanila,guia bautistaobsum,a manila food and restaurant review blog -- now turning into a learning-how-to-cook journal in ig.,,http://www.foodreviewsmanila.com,guiamonica,FoodReviewsManila
700,2137,1.0,MATCH,AUTO_HIGH,0,candidate,full,twitter,johnbailon,john ailon,co-founder and ceo of satoshi citadel industries ( ),"manila, philippines",johnbailon.com,instagram,djjianni,john evangelidis,ceo at techsmart.gr co-founder at bigbox,,http://techsmart.gr,johnbailon,jianni
1968,10290,1.0,MATCH,AUTO_HIGH,0,candidate,full,googleplus,franciscapote,francis capote,ies ngel de saavedra realizacin de audiovisuales y espectculos ies vicente nez eso y logse artistic photographer photographer,,"['http://franciscapote.com', 'http://twitter.com/franciscapote', 'https://www.flickr.com/photos/franciscapote/', 'https://www.facebook.com/pages/Francis-Capote-Freelance-Photographer/137453809633031', 'http://www.pinterest.com/franciscapote', 'http://about.me/franciscapote', 'http://franciscapote.deviantart.com/gallery', 'http://www.fotocommunity.es/fotografo/francis-capote/1345049', 'https://500px.com/franciscapote', 'https://www.linkedin.com/profile/view?id=235648468', 'http://franciscapote.com']",instagram,devu,francesco castaldo,music photographer,,http://www.francesco-castaldo.it,franciscapote,francescocastaldo
18536,18642,1.0,MATCH,AUTO_HIGH,0,candidate,full,twitter,davidalee,david lee,military programs leader. retired army colonel who built army strong and amazon employer brands. the buck stops here for all tweets.,united states,about.me/DavidALee,googleplus,davidlee,david lee,business is what i am about i will either help you achieve your goals or connect you to people that will... montclair state university business marketing and management rutgers business school entrepreneurship cert. david lee consulting llc business consultant cunet mobile media coordinator,,"['http://www.linkedin.com/in/davidleebiz', 'http://www.davidleeconsulting.com', 'http://www.google.com/reader/shared/12616927949092916715', 'http://www.davidleebiz.wordpress.com', 'http://about.me/davidleebiz', 'http://www.linkedin.com/in/davidleebiz', 'http://twitter.com/DavidLeeBiz', 'http://www.linkedin.com/in/davidleebiz', 'http://www.facebook.com/davidleebiz', 'http://www.flickr.com/people/davidleebiz/', 'http://davidleeconsulting.com', 'http://gmail.com', 'http://www.twitter.com/#/davidleebiz', 'http://davidleebiz.posterous.com/david-lee-consulting-llc']",DavidALee,davidleebiz
18535,18642,1.0,MATCH,AUTO_HIGH,0,candidate,full,instagram,davidalee,david lee,military programs leader. retired army colonel who built army strong and amazon employer brands. personal account and content.,,http://DavidALee.com,googleplus,davidlee,david lee,business is what i am about i will either help you achieve your goals or connect you to people that will... montclair state university business marketing and management rutgers business school entrepreneurship cert. david lee consulting llc business consultant cunet mobile media coordinator,,"['http://www.linkedin.com/in/davidleebiz', 'http://www.davidleeconsulting.com', 'http://www.google.com/reader/shared/12616927949092916715', 'http://www.davidleebiz.wordpress.com', 'http://about.me/davidleebiz', 'http://www.linkedin.com/in/davidleebiz', 'http://twitter.com/DavidLeeBiz', 'http://www.linkedin.com/in/davidleebiz', 'http://www.facebook.com/davidleebiz', 'http://www.flickr.com/people/davidleebiz/', 'http://davidleeconsulting.com', 'http://gmail.com', 'http://www.twitter.com/#/davidleebiz', 'http://davidleebiz.posterous.com/david-lee-consulting-llc']",DavidALee,davidleebiz
11050,30417,1.0,MATCH,AUTO_EXACT,0,exact_match,full,instagram,joshmedia,josh felser,seed-investing entrepreneur,,http://www.twitter.com/#!/joshmedia,googleplus,pablodomnguez,pablo domnguez,"pablo,inc. ceo",,['http://twitter.com/#!/Pablo_MDD'],joshfelser,Pablodominguez
27899,33597,1.0,MATCH,AUTO_HIGH,0,candidate,full,twitter,ezu,martino sabia,"software developer and technology addicted working at , previously . anything is possible, it just depend on how creative we are.","bologna, emilia romagna",about.me/martinosabia,googleplus,marcomontanarimr,marco montanari,"software architect, developer, visionary isi keynes, castel maggiore, italy univerity of bologna, bologna, italy computer engineering donini pelagalli castel maggiore urbanschule, kleinheppach, germany mmo.it founder, developer, consultant laboratori guglielmo marconi developer grindaix-it",,"['http://www.linkedin.com/in/montanarim', 'http://www.facebook.com/marcomontanari', 'http://twitter.com/ingmmo', 'http://profile.live.com/cid-549980d8dfecbdc8/', 'http://pulse.yahoo.com/_TWM75ZFEIAMTWMAGIHLLL6RBGA', 'http://www.8086.it/', 'http://sirmmo.blogspot.com/', 'http://boardmmomes.blogspot.com/', 'http://mmobee.blogspot.com/', 'http://gmail.com', 'http://vimeo.com', 'http://www.mmo.it', 'http://ingmmo.com', 'http://www.google.com/reader/shared/08298567329163937093', 'http://www.blogger.com/profile/18035574992188491448', 'http://mmolation.blogspot.com/', 'http://themmovies.blogspot.com/', 'http://mmosic.blogspot.com/', 'http://mmosharp.blogspot.com/', 'http://mmonhattan.blogspot.com/', 'http://mmomics.blogspot.com/', 'http://mmolinux.blogspot.com/', 'http://thebeenews.blogspot.com/', 'http://it-it.facebook.com/people/Marco_Montanari/674936527', 'http://friendfeed.com/sirmmo', 'http://twitter.com/#!/citizennerd', 'http://twitter.com/#!/banticinfo', 'http://www.mmo.it/curriculum', 'http://maps.google.com/maps/ms?ie=UTF8&hl=it&msa=0&msid=102423402232363605062.00045a8ccfe72288df329&ll=44.489428,11.340864&spn=0.008496,0.019312&z=16', 'http://mmo.splinder.com/', 'http://picasaweb.google.com/marco.montanari', 'http://www.last.fm/user/sirmmo/', 'http://www.librarything.com/profile/sirmmo', 'http://www.plurk.com/user/sirmmo', 'http://www.slideshare.net/sirmmo', 'http://www.vimeo.com/sirmmo', 'http://www.ilike.com/user/sirmmo', 'http://identi.ca/sirmmo', 'http://reddit.com/user/mrmmo', 'http://sirmmo.livejournal.com/', 'http://sirmmo.stumbleupon.com', 'http://sirmmo.tumblr.com/', 'http://mmolitics.tumblr.com/', 'http://digg.com/users/sirmmo/', 'http://del.icio.us/sirmmo', 'http://brightkite.com/people/sirmmo', 'http://www.flickr.com/photos/mrmmo/', 'http://www.goodreads.com/user/show/2124548', 'http://www.backtype.com/sirmmo', 'http://slashdot.org/firehose.pl']",martinosabia,sirmmo
5401,11050,1.0,MATCH,AUTO_EXACT,0,exact_match,full,twitter,jperakis,jrme perakis,"any team with a vision, a plan, a willingness to deliver step by step and a lot of fun, can deliver merely the impossible. therefore, we can live on mars!","chexbres, switzerland",twitter.com/#!/wecanliveon…,instagram,joshmedia,josh felser,seed-investing entrepreneur,,http://www.twitter.com/#!/joshmedia,jeromeperakis,joshfelser
5401,13104,1.0,MATCH,AUTO_EXACT,0,exact_match,full,twitter,jperakis,jrme perakis,"any team with a vision, a plan, a willingness to deliver step by step and a lot of fun, can deliver merely the impossible. therefore, we can live on mars!","chexbres, switzerland",twitter.com/#!/wecanliveon…,instagram,techmonkey74,scott,"gamer geek owned by posts kittehs,and random crap.follow me twitter or elsewhere",,https://twitter.com/#!/TechMonkey74,jeromeperakis,techmonkey74
5401,18556,1.0,MATCH,AUTO_EXACT,0,exact_match,full,twitter,jperakis,jrme perakis,"any team with a vision, a plan, a willingness to deliver step by step and a lot of fun, can deliver merely the impossible. therefore, we can live on mars!","chexbres, switzerland",twitter.com/#!/wecanliveon…,instagram,jajaja4,david bustamante toledo,"77. sobreviví a la transición, un golpe de estado, crisis económicas, cambio de moneda, adhesión a otan y ue , y sigue...",,https://twitter.com/#!/jajaja4,jeromeperakis,davidbustamantetoledo
5401,26266,1.0,MATCH,AUTO_EXACT,0,exact_match,full,twitter,jperakis,jrme perakis,"any team with a vision, a plan, a willingness to deliver step by step and a lot of fun, can deliver merely the impossible. therefore, we can live on mars!","chexbres, switzerland",twitter.com/#!/wecanliveon…,instagram,matheuslaneri,matheus laneri,paquita,,http://twitter.com/#!/matheuslaneri,jeromeperakis,lanerimatheus
5401,27973,1.0,MATCH,AUTO_EXACT,0,exact_match,full,twitter,jperakis,jrme perakis,"any team with a vision, a plan, a willingness to deliver step by step and a lot of fun, can deliver merely the impossible. therefore, we can live on mars!","chexbres, switzerland",twitter.com/#!/wecanliveon…,instagram,maskd_megane,,メガネのレンズの先に映る景色を切り取り,,http://twitter.com/#!/maskd_megane,jeromeperakis,maskdmegane
5401,30417,1.0,MATCH,AUTO_EXACT,0,exact_match,full,twitter,jperakis,jrme perakis,"any team with a vision, a plan, a willingness to deliver step by step and a lot of fun, can deliver merely the impossible. therefore, we can live on mars!","chexbres, switzerland",twitter.com/#!/wecanliveon…,googleplus,pablodomnguez,pablo domnguez,"pablo,inc. ceo",,['http://twitter.com/#!/Pablo_MDD'],jeromeperakis,Pablodominguez
5401,31464,1.0,MATCH,AUTO_EXACT,0,exact_match,full,twitter,jperakis,jrme perakis,"any team with a vision, a plan, a willingness to deliver step by step and a lot of fun, can deliver merely the impossible. therefore, we can live on mars!","chexbres, switzerland",twitter.com/#!/wecanliveon…,googleplus,rahulkadari1,rahul kadari,"graphicker toonz academy designing, photography, graphicker",,['http://twitter.com/#!/rahulfow'],jeromeperakis,rahulkadari
5401,31734,1.0,MATCH,AUTO_EXACT,0,exact_match,full,twitter,jperakis,jrme perakis,"any team with a vision, a plan, a willingness to deliver step by step and a lot of fun, can deliver merely the impossible. therefore, we can live on mars!","chexbres, switzerland",twitter.com/#!/wecanliveon…,googleplus,reinaldocceres,reinaldo cceres,,,['https://twitter.com/#!/ReiCaceres'],jeromeperakis,reinaldocaceres
5401,34267,1.0,MATCH,AUTO_EXACT,0,exact_match,full,twitter,jperakis,jrme perakis,"any team with a vision, a plan, a willingness to deliver step by step and a lot of fun, can deliver merely the impossible. therefore, we can live on mars!","chexbres, switzerland",twitter.com/#!/wecanliveon…,instagram,surfpunkian,ian d,"head of digital , whisky lover, ink fan, lifter, surfer, seo fixer, digital gypsy, travel zombie.",,http://twitter.com/#!/SurfPunkian,jeromeperakis,Surfpunkian
5703,26032,1.0,MATCH,AUTO_EXACT,0,exact_match,full,twitter,junkhaer,,saya adalah lelaki yang jatuh kopi pada cinta,troposphere ˈträpəˌsfiər,google.com,instagram,kq111,khaleel alqallaf,live on for more fun and love!,,http://www.google.com,junkhaer,kq111
6192,11050,1.0,MATCH,AUTO_EXACT,0,exact_match,full,googleplus,luislago,luis lago,,,['https://twitter.com/#!/luislago90'],instagram,joshmedia,josh felser,seed-investing entrepreneur,,http://www.twitter.com/#!/joshmedia,luislago90,joshfelser
6192,13104,1.0,MATCH,AUTO_EXACT,0,exact_match,full,googleplus,luislago,luis lago,,,['https://twitter.com/#!/luislago90'],instagram,techmonkey74,scott,"gamer geek owned by posts kittehs,and random crap.follow me twitter or elsewhere",,https://twitter.com/#!/TechMonkey74,luislago90,techmonkey74
6192,18556,1.0,MATCH,AUTO_EXACT,0,exact_match,full,googleplus,luislago,luis lago,,,['https://twitter.com/#!/luislago90'],instagram,jajaja4,david bustamante toledo,"77. sobreviví a la transición, un golpe de estado, crisis económicas, cambio de moneda, adhesión a otan y ue , y sigue...",,https://twitter.com/#!/jajaja4,luislago90,davidbustamantetoledo
6192,26266,1.0,MATCH,AUTO_EXACT,0,exact_match,full,googleplus,luislago,luis lago,,,['https://twitter.com/#!/luislago90'],instagram,matheuslaneri,matheus laneri,paquita,,http://twitter.com/#!/matheuslaneri,luislago90,lanerimatheus
1574,32459,1.0,MATCH,AUTO_HIGH,0,candidate,full,googleplus,alexissmithf,alexis smith,"my boyfriend has a ""secret identity."" fml! trinity college, dublin mayor of london publicist",,"['http://banksysgirlfriend.co.uk', 'http://banksygf.tumblr.com', 'http://about.me/alexis_smith', 'http://banksysgirlfriend.co.uk/', 'http://alexisfsmith.wordpress.com']",twitter,ru0905,alex,bio,mow,about.me/ru0905,alexissmith,ru0905
26266,31734,1.0,MATCH,AUTO_EXACT,0,exact_match,full,instagram,matheuslaneri,matheus laneri,paquita,,http://twitter.com/#!/matheuslaneri,googleplus,reinaldocceres,reinaldo cceres,,,['https://twitter.com/#!/ReiCaceres'],lanerimatheus,reinaldocaceres
26390,27973,1.0,MATCH,AUTO_EXACT,0,exact_match,full,twitter,laurentbuanec,laurent buanec,"director of brand strategy emea @ twitter. ex wpp. au menu: creativity, innovation, real time marketing. side dishes: music, sports, #",window seat,twitter.com,instagram,maskd_megane,,メガネのレンズの先に映る景色を切り取り,,http://twitter.com/#!/maskd_megane,laurentbuanec,maskdmegane
26390,30417,1.0,MATCH,AUTO_EXACT,0,exact_match,full,twitter,laurentbuanec,laurent buanec,"director of brand strategy emea @ twitter. ex wpp. au menu: creativity, innovation, real time marketing. side dishes: music, sports, #",window seat,twitter.com,googleplus,pablodomnguez,pablo domnguez,"pablo,inc. ceo",,['http://twitter.com/#!/Pablo_MDD'],laurentbuanec,Pablodominguez
26390,31464,1.0,MATCH,AUTO_EXACT,0,exact_match,full,twitter,laurentbuanec,laurent buanec,"director of brand strategy emea @ twitter. ex wpp. au menu: creativity, innovation, real time marketing. side dishes: music, sports, #",window seat,twitter.com,googleplus,rahulkadari1,rahul kadari,"graphicker toonz academy designing, photography, graphicker",,['http://twitter.com/#!/rahulfow'],laurentbuanec,rahulkadari
26390,31734,1.0,MATCH,AUTO_EXACT,0,exact_match,full,twitter,laurentbuanec,laurent buanec,"director of brand strategy emea @ twitter. ex wpp. au menu: creativity, innovation, real time marketing. side dishes: music, sports, #",window seat,twitter.com,googleplus,reinaldocceres,reinaldo cceres,,,['https://twitter.com/#!/ReiCaceres'],laurentbuanec,reinaldocaceres
26390,34267,1.0,MATCH,AUTO_EXACT,0,exact_match,full,twitter,laurentbuanec,laurent buanec,"director of brand strategy emea @ twitter. ex wpp. au menu: creativity, innovation, real time marketing. side dishes: music, sports, #",window seat,twitter.com,instagram,surfpunkian,ian d,"head of digital , whisky lover, ink fan, lifter, surfer, seo fixer, digital gypsy, travel zombie.",,http://twitter.com/#!/SurfPunkian,laurentbuanec,Surfpunkian
27973,30417,1.0,MATCH,AUTO_EXACT,0,exact_match,full,instagram,maskd_megane,,メガネのレンズの先に映る景色を切り取り,,http://twitter.com/#!/maskd_megane,googleplus,pablodomnguez,pablo domnguez,"pablo,inc. ceo",,['http://twitter.com/#!/Pablo_MDD'],maskdmegane,Pablodominguez
27973,31464,1.0,MATCH,AUTO_EXACT,0,exact_match,full,instagram,maskd_megane,,メガネのレンズの先に映る景色を切り取り,,http://twitter.com/#!/maskd_megane,googleplus,rahulkadari1,rahul kadari,"graphicker toonz academy designing, photography, graphicker",,['http://twitter.com/#!/rahulfow'],maskdmegane,rahulkadari
27973,31734,1.0,MATCH,AUTO_EXACT,0,exact_match,full,instagram,maskd_megane,,メガネのレンズの先に映る景色を切り取り,,http://twitter.com/#!/maskd_megane,googleplus,reinaldocceres,reinaldo cceres,,,['https://twitter.com/#!/ReiCaceres'],maskdmegane,reinaldocaceres
6192,27973,1.0,MATCH,AUTO_EXACT,0,exact_match,full,googleplus,luislago,luis lago,,,['https://twitter.com/#!/luislago90'],instagram,maskd_megane,,メガネのレンズの先に映る景色を切り取り,,http://twitter.com/#!/maskd_megane,luislago90,maskdmegane
6192,34267,1.0,MATCH,AUTO_EXACT,0,exact_match,full,googleplus,luislago,luis lago,,,['https://twitter.com/#!/luislago90'],instagram,surfpunkian,ian d,"head of digital , whisky lover, ink fan, lifter, surfer, seo fixer, digital gypsy, travel zombie.",,http://twitter.com/#!/SurfPunkian,luislago90,Surfpunkian
6714,29054,1.0,MATCH,AUTO_EXACT,0,exact_match,full,googleplus,mitchellhall,mitchell hall,"manhattan real estate broker, blogger, webmaster, marketer the american university bachelor of arts in communication new york university certificate in e commerce the corcoran group lic assoc re broker nyc blog estate blogger/founder coldwell banker associate broker, realtor thirteen/ wnet tv sales and marketing manager the hall group principal the hollywood reporter new york manager news corporation copy boy",,"['http://www.blogger.com/profile/00642953679432805990', 'http://activerain.com/profile/mitchellhall', 'http://www.linkedin.com/in/mitchhall', 'http://twitter.com/nycBroker', 'http://www.zillow.com/profile/Mitchell-Hall/', 'http://www.flickr.com/photos/mitchhall/', 'http://streeteasy.com/nyc/profile/819446-mitchell-hall', 'http://rebny.com/content/rebny/en/directory/member.html/27617029.html', 'http://beta.realtor.com/realestateagents/Mitchell-Hall_New-York_NY_1826297/#about', 'http://www.facebook.com/profile.php?v=info&edit_info=all#/profile.php?id=559009458&ref=profile', 'http://www.trulia.com/voices/profile/Real_Estate_Pro-New_York-55052/', 'https://www.guaranteedrate.com/agent/profile/14695/hallmitchell', 'http://blip.fm/nycBroker', 'https://klout.com/#/nycBroker', 'http://nycblogestate.com/', 'https://paper.li/nycBroker', 'http://activerain.com/blogs/mitchellhall', 'http://www.condos-manhattan.com/', 'http://www.trulia.com/voices/profile/Real_Estate_Pro-New_York-55052/#__voice', 'http://www.facebook.com/profile.php?v=info&edit_info=all#/profile.php?id=559009458&ref=profile', 'https://www.facebook.com/pages/Upper-West-Side-Manhattan-NY/129623583718497?ref=hl', 'https://www.facebook.com/pages/West-End-Avenue-Neighborhood/158259100859038?ref=hl', 'https://www.facebook.com/nycBrokerMitchellHall/timeline', 'http://www.quora.com/Mitchell-Hall-2', 'http://www.pinterest.com/mhnyc/', 'http://mitchellhall.com', 'http://www.corcoran.com/mhall', 'http://nycbroker.realbird.com']",twitter,mitchellhall,mitchell hall,"editor. mainly politics, tech, business, media, & booze. cerevisaphile. content marketing director . argumentative.","boston, united states",about.me/mitchellhall,MitchellJHall,mitchellhall
7387,36117,1.0,MATCH,AUTO_EXACT,0,exact_match,full,twitter,ralfkaiser,ralf kaiser,ralf kaiser tweets entrepreneurs right! we buy businesses aficionado of high performance portfolios husband to one & father to three,"edmonton, ab alberta canada",businessacquisitionsmastery.com,googleplus,ralfkaiser,ralf kaiser,weinkaiser.de weinkaiser.de freiberufler,,"['http://twitter.com/Weinkaiser', 'http://www.facebook.com/weinkaiser', 'http://www.flickr.com/people/Weinkaiser/', 'https://de.foursquare.com/weinkaiser', 'http://www.youtube.com/user/weinkaiser', 'http://www.linkedin.com/in/weinkaiser', 'http://www.facebook.com/weinkaiser.de', 'http://www.weinkaiser.de', 'http://www.weinbuchblog.de', 'http://www.facebook.com/weinkaiser.de']",ralfkaiser,weinkaiser
8419,26032,1.0,MATCH,AUTO_EXACT,0,exact_match,full,twitter,anarchified,the anarchy man,urban fracker. truther. favor bank member. vincent price zealot.,"bozeman, mt",GOOGLE.COM,instagram,kq111,khaleel alqallaf,live on for more fun and love!,,http://www.google.com,usamasheriff,kq111
8479,22306,1.0,MATCH,AUTO_EXACT,0,exact_match,full,twitter,komodariffic,ashshaley,"born to be alive, enjoy the ride and brave the tides! if it ain't one thing, it's another on the way ...",the city that never sleeps,theorganicbanana.com,instagram,theorganicbanana,the organic banana,ba-na-na from ha-va-na,,http://theorganicbanana.com,vinylrevival,hookedonwax
11050,26390,1.0,MATCH,AUTO_EXACT,0,exact_match,full,instagram,joshmedia,josh felser,seed-investing entrepreneur,,http://www.twitter.com/#!/joshmedia,twitter,laurentbuanec,laurent buanec,"director of brand strategy emea @ twitter. ex wpp. au menu: creativity, innovation, real time marketing. side dishes: music, sports, #",window seat,twitter.com,joshfelser,laurentbuanec
29832,29860,1.0,MATCH,AUTO_HIGH,0,candidate,full,googleplus,nickborelli,nick borelli,marketing & event professional gannon university english cathedral prepatory school borelli strategies president / strategist,,"['http://www.youtube.com/nickborellivideos', 'http://www.linkedin.com/in/nickborelli', 'http://www.twitter.com/nickborelli', 'http://www.facebook.com/nickborelli', 'http://http;//www.NickBorelli.com']",instagram,nick.borelli,nick borelli,family . i am borelli strategies double_exclamation_mark marketing for events & eventprofs bullseye speaker speaking_head ilea card_index search foundation red_heart emb writing_hand_light_skin_tone sepa graduation_cap events uncovered film_projector nickborelli on ghost,,http://www.NickBorell.com,nickborelli,nickjborelli
29834,29860,1.0,MATCH,AUTO_HIGH,0,candidate,full,twitter,nickborelli,nick borelli,i am borelli strategies i give eventprofs marketing help speaker member board contributor a chill guy,"cleveland, oh",NickBorelli.com,instagram,nick.borelli,nick borelli,family . i am borelli strategies double_exclamation_mark marketing for events & eventprofs bullseye speaker speaking_head ilea card_index search foundation red_heart emb writing_hand_light_skin_tone sepa graduation_cap events uncovered film_projector nickborelli on ghost,,http://www.NickBorell.com,nickborelli,nickjborelli
29834,29859,1.0,MATCH,AUTO_EXACT,0,exact_match,full,twitter,nickborelli,nick borelli,i am borelli strategies i give eventprofs marketing help speaker member board contributor a chill guy,"cleveland, oh",NickBorelli.com,googleplus,nickborelli,nick borelli,marketing & event professional gannon university english cathedral prepatory school borelli strategies president / strategist,,"['http://www.youtube.com/nickborellivideos', 'http://www.linkedin.com/in/nickborelli', 'http://www.twitter.com/nickborelli', 'http://www.facebook.com/nickborelli', 'http://http;//www.NickBorelli.com']",nickborelli,nickjborelli
30417,34267,1.0,MATCH,AUTO_EXACT,0,exact_match,full,googleplus,pablodomnguez,pablo domnguez,"pablo,inc. ceo",,['http://twitter.com/#!/Pablo_MDD'],instagram,surfpunkian,ian d,"head of digital , whisky lover, ink fan, lifter, surfer, seo fixer, digital gypsy, travel zombie.",,http://twitter.com/#!/SurfPunkian,Pablodominguez,Surfpunkian
31464,34267,1.0,MATCH,AUTO_EXACT,0,exact_match,full,googleplus,rahulkadari1,rahul kadari,"graphicker toonz academy designing, photography, graphicker",,['http://twitter.com/#!/rahulfow'],instagram,surfpunkian,ian d,"head of digital , whisky lover, ink fan, lifter, surfer, seo fixer, digital gypsy, travel zombie.",,http://twitter.com/#!/SurfPunkian,rahulkadari,Surfpunkian
31547,33285,1.0,MATCH,AUTO_EXACT,0,exact_match,full,twitter,bowden2bowden,randy bowden,aging marketing guy ☞ native floridian ☞ georgia transplanted ☞ southern enthusiast ☞ small town purveyor ☞ a dash of prep ☞ aged in bourbon.,"statesboro, ga",bowden2bowden.co,googleplus,bowden2bowden,bowden2bowden,we are here to help tell your story. uab - periodisme periodismo sm postgrau a l' esic redes sociales mccann erickson copywriter,,"['http://bowden2bowden.com', 'http://bowden2bowden.wordpress.com/', 'http://bowden2bowden.tumblr.com/', 'https://twitter.com/#!/bowden2bowden', 'https://www.facebook.com/bowden2bowdenllc', 'http://www.linkedin.com/company/bowden2bowden-llc?trk=ppro_cprof', 'http://about.me/bowden2bowden', 'http://www.youtube.com/user/rbowden56?feature=mhee']",RandyBowden,ShalahBowden
31734,34267,1.0,MATCH,AUTO_EXACT,0,exact_match,full,googleplus,reinaldocceres,reinaldo cceres,,,['https://twitter.com/#!/ReiCaceres'],instagram,surfpunkian,ian d,"head of digital , whisky lover, ink fan, lifter, surfer, seo fixer, digital gypsy, travel zombie.",,http://twitter.com/#!/SurfPunkian,reinaldocaceres,Surfpunkian
354,36412,1.0,MATCH,AUTO_HIGH,0,candidate,full,twitter,hiperterminal,david,blogger. interesado en ciencia de la información y afines,"bogotá, d.c., colombia",hiperterminal.com,instagram,xtasis501,david arroyo,"artista de andar por casa, blogger, inquieto, sin ningún objetivo a corto plazo y con muchos pajaritos en la cabeza",,http://about.me/xtasis501,davidramirezordonez,xtasis501
723,5621,1.0,MATCH,AUTO_EXACT,0,exact_match,full,googleplus,joshgillespie,josh gillespie,,,"['http://twitter.com/joshgillespie', 'http://youtube.com/thejoshgillespie', 'http://www.youtube.com/user/TheJoshGillespie', 'http://JoshGillespie.net', 'http://joshgillespie.net', 'http://facebook.com/thejoshgillespie']",twitter,joshgillespie,josh gillespie,"very proud purdue grad. boilerup! yankees & colts fan. family, music & baseball. future coffee shop & indie record label owner.",indiana,joshgillespie.com,joshgillespie,joshuagillespie
18556,30417,1.0,MATCH,AUTO_EXACT,0,exact_match,full,instagram,jajaja4,david bustamante toledo,"77. sobreviví a la transición, un golpe de estado, crisis económicas, cambio de moneda, adhesión a otan y ue , y sigue...",,https://twitter.com/#!/jajaja4,googleplus,pablodomnguez,pablo domnguez,"pablo,inc. ceo",,['http://twitter.com/#!/Pablo_MDD'],davidbustamantetoledo,Pablodominguez
18556,31464,1.0,MATCH,AUTO_EXACT,0,exact_match,full,instagram,jajaja4,david bustamante toledo,"77. sobreviví a la transición, un golpe de estado, crisis económicas, cambio de moneda, adhesión a otan y ue , y sigue...",,https://twitter.com/#!/jajaja4,googleplus,rahulkadari1,rahul kadari,"graphicker toonz academy designing, photography, graphicker",,['http://twitter.com/#!/rahulfow'],davidbustamantetoledo,rahulkadari
18556,31734,1.0,MATCH,AUTO_EXACT,0,exact_match,full,instagram,jajaja4,david bustamante toledo,"77. sobreviví a la transición, un golpe de estado, crisis económicas, cambio de moneda, adhesión a otan y ue , y sigue...",,https://twitter.com/#!/jajaja4,googleplus,reinaldocceres,reinaldo cceres,,,['https://twitter.com/#!/ReiCaceres'],davidbustamantetoledo,reinaldocaceres
25055,28717,1.0,MATCH,AUTO_EXACT,0,exact_match,full,twitter,juliomar,julio mar,americanista de hueso colorado! fútbol alegria osadia,"veracruz, poza rica de hidalgo",facebook.com,instagram,miragusa,michelle ragusa,"world traveler, friend, mommy/step mom/fur mom, cisco employee and all around tech/social media-a-holic, dancer/zumba instructor, wife,funny chick",,http://www.facebook.com/#!/michelle.ragusa,juliomar,MichelleRagusa
26266,26390,1.0,MATCH,AUTO_EXACT,0,exact_match,full,instagram,matheuslaneri,matheus laneri,paquita,,http://twitter.com/#!/matheuslaneri,twitter,laurentbuanec,laurent buanec,"director of brand strategy emea @ twitter. ex wpp. au menu: creativity, innovation, real time marketing. side dishes: music, sports, #",window seat,twitter.com,lanerimatheus,laurentbuanec
26266,30417,1.0,MATCH,AUTO_EXACT,0,exact_match,full,instagram,matheuslaneri,matheus laneri,paquita,,http://twitter.com/#!/matheuslaneri,googleplus,pablodomnguez,pablo domnguez,"pablo,inc. ceo",,['http://twitter.com/#!/Pablo_MDD'],lanerimatheus,Pablodominguez
26266,31464,1.0,MATCH,AUTO_EXACT,0,exact_match,full,instagram,matheuslaneri,matheus laneri,paquita,,http://twitter.com/#!/matheuslaneri,googleplus,rahulkadari1,rahul kadari,"graphicker toonz academy designing, photography, graphicker",,['http://twitter.com/#!/rahulfow'],lanerimatheus,rahulkadari
2256,33980,1.0,MATCH,AUTO_HIGH,0,candidate,full,googleplus,stephenlee,stephen lee,,,,twitter,stephenalee,stephen lee,,california,about.me/StephenALee,leestephen,StephenALee
30510,30526,1.0,MATCH,AUTO_HIGH,0,candidate,full,googleplus,paolobarbaglia,paolo barbaglia,siamo quelli che da quelli come te non si fanno mai pagar da bere... politecnico di milano ingegneria informatica itis g. fauser informatica,,"['http://www.linkedin.com/in/paolobarbaglia', 'http://twitter.com/paolobarbaglia', 'http://www.facebook.com/paolo.barbaglia', 'http://www.youtube.com/user/paolobarbaglia', 'http://500px.com/paolobarbaglia', 'http://www.paolobarbaglia.it', 'http://www.secondaclasse.com', 'http://www.serasoft.it', 'https://medium.com/@paolobarbaglia', 'http://paolobarbaglia.it']",instagram,uncronista,paolo morelli,"pubblicare foto su instagram non fa di te un fotografo, scrivere post sul tuo blog non fa di te un giornalista.",,http://www.homomonitor.com,paolobarbaglia,paolomorelli
2290,29293,1.0,MATCH,AUTO_HIGH,0,candidate,full,googleplus,miguelangelmaccdata,miguel angel,"aun en el tiempo ido, aun en el recuerdo profundo, solo se que entendias mi forma de amar, aun persisto en buscarte, aun recuerdo la forma de amarte pero no he podido amar de la forma que tu entendias, ahora solo puedo intentar amar la forma como te ame. donde estas? uc berkeley hackbright academy vp strategic partnerships women 2.0 editor-in-chief, board member & co-founder bay area girl geek dinners founder",,['http://maccdatax.blogspot.com/'],instagram,mrchorusman,miguel chorusman,para tostada la que llevo encima...,,http://elperfildelatostada.com,maccdata,MrChorusman
17689,25701,1.0,MATCH,AUTO_HIGH,0,candidate,full,instagram,clopin,kevin de mulder,"dad of 2, husband of the one. head of content marketing and chairman of the board of chipsvzw.be. lives in glorious antwerp, belgium.",,http://www.kevindemulder.be,googleplus,kevinduganprblog,kevin dugan,"kevin dugan is also known as university of dayton st. xavier high school the empower group director of content empower mediamarketing director of content frch design worldwide gyro sive, young & rubicam",,"['http://badpitch.blogspot.com', 'http://www.twitter.com/prblog', 'http://www.quora.com/kevin-dugan', 'http://www.flickr.com/people/prblog/', 'http://www.linkedin.com/in/kdugan', 'http://kevindugan.brandyourself.com/', 'http://prblog.typepad.com/', 'http://badpitch.blogspot.com/', 'http://www.mediaispower.com/', 'http://kevindugan.com']",clopin,kevindugan
4344,11794,1.0,MATCH,AUTO_HIGH,0,candidate,full,googleplus,davidlopezkun,david lpez,"vine a cambiar el mundo, pero no traigo el ticket. upaep diseo grfico upaep maestra en direccin y produccin publicitaria uvm puebla docente alberi director de diseo",,"['http://facebook.com/dvkun', 'http://www.flickr.com/people/dvkun/', 'http://www.linkedin.com/in/dvkun', 'http://twitter.com/dvkun', 'http://pulse.yahoo.com/dvkun', 'http://vizualize.me/5ZTenbEj4R']",instagram,merolrockstar,david lopez,"rating: awesome! gamer-geek friki de tiempo completo, rock en todas sus presentaciones, me gustan las tortas cubanas. mi ñoñes me respalda",,http://about.me/merolrockstar,dvkun,merolrockstar
15898,32618,1.0,MATCH,AUTO_HIGH,0,candidate,full,instagram,wittyben,benji chan,,,http://benjichan.tumblr.com,twitter,bench_jp,bench,事業会社、広告会社、制作会社で働くデザイナー、プランナー、プロデューサー、マーケッターの為の相応しい環境や働き方、やりたいことをサポートする会社。業界に独自のネットワークを持つキャリアファシリテーターとコミュニケーションプランナーが創りました。,"tokyo,japan",bench.jp,BenjiChan,sachiyokojima
5250,10700,1.0,MATCH,AUTO_HIGH,0,candidate,full,googleplus,jameslagden,james lagden,photographer from queensland australia james lagden photography photographer,,"['http://www.flickr.com/jameslagden', 'http://www.twitter.com/jameslagden', 'http://www.google.com/reader/shared/15213663399733632287', 'http://www.facebook.com/jameslagden', 'http://jameslagden.photography', 'http://jameslagden.photography/blog', 'http://jameslagden.photography/store']",instagram,joliveiraphoto,james oliveira,la based photographer. contact: james.oliveira .com jamesoliveiraphotography,,http://www.jamesoliveira.com,jameslagden,jamesoliveira
13668,13672,1.0,MATCH,AUTO_HIGH,0,candidate,full,googleplus,aaron,aaron,"geek, it tech, scouter in plymouth and student at ucp marjon studying outdoor adventure. bloomsburg university of pennsylvania journalism speak social director of writing makeshift productions head writer austin telco fcu marketing director",,"['http://twitter.com/AzzyChill', 'http://youtube.com/azzychill']",instagram,philliclefile,aaron,i connect people with nature - survival & adventure - you should go with me - discovery's naked and afraid s05e05 - a boy named silas calls me papa,,http://lifesurvival.net/,aaronphil,AaronPhillips
14066,27190,1.0,MATCH,AUTO_HIGH,0,candidate,full,twitter,ajuece,enrique catalina,"abogado con gusto por la tecnología desde pequeñito, que dedica su tiempo profesional al civil, mercantil, nuevas tecnologías y protección de datos y la energía",madrid,about.me/ajuece,instagram,lyzanor,enrique,"apasionado de la tecnología, friki de la sociedad de la información. dedico mi tiempo libre al rol, la nba, la cerveza y el café.",,http://twitter.com/lyzanor,ajuece,lyzanor
12815,16729,1.0,MATCH,AUTO_HIGH,0,candidate,full,twitter,shadowfoot,brian logan,"guru, technologist and business analyst. i make people's jobs easier. check out all comments are my own opinion.","wellington, new zealand",shadowfoot.com,instagram,captkeating,brian keating,"i'm an entrepreneur, a community organizer, an amateur videographer, a thespian, a technologist, a freelance writer, and a webinar facilitator!",,http://about.me/captkeating,shadowfoot,captkeating
10369,26208,1.0,MATCH,AUTO_HIGH,0,candidate,full,twitter,geektechlive,chris,"creator & host of geek tech live on youtube! nerd by day, geek by night. member of the 501st legion as stormtrooper tk41973",in my tk armor,YouTube.com/geektechlive,googleplus,chrispirillo,chris pirillo,"geek / nerd, infotainer, speaker, entrepreneur, tech addict, and an expert (in being myself). i've been online since 1992. / chris .com lockergnome geek techtv show host cnn live contributor",,"['http://twitter.com/ChrisPirillo', 'http://youtube.com/ChrisPirillo', 'http://facebook.com/chrispirillo', 'http://patreon.com/ChrisPirillo', 'http://flickr.com/lockergnome', 'http://www.linkedin.com/in/chrispirillo', 'http://youtube.com/GeekLifestyles', 'http://www.lockergnome.com/', 'http://chris.pirillo.com/', 'http://amzn.com/w/F2I2ETQ5R8D5']",GeektechLive,l0ckergn0me
13004,34058,1.0,MATCH,AUTO_HIGH,0,candidate,full,instagram,sjbphoto,steve brylka,amateur musician and photographer. soundcloud.com/sjbphoto,,http://www.sjbrylka.com,twitter,stevei,steve i,geek by day and photographer the rest of the time.,"bostonworcester, ma",steveiphotography.com,SteveBrylka,stevei
6673,34705,1.0,MATCH,AUTO_HIGH,0,candidate,full,twitter,mikeconway,mike conway,"tabletop gamer, outdoorsman, libertarian, hare krishna, creator of the heroes of oz rpg.","gillette, wy",about.me/MikeConway,instagram,thegadgeteur,mike,"gadget lover, writer, tech nut, social junkie, beer connoisseur, german fanatic. creator of bitbitbyte.com and thedistinguishedbeardsman.com",,http://thegadgeteur.com,mikeconway,thegadgeteur
6762,6859,1.0,MATCH,AUTO_HIGH,0,candidate,full,googleplus,mohammedyassina,muhammad yassin,"husband, dad to an awesome kid, tech geek, science enthusiast, coffee drinker. faculty of commerce, mansuora university business administration elife network marketing executive",,"['http://mohammedyassin.com', 'http://about.me/mohammedyassin', 'https://www.facebook.com/yassin', 'http://twitter.com/miyassin', 'http://myassin.tumblr.com/', 'http://pinterest.com/yassin', 'http://instagram.com/yassin', 'http://www.flickr.com/photos/yassins/', 'http://www.youtube.com/user/MohammedYassin', 'http://www.last.fm/user/mohammedyassin', 'https://soundtracking.com/mohammedyassin']",twitter,iyassin,muhammad yassin,"husband, dad to an awesome kid, tech geek, science enthusiast, coffee drinker.",egypt,myassin.net,mohammedyassin,myassin
6763,6858,1.0,MATCH,AUTO_HIGH,0,candidate,full,twitter,iyassin,muhammad yassin,"husband, dad to an awesome kid, tech geek, science enthusiast, coffee drinker.",egypt,myassin.net,googleplus,mohammedyassina,muhammad yassin,"husband, dad to an awesome kid, tech geek, science enthusiast, coffee drinker. faculty of commerce, mansuora university business administration elife network marketing executive",,"['http://mohammedyassin.com', 'http://about.me/mohammedyassin', 'https://www.facebook.com/yassin', 'http://twitter.com/miyassin', 'http://myassin.tumblr.com/', 'http://pinterest.com/yassin', 'http://instagram.com/yassin', 'http://www.flickr.com/photos/yassins/', 'http://www.youtube.com/user/MohammedYassin', 'http://www.last.fm/user/mohammedyassin', 'https://soundtracking.com/mohammedyassin']",mohammedyassin,myassin
10269,35472,1.0,MATCH,AUTO_HIGH,0,candidate,full,twitter,flux423,thomas p scola jr,"dad, web architect & digital strategist / ui/ux / drupal cms developer - passion for social media trends and the way communities interact using the web...",,423interactive.com,googleplus,thomasmcmahon,thomas mcmahon,web developer & dad. fabrizio schiavi design,,"['http://www.google.com/reader/shared/15900544393296074226', 'http://www.twitter.com/twistermc', 'http://twitter.com/twistermc', 'http://www.flickr.com/people/twistermc/', 'http://twitter.com/BlogOnAStick', 'https://www.facebook.com/twistermc', 'http://twitter.com/BlogOnAStick', 'http://blog.nerdery.com', 'http://TwisterMc.com', 'http://twistermc.wordpress.com', 'http://www.twistermc.com', 'http://lolzombie.com', 'http://www.twistermc.com/blog/']",flux423,twistermc
8723,13668,1.0,MATCH,AUTO_HIGH,0,candidate,full,twitter,aaron_abbott,aaron abbott,director of advising & student services for jbu online. proud father and husband. & alum. highered edd student at .,"springdale, ar",about.me/aaronabbott,googleplus,aaron,aaron,"geek, it tech, scouter in plymouth and student at ucp marjon studying outdoor adventure. bloomsburg university of pennsylvania journalism speak social director of writing makeshift productions head writer austin telco fcu marketing director",,"['http://twitter.com/AzzyChill', 'http://youtube.com/azzychill']",aaronabbott,aaronphil
9675,10368,1.0,MATCH,AUTO_HIGH,0,candidate,full,twitter,mad_cow_chris,chris schmied,"digital marketer by day, amateur shooter and outdoorsy type by night. full time hoh, love to see asl videos!","hernando, ms",chrisschmied.com,instagram,geektechlive,chris,"tech innovator by day, photo nut by night! tk-41973 of the 501st legion all the time. check out my webseries at",,http://youtube.com/geektechlive,cschmied,GeektechLive
6192,26390,1.0,MATCH,AUTO_EXACT,0,exact_match,full,googleplus,luislago,luis lago,,,['https://twitter.com/#!/luislago90'],twitter,laurentbuanec,laurent buanec,"director of brand strategy emea @ twitter. ex wpp. au menu: creativity, innovation, real time marketing. side dishes: music, sports, #",window seat,twitter.com,luislago90,laurentbuanec
11050,31464,1.0,MATCH,AUTO_EXACT,0,exact_match,full,instagram,joshmedia,josh felser,seed-investing entrepreneur,,http://www.twitter.com/#!/joshmedia,googleplus,rahulkadari1,rahul kadari,"graphicker toonz academy designing, photography, graphicker",,['http://twitter.com/#!/rahulfow'],joshfelser,rahulkadari
11050,31734,1.0,MATCH,AUTO_EXACT,0,exact_match,full,instagram,joshmedia,josh felser,seed-investing entrepreneur,,http://www.twitter.com/#!/joshmedia,googleplus,reinaldocceres,reinaldo cceres,,,['https://twitter.com/#!/ReiCaceres'],joshfelser,reinaldocaceres
12485,27427,1.0,MATCH,AUTO_EXACT,0,exact_match,full,twitter,doble69,renzo,"cúmulo de conocimientos inútiles, cinéfilo y mandaloriano. itguy en un consejo? reite hoy que mañana te puede faltar un diente.","buenos aires, argentina",schmitman.com,instagram,mschmitman,mara schmitman,,,http://www.schmitman.com,renzomontuori,maraschmitman
13104,26390,1.0,MATCH,AUTO_EXACT,0,exact_match,full,instagram,techmonkey74,scott,"gamer geek owned by posts kittehs,and random crap.follow me twitter or elsewhere",,https://twitter.com/#!/TechMonkey74,twitter,laurentbuanec,laurent buanec,"director of brand strategy emea @ twitter. ex wpp. au menu: creativity, innovation, real time marketing. side dishes: music, sports, #",window seat,twitter.com,techmonkey74,laurentbuanec
13104,30417,1.0,MATCH,AUTO_EXACT,0,exact_match,full,instagram,techmonkey74,scott,"gamer geek owned by posts kittehs,and random crap.follow me twitter or elsewhere",,https://twitter.com/#!/TechMonkey74,googleplus,pablodomnguez,pablo domnguez,"pablo,inc. ceo",,['http://twitter.com/#!/Pablo_MDD'],techmonkey74,Pablodominguez
13104,31464,1.0,MATCH,AUTO_EXACT,0,exact_match,full,instagram,techmonkey74,scott,"gamer geek owned by posts kittehs,and random crap.follow me twitter or elsewhere",,https://twitter.com/#!/TechMonkey74,googleplus,rahulkadari1,rahul kadari,"graphicker toonz academy designing, photography, graphicker",,['http://twitter.com/#!/rahulfow'],techmonkey74,rahulkadari
13104,31734,1.0,MATCH,AUTO_EXACT,0,exact_match,full,instagram,techmonkey74,scott,"gamer geek owned by posts kittehs,and random crap.follow me twitter or elsewhere",,https://twitter.com/#!/TechMonkey74,googleplus,reinaldocceres,reinaldo cceres,,,['https://twitter.com/#!/ReiCaceres'],techmonkey74,reinaldocaceres
18556,26390,1.0,MATCH,AUTO_EXACT,0,exact_match,full,instagram,jajaja4,david bustamante toledo,"77. sobreviví a la transición, un golpe de estado, crisis económicas, cambio de moneda, adhesión a otan y ue , y sigue...",,https://twitter.com/#!/jajaja4,twitter,laurentbuanec,laurent buanec,"director of brand strategy emea @ twitter. ex wpp. au menu: creativity, innovation, real time marketing. side dishes: music, sports, #",window seat,twitter.com,davidbustamantetoledo,laurentbuanec
31855,31857,1.0,MATCH,AUTO_HIGH,0,candidate,full,instagram,guanaosorno,ricardo osorno fallas,"publicista de treintaytantos communitymanager de mi vida, soñador 24/7 entusiasta del mundo digital de tíolover",,,googleplus,ricardopadilha,ricardo padilha,"estratgia digital, mdias sociais - segurana de informaes e detetive em fortaleza confidencial e - business midia social e detetives fortaleza- agencia de investigaes construo de sites",,"['http://twitter.com/ricardorpadilha', 'http://www.orkut.com/Main#Profile?uid=10883170138852622752', 'http://visaodeontem.blogspot.com/', 'http://consultoriateologica.blogspot.com/', 'http://arvoresmortas.blogspot.com/', 'http://estrategiasdeweb.blogspot.com/', 'http://vemcomigo-org.blogspot.com/', 'http://copianado.blogspot.com/', 'http://naosjornal.blogspot.com/', 'http://carlitopamplonahoje.blogspot.com/', 'https://www.facebook.com/pages/Leadership-Team-Development/161334077247505', 'http://www.rictechbrazil.com', 'http://www.plaxo.com/profile/showPublic/55835628985?', 'https://www.yammer.com/ricardopadilha.com', 'https://sites.google.com/site/usinadesitesrictech/', 'http://projects.zoho.com/portal/rictech', 'http://www.bibliaonline.com.br/', 'https://accounts.zoho.com/u/h#home', 'http://www.ricardopadilha.com', 'http://www.facebook.com/prconsulte', 'http://www.facebook.com/rictech', 'http://os.icloud.com/', 'http://www.arvoresmortas.blogspot.com', 'http://br.linkedin.com/pub/ricardo-padilha/15/7b8/675', 'http://teopadilha.blogspot.com/', 'http://mail.aol.com/33490-111/aol-6/en-us/Lite/Today.aspx?src=bandwidth', 'http://sites.google.com/site/teopadilha/', 'http://www.google.com/calendar/embed?src=teopadilha%40gmail.com&ctz=America/Argentina/Buenos_Aires', 'http://mpebrasil.wetpaint.com/', 'http://mpebrasil.tk', 'http://mpebrasil.tk', 'http://ricardopadilha.aprex.com.br', 'http://www.google.com/profiles/teopadilha', 'http://zoho.com/', 'http://twitter.com/teopadilha', 'http://twittelembra.com', 'http://www.sumo.fi/flash/sumopaint/index.php?id=0', 'http://www.palestrantes.org', 'http://www.google.com/reader/shared/11438805954014450891', 'http://www.bitdefender.com/scan8/ie.html', 'http://67.15.0.93/~tvatalai/studiopalmas.asx', 'http://mashable.com/2007/08/22/web-os/', 'http://cid-430a9553a6ed621c.skydrive.live.com/self.aspx/.Public/mobile.exe?ccr=4818&lc=1046', 'http://chat.zoho.com', 'http://sitebuilder.websitewelcome.com/Wizard/Overview', 'http://demotryout.developing.rvskin.com/www/index.php', 'http://www.bannerfans.com/banner_maker.php', 'http://www.logoease.com/', 'https://www.photoshop.com/user/eee/express', 'http://www.convertdirect.com', 'http://convert.playtube.com/', 'http://www.scrapee.net', 'http://1rst.viviti.com', 'http://www.picture2life.com/', 'http://grazr.com', 'http://ricardopadilha.wordpress.com/', 'http://webim.live.sg', 'http://maisfollowers.net', 'http://office2010.microsoft.com/pt-br/bem-vindo-ao-microsoft-office-2010-FX100996036.aspx', 'http://smallbusiness.officelive.com/marketplace/?cloc=en-us', 'http://businessonmain.msn.com/?source=officeonline', 'http://www.lc4.in', 'http://prconsulte.typepad.com/blog', 'http://klout.com', 'http://www.ring2skype.com', 'http://developers.facebook.com/', 'http://www.dominiopublico.gov.br/pesquisa/PesquisaObraForm.jsp', 'https://www.zoho.com/']",ricardoosornofallas,ricardopadilha
5401,6192,1.0,MATCH,AUTO_EXACT,0,exact_match,full,twitter,jperakis,jrme perakis,"any team with a vision, a plan, a willingness to deliver step by step and a lot of fun, can deliver merely the impossible. therefore, we can live on mars!","chexbres, switzerland",twitter.com/#!/wecanliveon…,googleplus,luislago,luis lago,,,['https://twitter.com/#!/luislago90'],jeromeperakis,luislago90
5079,10606,1.0,MATCH,AUTO_EXACT,0,exact_match,full,twitter,idsetters,idsetters,"by ingridlima & douglasoler. we are fashion stylists, bloggers, jetsetters, trendsetters, stylesetters, idsetters.",,idsetters.com,instagram,ingridml,ingrid lima,"welcome to my life smiling_face_with_heart-eyes i'm always in my beta version. fashion designer, stylist, blogger, idsetter red_heart smiling_face_with_heart-eyes face_blowing_a_kiss sparkles ghost idsetters. all photos of me or taken by me.",,http://idsetters.com,idsetters,ingridl
28883,29083,0.9965870307167235,MATCH,AUTO_HIGH,0,candidate,full,twitter,mikeoneill76,michael oneill,"& alumnus. amateur photog. comic and movie geek. was ; now . ramblings, opinions, and observations are yours.","ithaca, ny",mikeoneill76.squarespace.com,instagram,mjdwarner,michael jd warner,ceo high_voltage vip digital services bullseye gay Canada canadian speaking_head quadrilingual United_States Spain Brazil France facebook bust_in_silhouette twitter bird linkedin link snapchat ghost ⇨,,https://bit.ly/snap-mjdwarner,mikeoneill76,mjdwarner
622,24405,0.9965870307167235,MATCH,AUTO_HIGH,0,candidate,full,twitter,w00t,john vantine,"seo & product always learning. likely to tweet about search, running, craft beer, metal, photography, travel, horror movies, and the great outdoors!","berkeley, ca",j0hn.com,googleplus,johnknight,john knight,"geek dad,space enthusiast, lego artist,gamer, photographer,maker,tech guru,comic book fan, steampunk, movie buff,writer,and cubs fan. purdue university, indiana university whirlpool corporation management, engineering, innovation ibm, interactive portal, software artistry, indiana university",,"['http://www.flickr.com/photos/johnmknight', 'http://psykclan.blogspot.com/', 'http://picasaweb.google.com/johnmknight', 'http://twitter.com/johnmknight', 'http://www.fort-knight.com/']",j0hn,johnmknight
628,10656,0.9965870307167235,MATCH,AUTO_HIGH,0,candidate,full,googleplus,jacobrathjen,jacob,god first creator tech enthusiast social media buff youtuber phx suns fan huge michael jackson fan li'l sebastian foe mj heriot-watt university town & country planning director (china),,"['https://www.facebook.com/pages/Jacobs-Vlogs/114721135268619', 'http://jacobsvlogs.tumblr.com', 'http://flic.kr/ps/2Dxre9', 'http://klout.com/#/jacob_rathjen', 'http://youtube.com/jacobthriller1982', 'http://twitter.com/JacobRathjen', 'http://jacobthriller.wordpress.com', 'http://jacobsvlogs.webs.com', 'http://jacobthriller.wordpress.com', 'http://gmail.com']",instagram,summersj13,jacob,men_holding_hands rainbow video_game clinking_beer_mugs Capricorn snapchat: summersj13,,http://twitter.com/summersj13,jacobthriller1982,jacobsummers
735,24943,0.9965870307167235,MATCH,AUTO_HIGH,0,candidate,full,googleplus,juanjopastor,juanjo pastor,director del palacio de congresos y auditorio de burgos: forumevolucion diplomado en turismo por la universidad rey juan carlos de madrid. turismo,,,instagram,juanjobrizuela,juanjo brizuela,"optimista por naturaleza. de vitoria y vitoriano. branding, publicidad y comunicación de profesión. basket, gastronomia, familia y amigos/as de vida.",,http://www.equiliqua.net,juanjopastor,juanjobrizuela
824,26066,0.9965870307167235,MATCH,AUTO_HIGH,0,candidate,full,googleplus,kristineleecharis,kristine lee charis,"wife, mother, and a christ follower nait engineering design and drafting the king's university college english, theology",,"['http://www.charis-productions.com', 'http://kristinebakes.tumblr.com']",twitter,daviskristen,kristen davis,"wife, mother of 2, tennis player, constant thinker and marketer of homes for sale!","loganville, ga",about.me/kristendavis,leekristine,kristendavis
834,2285,0.9965870307167235,MATCH,AUTO_HIGH,0,candidate,full,twitter,lhphotographer,luis hernndez,photographer,paris - madrid - london,lhphotographer.com,instagram,ephemerus,luis arcadio de jess,photographer / wondering...,,http://www.myephemerality.com,LHphotographer,luisadejesusr
901,28536,0.9965870307167235,MATCH,AUTO_HIGH,0,candidate,full,twitter,mrktngmichele,michele anderson,- 'mindset then marketing' online and offline small business marketing services. spend less and make more.,fort myerssouthwest fl,about.me/marketingmiche…,googleplus,michaelherrling,michael herrling,"inhaber und online marketing berater bei marktpraxis agentur fr marketing. akad hochschule stuttgart bwl / marketing marktpraxis agentur fr online marketing ceo, inhaber",,"['http://www.facebook.com/marktpraxis', 'http://www.facebook.com/michaelherrling', 'http://twitter.com/mherrling', 'http://twitter.com/marktpraxis', 'http://www.flickr.com/photos/mherrling/', 'http://www.youtube.com/user/marktpraxis', 'http://www.marktpraxis.com', 'http://www.kaffeemaschinen.co', 'http://www.ilearnguitar.de', 'http://www.stevia-natursuesse.de', 'http://www.kaffeesommelier.de', 'http://www.michaelherrling.de', 'https://www.marktpraxis.com/blog/']",marketingmichele,mherrling
30272,30274,0.9965870307167235,MATCH,AUTO_HIGH,0,candidate,full,twitter,w00f,onur senture,father of yui design lead @ / co-founder @,turkey,dribbble.com/onursenture,instagram,onuryuksel,onur yuksel,adventure photographer ↟∴↟ co-founder niyo backpack niyoistanbul glasses open_mailbox_with_raised_flag onuryksl .com round_pushpin balat-istanbul,,http://blog.divarese.com.tr/georgehoggnesli-onur-yuksel/,onur,onuryuksel
30433,33213,0.9965870307167235,MATCH,AUTO_HIGH,0,candidate,full,instagram,pacmankillers,sergio hernandez,"gamer, freak, vocalista, podcaster, locutor, editor y un muerto viviente de la ciudad de méxico. hoy en día ????",,http://about.me/pacmankillers,googleplus,sergiorodrguez,sergio rodrguez,ms y mejor centro universitario de la cinega universidad de guadalajara periodismo el informador jefe de internet informador.com.mx community manager el informador editor web revista eclctica coordinador sjrtv redactor de noticias radio udeg ocotln productor,,"['http://mitadperiodista.wordpress.com', 'http://www.flickr.com/people/shekillo/', 'http://www.quora.com/sergio-rodr%c3%adguez', 'http://www.linkedin.com/in/SergioRdgz', 'http://www.twitter.com/rdgz_sergio', 'https://www.facebook.com/rdgzsergio', 'http://www.informador.com.mx', 'http://www.revistaeclectica.com', 'http://www.mitadperiodista.wordpress.com', 'http://informador.com.mx', 'http://about.me/sergio.rdgz']",pacmankillers,sergiordgz
27689,27744,0.9965870307167235,MATCH,AUTO_HIGH,0,candidate,full,twitter,markandrade,mark andrade,"i'm a lifestyle photographer based in los angeles, california. i specialize in music photojournalism, lifestyle, and contemporary portraiture.","playa vista, ca",markandrade.com,googleplus,markgravender,mark gravender,"hi, i'm mark gravender, and i am a visual designer in love with los angeles. california state university, northridge optikal creative art director sound nightclub creative director",,"['http://optikalcreative.com', 'http://markgravender.com', 'http://www.linkedin.com/in/markgravender/', 'http://facebook.com/markgravender', 'http://twitter.com/jettmx', 'http://pinterest.com/jettmx', 'http://about.me/markgravender', 'http://markgravender.brandyourself.com']",MarkAndrade,markgravender
27872,27924,0.9965870307167235,MATCH,AUTO_HIGH,0,candidate,full,twitter,martincwalter,martin walter,"swiss concert photographer i love indie music, apple products and baileys...","grenchen, switzerland",martinwalter.ch,googleplus,martinwaller,martin waller,"writer, teacher and researcher with an interest in creative learning and digital literacies... university of sheffield new literacy studies university of durham primary education (ict) education sector primary school teacher and educational researcher",,"['http://twitter.com/multimartin', 'http://www.flickr.com/people/multimartin/', 'http://www.martinwaller.co.uk', 'http://www.changinghorizons.net']",martincwalter,martinwaller
27876,27887,0.9965870307167235,MATCH,AUTO_HIGH,0,candidate,full,googleplus,martinhabacher,martin habacher,"mabacher.com, social media, blogger, barchair, vlogger, barrierefreiheit, mabacher.com ceo danceability head of convention management",,"['http://www.mabacher.com', 'http://twitter.com/mabacher', 'http://www.youtube.com/user/mabacherTV', 'http://www.linkedin.com/in/mabacher', 'http://www.youtube.com/user/Frontwheel4all', 'http://www.xing.com/profile/Martin_Habacher', 'http://pinterest.com/mabacher/', 'http://about.me/martinhabacher', 'http://mabacher.tumblr.com/']",twitter,martinhoffmann,martin hoffmannverified account,online journalist. loves disruption and digital innovation. founder of . father of and . former head of social media .,berlin,mrtnh.de,martinhabacher,martinhoffmann
27899,27909,0.9965870307167235,MATCH,AUTO_HIGH,0,candidate,full,twitter,ezu,martino sabia,"software developer and technology addicted working at , previously . anything is possible, it just depend on how creative we are.","bologna, emilia romagna",about.me/martinosabia,googleplus,martinsabag,martin sabag,"an energetic, passionate and exceptional combination of technical and marketing skills. solid experience in project management, industry analysis, and both inbound- and outbound- marketing. successfully combines deep technical, marketing, sales, and business/customer understanding school of visual arts universidad del pacfico advertising meredith corporation hispanic multichannel editor about.com social media writer",,"['http://www.hometheater.co.il', 'http://www.hometheater.co.il', 'http://www.htcafe.co.il', 'http://www.htmobile.co.il', 'http://www.htphoto.co.il', 'http://www.htmag.co.il', 'http://www.userit.co.il', 'http://www.httv.co.il', 'http://www.htisrael.co.il']",martinosabia,martinsabag
27982,28289,0.9965870307167235,MATCH,AUTO_HIGH,0,candidate,full,instagram,garakkio,massimiliano a,web demiurge,,http://blog.garak.it,twitter,mcammuso,massimiliano cammuso,"massimiliano cammuso, independent producer, contemporary art addicted, creative formats, web, researcher.","roma, lazio, italia",m.cammuso.it,massimilianoarione,mcammuso
28034,28047,0.9965870307167235,MATCH,AUTO_HIGH,0,candidate,full,twitter,mattangriffel,mattan griffel,co-founder: blog:,new york city,mattangriffel.com,googleplus,mattdanzico,matt danzico,video journalist and documentary filmmaker at bbc news. american university nbc left field journalist discovery channel video producer tokyo shimbun reporter and researcher the time hack founder around america in 2.0 founder tabs on obama co-founder,,,mattangriffel,mattdanzico
28509,28576,0.9965870307167235,MATCH,AUTO_HIGH,0,candidate,full,googleplus,michaelf,michael f,i'm a california native focused on graphic design and all things technology. ex'pression college for digital arts motion graphic design solano community college liberal arts vanden high school ged sylvan middle school ged citrus heights elementary school ged apple inc. tech support rep westernized productions graphic designer jelly belly candy company sales representative match analysis corporation graphic designer elastic creative graphic designer,,"['http://twitter.com/mfvisuals', 'http://www.facebook.com/mfindlay84', 'http://www.linkedin.com/in/mikeyfindlay', 'http://www.mfvisuals.com/']",instagram,mberndtdesign,michael berndt,graphic designer website developer instagramographer musician film enthusiast reviewer/photographer at,,http://mberndtdesign.com,mfvisuals,michaelberndt
28560,28724,0.9965870307167235,MATCH,AUTO_HIGH,0,candidate,full,googleplus,michaelallenberg,michael allenberg,"product development experience design entrepreneur savannah college of art and design interactive design and game development the creative circus digital imaging big studio director of experiential design onespring llc practice lead customer experience onespring llc engagement manager ubiquitousinteractions senior user experience consultant perseev.me co-founder / owner crawford media services lead user experience designer michael allenberg photography ceo / owner, photographer the creative circus photoshop instructor turner broadcasting system / adultswim.com web developer / intern assurant director user research / interim avp ux",,"['http://twitter.com/allenberg93', 'http://www.linkedin.com/in/ubiquitousinteractions', 'http://www.quora.com/Michael-Allenberg', 'https://www.facebook.com/mallenberg', 'http://uint.co', 'http://www.allenbergphoto.com', 'http://twinblr.tumblr.com', 'http://perseev.me']",twitter,michel_trapani,michel trapani,cybermarketing & user experience consultant... social media explorer...,mons,about.me/michel_trapani,michaelallenberg,micheltrapani
28561,28704,0.9965870307167235,MATCH,AUTO_HIGH,0,candidate,full,instagram,allenberg93,michael allenberg,"product development experience design entrepreneur, photographer, husband, father of twins, tech guru, music aficionado, quantum thinker",,http://uint.co,googleplus,michellelitv,michelle li,evening news anchor interactive journalist magazine writer blogger adoption advocate wisc-tv evening anchor madison magazine writer raycom media wect-wsfx evening anchor ky3 inc. kspr evening anchor - ky3 reporter/anchor wway multimedia journlalist university of kansas kjhk news director 417 magazine writer,,"['http://twitter.com/michellelitv', 'http://www.facebook.com/michellelitv', 'http://www.linkedin.com/in/michellelitv', 'http://www.vyou.com/michellelitv', 'http://www.bambuser.com/channel/michellelitv', 'http://pinterest.com/michellelitv/', 'http://www.youtube.com/user/MichelleLiTV', 'http://www.michellelitv.com', 'http://www.sayitsocial.com/', 'http://www.michellelitv.com', 'http://www.jeffjanowski.com']",michaelallenberg,michellelitv
28562,28704,0.9965870307167235,MATCH,AUTO_HIGH,0,candidate,full,twitter,allenberg93,michael allenberg,"product development experience design entrepreneur, photographer, husband, father of twins, technology guru, music aficionado, quantum thinker","atlanta, ga usa",uint.co,googleplus,michellelitv,michelle li,evening news anchor interactive journalist magazine writer blogger adoption advocate wisc-tv evening anchor madison magazine writer raycom media wect-wsfx evening anchor ky3 inc. kspr evening anchor - ky3 reporter/anchor wway multimedia journlalist university of kansas kjhk news director 417 magazine writer,,"['http://twitter.com/michellelitv', 'http://www.facebook.com/michellelitv', 'http://www.linkedin.com/in/michellelitv', 'http://www.vyou.com/michellelitv', 'http://www.bambuser.com/channel/michellelitv', 'http://pinterest.com/michellelitv/', 'http://www.youtube.com/user/MichelleLiTV', 'http://www.michellelitv.com', 'http://www.sayitsocial.com/', 'http://www.michellelitv.com', 'http://www.jeffjanowski.com']",michaelallenberg,michellelitv
1025,29608,0.9965870307167235,MATCH,AUTO_HIGH,0,candidate,full,googleplus,natashayoung,natasha young,,,"['http://twitter.com/natashay0ung', 'http://www.linkedin.com/in/youngnatasha', 'http://www.facebook.com/natasha.sara.young']",instagram,natashayounge,natasha younge,act black_circle make funny black_circle make music black_circle social-helper. periscope eye_in_speech_bubble snapchat ghost right_arrow natashayounge grad student nerd_face black_circle arts management for creative industries,,http://natashayounge.com,natashayoung,natashayounge
1025,29609,0.9965870307167235,MATCH,AUTO_HIGH,0,candidate,full,googleplus,natashayoung,natasha young,,,"['http://twitter.com/natashay0ung', 'http://www.linkedin.com/in/youngnatasha', 'http://www.facebook.com/natasha.sara.young']",twitter,natashayounge,natasha younge,[ actor comedienne drucker mba '18 ] ‍ accepting casting submissions thru sep 17th - please submit,"los angeles, ca",instagram.com/p/BYrtN4vnp0Q/,natashayoung,natashayounge
1112,16190,0.9965870307167235,MATCH,AUTO_HIGH,0,candidate,full,googleplus,paulatoti,paula toti,bella por fuera y por dentro university of milan,,"['http://es.linkedin.com/pub/paula-toti-soler/63/374/4b7/', 'http://es.gravatar.com/paulatoti', 'https://pinterest.com/paulatoti/', 'http://www.slideshare.net/paulatotisoler', 'http://about.me/paulatoti', 'http://www.flickr.com/photos/paulatoti/', 'http://identi.ca/paulatoti', 'http://paulatoti.tumblr.com/', 'http://www.mister-wong.es/user/paulatoti/', 'http://list.ly/people/Paula-Toti', 'http://www.sexoalacarta.es/', 'http://www.lamparasyventiladores.es/', 'http://www.ventiladorestecho.net/', 'http://www.lamparasyventiladores.es/3-lamparas-de-mesa', 'http://www.lamparasyventiladores.es/4-apliques', 'http://www.lamparasyventiladores.es/5-lamparas-de-pie', 'http://www.lamparasyventiladores.es/6-plafones', 'http://www.lamparasyventiladores.es/7-lamparas-de-techo', 'http://www.lamparasyventiladores.es/13-ventiladores-de-techo', 'http://www.lamparasyventiladores.es/13-ventiladores-de-techo', 'http://www.ventiladorestecho.net/14-ventiladores-de-techo-con-luz', 'http://www.ventiladorestecho.net/15-ventiladores-de-techo-con-mando', 'http://www.ventiladorestecho.net/16-ventiladores-con-luz-y-mando', 'http://www.ventiladorestecho.net/18-ventiladores-de-techo-con-regulador-de-pared', 'http://www.ventiladorestecho.net/17-ventilador-de-techo-accesorios']",twitter,polsanti,paul santiago,"sonrío todo el tiempo, soy fumón y un niño grande. romántico por temporadas y sexy barrigón el resto del año.","cuenca, ecuador",b-0dies.tumblr.com,paulatoti,bodies05
1150,11033,0.9965870307167235,MATCH,AUTO_HIGH,0,candidate,full,googleplus,george,george,,,,twitter,jorgecist,george,just a human being. pucón meriodejaneiro carpediem fy,"miami beach, fl",about.me/jorgecist,r3d5,jorgecist
1150,21688,0.9965870307167235,MATCH,AUTO_HIGH,0,candidate,full,googleplus,george,george,,,,instagram,georgef1,george,"it tech, photographer and motorcycle adventurer. see and",,http://about.me/grf,r3d5,GRF
26995,26999,0.9965870307167235,MATCH,AUTO_HIGH,0,candidate,full,instagram,lucabecattini,luca becattini,la bellezza di una foto sta negli occhi di chi la scatta. faccio foto quando mangio: web marketing & diritti civili,,http://twitter.com/lucabecattini,twitter,lithops,luca bove,consulente senior di internet marketing con specializzazione in search marketing & local seo. seguimi anche su,reggio emilia,luca.bo.ve.it,lucabecattini,lucabove
26995,27003,0.9965870307167235,MATCH,AUTO_HIGH,0,candidate,full,instagram,lucabecattini,luca becattini,la bellezza di una foto sta negli occhi di chi la scatta. faccio foto quando mangio: web marketing & diritti civili,,http://twitter.com/lucabecattini,googleplus,lucafilippetti,luca filippetti,"drink local, think global liceo scientifico ""ettore majorana"" orvieto universit di perugia beni culturali storico-artistico cittaslow international social media consultant akebia s.n.c. editing video e web marketing",,"['http://www.linkedin.com/in/lucafilippetti', 'https://foursquare.com/lucafilippetti', 'http://klout.com/#/lucafilippetti', 'http://www.facebook.com/filippetti', 'http://twitter.com/lucafilippetti', 'http://twitter.com/cittaslow_intl', 'https://foursquare.com/lucafilippetti', 'http://www.linkedin.com/in/lucafilippetti', 'http://www.flickr.com/corvotorvo', 'http://klout.com/#/lucafilippetti', 'http://www.cittaslow.net', 'http://www.orvieto.tv', 'http://www.inorvieto.it', 'http://www.twitter.com/inorvieto', 'http://www.facebook.com/inorvieto.it', 'http://www.twitter.com/cittaslow_intl', 'http://www.facebook.com/cittaslow', 'https://plus.google.com/111588045614820679115/posts', 'https://plus.google.com/110531649357657607974/posts', 'https://plus.google.com/+orvietonews/', 'http://lucafilippetti.wordpress.com', 'http://www.lucafilippetti.com', 'http://friendfeed.com/lucafilippetti', 'http://lucafilippetti.tumblr.com/', 'http://vimeo.com/lucafilippetti', 'http://www.flickr.com/photos/decervellamento/', 'http://instagram.heroku.com/users/santelancerio', 'http://www.glos.si/lucafilippetti/']",lucabecattini,lucafilippetti
27419,36142,0.9965870307167235,MATCH,AUTO_HIGH,0,candidate,full,twitter,mapsgirl,wendy mapsgirl,"cartographer by day, blogger by night. child carseat tech. wife extraordinaire to and together we have 2 awesome girls.","oakville, ontario",about.me/mapsgirl,instagram,wendysoucie,wendy soucie,cyclist engineer socialbiz impressed by odd things. mechanically inclined. fledged 3 kids. beekeeper's wife. iiot winterbikecommutechallenge,,http://xeeme.com/wendysoucie,mapsgirl,wendysoucie
27447,27578,0.9965870307167235,MATCH,AUTO_HIGH,0,candidate,full,googleplus,marceloprez,marcelo prez,"pegao en la web, medio loco, al final un peuco. es lo que hay no ma secretaria general de la presidencia arquitecto de informacin unidad de anlisis estratgico subtrab arquitecto de informacin apolo ingenieria, ibm mop",,"['http://www.facebook.com/marcelongo', 'http://twitter.com/marcelopellet']",twitter,maria_martinez,mara martnez,"lo mio es la comunicacion con mayúsculas. mi penúltimo proyecto es hablo de blogs, social media y comunicación",gijón,tintavisual.com,marceloperez,mariamartinez
27494,27651,0.9965870307167235,MATCH,AUTO_HIGH,0,candidate,full,twitter,dr_marcorivera,marco rivera,"medico - pediatra nicaragua. luchando por el bienestar de nuestros niños y el derecho a la vida. noticias, reflexiones, tecnología. no hablo de política",nicaragua,about.me/MarcoRivera,googleplus,marioschumacher,mario schumacher,"""la vida da muchas vueltas""...y... para el que no tiene rumbo no hay vientos (antonio machado y ruiz) comerciante de seguros titulado cmara de industria y comercio de colonia community manager de la ua titulado universidad de alicante ua mediador de seguros titulado en espaa homologado por la direccin general de seguros del ministerio de economa y hacienda, madrid formacin intersectorial marketing ivafe valencia mediador de seguros titulado en espaa homologado direccin general de seguros del ministerio de economa y hacienda, madrid blogtrip calemocion 2013 organizador fundador y video marketing - galaxtur viajes, calpe social media manager y organizador blogtripcostablanca 2012 colonia versicherungen formacin comerciante de seguros titulado ejrcito aleman - fuerza area estado mayor generali seguros corredor de seguros jujuju aqucenter director ventas y marketing info-costablanca.com dir.marketing blogtripcostablanca organizador",,"['http://twitter.com/marioschumacher', 'http://marioschumacher.blogspot.com/', 'http://marioschumacher.blogspot.com/']",MarcoRivera,marioschumacher
27573,27593,0.9965870307167235,MATCH,AUTO_HIGH,0,candidate,full,googleplus,marialy,maria ly,curious rock climbing canadian in cali. co-founder of skimble. university of waterloo computer engineering skimble co-founder,,"['http://skimble.com', 'http://marialy.com', 'http://twitter.com/marialy', 'http://skimble.com', 'http://bit.ly/OSWf8y', 'http://play.google.com/store/apps/details?id=com.skimble.workouts', 'http://play.google.com/store/apps/details?id=com.skimble.app']",twitter,mariannmarcucci,marianna marcucci,"digital strategist. travel, museums, digital heritage. co-founder always very curious. avid listener",italy,mariannamarcucci.com,marialy,mariannamarcucci
1209,32253,0.9965870307167235,MATCH,AUTO_HIGH,0,candidate,full,twitter,rodrigoos,rodrigo santos,"administrador de sistemas, ciclista, consultor amoroso e descobridor de bundas e paisagens nas horas vagas.","são paulo, brasil",rsantos.me,googleplus,rodrigosantos,rodrigo santos,"chato ser gostoso? no sei, mas muito gostoso ser chato! c.e. melchades picano ecof escritrio contbil freitas auxiliar de escritrio",,"['http://www.twitter.com/rodriigosantos', 'http://www.fb.com/rodriigosantos']",roh,rodrigosantos
1209,32254,0.9965870307167235,MATCH,AUTO_HIGH,0,candidate,full,twitter,rodrigoos,rodrigo santos,"administrador de sistemas, ciclista, consultor amoroso e descobridor de bundas e paisagens nas horas vagas.","são paulo, brasil",rsantos.me,instagram,rodriigosantos,rodrigo santos,"bust_in_silhouette 27, rio de janeiro - brasil memo rodriigosantos .com",,http://www.facebook.com/rodriigosantos,roh,rodrigosantos
1214,32342,0.9965870307167235,MATCH,AUTO_HIGH,0,candidate,full,instagram,rongoldin,ron goldin,product designer and entrepreneur. founder of studio akko ( and artifacts (,,http://rongoldin.com,twitter,rondomingue,ron domingue,"artist, designer, and illustrator.",new orleans,rondomingue.com,rongoldin,rondomingue
1369,5941,0.9965870307167235,MATCH,AUTO_HIGH,0,candidate,full,googleplus,syednomanali,syed noman ali,digital marketing consultant: seo ppc social media university of karachi bs software engg social hunt project manager cygnis media digital marketing manager avenue social seo/smo professional & cms developer scube solution seo professional,,"['http://www.twitter.com/itsocialguide', 'http://www.youtube.com/user/SyedNomanAli87', 'http://snomanali.wordpress.com/', 'http://www.nomanali.com', 'http://socialmediatoday.com/user/71089', 'http://www.searchenginejournal.com/author/norman-ali/', 'http://www.appstribune.com/', 'http://www.socialhunt.net/blog/', 'http://www.socialhunt.net/', 'http://www.facebook.com/syed.noman.ali.pirzada', 'https://www.linkedin.com/in/syednomanali']",twitter,kuwaitigenius,syed aamir ali,"chief social evangelist , project manager, it professional, business analyst, aviation enthusiast!","karachi, pakistan",kuwaitigenius.me,syednomanali,kuwaitigenius
1429,2173,0.9965870307167235,MATCH,AUTO_HIGH,0,candidate,full,twitter,tommywhitty,tommy whitty,photographer,worldwide,tomwhitty.com,instagram,justcallmetom,tom,photographer of life and beauty,,http://justcallmetom.smugmug.com,tommywhitty,justcallmetom
1436,32670,0.9965870307167235,MATCH,AUTO_HIGH,0,candidate,full,twitter,tonybarlow03,tony barlow,"i love the outdoors, minnesota sports and weather. creator of the plan the hunt planner/journal. . homesteader jesus hunter fisherman","hudson, wi",planthehunt.com,googleplus,tonybarlow,tony barlow,"""opportunity is missed by most people because it is dressed in overalls and looks like work."" -- thomas a. edison deaf2work work consultant action deafness employment consultant dering employment services senior employment adviser derby city council job coach university of derby placements coordinator",,"['http://picasaweb.google.co.uk/tonebar', 'http://twitter.com/saltbar', 'http://uk.linkedin.com/in/tonybarlow', 'http://www.facebook.com/tony.barlow', 'http://www.flickr.com/people/tonebar/', 'http://www.deaf2work.co.uk', 'http://www.saltbar.co.uk']",tonybarlow,saltbar
1540,23192,0.9965870307167235,MATCH,AUTO_HIGH,0,candidate,full,googleplus,janrni,jan rni,"a person on a planet in the milkyway in the universe. likes sci-fi, reads a lot, deciding what to do in life... science ninjas unite! gimnazija moste gimnazija moste self employed head writer",,"['http://twitter.com/Zomby6', 'http://www.flickr.com/photos/33433810@N08/', 'http://www.linkedin.com/profile/view?id=98460550&locale=en_US&trk=tab_pro', 'http://www.youtube.com/user/Zomby6666', 'http://zomby6.posterous.com', 'http://about.me/zomby6']",twitter,itsjannic,jannic nielssen,"jamaican/norwegian. featured in the likes of , & . social media, branding, digital & tech lover! kickjannic","london, england",jannicnielssen.com,zomby6,jannic
1604,9023,0.9965870307167235,MATCH,AUTO_HIGH,0,candidate,full,googleplus,andrewrich,andrew rich,"hacker, desert storm vet, nonmammaltarian, amateur triathlete, friend to cats. hates outside. mouseplanet systems engineer nokia software engineer avvenu software engineer loansoft software engineer network ice/iss software engineer davidson & associates / havas interactive / cendant software / knowledge adventure software engineer quarterdeck technical support rep united states army reserve lg silicon valley lab webos sdk hacker",,"['http://www.projectinsomnia.com/', 'http://youtube.com/user/smartwatermelon', 'http://picasaweb.google.com/andrew.rich', 'http://www.twitter.com/smartwatermelon', 'https://medium.com/@smartwatermelon']",twitter,andresgariglio,andres,"italian argentine, software engineer",a. g. chaves  tandil,about.me/andresg,andrewrich,andresg
27577,28469,0.9965870307167235,MATCH,AUTO_HIGH,0,candidate,full,instagram,merybrishh,mara martnez garca,"siempre tuve claro que lo mío era la comunicación. apasionada del cine, me decidí por estudiar comunicación audiovisual ¡sígueme en en blog!",,http://tintavisual.com,twitter,mernissi,ftima ramrez,*comunicación digital *social media *un poco friki y con sentido del humor …,"belmez, córdoba, sevilla",about.me/mernissi,mariamartinez,mernissi
2017,22083,0.9965870307167235,MATCH,AUTO_HIGH,0,candidate,full,instagram,chaoticgood,heather,"i'm a geek, gamer, blogger, freelance website designer, sci-fi/fantasy character stuck in the real world. i find humor in everyday absurdities.",,http://geeky247.com,googleplus,heathercolemanmarie,heather coleman,i'm just a girl in the world. politechnic university bucharest calculatoare,,"['http://twitter.com/heathercoleman', 'http://www.youtube.com/user/Boones6433', 'http://twistedturtle.wordpress.com', 'http://heathercoleman.tumblr.com']",heatherweaver,heathercoleman
24700,24713,0.9965870307167235,MATCH,AUTO_HIGH,0,candidate,full,instagram,tampamainstay,joseph mansi,graphic & web designer. my work is urban. i eat cereal in the evening.,,http://www.josephmansi.com,twitter,josephsocorro,joseph socorro,marketer graphic & web designer photographer videographer it,"calgary, ab, canada",josephsocorro.com,josephmansidesign,josephsocorro
24918,33683,0.9965870307167235,MATCH,AUTO_HIGH,0,candidate,full,googleplus,juangabrielbelmontecantero,juan gabriel belmonte cantero,"sapare aude, compartir es esencial para el desarrollo de la sociedad. mybrand & socialmedia founder/personal branding & social media consultant mybrand&socialmedia professional branding & social media consultant i-rent.net i-rent client support services i-rent developments social media manager restaurante nelia,restaurante ulises,restaurante torremangana,manpower,restaurante la playa,eurorelais-belvilla -group/belvilla all around sales sarvices belvilla internship/practicas sales department",,"['http://www.linkedin.com/in/JuanGabrielBelmonteCantero', 'http://www.paellasontheroad.com', 'http://www.mediterraneaontheroad.com', 'http://twitter.com/juantwittea', 'http://www.twitter.com/thesocialcrmnet', 'http://www.google.com/reader/shared/16199486787138140312', 'https://sites.google.com/site/juanbelmontecantero/', 'http://www.feeljuaniyosworld.blogspot.com', 'http://feeljuaniyosworld.blogspot.com/', 'http://mapmakers.es/author/juanbelmonte/', 'http://www.marketingcomunidad.com/detalle-usuario/juantwittea', 'http://mapmakers.es/author/juanbelmonte/', 'http://juanbelmonte.es', 'https://es.foursquare.com/juantwittea', 'http://www.wix.com/jbelmontecantero/firstproject', 'https://www.facebook.com/juanyboy', 'http://about.me/JuanBelmonte']",twitter,snimax,juan c del carpio,coordinador de social media en,perú,about.me/snimax,JuanBelmonte,snimax
25010,25053,0.9965870307167235,MATCH,AUTO_HIGH,0,candidate,full,twitter,julianloperar,julian lopera r,"odontólogo (estética), aeromodelista. respeto lo que piensas, aprecio lo que ves en mi. director ejecutivo de","medellin, colombia",JulianLoperaR.me,googleplus,juliomar20,julio mar,"si jamas haz luchado por lo que quieres, no te quejes de lo que tienes. universidad del golfo de mexico l.a.e. compumatika empleado",,['http://twitter.com/juliomar_'],julianloperar,juliomar
25834,31571,0.9965870307167235,MATCH,AUTO_HIGH,0,candidate,full,instagram,minimasterg,scott,tna is my chinese hometown. living in szx. starting year 7 in china. singlenow laowai laoshi canadian Canada scottish *usually f4f,,https://twitter.com/KiltTilter,twitter,rappscott,scott,startup founder in nyc - ( ) is our language learning app.,new york city,scottrapp.tumblr.com,kilttilter,rappscott
26267,27993,0.9965870307167235,MATCH,AUTO_HIGH,0,candidate,full,twitter,matheuslaneri,matheus laneriverified account,o perfil do dibre. faço o e muito +. contato: matheuslaneri .com,"são paulo, brasil",youtube.com/c/obrasilquede…,googleplus,matheusfernandesblog,matheus fernandes math,oi! titta aguiar consultoria de imagem blog do math editor,,['http://www.blogdomath.com.br'],lanerimatheus,matheusfsantos
26352,26366,0.9965870307167235,MATCH,AUTO_HIGH,0,candidate,full,googleplus,laurainlow,laura inlow,"media guru, photography enthusaist, bonnaroo devotee and supernatural fangirl for life eastern illinois university journalism southern illinois university edwardsville mass communications lewis and clark community college web design lewis and clark community college web editor/media specialist freelance writing/photography reporter/photographer the telegraph reporter/page designer hayner children's library library assistant",,"['http://lauranettephoto.blogspot.com/', 'http://lauraplusdavid.blogspot.com/', 'http://lauranettephoto.blogspot.com/']",twitter,laurapasquini,laura pasquini,"l&d, phd. & . digital life & pln, acdigid, library, acadv, mentoring, socialmedia, + podcaster &",canirlusa,techknowtools.wordpress.com,lauramgriffith,laurapasquini
1664,32618,0.9965870307167235,MATCH,AUTO_HIGH,0,candidate,full,googleplus,bentichenor,ben tichenor,trying to keep my head up palm beach atlantic university popular music erie community college general studies dollar tree cashier after dark entertainment,,"['http://www.facebook.com/bentichenor', 'http://twitter.com/#!/dancescreamsing', 'http://tearsareshootingstars.tumblr.com/', 'http://www.purevolume.com/listeners/underoath215', 'http://www.flickr.com/people/74588678@N04/']",twitter,bench_jp,bench,事業会社、広告会社、制作会社で働くデザイナー、プランナー、プロデューサー、マーケッターの為の相応しい環境や働き方、やりたいことをサポートする会社。業界に独自のネットワークを持つキャリアファシリテーターとコミュニケーションプランナーが創りました。,"tokyo,japan",bench.jp,bentichenor,sachiyokojima
1674,3417,0.9965870307167235,MATCH,AUTO_HIGH,0,candidate,full,googleplus,bethsanders,beth sanders,,,"['http://picasaweb.google.com/BethEllen86', 'http://twitter.com/mssandersths']",twitter,bethgsanders,beth g sanders,"get my free ebook —7 must-haves for online success socialmedia, emailmarketing, blogging & websites for smallbiz.","near memphis, tennessee",bethgsanders.com,BethSanders,bethgsanders
1750,17984,0.9965870307167235,MATCH,AUTO_HIGH,0,candidate,full,googleplus,chriskilbourn,chris kilbourn,"entrepreneur (3 exits) and web and app designer westminster college, salt lake city finance alta high school eleventh avenue director of marketing qzzr marketing qwizard fit marketing vp of strategy tofu marketing ceo/owner taskbullet ceo/owner to the tenth ceo",,"['http://www.chriskilbourn.com/', 'http://chriskilbourn.brandyourself.com/', 'https://twitter.com/ChrisKilbourn', 'https://www.facebook.com/chris.kilbourn', 'http://www.linkedin.com/in/chriskilbourn', 'http://www.quora.com/Chris-Kilbourn', 'http://www.meetup.com/BoomStartup/members/29473942/', 'http://chriskilbourn.tumblr.com/', 'http://www.flickr.com/photos/chriskilbourn', 'http://www.crunchbase.com/person/chris-kilbourn', 'http://bigsight.org/chris_kilbourn', 'http://blogs.forbes.com/people/chriskilbourn/', 'http://www.seomoz.org/users/profile/430234', 'http://www.appsumo.com/profile/ChrisKilbourn/', 'http://pinterest.com/chriskilbourn/', 'http://www.entrepreneur.com/', 'http://www.marketingprofs.com/', 'http://blog.kissmetrics.com', 'http://www.hubspot.com/blog', 'http://blog.crazyegg.com/', 'http://www.ducttapemarketing.com/', 'http://raventools.com/blog/', 'http://www.wordstream.com/blog', 'http://insights.marinsoftware.com/', 'http://searchenginejournal.com', 'http://trackmaven.com/blog/', 'http://blog.net-results.com/', 'http://onwardmag.com/', 'http://www.benchmarkemail.com/blogs', 'http://www.jeffbullas.com/', 'http://www.curata.com/blog/', 'http://www.circlecount.com/blog/', 'http://piktochart.com/blog/', 'http://www.smartinsights.com/blog/', 'http://blog.similarweb.com/', 'http://www.iacquire.com/blog/', 'http://www.entrepreneuronfire.com/blog/', 'http://www.conductor.com/blog/', 'http://www.tofumarketing.com', 'http://www.tofumarketing.com/internet-marketing-blog', 'http://www.chriskilbourn.com', 'http://www.virtualassistantassistant.com', 'http://www.fitmarketing.com/blog']",twitter,honu2000,chris serafin,"doctoral candidate at ncu focus in marketing - interests include, small business development, smm, & miscellanea",california,about.me/cserafin,chriskilbourn,cserafin
1754,17572,0.9965870307167235,MATCH,AUTO_HIGH,0,candidate,full,googleplus,chrisvriend,chris vriend,"husband, father, architect, comic fan university of waterloo architecture",,"['http://www.ifanboy.com', 'http://www.comicsalliance.com']",instagram,cjankow,chris,"father, husband, brother, american, scouter leader, geek, computer infrastructure architect/engineer, help desk for family & friends",,http://about.me/cjankow,chrisvriend,cjankow
1754,35662,0.9965870307167235,MATCH,AUTO_HIGH,0,candidate,full,googleplus,chrisvriend,chris vriend,"husband, father, architect, comic fan university of waterloo architecture",,"['http://www.ifanboy.com', 'http://www.comicsalliance.com']",instagram,valuedmerchants,chris del grande,"husband, father, entrepreneur & co-founder of valuedmerchants provides credit card processing, biz loans, social media management, ecommerce and more",,http://www.valuedmerchants.com,chrisvriend,valuedmerchants
1806,4629,0.9965870307167235,MATCH,AUTO_HIGH,0,candidate,full,googleplus,danielleerickson24,danielle erickson,,,['http://www.linkedin.com/profile/view?id=208645084&trk=nav_responsive_tab_profile'],twitter,fokewulf,daniele,...a volte i pensieri sono veloci.. a volte stupidi. ma sono e rimangono sempre miei !!,"milano, italy",fokewulf.it,danielleerickson,fokewulf
1824,18797,0.9965870307167235,MATCH,AUTO_HIGH,0,candidate,full,googleplus,davidcrompton,david crompton,"artist and graphic designer emily carr university film/photography artist, graphic designer",,"['http://www.davidcrompton.net/', 'http://twitter.com/David_Crompton', 'http://www.flickr.com/photos/crompsy/show/', 'http://www.davidcrompton.net/ATN', 'http://www.rdio.com/#/people/crompsy/', 'http://www.last.fm/user/Crompsy']",twitter,davidderr,davidderr,fine artist and graphic designer,"metro nyc area, united states",d2studios.com,davidcrompton,dderr
1824,29746,0.9965870307167235,MATCH,AUTO_HIGH,0,candidate,full,googleplus,davidcrompton,david crompton,"artist and graphic designer emily carr university film/photography artist, graphic designer",,"['http://www.davidcrompton.net/', 'http://twitter.com/David_Crompton', 'http://www.flickr.com/photos/crompsy/show/', 'http://www.davidcrompton.net/ATN', 'http://www.rdio.com/#/people/crompsy/', 'http://www.last.fm/user/Crompsy']",instagram,neosushi68,david d,"designer for life, 3d artist with heart & photography enthusiast. creator of 99frames. i love the ordinary. all photos taken with lg g4",,http://about.me/neosushi,davidcrompton,neosushi
26773,28398,0.9965870307167235,MATCH,AUTO_HIGH,0,candidate,full,instagram,lilbitspieces,melissa,enjoys discovering the beauty in everything and everyone. revolving_hearts chocolate_bar love_letter pencil books mobile_phone closed_umbrella evergreen_tree sunflower planner/bujo acct:,,http://www.littlebitsandpieces.com,googleplus,melissabalsan,melissa balsan,"to learn more about me, visit my facebook page. adrian college business administration - marketing & pr jackson community college applied science - advertising career education corporation director, marketing careerbuilder manager, digital marketing careerbuilder corporate marketing manager hart associates account executive ogilvy & mather advertising intern bay park community hospital pr intern flowers & such sales and marketing",,"['http://www.twitter.com/melissabalsan', 'https://twitter.com/melissabalsan', 'http://coloradotech.edu', 'http://www.facebook.com/melissabalsan', 'http://www.linkedin.com/in/melissabalsan', 'http://instagram.com/melissabalsan', 'https://www.vizify.com/melissa-balsan/', 'http://delicious.com/murraymelissak', 'http://www.flickr.com/photos/murraymelissak/', 'http://melissabalsan.yelp.com/', 'http://youtube.com/user/melissakmurray', 'http://www.punchbowl.com/profiles/melissabalsan', 'http://www.google.com/reader/shared/17821544674748408218', 'http://www.dailymile.com/people/melissakmurray', 'http://www.last.fm/user/melissakmurray', 'http://www.pandora.com/people/melissabalsan', 'http://friendfeed.com/melissabalsan', 'http://www.blippr.com/profiles/melissabalsan']",littlebitsandpieces,melissabalsan
2347,14813,0.9965870307167235,MATCH,AUTO_HIGH,0,candidate,full,instagram,millenium5,andrej najdoski,civil engineer,,,twitter,andrezzoid,andr jonas,"frelance taster, beer engineer... wait, what?!!","algarve, portugal",andrejonas.me,millenium,andrejonas
23552,36723,0.9965870307167235,MATCH,AUTO_HIGH,0,candidate,full,twitter,jects,sergio caggianelli,"illustratore, blogger, web editor presso reallife television",milan,jects.blogspot.it,googleplus,sergiodanielleztarkgarca,sergio daniel l garca,master mobile developer skillet team lead developer instartius corporation ceo,,"['http://twitter.com/zheref', 'http://profile.live.com/cid-0effa017b3a5c921', 'http://www.facebook.com/zheref', 'http://www.linkedin.com/profile/view?trk=ppro_viewmore&authType=name&pvs=pp&locale=es_ES&id=136432350&authToken=Opk8', 'http://www.youtube.com/user/TheZheref']",jects,zheref
23676,23744,0.9965870307167235,MATCH,AUTO_HIGH,0,candidate,full,googleplus,jenniferkane,jennifer kane,"communications marketing public relations social media concordia college, moorhead, mn kane consulting president",,"['http://kaneconsulting.biz', 'http://twitter.com/JenKaneCo', 'http://www.linkedin.com/in/jenkaneco', 'http://www.youtube.com/user/KaneConsulting', 'http://www.delicious.com/JenKaneCo', 'http://kaneconsulting.biz/blog/feed/', 'http://about.me/JenKane', 'http://www.facebook.com/pages/Kane-Consulting/177560516464?ref=ts', 'https://twitter.com/kanecotweet', 'http://www.steamfeed.com/', 'http://www.kaneconsulting.biz/blog/', 'http://kaneconsulting.biz', 'http://www.facebook.com/pages/Kane-Consulting/177560516464?ref=ts', 'https://twitter.com/kanecotweet']",twitter,jensissel,jens issel,"account director digital consulting , social media marketing, business & marketing consulting, kommunikationsberatung",münchen bayern,jensissel.de,JenKane,jensissel
23970,24367,0.9965870307167235,MATCH,AUTO_HIGH,0,candidate,full,googleplus,johnhorn-on-google,john horn,,,"['http://picasaweb.google.com/jhorn1', 'http://www.linkedin.com/in/johnjhorn']",instagram,clifto,john clifton,ucla cinematographer technology enthusiast ice cream aficionado,,,jhorn,johnclifton
23970,24368,0.9965870307167235,MATCH,AUTO_HIGH,0,candidate,full,googleplus,johnhorn-on-google,john horn,,,"['http://picasaweb.google.com/jhorn1', 'http://www.linkedin.com/in/johnjhorn']",twitter,clifto,john clifton,cinematographer technology enthusiast ice cream aficionado emerson ucla everywhere,"los angeles, ca",,jhorn,johnclifton
24042,35239,0.9965870307167235,MATCH,AUTO_HIGH,0,candidate,full,googleplus,jimnapier,jim napier,"geek with a voracious appetite for movies, technology, social media and digital marketing. robb digital web & social media strategist geek agent media owner agentsofgeek.com screeninvasion.com co-founder, editor",,"['http://twitter.com/Jim_Napier', 'http://www.linkedin.com/in/jimnapier', 'http://instagram.com/jimnapier/', 'http://klout.com/#/jim_napier', 'http://letterboxd.com/jimnapier/', 'http://about.me/JimNapier', 'http://pinterest.com/jimnapier/', 'http://soundcloud.com/jimnapier', 'http://www.youtube.com/user/JimNapierCo', 'http://www.flickr.com/photos/jimnapier/', 'http://jimnapier.tumblr.com']",instagram,topekajim,jim rice,hockey fanatic social media junkie coffee connoisseur superb parallel parker loving pug dad to,,http://about.me/topekajim,jimnapier,topekajim
24148,24683,0.9965870307167235,MATCH,AUTO_HIGH,0,candidate,full,instagram,tucanjuan,jos manuel,un vegetariano en el mundo. triatleta y activista trabajando en el tercer sector para transformar el mundo.,,,twitter,josemarg,jos manuel,"licenciado en informática. bloguero. apasionado del cine, la literatura, y la tecnología.","granada, españa",josemarg.com/wp,jmchacon,josemarg
24643,24932,0.9965870307167235,MATCH,AUTO_HIGH,0,candidate,full,instagram,hombrediario,juan luis ortega herrera,"el hombrediario no puede hablar, sólo comunicar. ni siquiera lo que dice su corazón, sino lo que otros imprimen en su piel...",,http://www.hombrediario.cl,twitter,juancarikt,juan carlos guerra,lo consiguieron porque no sabían que era imposible (jean cocteau) dinamizador tic. matemáticas. formador de docentes.,bilbao españa,juancarikt.blogspot.com,jortegahd,juancarikt
24682,27389,0.9965870307167235,MATCH,AUTO_HIGH,0,candidate,full,instagram,josemarg,jos manuel,"Spain licenciado en informática. bloguero. apasionado del cine, la literatura, y la tecnología. iphone 6 mobile_phone panasonic lumix zx3 camera",,http://www.josemarg.com/wp,twitter,manucopel,jos manuel fernnde,director de y socio de partner en . entrenador de baloncesto y apasionado del social media.,madrid,about.me/manucopel,josemarg,manucopel
24683,27388,0.9965870307167235,MATCH,AUTO_HIGH,0,candidate,full,twitter,josemarg,jos manuel,"licenciado en informática. bloguero. apasionado del cine, la literatura, y la tecnología.","granada, españa",josemarg.com/wp,instagram,manucopel,jos manuel fernndez,"soy un apasionado del baloncesto, el social media y la comunicación. me gusta conocer gente que me pueda aportar nuevas cosas.",,http://www.feriahechoamano.es,josemarg,manucopel
1926,18236,0.9965870307167235,MATCH,AUTO_HIGH,0,candidate,full,googleplus,danielaguilerajimenez,daniel aguilera jimenez,"me gusta internet, la tecnologa, el turismo y la fotografa = turieco pompeu fabra university grado en ciencias empresariales - management ies terrassa grado superior administracin y finanzas colegio balmes educacin secundario obligatoria ies terrassa grado medio administrativo turipano360 ceo, fotgrafo y comercial turieco cofundador clic telemtica, s.l. administrativo inmobiliaria ambar, s.a. auxiliar administrativo mcdonald's personal de equipo",,"['http://es.linkedin.com/in/danielaguilera', 'https://www.facebook.com/daniel.aguilerajimenez', 'http://twitter.com/Escoti9', 'http://www.danielaguilera.es', 'http://www.xing.com/profile/Daniel_AguileraJimenez', 'http://www.turieco.com', 'http://www.turipano360.com', 'http://www.viajesvirtuales.es', 'http://www.esloqueveo.com', 'http://www.facebook.com/turieco', 'http://www.facebook.com/turipano360', 'http://www.twitter.com/turieco', 'http://www.twitter.com/turipano360', 'http://www.linkedin.com/company/turieco', 'http://www.linkedin.com/company/turipano360', 'https://plus.google.com/+Turieco', 'https://plus.google.com/+Turipano360']",twitter,danielesri,daniel escobar,"periodista bogotano. editor y curador de contenidos. santafereño. me gusta la gente simple, aunque yo soy complicado.","bogotá, colombia",about.me/daniel.escobar,escoti9,danielescobar
1927,18288,0.9965870307167235,MATCH,AUTO_HIGH,0,candidate,full,instagram,escoti9,daniel aguilera escoti9,"cofundador de turieco, turipano360 - agencia de marketing online y veendor, la tienda online del pequeño comercio.",,http://www.turipano360.com,googleplus,danielrdelpino,daniel r del pino,ayudando a estar online informa d&b product manager,,"['http://about.me/danielrdelpino', 'http://twitter.com/danielrdelpino', 'http://www.linkedin.com/in/danielrdelpino', 'http://www.danielrdelpino.com', 'http://www.informa.es', 'http://www.empresaactual.com', 'http://www.einforma.com', 'http://www.infodempresas.com', 'http://www.informacionalpoder.com']",escoti9,DanielRdelPino
1927,18297,0.9965870307167235,MATCH,AUTO_HIGH,0,candidate,full,instagram,escoti9,daniel aguilera escoti9,"cofundador de turieco, turipano360 - agencia de marketing online y veendor, la tienda online del pequeño comercio.",,http://www.turipano360.com,googleplus,danielscott,daniel scott,,,,escoti9,danielscott
1928,20290,0.9965870307167235,MATCH,AUTO_HIGH,0,candidate,full,googleplus,eugenenikiforov,eugene nikiforov,"ecommerce mover and rangefinder junkie, looking at life at f0.95 likeminders ceo quantum art board member merchantry inc. co-founder ixtens inc. co-founder",,"['http://picasaweb.google.com/eugene.nikiforov', 'http://www.flickr.com/photos/jev/', 'http://twitter.com/jevvi', 'http://www.linkedin.com/in/eugenenikiforov', 'http://www.artq.com/', 'http://gmail.com']",instagram,healtheugene,eugene borukhovich,"global head, digitalhealth incubation & innovation ,co-founder , health 2.0 nyc & ams & dus, husband, father to 2 gr8 girls.",,http://healtheugene.com,eugenenikiforov,eugeneb
1968,20884,0.9965870307167235,MATCH,AUTO_HIGH,0,candidate,full,googleplus,franciscapote,francis capote,ies ngel de saavedra realizacin de audiovisuales y espectculos ies vicente nez eso y logse artistic photographer photographer,,"['http://franciscapote.com', 'http://twitter.com/franciscapote', 'https://www.flickr.com/photos/franciscapote/', 'https://www.facebook.com/pages/Francis-Capote-Freelance-Photographer/137453809633031', 'http://www.pinterest.com/franciscapote', 'http://about.me/franciscapote', 'http://franciscapote.deviantart.com/gallery', 'http://www.fotocommunity.es/fotografo/francis-capote/1345049', 'https://500px.com/franciscapote', 'https://www.linkedin.com/profile/view?id=235648468', 'http://franciscapote.com']",instagram,frantxuvb,francisco j valor,proyecto indefinido de cualquier cosa que pueda hacerte sonreír. dramaturgo fotográfico de irrealidades. arquitecto de letales sueños y tempestades.,,http://twitter.com/FrantxuVB,franciscapote,FrantxuVB
22300,33024,0.9965870307167235,MATCH,AUTO_HIGH,0,candidate,full,instagram,homersapien619,scott dunsmore,the beatings will continue until morale improves.,,http://about.me/homersapien619,googleplus,scottneumyer,scott neumyer,"journalist & photographer rollingstone.com, espn.com, gq.com, esquire.com, wired.com, details.com, parade.com, sbnation.com/longform, slate.com, mtv.com, outsidemag.com, mentalfloss.com, maxim.com, popularmechanics.com, mensfitness.com, parenting magazine, photo district news, rue morgue magazine, indiewire.com, sheknows.com, vibe.com, complex.com, theatlantic.com, screencrush.com, americansongwriter.com, fearnet.com, ifc.com, chillertv.com, movies.com, flavorwire.com, foxsports.com, heavymma.com, babble.com, the home news tribune / gannett, mycentraljersey.com, yourtango.com, nursezone.com, njfamily.com, mommyish.com, and more! rutgers university english & cinema studies university of scranton english spotswood high school writer & photographer writer & photographer ivd media buyer",,"['http://www.google.com/reader/shared/06058539978923121016', 'http://www.flickr.com/people/scottlecter/', 'http://www.quora.com/scott-neumyer', 'http://www.facebook.com/scottwrites', 'http://www.facebook.com/scott.neumyer', 'http://www.facebook.com/scottshoots', 'http://www.twitter.com/scottneumyer', 'http://scottneumyer.com', 'http://rethinkisrael.org/author/sneumyer/', 'http://www.rollingstone.com/contributor/scott-neumyer', 'http://www.parade.com/member/scottneumyer/', 'http://bellanyc.com', 'http://www.mademan.com/author/scott-neumyer/', 'http://www.gq.com/contributors/scott-neumyer', 'http://www.nydailynews.com/authors?author=Scott%20Neumyer', 'http://www.details.com/contributors/scott-neumyer', 'http://extramustard.si.com/author/scottneumyer/', 'http://www.wired.com/author/sneumyer/', 'http://www.outsideonline.com/author-bios/Scott-Neumeyer.html', 'http://www.mentalfloss.com/authors/scott-neumyer', 'http://www.slate.com/authors.scott_neumyer.html', 'http://www.scottwrites.com/', 'http://www.scottshoots.com/']",homersapien619,scottneumyer
22703,23349,0.9965870307167235,MATCH,AUTO_HIGH,0,candidate,full,twitter,injction,javier,freelancer,santiago de chile.,,googleplus,javiercostastudio,javier costa,"trata a tus clientes como personas, realiza anlisis de ux cice escuela nuevas tecnologas dise instituto formacion profesional leganes ii deliniacin photos business view co ceo javiercostacom studio consultora ux y director de arte javiercostacom studio diseador grfico y web, fotografia y video digital. proveedor de servicios de internet. gmv s.a.u. diseador en interacin y experiencia de usuario elan it resource, diseador grfico y web ibm espaa soporte tcnico purple byte s.l. co ceo solectron technology inspector y auditor de calidad y web master lucent technologies inspector de calidad",,"['http://www.javiercosta.com', 'https://www.facebook.com/javiercostacomstudio/', 'http://es.linkedin.com/pub/javier-costa-del-gallo/13/179/625', 'http://www.slideshare.net/javiercostacom', 'http://500px.com/javiercostacom', 'https://picasaweb.google.com/lh/myphotos', 'http://www.flickr.com/photos/javier-costa/', 'http://vimeo.com/javiercosta', 'http://cincoabiertos.blogspot.com/', 'http://about.me/javiercostacom', 'http://twitter.com/javiercostacom', 'http://vizualize.me/aB3J9EGscV', 'https://es.foursquare.com/javiercostacom', 'http://es.gravatar.com/javiercostacom']",injction,javiercostacom
22732,30224,0.9965870307167235,MATCH,AUTO_HIGH,0,candidate,full,instagram,oliver_montes,oliver montes,web developer,,http://www.devopensource.com,twitter,olivera_84,mauricio olivera,"co-owner and , web developer, it consulting and outsourcing, sysadmin, extos and ex c# developer","caucete, san juan, argentina",indevla.com,iomontes,oliveramauricio
22887,32261,0.9965870307167235,MATCH,AUTO_HIGH,0,candidate,full,googleplus,javierabella,javier abella,market research marketing specialist digital marketing consultant social media marketing expert speaker eae business school master en marketing digital y comercio electrnico universidad de zaragoza diplomatura en estadstica tcfc - insights & social marketing market research - data analytics - social marketing - ecommerce - consultant quor responsable comercial madrid odec managing director ikerfel key account manager,,"['http://about.me/jabellag', 'https://twitter.com/#!/javierabellag', 'https://es.linkedin.com/in/javierabellag', 'https://www.facebook.com/j.abella.guerrero', 'http://jabellag.wordpress.com/']",twitter,rodriguez247,javier espinoza,"digital marketing and strategist, advocate for business transparency & social change. latinx volunteer humanitarian datajunkie newsjunkie netneutrality","toronto, ontario",ca.linkedin.com/in/javierespin…,jabellag,rodriguez247
23255,23298,0.9965870307167235,MATCH,AUTO_HIGH,0,candidate,full,twitter,millerhubuk,jason miller,"father, online business owner/entrepreneur, casual photographer",,about.me/jason.e.miller,googleplus,jasonohaire,jason ohaire,"american of southern birth (fl) and irish heritage (cork) frank h. peterson academies of technology architecture skip barber racing school high performance auto racing the bob bondurant school of high performance driving road course racing edward h. white high school stanton college preparatory school aikido tenshinkai dojo aikido progressive wing chun kung fu orlando florida wing chun florida krav maga krav maga dale carnegie advanced course federal bureau of investigation (fbi) lie detection, body language and behavior assessment and management paul ekman group, plc evaluating truthfulness & credibility and emotional skills and competencies jk design arts owner - designer melius design owner - social media engineer croasdell company civil tech. - project manager jhh drafting & consulting project manager & expediter",,"['http://about.me/Jason.OHaire', 'https://www.facebook.com/Jason.OHaire', 'https://twitter.com/DixieMick', 'http://www.linkedin.com/in/jasonhaire', 'http://dixiemick.tumblr.com/', 'http://www.jkdesignarts.com', 'http://www.meliusdesign.com', 'http://www.jkdesignarts.com', 'http://www.meliusdesign.com', 'https://www.facebook.com/HarleyPetesTravels', 'https://www.facebook.com/prologuepublishing', 'https://www.facebook.com/ellyouvee', 'https://www.facebook.com/SQN.Unlimited', 'https://www.facebook.com/DogDayzFun']",jasonemiller,JasonOHaire
23274,32926,0.9965870307167235,MATCH,AUTO_HIGH,0,candidate,full,googleplus,jasonkyles,jason kyle,ux & ui & web + print. photographer. eretailer. consultant. seo'r. sm'r. consumer. music snob. libservative. foodie. part-time explorer. dog owner. smart ass. the art institute of dallas graphic design berkmar high school core acecashexpress.com senior web developer cinsay inc. social media developer readingglasses.com ecommerce director,,"['http://www.flickr.com/people/jasonkyle/', 'http://facebook.com/jasonkyle', 'http://twitter.com/jasonkyle', 'http://jasonkyle.yelp.com', 'http://www.linkedin.com/in/jasonkyle', 'http://www.youtube.com/user/IAgreeWithJason', 'http://iagreewithjason.com']",instagram,5c4r3834r,jason,"terrible guitar player, amateur photographer, wannabe writer, semi-professional blogger and occasional graphic/web designer. guitar willhashtagforwork",,http://www.scarebear.rocks,jasonkyle,scarebear
23306,32926,0.9965870307167235,MATCH,AUTO_HIGH,0,candidate,full,twitter,jason_ramsey,jason ramsey,"husband, father, educator, rocker, writer, networker, small business owner, amateur photographer, listener, reader, film enthusiast, guitar and music lover.","wichita, ks",about.me/jasonramsey,instagram,5c4r3834r,jason,"terrible guitar player, amateur photographer, wannabe writer, semi-professional blogger and occasional graphic/web designer. guitar willhashtagforwork",,http://www.scarebear.rocks,jasonramsey,scarebear
23350,23363,0.9965870307167235,MATCH,AUTO_HIGH,0,candidate,full,instagram,javiercostacom,javier costa del gallo,"consultor ux y director de arte , nací en 1975 madrid, vivo en colmenar viejo, fotografía, el baloncesto, la gastronomía y viajar.",,http://www.javiercosta.com,twitter,javi_oso,javier snchez,técnico superior en artes plásticas y diseño en fotografía por la escuela de arte de murcia,murcia,javiersanchezfoto.tumblr.com,javiercostacom,javiersanchez
23415,23420,0.9965870307167235,MATCH,AUTO_HIGH,0,candidate,full,googleplus,jaredjohnson84,jay johnson,your friendly neighborhood mad scientist. by appointment only. st mary's springs high school university of wisconsin-oshkosh art education korea international school educational technology specialist roxby downs area school art teacher waupaca school district technology integrator,,['https://johnson.wtf'],twitter,jayjohnsonmlp,jay johnson,owner of ( ) / private trainer / nutrition/workout program guidance / fitness writer / 7x best of the city / top 30 under 30,united states,teammlp.com,jayjohnson,jayjohnsonmlp
23450,33067,0.9965870307167235,MATCH,AUTO_HIGH,0,candidate,full,twitter,jazza_uk,adrian pratt,"oxford based it, games, movie, tv & photography geek.",oxford,about.me/jazza,instagram,scriptyweb,adrian aghinitei,"graphic designer from bucharest. i love design, the web, mountain biking, formula 1, music and macs.",,http://www.scriptyweb.com,jazza,scripty
23468,24675,0.9965870307167235,MATCH,AUTO_HIGH,0,candidate,full,twitter,jcarlossoto,jose carlos soto,"ceo en . consultor internacional de estrategia de marketing digital y content. blogger, mentor, speaker. podcast",méxico d.f.,jcarlossoto.com,googleplus,joselopezarcos,jose lopez arcos,"webmaster, sem, community manager, aplicaciones para facebook, arcoscm gestin web 2.0 plus universitat oberta de catalunya administracin y direccin de empresa - ade - cursando wharton school, university of pennsylvania gamification funed seo (posicionamiento en buscadores) funed estrategias de marketing online - community manager ipe - instituto de practica empresarial mster en direccin y administracin de empresas mdi instituto de practica empresarial experto en gestin de cooperativas inmobiliarias microcad - autodesk 3d studio max ms estudios vacaciones-espana.es marketing online bodegas excelencia marketing off/on",,"['http://www.facebook.com/joselopezarcos', 'http://joselopezarcos.blogspot.com/', 'https://es.foursquare.com/joloarco', 'http://www.arcoscm.es', 'http://www.linkedin.com/pub/jose-lopez-arcos/27/ab2/776', 'http://www.flickr.com/photos/60784113@N02/', 'http://www.facebook.com/arcoscm', 'http://www.twitter.com/arcoscm', 'https://es.foursquare.com/arcoscm', 'http://www.twitter.com/joloarco']",jcarlossoto,joselopezarcos
2137,5519,0.9965870307167235,MATCH,AUTO_HIGH,0,candidate,full,instagram,djjianni,john evangelidis,ceo at techsmart.gr co-founder at bigbox,,http://techsmart.gr,twitter,floyduk,john arnold,blogger at . video tutorial producer at . podcaster at and .,"sandbach, cheshire, uk",about.me/johnarnold,jianni,johnarnold
2256,33979,0.9965870307167235,MATCH,AUTO_HIGH,0,candidate,full,googleplus,stephenlee,stephen lee,,,,instagram,stephenalee,stephen lee,"life is short so live well, love much, laugh often and eat your heart out! photos 0-999 samsung galaxy s3. photos 1000+ iphone 6s. ghost stephenalee",,,leestephen,StephenALee
2337,7975,0.9965870307167235,MATCH,AUTO_HIGH,0,candidate,full,instagram,soundwavesofficial,sound wavesofficial,producing luscious edm for the masses ::. musical_keyboard connect: youtube: soundwavesofficial edm electronica deephouse,,https://soundcloud.com/soundwavesofficial,twitter,soundwavesbeats,sound wavesofficial,producing luscious edm for the masses ::. connect: … soundwavesofficial edm electronica deephouse,"redmond, or, us",play.spotify.com/artist/5eundFv…,michaelmartinez,soundwavesofficial
19401,35528,0.9965870307167235,MATCH,AUTO_HIGH,0,candidate,full,googleplus,joseescajadillo,jose escajadillo,de pequeo me abri la cabeza y ya no volv a ser el mismo. neta. universidad autnoma de nuevo len comunicacin,,,twitter,ucedaman,jose luis uceda,"madrileño de nacimiento, criado en alcorcón, informático de titulación, consultor de profesión, fotógrafo de afición, viajero de vocación, y pelo ¡un mogollón!",barcelona,about.me/ucedaman,DrCabrito,ucedaman
19870,28044,0.9965870307167235,MATCH,AUTO_HIGH,0,candidate,full,instagram,elunicoduke,matt,,,https://twitter.com/ElUnicoDuke,googleplus,mattdanna,matt danna,"product & marketing geek rochester institute of technology information technology, human-computer interaction fullscreen sr. director, product innergy labs, llc co-founder deviantart marketing geek deviantart project manager student government, rochester institute of technology president student government, rochester institute of technology vice president student government, rochester institute of technology representative-at-large student government, rochester institute of technology freshmen senator",,"['http://mattdanna.com', 'http://www.facebook.com/mattdanna', 'http://www.linkedin.com/in/mattdanna', 'http://www.quora.com/matt-danna', 'http://twitter.com/mattdanna', 'http://estunt.deviantart.com', 'http://deviantart.com', 'http://fullscreen.net', 'http://deviantart.com']",elunicoduke,mattdanna
19988,27190,0.9965870307167235,MATCH,AUTO_HIGH,0,candidate,full,twitter,enricvega,enric vega,"interesado en usabilidad, diseño y estándares web. diseñador y maquetador web, socio fundador de studiogenesis.es. apasionado de la f1 y baloncesto.",cambrils,studiogenesis.es,instagram,lyzanor,enrique,"apasionado de la tecnología, friki de la sociedad de la información. dedico mi tiempo libre al rol, la nba, la cerveza y el café.",,http://twitter.com/lyzanor,enricvega,lyzanor
20061,20129,0.9965870307167235,MATCH,AUTO_HIGH,0,candidate,full,googleplus,ericmyersbob,eric myers,"online marketing aficionado and lover of all things electronic, entertaining and random. william jewell college organizational communication labette community college social sciences, psychology emphasis parsons senior high school tata consultancy services google analytics technical implementation lead overnight prints manager - digital analytics levy online sem account manager vertical nerve senior account manager - search engine marketing reachlocal campaign consultant reachlocal internet marketing consultant burgeon communications owner / chief consultant william jewell college media content management intern reachlocal account manager keystone solutions digital analytics consultant",,"['http://www.linkedin.com/in/ericrmyers', 'http://twitter.com/ericbobmyers', 'http://www.flickr.com/photos/ericrmyers/', 'http://www.google.com/reader/shared/ericbobmyers', 'http://picasaweb.google.com/ericrobertmyers', 'http://www.flickr.com/people/ericrmyers/', 'http://www.facebook.com/ericbobmyers', 'http://www.findpeopleonplus.com/profiles/115257874832329284928', 'http://www.quora.com/eric-myers', 'http://www.last.fm/user/ericbobmyers/', 'http://www.facebook.com/DigitizeDallas', 'http://www.verticalnerve.com/blog/', 'http://blog.reachlocal.com/605582/2012/12/07/5-steps-to-getting-your-business-found-on-apple-maps.html', 'http://www.slideshare.net']",twitter,eric_wheeler,eric d wheeler,content engagement manager . ms: . bs: . cyclist. climber. runner. photographer. traveler. usually bearded.,"marlborough, ma",linkedin.com/in/ericdwheeler,ericbobmyers,ericwheeler
20121,20131,0.9965870307167235,MATCH,AUTO_HIGH,0,candidate,full,googleplus,ericttung,eric t tung,human. dad. husband. social media specialist the university of texas at austin marketing jersey village high school honors bmc software social media manager quantum mass media social media consultant spark energy social media specialist gdf suez energy resources na marketing communications associate information builders business development specialist newell rubbermaid key accounts representative apple specialist dell home sales and financing specialist applied materials intern insperity creative marketing writer,,"['http://www.facebook.com/EricTTung', 'http://twitter.com/EricTTung', 'http://www.linkedin.com/in/ericttung', 'http://www.youtube.com/EricTTung', 'http://www.flickr.com/people/EricTTung/', 'http://picasaweb.google.com/ericttung', 'http://www.quora.com/eric-t-tung', 'http://EricTTung.yelp.com', 'http://www.blogger.com/profile/08389297619349617004', 'http://ericttung.blogspot.com/', 'http://www.google.com/reader/shared/14237184547145257577', 'http://www.ericttung.com', 'http://www.QuantumMassMedia.com', 'http://www.youtube.com/EricTTung', 'http://www.youtube.com/user/EricTTung', 'http://EricTTung.com', 'http://EricTTung.com', 'http://bmc.com', 'http://www.radian6.com/blog/author/eric-tung/', 'http://www.socialmedialedger.com/author/etung/', 'http://synthesio.com/corporate/en/2013/marketing-2-0/eric-tungs-take-on-social-media-listening-roi-and-the-superbowlblackout/', 'http://EricTTung.com']",instagram,ericzimmett,eric zimmett,"social media consultant, president at braden social media mobile_phone laptop state college woolrich pennsylvania",,http://bradensocialmedia.com,EricTTung,ericzimmett
20139,32204,0.9965870307167235,MATCH,AUTO_HIGH,0,candidate,full,googleplus,erikatamaura,erika tamaura,"blogger. gestora cultural. autora wanna be. universitat de barcelona master en gestin cultural, especialidad en patrimonio. universitat de girona, catedra unesco de polticas culturales relaciones culturales internacionales el capuccino sala editorial de difusin cultural instituto tecnolgico de sonora coordinacin de extensin de la cultura esperanza arteche a.c. gestora cultural",,"['http://twitter.com/ErikaTamaura', 'http://erikatamaura.com/', 'http://www.flickr.com/people/erikatamaura/', 'http://erikatamaura.blogspot.com/', 'http://www.google.com/reader/shared/06644653604704274976', 'http://erikatamaura.tumblr.com/', 'http://flavors.me/erikatamaura', 'http://www.linkedin.com/in/Linkedin', 'https://www.facebook.com/erikatamauratorres/?fref=ts', 'https://www.instagram.com/erikatamaura/', 'https://vine.co/u/920352276256788480', 'https://www.youtube.com/user/erikatamaura', 'https://es.pinterest.com/erikatamaura/', 'http://proyectopuente.com.mx/2016/02/25/refraccion/', 'http://www.itson.mx', 'http://www.iscradio.gob.mx/programacion.html', 'https://elcapuccino.wordpress.com/']",twitter,erika_rocha,rika rocha,"aquariana, canhota, palmeirense e publicitária. mineira de poços de caldas, paulista de marília, se aventurando na vida paulistana.",são paulo,facebook.com/erika.rocha1,erikatamaura,rochaerika
20546,26589,0.9965870307167235,MATCH,AUTO_HIGH,0,candidate,full,twitter,femolinac,fernando molina,"música, fútbol y yerbas varias. pirata frenteamplista. dicen las malas lenguas que soy tesista de lic. en historia. cruzado. psn: schaffinocl","santiago, cl",about.me/femolina,googleplus,fernandosantamaragonzlez,fernando santamara gonzlez,las rutas personales en educacin como formas enactivas de desarrollo educativo. universidad de len candidato phd - tesis doctoral universidad de len diploma de estudios avanzados,,"['http://fernandosantamaria.com', 'http://lernys.tumblr.com/', 'http://fernandosantamaria.com/blog/', 'http://lernys.tumblr.com/', 'http://www.twitter.com/lernys']",femolina,lernys
20579,26590,0.9965870307167235,MATCH,AUTO_HIGH,0,candidate,full,twitter,fgallardo,fernando gallardo,crítico de hoteles en el país / hotel analyst for el país since 1987 - blog - creador de la marca hoteles con encanto,new york  madrid,about.me/FernandoGallar…,instagram,lernys,fernando santamara,formador online y consultor en temas de diseño en ecosistemas abiertos para el aprendizaje. vivo en bogotá (colombia). retratando cosas mágicas.,,http://fernandosantamaria.com,FernandoGallardo,lernys
20782,20790,0.9965870307167235,MATCH,AUTO_HIGH,0,candidate,full,instagram,dendigram,francesco dendi,trying to make a living.,,,googleplus,francescomeani,francesco meani,"we are all, by any practical definition of the words, foolproof and incapable of error universit cattolica del sacro cuore fullsix italy ceo fullsix italy general manager fullsix italy cto & coo fullsix italy cto fullsix italy chief architect orchestra it manager",,"['http://www.facebook.com/profile.php?id=596226063', 'http://picasaweb.google.com/francesco.meani', 'http://twitter.com/kfra', 'http://blogs.ugidotnet.org/kfra']",francescodendi,francescomeani
21105,21109,0.9965870307167235,MATCH,AUTO_HIGH,0,candidate,full,googleplus,garethjonesca,gareth jones,"international education: branding, marketing, recruitment hec montreal mba (marketing) viu international recruitment coordinator cambridge western academy director of studies douglas college manager, international marketing & recruitment",,"['http://www.behance.net/GarethJonesCA', 'https://twitter.com/GarethJonesCA', 'http://about.me/gareth.jones.ca', 'https://pinterest.com/garethjonesca/', 'http://ca.linkedin.com/in/garethjonesca', 'http://instagram.com/garethjonesca']",instagram,jonesnow1,gareth jones,"hill walker, dad of 2, rugby lover and bad badminton player.",,http://www.jonesnow.org,garethjonesca,garethjonesnow
21206,21823,0.9965870307167235,MATCH,AUTO_HIGH,0,candidate,full,twitter,gcardona,gustavo cardona,interés en vela y cocina.,"valencia, españa",,instagram,guzilook,gustavo gon val,"risueño y con sueños viajados en mi cabeza.pasiones: series,pelis,música,tecnología,internet,bobadas y buenas charlas.i <3 food",,http://about.me/guzilook,gcardona,guzilook
21366,21511,0.9965870307167235,MATCH,AUTO_HIGH,0,candidate,full,googleplus,giacomoardesi,giacomo ardesi,"design, photography spd - scuola politecnica di design free lance designer",,"['http://www.giacomoardesi.com', 'http://www.facebook.com/giacomoardesi', 'http://picasaweb.google.com/giacomoardesi', 'http://picasaweb.google.it/giacomoardesi', 'http://www.flickr.com/people/ardez/', 'http://500px.com/giacomoardesi', 'http://twitter.com/giacomoardesi', 'http://www.giacomoardesi.com', 'https://medium.com/@giacomoardesi']",instagram,jackz81,giacomo,"graphic, web design and more",,http://www.giacomolacquaniti.com,giacomoardesi,GLFREELANCEGRAPHIC
2755,16746,0.9965870307167235,MATCH,AUTO_HIGH,0,candidate,full,instagram,ymadea,carole rannou,"photomaniac camera , bookworm books , blogger newspaper , cat person cat_face . meow. globe_showing_Europe-Africa left_arrow_curving_right fb : globe_showing_Europe-Africa left_arrow_curving_right 500px :",,http://ymadea.com,googleplus,carlamoreno,carla moreno,tour guide. writer. adventurer savor seattle tours marketing assistant & culinary tour guide the huffington post contributing blogger carla-moreno.com tour guide. writer. adventurer. beneath the streets historical tour guide underground tour historical tour guide nature consortium arts education director,,"['http://www.twitter.com/carlitarocks', 'http://www.linkedin.com/in/morenocarla', 'http://www.carla-moreno.com', 'http://www.flickr.com/photos/carlamoreno/', 'http://facebook.com/carlamoreno', 'http://pinterest.com/carlitarocks', 'http://about.me/carlamoreno']",ymadea,carlamoreno
2899,13653,0.9965870307167235,MATCH,AUTO_HIGH,0,candidate,full,twitter,ajlouie,aaron louie,"cto of vohtr, inc. entrepreneur, ux design consultant, & web developer; ux ninja; co-founder of infocamp; founder of the seattle ux meetup","staunton, va",ux-ninja.com,googleplus,aaroneden,aaron eden,"coo and co-founder, moves the needle none gangplank tucson director garious.com founder webglimmer ceo intuit inc. product manager",,"['http://picasaweb.google.com/aaroneden77', 'http://about.me/aaroneden', 'http://www.linkedin.com/in/aaroneden', 'http://twitter.com/aaroneden', 'http://www.quora.com/aaron-eden', 'http://www.aaroneden.com']",ajlouie,aaroneden
2926,33065,0.9965870307167235,MATCH,AUTO_HIGH,0,candidate,full,googleplus,albertocarranza,alberto carranza,"te dara mi vida, pero la estoy usando instituto tecnolgico de reynosa ingeniera industrial",,"['http://profile.live.com/cid-062c0a0d5c163161', 'http://www.facebook.com/albertojeca', 'http://twitter.com/gallo4627', 'http://www.youtube.com/user/gallo4627', 'http://www.ingenierogeek.com', 'http://www.ingenierogeek.com/']",twitter,scribaid,alberto,publicidad & comunicación las emociones hacen sentir. y sólo los sentimientos llevan a la acción.,santiago de compostela,xanvilar.com,albertojeca,scribaid
21777,21794,0.9965870307167235,MATCH,AUTO_HIGH,0,candidate,full,googleplus,gustavomornchacn,gustavo morn chacn,aficionado a las videoconsolas y fotografa mixto de schaman bup alonso quesada cou ies el rincon administracion de sistemas informaticos ies el rincon desarrollo de aplicaciones informaticas ies severo ochoa desarrollo de aplicaciones informaticas,,"['http://www.google.com/reader/shared/06034721726952871056', 'http://picasaweb.google.com/gustavomch', 'http://www.facebook.com/GusKu', 'http://www.linkedin.com/profile/view?id=88261239&trk=tab_pro', 'http://www.flickr.com/people/55676763@N04/', 'http://twitter.com/gusku', 'http://profile.live.com/cid-66fefb7e5ba4e8dd', 'http://raptr.com/GusKu', 'http://www.quora.com/Gustavo-M-Ch', 'http://ctmsoftware.es']",twitter,gustavohsl,gustavo,estudante de analise e desenvolvimento de sistemas,dois vizinhos  pato branco,about.me/gustavo_lopes,gusku,gustavolopes
18491,36183,0.9965870307167235,MATCH,AUTO_HIGH,0,candidate,full,twitter,davidgoodman,david goodman,designer / illustrator / loafer in mid wales. in a hundred years that mistake you made won't matter nearly so much. and one day the sun will swallow the earth.,"llanfyllin, powys, wales, uk",goodmangraphics.co.uk,googleplus,davidradovanovic,david radovanovic,"web developer and graphic designer in new york school of visual arts whatsthebigidea.com, inc. web designer, development and graphic design bbd&o, belkin associates, garcia advertising",,"['http://picasaweb.google.com/NYWebDesigns', 'http://www.linkedin.com/in/newyorkwebdesign', 'http://www.myspace.com/newyorkwebdesigner', 'http://www.vimeo.com/whatsthebigidea', 'http://www.blogger.com/profile/13213596144846236847', 'http://brochure-designs.blogspot.com/', 'http://emailmarketingtipstricks.blogspot.com/', 'http://brochuredesigner.blogspot.com/', 'http://foursquare.com/user/-1850511', 'http://newyorkwebdesign.posterous.com/', 'http://www.facebook.com/nywebdesign', 'http://www.facebook.com/profile.php?id=166810410340', 'http://www.flickr.com/photos/newyorkwebdesign/', 'http://www.google.com/reader/shared/04469631247211838278', 'http://www.facebook.com/bigdesigns', 'http://twitter.com/nywebdesign', 'http://twitter.com/chefsconsortium', 'http://twitter.com/thebigdesign', 'http://whatsthebigidea-saugerties.yelp.com', 'http://www.whatsthebigidea.com', 'http://www.chefsconsortium.com', 'http://www.wordpress-designer.org/', 'http://whatsthebigidea.com', 'http://gmail.com', 'http://wordpress-designer.org/', 'http://www.new-york-web-design.org/', 'http://www.thinkinginink.com/', 'http://www.graphicideas.com/', 'http://e-burco.com', 'http://qipcorp.com', 'http://davidminch.com', 'http://www.newpaltzbooks.com', 'http://www.hvgf.org/', 'http://feeds.feedburner.com/newyorkwebdesign', 'http://profiles.yahoo.com/u/YALVNXNYD4DQNBK637XIBGDAQA', 'http://saugertiesbedandbreakfast.com/', 'http://www.chefsconsortium.com/', 'http://www.chefsconsortium.com/feed/rss/', 'http://www.robingoss.com/', 'http://www.whatsthebigidea.com/@nywebdesign', 'http://www.whatsthebigidea.com/feed/rss/']",davegoodman,whatsthebigidea
18498,18608,0.9965870307167235,MATCH,AUTO_HIGH,0,candidate,full,googleplus,davidlong,david long,what don't i do? cape peninsula university of technology electronic engineering port rex technical high school technical high the silicon cape initiative startup relations startup grind director sbubble founder joojooberry owner one digital media electronic design engineer mercedes-benz advanced maintenance comspec electronic technician,,"['http://twitter.com/davejlong', 'http://davejlong.com', 'https://cagedata.com']",twitter,king_hack,davide tommasin,,aquileia,NAGAYE.org,davejlong,davidetommasin
18558,18772,0.9965870307167235,MATCH,AUTO_HIGH,0,candidate,full,googleplus,davidbutler0,david butler,serial networker connecting the dots... events & conferences. promoting swiss startups. product development & brand manager / advisor tallyfox social technologies director of web development,,"['http://twitter.com/david_a_butler', 'http://www.quora.com/david-a-butler', 'https://www.facebook.com/David.Alexander.Butler', 'http://linkedin.com/in/davidalexanderbutler', 'http://socialaxle.com', 'http://startupgrind.com/zurich']",instagram,dberkowitz,david berkowitz,"principal: serial marketer. previous: chief marketing officer at mry, emerging media at 360i.",,http://www.serialmarketer.net,davidbutler,dberkowitz
18971,20791,0.9965870307167235,MATCH,AUTO_HIGH,0,candidate,full,twitter,developit,frances,tech addict  fan i write code i make jewellery,online - perth,about.me/developit,instagram,killerfra,francesco meani,"tech evangelist visionary, ceo social tech computing.",,http://about.me/francesco.meani,developit,francescomeani
19101,33965,0.9965870307167235,MATCH,AUTO_HIGH,0,candidate,full,googleplus,stephbaltes,steph baltes diesteph,"normal.social.woman yummiverse blogger, webmaster denkwerk gmbh senior social media manager perleberg gmbh head of the online department q-fish gmbh graphic artist probono tv social media redakteur",,"['http://bit.ly/t_sbaltes', 'http://bit.ly/x_sbaltes', 'http://bit.ly/li_sbaltes', 'http://bit.ly/fb_sbaltes', 'http://bit.ly/f_sbaltes', 'http://pinterest.com/DieSteph', 'https://flipboard.com/section/diy-fashion-bBuex4', 'http://twitter.com/diesteph', 'http://diesteph.de', 'http://diesteph.de', 'http://yummiverse.de']",twitter,stephanlendl,stephan lendl,"portal manager, gutgemacht.at digitalmarketing gmbh","steiermark, austria",stephanlendl.com,DieSteph,stephanlendl
19101,33970,0.9965870307167235,MATCH,AUTO_HIGH,0,candidate,full,googleplus,stephbaltes,steph baltes diesteph,"normal.social.woman yummiverse blogger, webmaster denkwerk gmbh senior social media manager perleberg gmbh head of the online department q-fish gmbh graphic artist probono tv social media redakteur",,"['http://bit.ly/t_sbaltes', 'http://bit.ly/x_sbaltes', 'http://bit.ly/li_sbaltes', 'http://bit.ly/fb_sbaltes', 'http://bit.ly/f_sbaltes', 'http://pinterest.com/DieSteph', 'https://flipboard.com/section/diy-fashion-bBuex4', 'http://twitter.com/diesteph', 'http://diesteph.de', 'http://diesteph.de', 'http://yummiverse.de']",instagram,stephanr78,stephan r,"leitung digitale kommunikation & social media kommunikation,networking,social media, menschen - hildesheim hannover",,http://www.stephanroebbeln.de,DieSteph,stephanroebbeln
19101,33971,0.9965870307167235,MATCH,AUTO_HIGH,0,candidate,full,googleplus,stephbaltes,steph baltes diesteph,"normal.social.woman yummiverse blogger, webmaster denkwerk gmbh senior social media manager perleberg gmbh head of the online department q-fish gmbh graphic artist probono tv social media redakteur",,"['http://bit.ly/t_sbaltes', 'http://bit.ly/x_sbaltes', 'http://bit.ly/li_sbaltes', 'http://bit.ly/fb_sbaltes', 'http://bit.ly/f_sbaltes', 'http://pinterest.com/DieSteph', 'https://flipboard.com/section/diy-fashion-bBuex4', 'http://twitter.com/diesteph', 'http://diesteph.de', 'http://diesteph.de', 'http://yummiverse.de']",twitter,stephanr78,stephan rbbeln,"papa, nerd, produkt manager & social media strategist , autor von social media für unternehmen:","hildesheim, germany",stephanroebbeln.de,DieSteph,stephanroebbeln
3099,30078,0.9965870307167235,MATCH,AUTO_HIGH,0,candidate,full,twitter,olsonah82,andrea olsonprotected tweets,"""be who god meant for you to be and you will set the world on fire."" seo . coffee, music, books, pop culture, art. tn to vt. greyhound owner.","burlington, vt",,googleplus,andrewolson,andrew olson,,,,andreaholson,noslo
3123,14868,0.9965870307167235,MATCH,AUTO_HIGH,0,candidate,full,twitter,t3chn0h1ppy,andrew gowland,"designer, musician, vj... all round digital artisan in fact","street, somerset",about.me/Andrew.Gowland,googleplus,andrewwhall,andrew hall,"photographer, digital artist, web designer ami studios inc. digital artist jc penney, usaf",,"['https://plus.google.com/+Amistudios/posts', 'https://amistudios.com', 'https://andrewhall.com']",AndrewGowland,andrewhall
3202,10268,0.9965870307167235,MATCH,AUTO_HIGH,0,candidate,full,googleplus,thomasrichardson23,thomas richardson,tr ohio university school of film indiana university sukhothai thammatirat university anti-consultant,,"['http://webserial.blogspot.com/', 'http://flickr.com/photos/webserial/', 'http://www.google.com/reader/shared/01306213196269085458', 'http://picasaweb.google.com/silicongorge', 'http://www.blogger.com/profile/13954729687748953975', 'http://www.anticonsultant.org/', 'http://www.webserial.com/', 'http://www.webserial.com/oaxacaexperiment/index.html', 'http://www.coroflot.com/anticonsultant']",instagram,flux423,thomas p scola jr,"proud dad of 2 girls, husband, ui/ux drupal developer - mostly images of tattoos, my family, cat and dog...",,http://www.423interactive.com,Anticonsultant,flux423
3517,16341,0.9965870307167235,MATCH,AUTO_HIGH,0,candidate,full,twitter,bmm2010,brett,,uk,,googleplus,brettginsberg,brett ginsberg,unobtrusive creativity creatography,,"['http://twitter.com/creatography', 'http://www.flickr.com/people/creatography/', 'http://www.linkedin.com/in/BrettGinsberg', 'http://www.facebook.com/Melbourne.Wedding.Photography', 'http://www.youtube.com/creatography', 'http://www.creatography.com.au', 'http://www.creatography.com.au/wedding-photography-blog/', 'http://creatography.com.au', 'http://about.me/brettginsberg']",brettmason,brettginsberg
3521,27165,0.9965870307167235,MATCH,AUTO_HIGH,0,candidate,full,twitter,bkschindler,brett schindler,associate creative director,"dayton, ohio",about.me/brettschindler,googleplus,brentshapiro,brent shapiro,luxedesignnyc creative director pratt institute luxe design nyc & dc graphic & web designer abc imaging online marketing manager,,"['http://friendfeed.com/luxedesignnyc', 'http://digg.com/users/luxedesignnyc/', 'http://luxedesignnyc.blogspot.com/', 'http://www.flickr.com/photos/luxedesignnyc/', 'http://luxedesignnyc.wordpress.com/', 'http://www.last.fm/user/luxedesignnyc/', 'http://www.orkut.com/Main#Profile.aspx?uid=4501520794285381395', 'http://foursquare.com/user/luxedesignnyc', 'http://www.linkedin.com/in/brentshapiro', 'http://pulse.yahoo.com/luxedesignnyc', 'http://www.myspace.com/luxedesignnyc', 'http://twitter.com/account/redirect_by_id?id=32767805', 'http://cid-c9bf86c1133bf263.profile.live.com', 'http://www.myspace.com/bumpdatshizzle', 'http://twitter.com/account/redirect_by_id?id=32767805', 'http://www.plaxo.com/profile/showPublic/null', 'http://twitter.com/account/redirect_by_id?id=32767805', 'http://www.linkedin.com/in/brentshapiro', 'http://www.plaxo.com/profile/showPublic/null', 'http://ws.audioscrobbler.com/2.0/user/luxedesignnyc/recenttracks.rss', 'http://luxedesignnyc.com/', 'http://www.luxedesigndc.com', 'http://luxedesignnyc.com/index.php?option=com_rd_rss&id=2/', 'http://www.linkedin.com/pub/13/1b9/8a', 'http://www.coroflot.com/luxedesignnyc', 'http://www.google.com/reader/shared/14957140039070265399', 'http://delicious.com/luxedesignnyc', 'http://picasaweb.google.com/luxedesignnyc', 'http://luxedesignnyc.stumbleupon.com', 'http://reddit.com/user/luxedesignnyc', 'http://s839.photobucket.com/albums/zz316/luxedesignnyc/?newest=1', 'http://www.backtype.com/luxedesignnyc', 'http://www.backtype.com/url/www.luxedesignnyc.com', 'http://www.blogger.com/profile/17920107219682287137', 'http://www.facebook.com/people/Brent-Shapiro/100000460414193', 'http://www.facebook.com/people/Brent-Shapiro/1051889453', 'http://www.google.com/reader/shared/luxedesignnyc', 'http://www.netvibes.com/luxedesignnyc', 'http://www.ziki.com/en/luxe-design-dc+140925', 'http://www.ziki.com/luxe-design-dc', 'http://www.livejournal.com/userinfo.bml?userid=24090414&t=I', 'http://www.plaxo.com/profile/show/163210932393?src=myProfile&pk=fb2fea16b52d8c89d255a86591c8a969fa85c873', 'http://www.bebo.com/Profile.jsp?MemberId=10167903071', 'http://www.facebook.com/pages/Luxe-Design-NYC-DC/163225945686?v=wall', 'http://www.twellow.com/user/luxedesignnyc', 'http://www.rentacoder.com/URLSEO/RentACoder/DotNet/SoftwareCoders/ShowBioInfo!aspx/x!Brooklyn/y!New%20York/lngAuthorId!7138183/4Oscar.htm', 'http://twittercounter.com/luxedesignnyc', 'http://rebja.com/luxedesignnyc/', 'http://luxedesignnyc.myopenid.com/', 'http://www.twables.com/profile/luxedesignnyc', 'http://www.colourlovers.com/lover/luxedesignnyc', 'http://www.linkedin.com/updates?view=all&trk=rss-mfeed', 'http://www.livejournal.com/24090414/', 'http://www.mixx.com/users/luxedesignnyc', 'http://ymprealty.com/', 'http://www.pandora.com/people/info@luxedesignnyc.com', 'http://www.facebook.com/profile.php?id=163225945686', 'http://www.facebook.com/profile.php?id=1051889453', 'http://www.facebook.com/profile.php?id=100000460414193', 'http://www.facebook.com/posted.php?id=100000460414193', 'http://www.facebook.com/', 'http://www.disqus.com/people/luxedesignnyc', 'http://bebo.com/luxedesignnyc', 'http://twitter.com/account/redirect_by_id?id=52347197', 'http://twitter.com/luxedesigndc', 'http://www.facebook.com/pages/edit/?id=163225945686']",brettschindler,luxedesignnyc
3662,9603,0.9965870307167235,MATCH,AUTO_HIGH,0,candidate,full,googleplus,carlosgiron,carlos girn,"las preguntas son un camino para el cuidado. creacin de contenidos y acompaamiento filosfico. universitat pompeu fabra doctorado en humanidades iebschool master en community management: empresa 2.0 y redes sociales universidad michoacana de san nicols de hidalgo licenciatura en filosofa universidad michoacana de san nicols de hidalgo maestra en filosofa de la cultura universitat pompeu fabra mster en estudios comparados de literatura, arte y pensamiento inesdi posgrado en seo y sem vacune content manager & strategist difoosion coordinador emagister responsable de contenidos para latinoamrica",,"['https://twitter.com/cgironlozano', 'http://www.facebook.com/carlosalberto.gironlozano', 'http://cgironlozano.com', 'http://about.me/carlosgiron', 'http://cgironlozano.tumblr.com/', 'http://cgironlozano.com', 'http://www.atlascultural.com', 'http://www.xombit.com', 'http://seoduccion.com', 'http://cgironlozano.com']",twitter,cjumbo,carlos jumbo g,"de pózul - celica (loja). ceo/founder de inforc ecuador, dedicado al mundo de la seguridad de la información. issa ecuador & owasp member. husband and father.","quito, pichincha, ecuador",inforc.ec,carlosgiron,cjumbo
3777,17286,0.9965870307167235,MATCH,AUTO_HIGH,0,candidate,full,twitter,teamyoucan,chris esponge,"retired veteran, husband, father, sci caregiver, avid disc golfer and social media fanatic.",south louisiana,about.me/chrisesponge,googleplus,chrisgower,chris gower,primarily writes and blogs about eating food made by others. social media/movie/pipe organ/tech nerd. editor of . exeter college tech,,"['http://www.chrisgower.co.uk', 'http://twitter.com/chrisgower', 'http://www.facebook.com/recipevintage', 'http://www.facebook.com/chrisfultongower', 'http://twitter.com/recipevintage', 'http://twitter.com/eatingexeter', 'http://recipemutiny.blogspot.com/', 'http://recipevintage.blogspot.com/']",chrisesponge,chrisfultongower
4190,7157,0.9965870307167235,MATCH,AUTO_HIGH,0,candidate,full,googleplus,patrickdeuley,patrick deuley,i make cool stuff you can click on. publicbeat web developer pixelworks web developer worldnet systems administrator,,,twitter,patty_bradley,patty bradley,"web developer, web programmer, web accessibility evangelist, standardista, social media enthusiast, crazy cat lady, trekkie, and spartan in in enemy territory","42.272629,-83.578832",about.me/patty_bradley,deuley,pattybradley
3785,35662,0.9965870307167235,MATCH,AUTO_HIGH,0,candidate,full,twitter,chrislopezjr,chris lopez jr,husband/father/mormon entrepreneur healthcare marketing/seo growth strategist,"orem, ut",PracticeRevenue.com,instagram,valuedmerchants,chris del grande,"husband, father, entrepreneur & co-founder of valuedmerchants provides credit card processing, biz loans, social media management, ecommerce and more",,http://www.valuedmerchants.com,chrislopezjr,valuedmerchants
3789,34395,0.9965870307167235,MATCH,AUTO_HIGH,0,candidate,full,twitter,chrispega,christian peregrina,digital media dude for the ohio state university,"columbus, oh",,googleplus,christophetaddei,christophe taddei,"digital producer, maker of good things... university for the creative arts havas worldwide executive digital production",,"['http://twitter.com/tadd31', 'http://www.last.fm/user/tadd31/', 'http://www.linkedin.com/in/tadd31', 'http://statigr.am/tadd31', 'http://tadd31.blogspot.co.uk/', 'http://tadd31.tumblr.com/']",chrispega,tadd31
3799,17029,0.9965870307167235,MATCH,AUTO_HIGH,0,candidate,full,twitter,photofection,chris,"amateur photographer, tech nerd, lazy blogger, marketing employed, social media enthusiast, gamer, optimist, internet addict and i drink too much coffee!",germany,photofection.com,instagram,cftxp,chris fornesa,"autistic, gay entrepreneurial artist. too much for most of you. :d",,http://chris.city,christianbarden,cftxp
3799,17286,0.9965870307167235,MATCH,AUTO_HIGH,0,candidate,full,twitter,photofection,chris,"amateur photographer, tech nerd, lazy blogger, marketing employed, social media enthusiast, gamer, optimist, internet addict and i drink too much coffee!",germany,photofection.com,googleplus,chrisgower,chris gower,primarily writes and blogs about eating food made by others. social media/movie/pipe organ/tech nerd. editor of . exeter college tech,,"['http://www.chrisgower.co.uk', 'http://twitter.com/chrisgower', 'http://www.facebook.com/recipevintage', 'http://www.facebook.com/chrisfultongower', 'http://twitter.com/recipevintage', 'http://twitter.com/eatingexeter', 'http://recipemutiny.blogspot.com/', 'http://recipevintage.blogspot.com/']",christianbarden,chrisfultongower
3799,26208,0.9965870307167235,MATCH,AUTO_HIGH,0,candidate,full,twitter,photofection,chris,"amateur photographer, tech nerd, lazy blogger, marketing employed, social media enthusiast, gamer, optimist, internet addict and i drink too much coffee!",germany,photofection.com,googleplus,chrispirillo,chris pirillo,"geek / nerd, infotainer, speaker, entrepreneur, tech addict, and an expert (in being myself). i've been online since 1992. / chris .com lockergnome geek techtv show host cnn live contributor",,"['http://twitter.com/ChrisPirillo', 'http://youtube.com/ChrisPirillo', 'http://facebook.com/chrispirillo', 'http://patreon.com/ChrisPirillo', 'http://flickr.com/lockergnome', 'http://www.linkedin.com/in/chrispirillo', 'http://youtube.com/GeekLifestyles', 'http://www.lockergnome.com/', 'http://chris.pirillo.com/', 'http://amzn.com/w/F2I2ETQ5R8D5']",christianbarden,l0ckergn0me
3802,9501,0.9965870307167235,MATCH,AUTO_HIGH,0,candidate,full,googleplus,christinehueber2,christine hueber,"do you have your copy of my free report yet? get ""top 10 linkedin profile success secrets"" now at christinehueber.com uc san diego communications/german literature georg-august universitaet, goettingen german literature universitaet salzburg, austria communications uc berkeley mba prerequisites college for financial planning foundations series 7 & 63 ca life & disability insurance license alliance francaise, paris french christinehueber.com...more clients made easy! ceo kpmg marketing citigroup banking & financial services marketing & sales charles schwab financial services marketing & sales envision properties principal",,"['http://www.linkedin.com/in/ChristineHueber', 'http://www.FaceBook.com/ChristineEHueber', 'http://twitter.com/cehueber', 'http://www.plaxo.com/profile/showPublic', 'http://youtube.com/user/ChristineHueber', 'http://www.quora.com/christine-e-hueber', 'http://twitter.com/CEHueber', 'http://christinehueber.yelp.com', 'http://pulse.yahoo.com/_JAMXUWUJ6BARFQW5HCUAFF3BZQ', 'http://www.youtube.com/user/ChristineHueber', 'http://christinehueber.com/blog', 'http://www.christinehueber.com/']",twitter,christopherlane,christopher lane,find me at,,,christinehueber,cdl
3802,17239,0.9965870307167235,MATCH,AUTO_HIGH,0,candidate,full,googleplus,christinehueber2,christine hueber,"do you have your copy of my free report yet? get ""top 10 linkedin profile success secrets"" now at christinehueber.com uc san diego communications/german literature georg-august universitaet, goettingen german literature universitaet salzburg, austria communications uc berkeley mba prerequisites college for financial planning foundations series 7 & 63 ca life & disability insurance license alliance francaise, paris french christinehueber.com...more clients made easy! ceo kpmg marketing citigroup banking & financial services marketing & sales charles schwab financial services marketing & sales envision properties principal",,"['http://www.linkedin.com/in/ChristineHueber', 'http://www.FaceBook.com/ChristineEHueber', 'http://twitter.com/cehueber', 'http://www.plaxo.com/profile/showPublic', 'http://youtube.com/user/ChristineHueber', 'http://www.quora.com/christine-e-hueber', 'http://twitter.com/CEHueber', 'http://christinehueber.yelp.com', 'http://pulse.yahoo.com/_JAMXUWUJ6BARFQW5HCUAFF3BZQ', 'http://www.youtube.com/user/ChristineHueber', 'http://christinehueber.com/blog', 'http://www.christinehueber.com/']",instagram,chpf,christian,,,,christinehueber,chpf
3802,17383,0.9965870307167235,MATCH,AUTO_HIGH,0,candidate,full,googleplus,christinehueber2,christine hueber,"do you have your copy of my free report yet? get ""top 10 linkedin profile success secrets"" now at christinehueber.com uc san diego communications/german literature georg-august universitaet, goettingen german literature universitaet salzburg, austria communications uc berkeley mba prerequisites college for financial planning foundations series 7 & 63 ca life & disability insurance license alliance francaise, paris french christinehueber.com...more clients made easy! ceo kpmg marketing citigroup banking & financial services marketing & sales charles schwab financial services marketing & sales envision properties principal",,"['http://www.linkedin.com/in/ChristineHueber', 'http://www.FaceBook.com/ChristineEHueber', 'http://twitter.com/cehueber', 'http://www.plaxo.com/profile/showPublic', 'http://youtube.com/user/ChristineHueber', 'http://www.quora.com/christine-e-hueber', 'http://twitter.com/CEHueber', 'http://christinehueber.yelp.com', 'http://pulse.yahoo.com/_JAMXUWUJ6BARFQW5HCUAFF3BZQ', 'http://www.youtube.com/user/ChristineHueber', 'http://christinehueber.com/blog', 'http://www.christinehueber.com/']",instagram,kris33390,christian loverde,,,http://www.loverde.fr,christinehueber,ChristianLoverde
43,14220,0.9965870307167235,MATCH,AUTO_HIGH,0,candidate,full,twitter,alevica,alejandra villa c,"profe de historia, con un alto grado de dependencia audiovisual.","concepción, chile",,googleplus,alejandrorivasvalderramos,alejandro rivas valderramos,hijo de dios. comunicador. profeta. un ser humano. universidad galileo administracion de empresas nueva generacion para dios,,"['http://pastoralejandrorivas.wordpress.com', 'http://centrodeconsejeriaintegral.strikingly.com', 'http://universidaddelAmor.wordpress.com', 'https://www.facebook.com/nuevageneracionparadios', 'https://www.facebook.com/pages/Nueva-Generaci%C3%B3n-para-Dios/174845829234933', 'http://about.me/alejandrorivas', 'http://twitter.com/PastorAlexRivas', 'http://www.nuevageneracionparaDios.wordpress.com', 'http://centrodeconsejeriaintegral.strikingly.com', 'http://universidaddelAmor.wordpress.com', 'http://pastoralejandrorivas.wordpress.com', 'http://www.nuevageneracionparadios.wordpress.com']",alevica,alejandrorivas
3982,9734,0.9965870307167235,MATCH,AUTO_HIGH,0,candidate,full,googleplus,danielmoravec,daniel moravec,"poker player & founder of best odds corp in las vegas, nevada. nirma university of science & technology computer engineering parag russmedia tech sr. android developer hiddenbrain android developer",,"['http://www.facebook.com/danielmoravec', 'http://twitter.com/dmoravec', 'http://www.linkedin.com/pub/4/b18/47b/', 'http://www.linkedin.com/in/adioking', 'http://www.flickr.com/people/danielmoravec/', 'http://www.danielmoravec.com', 'http://www.macpokeronline.com/', 'http://www.highstakesreport.com/', 'http://www.macpoker.com/', 'http://www.pokeronamac.com', 'http://www.hustlecards.com', 'http://www.highstakes-poker.com', 'http://www.bestoddscorp.com', 'http://www.imaconlinepoker.com', 'http://www.facebook.com/macpoker', 'http://www.twitter.com/macpoker', 'http://www.holdemhumor.om', 'http://www.onlinebadugi.com/', 'http://vimeo.com', 'http://www.danielmoravec.com']",instagram,sas,daniel sas,"graphic designer, illustrator, av editor and animator. brasil",,http://twitter.com/sas_,danielmoravec,danielsas
18251,18277,0.9965870307167235,MATCH,AUTO_HIGH,0,candidate,full,twitter,ohiodanielle,danielle hunter,"a crafty, yoga-loving mom known to smile and giggle at inappropriate times.","toledo, ohio",omdanielle.com,instagram,danielmcclure,daniel mcclure,"digital entrepreneur, marketing obsessive & wordpress rascal at your service. travel, ocean, coffee, music & good times also make me smile!",,https://twitter.com/danielmcclure,daniellehunter,danielmcclure
18346,21530,0.9965870307167235,MATCH,AUTO_HIGH,0,candidate,full,instagram,dannyboice,danny,father of 5. beauvoir dad. .mellon admirer. trustify founder & ceo.,,http://www.trustify.co,twitter,gnowynnad,danny wong,"4 x ccie (r&s, collab, sp, data center) 22079, 6 iphone apps (never update), father of 2 kids, tweets are my own",hong kong,pandaeatsbamboo.blogspot.com,dannyboice,gnowynnad
18483,19724,0.9965870307167235,MATCH,AUTO_HIGH,0,candidate,full,googleplus,davidfernandez86,david fernandez,esade executive master en digital business enginyeria i arquitectura lasalle - universitat ramon llull enginyeria tcnica en informtica de sistemes esade lead it project manager esade it helpdesk specialist esade it helpdesk internship for the user care center collegi lle xiii teacher of the support school,,"['http://www.facebook.com/davebcn', 'http://twitter.com/dave_bcn', 'http://www.quora.com/dave.david86@gmail.com', 'http://www.last.fm/user/dave86bcn/', 'https://www.linkedin.com/in/davidfernandeziserrano', 'http://www.youtube.com/user/dave86bcn', 'http://profile.live.com/cid-742e59ba173a2e92', 'http://trendingandsocial.wordpress.com/', 'http://www.esade.edu', 'http://www.slideshare.net', 'http://www.davidfernandez.me']",twitter,ekiafoto,david fernandez,"autoempleado en ... autómono y emprendedor, que es lo más en este país ... modoironicoon","vitoria, basque country",about.me/ekiafoto,davefernandez,ekiafoto
18489,36184,0.9965870307167235,MATCH,AUTO_HIGH,0,candidate,full,googleplus,davidgoodman,david goodman,illustrator and graphic designer in mid wales. llanfyllin high school goodman graphics owner hunter bevan ltd senior designer,,"['http://twitter.com/davidgoodman', 'http://www.flickr.com/people/dave-goodman/', 'http://www.youtube.com/user/DavidBGoodman', 'http://www.goodmangraphics.co.uk/', 'http://www.goodmangraphics.co.uk/personal/blog', 'http://www.goodmangraphics.co.uk/me.html', 'http://www.goodmangraphics.co.uk/blog']",instagram,nywebdesign,david radovanovic,web developer and graphic designer scoping out memorable visuals for creative inspiration.,,http://www.whatsthebigidea.com,davegoodman,whatsthebigidea
18489,36185,0.9965870307167235,MATCH,AUTO_HIGH,0,candidate,full,googleplus,davidgoodman,david goodman,illustrator and graphic designer in mid wales. llanfyllin high school goodman graphics owner hunter bevan ltd senior designer,,"['http://twitter.com/davidgoodman', 'http://www.flickr.com/people/dave-goodman/', 'http://www.youtube.com/user/DavidBGoodman', 'http://www.goodmangraphics.co.uk/', 'http://www.goodmangraphics.co.uk/personal/blog', 'http://www.goodmangraphics.co.uk/me.html', 'http://www.goodmangraphics.co.uk/blog']",twitter,nywebdesign,david radovanovic,new york web design and graphic designer. creative director at offering creative ideas and personalized service.,hudson river valley,whatsthebigidea.com,davegoodman,whatsthebigidea
4344,18668,0.9965870307167235,MATCH,AUTO_HIGH,0,candidate,full,googleplus,davidlopezkun,david lpez,"vine a cambiar el mundo, pero no traigo el ticket. upaep diseo grfico upaep maestra en direccin y produccin publicitaria uvm puebla docente alberi director de diseo",,"['http://facebook.com/dvkun', 'http://www.flickr.com/people/dvkun/', 'http://www.linkedin.com/in/dvkun', 'http://twitter.com/dvkun', 'http://pulse.yahoo.com/dvkun', 'http://vizualize.me/5ZTenbEj4R']",twitter,dei_biz,david pardo,gestor de deuda tecnológica. tercer peor programador en pero con el mejor bigote. la versión más normal de rarito,"a coruña, spain",erase.corunet.com,dvkun,davidpardo
4348,9642,0.9965870307167235,MATCH,AUTO_HIGH,0,candidate,full,googleplus,dave,dave,,,,instagram,combatdavey,dave jaffer,i write things and make other things.,,https://itun.es/us/mL-6db.c,dwsilverstone,combatdavey
32642,32644,0.9965870307167235,MATCH,AUTO_HIGH,0,candidate,full,twitter,sal286,salah ahmed,‏‏social media care support specialist شير_في_الخير‏‏‏‏ ‎‎‎‎‎‎‎‎‎‎‎‎‎‎‎‎‎‎‎‎‎‎‎‎‎‎‎‎‎‎‎‎‎‎‎‎‎‎‎‎‎‎‎‎‎‏‏‏‏‏‏‏‏‏‏‏‏‏‏‏‏‏,united kingdom,,instagram,androidbasha,salah g hamed,مدون تقني mobile_phone tech youtuber ارحب بأسئلتكم على تويتر,,http://mylatest.video/AndroidBashaOfficial,salah286,SalahG
17720,23631,0.9965870307167235,MATCH,AUTO_HIGH,0,candidate,full,twitter,coastermedia,jeff,new media designer + adrenaline! portfolio:,"orlando, fl",about.me/coastermedia,googleplus,jeffsandhu,jeff sandhu,semi-self-proclaimed-g33k-guru bfm 89.9 the business station producer huevisualab producer vhq post online editor one degree north offline editor / designer twisted media designer,,,coastermedia,jeffsandhu
17833,24882,0.9965870307167235,MATCH,AUTO_HIGH,0,candidate,full,instagram,cotoadvance,jos romero,"software developer, beer fan, football lover",,http://facebook.com/cotoadvance,googleplus,joshrufer,josh rufer,a passionate software developer with a strong background in design. i'm always looking for new challenges. university of alabama in huntsville liberal arts,,"['http://twitter.com/GuyWritesCode', 'http://youtube.com/user/GuyWritesCode', 'http://www.linkedin.com/in/joshrufer', 'http://guywritescode.com', 'http://bit.ly/14lQxGM']",cotoadvance,JRufer
17904,17921,0.9965870307167235,MATCH,AUTO_HIGH,0,candidate,full,googleplus,craignewton,craig newton,,,['http://www.newtondev.com/'],twitter,crane,kengo tsuruzono,まったり系コンピュータエンジニア。o型左利き。所属クラスタ : コンピュータ、星(皆既日食/天文アプリコレクタ)、ポートレート→( / )。,,sitearo.com,craignewton,cranesitearo
18136,18197,0.9965870307167235,MATCH,AUTO_HIGH,0,candidate,full,instagram,thegreatdanaj,dana jones,i work in digital marketing and social media as a web analyst & blogger in atl. twitter ghost : thegreatdanaj,,http://www.thegreatdanaj.com,twitter,diyadventurer,danica jones,marketing professional stationed in tulsa. socal expat. sphynx hoarder.,"tulsa, oklahoma",about.me/danicaj,danajones,danicaj
18137,18195,0.9965870307167235,MATCH,AUTO_HIGH,0,candidate,full,twitter,thegreatdanaj,dana jones,"digital marketing, social media strategist & blogger. creator of the unshrew show podcast. contact: dana .com","atlanta, ga",thegreatdanaj.com,googleplus,danicajones,danica jones,a tightly packed sardine can of awesome. otis college of art and design bfa consumeraffairs marketing manager oaktree software social media and seo specialist quantus creative internet marketing social media director,,"['http://pulse.yahoo.com/_FFFJYITL5UJQHFEHPH4NBJEP3M', 'http://www.facebook.com/thedanica', 'http://www.linkedin.com/pub/danica-jones/3a/61b/209', 'http://www.yelp.com/user_details?userid=GCRqo4koEVmGRU28Z0Oocw', 'http://pinterest.com/thedanica/', 'http://www.twitter.com/diyadventurer', 'http://www.flickr.com/people/danicajones/', 'https://medium.com/@danicajones', 'http://www.diyadventurer.com', 'http://www.ezinearticles.com', 'http://theoatmeal.com/']",danajones,danicaj
18199,35325,0.9965870307167235,MATCH,AUTO_HIGH,0,candidate,full,instagram,danielrmitchell,daniel m,"i'm a zombie hunting, nurgle painting, pokemon catching, seahawks supporting, dog walking, tweet writing, tech using, 30+ balding, bearded, child!",,https://inthepaintroom.blogspot.co.uk,googleplus,danielmitchell,daniel mitchell,,,"['http://twitter.com/thedanfactor', 'http://travelleroftaste.blogspot.com/']",daniel80mitchell,travelleroftaste
18200,35325,0.9965870307167235,MATCH,AUTO_HIGH,0,candidate,full,twitter,danielrmitchell,daniel mitchell,"manager of zombie, audiobook & fan & warhammer painting enthusiast!","bodmin, england",blog.daniel80mitchell.co.uk,googleplus,danielmitchell,daniel mitchell,,,"['http://twitter.com/thedanfactor', 'http://travelleroftaste.blogspot.com/']",daniel80mitchell,travelleroftaste
3998,4629,0.9965870307167235,MATCH,AUTO_HIGH,0,candidate,full,googleplus,danielortegaphx,daniel ortega,,,"['http://picasaweb.google.com/danieljortega', 'http://www.youtube.com/user/Beautifulcrash']",twitter,fokewulf,daniele,...a volte i pensieri sono veloci.. a volte stupidi. ma sono e rimangono sempre miei !!,"milano, italy",fokewulf.it,dannyortega,fokewulf
4020,9787,0.9965870307167235,MATCH,AUTO_HIGH,0,candidate,full,googleplus,davegray,dave gray,"founder and ceo, liminl art center college of design illustration independent consultant xplane owner the dachis group svp strategy",,"['http://marksandmeaning.com', 'http://communicationnation.blogspot.com', 'http://twitter.com/davegray', 'http://www.flickr.com/photos/davegray/', 'http://www.google.com/reader/shared/dave.gray', 'http://www.quora.com/dave-gray-2', 'http://www.facebook.com/graydave', 'http://www.linkedin.com/profile/view?id=124804&locale=en_US&trk=tab_pro', 'http://communicationnation.blogspot.com/', 'http://davegrayinfo.com', 'http://dachisgroup.com', 'http://xplane.com', 'http://gogamestorm.com', 'http://connectedco.com', 'http://vizthink.com', 'http://squidoo.com/communicationnation', 'http://squidoo.com/davegray']",twitter,daverizzio,rizz,"multimedia producer, working at moore college of art & design, philadelphia.","philadelphia, usa",rizzio.net,davegray,daverizzio
4052,18719,0.9965870307167235,MATCH,AUTO_HIGH,0,candidate,full,googleplus,davidb,david b,,,"['https://twitter.com/eltallerdelbit', 'http://www.facebook.com/eltaller.delbit?ref=tn_tnmn', 'http://es.linkedin.com/in/daviddelbarrioprat/']",twitter,web_david,david eduardo,"publicista amante de los temas digitales, geek, comics fan, mejenguero, dog lover... vivir es tuanis",san jose costa rica,about.me/david_web,daviddelbarrio,davidweb
4055,9828,0.9965870307167235,MATCH,AUTO_HIGH,0,candidate,full,twitter,hereticspirit,david deyo,"student and teacher of spirituality/metaphysics. creator. piscean. poet. artist. emergent christian mystic, gay. democratic socialist resist","seattle, washington",chronalhouse.com,instagram,wordonwomack,david womack,"expressing all that i enjoy. entrepreneur, creative director, designer, videographer, animator, grill master, wood worker",,http://www.WordOnWomack.com,daviddeyo,davidwomack
4057,18795,0.9965870307167235,MATCH,AUTO_HIGH,0,candidate,full,twitter,cachecrkcapital,david doerr,father of 2 husband to an amazingly wonderful wife lds diabetic s.a.d sufferer byu alum cougar fan tech and mobile geek,"spanish fork, ut",about.me/david.doerr,googleplus,davidderr,david derr,"david derr contemporay art and graphic design, david is as comfortable designing for the web and print as he is in working on fine art pieces in oil, acrylic, mixed media, digital media, and assemblages art student league of ny glassboro/rowan college butler high school d2 studios inc. artist/graphic designer curtiss wright telepages inc. creative marketing myers marketing d2 studios",,"['http://dervishland.blogspot.com/', 'http://www.facebook.com/profile.php?id=588850605&ref=profile', 'http://www.flickr.com/photos/davidderr/', 'https://twitter.com/#!/DavidDerr', 'http://www.davidderr.com', 'http://www.linkedin.com/profile/view?id=2906030&authType=name&authToken=CvKE&locale=en_US&pvs=pp&trk=ppro_viewmore', 'http://www.d2studios.com', 'http://www.linkedin.com/profile/view?id=2906030&authType=name&authToken=CvKE&locale=en_US&pvs=pp&trk=ppro_viewmore', 'http://www.flickr.com/photos/davidderr', 'https://www.facebook.com/david.derr2', 'http://www.tumblr.com/blog/d2studios', 'http://www.onthebus.biz', 'http://www.davidderr.com/david-derr-art-blog.html', 'http://www.d2studios.com/d2-blog.html', 'http://www.d2studios.com/']",daviddoerr,dderr
4073,33415,0.9965870307167235,MATCH,AUTO_HIGH,0,candidate,full,twitter,david_marine,david marine,husband. father. media guy. web socializer. mets lifer. svp of marketing for coldwell banker. these tweets are mine.,"rockaway, nj",about.me/davidmarine,instagram,theshepdaddy,david shephard,"on a journey of constant change. son, husband, father, friend, motorcyclist, kayaking entrepreneur.",,http://www.shepdaddy.com,davidmarine,shepdaddy
17147,33213,0.9965870307167235,MATCH,AUTO_HIGH,0,candidate,full,twitter,checoche,sergio,algún día encontraré la forma de viajar en el tiempo. editor en jefe web,,checoche.blog,googleplus,sergiorodrguez,sergio rodrguez,ms y mejor centro universitario de la cinega universidad de guadalajara periodismo el informador jefe de internet informador.com.mx community manager el informador editor web revista eclctica coordinador sjrtv redactor de noticias radio udeg ocotln productor,,"['http://mitadperiodista.wordpress.com', 'http://www.flickr.com/people/shekillo/', 'http://www.quora.com/sergio-rodr%c3%adguez', 'http://www.linkedin.com/in/SergioRdgz', 'http://www.twitter.com/rdgz_sergio', 'https://www.facebook.com/rdgzsergio', 'http://www.informador.com.mx', 'http://www.revistaeclectica.com', 'http://www.mitadperiodista.wordpress.com', 'http://informador.com.mx', 'http://about.me/sergio.rdgz']",checoche,sergiordgz
17269,17450,0.9965870307167235,MATCH,AUTO_HIGH,0,candidate,full,instagram,chriscree,chris cree,wordpress developer. bible teacher. navigator. new media guy. translator.,,https://NewCREEations.org,twitter,spoedman,christophe laurent,"emergency physician, social media explorer, futurist, imagineer, systems engineer, musician, uncle, ...","antwerp, belgium.",christophelaurent.com,chriscree,christophelaurent
17276,17395,0.9965870307167235,MATCH,AUTO_HIGH,0,candidate,full,twitter,chrisldiaz,chris l diaz,"alum, sports, photography, tech, answer finder, backpack connoisseur. digital marketing manager.",a,chrisldiaz.com,instagram,christiandperez,christian d prez,frustrated writer social media & digital marketing manager brand ambassador & professional certified views very obviously mine.,,http://www.linkedin.com/in/christiandavidperezcartategui,chrisdiaz,christianperez
17276,34416,0.9965870307167235,MATCH,AUTO_HIGH,0,candidate,full,twitter,chrisldiaz,chris l diaz,"alum, sports, photography, tech, answer finder, backpack connoisseur. digital marketing manager.",a,chrisldiaz.com,googleplus,christalintyre,chris talintyre,"a heady mix of media, action sports & digital marketing... factory media head of marketing",,['https://vimeo.com/user8110631'],chrisdiaz,talintyre
17292,17507,0.9965870307167235,MATCH,AUTO_HIGH,0,candidate,full,googleplus,chrisgiddens,chris giddens,"dad, hubby, cinephile, writer, youtuber, nerd, rebel, primate, being. georgia institute of technology computer science change before going productions co-founder, filmmaker, writer",,"['http://twitter.com/chrisgiddens', 'http://www.facebook.com/chrisgiddens78', 'http://pinterest.com/chrisgiddens78/', 'http://thegiddyblog.tumblr.com/', 'http://thegiddyblog.wordpress.com', 'http://thegiddyblog.blogspot.com', 'http://www.indiegogo.com/chrisgiddens', 'http://www.kickstarter.com/profile/chrisgiddens', 'http://www.reddit.com/user/CzaBzaGza/', 'http://www.stumbleupon.com/stumbler/chrisgiddens', 'http://www.kiva.org/lender/chrisgiddens', 'http://www.formspring.me/chrisgiddens', 'http://www.quora.com/Chris-Giddens', 'http://www.howcast.com/users/chrisgiddens', 'http://www.imdb.com/name/nm1751641/', 'http://klout.com/chrisgiddens', 'http://www.youtube.com/changebeforegoing', 'http://www.cbgp.com/', 'http://www.youtube.com/changebeforegoing', 'https://plus.google.com/103971518156648122817', 'http://twitter.com/#!/CBGProductions', 'http://www.facebook.com/ChangeBeforeGoingProductions', 'http://pinterest.com/cbgproductions/', 'http://www.indiegogo.com/cbgp', 'http://www.kickstarter.com/profile/cbgp', 'http://www.theyoungturks.com/']",twitter,exposur3,chrys,"it nerd day job, freelance photographer, web/beer geek, co-founder , photo/web wrangler for","charleston, sc",,chrisgiddens,chrys
17381,17422,0.9965870307167235,MATCH,AUTO_HIGH,0,candidate,full,twitter,gizmomogwai,christian kstlin,,munich,,instagram,rvaya,christina smith,freelance illustrator living in the midwest. lived in france 8 yrs and now moved back to the us.,,http://www.patreon.com/5sizes2small,christiankoestlin,ChristinaGSmith
17381,17691,0.9965870307167235,MATCH,AUTO_HIGH,0,candidate,full,twitter,gizmomogwai,christian kstlin,,munich,,googleplus,christienlouviere,christien louviere,,,"['http://picasaweb.google.com/christien.louviere', 'http://www.salesloom.com', 'https://medium.com/@CLouvi', 'http://www.christienlouviere.com', 'http://flavors.me/clouvi']",christiankoestlin,clouvi
17383,17465,0.9965870307167235,MATCH,AUTO_HIGH,0,candidate,full,instagram,kris33390,christian loverde,,,http://www.loverde.fr,twitter,topherhyde,christopher hyde,,"atlanta, ga",hydecorp.com,ChristianLoverde,christopherhyde
17480,34395,0.9965870307167235,MATCH,AUTO_HIGH,0,candidate,full,twitter,chrisspiewak,christopher spiewak,"ceo of spiewak consulting - inspired by life, architecture, design, community and all the creative possibility in the world!",boulder colorado,christopherspiewak.com,googleplus,christophetaddei,christophe taddei,"digital producer, maker of good things... university for the creative arts havas worldwide executive digital production",,"['http://twitter.com/tadd31', 'http://www.last.fm/user/tadd31/', 'http://www.linkedin.com/in/tadd31', 'http://statigr.am/tadd31', 'http://tadd31.blogspot.co.uk/', 'http://tadd31.tumblr.com/']",christopherspiewak,tadd31
17572,17862,0.9965870307167235,MATCH,AUTO_HIGH,0,candidate,full,instagram,cjankow,chris,"father, husband, brother, american, scouter leader, geek, computer infrastructure architect/engineer, help desk for family & friends",,http://about.me/cjankow,googleplus,chrispepin,chris pepin,"husband, father of three, ct resident, new england sports fan, ibm executive stonehill college b.s. computer science university of connecticut m.s. computer science coyle and cassidy high school ibm executive it architect",,"['http://picasaweb.google.com/chrispepin', 'http://www.chrispepin.com/', 'http://www.chrispepin.com']",cjankow,cpepin
17572,26208,0.9965870307167235,MATCH,AUTO_HIGH,0,candidate,full,instagram,cjankow,chris,"father, husband, brother, american, scouter leader, geek, computer infrastructure architect/engineer, help desk for family & friends",,http://about.me/cjankow,googleplus,chrispirillo,chris pirillo,"geek / nerd, infotainer, speaker, entrepreneur, tech addict, and an expert (in being myself). i've been online since 1992. / chris .com lockergnome geek techtv show host cnn live contributor",,"['http://twitter.com/ChrisPirillo', 'http://youtube.com/ChrisPirillo', 'http://facebook.com/chrispirillo', 'http://patreon.com/ChrisPirillo', 'http://flickr.com/lockergnome', 'http://www.linkedin.com/in/chrispirillo', 'http://youtube.com/GeekLifestyles', 'http://www.lockergnome.com/', 'http://chris.pirillo.com/', 'http://amzn.com/w/F2I2ETQ5R8D5']",cjankow,l0ckergn0me
4226,9915,0.9965870307167235,MATCH,AUTO_HIGH,0,candidate,full,googleplus,diegodeguindosverde,diego de guindos verde,"a m no me eches la culpa, es cosa de los procesos de la mente esic - icemd marketing digital universidad francisco de vitoria publicidad y rrpp universidad francisco de vitoria mster en creatividad publicitaria y comercio electrnico experian marketing representative afiliapub affiliate manager",,"['https://twitter.com/guindos', 'http://www.facebook.com/diego.deguindosverde', 'http://www.linkedin.com/profile/view?id=93258643&trk=tab_pro', 'http://diegoguindos.tumblr.com/']",twitter,diegorubinstein,diego rubinstein,"ceo & founder. dir. de arte. bajista. 3ra. generacion de hinchas de racing. la fuerza está conmigo. geek, ex-nerd. campeon.",ciudad autónoma de buenos aire,,diegoguindos,diegorubinstein
4303,18210,0.9965870307167235,MATCH,AUTO_HIGH,0,candidate,full,twitter,dordaz,daniel ordaz c,"comprometido con causas ciudadanas, director de mercer en monterrey, expiloto, esposo, padre de 4 e hijo de dios.","monterrey, mexico",about.me/dordaz,googleplus,danielcceresplus,daniel cceres,periodista / journalist universidad de los andes - tchira licenciado en comunicacin social universidad central de venezuela locucin comercial agencia de noticias de venezuela noticiasvenezolanas.com owner escribiendo.net factora de ideas owner,,,dordaz,danielcaceres
4303,18270,0.9965870307167235,MATCH,AUTO_HIGH,0,candidate,full,twitter,dordaz,daniel ordaz c,"comprometido con causas ciudadanas, director de mercer en monterrey, expiloto, esposo, padre de 4 e hijo de dios.","monterrey, mexico",about.me/dordaz,googleplus,danielloyola,daniel loyola,"passionate about social media, managing partner of viral marketing and blogger: tecnolgico de monterrey campus santa fe eton school colegio de la ciudad de mxico tecnolgico de monterrey campus ciudad de mxico viral marketing marketer, social media manager imbora marketing assistant vitroespacio e- trisenio the jeffrey group",,,dordaz,danielloyola
32453,33031,0.9965870307167235,MATCH,AUTO_HIGH,0,candidate,full,twitter,rscpics,scott,photoblog in japan. pics and images of japan and japanese culture.,japan,about.me/rscpics,instagram,twister65,scott,home brewer. part-time photographer. cyclist. mouse_face kevin's roommate. still waiting for my 15 minutes of fame. Canada — same name on beer_mug untappd and twitter.,,,rscpics,scottpaterson
4344,11795,0.9965870307167235,MATCH,AUTO_HIGH,0,candidate,full,googleplus,davidlopezkun,david lpez,"vine a cambiar el mundo, pero no traigo el ticket. upaep diseo grfico upaep maestra en direccin y produccin publicitaria uvm puebla docente alberi director de diseo",,"['http://facebook.com/dvkun', 'http://www.flickr.com/people/dvkun/', 'http://www.linkedin.com/in/dvkun', 'http://twitter.com/dvkun', 'http://pulse.yahoo.com/dvkun', 'http://vizualize.me/5ZTenbEj4R']",twitter,merolrockstar,david lpez,gamer-ñoño / ingeniero en sistemas / working at / tacos lover / playstation fanboy /,méxico,about.me/merolrockstar,dvkun,merolrockstar
5322,12388,0.9965870307167235,MATCH,AUTO_HIGH,0,candidate,full,googleplus,javiervargas_pe,javier vargas,un profesional en constante evolucin... socialbrand. comunicacin estratgica director de comunicacin online instituto san ignacio de loyola - isil docente,,,instagram,publikaccion,javier,"gallego de pasos perdidos en madrid, sireno varado lejos del mar, apretando donde duele, sino pa'qué...",,http://about.me/publikaccion/,javiervargas,publikaccion
16382,24724,0.9965870307167235,MATCH,AUTO_HIGH,0,candidate,full,twitter,brian_hawkins,brian hawkins,filmmaker and photographer. former aerospace engineer and general problem-solver. working to bring people back to the middle. servant of jesus christ.,los angeles,brianhawkins.com,instagram,joshaidan,brian,"follower of jesus, writer, computer programmer",,http://brianjones.ca,brianhawkins,joshaidan
16392,16436,0.9965870307167235,MATCH,AUTO_HIGH,0,candidate,full,googleplus,briankbrown,brian k brown,photographer & video production photographer bkb photo & video,,"['http://www.youtube.com/user/MediaDiscoveryZone', 'http://twitter.com/bkbrownnh', 'http://about.me/briankbrown', 'http://www.flickr.com/photos/briankbrown/', 'http://instagram.com/bkbrownnh', 'http://www.BKBPhotoVideo.com', 'http://www.BlackDogPetPhotography.com']",twitter,b_wag,brian wagner,"maker, gamer, photographer, network engineer, father, husband",new hampshire,goo.gl/urkUPx,briankbrown,brianwagner
16407,24724,0.9965870307167235,MATCH,AUTO_HIGH,0,candidate,full,googleplus,brianlucasnv,brian lucas,husband. father. graphic designer. jesus follower. multnomah university bible & theology unfallen graphic designer/photog/creative lifepoint church student ministries director lifepoint church interim communications director his place church youth pastor,,"['http://twitter.com/brianisunfallen', 'http://brianlucas.me', 'http://www.unfallenart.com', 'http://unfallenapparel.com', 'http://youthmin.org']",instagram,joshaidan,brian,"follower of jesus, writer, computer programmer",,http://brianjones.ca,brianlucas,joshaidan
16812,16847,0.9965870307167235,MATCH,AUTO_HIGH,0,candidate,full,googleplus,carolinadvilafernndez,carolina dvila fernndez,"""dale valor a las cosas, no por lo que valen, sino por lo que significan"". universidad catlica santa rosa",,"['http://zonavital.com.ve/', 'http://www.facebook.com/zonavitalweb', 'http://twitter.com/@zona_vital', 'http://twitter.com/@Carol_Davila']",twitter,citizen87erased,carolina,"y en el camino tendremos que saltar piedras. y en el camino cruzaremos almas nuevas. y en el camino, te daré lo que me queda... para poder seguir asi.",argentina,about.me/caro.villalva,caroldavila,carovillalva
4629,18132,0.9965870307167235,MATCH,AUTO_HIGH,0,candidate,full,twitter,fokewulf,daniele,...a volte i pensieri sono veloci.. a volte stupidi. ma sono e rimangono sempre miei !!,"milano, italy",fokewulf.it,googleplus,danielacosta,daniel acosta,,,"['http://picasaweb.google.com/daniel.acosta79', 'http://www.google.com/reader/shared/05517515048629707439', 'http://www.facebook.com/DanAcosta79', 'http://bacovinos.com.mx']",fokewulf,DanAcosta
4629,18174,0.9965870307167235,MATCH,AUTO_HIGH,0,candidate,full,twitter,fokewulf,daniele,...a volte i pensieri sono veloci.. a volte stupidi. ma sono e rimangono sempre miei !!,"milano, italy",fokewulf.it,googleplus,danielesegalin,daniele segalin,,,['http://www.facebook.com/danielesegalin'],fokewulf,DandyDanno
4629,18186,0.9965870307167235,MATCH,AUTO_HIGH,0,candidate,full,twitter,fokewulf,daniele,...a volte i pensieri sono veloci.. a volte stupidi. ma sono e rimangono sempre miei !!,"milano, italy",fokewulf.it,googleplus,danielgordon,daniel gordon,,,"['http://twitter.com/dangordon', 'http://facebook.com/danjgordon', 'http://www.google.com/reader/shared/01211248815671478519', 'http://www.linkedin.com/in/dangordonlink', 'http://DanGordon.me']",fokewulf,dangordon
4629,18198,0.9965870307167235,MATCH,AUTO_HIGH,0,candidate,full,twitter,fokewulf,daniele,...a volte i pensieri sono veloci.. a volte stupidi. ma sono e rimangono sempre miei !!,"milano, italy",fokewulf.it,googleplus,danielmitchell1980,daniel mitchell,,,"['http://twitter.com/danielrmitchell', 'http://www.youtube.com/user/daniel80mitchell', 'http://about.me/daniel80mitchell', 'https://www.instagram.com/danielrmitchell/', 'https://uk.pinterest.com/daniel80mitchel/', 'http://welovemrsbrown.weebly.com', 'http://www.EvolveYourPC.co.uk', 'http://inthepaintroom.blogspot.co.uk']",fokewulf,daniel80mitchell
4629,18213,0.9965870307167235,MATCH,AUTO_HIGH,0,candidate,full,twitter,fokewulf,daniele,...a volte i pensieri sono veloci.. a volte stupidi. ma sono e rimangono sempre miei !!,"milano, italy",fokewulf.it,googleplus,danielcanton,daniel canton,,,['http://picasaweb.google.com/danielcanton2'],fokewulf,danielcanton
4629,18234,0.9965870307167235,MATCH,AUTO_HIGH,0,candidate,full,twitter,fokewulf,daniele,...a volte i pensieri sono veloci.. a volte stupidi. ma sono e rimangono sempre miei !!,"milano, italy",fokewulf.it,googleplus,danielescobariano,daniel escobar,,,,fokewulf,danielescobar
4629,18267,0.9965870307167235,MATCH,AUTO_HIGH,0,candidate,full,twitter,fokewulf,daniele,...a volte i pensieri sono veloci.. a volte stupidi. ma sono e rimangono sempre miei !!,"milano, italy",fokewulf.it,googleplus,daniellingham,daniel lingham,,,"['http://www.facebook.com/daniel.lingham', 'http://www.linkedin.com/in/daniellinghan', 'http://www.flickr.com/people/daniellingham/', 'http://twitter.com/daniellingham', 'http://www.behance.net/daniellingham']",fokewulf,daniellingham
4629,18291,0.9965870307167235,MATCH,AUTO_HIGH,0,candidate,full,twitter,fokewulf,daniele,...a volte i pensieri sono veloci.. a volte stupidi. ma sono e rimangono sempre miei !!,"milano, italy",fokewulf.it,googleplus,danielribeiro,daniel ribeiro,,,['http://picasaweb.google.com.br/118420947397340991146'],fokewulf,danielrdossantos
4629,18294,0.9965870307167235,MATCH,AUTO_HIGH,0,candidate,full,twitter,fokewulf,daniele,...a volte i pensieri sono veloci.. a volte stupidi. ma sono e rimangono sempre miei !!,"milano, italy",fokewulf.it,googleplus,danielhorton,daniel horton,,,"['http://www.linkedin.com/in/danielrhorton', 'http://www.twitter.com/danielrhorton', 'http://www.facebook.com/profile.php?id=78200290&l=1067877128', 'http://www.rocktt.com/', 'http://www.facebook.com/ashlynmaine', 'http://www.uah.edu/lanparty', 'http://www.amazon.com/Tales-Legends-Franklin-County-ebook/dp/B006HWGJJQ']",fokewulf,danielrhorton
4629,27357,0.9965870307167235,MATCH,AUTO_HIGH,0,candidate,full,twitter,fokewulf,daniele,...a volte i pensieri sono veloci.. a volte stupidi. ma sono e rimangono sempre miei !!,"milano, italy",fokewulf.it,googleplus,danielelucinato,daniele lucinato,,,"['http://mangamanworlds.blogspot.com/', 'http://picasaweb.google.com/d.lucinato', 'http://www.linkedin.com/in/mangaman', 'http://www.flickr.com/photos/12154989@N05/', 'http://www.facebook.com/daniele.lucinato', 'http://www.last.fm/user/mangaman77/', 'http://pulse.yahoo.com/_QN4CUURQCFKO6Y6WWZ33NWGUTM', 'http://www.youtube.com/user/Realmangaman']",fokewulf,mangaman
17147,30433,0.9965870307167235,MATCH,AUTO_HIGH,0,candidate,full,twitter,checoche,sergio,algún día encontraré la forma de viajar en el tiempo. editor en jefe web,,checoche.blog,instagram,pacmankillers,sergio hernandez,"gamer, freak, vocalista, podcaster, locutor, editor y un muerto viviente de la ciudad de méxico. hoy en día ????",,http://about.me/pacmankillers,checoche,pacmankillers
15059,19257,0.9965870307167235,MATCH,AUTO_HIGH,0,candidate,full,twitter,ankhsethamon,daniel reynoso,"ingeniero en computación gráfica y artista polímata. instructor de arte para videojuegos en la fiunam, desarrollador en y director de","ciudad de méxico, mx",ankhsethamon.net,googleplus,danieleolmisani,daniele olmisani,"daniele olmisani is a software designer in roma, italy universitat politcnica de valncia master en contenidos y aspectos legales de la sociedad de la informacin universitat politcnica de valncia licenciada en comunicacin audiovisual betelgeux asistente de marketing y comunicacin enchufix redactora web televisin municipal de valencia editora de vdeo - redactora instituto de astrofsica de canarias becaria en el gabinete de comunicacin",,"['http://picasaweb.google.com/daniele.olmisani', 'http://www.flickr.com/people/mad4j/', 'http://twitter.com/dolmisani', 'https://medium.com/@twitter_username', 'http://www.linkedin.com/in/dolmisani', 'http://cgmag.blogspot.com', 'http://danieleolmisani.brandyourself.com/']",ankhsethamon,dolmisani
15079,34604,0.9965870307167235,MATCH,AUTO_HIGH,0,candidate,full,instagram,io_sono_mia,,based in italy. literary agit-prop. loves watching the world through her own filter.,,http://www.flickr.com/photos/iosonomia/,twitter,teppeimisue,,designed in japan. assembled in argentina. advertising art director and street photographer in buenos aires. applefag. longboard.,"buenos aires, argentina.",flickr.com/teppeimisue,annamioni,TeppeiMisue
15162,15176,0.9965870307167235,MATCH,AUTO_HIGH,0,candidate,full,googleplus,antoniogarrido,antonio garrido,trabajando por una educacin mejor i.e.s. isabel perilln y quirs profesor,,"['http://alcazarcep.blogspot.com/', 'http://alcazardesanjuan.wordpress.com/', 'http://picasaweb.google.com/alcazardesanjuan', 'http://picasaweb.google.es/alcazardesanjuan', 'http://twitter.com/antonio_garrido', 'http://enlanubetic.blogspot.com/', 'http://edu.jccm.es/cpr/alcazar/', 'http://www.antoniogarrido.es/', 'http://www.clubpadel.es/']",twitter,antoniorodilla,antonio rodilla,periodista y sospechoso habitual. premio nobel de la paz. en el tresjulismo vivíamos mejor. retales sueltos:,madrid,antoniorodilla.com,antoniogarrido,antoniorodilla
15288,30908,0.9965870307167235,MATCH,AUTO_HIGH,0,candidate,full,googleplus,peterarndallauritzen,peter arndal lauritzen,vestjyde. 72'er. lber. familiefar. bor i rhus. arbejder med kursussoftware hos docas. ringkbing handelsskole hh docas systems salg & marketing c-tilsted marketing,,"['http://twitter.com/arndal', 'http://www.flickr.com/photos/arndal/', 'http://www.facebook.com/arndal', 'http://dk.linkedin.com/in/arndal', 'http://www.about.me/arndal', 'http://arndalsblog.blogspot.com/', 'http://72vs73.blogspot.com/', 'http://www.happyhead.dk', 'http://www.c-tilsted.dk', 'http://www.docas.dk']",twitter,pko1967,peter a kornaat,,"51.910239,4.354975",about.me/peterkornaat,arndal,peterkornaat
15289,30908,0.9965870307167235,MATCH,AUTO_HIGH,0,candidate,full,instagram,arndal,peter arndal lauritzen,"mit liv i stemningsbilleder. mest fra det ""søde liv"":) vestjyde bosat i århus. årgang 72. på twitter.",,http://about.me/arndal,twitter,pko1967,peter a kornaat,,"51.910239,4.354975",about.me/peterkornaat,arndal,peterkornaat
15325,15357,0.9965870307167235,MATCH,AUTO_HIGH,0,candidate,full,instagram,arthurfreitas,arthur freitas,"publicitário, diretor de arte ant member contato .com",,http://arthurfreitas.com,googleplus,artwarriors,the art warriors,ars longa vita brevis arena quantum creative director art warriors director de arte e ilustrador la despensa director de arte ignition k director de arte la agencia director de arte internet sales company online art director,,"['http://artwarriors.blogspot.com/', 'http://youtube.com/user/artwarriors']",arthurf,artwarriors
15377,30910,0.9965870307167235,MATCH,AUTO_HIGH,0,candidate,full,twitter,petewarrior,arya antaputra,a hoopy frood entp web and game dev freelance translator thrill seeker scuba diver hobbyist photographer tinkers with and,sector zz9 plural z alpha,about.me/aryaantaputra,instagram,peterliu47,peter liu,"director of marketing at , swiss army nerd, photographer, scuba diver, lifelong geek.",,http://peterliu47.com,aryaantaputra,peterliu47
15467,17995,0.9965870307167235,MATCH,AUTO_HIGH,0,candidate,full,twitter,asmith001,aaron smith,"christian, husband, father, graphic artist, mac geek, unc fan, & technophile. i love art, music, sports, technology, and people.",,,instagram,culturalsavage,aaron j smith,"father, nerd, coffee chugger so delicious!",,http://culturalsavage.com,asmith001,CulturalSavage
15580,36701,0.9965870307167235,MATCH,AUTO_HIGH,0,candidate,full,instagram,trasmallo,sergio snchez,"... a sus pies. aqui un amigo, un esclavo, un servidor ...",,http://about.me/avatara,twitter,zepio,sergio nuez ayala,"soy algo geek-deportista-rocknrolla, apolítico, pastafari, puedo ser un algo paranoico, pero no un androide y con el cuorerossonero.","asuncion, paraguay",about.me/ZEPiO,avatara,ZEPiO
32453,32992,0.9965870307167235,MATCH,AUTO_HIGH,0,candidate,full,twitter,rscpics,scott,photoblog in japan. pics and images of japan and japanese culture.,japan,about.me/rscpics,instagram,ufallome,scotty b,"sacramento/tahoe ca., social media, beer_mug , snowboarder , bicycle , musical_notes musical_notes , framed_picture , camera . all me unless noted. currently sony a6000 gs7a everywhere at",,,rscpics,ScottBellisario
16167,16412,0.9965870307167235,MATCH,AUTO_HIGH,0,candidate,full,googleplus,brianmcdonaldnc,brian mcdonald,"digital marketing manager in cary, nc north carolina state university public relations healthgrades sr. digital advisor parata systems digital marketing manager sciquest digital marketing manager peoplefluent revenue marketing manager",,"['http://squarejawmedia.com', 'http://www.flickr.com/photos/bmcd67/', 'http://www.youtube.com/user/bmcd67', 'http://bmcd67.yelp.com', 'http://www.quora.com/brian-mcdonald', 'http://www.linkedin.com/in/bmcd67', 'http://www.facebook.com/bmcd67', 'http://twitter.com/bmcd67', 'http://about.me/bmcd', 'https://www.vizify.com/bmcd67', 'https://medium.com/@bmcd67', 'http://www.squarejawmedia.com/author/bmcd/', 'http://www.triangleama.org/author/brianmcdonald/', 'http://gmail.com', 'http://favoriteconcert.com/author/bmcd/', 'https://medium.com/@bmcd67', 'http://www.linkedin/bmcd67', 'http://www.squarejawmedia.com/brian-mcdonald/', 'http://favoriteconcert.com']",twitter,brianmawdsley,brian mawdsley,digital marketing coach. new dad. business owner of i am also on ig:,cape town,instagram.com/brianmawdsley/,bmcd,BrianMawdsley
16239,31213,0.9965870307167235,MATCH,AUTO_HIGH,0,candidate,full,googleplus,antoniosbouris,antonios bouris,"designer swinburne communication design university of central lancashire graphic design santa monica college photography cultural infusion communication design and marketing director bouris.com communication designer, m.des. visual options design manager, owner",,"['http://antoniosbouris.com', 'http://blog.antoniosbouris.com', 'http://www.flickr.com/_antonios', 'http://www.behance.net/antoniosbouris', 'http://www.google.com/reader/shared/antonios.bouris', 'http://www.google.com/reader/shared/17278446021374203692', 'http://picasaweb.google.com/antonios.bouris', 'http://www.quora.com/antonios-bouris', 'http://twitter.com/_antonios', 'http://www.myspace.com/_antonios', 'http://visual-options.com', 'http://creativetrashcan.posterous.com', 'http://www.facebook.com/antonios.bouris', 'https://foursquare.com/_antonios', 'http://gr.linkedin.com/in/antoniosbouris', 'http://box.bouris.net', 'http://trottoir.bouris.net', 'http://www.formspring.me/antoniosbouris']",instagram,antoporfi,anto,communication and strategic designer - creative director events fao - united nations,,http://www.antonellaporfido.it,bouris,porfi
4629,35325,0.9965870307167235,MATCH,AUTO_HIGH,0,candidate,full,twitter,fokewulf,daniele,...a volte i pensieri sono veloci.. a volte stupidi. ma sono e rimangono sempre miei !!,"milano, italy",fokewulf.it,googleplus,danielmitchell,daniel mitchell,,,"['http://twitter.com/thedanfactor', 'http://travelleroftaste.blogspot.com/']",fokewulf,travelleroftaste
4996,24895,0.9965870307167235,MATCH,AUTO_HIGH,0,candidate,full,googleplus,juancarlos,juan carlos,"atlista, ingeniero, mexicano y foo fighter! universidad panamericana mechatronics engineering anhuac garibaldi high school",,,instagram,jseguir,juan,gadgeto-ingeniero,,http://blog.juansegui.com,hinchadelatlas,jseguir
5034,16978,0.9965870307167235,MATCH,AUTO_HIGH,0,candidate,full,googleplus,hughbriss,charles lerette,"photographer, photo retoucher, graphic designer, and social media specialist. lerette.com fotovoodoo.com socialidentities.com charles lerette photography guy with the camera social identities social media specialist",,"['http://www.twitter.com/charleslerette', 'http://www.linkedin.com/in/charleslerette', 'http://www.facebook.com/celerette', 'http://facebook.com/charleslerettephotography', 'http://lerette.com', 'http://headshotdoctor.com']",instagram,cefm,charles freesmelvin,"wordpress dev, traveling and tv production. working at a call centre with the phone monkeys. i live in saint john, nb and ran for mayor in 2004.",,http://cefm.ca,hughbriss,cefm
9045,14766,0.9965870307167235,MATCH,AUTO_HIGH,0,candidate,full,twitter,andrewsfg,andrews,"front-end developer, ui-ux enthusiastic and musician. art is resistance.","são paulo, sp",andrecomws.com,googleplus,andreansaputro,andrean saputro,half designer - half geek sociolla lead front-end developer female daily network front-end web developer,,"['http://twitter.com/andreanisme', 'http://about.me/andreanisme', 'http://andreanisme.com', 'http://andreanisme.net', 'http://andreanisme.net', 'http://andreanisme.com', 'http://blog.andreanisme.com', 'https://medium.com/@andreanisme']",andrewsfg,andreanisme
14739,14746,0.9965870307167235,MATCH,AUTO_HIGH,0,candidate,full,googleplus,andreacastelliradioand,andrea castelli,the pot is full.. libero professionista,,['http://www.facebook.com/andrea.castelli3'],instagram,ilconfa,andrea,"the reality is a mosaic, and every piece is unic.",,http://www.andreaconfalonieri.com,andreacastelli,AndreaConfalonieri
14741,15244,0.9965870307167235,MATCH,AUTO_HIGH,0,candidate,full,twitter,radioand,andrea castelli,"comunicazione, scala, ufficio stampa, web, musica, scrivere, spettacolo, new media, cultura... insomma quelle cose là. ice age coming",milan,,instagram,110576,andreas reinert,,,http://iphonograf.tumblr.com,andreacastelli,areinert
14747,14796,0.9965870307167235,MATCH,AUTO_HIGH,0,candidate,full,twitter,a_confalonieri,andrea confalonieri,"andrea confalonieri nasce a vicomercati, nell'aprile del 1974 e si interessa di misteriose questioni informatiche...",italia,andreaconfalonieri.com,googleplus,andreaspeziali,andrea speziali,"sapendo quel che voglio, voglio solo quel che so ! accademia belle arti, urbino grafica editoriale istituto d'arte federico fellini, riccione grafica e fotografia accademia belle arti, rimini grafica tribunale di rimini perito c.t.u. exibart blogger art nouveau european route scrittore concorso fotografico italian liberty diettore artistico qn il resto del carlino scrittore la voce di romagna editrice curatore della rubrica la romagna del luned archivio di stato rimini curatore d'arte fondazione fontanesi cicchetti pantaleoni onlus curatore d'arte",,"['http://www.andreaspeziali.it/', 'http://www.flickr.com/andreaspeziali/', 'http://www.dailymotion.com/andreaspeziali', 'http://twitter.com/andreaspeziali', 'http://www.myspace.com/andreaspeziali', 'http://www.linkedin.com/in/andreaspeziali', 'http://andreaspeziali.tumblr.com/', 'http://www.saatchionline.com/andreaspeziali', 'http://profiles.yahoo.com/a.speziali', 'http://dribbble.com/andreaspeziali', 'https://it.gravatar.com/andreaspeziali', 'http://instagram.com/andreaspeziali', 'https://www.facebook.com/andreaspezialiofficial', 'http://www.romagnaliberty.it', 'http://www.tripadvisor.it/members/AndreaSpeziali', 'http://www.riccioneinvilla.it/', 'http://www.schmap.me/andreaspeziali', 'http://www.italialiberty.it/', 'http://cultural-hub.com/author/andreaspeziali/', 'http://romagnaliberty.blogspot.com/', 'http://andreaspeziali.blogspot.it/', 'http://badoo.com/andreaspeziali', 'http://www.google.com/reader/shared/15275538986621986835', 'http://www.scultura-italiana.com/Scultori_Contemporanei/Speziali.htm', 'http://www.comanducci.it/dett_art.asp?nome=SPEZIALI%20Andrea&Index=784761&da_rotatorio=no', 'http://it.netlog.com/andreaspeziali', 'http://andreaspeziali.hi5.com', 'http://andreaspeziali.blogspot.com/', 'http://www.bebo.com/andreaspeziali', 'https://www.xing.com/profile/Andrea_Speziali', 'http://photobucket.com/andreaspeziali', 'http://www.dopplr.com/traveller/AndreaSpeziali', 'http://www.fotolog.com/andreaspeziali', 'http://friendfeed.com/andreaspeziali', 'http://spazio.libero.it/andreaspeziali/', 'http://andreaspeziali.skyrock.com/profil/', 'http://www.design21sdn.com/people/66142', 'http://www.rbcasting.com/site/andreaspeziali.rb', 'http://andreaspeziali.deviantart.com/', 'http://www.picsviewr.com/photos/andreaspeziali', 'http://www.flickriver.com/photos/andreaspeziali/', 'http://community.ancestry.it/profile.aspx?mba=013a3055-0002-0000-0000-000000000000', 'http://profile.imageshack.us/user/AndreaSpeziali', 'http://www.blurb.com/user/Speziali', 'http://andreaspeziali.stumbleupon.com/', 'http://delicious.com/andreaspeziali', 'http://www.hotfrog.it/Societa/Andrea-Speziali-Spezialis', 'http://www.123people.it/s/andrea+speziali', 'http://www.whohub.com/andreaspeziali', 'http://andreaspeziali.wikispaces.com/', 'http://it.wikipedia.org/wiki/Utente:Andrea_Speziali', 'http://www.flickr.com/groups/andreaspeziali/', 'http://www.fluidr.com/photos/andreaspeziali', 'http://www.lulu.com/spotlight/andreaspeziali', 'http://formspring.me/andreaspeziali', 'http://zooppa.it/users/andreaspeziali', 'http://andreaspeziali.imagekind.com', 'http://www.123rf.com/profile_andreaspeziali', 'http://listorious.com/andreaspeziali#', 'http://www.fotocommunity.it/pc/account/myprofile/1564329/profile/1', 'http://www.scribd.com/andreaspeziali', 'http://andreaspeziali.blip.tv/', 'http://www.veoh.com/users/andreaspeziali', 'http://www.metacafe.com/f/channels/andreaspeziali', 'http://www.23hq.com/andreaspeziali', 'http://blog.artintern.net/andreaspeziali', 'http://www.dumpr.net/photos/301633/', 'http://artemotore.com/artisti/artista.asp?id=3057&lettera=s&tip=2&page=1', 'http://www.worldcat.org/profiles/andreaspeziali', 'http://www.zam.it/biografia_Andrea_Speziali', 'http://www.giovaniartisti.it/andrea-speziali', 'http://www.hobbymedia.it/news/user/profile/andreaspeziali', 'http://www.06blog.it/user/andreaspeziali', 'http://community.mtv.it/profile/andreaspeziali', 'http://www.gigarte.com/andreaspeziali', 'http://www.ioarte.org/artisti/Andrea-Speziali/', 'http://www.mychance.it/andreaspeziali', 'http://www.artistrising.com/galleries/andreaspeziali', 'http://comunicati-stampa.info/members/andreaspeziali/', 'http://www.comunicatistampa24.com/author/andreaspeziali/', 'http://andreaspeziali.altervista.org', 'http://andreaspeziali.blog.kataweb.it/', 'http://www.nikonista.it/andreaspeziali', 'http://zootool.com/user/andreaspeziali/', 'http://andreaspeziali.over-blog.it/#', 'http://andreaspeziali.edu.glogster.com', 'http://issuu.com/andreaspeziali', 'http://www.anobii.com/andreaspeziali/books', 'http://www.premioceleste.it/andreaspeziali', 'http://www.talentolibero.it/user/scheda/bacheca/789/andreaspeziali', 'http://expoartcc.ning.com/profile/AndreaSpeziali', 'http://www.fotografieitalia.it/fotografo.cfm?idfotografo=4108', 'http://www.fotocontest.it/profilo.php?id=14744', 'http://www.equilibriarte.net/andreaspeziali', 'http://www.nikonclubitalia.com/forum/andreaspeziali-m66673.html', 'http://www.photocommunity.qtp.it/member.php/3793-andreaspeziali', 'http://www.artsblog.it/user/andreaspeziali', 'http://www.romagnamania.com/ragazzo/andreaspeziali', 'http://andreaspeziali.exibart.com', 'http://www.chatta.it/community/andreaspeziali/default.aspx', 'http://www.behance.net/andreaspeziali', 'http://www.viadeo.com/profile/0021squc7v8yztk3/it/?readOnly=true&ga_from=Fu:/profil/display/index.jsp;Fb%3Atopmenu%3BFe%3AL2%2Bdrop_see%3B', 'http://www.artlynow.com/galleria-arte-contemporanea/dipinti-quadri/andrea-speziali/', 'http://vimeo.com/andreaspeziali', 'http://www.inpressioni.org/profile/AndreaSpeziali', 'http://500px.com/andreaspeziali', 'http://www.usaprojects.org/user/andreaspeziali', 'http://andreaspeziali.livejournal.com/', 'http://www.link2me.it/network/7233/andrea-speziali/index.htm', 'http://www.touringclub.it/club/pg/profile/andreaspeziali', 'http://www.cercarte.it/arte/artisti-contemporanei-arte/modifica-profilo/2044-andrea-speziali.html', 'http://marosticafotografia1979.forumfree.it/?act=Profile&MID=9476098', 'http://andreaspeziali.blogfree.net/', 'http://www.lobodilattice.com/blog/andreaspeziali', 'https://pinterest.com/andreaspeziali/', 'http://independent.academia.edu/AndreaSpeziali', 'https://www.gaer.ws/Andrea-Speziali/', 'http://my.giovani.it/scheda/andreaspeziali/', 'http://www.artbreak.com/andreaspeziali', 'http://www.miartis.com/artista.asp?n=Andrea+Speziali&id=82', 'http://about.me/andreaspeziali', 'http://www.bebopart.com/artista/675-Andrea-Speziali', 'http://web.stagram.com/n/andreaspeziali/', 'http://www.romagnacreativedistrict.com/network-creativi-comunicazione/scheda-personale/staff/1503.html', 'http://www.officineinnovazione.it/profile/AndreaSpeziali', 'http://statigr.am/viewer.php#/myPhotos/', 'http://www.zizics.com/profile/andreaspeziali', 'http://www.viddy.com/andreaspeziali', 'http://imgfave.com/andreaspeziali', 'http://i.focus.it/utente/andreaspeziali.aspx', 'http://www.intagme.com/andreaspeziali', 'http://www.vogue.it/photovogue/Profilo/3ccb9191-127e-4b04-8de8-d41c99433809/User', 'http://vk.com/andreaspeziali', 'http://www.panoramio.com/user/6869295', 'http://www.archilovers.com/andreaspeziali/', 'http://www.youreporter.it/mio/andreaspeziali', 'https://sites.google.com/view/andreaspeziali/home']",AndreaConfalonieri,andreaspeziali
14747,14797,0.9965870307167235,MATCH,AUTO_HIGH,0,candidate,full,twitter,a_confalonieri,andrea confalonieri,"andrea confalonieri nasce a vicomercati, nell'aprile del 1974 e si interessa di misteriose questioni informatiche...",italia,andreaconfalonieri.com,instagram,andreaspeziali,andrea speziali,andrea speziali è un artista del padiglione italia alla 54° biennale di venezia e autore di monografie sull'arte liberty.,,http://www.andreaspeziali.it,AndreaConfalonieri,andreaspeziali
14764,14766,0.9965870307167235,MATCH,AUTO_HIGH,0,candidate,full,instagram,curlyhost,andrea napierkowski,"i own curlyhost - i'm a front end developer that designs and develops wordpress websites for artisans, musicians, businesses and non-profits.",,http://www.curlyhost.com,googleplus,andreansaputro,andrean saputro,half designer - half geek sociolla lead front-end developer female daily network front-end web developer,,"['http://twitter.com/andreanisme', 'http://about.me/andreanisme', 'http://andreanisme.com', 'http://andreanisme.net', 'http://andreanisme.net', 'http://andreanisme.com', 'http://blog.andreanisme.com', 'https://medium.com/@andreanisme']",andreanapierkowski,andreanisme
5334,17270,0.9965870307167235,MATCH,AUTO_HIGH,0,candidate,full,googleplus,chrisreynolds_jazzsequence,chris reynolds,"web designer, geekdad, wordpress evangelist, musician -- not necessarily in that order university of redlands creative arts in the digital revolution webdevstudios wordpress developer pluralsight author event espresso customer support & customization arcane palette creative design co-founder & lead developer",,"['http://www.flickr.com/people/jazzs3quence/', 'http://www.linkedin.com/in/chrissreynolds', 'http://www.last.fm/user/jazzs3quence/', 'http://twitter.com/jazzs3quence', 'http://www.facebook.com/jazzs3quence', 'http://www.facebook.com/ArcanePalette', 'https://www.facebook.com/jazzsequence', 'http://pluralsight.com/training/Authors/Details/chris-reynolds', 'http://www.myspace.com/jazzsequence', 'http://chrisreynolds.io', 'http://www.jazzsequence.com/about/', 'http://www.museumthemes.com/about/', 'http://webdevstudios.com/team/chris-reynolds/', 'http://www.plaguemusic.com/about/', 'http://www.arcanepalette.com/about-us/', 'http://www.eventespresso.com/about/']",twitter,chriscree,chris cree,bible teacher. missionary. wordpress developer. cofounder more about me here:,"dumfries, scotland",NewCREEations.org,jazzs3quence,chriscree
5335,26208,0.9965870307167235,MATCH,AUTO_HIGH,0,candidate,full,twitter,jazzs3quence,chris dn,senior engineer for . unschool parent. music geek. technophile. fan. catlord sadbastardmusic,"salt lake city, utah",chrisreynolds.io,googleplus,chrispirillo,chris pirillo,"geek / nerd, infotainer, speaker, entrepreneur, tech addict, and an expert (in being myself). i've been online since 1992. / chris .com lockergnome geek techtv show host cnn live contributor",,"['http://twitter.com/ChrisPirillo', 'http://youtube.com/ChrisPirillo', 'http://facebook.com/chrispirillo', 'http://patreon.com/ChrisPirillo', 'http://flickr.com/lockergnome', 'http://www.linkedin.com/in/chrispirillo', 'http://youtube.com/GeekLifestyles', 'http://www.lockergnome.com/', 'http://chris.pirillo.com/', 'http://amzn.com/w/F2I2ETQ5R8D5']",jazzs3quence,l0ckergn0me
5690,25022,0.9965870307167235,MATCH,AUTO_HIGH,0,candidate,full,googleplus,julianh,julian h,warrior. always chasing the sun. university of colorado at boulder arizona state university scottsdale community college psychology,,"['http://twitter.com/julianfrancis', 'http://linkedin.com/profile/julianfrancis']",twitter,juliaserafina,julia serafina,"digital marketing strategist, sales & business developer/ love: technology, socialmedia, seo, sem / dislike: bad service & bullies","brisbane, australia",xeeme.com/juliaserafina,julianesquer,juliaserafina
5700,18469,0.9965870307167235,MATCH,AUTO_HIGH,0,candidate,full,googleplus,daveclark907,dave clark,"loving life in southeast alaska with my family, friends, and salmon... miami university web design juneautek fisherman fishing",,"['http://www.vimeo.com/7957894', 'http://www.juneautek.wordpress.com', 'http://picasaweb.google.com/saltwatersoldier', 'http://twitter.com/JuneauTek', 'http://www.facebook.com/Juneautek', 'http://soundcloud.com/saltwatersoldier', 'http://juneautek.blogspot.com/', 'http://juneautek.com', 'http://juneautek.wordpress.com']",instagram,thedaveclarke,dave clarke,"enabling better business through comms & networks. married father of 3 young adults. love music, politics, socialising, sport (skiing footy taekwondo)",,http://daveclarke.tv,juneautek,daveclarketv
5801,25575,0.9965870307167235,MATCH,AUTO_HIGH,0,candidate,full,twitter,kellie_elmore,kellie elmore,author+photographer+creative entrepreneur,east tennessee,magicinthebackyard.wordpress.com,googleplus,kellydelay,kelly delay,weather and environmental photographer kellydelay.com photographer clouds 365 project photographer,,"['http://www.twitter.com/kellydelay', 'http://www.facebook.com/ravedelay', 'http://clouds365.com', 'http://kellydelay.com', 'http://www.kellydelay.com', 'http://www.clouds365.com', 'http://www.facebook.com/profile.php?id=501881971', 'http://twitter.com/ravedelay', 'http://www.flickr.com/photos/ravedelay', 'http://vimeo.com/ravedelay']",kellieelmore,kellydelay
5801,25582,0.9965870307167235,MATCH,AUTO_HIGH,0,candidate,full,twitter,kellie_elmore,kellie elmore,author+photographer+creative entrepreneur,east tennessee,magicinthebackyard.wordpress.com,instagram,evilshenanigans,kelly jaggers,"food photographer, cookbook author, blogger, and proud texan -",,http://www.evilshenanigans.com,kellieelmore,kellyjaggers
5808,11288,0.9965870307167235,MATCH,AUTO_HIGH,0,candidate,full,googleplus,kevinmontgomery_brampton,kevin montgomery,"registered graphic designer, certified user experience designer, certified can-bike instructor turner fenton secondary school seneca college graphic design city of brampton co-chair, cycling advisory commitee squareknot developer rcc graphic designs freelance graphic designer direct antidote senior web publisher egan visual inc. print and web graphic designer knowcean, silvert's graphic designer",,"['http://www.google.com/reader/shared/03007950656807893422', 'http://www.linkedin.com/in/kemosite', 'http://www.quora.com/Kevin-Montgomery-1', 'http://twitter.com/kemosite', 'http://www.last.fm/user/lastfm_kemosite/', 'http://soundcloud.com/kemosite', 'http://www.facebook.com/kemosite', 'http://kemosite.com', 'http://election2014.kemosite.com']",instagram,campdesign,kevin mann,"i'm an advertising creative and graphic designer based in cazenovia, new york.",,http://www.campdesign.net,kemosite,kmann312
5856,25849,0.9965870307167235,MATCH,AUTO_HIGH,0,candidate,full,googleplus,kimsherrell,kim,art music fashion films universidad de valladolid licenciada en derecho,,,instagram,kmunoz28,kim,island girl wife boy mom animal lover liver disease fighter blogger closet geek ambivert,,http://www.myhopewhispers.com,kim,kimberlymunoz
5929,26097,0.9965870307167235,MATCH,AUTO_HIGH,0,candidate,full,twitter,worldofkristin,kristin johnson,mom. writer. iphonegrapher. i want to play outside with my dog in the moab desert.,"moab, utah",,googleplus,kristinjohnson,kristin johnson,,,,kristinmillis,kristinsjohnson
14889,15730,0.9965870307167235,MATCH,AUTO_HIGH,0,candidate,full,googleplus,andrewstuart,andrew stuart,"multimedia journalist, photographer, videographer city university, london ma interactive journalism staffordshire university ba (hons) broadcast journalism men media multimedia journalist daily post feature writer",,"['http://twitter.com/AndrewStuart', 'http://www.flickr.com/people/handyandy88/', 'http://www.andrewwgstuart.com', 'http://andrewstuart.zenfolio.com']",instagram,abbsound,andrew barkhatov,journalist — — — (citywalk account),,http://www.barhatov.com,andrewstuart,barhatov
14904,14909,0.9965870307167235,MATCH,AUTO_HIGH,0,candidate,full,googleplus,andrewzander,andrew zander,just a guy trying to get by. washington state university psychology olympic college arts and sciences university of phoenix general studies department of the navy quality assurance specialist (aerospace lockheed martin space systems ordnance mechanic united states navy missile technician,,"['http://twitter.com/andrewzander', 'http://about.me/andrewzander', 'http://www.facebook.com/andrewzander', 'http://www.linkedin.com/pub/andrew-zander/9/a21/466']",twitter,andreyzhukovru,,"фотограф, журналист сайт техно-фото-блог catode.ru вконтакте skype zhuk-v1",moscow,about.me/andreyzhukov,andrewzander,andreyzhukov
6604,28588,0.9965870307167235,MATCH,AUTO_HIGH,0,candidate,full,googleplus,michaelaconley,michaela conley,"health promotion industry expert, enterpreneur, social media strategist ball state university ma, wellness management ball state university exercise science state of wellness idwellness founder health promotion live founder hpcareer.net partner network entrepreneur health promotion industry expert, social media strategist",,"['http://twitter.com/michaelaconley', 'http://www.facebook.com/people/Michaela_Conley/787169473', 'http://del.icio.us/michaelaconley', 'http://friendfeed.com/hpcareernet', 'http://twitter.com/hpcareernet', 'http://www.hpcareer.net', 'http://healthpromotionlive.com/', 'http://www.idwellness.org', 'http://michaelaconley.com']",instagram,mcoley,michael coley,agedu teacher & ffa advisor in tennessee. agricultural education graduate of nc state & mtsu. animal lover. technology nerd.,,http://about.me/michaelcoley,michaelaconley,michaelcoley
6604,28589,0.9965870307167235,MATCH,AUTO_HIGH,0,candidate,full,googleplus,michaelaconley,michaela conley,"health promotion industry expert, enterpreneur, social media strategist ball state university ma, wellness management ball state university exercise science state of wellness idwellness founder health promotion live founder hpcareer.net partner network entrepreneur health promotion industry expert, social media strategist",,"['http://twitter.com/michaelaconley', 'http://www.facebook.com/people/Michaela_Conley/787169473', 'http://del.icio.us/michaelaconley', 'http://friendfeed.com/hpcareernet', 'http://twitter.com/hpcareernet', 'http://www.hpcareer.net', 'http://healthpromotionlive.com/', 'http://www.idwellness.org', 'http://michaelaconley.com']",twitter,mcoley,michael coley,former agedu teacher agvocate nerd hereford cattle lover lifelong learner graduate of nc state & mtsu,"mount juliet, tn",about.me/michaelcoley,michaelaconley,michaelcoley
35116,35126,0.9965870307167235,MATCH,AUTO_HIGH,0,candidate,full,instagram,solartomcotter,tom cotter,i moved my account. please visit and follow me at ===,,https://www.instagram.com/TomClayCotter/,twitter,canadianfinance,tom akeprotected tweets,has moved to please follow there!,"airdrie, alberta",maplemoney.com,tomcotter,tomdrake
13668,17996,0.9965870307167235,MATCH,AUTO_HIGH,0,candidate,full,googleplus,aaron,aaron,"geek, it tech, scouter in plymouth and student at ucp marjon studying outdoor adventure. bloomsburg university of pennsylvania journalism speak social director of writing makeshift productions head writer austin telco fcu marketing director",,"['http://twitter.com/AzzyChill', 'http://youtube.com/azzychill']",twitter,culturalsavage,aaron j smith,"father, nerd, coffee chugger, and kind of a mess. diagnosed bipolar. in the never ending process of writing.","portland, or",culturalsavage.com,aaronphil,CulturalSavage
13668,26470,0.9965870307167235,MATCH,AUTO_HIGH,0,candidate,full,googleplus,aaron,aaron,"geek, it tech, scouter in plymouth and student at ucp marjon studying outdoor adventure. bloomsburg university of pennsylvania journalism speak social director of writing makeshift productions head writer austin telco fcu marketing director",,"['http://twitter.com/AzzyChill', 'http://youtube.com/azzychill']",instagram,explorediscovershare,aaron,just a guy with a camera or two... or three uploading daily. all photos are mine. prints available on my website. youtube: bit.ly/explorediscovershare,,http://www.explorediscovershare.com/f317682427,aaronphil,leeaaron
13972,13985,0.9965870307167235,MATCH,AUTO_HIGH,0,candidate,full,instagram,ahmadalkhuder,ahmad alkhuder,مدون ومحرر تقني، قارئ ومصمم جرافيك في أوقات الفراغ. تجدون تصاميمي على الهاشتاج: رقيم tech blogger & editor,,,twitter,ahmedalhajri,,ماجستير في تقنية المعلومات technology expert founder of & for inquiries : mail -alhajri.net snapchat :ahmedhajri,,ahmed-alhajri.net,AhmadAlKhuder,ahmedalhajri
13985,14391,0.9965870307167235,MATCH,AUTO_HIGH,0,candidate,full,twitter,ahmedalhajri,,ماجستير في تقنية المعلومات technology expert founder of & for inquiries : mail -alhajri.net snapchat :ahmedhajri,,ahmed-alhajri.net,googleplus,ahmedbinyousifalhasani,ahmed bin yousif al hasani,a guy with love for technology.. abu dhabi university ist mwasala e-solutions applications development manager,,"['http://twitter.com/bin_yousif', 'http://about.me/alhasani', 'http://gmail.com', 'http://www.mwasala.com']",ahmedalhajri,Alhasani
32998,33002,0.9965870307167235,MATCH,AUTO_HIGH,0,candidate,full,instagram,hawkse,scott ellison ii,husband to & father of 3 kids. i have a boring day job. but i'm the eic of the videogame website saving content. also a former marine.,,http://www.savingcontent.com,twitter,scott2206,scott ellison,manchester commercial photographer of superheroes around the world. will travel!,manchester,scottellison.co.uk,scottellisonII,scottellisonphotography
14111,15180,0.9965870307167235,MATCH,AUTO_HIGH,0,candidate,full,twitter,akwyz,antonio santos,social media business evangelist. digital transformation. digital inclusion.accessibility.sociology. cmo. founder, cork london lisbon,linkedin.com/in/antonioviei…,googleplus,antoniovchanalguru,antonio v chanal,"consultant, trainner and postgraduate professor in social media marketing. & . i love giving lectures and to be paid for it. hh. maristas cartagena ceseden (centro superior de la defensa) san pablo ceu (madrid) universidad complutense de madrid federacin de padel de la comunidad valenciana federacin espaola de socorrismo y salvamento acutico irr espaa (madrid) academia prez de lema (cartagena) forma select (madrid) centro de buceo de la armada (1995) cmara de comercio de cartagena cmara de comercio de castelln the social media lab ceo & founder",,"['https://twitter.com/AntonioVChanal', 'http://twitter.com/Tweet_Pub', 'http://www.twitter.com/XSocialMediaLab', 'http://www.facebook.com/AntonioVChanal', 'http://www.facebook.com/AntoniovallejoChanal', 'http://www.antoniovchanal.com/', 'http://www.melonplatinum.es/blog', 'http://www.video2brain.com/', 'http://www.marketerosnocturnos.com/author/antoniovchanal/', 'http://comunidades.levante-emv.com/blogs/antoniovchanal', 'http://es.paperblog.com/', 'http://www.slideshare.net/AntonioVallejoChanal', 'http://coobis.com/blog/antoniovchanal.com', 'http://es.linkedin.com/in/antoniovchanal']",akwyz,AntonioVChanal
6018,33950,0.9965870307167235,MATCH,AUTO_HIGH,0,candidate,full,googleplus,stephaniehimelnelson,stephanie himelnelson,"geeky is the new cool, but with nicer shoes. the george washington university school of law law university of nebraska at omaha psychology university of miami computer science blue star families director of communications",,,twitter,bu2erf1y,stephanie,i'm a self-starter with an entrepreneurial spirit who thrives under pressure and in fast-paced environments. i'm a social butterfly and enjoy meeting people.,"morrisville, nc",about.me/stephaniemcd,lawyermama,stephaniemcd
6021,31419,0.9965870307167235,MATCH,AUTO_HIGH,0,candidate,full,twitter,layesera,rafa menacho,"técnico informático. soy andaluz, de pradodelrey. camarero en","oliva, valencia, españa",rafamenacho.blogspot.com,googleplus,rafaelcama,rafael cama,"mago especializado en espectculos para todos los pblicos salesianos de estrecho egb, bup y cou escuela de magia de ana tamariz magia",,"['http://www.facebook.com/rafacama', 'http://twitter.com/rafacamaanton', 'http://www.facebook.com/rafacamamago', 'http://www.pinterest.com/rafacama', 'http://www.foursquare.com/rafacamaanton', 'http://www.delicious.com/rafacama', 'http://www.about.me/rafacama', 'http://www.ask.fm/rafacama', 'http://www.linkedin.com/profile/view?id=185980482', 'http://www.flickr.com/photos/rafacama/', 'http://rafa-cama.tumblr.com/', 'http://www.youtube.com/user/MagiaYMas', 'http://www.rafacama.es', 'http://www-janagah.es', 'http://www.casateatro.es', 'http://www.elfogondelosdeseos.es', 'http://rafacama.es', 'http://www.rafacama.es', 'http://vimeo.com']",layesera,rafacama
6307,27447,0.9965870307167235,MATCH,AUTO_HIGH,0,candidate,full,twitter,marceleita,marceleita,"la chica ideal, grande e independiente! madre y mujer, programadora llena de sueños y con ganas de viajar!",santiago de chile,,googleplus,marceloprez,marcelo prez,"pegao en la web, medio loco, al final un peuco. es lo que hay no ma secretaria general de la presidencia arquitecto de informacin unidad de anlisis estratgico subtrab arquitecto de informacin apolo ingenieria, ibm mop",,"['http://www.facebook.com/marcelongo', 'http://twitter.com/marcelopellet']",marceleita,marceloperez
6319,13428,0.9965870307167235,MATCH,AUTO_HIGH,0,candidate,full,twitter,marcobubba,marcobubba,"a human. being. born analogue, raised digital. learnitall addicted. capture light with photography, forge ideas in the cloud, startupper & angel investor","london, england",about.me/marcobubba,instagram,vonkreutz,marco,"born near venice, adopted by rome, photographer, musician, tech addicted, roleplayer, eternal dreamer.",,https://www.facebook.com/VonKreutzPhoto,marcobubba,vonkreutz
6359,27898,0.9965870307167235,MATCH,AUTO_HIGH,0,candidate,full,twitter,marinha294,marina,frontend developer / graphic and web designer / geek,"rosario, argentina",,instagram,ezu,martino sabia,"software developer with only one real scope in life: being a geek in everything but love :). anything is possible, it's just a matter of creativity.",,,marinha,martinosabia
14402,25155,0.9965870307167235,MATCH,AUTO_HIGH,0,candidate,full,twitter,alicegraphix,jen k,"alice graphix designer, illustrator, creative, science geek, color nerd, cubs fan, comic book lover, doodler.","san diego, ca",AliceGraphix.etsy.com,googleplus,jenwike,jen wike huger,"content manager, writer, blogger north carolina state university communications red hat software content manager",,"['https://twitter.com/JenWike', 'https://www.facebook.com/downtowndame?ref=hl', 'http://www.jen.io', 'http://raleighvibe.wordpress.com', 'http://www.good.is', 'http://www.fastcompany.com/', 'http://www.theatlantic.com/', 'http://joannagoddard.blogspot.com/', 'http://www.flickr.com/people/36606255@N05/']",alicegraphix,jwike
14696,20344,0.9965870307167235,MATCH,AUTO_HIGH,0,candidate,full,twitter,anasse,anass,"mami de mael. trabajo en marketing digital. soy venezolana, curiosa, optimista y tenaz. vivo en asturias.",oviedo  caracas,anasse.es,instagram,eventosfera,ana santos,una privilegiada por trabajar en lo que más le gusta: la comunicación y el marketing digital. de bilbao y siempre con ganas de viajar.,,http://eventosfera.com,anasse,eventosfera
12746,13745,0.9965870307167235,MATCH,AUTO_HIGH,0,candidate,full,instagram,antoniosastre,antonio sastre,,,,twitter,leif_pp,antonio carrillo,"bombero, telecomm, curioso insaciable, astrónomo, fotógrafo, minimalista, defeño, nocturno, lacónico, quisquilloso, picnico y polimata.",méxico,,sastre,acarrillo
12771,26218,0.9965870307167235,MATCH,AUTO_HIGH,0,candidate,full,twitter,scidoodles,scott,currently living in north east thailand working as an english teacher,"ubon ratchathani, thailand",,instagram,ladewig,scott ladewig,it pro working in hied in st. louis. living in a microsoft world and liking it. looking for opportunities of travel and good food.,,http://www.ladewig.com,scottmichael,Ladewig
354,26946,0.9965870307167235,MATCH,AUTO_HIGH,0,candidate,full,twitter,hiperterminal,david,blogger. interesado en ciencia de la información y afines,"bogotá, d.c., colombia",hiperterminal.com,googleplus,davidmarnlouten,david marn,hola! (` c)9 escuela de la industria grfica diseo dena lead artist,,"['http://www.linkedin.com/pub/david-marin/37/819/362', 'http://louten.deviantart.com/', 'http://twitter.com/louten', 'http://www.facebook.com/bicholouten', 'http://louten.blogspot.com/', 'http://www.louten.cl']",davidramirezordonez,louten
12916,27249,0.9965870307167235,MATCH,AUTO_HIGH,0,candidate,full,instagram,slkav,sarah,"music, food and fitness addicted freelance web and graphic designer from dublin. creator of & frequently in geek mode.",,http://www.sketch.ie,googleplus,sarahwhinnem,sarah whinnem,"by day, i'm a graphic designer for a new york city based investing startup, betterment. i'm tasked with creating a brand that is clean, simple, and beautiful (everything your average financial institution is not!). by night, i write for my own site, curate all things geek, design cool stuff, and make a mean margarita. i'm inspired by awesome typography, gorgeous illustrations, and kick ass tattoos. betterment graphic designer ing group graphic designer thermospas graphic designer",,"['http://madysondesigns.com', 'http://twitter.com/madysondesigns', 'http://www.facebook.com/MadysonDesigns', 'http://www.linkedin.com/in/MadysonDesigns', 'http://betterment.com', 'http://instagram-a-day.posterous.com/']",slkav,madysondesigns
12994,34016,0.9965870307167235,MATCH,AUTO_HIGH,0,candidate,full,instagram,stephencefalo,stephen cefalo,"painter/artist/instructor of the portrait and figure in raleigh, nc painting is my passion.",,http://www.stephencefalo.com,twitter,stephenwashere,stephen ramkissoon,"my passion is creativity. husband, father, friend, creative director, entrepreneur, market expert, social media fan, technology enthusiast.","calgary, canada",ramkissoon.ca,StephenCefalo,stephenramkissoon
354,35310,0.9965870307167235,MATCH,AUTO_HIGH,0,candidate,full,twitter,hiperterminal,david,blogger. interesado en ciencia de la información y afines,"bogotá, d.c., colombia",hiperterminal.com,googleplus,davidcarvallo,david carvallo,"un poco adicto a la informacin como a la naturaleza, la tecnologia, la cerveza y la anti rutina. estudio",,,davidramirezordonez,tranceh2
18,33066,0.9965870307167235,MATCH,AUTO_HIGH,0,candidate,full,twitter,4iamu,adrian manea,be the change,"bucharest, romania",about.me/adrian.manea,googleplus,adrianaghinitei,adrian aghinitei,,,"['http://www.scriptyweb.com', 'http://twitter.com/scripty', 'http://www.facebook.com/scriptyweb/', 'http://www.flickr.com/people/scriptyweb/', 'http://www.linkedin.com/in/scripty', 'http://zerply.com/Scripty']",adrianmanea,scripty
13058,34269,0.9965870307167235,MATCH,AUTO_HIGH,0,candidate,full,instagram,sususuyeyeye,su ye,,,http://www.suyeart.com,googleplus,susanaayala,susana ayala,,,,suye,susanaayala
13058,34272,0.9965870307167235,MATCH,AUTO_HIGH,0,candidate,full,instagram,sususuyeyeye,su ye,,,http://www.suyeart.com,googleplus,susancabezas,susan cabezas,,,"['http://twitter.com/susanjane', 'http://www.linkedin.com/in/susancruzcabezas', 'http://www.beingmoresocial.com', 'http://www.themamaresource.com']",suye,susancabezas
13203,27121,0.9965870307167235,MATCH,AUTO_HIGH,0,candidate,full,twitter,tionazo,luis garca,bitólogo. ingeniero informático. bigdata … …,salamanca,,instagram,luizja_design,luis jaramillo,ingeniero e intento de maestro.,,http://www.luisjaramillo.org,tionazo,LuizJa
13468,27230,0.9965870307167235,MATCH,AUTO_HIGH,0,candidate,full,instagram,michaela_w,michaela werner,"lebe und wohne am bodensee, fotografiere gerne, blogge und podcaste und mache auch gerne youtube-videos",,http://www.michaela-bodensee.de,twitter,macsnider,michl,irgendwas zwischen nerd & geek trade_mark fanby c-base alien ps4 zocker podcaster und könig vom,gallifrey,stimmenreich.de,wernermichaela,macsnider
13504,23795,0.9965870307167235,MATCH,AUTO_HIGH,0,candidate,full,instagram,writertype_n_cyclocult,jeremy keith spencer,& creative director/vp . editor . et cetera ad infinitum. pdx via memphis,,http://cyclocult.tumblr.com,twitter,jeremyteff,jeremy teff,creative director / designer,arkansas,jeremyteff.com,writertype,jeremyteff
6410,25837,0.9965870307167235,MATCH,AUTO_HIGH,0,candidate,full,googleplus,martin,martin,,,,instagram,kimartino,martin kitzberger,,,,MartinPucik,Kimartino
6464,29312,0.9965870307167235,MATCH,AUTO_HIGH,0,candidate,full,googleplus,matthewborst,matthew borst,"the cat's out of the bag. university of california, los angeles ba: theater, film, tv & digital media studies university of california, san diego certificate: biodmedial ethics orange county high school of the arts (ochsa) musical theater singapore american school endemol usa social media manager for endemol beyond a&e television networks marketing coordinator international creative management (icm) motion picture literary assistant nokia director & producer westerfield management production & social media consultant yellow wallpaper productions event producer temple hill productions film production intern mtv video music awards talent coordinator mtv networks programming intern history brand strategy",,"['http://www.linkedin.com/pub/matthew-borst/30/79/621', 'http://www.modernmatthew.tumblr.com', 'http://twitter.com/MatthewBorst', 'http://www.about.me/MatthewBorst', 'http://instagram.com/twitter_kitty']",twitter,mrjb3,matt bishop,✞ // architect // sports // music // gamer // geek,"belfast, northern ireland",about.me/mrjb3,matthewborst,mrjb3
6483,28173,0.9965870307167235,MATCH,AUTO_HIGH,0,candidate,full,twitter,matthewstephens,matthew stephens,"husband, servant of jesus, tech, weather novice, apple geek, sports lover.","tulsa, oklahoma",about.me/matthewstephens,googleplus,matthewstephenson,matthew stephenson,"rentittoday.com cofounder, inbound marketing fan, entrepreneur, bird photographer university of kentucky winston churchill high school beavercreek high school rentittoday owner, coo clan mactavish usa. board of directors",,"['https://www.youtube.com/user/RentItToday', 'http://www.rentittoday.com/matthew-stephenson', 'http://www.linkedin.com/in/mwstephenson', 'http://twitter.com/mattrentittoday', 'http://about.me/mattstephenson', 'http://www.facebook.com/rentittoday', 'http://en.gravatar.com/matthewwstephenson', 'http://www.stumbleupon.com/stumbler/matt898/', 'http://pinterest.com/MattStephenson/', 'http://instagram.com/MatthewWStephenson', 'http://xeeme.com/MattStephenson', 'https://delicious.com/matt898', 'http://www.yelp.com/user_details?userid=Am8jGbeP68tWJtlcyJJPUQ', 'http://www.quora.com/Matthew-W-Stephenson', 'http://www.networkedblogs.com/user/1135385368', 'http://disqus.com/MattStephenson/', 'http://www.blogcatalog.com/user/RentItToday/bio/', 'http://inbound.org/in/MattRentItToday', 'http://moz.com/community/users/259222', 'https://getsatisfaction.com/people/mattstephenson', 'http://activerain.trulia.com/profile/rentittoday', 'https://dribbble.com/MatthewStephenson', 'https://vimeo.com/rentittodayvideo', 'https://www.behance.net/MatthewStephenson', 'http://www.rentittoday.com/rental-blog/author/matt-stephenson', 'http://rentittoday.tumblr.com/', 'http://www.pinterest.com/MattStephenson/', 'http://www.aboutus.org/Matt_Stephenson', 'http://www.gcva.com/blog/author/matthewstephenson', 'http://cincymath.com', 'https://profiles.google.com/117928469497963684829/buzz', 'http://rentittoday.blogspot.com/', 'http://www.rentittoday.com', 'http://www.rentittoday.com/rental-blog/', 'https://plus.google.com/105267509122128547293/about', 'http://www.facebook.com/RentItTodayFans', 'https://twitter.com/Rent_It_Today', 'https://www.linkedin.com/company/343108', 'http://www.pinterest.com/rentittoday/', 'http://www.rentittoday.com/Construction-Equipment-Rentals', 'https://plus.google.com/116551629762642085163/about', 'https://twitter.com/RentEquipmentCE', 'http://www.rentittoday.com/medical-equipment-rentals', 'http://www.aboutus.org/RentItToday.com', 'http://www.flickr.com/photos/rentittoday/', 'http://www.clanmactavish.org', 'http://www.facebook.com/ClanMacTavish', 'http://www.slideshare.net/rentittoday', 'http://www.blogcatalog.com/blogs/rent-it-today-blog']",matthewstephens,MattStephenson
6594,18719,0.9965870307167235,MATCH,AUTO_HIGH,0,candidate,full,googleplus,davidb,david b,,,,twitter,web_david,david eduardo,"publicista amante de los temas digitales, geek, comics fan, mejenguero, dog lover... vivir es tuanis",san jose costa rica,about.me/david_web,mezcal,davidweb
11985,29428,0.9965870307167235,MATCH,AUTO_HIGH,0,candidate,full,twitter,mtapester,matthew tape,just a everyday canadian geek living in chatham-kent with my lovely wife maria & our free loading dachshund hiro.,"chatham-kent, ontario, canada",about.me/mtape,instagram,mvern78,matt v,"just some canadian guy that like to paddle, play games, play with my pets and post pictures. sometimes i blog about it. all rights reserved (c)",,http://about.me/mvern78,mtape,Mvern78
12078,30114,0.9965870307167235,MATCH,AUTO_HIGH,0,candidate,full,instagram,troppouncapo,nicola,social media fava,,,googleplus,nicosvarsos,nicos varsos,an experienced multimedia producer & social media expert university of alberta education: english literature and fine art edmonton public schools educator,,,nicolapalumbo,nvarsos
12126,30239,0.9965870307167235,MATCH,AUTO_HIGH,0,candidate,full,instagram,olivier_bareau,olivier bareau,french graphic designer & photographer based in french riviera,,,twitter,chapolive,olivier chapelle,photographer based in aix-en-provence,aix en provence,olivierchapelle.com,obareau,olivierchapelle
12152,22241,0.9965870307167235,MATCH,AUTO_HIGH,0,candidate,full,instagram,ondraschoffka,ondej kube,"nové technologie mobilní hračky cestování hory hudba pivo bajker a silničář, co jezdí do kopce volněji, zato dolů na kaši ;)",,http://about.me/ondrejkubes,twitter,hippik,ondrej bechyne,"ponifikovany pekar,unixovy specialista a novinar na velmi volne noze. take uplne hluchy s nozickama co obcas moc nefungujou.",praha 10,about.me/hippik,ondrejkubes,hippik
12271,30828,0.9965870307167235,MATCH,AUTO_HIGH,0,candidate,full,twitter,h0stio,pedro,task 1: dedicar todo el tiempo a los que de verdad te quieren y no desperdiciar un segundo.,,,googleplus,pedroserna,pedro serna,vilmaaaa! escuela universitaria de turismo de cartagena grado en turismo,,,PedroGranero,pedrosdh
12388,23343,0.9965870307167235,MATCH,AUTO_HIGH,0,candidate,full,instagram,publikaccion,javier,"gallego de pasos perdidos en madrid, sireno varado lejos del mar, apretando donde duele, sino pa'qué...",,http://about.me/publikaccion/,googleplus,javierarmentiaf,javier armentia,"astrofsico, comunicador cientfico, escptico, ateo, mala gente en general. adems ha dicho: ""es deber de quien hace una afirmacin demostrarla, y de quien escucha una tontera hacerlo notar"". universidad complutense de madrid ciencias fsicas planetario de pamplona director",,"['http://twitter.com/javierarmentia', 'http://www.facebook.com/ElPez', 'http://about.me/javierarmentia', 'http://www.flickr.com/people/ElPez/', 'http://javarm.blogalia.com', 'http://www.elmundo.es/blogs/elmundo/cosmos/', 'http://www.youtube.com/user/javierarmentia']",publikaccion,javierarmentia
6617,28587,0.9965870307167235,MATCH,AUTO_HIGH,0,candidate,full,twitter,michaelecolley,michael colley,operations / former uk operations lead / urbanist / backpacker intern from trade for xp - / student of life,london,Instagram.com/peoplemadeplac…,googleplus,michaelcoley,michael coley,current ag edu & ffa teacher in tn. graduate from mtsu & nc state. animal lover. technology nerd. north carolina state university masters of agricultural education middle tennessee state university b.s.- animal science/agricultural education gallatin high school mt. juliet high school agricultural educator gallatin high school agricultural educator siegel high school agricultural educator tennessee state university distance education and educational technology specialist north carolina state university graduate assistant mt. juliet high school agricultural educator coley herefords herdsman/chief technology officer,,"['http://about.me/michaelcoley', 'http://twitter.com/mcoley']",michaelcolley,michaelcoley
6667,29298,0.9965870307167235,MATCH,AUTO_HIGH,0,candidate,full,twitter,miguelthepooh,miguel pujante,"sherpa, instigador y agitador en social media. posicionamiento orgánico. director en sordo de un pie. calafell","calafell, spain",desmarcateya.com,googleplus,miguelrebollozgz,miguel rebollo,doctor en informtica y profesor en la upv (valencia). investigo en inteligencia artificial y me interesa tambin el uso educativo de los social media y el comportamiento de las redes univ. pol. valencia profesor,,"['http://www.mrebollo.es', 'http://facebook.com/mrebollo', 'http://www.lastfm.es/user/mrebollo', 'http://picasaweb.google.com/miguel.rebollo', 'http://www.google.com/reader/shared/07108176606222775963', 'http://es.linkedin.com/in/mrebollo', 'http://flickr.com/mrebollo', 'http://twitter.com/mrebollo', 'http://infade.blogspot.com', 'http://www.mrebollo.es', 'http://infade.blogspot.com/']",miguelthepooh,mrebollo
6669,34705,0.9965870307167235,MATCH,AUTO_HIGH,0,candidate,full,twitter,polygrafix,mike amerson,"kickin @$$ and making games! vr artist mma german shepherd dad & creator of , ,","las vegas, nv",blackjackbailey.com,instagram,thegadgeteur,mike,"gadget lover, writer, tech nut, social junkie, beer connoisseur, german fanatic. creator of bitbitbyte.com and thedistinguishedbeardsman.com",,http://thegadgeteur.com,mikeamerson,thegadgeteur
30433,33215,0.9965870307167235,MATCH,AUTO_HIGH,0,candidate,full,instagram,pacmankillers,sergio hernandez,"gamer, freak, vocalista, podcaster, locutor, editor y un muerto viviente de la ciudad de méxico. hoy en día ????",,http://about.me/pacmankillers,twitter,rdgz_sergio,sergio rodrguez,caminante y bicicleto. coordino el talento de internet + redessociales de . odio los audios en whatsapp.,"guadalajara, jalisco, méxico",about.me/sergio.rdgz,pacmankillers,sergiordgz
6715,29052,0.9965870307167235,MATCH,AUTO_HIGH,0,candidate,full,twitter,nycbroker,mitchell hall,"manhattan real estate broker, (the corcoran group) blogger, webmaster","manhattan, nyc",about.me/MitchellJHall,googleplus,mitchellhall,mitchell hall,"writer/editor institute of business administration (toulouse, france) master in services marketing institute for policy studies (toulouse, france) master in tourism immigration.ca social media & sem manager peruvian festival montreal social media coordinator les technologies seedbox social media coordinator talented frogs studio social media manager rock & social agency social media marketer & brand monitor wikio / e-buzzing group content & community manager actengo web agency social media marketer accor group night audit groupe developpement tourisme research and analysis intern",,"['http://www.twitter.com/mitchellhall', 'http://youtube.com/user/GlobalMitch', 'http://www.flickr.com/snazzy54', 'http://www.last.fm/user/Snazzy42', 'http://www.facebook.com/globalmitch', 'http://globalmitch.yelp.com', 'http://www.linkedin.com/in/mitchellhall', 'http://www.quora.com/mitchell-hall', 'http://globalmitch.com/']",MitchellJHall,mitchellhall
31282,36315,0.9965870307167235,MATCH,AUTO_HIGH,0,candidate,full,instagram,proxywolf,wolf schrder,"hi. i'm wolf. i live in korea. i like food, cats, and video games.",,http://twitter.com/proxywolf,googleplus,wolfhaven,wolf haven,"japanese, video, technology, and video game enthusiast. youtube partner",,"['http://about.me/WolfHavenXIII', 'http://myanimelist.net/profile/WolfHavenXIII', 'http://ww.facebook.com/WolfHavenXIII', 'http://twitter.com/wolfhavenxiii', 'http://wolfhavenxiii.tumblr.com/', 'http://wolfhavenxiii.blogspot.com/', 'http://www.youtube.com/japaneselearnage', 'http://www.facebook.com/pages/Japanese-Learnage/249264715129161', 'http://www.guidetojapanese.org/learn/', 'http://www.japanesethroughanime.com/', 'http://www.maggiesensei.com/', 'http://www.tofugu.com/']",proxywolf,WolfHavenXIII
31467,32858,0.9965870307167235,MATCH,AUTO_HIGH,0,candidate,full,googleplus,sarahrahxypotts,sarah potts rahxy,"illustrator, artist. sweet -n- sour designs illustration/graphics design",,"['http://www.rahxy.com', 'http://www.zazzle.com/rahxyz*', 'http://rahxy.wordpress.com', 'http://www.facebook.com/Rahxyart', 'http://twitter.com/Rahxy', 'http://www.youtube.com/rahxy', 'http://rahxy.deviantart.com']",twitter,saramations,s king,[animator. illustrator. esoteric. melancholic. libra. dragon.],"michigan, usa",about.me/saraking,Rahxy,saraking
12388,23375,0.9965870307167235,MATCH,AUTO_HIGH,0,candidate,full,instagram,publikaccion,javier,"gallego de pasos perdidos en madrid, sireno varado lejos del mar, apretando donde duele, sino pa'qué...",,http://about.me/publikaccion/,twitter,javpolo,javier polo,"caminante, veedor y relator; en ese orden. no me hables de usted, puedes twittearme.",sevilla españa,javpolo.wordpress.com,publikaccion,javpolo
12523,18270,0.9965870307167235,MATCH,AUTO_HIGH,0,candidate,full,twitter,danrixo,daniele rizzo,"co-founder de il mio matrimonio nel salento, . web project e social media manager. presidente di vincotto",lecce - salento - puglia - sud,whiteapulia.com,googleplus,danielloyola,daniel loyola,"passionate about social media, managing partner of viral marketing and blogger: tecnolgico de monterrey campus santa fe eton school colegio de la ciudad de mxico tecnolgico de monterrey campus ciudad de mxico viral marketing marketer, social media manager imbora marketing assistant vitroespacio e- trisenio the jeffrey group",,,rizzodaniele,danielloyola
12596,13473,0.9965870307167235,MATCH,AUTO_HIGH,0,candidate,full,instagram,rooxynroll,roberta cintra,beletrista. bibliotecária. bookworm. bocuda. besta. befreiend.,,http://about.me/rooxyandroll,twitter,thedjteck,robert bolling,,western mass,facebook.com/bobby.bolling,rooxyandroll,westsidesound
8038,34007,0.9965870307167235,MATCH,AUTO_HIGH,0,candidate,full,googleplus,stephenrossscott,stephen scott,"web geek school of life. current employer assitant director, digital city of melbourne (australia) senior digital strategist (australia) rmit university (australia & vietnam) senior manager, digital. marketing & communications (australia) rmit university (australia) manager, web marketing, marketing & communications hewlett-packard (asia pacific) digital consultant, asia pacific/japan region hewlett-packard (emea) emea portals manager/emea e-communications project manager hewlett-packard (emea) emea web production team manager hewlett-packard (uk & ireland) web production team manager compaq (uk & ireland) e-business partner communications manager compaq (uk & ireland) e-commerce team leader (uk & ireland) compaq (uk & ireland) partner management team leader /assistant team manger",,"['http://instagram.com/stephenscott', 'http://twitter.com/stephenscott', 'http://www.last.fm/user/stephenscott/', 'http://flickr.com/photos/stephenscott/', 'http://stephenscott.tumblr.com/', 'http://www.amazon.com/gp/registry/wishlist/3AGSRMSRTNGYU', 'https://foursquare.com/stephenscott', 'http://www.stephenrossscott.com', 'http://www.stephenrossscott.blogspot.com', 'http://www.youtube.com/stephenrossscott', 'http://www.flyguy.net', 'http://www.twitter.com/FLYGUY', 'http://www.instagram.com/imFLYGUY', 'https://plus.google.com/b/116325231465810007924/116325231465810007924/posts', 'http://www.youtube.com/flyguydotnet', 'http://www.teksushi.com', 'http://www.instagram.com/teksushi', 'https://plus.google.com/+TekSushi', 'http://www.twitter.com/teksushi', 'http://www.youtube.com/teksushi', 'http://www.dorksidetoys.com', 'http://www.instagram.com/dorksidetoys', 'http://www.twitter.com/dorksidetoys', 'http://plus.google.com/+dorksidetoys', 'http://www.youtube.com/dorksidetoys', 'http://www.facebook.com/dorksidetoys', 'http://dorksidetoys.tumblr.com', 'http://www.melbourne.vic.gov.au', 'http://www.melbourne.vic.gov.au/whatson', 'http://www.instagram.com/cityofmelbourne', 'http://www.youtube.com/user/melbournecitycouncil', 'https://plus.google.com/+WhatsOnMelbourne/posts', 'https://twitter.com/thats_melbourne', 'https://plus.google.com/+CityOfMelbourne', 'https://twitter.com/cityofmelbourne', 'https://www.facebook.com/thatsmelbourne', 'https://www.facebook.com/cityofmelbourne', 'http://www.rmit.edu.au', 'https://www.facebook.com/RMITuniversity', 'https://plus.google.com/+rmit', 'https://twitter.com/rmit', 'https://www.youtube.com/user/rmitmedia', 'http://www.hp.com', 'http://maps.google.com.au/maps/user?uid=106313179666844414753&hl=en&gl=au', 'http://delicious.com/stephenrossscott', 'http://www.ted.com/profiles/view/id/57452']",twitter,stephenaxlscott,stephen scott,"i'm just a simple man, trying to make my way in the universe. i muse over geeky stuff, sci-fi, music, movies, marketing, iphoneography and other random things.",brisbane,about.me/stephenjscott,stephenrossscott,stephenjscott
10951,24115,0.9965870307167235,MATCH,AUTO_HIGH,0,candidate,full,twitter,jogais,jordi gangolells,"love . clásico, pero innovador. consultor en marketing digital. colaborador en . socialmedia & digitalmarketing teacher .",mataró barcelona,jordigangolells.com,instagram,jorgeluisat,jorgeluis avilatamariz,"comunicador social, estratega en marketing, proyectos audiovisuales y comunicación corporativa.viajero y optimista.",,https://about.me/jlat85,jogais,jlat85
11043,23439,0.9965870307167235,MATCH,AUTO_HIGH,0,candidate,full,twitter,joselinmane,joselin maneverified account,passionate about life family technology that makes life easier new / social media strategist / passionate about tweetups i run,"boston, ma",litbel.com,googleplus,josluismndez,jos luis mndez,music producer & dj passionate about technology businesses national autonomous university of mexico techba montral business development director,,"['http://twitter.com/jayviciousmx', 'http://www.facebook.com/Viciousmx', 'http://jayviciousmx.blogspot.com/']",JoselinMane,jayvicious
11280,19661,0.9965870307167235,MATCH,AUTO_HIGH,0,candidate,full,instagram,kirinqueen,erin,"i live in san francisco, am married to , knit sweaters and socks, collect snowclones, and walk everywhere (often with therustyshow).",,http://about.me/kirinqueen,twitter,eeshea23,erin,"equine enthusiast, concertgoer, and proud member of the bbn. =",ky,cs.bloodhorse.com/blogs/inside-a…,kirinqueen,eeshea
11284,17465,0.9965870307167235,MATCH,AUTO_HIGH,0,candidate,full,instagram,farmerkit,christopher kit papworth,farmer from norfolk. uk. director of anglia farmers. chairman ct.,,http://www.lfpapworth.co.uk,twitter,topherhyde,christopher hyde,,"atlanta, ga",hydecorp.com,kitpapworth,christopherhyde
11321,18693,0.9965870307167235,MATCH,AUTO_HIGH,0,candidate,full,twitter,kritik4l,david,[ip] - comunicación - esports - airsoft,"madrid, spain",instagram.com/kritik4l,googleplus,davidmcnamara,david mcnamara,"strategist / photographer / geek university of east london cultural studies, ba iris worldwide director of digital strategy jam @ engine strategy director redhouse lane head of digital future plc group account director",,"['http://uk.linkedin.com/in/davidsmcnamara', 'http://www.flickr.com/photos/16396532@N00/', 'http://www.facebook.com/profile.php?id=502853899', 'http://www.last.fm/user/daimac', 'http://deemac99.tumblr.com/', 'http://foursquare.com/deemac99', 'http://pinterest.com/deemac99/', 'http://twitter.com/#!/deemac99', 'http://davidsmcnamara.typepad.com/david-mcnamara/', 'http://followgram.me/deemac99', 'http://gmail.com', 'http://davidsmcnamara.typepad.com/sixbysix/', 'http://www.davidmcnamara.co.uk']",KrITIK4L,davidsmcnamara
11452,21333,0.9965870307167235,MATCH,AUTO_HIGH,0,candidate,full,instagram,andrewallsopp,andrew,"i make films, take photographs, make music, write screenplays and blogs. i like travel and adventure, meeting people and communities.",,http://www.about.me/lifesadventure,googleplus,andrewgermer,andrew germer,i listen to music and make things blow up on the internet. sightbox marketing director owning your own host and producer brim agency director of marketing overapps director of marketing fanscape manager of social media strategy farmers & merchants bank of long beach digital marketer apple inc. mac specialist sqor sports director of marketing and media,,"['http://twitter.com/germer', 'http://www.quora.com/andrew-germer', 'http://www.facebook.com/germer', 'http://www.linkedin.com/in/germer', 'http://www.andrewgermer.com', 'http://bestrank.com/blog', 'http://wintheweb.net', 'http://www.andrewgermer.com', 'http://www.digitallyapproved.com', 'http://www.mediabistro.com', 'http://www.soundcloud.com/germer', 'https://digitalcardmarketplace.com']",Lifesadventure,germer
11584,21429,0.9965870307167235,MATCH,AUTO_HIGH,0,candidate,full,instagram,magneticart,giovanni savino,giovanni savino is a new york-based photographer and cinematographer.,,http://about.me/magneticpic,googleplus,giovaniricciardi,giovani ricciardi,giovani ricciardi photographer,,['http://www.giovaniricciardi.com'],magneticpic,giovaniricciardi
11585,21429,0.9965870307167235,MATCH,AUTO_HIGH,0,candidate,full,twitter,magneticpic,giovanni savino,new york city based photographer and cinematographer,new york,giovannisavinophotography.com,googleplus,giovaniricciardi,giovani ricciardi,giovani ricciardi photographer,,['http://www.giovaniricciardi.com'],magneticpic,giovaniricciardi
11617,27520,0.9965870307167235,MATCH,AUTO_HIGH,0,candidate,full,twitter,morello,marco morello,"mi occupo di web dal '95. ho fondato il sito (integratori alimentari), dedicato a chi ama vivere in pieno benessere.",milano - perugia,about.me/marcomorello,instagram,diariodibordo,marco vignaroli,mi piace ogni scatto della mia vita,,http://www.marcovignaroli.com,marcomorello,marcovignaroli
11617,27954,0.9965870307167235,MATCH,AUTO_HIGH,0,candidate,full,twitter,morello,marco morello,"mi occupo di web dal '95. ho fondato il sito (integratori alimentari), dedicato a chi ama vivere in pieno benessere.",milano - perugia,about.me/marcomorello,googleplus,marymarchesano,mary marchesano,"mi chiamo mary marchesano, ma gli amici mi chiamano pucci free lance giornalista",,"['http://www.facebook.com/mary.p.marchesano', 'https://twitter.com/MaryMarchesano', 'https://www.facebook.com/pages/Nuova-Destinazione/636064589837053?fref=photo', 'http://www.voglioviverecosi.com/index.php?consigli-per-cambiare-vita-vivere-una-vita-migliore-e-pi-felice-_84/vado-a-vivere-a-miami-la-guida-pratica-per-chi-sogna-una-nuova-vita-a-miami-e-in-florida_1804/']",marcomorello,marymarchesano
11627,27606,0.9965870307167235,MATCH,AUTO_HIGH,0,candidate,full,twitter,marcvonmartial,marc von martial,graphic designer // photo artist // ink & film lover // located in germany //,bonn,about.me/marcvonmartial,googleplus,mariarti,mari arti,freelance web/graphic designer based in ukraine olympic weightlifting addict childfree carnivore web designer,,['http://www.mariarti.com'],marcvonmartial,mariarti
11688,27939,0.9965870307167235,MATCH,AUTO_HIGH,0,candidate,full,instagram,maryduarte,mary duarte,profesional en marketing digital. fan de la buena música. fotógrafa y periodista freelance en medellín.,,http://www.maryduarte.com,googleplus,marybrown,mary brown,"nj photographer, graphic designer/art director, instructor and general information junkie. eae business school master en marketing digital y comercio electrnico universidad de zaragoza diplomatura en estadstica tcfc - insights & social marketing market research - data analytics - social marketing - ecommerce - consultant quor responsable comercial madrid odec managing director ikerfel key account manager",,"['http://www.facebook.com/marybphotography', 'http://www.flickr.com/photos/embrownny/', 'http://vimeo.com/marybphotography', 'https://twitter.com/#!/marybphoto', 'http://www.marybphoto.com/about/', 'https://plus.google.com/+MaryBPhotographyDesignNewark/posts', 'http://www.marybphoto.com/blog', 'http://marybphoto.wordpress.com/', 'http://mbp365.wordpress.com/', 'http://embrownny.wordpress.com/', 'http://www.marybphoto.com', 'http://marybphoto.com', 'http://marybphotography.zenfolio.com/', 'https://maryabrown.myportfolio.com/']",maryduarte,maryabrown
6791,31438,0.9965870307167235,MATCH,AUTO_HIGH,0,candidate,full,twitter,rafamorap,mora,"decir lo que realmente pensamos o sentimos en estos tiempos, puede considerarse un acto revolucionario.",guatemala,morafotografia.tumblr.com,instagram,rafaesp,rafael espinosa,me gusta encuadrar lo que veo y preservarlo para la posteridad ∴ puma,,http://about.me/rafaesp,morafotografia,rafaesp
6797,36412,0.9965870307167235,MATCH,AUTO_HIGH,0,candidate,full,twitter,mosckardon,david arriagada,toda idea es una oportunidad trabajo en un sótano pero produzco en la nube ingenioso e ingeniero² actualidad  socialmedia,internet viña y stgo,,instagram,xtasis501,david arroyo,"artista de andar por casa, blogger, inquieto, sin ningún objetivo a corto plazo y con muchos pajaritos en la cabeza",,http://about.me/xtasis501,mosckardon,xtasis501
7141,7142,0.9965870307167235,MATCH,AUTO_HIGH,0,candidate,full,twitter,pbohr,patrick bohr,"software quality assurance expert, system test, integration test, software designer, software developer, software engineer, fatigue test","austin, tx 78728",about.me/patrick_bohr,googleplus,patrickconnelly,patrick connelly,"web and salesforce developer, photographer and all around dork red hat software senior software engineer wake technical community college adjunct professor (computer science) red hat software training manager red hat software support technician north carolina state university teacher's assistant",,"['http://www.youtube.com/user/pconDeadlyPenguin', 'http://twitter.com/aelst', 'http://www.flickr.com/people/grepsy/', 'http://www.linkedin.com/pub/patrick-connelly/28/6b3/b56', 'http://www.last.fm/user/grepsy/', 'http://solenopsis.org/Solenopsis/', 'http://solenopsis.org/sloggly/', 'http://fedoraproject.org/', 'http://deadlypenguin.com', 'http://blog.deadlypenguin.com']",patrickbohr,patrickconnelly
9829,18576,0.9965870307167235,MATCH,AUTO_HIGH,0,candidate,full,twitter,wordonwomack,david womack,"david womack // freelance - designer, animator, shooter, editor - owner of contract media -","allen, tx",ContractMedia.com,googleplus,daviddackmaki,david dack maki,"hello i am david dack maki and i am snap flash photo: an international, award winning, lifestyle photographer who specializes in modern wedding portrait-journalism, fashion and fine art. columbia college chicago photography snap flash photo photographer",,"['http://snapflashphoto.blogspot.com/', 'http://www.snapflashphoto.net']",davidwomack,daviddackmaki
9849,18831,0.9965870307167235,MATCH,AUTO_HIGH,0,candidate,full,twitter,debtech,debtech,オープンエアを愛する中年。ロードバイクとオープンカーと軽より小さいクルマが愛車。流行モノや限定モノというフレーズに弱いことに加え、角煮が苦手という致命的な弱点がある。シングルタスク派/洋画/colnago/z4(e89)/a3(8vcxsl)/iq(j10)/d40x/gopro/ps4/日本酒/芋焼酎/ラーメン/蕎麦,jct,about.me/debtech,googleplus,debs3,deb steenhagen,,,"['http://www.momof3girls.net', 'http://twitter.com/DebMomOf3', 'http://www.flickr.com/photos/debmomof3/', 'http://www.youtube.com/user/DebMomOf3', 'http://www.travelingmom.com/author/momof3girls/', 'http://www.momof3girls.net']",debtech,debmomof3
10134,20087,0.9965870307167235,MATCH,AUTO_HIGH,0,candidate,full,instagram,ericfoster,eric foster,"father, husband, community manager, photographer, filmmaker and editor always trying to get better!",,http://www.ericfoster.net,twitter,osoamazin,eric grace,christian. photographer. filmmaker. blogger. speed junkie. nerd. undercover caribbean samurai. home-made ice cream ninja. not always in that order. shh!!,"sparks, nv",about.me/ericgrace,ericfoster,ericgrace
31570,33012,0.9965870307167235,MATCH,AUTO_HIGH,0,candidate,full,instagram,rappscott,scott,,,,googleplus,scottivey,scott ivey,"kind, genuine, thoughtful, knowledgeable, empathetic, loyal, professional scott ivey real estate realtor",,"['https://www.facebook.com/scottiveytoday', 'https://www.facebook.com/pages/Keepin-It-Real-In-Real-Estate/112931018756979', 'http://www.myspace.com/169254011', 'http://www.myspace.com/scottivey', 'http://twitter.com/scottivey', 'http://scottivey.yelp.com', 'http://scottivey.net']",rappscott,scottivey
10368,17247,0.9965870307167235,MATCH,AUTO_HIGH,0,candidate,full,instagram,geektechlive,chris,"tech innovator by day, photo nut by night! tk-41973 of the 501st legion all the time. check out my webseries at",,http://youtube.com/geektechlive,googleplus,chrisblundell,chris blundell,i make stuff the hit squad director,,"['http://twitter.com/superpixelchris', 'http://facebook.com', 'http://uk.linkedin.com/in/cblundell', 'http://thevurp.com', 'http://ilovethehitsquad.com', 'http://superpixelchris.com']",GeektechLive,chrisblundell
10368,17259,0.9965870307167235,MATCH,AUTO_HIGH,0,candidate,full,instagram,geektechlive,chris,"tech innovator by day, photo nut by night! tk-41973 of the 501st legion all the time. check out my webseries at",,http://youtube.com/geektechlive,googleplus,chriscandy,chris candy,. ?,,"['http://www.youtube.com/user/MrsChrisCandy', 'http://vk.com/chriscandy', 'http://www.facebook.com/chriscandy.ru', 'https://twitter.com/ChrisCandyTweet', 'http://instagram.com/chriscandy_meow', 'http://about.me/chriscandy', 'http://chriscandy.tumblr.com/', 'http://chriscandy.mmm-tasty.ru/', 'http://ask.fm/chriscandy', 'http://sprashivai.ru/chriscandy', 'http://trislovamne.ru/chriscandy', 'http://www.odnoklassniki.ru/chris.candy']",GeektechLive,chriscandy
10368,17286,0.9965870307167235,MATCH,AUTO_HIGH,0,candidate,full,instagram,geektechlive,chris,"tech innovator by day, photo nut by night! tk-41973 of the 501st legion all the time. check out my webseries at",,http://youtube.com/geektechlive,googleplus,chrisgower,chris gower,primarily writes and blogs about eating food made by others. social media/movie/pipe organ/tech nerd. editor of . exeter college tech,,"['http://www.chrisgower.co.uk', 'http://twitter.com/chrisgower', 'http://www.facebook.com/recipevintage', 'http://www.facebook.com/chrisfultongower', 'http://twitter.com/recipevintage', 'http://twitter.com/eatingexeter', 'http://recipemutiny.blogspot.com/', 'http://recipevintage.blogspot.com/']",GeektechLive,chrisfultongower
10368,17480,0.9965870307167235,MATCH,AUTO_HIGH,0,candidate,full,instagram,geektechlive,chris,"tech innovator by day, photo nut by night! tk-41973 of the 501st legion all the time. check out my webseries at",,http://youtube.com/geektechlive,twitter,chrisspiewak,christopher spiewak,"ceo of spiewak consulting - inspired by life, architecture, design, community and all the creative possibility in the world!",boulder colorado,christopherspiewak.com,GeektechLive,christopherspiewak
10368,26208,0.9965870307167235,MATCH,AUTO_HIGH,0,candidate,full,instagram,geektechlive,chris,"tech innovator by day, photo nut by night! tk-41973 of the 501st legion all the time. check out my webseries at",,http://youtube.com/geektechlive,googleplus,chrispirillo,chris pirillo,"geek / nerd, infotainer, speaker, entrepreneur, tech addict, and an expert (in being myself). i've been online since 1992. / chris .com lockergnome geek techtv show host cnn live contributor",,"['http://twitter.com/ChrisPirillo', 'http://youtube.com/ChrisPirillo', 'http://facebook.com/chrispirillo', 'http://patreon.com/ChrisPirillo', 'http://flickr.com/lockergnome', 'http://www.linkedin.com/in/chrispirillo', 'http://youtube.com/GeekLifestyles', 'http://www.lockergnome.com/', 'http://chris.pirillo.com/', 'http://amzn.com/w/F2I2ETQ5R8D5']",GeektechLive,l0ckergn0me
10369,17286,0.9965870307167235,MATCH,AUTO_HIGH,0,candidate,full,twitter,geektechlive,chris,"creator & host of geek tech live on youtube! nerd by day, geek by night. member of the 501st legion as stormtrooper tk41973",in my tk armor,YouTube.com/geektechlive,googleplus,chrisgower,chris gower,primarily writes and blogs about eating food made by others. social media/movie/pipe organ/tech nerd. editor of . exeter college tech,,"['http://www.chrisgower.co.uk', 'http://twitter.com/chrisgower', 'http://www.facebook.com/recipevintage', 'http://www.facebook.com/chrisfultongower', 'http://twitter.com/recipevintage', 'http://twitter.com/eatingexeter', 'http://recipemutiny.blogspot.com/', 'http://recipevintage.blogspot.com/']",GeektechLive,chrisfultongower
3812,17480,0.9965870307167235,MATCH,AUTO_HIGH,0,candidate,full,googleplus,chriswalkerinnerwealth,chris walker,life coach who lives inspired by nature agsm sydney mba - ecology - health - zen - yoga - leadership - relationship / family dynamics walker international ceo,,"['http://youtube.com/user/chriswalkeronline', 'http://twitter.com/chriswalker_iw', 'https://au.linkedin.com/in/corporateretreatspecialist', 'http://www.innerwealth.me', 'http://www.chriswalker.com.au']",twitter,chrisspiewak,christopher spiewak,"ceo of spiewak consulting - inspired by life, architecture, design, community and all the creative possibility in the world!",boulder colorado,christopherspiewak.com,chriswalkerinnerwealth,christopherspiewak
10678,30651,0.9965870307167235,MATCH,AUTO_HIGH,0,candidate,full,instagram,jajouka,paul adams,photographer video editor by day! computers by night laptop mobile_phone,,http://about.me/jajouka,googleplus,paulashton,paul ashton,"web manager by day, freelance web dude by night yellow brick digital the boss",,"['http://twitter.com/paulashton1979', 'http://www.theyellowbrickroad.co.uk']",jajouka,paulashton
7684,12335,0.9965870307167235,MATCH,AUTO_HIGH,0,candidate,full,googleplus,ryanpenagos,ryan penagos,"executive editorial director of marvel.com. writer, blogger, lover of tacos, tattoos, comics, video games, pop culture & cute stuff. suny purchase journalism adelphi university no idea sewanhaka high school pizza marvel entertainment, marvel.com executive editorial director wizard entertainment associate editor blockbuster video (wow! what a difference!) assistant manager bendix carvings shipping manager",,"['http://marvel.com/blogs/Agent_M/', 'http://www.last.fm/user/Etrigan480', 'http://www.linkedin.com/in/ryanpenagos', 'http://www.flickr.com/photos/tacosporvida/', 'http://www.yelp.com/user_details?userid=jQXLgeH10hqLiDI9R0O0Tw', 'http://twitter.com/agentm', 'http://twitter.com/agentm', 'http://marvel.com', 'http://marvelentertainment.tumblr.com', 'http://tacosporvida.wordpress.com', 'http://agentmlovestacos.tumblr.com', 'http://agentmlovestacos.tumblr.com', 'http://tacosporvida.wordpress.com']",twitter,plinske,ryan plinske,sports fan. marvel lover. regular guy.,"geneva, il",about.me/plinske,ryanpenagos,plinske
7804,13104,0.9965870307167235,MATCH,AUTO_HIGH,0,candidate,full,googleplus,scottkoegler,scott koegler,"i'm a geek who loves understanding and explaining technology revelationship, inc. president, publisher, editor, writer",,"['http://about.me/scottkoegler', 'https://scottkoegler.contently.com/', 'http://www.flickr.com/people/skoegler/', 'http://www.linkedin.com/in/scottkoegler', 'http://www.facebook.com/scottkoegler', 'http://twitter.com/scottkoegler', 'http://exuberation.com', 'http://ec-bp.com']",instagram,techmonkey74,scott,"gamer geek owned by posts kittehs,and random crap.follow me twitter or elsewhere",,https://twitter.com/#!/TechMonkey74,ScottKoegler,techmonkey74
7970,22706,0.9965870307167235,MATCH,AUTO_HIGH,0,candidate,full,googleplus,vanessapearsonatlarge,vanessa pearson,internet marketing extraordinaire... hopefully. sothisisthenewshit.com director,,"['http://twitter.com/noodlegirlsie', 'http://www.flickr.com/people/noodlegirlsie/', 'http://www.quora.com/noodlegirlsie', 'http://www.linkedin.com/in/noodlegirlsie', 'http://www.facebook.com/vanessa.e.benvenuto', 'http://www.flickr.com/people/sothisisthenewshit/', 'http://sothisisthenewshit.com', 'http://thebestofmakingmoneyonline.com', 'http://thebestofeverythingonline.com']",twitter,inlovewithnow,vanessa po,,omaha  nebraska,,sothisisthenewshit,inlovewithnow
8019,33906,0.9965870307167235,MATCH,AUTO_HIGH,0,candidate,full,twitter,edidatelling,stefano angelo,"progetto editoriale, di promozione culturale, volto a lanciare nuovi talenti e a diffondere l'utilizzo degli e-book",firenze,edida.net,googleplus,stefanogiudicislacabos,stefano giudici,incurable geek universit degli studi di bergamo international business universit degli studi di bergamo economia e amministrazione delle imprese itcpa b.belotti moneyfarm web marketing specialst tizianafausti.com web marketing and social media intern,,"['http://about.me/stefano.giudici', 'http://twitter.com/slacabos', 'http://www.flickr.com/people/slacabos/', 'http://picasaweb.google.com/slacabos', 'http://stefanogiudici.com', 'http://slacabos.blogspot.com/', 'http://www.moneyfarm.com/blog/author/stefano-slacabos/', 'http://www.moneyfarm.com/blog', 'https://medium.com/@slacabos', 'http://slacabos.wordpress.com']",stefanoangelo,stefanogiudici
9045,32602,0.9965870307167235,MATCH,AUTO_HIGH,0,candidate,full,twitter,andrewsfg,andrews,"front-end developer, ui-ux enthusiastic and musician. art is resistance.","são paulo, sp",andrecomws.com,instagram,s1lentb0b,andrew wood,"musician, amateur photographer and gamer. i tweet, i blog (sometimes). generally enjoying what i'm doing at the moment ;)",,http://www.awoodpix.co.uk,andrewsfg,s1lentb0bUK
9272,15918,0.9965870307167235,MATCH,AUTO_HIGH,0,candidate,full,instagram,benmiller,ben miller,"photographer / director / dp. clients: adidas, rolling stone, playboy, toyota, gap, dr. pepper, vice, vanity fair, patron info .com",,http://www.benmillerphoto.com,googleplus,benmillerat,ben miller,"manchester metropolitan university isc twitter brand strategy lead groupm head of new media : strategic & innovation planning, consumer insights, social media, mobile marketing... mindshare director of new media : strategic & innovation planning, consumer insights, social media, mobile marketing...",,"['http://www.about.me/benmiller', 'http://www.facebook.com/www.benm.at', 'http://youtube.com/user/mbensen', 'http://www.flickr.com/photos/benm_at/', 'http://plus.ly/miller', 'http://gplus.to/miller', 'http://www.twitter.com/bensen', 'http://www.giga.de/author/benjamin-miller/', 'http://www.giga.de/author/benjamin-miller/', 'http://www.giga.de/author/benjamin-miller/', 'http://www.giga.de/author/benjamin-miller/']",benmillerphoto,benmiller
9364,25262,0.9965870307167235,MATCH,AUTO_HIGH,0,candidate,full,instagram,breakbeatx,karen m,"photographer, artist, printmaker, traveller, rum drinker, beer lover, geek...",,https://www.facebook.com/karenmorecroftart,twitter,karenlmessick,karen l messick,photographer: photography educator: iphoneographer: artist,find my workshops on my blog,about.me/KarenLMessick,breakbeat,KarenLMessick
8053,26043,0.9965870307167235,MATCH,AUTO_HIGH,0,candidate,full,twitter,stevenfisher,steven fisher,"futurist, designer, entrepreneur, film maker, author of startupequation book. funny guy. passions innovation iot drones vr ar startups ux futureofwork","boston, ma",about.me/stevenfisher,googleplus,stefanofois,stefano fois,multidisciplinary designer / frontend developer / technology lover / videogamer /love the sun and the beach of my sardinia. university of cagliari user interface designer jobyourlife.com ui / ux designer and front-end developer,,"['http://www.linkedin.com/in/stefanofois', 'http://twitter.com/krdesigndotit', 'http://www.krdesign.it', 'http://twitter.com/krdesigndotit', 'http://www.facebook.com/stefanofois', 'http://instagram.com/krdesign']",stevenfisher,krdesigndotit
8124,33971,0.9965870307167235,MATCH,AUTO_HIGH,0,candidate,full,googleplus,stephanholler,s h,"geduld, vernunft, humor...wer hat das schon? ;-) bigdog agency social media director",,,twitter,stephanr78,stephan rbbeln,"papa, nerd, produkt manager & social media strategist , autor von social media für unternehmen:","hildesheim, germany",stephanroebbeln.de,sz0j3k,stephanroebbeln
8282,34990,0.9965870307167235,MATCH,AUTO_HIGH,0,candidate,full,googleplus,timriley,tim riley,"phd graduate, media lecturer, multi-media designer, blackburn rovers supporter and slightly obsessive fan of the fall. ravensbourne senior lecturer",,"['http://www.facebook.com/profile.php?id=696042141', 'http://vimeo.com/timrileydigital', 'http://www.linkedin.com/in/timrileydigital', 'http://picasaweb.google.com/timrileydigital', 'http://twitter.com/timfrantic', 'http://www.timrileydigital.com']",instagram,triley60,tim riley,"npr critic and author tim riley reviews pop and classical music for npr, the new york times, truthdig, and the huffington post.",,http://timrileyauthor.com,timriley,timrileyauthor
8292,30782,0.9965870307167235,MATCH,AUTO_HIGH,0,candidate,full,googleplus,pierrelannes,pierre lannes titou,"gascon export universit de toulouse - jean jaurs dess (master 2) sciences cognitives et interactions hommes-machines ecole polytechnique de montral, qubec dess d'ergonomie - gnie industriel lyce marchal lannes, lectoure, gers baccalaurat lettres et mathmatiques - a1 collge du fezensaguet, mauvezin, gers ecole publique de mauvezin, gers af83 directeur ux/ui design ergonome freelance dixid user experience directeur conseil exprience clients utilisateurs sqli directeur conseil cx / ux ergotec ergonome conseil associ ecole nationale de l'aviation civile ecole nationale de l'aviation civile christol consultants ergonome conseil",,"['https://www.linkedin.com/in/pierrelannes/fr', 'https://www.facebook.com/pierre.lannes', 'https://twitter.com/titounet', 'https://www.flickr.com/photos/titounet', 'https://www.pinterest.com/titounet/', 'https://www.pierre-lannes.fr/', 'https://titou.tumblr.com', 'http://www.doodle.com/titou', 'https://medium.com/@titou', 'https://surfayre.blogspot.com', 'http://www.scoop.it/t/usages', 'http://www.scoop.it/t/ergonome', 'https://flipboard.com/@titou/experience-parcours-client-et-usagers-at4u6ubky']",twitter,mongolito404,pierre buyle,,,,titou,pbuyle
8535,34110,0.9965870307167235,MATCH,AUTO_HIGH,0,candidate,full,twitter,dakotageek,steve w,"husband, father, network designer, geocacher, hunter and geek who loves to do just about anything outdoors",south dakota,about.me/weidner,googleplus,stevewilliams,steve williams,geography teacher. web wanderer & volkswagen nerd i work for my wife. she tells m what to do and i do it. husband australian army security retail,,"['http://www.mrhsie.com', 'http://www.hsie.com.au']",weidner,stevewilliams
31752,31757,0.9965870307167235,MATCH,AUTO_HIGH,0,candidate,full,googleplus,renefishman,rene fishman,"agent of empowerment, nyc real estate specialist & social media & marketing innovator tony robbins mastery university life & results university of pennsylvania communication & marketing columbia law school law ramaz high school halstead property, llc licensed associate real estate broker empowerment coaching business relationship & social media advisor weil, gotshal & manges llp associate creditex inc. associate counsel soap opera digest freelance writer",,"['http://www.sendoutcards.com/reneefishman', 'http://www.sendoutcards.com/reneefishman', 'http://www.reneefishman.com', 'http://www.twitter.com/reneefishman', 'http://www.facebook.com/reneefishman', 'http://www.foursquare.com/reneefishman', 'http://www.linkedin.com/in/reneefishman', 'http://picasaweb.google.com/reneefishman', 'http://www.flickr.com/photos/27955421@N06/', 'http://www.vimeo.com/reneefishman', 'http://www.quora.com/renee-fishman', 'http://www.plaxo.com/profile/showPublic/reneefishman', 'http://www.google.com/reader/shared/reneefishman', 'http://www.foodspotting.com/reneefishman', 'http://www.scribd.com/reneefishman', 'http://www.slideshare.net/reneefishman']",twitter,renefabre,rene fabre,"new media marketing... instructor, speaker, evangelist, at first american title school of real estate - washington. (opinions are mine)","renton, wa",about.me/renefabre,reneefishman,renefabre
8760,13781,0.9965870307167235,MATCH,AUTO_HIGH,0,candidate,full,instagram,adamparnes,adam parnes,"i create corporate communications, experiment with technology and strive to be a good husband and father.",,http://adamparnes.com,twitter,adammokan,adam mokan,husband and father. beard and hat dude at . music production nerd. electronics guy. habitual button-pusher. from michigan.,"chandler, arizona",adammokan.com,adamparnes,adammokan
8822,14085,0.9965870307167235,MATCH,AUTO_HIGH,0,candidate,full,instagram,indyalan,alan hayes,"indianapolis photographer shooting film and digital. spinning with vinyl. life, image and small business coach.",,http://www.modimages.net,googleplus,alankippingruane,alan murphy,"elite triathlon coach, exercise kinesiologist, photographer, writer & tedx organizer pennsylvania state university kinesiology + business minor akr digital photography photographer triguy multisport coaching triathlon coach",,"['https://www.facebook.com/alanpkr', 'http://www.youtube.com/triguycoaching', 'https://www.quora.com/Alan-Kipping-Ruane', 'http://www.twitter.com/triguycoaching', 'http://www.linkedin.com/in/akippingruane', 'http://www.flickr.com/people/triguycoaching/', 'http://www.TriGuyCoaching.com/', 'http://www.kippingruane.wordpress.com/']",alanhayes,akippingruane
8870,35412,0.9965870307167235,MATCH,AUTO_HIGH,0,candidate,full,instagram,alexdbk,alexander debkaliuk,ux designer,,http://alexdbk.com,googleplus,alexandraleisse,alexandra leisse,girl gone geek iterate as lead interaction designer cfengine ux designer nokia web community manager ardoq as,,"['http://untangled.biz/blog', 'http://www.linkedin.com/in/troubalex', 'http://troubalex.de', 'http://twitter.com/troubalex', 'http://www.facebook.com/profile.php?id=1078531600', 'http://flickr.com/troubalex', 'http://www.last.fm/user/troubalex/', 'http://developer.qt.nokia.com', 'http://labs.qt.nokia.com', 'https://medium.com/@troubalex']",alexdbk,troubalex
9568,17393,0.9965870307167235,MATCH,AUTO_HIGH,0,candidate,full,instagram,pelley,christopher pelley,"programmer, cuber, retro futurist, armchair philosopher, scientist, and patron of the arts. living with my family among the moose, owls, and trees.",,,twitter,nixian,christian pelletier,"designer + partner , cofounder + , and collector of things weird and wonderful.","sudbury, ontario",studio123.ca,ChrisPelley,christianpelletier
168,14575,0.9965870307167235,MATCH,AUTO_HIGH,0,candidate,full,googleplus,markd,mark d,"beer, baseball, disney. not necessarily in that order. arizona state university secondary education",,"['http://www.youtube.com/user/TheBigBaldMark', 'http://bigbaldmark.wordpress.com']",instagram,amateurx,mark,"beer, cars, life.",,http://Flavors.me/amateurx,bigbaldmark,amateurx
9720,31176,0.9965870307167235,MATCH,AUTO_HIGH,0,candidate,full,instagram,danielacox3,daniela,una stella guarda il mondo e dentro il mondo si perde..,,,googleplus,danielapoetyca,daniela poetyca,pensa con il cuore e vivi l'attimo presente. itf poetyca,,"['http://poetyca.wordpress.com/', 'http://picasaweb.google.com/poetyca', 'http://www.google.com/reader/shared/Poetyca', 'http://pulse.yahoo.com/_UT7MKFJ6AMLJ7X7Q32KDMHWXYY', 'http://www.flickr.com/people/poetyca/', 'http://www.facebook.com/pages/Poetyca/115133775178826', 'http://twitter.com/Poetyca', 'http://youtube.com/user/Poedany', 'http://www.last.fm/user/poetyca/', 'http://soundcloud.com/poetyca', 'https://www.facebook.com/poedany', 'http://www.myspace.com/Poetyca', 'http://www.youtube.com/user/Poedany', 'http://twitter.com/Poetyca', 'http://poetycamente.blogspot.com/']",danielacox,poetyca
9821,18601,0.9965870307167235,MATCH,AUTO_HIGH,0,candidate,full,twitter,davidperze,david perze,passionate about beauty,,davidperze.com,instagram,daviderota,davide rota,"passionate about art, tech, internet, science.",,http://about.me/daviderota,davidperze,daviderota
256,16959,0.9965870307167235,MATCH,AUTO_HIGH,0,candidate,full,instagram,balls1e,christophr paul,sometimes.. i drive into the country & find a deciduous_tree on the horizon camera_with_flash info .ca christophr p. ...i be balls1e oncoming_fist_medium-light_skin_tone sparkles movie_camera helicopter down_arrow owner/uav pilot right_arrow,,http://goneflying.ca,googleplus,chrisdao,chris dao,"vietnamese designer/future architect cdi douglass pye, inc. intern architect berridge manufacturing cad draftsman admiral glass company cad draftsman university of houston auxiliary services marketing student dang la architecture architectural design summer intern",,"['http://architecturalvoyage.blogspot.com/', 'https://www.facebook.com/cdaoism', 'http://www.linkedin.com/in/cmdao2012', 'http://twitter.com/cdao11', 'http://www.last.fm/user/cdao/', 'http://www.flickr.com/photos/cdaoism/', 'https://www.flickr.com/photos/155335398@N08/']",cHR1stopherP,cdao2012
260,17381,0.9965870307167235,MATCH,AUTO_HIGH,0,candidate,full,googleplus,christinalahti,christina lahti,creativity involves breaking out of established patterns in order to look at things in a different way. university of surrey human biology open university psychology graham jones internet psychologist,,"['http://www.sportingkc.com', 'http://www.vinsolutions.com']",twitter,gizmomogwai,christian kstlin,,munich,,christinalahti,christiankoestlin
319,9734,0.9965870307167235,MATCH,AUTO_HIGH,0,candidate,full,googleplus,danielamoraesdesign,daniela bonesso,"amateur photographer, digital art enthusiast, fantasy-sci-fi nerd. johnson county community college associate of applied science, interactive media colgio objetivo (high school) escola estadual barbosa ferraz (secondary school) escola estadual ana nery (elementary school) moraes design web and graphic designer (self employed) old photo restore digital photo restoration expert (self employed) shoppers drug mart cashier/merchandiser/customer service *different marketing and staffing agencies marketing promoter (freelancer) carillo pastore euro rscg receptionist (part time)",,"['http://www.linkedin.com/in/moraesdesign', 'http://about.me/danielabonesso', 'http://geekyshymama.weebly.com/', 'http://bonesso.weebly.com/', 'http://www.pinterest.com/geekyshymama/boards/', 'https://instagram.com/geekyshymama/', 'http://www.youtube.com/user/TheRealGojiraGirl75', 'http://www.filmcrave.com/profile_view_reviews.php?id=9181', 'http://www.filmcrave.com/profile_view_votes.php?id=9181']",instagram,sas,daniel sas,"graphic designer, illustrator, av editor and animator. brasil",,http://twitter.com/sas_,danielamoraes,danielsas
323,4629,0.9965870307167235,MATCH,AUTO_HIGH,0,candidate,full,googleplus,danielfernandez,daniel fernandez,,,"['http://twitter.com/digdamao', 'https://www.facebook.com/profile.php?id=794039029&v=info']",twitter,fokewulf,daniele,...a volte i pensieri sono veloci.. a volte stupidi. ma sono e rimangono sempre miei !!,"milano, italy",fokewulf.it,danielfernandezarevalo,fokewulf
325,18232,0.9965870307167235,MATCH,AUTO_HIGH,0,candidate,full,twitter,danielhdr,daniel hdr,- comic book creator - and currently on the shadow new series (dynamite ent.),brazil,danielhdr.com.br,instagram,danielerossi,daniele rossi,cartoonist. digital media and strength training obsessed. producer of the stutteringiscool.com podcast/comic book.,,http://danielerossi.ca,danielhdr,danielerossi
326,4629,0.9965870307167235,MATCH,AUTO_HIGH,0,candidate,full,googleplus,daniellasauro,daniella sauro,,,,twitter,fokewulf,daniele,...a volte i pensieri sono veloci.. a volte stupidi. ma sono e rimangono sempre miei !!,"milano, italy",fokewulf.it,DaniellaSauro,fokewulf
327,18306,0.9965870307167235,MATCH,AUTO_HIGH,0,candidate,full,instagram,danielle_baiz,danielle baiz,digital copywriter/creative based in detroit. side hustle: brand ambassador/product specialist.,,http://www.daniellebaiz.com,googleplus,danieltuttle,daniel tuttle,"i am a musician, dj, photographer, promoter and web builder based in arizona north side high school indiana university-purdue university fort wayne netgen connect web developer detroit kung fu academy social media / web management bottle imp productions administrator techteam global knowledge engineer eclectic detroit artist management",,"['http://last.fm/user/obsequious', 'http://www.flickr.com/photos/dt10111/', 'http://facebook.com/dt101111', 'http://twitter.com/dt10111', 'http://danieltuttle.com/', 'https://foursquare.com/dt10111/', 'http://pinterest.com/dt10111/', 'http://open.spotify.com/user/dt10111/', 'http://lifetowardtwilight.tumblr.com/', 'http://www.behance.net/danieltuttle', 'http://www.linkedin.com/in/danieltuttle/', 'http://kungfudetroit.com', 'http://bottle-imp.com/', 'http://lifetowardtwilight.com/', 'http://danieltuttle.com']",daniellebaiz,danieltuttle
354,18561,0.9965870307167235,MATCH,AUTO_HIGH,0,candidate,full,twitter,hiperterminal,david,blogger. interesado en ciencia de la información y afines,"bogotá, d.c., colombia",hiperterminal.com,googleplus,davidcardonafilms,david cardona,mixto de schaman bup alonso quesada cou ies el rincon administracion de sistemas informaticos ies el rincon desarrollo de aplicaciones informaticas ies severo ochoa desarrollo de aplicaciones informaticas,,,davidramirezordonez,davidcardona
354,18651,0.9965870307167235,MATCH,AUTO_HIGH,0,candidate,full,twitter,hiperterminal,david,blogger. interesado en ciencia de la información y afines,"bogotá, d.c., colombia",hiperterminal.com,googleplus,davidmerinas,david merinas,visibilidad en internet universidad de crdoba lcdo. en fsicas surfer koala gerente deidos estudio gerente unipimus cto,,"['https://www.davidmerinas.com', 'https://www.surferkoala.com']",davidramirezordonez,davidmerinas
31849,31857,0.9965870307167235,MATCH,AUTO_HIGH,0,candidate,full,instagram,ricardohoyos1,ricardo hoyos,coordinador departamental y responsable de comunicación 2.0 en empresa de distribucion valenciana. coproductor de social media podcast smpodcast,,,googleplus,ricardopadilha,ricardo padilha,"estratgia digital, mdias sociais - segurana de informaes e detetive em fortaleza confidencial e - business midia social e detetives fortaleza- agencia de investigaes construo de sites",,"['http://twitter.com/ricardorpadilha', 'http://www.orkut.com/Main#Profile?uid=10883170138852622752', 'http://visaodeontem.blogspot.com/', 'http://consultoriateologica.blogspot.com/', 'http://arvoresmortas.blogspot.com/', 'http://estrategiasdeweb.blogspot.com/', 'http://vemcomigo-org.blogspot.com/', 'http://copianado.blogspot.com/', 'http://naosjornal.blogspot.com/', 'http://carlitopamplonahoje.blogspot.com/', 'https://www.facebook.com/pages/Leadership-Team-Development/161334077247505', 'http://www.rictechbrazil.com', 'http://www.plaxo.com/profile/showPublic/55835628985?', 'https://www.yammer.com/ricardopadilha.com', 'https://sites.google.com/site/usinadesitesrictech/', 'http://projects.zoho.com/portal/rictech', 'http://www.bibliaonline.com.br/', 'https://accounts.zoho.com/u/h#home', 'http://www.ricardopadilha.com', 'http://www.facebook.com/prconsulte', 'http://www.facebook.com/rictech', 'http://os.icloud.com/', 'http://www.arvoresmortas.blogspot.com', 'http://br.linkedin.com/pub/ricardo-padilha/15/7b8/675', 'http://teopadilha.blogspot.com/', 'http://mail.aol.com/33490-111/aol-6/en-us/Lite/Today.aspx?src=bandwidth', 'http://sites.google.com/site/teopadilha/', 'http://www.google.com/calendar/embed?src=teopadilha%40gmail.com&ctz=America/Argentina/Buenos_Aires', 'http://mpebrasil.wetpaint.com/', 'http://mpebrasil.tk', 'http://mpebrasil.tk', 'http://ricardopadilha.aprex.com.br', 'http://www.google.com/profiles/teopadilha', 'http://zoho.com/', 'http://twitter.com/teopadilha', 'http://twittelembra.com', 'http://www.sumo.fi/flash/sumopaint/index.php?id=0', 'http://www.palestrantes.org', 'http://www.google.com/reader/shared/11438805954014450891', 'http://www.bitdefender.com/scan8/ie.html', 'http://67.15.0.93/~tvatalai/studiopalmas.asx', 'http://mashable.com/2007/08/22/web-os/', 'http://cid-430a9553a6ed621c.skydrive.live.com/self.aspx/.Public/mobile.exe?ccr=4818&lc=1046', 'http://chat.zoho.com', 'http://sitebuilder.websitewelcome.com/Wizard/Overview', 'http://demotryout.developing.rvskin.com/www/index.php', 'http://www.bannerfans.com/banner_maker.php', 'http://www.logoease.com/', 'https://www.photoshop.com/user/eee/express', 'http://www.convertdirect.com', 'http://convert.playtube.com/', 'http://www.scrapee.net', 'http://1rst.viviti.com', 'http://www.picture2life.com/', 'http://grazr.com', 'http://ricardopadilha.wordpress.com/', 'http://webim.live.sg', 'http://maisfollowers.net', 'http://office2010.microsoft.com/pt-br/bem-vindo-ao-microsoft-office-2010-FX100996036.aspx', 'http://smallbusiness.officelive.com/marketplace/?cloc=en-us', 'http://businessonmain.msn.com/?source=officeonline', 'http://www.lc4.in', 'http://prconsulte.typepad.com/blog', 'http://klout.com', 'http://www.ring2skype.com', 'http://developers.facebook.com/', 'http://www.dominiopublico.gov.br/pesquisa/PesquisaObraForm.jsp', 'https://www.zoho.com/']",ricardohoyos,ricardopadilha
31851,31855,0.9965870307167235,MATCH,AUTO_HIGH,0,candidate,full,googleplus,ricardollera,ricardo llera,"formador/consultor freelance en social media, marketing y redes sociales profesionales iees publicidad y mrketing escuela ces mster en comunicacin 2.0 y community manager ces protools forem edicin digital avid masercisa aplicaciones adobe para productos digitales ibm autocad 2d y 3d ceim microsoft office: certificacin ecdl ceim formacin de directivos y mandos intermedios ceim formador de formadores ifes planificacin, desarrollo y evaluacin de acciones formativas univ. san pablo ceu gestin medioambiental en centros educativos miner sistemas multimedia y nuevas tecnologas en la educacin cepyme orientar la empresa al cliente (comercial) cepyme aplicar el pensamiento estratgico a la empresa (empresarial) sgae marketing y gestin de los servicios interactivos univ.europea cees gestin empresarial cepyme gestionar la calidad total (empresarial) ceim habilidades directivas ceim nuevas tecnologas en las pymes cepyme tcnicas avanzadas de internet cepyme gestin de rr.hh. univ. san pablo ceu e-marketing y turismo rural univ. san pablo ceu sistemas de gestin medioambiental cepyme gestin contable aite sonido en producciones audiovisuales esine, centro de estudios tcnicos empresariales tcnico intermedio en prl imaf tcnico en audiovisuales canal empresarial nuevos modelos de comunicacin: herramientas 2.0 canal empresarial estrategias de marketing 2.0 ixuxuxuu ceo / responsable de marketing comunica2punto0 blogger social media smm freelance marketing/publicidad formador freelance escuela ces director tcnico",,"['http://about.me/ricardollera', 'http://comunica2punto0.wordpress.com/', 'http://es.linkedin.com/in/ricardollera', 'http://facebook.com/ricardo.llera', 'http://www.youtube.com/user/comunica2punto0VIDEO', 'https://es.foursquare.com/ricardollera', 'http://www.goscoville.com/user/ricardollera', 'http://ricardollera.posterous.com/', 'http://www.stumbleupon.com/stumbler/ricardollera/', 'http://www.delicious.com/ricardollera', 'http://comunica2punto0.com', 'http://utopic.me/ricardo.llera', 'http://facebook.com/comunica2punto0', 'http://klout.com/#/ricardollera', 'http://www.mywebcareer.com/profile/ricardollera', 'http://www.google.com/reader/shared/agitador.social', 'https://picasaweb.google.com/agitador.social', 'http://www.flickr.com/photos/ricardollera/', 'http://www.reddit.com/user/ricardollera/', 'http://viajeteca.com/user/ricardo_llera', 'http://www.findpeopleonplus.com/profiles/109363886828312405191', 'http://panoramio.com/user/ricardollera', 'http://plusya.com/ricardollera', 'http://whytofollow.me/ricardollera', 'http://www.ecademy.com/user/ricardollera', 'http://myonepage.com/ricardollera', 'http://bambuser.com/channel/ricardollera', 'http://www.goear.com/user/ricardollera', 'http://twitter.com/ricardollera', 'http://pulse.yahoo.com/_4TGIEH4TNZDRRZYGN2OZOTLG3Q', 'http://profile.live.com/cid-30549fc00bb89388', 'http://brazen.me/u/ricardo.llera', 'http://gpc.fm/profiles/verify/1294', 'http://www.youtube.com/user/comunica2punto0VIDEO', 'http://ricardollera.com', 'http://todovideosvirales.blogspot.com/', 'http://comunica2punto0.com/author/ricardollera/', 'http://empleosocialmedia.wordpress.com', 'http://slideshare.net', 'http://www.slideshare.net/ricardollera', 'http://www.xing.com/Ricardo_Llera', 'http://paper.li/ricardollera', 'http://summify.com/ricardollera', 'http://grooveshark.com/ricardollera', 'http://minus.com/ricardollera']",instagram,guanaosorno,ricardo osorno fallas,"publicista de treintaytantos communitymanager de mi vida, soñador 24/7 entusiasta del mundo digital de tíolover",,,RicardoLlera,ricardoosornofallas
31851,31856,0.9965870307167235,MATCH,AUTO_HIGH,0,candidate,full,googleplus,ricardollera,ricardo llera,"formador/consultor freelance en social media, marketing y redes sociales profesionales iees publicidad y mrketing escuela ces mster en comunicacin 2.0 y community manager ces protools forem edicin digital avid masercisa aplicaciones adobe para productos digitales ibm autocad 2d y 3d ceim microsoft office: certificacin ecdl ceim formacin de directivos y mandos intermedios ceim formador de formadores ifes planificacin, desarrollo y evaluacin de acciones formativas univ. san pablo ceu gestin medioambiental en centros educativos miner sistemas multimedia y nuevas tecnologas en la educacin cepyme orientar la empresa al cliente (comercial) cepyme aplicar el pensamiento estratgico a la empresa (empresarial) sgae marketing y gestin de los servicios interactivos univ.europea cees gestin empresarial cepyme gestionar la calidad total (empresarial) ceim habilidades directivas ceim nuevas tecnologas en las pymes cepyme tcnicas avanzadas de internet cepyme gestin de rr.hh. univ. san pablo ceu e-marketing y turismo rural univ. san pablo ceu sistemas de gestin medioambiental cepyme gestin contable aite sonido en producciones audiovisuales esine, centro de estudios tcnicos empresariales tcnico intermedio en prl imaf tcnico en audiovisuales canal empresarial nuevos modelos de comunicacin: herramientas 2.0 canal empresarial estrategias de marketing 2.0 ixuxuxuu ceo / responsable de marketing comunica2punto0 blogger social media smm freelance marketing/publicidad formador freelance escuela ces director tcnico",,"['http://about.me/ricardollera', 'http://comunica2punto0.wordpress.com/', 'http://es.linkedin.com/in/ricardollera', 'http://facebook.com/ricardo.llera', 'http://www.youtube.com/user/comunica2punto0VIDEO', 'https://es.foursquare.com/ricardollera', 'http://www.goscoville.com/user/ricardollera', 'http://ricardollera.posterous.com/', 'http://www.stumbleupon.com/stumbler/ricardollera/', 'http://www.delicious.com/ricardollera', 'http://comunica2punto0.com', 'http://utopic.me/ricardo.llera', 'http://facebook.com/comunica2punto0', 'http://klout.com/#/ricardollera', 'http://www.mywebcareer.com/profile/ricardollera', 'http://www.google.com/reader/shared/agitador.social', 'https://picasaweb.google.com/agitador.social', 'http://www.flickr.com/photos/ricardollera/', 'http://www.reddit.com/user/ricardollera/', 'http://viajeteca.com/user/ricardo_llera', 'http://www.findpeopleonplus.com/profiles/109363886828312405191', 'http://panoramio.com/user/ricardollera', 'http://plusya.com/ricardollera', 'http://whytofollow.me/ricardollera', 'http://www.ecademy.com/user/ricardollera', 'http://myonepage.com/ricardollera', 'http://bambuser.com/channel/ricardollera', 'http://www.goear.com/user/ricardollera', 'http://twitter.com/ricardollera', 'http://pulse.yahoo.com/_4TGIEH4TNZDRRZYGN2OZOTLG3Q', 'http://profile.live.com/cid-30549fc00bb89388', 'http://brazen.me/u/ricardo.llera', 'http://gpc.fm/profiles/verify/1294', 'http://www.youtube.com/user/comunica2punto0VIDEO', 'http://ricardollera.com', 'http://todovideosvirales.blogspot.com/', 'http://comunica2punto0.com/author/ricardollera/', 'http://empleosocialmedia.wordpress.com', 'http://slideshare.net', 'http://www.slideshare.net/ricardollera', 'http://www.xing.com/Ricardo_Llera', 'http://paper.li/ricardollera', 'http://summify.com/ricardollera', 'http://grooveshark.com/ricardollera', 'http://minus.com/ricardollera']",twitter,guanaosorno,ricardo osorno,"comunicador de ciencia, tecnología e innovación, publicista y apasionado de los medios digitales, trabajo en soy de","san josé, costa rica",cuandoenhojancha.blogspot.com,RicardoLlera,ricardoosornofallas
1197,32091,0.9965870307167235,MATCH,AUTO_HIGH,0,candidate,full,twitter,psychomotikon,robert,artist,nibelheim,robertegert.com,googleplus,robertobadillo,roberto badillo,photographer prissajean founder/lead artist a taste of new york beauty editor/producer apparel addiction makeup artist/stylist,,['http://rmb808.blogspot.com/'],Robertegert,RobertBadillo
32091,32132,0.9965870307167235,MATCH,AUTO_HIGH,0,candidate,full,googleplus,robertobadillo,roberto badillo,photographer prissajean founder/lead artist a taste of new york beauty editor/producer apparel addiction makeup artist/stylist,,['http://rmb808.blogspot.com/'],twitter,rprios,robert rios,artist,chicago,robertprios.com,RobertBadillo,robertrios
32092,32099,0.9965870307167235,MATCH,AUTO_HIGH,0,candidate,full,instagram,spinstyle,roberto badillo,photographer camera guitar player guitar writer pencil music lover headphone and leo Leo Cuba Cuba Cuba,,,twitter,robert_birnie,robert birnie,"just another ant serving strange, incomprehensible shapes.","san jose, ca",uberobert.com,RobertBadillo,robertbirnie
1197,32131,0.9965870307167235,MATCH,AUTO_HIGH,0,candidate,full,twitter,psychomotikon,robert,artist,nibelheim,robertegert.com,instagram,rprios,robert rios,artist from chitown. follow me if you like the images.,,http://www.robertprios.com,Robertegert,robertrios
32208,33968,0.9965870307167235,MATCH,AUTO_HIGH,0,candidate,full,googleplus,stephenreidrockjaw,stephen reid,"online community / social media manager, content creator and ideas guy. greatschools director, community & customer service 2k games director, community and customer service gazillion entertainment director of community and customer service bioware senior community manager gazillion entertainment community director ncsoft europe creative concepts manager scee editor in chief, playstation.com dennis publishing reviews editor aol uk producer trion worlds community manager",,"['http://www.linkedin.com/in/stephenreid', 'http://www.twitter.com/rockjaw/', 'http://about.me/rockjaw']",twitter,moe,stephan mosel,director social media and community / threema: u9ftvb8h / xbox: smosel,hamburg,linkedin.com/in/stephanmose…,rockjaw,stephanmosel
33149,34083,0.9965870307167235,MATCH,AUTO_HIGH,0,candidate,full,twitter,seerickson,steve erickson,"ceo of access sciences corp., information management consultant, husband, father, grandfather, and meeter of people","houston, texas",accesssciences.com,googleplus,stevendentongoogle,steven dent,"social media professional, music enthusiast & gadget lover england and wales cricket board social networking executive",,"['http://www.stevendent.co.uk', 'http://www.facebook.com/dentsteven', 'http://picasaweb.google.com/dentsteven3', 'http://www.flickr.com/photos/54300865@N04/', 'http://twitter.com/steven_dent', 'http://twitteringmad.tumblr.com/#']",seerickson,stevendent
33215,36700,0.9965870307167235,MATCH,AUTO_HIGH,0,candidate,full,twitter,rdgz_sergio,sergio rodrguez,caminante y bicicleto. coordino el talento de internet + redessociales de . odio los audios en whatsapp.,"guadalajara, jalisco, méxico",about.me/sergio.rdgz,instagram,zepio84,sergio nuez ayala,"soy algo geek-deportista-rocknrolla, apolítico, pastafari, puedo ser algo paranoico, pero no un androide y con el cuorerossonero.",,,sergiordgz,ZEPiO
33216,36496,0.9965870307167235,MATCH,AUTO_HIGH,0,candidate,full,googleplus,sergioredondo,sergio redondo,"intenta no volverte un hombre de xito, sino volverte un hombre de valor. - albert einstein seor muoz consultores consultor seo ikeendo responsable de contenidos y seo manager trece bits redactor colaborador anelis network huelva asesor ejecutivo",,"['http://twitter.com/sergio_redondo', 'http://es.linkedin.com/in/sergiornoval', 'http://www.facebook.com/sergiornoval', 'http://sergioredondo.com', 'http://www.senormunoz.es', 'http://www.searchenginejournal.com', 'http://www.maspeople.cl/blog', 'http://www.trecebits.com', 'http://www.puromarketing.com', 'http://www.anelishuelva.com']",instagram,yeyoalarcon,sergio alarcn,"soy un hombre simple, con placeres simples y mucha curiosidad. aprendiz de la vida y de padre... estratega seo socialmedia emarketing y web",,,SergioRedondo,yeyoalarcon
33264,33271,0.9965870307167235,MATCH,AUTO_HIGH,0,candidate,full,googleplus,shaanmkhan360,shaan m khan,i make things for social good... gik institute topi software engineer imcb g10/4 islamabad fsc aps gilgit matric uexel ceo uelect pakistan founder syntecx solutions software engineer,,"['http://www.findpeopleonplus.com/profiles/104126783201866250090', 'http://pk.linkedin.com/in/shaanmkhan', 'http://uexel.com', 'http://facebook.com/shaanmkhan', 'http://uelect.org.pk', 'http://pakistanly.com', 'http://shaan360.com']",instagram,shadmanjamil,shadman jamil,"a techie, software engineer, architect & eentrepreneur .. be visionary .. see beyond ..",,,shaan360,shadman
33303,33314,0.9965870307167235,MATCH,AUTO_HIGH,0,candidate,full,googleplus,shaneguymon,shane guymon,"husband, father, son, friend, designer, basketball player, enjoyer of life san antonio college aas in graphic design-print graphics opt judson high school kitty hawk junior high crestview elementary live oak elementary familysearch user experience designer practice cafe senior designer cj & friends designer/illustrator instructure sr. product designer",,"['http://blog.shaneguymon.com', 'http://www.flickr.com/theguymons', 'http://twitter.com/shaneguymon', 'http://www.quora.com/shane-guymon', 'http://www.facebook.com/shaneguymon', 'http://www.linkedin.com/in/shaneguymon', 'http://www.youtube.com/user/Shaneguymon', 'https://medium.com/@shaneguymon', 'http://shaneguymon.blogspot.com/', 'http://www.shaneguymon.com', 'http://familysearch.org']",twitter,ffffeng,shan feng,striver. designer.,bj,about.me/shanfeng,shaneg,shanfeng
33961,33977,0.9965870307167235,MATCH,AUTO_HIGH,0,candidate,full,instagram,amoresteph,steph,the writer. the listener. the (infrequent) photographer.,,http://theaberrantlife.com,twitter,stephdc,steph,wife. mom. planner. crafter. reader. gamer. i love the internets. you will find me here often.,"odessa, tx",Instagram.com/stephdc1004,stephaniewalls,stephdc
33990,34090,0.9965870307167235,MATCH,AUTO_HIGH,0,candidate,full,googleplus,stephenchapman1,stephen chapman,"experienced online content & community professional university of edinburgh, geology & geophysics freelance, travel & technology consultant",,"['http://www.twitter.com/stephenchapman', 'http://www.facebook.com/profile.php?id=61000527', 'http://www.linkedin.com/in/stephenchapman', 'http://delicious.com/stevochapman', 'http://digg.com/users/stevochapman', 'http://www.google.com/reader/shared/12362161769906337508', 'http://picasaweb.google.com/stevochapman', 'http://twitter.com/maketravelfair', 'http://www.quora.com/stephen-chapman', 'http://www.maketravelfair.co.uk', 'http://steveandfariza.wordpress.org', 'http://matadornetwork.com/goods/exploring-the-basque-countrys-cuisine-on-the-iphone/', 'http://www.thetravelword.com/2009/06/10/remember-its-only-chinatown/', 'http://www.trazzler.com/trips/franz-josef-glacier-in-franz-josef-west-coast-nz-26175', 'http://www.independenthostelguide.com/blog/cycling_the_north_downs_via_puttenham_eco_camping_barn', 'http://www.stephen-chapman.com/blog', 'http://amble.com/ambler/', 'http://www.stumbleupon.com/stumbler/stevochapman/', 'http://www.stephen-chapman.com', 'https://foursquare.com/stephenchapman', 'https://gowalla.com/users/stephenchapman']",instagram,stevenmdean,steve dean,online dating consultant & speaker ; digital matchmaker; nomad,,http://patreon.com/stevenmdean,stephenchapman,stevenmdean
34965,34969,0.9965870307167235,MATCH,AUTO_HIGH,0,candidate,full,googleplus,timolsen,tim olsen,"my focus is to help you get the best shot! -tim olsen, aphotoassistant tim olsen photography photo assistant/digital tech",,"['http://www.facebook.com/aphotoassistant', 'http://www.facebook.com/bikeminneapolis', 'http://twitter.com/APhotoAssistant', 'http://aphotoassistant.com']",instagram,thetimothyalex,tim alexander,"entrepreneur, marketer, and blogger proud dad, coffee junkie, whovian, bacon evangelist klout ranked digitalmarketing and socialmedia expert",,http://koffee-o-matic.com/,timolsen,timothyalexander
28632,28682,0.9965870307167235,MATCH,AUTO_HIGH,0,candidate,full,googleplus,michaelkauffman,michael kauffman,"michael kauffman is a marketer, story-teller, content strategist, and corporate communications leader; looking for happy hour, homemade pie, and a great cover song. karl lindsay photography photographer",,"['http://twitter.com/michaeljoel', 'http://www.facebook.com/michaelkauffman', 'http://www.quora.com/michael-kauffman', 'http://twitter.com/michaeljoel', 'http://www.facebook.com/michaelkauffman', 'http://www.linkedin.com/in/michaelkauffman', 'http://www.quora.com/michael-kauffman', 'http://www.linkedin.com/in/michaelkauffman', 'http://michaelkauffman.brandyourself.com/', 'http://www.songclearance.com/blog', 'http://www.youtube.com/songclearance', 'http://www.songclearance.com/blog', 'http://www.youtube.com/songclearance', 'http://www.facebook.com/jazzpack', 'http://www.google.com/reader/shared/00474568290047980624', 'http://www.rightsflow.com', 'http://www.songclearance.com', 'http://www.mysparkcopyright.com', 'http://about.me/michaelkauffman', 'http://www.flickr.com/bonedogdaddy', 'http://michaelkauffman.soup.io/', 'http://www.youtube.com/hifivebonedaddy', 'http://myspace.com/bonedaddy23', 'http://triiibes.com/michaelkauffman', 'http://gpc.fm/profiles/verify/371']",twitter,michelejmartin,michele j martin,"content strategist, storyteller, photographer, and foodie …",traveling europe,michelejmartin.com,michaelkauffman,michelejmartin
8886,30161,0.9965870307167235,MATCH,AUTO_HIGH,0,candidate,full,instagram,truealex,alex true,digital art director and designer,,http://alex-true.com,twitter,alexodam,alex,"director of photography, editor & designer // 22",london,alexod.am,alextrue,odam
8961,14796,0.9965870307167235,MATCH,AUTO_HIGH,0,candidate,full,twitter,gengimoon,andrea mariotti,un cancro dentro il corpo di una bilancia.... ^_^,"43.782778,11.194976",,googleplus,andreaspeziali,andrea speziali,"sapendo quel che voglio, voglio solo quel che so ! accademia belle arti, urbino grafica editoriale istituto d'arte federico fellini, riccione grafica e fotografia accademia belle arti, rimini grafica tribunale di rimini perito c.t.u. exibart blogger art nouveau european route scrittore concorso fotografico italian liberty diettore artistico qn il resto del carlino scrittore la voce di romagna editrice curatore della rubrica la romagna del luned archivio di stato rimini curatore d'arte fondazione fontanesi cicchetti pantaleoni onlus curatore d'arte",,"['http://www.andreaspeziali.it/', 'http://www.flickr.com/andreaspeziali/', 'http://www.dailymotion.com/andreaspeziali', 'http://twitter.com/andreaspeziali', 'http://www.myspace.com/andreaspeziali', 'http://www.linkedin.com/in/andreaspeziali', 'http://andreaspeziali.tumblr.com/', 'http://www.saatchionline.com/andreaspeziali', 'http://profiles.yahoo.com/a.speziali', 'http://dribbble.com/andreaspeziali', 'https://it.gravatar.com/andreaspeziali', 'http://instagram.com/andreaspeziali', 'https://www.facebook.com/andreaspezialiofficial', 'http://www.romagnaliberty.it', 'http://www.tripadvisor.it/members/AndreaSpeziali', 'http://www.riccioneinvilla.it/', 'http://www.schmap.me/andreaspeziali', 'http://www.italialiberty.it/', 'http://cultural-hub.com/author/andreaspeziali/', 'http://romagnaliberty.blogspot.com/', 'http://andreaspeziali.blogspot.it/', 'http://badoo.com/andreaspeziali', 'http://www.google.com/reader/shared/15275538986621986835', 'http://www.scultura-italiana.com/Scultori_Contemporanei/Speziali.htm', 'http://www.comanducci.it/dett_art.asp?nome=SPEZIALI%20Andrea&Index=784761&da_rotatorio=no', 'http://it.netlog.com/andreaspeziali', 'http://andreaspeziali.hi5.com', 'http://andreaspeziali.blogspot.com/', 'http://www.bebo.com/andreaspeziali', 'https://www.xing.com/profile/Andrea_Speziali', 'http://photobucket.com/andreaspeziali', 'http://www.dopplr.com/traveller/AndreaSpeziali', 'http://www.fotolog.com/andreaspeziali', 'http://friendfeed.com/andreaspeziali', 'http://spazio.libero.it/andreaspeziali/', 'http://andreaspeziali.skyrock.com/profil/', 'http://www.design21sdn.com/people/66142', 'http://www.rbcasting.com/site/andreaspeziali.rb', 'http://andreaspeziali.deviantart.com/', 'http://www.picsviewr.com/photos/andreaspeziali', 'http://www.flickriver.com/photos/andreaspeziali/', 'http://community.ancestry.it/profile.aspx?mba=013a3055-0002-0000-0000-000000000000', 'http://profile.imageshack.us/user/AndreaSpeziali', 'http://www.blurb.com/user/Speziali', 'http://andreaspeziali.stumbleupon.com/', 'http://delicious.com/andreaspeziali', 'http://www.hotfrog.it/Societa/Andrea-Speziali-Spezialis', 'http://www.123people.it/s/andrea+speziali', 'http://www.whohub.com/andreaspeziali', 'http://andreaspeziali.wikispaces.com/', 'http://it.wikipedia.org/wiki/Utente:Andrea_Speziali', 'http://www.flickr.com/groups/andreaspeziali/', 'http://www.fluidr.com/photos/andreaspeziali', 'http://www.lulu.com/spotlight/andreaspeziali', 'http://formspring.me/andreaspeziali', 'http://zooppa.it/users/andreaspeziali', 'http://andreaspeziali.imagekind.com', 'http://www.123rf.com/profile_andreaspeziali', 'http://listorious.com/andreaspeziali#', 'http://www.fotocommunity.it/pc/account/myprofile/1564329/profile/1', 'http://www.scribd.com/andreaspeziali', 'http://andreaspeziali.blip.tv/', 'http://www.veoh.com/users/andreaspeziali', 'http://www.metacafe.com/f/channels/andreaspeziali', 'http://www.23hq.com/andreaspeziali', 'http://blog.artintern.net/andreaspeziali', 'http://www.dumpr.net/photos/301633/', 'http://artemotore.com/artisti/artista.asp?id=3057&lettera=s&tip=2&page=1', 'http://www.worldcat.org/profiles/andreaspeziali', 'http://www.zam.it/biografia_Andrea_Speziali', 'http://www.giovaniartisti.it/andrea-speziali', 'http://www.hobbymedia.it/news/user/profile/andreaspeziali', 'http://www.06blog.it/user/andreaspeziali', 'http://community.mtv.it/profile/andreaspeziali', 'http://www.gigarte.com/andreaspeziali', 'http://www.ioarte.org/artisti/Andrea-Speziali/', 'http://www.mychance.it/andreaspeziali', 'http://www.artistrising.com/galleries/andreaspeziali', 'http://comunicati-stampa.info/members/andreaspeziali/', 'http://www.comunicatistampa24.com/author/andreaspeziali/', 'http://andreaspeziali.altervista.org', 'http://andreaspeziali.blog.kataweb.it/', 'http://www.nikonista.it/andreaspeziali', 'http://zootool.com/user/andreaspeziali/', 'http://andreaspeziali.over-blog.it/#', 'http://andreaspeziali.edu.glogster.com', 'http://issuu.com/andreaspeziali', 'http://www.anobii.com/andreaspeziali/books', 'http://www.premioceleste.it/andreaspeziali', 'http://www.talentolibero.it/user/scheda/bacheca/789/andreaspeziali', 'http://expoartcc.ning.com/profile/AndreaSpeziali', 'http://www.fotografieitalia.it/fotografo.cfm?idfotografo=4108', 'http://www.fotocontest.it/profilo.php?id=14744', 'http://www.equilibriarte.net/andreaspeziali', 'http://www.nikonclubitalia.com/forum/andreaspeziali-m66673.html', 'http://www.photocommunity.qtp.it/member.php/3793-andreaspeziali', 'http://www.artsblog.it/user/andreaspeziali', 'http://www.romagnamania.com/ragazzo/andreaspeziali', 'http://andreaspeziali.exibart.com', 'http://www.chatta.it/community/andreaspeziali/default.aspx', 'http://www.behance.net/andreaspeziali', 'http://www.viadeo.com/profile/0021squc7v8yztk3/it/?readOnly=true&ga_from=Fu:/profil/display/index.jsp;Fb%3Atopmenu%3BFe%3AL2%2Bdrop_see%3B', 'http://www.artlynow.com/galleria-arte-contemporanea/dipinti-quadri/andrea-speziali/', 'http://vimeo.com/andreaspeziali', 'http://www.inpressioni.org/profile/AndreaSpeziali', 'http://500px.com/andreaspeziali', 'http://www.usaprojects.org/user/andreaspeziali', 'http://andreaspeziali.livejournal.com/', 'http://www.link2me.it/network/7233/andrea-speziali/index.htm', 'http://www.touringclub.it/club/pg/profile/andreaspeziali', 'http://www.cercarte.it/arte/artisti-contemporanei-arte/modifica-profilo/2044-andrea-speziali.html', 'http://marosticafotografia1979.forumfree.it/?act=Profile&MID=9476098', 'http://andreaspeziali.blogfree.net/', 'http://www.lobodilattice.com/blog/andreaspeziali', 'https://pinterest.com/andreaspeziali/', 'http://independent.academia.edu/AndreaSpeziali', 'https://www.gaer.ws/Andrea-Speziali/', 'http://my.giovani.it/scheda/andreaspeziali/', 'http://www.artbreak.com/andreaspeziali', 'http://www.miartis.com/artista.asp?n=Andrea+Speziali&id=82', 'http://about.me/andreaspeziali', 'http://www.bebopart.com/artista/675-Andrea-Speziali', 'http://web.stagram.com/n/andreaspeziali/', 'http://www.romagnacreativedistrict.com/network-creativi-comunicazione/scheda-personale/staff/1503.html', 'http://www.officineinnovazione.it/profile/AndreaSpeziali', 'http://statigr.am/viewer.php#/myPhotos/', 'http://www.zizics.com/profile/andreaspeziali', 'http://www.viddy.com/andreaspeziali', 'http://imgfave.com/andreaspeziali', 'http://i.focus.it/utente/andreaspeziali.aspx', 'http://www.intagme.com/andreaspeziali', 'http://www.vogue.it/photovogue/Profilo/3ccb9191-127e-4b04-8de8-d41c99433809/User', 'http://vk.com/andreaspeziali', 'http://www.panoramio.com/user/6869295', 'http://www.archilovers.com/andreaspeziali/', 'http://www.youreporter.it/mio/andreaspeziali', 'https://sites.google.com/view/andreaspeziali/home']",amariotti,andreaspeziali
8994,14676,0.9965870307167235,MATCH,AUTO_HIGH,0,candidate,full,instagram,anatmagal,anat magal,,,http://about.me/anatmagal,googleplus,anamagalrj,ana magal,jornalista. blogueira e esteticista animal blogueira e jornalista freelancer lambeijo esttica animal owner/groomer entre patas e beijos petshop esteticista animal / tosadora / groomer jornalista e blogueira petmaster veterinria esteticista animal,,"['http://twitter.com/anamagal', 'https://www.facebook.com/anamagal', 'http://femininaplural.blogspot.com.br/']",anatmagal,anamagal
9003,14746,0.9965870307167235,MATCH,AUTO_HIGH,0,candidate,full,twitter,abusse,andrea busse,"i love vancouver, i'm doing my best to eat at every restaurant in this city, and i have a husband who makes me laugh every day.","vancouver, bc, canada",andreabusse.ca,instagram,ilconfa,andrea,"the reality is a mosaic, and every piece is unic.",,http://www.andreaconfalonieri.com,andreabusse,AndreaConfalonieri
9019,14880,0.9965870307167235,MATCH,AUTO_HIGH,0,candidate,full,twitter,andre_hell,andr hellemeier,"creative digital analyst with a varied cv - grew up on a skateboard, on the road w/ running shoes, in the mountains w/ a snowboard, documenting life w/ a nikon",basel,about.me/andre_hell,googleplus,andrewkolb,andrew kolb,"works in the digital world with sem, seo, edm, social media,and all that other stuff; loves all sports and a punt on the weekend! queensland university of technology information technology the white agency senior digital strategist",,,andrehell,andrewkolb
13004,34056,0.9965870307167235,MATCH,AUTO_HIGH,0,candidate,full,instagram,sjbphoto,steve brylka,amateur musician and photographer. soundcloud.com/sjbphoto,,http://www.sjbrylka.com,googleplus,steveiadarola,steve iadarola,geek by day and photographer the rest of the time tu dresden webpixelkonsum inhaber,,"['http://about.me/stevei', 'http://www.google.com/reader/shared/01627737861287729963', 'http://twitter.com/stevei', 'http://www.facebook.com/steve.iadarola', 'http://www.flickr.com/photos/stevei0', 'http://www.linkedin.com/in/steveiadarola', 'http://www.steveiphotography.com/']",SteveBrylka,stevei
2493,31850,0.9965781793918034,MATCH,AUTO_HIGH,0,candidate,full,instagram,vyper85,ricardo mestre,,,,twitter,ricardohoyos1,ricardo hoyos,"ecommerce arquitectura diseño apasionado por el ecommerce, hay pequeñas decisiones que marcan grandes diferencias",valencia,kerlanictile.es,ricardomestre,ricardohoyos
31752,31756,0.9954128440366973,MATCH,AUTO_HIGH,0,candidate,full,googleplus,renefishman,rene fishman,"agent of empowerment, nyc real estate specialist & social media & marketing innovator tony robbins mastery university life & results university of pennsylvania communication & marketing columbia law school law ramaz high school halstead property, llc licensed associate real estate broker empowerment coaching business relationship & social media advisor weil, gotshal & manges llp associate creditex inc. associate counsel soap opera digest freelance writer",,"['http://www.sendoutcards.com/reneefishman', 'http://www.sendoutcards.com/reneefishman', 'http://www.reneefishman.com', 'http://www.twitter.com/reneefishman', 'http://www.facebook.com/reneefishman', 'http://www.foursquare.com/reneefishman', 'http://www.linkedin.com/in/reneefishman', 'http://picasaweb.google.com/reneefishman', 'http://www.flickr.com/photos/27955421@N06/', 'http://www.vimeo.com/reneefishman', 'http://www.quora.com/renee-fishman', 'http://www.plaxo.com/profile/showPublic/reneefishman', 'http://www.google.com/reader/shared/reneefishman', 'http://www.foodspotting.com/reneefishman', 'http://www.scribd.com/reneefishman', 'http://www.slideshare.net/reneefishman']",instagram,renefabre,rene fabre,"... media, marketing, technology at first american title school of real estate washington.",,http://activerain.com/profile/rfabre,reneefishman,renefabre
31629,33062,0.9954128440366973,MATCH,AUTO_HIGH,0,candidate,full,googleplus,michaelrawley,michael rawley,"poet, writer, comedian, podcaster, geek, runner (office monkey) academy of art university screenwriting self-employed writer/artist research now project executive",,,twitter,scrappinmichele,michele mcgraw,"digital lifestyle blogger, mom to 2 teens & 2 in college, family, beach & cruises, runner, scrapbooking, gadget geek, top 50 rich media, technology",northernva  washington dc,scrapsofmygeeklife.com,rawley,scrappinmichele
31629,33061,0.9954128440366973,MATCH,AUTO_HIGH,0,candidate,full,googleplus,michaelrawley,michael rawley,"poet, writer, comedian, podcaster, geek, runner (office monkey) academy of art university screenwriting self-employed writer/artist research now project executive",,,instagram,scrappinmichele,michele mcgraw,"digital lifestyle blogger, showing you how to live healthy balanced tech life! digiscrap, storytelling, runner, mom of 4 (college/teens/tween)",,http://scrapsofmygeeklife.com/,rawley,scrappinmichele
30752,33630,0.9954128440366973,MATCH,AUTO_HIGH,0,candidate,full,twitter,lazcorp,paul watson,artist. blog: … art: …,"brighton, uk",lazaruscorporation.co.uk,googleplus,paulskipperbrown,paul skipper brown,enthusiastic photographer and iphoneographer administer +skipology the partner page for my blog skipology. iphoneographer,,"['http://skipology.com/about-me?rel=me', 'http://about.me/Skipper', 'https://www.facebook.com/paul.skip.brown', 'http://www.flickr.com/people/photogenix-lincoln/', 'http://www.youtube.com/user/Skipmandaddio', 'https://twitter.com/skipology', 'http://instagram.com/skipology', 'http://www.facebook.com/skipology', 'http://www.pinterest.com/skipology/', 'http://skipology.com/about-me?rel=me', 'http://blog.skipology.com', 'https://plus.google.com/102872805270769746848', 'http://www.facebook.com/skipology', 'http://instagram.com/skipology', 'http://www.pinterest.com/skipology/']",paulwatson,Skipper
30741,30752,0.9954128440366973,MATCH,AUTO_HIGH,0,candidate,full,googleplus,paulstickland,paul stickland,"being creative, engaging and empowering kids brighton art college illustration portsmouth foundation arts ryde school godalming grammar school author events, pop up workshops children's book author and illustrator artist, author, designer",,"['http://www.pinterest.com/paulstickland/pins/', 'http://www.authorsalouduk.co.uk/paul-stickland/', 'http://paulstickland.co.uk/About-Paul-Stickland', 'http://paulstickland.blogspot.com', 'http://paulstickland.tumblr.com/', 'https://instagram.com/naughtydinosaur/', 'http://www.dinosaurroar.com', 'http://www.amazon.com/author/paulstickland', 'http://paulstickland.wix.com/truck-birthday-party', 'http://pinterest.com/paulstickland/paul-stickland-art-on-strangestore/', 'http://www.youtube.com/user/terribleten', 'http://www.facebook.com/PaulStick', 'http://about.me/PaulStickland', 'http://popuppaper.blogspot.com/', 'http://paulstickland.wix.com/truck-birthday-party', 'http://www.redbubble.com/people/strangestore', 'http://strangestore.co.uk', 'http://www.designbyhumans.com/shop/StrangeStore/', 'http://www.nawe.co.uk/DB/professional-directory/paul-stickland.html', 'http://www.dinosaurroar.com', 'http://pinterest.com/paulstickland/', 'http://society6.com/PaulStickland?curator=paulstickland', 'https://plus.google.com/+StrangeStoreCoUk', 'http://www.linkedin.com/pub/paul-stickland/12/2/385', 'http://popupblog.tumblr.com/', 'http://twitter.com/naughtydinosaur', 'http://www.crosscat.co', 'http://www.paulstickland.co.uk/Author-Events-Pop-Up-Workshops', 'http://www.paulstickland.co.uk', 'http://paulstickland.co.uk/#1056586/Free-Dinosaur-Downloads', 'http://paulstickland.co.uk/#1000374/Dinosaur-Roar', 'http://www.strangestore.co.uk', 'http://paulstickland.blogspot.co.uk/', 'http://popuppaper.blogspot.co.uk', 'http://www.crosscat.co', 'http://www.zazzle.com/StrangeStore?rf=238175107415881712&gl=strangestore&zbar=true&tc=gplus', 'http://www.zazzle.com/PatternStore?rf=238175107415881712&gl=patternstore&zbar=true&tc=gplus', 'http://www.zazzle.com/flowerbarrow?rf=238175107415881712&gl=flowerbarrow&zbar=true&tc=gplus', 'http://www.zazzle.com/bearstore?rf=238175107415881712&gl=bearstore&zbar=true&tc=gplus', 'http://www.zazzle.com/truckstore?rf=238175107415881712&gl=truckstore&zbar=true&tc=gplus', 'http://twitter.com/naughtydinosaur', 'https://sketchfab.com/paulstickland/recent', 'http://paulstickland.spreadshirt.co.uk/', 'http://strangestore.spreadshirt.co.uk/', 'http://paulstickland.co.uk/Strange-Store', 'http://paulstickland.co.uk/Truck-Store', 'http://www.dinosaurroar.com']",twitter,lazcorp,paul watson,artist. blog: … art: …,"brighton, uk",lazaruscorporation.co.uk,PaulStickland,paulwatson
30578,35394,0.9954128440366973,MATCH,AUTO_HIGH,0,candidate,full,twitter,patriciadiez,patricia dez,comunicación & rr.pp. social media strategist. mamá de guille e íngrid. og jeg elsker norge!,madrid y cerezo de abajo,about.me/patriciadiez,googleplus,patricialalisan,patricia anne lalisan bautista,"digital native. frequent flyer. social media monster. third-culture kid. genesys fangirl. ateneo de manila university bs mangement, major in communications technology management ecole suprieure de commerce de pau international management semester genesys customer marketing manager genesys telecommunications laboratories marketing specialist: communications, pr, and social media genesys telecommunications laboratories sales operations associate alcatel-lucent enterprise social media guru",,"['http://www.socialmedia-forum.com/asia/conference/speakers/584-patricia-lalisan-social-media-guru-alcatel-lucent-enterprise', 'http://www.linkedin.com/in/patricialalisan', 'http://twitter.com/trishlalisan', 'http://herwanderlust.wordpress.com', 'http://airportstories.tumblr.com/', 'http://www.spring.gov.sg/newsevents/pr/2009/pages/youths-solve-business-problems-20091120.aspx', 'http://markprof.org/?page_id=59', 'http://www.entrepreneur.com.ph/ideas-and-opportunities/article/jacinto-lirio-an-award-winning-enterprise', 'http://business.inquirer.net/money/topstories/view/20100306-257039/Homework', 'http://www.bgn.org/news/item/169', 'http://www.ypulse.com/jacinto-and-lirio-from-pest-to-best', 'http://www.hrmasia.com/news/features/social-networking-the-future-of-employee-engagement/118131/', 'http://www.socialmedia-forum.com/asia/conference/speakers/584-patricia-lalisan-social-media-guru-alcatel-lucent-enterprise', 'http://asiahrblog.com/2011/10/asia-hrm-social-media-congress/', 'http://www.thedailybeast.com/articles/2012/12/24/mothers-of-invention-girltank-a-sisterhood-of-changemakers.html', 'http://www.entreprenews.com.ph/inside.php?url_link=1344268800&id=88&article_type=section', 'http://www.toyotainaction.com/story/a-sisterhood-of-changemakers']",patriciadiez,trishlalisan
30569,35394,0.9954128440366973,MATCH,AUTO_HIGH,0,candidate,full,twitter,patmulles,patricia mulles,"multiplatform socialvideo mobile ott iot transmedia scifi loves art, design, good lit & film, sky jumps, exploring worlds. ittakesanisland",singapore,,googleplus,patricialalisan,patricia anne lalisan bautista,"digital native. frequent flyer. social media monster. third-culture kid. genesys fangirl. ateneo de manila university bs mangement, major in communications technology management ecole suprieure de commerce de pau international management semester genesys customer marketing manager genesys telecommunications laboratories marketing specialist: communications, pr, and social media genesys telecommunications laboratories sales operations associate alcatel-lucent enterprise social media guru",,"['http://www.socialmedia-forum.com/asia/conference/speakers/584-patricia-lalisan-social-media-guru-alcatel-lucent-enterprise', 'http://www.linkedin.com/in/patricialalisan', 'http://twitter.com/trishlalisan', 'http://herwanderlust.wordpress.com', 'http://airportstories.tumblr.com/', 'http://www.spring.gov.sg/newsevents/pr/2009/pages/youths-solve-business-problems-20091120.aspx', 'http://markprof.org/?page_id=59', 'http://www.entrepreneur.com.ph/ideas-and-opportunities/article/jacinto-lirio-an-award-winning-enterprise', 'http://business.inquirer.net/money/topstories/view/20100306-257039/Homework', 'http://www.bgn.org/news/item/169', 'http://www.ypulse.com/jacinto-and-lirio-from-pest-to-best', 'http://www.hrmasia.com/news/features/social-networking-the-future-of-employee-engagement/118131/', 'http://www.socialmedia-forum.com/asia/conference/speakers/584-patricia-lalisan-social-media-guru-alcatel-lucent-enterprise', 'http://asiahrblog.com/2011/10/asia-hrm-social-media-congress/', 'http://www.thedailybeast.com/articles/2012/12/24/mothers-of-invention-girltank-a-sisterhood-of-changemakers.html', 'http://www.entreprenews.com.ph/inside.php?url_link=1344268800&id=88&article_type=section', 'http://www.toyotainaction.com/story/a-sisterhood-of-changemakers']",patmulles,trishlalisan
30168,30329,0.9954128440366973,MATCH,AUTO_HIGH,0,candidate,full,googleplus,oscargallocannata,oscar gallo cannata,"be water, my friend esden marketing digital y comunicacin empresarial en internet universidad de piura comunicacin universidad de piura comunicacin freelancer comunicador digital universidad de piura comunicador digital qwerty comunicadores comunicador digital pc world per colaborador, webmaster y editor de la revista digital congreso de la repblica gestor de contenidos en lnea tv cultura/red tv editor de noticiero congreso de la repblica diseador web creatividad alpaso / lado b soluciones integradas de comunicacin creativo vip producciones staff",,"['http://www.twitter.com/ogallo', 'http://www.google.com/reader/shared/ogalloc', 'http://soundtrack-del-fin.blogspot.com', 'http://www.facebook.com/profile.php?id=766809830', 'http://www.flickr.com/photos/boreman', 'http://ogallo.wordpress.com']",twitter,oscarcumi,oscar cum,marketing de micro-influencers organizador eventos de youtubers blog: youtube:,barcelona,einsteinandmonroe.com,ogallo,oscarcumi
893,27574,0.9954128440366973,MATCH,AUTO_HIGH,0,candidate,full,twitter,condolasa,mara lasa,traveller. art lover. history buff. series addict. astronomy enthusiast. wannabe writer. cold war freak. tedx speaker. 2.6% neanderthal. proud mother of ruffo.,"buenos aires, argentina",marialasa.com,instagram,marialy,maria ly,canadian in sf. climber of rocks. co-founder of flexed_biceps_medium-light_skin_tone grinning_face_with_sweat snow-capped_mountain United_States Canada,,http://maria.ly,marialasa,marialy
36100,36104,0.9954128440366973,MATCH,AUTO_HIGH,0,candidate,full,instagram,webgrrl,webgrrl firdaus,intuitive digital artist with a passion for creative artistry through graphic design & photography wollongong psytrance,,http://ishop.webgrrl.biz,twitter,webgrrrl,lorna timbah,community manager. organiser. women techmakers kk lead. mom. and other cool stuff.,"kota kinabalu, sabah, malaysia",webgrrrl.net,webgrrl,webgrrrl
9034,20933,0.9954128440366973,MATCH,AUTO_HIGH,0,candidate,full,instagram,hami,andrew hamilton hami,"graphic designer, ui designer, photographer & nerd all photos taken and edited with an iphone 6s, 5s, 4s or 3gs",,http://andrewhamilton.net,twitter,hubrisnow,andrew,artist author enthusiastic highfiver illusion critic graphic designer staffwriter ui betatester photographer smartass + human,"tuscany, italy",,andrewhamilton,fridaynimh
9005,14902,0.9954128440366973,MATCH,AUTO_HIGH,0,candidate,full,twitter,andrealettieri,andrea lettieri,human being / thinker / freelance web designer & digital media consultant,torino,andrealettieri.it,instagram,andrewyee,andrew yee,"freelance web designer - manchester, uk. interests - movies, music, tv, food, football mufc. thanks for follows/likes.",,http://about.me/andrewyee,andrealettieri,andrewyee
18,13879,0.9954128440366973,MATCH,AUTO_HIGH,0,candidate,full,twitter,4iamu,adrian manea,be the change,"bucharest, romania",about.me/adrian.manea,instagram,adrianoteles,adriano teles,"fundador da ibiti crossfit e apaixonado por explorar o mundo! ""be the change you want to see in this world!"" gandhi de brasília , df, brasil",,http://www.zarpei.com,adrianmanea,adrianoteles
847,2389,0.9954128440366973,MATCH,AUTO_HIGH,0,candidate,full,twitter,lipsticknyc,nicole,"lipstick...in nyc. family, coffee, wine, reiki, crystals & all things beautiful. occasional blogger. ever skincare specialist.","new york, ny",everskin.com/with/nicoledan…,instagram,beautiful_flowers_pictures,nicu olah,"i'm from romania. i love nature, beautiful places, beautiful gardens, beautiful flowers. for more details visit",,http://www.beautiful-flowers.org,lipstickandluxury,nicuolah
322,18222,0.9954128440366973,MATCH,AUTO_HIGH,0,candidate,full,twitter,danielemoggia,daniele,"cyber-farmer, ambiente e politica letture preferite. parco nazionale cinque terre, ufficio comunicazione",vernazza cinque terre italy,danielemoggia.it,googleplus,danielebazzano,daniele bazzano,digital strategist at why university of catania laurea triennale in scienze per la comunicazione internazionale university of catania laurea specialistica in lingue straniere per la comunicazione internazionale why collective digital strategist daniele bazzano freelance web consultant offerteautomobilinuove owner tacat srl chief marketing officer mob.is.it chief marketing officer lc srl coach pop campus coach masternewmedia.it chief editor masternewmedia.org chief editor ce.s.for coach,,"['http://www.linkedin.com/in/danielebazzano', 'http://www.facebook.com/daniele.bazzano', 'http://twitter.com/danielebazzano', 'http://pinterest.com/danielebazzano/', 'https://foursquare.com/user/3192657', 'http://www.slideshare.net', 'http://www.quora.com/daniele-bazzano', 'http://www.quag.com/users/5624/danielebazzano/', 'http://about.me/danielebazzano', 'https://www.vizify.com/daniele-bazzano', 'http://www.flickr.com/photos/danielebazzano/', 'http://www.danielebazzano.it', 'http://www.offerteautomobilinuove.it', 'http://mob.is.it', 'http://www.masternewmedia.org/', 'http://www.masternewmedia.org/it', 'http://ctzen.it']",danielemoggia,danielebazzano
35310,36413,0.9954128440366973,MATCH,AUTO_HIGH,0,candidate,full,googleplus,davidcarvallo,david carvallo,"un poco adicto a la informacin como a la naturaleza, la tecnologia, la cerveza y la anti rutina. estudio",,,twitter,xtasis501,david arroyo lobato,"trr, música, cine, videojuegos, fotografía, leer y escribir, en mi blog o no, la naturaleza y el carnaval de cádiz. de izquierdas",rivas vaciamadrid,about.me/xtasis501,tranceh2,xtasis501
35123,35124,0.9954128440366973,MATCH,AUTO_HIGH,0,candidate,full,twitter,tomdenison,tom denison,"tom denison wallows in happiness, harmony, elegant simplicity and fatherhood. my passion is mentoring, advising, and funding tech and biotech startups.",chicago,vizify.com/tom-denison,googleplus,tomdrake,tom ake,tom drake is a financial analyst and personal finance expert drake media president sobeys financial analyst,,"['http://twitter.com/MapleMoneycom', 'http://www.facebook.com/tomdrakecanada', 'http://ca.linkedin.com/in/tomdrakecanada', 'http://www.youtube.com/user/CanadianFinance', 'https://maplemoney.com/author/tomdrake/', 'https://createhype.com/author/tomdrake/', 'https://moneymastermindshow.com/author/tomdrake/', 'https://liverichlivewell.com/author/tomdrake/', 'http://experts.allbusiness.com/author/tom-drake/', 'https://community.questrade.com/b/correspondents/archive/2014/04/22/spring-cleaning-re-balancing-your-asset-allocation.aspx', 'http://finconexpo.com/connect-with-other-bloggers-in-person/', 'http://www.milliondollarjourney.com/save-money-and-have-fun-with-a-staycation.htm', 'http://www.bargaineering.com/articles/digital-executor.html', 'http://www.mint.com/blog/author/tom-drake/', 'http://www.consumerismcommentary.com/get-motivated-out-of-a-business-slump/', 'http://www.famousbloggers.net/online-branding-social-profiles.html', 'http://growmap.com/aweber-getresponse-comparison/', 'https://www.jeanchatzky.com/uncategorized/wednesday-welcome-spending-smart-abroad/', 'http://ptmoney.com/after-you-get-a-new-job/', 'http://christianpf.com/money-management-apps-android/', 'http://freefrombroke.com/watch-out-for-senior-fraud-scams/', 'http://moneysmartlife.com/p2p-lending/', 'http://www.biblemoneymatters.com/5-investing-mistakes-that-could-destroy-your-portfolio/', 'http://cashmoneylife.com/hiring-and-recruitment-changes/', 'http://www.moolanomy.com/1898/advance-your-career-through-networking/', 'http://financialhighway.com/is-this-a-double-dip-recession/', 'http://www.onemoneydesign.com/have-you-thought-about-negotiating-your-health-bills/', 'http://wealthpilgrim.com/improve-home-value/', 'http://www.thefinancialblogger.com/improve-your-productivity-by-organizing-your-home-office/', 'http://bloggingyourpassion.com/5-common-reasons-bloggers-fail/', 'http://www.bargainmoose.ca/get-the-most-out-of-your-coupons/', 'http://www.moneyhelpforchristians.com/your-finances-why-cost-of-living-matters/', 'http://banknerd.ca/2010/02/02/saving-while-reducing-debt/', 'https://tomdrake.net/', 'https://drakemedia.ca/']",tomdenison,tomdrake
32998,33000,0.9954128440366973,MATCH,AUTO_HIGH,0,candidate,full,instagram,hawkse,scott ellison ii,husband to & father of 3 kids. i have a boring day job. but i'm the eic of the videogame website saving content. also a former marine.,,http://www.savingcontent.com,googleplus,scottellisonphotography,scott ellison,portrait photographer of superheroes around the world. will travel. university of portsmouth criminology and criminal justice studies university of portsmouth international police science scott ellison photography photographer,,"['http://www.scottellison.co.uk', 'http://www.facebook.com/scottellisonphotography', 'http://www.flickr.com/people/scott2206/', 'http://twitter.com/scott2206']",scottellisonII,scottellisonphotography
32811,33608,0.9954128440366973,MATCH,AUTO_HIGH,0,candidate,full,googleplus,santiagodorego,santiago do rego,"periodista argentino, conductor de tn tecno. argentine journalist, tv host at tn tecno universidad del salvador licenciado en periodismo instituto alejandro bunge primario instituto san alfonso bachiller universidad de navarra posgrado en periodismo universidad del museo social argentino profesorado universitario tn - tn tecno - tn.com.ar coordinador web del rea de noticias de artear, conductor de tn tecno, columnista de tn diario la prensa redactor editorial atlntida redactor, editor grupo de revistas la nacin jefe de redaccin clienting group redactor creativo obsidiana.com editor",,"['http://www.twitter.com/atilo', 'http://picasaweb.google.com/sdorego', 'http://facebook.com/santidorego', 'http://facebook.com/tntecno', 'http://youtube.com/tntecno', 'http://www.linkedin.com/in/santiagodorego', 'http://www.plaxo.com/profile/showPublic/null', 'http://www.doregodiscurre.com', 'http://www.tntecno.com.ar', 'http://www.tnylagente.com.ar', 'http://www.mondogoloso.com.ar', 'http://www.tn.com.ar', 'http://www.imdb.com/name/nm2123852/resume', 'http://orgullonerd.com']",twitter,sjcm94,santiago crdenas m,editor de . autodidacta. fanático de la música y el sci-fi. freelance en asesoría tecnológica y de empresa.,"lima, perú",about.me/sjcm94,santiagodorego,sjcm94
32723,36529,0.9954128440366973,MATCH,AUTO_HIGH,0,candidate,full,twitter,sam_hoover,sam,i'd rather meet you in person. social media co-creator advisor member of the wonder society,colorado,,instagram,yogitastic,sam,you know... i like flowers & long walks on the beach towards a steakhouse.,,http://thirdspacewellness.com,samhoover,yogitastic
32088,32162,0.9954128440366973,MATCH,AUTO_HIGH,0,candidate,full,googleplus,robertandrewgrant,robert andrew grant,,,,twitter,robkrueger,robert krger,"podcaster, bar nerd, .net developer, curling, bouldern --","frankfurt, germany",about.me/robkrueger,robertandrewgrant,robkrueger
31853,31855,0.9954128440366973,MATCH,AUTO_HIGH,0,candidate,full,twitter,ricardollera,ricardo llera,"profesional del marketing y los socialmedia. formador, emprendedor, eterno 'aprendedor' y sobre todo socialholic. muy foodie. go",madrid,about.me/RicardoLlera,instagram,guanaosorno,ricardo osorno fallas,"publicista de treintaytantos communitymanager de mi vida, soñador 24/7 entusiasta del mundo digital de tíolover",,,RicardoLlera,ricardoosornofallas
31846,31929,0.9954128440366973,MATCH,AUTO_HIGH,0,candidate,full,instagram,ricardoanton,,,,,googleplus,rickdaustin,rick austin,,,"['http://www.google.com/reader/shared/16784060756367877861', 'http://picasaweb.google.com/mail.Rick.Austin', 'http://www.flickr.com/people/rickaustin/', 'http://www.flickr.com/photos/rickaustin/', 'http://www.linkedin.com/in/rickdaustin', 'http://twitter.com/rickaustin', 'http://blog.capabilitydevelopment.net/', 'http://blog.rickaustin.net/', 'http://www.cheraustin.com/', 'http://www.differentduckphotos.com/']",ricardoanton,rickaustin
115,15624,0.9954128440366973,MATCH,AUTO_HIGH,0,candidate,full,twitter,mediamiu,arnaud yhuel,freelance seo. intéressé par tous les leviers webmarketing qui font gagner de la visibilité sur le web teamseorennes,rennes,mediamiu.com,googleplus,arnauddelante,arnaud delante,j'aime faire des trucs pour le web haute cole de la province de lige bacheliers en techniques graphiques athne royal air pur de seraing gnral eyaka intgrateur web solidaris etudiant solidaris etudiant solidaris etudiant yoolink stagiaire,,"['http://www.lastfm.fr/user/Axiol', 'http://www.senscritique.com/axiol/', 'http://twitter.com/Axiol']",arnaudyhuel,axiol
96,14111,0.9954128440366973,MATCH,AUTO_HIGH,0,candidate,full,googleplus,antoniocapurro,antonio capurro,"antonio capurro universidad nacional del santa licenciado comunicador, social, periodista y social media managerfreelance aspec especialista tic y redes sociales",,"['http://twitter.com/antonniox', 'http://www.linkedin.com/in/antoniocapurro', 'http://www.facebook.com/antoniocapurro', 'http://antoniocapurro.blogspot.com', 'http://www.youtube.com/user/antonniox']",twitter,akwyz,antonio santos,social media business evangelist. digital transformation. digital inclusion.accessibility.sociology. cmo. founder, cork london lisbon,linkedin.com/in/antonioviei…,antoniocapurro,akwyz
83,14056,0.9954128440366973,MATCH,AUTO_HIGH,0,candidate,full,twitter,godsnews,andrew nawoichik,,"clearwater beach, fl",,instagram,ajma,andrew ma,,,,andrewnawoichik,ajma
48,1577,0.9954128440366973,MATCH,AUTO_HIGH,0,candidate,full,twitter,alexwisner,alex wisner ribeiro,,toronto,alexwisnerr.com,instagram,hpfriendsaddict,alex terrono,working in pr in nyc. loving and living.,,https://www.vizify.com/alexander-terrono,alexwisner,alexterrono
43,15480,0.9954128440366973,MATCH,AUTO_HIGH,0,candidate,full,twitter,alevica,alejandra villa c,"profe de historia, con un alto grado de dependencia audiovisual.","concepción, chile",,googleplus,alejandrocastillodiaz,alejandro castillo diaz,"ensayo, error y aprendizaje.... la historia de mi vida. jedi university of knowledge dark jedi colegio hogwarts de magia y hechicera auror bytelix.com social media manager y community manager",,"['http://youtube.com/user/Asuknamun', 'http://twitter.com/Asuknamun', 'http://www.flickr.com/people/asuknamun/', 'http://www.facebook.com/gamersofperu', 'http://www.facebook.com/Asuknamun', 'http://www.youtube.com/user/Asuknamun', 'http://www.gamersofperu.com']",alevica,asuknamun
27,2842,0.9954128440366973,MATCH,AUTO_HIGH,0,candidate,full,twitter,etelligence,adam justice,founder social media sun. executive at best value medical. web developer & consultant when the mood strikes me.,pikeville ky,adamjustice.net,googleplus,adamsweet,adam sweet,musician alabama a & m social media mavin,,,agj,adamrsweet
18,13860,0.9954128440366973,MATCH,AUTO_HIGH,0,candidate,full,twitter,4iamu,adrian manea,be the change,"bucharest, romania",about.me/adrian.manea,googleplus,adrianaortizgalbe,adriana ortiz galbe,,,,adrianmanea,adrianaortizgalbe
9023,14754,0.9954128440366973,MATCH,AUTO_HIGH,0,candidate,full,twitter,andresgariglio,andres,"italian argentine, software engineer",a. g. chaves  tandil,about.me/andresg,googleplus,andreagracis,andrea gracis,"...che nell'era digitale potete chiamare anche igraus! sns tech cse vvm computer science tvs computer science hrm, priya convent sns college of technology appknox tech lead, full-stack & devops engineer launchyard software engineer tataatsu idealabs software engineer",,"['https://www.facebook.com/graus85', 'http://it.linkedin.com/in/andreagracis', 'http://twitter.com/andreagracis', 'http://twitter.com/aphotomaniac', 'http://www.flickr.com/people/andreagracis/', 'http://aphotomaniac.com', 'https://plus.google.com/+Aphotomaniac/']",andresg,andreagracis
10369,17292,0.9954128440366973,MATCH,AUTO_HIGH,0,candidate,full,twitter,geektechlive,chris,"creator & host of geek tech live on youtube! nerd by day, geek by night. member of the 501st legion as stormtrooper tk41973",in my tk armor,YouTube.com/geektechlive,googleplus,chrisgiddens,chris giddens,"dad, hubby, cinephile, writer, youtuber, nerd, rebel, primate, being. georgia institute of technology computer science change before going productions co-founder, filmmaker, writer",,"['http://twitter.com/chrisgiddens', 'http://www.facebook.com/chrisgiddens78', 'http://pinterest.com/chrisgiddens78/', 'http://thegiddyblog.tumblr.com/', 'http://thegiddyblog.wordpress.com', 'http://thegiddyblog.blogspot.com', 'http://www.indiegogo.com/chrisgiddens', 'http://www.kickstarter.com/profile/chrisgiddens', 'http://www.reddit.com/user/CzaBzaGza/', 'http://www.stumbleupon.com/stumbler/chrisgiddens', 'http://www.kiva.org/lender/chrisgiddens', 'http://www.formspring.me/chrisgiddens', 'http://www.quora.com/Chris-Giddens', 'http://www.howcast.com/users/chrisgiddens', 'http://www.imdb.com/name/nm1751641/', 'http://klout.com/chrisgiddens', 'http://www.youtube.com/changebeforegoing', 'http://www.cbgp.com/', 'http://www.youtube.com/changebeforegoing', 'https://plus.google.com/103971518156648122817', 'http://twitter.com/#!/CBGProductions', 'http://www.facebook.com/ChangeBeforeGoingProductions', 'http://pinterest.com/cbgproductions/', 'http://www.indiegogo.com/cbgp', 'http://www.kickstarter.com/profile/cbgp', 'http://www.theyoungturks.com/']",GeektechLive,chrisgiddens
10368,17342,0.9954128440366973,MATCH,AUTO_HIGH,0,candidate,full,instagram,geektechlive,chris,"tech innovator by day, photo nut by night! tk-41973 of the 501st legion all the time. check out my webseries at",,http://youtube.com/geektechlive,twitter,chrispenny,chris penny,"educational technology professor, apple distinguished educator and google certified teacher. runs with scissors. cheese is everything.",pennsylvania,chrispenny.com,GeektechLive,chrispenny
10269,24489,0.9954128440366973,MATCH,AUTO_HIGH,0,candidate,full,twitter,flux423,thomas p scola jr,"dad, web architect & digital strategist / ui/ux / drupal cms developer - passion for social media trends and the way communities interact using the web...",,423interactive.com,googleplus,thomasjonas,thomas jonas,"kappa kappa survivor. nevercared university of minnesota, institue of technology b.s., computer science contract web developer hoffman weber construction, inc. university of minnesota, bookstores web applications developer university of minnesota, office of information technology software developer university of minnesota, bookstores information systems technician",,"['http://twitter.com/jonaskills', 'http://www.youtube.com/user/jonaskills', 'http://www.linkedin.com/in/jonaskills', 'http://about.me/jonaskills', 'http://www.facebook.com/jonaskills', 'http://dot429.com/profile/jonaskills', 'http://jonaskills.com']",flux423,jonaskills
10218,33501,0.9954128440366973,MATCH,AUTO_HIGH,0,candidate,full,instagram,fbogeo,fernando barragn ochoa,desarrollando el ojo morfológico del geógrafo para comprender de dónde viene la leche,,http://about.me/fbogeo,googleplus,fernandoarayasiberian,fernando araya,siberian en internet :) fea para los amigos :) atento chile asistente,,"['http://twitter.com/Siberian', 'http://www.youtube.com/user/Sibeckham', 'http://www.flickr.com/photos/siberian/', 'http://picasaweb.google.com/sibeckham', 'http://www.linkedin.com/profile/view?id=50824056&trk=tab_pro', 'http://sibeckham.deviantart.com/', 'http://siberian.tumblr.com/', 'http://pulse.yahoo.com/_SEYL3TC3XDRCSTO635HJUEPCBI', 'https://es.foursquare.com/siberian']",fbogeo,siberian
10056,19659,0.9954128440366973,MATCH,AUTO_HIGH,0,candidate,full,instagram,ejshea,erin shea,"mom. wife. svp at weber shandwick. runner. yogini. writer. lover of wine, soul music, chicago, dark chocolate and you.",,http://ejshea.com,googleplus,erinshea1,erin shea,,,"['http://www.luxurydaily.com', 'http://www.vndlmag.com', 'http://thoroughbredracing.com']",ejshea,eeshea
9849,18838,0.9954128440366973,MATCH,AUTO_HIGH,0,candidate,full,twitter,debtech,debtech,オープンエアを愛する中年。ロードバイクとオープンカーと軽より小さいクルマが愛車。流行モノや限定モノというフレーズに弱いことに加え、角煮が苦手という致命的な弱点がある。シングルタスク派/洋画/colnago/z4(e89)/a3(8vcxsl)/iq(j10)/d40x/gopro/ps4/日本酒/芋焼酎/ラーメン/蕎麦,jct,about.me/debtech,instagram,dcdeb52,deb,,,http://facebook.com/dcdeb,debtech,debramartinkoma
9829,18690,0.9954128440366973,MATCH,AUTO_HIGH,0,candidate,full,twitter,wordonwomack,david womack,"david womack // freelance - designer, animator, shooter, editor - owner of contract media -","allen, tx",ContractMedia.com,googleplus,davidshoganactor,david s hogan,"actor, filmmaker, coach. seattle university criminal justice acting industry actor david the dog trainer, llc owner david s. hogan actor",,"['http://twitter.com/daviddogtrainer', 'http://davidthedogtrainer.blogspot.com/', 'http://www.youtube.com/davidthedogtrainer', 'http://picasaweb.google.com/DavidSHogan', 'http://davidshogan.yelp.com', 'http://twitter.com/seattleactordsh', 'http://www.davidthedogtrainer.com', 'http://www.davidshogan.com/David_S._Hogan/Home.html', 'http://www.facebook.com/pages/West-Seattle-WA/DavidTheDogTrainer-LLC/188829266063?ref=mf', 'http://www.davidshogan.com']",davidwomack,davidshogan
9803,29746,0.9954128440366973,MATCH,AUTO_HIGH,0,candidate,full,twitter,davidcorrell,david correll,"visual designer, music geek, pigeons & bourbon. sacred bones design. today is the first day of the end of your life.","brooklyn, usually",davidcorrell.net,instagram,neosushi68,david d,"designer for life, 3d artist with heart & photography enthusiast. creator of 99frames. i love the ordinary. all photos taken with lg g4",,http://about.me/neosushi,davidcorrell,neosushi
9775,27199,0.9954128440366973,MATCH,AUTO_HIGH,0,candidate,full,twitter,davanthrax,miguel dr amoedo,"diseñador gráfico y fotógrafo freelance, especializado en fotografía social, grabación y edición de vídeo.",vigo,davanthrax.com,instagram,mab_015,miguel ngel,"me conecto, luego existo. - marketing digital - diseño gráfico - fotografía - emprendimiento - finanzas - viajar - poesía cali- colombia",,http://www.about.me/mab015,davanthrax,MAB015
9720,31178,0.9954128440366973,MATCH,AUTO_HIGH,0,candidate,full,instagram,danielacox3,daniela,una stella guarda il mondo e dentro il mondo si perde..,,,twitter,poetyca,daniela,⊱pensieri e poesiep░o░e░t░y░c░a░╮ ricevo ogni giorno bellissime rose per profumare il tempo scrivi con me: poetycamente haiku,italy,poetyca.wordpress.com,danielacox,poetyca
9720,12523,0.9954128440366973,MATCH,AUTO_HIGH,0,candidate,full,instagram,danielacox3,daniela,una stella guarda il mondo e dentro il mondo si perde..,,,twitter,danrixo,daniele rizzo,"co-founder de il mio matrimonio nel salento, . web project e social media manager. presidente di vincotto",lecce - salento - puglia - sud,whiteapulia.com,danielacox,rizzodaniele
9679,22317,0.9954128440366973,MATCH,AUTO_HIGH,0,candidate,full,twitter,cullaloe,nick hood,"physicist, educator, data/code geek.",edinburgh,cullaloe.com,googleplus,nickhortovanyi,nick hortovanyi,"i think about things like cloud computing, big data and social media. i create. i learn. i grow. i do. i am an entrepreneur. st ignatius college collective cycling founder toast technology pty ltd ceo",,"['http://hortovanyi.wordpress.com/', 'http://www.linkedin.com/in/hortovanyi', 'http://about.me/hortovanyi', 'http://twitter.com/hortovanyi', 'http://hortovanyi.wordpress.com/', 'http://www.flickr.com/photos/hortovanyi/', 'http://www.google.com/reader/shared/07574401017308973805']",cullaloe,hortovanyi
8722,13668,0.9954128440366973,MATCH,AUTO_HIGH,0,candidate,full,instagram,aaronabbott,aaron abbott,christian husband/father director of degree completion student services lover of good music photography & grapic design enthusiast,,http://abbottpics.com,googleplus,aaron,aaron,"geek, it tech, scouter in plymouth and student at ucp marjon studying outdoor adventure. bloomsburg university of pennsylvania journalism speak social director of writing makeshift productions head writer austin telco fcu marketing director",,"['http://twitter.com/AzzyChill', 'http://youtube.com/azzychill']",aaronabbott,aaronphil
8618,17381,0.9954128440366973,MATCH,AUTO_HIGH,0,candidate,full,googleplus,christinagorczynski,christina gorczynski,"native houstonian with a passion for politics, people and social justice. university of houston law center jd university of houston bauer college of business mba beloit college ba, women's studies first person founder and ceo",,"['http://www.linkedin.com/in/ccgorczynski', 'https://www.facebook.com/firstpersonhouston', 'http://Facebook.com/christinagorczynski', 'http://twitter.com/xtinagorczynski', 'http://twitter.com/firstpersonHOU', 'http://about.me/xtinagorczynski', 'http://www.flickr.com/photos/77342561@N05/', 'http://pinterest.com/firstpersonhou/', 'http://pinterest.com/xtinagorczynski', 'http://www.firstpersonhouston.com/about_us.html', 'http://outsmartmagazine.com/2011/09/a-fresh-face-for-a-91-year-old-organization/', 'http://www.beloit.edu/alumni/awards/yaa/gorczynskic/', 'http://blog.chron.com/kuffsworld/2012/07/christina-gorczynski-mission-possible-youth-engagement/']",twitter,gizmomogwai,christian kstlin,,munich,,xtinagorczynski,christiankoestlin
8447,35824,0.9954128440366973,MATCH,AUTO_HIGH,0,candidate,full,twitter,victormartins,,"""não faz bem viver sonhando e se esquecer de viver…""","saquarema, brasil",on.fb.me/1dG7zFu,instagram,victorlgg,victor galeno,{eu não sei sair nem entrar; sou tudo aquilo que não sabe nem sair nem entrar} sparkles queer birthday_cake 19 Brazil rj - sp,,,victormartins,victorlgg
8340,11415,0.9954128440366973,MATCH,AUTO_HIGH,0,candidate,full,googleplus,leighgarland,leigh garland,"toychicken since 1973 featurespace senior ui developer sapient eu lead, interactive development nice agency director of web technology lrg.io director studio zero co-founder",,"['http://twitter.com/toychicken', 'http://about.me/toychicken', 'http://www.flickr.com/people/toychicken/', 'http://www.linkedin.com/in/toychicken', 'http://www.last.fm/user/ToyChicken']",twitter,leighsherman,leighroy,co-founder (techstars '16),"melbourne, victoria",leighsherman.com,toychicken,LeighSherman
10712,23105,0.9954128440366973,MATCH,AUTO_HIGH,0,candidate,full,instagram,jamiepappas423,jamie pappas,"wife, mom, poet, painter, taurus, outlander fangirl. brand, marketing, socbiz. socialmedia & web cvs health. all thoughts my own.",,http://www.linkedin.com/in/jamiepappas,twitter,jimmy_u,james,maker and enjoyer of fun and exciting things be your authentic self 51/49 all thoughts are my own,dc  sd  sf  ny,bit.ly/2vWJYiG,jamiepappas,jamesursini
8050,33965,0.9954128440366973,MATCH,AUTO_HIGH,0,candidate,full,googleplus,stevenlauren,steven lauren,"writer, geek, dork, bi, nocturnal, hermit, hobbit. i'm online everywhere as 'steven3x' writenow gmbh geschftsfhrer ringier ag communications manager freier journalist ringier tv produzent und realisator verschieden unternehmen der grafischen industrie typograf, desktopper, texter factum kommunikation leitung pr",,"['http://about.me/steven3x', 'http://en.gravatar.com/steven3x', 'http://www.blogger.com/profile/04481079594093740329', 'http://www.facebook.com/steven3x', 'http://www.flickr.com/people/steven3x/', 'http://www.formspring.me/steven3x', 'http://friendfeed.com/steven3x', 'http://getglue.com/steven3x', 'http://grooveshark.com/#/steven3x', 'http://www.justin.tv/steven3x/', 'http://steven3x.livejournal.com/', 'http://picasaweb.google.com/stevenxl3', 'http://www.reddit.com/user/Steven3x/', 'http://open.spotify.com/user/steven3x', 'http://star.me/Steven3x', 'http://steven3x.tumblr.com/', 'http://www.ustream.tv/user/steven3x', 'http://steven3x.wordpress.com/', 'http://steven3x.yelp.com/', 'http://youtube.com/user/steven3x', 'http://www.twitter.com/steven3x', 'http://www.myspace.com/Steven3x', 'http://profiles.yahoo.com/steven3x', 'http://steven3x.blogspot.com/', 'http://digg.com/users/steven3x', 'http://geeks.pirillo.com/profile/StevenLauren', 'http://www.google.com/reader/shared/01643017000005853950', 'http://www.last.fm/user/steven3x', 'http://www.linkedin.com/pub/8/292/7b9', 'http://www.meetup.com/members/3803210/', 'http://www.pandora.com/people/stevenXL35']",twitter,stephanlendl,stephan lendl,"portal manager, gutgemacht.at digitalmarketing gmbh","steiermark, austria",stephanlendl.com,steven3x,stephanlendl
8038,34006,0.9954128440366973,MATCH,AUTO_HIGH,0,candidate,full,googleplus,stephenrossscott,stephen scott,"web geek school of life. current employer assitant director, digital city of melbourne (australia) senior digital strategist (australia) rmit university (australia & vietnam) senior manager, digital. marketing & communications (australia) rmit university (australia) manager, web marketing, marketing & communications hewlett-packard (asia pacific) digital consultant, asia pacific/japan region hewlett-packard (emea) emea portals manager/emea e-communications project manager hewlett-packard (emea) emea web production team manager hewlett-packard (uk & ireland) web production team manager compaq (uk & ireland) e-business partner communications manager compaq (uk & ireland) e-commerce team leader (uk & ireland) compaq (uk & ireland) partner management team leader /assistant team manger",,"['http://instagram.com/stephenscott', 'http://twitter.com/stephenscott', 'http://www.last.fm/user/stephenscott/', 'http://flickr.com/photos/stephenscott/', 'http://stephenscott.tumblr.com/', 'http://www.amazon.com/gp/registry/wishlist/3AGSRMSRTNGYU', 'https://foursquare.com/stephenscott', 'http://www.stephenrossscott.com', 'http://www.stephenrossscott.blogspot.com', 'http://www.youtube.com/stephenrossscott', 'http://www.flyguy.net', 'http://www.twitter.com/FLYGUY', 'http://www.instagram.com/imFLYGUY', 'https://plus.google.com/b/116325231465810007924/116325231465810007924/posts', 'http://www.youtube.com/flyguydotnet', 'http://www.teksushi.com', 'http://www.instagram.com/teksushi', 'https://plus.google.com/+TekSushi', 'http://www.twitter.com/teksushi', 'http://www.youtube.com/teksushi', 'http://www.dorksidetoys.com', 'http://www.instagram.com/dorksidetoys', 'http://www.twitter.com/dorksidetoys', 'http://plus.google.com/+dorksidetoys', 'http://www.youtube.com/dorksidetoys', 'http://www.facebook.com/dorksidetoys', 'http://dorksidetoys.tumblr.com', 'http://www.melbourne.vic.gov.au', 'http://www.melbourne.vic.gov.au/whatson', 'http://www.instagram.com/cityofmelbourne', 'http://www.youtube.com/user/melbournecitycouncil', 'https://plus.google.com/+WhatsOnMelbourne/posts', 'https://twitter.com/thats_melbourne', 'https://plus.google.com/+CityOfMelbourne', 'https://twitter.com/cityofmelbourne', 'https://www.facebook.com/thatsmelbourne', 'https://www.facebook.com/cityofmelbourne', 'http://www.rmit.edu.au', 'https://www.facebook.com/RMITuniversity', 'https://plus.google.com/+rmit', 'https://twitter.com/rmit', 'https://www.youtube.com/user/rmitmedia', 'http://www.hp.com', 'http://maps.google.com.au/maps/user?uid=106313179666844414753&hl=en&gl=au', 'http://delicious.com/stephenrossscott', 'http://www.ted.com/profiles/view/id/57452']",instagram,darthambiguous,stephen scott,pictures i have taken. look you may.,,http://glass-cumquat.tumblr.com/,stephenrossscott,stephenjscott
8036,12762,0.9954128440366973,MATCH,AUTO_HIGH,0,candidate,full,googleplus,stephenhayes287,stephen hayes,"a twenty something living in the berkshires who likes social media, entertainment, and exploring. the george washington university business administration mary institute and st. louis country day school",,"['http://www.twitter.com/shayes287', 'http://www.facebook.com/stephen.hayes', 'http://www.linkedin.com/in/stephenshayes', 'http://foursquare.com/shayes287', 'http://shayes287.tumblr.com/', 'http://vimeo.com/shayes287', 'http://www.last.fm/user/shayes287', 'http://www.flickr.com/people/shayes287/', 'http://open.spotify.com/user/shayes287', 'http://www.rdio.com/people/StephenHayes/', 'http://stephenhayes.org', 'http://www.stephenhayes.org/']",instagram,hellocookie,stephanie cooke,"editor in chief of rogues portal. podcaster for comicsbound and the missfits, contributor to secretloves. geek quiz mistress and khatleesi.",,http://www.stephaniecooke.ca,stephenhayes,scooke
8024,33950,0.9954128440366973,MATCH,AUTO_HIGH,0,candidate,full,googleplus,stephaniemccratic,stephanie mccratic,"serial over-committer, marketer, writer, social butterfly, technology junkie, wanna-be health nut, gardening novice, entrepreneur, etc. university of arkansas journalism; advertising & public relations acorn: an influence company ceo & founder growthwise group vp digital & social engagement acumen brands social media altria group territory sales manager arkansas blue cross blue shield hr coordinator premier staffing, inc. employment counselor waymack and crew producer/account executive kark sales assistant",,"['http://www.evolvedmommy.com', 'http://www.google.com/reader/shared/11636213807954304884', 'http://youtube.com/user/Stephaniemccratic', 'http://twitter.com/evolvedmommy', 'http://www.evolvedmommy.com', 'http://www.flickr.com/photos/evolvedmommy/', 'http://www.listentoyourmothershow.com/nwa', 'http://dotcomplicated.co/content/2013/05/digital-storytelling/', 'http://www.allparenting.com/my-family/articles/967789/women-share-tips-about-motherhood/page:7', 'http://www.blogworld.com/2012/09/28/38-brilliant-bloggers-talk-about-media-kits/', 'http://arkansaswomenbloggers.com/2013/01/that-hot-itchy-burning-desire-to-write/#comment-9656', 'http://m.arkansasonline.com/news/2012/dec/08/tech-halls-20121208/', 'http://aiminglow.com/comic-relief-writers/', 'http://www.brit.co/black-friday-apps/', 'http://evolvedmommy.com', 'http://www.evolvedmommy.com/']",twitter,bu2erf1y,stephanie,i'm a self-starter with an entrepreneurial spirit who thrives under pressure and in fast-paced environments. i'm a social butterfly and enjoy meeting people.,"morrisville, nc",about.me/stephaniemcd,stephaniemccratic,stephaniemcd
8000,24929,0.9954128440366973,MATCH,AUTO_HIGH,0,candidate,full,googleplus,juanestebanst6n,juan esteban,digital marketing manager esade direccin estratgica de la comunicacin bellas artes pintura mute fundador ingenia responsable rea de comunicacin gen8020 ingenia director de planificacin estratgica,,"['http://www.facebook.com/juanst6n', 'http://twitter.com/st6n', 'http://www.youtube.com/user/st6n', 'http://www.last.fm/user/st6n/', 'http://www.linkedin.com/in/juanst6n', 'http://www.mute.es']",twitter,juancamilogc,juanc,digital marketing strategist - adicto digital - speaker // geek desde antes que fuera moda // propiedad de // manizalesdelalma,colombia,telegram.me/juancamilogc,st6n,juancamilogc
7775,34225,0.9954128440366973,MATCH,AUTO_HIGH,0,candidate,full,twitter,lsultanl,sultan,,مكه المكرمة,,instagram,sultangfx,sultan shalakhti,,,http://www.sultangfx.com/,sAs,sultangfx
7708,26947,0.9954128440366973,MATCH,AUTO_HIGH,0,candidate,full,googleplus,davidmcclelland,david mcclelland,,,"['http://www.facebook.com/saiai84', 'http://twitter.com/Saiai', 'http://www.flickr.com/people/saiai84/']",instagram,louten,david marn,illustration and video games - chile // // twitter: louten // fb: loutenbook,,http://www.facebook.com/loutenbook,saiai,louten
7676,12647,0.9954128440366973,MATCH,AUTO_HIGH,0,candidate,full,googleplus,ryanhattaway,ryan hattaway,"ryan hattaway is an artist, filmmaker and creative director. mogul entertainment president",,"['http://www.instagram.com/ryanhattaway', 'http://www.mogulpictures.com', 'http://twitter.com/#!/ryanhattaway', 'http://www.linkedin.com/in/ryanhattaway', 'http://www.flickr.com/photos/ryanhattaway-mogulpr/', 'http://www.ryanhattaway.com', 'http://www.instagram.com/ryanhattaway']",twitter,bluehaus,ryan mayer,"founder & principal creative at bluehaus creative ( ) he's passionate about laughing, design, fitness and never fakin' the funk.","edmonton, alberta, canada",about.me/ryanmayer,ryanhattaway,ryanmayer
7580,32158,0.9954128440366973,MATCH,AUTO_HIGH,0,candidate,full,googleplus,robynflach,robyn flach,,,,instagram,robinson_char,robinson char,"amante del socialmedia, aprendiz digital, docente universitario y embajador mintic para el valle del cauca.",,http://www.robinsonchar.com,robynflach,robinsonchar
7508,10375,0.9954128440366973,MATCH,AUTO_HIGH,0,candidate,full,googleplus,alexanderliendl,alexander liendl,develops and markets wordpress websites with passion. technikum wien elektromedizin fh wieselburg produktmarketing richprojects.com founder rokkasa.com founder hausio.com founder,,['http://www.richprojects.com'],twitter,geilt,alexander conroy,"digital nomad. programmer, entrepreneur. academic, philosopher, spiritualist. gamer, vr/ar, iot & wearables. cto .com .com. miami, fl native.","costa mesa, ca",geilt.com,richprojects,geilt
7501,31837,0.9954128440366973,MATCH,AUTO_HIGH,0,candidate,full,twitter,thekarmakazie,richard,"compulsive researcher of the mildly interesting. extroverted introvert, writer, speaker, recovering programmer, and full-time overflow consultant.","nashville, tn",richardrissanen.com,instagram,richardthornton,richard thornton,"i'm an it guy, musician and dad. i play trumpet with a new orleans style band called funk buddies and i love taking & sharing interesting photos. :)",,http://www.richardthornton.com,richardrissanen,rht
10547,22426,0.9954128440366973,MATCH,AUTO_HIGH,0,candidate,full,twitter,iamamro,amro,"physicist. academic. freelance editor, writer and photographer.",cambridge etc,iamamro.co,instagram,iamcorn,,"director and photographer i play, i create.",,http://fb.me/huang.yuming,iamamro,IamCorn
10509,20157,0.9954128440366973,MATCH,AUTO_HIGH,0,candidate,full,twitter,hepp,erik forsberg,"helsingborgare som gillar siffror, internet, media, musik, bakning, foto, chili, segling, mat, samojeder mm","helsingborg, sweden",hepp.se,googleplus,eriksjstedt,erik sjstedt,"paddling och utomhus verkar kul - tycho brahe, vikenskolan pagaj diversearbetare get out webnrd, frilufspyssel m.m. foto webredaktr vla foto skanning, layout, retusch m.m. photodo, fotografi aktuell fotografi",,"['http://foursquare.com/user/eriksjos', 'http://gowalla.com/users/eriksjos', 'http://www.flickr.com/photos/kajaknu/', 'http://sv-se.facebook.com/people/Erik-Sjostedt/682257515', 'http://twitter.com/eriksjos', 'http://www.linkedin.com/in/eriksjos', 'http://friendfeed.com/eriksjos', 'http://www.google.com/reader/shared/17837995785246052597', 'http://picasaweb.google.se/eriksjos', 'http://www.last.fm/user/eriksjos/', 'http://eriksjos.jaiku.com/', 'http://eriksjos.tumblr.com/', 'http://delicious.com/eriksjos', 'http://gowalla.com/users/eriksjos', 'http://foursquare.com/user/eriksjos', 'http://www.linkedin.com/in/eriksjos', 'http://www.facebook.com/kajaknu', 'http://www.kajak.nu', 'http://www.utetshirts.se', 'http://runkeeper.com/user/eriksjos', 'http://www.geocaching.com/profile/?guid=194c1e5d-c259-473d-b0fe-96dbe11f3f64', 'http://www.pagaj.se', 'http://www.silverkayak.com']",hepp,eriksjos
10374,14304,0.9954128440366973,MATCH,AUTO_HIGH,0,candidate,full,instagram,geilt,alexander conroy,"digital nomad programmer, sem, seo, smo specialist religious & spiritual philosopher gamer, carpenter & cook! .com",,https://geilt.com,googleplus,alexandrunistor,alexandru nistor,"hi, i'm alexandru nistor. welcome to my google+ profile. london school of economics international development colegiul national mihai viteazul informatics freelancer online marketing consultant erepublik online marketing manager bullguard search engine marketing just create online marketing neutro marketing seo and sem bullguard quality assurance",,"['http://www.facebook.com/alexandru.nistor', 'http://twitter.com/AlexandruNistor', 'http://blog.serialreaders.com', 'http://motivonti.co', 'http://gmail.com', 'http://www.alexandru-nistor.ro', 'http://ro.serialreaders.com', 'http://twitter.com/AlexandruNistor', 'http://www.facebook.com/alexandru.nistor', 'http://picasaweb.google.com/AlexandruTiberiuNistor', 'http://www.flickr.com/people/13854558@N00/']",geilt,alexandrunistor
10369,17392,0.9954128440366973,MATCH,AUTO_HIGH,0,candidate,full,twitter,geektechlive,chris,"creator & host of geek tech live on youtube! nerd by day, geek by night. member of the 501st legion as stormtrooper tk41973",in my tk armor,YouTube.com/geektechlive,instagram,nixian,christian pelletier,"graphic designer by day , festival designer by night , and collector of things weird and wonderful by accident.",,http://twitter.com/nixian,GeektechLive,christianpelletier
11746,28074,0.9954128440366973,MATCH,AUTO_HIGH,0,candidate,full,instagram,mbennettphoto,matthew bennett,,,,googleplus,matthewbennett73,matthew bennett,"matthew bennett on the art of being alive. magic - music - writing the magic firm consulting partner the patio drive band keyboards, vocals the matt bennett blues band",,"['http://www.facebook.com/people/Matthew-Bennett/1116417735', 'http://twitter.com/matthewabennett', 'http://teacherjanelle.blogspot.com/']",Mbennettphoto,matthewabennett
11734,28197,0.9954128440366973,MATCH,AUTO_HIGH,0,candidate,full,instagram,socialcolectivo,mauricio salazar,"promovemos colaboración, impulsamos y co-creamos ideas que generan valor en pro de un mundo mejor",,http://www.socialcolectivo.org,googleplus,mauriciosalazar,mauricio salazar,,,"['http://twitter.com/tukeke', 'http://www.flickr.com/people/tukeke/', 'http://uk.linkedin.com/in/tukeke', 'http://www.mauricio.com.ve', 'http://blog.maurcio.com.ve']",mauriciosalazarvelez,mauriciosalazar
11681,28507,0.9954128440366973,MATCH,AUTO_HIGH,0,candidate,full,twitter,tinus123,martijn meindersma,web designer @ dialogue junction web designer liquorist writer whisky social media ,"the hague, the netherlands",about.me/martijnmeinder…,instagram,thestrategyweb,martin meyergossner,founder & md @ the strategy web digitaltransformation socialselling changemanagement moderator * mini jcw wine hardrock * enjoybavaria * rugby_football flag_in_hole ping_pong,,http://thestrategyweb.com,martijnmeindersma,meyergossner
11650,27765,0.9954128440366973,MATCH,AUTO_HIGH,0,candidate,full,instagram,mark_carroll,,,,,googleplus,markoclar,mark o clar,,,['http://itison.net'],markcarroll,markocular
11633,27651,0.9954128440366973,MATCH,AUTO_HIGH,0,candidate,full,twitter,mjomaroto,mariajo maroto,"aprehendedora de oficio. comunicación, creatividad, medio ambiente, social media y actualidad. no me trate de usted, puede tuitearme.",barcelona,thecoconut.net,googleplus,marioschumacher,mario schumacher,"""la vida da muchas vueltas""...y... para el que no tiene rumbo no hay vientos (antonio machado y ruiz) comerciante de seguros titulado cmara de industria y comercio de colonia community manager de la ua titulado universidad de alicante ua mediador de seguros titulado en espaa homologado por la direccin general de seguros del ministerio de economa y hacienda, madrid formacin intersectorial marketing ivafe valencia mediador de seguros titulado en espaa homologado direccin general de seguros del ministerio de economa y hacienda, madrid blogtrip calemocion 2013 organizador fundador y video marketing - galaxtur viajes, calpe social media manager y organizador blogtripcostablanca 2012 colonia versicherungen formacin comerciante de seguros titulado ejrcito aleman - fuerza area estado mayor generali seguros corredor de seguros jujuju aqucenter director ventas y marketing info-costablanca.com dir.marketing blogtripcostablanca organizador",,"['http://twitter.com/marioschumacher', 'http://marioschumacher.blogspot.com/', 'http://marioschumacher.blogspot.com/']",mariajomaroto,marioschumacher
11543,27139,0.9954128440366973,MATCH,AUTO_HIGH,0,candidate,full,twitter,luke_rative,luke,husband father follower of christ advocate marketer lover & loved,"sydney, australia",fifty5words.wordpress.com,instagram,lukerumley,luke rumley,"christ-follower, husband, dad, digital & social media mgr , web developer, play guitar / bass / drums, (former) improv comedian.",,http://lukerumley.com,lukereynolds,lukerumley
11498,35561,0.9954128440366973,MATCH,AUTO_HIGH,0,candidate,full,instagram,lopongoaca,andres atehortua,"ingeniero que se cree creativo. desarrollador web. tranquilo, positivo y habla mierda. soy de oído musical promiscuo.",,http://lopongoaca.com,twitter,undasein,andres g,"filósofu, divulgador científicu y últimamente pescaderu. equí, soy sociu del sporting de xixón y gústame la música. allá, pago rondes. ante tou, asturianu",llastres,andresgarrido.es,lopongoaca,undasein
11421,12166,0.9954128440366973,MATCH,AUTO_HIGH,0,candidate,full,twitter,leobejarano,leo bejarano,"medi ambient i tecnologies de la informació. treballant a , president del , vocal de la i membre de .","sarrià, barcelona",,instagram,ornaoel,leonardo andrade,"locutor, fotógrafo, geek, padre de familia, emprendedor de tiempo completo, podcaster frustrado. creador del proyecto devolution...",,http://about.me/ornaoel,leobejarano,ornaoel
11321,35451,0.9954128440366973,MATCH,AUTO_HIGH,0,candidate,full,twitter,kritik4l,david,[ip] - comunicación - esports - airsoft,"madrid, spain",instagram.com/kritik4l,googleplus,davidturnbull1,david turnbull,university of otago marketing management,,"['http://www.facebook.com/davidjohnturnbull/', 'http://www.quora.com/David-Turnbull-4', 'https://twitter.com/_davidturnbull', 'http://davidturnbull.co', 'http://shakestrain.com']",KrITIK4L,turnbulldavid
11289,25518,0.9954128440366973,MATCH,AUTO_HIGH,0,candidate,full,twitter,campdesign,kevin mann,creative director at mindshare llc. advertising educator.,"cazenovia, new york",about.me/kmann312,googleplus,kevinnewmanplus,kevin newman,"seeking out the little pieces that make up the bigger picture. wheelhouse creative head of online wheelhouse creative developer nbcuniversal consultant nbcuniversal user experience lead clicked creative owner, digital strategy director nbcuniversal ux director",,"['http://www.linkedin.com/in/kdnewman', 'http://www.twitter.com/kdnewman', 'http://www.quora.com/kevin-newman-2', 'http://www.google.com/reader/shared/02033143207173304059', 'http://en-gb.facebook.com/kdnewman', 'http://tumblr.kdnewman.com', 'http://digitaldesigngoodness.tumblr.com/', 'http://socialgoodness.tumblr.com/', 'https://userexperiencegoodness.tumblr.com/', 'http://kdnewman.com']",kmann312,kdnewman
11288,25518,0.9954128440366973,MATCH,AUTO_HIGH,0,candidate,full,instagram,campdesign,kevin mann,"i'm an advertising creative and graphic designer based in cazenovia, new york.",,http://www.campdesign.net,googleplus,kevinnewmanplus,kevin newman,"seeking out the little pieces that make up the bigger picture. wheelhouse creative head of online wheelhouse creative developer nbcuniversal consultant nbcuniversal user experience lead clicked creative owner, digital strategy director nbcuniversal ux director",,"['http://www.linkedin.com/in/kdnewman', 'http://www.twitter.com/kdnewman', 'http://www.quora.com/kevin-newman-2', 'http://www.google.com/reader/shared/02033143207173304059', 'http://en-gb.facebook.com/kdnewman', 'http://tumblr.kdnewman.com', 'http://digitaldesigngoodness.tumblr.com/', 'http://socialgoodness.tumblr.com/', 'https://userexperiencegoodness.tumblr.com/', 'http://kdnewman.com']",kmann312,kdnewman
11041,22968,0.9954128440366973,MATCH,AUTO_HIGH,0,candidate,full,twitter,eglaz,jos d,"geek, adicto al software, la lectura, la música, la fotografía y seriéfilo; ahora también ukefan.",valencia,eglaz.tumblr.com,googleplus,josalfredojagonsu,jos alfredo jagonsu,lo que ms miedo me da es el invierno de la memoria. ib virgen de la luz freelance,,"['http://twitter.com/jagonsu', 'http://www.facebook.com/sinllercia', 'http://www.facebook.com/josealfredogonzalezsuarez', 'http://jagonsu.tumblr.com/', 'http://about.me/jagonsu', 'http://www.sinllercia.com']",josedelegido,jagonsu
10979,24387,0.9954128440366973,MATCH,AUTO_HIGH,0,candidate,full,twitter,hellblazer,john raptis,acclaimed rock and roll photographer with a decade's experience photographing the world's biggest rock & metal acts!,melbourne,johnraptisphotography.com,googleplus,johnkaminski,john kaminski,portrait and glamour photographer penn state university associate professor the arcanum academy of artistic mastery master,,"['http://www.johnkaminski.me', 'http://www.instagram.com/johnkaminski', 'https://www.facebook.com/johnkaminskiphotography', 'http://twitter.com/JohnKaminski', 'http://www.flickr.com/johnekaminski', 'http://www.about.me/johnkaminski', 'http://www.foursquare.com/johnkaminski', 'http://www.youtube.com/user/JohnEKaminski']",johnraptis,johnkaminski
10808,17720,0.9954128440366973,MATCH,AUTO_HIGH,0,candidate,full,instagram,jeffreybetts,jeffrey betts,user interface and experience designer. typography lover. ui/ux designer at,,http://jeffreybetts.me,twitter,coastermedia,jeff,new media designer + adrenaline! portfolio:,"orlando, fl",about.me/coastermedia,jeffreybetts,coastermedia
10782,24854,0.9954128440366973,MATCH,AUTO_HIGH,0,candidate,full,instagram,jeanpiterbh,jean piter,"argentino, jornalista e anti-herói. ghost jeanpiterbh skype: jeanpiter",,http://about.me/jeanpiter,twitter,jphintze,jean pierre hintze,"journalist & author, sailor, anti-sharia, freespeech, germanfrenchamerican.; addicted with hemingway, kempowski, thompson, bowles, fitzgerald",49 0157 81715064,about.me/jphintze,jeanpiter,jphintze
10742,23255,0.9954128440366973,MATCH,AUTO_HIGH,0,candidate,full,instagram,jasonmoffatt,jason moffatt,"surfer, sup lover, maui dweller, entrepreneur, coach & autism parent. grab a free copy of my book the art of authenticity at the link below...",,http://www.artofauthenticitybook.com,twitter,millerhubuk,jason miller,"father, online business owner/entrepreneur, casual photographer",,about.me/jason.e.miller,jasonmoffatt,jasonemiller
7500,31907,0.9954128440366973,MATCH,AUTO_HIGH,0,candidate,full,googleplus,richardrissanen,richard rissanen,,,,twitter,emailforhelp,richard thomson,tech writing for also host minecraft lets play,"43.443462,-79.727643",technewscanada.ca,richardrissanen,richardthomson
7433,7926,0.9954128440366973,MATCH,AUTO_HIGH,0,candidate,full,twitter,tyduz01,simon,25 webmaster & cm translator & ttc_fr tvshows sense8 qafamily tv blogger british panda,"vsoul york city, france",betaseries.com/membre/Tyduz,googleplus,simontaylor,simon taylor,"blogger, passionate about the hotel industry. hotel insight founder & editor",,,realtyduzsimon,simontaylor
7366,12056,0.9954128440366973,MATCH,AUTO_HIGH,0,candidate,full,googleplus,rafalmakiela,rafal makiela,"dubai based professional underwater, fashion photographer makiela.com underwater photographer",,"['http://www.makuzastudio.pl', 'http://www.flickr.com/people/foto-agencja/', 'http://twitter.com/#!/makielaphoto', 'http://facebook.com/makuzastudio', 'https://www.facebook.com/makielaphotography', 'http://issuu.com/camerapixo/docs/makiela-ebook', 'http://www.makiela.com', 'http://www.makiela.com', 'http://www.housingcamera.com', 'http://www.bowensdirect.com']",instagram,rafaelnepo,rafael nep,i'm a hybrid designer / photographer / producer and youtuber based in são paulo.,,http://www.flickr.com/rafaelnepo,rafalmakiela,nepo
7296,29314,0.9954128440366973,MATCH,AUTO_HIGH,0,candidate,full,googleplus,joepoulton,joe poulton,"i love adventure, with my kids or alone in the mountains or forest. i attempt to photograph the journey in unique ways. for more check out my website here: poulton imaging photographer amr emt-b",,"['http://twitter.com/poultonimaging', 'http://www.poultonimaging.com', 'http://inclined.americanalpineclub.org/2012/05/our-members-joe-poulton-mapping-geology-with-high-resolution-photography-part-1/', 'http://poultonimaging.com']",instagram,joe_montoya,joe montoya,"writing, snapping pics & working in a world 5' & under. check out my blog about family life down_arrow & subscribe folded_hands_medium_skin_tone victory_hand_medium_skin_tone",,http://joemontoya.net/archives/2963,poultonimaging,mrjoemontoya
7294,13473,0.9954128440366973,MATCH,AUTO_HIGH,0,candidate,full,googleplus,robertofavini,roberto favini,"webaholic. fact-checker. storyteller. data lover. socialmedia & communication inside (tm). university of victoria university of british columbia langley school district principal of james hill elementary fraser cascade school district principal, kent elementary langley school district fraser-cascade school district vice principal, kent elementary",,"['https://www.facebook.com/robertofavini', 'http://twitter.com/postoditacco', 'http://storify.com/postoditacco/', 'http://www.linkedin.com/in/robertofavini', 'https://pinterest.com/postoditacco/', 'http://postoditacco.tumblr.com/', 'http://klout.com/#/postoditacco', 'https://instagram.com/postoditacco/', 'http://www.slideshare.net/postoditacco', 'http://paper.li/postoditacco', 'https://it.foursquare.com/postoditacco', 'http://www.quora.com/roberto-favini', 'http://www.flickr.com/photos/10021941%40N02/', 'http://www.myweb20.it']",twitter,thedjteck,robert bolling,,western mass,facebook.com/bobby.bolling,postoditacco,westsidesound
7274,18910,0.9954128440366973,MATCH,AUTO_HIGH,0,candidate,full,googleplus,dennismichels,dennis michels,webdesign hosting social media weblectures av ict edtech gaming bier whisky hbo informatica software engineering hbo instroom ict service management grafisch lyceum utrecht plaatj.es grafische vormgeving erasmus universiteit rotterdam audio/video technicus,,"['http://www.google.com/reader/shared/Beertycoon', 'http://picasaweb.google.com/Beertycoon', 'http://nl.linkedin.com/pub/dennis-michels/6/575/1a3', 'http://twitter.com/maskerman', 'http://plaatj.es', 'http://www.myspace.com/Maskerman', 'http://www.youtube.com/user/Beertycoon', 'http://www.plaatj.es', 'http://educatie.tumblr.com/', 'http://www.sc2mapster.com/forums/resources/tutorials/1755-data-import-your-own-textures/', 'http://www.sc2mapster.com/assets/tileset-stone/', 'http://www.sc2mapster.com/maps/monopoly/', 'http://www.slideshare.net/', 'http://www.maskerman.nl', 'https://play.google.com/store/apps/details?id=plaatjes.slurfodil', 'https://play.google.com/store/apps/details?id=com.gratix', 'https://play.google.com/store/apps/details?id=com.ryangomes']",instagram,cubeedoo,dennis,"32 / fountain bonn, ger // microscope geekstuff / clinking_beer_mugs whisky / seedling vegan / steaming_bowl food / camera photography / megaphone marketing / mobile_phone telekom / person_surfing canoepolo / ghost sc: cubeedoo",,http://twitter.com/cubeedoo,plaatjes,denniskubon
7113,30520,0.9954128440366973,MATCH,AUTO_HIGH,0,candidate,full,twitter,robomotic,paolo di prodi,cybernetic expert,glasgow scotland,robomotic.com,instagram,th3hermes,paolo,,,,paolodiprodi,paolofrancescosita
7011,25686,0.9954128440366973,MATCH,AUTO_HIGH,0,candidate,full,twitter,kosai106,kevin sterkilde,lead front-end developer. i'm from the land of the pastries. i once fought a bear and won.,"copenhagen, dk",oesterkilde.dk,googleplus,kevinbuckstiegelofficial,kevin buckstiegel,"web design and development, wordpress and email development central michigan university independent front-end web designer and developer self-employed hannahodge interface architect designer megsinet webmaster gaslight media graphic and web designer",,"['http://www.twitter.com/vectorlyme', 'http://facebook.com/vectorlyme', 'http://www.flickr.com/photos/vectorlyme/', 'http://www.BeatriceArthur.com', 'http://www.kevyr.com']",oesterkilde,kevinbuckstiegel
6946,12083,0.9954128440366973,MATCH,AUTO_HIGH,0,candidate,full,googleplus,nicoledaisym,nicole daisy m,a gal with so many interest. a simple gal with a big dream! dlsu business forms direct gen. staff,,"['http://bangkokinformation.wordpress.com/', 'http://living-info-at-america.blogspot.com/', 'http://twitter.com/h20mysticshadow', 'http://www.facebook.com/h20mysticshadow', 'http://www.flickr.com/photos/32160939@N05/', 'http://www.linkedin.com/in/h20mysticshadow', 'http://www.google.com/reader/shared/principalfashion.seo']",twitter,vacca_to_world,nicole marie vacca,"daughter of the king 26 single working gal in nyc renaissance woman staff writer for lover of chocolate, music, and words!",bronx,about.me/nicolemariev,NicoleMcGuire,nicolemariev
6835,31353,0.9954128440366973,MATCH,AUTO_HIGH,0,candidate,full,twitter,muhammadaks,m abdullah khalid,artist/designer/photographer/writer :),pakistan,dota2aca.com,googleplus,muhammeda.qurban,muhammed aqurban,"photographer, lovable person, funny :p the art institute of seattle multimedia design matthew brush photography photographer motive oil owner / graphic designer definitive audio sales / design",,"['http://www.facebook.com/Mo00oDY?ref=profile#/Mo00oDY?v=info&ref=profile', 'http://www.youtube.com/user/ShMo00oDY', 'http://www.jpgmag.com/people/Mo00oDY', 'http://www.earthtv.com/en/users/mo00ody', 'http://twitter.com/#!/M2Atweet']",muhammadaks,QurbanM
6808,35438,0.9954128440366973,MATCH,AUTO_HIGH,0,candidate,full,googleplus,dianemoralesmovinwithmorales,diane morales,movin' with morales! st. charles high school northern illinois university elgin community college keller williams fox valley real estate agent colonial cafe & ice cream prudential sourceone realty mcdonald's,,"['http://dianemorales.blogspot.com/', 'http://picasaweb.google.com/movinwithmorales', 'http://www.google.com/reader/shared/09154847352261166912', 'http://youtube.com/user/movinwithmorales', 'http://twitter.com/dianemorales', 'http://www.movinwithmorales.com']",twitter,1tuesdaygirl,diane haley brooks,"history geek, mom, mimi, hometown blogger, realtor, thirty-one consultant, selectwoman jackie leger real estate 362 elm st, gardner ma 01440 - 978-630-3600","templeton, ma",tuesdaysintempleton.com,MovinWithMorales,TuesdayGirl
6797,35311,0.9954128440366973,MATCH,AUTO_HIGH,0,candidate,full,twitter,mosckardon,david arriagada,toda idea es una oportunidad trabajo en un sótano pero produzco en la nube ingenioso e ingeniero² actualidad  socialmedia,internet viña y stgo,,instagram,tranceh2,david carvallo,"tímido, frío, calculador, computin, ateo, alcohólico y canto en la ducha; todo un potencial asesino en serie smiling_face_with_horns smiling_face_with_horns . salud por las ballenas spouting_whale spouting_whale whale whale",,http://www.flickr.com/tranceh2,mosckardon,tranceh2
6791,31437,0.9954128440366973,MATCH,AUTO_HIGH,0,candidate,full,twitter,rafamorap,mora,"decir lo que realmente pensamos o sentimos en estos tiempos, puede considerarse un acto revolucionario.",guatemala,morafotografia.tumblr.com,googleplus,rafaesp,rafael espinosa,"idealista sin dios ni religin que anda por ahi, con un corazn que late a la izquierda... puma national autonomous university of mexico maestra en comunicacin",,"['http://picasaweb.google.com/rafaesp', 'http://www.facebook.com/rafaesp', 'http://www.lastfm.es/user/rafaesp', 'http://valhya.blogspot.com/', 'http://pulse.yahoo.com/rafael.espinosa', 'http://www.flickr.com/people/rafaesp/', 'http://twitter.com/rafaesp', 'http://www.anobii.com/rafaesp/books', 'http://foursquare.com/rafaesp']",morafotografia,rafaesp
11873,28900,0.9954128440366973,MATCH,AUTO_HIGH,0,candidate,full,twitter,strikerobi,mike,the boy with a thorn in his sideburns. nintendo. craft beer. disney parks. internet. fsu football. food.,"tallahassee, fl",pixeldujour.com,instagram,mikesingletary,mike singletary,"family, adventure, music, coffee, craft beer, & cornhole. ghost : mike_singletary",,,mikesklens,mikesingletary
11800,30600,0.9954128440366973,MATCH,AUTO_HIGH,0,candidate,full,instagram,metrapach,patri,woman_light_skin_tone dog_face mobile_phone graduation_cap lipstick glasses ghost metrapach,,http://unviajeligero.com,googleplus,patriciayoungsellstexas,patricia young,"rock star realtor, wife and social media junkie barry university keller williams realty realtor",,"['http://www.patricia.homeintegrityteam.com', 'http://www.homeintegrityteam.com']",metrapach,patriciayoung
11747,28074,0.9954128440366973,MATCH,AUTO_HIGH,0,candidate,full,twitter,mbennettphoto,matthew bennett,,,,googleplus,matthewbennett73,matthew bennett,"matthew bennett on the art of being alive. magic - music - writing the magic firm consulting partner the patio drive band keyboards, vocals the matt bennett blues band",,"['http://www.facebook.com/people/Matthew-Bennett/1116417735', 'http://twitter.com/matthewabennett', 'http://teacherjanelle.blogspot.com/']",Mbennettphoto,matthewabennett
6669,28833,0.9954128440366973,MATCH,AUTO_HIGH,0,candidate,full,twitter,polygrafix,mike amerson,"kickin @$$ and making games! vr artist mma german shepherd dad & creator of , ,","las vegas, nv",blackjackbailey.com,googleplus,mikedarnell,mike darnell,"every day and in every way i'm getting better and better vimi.co director kpis.co web project manager, digital artist oleh tria mati hit headup / semantinet",,"['http://www.blogger.com/profile/03772685304600796351', 'http://www.google.com/reader/shared/14392272386978700155', 'http://friendfeed.com/popart', 'http://delicious.com/israeliart', 'http://mikedarnell.stumbleupon.com', 'http://www.disqus.com/people/popart', 'http://www.facebook.com/people/Mike-Darnell/535785604', 'http://www.facebook.com/people/Mike_Darnell/535785604', 'http://www.flickr.com/photos/israeli-art/', 'http://www.last.fm/user/mikedarnell/', 'http://www.linkedin.com/in/mikedarnell', 'http://picasaweb.google.com/mikedarnell', 'http://twitter.com/pop_art', 'http://www.linkedin.com/in/mikedarnell', 'http://www.quora.com/mike-darnell', 'http://www.youtube.com/user/IsraeliArt', 'http://www.digitalartprintgallery.com', 'http://MikeDarnell.name', 'http://dagbareshet.com/', 'http://www.2dfor3d.com/', 'http://brightkite.com/people/art', 'http://mike.cafe.themarker.com/view.php?u=45901', 'http://tr.im/popart', 'http://www.digitalartprintgallery.com/component/option,com_mojo', 'http://www.plurk.com/user/popart', 'http://www.twine.com/user/popart', 'http://Toy-thinkingofyou.com', 'http://KPIs.co']",mikeamerson,mikedarnell
6646,28903,0.9954128440366973,MATCH,AUTO_HIGH,0,candidate,full,googleplus,michaelrammell,michael rammell,all-olympus wedding & street photographer. find me online through the michael rammell photography podcast & the camera aspects youtube show! ready steady pro photography podcast host & producer rammellstudios.co.uk head shot photographer rammellphotography.com photographer,,"['http://www.facebook.com/rammellphotography', 'http://www.facebook.com/mikerammell', 'http://twitter.com/mikerammell', 'http://about.me/michaelrammell#', 'http://www.youtube.com/user/mrammell', 'http://www.rammellphotography.com', 'http://www.michaelrammell.com', 'http://www.readysteadypro.co.uk', 'http://www.rammellphotography.com', 'http://www.michaelrammell.com', 'http://www.readysteadypro.co.uk']",instagram,sorgatron,michael sorg,"producer at sorgatronmedia.com, marketing and pro wrestling productions. podcasting about wrestling, tech, & video games. what can i help you make?",,http://www.mikesorg.com,michaelrammell,mikesorg
6645,29412,0.9954128440366973,MATCH,AUTO_HIGH,0,candidate,full,twitter,mc_potts,michael potts,"i'm a photographer based in amsterdam. i photograph formula 1, pro cycling, travel, wildlife & everything else i possibly can! also, tech director",amsterdam,michaelpotts.com,googleplus,michaelmurphy,michael murphy,london based photographer internet stuff,,"['http://www.murphyz.co.uk', 'http://twitter.com/murphyz', 'http://www.flickr.com/photos/murphyzmike/', 'http://picasaweb.google.com/murphyz', 'http://www.murphyz.com', 'http://500px.com/murphyz', 'http://www.murphyzville.com']",michaelpotts,murphyz
6616,28589,0.9954128440366973,MATCH,AUTO_HIGH,0,candidate,full,googleplus,michaelcolley,michael colley,,,,twitter,mcoley,michael coley,former agedu teacher agvocate nerd hereford cattle lover lifelong learner graduate of nc state & mtsu,"mount juliet, tn",about.me/michaelcoley,michaelcolley,michaelcoley
6616,28588,0.9954128440366973,MATCH,AUTO_HIGH,0,candidate,full,googleplus,michaelcolley,michael colley,,,,instagram,mcoley,michael coley,agedu teacher & ffa advisor in tennessee. agricultural education graduate of nc state & mtsu. animal lover. technology nerd.,,http://about.me/michaelcoley,michaelcolley,michaelcoley
6608,28697,0.9954128440366973,MATCH,AUTO_HIGH,0,candidate,full,googleplus,michaeljohnbeil,michael beil,"developer. musician. working on the interwebs. advocate of laughing, coffee, and tea. aesopinteractive happiness engineer beil media president pressgram community leader grace church pastor",,"['http://twitter.com/michaelbeil', 'http://facebook.com/michaeljohnbeil', 'http://linkedin.com/in/michaeljohnbeil', 'http://www.quora.com/Michael-John-Beil', 'https://soundcloud.com/michaelbeil', 'http://www.last.fm/user/TriumphantLife', 'http://michaelbeil.com']",twitter,michbrinson,michelle s brinson,"storyteller, writer, nonprofit, donor communications, marketer, fundraiser. daughter of a king, mother to a prince, redeemed by grace, & believer of hope!",nashville,about.me/michellebrinson,michaelbeil,michellebrinson
12349,34188,0.9954128440366973,MATCH,AUTO_HIGH,0,candidate,full,twitter,ponk,matt,"i work as a senior editor for , and host . supporter of marriage equality, instagrammer of cats. hello.","adelaide, south australia",,googleplus,mattsudol,matt sudol,"living, eating, strolling, snapping. being brooklyn. and dir of mktg for npower.org rochester institute of technology marketing",,,ponk,sudol
12349,28177,0.9954128440366973,MATCH,AUTO_HIGH,0,candidate,full,twitter,ponk,matt,"i work as a senior editor for , and host . supporter of marriage equality, instagrammer of cats. hello.","adelaide, south australia",,instagram,thieleman1,matt,"mindfulness, business and life. love is my why. co-host podcast (we talk about beer.) i was made in detroit. snapchat: shuop",,http://about.me/matt.thieleman,ponk,mattthieleman
12278,17381,0.9954128440366973,MATCH,AUTO_HIGH,0,candidate,full,instagram,penyaskito,christian lpez espnola,,,http://penyaskito.com,twitter,gizmomogwai,christian kstlin,,munich,,penyaskito,christiankoestlin
12271,30813,0.9954128440366973,MATCH,AUTO_HIGH,0,candidate,full,twitter,h0stio,pedro,task 1: dedicar todo el tiempo a los que de verdad te quieren y no desperdiciar un segundo.,,,googleplus,pedrolucio,pedro lucio,,,,PedroGranero,pedrolmc
12247,30651,0.9954128440366973,MATCH,AUTO_HIGH,0,candidate,full,twitter,loebpaul,paul loeb,"nerd by day, i make music at night.","los angeles, ca",droptrack.com,googleplus,paulashton,paul ashton,"web manager by day, freelance web dude by night yellow brick digital the boss",,"['http://twitter.com/paulashton1979', 'http://www.theyellowbrickroad.co.uk']",paulloeb,paulashton
12246,30651,0.9954128440366973,MATCH,AUTO_HIGH,0,candidate,full,instagram,loebpaul,paul loeb,"nerd by day, i make music at night. is my cat_face",,http://reallycutecats.com,googleplus,paulashton,paul ashton,"web manager by day, freelance web dude by night yellow brick digital the boss",,"['http://twitter.com/paulashton1979', 'http://www.theyellowbrickroad.co.uk']",paulloeb,paulashton
12026,24518,0.9954128440366973,MATCH,AUTO_HIGH,0,candidate,full,instagram,natanoj86,jonathan nava,"no hay nada que decir puma de institución, pero águila de corazón. universitario y americanista, tuitero de la vieja escuela. vivo en el nivel 29",,http://www.twitter.com/natanoj86,twitter,jhonycrow,jonathan romero,"publicista,investigador, amante del arte y el diseño, pero gomoso de la tecnología.",bogotá col.,vistazooom.tumblr.com,natanoj86,jonathanromero
11973,31089,0.9954128440366973,MATCH,AUTO_HIGH,0,candidate,full,twitter,mrchrisrod,christian rodriguez,ceo @ burstworks. traveling serial entrepreneur.,"boston, miami, etc.",mrcr.org,googleplus,christophrichter,christoph richter,the world is your imagination zoomsquare.com co-founder ijoule.com cto itangels.net serial entrepreneur derstandard.at bwin.com,,"['http://www.quora.com/Christoph-Richter', 'http://www.facebook.com/christoph.richter', 'http://www.flickr.com/photos/8102553@N04/', 'http://twitter.com/piffie', 'http://www.facebook.com/christoph.richter', 'http://www.quora.com/Christoph-Richter', 'http://www.flickr.com/photos/8102553@N04/', 'http://about.me/piffie', 'http://create-ivity.com/', 'http://www.google.com/reader/shared/12647627576373241117', 'http://www.ijoule.com/', 'http://itangels.net/']",MrChrisRodriguez,piffie
11951,18535,0.9954128440366973,MATCH,AUTO_HIGH,0,candidate,full,twitter,davidcmolina,david molina,"founder/ceo , ex-army captain working to help military veterans/spouses code and enter the tech industry. proud father, husband to .","forest grove, or",davidmolina.github.io,instagram,davidalee,david lee,military programs leader. retired army colonel who built army strong and amazon employer brands. personal account and content.,,http://DavidALee.com,molina,DavidALee
11902,29873,0.9954128440366973,MATCH,AUTO_HIGH,0,candidate,full,instagram,missnicastone,nica stone,the daily adventures & cosplay progress of cosplayer/model/photographer nica stone. next con: a taste of animethon - panelist small_blue_diamond team mystic small_blue_diamond,,http://nicastone.storenvy.com/,twitter,thewuzz,nick stone,,"gold coast, australia",,missnicastone,nickstone
13102,32154,0.9954128440366973,MATCH,AUTO_HIGH,0,candidate,full,instagram,tecgirl,robin andersen,"mobile ux designer, mozilla (firefox). photographer. mother to badass little dude. airplane_departure United_States United_Kingdom Canada",,,googleplus,robinhassan,robin hassan,"marketing communications strategist, digital media innovation catalyst, gf baker + dog lover. t.o., canada native... avid egypt/mideast watcher + more! mediacom canada svp, digital strategy yahoo! canada director, custom solutions & ad product strategy alliance atlantis director, insights & product development canwest global communications national marketing manager starcom canada vp digital, mobile & social strategy unilever canada country lead, digital engagement & media",,"['http://twitter.com/robinkayh', 'http://www.slideshare.net/robinkayh', 'http://ideaemporium.tumblr.com/', 'http://mediaincanada.com/search/?cx=002760907220864159175%3Aihcmf16xdlg&cof=FORID%3A9&ie=ISO-8859-1&q=robin+hassan&sa=&siteurl=mediaincanada.com%2F']",tecgirl,robinhassan
13009,34128,0.9954128440366973,MATCH,AUTO_HIGH,0,candidate,full,twitter,stevenjeffrey,steven jeffrey,"glaxosmithkline it director & former entrepreneur harvard business school, imd & sussex university expertise in business, technology & operations",united kingdom,stevejeffrey.com,googleplus,stefanmeyerstoepsomat,stefan meyer stoepsomat,tubblog it business consultant jamescash.co.uk business development director netlink it managing director and owner ge accident assistance it technician ernst & young it trainer & support technician,,"['http://www.about.me/stoepsomat', 'https://plus.google.com/114086751478559826743/posts/JwEAvWmQ86C', 'http://www.google.com/reader/shared/13713386610211456991', 'http://youtube.com/user/Stoeps', 'http://www.facebook.com/stoepsomat', 'http://www.flickr.com/people/Stoepsomat/', 'http://web.stagram.com/n/stoepsomat', 'http://www.xing.com/profile/StefanStoeps_Meyer', 'http://soundcloud.com/stoeps', 'http://twitter.com/stoepsomat', 'http://stoepsorama.wordpress.com', 'http://stoepsorama.ch/', 'http://www.permatrend.com']",stevejeffrey,stoepsomat
13005,34057,0.9954128440366973,MATCH,AUTO_HIGH,0,candidate,full,twitter,sjbphoto,steve brylka,family man. at&t data center manager. photographer. musician. tech geek.,"41.557982,-87.77924",sjbrylka.com,instagram,stevei,steve iadarola,"photographer, entrepreneur and technology junkie. i'm a geek by day and portrait / commercial photographer the rest of the time.",,http://about.me/stevei,SteveBrylka,stevei
13005,34056,0.9954128440366973,MATCH,AUTO_HIGH,0,candidate,full,twitter,sjbphoto,steve brylka,family man. at&t data center manager. photographer. musician. tech geek.,"41.557982,-87.77924",sjbrylka.com,googleplus,steveiadarola,steve iadarola,geek by day and photographer the rest of the time tu dresden webpixelkonsum inhaber,,"['http://about.me/stevei', 'http://www.google.com/reader/shared/01627737861287729963', 'http://twitter.com/stevei', 'http://www.facebook.com/steve.iadarola', 'http://www.flickr.com/photos/stevei0', 'http://www.linkedin.com/in/steveiadarola', 'http://www.steveiphotography.com/']",SteveBrylka,stevei
12995,34015,0.9954128440366973,MATCH,AUTO_HIGH,0,candidate,full,twitter,cefalostudio,stephen cefalo,"raleigh, nc. painting and drawing is my passion. check out my groovy instructional videos here.","raleigh, nc",stephencefalo.com,instagram,stephenwashere,stephen ramkissoon,proud to be living my dream with my wife melissa and daughters nevaeh & tsifira creativity is my passion owner,,http://www.ramkissoon.ca,StephenCefalo,stephenramkissoon
12961,31428,0.9954128440366973,MATCH,AUTO_HIGH,0,candidate,full,twitter,squinte6,rafael ochoa,graduate. technology aficionado. runner. nature lover. opinions are my own.,southern california,about.me/squinte6,googleplus,rafaelochoa,rafael ochoa,"web/mobile applications consultant, tech enthusiast, rookie photographer california state university, fullerton computer science",,"['http://www.linkedin.com/in/rafaelochoa', 'http://flickr.com/photos/rafaelochoa', 'http://instagram.com/rafaelochoa', 'http://twitter.com/rafaelochoa', 'http://vimeo.com/rafaelochoa', 'http://twitter.com/ria212', 'http://twitter.com/augvenezuela', 'http://www.linkedin.com/in/rafaelochoa']",squinte6,rafaelochoa
12960,31428,0.9954128440366973,MATCH,AUTO_HIGH,0,candidate,full,instagram,squinte6,rafael ochoa,,,http://squinte6.wordpress.com,googleplus,rafaelochoa,rafael ochoa,"web/mobile applications consultant, tech enthusiast, rookie photographer california state university, fullerton computer science",,"['http://www.linkedin.com/in/rafaelochoa', 'http://flickr.com/photos/rafaelochoa', 'http://instagram.com/rafaelochoa', 'http://twitter.com/rafaelochoa', 'http://vimeo.com/rafaelochoa', 'http://twitter.com/ria212', 'http://twitter.com/augvenezuela', 'http://www.linkedin.com/in/rafaelochoa']",squinte6,rafaelochoa
12771,25834,0.9954128440366973,MATCH,AUTO_HIGH,0,candidate,full,twitter,scidoodles,scott,currently living in north east thailand working as an english teacher,"ubon ratchathani, thailand",,instagram,minimasterg,scott,tna is my chinese hometown. living in szx. starting year 7 in china. singlenow laowai laoshi canadian Canada scottish *usually f4f,,https://twitter.com/KiltTilter,scottmichael,kilttilter
12769,32983,0.9954128440366973,MATCH,AUTO_HIGH,0,candidate,full,twitter,scottmeier1,scott meier,"husband, father, high school teacher and strength & conditioning coach, master's track athlete, and technology geek. this is my personal account.","farmington, mn",about.me/ScottMeier1,instagram,gizmology,scott anderson,"wcit elearning guy, tonga rugby analyst, facilitator of technology integration in sport and personal life, proud dad and casual 4wd enthusiast",,http://about.me/ScottAnthonyAnderson,ScottMeier1,ScottAnthonyAnderson
12762,32208,0.9954128440366973,MATCH,AUTO_HIGH,0,candidate,full,instagram,hellocookie,stephanie cooke,"editor in chief of rogues portal. podcaster for comicsbound and the missfits, contributor to secretloves. geek quiz mistress and khatleesi.",,http://www.stephaniecooke.ca,googleplus,stephenreidrockjaw,stephen reid,"online community / social media manager, content creator and ideas guy. greatschools director, community & customer service 2k games director, community and customer service gazillion entertainment director of community and customer service bioware senior community manager gazillion entertainment community director ncsoft europe creative concepts manager scee editor in chief, playstation.com dennis publishing reviews editor aol uk producer trion worlds community manager",,"['http://www.linkedin.com/in/stephenreid', 'http://www.twitter.com/rockjaw/', 'http://about.me/rockjaw']",scooke,rockjaw
12757,23601,0.9954128440366973,MATCH,AUTO_HIGH,0,candidate,full,twitter,scamper,jeff robinson,"pixel whisperer, fiction writer, music maker, game player, social avoider, fitness inflicter, science embracer, chocolate obsessor","emeryville, ca",scamper.com,googleplus,jefflarkin,jeff larkin,"christ-follower, husband, father, supercomputer jedi, bass player, techno-weenie furman university b.s. computer science berkmar high school university of tennessee m.s. computer science nvidia developer technology software engineer cray inc. performance engineer innovative computing laboratory, ut graduate research assistant tgapo, llc",,"['http://www.jefflarkin.com', 'http://www.linkedin.com/in/jefflarkin', 'http://twitter.com/jefflarkin', 'http://www.facebook.com/jefflarkin', 'http://www.flickr.com/photos/jefflarkin/', 'http://about.me/jefflarkin', 'http://picasaweb.google.com/jefflarkin', 'http://jefflarkin.appspot.com', 'https://indieweb-blog-jefflarkin.c9.io/']",scamper,jefflarkin
12752,13781,0.9954128440366973,MATCH,AUTO_HIGH,0,candidate,full,instagram,savoieadam,adam savoie,"apple geek, music nerd, beer affectionado. appreciation of photography and design. above all, a grateful husband and proud father.",,http://pleasereboot.it,twitter,adammokan,adam mokan,husband and father. beard and hat dude at . music production nerd. electronics guy. habitual button-pusher. from michigan.,"chandler, arizona",adammokan.com,savoieadam,adammokan
12739,12916,0.9954128440366973,MATCH,AUTO_HIGH,0,candidate,full,twitter,misstebo,sarah tebo,"web designer, recovering journalist, geek, reality tv fan.","rome, ga.",sarahtebo.com,instagram,slkav,sarah,"music, food and fitness addicted freelance web and graphic designer from dublin. creator of & frequently in geek mode.",,http://www.sketch.ie,sarahtebo,slkav
6791,7362,0.9954128440366973,MATCH,AUTO_HIGH,0,candidate,full,twitter,rafamorap,mora,"decir lo que realmente pensamos o sentimos en estos tiempos, puede considerarse un acto revolucionario.",guatemala,morafotografia.tumblr.com,googleplus,rafaelpastor,rafael pastor,"""pensar es el trabajo ms difcil que existe. quiz sea sta la razn por la que haya pocas personas que lo practiquen"" henry ford fena business school master marketing y comunicacion 2.0 escuela europea diplomatura en marketing, publicidad y rrpp",,"['http://twitter.com/rafa_pastor', 'http://es.linkedin.com/in/rafaelpastorfernandez', 'https://www.facebook.com/pages/Marco360-Google-Business-Photos-Asturias/117947234945407', 'https://www.facebook.com/jesuspastorhosteleria']",morafotografia,rafaelpastor
6752,34370,0.9954128440366973,MATCH,AUTO_HIGH,0,candidate,full,googleplus,mohammadmoghaddas,mohammad moghaddas,"senior network/security engineer & consultant. in love with networks, specially the internet! cisco microsoft sampad at&t network / security consultant profitbricks senior network engineer dpi (ex ibm of iran) senior network/security engineer & architect aivivid ict network/security consultant homatelecom chief technology officer (cto) mcci (mobile communication company of iran) network/security consultant homatelecom network manager iran post company senior network engineer city bank wan administrator astan qods razavi network administrator iranian red crescent society network and security consultant ma insurance voip consultant & project supervisor 13 aban pharmacy voip consultant",,"['https://plus.google.com/u/0/117014487579902173801/', 'http://de.linkedin.com/in/moghaddas', 'http://twitter.com/_moghaddas', 'https://www.facebook.com/moghaddas.it', 'https://www.instagram.com/_moghaddas/', 'https://twitter.com/moghaddas_fa', 'https://moghaddas.com', 'https://ip.engineering', 'https://fa.moghaddas.com', 'https://fa.ip.engineering']",twitter,symbiansymoh,mohamed a baset,"project leader at , founder & lead penetration tester at , founder at and senior cyber security analyst at linio","earth planet, localhost",SymbianSyMoh.com,moghaddas,SymbianSyMoh
6694,18608,0.9954128440366973,MATCH,AUTO_HIGH,0,candidate,full,googleplus,davidminty,david minty,,,"['http://www.facebook.com/minty14', 'http://twitter.com/Minty14', 'http://www.freshtechservices.co.uk', 'http://http//www.bigredtech.co.uk']",twitter,king_hack,davide tommasin,,aquileia,NAGAYE.org,minty14,davidetommasin
13771,14591,0.9954128440366973,MATCH,AUTO_HIGH,0,candidate,full,instagram,adamcoomes,adam coomes,technology enthusiast. game geek. entrepreneur.,,http://about.me/adamcoomes,twitter,mcatoms,adam mc,"internet enthusiast. tabletop game maker. occasional podcaster. fan of wit, tacos & mixed drinks. digital strategy manager and creator of .","aurora, il",about.me/amccrim,adamcoomes,amccrim
13761,13784,0.9954128440366973,MATCH,AUTO_HIGH,0,candidate,full,googleplus,adamm,adam m,"family man first - love tech, cars, and politics british columbia institute of technology mechanical engineering - design san francisco institute of architecture ecological design recollective principal cobalt (integral) engineering leed services manager & green building researcher",,"['http://txGarage.com', 'http://txGarage.com']",twitter,muh_sadam,adam,"science is my god, love is my religion! shares real news from the world's major outlets & publications, and... some finest sarcastic commentary.",new york - singapore - jkt-kdi,resistancecalendar.org,adamaoc,adamsadam
6500,19870,0.9954128440366973,MATCH,AUTO_HIGH,0,candidate,full,googleplus,mattstefl,matt stefl,,,,instagram,elunicoduke,matt,,,https://twitter.com/ElUnicoDuke,mattstefl,elunicoduke
6499,34702,0.9954128440366973,MATCH,AUTO_HIGH,0,candidate,full,twitter,mattnoonan,matt noonan,"assistant director of broadcasting & new media for uc athletics. cincinnati native. all about cincy sports, golf, travel & national parks.","cincinnati, oh",gobearcats.com,instagram,the_fergie,matt ferguson,lover of all things marketing passionate uc student christ follower simi-pro photographer cincinnati native...,,http://about.me/the_fergie,mattnoonan,TheFergie
6488,12349,0.9954128440366973,MATCH,AUTO_HIGH,0,candidate,full,googleplus,matthill,matt hill,creative optimist. artist. educator. co-founder of nationalparksatnight.com. marketing & branding. i create curiosity and positive change. gradus group director of marketing b & h photo video marketing mac group director of digital marketing & strategy sinar bron imaging technical services / consignment manager sandrian camera lab manager / retail,,"['http://facebook.com/matthill', 'http://twitter.com/matthill', 'http://matthillart.com/', 'http://www.weekofart.com/', 'http://blog.mefoto.com', 'http://blog.indurogear.com', 'http://www.indurogear.com/', 'http://MattHillArt.com', 'http://macgroupus.com']",twitter,ponk,matt,"i work as a senior editor for , and host . supporter of marriage equality, instagrammer of cats. hello.","adelaide, south australia",,matthillart,ponk
6482,28163,0.9954128440366973,MATCH,AUTO_HIGH,0,candidate,full,googleplus,matthewstephens,matthew stephens,"husband, video technician, video editor, life.church tech, computer geek, apple nerd, racquetball player, sports lover carteret community college",,,twitter,mattshields74,matt shields,"husband,father,tech guy,systems engineering manager,cloud ops,network admin,linux/sysadmin,devops,jeep wrangler fanatic, sound engineer,bass player","boston, ma",shields.tv,matthewstephens,mattshields
6467,17923,0.9954128440366973,MATCH,AUTO_HIGH,0,candidate,full,twitter,matthewbrush,matthew brush,"commercial photographer specializing in lifestyle, sports, and active culture for editorial and advertising clients worldwide. instagram - toothybrush","los angeles, ca",matthewbrush.com,instagram,crashmattb,matt barnes,"designer & photographer for , quirky introvert, hubs of and dad to 3 sensational little people.",,http://www.flickr.com/photos/crashmattb,matthewbrush,crashmattb
6421,27955,0.9954128440366973,MATCH,AUTO_HIGH,0,candidate,full,twitter,marwamorgan,marwa morgan,egyptian journalist with - صحفية مصرية- لجنة حماية الصحفيين header photo by pgp: b315bbfd,"new york, usa",marwamorgan.com,instagram,marymarchesano,mary pucci,marketing&communication journalist - ebook author airplane_departure globe_showing_Americas [link backhand_index_pointing_down_medium_skin_tone ],,http://www.vanityfair.it/autori/m/mary-marchesano,marwasameermorgan,marymarchesano
6417,36685,0.9954128440366973,MATCH,AUTO_HIGH,0,candidate,full,twitter,svitek,martinkarmakitchen,culinary art addicted environmentaly concerned yoga living bon vivant. desperately interested in everything. chief of happiness bei karmakitchen. namaste.,www.karmakitchen.de,about.me/martinsvitek,instagram,zehnbar,maren martschenko,brand nerd // happiness economist by nature // social media addict // mom of 3 // espresso lover // cow painter // dmw // iphone only,,http://www.zehnbar.de,martinsvitek,zehnbar
6417,36684,0.9954128440366973,MATCH,AUTO_HIGH,0,candidate,full,twitter,svitek,martinkarmakitchen,culinary art addicted environmentaly concerned yoga living bon vivant. desperately interested in everything. chief of happiness bei karmakitchen. namaste.,www.karmakitchen.de,about.me/martinsvitek,googleplus,marenmartschenko,maren martschenko,martschenko markenberatung martschenko markenberatung chief enthusiasm officer,,"['http://marenmartschenko.de/', 'https://twitter.com/zehnbar', 'https://www.facebook.com/Espressostrategie', 'http://espressinar.de', 'http://marenmartschenko.de/blog/']",martinsvitek,zehnbar
6410,27902,0.9954128440366973,MATCH,AUTO_HIGH,0,candidate,full,googleplus,martin,martin,,,,twitter,tinchop,martin pombo,"argentine living in miami, married to a swedish woman who grew up in catalonia, with whom we have a daughter born in usa...",miami,about.me/martin.pombo,MartinPucik,martinpombo
6410,27892,0.9954128440366973,MATCH,AUTO_HIGH,0,candidate,full,googleplus,martin,martin,,,,instagram,thesundancekydd,martin,"munich is my home, the world my playground. expect suits, beer and travel pix. kik/snapchat: sundancekydd",,http://about.me/martinkydd,MartinPucik,martinkydd
13554,27660,0.9954128440366973,MATCH,AUTO_HIGH,0,candidate,full,instagram,yogurtsoda,mariam hosseini,"comms and int'l relations pro in sf by day, food obsessed at night. iranian american. sonoma is home. doogh is key to success. yogurtsoda.com",,http://mariamhosseini.com,googleplus,marisafotosensible,marisa fotosensible,"passionate photographer, instagramer, dreamer, communicator, traveller. people, beauty and nature lover. :) south brunswick high school duke university university of pennsylvania new york city department of education program manager citizen schools campus director school district of philadelphia teach for america corps member",,"['http://www.youtube.com/user/MarisaFotosensible', 'http://instagram.com/fotosensible', 'http://www.fotosensible.com', 'http://twenty20.com/fotosensible', 'http://www.facebook.com/MarisaFotosensible', 'http://twitter.com/fotosensibleIG', 'http://about.me/marisacarranza', 'http://www.instagramers.com']",yogurtsoda,marisacarranza
13543,19563,0.9954128440366973,MATCH,AUTO_HIGH,0,candidate,full,twitter,elizabutt,shamalamadingdong af,22138 tweets & counting. a n g e r y! snapchat: live-bees,"saskatoon, saskatchewan",,googleplus,elizabethclosmore,elizabeth closmore,,,"['http://www.about.me/ebclosmore', 'https://plus.google.com/u/1/117300371698395982454/', 'http://twitter.com/ebclosmore', 'http://www.linkedin.com/in/ebclosmore', 'https://www.facebook.com/ebclosmore', 'http://foursquare.com/ebclosmore', 'http://pinterest.com/ebclosmore/', 'http://soundtracking.com/users/ebclosmore', 'http://pandora.com/people/ebclosmore', 'http://statigr.am/ebclosmore', 'http://stumbleupon.com/stumbler/ebclosmore/', 'http://open.spotify.com/user/ebclosmore', 'http://digg.com/users/ebclosmore/', 'http://weheartit.com/ebclosmore', 'http://www.flickr.com/people/ebclosmore/', 'http://www.quora.com/elizabeth-b-closmore', 'http://www.youtube.com/user/EBCNYC', 'http://www.sprinklr.com/social-scale-blog', 'http://www.facebook.com/ebclosmore', 'http://digg.com/users/ebclosmore', 'http://www.stumbleupon.com/stumbler/EBCNYC/', 'http://foursquare.com/user/ebclosmore', 'http://www.flickr.com/photos/ebclosmore/', 'http://www.delicious.com/ebclosmore']",yappatan,ebclosmore
13371,29829,0.9954128440366973,MATCH,AUTO_HIGH,0,candidate,full,twitter,nick_vershinin,,"digital director at melnitsa animation studio (luntik, barboskiny, 3 bogatirya) and ceo at bobaka. moscow — minsk — limassol.","moscow, russia",vershinin.info,googleplus,nickalt,nick alt,"founder of vnyl loyola marymount university animation vnyl founder clear-media ceo echograph ceo vimeo, llc vp mobile + tv",,"['http://vnyl.org', 'http://echographs.com', 'http://vnyl.org']",vershinin,nickalt
13335,35652,0.9954128440366973,MATCH,AUTO_HIGH,0,candidate,full,twitter,sorciererouge,valentina,i am valentina. i live and work in london as an educator expert in learning innovation. geek. lifelong learner. trainer. that's me.,london,makerpro.education,googleplus,valentinafuentes,valentina fuentes,live right now universidad diego portales publicidad socialyse,,['http://profile.live.com/cid-a71e13ff7421a442'],valentinachinnici,valiuh
6326,20726,0.9954128440366973,MATCH,AUTO_HIGH,0,candidate,full,googleplus,marcofrissen,marco frissen,"author of aftershot survival guide, freelance writer, general geek. atheist and skeptic fresh worx owner vodafone technical specialist test environments",,"['http://mf72.blogspot.com/', 'http://b.cometgeek.eu/']",twitter,foodnouveau,marie asselin,"freelance writer, translator, stylist, recipe developer / 1st cookbook: spring 2018, / teacher:","québec, canada",foodnouveau.com,marcof,foodnouveau
6321,27480,0.9954128440366973,MATCH,AUTO_HIGH,0,candidate,full,twitter,marcocapo79,marco caporicci,sono un insegnante seduto tra i banchi di scuola che cerca di capire qualcosa dalla lezione che la vita sta impartendo!,roma,marcocaporicci.it,googleplus,marcocostanzo,marco costanzo digireale,"se insisti e persisti, raggiungi e conquisti university of siena scienze economiche e bancarie marco costanzo consulente di comunicazione",,"['http://miglioramento.com', 'http://espertointernet.com', 'http://sensodellavita.com', 'http://ecoscuola.com', 'http://guida.wordpress.com', 'http://marketingturisticodigireale.wordpress.com', 'http://poesie.wordpress.com', 'http://marcocostanzo.com']",marcocapo,marcocostanzo
6312,27923,0.9954128440366973,MATCH,AUTO_HIGH,0,candidate,full,googleplus,marceloriveromvp,marcelo rivero,ceo at - microsoft mvp enterprise security infospyware.com ceo,,"['https://twitter.com/#!/InfoSpyware', 'https://twitter.com/#!/ForoSpyware', 'https://twitter.com/#!/MarceloRivero', 'http://www.youtube.com/user/InfoSpywareTV', 'http://www.linkedin.com/in/infospyware', 'http://www.facebook.com/InfoSpyware', 'http://www.infospyware.com', 'http://www.infospyware.com', 'http://www.infospyware.net', 'http://www.marcelorivero.es', 'http://www.forospyware.com']",twitter,martinvrkoc,martinvrkoc,"founder and ceo at sepiri( ) - software application development, entrepreneur. passion/hobby: golf, running/trekking, skiing, wine tasting.","moravian-silesiacz,",martinvrkoc.com,MarceloRivero,martinvrkoc
6312,27773,0.9954128440366973,MATCH,AUTO_HIGH,0,candidate,full,googleplus,marceloriveromvp,marcelo rivero,ceo at - microsoft mvp enterprise security infospyware.com ceo,,"['https://twitter.com/#!/InfoSpyware', 'https://twitter.com/#!/ForoSpyware', 'https://twitter.com/#!/MarceloRivero', 'http://www.youtube.com/user/InfoSpywareTV', 'http://www.linkedin.com/in/infospyware', 'http://www.facebook.com/InfoSpyware', 'http://www.infospyware.com', 'http://www.infospyware.com', 'http://www.infospyware.net', 'http://www.marcelorivero.es', 'http://www.forospyware.com']",twitter,markperera,mark perera,"saas ceo. helping companies drive accelerated ebit growth, through enterprise supplier collaboration & innovation with",london  san francisco,vizibl.co,MarceloRivero,markperera
6312,11615,0.9954128440366973,MATCH,AUTO_HIGH,0,candidate,full,googleplus,marceloriveromvp,marcelo rivero,ceo at - microsoft mvp enterprise security infospyware.com ceo,,"['https://twitter.com/#!/InfoSpyware', 'https://twitter.com/#!/ForoSpyware', 'https://twitter.com/#!/MarceloRivero', 'http://www.youtube.com/user/InfoSpywareTV', 'http://www.linkedin.com/in/infospyware', 'http://www.facebook.com/InfoSpyware', 'http://www.infospyware.com', 'http://www.infospyware.com', 'http://www.infospyware.net', 'http://www.marcelorivero.es', 'http://www.forospyware.com']",twitter,badlands,marco,ios & android developer / photographer / apple & techno fan,"torino, italy",marcomarengo.com,MarceloRivero,marcomarengo
6228,9523,0.9954128440366973,MATCH,AUTO_HIGH,0,candidate,full,googleplus,kevinvlaeminck,kevin vlaeminck,,,,twitter,chaeya,kevin kim,"it비지니스, sw공학, 웹표준, 오픈소스기반기술, 보안, ita/ea, sw테스트, 품질관리, 좌우명 삼인행 필유아사, 블로그 삽질은없다,","seoul, korea",yes.imhappyo.com,Ma9ur0,chaeya
6031,26418,0.9954128440366973,MATCH,AUTO_HIGH,0,candidate,full,twitter,starmoon,leah,traveler sports fanatic coffee addict tv junkie movie buff organizational freak disney princess hp wizard pr social media marketing,wherever the wind takes me.,,googleplus,leahbryce,leah bryce,"social media butterfly. animal lover, reader, watcher, and listener. news junkie. completely horse crazy. fan of the oxford comma. middle tennessee state university liberal studies - psychology marriner marketing communications social media manager self social media butterfly & online community curator",,"['http://twitter.com/laya_malka', 'http://vizualize.me/laya_malka', 'http://about.me/laya_malka', 'http://linkd.in/Mrn1Ie', 'http://slidesha.re/LmfEih', 'http://slidesha.re/KL29sF']",leahmoon,layamalka
6016,23072,0.9954128440366973,MATCH,AUTO_HIGH,0,candidate,full,googleplus,jameslawrenceweb,james lawrence,"walker, traveller & geocacher. wannabe photographer. unashamed money saver. viva liva co-founder & director turtle inc. founding partner electronic arts interface designer, ea sports lululemon athletica graphic designer, brand experience fcv interactive interactive designer (freelance) evans hunt group senior designer (contract) selkirk college advisor, digital arts & new media critical mass designer invisible children, inc. graphic designer (internship) mount royal college animation instructor community futures web designer (internship)",,,twitter,jameslano,jl,designer & beyond.,inner peace  outer space,jameslano.com,lawrenceweb,jameslano
6008,26393,0.9954128440366973,MATCH,AUTO_HIGH,0,candidate,full,googleplus,laurentlencludcandhyman,laurent lenclud candhyman,"belgonaute, surraliste. technofutur tic communication web inraci photographie technofutur tic digital entrepreneur camp ministre de la dfense photographe, charg de communication scouts et guides pluralistes charg de communication",,"['http://twitter.com/laurentlenclud', 'http://www.flickr.com/photos/laurentlenclud', 'http://be.linkedin.com/in/laurentlenclud', 'http://www.facebook.com/laurentlenclud', 'http://www.youtube.com/channel/UC5wCMX6z2M54thc_Eke42fA', 'http://vente-materiel-photo.blogspot.be/', 'http://www.laurentlenclud.com']",twitter,llbash,laurent lecler,"directeur de création, planneur stratégique agence wip. directeur de publication grizette.fr.",france,about.me/laurentlecler,laurentlenclud,laurentlecler
14361,20713,0.9954128440366973,MATCH,AUTO_HIGH,0,candidate,full,googleplus,alexsantosa,alex santosa,"clr enterprises president yahoo account executive, seo, sem, affiliate marketing, social media",,,instagram,folghera,alessandro folghera,"social media marketer, web marketing and seo strategist. seo sem smo smm mobile marketing are my daily job. i like sea beaches fashion bulldogs flags",,http://afo.li,AlexSantosa,folghera
14360,31788,0.9954128440366973,MATCH,AUTO_HIGH,0,candidate,full,twitter,a_sablan,alexander sablan,applications engineer for and freelance lifestyle photographer,,about.me/alex_sablan,googleplus,alexanderreuscher,alexander reuscher,"im just a dude interested in tech, boardsports, lifestyle, photography, social media and my harley. iconmobile manager administrative technologies",,"['http://picasaweb.google.com/alexander.reuscher', 'http://ramses23.posterous.com', 'http://www.flickr.com/people/reuscher/', 'http://twitter.com/ramses23', 'http://facebook.com/reuscher']",alexsablan,reuscher
14333,26010,0.9954128440366973,MATCH,AUTO_HIGH,0,candidate,full,twitter,arexis,alexis favis,"digital marketer food lover random traveler & travel marketer past president if you lose me in a crowd, just listen for my laugh.","tucson, az",about.me/alexisvictoria,googleplus,alexkornfeind,alex kornfeind,"destination strategy manager and marketer. politecnico di milano co-founder ceo cond nast, ttg, mib, formaper, ifoa, cesma",,"['http://it.linkedin.com/in/kornfeind', 'http://www.twitter.com/kornfeind', 'http://instagram.com/kornfeind/', 'http://www.slideshare.net/kornfeind', 'http://www.xing.com/profile/Alex_Kornfeind', 'http://www.friendfeed.com/kornfeind', 'http://yfrog.com/user/kornfeind/profile', 'http://m.youtube.com/alexkornfeind', 'http://kred.ly/kornfeind', 'http://www.peerindex.com/kornfeind', 'http://klout.com/kornfeind', 'http://picasaweb.google.com/kornfeind', 'http://pulse.yahoo.com/_YI53FW73XKA4J6NGBBHKLZNHA4', 'http://www.plaxo.com/profile/show/kornfeind', 'http://shortyawards.com/kornfeind', 'http://memolane.com/kornfeind', 'http://www.dailymotion.com/kornfeind', 'http://vimeo.com/kornfeind', 'http://www.investinsocial.com/company/alex-kornfeind/', 'http://www.ecademy.com/user/alexkornfeind', 'http://www.tripadvisor.com/members/kornfeind', 'http://kornfeind.yelp.com', 'http://kornfeind.hi5.com', 'http://vizualize.me/kornfeind', 'https://profile.live.com/cid-29c09b68739327ec/', 'http://connect.me/users/kornfeind', 'http://www.focus.com/profiles/alex-kornfeind/public/', 'http://kornfeind.wordpress.com', 'http://www.facebook.com/alexkornfeind', 'http://pinterest.com/kornfeind/', 'http://www.smau.it/speakers/alex.kornfeind/', 'http://www.scoop.it/t/turismo-mobile', 'http://paper.li/kornfeind', 'https://www.timerepublik.com/kornfeind', 'http://www.twylah.com/kornfeind', 'https://www.vizify.com/kornfeind', 'http://kornfeind.myopenid.com/', 'http://icturismo.ning.com/', 'http://www.facebook.com/kornfeind', 'http://foursquare.com/kornfeind', 'http://kornfeind.tumblr.com', 'http://www.myspace.com/kornfeind', 'http://soundcloud.com/alexkornfeind', 'http://www.viadeo.com/it/profile/kornfeind.alex.e.', 'http://ow.ly/user/kornfeind', 'http://www.quora.com/Alex-Kornfeind', 'http://twtrland.com/profile/kornfeind', 'http://www.naymz.com/alex_kornfeind_1521890', 'http://kornfeind.wikispaces.com/', 'http://twitpic.com/photos/kornfeind', 'http://www.livestream.com/ictravel', 'http://www.google.com/reader/shared/12862144960670217030', 'http://knol.google.com/k/alex-kornfeind/travel', 'http://www.orkut.com/Main#Profile.aspx?uid=11753513356192462854', 'http://www.unyk.com/it/id/15472658', 'http://www.tagwhat.com/kornfeind', 'http://www.spreaker.com/user/kornfeind', 'http://www.tripit.com/people/kornfeind', 'http://www.travelpod.com/members/kornfeind', 'http://secondlife.com/', 'http://delicious.com/kornfeind', 'http://digg.com/users/kornfeind', 'http://www.issuu.com/kornfeind', 'http://www.flickr.com/people/kornfeind/', 'http://www.netvibes.com/kornfeind', 'http://www.localyte.com/profile/104239', 'http://www.stumbleupon.com/stumbler/kornfeind/', 'http://www.reddit.com/user/kornfeind/', 'http://segnalo.virgilio.it/kornfeind', 'http://kornfeind.typepad.com/blog/', 'http://www.geckogo.com/profile/kornfeind', 'http://www.docstoc.com/profile/kornfeind', 'http://www.scribd.com/kornfeind', 'http://www.yourversion.com/user/kornfeind', 'http://www.blogger.com/profile/17430278188925076831', 'http://kornfeind.blogspot.com/', 'http://www.lastfm.it/user/kornfeind', 'http://weedle.com/alex.kornfeind', 'http://about.me/kornfeind', 'http://getsatisfaction.com/people/kornfeind', 'http://disqus.com/kornfeind', 'http://badoo.com/kornfeind/', 'http://us.cyworld.com/kornfeind', 'http://listorious.com/kornfeind', 'http://technorati.com/people/technorati/kornfeind', 'http://www.mybloglog.com/buzz/members/Kornfeind', 'http://www.dopplr.com/traveller/kornfeind', 'http://www.radiusim.com/profiles/kornfeind', 'http://gowalla.com/users/kornfeind', 'http://tweetfeed.com/kornfeind', 'http://tweetafile.com/files/kornfeind', 'https://gist.com/kornfeind', 'http://kornfeind.blip.tv/', 'http://jumpscan.com/kornfeind', 'http://tungle.me/kornfeind', 'http://profile.typepad.com/kornfeind', 'http://www.agencyscoop.com/kornfeind/', 'http://qik.com/kornfeind', 'http://www.blogcatalog.com/user/kornfeind', 'http://summify.com/kornfeind/', 'http://plixi.com/kornfeind', 'http://www.frappr.com/alexkornfeind', 'http://brightkite.com/people/kornfeind', 'http://chamber.com/alex-kornfeind']",alexisvictoria,kornfeind
14303,35262,0.9954128440366973,MATCH,AUTO_HIGH,0,candidate,full,twitter,alexandre_pinto,alexandre pintoprotected tweets,social media manager & consultant - it solutions web marketing socialmedia socialnetworking web & tourism 2.0 madeira,portugal - madeira,about.me/Alexandre_Pinto,googleplus,alexmassari,alex massari,social media marketing e web marketing turistico many fresh things ceo hoteller ceo - travel designer travel different blogger e social media eremo della giubiliana assistant manager,,"['http://mt.linkedin.com/in/alexmassari', 'http://www.twitter.com/toshi_it', 'http://www.about.me/toshialex', 'http://www.flickr.com/toshi_gentedellanotterg', 'http://www.traveldifferent.it', 'http://hotelleri.it', 'http://manyfreshthings.com', 'http://alexmassari.it']",alexandrepinto,toshialex
14296,14303,0.9954128440366973,MATCH,AUTO_HIGH,0,candidate,full,instagram,alexandrelafleche,alexandre,social media consulting et webmarketing activer une campagne 2.0 et mobiliser vos ambassadeurs,,,twitter,alexandre_pinto,alexandre pintoprotected tweets,social media manager & consultant - it solutions web marketing socialmedia socialnetworking web & tourism 2.0 madeira,portugal - madeira,about.me/Alexandre_Pinto,alexandrelafleche,alexandrepinto
14114,14115,0.9954128440366973,MATCH,AUTO_HIGH,0,candidate,full,twitter,al3_arquitectos,guillermo valencia,,,,googleplus,al3smari,,,,"['http://alasmariblog.blogspot.com/', 'http://profile.live.com/cid-5b74f673f01de1d7', 'http://www.facebook.com/al3smari', 'http://twitter.com/al3smari', 'http://al3smarii.blogspot.com/']",al3,al3smari
13836,36121,0.9954128440366973,MATCH,AUTO_HIGH,0,candidate,full,googleplus,aditiaa.pratama,aditia a pratama,"cg artist & pipeline td, blender trainer, open source specialist stie widya wiwaha management self taught visual communication kampoong monster studios co-founder & cto fossgrafis.com founder & education director freelancer cg artist pixelbud studio 3d artist & compositor",,"['http://aditiapratama.daportfolio.com', 'http://www.linkedin.com/profile/view?id=88732064&trk=tab_pro', 'http://twitter.com/aditia_ap', 'https://vimeo.com/aditia', 'http://www.blendernetwork.org/aditia-pratama', 'http://www.fossgrafis.com', 'http://fossgrafis.com', 'http://patopo.com']",instagram,weirdeetz,aditya nugraha putra,founder of studio,,http://weirdsgn.com,aditiapratama,weirdeetz
5732,11261,0.9954128440366973,MATCH,AUTO_HIGH,0,candidate,full,googleplus,ethnikcity,karen hubbard,inspired by life... hubbards cupboard enterprise ceo,,"['http://twitter.com/Genesiss', 'https://www.instagram.com/1queenhubbard/', 'http://www.facebook.com/lifestyledefinition']",twitter,khartline,karen hartline,"better half of kpexperience. life is ruled by . enjoys pampering poshkaren, wine, cooking, & shoes. ceo of reinventing events ( ).",las vegas,reinventingevents.com,karenlaws,khartline
5700,18470,0.9954128440366973,MATCH,AUTO_HIGH,0,candidate,full,googleplus,daveclark907,dave clark,"loving life in southeast alaska with my family, friends, and salmon... miami university web design juneautek fisherman fishing",,"['http://www.vimeo.com/7957894', 'http://www.juneautek.wordpress.com', 'http://picasaweb.google.com/saltwatersoldier', 'http://twitter.com/JuneauTek', 'http://www.facebook.com/Juneautek', 'http://soundcloud.com/saltwatersoldier', 'http://juneautek.blogspot.com/', 'http://juneautek.com', 'http://juneautek.wordpress.com']",twitter,daveclarke,dave clarke,"enabling better business through comms & networks. married father of 3 young adults. love music, politics, socialising & sport (skiing, footy & taekwondo)",uk,daveclarke.tel,juneautek,daveclarketv
5533,24373,0.9954128440366973,MATCH,AUTO_HIGH,0,candidate,full,twitter,johnparkman,john parkman,"musician, computer technician, and father. i am the producer for multimedia and online broadcasts for","beeville, texas, usa",about.me/johnparkman,instagram,tpagthuys,john de pagter,"photographer, writer, musician, alter-ego, husband and father of four daughters. all photos taken by john! copyright 't pagthuys",,http://tpagthuys.nl,johnparkman,johndepagter
5346,20468,0.9954128440366973,MATCH,AUTO_HIGH,0,candidate,full,googleplus,justinkime,justin kime,husband. golfer. golden retriever owner. marketer. ux designer. story teller. butler university marketing developertown associate partner precise path robotics marketing indiana golf association p.j. boatwright intern greenlight llc marketing intern,,"['http://www.google.com/reader/shared/03490633928580433588', 'http://picasaweb.google.com/OnceUponakimetime', 'http://www.facebook.com/profile.php?id=21101360&ref=profile', 'http://www.linkedin.com/profile?viewProfile=&key=24553084&locale=en_US&trk=tab_pro', 'http://twitter.com/jckime', 'http://www.onceuponakimetime.com']",twitter,farreljt,justin farrell,"entrepreneur. digital marketing strategist. storyteller. artist. phoenix, az instagram: farreljt technology marketing strategist","phoenix, az",jtfarrell.com,JCKime,farreljt
5335,17572,0.9954128440366973,MATCH,AUTO_HIGH,0,candidate,full,twitter,jazzs3quence,chris dn,senior engineer for . unschool parent. music geek. technophile. fan. catlord sadbastardmusic,"salt lake city, utah",chrisreynolds.io,instagram,cjankow,chris,"father, husband, brother, american, scouter leader, geek, computer infrastructure architect/engineer, help desk for family & friends",,http://about.me/cjankow,jazzs3quence,cjankow
14795,16185,0.9954128440366973,MATCH,AUTO_HIGH,0,candidate,full,twitter,andreas_k,andreas khn,co-founder of . recreate media with . focussing on innovation & technology. tweets sustained.,germany,about.me/andreas.kuehn,googleplus,andrijafrini,andrija frini,ceo & co-founder @ implementacija snova sagena head of development,,"['http://about.me/bobrock', 'http://www.facebook.com/bob.rock.hr', 'http://www.linkedin.com/in/afrincic', 'http://twitter.com/#!/bobrock', 'http://blogrock.blogsite.org/', 'http://blogrock.blogsite.org']",andreaskuehn,bobrock
14777,14940,0.9954128440366973,MATCH,AUTO_HIGH,0,candidate,full,twitter,greenfaery,andy,"current: systems designer at ubisoft toronto (unannounced title) previous: systems designer at arkane studios, on dishonored 2 austrian immigrant in canada",toronto,,googleplus,andyhickl,andy hickl,"scientist, linguist, researcher, entrepreneur, sensor geek. grim tech web designer, programmer",,"['http://www.twitter.com/andyhickl', 'http://andyhickl.com']",andreaschmoll,andyhickl
14766,15410,0.9954128440366973,MATCH,AUTO_HIGH,0,candidate,full,googleplus,andreansaputro,andrean saputro,half designer - half geek sociolla lead front-end developer female daily network front-end web developer,,"['http://twitter.com/andreanisme', 'http://about.me/andreanisme', 'http://andreanisme.com', 'http://andreanisme.net', 'http://andreanisme.net', 'http://andreanisme.com', 'http://blog.andreanisme.com', 'https://medium.com/@andreanisme']",twitter,aseroff,andrew seroff,"web dev entrepreneur, master musician, television technician, willing writer, épée fencer emeritus.",oakland,andy.seroff.co,andreanisme,aseroff
14749,14774,0.9954128440366973,MATCH,AUTO_HIGH,0,candidate,full,instagram,deleau,andrea,"quasi tutto è di provenienza iphone, ma qualche volta ci scappa uno scatto dalla canon 70d. vivo con e lui con noi.",,,twitter,ruskyandrea,andrea rascaglia,,,,andreadellacqua,andrearusky
14747,14749,0.9954128440366973,MATCH,AUTO_HIGH,0,candidate,full,twitter,a_confalonieri,andrea confalonieri,"andrea confalonieri nasce a vicomercati, nell'aprile del 1974 e si interessa di misteriose questioni informatiche...",italia,andreaconfalonieri.com,instagram,deleau,andrea,"quasi tutto è di provenienza iphone, ma qualche volta ci scappa uno scatto dalla canon 70d. vivo con e lui con noi.",,,AndreaConfalonieri,andreadellacqua
14743,35559,0.9954128440366973,MATCH,AUTO_HIGH,0,candidate,full,instagram,achocarro,andrea chocarro,"publicista, viajera y melómana. apasionada de la gastronomía y fotografía. smm de",,http://about.me/andreachocarro,googleplus,andresgarridogonzalez,andres garrido,pescados la chucha. pescados y mariscos de llastres desde 1950. experiencia de familia y pasin por el pescado de nuestra tierra michigan state university telecommunications,,"['http://twitter.com/undasein', 'http://facebook.com/andresin.garrido', 'http://es.linkedin.com/in/undasein', 'http://www.lastfm.es/user/undasein', 'http://www.quora.com/Andres-Garrido', 'http://www.flickr.com/photos/dasein/', 'http://www.lachucha.es']",andreachocarro,undasein
14730,14779,0.9954128440366973,MATCH,AUTO_HIGH,0,candidate,full,googleplus,andiprasetiyo,andi prasetiyo,". mimpi yang terbelii. , smk n 2 yogyakarta audio video smp n 1 banguntapan sd n klodangan mosha cell owner",,"['http://about.me/andii_prasetiyo', 'http://gondexcahtampungan.blogspot.com/']",instagram,andreaschs,,andre,,,andiiprasetiyo,AndreasChS
14726,14812,0.9954128440366973,MATCH,AUTO_HIGH,0,candidate,full,twitter,anderssv,anders s,passionate agile developer and automation nut in oslo @ miles. back end and things between dev and ops interests me.,oslo,about.me/anderssv,instagram,andrezzoid,andr jonas,"web/mobile freelance developer and teacher. wantrepreneur. loves new challenges, music and ice cold beer.",,http://andrejonas.me,anderssv,andrejonas
14361,20714,0.9954128440366973,MATCH,AUTO_HIGH,0,candidate,full,googleplus,alexsantosa,alex santosa,"clr enterprises president yahoo account executive, seo, sem, affiliate marketing, social media",,,twitter,folghera,alessandro folghera,social media web marketing strategist in love w seo sem smo smm mobile marketing fashion human rights flags english bulldogs beaches & sea - seo at,"brescia, italy",blog.bizonweb.it,AlexSantosa,folghera
6349,20334,0.9954128440366973,MATCH,AUTO_HIGH,0,candidate,full,twitter,vitapilar,eva,"emprendedora social, rrpp, desarrollo económico municipalidad de pilar. programa de apoyo al emprendedor.","pilar, buenos aires, argentina",about.me/mariaevagonzal…,googleplus,evarueda,eva rueda,las buenas historias siguen siendo imprescindibles universidad de navarra ciencias de la informacin universidad de zaragoza mster lenguaje y tcnica de video y tv,,"['http://www.flickr.com/people/ewawheel/', 'http://about.me/evarueda', 'http://instagram.com/ewawheel', 'http://www.linkedin.com/in/evarueda', 'http://evawheel.es', 'http://mirandoporlamirilla.wordpress.com/', 'http://gastronomadas.wordpress.com/', 'http://www.evawheel.es']",mariaevagonzalez,evarueda
6342,6397,0.9954128440366973,MATCH,AUTO_HIGH,0,candidate,full,googleplus,margaretbrownwriter,margaret willea,loving life! muskegon business college medical receptionist self employed writer,,"['http://www.margaretsgems.webs.com', 'http://twitter.com/mbrownauthor', 'http://www.facebook.com/margaretannbrown', 'http://www.youtube.com/user/mbrownauthor33', 'http://www.linkedin.com/in/mbrownauthor', 'http://pulse.yahoo.com/_WOXIFCFSVVO4PZSTSYQVYETWCY', 'http://www.margaretsgems.webs.com', 'http://bobbybeangoeswandering.webs.com/', 'http://abrighterdaypetsupplystore.weebly.com/', 'http://lenssale.weebly.com/']",twitter,ukcybernaut,mark w,"retired nurse,cyber explorer,photographer,thinker.loving life - double lung transplant 4/10/2010. organ donors save lives!","oxfordshire 51.5751, -1.1533",takeabreathandsay99.blogspot.com,margaretannbrown,MarkWitcher
15825,33134,0.9954128440366973,MATCH,AUTO_HIGH,0,candidate,full,googleplus,sbastienbeauvarlet,sbastien beauvarlet,"passionn par la musique, le poker, la photo, le cinma, le sport, les voyages, les jeux vidos, les internet, les mdias sociaux, le sexe & le rock'n'roll. dnicheur de tendances, de talents et de perles rares musicales. bienvenue beauvarlet hills ! autodidacte digiteka directeur commercial omnicommediagroup directeur social media mediabrands directeur ple social mdia & mobile proxiregie directeur associ kavesta chef de pub directinet chef de pub mdias & rgies europe (publicis groupe) chef de pub working day chef de pub smi ingnieur commercial",,"['http://www.facebook.com/beauvarlet', 'http://www.lastfm.fr/user/nature-boy', 'http://www.youtube.com/user/LesVraisIndependants', 'http://vimeo.com/user2704325', 'http://fr.linkedin.com/in/sebastienbeauvarlet', 'http://www.flickr.com/people/beauvarlet/', 'http://beauvarlet.tumblr.com', 'http://twitter.com/Beauvarlet', 'http://instagram.com/beauvarlet', 'http://open.spotify.com/user/nature-boy', 'https://soundcloud.com/beauvarlet', 'http://pinterest.com/beauvarlet/', 'https://fr.foursquare.com/beauvarlet', 'http://about.me/beauvarlet', 'http://www.digitalsocialclub.net']",twitter,sebgonza,sbastien gonzalez,"etourisme, internet, mobilité touristique, mtourisme et toutes les technos en général ! periscope aussi ^^",bordeaux,etourisme.info,Beauvarlet,sebgonza
15762,23105,0.9954128440366973,MATCH,AUTO_HIGH,0,candidate,full,googleplus,jamiesabot,jamie sabot,batty of batty's bath batty's bath soap maker,,"['http://twitter.com/Battysbath', 'http://www.facebook.com/battysbath', 'http://vimeo.com', 'http://www.battysbath.ca', 'http://battysblog.com', 'http://battysbath.etsy.com']",twitter,jimmy_u,james,maker and enjoyer of fun and exciting things be your authentic self 51/49 all thoughts are my own,dc  sd  sf  ny,bit.ly/2vWJYiG,battysbath,jamesursini
15482,35628,0.9954128440366973,MATCH,AUTO_HIGH,0,candidate,full,twitter,asuknamun,alejandro castillo,"gatólico, pinto cuadros en instagram con peor o mejor éxito, antes juntaletras en y videojuegos, tecnología, barça, cine y series.","madrid, comunidad de madrid",Instagram.com/asuknamun,googleplus,alejandrovaldezate,alejandro valdezate,siempre que puedo me sorprendo deambulando en un ocano pragmtico digitalburo fondateur,,"['https://twitter.com/valdezate', 'http://www.flickr.com/photos/valdezate/', 'http://about.me/valdezate', 'http://www.tumblr.com/follow/valdezate', 'http://instagram.com/valdezate', 'http://www.facebook.com/alejandro.valdezate', 'http://www.linkedin.com/in/valdezate', 'http://valdezate.blogspot.com.es/', 'http://alejandro.valdezate.net']",asuknamun,valdezate
15466,17994,0.9954128440366973,MATCH,AUTO_HIGH,0,candidate,full,instagram,asmith001,aaron smith,"i love jesus. i love my wife, and my kids. technology design sports basketball football backpacking camping kayaking knives marriage family",,http://asmith001.tumblr.com,googleplus,aaronsmithculturalsavage,aaron smith,"father, writer, nerd, jesus obsessed, coffee chugger, and kind of a mess. diagnosed bipolar. in the never ending process of book writing. central hardin high school general diploma campbellsville university ed. min. area jack & company owner coworking of elizabethtown founder elad inc. accounts manager get green to get green creative marketing director the bridge community student pastor",,"['http://boarsheadtavern.com', 'http://culturalsavage.com/about-me', 'http://culturalsavage.com']",asmith001,CulturalSavage
15350,15355,0.9954128440366973,MATCH,AUTO_HIGH,0,candidate,full,twitter,arturolodetti,arturo lodetti,empresario omnilife. productor y conductor de radio. comunicador. activista lgbtiq y miembro de para latinoamerica latam .com,"buenos aires, argentina",arturolodetti.wix.com/nutricionintel…,instagram,ayelmo,arturo yelmo,en primera línea de,,http://www.arturoyelmo.com,ArturoLodetti,ArturoYelmo
15244,19415,0.9954128440366973,MATCH,AUTO_HIGH,0,candidate,full,instagram,110576,andreas reinert,,,http://iphonograf.tumblr.com,twitter,lil_drea,andrea,easily distracted designer. at least when i have access to the internet.,los angeles,about.me/dreaprieto,areinert,dreaprieto
15227,19288,0.9954128440366973,MATCH,AUTO_HIGH,0,candidate,full,twitter,aragunde,mariano aragunde,"periodista, triatleta, músico, comunicador social, ex-sysadmin. ibmer. de racing y del oeste. di la vuelta con pillud. mis opiniones son personales",república separatista de haedo,,instagram,donanela,marianela madrigal,documentando la vida que veo con mis cuatro ojos.,,,aragunde,donanela
15163,15176,0.9954128440366973,MATCH,AUTO_HIGH,0,candidate,full,instagram,antonio_garrido,antonio garrido,"profesor tecnologías y aficionado al buen vino, el btt, el pádel y todo lo relacionado con el mundo educativo y la mancha",,http://www.antoniogarrido.es,twitter,antoniorodilla,antonio rodilla,periodista y sospechoso habitual. premio nobel de la paz. en el tresjulismo vivíamos mejor. retales sueltos:,madrid,antoniorodilla.com,antoniogarrido,antoniorodilla
15086,34212,0.9954128440366973,MATCH,AUTO_HIGH,0,candidate,full,twitter,coskills,anna rydne,anna rydne is a comms blogger and author. she believes the road to success is trying. internal communicator at,"stockholm, sweden",communicateskills.com,googleplus,annaj,anna j,heiress to a shyness that is criminally vulgar...and nothing in particular. sepia mutiny cofounder wamu 88.5 fm (npr) reporter the washington post digital consultant,,"['http://anna.typepad.com/about.html', 'http://www.quora.com/Anna-John', 'http://suitablegirl.yelp.com', 'http://twitter.com/suitablegirl', 'https://www.facebook.com/suitablegirl', 'http://www.flickr.com/people/suitablegirl/', 'http://www.youtube.com/user/SepiaMutiny']",annarydne,suitablegirl
15083,15084,0.9954128440366973,MATCH,AUTO_HIGH,0,candidate,full,twitter,annarpfeiffer,anna pfeiffer,digital marketing & branding specialist,"saxapahaw, nc",annapfeiffer.com,googleplus,annarydne,anna rydne,"communications specialist , , -, ,",,"['http://www.linkedin.com/in/annarydne', 'http://www.facebook.com/CommunicateSkills', 'http://www.communicateskills.com', 'http://www.steamfeed.com']",annapfeiffer,annarydne
14868,20933,0.9954128440366973,MATCH,AUTO_HIGH,0,candidate,full,googleplus,andrewwhall,andrew hall,"photographer, digital artist, web designer ami studios inc. digital artist jc penney, usaf",,"['https://plus.google.com/+Amistudios/posts', 'https://amistudios.com', 'https://andrewhall.com']",twitter,hubrisnow,andrew,artist author enthusiastic highfiver illusion critic graphic designer staffwriter ui betatester photographer smartass + human,"tuscany, italy",,andrewhall,fridaynimh
14850,14873,0.9954128440366973,MATCH,AUTO_HIGH,0,candidate,full,googleplus,andrewchau,andrew chau,"passionate marketing, technology, education and general business ""strategery"" full ambit media president & ceo",,"['http://www.good.is/meet-the-boba-guys', 'http://www.huffingtonpost.com']",twitter,andrewhau,andrew au,christian. community. missionary. athlete. nerd. first generation. . offh // they don't want us to have a bigger pool than kanye,cincinnati - charlotte,andrew-au.com,andrewchau,andrewHau
14848,30080,0.9954128440366973,MATCH,AUTO_HIGH,0,candidate,full,instagram,andreu,andreu ibanez,,,http://www.andreuibanez.com,twitter,drgfive,andrew olson,family...aggie football...go mavs...bazinga...mountain dew..lca...got,"mckinney, tx",,andreuibanez,noslo
14800,14817,0.9954128440366973,MATCH,AUTO_HIGH,0,candidate,full,instagram,cpmaverick,andre brown,,,http://about.me/andrembrown,googleplus,andrebrown,andre brown,makin' it do what it do' blkstarbrand,,,andrebrown,andrerbrown
5830,9671,0.9954128440366973,MATCH,AUTO_HIGH,0,candidate,full,googleplus,cristhianvegakernuac,cristhian vega kernuac,"informtico, nintendero, amante de la msica y la formula 1, fan del anim clsico y twittero (dicen) itf poetyca",,,twitter,unnika,cristina ruiz,music & sport photographer. m'agrada l'acció. em mou la passió. capturo l'emoció. a,,unniks.com,kernuac,cristinaruiz
5757,25284,0.9954128440366973,MATCH,AUTO_HIGH,0,candidate,full,twitter,karpolan,karpolan,"software, internet, and marketing guru :) and so on.",slovak republic,karpolan.com,googleplus,karinwan,karin wan,cuhk guru online business director,,,karpolan,karinwan
16375,16400,0.9954128440366973,MATCH,AUTO_HIGH,0,candidate,full,instagram,bfgreen,brian green,"founder of brian's backpacking blog, gear junkie, watch designer, beekeeper, crossfit(er), paleo, grt [192] is my other account.",,http://briangreen.net,twitter,kenyob,brian kenyon,"i the founder of freelance drupal developer, digitalmarketing manager webdesign er and a geekdad","boston, ma",about.me/briankenyon,briangreen,briankenyon
5334,17269,0.9954128440366973,MATCH,AUTO_HIGH,0,candidate,full,googleplus,chrisreynolds_jazzsequence,chris reynolds,"web designer, geekdad, wordpress evangelist, musician -- not necessarily in that order university of redlands creative arts in the digital revolution webdevstudios wordpress developer pluralsight author event espresso customer support & customization arcane palette creative design co-founder & lead developer",,"['http://www.flickr.com/people/jazzs3quence/', 'http://www.linkedin.com/in/chrissreynolds', 'http://www.last.fm/user/jazzs3quence/', 'http://twitter.com/jazzs3quence', 'http://www.facebook.com/jazzs3quence', 'http://www.facebook.com/ArcanePalette', 'https://www.facebook.com/jazzsequence', 'http://pluralsight.com/training/Authors/Details/chris-reynolds', 'http://www.myspace.com/jazzsequence', 'http://chrisreynolds.io', 'http://www.jazzsequence.com/about/', 'http://www.museumthemes.com/about/', 'http://webdevstudios.com/team/chris-reynolds/', 'http://www.plaguemusic.com/about/', 'http://www.arcanepalette.com/about-us/', 'http://www.eventespresso.com/about/']",instagram,chriscree,chris cree,wordpress developer. bible teacher. navigator. new media guy. translator.,,https://NewCREEations.org,jazzs3quence,chriscree
5334,9573,0.9954128440366973,MATCH,AUTO_HIGH,0,candidate,full,googleplus,chrisreynolds_jazzsequence,chris reynolds,"web designer, geekdad, wordpress evangelist, musician -- not necessarily in that order university of redlands creative arts in the digital revolution webdevstudios wordpress developer pluralsight author event espresso customer support & customization arcane palette creative design co-founder & lead developer",,"['http://www.flickr.com/people/jazzs3quence/', 'http://www.linkedin.com/in/chrissreynolds', 'http://www.last.fm/user/jazzs3quence/', 'http://twitter.com/jazzs3quence', 'http://www.facebook.com/jazzs3quence', 'http://www.facebook.com/ArcanePalette', 'https://www.facebook.com/jazzsequence', 'http://pluralsight.com/training/Authors/Details/chris-reynolds', 'http://www.myspace.com/jazzsequence', 'http://chrisreynolds.io', 'http://www.jazzsequence.com/about/', 'http://www.museumthemes.com/about/', 'http://webdevstudios.com/team/chris-reynolds/', 'http://www.plaguemusic.com/about/', 'http://www.arcanepalette.com/about-us/', 'http://www.eventespresso.com/about/']",twitter,northswiss,chris roy,"lead ux designer . designer, developer and creator of . formerly designer . long-distance cyclist and founder of .",edinburgh and barcelona,northswiss.com,jazzs3quence,chrisroy
5313,23286,0.9954128440366973,MATCH,AUTO_HIGH,0,candidate,full,twitter,jasonvelazquez,jason,marketing technologist / creative director . i make things on the internet that help you do your job. multifamily studenthousing,"atlanta, ga.",pixelriot.io,googleplus,jasonloehr,jason loehr,"take what you do seriously, not yourself. indiana university (new albany) wku castle high school brown-forman corporation director, global digital marketing mad*pow svp, strategy & development humana inc. affinity group i-netwerks, ec werks camping world",,"['http://www.google.com/reader/shared/12384179103791120844', 'http://www.flickr.com/photos/legend393/', 'http://designingforsocial.com/?feed=rss2', 'http://www.quora.com/jason-loehr', 'https://twitter.com/cxhut']",Jasonvelazquez,jasonloehr
5309,20653,0.9954128440366973,MATCH,AUTO_HIGH,0,candidate,full,twitter,shermanbiz,jason sherman,"serial entrepreneur, award winning filmmaker, author, journalist, techie, cryptocurrency miner, ceo of & director of",philadelphia,JasonSherman.org,instagram,jason29171,jason whitaker,"writer photographer filmmaker writer, filmmaker, screenwriter, actor, comedian, friend, television, writer, photographer",,http://filmmakerjasonwhit.wix.com/photo,jasonsherman76,fjasonwhitaker
5181,29776,0.9954128440366973,MATCH,AUTO_HIGH,0,candidate,full,twitter,itlnbrt,jennifer garcia,book blogger & author of 2 sweet romance novels author acct reviews,so. cal,jenniferfgarcia.com,instagram,next_jen,jen,writer. gamer. geek. pixie stick. author of the phoenix element book series. on twitter.,,http://JenniferKibble.com,itlnbrt,nextjen
5137,34533,0.9954128440366973,MATCH,AUTO_HIGH,0,candidate,full,twitter,inotes4you,thomas,"thomas ... blogging about apple's ios devices and beyond, studied physics and maths at the universities of hannover and cologne, founded a software company",thailand,iNotes4You.com,googleplus,thomaswaters,thomas waters,"blogger, activist, social media guy ohio state university agricultural education and horticulture art institute of pgh photography and multimedia university of pittsburgh religious studies pitt school of pharmacy director of new media",,"['http://qlatb.com', 'http://thomascwaters.com', 'http://wikis.pharmacy.pitt.edu/groups/socialmedia/', 'http://apps.pharmacy.pitt.edu', 'http://wikis.pharmacy.pitt.edu/groups/ipadrx/']",iNotesFourYou,tcwaters
5137,34527,0.9954128440366973,MATCH,AUTO_HIGH,0,candidate,full,twitter,inotes4you,thomas,"thomas ... blogging about apple's ios devices and beyond, studied physics and maths at the universities of hannover and cologne, founded a software company",thailand,iNotes4You.com,googleplus,thomasbenkel,thomas benkel,"passionate about cloud computing, literature and music. all posts reflect my personal views. universitee la sorbonne paris iv universitee toulouse le mirail katharienen gymnasium ingolstadt",,"['http://www.twitter.com/tbenkel', 'http://www.linkedin.com/in/tbenkel', 'http://www.google.com/reader/shared/03321591937056742545', 'http://picasaweb.google.com/thomas.benkel', 'http://www.instagram.com/tbenkel', 'http://www.instacanv.as/tbenkel', 'http://2bCloud.com', 'http://www.salesforce.com/eu/partners', 'http://saugut.in']",iNotesFourYou,tbenkel
5137,8250,0.9954128440366973,MATCH,AUTO_HIGH,0,candidate,full,twitter,inotes4you,thomas,"thomas ... blogging about apple's ios devices and beyond, studied physics and maths at the universities of hannover and cologne, founded a software company",thailand,iNotes4You.com,googleplus,thomaskramer,thomas kramer,thomas kramer 'tk' - unlock your potential johann wolfgang goethe-universitt frankfurt am main frankfurt university thomas kramer real-estate visionary portofino group,,"['http://thomaskramer.com/news/', 'http://www.facebook.com/ThomasKramerFanPage', 'http://www.thomaskramer.com', 'http://www.linkedin.com/in/thomaskramer', 'http://friendfeed.com/thomaskramer']",iNotesFourYou,thomaskramer
5131,17394,0.9954128440366973,MATCH,AUTO_HIGH,0,candidate,full,twitter,ingchristian,christian sarmiento,"ingeniero de sistemas, esp. administración de negocios, asesor de start-up, pensador, escritor, conferencista, emprendedor y poeta.",bogota - colombia,co.linkedin.com/in/ingchristia…,googleplus,christiandperez,christian d prez,"la inteligencia es un don, la amabilidad una eleccin. centro de formacin profesional especfica asturias educacin tcnico superior en administracin de sistemas informticos hootsuite media, inc. hootsuite solution partner quesos del principado de asturias s.l. responsable de sistemas informticos y presencia en internet (seo, sem, smm & css) weblogs. s.l. editor de tecnologa en xataka y xataka mvil",,"['http://about.me/christianperez', 'https://plus.google.com/+ChristianDPerez/', 'http://www.lacasadospuntocero.com/author/christiandperez/', 'http://www.esferaiphone.com/author/christiandperez/', 'http://www.xatakamovil.com/autor/christian', 'http://www.xataka.com/autor/christian-perez/', 'http://www.movimaniac.com/', 'http://www.tuexpertoit.com/author/christian-perez/', 'http://www.tusequipos.com/author/christian-perez/', 'http://www.tuexperto.com/author/christian-perez/', 'http://automoviles.aol.com/bloggers/christian-perez/', 'http://www.slideshare.net', 'http://lacasadospuntocero.com', 'http://www.twitter.com/christiandperez', 'http://www.facebook.com/christiandavidperezcartategui', 'http://es.linkedin.com/in/christiandavidperezcartategui', 'https://plus.google.com/+ChristianDPerez/', 'https://plus.google.com/+lacasadospuntocero/', 'http://instagram.com/christiandperez', 'http://pinterest.com/christiandperez/', 'http://www.flickr.com/photos/christiandperez', 'https://es.foursquare.com/doctor_camus', 'http://gomiso.com/u/christianperez', 'http://friendfeed.com/christiandavidpc', 'http://www.quora.com/Christian-P%C3%A9rez', 'http://www.slideshare.net/Christian_Perez']",ingchristian,christianperez
4692,27389,0.9954128440366973,MATCH,AUTO_HIGH,0,candidate,full,googleplus,josemanuelfuentesprieto,jose manuel fuentes prieto,"profesional de marketing, dentro y fuera de internet vallebro comunicacin propietario",,"['http://www.google.com/reader/shared/12449990296774557457', 'http://www.youtube.com/user/fuprisa', 'http://twitter.com/fuprisa', 'http://about.me/fuprisa', 'https://www.facebook.com/vallebro', 'http://fuprisa.blogspot.com/', 'http://fuprisa.blogspot.com/', 'http://elprofesionaldigital.com', 'http://internetweboficial.es', 'http://josemanuelfuentes.es', 'http://vallebro.com', 'http://vallebro.net', 'http://internetweboficial.es/musica', 'http://internetweboficial.es/josemanuelfuentesprieto', 'http://vallebro.es', 'http://www.mediossociales.info', 'http://distritoemprendedores.com', 'http://teletrabajoynegocios.com/', 'http://vallebro.wordpress.com/', 'http://josemanuelfuentesprieto.wordpress.com/', 'http://josemanuelfuentesprieto.blogspot.com.es/', 'http://nuevosmedios.info/', 'http://bitacoraenlared.es', 'http://internetweboficial.es/emprendedores']",twitter,manucopel,jos manuel fernnde,director de y socio de partner en . entrenador de baloncesto y apasionado del social media.,madrid,about.me/manucopel,fuprisa,manucopel
4692,23468,0.9954128440366973,MATCH,AUTO_HIGH,0,candidate,full,googleplus,josemanuelfuentesprieto,jose manuel fuentes prieto,"profesional de marketing, dentro y fuera de internet vallebro comunicacin propietario",,"['http://www.google.com/reader/shared/12449990296774557457', 'http://www.youtube.com/user/fuprisa', 'http://twitter.com/fuprisa', 'http://about.me/fuprisa', 'https://www.facebook.com/vallebro', 'http://fuprisa.blogspot.com/', 'http://fuprisa.blogspot.com/', 'http://elprofesionaldigital.com', 'http://internetweboficial.es', 'http://josemanuelfuentes.es', 'http://vallebro.com', 'http://vallebro.net', 'http://internetweboficial.es/musica', 'http://internetweboficial.es/josemanuelfuentesprieto', 'http://vallebro.es', 'http://www.mediossociales.info', 'http://distritoemprendedores.com', 'http://teletrabajoynegocios.com/', 'http://vallebro.wordpress.com/', 'http://josemanuelfuentesprieto.wordpress.com/', 'http://josemanuelfuentesprieto.blogspot.com.es/', 'http://nuevosmedios.info/', 'http://bitacoraenlared.es', 'http://internetweboficial.es/emprendedores']",twitter,jcarlossoto,jose carlos soto,"ceo en . consultor internacional de estrategia de marketing digital y content. blogger, mentor, speaker. podcast",méxico d.f.,jcarlossoto.com,fuprisa,jcarlossoto
16120,16415,0.9954128440366973,MATCH,AUTO_HIGH,0,candidate,full,instagram,brianskim,brian kim,"✶ ✶ ✶ ✶ chicago, il ✶ ✶ ✶ ✶",,http://about.me/bkim,twitter,bmayzure,brian mayzure,"brian lancaster-mayzure. 42. chicago. freelance graphic designer; columbia college chicago dsgn stdnt; political, news, and design junkie. coffee addict.","avondale, chicago, il",mayzure.com,bkim,brianmayzure
16106,28609,0.9954128440366973,MATCH,AUTO_HIGH,0,candidate,full,twitter,bioanarchism,michael feng,eccentrically paranoid. food pornography. mortar operator. keyboard warrior. social entrepreneur. adrenaline junkie. lazy engineer.,singapore,about.me/bioanarchism,instagram,tweedlebop,michael fleming,picture book illustrator and boston terrier man servant. taller than abraham lincoln.,,http://tweedlebop.com,bioanarchism,michaelfleming
15960,15971,0.9954128440366973,MATCH,AUTO_HIGH,0,candidate,full,googleplus,bernadettefarriol,bernadette farriol,,,"['http://pensant-xarxa.tumblr.com/', 'http://blog.enraona.com/', 'http://www.slideshare.net/farriol/', 'https://delicious.com/farriol', 'http://enraona.com', 'http://bfarriol.tumblr.com/']",twitter,berndbitzer,bernd bitzer,,"reutlingen, germany",berndbitzer.de,bernadettefarriol,berndbitzer
15897,32618,0.9954128440366973,MATCH,AUTO_HIGH,0,candidate,full,googleplus,benjichan,benji pea chan,"educator, youth worker, designer, photographer, musician nanyang technological university master of arts - instructional design & technology national institute of education, nanyang technological university, singapore instructional designer",,"['http://benjichan.tumblr.com', 'http://benjichan.wordpress.com']",twitter,bench_jp,bench,事業会社、広告会社、制作会社で働くデザイナー、プランナー、プロデューサー、マーケッターの為の相応しい環境や働き方、やりたいことをサポートする会社。業界に独自のネットワークを持つキャリアファシリテーターとコミュニケーションプランナーが創りました。,"tokyo,japan",bench.jp,BenjiChan,sachiyokojima
4629,18393,0.9954128440366973,MATCH,AUTO_HIGH,0,candidate,full,twitter,fokewulf,daniele,...a volte i pensieri sono veloci.. a volte stupidi. ma sono e rimangono sempre miei !!,"milano, italy",fokewulf.it,googleplus,danielromeroofficial,daniel romero,,,"['http://twitter.com/dargadgetz', 'http://www.facebook.com/dargadgetz', 'http://dargadgetz.com']",fokewulf,dargadgetz
4629,18297,0.9954128440366973,MATCH,AUTO_HIGH,0,candidate,full,twitter,fokewulf,daniele,...a volte i pensieri sono veloci.. a volte stupidi. ma sono e rimangono sempre miei !!,"milano, italy",fokewulf.it,googleplus,danielscott,daniel scott,,,,fokewulf,danielscott
4629,18279,0.9954128440366973,MATCH,AUTO_HIGH,0,candidate,full,twitter,fokewulf,daniele,...a volte i pensieri sono veloci.. a volte stupidi. ma sono e rimangono sempre miei !!,"milano, italy",fokewulf.it,googleplus,danielmckay,daniel mckay,,,,fokewulf,danielmckay
4629,18261,0.9954128440366973,MATCH,AUTO_HIGH,0,candidate,full,twitter,fokewulf,daniele,...a volte i pensieri sono veloci.. a volte stupidi. ma sono e rimangono sempre miei !!,"milano, italy",fokewulf.it,googleplus,danielleth,danielle th,,,['http://www.twitter.com/daniellethe'],fokewulf,daniellethe
4629,18157,0.9954128440366973,MATCH,AUTO_HIGH,0,candidate,full,twitter,fokewulf,daniele,...a volte i pensieri sono veloci.. a volte stupidi. ma sono e rimangono sempre miei !!,"milano, italy",fokewulf.it,instagram,slightlyoffbeat,dan,,,,fokewulf,danbrown
17055,30254,0.9954128440366973,MATCH,AUTO_HIGH,0,candidate,full,googleplus,chadpink,chad pink,i'm busy being epic so others can follow. university of wisconsin-superior university of south florida team beachbody diamond success coach united states air force,,"['http://facebook.com/zillafitness', 'http://youtube.com/user/ZillaFitness', 'http://www.google.com/reader/shared/07920559343897118286', 'http://www.linkedin.com/in/chadpink', 'http://twitter.com/chadrpink', 'http://www.facebook.com/chadrpink', 'http://zillafitness.com', 'http://zillafitness.com']",twitter,omg_chad,chad,,,,chadrpink,omgchad
16801,19467,0.9954128440366973,MATCH,AUTO_HIGH,0,candidate,full,instagram,carlosprnt,uxui designer,cactus madrid,,http://www.carlospariente.com,googleplus,carlosdube,carlos dube,mercado calabajo madrid mercado calabajo,,"['http://www.mercadocalabajio.com', 'http://twitter.com/mcalabajio', 'https://www.facebook.com/profile.php?id=100000765819752', 'http://www.mercadocalabajio.com', 'http://mercadocalabajio.openid.es/']",carlosprnt,dubecarlos
16774,16787,0.9954128440366973,MATCH,AUTO_HIGH,0,candidate,full,instagram,carlosclouthier,carlos clouthier,"imágenes de mis viajes, curiosidades y gustos por la buena comida / consultor en negocios, marketing y food blogger / ceo de ker3 y goloyal.",,http://www.carlosclouthier.com,twitter,carlosoleaga,carlos oleaga,"humanista, marketeer, aventurero y amante de la buena gastronomía ¿para qué más?","madrid, comunidad de madrid",,carlosclouthier,carlosoleaga
16764,17141,0.9954128440366973,MATCH,AUTO_HIGH,0,candidate,full,googleplus,carlosbrandt,carlos brandt,,,"['http://twitter.com/carlosbrandt', 'http://www.carlosbrandt.tumblr.com']",twitter,chbrandt,carlos h brandt,decidí apostar a los emprendedores y a su talento para transformar sociedades y el mundo. revisa mi trabajo en...,on line ,instagram.com/chbrandt/,carlosbrandt,chbrandt
16764,17140,0.9954128440366973,MATCH,AUTO_HIGH,0,candidate,full,googleplus,carlosbrandt,carlos brandt,,,"['http://twitter.com/carlosbrandt', 'http://www.carlosbrandt.tumblr.com']",instagram,chbrandt,carlos h brandt,creo en una sociedad proemprendimiento que apueste e invierta en el talento de sus ciudadanos. soy mentor de emprendedores,,http://proemprendimiento.com/contacto,carlosbrandt,chbrandt
16737,16805,0.9954128440366973,MATCH,AUTO_HIGH,0,candidate,full,googleplus,carelpedre,carel pedre,radio one radio/tv host paho/who communication officer,,"['http://picasaweb.google.com/pedrecarel', 'http://www.flickr.com/photos/carelp/', 'http://www.carelpedre.com', 'http://twitter.com/carelpedre', 'http://www.facebook.com/carelp', 'http://soundcloud.com/carelpedre', 'http://www.chokarella.com']",twitter,carllyd,carly damico,communication specialist digital media marketing maverick voiceover enthusiast production maven retired radio broadcaster ygk vo,"45.337239,-75.705449",Shokvox.com,carelpedre,carlydamico
16672,30158,0.9954128440366973,MATCH,AUTO_HIGH,0,candidate,full,instagram,fotografiamos,cristbal fotografa 50,"me encanta fotografíar, aprender compartir. la fotografía es magia, no existe otra forma de detener el tiempo. fotos y edición ""solo"" con mi móvil.",,http://www.misfotografos.com,twitter,fotografiarte_v,fotografiarte vzla,espacio para la fotografía y el arte. colaborativo y solidario. fotografiartevzla .com,venezuela,about.me/octubrerojo72,calvia,octubrerojo72
16591,35691,0.9954128440366973,MATCH,AUTO_HIGH,0,candidate,full,instagram,bullysteria,natan,smiling_face_with_horns,,,googleplus,nathanwong,nathan wong,,,,bully,vanhci
16409,24724,0.9954128440366973,MATCH,AUTO_HIGH,0,candidate,full,twitter,brianisunfallen,brian lucas,christ follower. husband. father. student pastor // & // graphic designer,"tucson, az",brianlucas.me,instagram,joshaidan,brian,"follower of jesus, writer, computer programmer",,http://brianjones.ca,brianlucas,joshaidan
16384,16448,0.9954128440366973,MATCH,AUTO_HIGH,0,candidate,full,instagram,brianghoward,brian howard,journalist cyclist homebrewist cityist baseball fanaticist,,http://about.me/brianhoward,twitter,brienhall,brien hall,information gourmet/glutton. community manager. cyclist.,kansas city,brienhall.com,brianhoward,brienmhall
16380,16436,0.9954128440366973,MATCH,AUTO_HIGH,0,candidate,full,googleplus,brianhawkins,brian hawkins,photographer and mechanical engineer university of illinois at urbana-champaign brian hawkins photography photographer northrop grumman product engineer caterpillar mechanical engineer,,"['http://www.brianhawkinsphotography.com', 'http://twitter.com/brian_hawkins', 'https://www.facebook.com/bmhawkins', 'https://www.facebook.com/BrianHawkinsPhotography', 'https://vimeo.com/brianhawkins', 'http://500px.com/BrianHawkins', 'http://instagram.com/hawkinsvisuals', 'http://flickr.com/hawkinsdigital', 'http://www.vimeo.com/user1911027', 'http://www.linkedin.com/in/brianmichaelhawkins']",twitter,b_wag,brian wagner,"maker, gamer, photographer, network engineer, father, husband",new hampshire,goo.gl/urkUPx,brianhawkins,brianwagner
17400,33821,0.9954128440366973,MATCH,AUTO_HIGH,0,candidate,full,googleplus,christianthompson,christian thompson,i like to beleive i'm good at a little bit of everything. la salle university digital multimedia design (dart),,"['http://www.linkedin.com/pub/christian-thompson/20/869/7ab', 'https://www.instagram.com/chairmancfo/']",twitter,sponselli,christina sponselli,"social media director at the university of california, berkeley ( ). hearing the laughter of the angels and devils, and tipping my hat to milan kundera.",san francisco,about.me/sponselli,christianthompson,sponselli
17396,34416,0.9954128440366973,MATCH,AUTO_HIGH,0,candidate,full,twitter,christiandperez,christian d prez,frustrated writer podcaster social media & digital marketing manager brand ambassador & professional certified views very obviously mine.,"avilés, principado de asturias",noesunpodcastcualquiera.ivoox.com,googleplus,christalintyre,chris talintyre,"a heady mix of media, action sports & digital marketing... factory media head of marketing",,['https://vimeo.com/user8110631'],christianperez,talintyre
17389,17717,0.9954128440366973,MATCH,AUTO_HIGH,0,candidate,full,instagram,brunojohn,christian pizzirani,"filmmaker, actor, photographer, runner, dog owner, placeiq, comedy. this is my instagram. blog: pizzirani.us twitter:",,http://ovationpictures.com,twitter,chrissienicely,christiane nicely,"i ♡ photography: portraits, macros, stills, weddings, reportage, stage/music (reggae) and design! ♡ my alias is germaicanlady ♡","bremen, germany",facebook.com/CNicelyPhotoGr…,christianp,cnicely
17381,22236,0.9954128440366973,MATCH,AUTO_HIGH,0,candidate,full,twitter,gizmomogwai,christian kstlin,,munich,,googleplus,christianhindemith,christian hindemith,,,"['http://twitter.com/CC_Liecense', 'http://www.facebook.com/christian.hindemith1', 'https://de.foursquare.com/user/13446496', 'http://pinterest.com/chindemith/', 'http://www.linkedin.com/pub/christian-hindemith/22/936/266', 'http://www.xing.com/profile/Christian_Hindemith', 'http://about.me/hindemith', 'https://medium.com/@CC_Liecense']",christiankoestlin,hindemith
17381,19405,0.9954128440366973,MATCH,AUTO_HIGH,0,candidate,full,twitter,gizmomogwai,christian kstlin,,munich,,instagram,drchrisstout,chris stout,"...yes, i'm the guy that did the thing that was so underrated.... smiling_face_with_sunglasses",,http://www.drchrisstout.com/,christiankoestlin,drchrisstout
17381,17415,0.9954128440366973,MATCH,AUTO_HIGH,0,candidate,full,twitter,gizmomogwai,christian kstlin,,munich,,googleplus,cbdsalon,christina by design,,,['http://www.cbdsalon.com/'],christiankoestlin,christinabydesign
17361,17396,0.9954128440366973,MATCH,AUTO_HIGH,0,candidate,full,googleplus,chrismerriman,chris merriman,"a social media, gadget, music & comedy loving moron chris merriman media writer & broadcaster diss go tech tech life coach wickedweb social media marketing manager learning and skills network information services manager get rhythm magazine staff writer personnel decisions international assessment coordinator royal mail business sales centre manager",,"['http://www.facebook.com/christhedj', 'http://www.linkedin.com/profile/view?id=39099730&locale=en_US&trk=tab_pro', 'http://twitter.com/christhedj', 'http://www.google.com/reader/shared/chrismerrimanmedia', 'http://cid-649a83bc1c54bcb3.profile.live.com', 'http://twitter.com/dalvikcache', 'http://www.flickr.com/people/cllp1975/', 'http://www.theinquirer.net', 'http://www.subba-cultcha.com', 'http://www.withguitars.com', 'http://www.V3.co.uk']",twitter,christiandperez,christian d prez,frustrated writer podcaster social media & digital marketing manager brand ambassador & professional certified views very obviously mine.,"avilés, principado de asturias",noesunpodcastcualquiera.ivoox.com,christhedj,christianperez
17361,17395,0.9954128440366973,MATCH,AUTO_HIGH,0,candidate,full,googleplus,chrismerriman,chris merriman,"a social media, gadget, music & comedy loving moron chris merriman media writer & broadcaster diss go tech tech life coach wickedweb social media marketing manager learning and skills network information services manager get rhythm magazine staff writer personnel decisions international assessment coordinator royal mail business sales centre manager",,"['http://www.facebook.com/christhedj', 'http://www.linkedin.com/profile/view?id=39099730&locale=en_US&trk=tab_pro', 'http://twitter.com/christhedj', 'http://www.google.com/reader/shared/chrismerrimanmedia', 'http://cid-649a83bc1c54bcb3.profile.live.com', 'http://twitter.com/dalvikcache', 'http://www.flickr.com/people/cllp1975/', 'http://www.theinquirer.net', 'http://www.subba-cultcha.com', 'http://www.withguitars.com', 'http://www.V3.co.uk']",instagram,christiandperez,christian d prez,frustrated writer social media & digital marketing manager brand ambassador & professional certified views very obviously mine.,,http://www.linkedin.com/in/christiandavidperezcartategui,christhedj,christianperez
17328,35663,0.9954128440366973,MATCH,AUTO_HIGH,0,candidate,full,googleplus,chrisgordon,chris gordon,"a starter, social and otherwise queen's university of belfast theoretical physics university of ulster jordanstown masters in business headquarters of changing the world chairman/ founder 222 ireland founder trophies awards and gifts store owner",,"['http://www.facebook.com/222Ireland', 'http://twitter.com/chrismmgordon', 'http://www.quora.com/chris-michael-michael-gordon', 'http://www.twitter.com/chris222ie', 'http://www.twitter.com/taagstore', 'http://www.facebook.com/taagstore', 'http://www.facebook.com/chrismmgordon', 'http://www.linkedin.com/in/chrismichaelgordon', 'http://www.facebook.com/222Ireland', 'http://twitter.com/chrismmgordon', 'http://www.twitter.com/taagstore', 'http://www.twitter.com/chris222ie', 'http://www.quora.com/chris-michael-michael-gordon', 'http://www.linkedin.com/in/chrismichaelgordon', 'http://www.facebook.com/chrismmgordon', 'http://www.facebook.com/taagstore', 'http://www.chrismmgordon.com', 'http://www.trophiesawardsandgifts.com', 'http://www.222.ie', 'http://www.exportcoop.ie', 'http://www.chrismmgordon.com']",twitter,valuedmerchants,chris del grande,husband father founder valued merchant services bbb a+ inc5000 merchantservices mobilepayments emv entrepreneur influencer shortyaward finalist smallbiz,united states,valuedmerchants.com,chrismmgordon,valuedmerchants
17328,35662,0.9954128440366973,MATCH,AUTO_HIGH,0,candidate,full,googleplus,chrisgordon,chris gordon,"a starter, social and otherwise queen's university of belfast theoretical physics university of ulster jordanstown masters in business headquarters of changing the world chairman/ founder 222 ireland founder trophies awards and gifts store owner",,"['http://www.facebook.com/222Ireland', 'http://twitter.com/chrismmgordon', 'http://www.quora.com/chris-michael-michael-gordon', 'http://www.twitter.com/chris222ie', 'http://www.twitter.com/taagstore', 'http://www.facebook.com/taagstore', 'http://www.facebook.com/chrismmgordon', 'http://www.linkedin.com/in/chrismichaelgordon', 'http://www.facebook.com/222Ireland', 'http://twitter.com/chrismmgordon', 'http://www.twitter.com/taagstore', 'http://www.twitter.com/chris222ie', 'http://www.quora.com/chris-michael-michael-gordon', 'http://www.linkedin.com/in/chrismichaelgordon', 'http://www.facebook.com/chrismmgordon', 'http://www.facebook.com/taagstore', 'http://www.chrismmgordon.com', 'http://www.trophiesawardsandgifts.com', 'http://www.222.ie', 'http://www.exportcoop.ie', 'http://www.chrismmgordon.com']",instagram,valuedmerchants,chris del grande,"husband, father, entrepreneur & co-founder of valuedmerchants provides credit card processing, biz loans, social media management, ecommerce and more",,http://www.valuedmerchants.com,chrismmgordon,valuedmerchants
17292,17315,0.9954128440366973,MATCH,AUTO_HIGH,0,candidate,full,googleplus,chrisgiddens,chris giddens,"dad, hubby, cinephile, writer, youtuber, nerd, rebel, primate, being. georgia institute of technology computer science change before going productions co-founder, filmmaker, writer",,"['http://twitter.com/chrisgiddens', 'http://www.facebook.com/chrisgiddens78', 'http://pinterest.com/chrisgiddens78/', 'http://thegiddyblog.tumblr.com/', 'http://thegiddyblog.wordpress.com', 'http://thegiddyblog.blogspot.com', 'http://www.indiegogo.com/chrisgiddens', 'http://www.kickstarter.com/profile/chrisgiddens', 'http://www.reddit.com/user/CzaBzaGza/', 'http://www.stumbleupon.com/stumbler/chrisgiddens', 'http://www.kiva.org/lender/chrisgiddens', 'http://www.formspring.me/chrisgiddens', 'http://www.quora.com/Chris-Giddens', 'http://www.howcast.com/users/chrisgiddens', 'http://www.imdb.com/name/nm1751641/', 'http://klout.com/chrisgiddens', 'http://www.youtube.com/changebeforegoing', 'http://www.cbgp.com/', 'http://www.youtube.com/changebeforegoing', 'https://plus.google.com/103971518156648122817', 'http://twitter.com/#!/CBGProductions', 'http://www.facebook.com/ChangeBeforeGoingProductions', 'http://pinterest.com/cbgproductions/', 'http://www.indiegogo.com/cbgp', 'http://www.kickstarter.com/profile/cbgp', 'http://www.theyoungturks.com/']",twitter,atlchris,chris lentz,"a full-stack web developer with a love for movies, technology/gadgets, bicycling, and the internet. founder of .","atlanta, ga",filmfed.com,chrisgiddens,chrislentz
17286,35662,0.9954128440366973,MATCH,AUTO_HIGH,0,candidate,full,googleplus,chrisgower,chris gower,primarily writes and blogs about eating food made by others. social media/movie/pipe organ/tech nerd. editor of . exeter college tech,,"['http://www.chrisgower.co.uk', 'http://twitter.com/chrisgower', 'http://www.facebook.com/recipevintage', 'http://www.facebook.com/chrisfultongower', 'http://twitter.com/recipevintage', 'http://twitter.com/eatingexeter', 'http://recipemutiny.blogspot.com/', 'http://recipevintage.blogspot.com/']",instagram,valuedmerchants,chris del grande,"husband, father, entrepreneur & co-founder of valuedmerchants provides credit card processing, biz loans, social media management, ecommerce and more",,http://www.valuedmerchants.com,chrisfultongower,valuedmerchants
17154,36700,0.9954128440366973,MATCH,AUTO_HIGH,0,candidate,full,googleplus,sergiomartinezolvera,sergio martinez olvera,ms guapo que t... pero con menos dinero (: acidbeat.net presidente/owner,,"['http://twitter.com/ingcheko', 'http://www.acidbeat.net', 'http://www.cuantocabron.com', 'http://www.cuantarazon.com', 'http://www.ascodevida.com']",instagram,zepio84,sergio nuez ayala,"soy algo geek-deportista-rocknrolla, apolítico, pastafari, puedo ser algo paranoico, pero no un androide y con el cuorerossonero.",,,chekostyle,ZEPiO
17091,30239,0.9954128440366973,MATCH,AUTO_HIGH,0,candidate,full,googleplus,chantelleoliver,chantelle oliver,,,"['http://twitter.com/twot', 'http://chantelle.tumblr.com/', 'http://www.walrusmagazine.com/blogs/category/web20/', 'http://www.flickr.com/photos/appliedcitrus', 'http://youtube.com/user/Bloodchalker', 'http://www.facebook.com/chantelle.oliver', 'http://www.google.com/reader/shared/12781800442267892313', 'http://digg.com/users/bloodchalker/', 'http://twitter.com/stylebird', 'http://www.last.fm/user/jesuspenis/', 'http://www.facebook.com/people/Chantelle-Oliver/28107751', 'http://www.facebook.com/people/Chantelle_Oliver/28107751', 'http://www.blogger.com/profile/17105340666607040424', 'http://picasaweb.google.com/chantellesuzanneoliver', 'http://www.youtube.com/user/Bloodchalker', 'http://chantelle.soup.io/', 'http://chantelle.posterous.com/', 'http://blip.fm/curation', 'http://www.soup.chantelle.io/']",twitter,chapolive,olivier chapelle,photographer based in aix-en-provence,aix en provence,olivierchapelle.com,chantelleoliver,olivierchapelle
17061,19249,0.9954128440366973,MATCH,AUTO_HIGH,0,candidate,full,googleplus,denissealarcon,denisse alarcn,la vida es un gran video que se puede editar. lo sabas?. ecuavisa productora de promociones ecuavisa diseadora grfica dpto. marketing / pgina web ecuavisa internacional productora de promociones,,"['http://twitter.com/chainisse', 'http://www.flickr.com/dalarcon', 'http://www.linkedin.com/pub/denisse-alarcon/31/ab1/b98', 'http://about.me/chainisse']",instagram,deniscouto,denis couto,"eu sigo a verdadeira luz, sou companheiro de vida da , fotografo a vida, me divirto com ti.",,http://about.me/docouto,chaiNisse,docouto
4629,18583,0.9954128440366973,MATCH,AUTO_HIGH,0,candidate,full,twitter,fokewulf,daniele,...a volte i pensieri sono veloci.. a volte stupidi. ma sono e rimangono sempre miei !!,"milano, italy",fokewulf.it,instagram,daviddaniel,daniel larsen,,,http://grandlarseny.com,fokewulf,DavidDaniel
17868,20951,0.9954128440366973,MATCH,AUTO_HIGH,0,candidate,full,googleplus,craftymummy,tonya grant,"crafter, blogger, quilter, wife, mummy and more! thecraftymummy.com editor",,"['http://thecraftymummy.com', 'http://about.me/CraftyMummy', 'http://www.facebook.com/CraftyMummy', 'http://twitter.com/CraftiMummy', 'http://pinterest.com/craftymummy/', 'http://www.instagram.com/CraftyMummy', 'http://www.stumbleupon.com/stumbler/CraftyMummy/', 'http://thecraftymummy.tumblr.com/', 'http://www.flickr.com/photos/thecraftymummy/', 'http://picasaweb.google.com/craftymummy2', 'http://au.linkedin.com/pub/tonya-grant/37/241/9a/', 'http://thecraftymummy.com/author/craftymummy/', 'http://www.andsewwecraft.com/author/craftymummy/', 'http://www.sewmamasew.com/2014/08/drawstring-sleeping-bag-case/', 'http://b-inspiredmama.com/', 'http://www.cutoutandkeep.net/users/166139']",twitter,frogdiva,tonya overstreet,"wife to , mom to , & . sporadic blogger, introvert, avid reader, bacon enthusiast, amused by dogs/goats/cats","nashville, tn",frogdiva.com,CraftyMummy,frogdiva
17693,34416,0.9954128440366973,MATCH,AUTO_HIGH,0,candidate,full,twitter,clouvi,christien,ceo of // content marketing consultant // entrepreneur // blood: nola,"atlanta, ga",sellpersonal.com,googleplus,christalintyre,chris talintyre,"a heady mix of media, action sports & digital marketing... factory media head of marketing",,['https://vimeo.com/user8110631'],clouvi,talintyre
4574,28637,0.9954128440366973,MATCH,AUTO_HIGH,0,candidate,full,googleplus,michelleakin,michelle akin,,,,twitter,sfbayrealtor,michael koenig,real estate broker and property management in the san francisco bay area. calbre# 01362225,sf bay area. where are you,about.me/michaelkoenig,FartWHO,michaelkoenig
4496,20140,0.9954128440366973,MATCH,AUTO_HIGH,0,candidate,full,googleplus,eriknardini,erik nardini,jornalista universidade estadual de campinas jornalismo cientfico pontifical catholic university of campinas jornalismo universidade estadual de campinas mestrado em divulgao cientfica e cultural agncia desafio redator fapesp bolsista gatacom assessor de imprensa centro nacional de pesquisa em energia e materiais (cnpem) jornalista robert bosch gmbh editor de tv/ncora de telejornal,,"['http://www.linkedin.com/in/eriknm', 'http://www.facebook.com/nardini.erik', 'http://www.flickr.com/photos/eriknm/', 'http://www.twitter.com/eriknm', 'http://www.comciencia.br', 'http://oxigenio.comciencia.br', 'http://blog.eriknardini.com']",instagram,erikatamaura,erika tamaura,alumna de gestora cultural. bloguera. sonora / coord. - / colaboro / dir. /,,http://www.erikatamaura.com,eriknm,erikatamaura
4486,26776,0.9954128440366973,MATCH,AUTO_HIGH,0,candidate,full,googleplus,erikaanderson,erika anderson,"writer. editor. facilitator. vermont college of fine arts mfa in writing kalamazoo college liberal arts, biology writer",,['http://www.erikamanderson.com'],instagram,liveandkern,erica smith,"journalist, researcher, 'twitter sweetheart.' comma splice slayer. i eat m&ms in roy g. biv order. digital news editor at .",,http://liveandkern.com,ErikaAnderson,liveandkern
4486,10056,0.9954128440366973,MATCH,AUTO_HIGH,0,candidate,full,googleplus,erikaanderson,erika anderson,"writer. editor. facilitator. vermont college of fine arts mfa in writing kalamazoo college liberal arts, biology writer",,['http://www.erikamanderson.com'],instagram,ejshea,erin shea,"mom. wife. svp at weber shandwick. runner. yogini. writer. lover of wine, soul music, chicago, dark chocolate and you.",,http://ejshea.com,ErikaAnderson,ejshea
4333,25722,0.9954128440366973,MATCH,AUTO_HIGH,0,candidate,full,twitter,yoyoerx,kevin,"trust me, i'm a doctor. not that kind of doctor! science, chemistry, brewing, fitness, and other things.","baltimore, maryland",about.me/DrKevin,googleplus,kevinkhong,kevin khong,business & it graduate tax accountant it support photographer intp japanese and australian student society/ president/ japanese and australian student society/ vice president/ japanese and australian student society/ treasurer/photographer castle college english language teacher (professional practice) tafe nsw english language teacher (professional practice) peer network peer networker helps volunteer p&o nedlloyd work experience,,"['http://www.kevin.asia', 'http://www.linkedin.com/in/kevinkhong', 'http://instagram.com/powerofgasoline', 'http://www.flickr.com/photos/powerofgasoline/', 'https://foursquare.com/powerofgasoline', 'https://twitter.com/iamKevinKhong']",DrKevin,kevinkhong
4330,18419,0.9954128440366973,MATCH,AUTO_HIGH,0,candidate,full,googleplus,dawngilpin,dawn gilpin,"ninja professor vassar college ba, italian language & literature university of memphis ma, journalism & public relations temple university phd, mass media & communication arizona state university assistant professor",,"['http://twitter.com/drgilpin', 'http://about.me/drgilpin', 'http://www.facebook.com/dawn.gilpin']",twitter,dawn_armfield,dawn m armfield,"assistant professor at mn state university mankato, phd in rhetoric and scientific & technical communication, technology researcher, amateur photographer",east or west of there,about.me/darmfield,drgilpin,darmfield
4311,7366,0.9954128440366973,MATCH,AUTO_HIGH,0,candidate,full,twitter,dotzecker,rafa gmez,goto,"barcelona, spain",rafa.im,googleplus,rafalmakiela,rafal makiela,"dubai based professional underwater, fashion photographer makiela.com underwater photographer",,"['http://www.makuzastudio.pl', 'http://www.flickr.com/people/foto-agencja/', 'http://twitter.com/#!/makielaphoto', 'http://facebook.com/makuzastudio', 'https://www.facebook.com/makielaphotography', 'http://issuu.com/camerapixo/docs/makiela-ebook', 'http://www.makiela.com', 'http://www.makiela.com', 'http://www.housingcamera.com', 'http://www.bowensdirect.com']",DotZecker,rafalmakiela
4267,4276,0.9954128440366973,MATCH,AUTO_HIGH,0,candidate,full,twitter,djy1991,david young,,,,googleplus,davidnwallace,david n wallace,south australian government online information consultant lifekludger lifekludger disability information resource centre sa information technology coordinator,,"['http://dnwallace.com/', 'http://lifekludger.net/?page_id=5', 'http://lifekludger.net/', 'http://www.linkedin.com/in/dnwallace', 'http://youtube.com/user/lifekludger', 'http://delicious.com/dnw', 'http://www.facebook.com/dnwallace', 'http://www.flickr.com/photos/dnwallace/', 'http://www.google.com/reader/shared/dnwallace', 'http://dnwallace.com/blog', 'http://funeralmusiclist.com/', 'http://bringbeetrootback.com/']",djy1991,dnwallace
4254,24406,0.9954128440366973,MATCH,AUTO_HIGH,0,candidate,full,googleplus,johndivramis,,"6972.364.387 florida state university political science aarp vp, social communications ogilvy pr worldwide account director",,"['https://paramarketing.gr', 'https://paramarketing.org', 'https://cashunite.gr', 'http://infodeal.gr', 'http://seo.org.gr', 'http://emgoldex.edu.gr', 'https://casinobetx.com']",instagram,johnmknight,,,,,divramis,johnmknight
17507,26208,0.9954128440366973,MATCH,AUTO_HIGH,0,candidate,full,twitter,exposur3,chrys,"it nerd day job, freelance photographer, web/beer geek, co-founder , photo/web wrangler for","charleston, sc",,googleplus,chrispirillo,chris pirillo,"geek / nerd, infotainer, speaker, entrepreneur, tech addict, and an expert (in being myself). i've been online since 1992. / chris .com lockergnome geek techtv show host cnn live contributor",,"['http://twitter.com/ChrisPirillo', 'http://youtube.com/ChrisPirillo', 'http://facebook.com/chrispirillo', 'http://patreon.com/ChrisPirillo', 'http://flickr.com/lockergnome', 'http://www.linkedin.com/in/chrispirillo', 'http://youtube.com/GeekLifestyles', 'http://www.lockergnome.com/', 'http://chris.pirillo.com/', 'http://amzn.com/w/F2I2ETQ5R8D5']",chrys,l0ckergn0me
17487,33821,0.9954128440366973,MATCH,AUTO_HIGH,0,candidate,full,googleplus,christyrobinson,christy robinson,"howdy, y'all the university of texas at arlington journalism texas christian academy arlington, texas ctg (computer task group) digital/social media specialist the dallas morning news digital communities specialist advocate media web director freelance writer, web, social cowboys & indians magazine web managing editor the dallas morning news web editor/producer",,"['http://twitter.com/christyrobinson', 'http://facebook.com/christyrobinson', 'http://linkedin.com/in/christyrobinsonweb', 'http://statigr.am/christyrobinson', 'http://pinterest.com/christyrobinson', 'http://about.me/christyrobinson', 'http://dallasrunaround.com', 'http://dallasnews.com']",twitter,sponselli,christina sponselli,"social media director at the university of california, berkeley ( ). hearing the laughter of the angels and devils, and tipping my hat to milan kundera.",san francisco,about.me/sponselli,christyrobinson,sponselli
17478,34396,0.9954128440366973,MATCH,AUTO_HIGH,0,candidate,full,googleplus,christopherspiewak,christopher spiewak,lover of life! northeastern university business boston architectural college architecture spiewak consulting ceo cmspiewak studio designer/sculptor,,"['http://christopherspiewak.wordpress.com', 'https://twitter.com/chrisspiewak', 'http://archinect.com/christopher-spiewak', 'http://christopherspiewak.wordpress.com/', 'http://www.linkedin.com/in/christopherspiewak', 'http://www.facebook.com/spiewak', 'http://instagram.com/christopher_spiewak/', 'https://www.pinterest.com/chrisspiewak/', 'http://christopher-spiewak-boulder.tumblr.com', 'http://about.me/christopher.spiewak', 'http://www.youtube.com/christopherspiewak', 'https://www.flickr.com/photos/christopherspiewak/', 'http://www.yummly.com/profile/ChristopherSpiewak', 'https://www.goodreads.com/christopher-spiewak', 'http://www.anobii.com/chrisspiewak/books', 'http://architizer.com/firms/spiewak-consulting/', 'http://archilovers.com/christopher-spiewak/', 'http://www.houzz.com/pro/christopher-spiewak', 'http://www.meetup.com/members/7561180/', 'https://vine.co/Christopher.Spiewak', 'https://vimeo.com/christopherspiewak', 'https://www.quora.com/Christopher-Spiewak', 'http://zerply.com/christopher-spiewak', 'https://myspace.com/mychristopher', 'http://www.naymz.com/christopherspiewak', 'http://www.plaxo.com/profile/show/christopher-spiewak', 'http://www.skillpages.com/christopher-spiewak', 'http://www.manta.com/c/mtgzgyb/spiewak-consulting', 'http://www.stumbleupon.com/stumbler/ChrisSpiewak', 'https://delicious.com/christopherspiewak', 'http://www.last.fm/user/ChrisSpiewak', 'http://www.spiewakconsulting.com', 'http://www.cmspiewak.com/']",instagram,tadd31,christophe taddei,,,,christopherspiewak,tadd31
17466,21653,0.9954128440366973,MATCH,AUTO_HIGH,0,candidate,full,googleplus,christopherichert,christophe richert,community manager france info lyce massena facult robert schuman ecole europenne de journalisme radio france,,"['http://twitter.com/crichert', 'https://www.facebook.com/profile.php?id=538515851', 'http://www.google.com/reader/shared/11714401182429716781']",twitter,grebert,christophe grbertverified account,"elu à dans les hauts-de-seine, journaliste & blogueur, catho & laïque, social & démocrate. grebert .com",puteaux,monputeaux.com/biographie.html,christopherichert,grebert
17433,17453,0.9954128440366973,MATCH,AUTO_HIGH,0,candidate,full,googleplus,christinehaueryou,christine hauer,"avid hifiver and excitement sharer university of south carolina master of international business university of south carolina bachelors of science in intn business, marketing, supply chain hifive president msa modeling agency model praytell strategy account exec ford models model thunder11 account executive post no bills project development",,"['http://about.me/christinehauer', 'http://www.hifiveagency.com', 'http://www.christinehauer.com', 'http://christinehauer.tumblr.com/']",twitter,iam_spartacus,christopher,"community manager at . : , , . sharing stories makes me happy. opinions are nice, and my own.","atlanta, ga",christopherasnider.com,christinehauer,christopherasnider
3786,9557,0.9954128440366973,MATCH,AUTO_HIGH,0,candidate,full,googleplus,chrisosburn01,chris osburn,london-based writer/photographer university of georgia anthropology university of westminster tikichris.com tikichris,,"['http://cdclifestyle.com', 'http://www.greatbritishchefs.com/community', 'http://blog.onetravel.com', 'http://blog.cheapoair.com', 'http://tikichris.com', 'http://www.attractiontix.co.uk/blog/index', 'http://tikichris.com']",twitter,flipsideza,chris,"traveler & vagabond! photographer, 3d artist & writer minimalist currently: peru next stop: bolivia instagram:","cape town, south africa",blog.cunnington.co.za,chrisosburn,ChrisCunnington
4111,18246,0.9954128440366973,MATCH,AUTO_HIGH,0,candidate,full,twitter,dcdoolan,daniel c doolan,"academic & researcher, computer science.","birmingham, england",dcdoolan.wordpress.com,googleplus,daniellamando,daniel lamando danopia,"js programmer who lives in the cloud drexel university computer science buena regional high scopely platform intern targetx developer intern protonet ruby developer j&d associates shop tech buena borough, nj php developer",,"['http://danopia.net', 'http://github.com/danopia', 'http://www.facebook.com/daniel.lamando', 'http://danopia.deviantart.com/', 'http://www.flickr.com/people/danopia/', 'http://twitter.com/danopia', 'http://picasaweb.google.com/ddanopia', 'http://www.last.fm/user/danopia/', 'http://www.linkedin.com/in/danopia', 'http://www.quora.com/Daniel-Lamando', 'http://pulse.yahoo.com/_WYX7LZONKG4GSI6UYOXHD7BUJA', 'http://www.myspace.com/danieldanopia', 'http://buenaboro.org/', 'http://blog.danopia.net/']",dcdoolan,daniellamando
4082,26947,0.9954128440366973,MATCH,AUTO_HIGH,0,candidate,full,googleplus,davidrowe,david rowe,,,"['http://twitter.com/longlight', 'http://www.myspace.com/greennosedmonkey', 'http://about.me/david.rowe', 'http://www.youtube.com/user/flyinggreenbee', 'http://lnkd.in/bequuKU']",instagram,louten,david marn,illustration and video games - chile // // twitter: louten // fb: loutenbook,,http://www.facebook.com/loutenbook,DavidRowe,louten
4072,26947,0.9954128440366973,MATCH,AUTO_HIGH,0,candidate,full,googleplus,davidmarine,david marine,,,"['http://blog.coldwellbanker.com', 'http://blog.coldwellbanker.com', 'http://twitter.com/david_marine', 'http://www.linkedin.com/in/davidmarine', 'http://youtube.com/coldwellbanker']",instagram,louten,david marn,illustration and video games - chile // // twitter: louten // fb: loutenbook,,http://www.facebook.com/loutenbook,davidmarine,louten
4063,18717,0.9954128440366973,MATCH,AUTO_HIGH,0,candidate,full,twitter,davidgomez_r,david gmez,"consultor en marketing digital y de contenidos, bloguero, community manager, especializado en ayudar a pymes y autónomos a crecer. cmua país vasco",vitoria - país vasco spain,davidgomez.eu,googleplus,davidmelndezhernndez,david melndez hernndez,"espacio dedicado a la web , desarrollo , marketing y a todo lo que se relacione con tecnologa , temas geeks , comics y videojuegos . universidad americana production manager",,,davidgomezramirez,davidweb
4063,18483,0.9954128440366973,MATCH,AUTO_HIGH,0,candidate,full,twitter,davidgomez_r,david gmez,"consultor en marketing digital y de contenidos, bloguero, community manager, especializado en ayudar a pymes y autónomos a crecer. cmua país vasco",vitoria - país vasco spain,davidgomez.eu,googleplus,davidfernandez86,david fernandez,esade executive master en digital business enginyeria i arquitectura lasalle - universitat ramon llull enginyeria tcnica en informtica de sistemes esade lead it project manager esade it helpdesk specialist esade it helpdesk internship for the user care center collegi lle xiii teacher of the support school,,"['http://www.facebook.com/davebcn', 'http://twitter.com/dave_bcn', 'http://www.quora.com/dave.david86@gmail.com', 'http://www.last.fm/user/dave86bcn/', 'https://www.linkedin.com/in/davidfernandeziserrano', 'http://www.youtube.com/user/dave86bcn', 'http://profile.live.com/cid-742e59ba173a2e92', 'http://trendingandsocial.wordpress.com/', 'http://www.esade.edu', 'http://www.slideshare.net', 'http://www.davidfernandez.me']",davidgomezramirez,davefernandez
4057,18693,0.9954128440366973,MATCH,AUTO_HIGH,0,candidate,full,twitter,cachecrkcapital,david doerr,father of 2 husband to an amazingly wonderful wife lds diabetic s.a.d sufferer byu alum cougar fan tech and mobile geek,"spanish fork, ut",about.me/david.doerr,googleplus,davidmcnamara,david mcnamara,"strategist / photographer / geek university of east london cultural studies, ba iris worldwide director of digital strategy jam @ engine strategy director redhouse lane head of digital future plc group account director",,"['http://uk.linkedin.com/in/davidsmcnamara', 'http://www.flickr.com/photos/16396532@N00/', 'http://www.facebook.com/profile.php?id=502853899', 'http://www.last.fm/user/daimac', 'http://deemac99.tumblr.com/', 'http://foursquare.com/deemac99', 'http://pinterest.com/deemac99/', 'http://twitter.com/#!/deemac99', 'http://davidsmcnamara.typepad.com/david-mcnamara/', 'http://followgram.me/deemac99', 'http://gmail.com', 'http://davidsmcnamara.typepad.com/sixbysix/', 'http://www.davidmcnamara.co.uk']",daviddoerr,davidsmcnamara
4056,18797,0.9954128440366973,MATCH,AUTO_HIGH,0,candidate,full,googleplus,daviddoerr,david doerr,,,['http://thedoerrlife.blogspot.com/'],twitter,davidderr,davidderr,fine artist and graphic designer,"metro nyc area, united states",d2studios.com,daviddoerr,dderr
4024,18515,0.9954128440366973,MATCH,AUTO_HIGH,0,candidate,full,googleplus,davemalouf,dave malouf,"father, husband, student, designer, teacher, traveler, musician, writer, speaker university of california, berkeley anthropology rackspace [in the making] peer loft founder savannah college of art & design professor of interaction design dave malouf design principal motorola enterprise mobility sr. interaction designer intralinks principal designer documentum sr. ui designer vizooal director of ia & strategy cythere ui designer apl digital technology r&d k2 design producer",,"['http://www.google.com/reader/shared/03502974437565529524', 'http://flickr.com/photos/davidheller', 'http://facebook.com/daveixd', 'http://www.linkedin.com/in/davidmalouf', 'http://twitter.com/daveixd', 'http://www.quora.com/dave-malouf', 'http://synapticburn.com', 'http://ixda.org/', 'http://peerloft.com/']",twitter,dmdesigninc,dave mcclinton,dave mcclinton is a graphic designer & artist. my work experience: & senior designer at,"austin, texas",davemcclinton.com,daveixd,DaveMcClinton
3994,25529,0.9954128440366973,MATCH,AUTO_HIGH,0,candidate,full,googleplus,danilomasotti,danilo masotti,"scrittore autore del best seller umarells, di altri 7 libri, autore programmi radio tv, ex cantante new hyronja io",,['http://www.danilomasotti.com'],twitter,kedtaz,daniele semeraro,"-social media manager- ex attore teatrale, ex webmaster, ex dirigente accompagnatore as taranto, ex addetto stampa taranto fc, ex videomaker. ex we can.",taranto,,danilomasotti,kedtaz
18217,30290,0.9954128440366973,MATCH,AUTO_HIGH,0,candidate,full,instagram,danielspawn,daniel,"voy por la buena música, el rock, la literatura, tecnología y por supuesto, la belleza del arte de la vida.",,http://www.danielspawn.tumblr.com,twitter,optimusdag,daniel astudillo,"ingeniero, padre, musico, gamer, geek, deportista... vivo la vida con actitud positiva","santiago, chile",dag.cl,danieldiazandres,optimusdag
18136,18195,0.9954128440366973,MATCH,AUTO_HIGH,0,candidate,full,instagram,thegreatdanaj,dana jones,i work in digital marketing and social media as a web analyst & blogger in atl. twitter ghost : thegreatdanaj,,http://www.thegreatdanaj.com,googleplus,danicajones,danica jones,a tightly packed sardine can of awesome. otis college of art and design bfa consumeraffairs marketing manager oaktree software social media and seo specialist quantus creative internet marketing social media director,,"['http://pulse.yahoo.com/_FFFJYITL5UJQHFEHPH4NBJEP3M', 'http://www.facebook.com/thedanica', 'http://www.linkedin.com/pub/danica-jones/3a/61b/209', 'http://www.yelp.com/user_details?userid=GCRqo4koEVmGRU28Z0Oocw', 'http://pinterest.com/thedanica/', 'http://www.twitter.com/diyadventurer', 'http://www.flickr.com/people/danicajones/', 'https://medium.com/@danicajones', 'http://www.diyadventurer.com', 'http://www.ezinearticles.com', 'http://theoatmeal.com/']",danajones,danicaj
18107,18270,0.9954128440366973,MATCH,AUTO_HIGH,0,candidate,full,twitter,socialmediadfw,danielle glick,"social media director & founder of dgdesign socialmedia marketing for dallas business. speaker, guest blogger, a.k.a. . thoughts are mine.","dallas, tx, u.s.a.",DGdesign.biz,googleplus,danielloyola,daniel loyola,"passionate about social media, managing partner of viral marketing and blogger: tecnolgico de monterrey campus santa fe eton school colegio de la ciudad de mxico tecnolgico de monterrey campus ciudad de mxico viral marketing marketer, social media manager imbora marketing assistant vitroespacio e- trisenio the jeffrey group",,,DallasFoodie,danielloyola
18107,18219,0.9954128440366973,MATCH,AUTO_HIGH,0,candidate,full,twitter,socialmediadfw,danielle glick,"social media director & founder of dgdesign socialmedia marketing for dallas business. speaker, guest blogger, a.k.a. . thoughts are mine.","dallas, tx, u.s.a.",DGdesign.biz,googleplus,danieldoelling,daniel doelling,"i'm on twitter or photoshop right now. southeast missouri state university integrated marketing communications st. louis rams digital and social media turf show times social media manager h&l partners account coordinator, social media training edge fitness social media manager",,"['http://twitter.com/Daniel_Doelling', 'https://www.linkedin.com/in/danieldoelling', 'http://www.facebook.com/daniel.doelling', 'http://instagram.com/daniel_doelling', 'http://vine.co/daniel.doelling', 'http://dandoelling.com', 'http://dandoelling.me']",DallasFoodie,DanielDoelling
17979,17986,0.9954128440366973,MATCH,AUTO_HIGH,0,candidate,full,googleplus,chrisselland,chris selland,"vp strategic growth at unifi software new york university, stern school of management cornell university morris knolls high school copeland middle school katherine d. malone elementary school on technology director, international marketing the yankee group vp crm & internet research esupportnow vp marketing reservoir partners founder & managing director soundbite communications vp business development unifi software vp strategic growth hewlett packard enterprise vp marketing & business development, big data",,,instagram,cskulevold,christine skulevold,my advice: click the link below and learn to enjoy life! pushpin september's goal = 2k followers gem_stone daily motivation gem_stone,,http://bit.ly/2aWPaYi,cselland,cskulevold
17951,17955,0.9954128440366973,MATCH,AUTO_HIGH,0,candidate,full,twitter,cristinac,cristina pretorian,"online & social media consultant, modeling scout",bucharest,about.me/CristinaC,googleplus,cristinasimone,cristina simone,"working as social media consultant fashion victim foodie runner milan based, italy lover universit"" la sapienza"" ied - istituto europeo di design naba nuova accademia di belle arti libera professionista social media consultant la3 social media manager roomor social media specialist naba nuova accademia di belle arti social media specialist domus academy social media specialist zurich italy corporate communications specialist sda express courier s.p.a. communication specialist",,"['http://www.cristinasimone.it/', 'http://www.slideshare.net/cristinasimone', 'http://it.linkedin.com/in/cristinasimone', 'http://twitter.com/cristinasimone', 'http://www.facebook.com/crissimone', 'http://comunicazionedigitale.wordpress.com/', 'http://delicious.com/cristinasimone', 'http://friendfeed.com/cristinasimone', 'http://www.quora.com/cristina-simone', 'http://followgram.me/cristinasimone/', 'http://identi.ca/cristinasimone/all', 'http://foursquare.com/cristinasimone', 'http://www.anobii.com/cristinasimone/books', 'https://www.box.net/cristinasimone', 'https://joindiaspora.com/people/18046', 'http://gomiso.com/u/cristinasimone', 'http://trunk.ly/cristinasimone/', 'http://www.viadeo.com/it/profile/cristina.simone1', 'https://www.instagram.com/cristinasimone/']",CristinaC,cristinasimone
18612,26947,0.9954128440366973,MATCH,AUTO_HIGH,0,candidate,full,googleplus,davidgallagher,david gallagher,,,"['http://twitter.com/davidfg', 'http://about.com/davidfg', 'http://www.flickr.com/people/davidfg/', 'http://nytimes.com/tech', 'http://bits.blogs.nytimes.com/']",instagram,louten,david marn,illustration and video games - chile // // twitter: louten // fb: loutenbook,,http://www.facebook.com/loutenbook,davidfg,louten
18597,18607,0.9954128440366973,MATCH,AUTO_HIGH,0,candidate,full,googleplus,davidemontanaro,davide montanaro,"google fellow on cybersecurity @ i-com universit degli studi di bari giurisprudenza i.i.s.s. ""majorana - laterza"" di putignano (ba) liceo scientifico rete universitaria nazionale resp. naz. internazionalizzazione ed educazione non-formale parlamento giovani puglia presidente giovani democratici di noci segretario play reverse portavoce nazionale giovani democratici ""terra di bari"" responsabile scuola gulp! studio communication and advertising",,"['https://www.facebook.com/davidemontanaro.it', 'http://friendfeed.com/davidemontanaro', 'http://www.linkedin.com/profile/edit?locale=en_US&goback=%2Enmp_*1_*1_*1_*1_*1_*1&trk=spm_pic', 'http://twitter.com/davidemontanaro']",instagram,king_hack,davide tommasin,nagaye project bici per il sociale - un ponte tra italia ed etiopia pedalando sul giallomelone by faggin,,http://davide.tommasin.org,davidemontanaro,davidetommasin
18563,29746,0.9954128440366973,MATCH,AUTO_HIGH,0,candidate,full,twitter,dacarfilms,david cardona,"-cinema photography & contents development- screenwriting, cinema photography, smart production, distribution, media",cartagena  medellín,photoblog.com/davidcardona/,instagram,neosushi68,david d,"designer for life, 3d artist with heart & photography enthusiast. creator of 99frames. i love the ordinary. all photos taken with lg g4",,http://about.me/neosushi,davidcardona,neosushi
18522,35311,0.9954128440366973,MATCH,AUTO_HIGH,0,candidate,full,googleplus,davidaguileramont,david aguilera,"ser maquero no es un pasatiempo, ni una obsesion. es un estilos de vida ( davermx 2006 ) ing, en sistemas computacionales redes davermx microsystems consultot it",,['http://www.davermx.com'],instagram,tranceh2,david carvallo,"tímido, frío, calculador, computin, ateo, alcohólico y canto en la ducha; todo un potencial asesino en serie smiling_face_with_horns smiling_face_with_horns . salud por las ballenas spouting_whale spouting_whale whale whale",,http://www.flickr.com/tranceh2,davermx,tranceh2
18489,18797,0.9954128440366973,MATCH,AUTO_HIGH,0,candidate,full,googleplus,davidgoodman,david goodman,illustrator and graphic designer in mid wales. llanfyllin high school goodman graphics owner hunter bevan ltd senior designer,,"['http://twitter.com/davidgoodman', 'http://www.flickr.com/people/dave-goodman/', 'http://www.youtube.com/user/DavidBGoodman', 'http://www.goodmangraphics.co.uk/', 'http://www.goodmangraphics.co.uk/personal/blog', 'http://www.goodmangraphics.co.uk/me.html', 'http://www.goodmangraphics.co.uk/blog']",twitter,davidderr,davidderr,fine artist and graphic designer,"metro nyc area, united states",d2studios.com,davegoodman,dderr
18459,18644,0.9954128440366973,MATCH,AUTO_HIGH,0,candidate,full,googleplus,davidallenakabrummiedave,david allen,"i show people how to use social media as a marketing tool, organise events and write things. badly. aberystwyth university english literature birmingham city university digital marketing manager",,"['http://twitter.com/brummiedave', 'https://www.facebook.com/brummiedave', 'http://uk.linkedin.com/in/brummiedave', 'http://klout.com/#/brummiedave/', 'https://foursquare.com/brummiedave', 'http://brummiedave.tumblr.com/', 'https://live.xbox.com/en-US/Profile?pp=0&GamerTag=BrummieDave', 'https://brummiedave.wordpress.com/', 'http://blogs.bcu.ac.uk/higheredblogging/', 'http://www.animationforumwm.co.uk/', 'http://gamercampuk.tumblr.com/', 'http://myfuturemedia.tumblr.com/', 'http://www.guardian.co.uk/education/higher-education', 'http://www.square-go.com/', 'http://www.subba-cultcha.com/', 'https://brummiedave.wordpress.com/', 'http://www.bcu.ac.uk/pme/school-of-media', 'http://www.bcu.ac.uk/pme/conservatoire', 'http://www.bcu.ac.uk/pme/school-of-english', 'http://bcu.ac.uk', 'http://blogt.bcu.ac.uk/filmfutures', 'http://rethinkmedia.biz', 'http://parksidelife.wordpress.com', 'http://birminghameastside.com']",twitter,davidleebiz,david lee consulting,"working with people to further their business development through digital, mobile, social, and local marketing. visit me:",nyc metro,wefollow.com/DavidLeeBiz,daveallen,davidleebiz
18336,36098,0.9954128440366973,MATCH,AUTO_HIGH,0,candidate,full,googleplus,daniortega,dani ortega,"digital marketing. amante del social media, del mundo mac y de muchas otras cosas. hablamos? oreste social media ceo",,"['http://twitter.com/daniortega', 'http://www.facebook.com/daniortegac', 'http://pinterest.com/daniortega/', 'http://es.linkedin.com/in/daniortega', 'http://gplus.to/daniortega', 'http://instagram.com/daniortega', 'http://www.orestesocialmedia.com', 'http://www.orestesocialmedia.com', 'http://www.daniortega.es', 'http://www.daniortega.es', 'http://www.orestesocialmedia.com']",twitter,bosshawaii,dani girl,boss hawaii - media-hi - 808 viral⠀⠀⠀⠀ digital marketing - content/influencer marketing ig: danielarox : danirox808 fb: danigirl808,kailua,bosshi.com,daniortega,webgirl
18291,31178,0.9954128440366973,MATCH,AUTO_HIGH,0,candidate,full,googleplus,danielribeiro,daniel ribeiro,,,['http://picasaweb.google.com.br/118420947397340991146'],twitter,poetyca,daniela,⊱pensieri e poesiep░o░e░t░y░c░a░╮ ricevo ogni giorno bellissime rose per profumare il tempo scrivi con me: poetycamente haiku,italy,poetyca.wordpress.com,danielrdossantos,poetyca
18276,18308,0.9954128440366973,MATCH,AUTO_HIGH,0,candidate,full,googleplus,danielmcclure,daniel mcclure,helping business owners develop & amplify their online presence manchester metropolitan university marketing management manchester metropolitan university business enterprise & marketing management the modern entrepreneur owner / founder paypal b2b digital marketing,,"['http://danielmcclure.com', 'http://themodernentrepreneur.com', 'http://twitter.com/danielmcclure', 'http://twitter.com/tmentrepreneur', 'https://www.facebook.com/modernentrepreneur', 'http://themodernentrepreneur.com/author/tme_admin/', 'https://www.paypal.co.uk/Blog/', 'https://www.slideshare.net/', 'http://bitmate.net', 'http://www.wptutor.com', 'https://tweetthesystem.com/author/daniel-mcclure/', 'http://www.wptutor.com', 'http://mixedmediamarketing.co.uk', 'http://wpstatistics.com/', 'https://themodernentrepreneur.com']",twitter,dt10111,daniel tuttle,,,,danielmcclure,danieltuttle
18258,25529,0.9954128440366973,MATCH,AUTO_HIGH,0,candidate,full,googleplus,daniellericks,danielle ricks,"i tell stories for a living... long stories and really short ones. i'm a social entrepreneur using the art of storytelling to do some good. danielle ricks productions digital media consultant campaign consultation, inc. social media specialist walt disney world entertainment producer black entertainment television senior producer cbs tv - the gayle king show on cbs producer uniworld - america's black formum on uniworld producer tv- one get the hookup on tv one producer rl - tv the voice on retirement living tv executive producer black entertainment television senior producer",,"['http://www.linkedin.com/in/daniellericks', 'http://twitter.com/DanielleRicks', 'http://instagram.com/daniellericks', 'http://daniellericks.com/', 'http://daniellericks.tumblr.com/', 'http://www.youtube.com/user/MissRicks', 'http://paper.li/daniellericks', 'http://pinterest.com/daniellericks', 'http://about.me/daniellericks', 'http://storify.com/daniellericks', 'http://www.yelp.com/user_details?userid=MXvljmasVau7cbp7K7HKkA', 'http://www.imdb.com/name/nm2371319/', 'http://foursquare.com/user/daniellericks', 'http://www.goodreads.com/user/show/16433798-danielle-ricks', 'http://www.slideshare.net/dlricks', 'http://www.flickr.com/photos/daniellericks/', 'http://dlricks.stumbleupon.com', 'http://www.slideshare.net/DLRicks', 'http://www.blogger.com/profile/03203741624110960786']",twitter,kedtaz,daniele semeraro,"-social media manager- ex attore teatrale, ex webmaster, ex dirigente accompagnatore as taranto, ex addetto stampa taranto fc, ex videomaker. ex we can.",taranto,,daniellericks,kedtaz
18242,20838,0.9954128440366973,MATCH,AUTO_HIGH,0,candidate,full,twitter,francavilla,daniel francavilla,entrepreneur creative director founder space host grad,"toronto, ontario",danielfrancavilla.com,googleplus,frankdasilva,frank da silva,imagine explore engage dmt lab creative director/photographer earth 2 hub head of creative/director/co-founder velatropa films director/producer,,"['http://twitter.com/frankdasilva', 'http://www.facebook.com/frankdasilva', 'http://www.linkedin.com/in/frankdasilva', 'http://youtube.com/user/earth2movie', 'http://frankdasilva.tumblr.com/', 'http://earth2hub.com', 'http://www.vimeo.com/frankdasilva', 'http://www.flickr.com/photos/frankdasilva', 'http://dmtlab.co/']",danielfrancavilla,frankdasilva
3973,18288,0.9954128440366973,MATCH,AUTO_HIGH,0,candidate,full,twitter,dsireus,daniele sireus,"currently, i work in the consumer marketing at tim. web marketing product manager.","rome, lazio",about.me/danielesireus,googleplus,danielrdelpino,daniel r del pino,ayudando a estar online informa d&b product manager,,"['http://about.me/danielrdelpino', 'http://twitter.com/danielrdelpino', 'http://www.linkedin.com/in/danielrdelpino', 'http://www.danielrdelpino.com', 'http://www.informa.es', 'http://www.empresaactual.com', 'http://www.einforma.com', 'http://www.infodempresas.com', 'http://www.informacionalpoder.com']",danielesireus,DanielRdelPino
3804,17282,0.9954128440366973,MATCH,AUTO_HIGH,0,candidate,full,googleplus,christinestoll3503,christine stoll,freelance social media and marketing professional chief jewelry engineer for christine stoll jewelry university of washington journalism christine stoll jewelry jewelry artist & owner self-employed freelance writer & social media manager,,"['http://christinestoll.com', 'https://www.facebook.com/christinestolljewelry', 'http://www.pinterest.com/christinestoll/', 'http://twitter.com/christine_stoll', 'http://instagram.com/christinestoll', 'http://www.etsy.com/shop/ChristineStollOnEtsy']",twitter,chrisdoelle,chris doelle,"new media titan, writer and social media expert, changing the world for the better! marketer - author - radio host - public speaker","30.296672,-97.65832",ridingwiththewindowdown.com,christinestoll,chrisdoelle
3802,17465,0.9954128440366973,MATCH,AUTO_HIGH,0,candidate,full,googleplus,christinehueber2,christine hueber,"do you have your copy of my free report yet? get ""top 10 linkedin profile success secrets"" now at christinehueber.com uc san diego communications/german literature georg-august universitaet, goettingen german literature universitaet salzburg, austria communications uc berkeley mba prerequisites college for financial planning foundations series 7 & 63 ca life & disability insurance license alliance francaise, paris french christinehueber.com...more clients made easy! ceo kpmg marketing citigroup banking & financial services marketing & sales charles schwab financial services marketing & sales envision properties principal",,"['http://www.linkedin.com/in/ChristineHueber', 'http://www.FaceBook.com/ChristineEHueber', 'http://twitter.com/cehueber', 'http://www.plaxo.com/profile/showPublic', 'http://youtube.com/user/ChristineHueber', 'http://www.quora.com/christine-e-hueber', 'http://twitter.com/CEHueber', 'http://christinehueber.yelp.com', 'http://pulse.yahoo.com/_JAMXUWUJ6BARFQW5HCUAFF3BZQ', 'http://www.youtube.com/user/ChristineHueber', 'http://christinehueber.com/blog', 'http://www.christinehueber.com/']",twitter,topherhyde,christopher hyde,,"atlanta, ga",hydecorp.com,christinehueber,christopherhyde
3788,17345,0.9954128440366973,MATCH,AUTO_HIGH,0,candidate,full,googleplus,christianperegrina,christian peregrina,,,"['http://twitter.com/chrispega', 'http://instagram.com/chrispega']",twitter,chrispgriffin,,,,vine.co/v/MYPTwOuBKnH,chrispega,ChrisPGriffin
3786,10368,0.9954128440366973,MATCH,AUTO_HIGH,0,candidate,full,googleplus,chrisosburn01,chris osburn,london-based writer/photographer university of georgia anthropology university of westminster tikichris.com tikichris,,"['http://cdclifestyle.com', 'http://www.greatbritishchefs.com/community', 'http://blog.onetravel.com', 'http://blog.cheapoair.com', 'http://tikichris.com', 'http://www.attractiontix.co.uk/blog/index', 'http://tikichris.com']",instagram,geektechlive,chris,"tech innovator by day, photo nut by night! tk-41973 of the 501st legion all the time. check out my webseries at",,http://youtube.com/geektechlive,chrisosburn,GeektechLive
3777,17491,0.9954128440366973,MATCH,AUTO_HIGH,0,candidate,full,twitter,teamyoucan,chris esponge,"retired veteran, husband, father, sci caregiver, avid disc golfer and social media fanatic.",south louisiana,about.me/chrisesponge,instagram,chriswejr,chris wejr,"father of twin girls and a bullmastiff. husband. educator. share mostly pics of my wife, kids, and dog... and a few of my school.",,http://www.chriswejr.com,chrisesponge,Chriswejr
3708,10368,0.9954128440366973,MATCH,AUTO_HIGH,0,candidate,full,googleplus,chrisbarrows,chris barrows,"social by birth wilkes university masters of science in instructional media - discovery education marywood university bachelors of arts -communications/digital media new york university social media mobile product coordinator likeable media associate community manager wilkes university electronic communications coordinator the new age examiner, verizon wireless, best buy,",,"['http://facebook.com/Barrows', 'http://twitter.com/CBarrows', 'http://picasaweb.google.com/cbarrows', 'http://www.flickr.com/photos/cbarrows/', 'http://youtube.com/user/pinstripedscranton', 'http://www.google.com/reader/shared/00223591977235027611', 'http://www.blogger.com/profile/16228764529863371802', 'https://medium.com/cbarrows', 'http://www.Chrisgbarrows.com', 'http://www.chrisgbarrows.com', 'http://www.linkedin.com/profile?viewProfile=&key=18933003&locale=en_US&trk=tab_pro', 'http://www.Christophermacproductions.com', 'http://www.spoilertv.co.uk/forum/viewforum.php?f=119', 'http://couchpotatotv.blogspot.com/', 'http://namesake.com/cbarrows', 'http://obsessedwithlost.tumblr.com/']",instagram,geektechlive,chris,"tech innovator by day, photo nut by night! tk-41973 of the 501st legion all the time. check out my webseries at",,http://youtube.com/geektechlive,cbarrows,GeektechLive
3694,13745,0.9954128440366973,MATCH,AUTO_HIGH,0,candidate,full,googleplus,anthonycarriere,anthony carriere,,,['http://twitter.com/carriere'],twitter,leif_pp,antonio carrillo,"bombero, telecomm, curioso insaciable, astrónomo, fotógrafo, minimalista, defeño, nocturno, lacónico, quisquilloso, picnico y polimata.",méxico,,carriereanthony,acarrillo
3662,16774,0.9954128440366973,MATCH,AUTO_HIGH,0,candidate,full,googleplus,carlosgiron,carlos girn,"las preguntas son un camino para el cuidado. creacin de contenidos y acompaamiento filosfico. universitat pompeu fabra doctorado en humanidades iebschool master en community management: empresa 2.0 y redes sociales universidad michoacana de san nicols de hidalgo licenciatura en filosofa universidad michoacana de san nicols de hidalgo maestra en filosofa de la cultura universitat pompeu fabra mster en estudios comparados de literatura, arte y pensamiento inesdi posgrado en seo y sem vacune content manager & strategist difoosion coordinador emagister responsable de contenidos para latinoamrica",,"['https://twitter.com/cgironlozano', 'http://www.facebook.com/carlosalberto.gironlozano', 'http://cgironlozano.com', 'http://about.me/carlosgiron', 'http://cgironlozano.tumblr.com/', 'http://cgironlozano.com', 'http://www.atlascultural.com', 'http://www.xombit.com', 'http://seoduccion.com', 'http://cgironlozano.com']",instagram,carlosclouthier,carlos clouthier,"imágenes de mis viajes, curiosidades y gustos por la buena comida / consultor en negocios, marketing y food blogger / ceo de ker3 y goloyal.",,http://www.carlosclouthier.com,carlosgiron,carlosclouthier
3438,16078,0.9954128440366973,MATCH,AUTO_HIGH,0,candidate,full,googleplus,bilalkabakl,bilal kabakl,,,"['http://cargocollective.com/bilalkabakli', 'http://tr.linkedin.com/in/bilalkabakli', 'http://twitter.com/bilalkabakli', 'http://bilalkabakli.wordpress.com', 'http://alternatifson.tumblr.com/', 'https://bilalkabakli.carbonmade.com/']",instagram,billlublin,,,,,bilalkabakli,billlublin
3395,15888,0.9954128440366973,MATCH,AUTO_HIGH,0,candidate,full,twitter,benjamim,benjamim,photographer,"lisbon, portugal",about.me/benjamim,googleplus,benjamincolebrown,benjamin cole brown,humanitarian contractor/photographer home school live different,,,benjamim,benjamincole
3395,9272,0.9954128440366973,MATCH,AUTO_HIGH,0,candidate,full,twitter,benjamim,benjamim,photographer,"lisbon, portugal",about.me/benjamim,instagram,benmiller,ben miller,"photographer / director / dp. clients: adidas, rolling stone, playboy, toyota, gap, dr. pepper, vice, vanity fair, patron info .com",,http://www.benmillerphoto.com,benjamim,benmillerphoto
3231,25278,0.9954128440366973,MATCH,AUTO_HIGH,0,candidate,full,twitter,ar_abd,abdur rehman,,"lahore, pakistan",,googleplus,abdulkarimkhankarimkhan8,abdul karim khan,"smile, it's sunnah :) ben davis high school twin lakes secondary school robert bateman high school cameron heights collegiate institute georgetown university school of medicine biochemistry indiana university-purdue university indianapolis biology midwestern university college of dental medicine illinois dentistry von maur women's shoes sales associate team ford lube technician staples the business depot cashier tommy hilfiger customer service associate",,"['http://www.facebook.com/karimkhan8', 'http://www.youtube.com/user/karimkhan8', 'http://twitter.com/karimkhan8', 'http://pulse.yahoo.com/_QBXGTO6UKEZUHKVNCI5KXXWD6A', 'http://www.linkedin.com/in/karimkhan8']",arab,karimkhan8
3108,14795,0.9954128440366973,MATCH,AUTO_HIGH,0,candidate,full,googleplus,andreavolpini,andrea volpini,andrea volpini - visionary entrepreneur redlink gmbh co-founder insideout today director insideout10 co-founder,,"['http://about.me/andreavolpini', 'http://www.flickr.com/people/cyberandy/', 'http://www.linkedin.com/in/volpini', 'http://twitter.com/cyberandy', 'http://www.last.fm/user/avolpini/', 'http://www.youtube.com/user/TheInSideOut10', 'http://andrea.volpini.com', 'http://saltino.io', 'http://wordlift.it', 'http://insideout.io', 'http://blog.insideout.io/', 'http://www.redlink.co', 'http://blog.insideout.today/', 'http://www.insideout.today/', 'http://www.mico-project.eu']",twitter,andreas_k,andreas khn,co-founder of . recreate media with . focussing on innovation & technology. tweets sustained.,germany,about.me/andreas.kuehn,andreavolpini,andreaskuehn
19020,19724,0.9954128440366973,MATCH,AUTO_HIGH,0,candidate,full,googleplus,davidheras,david heras verde,"color, juegos fotogrficos y una iconografa propia componen mi obra, con predileccin por lo digital y cuyos resultados ubican su obra en territorios abstractos y expresionistas. b.a.i. bai artista visual diseador web",,"['http://herasverde.blogspot.com/', 'http://twitter.com/dheras', 'http://www.google.com/profiles/dheras2', 'http://www.linkedin.com/in/dheras', 'http://profile.myspace.com/index.cfm?fuseaction=user.viewprofile&friendid=275316643', 'http://www.flickr.com/people/davidheras/', 'http://www.facebook.com/pages/Pintor-Verde/44373067127', 'http://www.davidheras.com/index.html']",twitter,ekiafoto,david fernandez,"autoempleado en ... autómono y emprendedor, que es lo más en este país ... modoironicoon","vitoria, basque country",about.me/ekiafoto,dheras,ekiafoto
18795,36185,0.9954128440366973,MATCH,AUTO_HIGH,0,candidate,full,googleplus,davidderr,david derr,"david derr contemporay art and graphic design, david is as comfortable designing for the web and print as he is in working on fine art pieces in oil, acrylic, mixed media, digital media, and assemblages art student league of ny glassboro/rowan college butler high school d2 studios inc. artist/graphic designer curtiss wright telepages inc. creative marketing myers marketing d2 studios",,"['http://dervishland.blogspot.com/', 'http://www.facebook.com/profile.php?id=588850605&ref=profile', 'http://www.flickr.com/photos/davidderr/', 'https://twitter.com/#!/DavidDerr', 'http://www.davidderr.com', 'http://www.linkedin.com/profile/view?id=2906030&authType=name&authToken=CvKE&locale=en_US&pvs=pp&trk=ppro_viewmore', 'http://www.d2studios.com', 'http://www.linkedin.com/profile/view?id=2906030&authType=name&authToken=CvKE&locale=en_US&pvs=pp&trk=ppro_viewmore', 'http://www.flickr.com/photos/davidderr', 'https://www.facebook.com/david.derr2', 'http://www.tumblr.com/blog/d2studios', 'http://www.onthebus.biz', 'http://www.davidderr.com/david-derr-art-blog.html', 'http://www.d2studios.com/d2-blog.html', 'http://www.d2studios.com/']",twitter,nywebdesign,david radovanovic,new york web design and graphic designer. creative director at offering creative ideas and personalized service.,hudson river valley,whatsthebigidea.com,dderr,whatsthebigidea
18795,36184,0.9954128440366973,MATCH,AUTO_HIGH,0,candidate,full,googleplus,davidderr,david derr,"david derr contemporay art and graphic design, david is as comfortable designing for the web and print as he is in working on fine art pieces in oil, acrylic, mixed media, digital media, and assemblages art student league of ny glassboro/rowan college butler high school d2 studios inc. artist/graphic designer curtiss wright telepages inc. creative marketing myers marketing d2 studios",,"['http://dervishland.blogspot.com/', 'http://www.facebook.com/profile.php?id=588850605&ref=profile', 'http://www.flickr.com/photos/davidderr/', 'https://twitter.com/#!/DavidDerr', 'http://www.davidderr.com', 'http://www.linkedin.com/profile/view?id=2906030&authType=name&authToken=CvKE&locale=en_US&pvs=pp&trk=ppro_viewmore', 'http://www.d2studios.com', 'http://www.linkedin.com/profile/view?id=2906030&authType=name&authToken=CvKE&locale=en_US&pvs=pp&trk=ppro_viewmore', 'http://www.flickr.com/photos/davidderr', 'https://www.facebook.com/david.derr2', 'http://www.tumblr.com/blog/d2studios', 'http://www.onthebus.biz', 'http://www.davidderr.com/david-derr-art-blog.html', 'http://www.d2studios.com/d2-blog.html', 'http://www.d2studios.com/']",instagram,nywebdesign,david radovanovic,web developer and graphic designer scoping out memorable visuals for creative inspiration.,,http://www.whatsthebigidea.com,dderr,whatsthebigidea
18717,19724,0.9954128440366973,MATCH,AUTO_HIGH,0,candidate,full,googleplus,davidmelndezhernndez,david melndez hernndez,"espacio dedicado a la web , desarrollo , marketing y a todo lo que se relacione con tecnologa , temas geeks , comics y videojuegos . universidad americana production manager",,,twitter,ekiafoto,david fernandez,"autoempleado en ... autómono y emprendedor, que es lo más en este país ... modoironicoon","vitoria, basque country",about.me/ekiafoto,davidweb,ekiafoto
18710,19021,0.9954128440366973,MATCH,AUTO_HIGH,0,candidate,full,twitter,davidorreta,david vidorreta,"periodista especializado en gestión de residuos en . ¿sabes lo que se hace con tu basura? reduce, reutiliza, recicla y, siempre, reflexiona",bilbao - gijón,residuosprofesional.com,instagram,dheras,david heras verde,post abstracto capaz de endilgarse parámetros mironianos de destello braquianos que chocan con su preciosismo de juegos de luz y formas su positivismo,,http://www.facebook.com/pintorverde,davidvidorreta,dheras
18642,19184,0.9954128440366973,MATCH,AUTO_HIGH,0,candidate,full,googleplus,davidlee,david lee,business is what i am about i will either help you achieve your goals or connect you to people that will... montclair state university business marketing and management rutgers business school entrepreneurship cert. david lee consulting llc business consultant cunet mobile media coordinator,,"['http://www.linkedin.com/in/davidleebiz', 'http://www.davidleeconsulting.com', 'http://www.google.com/reader/shared/12616927949092916715', 'http://www.davidleebiz.wordpress.com', 'http://about.me/davidleebiz', 'http://www.linkedin.com/in/davidleebiz', 'http://twitter.com/DavidLeeBiz', 'http://www.linkedin.com/in/davidleebiz', 'http://www.facebook.com/davidleebiz', 'http://www.flickr.com/people/davidleebiz/', 'http://davidleeconsulting.com', 'http://gmail.com', 'http://www.twitter.com/#/davidleebiz', 'http://davidleebiz.posterous.com/david-lee-consulting-llc']",twitter,djduncan,david duncan,"david duncan helps business owners utilize search and social media to market their business online, certified social selling trainer and coach.","wallington, surrey",about.me/DJDuncan,davidleebiz,DJDuncan
18624,19724,0.9954128440366973,MATCH,AUTO_HIGH,0,candidate,full,googleplus,davidhernandezmendez,david hernandez,,,"['http://www.davidhernandez.com.mx', 'http://about.me/david-hernandez', 'http://www.linkedin.com/in/davidhernandez1', 'http://twitter.com/MisterEscorpion', 'http://www.facebook.com/david.hernandez.mendez']",twitter,ekiafoto,david fernandez,"autoempleado en ... autómono y emprendedor, que es lo más en este país ... modoironicoon","vitoria, basque country",about.me/ekiafoto,davidhernandez,ekiafoto
20699,33148,0.9954128440366973,MATCH,AUTO_HIGH,0,candidate,full,twitter,flyzipper,steve mishos,play=lift.sound.volleyball.yoga work=architect.collaboration.ecm.tech life=cerebral.curious.divergent.polite love=,waterloo,flyzipper.com,instagram,seerickson,steve erickson,"just a hack with a camera from houston, texas. proud grandpa of some of the cutest grandkids in the world. all photos taken by or of me.",,http://about.me/seerickson,flyzipper,seerickson
20699,33054,0.9954128440366973,MATCH,AUTO_HIGH,0,candidate,full,twitter,flyzipper,steve mishos,play=lift.sound.volleyball.yoga work=architect.collaboration.ecm.tech life=cerebral.curious.divergent.polite love=,waterloo,flyzipper.com,googleplus,stevecowie,steve cowie,i'm just your average hunter gatherer. uin syarif hidayatullah jakarta sistem informasi sma negeri 3 tangerang ipa smp negeri 3 tangerang aia financial pre-selection & verification senior staff bank muamalat indonesia relationship manager funding procter & gamble team leader,,"['http://pigeon-solutions.com', 'http://pestpro.co.uk', 'http://bedbug-control.com']",flyzipper,scowie
20615,28576,0.9954128440366973,MATCH,AUTO_HIGH,0,candidate,full,twitter,fighaka,michael figgins,husband dad photographer designer rugby fanatic fly fisherman iphone addict,,about.me/fig,instagram,mberndtdesign,michael berndt,graphic designer website developer instagramographer musician film enthusiast reviewer/photographer at,,http://mberndtdesign.com,Fig,michaelberndt
20606,26590,0.9954128440366973,MATCH,AUTO_HIGH,0,candidate,full,twitter,fggutierrez,fernando g gutirrez,"socialmedia, tecnologías, biblioteca y educación. bibliotecario profesor. vivo en , , , y papá del poroto20",luján ba,goo.gl/4ZwsfJ,instagram,lernys,fernando santamara,formador online y consultor en temas de diseño en ecosistemas abiertos para el aprendizaje. vivo en bogotá (colombia). retratando cosas mágicas.,,http://fernandosantamaria.com,fggutierrez,lernys
20573,33501,0.9954128440366973,MATCH,AUTO_HIGH,0,candidate,full,twitter,fernandobits,fernando escudero,"bilingual content marketing creator / internet aficionado. from chile, now in nyc","brooklyn, new york",fernandoescudero.me,googleplus,fernandoarayasiberian,fernando araya,siberian en internet :) fea para los amigos :) atento chile asistente,,"['http://twitter.com/Siberian', 'http://www.youtube.com/user/Sibeckham', 'http://www.flickr.com/photos/siberian/', 'http://picasaweb.google.com/sibeckham', 'http://www.linkedin.com/profile/view?id=50824056&trk=tab_pro', 'http://sibeckham.deviantart.com/', 'http://siberian.tumblr.com/', 'http://pulse.yahoo.com/_SEYL3TC3XDRCSTO635HJUEPCBI', 'https://es.foursquare.com/siberian']",fernandoescudero,siberian
20559,20564,0.9954128440366973,MATCH,AUTO_HIGH,0,candidate,full,googleplus,fernandaferreirafp,fernanda ferreira pinto,"no sou nada. nunca serei nada. no posso querer ser nada. parte isso, tenho em mim todos os sonhos do mundo. centro universitrio belo horizonte produo multimdia estadual central ensino mdio ansio teixeira ensino fundamental rede alpha comunicao de marca produtora de contedo de marca kia brisa produtora de contedo de marca digital pixel - desenvolvimento web digital marketing grupo login digital marketing",,,twitter,fernandezdjr,juan ramn fernndez,salud2.0 webmaster madridsalud. maqueto revistas científicas. formador comunicación rrss ayto de madrid. analiticaweb. mis opiniones son de carácter personal,españa,about.me/fernandezdjr,fernandabh,fernandezdjr
20248,24168,0.9954128440366973,MATCH,AUTO_HIGH,0,candidate,full,instagram,espina,juan manuel bruol,un mar en calma nunca hizo a un marinero experto.,,http://twitter.com/espina,googleplus,juanmanuelzubi,juan manuel zubi,"soy un apasionado de la comunicacin y el emprendimiento. un happyshifter, para el que desvincular el trabajo del deseo, es la negacin de la libertad. universidad de valladolid economy. canal extremadura adjunto a la direccin general jmzubi, entrepreneurship & communications consultant",,"['http://picasaweb.google.com/jmzubi', 'http://twitter.com/jmzubi', 'https://www.facebook.com/jmzubi', 'http://www.quora.com/Juan-Manuel-P%C3%A9rez-Zubizarreta-Cuadrado', 'http://pt.linkedin.com/in/jmzubi', 'http://www.flickr.com/people/jmzubi/', 'http://www.plaxo.com/profile/showPublic/null']",espina,jmzubi
20139,27874,0.9954128440366973,MATCH,AUTO_HIGH,0,candidate,full,googleplus,erikatamaura,erika tamaura,"blogger. gestora cultural. autora wanna be. universitat de barcelona master en gestin cultural, especialidad en patrimonio. universitat de girona, catedra unesco de polticas culturales relaciones culturales internacionales el capuccino sala editorial de difusin cultural instituto tecnolgico de sonora coordinacin de extensin de la cultura esperanza arteche a.c. gestora cultural",,"['http://twitter.com/ErikaTamaura', 'http://erikatamaura.com/', 'http://www.flickr.com/people/erikatamaura/', 'http://erikatamaura.blogspot.com/', 'http://www.google.com/reader/shared/06644653604704274976', 'http://erikatamaura.tumblr.com/', 'http://flavors.me/erikatamaura', 'http://www.linkedin.com/in/Linkedin', 'https://www.facebook.com/erikatamauratorres/?fref=ts', 'https://www.instagram.com/erikatamaura/', 'https://vine.co/u/920352276256788480', 'https://www.youtube.com/user/erikatamaura', 'https://es.pinterest.com/erikatamaura/', 'http://proyectopuente.com.mx/2016/02/25/refraccion/', 'http://www.itson.mx', 'http://www.iscradio.gob.mx/programacion.html', 'https://elcapuccino.wordpress.com/']",instagram,maestra_erzulie,erika martinez,"física de profesión, ingeniera por necesidad, política de oficio, concejala de la comuna de san miguel, stgo, chile",,,erikatamaura,martinezerika
20129,20184,0.9954128440366973,MATCH,AUTO_HIGH,0,candidate,full,twitter,eric_wheeler,eric d wheeler,content engagement manager . ms: . bs: . cyclist. climber. runner. photographer. traveler. usually bearded.,"marlborough, ma",linkedin.com/in/ericdwheeler,googleplus,eriqueleroy,erique leroy,designer diver geek travel backpacking photographing language learning huawei ued gameloft game developer,,"['http://www.facebook.com/heyerique', 'http://twitter.com/heyerique', 'http://www.instagram.com/heyerique']",ericwheeler,erique
20057,20059,0.9954128440366973,MATCH,AUTO_HIGH,0,candidate,full,twitter,stellabella824,erica stella,"brooklyn photographer, yogi & contributor / s2 nyink / belongs to dm for inquiries",brooklyn,ericastellaphotography.com,instagram,ericavirtue,erica virtue,shelter island/brooklyn sailboat skier maple_leaf,,http://facebook.com/ericavirtue,EricaStella,ericavirtue
19917,19922,0.9954128440366973,MATCH,AUTO_HIGH,0,candidate,full,googleplus,emiliodelrosanz,emilio del ro sanz,"""slo recuerdo la emocin de las cosas"" (antonio machado) complutense university of madrid university of oxford postdoc",,"['http://twitter.com/emilio_delrio', 'https://www.facebook.com/emiliodelrio.larioja', 'http://www.flickr.com/photos/88319486@N04/', 'http://www.emiliodelrio.es', 'http://emiliodelrio.wordpress.com/', 'http://www.ivoox.com/audios-recomendados-por-Emilio%20del%20R%C3%ADo%20Sanz_ak_323396_publication_1.html', 'http://www.larioja.org', 'http://www.pplarioja.es']",twitter,emiliofolgar,emilio folgar,"padre de 2 hijos, melillense, gestor de comunidades digitales, en equipo llevando ocio y cultura a través de las rrss y la",melilla,about.me/emiliofolgar,emiliodelrio,emiliofolgar
19714,20132,0.9954128440366973,MATCH,AUTO_HIGH,0,candidate,full,instagram,photo516,eric wettstein,photo geek and nature lover.,,http://www.facebook.com/photographer516,twitter,ericzimmett,eric zimmett,"president, founder at social media agency adjunct instructor at penn state university penn state alum dale carnegie grad","state college, pa",bradensocial.com,ejwettstein,ericzimmett
19439,28560,0.9954128440366973,MATCH,AUTO_HIGH,0,candidate,full,twitter,drmikempa,michael capilli,"michael capilli, the damage doctor, public insurance adjuster, gets you more money from your company! don't be fooled by the insurance company's advertising.","orlando, fl",michaelcapilli.com,googleplus,michaelallenberg,michael allenberg,"product development experience design entrepreneur savannah college of art and design interactive design and game development the creative circus digital imaging big studio director of experiential design onespring llc practice lead customer experience onespring llc engagement manager ubiquitousinteractions senior user experience consultant perseev.me co-founder / owner crawford media services lead user experience designer michael allenberg photography ceo / owner, photographer the creative circus photoshop instructor turner broadcasting system / adultswim.com web developer / intern assurant director user research / interim avp ux",,"['http://twitter.com/allenberg93', 'http://www.linkedin.com/in/ubiquitousinteractions', 'http://www.quora.com/Michael-Allenberg', 'https://www.facebook.com/mallenberg', 'http://uint.co', 'http://www.allenbergphoto.com', 'http://twinblr.tumblr.com', 'http://perseev.me']",drmikec,michaelallenberg
19399,27623,0.9954128440366973,MATCH,AUTO_HIGH,0,candidate,full,instagram,drayza,mario martinovic,,,,twitter,ramxilliw,mario matamoros,,"san josé, costa rica",about.me/marioalberto,drayzer,marioalberto
19288,27588,0.9954128440366973,MATCH,AUTO_HIGH,0,candidate,full,instagram,donanela,marianela madrigal,documentando la vida que veo con mis cuatro ojos.,,,googleplus,mariancanaldacriado,marian canalda criado,pr & community manager. feliz de trabajar en lo que me gusta. disfruto la vida . para vivir tu sueo tienes que dormir poco y levantarte con ganas los lunes :-) universidad europea de madrid publicidad y rr.pp.,,"['http://twitter.com/mariancanalda', 'http://www.linkedin.com/profile/view?id=39325573&trk=tab_pro']",donanela,mariancanalda
19103,19104,0.9954128440366973,MATCH,AUTO_HIGH,0,candidate,full,twitter,diesteph,diesteph,freelance consultant digital communications / new media producer / social media manager / mediendesignerin / arbeitet next destination: scday17,köln,DieSteph.de,googleplus,dieterpeeters88,dieter peeters,born in '88 // online minded // social media // fitness & futsal ehsal management school digitale marketing & communicatie hub marketing blue bees social media specialist manpowergroup solutions conversation specialist attentio social media intern vmma promo & advertising,,"['http://twitter.com/@Dieter_88', 'http://be.linkedin.com/pub/dieter-peeters/25/7b2/387', 'http://dieterpeeters.tumblr.com', 'http://dieterpeeters.wordpress.com', 'http://klout.com/#/Dieter_88', 'http://plus.google.com/+BlueBeesBE']",DieSteph,DieterPeeters
3018,36578,0.9954128440366973,MATCH,AUTO_HIGH,0,candidate,full,googleplus,allanoliveirab,allan oliveira,"a histria ser gentil comigo, j que eu pretendo escrev-la. ufal arquitetura e urbanismo",,['http://www.facebook.com/allanoliveirab'],twitter,yupinglu,allan,人生就是去不断地发现!做一个观察者和流浪者。phd student. nerd. the south and life. professional procrastinator.,"knoxville, tn",yupinglu.me,allanoliveira,yupinglu
3004,3009,0.9954128440366973,MATCH,AUTO_HIGH,0,candidate,full,googleplus,aliciaglenn,alicia glenn,passionate about entrepreneurship. autodidactic. avid reader. big dreamer. howard university,,"['http://SuccessHackinginCollege.com', 'http://successHackinginCollege.com']",twitter,alimostofian,ali r amirmostofian,"passionate about psychology, marketing, technology & innovation. travel, jazz & coffee lover.",,,AliciaGlenn,alimostofian
2982,11356,0.9954128440366973,MATCH,AUTO_HIGH,0,candidate,full,googleplus,alejandramartncasado,alejandra martn casado,"dircom, periodista, aprendiz y pasajera, siempre voy. si comunica, insiste.museo casa lis y galera adora calvo (salamanca) museo art nouveau y art dco casa lis dircom",,"['http://twitter.com/AlexMarCasado', 'https://www.facebook.com/alexmartincasado', 'http://es.linkedin.com/in/alexmartincasado', 'http://delicious.com/alexmarcasado', 'http://www.flickr.com/photos/alexmartincasado/', 'http://alexmartincasado.tumblr.com/']",instagram,alepresser,alexandra presser,"ilustradora, professora, quadrinista, dona de casa. tem mais coisa, mas vamos ter foco, né? red_heart comprem a minha hq!! red_heart",,http://alepresser.com,alexmartincasado,ladyshampoo
2955,26574,0.9954128440366973,MATCH,AUTO_HIGH,0,candidate,full,twitter,alessiomantegna,alessio mantegna,"ux/ui designer, front-end web developer, web accessibility and web usability expert.",torino,linkedin.com/in/alessiomant…,googleplus,alexholopainen,alex holopainen,waiting for the end... w3 design web developer,,['http://twitter.com/Leorgrium'],alessiomantegna,leorgrium
2921,4714,0.9954128440366973,MATCH,AUTO_HIGH,0,candidate,full,twitter,martinezgallego,albert martnez,founder ceo sekuenz adwords adwordscertified googlepartner seo sem webanalytics workaholic etourism gastronomy yoga positive,internet,albertmartinezgallego.com,googleplus,markgallardo,mark gallardo,seo specialist university of cebu bsit owner stanton web marketing solutions seo specialist,,"['http://triptabai.com/', 'https://www.facebook.com/gallardomark', 'http://killu.tumblr.com/', 'https://twitter.com/#!/gallardomark', 'http://www.linkedin.com/in/gallardomark', 'http://about.me/gallardomark', 'http://gallardomark.com']",albertmartinezgallego,gallardomark
2878,13937,0.9954128440366973,MATCH,AUTO_HIGH,0,candidate,full,googleplus,agustinmezzina,agustin mezzina,creo que puedo leer la mente...un harvard university maestra jardinera teatro bululu stand up dotzero photoshop underground creatividad publicitaria fundacion de altos estudios en ciencias comerciales publicidad espacio dos puntos fotografia el que saco la foto presidente dc shoes,,"['http://about.me/agustin_sg', 'http://about.me/agustin_sg']",twitter,agu69,agustn,"me encanta la fantasía y la ciencia ficción, el basket, apple, tesla y la tecnología en general.",madrid,,agustinsg,agu69
2873,15153,0.9954128440366973,MATCH,AUTO_HIGH,0,candidate,full,twitter,mediamaniak,antonio giannella,"seo e search marketing expert, advertising campaign management, web marketing consultant. qualified google business partner.",milan,antoniogiannella.com,googleplus,antonioaraya,antonio araya,un tipo simptico duocuc publicidad pedidosya head of seo media interactive inteligencia digital cardumen director de performance digital icrossing search & media manager icrossing seo manager wallaby group seo manager wallaby group seo planner steward asistente de marketing,,"['http://twitter.com/antonioaraya', 'http://www.linkedin.com/in/antonioaraya', 'http://www.facebook.com/antonioaraya', 'https://foursquare.com/antonioaraya', 'http://www.lastfm.es/user/antonio-araya', 'http://www.flickr.com/people/antonioaraya/', 'http://www.antonioaraya.com']",agiannella,antonioaraya
2799,17388,0.9954128440366973,MATCH,AUTO_HIGH,0,candidate,full,twitter,abbydonkrafts,chris fannin,"software engineer; pc/steam gamer (abbydonprime); fan of the 80s (see cover); libertarian; empirical agnostic, but forgwinnett","lawrenceville, ga",about.me/abbydonkrafts,googleplus,christianpizzirani,christian pizzirani,"filmmaker, actor, geek, and goofball keene state college university of wolverhampton addgene software engineer akamai technologies senior application developer propel marketing software engineer appropriate solutions inc. software developer",,"['http://twitter.com/brunojohn', 'http://www.flickr.com/people/remfan/', 'http://www.ovationpictures.com', 'https://vimeo.com/ovationpictures']",abbydonkrafts,christianp
2793,33067,0.9954128440366973,MATCH,AUTO_HIGH,0,candidate,full,twitter,aatski,adriaan verstijnen,"i am; photographer, dop, art director and graphic designer with a twist.",amsterdam,about.me/aatski,instagram,scriptyweb,adrian aghinitei,"graphic designer from bucharest. i love design, the web, mountain biking, formula 1, music and macs.",,http://www.scriptyweb.com,aatski,scripty
2785,13668,0.9954128440366973,MATCH,AUTO_HIGH,0,candidate,full,twitter,bloodshot23,aaron campbell,"freelance photographer & designer based in northeastern pennsylvania. son, brother, uncle, non-affiliated progressive, friend to the environment, music lover.",nepa,aaroncampbell.me,googleplus,aaron,aaron,"geek, it tech, scouter in plymouth and student at ucp marjon studying outdoor adventure. bloomsburg university of pennsylvania journalism speak social director of writing makeshift productions head writer austin telco fcu marketing director",,"['http://twitter.com/AzzyChill', 'http://youtube.com/azzychill']",aaroncampbell,aaronphil
2551,30345,0.9954128440366973,MATCH,AUTO_HIGH,0,candidate,full,instagram,scarletortiz,scarlet ortiz,"consultoría y formación de social media, marketing y publicidad. coordiné el twittdo, embajadora de y",,http://about.me/scarletortiz,googleplus,scarmartn,scar martn,socialmedia&music lover ces cardenal spnola ceu e.f. enredan social media strategist,,"['http://twitter.com/oscarsvq', 'http://es.linkedin.com/in/oscarmartinmkt', 'http://www.facebook.com/OscarSVQMKT', 'http://klout.com/#/OscarSVQ', 'http://www.oscarsvq.com', 'http://www.looplay.com', 'http://www.talentalo.com', 'http://www.oscarsvq.com', 'http://en.oscarsvq.com', 'http://quiromasajistasevilla.wordpress.com/']",scarletortiz,oscarsvq
2546,13428,0.9954128440366973,MATCH,AUTO_HIGH,0,candidate,full,googleplus,marcofrattola,marco frattola,"un giorno saremo tutti diversamente migliori isii g.marconi, piacenza perito in elettronica industriale",,"['http://www.sbarrax.it/freelabs', 'http://picasaweb.google.com/Marco.Frattola', 'http://twitter.com/marcofrattola', 'http://www.quora.com/marco-frattola', 'http://www.flickr.com/people/sbarrax/', 'http://www.linkedin.com/in/sbarrax', 'http://www.google.com/reader/shared/Marco.Frattola', 'http://twitter.com/sbarrax', 'http://about.me/sbarrax', 'http://caldiga.blogspot.com/', 'http://codognoalvoto2011.blogspot.com/', 'http://massaie-scs.blogspot.com/', 'http://sbarrax.blogspot.com/', 'http://pranzarealodi.blogspot.com/', 'http://lodiconmarino.blogspot.com/', 'http://insiemenelterritorio.blogspot.com/', 'http://maniglione.blogspot.com/', 'http://sbarrax.it', 'http://friendfeed.com/sbarrax', 'http://sbarrax.tumblr.com', 'http://www.delicious.com/sbarrax', 'http://openid.claimid.com/sbarrax', 'http://facebook.com/sbarrax']",instagram,vonkreutz,marco,"born near venice, adopted by rome, photographer, musician, tech addicted, roleplayer, eternal dreamer.",,https://www.facebook.com/VonKreutzPhoto,sbarrax,vonkreutz
21263,32149,0.9954128440366973,MATCH,AUTO_HIGH,0,candidate,full,twitter,georgeadria,george adria,"tree hugger, sky lover, digital surfer",jakarta,george.sevenbox.net,instagram,georgiawebgurl,robin,"web tinker ± artist life traveler: brick ± nature: surf, sky, mountains. yoga ± run ± sup ± snowboard. libraries ± tech ± art ...",,http://www.facebook.com/contentdivergent,georgeadria,robinfay
20726,27606,0.9954128440366973,MATCH,AUTO_HIGH,0,candidate,full,twitter,foodnouveau,marie asselin,"freelance writer, translator, stylist, recipe developer / 1st cookbook: spring 2018, / teacher:","québec, canada",foodnouveau.com,googleplus,mariarti,mari arti,freelance web/graphic designer based in ukraine olympic weightlifting addict childfree carnivore web designer,,['http://www.mariarti.com'],foodnouveau,mariarti
20725,27668,0.9954128440366973,MATCH,AUTO_HIGH,0,candidate,full,instagram,foodnouveau,marie asselin,"food writer, translator, stylist, and recipe developer. glowing_star : 2016 saveur awards finalist house_with_garden : québec city speech_balloon : foodnouveau.com backhand_index_pointing_down_medium-light_skin_tone current favorite treat backhand_index_pointing_down_medium-light_skin_tone",,http://foodnouveau.com/recipes/desserts/pastry/pumpkin-madeleines/,twitter,marisa_sabatini,marisa sabatini,"make your own parameter, just be yourself. ii love isn't logical as you think. feel with your heart, so your life more fun and colorful.",bandung,,foodnouveau,marisasabatini
20699,34080,0.9954128440366973,MATCH,AUTO_HIGH,0,candidate,full,twitter,flyzipper,steve mishos,play=lift.sound.volleyball.yoga work=architect.collaboration.ecm.tech life=cerebral.curious.divergent.polite love=,waterloo,flyzipper.com,googleplus,stevencullifer,steve c,,,"['http://picasaweb.google.com/scullifer2000', 'http://www.blogger.com/profile/16992063741323214003', 'http://www.google.com/reader/shared/scullifer2000', 'http://twitter.com/scullifer', 'http://aif.com', 'http://TallahasseeChess.com']",flyzipper,StevenCullifer
23076,27305,0.9954128440366973,MATCH,AUTO_HIGH,0,candidate,full,googleplus,jamesmcknight,james mcknight,,,,twitter,tokyodream,james kim,쉬운 길로 가지 마라!,tokyo of japan,about.me/makarios,jamesmcknight,makarios
22779,22787,0.9954128440366973,MATCH,AUTO_HIGH,0,candidate,full,googleplus,isaacmontemayor,isaac montemayor,illustrator udem ldg freelance illustrator & ui/ux designer hola parasol! colectivolabs associate bendrcorp art director,,"['http://cargocollective.com/holaparasol', 'http://dribbble.com/isaac317/', 'http://twitter.com/isaac317', 'http://bendrcorp.com/317', 'http://isaac317.tumblr.com/', 'http://zouchmagazine.com/author/isaac']",twitter,isaacsmith,isaac smith,"designer ux/ui, treina mma e toca contra-baixo","maceió, alagoas - brasil",2i9.com.br,isaacmontemayor,isaacsmith
22779,22786,0.9954128440366973,MATCH,AUTO_HIGH,0,candidate,full,googleplus,isaacmontemayor,isaac montemayor,illustrator udem ldg freelance illustrator & ui/ux designer hola parasol! colectivolabs associate bendrcorp art director,,"['http://cargocollective.com/holaparasol', 'http://dribbble.com/isaac317/', 'http://twitter.com/isaac317', 'http://bendrcorp.com/317', 'http://isaac317.tumblr.com/', 'http://zouchmagazine.com/author/isaac']",instagram,isaacsmith,isaac smith,"projetos e operações no meio digital, designer ux/ui, e nas horas vagas toca contra-baixo e treina jiu jitsu/submission nerd_face guitar desktop_computer Japanese_bargain_button",,http://www.2i9.com.br,isaacmontemayor,isaacsmith
22705,35685,0.9954128440366973,MATCH,AUTO_HIGH,0,candidate,full,instagram,inlovewithnow,vanessa po,,,http://www.twitter.com/inlovewithnow,googleplus,vanessaramirez,vanessa ramirez,"i am the dead shark. university of california, berkeley electrical engineering and computer science google software engineer evidant corporation software engineer",,"['http://vanessaramirez.blogspot.com/', 'http://www.blogger.com/profile/02381788758819085433', 'http://www.flickr.com/photos/vanessaramirez/', 'https://twitter.com/#!/vanessa_ramirez', 'http://pulse.yahoo.com/_M3MJIGYFU6FT7VK2ZDPZWOR224', 'http://www.about.me/vanessaramirez', 'http://ramirezsketches.tumblr.com']",inlovewithnow,vanessaramirez
22667,23283,0.9954128440366973,MATCH,AUTO_HIGH,0,candidate,full,twitter,impureacts,jason mitchell,visceral visuals and such,sf ca,jasonmitchell.org,googleplus,jasonlloyd,jason lloyd,wedding photographer in cheshire and north wales keycom plc programme manager,,"['http://jasonlloyd.co.uk/', 'http://www.flickr.com/jaselloyd', 'http://twitter.com/jasonmarklloyd', 'http://about.me/jasonlloyd', 'http://www.youtube.com/user/jm11oyd', 'http://jasonlloyd.co.uk', 'http://jasonlloyd.co.uk', 'http://www.marielloydphotography.co.uk/author/jason/', 'http://www.mediaforceuk.com/', 'http://www.marielloydphotography.co.uk/']",impureacts,jasonlloyd
22414,28374,0.9954128440366973,MATCH,AUTO_HIGH,0,candidate,full,instagram,1lx,alex,"be cool, be nice, and be you!",,http://lorddy.com,googleplus,alexandermekhovov,alex mekhovov,"ruby on rails developer dnipropetrovsk national university speciality: finances department: economics qualification: economist graduation: specialis dnipropetrovsk national university speciality: computer systems and networks department: radiophysics qualification: system engineer graduation: specialist dnipropetrovsk lyceum of information technologies coupa sr. software engineer softserve ruby on rails developer isd autotest programmer dialog ltd system administrator factory elsta system administrator computer club ""virus"" system administrator seolytics",,"['http://about.me/mekhovov', 'http://ua.linkedin.com/in/mekhovov', 'http://www.facebook.com/mekhovov', 'http://www.twitter.com/Mekhovov', 'http://picasaweb.google.com/Alex.Mehovov', 'http://www.google.com/reader/atom/user%2F11461368412425521707%2Flabel%2FRuby%20on%20Rails%20RSS', 'http://www.google.com/reader/shared/11461368412425521707', 'https://github.com/mekhovov', 'http://www.behance.net/mekhovov', 'http://www.box.net/shared/dxinqqt5x1', 'http://www.lastfm.com/user/Dark_Alexx', 'http://www.foursquare.com/user/10754227', 'http://vkontakte.ru/id6766731', 'http://ru.gravatar.com/mekhovov', 'http://www.slideshare.net/mekhovov']",iAlex,mekhovov
22401,22592,0.9954128440366973,MATCH,AUTO_HIGH,0,candidate,full,googleplus,abdullahrabia,abdullah rabia,,,,twitter,ihakkim,abdul hakkim,realtor seo smo foursquare fsqsu2 food travel automobile socialmedia,india,travelpuls.com,iAbdulla,ihakkim
22401,22591,0.9954128440366973,MATCH,AUTO_HIGH,0,candidate,full,googleplus,abdullahrabia,abdullah rabia,,,,instagram,ihakkim,abdul hakkim,realtor internet marketing search engine optimization web designing services,,http://IndexRise.com,iAbdulla,ihakkim
22004,30729,0.9954128440366973,MATCH,AUTO_HIGH,0,candidate,full,twitter,harvest316,paul harvey,,"sydney, australia",paulharvey.com.au,googleplus,paulharvey3,paul harvey,"believe it or not, it's just me. west philadelphia catholic high school northeastern university computer science northeast security operations manager united secutity, inc. site manager securamerica security representative american citadel guard security associate aeropoint security enterprises manager of support services alliedbarton security roving account manager ssi quality control manager raytheon company site security associate northeast security account manager eastern security night operations strawbridge & clothier loss prevention universal business machines shipping & receiving",,"['http://twitter.com/paulrharvey3', 'https://trakt.tv/user/paulrharvey3', 'http://www.goodreads.com/user/show/1090846', 'http://www.last.fm/user/paulrharvey3/', 'http://www.linkedin.com/in/paulrharvey3', 'http://www.quora.com/paul-harvey-1', 'http://paulrharvey3.yelp.com', 'http://picasaweb.google.com/paulrharvey3', 'http://www.flickr.com/people/paulrharvey3/', 'http://paulrharvey3.blogspot.com/', 'http://www.blogger.com/profile/03929375338870227120', 'http://about.me/paulrharvey3']",harvest316,paulrharvey3
22003,30729,0.9954128440366973,MATCH,AUTO_HIGH,0,candidate,full,instagram,harvest316,paul harvey,,,http://PaulHarvey.com.au,googleplus,paulharvey3,paul harvey,"believe it or not, it's just me. west philadelphia catholic high school northeastern university computer science northeast security operations manager united secutity, inc. site manager securamerica security representative american citadel guard security associate aeropoint security enterprises manager of support services alliedbarton security roving account manager ssi quality control manager raytheon company site security associate northeast security account manager eastern security night operations strawbridge & clothier loss prevention universal business machines shipping & receiving",,"['http://twitter.com/paulrharvey3', 'https://trakt.tv/user/paulrharvey3', 'http://www.goodreads.com/user/show/1090846', 'http://www.last.fm/user/paulrharvey3/', 'http://www.linkedin.com/in/paulrharvey3', 'http://www.quora.com/paul-harvey-1', 'http://paulrharvey3.yelp.com', 'http://picasaweb.google.com/paulrharvey3', 'http://www.flickr.com/people/paulrharvey3/', 'http://paulrharvey3.blogspot.com/', 'http://www.blogger.com/profile/03929375338870227120', 'http://about.me/paulrharvey3']",harvest316,paulrharvey3
21821,22785,0.9954128440366973,MATCH,AUTO_HIGH,0,candidate,full,twitter,guyu2711,isaac,driverlesscar/adas,beijing,about.me/guyu2711,googleplus,isaacsmith,isaac smith,mba em marketing estratgico e publicidade pela business scholl/maurcio de nassau fat-al fundao bradesco 2i9 multiagncia diretor de arte e designer,,"['http://i-interativo.blogspot.com/', 'http://www.isaacsmith.com.br', 'http://www.2i9.com.br']",guyu2711,isaacsmith
21754,32957,0.9954128440366973,MATCH,AUTO_HIGH,0,candidate,full,instagram,gmeeder,guillermo meeder,"flotando por la virtualidad de internet y la realidad de la vida, ubicable en twitter ( ) o line.",,http://about.me/guillermomeeder,twitter,schiavini,guilherme marafon,"a vida resumida em vidyagaems. e um pouquinho de social também, neah.",curitiba - paraná - brazil,about.me/Schiavini,guillermomeeder,schiavini
21584,24615,0.9954128440366973,MATCH,AUTO_HIGH,0,candidate,full,twitter,gorgues,jorge len,"no se trata de ser mejor que otra persona, se trata de ser mejor de lo que eras ayer",en madrid pero de ronda,instagr.am/gorgues,googleplus,jorgelen,jorge len,"ing. en computacin, geek, fundador y organizador del refresh maracaibo, amante de los gadgets y la tecnologa, entusiasta de la web 2.0, freak de internet. universidad rafael urdaneta ingeniera en computacin electronic communications, c.a. presidente grupo marmoca coordinador de marketing electrnico",,"['http://twitter.com/jorgeleon', 'http://www.flickr.com/people/jorgeleon84/', 'http://about.me/jorgeleonbaez']",gorgue,jorgeleonbaez
21450,25700,0.9954128440366973,MATCH,AUTO_HIGH,0,candidate,full,googleplus,kevindanielgiraud,kevin daniel giraud,,,"['http://twitter.com/KDG88', 'http://www.facebook.com/GiraudKD', 'http://ar.linkedin.com/pub/kevin-giraud/18/831/a66', 'http://profile.live.com/cid-29893a010e8eaa90', 'http://www.youtube.com/user/MegaKDG88']",twitter,crackmac,kevin duane,"engineering solutions at disney with docker, kubernetes and stuff.",los angeles,about.me/kevinduane,GiraudKD,kevinduane
21380,25617,0.9954128440366973,MATCH,AUTO_HIGH,0,candidate,full,twitter,giants5go5go5,kenta kato,きのこのまち福岡県三潴郡大木町在住。住設メーカー勤務。 npoソムリエだったりスイーツ男子だったりおいしいとこめぐったり。, ,about.me/giants5go5go5,googleplus,kenekaplan,ken kaplan,"editor-at-large at iq by intel. technology news, family, italy, san francisco. vintage high school, napa, ca california state university, chico intel corporation broadcast & new media kron-tv publicist san francisco convention and visitor's bureau media relations intern",,"['http://pulse.yahoo.com/voltarkk', 'http://www.youtube.com/k4karma', 'http://kenekaplan/tumblr.com', 'http://www.flickr.com/photos/voltarkk', 'http://www.scoop.it/t/movin-ahead', 'http://twitter.com/kenekaplan', 'http://kenekaplan.yelp.com', 'http://www.linkedin.com/in/kenekaplan', 'http://pulse.yahoo.com/_AGXBZZNQXVGBYRLI6FSVAPZZQU', 'http://www.kenekaplan.com', 'http://intelfreepress.com', 'http://iq.intel.com', 'http://intelfreepress.com', 'http://www.flickr.com/photos/IntelFreePress', 'http://www.youtube.com/IntelFreePress', 'http://iq.intel.com']",giants5go5go5,kenekaplan
3094,21335,0.9954128440366973,MATCH,AUTO_HIGH,0,candidate,full,googleplus,andreacosta,andrea costa,"my thoughts are images, images are my words stone digital creative director wakanto managing director",,"['http://www.facebook.com/pages/Andrea-Costa-Photography/129702643721004', 'http://www.flickr.com/photos/ac_theart/', 'http://andreacostatheart.blogspot.com/', 'http://it.linkedin.com/in/costaandreart', 'http://twitter.com/AndreaCosta_ART', 'http://www.andreacosta.name']",twitter,germer,andrew germer,"marketing director entrepreneur electronic musician & dj yogi , fan thoughts here are mine alone","portland, or",SoundCloud.com/Germer,andreacosta,germer
23552,33210,0.9954128440366973,MATCH,AUTO_HIGH,0,candidate,full,twitter,jects,sergio caggianelli,"illustratore, blogger, web editor presso reallife television",milan,jects.blogspot.it,googleplus,sergiopellico,sergio pellico,"realizo / grabo / edito / sonorizo universidad complutense de madrid comunicacin audiovisual video bodas madrid freelance realizo/grabo/edito/sonorizo momenta bodas responsable tcnico. operador de cmara, editor video/audio freelance el ojo mecanico operador de cmara, editor video/audio freelance storylinesprojects editor vdeo/audio freelance beat music tcnico de sonido freelance santacc editor vdeo/audio freelance universal music spain editor vdeo/audio freelance coolshot films editor vdeo/audio freelance photoevento operador de cmara, editor video/audio freelance consejera de educacin, juventud y deporte de la comunidad de madrid operador de cmara, editor video/audio freelance once s.b.o tcnico de sonido parque temtico warner tcnico especialista de escenario musigrama tcnico de sonido radio espaa. top radio 97.2 tcnico de sonido transitions optical realizador",,"['http://about.me/sergiopellico', 'http://www.linkedin.com/in/sergiopellico', 'https://vimeo.com/sergiopellico', 'http://instagram.com/sergiopellico?ref=badge', 'http://twitter.com/sergiopellico', 'http://www.youtube.com/user/SergioPellico', 'http://sergiopellico.blogspot.com.es/p/boda-es-un-servicio-especializado-en-v.html', 'http://sergiopellico.blogspot.com.es', 'http://www.momentabodas.es/', 'http://www.ojomecanico.com/']",jects,sergiopellico
167,883,0.9954128440366973,MATCH,AUTO_HIGH,0,candidate,full,googleplus,marcusdagestad,marcus dagestad,,,,twitter,marcyves,marc augier,"marc augier est consultant et professeur. spécialiste digital, pédagogie, technologies éducatives et révolution numérique …",sophia antipolis,xdm-consulting.fr,biermannproduction,marcaugier
2450,27766,0.9954128440366973,MATCH,AUTO_HIGH,0,candidate,full,googleplus,marcelprenz,marcel prenz,,,,instagram,markocular,,,,,prenzmarcel,markocular
2369,3802,0.9954128440366973,MATCH,AUTO_HIGH,0,candidate,full,instagram,bonesmurones,chris murone,,,,googleplus,christinehueber2,christine hueber,"do you have your copy of my free report yet? get ""top 10 linkedin profile success secrets"" now at christinehueber.com uc san diego communications/german literature georg-august universitaet, goettingen german literature universitaet salzburg, austria communications uc berkeley mba prerequisites college for financial planning foundations series 7 & 63 ca life & disability insurance license alliance francaise, paris french christinehueber.com...more clients made easy! ceo kpmg marketing citigroup banking & financial services marketing & sales charles schwab financial services marketing & sales envision properties principal",,"['http://www.linkedin.com/in/ChristineHueber', 'http://www.FaceBook.com/ChristineEHueber', 'http://twitter.com/cehueber', 'http://www.plaxo.com/profile/showPublic', 'http://youtube.com/user/ChristineHueber', 'http://www.quora.com/christine-e-hueber', 'http://twitter.com/CEHueber', 'http://christinehueber.yelp.com', 'http://pulse.yahoo.com/_JAMXUWUJ6BARFQW5HCUAFF3BZQ', 'http://www.youtube.com/user/ChristineHueber', 'http://christinehueber.com/blog', 'http://www.christinehueber.com/']",murone,christinehueber
2303,29075,0.9954128440366973,MATCH,AUTO_HIGH,0,candidate,full,instagram,marccooper,marc cooper,"photos, so many photos.",,http://marccooper.photography/,twitter,markko97,markkomarcel jarron,photos,paris,hanslucas.com/mjarron/photo,marccooper,mjarron
2290,19253,0.9954128440366973,MATCH,AUTO_HIGH,0,candidate,full,googleplus,miguelangelmaccdata,miguel angel,"aun en el tiempo ido, aun en el recuerdo profundo, solo se que entendias mi forma de amar, aun persisto en buscarte, aun recuerdo la forma de amarte pero no he podido amar de la forma que tu entendias, ahora solo puedo intentar amar la forma como te ame. donde estas? uc berkeley hackbright academy vp strategic partnerships women 2.0 editor-in-chief, board member & co-founder bay area girl geek dinners founder",,['http://maccdatax.blogspot.com/'],twitter,doctormago,miguel a garca,"médico, me interesa la sociedad, la comunicación y la política. vivo en la prov. de san juan. argentina.","san juan, argentina",about.me/doctormago,maccdata,doctormago
2257,33978,0.9954128440366973,MATCH,AUTO_HIGH,0,candidate,full,instagram,stephenleeathome,stephen lee,,,,googleplus,stephenlee,stephen lee,,,,leestephen,StephenALee
2213,16685,0.9954128440366973,MATCH,AUTO_HIGH,0,candidate,full,instagram,milyflowers,cami,"soy como un arcoiris, como dice esa de los rolling stones. rollito de canela de mario green_heart woman_and_man_holding_hands . tengo fotos bonitas en flickr, pase a mirar.",,http://www.flickr.com/photos/camila-rojas,twitter,iamcamiila,camila ignacia,"cm y diseño; una mezcla perfecta, así como el queso y el salame.","arica, chile",camilaignacia.cl,kimirojasesparza,camilaignacia
2209,5858,0.9954128440366973,MATCH,AUTO_HIGH,0,candidate,full,instagram,abitcoquettish,kimberly y,new ig:,,http://kimberlypearl.co,googleplus,kimberlyreyeskimerama,kimberly reyes,columbia university lehigh university sfsu,,"['http://www.youtube.com/watch?v=jbK8UfalSEQ', 'https://instagram.com/kimerama/']",kimberlyyang,kimerama
2179,25929,0.9954128440366973,MATCH,AUTO_HIGH,0,candidate,full,instagram,kamelj,kamel jazmati,"software engineer laptop passionate for programming, computers, technology, web, design, coffee, sport, basketball, gamer photos make memories",,http://kamelj.com,googleplus,kameronkitajima,kameron kitajimakimbrel,"born again meat eater, social media/marketing specalist antioch college international relations and peace study rivier college ms computer science microsoft software engineer imhotep interactive owner, partner dell software engineer kadient architect compuware numega lab software engineer",,"['http://corp.klout.com/blog/', 'http://www.onemedical.com/blog']",KamelJazmati,kkitajima
2136,5519,0.9954128440366973,MATCH,AUTO_HIGH,0,candidate,full,googleplus,johnevangelidis,john evangelidis,ceo at starsystem productions // music composer/producer // internet enterprauner middlesex university 3d animation akmi music technology sfera radio ceo starsystem productions ceo,,"['http://www.twitter.com/jiannimusic', 'http://www.facebook.com/jiannimusic', 'http://www.myspace.com/johnevangelidis', 'http://twitter.com/djjianni']",twitter,floyduk,john arnold,blogger at . video tutorial producer at . podcaster at and .,"sandbach, cheshire, uk",about.me/johnarnold,jianni,johnarnold
23415,23419,0.9954128440366973,MATCH,AUTO_HIGH,0,candidate,full,googleplus,jaredjohnson84,jay johnson,your friendly neighborhood mad scientist. by appointment only. st mary's springs high school university of wisconsin-oshkosh art education korea international school educational technology specialist roxby downs area school art teacher waupaca school district technology integrator,,['https://johnson.wtf'],instagram,jayjohnsonmlp,jay johnson,owner / muscle lab performance small_blue_diamond fitness trainer small_blue_diamond custom nutrition/workout coach small_blue_diamond 5x best of the city award winner backhand_index_pointing_down 8 week challenge info backhand_index_pointing_down,,http://jayjohnsonmlp.com/new-mlp-8-week-challenges/,jayjohnson,jayjohnsonmlp
23350,23361,0.9954128440366973,MATCH,AUTO_HIGH,0,candidate,full,instagram,javiercostacom,javier costa del gallo,"consultor ux y director de arte , nací en 1975 madrid, vivo en colmenar viejo, fotografía, el baloncesto, la gastronomía y viajar.",,http://www.javiercosta.com,googleplus,javiersnchez,javier snchez,"fotgrafo y videgrafo escuela de arte de murcia fotografa artstica upct arquitectura tcnica ies miguel de cervantes, ies alfonso x ""el sabio"" (murcia) fp2 desarrollo y aplicacin de proyectos de construccin. cp luis costa (murcia), cp santiago (totana). fotgrafo",,"['http://picasaweb.google.com/franciscojaviersancheznavarro', 'http://instantdcisivo.blogspot.com/', 'http://javifotografia.blogspot.com/']",javiercostacom,javiersanchez
23316,32926,0.9954128440366973,MATCH,AUTO_HIGH,0,candidate,full,googleplus,jasonstanley,jason stanley,"american citizen, born in iceland and living in the uk. graphic designer by trade... university of lincoln graphic design & illustration grey matter graphic designer",,"['http://iphone365project.tumblr.com/', 'http://twitter.com/JasonWStanley', 'http://www.flickr.com/photos/92215392@N00/', 'http://www.google.com/reader/shared/jasonwilliamstanley', 'http://www.youtube.com/user/duskj79', 'http://www.jasonwstanley.tumblr.com', 'http://www.google.com/url?q=http%3A%2F%2Fdesign.tutsplus.com&sa=D&sntz=1&usg=AFQjCNH9zu6jmVbiKEaBLM-qEZq-SJ6PYg', 'http://creativejuus.com', 'http://cheddar79.newgrounds.com/', 'http://cheddar79.deviantart.com/']",instagram,5c4r3834r,jason,"terrible guitar player, amateur photographer, wannabe writer, semi-professional blogger and occasional graphic/web designer. guitar willhashtagforwork",,http://www.scarebear.rocks,jasonwstanley,scarebear
23250,32926,0.9954128440366973,MATCH,AUTO_HIGH,0,candidate,full,googleplus,jasondupuisjayzzzon,jason dupuis,gestionnaire de communaut web cowboy du farweb paja communications et paja couturier en design d'intrieur prsident gong communications gestionnaire de communaut web cibl 101.5 fm chroniqueur au 4 6 la vitrine culturelle blogueur musique,,"['http://about.me/jasondupuis', 'http://www.linkedin.com/in/jasondupuis', 'http://www.twitter.com/jasondupuis', 'http://www.facebook.com/jasondupuis', 'https://www.facebook.com/Paja.Couturier', 'http://www.twitter.com/pajacouturier', 'http://vimeo.com/user7515244', 'http://www.pinterest.com/jasondupuis/', 'http://instagram.com/jasondupuis', 'http://www.paja.ca', 'http://www.pajacommunications.com']",instagram,5c4r3834r,jason,"terrible guitar player, amateur photographer, wannabe writer, semi-professional blogger and occasional graphic/web designer. guitar willhashtagforwork",,http://www.scarebear.rocks,jasondupuis,scarebear
23086,23130,0.9954128440366973,MATCH,AUTO_HIGH,0,candidate,full,instagram,jameybrown,jamesongbrown,"managing editor, comicbook.com, formers: uproxx.com, thescriptlab.com & likeable media",,http://twitter.com/JamesonGBrown,googleplus,jamieyounghere,jamie young,writer editor snarkster middle tennessee state university mass communications: digital media & journalism appadvice.com senior writer appadvice.com editor in chief,,"['http://about.me/jamieyoung', 'http://twitter.com/atjamie', 'http://www.linkedin.com/in/jamieyoung1', 'https://www.facebook.com/itsjamieyoung', 'http://atjamie.com', 'http://appadvice.com/appnn/author/jamie', 'http://medium.com/@atjamie', 'http://thedock.tv', 'http://itunes.apple.com/us/podcast/the-dock-podcast/id478228259', 'http://atjamie.wix.com/jamieyoung']",JamesonGBrown,jamieyoung
24744,24784,0.9954128440366973,MATCH,AUTO_HIGH,0,candidate,full,googleplus,joshuagriffin1984,joshua griffin,"love helping people, love computers, love music, love photography mtsu computer information systems devdigital project manager creative boro owner",,"['http://twitter.com/joshplague', 'http://about.me/joshgriffin', 'http://www.flickr.com/people/misterplague/', 'http://pinterest.com/joshplague/', 'http://instagram.com/joshplague']",instagram,joshuahor,joshua hor,photographer. geek. technophile. world traveller. i love lamp.,,http://about.me/joshuahor,joshgriffin,joshuahor
2121,22890,0.9954128440366973,MATCH,AUTO_HIGH,0,candidate,full,instagram,jen_eration_x,jennifer,social media and marketing strategist. instagram alter egos: and also into: streetphotography sunsets lajolla pugs,,http://www.jenniferfoxarmour.com,googleplus,jenniferabi-jaber,jennifer abijaber,"digital addict uc berkeley extension, contra costa college, oit, klamath falls, american river college self social media manager self blogger self wordpress web design self employed publisher, elegance digital magazine",,['http://www.miss-takes.com'],jenniferfoxarmour,jabijaber
2086,7951,0.9954128440366973,MATCH,AUTO_HIGH,0,candidate,full,googleplus,jasonboothe,jason boothe,,,,twitter,smallaxe,jason hatchett,"humboldt surfrider, streaming media technician/evangelist, deadhead, lifelong musician. jason hatchett",behind the redwood curtain,jasonhatchett.brandyourself.com,jasonboothe,smallaxe
1968,20479,0.9954128440366973,MATCH,AUTO_HIGH,0,candidate,full,googleplus,franciscapote,francis capote,ies ngel de saavedra realizacin de audiovisuales y espectculos ies vicente nez eso y logse artistic photographer photographer,,"['http://franciscapote.com', 'http://twitter.com/franciscapote', 'https://www.flickr.com/photos/franciscapote/', 'https://www.facebook.com/pages/Francis-Capote-Freelance-Photographer/137453809633031', 'http://www.pinterest.com/franciscapote', 'http://about.me/franciscapote', 'http://franciscapote.deviantart.com/gallery', 'http://www.fotocommunity.es/fotografo/francis-capote/1345049', 'https://500px.com/franciscapote', 'https://www.linkedin.com/profile/view?id=235648468', 'http://franciscapote.com']",instagram,corto44,francois badns,,,http://www.lafabriqueduchangement.fr,franciscapote,fbadenes
1961,17381,0.9954128440366973,MATCH,AUTO_HIGH,0,candidate,full,instagram,wordsnpixchic,christina b,,,,twitter,gizmomogwai,christian kstlin,,munich,,finearttravelphotographer,christiankoestlin
1956,27262,0.9954128440366973,MATCH,AUTO_HIGH,0,candidate,full,googleplus,fernandocebolla,fernando cebolla,"fotografas del mundo (polidaschamineras.blogspot.com.es/). descubrimos lugares inimaginables. liceo europa universidad de zaragoza social media calling ceo y social media manager social media manager, marketing online fcpsocialmedia ceo, social media manager",,"['http://polidaschamineras.blogspot.com/', 'http://fernandocebolla.wordpress.com/', 'http://polidaschamineras.blogspot.com/', 'http://fernandocebolla.wordpress.com/', 'http://fernandocebolla.wordpress.com/', 'https://twitter.com/nanocp08', 'http://www.facebook.com/pages/Polidas-chamineras/213691572056810', 'http://es.linkedin.com/pub/fernando-cebolla-pola/2a/b64/b8a', 'http://www.flickr.com/photos/pchamineras/', 'http://pchamineras.tumblr.com/', 'http://pinterest.com/pchamineras/', 'http://500px.com/PolidasChamineras']",instagram,mafesar0,fernanda salazar,"pushpin trabajo en el mundo del social media y travel marketing camera_with_flash tengo un blog en donde cuento historias sobre lo que siento, veo y creo palm_tree vivo en cancún",,http://mafesaro.com,fernandocebolla,mafesaro
1956,27100,0.9954128440366973,MATCH,AUTO_HIGH,0,candidate,full,googleplus,fernandocebolla,fernando cebolla,"fotografas del mundo (polidaschamineras.blogspot.com.es/). descubrimos lugares inimaginables. liceo europa universidad de zaragoza social media calling ceo y social media manager social media manager, marketing online fcpsocialmedia ceo, social media manager",,"['http://polidaschamineras.blogspot.com/', 'http://fernandocebolla.wordpress.com/', 'http://polidaschamineras.blogspot.com/', 'http://fernandocebolla.wordpress.com/', 'http://fernandocebolla.wordpress.com/', 'https://twitter.com/nanocp08', 'http://www.facebook.com/pages/Polidas-chamineras/213691572056810', 'http://es.linkedin.com/pub/fernando-cebolla-pola/2a/b64/b8a', 'http://www.flickr.com/photos/pchamineras/', 'http://pchamineras.tumblr.com/', 'http://pinterest.com/pchamineras/', 'http://500px.com/PolidasChamineras']",instagram,fernandezdelcampo,luis fernandez del campo,"consultor social media, viajero, ciudadano 2.0 y politico 2.0. enganchado en redes sociales a las personas. pasión por viajes y turismo.",,http://www.fernandezdelcampo.es,fernandocebolla,luisfernandez
1928,20291,0.9954128440366973,MATCH,AUTO_HIGH,0,candidate,full,googleplus,eugenenikiforov,eugene nikiforov,"ecommerce mover and rangefinder junkie, looking at life at f0.95 likeminders ceo quantum art board member merchantry inc. co-founder ixtens inc. co-founder",,"['http://picasaweb.google.com/eugene.nikiforov', 'http://www.flickr.com/photos/jev/', 'http://twitter.com/jevvi', 'http://www.linkedin.com/in/eugenenikiforov', 'http://www.artq.com/', 'http://gmail.com']",twitter,healtheugene,eugene borukhovich,"global head, digitalhealth incubation & innovation ,co-founder , health 2.0 nyc & ams & dus, husband, father to 2 gr8 girls. views my own!","düsseldorf, germany",HealthEugene.com,eugenenikiforov,eugeneb
1927,18210,0.9954128440366973,MATCH,AUTO_HIGH,0,candidate,full,instagram,escoti9,daniel aguilera escoti9,"cofundador de turieco, turipano360 - agencia de marketing online y veendor, la tienda online del pequeño comercio.",,http://www.turipano360.com,googleplus,danielcceresplus,daniel cceres,periodista / journalist universidad de los andes - tchira licenciado en comunicacin social universidad central de venezuela locucin comercial agencia de noticias de venezuela noticiasvenezolanas.com owner escribiendo.net factora de ideas owner,,,escoti9,danielcaceres
1901,6248,0.9954128440366973,MATCH,AUTO_HIGH,0,candidate,full,instagram,ejote,marcos,,,,googleplus,marcoseduardoacosta,marcos a,,,"['http://digg.com/users/maedac', 'http://www.facebook.com/maedac']",Ejote,maedac
24284,24318,0.9954128440366973,MATCH,AUTO_HIGH,0,candidate,full,twitter,joelo,joe,"a dad, husband, fintech guy, musician, hockey goalie, and photographer living in port moody, bc","49.290965,-122.881261",chicgeekphoto.ca,googleplus,joetehsg,joe teh,"visit for technology news, tips and tricks, snapchat: joeteh blogger, free lance photographer",,"['http://www.flickr.com/photos/joeteh/', 'http://www.facebook.com/joeteh', 'http://twitter.com/joeteh', 'http://www.myspace.com/joeteh', 'http://www.linkedin.com/in/joeteh', 'http://www.techielobang.com/blog']",joelo,joeteh
24184,25886,0.9954128440366973,MATCH,AUTO_HIGH,0,candidate,full,instagram,jo3sh,josh medina,e-marketing @donaldsonlatam partner mx & fellow & student ynwa,,http://digitalimpactschool.com,twitter,kingjn,joseph king,"intl development scholar, photographter, pianist, reader, camper, sailor, traveler. grad student. managing fellow - conflict and development fdtn.","college station, tx",about.me/kingjn,jo3sh,kingjn
24042,35240,0.9954128440366973,MATCH,AUTO_HIGH,0,candidate,full,googleplus,jimnapier,jim napier,"geek with a voracious appetite for movies, technology, social media and digital marketing. robb digital web & social media strategist geek agent media owner agentsofgeek.com screeninvasion.com co-founder, editor",,"['http://twitter.com/Jim_Napier', 'http://www.linkedin.com/in/jimnapier', 'http://instagram.com/jimnapier/', 'http://klout.com/#/jim_napier', 'http://letterboxd.com/jimnapier/', 'http://about.me/JimNapier', 'http://pinterest.com/jimnapier/', 'http://soundcloud.com/jimnapier', 'http://www.youtube.com/user/JimNapierCo', 'http://www.flickr.com/photos/jimnapier/', 'http://jimnapier.tumblr.com']",twitter,topekajim,jim rice,hockey fanatic coffee enthusiast social media junkie early adopter pug obsessed design nerd superb parallel parker colorblind,412  925,,jimnapier,topekajim
23936,24865,0.9954128440366973,MATCH,AUTO_HIGH,0,candidate,full,twitter,iamjeff75,jeff,"loving creativity, biohacking, php, android, open source, decoration, minimalism, canada, nature, photography",brussels,iamjeff.be,instagram,j_rai,jeff,too old for instagram. vancouverite. Canada,,http://defiantrobot.com,jflefebvre,JRai
23717,26769,0.9954128440366973,MATCH,AUTO_HIGH,0,candidate,full,twitter,jwow,jennifer,i don't wanna grow up i just wanna be a toys 'r us kid ig:,california,,googleplus,jenniferhunterakalita,jennifer hunter jen lita,"jen hunter lita blogger & lover of photography vegan food disney design travel family french bullies life sf bay area lita's world blogger hexagon transportation consultants, inc. sr. designer & marketing coordinator jh designs marketing, graphic design, blogging parsons senior graphic designer",,"['https://www.facebook.com/jenna.welch.hunter', 'https://www.facebook.com/LitasWorld', 'http://www.flickr.com/photos/litasworld/', 'http://www.linkedin.com/pub/jennifer-hunter/14/407/383', 'http://twitter.com/litasworld', 'http://www.youtube.com/user/LitasWorld1', 'http://litasworld2.blogspot.com/', 'http://gmail.com', 'http://litasworld.com', 'http://litasworld.com', 'http://litasworld.com/']",jenniferwong,LitasWorld
23659,24600,0.9954128440366973,MATCH,AUTO_HIGH,0,candidate,full,instagram,jemorar,jorge e mora reyes,"director de money adventure vc, consejero y especialista en gobierno de personas y gestión del factor humano. lanzamientos, kick boxing & kata.",,http://jemorar.wordpress.com,googleplus,jorgemarn,jorge marn,"justo cuando encontr las respuestas, me cambiaron las preguntas... universidad autnoma de occidente pragma s.a. estratega comercial ministerio tic consultor de apropiacin vectorial studios gerente de consultoria eco comunicaciones director regional epsa director de marketing actualicese.com lder de investigacin y desarrollo",,"['http://marin.com.co', 'http://www.marin.com.co']",jemorar,jorgeandresmarin
1824,36185,0.9954128440366973,MATCH,AUTO_HIGH,0,candidate,full,googleplus,davidcrompton,david crompton,"artist and graphic designer emily carr university film/photography artist, graphic designer",,"['http://www.davidcrompton.net/', 'http://twitter.com/David_Crompton', 'http://www.flickr.com/photos/crompsy/show/', 'http://www.davidcrompton.net/ATN', 'http://www.rdio.com/#/people/crompsy/', 'http://www.last.fm/user/Crompsy']",twitter,nywebdesign,david radovanovic,new york web design and graphic designer. creative director at offering creative ideas and personalized service.,hudson river valley,whatsthebigidea.com,davidcrompton,whatsthebigidea
1816,18460,0.9954128440366973,MATCH,AUTO_HIGH,0,candidate,full,googleplus,daveallenatbeats,dave allen,"music, tech, digital strategist, user behavior, writer beats music director, artist & music industry advocacy north, inc director, interactive strategy university of oregon adjunct lecturer intel corporation director, business development emusic.com general manager nemo design director, insights & digital media",,"['http://IAmDaveAllen.com', 'http://twitter.com/daveatbeats', 'http://about.me.DaveAllen', 'http://blog.beatsmusic.com', 'http://www.linkedin.com/influencer/269150', 'https://medium.com/@DaveAtBeats', 'http://facebook.com/pampelmoose', 'http://technorati.com/blogs/www.pampelmoose.com', 'http://www.google.com/reader/shared/pampelmoose', 'http://www.linkedin.com/influencer/269150', 'https://tinyletter.com/Dave_Allen']",instagram,brummiedave,dave allen,i do social media and web editing type things. *pictures may contain dogs*,,https://brummiedave.wordpress.com/,DaveAllen,daveallen
1754,35663,0.9954128440366973,MATCH,AUTO_HIGH,0,candidate,full,googleplus,chrisvriend,chris vriend,"husband, father, architect, comic fan university of waterloo architecture",,"['http://www.ifanboy.com', 'http://www.comicsalliance.com']",twitter,valuedmerchants,chris del grande,husband father founder valued merchant services bbb a+ inc5000 merchantservices mobilepayments emv entrepreneur influencer shortyaward finalist smallbiz,united states,valuedmerchants.com,chrisvriend,valuedmerchants
1754,3777,0.9954128440366973,MATCH,AUTO_HIGH,0,candidate,full,googleplus,chrisvriend,chris vriend,"husband, father, architect, comic fan university of waterloo architecture",,"['http://www.ifanboy.com', 'http://www.comicsalliance.com']",twitter,teamyoucan,chris esponge,"retired veteran, husband, father, sci caregiver, avid disc golfer and social media fanatic.",south louisiana,about.me/chrisesponge,chrisvriend,chrisesponge
1750,13497,0.9954128440366973,MATCH,AUTO_HIGH,0,candidate,full,googleplus,chriskilbourn,chris kilbourn,"entrepreneur (3 exits) and web and app designer westminster college, salt lake city finance alta high school eleventh avenue director of marketing qzzr marketing qwizard fit marketing vp of strategy tofu marketing ceo/owner taskbullet ceo/owner to the tenth ceo",,"['http://www.chriskilbourn.com/', 'http://chriskilbourn.brandyourself.com/', 'https://twitter.com/ChrisKilbourn', 'https://www.facebook.com/chris.kilbourn', 'http://www.linkedin.com/in/chriskilbourn', 'http://www.quora.com/Chris-Kilbourn', 'http://www.meetup.com/BoomStartup/members/29473942/', 'http://chriskilbourn.tumblr.com/', 'http://www.flickr.com/photos/chriskilbourn', 'http://www.crunchbase.com/person/chris-kilbourn', 'http://bigsight.org/chris_kilbourn', 'http://blogs.forbes.com/people/chriskilbourn/', 'http://www.seomoz.org/users/profile/430234', 'http://www.appsumo.com/profile/ChrisKilbourn/', 'http://pinterest.com/chriskilbourn/', 'http://www.entrepreneur.com/', 'http://www.marketingprofs.com/', 'http://blog.kissmetrics.com', 'http://www.hubspot.com/blog', 'http://blog.crazyegg.com/', 'http://www.ducttapemarketing.com/', 'http://raventools.com/blog/', 'http://www.wordstream.com/blog', 'http://insights.marinsoftware.com/', 'http://searchenginejournal.com', 'http://trackmaven.com/blog/', 'http://blog.net-results.com/', 'http://onwardmag.com/', 'http://www.benchmarkemail.com/blogs', 'http://www.jeffbullas.com/', 'http://www.curata.com/blog/', 'http://www.circlecount.com/blog/', 'http://piktochart.com/blog/', 'http://www.smartinsights.com/blog/', 'http://blog.similarweb.com/', 'http://www.iacquire.com/blog/', 'http://www.entrepreneuronfire.com/blog/', 'http://www.conductor.com/blog/', 'http://www.tofumarketing.com', 'http://www.tofumarketing.com/internet-marketing-blog', 'http://www.chriskilbourn.com', 'http://www.virtualassistantassistant.com', 'http://www.fitmarketing.com/blog']",twitter,wongski,chris wong,digital communications and marketing consultant and writer working on a book about vancouver's jazz history - see my book blog at .,vancouver,chriswongdigital.ca,chriskilbourn,wongski
1665,32618,0.9954128440366973,MATCH,AUTO_HIGH,0,candidate,full,instagram,bennytiche,ben tichenor,wehs class of 2010. ecc class of 2012. pbau class of 2015. twlohaspring16. twitter: . snapchat: bennytiche. psalm 34:18 victory_hand_medium-light_skin_tone,,http://store.twloha.com,twitter,bench_jp,bench,事業会社、広告会社、制作会社で働くデザイナー、プランナー、プロデューサー、マーケッターの為の相応しい環境や働き方、やりたいことをサポートする会社。業界に独自のネットワークを持つキャリアファシリテーターとコミュニケーションプランナーが創りました。,"tokyo,japan",bench.jp,bentichenor,sachiyokojima
1608,9031,0.9954128440366973,MATCH,AUTO_HIGH,0,candidate,full,googleplus,andrewneal,andrew neal,"an imagination that can you further than any car-ride. maconaquah high school life truthloveenergy.com channel, counselor, aspiring author",,"['https://about.me/A.Neal', 'http://www.andrewneal.kred', 'http://twitter.com/NealIdeal', 'http://www.facebook.com/nealideal', 'http://AndrewNeal.ceo', 'http://fiverr.com/hallofrumors', 'https://medium.com@AndrewNeal', 'http://followus.com/andrew', 'http://stage32.com/andrew', 'http://circleme.com/hallofrumors', 'http://kidsdirectorytulsa.com', 'http://kidsdirectory.xyz', 'http://producthunt.com/@alarick91', 'https://bookme.name/andrewneal']",twitter,brickghost,andrew bricker," apple fan boy, web application engineer, father, husband, patriot, pit bull lover, brutally honest.","st. louis, missouri",about.me/andrewbricker,ANeal,andrewbricker
26224,30161,0.9954128440366973,MATCH,AUTO_HIGH,0,candidate,full,instagram,laffraff,alex laferriere,dol (director of life),,http://www.LaffRaff.com,twitter,alexodam,alex,"director of photography, editor & designer // 22",london,alexod.am,LaffRaff,odam
26066,26079,0.9954128440366973,MATCH,AUTO_HIGH,0,candidate,full,twitter,daviskristen,kristen davis,"wife, mother of 2, tennis player, constant thinker and marketer of homes for sale!","loganville, ga",about.me/kristendavis,googleplus,kristinlisson,kristin lisson,"mother, wife, introvert, volleyball champ, wordsmith internet partnership - tourismuswerbung dr. ritter",,"['http://www.flickr.com/photos/kristinlisson/', 'http://twitter.com/klisson', 'http://digitalbabyblog.com', 'http://cherrypious.com']",kristendavis,kristin
26051,26082,0.9954128440366973,MATCH,AUTO_HIGH,0,candidate,full,twitter,eyetdk,kristian kreiner,"i tweet about things and subjects of relevance to my interest in cloudbased platforms, innovation and new technology.","64.172018,-51.671544",about.me/kreiner,googleplus,kristinacarlson,kristina carlson,,,"['http://kmcarlson.com/', 'http://www.linkedin.com/pub/kristina-carlson/24/273/3aa', 'https://www.facebook.com/kmcarlson08', 'http://twitter.com/#!/LightningInMe', 'http://www.flickr.com/photos/kmcarlson08/sets/72157625956647026/', 'http://www.youtube.com/kmcarlson08']",kreiner,kristinacarlson
25833,33031,0.9954128440366973,MATCH,AUTO_HIGH,0,candidate,full,googleplus,scottgjinan,scott g,kiltless in china. working on 8 years here and flying the maple leaf proudly while teaching english and culture. jfls,,['http://www.youtube.com/user/MasterTILTED'],instagram,twister65,scott,home brewer. part-time photographer. cyclist. mouse_face kevin's roommate. still waiting for my 15 minutes of fame. Canada — same name on beer_mug untappd and twitter.,,,kilttilter,scottpaterson
25725,25733,0.9954128440366973,MATCH,AUTO_HIGH,0,candidate,full,googleplus,kevinknutsongoogle,kevin knutson,,,,twitter,k_lfy,kevin,"i use mac os, windows 7, ios. now my favorite is iphone 4s. i code in objective-c for ios, html, javascript, php. my default web browser is chrome.",malaysia,plus.google.com/u/0/1177569948…,kevinknutson,kevinlimfungyen
25710,25769,0.9954128440366973,MATCH,AUTO_HIGH,0,candidate,full,googleplus,kevingoldsmith,kevin goldsmith,"engineering executive, musician, dad swurv radio swurvradio.com broadcast, internet radio, entertainment, dj swurv radio",,"['http://www.digital-motion.net/', 'http://www.flickr.com/photos/kevingoldsmith/', 'http://www.quora.com/kevin-goldsmith', 'http://twitter.com/KevinGoldsmith', 'http://www.kevingoldsmith.com', 'http://www.kevingoldsmith.com']",twitter,n5pre,kevin trotman,"native texan, amateur (ham) radio operator n5pre, reporter and webmaster for amateur radio newsline. enjoys photography, cooking and wet shaving in aiken, sc","aiken, south carolina usa",about.me/kevintrotman,kevingoldsmith,kevintrotman
25654,25781,0.9954128440366973,MATCH,AUTO_HIGH,0,candidate,full,instagram,kentlundgren,kent lundgren,"kalmarit som sedan 2010 återigen bor i lund. far till erik (05) och elin (08). livsfilosof, civ ing/ek o professionell coach som gillar att inspirera",,http://about.me/kentlundgren,twitter,kentsonic,kenneth grnwall,"ad och delägare , stockholm. älskar design, internet och läget. gillar polaroid, kakor och finöl. matas gärna med inspiration (kentson.se) och kaffe.",stockholm,medium.com/@kgronwall,kentlundgren,kgronwall
25305,25336,0.9954128440366973,MATCH,AUTO_HIGH,0,candidate,full,googleplus,karllindsay,karl lindsay,student photographer blogger karl lindsay photography photographer,,"['http://karllindsayphotography.com/', 'http://facebook.com/karllindsayphotography', 'http://twitter.com/karljl', 'http://karllindsayphotography.com']",instagram,txpreach,karyn l wiseman,"seminary preaching prof, pastor, digital theologian, soccer mom, photographer, blogger, major tech geek, next church dreamer, radical jesus follower.",,http://www.texaspreacherponderings.blogspot.com/,karllindsay,karynlwiseman
24856,36060,0.9954128440366973,MATCH,AUTO_HIGH,0,candidate,full,instagram,buster_kieton,jan p,sysadmin... stargazing...poltics.. flanders... spirits from scotland... astronomy... drum and bass...,,,googleplus,janwarp,jan warp,,,"['http://twitter.com/#!/warp5', 'https://www.facebook.com/jan.warp']",jpieters,warp
1530,14746,0.9954128440366973,MATCH,AUTO_HIGH,0,candidate,full,twitter,zenithjade,andrea,imagination is more important than knowledge - albert einstein,wisconsin,zenithjade.etsy.com,instagram,ilconfa,andrea,"the reality is a mosaic, and every piece is unic.",,http://www.andreaconfalonieri.com,ZenithJade,AndreaConfalonieri
1458,6039,0.9954128440366973,MATCH,AUTO_HIGH,0,candidate,full,instagram,vintagejunk_fm,bobbi v,be random. be honest. but just be you.,,https://twitter.com/vintagejunkfm,twitter,vintagelaundry,leann,struggles daily with which would be cheaper - a thrifting addiction or a crack habit.,"austin, texas",thevintagelaundry.com,vandusenbobbi,leannstephenson
1433,22549,0.9954128440366973,MATCH,AUTO_HIGH,0,candidate,full,googleplus,tonybarlow03,tony barlow,a social media nerd with an amazing family. i also like weather. and the outdoors. northland college meteorology/physics barlow/mccarthy healthcare consulting managing consultant/digital lead lawrence and schiller digital strategist keloland-tv digital media advisor/meteorologist,,"['http://www.linkedin.com/in/tonybarlow03', 'http://twitter.com/tonybarlow03', 'http://www.facebook.com/tonybarlow03', 'http://www.tonybarlow.net', 'http://www.quora.com/tony-barlow']",instagram,idsphotography,tony t,"i'm a dreamer, an adventurer, a story teller, an observer, photographer, nerd, cyclist, runner, driver, teacher sporty guy.",,http://myurl.ws/tony,tonybarlow,idsphotographers
1360,34166,0.9954128440366973,MATCH,AUTO_HIGH,0,candidate,full,googleplus,stuartbrowning,stuart browning,,,,twitter,s_higgs,stuart higgs,,yvr when unsuccessfully lost,,stubee,stuarthiggs
1339,28846,0.9954128440366973,MATCH,AUTO_HIGH,0,candidate,full,twitter,spacefoxstudio,mike and jess,and cosplayers photographers awesome,,,instagram,djhokey,mike hochanadel,,,http://hoketronics.net,spacefoxstudio,mikehochanadel
1230,32573,0.9954128440366973,MATCH,AUTO_HIGH,0,candidate,full,googleplus,ryanchavisgplus,ryan chavis,dreamer. writer. arts advocate. southern transplant. social media enthusiast. boho boy. new york university m.a. journalism university of north carolina at pembroke b.s. business administration,,['http://www.gokicker.com'],twitter,ryaneriksson,ryan eriksson,diversity & lgbt advocate. communication & tradecompliance at heart. wine & culinary lover. artist with travelling feet. blog:,"malmö, sweden",about.me/ryan.mark.paul…,ryanchavis,ryanmarkpauleriksson
27567,27593,0.9954128440366973,MATCH,AUTO_HIGH,0,candidate,full,googleplus,mariahhumphries,mariah humphries,digital strategist - social media state university of new york at purchase j morgan images photographer/owner,,"['http://twitter.com/MariahHumphries', 'http://gmail.com']",twitter,mariannmarcucci,marianna marcucci,"digital strategist. travel, museums, digital heritage. co-founder always very curious. avid listener",italy,mariannamarcucci.com,MariahHumphries,mariannamarcucci
27384,27389,0.9954128440366973,MATCH,AUTO_HIGH,0,candidate,full,googleplus,manubordera,manu bordera,"tan geek como freak, apasionado de gadgets, internet, seo y social media. universidad miguel hernandez investigacin y tcnicas de mercado universidad de alicante ciencias empresariales clavei consultor bi diseador tableau clavei social media community manager marketing online",,"['http://picasaweb.google.com/manubordera', 'http://www.linkedin.com/in/manubordera', 'http://es-la.facebook.com/manubordera', 'http://twitter.com/@manubordera', 'http://manubordera.com', 'http://manubordera.com', 'http://blog.clavei.es', 'http://www.clavei.es', 'http://brugales.blogspot.com.es', 'http://vimeo.com']",twitter,manucopel,jos manuel fernnde,director de y socio de partner en . entrenador de baloncesto y apasionado del social media.,madrid,about.me/manucopel,manubordera,manucopel
27297,27620,0.9954128440366973,MATCH,AUTO_HIGH,0,candidate,full,googleplus,marajosminatel,mara jos minatel,,,"['http://www.about.me/majomina', 'http://www.taringa.net/dcote']",twitter,marinadominican,marina sweet,,"sevilla, es",about.me/Marina.Sweet,majomina,MarinaSweet
27155,30754,0.9954128440366973,MATCH,AUTO_HIGH,0,candidate,full,twitter,lu4sh1i,pavel lupu,"self-taught graphic designer. chess addict, wordpress enthusiast","bucharest, romania",pavell.me,instagram,pavelxrakusan,pavel x rakusan,freelance designer / photographer / music addict,,https://www.facebook.com/mEcaDO,lupupavel,pavelrakusan
27015,27028,0.9954128440366973,MATCH,AUTO_HIGH,0,candidate,full,googleplus,lucasartonidotcom,luca sartoni,"protector of asynchronicity at automattic itis nullo baldini - ravenna diploma automattic growth engineer calipso12 founding partner kompany program manager, marketing intelligence self employed media consultant 123people internetservices gmbh media strategist - italy self employed it consultant 123people internetservices gmbh teamleader, social media and internet marketing",,"['http://www.twitter.com/lucasartoni', 'http://www.linkedin.com/in/lucasartoni', 'http://www.flickr.com/lucasartoni', 'http://www.facebook.com/luca.sartoni', 'http://www.quora.com/luca-sartoni', 'https://luca.blog', 'https://luca.blog', 'http://lucasartoniblog.wordpress.com']",instagram,lucasilva,luca silva,"ict, seo & social media consultant Italy local manager of dafarea team for",,http://www.studiowasabi.com,lucasartoni,lucasilva
26888,36408,0.9954128440366973,MATCH,AUTO_HIGH,0,candidate,full,twitter,lordsteve,steve beaudry,"i once spent all night playing a star trek video game in my dad's music studio, and now i tweet for a living.","tampa, fl",thegreenasterisk.com,googleplus,stevensu,steven su,,,,LordSteve,xpsteven
26887,36408,0.9954128440366973,MATCH,AUTO_HIGH,0,candidate,full,instagram,lordsteve,steve beaudry,i once played the star trek 25th anniversary game on an old mac in my dad's music studio and now i get paid to tweet.,,http://thegreenasterisk.com,googleplus,stevensu,steven su,,,,LordSteve,xpsteven
26426,27100,0.9954128440366973,MATCH,AUTO_HIGH,0,candidate,full,twitter,lblancoa,luis enrique blanco,"venezolano consultor org.en web 2.0, admón y redes sociales, esp. en android prov. de noticias de tecnología, disp. moviles y gerencia 2.0 socialmedia","caracas, venezuela",about.me/lblancoa,instagram,fernandezdelcampo,luis fernandez del campo,"consultor social media, viajero, ciudadano 2.0 y politico 2.0. enganchado en redes sociales a las personas. pasión por viajes y turismo.",,http://www.fernandezdelcampo.es,lblancoa,luisfernandez
26376,29668,0.9954128440366973,MATCH,AUTO_HIGH,0,candidate,full,googleplus,laurenday,lauren day,social media consultant. makeup artist. beauty blogger. beauty school all saints anglican school white echo social media consultant lauren day makeup makeup artist mary kay beauty consultant,,"['http://www.youtube.com/laurendaymakeup', 'http://www.twitter.com/laurendaymakeup', 'http://lauren-day.blogspot.com', 'http://www.facebook.com/laurendaymakeup', 'http://about.me/laurendaymakeup', 'http://www.foursquare.com/laurendaymakeup']",instagram,naturesknockout,laurie and tiffany,celebrity stylists princess_medium-light_skin_tone hair & makeup mouth team (mom/daughter) all about the green beauty stuffs. shamrock,,http://www.naturesknockout.com,laurendaymakeup,naturesknockout
1888,17072,0.9954128440366973,MATCH,AUTO_HIGH,0,candidate,full,googleplus,chancemiller,chance miller,writer for 9to5mac.com and 9to5google.com 9to5mac/9to5google writer student briefmobile.com writer theandroidinvasion.com founder,,"['http://twitter.com/chancehmiller', 'http://9to5mac.wordpress.com', 'http://9to5Google.com']",twitter,spookychan,chandra free,"published comic creator, artist & writer. responsible for . skin, fraggle rock, graphic cannon, mice templar, sullengrey,etc chandrafree .com","brooklyn, ny",spookychan.com,dunn32,chandrafree
28093,28095,0.9954128440366973,MATCH,AUTO_HIGH,0,candidate,full,instagram,matthewjadams,matthew j adams,social media manager and general life enthusiast.,,http://about.me/matthewjadams,googleplus,matthewknell,matthew knell,"social media executive-type thing pace university information systems new york university project management about.com vp of social media and community strategy new york university adjunct instructor pace university tech mentor in residence aol social media director cafemom director of emerging and social media mtv networks senior manager, social media product development jetblue airways general manager, jetblue.com scholastic associate producer about.com project manager",,"['http://twitter.com/matthewknell', 'http://www.facebook.com/matthewgknell', 'http://www.linkedin.com/in/matthewknell', 'http://www.tagsmith.org', 'http://www.tagsmith.org', 'http://www.huffingtonpost.com/matthew-knell/', 'http://socialfresh.com/contributors/matt-knell/', 'http://www.fastcompany.com/user/matthew-knell', 'https://medium.com/@twitter_username', 'http://about.me/matthewknell', 'http://log.tagsmith.org']",matthewjadams,matthewknell
28067,28068,0.9954128440366973,MATCH,AUTO_HIGH,0,candidate,full,twitter,75central,matt harvey,i do photos and coding and other nondescript stuff,dallas,75central.com,googleplus,matthewharvey,matthew harvey,,,"['http://picasaweb.google.com/mattharvey1', 'http://youtube.com/user/Mattharvey001', 'http://www.flickr.com/photos/mattharvey1/', 'http://twitter.com/mattharvey1', 'http://www.last.fm/user/mattharvey1', 'http://uk.linkedin.com/in/matthewharvey', 'https://www.facebook.com/mattharvey001', 'http://profile.live.com/cid-f1739a09c4b6ff26', 'http://youtube.com/user/Mattharvey001']",mattharvey,mattharvey1
27898,27909,0.9954128440366973,MATCH,AUTO_HIGH,0,candidate,full,instagram,ezu,martino sabia,"software developer with only one real scope in life: being a geek in everything but love :). anything is possible, it's just a matter of creativity.",,,googleplus,martinsabag,martin sabag,"an energetic, passionate and exceptional combination of technical and marketing skills. solid experience in project management, industry analysis, and both inbound- and outbound- marketing. successfully combines deep technical, marketing, sales, and business/customer understanding school of visual arts universidad del pacfico advertising meredith corporation hispanic multichannel editor about.com social media writer",,"['http://www.hometheater.co.il', 'http://www.hometheater.co.il', 'http://www.htcafe.co.il', 'http://www.htmobile.co.il', 'http://www.htphoto.co.il', 'http://www.htmag.co.il', 'http://www.userit.co.il', 'http://www.httv.co.il', 'http://www.htisrael.co.il']",martinosabia,martinsabag
27892,27915,0.9954128440366973,MATCH,AUTO_HIGH,0,candidate,full,instagram,thesundancekydd,martin,"munich is my home, the world my playground. expect suits, beer and travel pix. kik/snapchat: sundancekydd",,http://about.me/martinkydd,googleplus,martinsoler,martin soler,"marketing executive with a focus on hotels and travel tech, photographer, iphoneographer and father. snapshot.travel chief marketing officer paris taylor hotel general manager wihp svp marketing",,"['http://martinsoler.com', 'http://www.flickr.com/people/martinsoler/', 'http://twitter.com/martinsoler', 'http://www.linkedin.com/in/martinsolerparis', 'http://500px.com/martinsoler', 'http://martinsoler.tumblr.com/', 'http://about.me/martinsoler', 'https://en.gravatar.com/martinsoler', 'http://www.instagram.com/martinsoler', 'http://martinsoler.com/about-martin-soler/', 'http://blog.snapshot.travel', 'http://www.slideshare.net/HotelMarketingNews']",martinkydd,martinsoler
27879,34174,0.9954128440366973,MATCH,AUTO_HIGH,0,candidate,full,googleplus,martinharauer,martin harauer,dad - cto - social media fan - blogger - runner htbla hollabrunn steuer- und regeltechnik hauptschule stockerau west volksschule stockerau west feierabendblogger.at founder & blogger,,"['http://twitter.com/feierabendblogr', 'http://about.me/martin.harauer', 'http://www.facebook.com/martin.harauer', 'http://www.geocaching.com/profile/?guid=4da840bd-1c9f-4531-9409-bf06fd786cb6', 'http://at.linkedin.com/pub/martin-harauer/36/416/857', 'https://www.xing.com/profile/Martin_Harauer?sc_o=mxb_p', 'http://feierabendblogger.tumblr.com', 'http://www.feierabendblogger.at', 'http://www.tst.co.at']",instagram,martin_s_k,martin,"developer, blogger, socialmedia-, tech- & reeftank-fan. esslingen, germany. vegan for 20 years sugarfree eatclean",,http://www.kunzelnick.de,martinharauer,stuttgarter
27874,32663,0.9954128440366973,MATCH,AUTO_HIGH,0,candidate,full,instagram,maestra_erzulie,erika martinez,"física de profesión, ingeniera por necesidad, política de oficio, concejala de la comuna de san miguel, stgo, chile",,,twitter,salinasmx,erik,"futbolista profesional frustrado.. pero ingeniero, gurú de la tecnología, videojuegos y del cine. psn el_rockhero","25 52 47 n, 97 30 15 w",about.me/salinasmx,martinezerika,salinasmx
27872,27925,0.9954128440366973,MATCH,AUTO_HIGH,0,candidate,full,twitter,martincwalter,martin walter,"swiss concert photographer i love indie music, apple products and baileys...","grenchen, switzerland",martinwalter.ch,instagram,martinwaller,martin waller,,,,martincwalter,martinwaller
27871,27924,0.9954128440366973,MATCH,AUTO_HIGH,0,candidate,full,instagram,martinwalter,martin walter,switzerland Switzerland check out my website for concert photos! camera,,http://www.martinwalter.ch,googleplus,martinwaller,martin waller,"writer, teacher and researcher with an interest in creative learning and digital literacies... university of sheffield new literacy studies university of durham primary education (ict) education sector primary school teacher and educational researcher",,"['http://twitter.com/multimartin', 'http://www.flickr.com/people/multimartin/', 'http://www.martinwaller.co.uk', 'http://www.changinghorizons.net']",martincwalter,martinwaller
27779,27798,0.9954128440366973,MATCH,AUTO_HIGH,0,candidate,full,twitter,dbs_sticky,mark r evans,"saas product manager, physicist, cloud evangelist & techie. i'm happiest watching scifi, talking tech, or chasing my kids while making monster noises :-)",burghfield common,about.me/markrevans,googleplus,markvanderhorst0,mark van der horst,"i'm a master student in strategic product design with a lot of love for making things happen. whether it is real or virtual constructions i love the process of thinkin' it, and then doing it! arnoldo mondadori editore journalist, blogger",,"['http://www.mark-vanderhorst.com', 'http://www.facebook.com/mark.vanderhorst.12', 'http://www.youtube.com/user/jeagerbom', 'http://instagram.com/markvanderhorst', 'https://soundcloud.com/jeagerbom', 'http://www.linkedin.com/profile/view?id=163260508&trk=tab_pro', 'https://vimeo.com/user17368962', 'http://www.stumbleupon.com/stumbler/MarkvanderHorst/likes', 'http://pinterest.com/markvanderhorst/', 'http://mbvanderhorst.wordpress.com/', 'https://twitter.com/Jeagerbom', 'mailto:mark-vanderhorst@hotmail.com']",markrevans,markvanderhorst
27697,27770,0.9954128440366973,MATCH,AUTO_HIGH,0,candidate,full,instagram,markbarner,markbarner,"graphic specialist @ computerarts.dk, tech genius @ macgeni.dk, passionate entrepreneur, wise guy winking_face , blogger @ thedanishdesigner.com + barner.dk",,http://computerarts.dk,twitter,iodicdesign,marko ranelovi,"i'm a web designer, tech enthusiast, movie & music fanatic. cdo & ocd @ stuntcoders","belgrade, serbia",iodicdesign.com,markbarner,markorandjelovic
27688,27744,0.9954128440366973,MATCH,AUTO_HIGH,0,candidate,full,instagram,markandrade,mark andrade,"photographer based in la. love, life, family, friends, tattoos and music. sign_of_the_horns_medium-light_skin_tone if you're in los angeles, let's shoot.",,http://www.markandrade.com,googleplus,markgravender,mark gravender,"hi, i'm mark gravender, and i am a visual designer in love with los angeles. california state university, northridge optikal creative art director sound nightclub creative director",,"['http://optikalcreative.com', 'http://markgravender.com', 'http://www.linkedin.com/in/markgravender/', 'http://facebook.com/markgravender', 'http://twitter.com/jettmx', 'http://pinterest.com/jettmx', 'http://about.me/markgravender', 'http://markgravender.brandyourself.com']",MarkAndrade,markgravender
27657,27766,0.9954128440366973,MATCH,AUTO_HIGH,0,candidate,full,googleplus,mariozaizar,mario zaizar,,,['http://about.me/mariozaizar'],instagram,markocular,,,,,mariozaizar,markocular
27646,27903,0.9954128440366973,MATCH,AUTO_HIGH,0,candidate,full,instagram,marion_villette,,,,,googleplus,martinpsialer,martin psialer,,,['http://martinpsialer.blogspot.com/'],marionvillette,martinpsialer
27645,27899,0.9954128440366973,MATCH,AUTO_HIGH,0,candidate,full,googleplus,marionbastin,marion bastin,,,,twitter,ezu,martino sabia,"software developer and technology addicted working at , previously . anything is possible, it just depend on how creative we are.","bologna, emilia romagna",about.me/martinosabia,marionvillette,martinosabia
1550,14591,0.9954128440366973,MATCH,AUTO_HIGH,0,candidate,full,googleplus,adammetcalfe,adam metcalfe,"surveyor and purveyor of databases. sql server mysql beats music director, artist & music industry advocacy north, inc director, interactive strategy university of oregon adjunct lecturer intel corporation director, business development emusic.com general manager nemo design director, insights & digital media",,"['http://about.me/adam.metcalfe', 'http://www.linkedin.com/pub/adam-metcalfe/2/467/15a', 'http://www.flickr.com/photos/adzyradzy']",twitter,mcatoms,adam mc,"internet enthusiast. tabletop game maker. occasional podcaster. fan of wit, tacos & mixed drinks. digital strategy manager and creator of .","aurora, il",about.me/amccrim,adammetcalfe,amccrim
28596,28682,0.9954128440366973,MATCH,AUTO_HIGH,0,candidate,full,googleplus,michaeldegroot,michael de groot,'share your story' - coaching clients and assisting creative agencies to enhance their storytelling. mastery university - anthony robbins leadership staying alive (uk) ltd chief storyteller,,"['http://www.linkedin.com/in/stayingaliveuk', 'http://www.facebook.com/michaeldegroot.uk', 'http://youtube.com/user/maedegroot', 'http://www.google.com/reader/shared/12456308585608222595', 'http://picasaweb.google.com/maedegroot', 'http://www.twitter.com/stayingaliveuk', 'http://www.slideshare.net/stayingalive', 'http://styin.me/add-sauk-on-snapchat', 'https://www.instagram.com/stayingaliveuk/', 'http://mixcloud.com/stayingaliveuk', 'https://www.flickr.com/photos/stayingaliveuk/', 'http://styin.me/michael-yelp', 'http://styin.me/stayingaliveuk-yelp', 'https://www.udemy.com/user/michaeldegroot/', 'http://stayingaliveuk.tumblr.com', 'https://medium.com/@stayingaliveuk', 'https://uk.pinterest.com/stayingaliveuk/', 'http://about.me/michael.degroot', 'http://www.stayingaliveuk.com', 'http://www.linkedinlectures.com', 'http://www.stayingaliveuk.com/podcast', 'http://www.stayingaliveuk.com/blog']",twitter,michelejmartin,michele j martin,"content strategist, storyteller, photographer, and foodie …",traveling europe,michelejmartin.com,michaeldegroot,michelejmartin
28587,34663,0.9954128440366973,MATCH,AUTO_HIGH,0,candidate,full,googleplus,michaelcoley,michael coley,current ag edu & ffa teacher in tn. graduate from mtsu & nc state. animal lover. technology nerd. north carolina state university masters of agricultural education middle tennessee state university b.s.- animal science/agricultural education gallatin high school mt. juliet high school agricultural educator gallatin high school agricultural educator siegel high school agricultural educator tennessee state university distance education and educational technology specialist north carolina state university graduate assistant mt. juliet high school agricultural educator coley herefords herdsman/chief technology officer,,"['http://about.me/michaelcoley', 'http://twitter.com/mcoley']",instagram,thecrazygm,michael garcia,rpg enthusiast and legally crazy gm.,,http://www.TheCrazyGM.com,michaelcoley,TheCrazyGM
1150,21275,0.9954128440366973,MATCH,AUTO_HIGH,0,candidate,full,googleplus,george,george,,,,twitter,gardegeo,george,web architect,"athens, greece",,r3d5,georgegardelinos
1118,12270,0.9954128440366973,MATCH,AUTO_HIGH,0,candidate,full,googleplus,pedro,pedro,"if it ain't broke, don't fix it. columbia university school of law law williams college economics palo alto high school bottom line law group founding principal eharmony.com vp, legal affairs myspace.com/fox interactive media asst. general counsel gemstar-tv guide director, corporate counsel excite corporate counsel wilson sonsini goodrich & rosati attorney stroock & stroock & lavan llp attorney",,,instagram,h0stio,pedro,"htc sensation , htc one & canon 7d",,http://instacanv.as/h0stio,pedrodgk,PedroGranero
1023,19798,0.9954128440366973,MATCH,AUTO_HIGH,0,candidate,full,googleplus,nataliekitcher,natalie noeller,"social media manager, beauty blogger, gossiper, southampton fc fan & netball geek! bournemouth university international marketing weber shandwick social media manager healthcare simplyhealthuk social media manager five by five senior account exec merck consumer health global digital brand developer",,"['http://www.beautyaddictblog.com', 'http://secretdiaryofabeautyaddict.blogspot.com/', 'http://www.twitter.com/nataliekitcher', 'http://uk.linkedin.com/in/nataliekitcher']",instagram,nati_nash,nati,"editor, producer, designer, social media manager. dog lover. matteo and santiago's mom. melómana. photographer. comunicadora. otaku. gamer. dc fan.",,http://www.natinash.blogspot.com,nataliekitcher,elianacayo
995,14290,0.9954128440366973,MATCH,AUTO_HIGH,0,candidate,full,twitter,montuschi,alex montuschi,"digital . italian but international at hearth. passionate about marketing in a digital world, inspiration seeker and innovation lover.","san francisco, ca",linkedin.com/in/montuschi,instagram,la_suazo,alex suazo,"born & bred ny girlboss passionate about digital & tech. i red_heart traveling, working hard & slippersandvino - tweet . camera :",,http://bit.ly/asuazo_incwomen,montuschi,alexandrasuazo
978,23499,0.9954128440366973,MATCH,AUTO_HIGH,0,candidate,full,instagram,freefall1551,josh miramant,climbing. running. maine boy. van life. base jumping. other things...,,http://joshmiramant.com,googleplus,joshuastearns,joshua stearns,journalist and organizer working for press freedom and the future of news through media and tech policy. journalism & public media campaign director at free press. umass amherst st. lawrence university free press journalism and public media campaign director umass amherst campus compact student conservation association americorps,,"['http://www.google.com/reader/shared/00715362049588413252', 'http://twitter.com/jcstearns', 'http://stearns.wordpress.com/', 'http://www.facebook.com/joshstearns', 'http://www.last.fm/user/jcstearns']",miramant,jcstearns
947,34056,0.9954128440366973,MATCH,AUTO_HIGH,0,candidate,full,instagram,melburnian,steve,"melbourne, australia. you'll see the stuff i see. i'm also at , for even more photos.",,http://flickr.com/photos/melburnian,googleplus,steveiadarola,steve iadarola,geek by day and photographer the rest of the time tu dresden webpixelkonsum inhaber,,"['http://about.me/stevei', 'http://www.google.com/reader/shared/01627737861287729963', 'http://twitter.com/stevei', 'http://www.facebook.com/steve.iadarola', 'http://www.flickr.com/photos/stevei0', 'http://www.linkedin.com/in/steveiadarola', 'http://www.steveiphotography.com/']",melburnian,stevei
947,2548,0.9954128440366973,MATCH,AUTO_HIGH,0,candidate,full,instagram,melburnian,steve,"melbourne, australia. you'll see the stuff i see. i'm also at , for even more photos.",,http://flickr.com/photos/melburnian,googleplus,stevecarey,steve carey,it's all about me and then some! gossip! scandals! juicy bits! fun facts! even the bizarre! lol steve troletti photography photographer,,,melburnian,scareykatt
903,27717,0.9954128440366973,MATCH,AUTO_HIGH,0,candidate,full,twitter,markrobbo,mark,"digital marketer, budding architect, urban design and retro computing. board member of . im not pc. ig: _markrobbo / snapchat: markrobbo83","melbourne, australia",markrobbo.net,googleplus,markcridge,mark cridge,chief executive at mysociety university of strathclyde architecture mysociety chief executive britdoc foundation non executive board member advisory board member marketreach from royal mail blue state digital senior advisor berg london director of consulting green party management coordinator isobar global managing director tw2.com designer modem media art director glue isobar founder and chief executive,,"['http://www.linkedin.com/in/markcridge', 'http://delicious.com/markcridge', 'http://www.flickr.com/photos/markcridge/', 'http://www.vimeo.com/markcridge', 'http://twitter.com/markcridge', 'http://www.facebook.com/markcridge', 'http://www.markcridge.com/']",markrobbo,markcridge
903,11750,0.9954128440366973,MATCH,AUTO_HIGH,0,candidate,full,twitter,markrobbo,mark,"digital marketer, budding architect, urban design and retro computing. board member of . im not pc. ig: _markrobbo / snapchat: markrobbo83","melbourne, australia",markrobbo.net,instagram,mjbyeg,mark,"random photos of urban scenes, events, landscapes, and architecture. yeg alberta",,http://photos.mark.bio,markrobbo,mbutt
28580,28674,0.9954128440366973,MATCH,AUTO_HIGH,0,candidate,full,twitter,michaelsb,michael brandvold,"music marketing, digital strategy, content strategy, online & social marketing, social media manager, podcaster, speaker, author. opinions are my own.","san francisco, ca",michaelbrandvold.com,googleplus,micheleaggiato,michele aggiato,"whatever you do, do it with your heart. university of applied science, hamburg business school, zurich hochschule fr wirtschaft zrich cas social media management vorwerk thermomix international social media manager boa lingua social media manager",,"['http://twitter.com/micheleaggiato', 'http://tuttomichele.wordpress.com/']",michaelbrandvold,micheleaggiato
28536,28736,0.9954128440366973,MATCH,AUTO_HIGH,0,candidate,full,googleplus,michaelherrling,michael herrling,"inhaber und online marketing berater bei marktpraxis agentur fr marketing. akad hochschule stuttgart bwl / marketing marktpraxis agentur fr online marketing ceo, inhaber",,"['http://www.facebook.com/marktpraxis', 'http://www.facebook.com/michaelherrling', 'http://twitter.com/mherrling', 'http://twitter.com/marktpraxis', 'http://www.flickr.com/photos/mherrling/', 'http://www.youtube.com/user/marktpraxis', 'http://www.marktpraxis.com', 'http://www.kaffeemaschinen.co', 'http://www.ilearnguitar.de', 'http://www.stevia-natursuesse.de', 'http://www.kaffeesommelier.de', 'http://www.michaelherrling.de', 'https://www.marktpraxis.com/blog/']",twitter,michikunz77,michael kunz,inbound marketing consultant haudraufmensch outdoor enthusiast digital marketing professional work - views are mine,"luzern, schweiz",haudraufmensch.ch,mherrling,michikunz77
28530,36782,0.9954128440366973,MATCH,AUTO_HIGH,0,candidate,full,googleplus,marcosfrutos,marcos frutos,always creating. universidad nacional de asuncin ingeniera en informtica 3t studios. online media manager conexion s.a. informtico jobs srl encargado tics pnud - comunidad europea soporte help desk supermercado la bomba auxiliar administrativo ande pasanta banco finamrica ordenanza,,"['http://picasaweb.google.com/mharcosfrutos', 'https://twitter.com/mharcos', 'http://www.google.com/reader/shared/mharcosfrutos', 'http://www.linkedin.com/in/marcosfrutos', 'http://www.quora.com/Marcos-Frutos', 'https://www.facebook.com/mharcos', 'http://www.lastfm.es/user/mharcosfrutos', 'http://soundcloud.com/mharcos', 'http://www.pinterest.com/mharcos', 'http://www.thefancy.com/mharcos']",twitter,zs1,marcelo figueroa,comunicador multimedial y publicista. emprendedor. fundador de d&m digital y líder de proyectos en zenbyte.,"santiago, chile",about.me/zs1,mharcos,zs1
28509,28694,0.9954128440366973,MATCH,AUTO_HIGH,0,candidate,full,googleplus,michaelf,michael f,i'm a california native focused on graphic design and all things technology. ex'pression college for digital arts motion graphic design solano community college liberal arts vanden high school ged sylvan middle school ged citrus heights elementary school ged apple inc. tech support rep westernized productions graphic designer jelly belly candy company sales representative match analysis corporation graphic designer elastic creative graphic designer,,"['http://twitter.com/mfvisuals', 'http://www.facebook.com/mfindlay84', 'http://www.linkedin.com/in/mikeyfindlay', 'http://www.mfvisuals.com/']",twitter,michellebracken,michellebracken,web & graphic designer,"austin, texas",,mfvisuals,michellebracken
28149,28159,0.9954128440366973,MATCH,AUTO_HIGH,0,candidate,full,googleplus,mattorr,matt orr,,,"['http://www.about.me/mattorr', 'http://twitter.com/dtnmatt', 'http://www.youtube.com/mylifeintheweeds', 'http://www.yelp.com/user_details?userid=D3gGvvBYBMquWQh0il-aiQ']",instagram,gibsonslinger,matt richards,hmma and grammy nominated producer. making hits from nashville to la. full time coffee addict. zombie survivalist. let's talk. backhand_index_pointing_down_light_skin_tone,,http://hopestudiosmusic.com,mattorr,mattrichards
815,21248,0.9954128440366973,MATCH,AUTO_HIGH,0,candidate,full,googleplus,lauraalpez,laura a lpez,"ni mucho ni poco ni bueno ni malo ni blanco ni negro slo danza new model, ub, flacso, untref e-volution arte y comunicacin - planning estratgico y creativo visa, teleperformance, mrm, vibra, etc publicis digital strategic planner",,"['http://www.facebook.com/alohalaural', 'http://eleaele.tumblr.com/', 'http://serieobraslaural.blogspot.com', 'https://www.flickr.com/photos/lauralart/', 'http://twitter.com/alohalaural', 'http://www.blogger.com/profile/07349714287501757428', 'https://www.facebook.com/larebelionpoetica', 'http://www.kioscodepoesia.blogspot.com', 'http://festivalpoesiabsas.com.ar/wordpress/', 'https://about.me/lauralart', 'https://ar.linkedin.com/in/eleaele', 'http://www.ocyd.com.ar/']",twitter,genosbil,lautaro lpez a,"trotamundos a tiempo parcial, cazador de utopías inalcanzables. interesado en la tecnología, fotografía, política, ciencia, humor y un un largo etc.","la plata, argentina",about.me/genosbil,lauralart,genosbil
806,19917,0.9954128440366973,MATCH,AUTO_HIGH,0,candidate,full,twitter,kuteninja,emiliano perez,"intj, informático, gamer, fanático de las meriendas.","capital federal, argentina",about.me/kuteninja,googleplus,emiliodelrosanz,emilio del ro sanz,"""slo recuerdo la emocin de las cosas"" (antonio machado) complutense university of madrid university of oxford postdoc",,"['http://twitter.com/emilio_delrio', 'https://www.facebook.com/emiliodelrio.larioja', 'http://www.flickr.com/photos/88319486@N04/', 'http://www.emiliodelrio.es', 'http://emiliodelrio.wordpress.com/', 'http://www.ivoox.com/audios-recomendados-por-Emilio%20del%20R%C3%ADo%20Sanz_ak_323396_publication_1.html', 'http://www.larioja.org', 'http://www.pplarioja.es']",kuteninja,emiliodelrio
712,10984,0.9954128440366973,MATCH,AUTO_HIGH,0,candidate,full,twitter,johnnydgood,john donovan,entrepreneur. digital marketer. website analyzer. runner. drummer. family. friends. fun.,"pittsburgh, pa.",GoNextWorld.com,instagram,johnscottdixon,johnscott dixon,"husband, dad, entrepreneur, marketer, yogi, trail runner, mountain biker & guitarist",,http://www.aidantaylor.com,jonathanlopez,JohnScottDixon
669,672,0.9954128440366973,MATCH,AUTO_HIGH,0,candidate,full,googleplus,jenniferonufry,jennifer onufry,,,"['http://twitter.com/jonufry', 'http://heyinfinity.wordpress.com']",instagram,renrutnnej,jenn turner,hope you like awkward photos of me and ones of my daughter sleeping. 34 year old teen. brooklynite for now.,,http://jennwrit.es,jenniferonufry,jennturner
628,22921,0.9954128440366973,MATCH,AUTO_HIGH,0,candidate,full,googleplus,jacobrathjen,jacob,god first creator tech enthusiast social media buff youtuber phx suns fan huge michael jackson fan li'l sebastian foe mj heriot-watt university town & country planning director (china),,"['https://www.facebook.com/pages/Jacobs-Vlogs/114721135268619', 'http://jacobsvlogs.tumblr.com', 'http://flic.kr/ps/2Dxre9', 'http://klout.com/#/jacob_rathjen', 'http://youtube.com/jacobthriller1982', 'http://twitter.com/JacobRathjen', 'http://jacobthriller.wordpress.com', 'http://jacobsvlogs.webs.com', 'http://jacobthriller.wordpress.com', 'http://gmail.com']",instagram,sfny,jacob,san francisco,,http://about.me/jacobhartog,jacobthriller1982,Jacobhartog
365,29361,0.9954128440366973,MATCH,AUTO_HIGH,0,candidate,full,twitter,delcoursolution,michael delcour,i help businesses and law firms understand their options for all things technological.,"barrington, illinois",delcoursolutions.com,googleplus,michaelmoriartymsqrd2,michael moriarty,"i help businesses maximize their online presence! norwich free academy photography michael moriarty photography photography,social media & websites",,"['http://www.michaelmoriartyphotography.com', 'https://www.facebook.com/michaelmoriartyphotography', 'http://twitter.com/msqrd2', 'http://profile.live.com/cid-753d06efb63225de', 'http://www.linkedin.com/profile/view?id=43082718&trk=tab_pro', 'http://www.quora.com/msqrd2', 'http://www.plaxo.com/profile/showPublic/null', 'http://www.flickr.com/photos/62253169@N06/', 'http://appearoo.com/MichaelMoriarty', 'http://www.yelp.com/biz/michael-moriarty-photography-tucson', 'http://www.michaelmoriartyphotography.com', 'http://www.dreamstime.com/msqrd2_info', 'http://www.bigstockphoto.com/search/?contributor=MSQRD2']",delcoursolutions,msqrd2
30103,33531,0.9954128440366973,MATCH,AUTO_HIGH,0,candidate,full,instagram,nuovi_turismi,silvia badriotto,turtle slow tourism blogger globe_showing_Europe-Africa travel&foodie wine_glass house based in turin - italy Italy web marketing consultant left_arrow_curving_right,,http://www.nuovi-turismi.com,googleplus,silviaf,silvia foglia,connecting dots houzz online community manager italy twago head of community management twago country manager italy,,"['http://www.linkedin.com/in/silviafoglia', 'http://www.facebook.com/profile.php?id=548657407', 'https://twitter.com/silfoglia', 'http://about.me/silviafoglia', 'http://silviafoglia.wordpress.com/', 'https://www.flickr.com/photos/silfoglia/', 'http://silviafoglia.wordpress.com/', 'http://www.houzz.com']",NuoviTurismi,silviafoglia
29478,35051,0.9954128440366973,MATCH,AUTO_HIGH,0,candidate,full,googleplus,tonynaccarato,tony naccarato,"designer, creative thinker, photographer & family man weber state university bfa, visual communication / graphic design salt lake community college as, general studies pluralsight ux designer attask sr. user experience designer the church of jesus christ of latter-day saints interactive desigenr swarmbuilder senior graphic designer logoworks by hp strategic marketing designer weber state university web designer",,"['http://www.linkedin.com/in/tonynaccarato', 'http://twitter.com/tonynaccarato', 'http://tonynaccarato.com', 'http://onevisionaday.tonynaccarato.com', 'http://325studio.com', 'http://www.tonynaccarato.com', 'http://www.slideshare.net/naccrat']",twitter,tmazon,tony mazon,"disciple of christ, husband, pastor, web builder, graphic designer, social media expert, technologist, gamer.","wheatland, ca",tmazon.com,naccarato,tmazon
29478,35050,0.9954128440366973,MATCH,AUTO_HIGH,0,candidate,full,googleplus,tonynaccarato,tony naccarato,"designer, creative thinker, photographer & family man weber state university bfa, visual communication / graphic design salt lake community college as, general studies pluralsight ux designer attask sr. user experience designer the church of jesus christ of latter-day saints interactive desigenr swarmbuilder senior graphic designer logoworks by hp strategic marketing designer weber state university web designer",,"['http://www.linkedin.com/in/tonynaccarato', 'http://twitter.com/tonynaccarato', 'http://tonynaccarato.com', 'http://onevisionaday.tonynaccarato.com', 'http://325studio.com', 'http://www.tonynaccarato.com', 'http://www.slideshare.net/naccrat']",instagram,tmazon,tony mazon,"disciple of christ, husband, pastor, web builder, graphic designer, social media expert, technologist, gamer.",,http://tmazon.com,naccarato,tmazon
29050,29054,0.9954128440366973,MATCH,AUTO_HIGH,0,candidate,full,instagram,mitchelhall,mitch lathrop,"technology + design. lover of fun people, good stories, travel, adventures, coffee, logic, romance, cheekiness, architecture, and a well wired rack..",,http://about.me/mitchelhall,twitter,mitchellhall,mitchell hall,"editor. mainly politics, tech, business, media, & booze. cerevisaphile. content marketing director . argumentative.","boston, united states",about.me/mitchellhall,mitchelhall,mitchellhall
28782,29293,0.9954128440366973,MATCH,AUTO_HIGH,0,candidate,full,googleplus,miguelescuela,miguel escuela,"una vida que se comparte y se disfruta con respeto mutuo y libertad responsable, es una vida que vale la pena vivir... unefa ingeniera de sistemas u.e. trino celis rios bachiller en ciencias",,"['http://vyzk.blogspot.com/', 'http://twitter.com/Miguelescuela', 'http://about.me/miguelescuela', 'http://vimeo.com', 'http://www.neoteo.com/', 'http://oyc.yale.edu/about']",instagram,mrchorusman,miguel chorusman,para tostada la que llevo encima...,,http://elperfildelatostada.com,Miguelescuela,MrChorusman
28740,29350,0.9954128440366973,MATCH,AUTO_HIGH,0,candidate,full,googleplus,mickalthomassin,mickal thomassin,french entrepreneur. problem solver. proud atheist. internet enthusiast. social media lover & ceo @ motsandco. iscpa,,"['http://www.facebook.com/mickael.thomassin', 'http://www.linkedin.com/in/mickou', 'http://twitter.com/mickou', 'http://www.quora.com/mickou', 'http://www.plaxo.com/profile/showPublic/mickou', 'http://pulse.yahoo.com/_AKRABKTCTTAG2IBYG6OQWRXF4Q', 'http://www.flickr.com/photos/mickou', 'http://motsandco.com']",instagram,msitarzewski,michael sitarzewski,"dallas startups, atheist, father, husband, geek, debt free, life student, ceo",,http://friendmichael.com,mickou,msitarzewski
28734,28856,0.9954128440366973,MATCH,AUTO_HIGH,0,candidate,full,googleplus,michaelkunz,michael michi kunz,haudraufmensch aka thor aka michikunz77 certified social media manager betriebswirtschafter hf solvaxis director marketing solvaxis marketing manager solvaxis digital marketing and community manager amandaonline.com digital marketing and community manager sage schweiz head of product marketing,,"['http://www.facebook.com/michikunz77', 'http://twitter.com/MichiKunz77', 'http://www.haudraufmensch.ch']",twitter,michaeljesse,mike jesse,"digital marketing leader experienced in global b2c & b2b e-commerce, social media, search marketing and lead generation",st. louis missouri,about.me/mikejesse,michikunz77,mikejesse
28662,33061,0.9954128440366973,MATCH,AUTO_HIGH,0,candidate,full,googleplus,michaeltapp,michael tapp,"videomaker, camera tech, & amateur musicmaker. the macgyver of storytelling. freelance",,"['http://www.flickr.com/photos/59949757@N06/', 'http://twitter.com/michaeltapp', 'http://www.michaeltapp.com/', 'http://streetperformers.tumblr.com/', 'http://www.facebook.com/michaelwtapp']",instagram,scrappinmichele,michele mcgraw,"digital lifestyle blogger, showing you how to live healthy balanced tech life! digiscrap, storytelling, runner, mom of 4 (college/teens/tween)",,http://scrapsofmygeeklife.com/,michaeltapp,scrappinmichele
28629,33698,0.9954128440366973,MATCH,AUTO_HIGH,0,candidate,full,googleplus,michaeldennis,michael dennis,"builder of web things santiago canyon college computer science platt computer networking ohs it pacific bulletproof co. web developer wild attire, inc. software developer mfour mobile research software engineer",,['https://michaeljdennis.com'],twitter,socalvillaguy,michael c cordell,professional scribbler & world-builder cheese fancier enjoys beer progressive resist ally amediting amwriting coder whovian abstractart,phoenix  in your kindle,about.me/socalvillaguy,michaeljdennis,socalvillaguy
28607,28659,0.9954128440366973,MATCH,AUTO_HIGH,0,candidate,full,twitter,djmdmdf,michaeldylanferrara,social media co founder fest photo { } music { …},"sea cliff, new york",michaeldylanferrara.com,googleplus,michaelreuter,michael reuter,"co-founder of , , , uni bayreuth datarella gmbh co-founder appstar gmbh co-founder appadvisors gmbh co-founder appinvest gmbh co-founder yigg gmbh co-founder travelgate ag co-founder & ceo baltic data science co-founder crowdstart capital co-founder coin.clinic founder",,"['http://twitter.com/michaelreuter', 'http://www.facebook.com/michaelreuter.org', 'http://de.linkedin.com/in/michaelreuter', 'http://michaelreuter.org', 'http://datarella.com', 'http://appadvisors.com', 'http://isarrunde.de', 'http://Coin.clinic', 'http://coin.clinic', 'http://crowdstart.capital']",michaeldylanferrara,michaelreuter
33264,33272,0.9954128440366973,MATCH,AUTO_HIGH,0,candidate,full,googleplus,shaanmkhan360,shaan m khan,i make things for social good... gik institute topi software engineer imcb g10/4 islamabad fsc aps gilgit matric uexel ceo uelect pakistan founder syntecx solutions software engineer,,"['http://www.findpeopleonplus.com/profiles/104126783201866250090', 'http://pk.linkedin.com/in/shaanmkhan', 'http://uexel.com', 'http://facebook.com/shaanmkhan', 'http://uelect.org.pk', 'http://pakistanly.com', 'http://shaan360.com']",twitter,shaanzz,shadman jamil,"techie, entrepreneur & dabster software architect/engineer .. founder:",pakistan,about.me/shadman,shaan360,shadman
8995,14676,0.9954128440366973,MATCH,AUTO_HIGH,0,candidate,full,twitter,anatmag,anat magal,"marketing strategy internet & content 'women 365 project' ,",pardes - hana,anatmagal.co.il,googleplus,anamagalrj,ana magal,jornalista. blogueira e esteticista animal blogueira e jornalista freelancer lambeijo esttica animal owner/groomer entre patas e beijos petshop esteticista animal / tosadora / groomer jornalista e blogueira petmaster veterinria esteticista animal,,"['http://twitter.com/anamagal', 'https://www.facebook.com/anamagal', 'http://femininaplural.blogspot.com.br/']",anatmagal,anamagal
8961,14797,0.9954128440366973,MATCH,AUTO_HIGH,0,candidate,full,twitter,gengimoon,andrea mariotti,un cancro dentro il corpo di una bilancia.... ^_^,"43.782778,11.194976",,instagram,andreaspeziali,andrea speziali,andrea speziali è un artista del padiglione italia alla 54° biennale di venezia e autore di monografie sull'arte liberty.,,http://www.andreaspeziali.it,amariotti,andreaspeziali
8939,27036,0.9954128440366973,MATCH,AUTO_HIGH,0,candidate,full,twitter,83pucci,luca pucci,"agricoltore di professione, appassionato di fotografia, video e informatica",fano - italy,flickr.com/photos/alpucci…,googleplus,lucavinci-idl3,luca vinci,"esperto di nulla, ma curioso di tutto. gymnasium celeanum zwolle hans van eijsden photography fotograaf",,,alpuccino,lucavinci
8917,14437,0.9954128440366973,MATCH,AUTO_HIGH,0,candidate,full,twitter,alissoneloi,alisson eloi,sou um misturado de coisas… pensamentos… sonhos… cheiros… gostos e sabores… sou um louco errante nessa estrada misteriosa que se chama viver…,"belo horizonte, brazil",alissoneloi.com,instagram,alisovsky,alison robson,claro que sou eu! acho...,,,alissoneloi,alisovsky
8887,35412,0.9954128440366973,MATCH,AUTO_HIGH,0,candidate,full,twitter,alextrue,alex true,"interaction designer, illustrator, animator & movie geek. tweets about design, inspiration & work in progress. 90% are bookmarks for later.",tel-aviv,behance.net/AlexTrue,googleplus,alexandraleisse,alexandra leisse,girl gone geek iterate as lead interaction designer cfengine ux designer nokia web community manager ardoq as,,"['http://untangled.biz/blog', 'http://www.linkedin.com/in/troubalex', 'http://troubalex.de', 'http://twitter.com/troubalex', 'http://www.facebook.com/profile.php?id=1078531600', 'http://flickr.com/troubalex', 'http://www.last.fm/user/troubalex/', 'http://developer.qt.nokia.com', 'http://labs.qt.nokia.com', 'https://medium.com/@troubalex']",alextrue,troubalex
8882,35262,0.9954128440366973,MATCH,AUTO_HIGH,0,candidate,full,instagram,alexorlowski,alex orlowski,"filmmaker, viralvideo social media creative, owner of wateronmars innovative social media agency",,http://www.wateronmars.it,googleplus,alexmassari,alex massari,social media marketing e web marketing turistico many fresh things ceo hoteller ceo - travel designer travel different blogger e social media eremo della giubiliana assistant manager,,"['http://mt.linkedin.com/in/alexmassari', 'http://www.twitter.com/toshi_it', 'http://www.about.me/toshialex', 'http://www.flickr.com/toshi_gentedellanotterg', 'http://www.traveldifferent.it', 'http://hotelleri.it', 'http://manyfreshthings.com', 'http://alexmassari.it']",alexorlowski,toshialex
8882,14345,0.9954128440366973,MATCH,AUTO_HIGH,0,candidate,full,instagram,alexorlowski,alex orlowski,"filmmaker, viralvideo social media creative, owner of wateronmars innovative social media agency",,http://www.wateronmars.it,twitter,alexmiz,alex mizrahi,"director of social media, , ,",brooklyn,fundamental.nyc,alexorlowski,alexmizrahi
8882,14343,0.9954128440366973,MATCH,AUTO_HIGH,0,candidate,full,instagram,alexorlowski,alex orlowski,"filmmaker, viralvideo social media creative, owner of wateronmars innovative social media agency",,http://www.wateronmars.it,googleplus,alexmizrahi1,alex mizrahi,"copywriter, strategist and polymath based in brooklyn. george washington university journalism roar groupe copywriter blue state digital social media associate admarketplace communications manager creative artists agency executive assistant show media new media/production coordinator the assemblage director of social media",,"['https://twitter.com/alexmiz', 'https://twitter.com/huffpospoilers', 'http://alexmizrahi.tumblr.com/', 'https://about.me/alexmizrahi', 'https://www.linkedin.com/in/alexmizrahi', 'http://www.quora.com/alex-mizrahi', 'http://www.youtube.com/user/MrIdeasMan', 'http://www.alexmizrahi.com/']",alexorlowski,alexmizrahi
8871,35412,0.9954128440366973,MATCH,AUTO_HIGH,0,candidate,full,twitter,alexdbk,alexander debkaliuk,ux designer tweeting design,"kyiv, ukraine",alexdbk.com,googleplus,alexandraleisse,alexandra leisse,girl gone geek iterate as lead interaction designer cfengine ux designer nokia web community manager ardoq as,,"['http://untangled.biz/blog', 'http://www.linkedin.com/in/troubalex', 'http://troubalex.de', 'http://twitter.com/troubalex', 'http://www.facebook.com/profile.php?id=1078531600', 'http://flickr.com/troubalex', 'http://www.last.fm/user/troubalex/', 'http://developer.qt.nokia.com', 'http://labs.qt.nokia.com', 'https://medium.com/@troubalex']",alexdbk,troubalex
34055,34105,0.9954128440366973,MATCH,AUTO_HIGH,0,candidate,full,twitter,stevehoffacker,steve hoffacker,"steve hoffacker caps, ceac, shss - certified aging in place specialist-instructor, universal design, home safety",west palm beach. fl,stevehoffacker.com,instagram,theschohan,steve schohan,"hi, i am steve schohan i am a market development professional in the home improvement industry",,http://steveschohan.brandyourself.com/,stevehoffacker,steveschohan
33950,33975,0.9954128440366973,MATCH,AUTO_HIGH,0,candidate,full,twitter,bu2erf1y,stephanie,i'm a self-starter with an entrepreneurial spirit who thrives under pressure and in fast-paced environments. i'm a social butterfly and enjoy meeting people.,"morrisville, nc",about.me/stephaniemcd,googleplus,stephaniecarson,stephanie c,the managing mom ohio wesleyan university spanish & political science stoneleigh burnham school high school citrix systems influencer relations community manager paypal social ecosystem manager symantec at&t colgate-palmolive bbn communications,,"['http://www.linkedin.com/profile/view?id=115501347', 'http://www.twitter.com/stephdc', 'http://www.facebook.com/stephdc']",stephaniemcd,stephdc
33933,33961,0.9954128440366973,MATCH,AUTO_HIGH,0,candidate,full,googleplus,stephaniebogus,stephanie bogus,"who knew that life would take so many drastic turns just as i start my journey as a writer? i grew up in a time when parents still read the paper over coffee. today, a whole story can be told in 140 characters. i want to bridge the gap between the two. bloomsburg university of pennsylvania journalism speak social director of writing makeshift productions head writer austin telco fcu marketing director",,"['http://www.facebook.com/stephaniebogus', 'http://twitter.com/stephaniebogus', 'http://www.linkedin.com/in/bogusstephanie', 'http://www.quora.com/Stephanie-Bogus', 'http://stephaniebogus.yelp.com', 'http://www.flickr.com/photos/stephaniebogus/', 'http://www.last.fm/user/StephanieBogus', 'http://www.youtube.com/user/snbogus', 'https://profiles.google.com/104951149417597909219/buzz', 'http://blog.speaksocial.net', 'http://www.speaksocial.net', 'http://socialmediatoday.com/user/78191', 'http://blog.speaksocial.net/blogs-dead-killing-dummy', 'http://speaksocial.net']",instagram,amoresteph,steph,the writer. the listener. the (infrequent) photographer.,,http://theaberrantlife.com,StephanieBogus,stephaniewalls
33644,34966,0.9954128440366973,MATCH,AUTO_HIGH,0,candidate,full,twitter,skypanther,tim poulsen,"sr. software engineer, acv auctions",western ny,skypanther.com,instagram,aphotoassistant,tim olsen,"photographer, photo asst, social media guy based in minneapolis/socal twitter: facebook.com/aphotoassistant tim .com",,http://aphotoassistant.com,skypanther,timolsen
33472,34731,0.9954128440366973,MATCH,AUTO_HIGH,0,candidate,full,instagram,shortformelissa,melissa santiago,ceo of . mrs.,,https://about.me/shortformelissa,googleplus,melissadavis,melissa davis themacmommy,"themacmommy kutztown university of pennsylvania communication design, advertising design, psychology reading area community college liberal arts berks career and technology center commercial art wilson senior high school themacmommy technologist, sole proprietor",,"['http://themacmommy.blogspot.com/', 'http://www.flickr.com/photos/themacmommy/', 'http://www.last.fm/user/themacmommy/', 'http://themacmommy.tumblr.com/', 'http://gravatar.com/themacmommy', 'http://www.linkedin.com/in/themacmommy', 'https://plus.google.com/105025280117035096192', 'http://www.youtube.com/user/TheMacMommy', 'http://twitter.com/themacmommy', 'http://about.me/themacmommy', 'http://www.flickr.com/photos/themacmommy/', 'http://gravatar.com/themacmommy', 'https://plus.google.com/115044687883587999930', 'http://themacmommy.blogspot.com/', 'http://www.last.fm/user/themacmommy/', 'http://themacmommy.tumblr.com/', 'https://soundcloud.com/themacmommy', 'http://friendfeed.com/themacmommy', 'http://themacmommy.yelp.com', 'http://newsle.com/themacmommy', 'http://momsgonegeek.net', 'http://www.smartphone-photographers.com', 'http://www.stoplightnetwork.com', 'http://www.notanothermacpodcast.com', 'http://www.talkshoe.com/talkshoe/web/talkCast.jsp?masterId=45077&cmd=tc', 'http://www.podfeet.com', 'http://www.teachercast.net', 'http://www.themacmommy.com', 'http://momsgonegeek.net', 'http://www.facebook.com/TheMacMommy', 'http://picasaweb.google.com/themacmommy', 'http://www.disqus.com/people/themacmommy', 'http://www.google.com/reader/shared/05079997143705996152', 'http://www.vimeo.com/themacmommy', 'http://seesmic.com/themacmommy', 'http://delicious.com/themacmommy', 'http://themacmommy.mp/', 'http://www.plurk.com/themacmommy', 'http://www.dopplr.com/traveller/themacmommy']",shortformelissa,themacmommy
354,4060,0.9954128440366973,MATCH,AUTO_HIGH,0,candidate,full,twitter,hiperterminal,david,blogger. interesado en ciencia de la información y afines,"bogotá, d.c., colombia",hiperterminal.com,googleplus,davidgilsontech,david gilson,,,"['http://uk.linkedin.com/in/davidgilson', 'http://about.me/davidgilson', 'http://www.facebook.com/davidgilson', 'http://twitter.com/davidgilson', 'http://flickr.com/people/30234244@N02', 'http://youtube.com/user/DavidRGilson', 'http://www.goodreads.com/user/show/1922891', 'http://www.last.fm/user/digitalranger/', 'http://pinterest.com/davidgilson/', 'http://www.coindesk.com', 'http://www.coinbuzz.com', 'http://www.lifehacker.com', 'http://www.cnet.co.uk/search/david+gilson.htm', 'http://www.allaboutwindowsphone.com', 'http://www.allaboutsymbian.com', 'http://www.iphonehacks.com', 'http://www.androidauthority.com/', 'http://www.blottr.com/users/davidgilson', 'http://www.allaboutmeego.com', 'http://www.nobrainerappreviews.com/', 'http://www.themobilefanatics.com', 'http://www.last100.com', 'http://www.ovigaming.com', 'http://davidgilsonuk.blogspot.com/', 'http://www.davidgilson.co.uk', 'http://www.scribd.com/people/view/1613805-davidrgilson']",davidramirezordonez,davidgilson
17,6633,0.9954128440366973,MATCH,AUTO_HIGH,0,candidate,full,instagram,black_ibiza,michele,"italian, 32, living in berlin, germany.",,http://www.micheleadduci.net,twitter,michaelmaury,michael maury,italian-american. dog lover. swimmer. food junkie. social media marketing.,"san francisco, california",michaelmaury.com,adduci,michaelmaury
8319,35170,0.9954128440366973,MATCH,AUTO_HIGH,0,candidate,full,twitter,tomjohndesign,tom johnson,"husband to , ux designer, purveyor of fine pixels.","woodstock, ga",tomjohndesign.com,instagram,dawogfather,tom,developer of fine softwares,,,tomjohn,tomromano
8283,34989,0.9954128440366973,MATCH,AUTO_HIGH,0,candidate,full,twitter,timfrantic,tim riley,"phd graduate, media lecturer, digital designer, beleaguered blackburn rovers supporter and slightly obsessive fan of the fall.",london,timrileydigital.com,googleplus,timrileyauthor,tim riley,"npr critic, emerson college journalist, boston, author, speaker, pianist oberlin college and conservatory of music ba/bm, 1983 fairview high school, 1978 eastman school of music mm, 1985 emerson college hyperion books soundstone.com, rock.com lycos.com public interactive.com npr alfred a. knopf",,"['http://www.linkedin.com/in/riley', 'http://www.twitter.com/triley60', 'http://bit.ly/rileyrockindex', 'http://www.artsjournal.com/riley', 'http://bit.ly/rileynpr', 'http://www.truthdig.com', 'http://bit.ly/rileynpr', 'http://www.huffingtonpost.com/tim-riley/', 'http://timrileyauthor.com', 'http://timrileyauthor.com', 'http://bit.ly/rileyresume', 'http://bit.ly/rileybiblio', 'http://amzn.to/timriley', 'http://bit.ly/emersonj', 'http://www.flickr.com/triley60', 'http://www.facebook.com/rileyrockindex', 'http://gist.com/timriley', 'http://triley60.podomatic.com/', 'http://bit.ly/rileyjfs', 'http://www.delicious.com/triley60', 'http://www.google.com/reader/shared/05554554409120023151', 'http://www.huffingtonpost.com/tim-riley/sir-paul-save-abbey-road_b_48439.html', 'http://delicious.com/triley60', 'http://flavors.me/triley60#', 'http://klout.com/triley60', 'http://www.amzn.com/1401324525']",timriley,timrileyauthor
8200,14777,0.9954128440366973,MATCH,AUTO_HIGH,0,candidate,full,googleplus,andylee5,andy lee,interaction designer @ odopod londonderry high school rochester institute of technology new media design odopod interaction designer youtube user experience design intern corporate cost control it,,"['http://www.facebook.com/TheLuckiest5', 'http://twitter.com/imtheandylee', 'http://www.linkedin.com/in/theandylee', 'http://www.last.fm/user/TheLuckiest5/', 'http://youtube.com/imtheandylee', 'http://vimeo.com/theandylee', 'http://youtube.com/akamazingness', 'https://medium.com/@imtheandylee']",twitter,greenfaery,andy,"current: systems designer at ubisoft toronto (unannounced title) previous: systems designer at arkane studios, on dishonored 2 austrian immigrant in canada",toronto,,theandylee,andreaschmoll
9567,15507,0.9954128440366973,MATCH,AUTO_HIGH,0,candidate,full,twitter,chrismfry,chris m fry,native american + graphic designer + internet marketing specialist + social media manager christian familyman applefan snapchat: chrismfry,02891,about.me/chrismfry,googleplus,chriscota,chris cota atlcomputerdude,"google certified partner social media ninja serial entrepreneur. judson high school rec +atlanta computer dude owner monopolize social media partner nitelines usa, inc social media marketing guru, web design, seo search engine optimization & social media strategist european sink atlanta website development marketing, it support, a/r assistant, warehouse management & sales",,"['http://www.pinterest.com/computerdudeatl/', 'https://www.facebook.com/atlcomputerdude', 'http://instagram.com/atlcomputerdude', 'http://www.linkedin.com/company/atlanta-computer-dude', 'http://klout.com/#/ATLcomputerdude', 'http://twitter.com/atlcomputerdude', 'http://www.linkedin.com/pub/chris-cota/18/523/b31', 'https://foursquare.com/atlcomputerdude', 'http://www.empireavenue.com/ATLDUDE', 'http://www.empireavenue.com/ATLDUDE', 'http://soundcloud.com/more-crazy-entertainment', 'http://klout.com/#/ATLcomputerdude', 'http://en.gravatar.com/atlcomputerdude', 'http://www.youtube.com/user/atlcomputerdude', 'http://atlcomputerdude.com/', 'http://maps.google.com/maps/place?q=atlanta+computer+dude&hl=en&cid=6501891902458401788', 'http://chriscota.brandyourself.com/', 'http://www.yelp.com/biz/atlanta-computer-dude-lawrenceville', 'https://www.vizify.com/chris-cota/career', 'http://atlantacomercialrealestate.blogspot.com/', 'http://pulse.yahoo.com/chriscota01', 'http://en.gravatar.com/atlcomputerdude', 'http://circleme.com/chriscota', 'https://plus.google.com/u/0/114318216800234601235/posts/JMxyAFBkKEU', 'http://printcouponsdude.blogspot.com/', 'https://www.facebook.com/AtlantaComputerDude', 'http://iphonenewsdude.blogspot.com/', 'http://seooptimization2012.blogspot.com/', 'https://plus.google.com/u/0/101186469850075357794', 'https://www.facebook.com/AtlantaComputerDude', 'http://www.webhostingdudeonline.com/', 'http://www.atlcomputerdude.com/', 'http://www.atlcomputerdude.com/about', 'http://morecrazyentertainment.com/', 'http://www.capitalbankcardmetroatlanta.com/', 'http://www.smalldoghumane.org', 'http://www.furkids.org/', 'http://nitelinesusa.com/', 'http://maedaybbq.com/index.php/contact-maeday/2-webmaster', 'http://towneparknews.com/', 'http://www.metropolitanartifacts.com/', 'http://www.traditionscontractors.com/', 'http://www.i2iplacement.com/', 'http://printcouponsdude.blogspot.com/', 'http://seooptimization2012.blogspot.com/', 'http://iphonenewsdude.blogspot.com/', 'http://chucksmithnfl.com/', 'http://sharkbaratl.com/', 'http://sokolimos.com/', 'http://sokojets.com/', 'http://sqlimos.com/', 'http://www.limoserviceatlanta.us/', 'http://www.luxuryprivatejetcharters.com/', 'http://www.atlcomputerdude.com', 'http://www.webhostingdudeonline.com', 'https://plus.google.com/notifications/all', 'https://plus.google.com/notifications/circle', 'https://plus.google.com/notifications/mentions', 'https://plus.google.com/notifications/myposts', 'https://plus.google.com/notifications/otherposts', 'http://support.google.com/plus/bin/answer.py?hl=en-GB&p=circle_limits&answer=1733011', 'https://plus.google.com/u/0/114318216800234601235/posts/PxYGi69t89C']",chrismfry,atlcomputerdude
9559,10368,0.9954128440366973,MATCH,AUTO_HIGH,0,candidate,full,twitter,chrisdamon90,chris damon,"i'm a bit of a nerd/geek and i want to be the very best, like no one ever was. currently working at rockstar north. my opinions are my own and all that jazz.","edinburgh, uk",facebook.com/profile.php?id…,instagram,geektechlive,chris,"tech innovator by day, photo nut by night! tk-41973 of the 501st legion all the time. check out my webseries at",,http://youtube.com/geektechlive,chrisdamon,GeektechLive
9531,17118,0.9954128440366973,MATCH,AUTO_HIGH,0,candidate,full,twitter,charedbv,chared verschuur,"communications marketing pro writer, editor, graphic designer, crafter advocates genderequality growthmindset gtd",netherlands,linkedin.com/in/charedbv/,googleplus,charliemoorby,charlie moorby,the savvy crafter future publishing commissioning editor,,"['http://charlie-moorby.blogspot.com/', 'http://www.blogger.com/profile/04204285937303674387', 'http://crossstitcher.themakingspot.com/', 'http://molliemakes.themakingspot.com/', 'http://thesavvycrafter.blogspot.com/']",charedverschuur,charliemoorby
9482,29483,0.9954128440366973,MATCH,AUTO_HIGH,0,candidate,full,instagram,carrumbe,nacho,"periodista. detallista. desordenado. 58% canoso. músico amateur. escritor rookie. estudiante. viajero, iluso eterno. colecciono buenos momentos.",,http://www.carrumbe.com,twitter,bichologo,nacho garca,"biólogo, lector y curioso, siempre. viajero, escritor y fotógrafo en los ratos libres. ayudo a jóvenes biólogos en mi blog",badajoz,about.me/nachogh,carrumbe,nachogh
9462,9603,0.9954128440366973,MATCH,AUTO_HIGH,0,candidate,full,instagram,carlos_magro,carlos magro,"padre de dos niños preciosos. apasionado de la cultura digital. me gusta correr, leer, viajar y trabajar en proyectos transformadores. vivo en madrid",,https://carlosmagro.wordpress.com/,twitter,cjumbo,carlos jumbo g,"de pózul - celica (loja). ceo/founder de inforc ecuador, dedicado al mundo de la seguridad de la información. issa ecuador & owasp member. husband and father.","quito, pichincha, ecuador",inforc.ec,carlosmagro,cjumbo
9395,16500,0.9954128440366973,MATCH,AUTO_HIGH,0,candidate,full,twitter,bclacerda,bruno costa lacerda,,,,googleplus,brunnocmara,brunno cmara,faculdade padro biomedicina hospital das clnicas residncia multiprofissional em hematologia e hemoterapia,,"['http://www.facebook.com/brunnocamara', 'http://instagram.com/brunnocamara', 'https://www.facebook.com/biomedicinapadrao']",brunalacerda,brunno
9364,25260,0.9954128440366973,MATCH,AUTO_HIGH,0,candidate,full,instagram,breakbeatx,karen m,"photographer, artist, printmaker, traveller, rum drinker, beer lover, geek...",,https://www.facebook.com/karenmorecroftart,googleplus,karenlmessick,karen l messick,"freelance photographer, iphoneographer, educator, artist rgtu university be-it city innovates pvt ltd sr. digital marketing analyst",,"['http://twitter.com/karenlmessick', 'https://www.facebook.com/karenlmessick', 'http://www.youtube.com/user/KarenLMessick', 'http://www.iphonelife.com/issues/2011BuyersGuide/CreatingGreatiPhoneography', 'http://www.auroraphotos.com/SwishSearch?Keywords=karen+messick&submit=Go!&xtrasql=myPhone', 'http://thebeginnerslens.com/iphone-photography/iphoneography-with-karen-messick.html', 'http://iphoneographycentral.com/tutorial/view-artist-tutorial-list/id/130', 'http://www.aspect2i.co.uk/iPhone-Photography-articleID22.html', 'https://orchid.hosts.jhmi.edu/Odyssey/index.cfm?Semester=Spring&AcademicYear=11-12&DeptID=20', 'http://www.baasartgallery.com/madison-art-collective/karen-messick', 'http://www.morethanfineframing.com']",breakbeat,KarenLMessick
9273,15918,0.9954128440366973,MATCH,AUTO_HIGH,0,candidate,full,twitter,benmillerphoto,ben miller,"i am a commercial and editorial photographer who tells stories about people, places, and things.","los angeles, ca",benmillerphoto.com,googleplus,benmillerat,ben miller,"manchester metropolitan university isc twitter brand strategy lead groupm head of new media : strategic & innovation planning, consumer insights, social media, mobile marketing... mindshare director of new media : strategic & innovation planning, consumer insights, social media, mobile marketing...",,"['http://www.about.me/benmiller', 'http://www.facebook.com/www.benm.at', 'http://youtube.com/user/mbensen', 'http://www.flickr.com/photos/benm_at/', 'http://plus.ly/miller', 'http://gplus.to/miller', 'http://www.twitter.com/bensen', 'http://www.giga.de/author/benjamin-miller/', 'http://www.giga.de/author/benjamin-miller/', 'http://www.giga.de/author/benjamin-miller/', 'http://www.giga.de/author/benjamin-miller/']",benmillerphoto,benmiller
9105,31213,0.9954128440366973,MATCH,AUTO_HIGH,0,candidate,full,twitter,chacota,antony michaelprotected tweets,"designer, supporting , , ,",são paulo,,instagram,antoporfi,anto,communication and strategic designer - creative director events fao - united nations,,http://www.antonellaporfido.it,antonym26,porfi
9051,11452,0.9954128440366973,MATCH,AUTO_HIGH,0,candidate,full,twitter,andthelma,thelma andree,"graphic designer & adventure seeker. food, travel and a life i love.",d.c. la sf,andthelma.com,instagram,andrewallsopp,andrew,"i make films, take photographs, make music, write screenplays and blogs. i like travel and adventure, meeting people and communities.",,http://www.about.me/lifesadventure,andthelma,Lifesadventure
9034,30080,0.9954128440366973,MATCH,AUTO_HIGH,0,candidate,full,instagram,hami,andrew hamilton hami,"graphic designer, ui designer, photographer & nerd all photos taken and edited with an iphone 6s, 5s, 4s or 3gs",,http://andrewhamilton.net,twitter,drgfive,andrew olson,family...aggie football...go mavs...bazinga...mountain dew..lca...got,"mckinney, tx",,andrewhamilton,noslo
318,1927,0.9954128440366973,MATCH,AUTO_HIGH,0,candidate,full,googleplus,danielaestefaniagallardoledesma,daniela gallardo ledesma,"periodista, consultora de comunicacin y marketing. universidad tcnica particular de loja university of guadalajara utpl industria y comercio gallardo ledesma cuna comunicaciones",,"['https://www.facebook.com/daniela.gallardo.1441', 'https://twitter.com/dane_gallardo', 'https://www.instagram.com/dane_gallardo/', 'http://es.globalvoicesonline.org/author/daniela-gallardo/']",instagram,escoti9,daniel aguilera escoti9,"cofundador de turieco, turipano360 - agencia de marketing online y veendor, la tienda online del pequeño comercio.",,http://www.turipano360.com,danielagallardoledesma,escoti9
27829,27954,0.9827355575910535,MATCH,AUTO_HIGH,0,candidate,full,instagram,marmaz,marco mazzei,"mi sono candidato al consiglio comunale con una campagna su felicità urbana e i prototipi che cambiano la città. amo milano, le biciclette e i viaggi.",,http://www.mazzei.milano.it,googleplus,marymarchesano,mary marchesano,"mi chiamo mary marchesano, ma gli amici mi chiamano pucci free lance giornalista",,"['http://www.facebook.com/mary.p.marchesano', 'https://twitter.com/MaryMarchesano', 'https://www.facebook.com/pages/Nuova-Destinazione/636064589837053?fref=photo', 'http://www.voglioviverecosi.com/index.php?consigli-per-cambiare-vita-vivere-una-vita-migliore-e-pi-felice-_84/vado-a-vivere-a-miami-la-guida-pratica-per-chi-sogna-una-nuova-vita-a-miami-e-in-florida_1804/']",marmaz,marymarchesano
